TITLE = "Stream-Vorticity Solution"
VARIABLES = "X", "Y", "Psi", "Omega", "U", "V"
ZONE I=201, J=51, DATAPACKING=POINT
0.000000e+00 0.000000e+00 0.000000e+00 -5.844794e+00 0.000000e+00 0.000000e+00
5.000000e-02 0.000000e+00 0.000000e+00 -5.929588e+00 0.000000e+00 0.000000e+00
1.000000e-01 0.000000e+00 0.000000e+00 -5.944057e+00 0.000000e+00 0.000000e+00
1.500000e-01 0.000000e+00 0.000000e+00 -5.947194e+00 0.000000e+00 0.000000e+00
2.000000e-01 0.000000e+00 0.000000e+00 -5.946957e+00 0.000000e+00 0.000000e+00
2.500000e-01 0.000000e+00 0.000000e+00 -5.945887e+00 0.000000e+00 0.000000e+00
3.000000e-01 0.000000e+00 0.000000e+00 -5.945364e+00 0.000000e+00 0.000000e+00
3.500000e-01 0.000000e+00 0.000000e+00 -5.944631e+00 0.000000e+00 0.000000e+00
4.000000e-01 0.000000e+00 0.000000e+00 -5.939483e+00 0.000000e+00 0.000000e+00
4.500000e-01 0.000000e+00 0.000000e+00 -5.924454e+00 0.000000e+00 0.000000e+00
5.000000e-01 0.000000e+00 0.000000e+00 -5.896776e+00 0.000000e+00 0.000000e+00
5.500000e-01 0.000000e+00 0.000000e+00 -5.857557e+00 0.000000e+00 0.000000e+00
6.000000e-01 0.000000e+00 0.000000e+00 -5.810088e+00 0.000000e+00 0.000000e+00
6.500000e-01 0.000000e+00 0.000000e+00 -5.759323e+00 0.000000e+00 0.000000e+00
7.000000e-01 0.000000e+00 0.000000e+00 -5.713297e+00 0.000000e+00 0.000000e+00
7.500000e-01 0.000000e+00 0.000000e+00 -5.682530e+00 0.000000e+00 0.000000e+00
8.000000e-01 0.000000e+00 0.000000e+00 -5.676144e+00 0.000000e+00 0.000000e+00
8.500000e-01 0.000000e+00 0.000000e+00 -5.698941e+00 0.000000e+00 0.000000e+00
9.000000e-01 0.000000e+00 0.000000e+00 -5.752712e+00 0.000000e+00 0.000000e+00
9.500000e-01 0.000000e+00 0.000000e+00 -5.838966e+00 0.000000e+00 0.000000e+00
1.000000e+00 0.000000e+00 0.000000e+00 -5.958971e+00 0.000000e+00 0.000000e+00
1.050000e+00 0.000000e+00 0.000000e+00 -6.111971e+00 0.000000e+00 0.000000e+00
1.100000e+00 0.000000e+00 0.000000e+00 -6.295289e+00 0.000000e+00 0.000000e+00
1.150000e+00 0.000000e+00 0.000000e+00 -6.506560e+00 0.000000e+00 0.000000e+00
1.200000e+00 0.000000e+00 0.000000e+00 -6.744810e+00 0.000000e+00 0.000000e+00
1.250000e+00 0.000000e+00 0.000000e+00 -7.009067e+00 0.000000e+00 0.000000e+00
1.300000e+00 0.000000e+00 0.000000e+00 -7.296987e+00 0.000000e+00 0.000000e+00
1.350000e+00 0.000000e+00 0.000000e+00 -7.605541e+00 0.000000e+00 0.000000e+00
1.400000e+00 0.000000e+00 0.000000e+00 -7.932419e+00 0.000000e+00 0.000000e+00
1.450000e+00 0.000000e+00 0.000000e+00 -8.276018e+00 0.000000e+00 0.000000e+00
1.500000e+00 0.000000e+00 0.000000e+00 -8.634483e+00 0.000000e+00 0.000000e+00
1.550000e+00 0.000000e+00 0.000000e+00 -9.005681e+00 0.000000e+00 0.000000e+00
1.600000e+00 0.000000e+00 0.000000e+00 -9.388133e+00 0.000000e+00 0.000000e+00
1.650000e+00 0.000000e+00 0.000000e+00 -9.781242e+00 0.000000e+00 0.000000e+00
1.700000e+00 0.000000e+00 0.000000e+00 -1.018428e+01 0.000000e+00 0.000000e+00
1.750000e+00 0.000000e+00 0.000000e+00 -1.059574e+01 0.000000e+00 0.000000e+00
1.800000e+00 0.000000e+00 0.000000e+00 -1.101440e+01 0.000000e+00 0.000000e+00
1.850000e+00 0.000000e+00 0.000000e+00 -1.144065e+01 0.000000e+00 0.000000e+00
1.900000e+00 0.000000e+00 0.000000e+00 -1.187574e+01 0.000000e+00 0.000000e+00
1.950000e+00 0.000000e+00 0.000000e+00 -1.231811e+01 0.000000e+00 0.000000e+00
2.000000e+00 0.000000e+00 0.000000e+00 -1.275947e+01 0.000000e+00 0.000000e+00
2.050000e+00 0.000000e+00 0.000000e+00 -1.318387e+01 0.000000e+00 0.000000e+00
2.100000e+00 0.000000e+00 0.000000e+00 -1.357122e+01 0.000000e+00 0.000000e+00
2.150000e+00 0.000000e+00 0.000000e+00 -1.390332e+01 0.000000e+00 0.000000e+00
2.200000e+00 0.000000e+00 0.000000e+00 -1.416918e+01 0.000000e+00 0.000000e+00
2.250000e+00 0.000000e+00 0.000000e+00 -1.436716e+01 0.000000e+00 0.000000e+00
2.300000e+00 0.000000e+00 0.000000e+00 -1.450384e+01 0.000000e+00 0.000000e+00
2.350000e+00 0.000000e+00 0.000000e+00 -1.459079e+01 0.000000e+00 0.000000e+00
2.400000e+00 0.000000e+00 0.000000e+00 -1.464105e+01 0.000000e+00 0.000000e+00
2.450000e+00 0.000000e+00 0.000000e+00 -1.466658e+01 0.000000e+00 0.000000e+00
2.500000e+00 0.000000e+00 0.000000e+00 -1.467686e+01 0.000000e+00 0.000000e+00
2.550000e+00 0.000000e+00 0.000000e+00 -1.467864e+01 0.000000e+00 0.000000e+00
2.600000e+00 0.000000e+00 0.000000e+00 -1.467628e+01 0.000000e+00 0.000000e+00
2.650000e+00 0.000000e+00 0.000000e+00 -1.467236e+01 0.000000e+00 0.000000e+00
2.700000e+00 0.000000e+00 0.000000e+00 -1.466824e+01 0.000000e+00 0.000000e+00
2.750000e+00 0.000000e+00 0.000000e+00 -1.466455e+01 0.000000e+00 0.000000e+00
2.800000e+00 0.000000e+00 0.000000e+00 -1.466151e+01 0.000000e+00 0.000000e+00
2.850000e+00 0.000000e+00 0.000000e+00 -1.465913e+01 0.000000e+00 0.000000e+00
2.900000e+00 0.000000e+00 0.000000e+00 -1.465732e+01 0.000000e+00 0.000000e+00
2.950000e+00 0.000000e+00 0.000000e+00 -1.465599e+01 0.000000e+00 0.000000e+00
3.000000e+00 0.000000e+00 0.000000e+00 -1.465502e+01 0.000000e+00 0.000000e+00
3.050000e+00 0.000000e+00 0.000000e+00 -1.465432e+01 0.000000e+00 0.000000e+00
3.100000e+00 0.000000e+00 0.000000e+00 -1.465383e+01 0.000000e+00 0.000000e+00
3.150000e+00 0.000000e+00 0.000000e+00 -1.465348e+01 0.000000e+00 0.000000e+00
3.200000e+00 0.000000e+00 0.000000e+00 -1.465324e+01 0.000000e+00 0.000000e+00
3.250000e+00 0.000000e+00 0.000000e+00 -1.465307e+01 0.000000e+00 0.000000e+00
3.300000e+00 0.000000e+00 0.000000e+00 -1.465296e+01 0.000000e+00 0.000000e+00
3.350000e+00 0.000000e+00 0.000000e+00 -1.465288e+01 0.000000e+00 0.000000e+00
3.400000e+00 0.000000e+00 0.000000e+00 -1.465282e+01 0.000000e+00 0.000000e+00
3.450000e+00 0.000000e+00 0.000000e+00 -1.465279e+01 0.000000e+00 0.000000e+00
3.500000e+00 0.000000e+00 0.000000e+00 -1.465276e+01 0.000000e+00 0.000000e+00
3.550000e+00 0.000000e+00 0.000000e+00 -1.465275e+01 0.000000e+00 0.000000e+00
3.600000e+00 0.000000e+00 0.000000e+00 -1.465273e+01 0.000000e+00 0.000000e+00
3.650000e+00 0.000000e+00 0.000000e+00 -1.465273e+01 0.000000e+00 0.000000e+00
3.700000e+00 0.000000e+00 0.000000e+00 -1.465272e+01 0.000000e+00 0.000000e+00
3.750000e+00 0.000000e+00 0.000000e+00 -1.465272e+01 0.000000e+00 0.000000e+00
3.800000e+00 0.000000e+00 0.000000e+00 -1.465272e+01 0.000000e+00 0.000000e+00
3.850000e+00 0.000000e+00 0.000000e+00 -1.465272e+01 0.000000e+00 0.000000e+00
3.900000e+00 0.000000e+00 0.000000e+00 -1.465271e+01 0.000000e+00 0.000000e+00
3.950000e+00 0.000000e+00 0.000000e+00 -1.465271e+01 0.000000e+00 0.000000e+00
4.000000e+00 0.000000e+00 0.000000e+00 -1.465271e+01 0.000000e+00 0.000000e+00
4.050000e+00 0.000000e+00 0.000000e+00 -1.465271e+01 0.000000e+00 0.000000e+00
4.100000e+00 0.000000e+00 0.000000e+00 -1.465271e+01 0.000000e+00 0.000000e+00
4.150000e+00 0.000000e+00 0.000000e+00 -1.465271e+01 0.000000e+00 0.000000e+00
4.200000e+00 0.000000e+00 0.000000e+00 -1.465271e+01 0.000000e+00 0.000000e+00
4.250000e+00 0.000000e+00 0.000000e+00 -1.465271e+01 0.000000e+00 0.000000e+00
4.300000e+00 0.000000e+00 0.000000e+00 -1.465271e+01 0.000000e+00 0.000000e+00
4.350000e+00 0.000000e+00 0.000000e+00 -1.465271e+01 0.000000e+00 0.000000e+00
4.400000e+00 0.000000e+00 0.000000e+00 -1.465271e+01 0.000000e+00 0.000000e+00
4.450000e+00 0.000000e+00 0.000000e+00 -1.465271e+01 0.000000e+00 0.000000e+00
4.500000e+00 0.000000e+00 0.000000e+00 -1.465271e+01 0.000000e+00 0.000000e+00
4.550000e+00 0.000000e+00 0.000000e+00 -1.465271e+01 0.000000e+00 0.000000e+00
4.600000e+00 0.000000e+00 0.000000e+00 -1.465271e+01 0.000000e+00 0.000000e+00
4.650000e+00 0.000000e+00 0.000000e+00 -1.465271e+01 0.000000e+00 0.000000e+00
4.700000e+00 0.000000e+00 0.000000e+00 -1.465271e+01 0.000000e+00 0.000000e+00
4.750000e+00 0.000000e+00 0.000000e+00 -1.465271e+01 0.000000e+00 0.000000e+00
4.800000e+00 0.000000e+00 0.000000e+00 -1.465271e+01 0.000000e+00 0.000000e+00
4.850000e+00 0.000000e+00 0.000000e+00 -1.465271e+01 0.000000e+00 0.000000e+00
4.900000e+00 0.000000e+00 0.000000e+00 -1.465271e+01 0.000000e+00 0.000000e+00
4.950000e+00 0.000000e+00 0.000000e+00 -1.465271e+01 0.000000e+00 0.000000e+00
5.000000e+00 0.000000e+00 0.000000e+00 -1.465271e+01 0.000000e+00 0.000000e+00
5.050000e+00 0.000000e+00 0.000000e+00 -1.465271e+01 0.000000e+00 0.000000e+00
5.100000e+00 0.000000e+00 0.000000e+00 -1.465271e+01 0.000000e+00 0.000000e+00
5.150000e+00 0.000000e+00 0.000000e+00 -1.465271e+01 0.000000e+00 0.000000e+00
5.200000e+00 0.000000e+00 0.000000e+00 -1.465271e+01 0.000000e+00 0.000000e+00
5.250000e+00 0.000000e+00 0.000000e+00 -1.465271e+01 0.000000e+00 0.000000e+00
5.300000e+00 0.000000e+00 0.000000e+00 -1.465271e+01 0.000000e+00 0.000000e+00
5.350000e+00 0.000000e+00 0.000000e+00 -1.465271e+01 0.000000e+00 0.000000e+00
5.400000e+00 0.000000e+00 0.000000e+00 -1.465271e+01 0.000000e+00 0.000000e+00
5.450000e+00 0.000000e+00 0.000000e+00 -1.465271e+01 0.000000e+00 0.000000e+00
5.500000e+00 0.000000e+00 0.000000e+00 -1.465271e+01 0.000000e+00 0.000000e+00
5.550000e+00 0.000000e+00 0.000000e+00 -1.465271e+01 0.000000e+00 0.000000e+00
5.600000e+00 0.000000e+00 0.000000e+00 -1.465271e+01 0.000000e+00 0.000000e+00
5.650000e+00 0.000000e+00 0.000000e+00 -1.465271e+01 0.000000e+00 0.000000e+00
5.700000e+00 0.000000e+00 0.000000e+00 -1.465271e+01 0.000000e+00 0.000000e+00
5.750000e+00 0.000000e+00 0.000000e+00 -1.465271e+01 0.000000e+00 0.000000e+00
5.800000e+00 0.000000e+00 0.000000e+00 -1.465271e+01 0.000000e+00 0.000000e+00
5.850000e+00 0.000000e+00 0.000000e+00 -1.465271e+01 0.000000e+00 0.000000e+00
5.900000e+00 0.000000e+00 0.000000e+00 -1.465271e+01 0.000000e+00 0.000000e+00
5.950000e+00 0.000000e+00 0.000000e+00 -1.465271e+01 0.000000e+00 0.000000e+00
6.000000e+00 0.000000e+00 0.000000e+00 -1.465271e+01 0.000000e+00 0.000000e+00
6.050000e+00 0.000000e+00 0.000000e+00 -1.465271e+01 0.000000e+00 0.000000e+00
6.100000e+00 0.000000e+00 0.000000e+00 -1.465271e+01 0.000000e+00 0.000000e+00
6.150000e+00 0.000000e+00 0.000000e+00 -1.465271e+01 0.000000e+00 0.000000e+00
6.200000e+00 0.000000e+00 0.000000e+00 -1.465271e+01 0.000000e+00 0.000000e+00
6.250000e+00 0.000000e+00 0.000000e+00 -1.465271e+01 0.000000e+00 0.000000e+00
6.300000e+00 0.000000e+00 0.000000e+00 -1.465271e+01 0.000000e+00 0.000000e+00
6.350000e+00 0.000000e+00 0.000000e+00 -1.465271e+01 0.000000e+00 0.000000e+00
6.400000e+00 0.000000e+00 0.000000e+00 -1.465271e+01 0.000000e+00 0.000000e+00
6.450000e+00 0.000000e+00 0.000000e+00 -1.465271e+01 0.000000e+00 0.000000e+00
6.500000e+00 0.000000e+00 0.000000e+00 -1.465271e+01 0.000000e+00 0.000000e+00
6.550000e+00 0.000000e+00 0.000000e+00 -1.465271e+01 0.000000e+00 0.000000e+00
6.600000e+00 0.000000e+00 0.000000e+00 -1.465271e+01 0.000000e+00 0.000000e+00
6.650000e+00 0.000000e+00 0.000000e+00 -1.465271e+01 0.000000e+00 0.000000e+00
6.700000e+00 0.000000e+00 0.000000e+00 -1.465271e+01 0.000000e+00 0.000000e+00
6.750000e+00 0.000000e+00 0.000000e+00 -1.465271e+01 0.000000e+00 0.000000e+00
6.800000e+00 0.000000e+00 0.000000e+00 -1.465271e+01 0.000000e+00 0.000000e+00
6.850000e+00 0.000000e+00 0.000000e+00 -1.465271e+01 0.000000e+00 0.000000e+00
6.900000e+00 0.000000e+00 0.000000e+00 -1.465271e+01 0.000000e+00 0.000000e+00
6.950000e+00 0.000000e+00 0.000000e+00 -1.465271e+01 0.000000e+00 0.000000e+00
7.000000e+00 0.000000e+00 0.000000e+00 -1.465270e+01 0.000000e+00 0.000000e+00
7.050000e+00 0.000000e+00 0.000000e+00 -1.465270e+01 0.000000e+00 0.000000e+00
7.100000e+00 0.000000e+00 0.000000e+00 -1.465270e+01 0.000000e+00 0.000000e+00
7.150000e+00 0.000000e+00 0.000000e+00 -1.465270e+01 0.000000e+00 0.000000e+00
7.200000e+00 0.000000e+00 0.000000e+00 -1.465269e+01 0.000000e+00 0.000000e+00
7.250000e+00 0.000000e+00 0.000000e+00 -1.465269e+01 0.000000e+00 0.000000e+00
7.300000e+00 0.000000e+00 0.000000e+00 -1.465268e+01 0.000000e+00 0.000000e+00
7.350000e+00 0.000000e+00 0.000000e+00 -1.465267e+01 0.000000e+00 0.000000e+00
7.400000e+00 0.000000e+00 0.000000e+00 -1.465266e+01 0.000000e+00 0.000000e+00
7.450000e+00 0.000000e+00 0.000000e+00 -1.465264e+01 0.000000e+00 0.000000e+00
7.500000e+00 0.000000e+00 0.000000e+00 -1.465262e+01 0.000000e+00 0.000000e+00
7.550000e+00 0.000000e+00 0.000000e+00 -1.465259e+01 0.000000e+00 0.000000e+00
7.600000e+00 0.000000e+00 0.000000e+00 -1.465255e+01 0.000000e+00 0.000000e+00
7.650000e+00 0.000000e+00 0.000000e+00 -1.465251e+01 0.000000e+00 0.000000e+00
7.700000e+00 0.000000e+00 0.000000e+00 -1.465245e+01 0.000000e+00 0.000000e+00
7.750000e+00 0.000000e+00 0.000000e+00 -1.465237e+01 0.000000e+00 0.000000e+00
7.800000e+00 0.000000e+00 0.000000e+00 -1.465227e+01 0.000000e+00 0.000000e+00
7.850000e+00 0.000000e+00 0.000000e+00 -1.465213e+01 0.000000e+00 0.000000e+00
7.900000e+00 0.000000e+00 0.000000e+00 -1.465198e+01 0.000000e+00 0.000000e+00
7.950000e+00 0.000000e+00 0.000000e+00 -1.465171e+01 0.000000e+00 0.000000e+00
8.000000e+00 0.000000e+00 0.000000e+00 -1.465153e+01 0.000000e+00 0.000000e+00
8.050000e+00 0.000000e+00 0.000000e+00 -1.465095e+01 0.000000e+00 0.000000e+00
8.100000e+00 0.000000e+00 0.000000e+00 -1.465088e+01 0.000000e+00 0.000000e+00
8.150000e+00 0.000000e+00 0.000000e+00 -1.464952e+01 0.000000e+00 0.000000e+00
8.200000e+00 0.000000e+00 0.000000e+00 -1.464999e+01 0.000000e+00 0.000000e+00
8.250000e+00 0.000000e+00 0.000000e+00 -1.464692e+01 0.000000e+00 0.000000e+00
8.300000e+00 0.000000e+00 0.000000e+00 -1.464866e+01 0.000000e+00 0.000000e+00
8.350000e+00 0.000000e+00 0.000000e+00 -1.464260e+01 0.000000e+00 0.000000e+00
8.400000e+00 0.000000e+00 0.000000e+00 -1.464600e+01 0.000000e+00 0.000000e+00
8.450000e+00 0.000000e+00 0.000000e+00 -1.463637e+01 0.000000e+00 0.000000e+00
8.500000e+00 0.000000e+00 0.000000e+00 -1.464003e+01 0.000000e+00 0.000000e+00
8.550000e+00 0.000000e+00 0.000000e+00 -1.462783e+01 0.000000e+00 0.000000e+00
8.600000e+00 0.000000e+00 0.000000e+00 -1.462837e+01 0.000000e+00 0.000000e+00
8.650000e+00 0.000000e+00 0.000000e+00 -1.461450e+01 0.000000e+00 0.000000e+00
8.700000e+00 0.000000e+00 0.000000e+00 -1.460918e+01 0.000000e+00 0.000000e+00
8.750000e+00 0.000000e+00 0.000000e+00 -1.459114e+01 0.000000e+00 0.000000e+00
8.800000e+00 0.000000e+00 0.000000e+00 -1.457840e+01 0.000000e+00 0.000000e+00
8.850000e+00 0.000000e+00 0.000000e+00 -1.455201e+01 0.000000e+00 0.000000e+00
8.900000e+00 0.000000e+00 0.000000e+00 -1.452643e+01 0.000000e+00 0.000000e+00
8.950000e+00 0.000000e+00 0.000000e+00 -1.448784e+01 0.000000e+00 0.000000e+00
9.000000e+00 0.000000e+00 0.000000e+00 -1.444078e+01 0.000000e+00 0.000000e+00
9.050000e+00 0.000000e+00 0.000000e+00 -1.437932e+01 0.000000e+00 0.000000e+00
9.100000e+00 0.000000e+00 0.000000e+00 -1.430125e+01 0.000000e+00 0.000000e+00
9.150000e+00 0.000000e+00 0.000000e+00 -1.420003e+01 0.000000e+00 0.000000e+00
9.200000e+00 0.000000e+00 0.000000e+00 -1.406981e+01 0.000000e+00 0.000000e+00
9.250000e+00 0.000000e+00 0.000000e+00 -1.390680e+01 0.000000e+00 0.000000e+00
9.300000e+00 0.000000e+00 0.000000e+00 -1.369299e+01 0.000000e+00 0.000000e+00
9.350000e+00 0.000000e+00 0.000000e+00 -1.342782e+01 0.000000e+00 0.000000e+00
9.400000e+00 0.000000e+00 0.000000e+00 -1.308477e+01 0.000000e+00 0.000000e+00
9.450000e+00 0.000000e+00 0.000000e+00 -1.266330e+01 0.000000e+00 0.000000e+00
9.500000e+00 0.000000e+00 0.000000e+00 -1.212283e+01 0.000000e+00 0.000000e+00
9.550000e+00 0.000000e+00 0.000000e+00 -1.147124e+01 0.000000e+00 0.000000e+00
9.600000e+00 0.000000e+00 0.000000e+00 -1.065729e+01 0.000000e+00 0.000000e+00
9.650000e+00 0.000000e+00 0.000000e+00 -9.704399e+00 0.000000e+00 0.000000e+00
9.700000e+00 0.000000e+00 0.000000e+00 -8.562500e+00 0.000000e+00 0.000000e+00
9.750000e+00 0.000000e+00 0.000000e+00 -7.304892e+00 0.000000e+00 0.000000e+00
9.800000e+00 0.000000e+00 0.000000e+00 -5.918776e+00 0.000000e+00 0.000000e+00
9.850000e+00 0.000000e+00 0.000000e+00 -4.595483e+00 0.000000e+00 0.000000e+00
9.900000e+00 0.000000e+00 0.000000e+00 -3.475595e+00 0.000000e+00 0.000000e+00
9.950000e+00 0.000000e+00 0.000000e+00 -3.150316e+00 0.000000e+00 0.000000e+00
1.000000e+01 0.000000e+00 0.000000e+00 -4.534813e+00 0.000000e+00 0.000000e+00
0.000000e+00 2.000000e-02 1.176000e-03 -5.760000e+00 0.000000e+00 0.000000e+00
5.000000e-02 2.000000e-02 1.185918e-03 -5.732484e+00 1.166506e-01 -1.281141e-04
1.000000e-01 2.000000e-02 1.188811e-03 -5.732167e+00 1.167747e-01 -3.521039e-05
1.500000e-01 2.000000e-02 1.189439e-03 -5.734950e+00 1.168287e-01 -5.799387e-06
2.000000e-01 2.000000e-02 1.189391e-03 -5.737360e+00 1.168493e-01 2.614046e-06
2.500000e-01 2.000000e-02 1.189177e-03 -5.739305e+00 1.168577e-01 3.184602e-06
3.000000e-01 2.000000e-02 1.189073e-03 -5.740720e+00 1.168673e-01 2.511911e-06
3.500000e-01 2.000000e-02 1.188926e-03 -5.740870e+00 1.168638e-01 1.176377e-05
4.000000e-01 2.000000e-02 1.187897e-03 -5.738746e+00 1.167936e-01 4.035343e-05
4.500000e-01 2.000000e-02 1.184891e-03 -5.734061e+00 1.165972e-01 8.541407e-05
5.000000e-01 2.000000e-02 1.179355e-03 -5.728053e+00 1.162598e-01 1.337939e-04
5.500000e-01 2.000000e-02 1.171511e-03 -5.723671e+00 1.158249e-01 1.733757e-04
6.000000e-01 2.000000e-02 1.162018e-03 -5.725262e+00 1.153709e-01 1.964673e-04
6.500000e-01 2.000000e-02 1.151865e-03 -5.737983e+00 1.149989e-01 1.935823e-04
7.000000e-01 2.000000e-02 1.142659e-03 -5.766906e+00 1.148406e-01 1.535865e-04
7.500000e-01 2.000000e-02 1.136506e-03 -5.816029e+00 1.150431e-01 7.430478e-05
8.000000e-01 2.000000e-02 1.135229e-03 -5.887756e+00 1.157224e-01 -3.282245e-05
8.500000e-01 2.000000e-02 1.139788e-03 -5.983105e+00 1.169350e-01 -1.531356e-04
9.000000e-01 2.000000e-02 1.150542e-03 -6.102218e+00 1.186974e-01 -2.800504e-04
9.500000e-01 2.000000e-02 1.167793e-03 -6.244658e+00 1.210198e-01 -4.125182e-04
1.000000e+00 2.000000e-02 1.191794e-03 -6.409526e+00 1.239064e-01 -5.460089e-04
1.050000e+00 2.000000e-02 1.222394e-03 -6.595684e+00 1.273382e-01 -6.726353e-04
1.100000e+00 2.000000e-02 1.259058e-03 -6.802094e+00 1.312765e-01 -7.891774e-04
1.150000e+00 2.000000e-02 1.301312e-03 -7.027959e+00 1.356890e-01 -8.990418e-04
1.200000e+00 2.000000e-02 1.348962e-03 -7.272599e+00 1.405603e-01 -1.005015e-03
1.250000e+00 2.000000e-02 1.401813e-03 -7.535330e+00 1.458749e-01 -1.104355e-03
1.300000e+00 2.000000e-02 1.459397e-03 -7.815530e+00 1.516026e-01 -1.192949e-03
1.350000e+00 2.000000e-02 1.521108e-03 -8.112736e+00 1.577078e-01 -1.270865e-03
1.400000e+00 2.000000e-02 1.586484e-03 -8.426562e+00 1.641634e-01 -1.340952e-03
1.450000e+00 2.000000e-02 1.655204e-03 -8.756483e+00 1.709482e-01 -1.404128e-03
1.500000e+00 2.000000e-02 1.726897e-03 -9.101648e+00 1.780345e-01 -1.459326e-03
1.550000e+00 2.000000e-02 1.801136e-03 -9.460765e+00 1.853860e-01 -1.507299e-03
1.600000e+00 2.000000e-02 1.877627e-03 -9.831899e+00 1.929666e-01 -1.551123e-03
1.650000e+00 2.000000e-02 1.956248e-03 -1.021219e+01 2.007401e-01 -1.592290e-03
1.700000e+00 2.000000e-02 2.036856e-03 -1.059765e+01 2.086572e-01 -1.629003e-03
1.750000e+00 2.000000e-02 2.119149e-03 -1.098318e+01 2.166485e-01 -1.660247e-03
1.800000e+00 2.000000e-02 2.202880e-03 -1.136266e+01 2.246364e-01 -1.689822e-03
1.850000e+00 2.000000e-02 2.288131e-03 -1.172896e+01 2.325515e-01 -1.722680e-03
1.900000e+00 2.000000e-02 2.375148e-03 -1.207401e+01 2.403254e-01 -1.754917e-03
1.950000e+00 2.000000e-02 2.463623e-03 -1.238921e+01 2.478589e-01 -1.767456e-03
2.000000e+00 2.000000e-02 2.551894e-03 -1.266653e+01 2.549912e-01 -1.731510e-03
2.050000e+00 2.000000e-02 2.636774e-03 -1.289998e+01 2.615059e-01 -1.623499e-03
2.100000e+00 2.000000e-02 2.714244e-03 -1.308696e+01 2.671794e-01 -1.438911e-03
2.150000e+00 2.000000e-02 2.780665e-03 -1.322884e+01 2.718476e-01 -1.195921e-03
2.200000e+00 2.000000e-02 2.833836e-03 -1.333047e+01 2.754538e-01 -9.276746e-04
2.250000e+00 2.000000e-02 2.873432e-03 -1.339893e+01 2.780569e-01 -6.693268e-04
2.300000e+00 2.000000e-02 2.900769e-03 -1.344206e+01 2.798045e-01 -4.472527e-04
2.350000e+00 2.000000e-02 2.918157e-03 -1.346722e+01 2.808868e-01 -2.744204e-04
2.400000e+00 2.000000e-02 2.928211e-03 -1.348050e+01 2.814947e-01 -1.515882e-04
2.450000e+00 2.000000e-02 2.933316e-03 -1.348650e+01 2.817918e-01 -7.161582e-05
2.500000e+00 2.000000e-02 2.935372e-03 -1.348836e+01 2.819023e-01 -2.411583e-05
2.550000e+00 2.000000e-02 2.935728e-03 -1.348813e+01 2.819116e-01 1.158791e-06
2.600000e+00 2.000000e-02 2.935256e-03 -1.348699e+01 2.818737e-01 1.256282e-05
2.650000e+00 2.000000e-02 2.934472e-03 -1.348559e+01 2.818193e-01 1.608843e-05
2.700000e+00 2.000000e-02 2.933647e-03 -1.348425e+01 2.817645e-01 1.562001e-05
2.750000e+00 2.000000e-02 2.932910e-03 -1.348310e+01 2.817165e-01 1.345814e-05
2.800000e+00 2.000000e-02 2.932302e-03 -1.348218e+01 2.816773e-01 1.084411e-05
2.850000e+00 2.000000e-02 2.931825e-03 -1.348147e+01 2.816468e-01 8.373434e-06
2.900000e+00 2.000000e-02 2.931464e-03 -1.348093e+01 2.816238e-01 6.279646e-06
2.950000e+00 2.000000e-02 2.931197e-03 -1.348054e+01 2.816068e-01 4.611085e-06
3.000000e+00 2.000000e-02 2.931003e-03 -1.348025e+01 2.815944e-01 3.332359e-06
3.050000e+00 2.000000e-02 2.930864e-03 -1.348004e+01 2.815856e-01 2.378301e-06
3.100000e+00 2.000000e-02 2.930765e-03 -1.347989e+01 2.815793e-01 1.680180e-06
3.150000e+00 2.000000e-02 2.930696e-03 -1.347979e+01 2.815749e-01 1.176841e-06
3.200000e+00 2.000000e-02 2.930648e-03 -1.347971e+01 2.815718e-01 8.181793e-07
3.250000e+00 2.000000e-02 2.930614e-03 -1.347966e+01 2.815697e-01 5.650807e-07
3.300000e+00 2.000000e-02 2.930591e-03 -1.347963e+01 2.815682e-01 3.879554e-07
3.350000e+00 2.000000e-02 2.930575e-03 -1.347960e+01 2.815672e-01 2.649053e-07
3.400000e+00 2.000000e-02 2.930565e-03 -1.347959e+01 2.815665e-01 1.799876e-07
3.450000e+00 2.000000e-02 2.930557e-03 -1.347957e+01 2.815661e-01 1.217431e-07
3.500000e+00 2.000000e-02 2.930552e-03 -1.347957e+01 2.815658e-01 8.202143e-08
3.550000e+00 2.000000e-02 2.930549e-03 -1.347956e+01 2.815655e-01 5.507704e-08
3.600000e+00 2.000000e-02 2.930547e-03 -1.347956e+01 2.815654e-01 3.689175e-08
3.650000e+00 2.000000e-02 2.930545e-03 -1.347955e+01 2.815653e-01 2.467539e-08
3.700000e+00 2.000000e-02 2.930544e-03 -1.347955e+01 2.815652e-01 1.650341e-08
3.750000e+00 2.000000e-02 2.930544e-03 -1.347955e+01 2.815652e-01 1.105673e-08
3.800000e+00 2.000000e-02 2.930543e-03 -1.347955e+01 2.815652e-01 7.436756e-09
3.850000e+00 2.000000e-02 2.930543e-03 -1.347955e+01 2.815651e-01 5.034974e-09
3.900000e+00 2.000000e-02 2.930543e-03 -1.347955e+01 2.815651e-01 3.441753e-09
3.950000e+00 2.000000e-02 2.930543e-03 -1.347955e+01 2.815651e-01 2.382939e-09
4.000000e+00 2.000000e-02 2.930543e-03 -1.347955e+01 2.815651e-01 1.676114e-09
4.050000e+00 2.000000e-02 2.930543e-03 -1.347955e+01 2.815651e-01 1.200593e-09
4.100000e+00 2.000000e-02 2.930543e-03 -1.347955e+01 2.815651e-01 8.769723e-10
4.150000e+00 2.000000e-02 2.930542e-03 -1.347955e+01 2.815651e-01 6.532791e-10
4.200000e+00 2.000000e-02 2.930542e-03 -1.347955e+01 2.815651e-01 4.956499e-10
4.250000e+00 2.000000e-02 2.930542e-03 -1.347955e+01 2.815651e-01 3.820951e-10
4.300000e+00 2.000000e-02 2.930542e-03 -1.347955e+01 2.815651e-01 2.983590e-10
4.350000e+00 2.000000e-02 2.930542e-03 -1.347955e+01 2.815651e-01 2.351893e-10
4.400000e+00 2.000000e-02 2.930542e-03 -1.347955e+01 2.815651e-01 1.865501e-10
4.450000e+00 2.000000e-02 2.930542e-03 -1.347955e+01 2.815651e-01 1.484624e-10
4.500000e+00 2.000000e-02 2.930542e-03 -1.347955e+01 2.815651e-01 1.182575e-10
4.550000e+00 2.000000e-02 2.930542e-03 -1.347955e+01 2.815651e-01 9.410099e-11
4.600000e+00 2.000000e-02 2.930542e-03 -1.347955e+01 2.815651e-01 7.469226e-11
4.650000e+00 2.000000e-02 2.930542e-03 -1.347955e+01 2.815651e-01 5.907583e-11
4.700000e+00 2.000000e-02 2.930542e-03 -1.347955e+01 2.815651e-01 4.652451e-11
4.750000e+00 2.000000e-02 2.930542e-03 -1.347955e+01 2.815651e-01 3.646720e-11
4.800000e+00 2.000000e-02 2.930542e-03 -1.347955e+01 2.815651e-01 2.844401e-11
4.850000e+00 2.000000e-02 2.930542e-03 -1.347955e+01 2.815651e-01 2.207829e-11
4.900000e+00 2.000000e-02 2.930542e-03 -1.347955e+01 2.815651e-01 1.705853e-11
4.950000e+00 2.000000e-02 2.930542e-03 -1.347955e+01 2.815651e-01 1.312658e-11
5.000000e+00 2.000000e-02 2.930542e-03 -1.347955e+01 2.815651e-01 1.006876e-11
5.050000e+00 2.000000e-02 2.930542e-03 -1.347955e+01 2.815651e-01 7.709367e-12
5.100000e+00 2.000000e-02 2.930542e-03 -1.347955e+01 2.815651e-01 5.905597e-12
5.150000e+00 2.000000e-02 2.930542e-03 -1.347955e+01 2.815651e-01 4.542903e-12
5.200000e+00 2.000000e-02 2.930542e-03 -1.347955e+01 2.815651e-01 3.531277e-12
5.250000e+00 2.000000e-02 2.930542e-03 -1.347955e+01 2.815651e-01 2.801964e-12
5.300000e+00 2.000000e-02 2.930542e-03 -1.347955e+01 2.815651e-01 2.304827e-12
5.350000e+00 2.000000e-02 2.930542e-03 -1.347955e+01 2.815651e-01 2.006394e-12
5.400000e+00 2.000000e-02 2.930542e-03 -1.347955e+01 2.815651e-01 1.888325e-12
5.450000e+00 2.000000e-02 2.930542e-03 -1.347955e+01 2.815651e-01 1.946637e-12
5.500000e+00 2.000000e-02 2.930542e-03 -1.347955e+01 2.815651e-01 2.191884e-12
5.550000e+00 2.000000e-02 2.930542e-03 -1.347955e+01 2.815651e-01 2.649873e-12
5.600000e+00 2.000000e-02 2.930542e-03 -1.347955e+01 2.815651e-01 3.363468e-12
5.650000e+00 2.000000e-02 2.930542e-03 -1.347955e+01 2.815651e-01 4.395690e-12
5.700000e+00 2.000000e-02 2.930542e-03 -1.347955e+01 2.815651e-01 5.834153e-12
5.750000e+00 2.000000e-02 2.930542e-03 -1.347955e+01 2.815651e-01 7.797157e-12
5.800000e+00 2.000000e-02 2.930542e-03 -1.347955e+01 2.815651e-01 1.044188e-11
5.850000e+00 2.000000e-02 2.930542e-03 -1.347955e+01 2.815651e-01 1.397594e-11
5.900000e+00 2.000000e-02 2.930542e-03 -1.347955e+01 2.815651e-01 1.867176e-11
5.950000e+00 2.000000e-02 2.930542e-03 -1.347955e+01 2.815651e-01 2.488575e-11
6.000000e+00 2.000000e-02 2.930542e-03 -1.347955e+01 2.815651e-01 3.308367e-11
6.050000e+00 2.000000e-02 2.930542e-03 -1.347955e+01 2.815651e-01 4.387300e-11
6.100000e+00 2.000000e-02 2.930542e-03 -1.347955e+01 2.815651e-01 5.804583e-11
6.150000e+00 2.000000e-02 2.930542e-03 -1.347955e+01 2.815651e-01 7.663413e-11
6.200000e+00 2.000000e-02 2.930542e-03 -1.347955e+01 2.815651e-01 1.009815e-10
6.250000e+00 2.000000e-02 2.930542e-03 -1.347955e+01 2.815651e-01 1.328368e-10
6.300000e+00 2.000000e-02 2.930542e-03 -1.347955e+01 2.815651e-01 1.744755e-10
6.350000e+00 2.000000e-02 2.930542e-03 -1.347955e+01 2.815651e-01 2.288567e-10
6.400000e+00 2.000000e-02 2.930542e-03 -1.347955e+01 2.815651e-01 2.998278e-10
6.450000e+00 2.000000e-02 2.930542e-03 -1.347955e+01 2.815651e-01 3.923899e-10
6.500000e+00 2.000000e-02 2.930542e-03 -1.347955e+01 2.815651e-01 5.130407e-10
6.550000e+00 2.000000e-02 2.930542e-03 -1.347955e+01 2.815651e-01 6.702214e-10
6.600000e+00 2.000000e-02 2.930542e-03 -1.347955e+01 2.815651e-01 8.748950e-10
6.650000e+00 2.000000e-02 2.930542e-03 -1.347955e+01 2.815651e-01 1.141296e-09
6.700000e+00 2.000000e-02 2.930542e-03 -1.347955e+01 2.815651e-01 1.487901e-09
6.750000e+00 2.000000e-02 2.930542e-03 -1.347955e+01 2.815651e-01 1.938693e-09
6.800000e+00 2.000000e-02 2.930542e-03 -1.347955e+01 2.815651e-01 2.524787e-09
6.850000e+00 2.000000e-02 2.930542e-03 -1.347955e+01 2.815651e-01 3.286553e-09
6.900000e+00 2.000000e-02 2.930542e-03 -1.347955e+01 2.815650e-01 4.276350e-09
6.950000e+00 2.000000e-02 2.930541e-03 -1.347955e+01 2.815650e-01 5.562077e-09
7.000000e+00 2.000000e-02 2.930541e-03 -1.347955e+01 2.815650e-01 7.231768e-09
7.050000e+00 2.000000e-02 2.930541e-03 -1.347955e+01 2.815650e-01 9.399545e-09
7.100000e+00 2.000000e-02 2.930540e-03 -1.347954e+01 2.815649e-01 1.221332e-08
7.150000e+00 2.000000e-02 2.930539e-03 -1.347954e+01 2.815649e-01 1.586475e-08
7.200000e+00 2.000000e-02 2.930538e-03 -1.347954e+01 2.815648e-01 2.060224e-08
7.250000e+00 2.000000e-02 2.930537e-03 -1.347954e+01 2.815648e-01 2.674719e-08
7.300000e+00 2.000000e-02 2.930536e-03 -1.347954e+01 2.815647e-01 3.471722e-08
7.350000e+00 2.000000e-02 2.930534e-03 -1.347953e+01 2.815645e-01 4.504863e-08
7.400000e+00 2.000000e-02 2.930531e-03 -1.347953e+01 2.815644e-01 5.845039e-08
7.450000e+00 2.000000e-02 2.930528e-03 -1.347952e+01 2.815641e-01 7.579442e-08
7.500000e+00 2.000000e-02 2.930524e-03 -1.347952e+01 2.815638e-01 9.834844e-08
7.550000e+00 2.000000e-02 2.930518e-03 -1.347951e+01 2.815635e-01 1.273441e-07
7.600000e+00 2.000000e-02 2.930511e-03 -1.347949e+01 2.815630e-01 1.655358e-07
7.650000e+00 2.000000e-02 2.930502e-03 -1.347948e+01 2.815623e-01 2.133054e-07
7.700000e+00 2.000000e-02 2.930490e-03 -1.347945e+01 2.815615e-01 2.795545e-07
7.750000e+00 2.000000e-02 2.930474e-03 -1.347942e+01 2.815604e-01 3.543952e-07
7.800000e+00 2.000000e-02 2.930454e-03 -1.347939e+01 2.815591e-01 4.774226e-07
7.850000e+00 2.000000e-02 2.930426e-03 -1.347934e+01 2.815572e-01 5.767266e-07
7.900000e+00 2.000000e-02 2.930397e-03 -1.347928e+01 2.815552e-01 8.366078e-07
7.950000e+00 2.000000e-02 2.930342e-03 -1.347919e+01 2.815515e-01 8.980594e-07
8.000000e+00 2.000000e-02 2.930307e-03 -1.347910e+01 2.815492e-01 1.524440e-06
8.050000e+00 2.000000e-02 2.930190e-03 -1.347893e+01 2.815409e-01 1.302553e-06
8.100000e+00 2.000000e-02 2.930176e-03 -1.347883e+01 2.815406e-01 2.855020e-06
8.150000e+00 2.000000e-02 2.929904e-03 -1.347845e+01 2.815209e-01 1.781695e-06
8.200000e+00 2.000000e-02 2.929998e-03 -1.347842e+01 2.815293e-01 5.211152e-06
8.250000e+00 2.000000e-02 2.929383e-03 -1.347759e+01 2.814840e-01 2.670038e-06
8.300000e+00 2.000000e-02 2.929731e-03 -1.347778e+01 2.815129e-01 8.622165e-06
8.350000e+00 2.000000e-02 2.928521e-03 -1.347612e+01 2.814226e-01 5.315353e-06
8.400000e+00 2.000000e-02 2.929200e-03 -1.347666e+01 2.814793e-01 1.246945e-05
8.450000e+00 2.000000e-02 2.927274e-03 -1.347384e+01 2.813342e-01 1.193786e-05
8.500000e+00 2.000000e-02 2.928006e-03 -1.347441e+01 2.813998e-01 1.707911e-05
8.550000e+00 2.000000e-02 2.925566e-03 -1.347051e+01 2.812157e-01 2.331787e-05
8.600000e+00 2.000000e-02 2.925674e-03 -1.347009e+01 2.812392e-01 2.666227e-05
8.650000e+00 2.000000e-02 2.922900e-03 -1.346535e+01 2.810340e-01 3.838807e-05
8.700000e+00 2.000000e-02 2.921835e-03 -1.346278e+01 2.809727e-01 4.672480e-05
8.750000e+00 2.000000e-02 2.918227e-03 -1.345632e+01 2.807132e-01 6.155187e-05
8.800000e+00 2.000000e-02 2.915680e-03 -1.345118e+01 2.805494e-01 7.826113e-05
8.850000e+00 2.000000e-02 2.910401e-03 -1.344066e+01 2.801692e-01 1.039373e-04
8.900000e+00 2.000000e-02 2.905286e-03 -1.343178e+01 2.798356e-01 1.283341e-04
8.950000e+00 2.000000e-02 2.897568e-03 -1.341494e+01 2.792775e-01 1.713132e-04
9.000000e+00 2.000000e-02 2.888155e-03 -1.339864e+01 2.786491e-01 2.170336e-04
9.050000e+00 2.000000e-02 2.875865e-03 -1.337218e+01 2.777715e-01 2.790466e-04
9.100000e+00 2.000000e-02 2.860250e-03 -1.334344e+01 2.767086e-01 3.585834e-04
9.150000e+00 2.000000e-02 2.840006e-03 -1.330024e+01 2.752692e-01 4.628823e-04
9.200000e+00 2.000000e-02 2.813962e-03 -1.325100e+01 2.734777e-01 5.864591e-04
9.250000e+00 2.000000e-02 2.781360e-03 -1.318051e+01 2.711563e-01 7.536386e-04
9.300000e+00 2.000000e-02 2.738598e-03 -1.309590e+01 2.681726e-01 9.579688e-04
9.350000e+00 2.000000e-02 2.685563e-03 -1.298014e+01 2.643836e-01 1.216449e-03
9.400000e+00 2.000000e-02 2.616953e-03 -1.283703e+01 2.595212e-01 1.529040e-03
9.450000e+00 2.000000e-02 2.532659e-03 -1.264541e+01 2.534206e-01 1.923883e-03
9.500000e+00 2.000000e-02 2.424565e-03 -1.240473e+01 2.456002e-01 2.384123e-03
9.550000e+00 2.000000e-02 2.294247e-03 -1.208845e+01 2.359577e-01 2.931070e-03
9.600000e+00 2.000000e-02 2.131458e-03 -1.168864e+01 2.237947e-01 3.533673e-03
9.650000e+00 2.000000e-02 1.940880e-03 -1.117230e+01 2.091321e-01 4.189581e-03
9.700000e+00 2.000000e-02 1.712500e-03 -1.052594e+01 1.911768e-01 4.799015e-03
9.750000e+00 2.000000e-02 1.460978e-03 -9.717867e+00 1.705095e-01 5.287448e-03
9.800000e+00 2.000000e-02 1.183755e-03 -8.749569e+00 1.467845e-01 5.418817e-03
9.850000e+00 2.000000e-02 9.190967e-04 -7.644307e+00 1.223499e-01 4.886362e-03
9.900000e+00 2.000000e-02 6.951190e-04 -6.529491e+00 9.948794e-02 2.890335e-03
9.950000e+00 2.000000e-02 6.300632e-04 -5.908355e+00 8.818338e-02 -4.808810e-03
1.000000e+01 2.000000e-02 1.176000e-03 -5.919310e+00 0.000000e+00 0.000000e+00
0.000000e+00 4.000000e-02 4.656000e-03 -5.520000e+00 0.000000e+00 0.000000e+00
5.000000e-02 4.000000e-02 4.666023e-03 -5.511267e+00 2.291382e-01 -1.498776e-04
1.000000e-01 4.000000e-02 4.670988e-03 -5.507075e+00 2.291913e-01 -7.124621e-05
1.500000e-01 4.000000e-02 4.673148e-03 -5.506555e+00 2.292575e-01 -2.985053e-05
2.000000e-01 4.000000e-02 4.673973e-03 -5.507770e+00 2.293105e-01 -1.159911e-05
2.500000e-01 4.000000e-02 4.674308e-03 -5.509536e+00 2.293541e-01 -7.189125e-06
3.000000e-01 4.000000e-02 4.674692e-03 -5.511716e+00 2.294036e-01 -2.422365e-06
3.500000e-01 4.000000e-02 4.674550e-03 -5.515182e+00 2.294494e-01 2.949571e-05
4.000000e-01 4.000000e-02 4.671742e-03 -5.521303e+00 2.294350e-01 1.066373e-04
4.500000e-01 4.000000e-02 4.663886e-03 -5.531303e+00 2.293001e-01 2.135004e-04
5.000000e-01 4.000000e-02 4.650392e-03 -5.545965e+00 2.290482e-01 3.088983e-04
5.500000e-01 4.000000e-02 4.632996e-03 -5.565768e+00 2.287634e-01 3.555712e-04
6.000000e-01 4.000000e-02 4.614835e-03 -5.591192e+00 2.285763e-01 3.303903e-04
6.500000e-01 4.000000e-02 4.599957e-03 -5.622876e+00 2.286450e-01 2.120928e-04
7.000000e-01 4.000000e-02 4.593626e-03 -5.661551e+00 2.291618e-01 -1.766230e-05
7.500000e-01 4.000000e-02 4.601724e-03 -5.707872e+00 2.303296e-01 -3.527185e-04
8.000000e-01 4.000000e-02 4.628898e-03 -5.762304e+00 2.322985e-01 -7.567675e-04
8.500000e-01 4.000000e-02 4.677400e-03 -5.825082e+00 2.351320e-01 -1.190004e-03
9.000000e-01 4.000000e-02 4.747898e-03 -5.896221e+00 2.388402e-01 -1.633911e-03
9.500000e-01 4.000000e-02 4.840791e-03 -5.975575e+00 2.434263e-01 -2.083586e-03
1.000000e+00 4.000000e-02 4.956257e-03 -6.062918e+00 2.488870e-01 -2.527358e-03
1.050000e+00 4.000000e-02 5.093527e-03 -6.158031e+00 2.551889e-01 -2.948024e-03
1.100000e+00 4.000000e-02 5.251059e-03 -6.260746e+00 2.622758e-01 -3.340343e-03
1.150000e+00 4.000000e-02 5.427561e-03 -6.370978e+00 2.701044e-01 -3.713548e-03
1.200000e+00 4.000000e-02 5.622414e-03 -6.488777e+00 2.786569e-01 -4.074331e-03
1.250000e+00 4.000000e-02 5.834995e-03 -6.614402e+00 2.879173e-01 -4.416907e-03
1.300000e+00 4.000000e-02 6.064104e-03 -6.748420e+00 2.978543e-01 -4.733178e-03
1.350000e+00 4.000000e-02 6.308312e-03 -6.891852e+00 3.084356e-01 -5.024310e-03
1.400000e+00 4.000000e-02 6.566535e-03 -7.046299e+00 3.196481e-01 -5.296165e-03
1.450000e+00 4.000000e-02 6.837929e-03 -7.213969e+00 3.314910e-01 -5.548440e-03
1.500000e+00 4.000000e-02 7.121380e-03 -7.397527e+00 3.439552e-01 -5.775094e-03
1.550000e+00 4.000000e-02 7.415438e-03 -7.599796e+00 3.570168e-01 -5.972825e-03
1.600000e+00 4.000000e-02 7.718662e-03 -7.823375e+00 3.706438e-01 -6.141652e-03
1.650000e+00 4.000000e-02 8.029603e-03 -8.070174e+00 3.847898e-01 -6.276270e-03
1.700000e+00 4.000000e-02 8.346289e-03 -8.340862e+00 3.993681e-01 -6.363364e-03
1.750000e+00 4.000000e-02 8.665940e-03 -8.634283e+00 4.142376e-01 -6.391680e-03
1.800000e+00 4.000000e-02 8.985457e-03 -8.946972e+00 4.292132e-01 -6.361185e-03
1.850000e+00 4.000000e-02 9.302058e-03 -9.272811e+00 4.440859e-01 -6.275592e-03
1.900000e+00 4.000000e-02 9.613016e-03 -9.602914e+00 4.586170e-01 -6.122977e-03
1.950000e+00 4.000000e-02 9.914356e-03 -9.925940e+00 4.725097e-01 -5.866324e-03
2.000000e+00 4.000000e-02 1.019965e-02 -1.022920e+01 4.853954e-01 -5.458798e-03
2.050000e+00 4.000000e-02 1.046024e-02 -1.050064e+01 4.968751e-01 -4.875286e-03
2.100000e+00 4.000000e-02 1.068718e-02 -1.073123e+01 5.066090e-01 -4.136699e-03
2.150000e+00 4.000000e-02 1.087391e-02 -1.091673e+01 5.144108e-01 -3.309732e-03
2.200000e+00 4.000000e-02 1.101815e-02 -1.105805e+01 5.202944e-01 -2.483714e-03
2.250000e+00 4.000000e-02 1.112228e-02 -1.116020e+01 5.244554e-01 -1.740285e-03
2.300000e+00 4.000000e-02 1.119218e-02 -1.123046e+01 5.272058e-01 -1.131929e-03
2.350000e+00 4.000000e-02 1.123547e-02 -1.127660e+01 5.288952e-01 -6.760967e-04
2.400000e+00 4.000000e-02 1.125979e-02 -1.130560e+01 5.298472e-01 -3.620273e-04
2.450000e+00 4.000000e-02 1.127167e-02 -1.132309e+01 5.303246e-01 -1.630299e-04
2.500000e+00 4.000000e-02 1.127609e-02 -1.133318e+01 5.305199e-01 -4.792511e-05
2.550000e+00 4.000000e-02 1.127647e-02 -1.133875e+01 5.305618e-01 1.145395e-05
2.600000e+00 4.000000e-02 1.127495e-02 -1.134164e+01 5.305301e-01 3.693658e-05
2.650000e+00 4.000000e-02 1.127277e-02 -1.134303e+01 5.304700e-01 4.364470e-05
2.700000e+00 4.000000e-02 1.127058e-02 -1.134359e+01 5.304053e-01 4.112276e-05
2.750000e+00 4.000000e-02 1.126866e-02 -1.134374e+01 5.303468e-01 3.489484e-05
2.800000e+00 4.000000e-02 1.126709e-02 -1.134369e+01 5.302982e-01 2.787267e-05
2.850000e+00 4.000000e-02 1.126587e-02 -1.134356e+01 5.302600e-01 2.141068e-05
2.900000e+00 4.000000e-02 1.126495e-02 -1.134342e+01 5.302308e-01 1.600778e-05
2.950000e+00 4.000000e-02 1.126427e-02 -1.134328e+01 5.302090e-01 1.173453e-05
3.000000e+00 4.000000e-02 1.126378e-02 -1.134317e+01 5.301932e-01 8.473889e-06
3.050000e+00 4.000000e-02 1.126342e-02 -1.134307e+01 5.301817e-01 6.047084e-06
3.100000e+00 4.000000e-02 1.126317e-02 -1.134300e+01 5.301735e-01 4.273519e-06
3.150000e+00 4.000000e-02 1.126300e-02 -1.134294e+01 5.301677e-01 2.995377e-06
3.200000e+00 4.000000e-02 1.126287e-02 -1.134290e+01 5.301636e-01 2.084537e-06
3.250000e+00 4.000000e-02 1.126279e-02 -1.134287e+01 5.301608e-01 1.441475e-06
3.300000e+00 4.000000e-02 1.126273e-02 -1.134285e+01 5.301588e-01 9.910962e-07
3.350000e+00 4.000000e-02 1.126269e-02 -1.134283e+01 5.301575e-01 6.779004e-07
3.400000e+00 4.000000e-02 1.126266e-02 -1.134282e+01 5.301566e-01 4.615001e-07
3.450000e+00 4.000000e-02 1.126264e-02 -1.134281e+01 5.301559e-01 3.128639e-07
3.500000e+00 4.000000e-02 1.126263e-02 -1.134281e+01 5.301555e-01 2.113339e-07
3.550000e+00 4.000000e-02 1.126262e-02 -1.134280e+01 5.301552e-01 1.423376e-07
3.600000e+00 4.000000e-02 1.126262e-02 -1.134280e+01 5.301550e-01 9.567426e-08
3.650000e+00 4.000000e-02 1.126261e-02 -1.134280e+01 5.301549e-01 6.425304e-08
3.700000e+00 4.000000e-02 1.126261e-02 -1.134280e+01 5.301548e-01 4.317713e-08
3.750000e+00 4.000000e-02 1.126261e-02 -1.134280e+01 5.301547e-01 2.908572e-08
3.800000e+00 4.000000e-02 1.126261e-02 -1.134280e+01 5.301547e-01 1.968594e-08
3.850000e+00 4.000000e-02 1.126261e-02 -1.134280e+01 5.301546e-01 1.342261e-08
3.900000e+00 4.000000e-02 1.126261e-02 -1.134279e+01 5.301546e-01 9.246934e-09
3.950000e+00 4.000000e-02 1.126260e-02 -1.134279e+01 5.301546e-01 6.455585e-09
4.000000e+00 4.000000e-02 1.126260e-02 -1.134279e+01 5.301546e-01 4.579546e-09
4.050000e+00 4.000000e-02 1.126260e-02 -1.134279e+01 5.301546e-01 3.307733e-09
4.100000e+00 4.000000e-02 1.126260e-02 -1.134279e+01 5.301546e-01 2.434875e-09
4.150000e+00 4.000000e-02 1.126260e-02 -1.134279e+01 5.301546e-01 1.826154e-09
4.200000e+00 4.000000e-02 1.126260e-02 -1.134279e+01 5.301546e-01 1.393371e-09
4.250000e+00 4.000000e-02 1.126260e-02 -1.134279e+01 5.301546e-01 1.078970e-09
4.300000e+00 4.000000e-02 1.126260e-02 -1.134279e+01 5.301546e-01 8.454181e-10
4.350000e+00 4.000000e-02 1.126260e-02 -1.134279e+01 5.301546e-01 6.681789e-10
4.400000e+00 4.000000e-02 1.126260e-02 -1.134279e+01 5.301546e-01 5.311092e-10
4.450000e+00 4.000000e-02 1.126260e-02 -1.134279e+01 5.301546e-01 4.234597e-10
4.500000e+00 4.000000e-02 1.126260e-02 -1.134279e+01 5.301546e-01 3.379416e-10
4.550000e+00 4.000000e-02 1.126260e-02 -1.134279e+01 5.301546e-01 2.694877e-10
4.600000e+00 4.000000e-02 1.126260e-02 -1.134279e+01 5.301546e-01 2.144655e-10
4.650000e+00 4.000000e-02 1.126260e-02 -1.134279e+01 5.301546e-01 1.701836e-10
4.700000e+00 4.000000e-02 1.126260e-02 -1.134279e+01 5.301546e-01 1.345805e-10
4.750000e+00 4.000000e-02 1.126260e-02 -1.134279e+01 5.301546e-01 1.060315e-10
4.800000e+00 4.000000e-02 1.126260e-02 -1.134279e+01 5.301546e-01 8.322754e-11
4.850000e+00 4.000000e-02 1.126260e-02 -1.134279e+01 5.301546e-01 6.509814e-11
4.900000e+00 4.000000e-02 1.126260e-02 -1.134279e+01 5.301546e-01 5.075987e-11
4.950000e+00 4.000000e-02 1.126260e-02 -1.134279e+01 5.301546e-01 3.948246e-11
5.000000e+00 4.000000e-02 1.126260e-02 -1.134279e+01 5.301546e-01 3.066370e-11
5.050000e+00 4.000000e-02 1.126260e-02 -1.134279e+01 5.301546e-01 2.380965e-11
5.100000e+00 4.000000e-02 1.126260e-02 -1.134279e+01 5.301546e-01 1.851965e-11
5.150000e+00 4.000000e-02 1.126260e-02 -1.134279e+01 5.301546e-01 1.447259e-11
5.200000e+00 4.000000e-02 1.126260e-02 -1.134279e+01 5.301546e-01 1.141618e-11
5.250000e+00 4.000000e-02 1.126260e-02 -1.134279e+01 5.301546e-01 9.157397e-12
5.300000e+00 4.000000e-02 1.126260e-02 -1.134279e+01 5.301546e-01 7.554426e-12
5.350000e+00 4.000000e-02 1.126260e-02 -1.134279e+01 5.301546e-01 6.511579e-12
5.400000e+00 4.000000e-02 1.126260e-02 -1.134279e+01 5.301546e-01 5.974388e-12
5.450000e+00 4.000000e-02 1.126260e-02 -1.134279e+01 5.301546e-01 5.927446e-12
5.500000e+00 4.000000e-02 1.126260e-02 -1.134279e+01 5.301546e-01 6.394520e-12
5.550000e+00 4.000000e-02 1.126260e-02 -1.134279e+01 5.301546e-01 7.440420e-12
5.600000e+00 4.000000e-02 1.126260e-02 -1.134279e+01 5.301546e-01 9.175907e-12
5.650000e+00 4.000000e-02 1.126260e-02 -1.134279e+01 5.301546e-01 1.176519e-11
5.700000e+00 4.000000e-02 1.126260e-02 -1.134279e+01 5.301546e-01 1.543859e-11
5.750000e+00 4.000000e-02 1.126260e-02 -1.134279e+01 5.301546e-01 2.050821e-11
5.800000e+00 4.000000e-02 1.126260e-02 -1.134279e+01 5.301546e-01 2.738991e-11
5.850000e+00 4.000000e-02 1.126260e-02 -1.134279e+01 5.301546e-01 3.663436e-11
5.900000e+00 4.000000e-02 1.126260e-02 -1.134279e+01 5.301546e-01 4.896514e-11
5.950000e+00 4.000000e-02 1.126260e-02 -1.134279e+01 5.301546e-01 6.533040e-11
6.000000e+00 4.000000e-02 1.126260e-02 -1.134279e+01 5.301546e-01 8.697069e-11
6.050000e+00 4.000000e-02 1.126260e-02 -1.134279e+01 5.301546e-01 1.155059e-10
6.100000e+00 4.000000e-02 1.126260e-02 -1.134279e+01 5.301546e-01 1.530502e-10
6.150000e+00 4.000000e-02 1.126260e-02 -1.134279e+01 5.301546e-01 2.023605e-10
6.200000e+00 4.000000e-02 1.126260e-02 -1.134279e+01 5.301546e-01 2.670296e-10
6.250000e+00 4.000000e-02 1.126260e-02 -1.134279e+01 5.301546e-01 3.517378e-10
6.300000e+00 4.000000e-02 1.126260e-02 -1.134279e+01 5.301546e-01 4.625792e-10
6.350000e+00 4.000000e-02 1.126260e-02 -1.134279e+01 5.301546e-01 6.074857e-10
6.400000e+00 4.000000e-02 1.126260e-02 -1.134279e+01 5.301546e-01 7.967780e-10
6.450000e+00 4.000000e-02 1.126260e-02 -1.134279e+01 5.301546e-01 1.043881e-09
6.500000e+00 4.000000e-02 1.126260e-02 -1.134279e+01 5.301546e-01 1.366251e-09
6.550000e+00 4.000000e-02 1.126260e-02 -1.134279e+01 5.301546e-01 1.786582e-09
6.600000e+00 4.000000e-02 1.126260e-02 -1.134279e+01 5.301546e-01 2.334369e-09
6.650000e+00 4.000000e-02 1.126260e-02 -1.134279e+01 5.301545e-01 3.047937e-09
6.700000e+00 4.000000e-02 1.126260e-02 -1.134279e+01 5.301545e-01 3.977072e-09
6.750000e+00 4.000000e-02 1.126260e-02 -1.134279e+01 5.301545e-01 5.186434e-09
6.800000e+00 4.000000e-02 1.126260e-02 -1.134279e+01 5.301545e-01 6.759986e-09
6.850000e+00 4.000000e-02 1.126260e-02 -1.134279e+01 5.301545e-01 8.806730e-09
6.900000e+00 4.000000e-02 1.126260e-02 -1.134279e+01 5.301545e-01 1.146815e-08
6.950000e+00 4.000000e-02 1.126260e-02 -1.134279e+01 5.301545e-01 1.492785e-08
7.000000e+00 4.000000e-02 1.126260e-02 -1.134279e+01 5.301544e-01 1.942405e-08
7.050000e+00 4.000000e-02 1.126260e-02 -1.134279e+01 5.301544e-01 2.526580e-08
7.100000e+00 4.000000e-02 1.126260e-02 -1.134279e+01 5.301544e-01 3.285393e-08
7.150000e+00 4.000000e-02 1.126260e-02 -1.134279e+01 5.301543e-01 4.270817e-08
7.200000e+00 4.000000e-02 1.126259e-02 -1.134279e+01 5.301542e-01 5.550270e-08
7.250000e+00 4.000000e-02 1.126259e-02 -1.134279e+01 5.301541e-01 7.211030e-08
7.300000e+00 4.000000e-02 1.126259e-02 -1.134279e+01 5.301540e-01 9.366634e-08
7.350000e+00 4.000000e-02 1.126258e-02 -1.134279e+01 5.301538e-01 1.216282e-07
7.400000e+00 4.000000e-02 1.126257e-02 -1.134279e+01 5.301536e-01 1.579294e-07
7.450000e+00 4.000000e-02 1.126257e-02 -1.134279e+01 5.301533e-01 2.049334e-07
7.500000e+00 4.000000e-02 1.126255e-02 -1.134279e+01 5.301530e-01 2.661288e-07
7.550000e+00 4.000000e-02 1.126254e-02 -1.134279e+01 5.301525e-01 3.447825e-07
7.600000e+00 4.000000e-02 1.126252e-02 -1.134279e+01 5.301519e-01 4.486671e-07
7.650000e+00 4.000000e-02 1.126249e-02 -1.134279e+01 5.301511e-01 5.781550e-07
7.700000e+00 4.000000e-02 1.126246e-02 -1.134279e+01 5.301500e-01 7.592941e-07
7.750000e+00 4.000000e-02 1.126242e-02 -1.134278e+01 5.301486e-01 9.608194e-07
7.800000e+00 4.000000e-02 1.126237e-02 -1.134278e+01 5.301470e-01 1.301125e-06
7.850000e+00 4.000000e-02 1.126229e-02 -1.134278e+01 5.301444e-01 1.560408e-06
7.900000e+00 4.000000e-02 1.126221e-02 -1.134277e+01 5.301422e-01 2.293919e-06
7.950000e+00 4.000000e-02 1.126206e-02 -1.134276e+01 5.301367e-01 2.411649e-06
8.000000e+00 4.000000e-02 1.126197e-02 -1.134276e+01 5.301352e-01 4.220903e-06
8.050000e+00 4.000000e-02 1.126164e-02 -1.134274e+01 5.301219e-01 3.432286e-06
8.100000e+00 4.000000e-02 1.126162e-02 -1.134273e+01 5.301264e-01 8.001713e-06
8.150000e+00 4.000000e-02 1.126084e-02 -1.134270e+01 5.300927e-01 4.526128e-06
8.200000e+00 4.000000e-02 1.126117e-02 -1.134265e+01 5.301175e-01 1.476679e-05
8.250000e+00 4.000000e-02 1.125936e-02 -1.134272e+01 5.300375e-01 6.563835e-06
8.300000e+00 4.000000e-02 1.126052e-02 -1.134241e+01 5.301062e-01 2.457215e-05
8.350000e+00 4.000000e-02 1.125690e-02 -1.134290e+01 5.299478e-01 1.343168e-05
8.400000e+00 4.000000e-02 1.125917e-02 -1.134179e+01 5.300731e-01 3.534886e-05
8.450000e+00 4.000000e-02 1.125337e-02 -1.134339e+01 5.298278e-01 3.181364e-05
8.500000e+00 4.000000e-02 1.125599e-02 -1.134075e+01 5.299710e-01 4.740018e-05
8.550000e+00 4.000000e-02 1.124863e-02 -1.134385e+01 5.296817e-01 6.423347e-05
8.600000e+00 4.000000e-02 1.124957e-02 -1.133987e+01 5.297536e-01 7.265960e-05
8.650000e+00 4.000000e-02 1.124136e-02 -1.134321e+01 5.294566e-01 1.065876e-04
8.700000e+00 4.000000e-02 1.123891e-02 -1.134006e+01 5.294087e-01 1.283183e-04
8.750000e+00 4.000000e-02 1.122853e-02 -1.134077e+01 5.290326e-01 1.693496e-04
8.800000e+00 4.000000e-02 1.122197e-02 -1.134068e+01 5.288794e-01 2.176207e-04
8.850000e+00 4.000000e-02 1.120677e-02 -1.133769e+01 5.283120e-01 2.855019e-04
8.900000e+00 4.000000e-02 1.119342e-02 -1.133962e+01 5.279640e-01 3.566882e-04
8.950000e+00 4.000000e-02 1.117110e-02 -1.133457e+01 5.271573e-01 4.746008e-04
9.000000e+00 4.000000e-02 1.114596e-02 -1.133665e+01 5.264221e-01 6.023730e-04
9.050000e+00 4.000000e-02 1.111086e-02 -1.132910e+01 5.251956e-01 7.761898e-04
9.100000e+00 4.000000e-02 1.106834e-02 -1.133183e+01 5.239093e-01 1.000913e-03
9.150000e+00 4.000000e-02 1.101077e-02 -1.132000e+01 5.219200e-01 1.292355e-03
9.200000e+00 4.000000e-02 1.093911e-02 -1.132170e+01 5.196875e-01 1.645163e-03
9.250000e+00 4.000000e-02 1.084625e-02 -1.130519e+01 5.165297e-01 2.122035e-03
9.300000e+00 4.000000e-02 1.072691e-02 -1.130284e+01 5.127028e-01 2.709111e-03
9.350000e+00 4.000000e-02 1.057534e-02 -1.127726e+01 5.075637e-01 3.460576e-03
9.400000e+00 4.000000e-02 1.038085e-02 -1.126715e+01 5.011984e-01 4.385205e-03
9.450000e+00 4.000000e-02 1.013682e-02 -1.122431e+01 4.928609e-01 5.568409e-03
9.500000e+00 4.000000e-02 9.824007e-03 -1.119493e+01 4.823527e-01 6.985140e-03
9.550000e+00 4.000000e-02 9.438308e-03 -1.111749e+01 4.689226e-01 8.722189e-03
9.600000e+00 4.000000e-02 8.951789e-03 -1.104388e+01 4.520027e-01 1.073023e-02
9.650000e+00 4.000000e-02 8.365285e-03 -1.089110e+01 4.308078e-01 1.304717e-02
9.700000e+00 4.000000e-02 7.647071e-03 -1.071574e+01 4.044759e-01 1.544905e-02
9.750000e+00 4.000000e-02 6.820380e-03 -1.040026e+01 3.726179e-01 1.775691e-02
9.800000e+00 4.000000e-02 5.871381e-03 -1.000806e+01 3.347327e-01 1.926385e-02
9.850000e+00 4.000000e-02 4.893995e-03 -9.388857e+00 2.925279e-01 1.891863e-02
9.900000e+00 4.000000e-02 3.979518e-03 -8.676099e+00 2.492620e-01 1.366660e-02
9.950000e+00 4.000000e-02 3.527335e-03 -7.958939e+00 2.182292e-01 -6.764823e-03
1.000000e+01 4.000000e-02 4.656000e-03 -7.990240e+00 0.000000e+00 0.000000e+00
0.000000e+00 6.000000e-02 1.034400e-02 -5.280000e+00 0.000000e+00 0.000000e+00
5.000000e-02 6.000000e-02 1.035145e-02 -5.277913e+00 3.370599e-01 -1.246201e-04
1.000000e-01 6.000000e-02 1.035646e-02 -5.275339e+00 3.370340e-01 -8.293098e-05
1.500000e-01 6.000000e-02 1.035974e-02 -5.273839e+00 3.370731e-01 -5.350250e-05
2.000000e-01 6.000000e-02 1.036181e-02 -5.273578e+00 3.371306e-01 -3.599961e-05
2.500000e-01 6.000000e-02 1.036334e-02 -5.273826e+00 3.371891e-01 -3.406320e-05
3.000000e-01 6.000000e-02 1.036522e-02 -5.274202e+00 3.372700e-01 -3.561464e-05
3.500000e-01 6.000000e-02 1.036690e-02 -5.275836e+00 3.373918e-01 -7.734951e-07
4.000000e-01 6.000000e-02 1.036530e-02 -5.281276e+00 3.375248e-01 1.000757e-04
4.500000e-01 6.000000e-02 1.035689e-02 -5.293082e+00 3.376238e-01 2.401389e-04
5.000000e-01 6.000000e-02 1.034128e-02 -5.312201e+00 3.377022e-01 3.484730e-04
5.500000e-01 6.000000e-02 1.032205e-02 -5.337273e+00 3.378435e-01 3.621426e-04
6.000000e-01 6.000000e-02 1.030507e-02 -5.365169e+00 3.381554e-01 2.438288e-04
6.500000e-01 6.000000e-02 1.029766e-02 -5.392225e+00 3.387619e-01 -4.064688e-05
7.000000e-01 6.000000e-02 1.030913e-02 -5.415408e+00 3.398393e-01 -5.202727e-04
7.500000e-01 6.000000e-02 1.034969e-02 -5.432915e+00 3.416001e-01 -1.180356e-03
8.000000e-01 6.000000e-02 1.042717e-02 -5.444181e+00 3.442066e-01 -1.953766e-03
8.500000e-01 6.000000e-02 1.054507e-02 -5.449520e+00 3.477187e-01 -2.769808e-03
9.000000e-01 6.000000e-02 1.070415e-02 -5.449704e+00 3.521395e-01 -3.597768e-03
9.500000e-01 6.000000e-02 1.090484e-02 -5.445628e+00 3.574797e-01 -4.431266e-03
1.000000e+00 6.000000e-02 1.114728e-02 -5.438116e+00 3.637499e-01 -5.251070e-03
1.050000e+00 6.000000e-02 1.142995e-02 -5.427845e+00 3.709194e-01 -6.028127e-03
1.100000e+00 6.000000e-02 1.175009e-02 -5.415364e+00 3.789244e-01 -6.755353e-03
1.150000e+00 6.000000e-02 1.210549e-02 -5.401169e+00 3.877213e-01 -7.451484e-03
1.200000e+00 6.000000e-02 1.249524e-02 -5.385670e+00 3.973046e-01 -8.130206e-03
1.250000e+00 6.000000e-02 1.291851e-02 -5.369021e+00 4.076684e-01 -8.783339e-03
1.300000e+00 6.000000e-02 1.337357e-02 -5.351005e+00 4.187804e-01 -9.400268e-03
1.350000e+00 6.000000e-02 1.385853e-02 -5.331248e+00 4.306096e-01 -9.988375e-03
1.400000e+00 6.000000e-02 1.437241e-02 -5.309835e+00 4.431645e-01 -1.056312e-02
1.450000e+00 6.000000e-02 1.491485e-02 -5.288084e+00 4.564904e-01 -1.112697e-02
1.500000e+00 6.000000e-02 1.548511e-02 -5.269161e+00 4.706431e-01 -1.166961e-02
1.550000e+00 6.000000e-02 1.608181e-02 -5.258356e+00 4.856818e-01 -1.218275e-02
1.600000e+00 6.000000e-02 1.670338e-02 -5.262947e+00 5.016783e-01 -1.266032e-02
1.650000e+00 6.000000e-02 1.734784e-02 -5.291650e+00 5.187001e-01 -1.308201e-02
1.700000e+00 6.000000e-02 1.801158e-02 -5.353724e+00 5.367626e-01 -1.340813e-02
1.750000e+00 6.000000e-02 1.868865e-02 -5.457979e+00 5.557916e-01 -1.359826e-02
1.800000e+00 6.000000e-02 1.937141e-02 -5.611833e+00 5.756271e-01 -1.362914e-02
1.850000e+00 6.000000e-02 2.005157e-02 -5.820201e+00 5.960391e-01 -1.348422e-02
1.900000e+00 6.000000e-02 2.071983e-02 -6.083764e+00 6.167031e-01 -1.312445e-02
1.950000e+00 6.000000e-02 2.136401e-02 -6.396665e+00 6.371390e-01 -1.247882e-02
2.000000e+00 6.000000e-02 2.196771e-02 -6.744785e+00 6.566832e-01 -1.147766e-02
2.050000e+00 6.000000e-02 2.251178e-02 -7.106434e+00 6.745630e-01 -1.010894e-02
2.100000e+00 6.000000e-02 2.297861e-02 -7.456318e+00 6.900697e-01 -8.453214e-03
2.150000e+00 6.000000e-02 2.335710e-02 -7.771500e+00 7.027449e-01 -6.670048e-03
2.200000e+00 6.000000e-02 2.364561e-02 -8.036554e+00 7.124843e-01 -4.945481e-03
2.250000e+00 6.000000e-02 2.385165e-02 -8.245671e+00 7.195169e-01 -3.433921e-03
2.300000e+00 6.000000e-02 2.398900e-02 -8.401451e+00 7.242925e-01 -2.223184e-03
2.350000e+00 6.000000e-02 2.407396e-02 -8.511800e+00 7.273443e-01 -1.330955e-03
2.400000e+00 6.000000e-02 2.412210e-02 -8.586657e+00 7.291769e-01 -7.233690e-04
2.450000e+00 6.000000e-02 2.414630e-02 -8.635609e+00 7.302053e-01 -3.407123e-04
2.500000e+00 6.000000e-02 2.415617e-02 -8.666652e+00 7.307361e-01 -1.189960e-04
2.550000e+00 6.000000e-02 2.415820e-02 -8.685839e+00 7.309779e-01 -2.900181e-06
2.600000e+00 6.000000e-02 2.415646e-02 -8.697443e+00 7.310630e-01 4.929410e-05
2.650000e+00 6.000000e-02 2.415327e-02 -8.704329e+00 7.310701e-01 6.598213e-05
2.700000e+00 6.000000e-02 2.414986e-02 -8.708342e+00 7.310432e-01 6.490336e-05
2.750000e+00 6.000000e-02 2.414678e-02 -8.710636e+00 7.310054e-01 5.629437e-05
2.800000e+00 6.000000e-02 2.414423e-02 -8.711918e+00 7.309677e-01 4.558540e-05
2.850000e+00 6.000000e-02 2.414222e-02 -8.712614e+00 7.309349e-01 3.536115e-05
2.900000e+00 6.000000e-02 2.414069e-02 -8.712974e+00 7.309081e-01 2.664216e-05
2.950000e+00 6.000000e-02 2.413956e-02 -8.713147e+00 7.308872e-01 1.965694e-05
3.000000e+00 6.000000e-02 2.413873e-02 -8.713219e+00 7.308713e-01 1.427616e-05
3.050000e+00 6.000000e-02 2.413813e-02 -8.713238e+00 7.308595e-01 1.024071e-05
3.100000e+00 6.000000e-02 2.413771e-02 -8.713232e+00 7.308508e-01 7.272263e-06
3.150000e+00 6.000000e-02 2.413740e-02 -8.713215e+00 7.308446e-01 5.120645e-06
3.200000e+00 6.000000e-02 2.413719e-02 -8.713196e+00 7.308401e-01 3.579259e-06
3.250000e+00 6.000000e-02 2.413705e-02 -8.713177e+00 7.308369e-01 2.485682e-06
3.300000e+00 6.000000e-02 2.413694e-02 -8.713161e+00 7.308347e-01 1.716221e-06
3.350000e+00 6.000000e-02 2.413687e-02 -8.713149e+00 7.308331e-01 1.178751e-06
3.400000e+00 6.000000e-02 2.413683e-02 -8.713138e+00 7.308320e-01 8.057847e-07
3.450000e+00 6.000000e-02 2.413679e-02 -8.713131e+00 7.308313e-01 5.485250e-07
3.500000e+00 6.000000e-02 2.413677e-02 -8.713125e+00 7.308308e-01 3.720604e-07
3.550000e+00 6.000000e-02 2.413676e-02 -8.713121e+00 7.308304e-01 2.516406e-07
3.600000e+00 6.000000e-02 2.413675e-02 -8.713118e+00 7.308302e-01 1.698577e-07
3.650000e+00 6.000000e-02 2.413674e-02 -8.713115e+00 7.308300e-01 1.145561e-07
3.700000e+00 6.000000e-02 2.413674e-02 -8.713114e+00 7.308299e-01 7.730428e-08
3.750000e+00 6.000000e-02 2.413673e-02 -8.713113e+00 7.308298e-01 5.229032e-08
3.800000e+00 6.000000e-02 2.413673e-02 -8.713112e+00 7.308298e-01 3.553213e-08
3.850000e+00 6.000000e-02 2.413673e-02 -8.713112e+00 7.308297e-01 2.431716e-08
3.900000e+00 6.000000e-02 2.413673e-02 -8.713111e+00 7.308297e-01 1.680817e-08
3.950000e+00 6.000000e-02 2.413673e-02 -8.713111e+00 7.308297e-01 1.176771e-08
4.000000e+00 6.000000e-02 2.413673e-02 -8.713111e+00 7.308297e-01 8.366854e-09
4.050000e+00 6.000000e-02 2.413673e-02 -8.713111e+00 7.308297e-01 6.053297e-09
4.100000e+00 6.000000e-02 2.413673e-02 -8.713111e+00 7.308296e-01 4.460867e-09
4.150000e+00 6.000000e-02 2.413673e-02 -8.713110e+00 7.308296e-01 3.347920e-09
4.200000e+00 6.000000e-02 2.413673e-02 -8.713110e+00 7.308296e-01 2.555587e-09
4.250000e+00 6.000000e-02 2.413673e-02 -8.713110e+00 7.308296e-01 1.979689e-09
4.300000e+00 6.000000e-02 2.413673e-02 -8.713110e+00 7.308296e-01 1.551959e-09
4.350000e+00 6.000000e-02 2.413673e-02 -8.713110e+00 7.308296e-01 1.227566e-09
4.400000e+00 6.000000e-02 2.413673e-02 -8.713110e+00 7.308296e-01 9.768934e-10
4.450000e+00 6.000000e-02 2.413673e-02 -8.713110e+00 7.308296e-01 7.801629e-10
4.500000e+00 6.000000e-02 2.413673e-02 -8.713110e+00 7.308296e-01 6.239376e-10
4.550000e+00 6.000000e-02 2.413673e-02 -8.713110e+00 7.308296e-01 4.988745e-10
4.600000e+00 6.000000e-02 2.413672e-02 -8.713110e+00 7.308296e-01 3.982875e-10
4.650000e+00 6.000000e-02 2.413672e-02 -8.713110e+00 7.308296e-01 3.172366e-10
4.700000e+00 6.000000e-02 2.413672e-02 -8.713110e+00 7.308296e-01 2.519532e-10
4.750000e+00 6.000000e-02 2.413672e-02 -8.713110e+00 7.308296e-01 1.994795e-10
4.800000e+00 6.000000e-02 2.413672e-02 -8.713110e+00 7.308296e-01 1.574410e-10
4.850000e+00 6.000000e-02 2.413672e-02 -8.713110e+00 7.308296e-01 1.239009e-10
4.900000e+00 6.000000e-02 2.413672e-02 -8.713110e+00 7.308296e-01 9.726372e-11
4.950000e+00 6.000000e-02 2.413672e-02 -8.713110e+00 7.308296e-01 7.621175e-11
5.000000e+00 6.000000e-02 2.413672e-02 -8.713110e+00 7.308296e-01 5.965745e-11
5.050000e+00 6.000000e-02 2.413672e-02 -8.713110e+00 7.308296e-01 4.670767e-11
5.100000e+00 6.000000e-02 2.413672e-02 -8.713110e+00 7.308296e-01 3.663559e-11
5.150000e+00 6.000000e-02 2.413672e-02 -8.713110e+00 7.308296e-01 2.885678e-11
5.200000e+00 6.000000e-02 2.413672e-02 -8.713110e+00 7.308296e-01 2.290949e-11
5.250000e+00 6.000000e-02 2.413672e-02 -8.713110e+00 7.308296e-01 1.843681e-11
5.300000e+00 6.000000e-02 2.413672e-02 -8.713110e+00 7.308296e-01 1.517314e-11
5.350000e+00 6.000000e-02 2.413672e-02 -8.713110e+00 7.308296e-01 1.293406e-11
5.400000e+00 6.000000e-02 2.413672e-02 -8.713110e+00 7.308296e-01 1.160759e-11
5.450000e+00 6.000000e-02 2.413672e-02 -8.713110e+00 7.308296e-01 1.114994e-11
5.500000e+00 6.000000e-02 2.413672e-02 -8.713110e+00 7.308296e-01 1.158459e-11
5.550000e+00 6.000000e-02 2.413672e-02 -8.713110e+00 7.308296e-01 1.300463e-11
5.600000e+00 6.000000e-02 2.413672e-02 -8.713110e+00 7.308296e-01 1.558042e-11
5.650000e+00 6.000000e-02 2.413672e-02 -8.713110e+00 7.308296e-01 1.957181e-11
5.700000e+00 6.000000e-02 2.413672e-02 -8.713110e+00 7.308296e-01 2.534719e-11
5.750000e+00 6.000000e-02 2.413672e-02 -8.713110e+00 7.308296e-01 3.340973e-11
5.800000e+00 6.000000e-02 2.413672e-02 -8.713110e+00 7.308296e-01 4.443355e-11
5.850000e+00 6.000000e-02 2.413672e-02 -8.713110e+00 7.308296e-01 5.931266e-11
5.900000e+00 6.000000e-02 2.413672e-02 -8.713110e+00 7.308296e-01 7.922423e-11
5.950000e+00 6.000000e-02 2.413672e-02 -8.713110e+00 7.308296e-01 1.057129e-10
6.000000e+00 6.000000e-02 2.413672e-02 -8.713110e+00 7.308296e-01 1.408012e-10
6.050000e+00 6.000000e-02 2.413672e-02 -8.713110e+00 7.308296e-01 1.871321e-10
6.100000e+00 6.000000e-02 2.413672e-02 -8.713110e+00 7.308296e-01 2.481568e-10
6.150000e+00 6.000000e-02 2.413672e-02 -8.713110e+00 7.308296e-01 3.283780e-10
6.200000e+00 6.000000e-02 2.413672e-02 -8.713110e+00 7.308296e-01 4.336660e-10
6.250000e+00 6.000000e-02 2.413672e-02 -8.713110e+00 7.308296e-01 5.716711e-10
6.300000e+00 6.000000e-02 2.413672e-02 -8.713110e+00 7.308296e-01 7.523581e-10
6.350000e+00 6.000000e-02 2.413672e-02 -8.713110e+00 7.308296e-01 9.887011e-10
6.400000e+00 6.000000e-02 2.413672e-02 -8.713110e+00 7.308296e-01 1.297587e-09
6.450000e+00 6.000000e-02 2.413672e-02 -8.713110e+00 7.308296e-01 1.700990e-09
6.500000e+00 6.000000e-02 2.413672e-02 -8.713110e+00 7.308296e-01 2.227490e-09
6.550000e+00 6.000000e-02 2.413672e-02 -8.713110e+00 7.308296e-01 2.914254e-09
6.600000e+00 6.000000e-02 2.413672e-02 -8.713110e+00 7.308296e-01 3.809604e-09
6.650000e+00 6.000000e-02 2.413672e-02 -8.713110e+00 7.308296e-01 4.976342e-09
6.700000e+00 6.000000e-02 2.413672e-02 -8.713110e+00 7.308296e-01 6.496077e-09
6.750000e+00 6.000000e-02 2.413672e-02 -8.713110e+00 7.308296e-01 8.474831e-09
6.800000e+00 6.000000e-02 2.413672e-02 -8.713110e+00 7.308296e-01 1.105031e-08
6.850000e+00 6.000000e-02 2.413672e-02 -8.713111e+00 7.308296e-01 1.440135e-08
6.900000e+00 6.000000e-02 2.413672e-02 -8.713111e+00 7.308296e-01 1.876012e-08
6.950000e+00 6.000000e-02 2.413672e-02 -8.713111e+00 7.308295e-01 2.442801e-08
7.000000e+00 6.000000e-02 2.413672e-02 -8.713111e+00 7.308295e-01 3.179619e-08
7.050000e+00 6.000000e-02 2.413672e-02 -8.713111e+00 7.308295e-01 4.137220e-08
7.100000e+00 6.000000e-02 2.413671e-02 -8.713111e+00 7.308294e-01 5.381461e-08
7.150000e+00 6.000000e-02 2.413671e-02 -8.713112e+00 7.308294e-01 6.997740e-08
7.200000e+00 6.000000e-02 2.413671e-02 -8.713112e+00 7.308293e-01 9.096906e-08
7.250000e+00 6.000000e-02 2.413670e-02 -8.713113e+00 7.308292e-01 1.182237e-07
7.300000e+00 6.000000e-02 2.413670e-02 -8.713113e+00 7.308291e-01 1.536117e-07
7.350000e+00 6.000000e-02 2.413669e-02 -8.713114e+00 7.308289e-01 1.995207e-07
7.400000e+00 6.000000e-02 2.413668e-02 -8.713116e+00 7.308287e-01 2.591638e-07
7.450000e+00 6.000000e-02 2.413666e-02 -8.713117e+00 7.308285e-01 3.363361e-07
7.500000e+00 6.000000e-02 2.413664e-02 -8.713119e+00 7.308281e-01 4.370625e-07
7.550000e+00 6.000000e-02 2.413662e-02 -8.713122e+00 7.308277e-01 5.659232e-07
7.600000e+00 6.000000e-02 2.413659e-02 -8.713126e+00 7.308271e-01 7.379231e-07
7.650000e+00 6.000000e-02 2.413654e-02 -8.713130e+00 7.308263e-01 9.478435e-07
7.700000e+00 6.000000e-02 2.413649e-02 -8.713136e+00 7.308254e-01 1.253516e-06
7.750000e+00 6.000000e-02 2.413642e-02 -8.713144e+00 7.308240e-01 1.566798e-06
7.800000e+00 6.000000e-02 2.413633e-02 -8.713154e+00 7.308227e-01 2.169284e-06
7.850000e+00 6.000000e-02 2.413620e-02 -8.713170e+00 7.308198e-01 2.503136e-06
7.900000e+00 6.000000e-02 2.413608e-02 -8.713179e+00 7.308186e-01 3.906860e-06
7.950000e+00 6.000000e-02 2.413581e-02 -8.713221e+00 7.308116e-01 3.709973e-06
8.000000e+00 6.000000e-02 2.413571e-02 -8.713203e+00 7.308140e-01 7.432198e-06
8.050000e+00 6.000000e-02 2.413507e-02 -8.713347e+00 7.307942e-01 4.807903e-06
8.100000e+00 6.000000e-02 2.413523e-02 -8.713166e+00 7.308118e-01 1.456541e-05
8.150000e+00 6.000000e-02 2.413361e-02 -8.713695e+00 7.307570e-01 5.356610e-06
8.200000e+00 6.000000e-02 2.413470e-02 -8.712884e+00 7.308177e-01 2.726738e-05
8.250000e+00 6.000000e-02 2.413088e-02 -8.714602e+00 7.306863e-01 7.155201e-06
8.300000e+00 6.000000e-02 2.413398e-02 -8.712010e+00 7.308297e-01 4.453280e-05
8.350000e+00 6.000000e-02 2.412643e-02 -8.716503e+00 7.305795e-01 1.859282e-05
8.400000e+00 6.000000e-02 2.413212e-02 -8.710406e+00 7.308154e-01 6.044144e-05
8.450000e+00 6.000000e-02 2.412039e-02 -8.719246e+00 7.304618e-01 5.276049e-05
8.500000e+00 6.000000e-02 2.412685e-02 -8.709146e+00 7.307092e-01 7.553717e-05
8.550000e+00 6.000000e-02 2.411283e-02 -8.721183e+00 7.303474e-01 1.102771e-04
8.600000e+00 6.000000e-02 2.411582e-02 -8.710737e+00 7.304809e-01 1.166921e-04
8.650000e+00 6.000000e-02 2.410116e-02 -8.720554e+00 7.301445e-01 1.763662e-04
8.700000e+00 6.000000e-02 2.409818e-02 -8.715998e+00 7.301762e-01 2.163109e-04
8.750000e+00 6.000000e-02 2.407953e-02 -8.719635e+00 7.297006e-01 2.732523e-04
8.800000e+00 6.000000e-02 2.407086e-02 -8.721493e+00 7.297297e-01 3.665313e-04
8.850000e+00 6.000000e-02 2.404288e-02 -8.723268e+00 7.289935e-01 4.701074e-04
8.900000e+00 6.000000e-02 2.402385e-02 -8.726397e+00 7.288636e-01 5.901917e-04
8.950000e+00 6.000000e-02 2.398386e-02 -8.730260e+00 7.279290e-01 7.880708e-04
9.000000e+00 6.000000e-02 2.394504e-02 -8.737002e+00 7.274065e-01 1.001731e-03
9.050000e+00 6.000000e-02 2.388369e-02 -8.739026e+00 7.260488e-01 1.284153e-03
9.100000e+00 6.000000e-02 2.381662e-02 -8.754395e+00 7.250845e-01 1.668815e-03
9.150000e+00 6.000000e-02 2.371681e-02 -8.757408e+00 7.229303e-01 2.151597e-03
9.200000e+00 6.000000e-02 2.360146e-02 -8.778979e+00 7.210796e-01 2.742585e-03
9.250000e+00 6.000000e-02 2.344255e-02 -8.788155e+00 7.178403e-01 3.547528e-03
9.300000e+00 6.000000e-02 2.324671e-02 -8.821980e+00 7.144593e-01 4.544348e-03
9.350000e+00 6.000000e-02 2.298811e-02 -8.836065e+00 7.092569e-01 5.818218e-03
9.400000e+00 6.000000e-02 2.266489e-02 -8.889260e+00 7.034778e-01 7.410175e-03
9.450000e+00 6.000000e-02 2.224710e-02 -8.915301e+00 6.951134e-01 9.462169e-03
9.500000e+00 6.000000e-02 2.171867e-02 -8.992657e+00 6.852278e-01 1.195944e-02
9.550000e+00 6.000000e-02 2.105115e-02 -9.033813e+00 6.716836e-01 1.507106e-02
9.600000e+00 6.000000e-02 2.021157e-02 -9.143466e+00 6.552442e-01 1.877961e-02
9.650000e+00 6.000000e-02 1.917319e-02 -9.195879e+00 6.333584e-01 2.320028e-02
9.700000e+00 6.000000e-02 1.789154e-02 -9.330097e+00 6.065481e-01 2.807496e-02
9.750000e+00 6.000000e-02 1.636569e-02 -9.357680e+00 5.719670e-01 3.318473e-02
9.800000e+00 6.000000e-02 1.457307e-02 -9.462533e+00 5.304285e-01 3.745484e-02
9.850000e+00 6.000000e-02 1.262021e-02 -9.330206e+00 4.797079e-01 3.907467e-02
9.900000e+00 6.000000e-02 1.066560e-02 -9.253364e+00 4.243498e-01 3.260981e-02
9.950000e+00 6.000000e-02 9.359230e-03 -8.706708e+00 3.695894e-01 3.215983e-03
1.000000e+01 6.000000e-02 1.034400e-02 -8.747115e+00 0.000000e+00 0.000000e+00
0.000000e+00 8.000000e-02 1.814400e-02 -5.040000e+00 0.000000e+00 0.000000e+00
5.000000e-02 8.000000e-02 1.814842e-02 -5.039562e+00 4.402460e-01 -8.347480e-05
1.000000e-01 8.000000e-02 1.815235e-02 -5.038585e+00 4.401807e-01 -7.655660e-05
1.500000e-01 8.000000e-02 1.815607e-02 -5.037530e+00 4.401943e-01 -6.848146e-05
2.000000e-01 8.000000e-02 1.815920e-02 -5.036892e+00 4.402400e-01 -5.796906e-05
2.500000e-01 8.000000e-02 1.816187e-02 -5.036578e+00 4.402885e-01 -6.296868e-05
3.000000e-01 8.000000e-02 1.816549e-02 -5.036043e+00 4.403693e-01 -8.351044e-05
3.500000e-01 8.000000e-02 1.817022e-02 -5.035386e+00 4.405285e-01 -7.240504e-05
4.000000e-01 8.000000e-02 1.817273e-02 -5.036283e+00 4.407620e-01 1.380880e-05
4.500000e-01 8.000000e-02 1.816884e-02 -5.041534e+00 4.410447e-01 1.425115e-04
5.000000e-01 8.000000e-02 1.815848e-02 -5.053297e+00 4.414105e-01 2.210537e-04
5.500000e-01 8.000000e-02 1.814673e-02 -5.071258e+00 4.419397e-01 1.743223e-04
6.000000e-01 8.000000e-02 1.814105e-02 -5.092108e+00 4.426779e-01 -3.698707e-05
6.500000e-01 8.000000e-02 1.815043e-02 -5.110611e+00 4.436490e-01 -4.614728e-04
7.000000e-01 8.000000e-02 1.818720e-02 -5.121438e+00 4.449550e-01 -1.152950e-03
7.500000e-01 8.000000e-02 1.826573e-02 -5.120650e+00 4.467878e-01 -2.099658e-03
8.000000e-01 8.000000e-02 1.839716e-02 -5.106265e+00 4.493072e-01 -3.204198e-03
8.500000e-01 8.000000e-02 1.858615e-02 -5.078075e+00 4.525593e-01 -4.363165e-03
9.000000e-01 8.000000e-02 1.883348e-02 -5.037136e+00 4.565421e-01 -5.538291e-03
9.500000e-01 8.000000e-02 1.913998e-02 -4.985156e+00 4.612937e-01 -6.727740e-03
1.000000e+00 8.000000e-02 1.950625e-02 -4.923852e+00 4.668649e-01 -7.903265e-03
1.050000e+00 8.000000e-02 1.993030e-02 -4.854493e+00 4.732403e-01 -9.017799e-03
1.100000e+00 8.000000e-02 2.040803e-02 -4.777913e+00 4.803498e-01 -1.006111e-02
1.150000e+00 8.000000e-02 2.093641e-02 -4.695002e+00 4.881578e-01 -1.106567e-02
1.200000e+00 8.000000e-02 2.151460e-02 -4.607175e+00 4.966916e-01 -1.205315e-02
1.250000e+00 8.000000e-02 2.214173e-02 -4.516155e+00 5.059735e-01 -1.300720e-02
1.300000e+00 8.000000e-02 2.281532e-02 -4.422956e+00 5.159670e-01 -1.390967e-02
1.350000e+00 8.000000e-02 2.353270e-02 -4.326674e+00 5.266108e-01 -1.477794e-02
1.400000e+00 8.000000e-02 2.429311e-02 -4.224022e+00 5.378802e-01 -1.564848e-02
1.450000e+00 8.000000e-02 2.509754e-02 -4.110213e+00 5.497983e-01 -1.653990e-02
1.500000e+00 8.000000e-02 2.594710e-02 -3.981061e+00 5.624207e-01 -1.745167e-02
1.550000e+00 8.000000e-02 2.684271e-02 -3.835476e+00 5.758574e-01 -1.838688e-02
1.600000e+00 8.000000e-02 2.778579e-02 -3.677270e+00 5.903097e-01 -1.934896e-02
1.650000e+00 8.000000e-02 2.877761e-02 -3.515521e+00 6.060512e-01 -2.031003e-02
1.700000e+00 8.000000e-02 2.981679e-02 -3.363580e+00 6.233420e-01 -2.119995e-02
1.750000e+00 8.000000e-02 3.089760e-02 -3.237460e+00 6.423548e-01 -2.193746e-02
1.800000e+00 8.000000e-02 3.201054e-02 -3.154423e+00 6.631677e-01 -2.246020e-02
1.850000e+00 8.000000e-02 3.314362e-02 -3.131902e+00 6.857753e-01 -2.270598e-02
1.900000e+00 8.000000e-02 3.428114e-02 -3.185908e+00 7.100274e-01 -2.256291e-02
1.950000e+00 8.000000e-02 3.539991e-02 -3.327749e+00 7.354837e-01 -2.185837e-02
2.000000e+00 8.000000e-02 3.646698e-02 -3.559104e+00 7.612942e-01 -2.042843e-02
2.050000e+00 8.000000e-02 3.744276e-02 -3.867671e+00 7.862488e-01 -1.822987e-02
2.100000e+00 8.000000e-02 3.828996e-02 -4.226837e+00 8.090303e-01 -1.540943e-02
2.150000e+00 8.000000e-02 3.898370e-02 -4.601152e+00 8.285606e-01 -1.227559e-02
2.200000e+00 8.000000e-02 3.951752e-02 -4.955633e+00 8.442622e-01 -9.192505e-03
2.250000e+00 8.000000e-02 3.990295e-02 -5.264292e+00 8.561215e-01 -6.463576e-03
2.300000e+00 8.000000e-02 4.016388e-02 -5.514143e+00 8.645688e-01 -4.262897e-03
2.350000e+00 8.000000e-02 4.032924e-02 -5.704177e+00 8.702705e-01 -2.629857e-03
2.400000e+00 8.000000e-02 4.042687e-02 -5.841376e+00 8.739354e-01 -1.506435e-03
2.450000e+00 8.000000e-02 4.047988e-02 -5.936292e+00 8.761881e-01 -7.866884e-04
2.500000e+00 8.000000e-02 4.050554e-02 -5.999749e+00 8.775159e-01 -3.569771e-04
2.550000e+00 8.000000e-02 4.051558e-02 -6.041056e+00 8.782666e-01 -1.193263e-04
2.600000e+00 8.000000e-02 4.051747e-02 -6.067402e+00 8.786720e-01 6.598630e-08
2.650000e+00 8.000000e-02 4.051558e-02 -6.083951e+00 8.788786e-01 5.158506e-05
2.700000e+00 8.000000e-02 4.051231e-02 -6.094229e+00 8.789751e-01 6.701690e-05
2.750000e+00 8.000000e-02 4.050887e-02 -6.100555e+00 8.790130e-01 6.507661e-05
2.800000e+00 8.000000e-02 4.050580e-02 -6.104422e+00 8.790216e-01 5.607077e-05
2.850000e+00 8.000000e-02 4.050327e-02 -6.106768e+00 8.790167e-01 4.526523e-05
2.900000e+00 8.000000e-02 4.050127e-02 -6.108181e+00 8.790067e-01 3.508581e-05
2.950000e+00 8.000000e-02 4.049976e-02 -6.109023e+00 8.789958e-01 2.645407e-05
3.000000e+00 8.000000e-02 4.049863e-02 -6.109520e+00 8.789857e-01 1.955110e-05
3.050000e+00 8.000000e-02 4.049780e-02 -6.109808e+00 8.789772e-01 1.423147e-05
3.100000e+00 8.000000e-02 4.049721e-02 -6.109971e+00 8.789704e-01 1.023512e-05
3.150000e+00 8.000000e-02 4.049678e-02 -6.110061e+00 8.789651e-01 7.288338e-06
3.200000e+00 8.000000e-02 4.049648e-02 -6.110109e+00 8.789611e-01 5.146491e-06
3.250000e+00 8.000000e-02 4.049627e-02 -6.110132e+00 8.789582e-01 3.607614e-06
3.300000e+00 8.000000e-02 4.049612e-02 -6.110141e+00 8.789560e-01 2.512598e-06
3.350000e+00 8.000000e-02 4.049601e-02 -6.110144e+00 8.789544e-01 1.739882e-06
3.400000e+00 8.000000e-02 4.049594e-02 -6.110144e+00 8.789533e-01 1.198603e-06
3.450000e+00 8.000000e-02 4.049589e-02 -6.110142e+00 8.789525e-01 8.219478e-07
3.500000e+00 8.000000e-02 4.049586e-02 -6.110139e+00 8.789519e-01 5.614302e-07
3.550000e+00 8.000000e-02 4.049584e-02 -6.110137e+00 8.789515e-01 3.822407e-07
3.600000e+00 8.000000e-02 4.049582e-02 -6.110135e+00 8.789513e-01 2.596193e-07
3.650000e+00 8.000000e-02 4.049581e-02 -6.110134e+00 8.789511e-01 1.760982e-07
3.700000e+00 8.000000e-02 4.049580e-02 -6.110132e+00 8.789509e-01 1.194443e-07
3.750000e+00 8.000000e-02 4.049580e-02 -6.110132e+00 8.789509e-01 8.114952e-08
3.800000e+00 8.000000e-02 4.049580e-02 -6.110131e+00 8.789508e-01 5.533387e-08
3.850000e+00 8.000000e-02 4.049579e-02 -6.110131e+00 8.789508e-01 3.795889e-08
3.900000e+00 8.000000e-02 4.049579e-02 -6.110130e+00 8.789507e-01 2.626715e-08
3.950000e+00 8.000000e-02 4.049579e-02 -6.110130e+00 8.789507e-01 1.838679e-08
4.000000e+00 8.000000e-02 4.049579e-02 -6.110130e+00 8.789507e-01 1.305418e-08
4.050000e+00 8.000000e-02 4.049579e-02 -6.110130e+00 8.789507e-01 9.420947e-09
4.100000e+00 8.000000e-02 4.049579e-02 -6.110130e+00 8.789507e-01 6.920468e-09
4.150000e+00 8.000000e-02 4.049579e-02 -6.110130e+00 8.789507e-01 5.176103e-09
4.200000e+00 8.000000e-02 4.049579e-02 -6.110130e+00 8.789507e-01 3.938542e-09
4.250000e+00 8.000000e-02 4.049579e-02 -6.110130e+00 8.789507e-01 3.043284e-09
4.300000e+00 8.000000e-02 4.049579e-02 -6.110130e+00 8.789507e-01 2.381958e-09
4.350000e+00 8.000000e-02 4.049579e-02 -6.110130e+00 8.789507e-01 1.883123e-09
4.400000e+00 8.000000e-02 4.049579e-02 -6.110130e+00 8.789506e-01 1.499492e-09
4.450000e+00 8.000000e-02 4.049579e-02 -6.110130e+00 8.789506e-01 1.199507e-09
4.500000e+00 8.000000e-02 4.049579e-02 -6.110130e+00 8.789506e-01 9.618099e-10
4.550000e+00 8.000000e-02 4.049579e-02 -6.110130e+00 8.789506e-01 7.716570e-10
4.600000e+00 8.000000e-02 4.049579e-02 -6.110130e+00 8.789506e-01 6.186032e-10
4.650000e+00 8.000000e-02 4.049579e-02 -6.110129e+00 8.789506e-01 4.950242e-10
4.700000e+00 8.000000e-02 4.049579e-02 -6.110129e+00 8.789506e-01 3.951738e-10
4.750000e+00 8.000000e-02 4.049579e-02 -6.110129e+00 8.789506e-01 3.145909e-10
4.800000e+00 8.000000e-02 4.049579e-02 -6.110129e+00 8.789506e-01 2.497246e-10
4.850000e+00 8.000000e-02 4.049579e-02 -6.110129e+00 8.789506e-01 1.976926e-10
4.900000e+00 8.000000e-02 4.049579e-02 -6.110129e+00 8.789506e-01 1.561272e-10
4.950000e+00 8.000000e-02 4.049579e-02 -6.110129e+00 8.789506e-01 1.230714e-10
5.000000e+00 8.000000e-02 4.049579e-02 -6.110129e+00 8.789506e-01 9.690540e-11
5.050000e+00 8.000000e-02 4.049579e-02 -6.110129e+00 8.789506e-01 7.629321e-11
5.100000e+00 8.000000e-02 4.049579e-02 -6.110129e+00 8.789506e-01 6.014057e-11
5.150000e+00 8.000000e-02 4.049579e-02 -6.110129e+00 8.789506e-01 4.756064e-11
5.200000e+00 8.000000e-02 4.049579e-02 -6.110129e+00 8.789506e-01 3.784563e-11
5.250000e+00 8.000000e-02 4.049579e-02 -6.110129e+00 8.789506e-01 3.044127e-11
5.300000e+00 8.000000e-02 4.049579e-02 -6.110129e+00 8.789506e-01 2.492728e-11
5.350000e+00 8.000000e-02 4.049579e-02 -6.110129e+00 8.789506e-01 2.100209e-11
5.400000e+00 8.000000e-02 4.049579e-02 -6.110129e+00 8.789506e-01 1.847043e-11
5.450000e+00 8.000000e-02 4.049579e-02 -6.110129e+00 8.789506e-01 1.723677e-11
5.500000e+00 8.000000e-02 4.049579e-02 -6.110129e+00 8.789506e-01 1.730074e-11
5.550000e+00 8.000000e-02 4.049579e-02 -6.110129e+00 8.789506e-01 1.876187e-11
5.600000e+00 8.000000e-02 4.049579e-02 -6.110129e+00 8.789506e-01 2.182705e-11
5.650000e+00 8.000000e-02 4.049579e-02 -6.110129e+00 8.789506e-01 2.682556e-11
5.700000e+00 8.000000e-02 4.049579e-02 -6.110129e+00 8.789506e-01 3.423629e-11
5.750000e+00 8.000000e-02 4.049579e-02 -6.110129e+00 8.789506e-01 4.471937e-11
5.800000e+00 8.000000e-02 4.049579e-02 -6.110129e+00 8.789506e-01 5.916427e-11
5.850000e+00 8.000000e-02 4.049579e-02 -6.110129e+00 8.789506e-01 7.875575e-11
5.900000e+00 8.000000e-02 4.049579e-02 -6.110129e+00 8.789506e-01 1.050576e-10
5.950000e+00 8.000000e-02 4.049579e-02 -6.110129e+00 8.789506e-01 1.401240e-10
6.000000e+00 8.000000e-02 4.049579e-02 -6.110129e+00 8.789506e-01 1.866469e-10
6.050000e+00 8.000000e-02 4.049579e-02 -6.110129e+00 8.789506e-01 2.481468e-10
6.100000e+00 8.000000e-02 4.049579e-02 -6.110129e+00 8.789506e-01 3.292221e-10
6.150000e+00 8.000000e-02 4.049579e-02 -6.110129e+00 8.789506e-01 4.358737e-10
6.200000e+00 8.000000e-02 4.049579e-02 -6.110129e+00 8.789506e-01 5.759284e-10
6.250000e+00 8.000000e-02 4.049579e-02 -6.110129e+00 8.789506e-01 7.595872e-10
6.300000e+00 8.000000e-02 4.049579e-02 -6.110129e+00 8.789506e-01 1.000139e-09
6.350000e+00 8.000000e-02 4.049579e-02 -6.110130e+00 8.789506e-01 1.314890e-09
6.400000e+00 8.000000e-02 4.049579e-02 -6.110130e+00 8.789506e-01 1.726368e-09
6.450000e+00 8.000000e-02 4.049579e-02 -6.110130e+00 8.789506e-01 2.263888e-09
6.500000e+00 8.000000e-02 4.049579e-02 -6.110130e+00 8.789506e-01 2.965589e-09
6.550000e+00 8.000000e-02 4.049579e-02 -6.110130e+00 8.789506e-01 3.881069e-09
6.600000e+00 8.000000e-02 4.049579e-02 -6.110130e+00 8.789506e-01 5.074817e-09
6.650000e+00 8.000000e-02 4.049579e-02 -6.110130e+00 8.789506e-01 6.630661e-09
6.700000e+00 8.000000e-02 4.049579e-02 -6.110130e+00 8.789506e-01 8.657538e-09
6.750000e+00 8.000000e-02 4.049579e-02 -6.110130e+00 8.789506e-01 1.129699e-08
6.800000e+00 8.000000e-02 4.049579e-02 -6.110130e+00 8.789506e-01 1.473287e-08
6.850000e+00 8.000000e-02 4.049579e-02 -6.110130e+00 8.789506e-01 1.920396e-08
6.900000e+00 8.000000e-02 4.049578e-02 -6.110130e+00 8.789506e-01 2.502030e-08
6.950000e+00 8.000000e-02 4.049578e-02 -6.110130e+00 8.789506e-01 3.258438e-08
7.000000e+00 8.000000e-02 4.049578e-02 -6.110130e+00 8.789506e-01 4.241863e-08
7.050000e+00 8.000000e-02 4.049578e-02 -6.110131e+00 8.789505e-01 5.520096e-08
7.100000e+00 8.000000e-02 4.049578e-02 -6.110131e+00 8.789505e-01 7.181112e-08
7.150000e+00 8.000000e-02 4.049577e-02 -6.110131e+00 8.789504e-01 9.338970e-08
7.200000e+00 8.000000e-02 4.049577e-02 -6.110132e+00 8.789504e-01 1.214185e-07
7.250000e+00 8.000000e-02 4.049576e-02 -6.110133e+00 8.789503e-01 1.578106e-07
7.300000e+00 8.000000e-02 4.049575e-02 -6.110134e+00 8.789502e-01 2.050750e-07
7.350000e+00 8.000000e-02 4.049574e-02 -6.110135e+00 8.789501e-01 2.663714e-07
7.400000e+00 8.000000e-02 4.049572e-02 -6.110137e+00 8.789499e-01 3.460897e-07
7.450000e+00 8.000000e-02 4.049570e-02 -6.110139e+00 8.789497e-01 4.490122e-07
7.500000e+00 8.000000e-02 4.049568e-02 -6.110142e+00 8.789494e-01 5.840386e-07
7.550000e+00 8.000000e-02 4.049565e-02 -6.110145e+00 8.789490e-01 7.549024e-07
7.600000e+00 8.000000e-02 4.049560e-02 -6.110150e+00 8.789486e-01 9.881663e-07
7.650000e+00 8.000000e-02 4.049555e-02 -6.110157e+00 8.789479e-01 1.259782e-06
7.700000e+00 8.000000e-02 4.049548e-02 -6.110163e+00 8.789472e-01 1.690207e-06
7.750000e+00 8.000000e-02 4.049538e-02 -6.110178e+00 8.789459e-01 2.056817e-06
7.800000e+00 8.000000e-02 4.049527e-02 -6.110179e+00 8.789452e-01 2.980306e-06
7.850000e+00 8.000000e-02 4.049508e-02 -6.110227e+00 8.789420e-01 3.169915e-06
7.900000e+00 8.000000e-02 4.049495e-02 -6.110181e+00 8.789428e-01 5.576915e-06
7.950000e+00 8.000000e-02 4.049452e-02 -6.110362e+00 8.789334e-01 4.271839e-06
8.000000e+00 8.000000e-02 4.049453e-02 -6.110083e+00 8.789425e-01 1.118310e-05
8.050000e+00 8.000000e-02 4.049340e-02 -6.110772e+00 8.789130e-01 4.292772e-06
8.100000e+00 8.000000e-02 4.049410e-02 -6.109611e+00 8.789510e-01 2.286497e-05
8.150000e+00 8.000000e-02 4.049112e-02 -6.111929e+00 8.788665e-01 2.185397e-06
8.200000e+00 8.000000e-02 4.049388e-02 -6.108191e+00 8.789784e-01 4.307667e-05
8.250000e+00 8.000000e-02 4.048681e-02 -6.114580e+00 8.787799e-01 1.773903e-06
8.300000e+00 8.000000e-02 4.049370e-02 -6.105256e+00 8.790198e-01 6.728570e-05
8.350000e+00 8.000000e-02 4.048008e-02 -6.118984e+00 8.786642e-01 1.914368e-05
8.400000e+00 8.000000e-02 4.049179e-02 -6.101602e+00 8.790244e-01 8.242242e-05
8.450000e+00 8.000000e-02 4.047184e-02 -6.123261e+00 8.785708e-01 7.428995e-05
8.500000e+00 8.000000e-02 4.048436e-02 -6.100679e+00 8.789144e-01 9.316968e-05
8.550000e+00 8.000000e-02 4.046252e-02 -6.123736e+00 8.785094e-01 1.555333e-04
8.600000e+00 8.000000e-02 4.046881e-02 -6.105600e+00 8.787082e-01 1.537932e-04
8.650000e+00 8.000000e-02 4.044714e-02 -6.120861e+00 8.783261e-01 2.284826e-04
8.700000e+00 8.000000e-02 4.044596e-02 -6.112526e+00 8.785216e-01 3.058774e-04
8.750000e+00 8.000000e-02 4.041655e-02 -6.122565e+00 8.778749e-01 3.479493e-04
8.800000e+00 8.000000e-02 4.041116e-02 -6.115342e+00 8.782259e-01 5.004870e-04
8.850000e+00 8.000000e-02 4.036651e-02 -6.131391e+00 8.772843e-01 6.319321e-04
8.900000e+00 8.000000e-02 4.034797e-02 -6.120994e+00 8.774765e-01 7.824644e-04
8.950000e+00 8.000000e-02 4.028826e-02 -6.138983e+00 8.764550e-01 1.057468e-03
9.000000e+00 8.000000e-02 4.024222e-02 -6.137920e+00 8.763056e-01 1.354480e-03
9.050000e+00 8.000000e-02 4.015281e-02 -6.150932e+00 8.748282e-01 1.704972e-03
9.100000e+00 8.000000e-02 4.007173e-02 -6.158987e+00 8.744965e-01 2.248281e-03
9.150000e+00 8.000000e-02 3.992798e-02 -6.179494e+00 8.722558e-01 2.894323e-03
9.200000e+00 8.000000e-02 3.978229e-02 -6.192716e+00 8.711730e-01 3.681162e-03
9.250000e+00 8.000000e-02 3.955987e-02 -6.220386e+00 8.680996e-01 4.770146e-03
9.300000e+00 8.000000e-02 3.930528e-02 -6.255515e+00 8.658023e-01 6.142498e-03
9.350000e+00 8.000000e-02 3.894562e-02 -6.289988e+00 8.609374e-01 7.853180e-03
9.400000e+00 8.000000e-02 3.851996e-02 -6.351774e+00 8.567883e-01 1.004258e-02
9.450000e+00 8.000000e-02 3.794136e-02 -6.409604e+00 8.492319e-01 1.286842e-02
9.500000e+00 8.000000e-02 3.723312e-02 -6.512650e+00 8.416328e-01 1.635707e-02
9.550000e+00 8.000000e-02 3.630565e-02 -6.601301e+00 8.295163e-01 2.071561e-02
9.600000e+00 8.000000e-02 3.516156e-02 -6.770865e+00 8.163999e-01 2.606032e-02
9.650000e+00 8.000000e-02 3.369962e-02 -6.910959e+00 7.966708e-01 3.252562e-02
9.700000e+00 8.000000e-02 3.190899e-02 -7.171165e+00 7.742001e-01 4.000561e-02
9.750000e+00 8.000000e-02 2.969906e-02 -7.372636e+00 7.419484e-01 4.820474e-02
9.800000e+00 8.000000e-02 2.708852e-02 -7.735713e+00 7.046861e-01 5.616748e-02
9.850000e+00 8.000000e-02 2.408231e-02 -7.949476e+00 6.530852e-01 6.135011e-02
9.900000e+00 8.000000e-02 2.095351e-02 -8.311656e+00 5.955902e-01 5.771399e-02
9.950000e+00 8.000000e-02 1.831091e-02 -8.254841e+00 5.202743e-01 2.809509e-02
1.000000e+01 8.000000e-02 1.814400e-02 -8.260753e+00 0.000000e+00 0.000000e+00
0.000000e+00 1.000000e-01 2.796000e-02 -4.800000e+00 0.000000e+00 0.000000e+00
5.000000e-02 1.000000e-01 2.796128e-02 -4.799828e+00 5.386370e-01 -3.690864e-05
1.000000e-01 1.000000e-01 2.796369e-02 -4.799504e+00 5.385564e-01 -6.225641e-05
1.500000e-01 1.000000e-01 2.796751e-02 -4.798989e+00 5.385612e-01 -7.720168e-05
2.000000e-01 1.000000e-01 2.797141e-02 -4.798415e+00 5.385964e-01 -7.370944e-05
2.500000e-01 1.000000e-01 2.797488e-02 -4.797954e+00 5.386233e-01 -8.581191e-05
3.000000e-01 1.000000e-01 2.797999e-02 -4.797465e+00 5.386875e-01 -1.315874e-04
3.500000e-01 1.000000e-01 2.798804e-02 -4.796590e+00 5.388573e-01 -1.578269e-04
4.000000e-01 1.000000e-01 2.799577e-02 -4.795485e+00 5.391253e-01 -1.063930e-04
4.500000e-01 1.000000e-01 2.799868e-02 -4.795467e+00 5.394624e-01 -1.928488e-05
5.000000e-01 1.000000e-01 2.799770e-02 -4.798580e+00 5.399385e-01 -9.534153e-06
5.500000e-01 1.000000e-01 2.799963e-02 -4.806008e+00 5.406690e-01 -1.448201e-04
6.000000e-01 1.000000e-01 2.801219e-02 -4.816541e+00 5.416542e-01 -4.399076e-04
6.500000e-01 1.000000e-01 2.804362e-02 -4.826408e+00 5.427986e-01 -9.514904e-04
7.000000e-01 1.000000e-01 2.810733e-02 -4.830625e+00 5.441084e-01 -1.775809e-03
7.500000e-01 1.000000e-01 2.822120e-02 -4.824701e+00 5.457469e-01 -2.921217e-03
8.000000e-01 1.000000e-01 2.839946e-02 -4.805582e+00 5.478595e-01 -4.262359e-03
8.500000e-01 1.000000e-01 2.864744e-02 -4.771736e+00 5.504502e-01 -5.663768e-03
9.000000e-01 1.000000e-01 2.896583e-02 -4.723086e+00 5.534904e-01 -7.091508e-03
9.500000e-01 1.000000e-01 2.935659e-02 -4.661035e+00 5.570574e-01 -8.560391e-03
1.000000e+00 1.000000e-01 2.982187e-02 -4.588117e+00 5.612732e-01 -1.002971e-02
1.050000e+00 1.000000e-01 3.035956e-02 -4.506788e+00 5.661519e-01 -1.142208e-02
1.100000e+00 1.000000e-01 3.096408e-02 -4.417953e+00 5.716027e-01 -1.272237e-02
1.150000e+00 1.000000e-01 3.163180e-02 -4.320645e+00 5.775766e-01 -1.398821e-02
1.200000e+00 1.000000e-01 3.236290e-02 -4.213779e+00 5.841332e-01 -1.525647e-02
1.250000e+00 1.000000e-01 3.315745e-02 -4.098902e+00 5.913544e-01 -1.649349e-02
1.300000e+00 1.000000e-01 3.401225e-02 -3.981407e+00 5.992577e-01 -1.765518e-02
1.350000e+00 1.000000e-01 3.492296e-02 -3.868270e+00 6.078135e-01 -1.875367e-02
1.400000e+00 1.000000e-01 3.588762e-02 -3.763097e+00 6.169834e-01 -1.983811e-02
1.450000e+00 1.000000e-01 3.690678e-02 -3.661722e+00 6.266937e-01 -2.094319e-02
1.500000e+00 1.000000e-01 3.798193e-02 -3.551742e+00 6.368229e-01 -2.209329e-02
1.550000e+00 1.000000e-01 3.911610e-02 -3.416873e+00 6.473031e-01 -2.333834e-02
1.600000e+00 1.000000e-01 4.031577e-02 -3.243876e+00 6.582715e-01 -2.473781e-02
1.650000e+00 1.000000e-01 4.158989e-02 -3.028327e+00 6.701079e-01 -2.629491e-02
1.700000e+00 1.000000e-01 4.294526e-02 -2.776756e+00 6.833228e-01 -2.792960e-02
1.750000e+00 1.000000e-01 4.438285e-02 -2.505089e+00 6.984251e-01 -2.952855e-02
1.800000e+00 1.000000e-01 4.589812e-02 -2.235203e+00 7.158854e-01 -3.099730e-02
1.850000e+00 1.000000e-01 4.748258e-02 -1.991800e+00 7.361413e-01 -3.222812e-02
1.900000e+00 1.000000e-01 4.912093e-02 -1.800500e+00 7.595020e-01 -3.300783e-02
1.950000e+00 1.000000e-01 5.078336e-02 -1.686083e+00 7.859040e-01 -3.298553e-02
2.000000e+00 1.000000e-01 5.241948e-02 -1.668886e+00 8.146517e-01 -3.178370e-02
2.050000e+00 1.000000e-01 5.396173e-02 -1.758777e+00 8.443577e-01 -2.920336e-02
2.100000e+00 1.000000e-01 5.533982e-02 -1.949179e+00 8.731941e-01 -2.537795e-02
2.150000e+00 1.000000e-01 5.649952e-02 -2.215598e+00 8.993637e-01 -2.076282e-02
2.200000e+00 1.000000e-01 5.741610e-02 -2.521249e+00 9.215601e-01 -1.596983e-02
2.250000e+00 1.000000e-01 5.809651e-02 -2.827591e+00 9.392096e-01 -1.155656e-02
2.300000e+00 1.000000e-01 5.857175e-02 -3.104278e+00 9.524364e-01 -7.882797e-03
2.350000e+00 1.000000e-01 5.888479e-02 -3.334147e+00 9.618405e-01 -5.077587e-03
2.400000e+00 1.000000e-01 5.907951e-02 -3.512641e+00 9.682292e-01 -3.090386e-03
2.450000e+00 1.000000e-01 5.919382e-02 -3.643928e+00 9.724056e-01 -1.772920e-03
2.500000e+00 1.000000e-01 5.925680e-02 -3.736448e+00 9.750497e-01 -9.504067e-04
2.550000e+00 1.000000e-01 5.928887e-02 -3.799531e+00 9.766799e-01 -4.653478e-04
2.600000e+00 1.000000e-01 5.930334e-02 -3.841488e+00 9.776629e-01 -1.955203e-04
2.650000e+00 1.000000e-01 5.930842e-02 -3.868893e+00 9.782440e-01 -5.523924e-05
2.700000e+00 1.000000e-01 5.930886e-02 -3.886564e+00 9.785812e-01 1.115858e-05
2.750000e+00 1.000000e-01 5.930730e-02 -3.897857e+00 9.787730e-01 3.769413e-05
2.800000e+00 1.000000e-01 5.930509e-02 -3.905030e+00 9.788794e-01 4.410633e-05
2.850000e+00 1.000000e-01 5.930289e-02 -3.909565e+00 9.789365e-01 4.130556e-05
2.900000e+00 1.000000e-01 5.930096e-02 -3.912421e+00 9.789656e-01 3.501992e-05
2.950000e+00 1.000000e-01 5.929939e-02 -3.914213e+00 9.789793e-01 2.806705e-05
3.000000e+00 1.000000e-01 5.929816e-02 -3.915334e+00 9.789846e-01 2.169744e-05
3.050000e+00 1.000000e-01 5.929722e-02 -3.916031e+00 9.789856e-01 1.635665e-05
3.100000e+00 1.000000e-01 5.929652e-02 -3.916463e+00 9.789847e-01 1.210257e-05
3.150000e+00 1.000000e-01 5.929601e-02 -3.916728e+00 9.789831e-01 8.825761e-06
3.200000e+00 1.000000e-01 5.929564e-02 -3.916890e+00 9.789813e-01 6.360898e-06
3.250000e+00 1.000000e-01 5.929537e-02 -3.916988e+00 9.789797e-01 4.539584e-06
3.300000e+00 1.000000e-01 5.929518e-02 -3.917047e+00 9.789783e-01 3.212617e-06
3.350000e+00 1.000000e-01 5.929505e-02 -3.917081e+00 9.789772e-01 2.256932e-06
3.400000e+00 1.000000e-01 5.929496e-02 -3.917101e+00 9.789763e-01 1.575355e-06
3.450000e+00 1.000000e-01 5.929489e-02 -3.917112e+00 9.789757e-01 1.093389e-06
3.500000e+00 1.000000e-01 5.929485e-02 -3.917118e+00 9.789752e-01 7.551371e-07
3.550000e+00 1.000000e-01 5.929482e-02 -3.917122e+00 9.789748e-01 5.193516e-07
3.600000e+00 1.000000e-01 5.929480e-02 -3.917123e+00 9.789746e-01 3.559992e-07
3.650000e+00 1.000000e-01 5.929478e-02 -3.917124e+00 9.789744e-01 2.434564e-07
3.700000e+00 1.000000e-01 5.929477e-02 -3.917124e+00 9.789743e-01 1.663046e-07
3.750000e+00 1.000000e-01 5.929477e-02 -3.917125e+00 9.789742e-01 1.136437e-07
3.800000e+00 1.000000e-01 5.929476e-02 -3.917125e+00 9.789741e-01 7.782820e-08
3.850000e+00 1.000000e-01 5.929476e-02 -3.917125e+00 9.789741e-01 5.353352e-08
3.900000e+00 1.000000e-01 5.929476e-02 -3.917124e+00 9.789740e-01 3.707691e-08
3.950000e+00 1.000000e-01 5.929475e-02 -3.917124e+00 9.789740e-01 2.592756e-08
4.000000e+00 1.000000e-01 5.929475e-02 -3.917124e+00 9.789740e-01 1.835708e-08
4.050000e+00 1.000000e-01 5.929475e-02 -3.917124e+00 9.789740e-01 1.319218e-08
4.100000e+00 1.000000e-01 5.929475e-02 -3.917124e+00 9.789740e-01 9.640968e-09
4.150000e+00 1.000000e-01 5.929475e-02 -3.917124e+00 9.789740e-01 7.171906e-09
4.200000e+00 1.000000e-01 5.929475e-02 -3.917124e+00 9.789740e-01 5.429972e-09
4.250000e+00 1.000000e-01 5.929475e-02 -3.917124e+00 9.789740e-01 4.179055e-09
4.300000e+00 1.000000e-01 5.929475e-02 -3.917124e+00 9.789740e-01 3.262614e-09
4.350000e+00 1.000000e-01 5.929475e-02 -3.917124e+00 9.789740e-01 2.577002e-09
4.400000e+00 1.000000e-01 5.929475e-02 -3.917124e+00 9.789740e-01 2.053509e-09
4.450000e+00 1.000000e-01 5.929475e-02 -3.917124e+00 9.789740e-01 1.646369e-09
4.500000e+00 1.000000e-01 5.929475e-02 -3.917124e+00 9.789740e-01 1.324800e-09
4.550000e+00 1.000000e-01 5.929475e-02 -3.917124e+00 9.789740e-01 1.067781e-09
4.600000e+00 1.000000e-01 5.929475e-02 -3.917124e+00 9.789740e-01 8.606443e-10
4.650000e+00 1.000000e-01 5.929475e-02 -3.917124e+00 9.789739e-01 6.928672e-10
4.700000e+00 1.000000e-01 5.929475e-02 -3.917124e+00 9.789739e-01 5.566662e-10
4.750000e+00 1.000000e-01 5.929475e-02 -3.917124e+00 9.789739e-01 4.460959e-10
4.800000e+00 1.000000e-01 5.929475e-02 -3.917124e+00 9.789739e-01 3.564836e-10
4.850000e+00 1.000000e-01 5.929475e-02 -3.917124e+00 9.789739e-01 2.840653e-10
4.900000e+00 1.000000e-01 5.929475e-02 -3.917124e+00 9.789739e-01 2.257584e-10
4.950000e+00 1.000000e-01 5.929475e-02 -3.917124e+00 9.789739e-01 1.790124e-10
5.000000e+00 1.000000e-01 5.929475e-02 -3.917124e+00 9.789739e-01 1.417051e-10
5.050000e+00 1.000000e-01 5.929475e-02 -3.917124e+00 9.789739e-01 1.120736e-10
5.100000e+00 1.000000e-01 5.929475e-02 -3.917124e+00 9.789739e-01 8.866026e-11
5.150000e+00 1.000000e-01 5.929475e-02 -3.917124e+00 9.789739e-01 7.026962e-11
5.200000e+00 1.000000e-01 5.929475e-02 -3.917124e+00 9.789739e-01 5.593505e-11
5.250000e+00 1.000000e-01 5.929475e-02 -3.917124e+00 9.789739e-01 4.488694e-11
5.300000e+00 1.000000e-01 5.929475e-02 -3.917124e+00 9.789739e-01 3.652925e-11
5.350000e+00 1.000000e-01 5.929475e-02 -3.917124e+00 9.789739e-01 3.042136e-11
5.400000e+00 1.000000e-01 5.929475e-02 -3.917124e+00 9.789739e-01 2.626128e-11
5.450000e+00 1.000000e-01 5.929475e-02 -3.917124e+00 9.789739e-01 2.387646e-11
5.500000e+00 1.000000e-01 5.929475e-02 -3.917124e+00 9.789739e-01 2.321948e-11
5.550000e+00 1.000000e-01 5.929475e-02 -3.917124e+00 9.789739e-01 2.436974e-11
5.600000e+00 1.000000e-01 5.929475e-02 -3.917124e+00 9.789739e-01 2.754220e-11
5.650000e+00 1.000000e-01 5.929475e-02 -3.917124e+00 9.789739e-01 3.310588e-11
5.700000e+00 1.000000e-01 5.929475e-02 -3.917124e+00 9.789739e-01 4.161241e-11
5.750000e+00 1.000000e-01 5.929475e-02 -3.917124e+00 9.789739e-01 5.383465e-11
5.800000e+00 1.000000e-01 5.929475e-02 -3.917124e+00 9.789739e-01 7.082390e-11
5.850000e+00 1.000000e-01 5.929475e-02 -3.917124e+00 9.789739e-01 9.398690e-11
5.900000e+00 1.000000e-01 5.929475e-02 -3.917124e+00 9.789739e-01 1.251856e-10
5.950000e+00 1.000000e-01 5.929475e-02 -3.917124e+00 9.789739e-01 1.668702e-10
6.000000e+00 1.000000e-01 5.929475e-02 -3.917124e+00 9.789739e-01 2.222555e-10
6.050000e+00 1.000000e-01 5.929475e-02 -3.917124e+00 9.789739e-01 2.955484e-10
6.100000e+00 1.000000e-01 5.929475e-02 -3.917124e+00 9.789739e-01 3.922446e-10
6.150000e+00 1.000000e-01 5.929475e-02 -3.917124e+00 9.789739e-01 5.195196e-10
6.200000e+00 1.000000e-01 5.929475e-02 -3.917124e+00 9.789739e-01 6.867324e-10
6.250000e+00 1.000000e-01 5.929475e-02 -3.917124e+00 9.789739e-01 9.060831e-10
6.300000e+00 1.000000e-01 5.929475e-02 -3.917124e+00 9.789739e-01 1.193466e-09
6.350000e+00 1.000000e-01 5.929475e-02 -3.917124e+00 9.789739e-01 1.569580e-09
6.400000e+00 1.000000e-01 5.929475e-02 -3.917124e+00 9.789739e-01 2.061372e-09
6.450000e+00 1.000000e-01 5.929475e-02 -3.917124e+00 9.789739e-01 2.703909e-09
6.500000e+00 1.000000e-01 5.929475e-02 -3.917124e+00 9.789739e-01 3.542810e-09
6.550000e+00 1.000000e-01 5.929475e-02 -3.917124e+00 9.789739e-01 4.637407e-09
6.600000e+00 1.000000e-01 5.929475e-02 -3.917124e+00 9.789739e-01 6.064842e-09
6.650000e+00 1.000000e-01 5.929475e-02 -3.917125e+00 9.789739e-01 7.925391e-09
6.700000e+00 1.000000e-01 5.929475e-02 -3.917125e+00 9.789739e-01 1.034937e-08
6.750000e+00 1.000000e-01 5.929475e-02 -3.917125e+00 9.789739e-01 1.350608e-08
6.800000e+00 1.000000e-01 5.929475e-02 -3.917125e+00 9.789739e-01 1.761547e-08
6.850000e+00 1.000000e-01 5.929475e-02 -3.917125e+00 9.789739e-01 2.296315e-08
6.900000e+00 1.000000e-01 5.929475e-02 -3.917125e+00 9.789739e-01 2.991998e-08
6.950000e+00 1.000000e-01 5.929474e-02 -3.917125e+00 9.789739e-01 3.896740e-08
7.000000e+00 1.000000e-01 5.929474e-02 -3.917125e+00 9.789739e-01 5.073031e-08
7.050000e+00 1.000000e-01 5.929474e-02 -3.917125e+00 9.789739e-01 6.601953e-08
7.100000e+00 1.000000e-01 5.929473e-02 -3.917126e+00 9.789738e-01 8.588746e-08
7.150000e+00 1.000000e-01 5.929473e-02 -3.917126e+00 9.789738e-01 1.116978e-07
7.200000e+00 1.000000e-01 5.929472e-02 -3.917127e+00 9.789738e-01 1.452246e-07
7.250000e+00 1.000000e-01 5.929472e-02 -3.917127e+00 9.789737e-01 1.887496e-07
7.300000e+00 1.000000e-01 5.929470e-02 -3.917128e+00 9.789736e-01 2.452948e-07
7.350000e+00 1.000000e-01 5.929469e-02 -3.917129e+00 9.789735e-01 3.185704e-07
7.400000e+00 1.000000e-01 5.929467e-02 -3.917131e+00 9.789734e-01 4.140383e-07
7.450000e+00 1.000000e-01 5.929465e-02 -3.917133e+00 9.789732e-01 5.367848e-07
7.500000e+00 1.000000e-01 5.929462e-02 -3.917135e+00 9.789730e-01 6.992781e-07
7.550000e+00 1.000000e-01 5.929458e-02 -3.917139e+00 9.789727e-01 9.008950e-07
7.600000e+00 1.000000e-01 5.929453e-02 -3.917142e+00 9.789724e-01 1.187078e-06
7.650000e+00 1.000000e-01 5.929446e-02 -3.917151e+00 9.789719e-01 1.493632e-06
7.700000e+00 1.000000e-01 5.929438e-02 -3.917150e+00 9.789714e-01 2.052926e-06
7.750000e+00 1.000000e-01 5.929426e-02 -3.917180e+00 9.789702e-01 2.387278e-06
7.800000e+00 1.000000e-01 5.929414e-02 -3.917144e+00 9.789701e-01 3.724274e-06
7.850000e+00 1.000000e-01 5.929388e-02 -3.917271e+00 9.789667e-01 3.454659e-06
7.900000e+00 1.000000e-01 5.929380e-02 -3.917047e+00 9.789696e-01 7.340607e-06
7.950000e+00 1.000000e-01 5.929315e-02 -3.917589e+00 9.789578e-01 3.840341e-06
8.000000e+00 1.000000e-01 5.929341e-02 -3.916590e+00 9.789738e-01 1.562866e-05
8.050000e+00 1.000000e-01 5.929159e-02 -3.918616e+00 9.789346e-01 1.379458e-06
8.100000e+00 1.000000e-01 5.929327e-02 -3.915073e+00 9.789929e-01 3.313504e-05
8.150000e+00 1.000000e-01 5.928827e-02 -3.921354e+00 9.788807e-01 -5.580911e-06
8.200000e+00 1.000000e-01 5.929383e-02 -3.911376e+00 9.790392e-01 6.192566e-05
8.250000e+00 1.000000e-01 5.928208e-02 -3.926870e+00 9.787842e-01 -9.408950e-06
8.300000e+00 1.000000e-01 5.929477e-02 -3.905176e+00 9.791027e-01 9.082269e-05
8.350000e+00 1.000000e-01 5.927300e-02 -3.934231e+00 9.786713e-01 1.674993e-05
8.400000e+00 1.000000e-01 5.929310e-02 -3.899542e+00 9.791167e-01 9.778382e-05
8.450000e+00 1.000000e-01 5.926322e-02 -3.938546e+00 9.786111e-01 9.677348e-05
8.500000e+00 1.000000e-01 5.928342e-02 -3.900481e+00 9.790081e-01 1.000842e-04
8.550000e+00 1.000000e-01 5.925321e-02 -3.935712e+00 9.785894e-01 1.927598e-04
8.600000e+00 1.000000e-01 5.926414e-02 -3.907868e+00 9.788571e-01 1.900198e-04
8.650000e+00 1.000000e-01 5.923421e-02 -3.932835e+00 9.783991e-01 2.509760e-04
8.700000e+00 1.000000e-01 5.923905e-02 -3.910464e+00 9.788146e-01 3.967891e-04
8.750000e+00 1.000000e-01 5.919453e-02 -3.941070e+00 9.779581e-01 3.915472e-04
8.800000e+00 1.000000e-01 5.919989e-02 -3.906709e+00 9.786461e-01 6.027775e-04
8.850000e+00 1.000000e-01 5.913425e-02 -3.951425e+00 9.775409e-01 7.698739e-04
8.900000e+00 1.000000e-01 5.912290e-02 -3.914483e+00 9.780166e-01 9.219273e-04
8.950000e+00 1.000000e-01 5.904206e-02 -3.953989e+00 9.769472e-01 1.256418e-03
9.000000e+00 1.000000e-01 5.899726e-02 -3.931018e+00 9.772181e-01 1.652443e-03
9.050000e+00 1.000000e-01 5.887682e-02 -3.969245e+00 9.755816e-01 2.007807e-03
9.100000e+00 1.000000e-01 5.879648e-02 -3.943830e+00 9.759717e-01 2.697789e-03
9.150000e+00 1.000000e-01 5.860704e-02 -3.998407e+00 9.736694e-01 3.480998e-03
9.200000e+00 1.000000e-01 5.844838e-02 -3.977138e+00 9.734164e-01 4.405035e-03
9.250000e+00 1.000000e-01 5.816653e-02 -4.032628e+00 9.705428e-01 5.695790e-03
9.300000e+00 1.000000e-01 5.787880e-02 -4.034631e+00 9.695398e-01 7.409257e-03
9.350000e+00 1.000000e-01 5.742561e-02 -4.101852e+00 9.650136e-01 9.423831e-03
9.400000e+00 1.000000e-01 5.693642e-02 -4.120883e+00 9.628108e-01 1.209234e-02
9.450000e+00 1.000000e-01 5.621637e-02 -4.214963e+00 9.562100e-01 1.552435e-02
9.500000e+00 1.000000e-01 5.538398e-02 -4.274973e+00 9.514260e-01 1.984572e-02
9.550000e+00 1.000000e-01 5.423180e-02 -4.402714e+00 9.410424e-01 2.516424e-02
9.600000e+00 1.000000e-01 5.286756e-02 -4.524725e+00 9.322630e-01 3.191778e-02
9.650000e+00 1.000000e-01 5.104002e-02 -4.723265e+00 9.155325e-01 4.008019e-02
9.700000e+00 1.000000e-01 4.885954e-02 -4.937779e+00 8.993159e-01 4.996394e-02
9.750000e+00 1.000000e-01 4.604363e-02 -5.249463e+00 8.714762e-01 6.099035e-02
9.800000e+00 1.000000e-01 4.276051e-02 -5.588509e+00 8.423116e-01 7.300012e-02
9.850000e+00 1.000000e-01 3.874362e-02 -6.069781e+00 7.946340e-01 8.271301e-02
9.900000e+00 1.000000e-01 3.448921e-02 -6.468145e+00 7.416580e-01 8.573417e-02
9.950000e+00 1.000000e-01 3.017020e-02 -7.044544e+00 6.549614e-01 6.529206e-02
1.000000e+01 1.000000e-01 2.796000e-02 -6.969040e+00 0.000000e+00 0.000000e+00
0.000000e+00 1.200000e-01 3.969600e-02 -4.560000e+00 0.000000e+00 0.000000e+00
5.000000e-02 1.200000e-01 3.969390e-02 -4.559873e+00 6.322179e-01 1.397869e-05
1.000000e-01 1.200000e-01 3.969460e-02 -4.559687e+00 6.321294e-01 -4.622900e-05
1.500000e-01 1.200000e-01 3.969852e-02 -4.559461e+00 6.321425e-01 -8.448193e-05
2.000000e-01 1.200000e-01 3.970305e-02 -4.559109e+00 6.321758e-01 -8.282506e-05
2.500000e-01 1.200000e-01 3.970680e-02 -4.558610e+00 6.321719e-01 -9.942749e-05
3.000000e-01 1.200000e-01 3.971299e-02 -4.558045e+00 6.322087e-01 -1.770969e-04
3.500000e-01 1.200000e-01 3.972451e-02 -4.557423e+00 6.323905e-01 -2.475115e-04
4.000000e-01 1.200000e-01 3.973774e-02 -4.556523e+00 6.326773e-01 -2.282352e-04
4.500000e-01 1.200000e-01 3.974734e-02 -4.555228e+00 6.329871e-01 -1.827570e-04
5.000000e-01 1.200000e-01 3.975602e-02 -4.554148e+00 6.334207e-01 -2.615819e-04
5.500000e-01 1.200000e-01 3.977349e-02 -4.554508e+00 6.341732e-01 -5.119598e-04
6.000000e-01 1.200000e-01 3.980722e-02 -4.556832e+00 6.352352e-01 -8.888490e-04
6.500000e-01 1.200000e-01 3.986238e-02 -4.559541e+00 6.363962e-01 -1.443182e-03
7.000000e-01 1.200000e-01 3.995153e-02 -4.559095e+00 6.375738e-01 -2.332242e-03
7.500000e-01 1.200000e-01 4.009560e-02 -4.551782e+00 6.389337e-01 -3.600068e-03
8.000000e-01 1.200000e-01 4.031154e-02 -4.535365e+00 6.406249e-01 -5.085530e-03
8.500000e-01 1.200000e-01 4.060416e-02 -4.508834e+00 6.425814e-01 -6.615526e-03
9.000000e-01 1.200000e-01 4.097309e-02 -4.470844e+00 6.446973e-01 -8.181187e-03
9.500000e-01 1.200000e-01 4.142228e-02 -4.419404e+00 6.470620e-01 -9.840880e-03
1.000000e+00 1.200000e-01 4.195718e-02 -4.354246e+00 6.498796e-01 -1.154104e-02
1.050000e+00 1.200000e-01 4.257638e-02 -4.279349e+00 6.532300e-01 -1.314959e-02
1.100000e+00 1.200000e-01 4.327214e-02 -4.201311e+00 6.570349e-01 -1.463101e-02
1.150000e+00 1.200000e-01 4.403948e-02 -4.123111e+00 6.612267e-01 -1.607788e-02
1.200000e+00 1.200000e-01 4.487993e-02 -4.039210e+00 6.658232e-01 -1.756427e-02
1.250000e+00 1.200000e-01 4.579591e-02 -3.938684e+00 6.708533e-01 -1.905698e-02
1.300000e+00 1.200000e-01 4.678563e-02 -3.815905e+00 6.763458e-01 -2.049329e-02
1.350000e+00 1.200000e-01 4.784524e-02 -3.679814e+00 6.824327e-01 -2.186822e-02
1.400000e+00 1.200000e-01 4.897245e-02 -3.552266e+00 6.893368e-01 -2.320058e-02
1.450000e+00 1.200000e-01 5.016529e-02 -3.454737e+00 6.971354e-01 -2.447572e-02
1.500000e+00 1.200000e-01 5.142002e-02 -3.392438e+00 7.055587e-01 -2.569543e-02
1.550000e+00 1.200000e-01 5.273484e-02 -3.347147e+00 7.141117e-01 -2.696631e-02
1.600000e+00 1.200000e-01 5.411665e-02 -3.283757e+00 7.224412e-01 -2.847089e-02
1.650000e+00 1.200000e-01 5.558193e-02 -3.166025e+00 7.306023e-01 -3.033055e-02
1.700000e+00 1.200000e-01 5.714971e-02 -2.971879e+00 7.390531e-01 -3.252681e-02
1.750000e+00 1.200000e-01 5.883461e-02 -2.700657e+00 7.485166e-01 -3.496250e-02
1.800000e+00 1.200000e-01 6.064596e-02 -2.370723e+00 7.598949e-01 -3.754667e-02
1.850000e+00 1.200000e-01 6.258927e-02 -2.011653e+00 7.742197e-01 -4.015263e-02
1.900000e+00 1.200000e-01 6.466122e-02 -1.656848e+00 7.924808e-01 -4.246801e-02
1.950000e+00 1.200000e-01 6.683607e-02 -1.339475e+00 8.152641e-01 -4.391826e-02
2.000000e+00 1.200000e-01 6.905304e-02 -1.090343e+00 8.423472e-01 -4.380992e-02
2.050000e+00 1.200000e-01 7.121707e-02 -9.346665e-01 8.725147e-01 -4.164684e-02
2.100000e+00 1.200000e-01 7.321773e-02 -8.864911e-01 9.037546e-01 -3.741182e-02
2.150000e+00 1.200000e-01 7.495825e-02 -9.431284e-01 9.337765e-01 -3.162200e-02
2.200000e+00 1.200000e-01 7.637993e-02 -1.084018e+00 9.606088e-01 -2.513088e-02
2.250000e+00 1.200000e-01 7.747134e-02 -1.276367e+00 9.830183e-01 -1.881407e-02
2.300000e+00 1.200000e-01 7.826134e-02 -1.485127e+00 1.000620e+00 -1.331523e-02
2.350000e+00 1.200000e-01 7.880286e-02 -1.682085e+00 1.013719e+00 -8.946989e-03
2.400000e+00 1.200000e-01 7.915603e-02 -1.850276e+00 1.023028e+00 -5.732498e-03
2.450000e+00 1.200000e-01 7.937611e-02 -1.983521e+00 1.029397e+00 -3.514897e-03
2.500000e+00 1.200000e-01 7.950752e-02 -2.083193e+00 1.033620e+00 -2.066700e-03
2.550000e+00 1.200000e-01 7.958278e-02 -2.154563e+00 1.036354e+00 -1.164575e-03
2.600000e+00 1.200000e-01 7.962398e-02 -2.204017e+00 1.038091e+00 -6.255692e-04
2.650000e+00 1.200000e-01 7.964534e-02 -2.237470e+00 1.039178e+00 -3.157710e-04
2.700000e+00 1.200000e-01 7.965556e-02 -2.259711e+00 1.039850e+00 -1.445847e-04
2.750000e+00 1.200000e-01 7.965979e-02 -2.274320e+00 1.040262e+00 -5.419594e-05
2.800000e+00 1.200000e-01 7.966098e-02 -2.283838e+00 1.040513e+00 -9.329394e-06
2.850000e+00 1.200000e-01 7.966073e-02 -2.290003e+00 1.040663e+00 1.078056e-05
2.900000e+00 1.200000e-01 7.965990e-02 -2.293981e+00 1.040753e+00 1.799179e-05
2.950000e+00 1.200000e-01 7.965893e-02 -2.296540e+00 1.040806e+00 1.888425e-05
3.000000e+00 1.200000e-01 7.965801e-02 -2.298181e+00 1.040836e+00 1.699653e-05
3.050000e+00 1.200000e-01 7.965723e-02 -2.299231e+00 1.040854e+00 1.415590e-05
3.100000e+00 1.200000e-01 7.965660e-02 -2.299902e+00 1.040863e+00 1.124922e-05
3.150000e+00 1.200000e-01 7.965610e-02 -2.300328e+00 1.040868e+00 8.660701e-06
3.200000e+00 1.200000e-01 7.965573e-02 -2.300599e+00 1.040871e+00 6.516262e-06
3.250000e+00 1.200000e-01 7.965545e-02 -2.300769e+00 1.040872e+00 4.817174e-06
3.300000e+00 1.200000e-01 7.965525e-02 -2.300877e+00 1.040872e+00 3.511372e-06
3.350000e+00 1.200000e-01 7.965510e-02 -2.300944e+00 1.040872e+00 2.530046e-06
3.400000e+00 1.200000e-01 7.965500e-02 -2.300986e+00 1.040872e+00 1.805254e-06
3.450000e+00 1.200000e-01 7.965492e-02 -2.301012e+00 1.040871e+00 1.277382e-06
3.500000e+00 1.200000e-01 7.965487e-02 -2.301029e+00 1.040871e+00 8.973978e-07
3.550000e+00 1.200000e-01 7.965483e-02 -2.301038e+00 1.040871e+00 6.265930e-07
3.600000e+00 1.200000e-01 7.965481e-02 -2.301045e+00 1.040871e+00 4.352756e-07
3.650000e+00 1.200000e-01 7.965479e-02 -2.301048e+00 1.040871e+00 3.011527e-07
3.700000e+00 1.200000e-01 7.965478e-02 -2.301051e+00 1.040871e+00 2.077672e-07
3.750000e+00 1.200000e-01 7.965477e-02 -2.301052e+00 1.040871e+00 1.431371e-07
3.800000e+00 1.200000e-01 7.965476e-02 -2.301053e+00 1.040871e+00 9.863994e-08
3.850000e+00 1.200000e-01 7.965476e-02 -2.301053e+00 1.040871e+00 6.813474e-08
3.900000e+00 1.200000e-01 7.965475e-02 -2.301054e+00 1.040871e+00 4.728745e-08
3.950000e+00 1.200000e-01 7.965475e-02 -2.301054e+00 1.040870e+00 3.306509e-08
4.000000e+00 1.200000e-01 7.965475e-02 -2.301054e+00 1.040870e+00 2.336178e-08
4.050000e+00 1.200000e-01 7.965475e-02 -2.301054e+00 1.040870e+00 1.672614e-08
4.100000e+00 1.200000e-01 7.965475e-02 -2.301054e+00 1.040870e+00 1.216496e-08
4.150000e+00 1.200000e-01 7.965475e-02 -2.301054e+00 1.040870e+00 9.003151e-09
4.200000e+00 1.200000e-01 7.965475e-02 -2.301054e+00 1.040870e+00 6.784757e-09
4.250000e+00 1.200000e-01 7.965475e-02 -2.301054e+00 1.040870e+00 5.203638e-09
4.300000e+00 1.200000e-01 7.965475e-02 -2.301054e+00 1.040870e+00 4.055275e-09
4.350000e+00 1.200000e-01 7.965475e-02 -2.301054e+00 1.040870e+00 3.203560e-09
4.400000e+00 1.200000e-01 7.965475e-02 -2.301054e+00 1.040870e+00 2.558087e-09
4.450000e+00 1.200000e-01 7.965475e-02 -2.301054e+00 1.040870e+00 2.058756e-09
4.500000e+00 1.200000e-01 7.965475e-02 -2.301054e+00 1.040870e+00 1.665413e-09
4.550000e+00 1.200000e-01 7.965475e-02 -2.301054e+00 1.040870e+00 1.350961e-09
4.600000e+00 1.200000e-01 7.965475e-02 -2.301054e+00 1.040870e+00 1.096805e-09
4.650000e+00 1.200000e-01 7.965475e-02 -2.301054e+00 1.040870e+00 8.898800e-10
4.700000e+00 1.200000e-01 7.965475e-02 -2.301054e+00 1.040870e+00 7.207271e-10
4.750000e+00 1.200000e-01 7.965475e-02 -2.301054e+00 1.040870e+00 5.822655e-10
4.800000e+00 1.200000e-01 7.965475e-02 -2.301054e+00 1.040870e+00 4.690133e-10
4.850000e+00 1.200000e-01 7.965475e-02 -2.301054e+00 1.040870e+00 3.765960e-10
4.900000e+00 1.200000e-01 7.965475e-02 -2.301054e+00 1.040870e+00 3.014393e-10
4.950000e+00 1.200000e-01 7.965475e-02 -2.301054e+00 1.040870e+00 2.405753e-10
5.000000e+00 1.200000e-01 7.965475e-02 -2.301054e+00 1.040870e+00 1.915169e-10
5.050000e+00 1.200000e-01 7.965475e-02 -2.301054e+00 1.040870e+00 1.521734e-10
5.100000e+00 1.200000e-01 7.965475e-02 -2.301054e+00 1.040870e+00 1.207932e-10
5.150000e+00 1.200000e-01 7.965475e-02 -2.301054e+00 1.040870e+00 9.591772e-11
5.200000e+00 1.200000e-01 7.965475e-02 -2.301054e+00 1.040870e+00 7.634698e-11
5.250000e+00 1.200000e-01 7.965475e-02 -2.301054e+00 1.040870e+00 6.110792e-11
5.300000e+00 1.200000e-01 7.965475e-02 -2.301054e+00 1.040870e+00 4.943018e-11
5.350000e+00 1.200000e-01 7.965475e-02 -2.301054e+00 1.040870e+00 4.072770e-11
5.400000e+00 1.200000e-01 7.965475e-02 -2.301054e+00 1.040870e+00 3.457928e-11
5.450000e+00 1.200000e-01 7.965475e-02 -2.301054e+00 1.040870e+00 3.072015e-11
5.500000e+00 1.200000e-01 7.965475e-02 -2.301054e+00 1.040870e+00 2.903566e-11
5.550000e+00 1.200000e-01 7.965475e-02 -2.301054e+00 1.040870e+00 2.956385e-11
5.600000e+00 1.200000e-01 7.965475e-02 -2.301054e+00 1.040870e+00 3.250261e-11
5.650000e+00 1.200000e-01 7.965475e-02 -2.301054e+00 1.040870e+00 3.823053e-11
5.700000e+00 1.200000e-01 7.965475e-02 -2.301054e+00 1.040870e+00 4.733783e-11
5.750000e+00 1.200000e-01 7.965475e-02 -2.301054e+00 1.040870e+00 6.066717e-11
5.800000e+00 1.200000e-01 7.965475e-02 -2.301054e+00 1.040870e+00 7.937914e-11
5.850000e+00 1.200000e-01 7.965475e-02 -2.301054e+00 1.040870e+00 1.050357e-10
5.900000e+00 1.200000e-01 7.965475e-02 -2.301054e+00 1.040870e+00 1.397114e-10
5.950000e+00 1.200000e-01 7.965475e-02 -2.301054e+00 1.040870e+00 1.861436e-10
6.000000e+00 1.200000e-01 7.965475e-02 -2.301054e+00 1.040870e+00 2.479275e-10
6.050000e+00 1.200000e-01 7.965475e-02 -2.301054e+00 1.040870e+00 3.297704e-10
6.100000e+00 1.200000e-01 7.965475e-02 -2.301054e+00 1.040870e+00 4.378257e-10
6.150000e+00 1.200000e-01 7.965475e-02 -2.301054e+00 1.040870e+00 5.801291e-10
6.200000e+00 1.200000e-01 7.965475e-02 -2.301054e+00 1.040870e+00 7.671633e-10
6.250000e+00 1.200000e-01 7.965475e-02 -2.301054e+00 1.040870e+00 1.012594e-09
6.300000e+00 1.200000e-01 7.965475e-02 -2.301054e+00 1.040870e+00 1.334225e-09
6.350000e+00 1.200000e-01 7.965475e-02 -2.301054e+00 1.040870e+00 1.755243e-09
6.400000e+00 1.200000e-01 7.965475e-02 -2.301054e+00 1.040870e+00 2.305834e-09
6.450000e+00 1.200000e-01 7.965475e-02 -2.301055e+00 1.040870e+00 3.025277e-09
6.500000e+00 1.200000e-01 7.965475e-02 -2.301055e+00 1.040870e+00 3.964671e-09
6.550000e+00 1.200000e-01 7.965475e-02 -2.301055e+00 1.040870e+00 5.190472e-09
6.600000e+00 1.200000e-01 7.965475e-02 -2.301055e+00 1.040870e+00 6.789083e-09
6.650000e+00 1.200000e-01 7.965475e-02 -2.301055e+00 1.040870e+00 8.872811e-09
6.700000e+00 1.200000e-01 7.965474e-02 -2.301055e+00 1.040870e+00 1.158760e-08
6.750000e+00 1.200000e-01 7.965474e-02 -2.301055e+00 1.040870e+00 1.512305e-08
6.800000e+00 1.200000e-01 7.965474e-02 -2.301055e+00 1.040870e+00 1.972544e-08
6.850000e+00 1.200000e-01 7.965474e-02 -2.301055e+00 1.040870e+00 2.571459e-08
6.900000e+00 1.200000e-01 7.965474e-02 -2.301055e+00 1.040870e+00 3.350575e-08
6.950000e+00 1.200000e-01 7.965474e-02 -2.301055e+00 1.040870e+00 4.363792e-08
7.000000e+00 1.200000e-01 7.965474e-02 -2.301055e+00 1.040870e+00 5.681071e-08
7.050000e+00 1.200000e-01 7.965473e-02 -2.301055e+00 1.040870e+00 7.393170e-08
7.100000e+00 1.200000e-01 7.965473e-02 -2.301055e+00 1.040870e+00 9.617919e-08
7.150000e+00 1.200000e-01 7.965472e-02 -2.301056e+00 1.040870e+00 1.250785e-07
7.200000e+00 1.200000e-01 7.965472e-02 -2.301056e+00 1.040870e+00 1.626186e-07
7.250000e+00 1.200000e-01 7.965471e-02 -2.301057e+00 1.040870e+00 2.113421e-07
7.300000e+00 1.200000e-01 7.965470e-02 -2.301057e+00 1.040870e+00 2.746654e-07
7.350000e+00 1.200000e-01 7.965468e-02 -2.301058e+00 1.040870e+00 3.566311e-07
7.400000e+00 1.200000e-01 7.965466e-02 -2.301059e+00 1.040870e+00 4.636825e-07
7.450000e+00 1.200000e-01 7.965463e-02 -2.301061e+00 1.040870e+00 6.005282e-07
7.500000e+00 1.200000e-01 7.965460e-02 -2.301063e+00 1.040870e+00 7.839206e-07
7.550000e+00 1.200000e-01 7.965455e-02 -2.301066e+00 1.040870e+00 1.005427e-06
7.600000e+00 1.200000e-01 7.965450e-02 -2.301066e+00 1.040869e+00 1.336453e-06
7.650000e+00 1.200000e-01 7.965442e-02 -2.301079e+00 1.040869e+00 1.652478e-06
7.700000e+00 1.200000e-01 7.965433e-02 -2.301064e+00 1.040869e+00 2.343281e-06
7.750000e+00 1.200000e-01 7.965419e-02 -2.301120e+00 1.040868e+00 2.567345e-06
7.800000e+00 1.200000e-01 7.965408e-02 -2.301016e+00 1.040868e+00 4.394064e-06
7.850000e+00 1.200000e-01 7.965375e-02 -2.301283e+00 1.040865e+00 3.395984e-06
7.900000e+00 1.200000e-01 7.965374e-02 -2.300751e+00 1.040869e+00 9.135845e-06
7.950000e+00 1.200000e-01 7.965283e-02 -2.301894e+00 1.040856e+00 2.581472e-06
8.000000e+00 1.200000e-01 7.965348e-02 -2.299724e+00 1.040876e+00 2.047813e-05
8.050000e+00 1.200000e-01 7.965079e-02 -2.303848e+00 1.040833e+00 -3.340027e-06
8.100000e+00 1.200000e-01 7.965381e-02 -2.296676e+00 1.040900e+00 4.442198e-05
8.150000e+00 1.200000e-01 7.964634e-02 -2.308764e+00 1.040780e+00 -1.636306e-05
8.200000e+00 1.200000e-01 7.965545e-02 -2.289980e+00 1.040953e+00 8.167265e-05
8.250000e+00 1.200000e-01 7.963818e-02 -2.317741e+00 1.040687e+00 -2.361277e-05
8.300000e+00 1.200000e-01 7.965781e-02 -2.280133e+00 1.041022e+00 1.124212e-04
8.350000e+00 1.200000e-01 7.962693e-02 -2.327827e+00 1.040590e+00 1.353953e-05
8.400000e+00 1.200000e-01 7.965646e-02 -2.273196e+00 1.041038e+00 1.065230e-04
8.450000e+00 1.200000e-01 7.961628e-02 -2.331043e+00 1.040556e+00 1.177437e-04
8.500000e+00 1.200000e-01 7.964468e-02 -2.276490e+00 1.040946e+00 1.018380e-04
8.550000e+00 1.200000e-01 7.960610e-02 -2.325505e+00 1.040547e+00 2.159191e-04
8.600000e+00 1.200000e-01 7.962309e-02 -2.283359e+00 1.040864e+00 2.299280e-04
8.650000e+00 1.200000e-01 7.958311e-02 -2.326751e+00 1.040347e+00 2.455118e-04
8.700000e+00 1.200000e-01 7.959854e-02 -2.276979e+00 1.040930e+00 4.822797e-04
8.750000e+00 1.200000e-01 7.953488e-02 -2.342951e+00 1.039955e+00 4.153104e-04
8.800000e+00 1.200000e-01 7.955701e-02 -2.267804e+00 1.040837e+00 6.673395e-04
8.850000e+00 1.200000e-01 7.946814e-02 -2.350120e+00 1.039709e+00 8.837528e-04
8.900000e+00 1.200000e-01 7.946863e-02 -2.279141e+00 1.040335e+00 1.019976e-03
8.950000e+00 1.200000e-01 7.936615e-02 -2.348720e+00 1.039288e+00 1.376851e-03
9.000000e+00 1.200000e-01 7.933095e-02 -2.287024e+00 1.039898e+00 1.900695e-03
9.050000e+00 1.200000e-01 7.917608e-02 -2.371290e+00 1.038169e+00 2.203567e-03
9.100000e+00 1.200000e-01 7.911059e-02 -2.287495e+00 1.039121e+00 3.013167e-03
9.150000e+00 1.200000e-01 7.887476e-02 -2.394353e+00 1.036880e+00 3.916434e-03
9.200000e+00 1.200000e-01 7.871895e-02 -2.317027e+00 1.037271e+00 4.931812e-03
9.250000e+00 1.200000e-01 7.838158e-02 -2.420088e+00 1.034644e+00 6.320777e-03
9.300000e+00 1.200000e-01 7.808687e-02 -2.352787e+00 1.034777e+00 8.354157e-03
9.350000e+00 1.200000e-01 7.754616e-02 -2.483436e+00 1.030611e+00 1.054478e-02
9.400000e+00 1.200000e-01 7.703239e-02 -2.413475e+00 1.030098e+00 1.356403e-02
9.450000e+00 1.200000e-01 7.618976e-02 -2.572075e+00 1.024484e+00 1.742233e-02
9.500000e+00 1.200000e-01 7.529016e-02 -2.528553e+00 1.022218e+00 2.242413e-02
9.550000e+00 1.200000e-01 7.394735e-02 -2.729629e+00 1.013541e+00 2.838082e-02
9.600000e+00 1.200000e-01 7.245208e-02 -2.713408e+00 1.008755e+00 3.626425e-02
9.650000e+00 1.200000e-01 7.032092e-02 -3.001751e+00 9.951579e-01 4.570449e-02
9.700000e+00 1.200000e-01 6.788163e-02 -3.036208e+00 9.848507e-01 5.762814e-02
9.750000e+00 1.200000e-01 6.455811e-02 -3.473126e+00 9.621359e-01 7.100643e-02
9.800000e+00 1.200000e-01 6.078099e-02 -3.576659e+00 9.411898e-01 8.690436e-02
9.850000e+00 1.200000e-01 5.586767e-02 -4.288175e+00 9.003096e-01 1.016116e-01
9.900000e+00 1.200000e-01 5.061983e-02 -4.429279e+00 8.541488e-01 1.135830e-01
9.950000e+00 1.200000e-01 4.450937e-02 -5.529195e+00 7.670018e-01 1.092383e-01
1.000000e+01 1.200000e-01 3.969600e-02 -5.360467e+00 0.000000e+00 0.000000e+00
0.000000e+00 1.400000e-01 5.325600e-02 -4.320000e+00 0.000000e+00 0.000000e+00
5.000000e-02 1.400000e-01 5.325000e-02 -4.319925e+00 7.209847e-01 7.132817e-05
1.000000e-01 1.400000e-01 5.324887e-02 -4.319788e+00 7.208890e-01 -3.209264e-05
1.500000e-01 1.400000e-01 5.325321e-02 -4.319555e+00 7.209262e-01 -9.577290e-05
2.000000e-01 1.400000e-01 5.325844e-02 -4.319296e+00 7.209702e-01 -8.547265e-05
2.500000e-01 1.400000e-01 5.326176e-02 -4.319070e+00 7.209252e-01 -9.894026e-05
3.000000e-01 1.400000e-01 5.326834e-02 -4.318590e+00 7.209173e-01 -2.190259e-04
3.500000e-01 1.400000e-01 5.328366e-02 -4.317678e+00 7.211173e-01 -3.452795e-04
4.000000e-01 1.400000e-01 5.330287e-02 -4.316745e+00 7.214387e-01 -3.450222e-04
4.500000e-01 1.400000e-01 5.331816e-02 -4.316075e+00 7.216975e-01 -3.166323e-04
5.000000e-01 1.400000e-01 5.333453e-02 -4.314944e+00 7.220101e-01 -4.839765e-04
5.500000e-01 1.400000e-01 5.336656e-02 -4.312526e+00 7.226819e-01 -8.706357e-04
6.000000e-01 1.400000e-01 5.342159e-02 -4.309602e+00 7.237196e-01 -1.329128e-03
6.500000e-01 1.400000e-01 5.349947e-02 -4.307844e+00 7.248004e-01 -1.886940e-03
7.000000e-01 1.400000e-01 5.361029e-02 -4.306330e+00 7.257678e-01 -2.790803e-03
7.500000e-01 1.400000e-01 5.377855e-02 -4.300048e+00 7.268219e-01 -4.141637e-03
8.000000e-01 1.400000e-01 5.402445e-02 -4.284127e+00 7.281357e-01 -5.721427e-03
8.500000e-01 1.400000e-01 5.435070e-02 -4.259689e+00 7.295836e-01 -7.292748e-03
9.000000e-01 1.400000e-01 5.475373e-02 -4.232504e+00 7.310002e-01 -8.883756e-03
9.500000e-01 1.400000e-01 5.523907e-02 -4.203450e+00 7.324712e-01 -1.063331e-02
1.000000e+00 1.400000e-01 5.581706e-02 -4.162875e+00 7.341830e-01 -1.249690e-02
1.050000e+00 1.400000e-01 5.648876e-02 -4.099772e+00 7.361703e-01 -1.428421e-02
1.100000e+00 1.400000e-01 5.724548e-02 -4.018212e+00 7.384167e-01 -1.592104e-02
1.150000e+00 1.400000e-01 5.808087e-02 -3.939811e+00 7.410689e-01 -1.750350e-02
1.200000e+00 1.400000e-01 5.899583e-02 -3.883588e+00 7.442773e-01 -1.910715e-02
1.250000e+00 1.400000e-01 5.999158e-02 -3.841733e+00 7.478524e-01 -2.070255e-02
1.300000e+00 1.400000e-01 6.106608e-02 -3.778862e+00 7.513727e-01 -2.228692e-02
1.350000e+00 1.400000e-01 6.222027e-02 -3.660952e+00 7.547702e-01 -2.395005e-02
1.400000e+00 1.400000e-01 6.346109e-02 -3.489478e+00 7.586502e-01 -2.571921e-02
1.450000e+00 1.400000e-01 6.479219e-02 -3.309229e+00 7.638490e-01 -2.743193e-02
1.500000e+00 1.400000e-01 6.620428e-02 -3.181338e+00 7.706658e-01 -2.888378e-02
1.550000e+00 1.400000e-01 6.768057e-02 -3.141682e+00 7.785557e-01 -3.009138e-02
1.600000e+00 1.400000e-01 6.921342e-02 -3.174989e+00 7.864919e-01 -3.133407e-02
1.650000e+00 1.400000e-01 7.081398e-02 -3.221324e+00 7.935667e-01 -3.293966e-02
1.700000e+00 1.400000e-01 7.250739e-02 -3.207623e+00 7.994026e-01 -3.509532e-02
1.750000e+00 1.400000e-01 7.432351e-02 -3.082175e+00 8.043260e-01 -3.786526e-02
1.800000e+00 1.400000e-01 7.629391e-02 -2.832230e+00 8.094023e-01 -4.127851e-02
1.850000e+00 1.400000e-01 7.845136e-02 -2.479946e+00 8.163104e-01 -4.526247e-02
1.900000e+00 1.400000e-01 8.082016e-02 -2.066817e+00 8.269594e-01 -4.942560e-02
1.950000e+00 1.400000e-01 8.339392e-02 -1.639385e+00 8.428726e-01 -5.293210e-02
2.000000e+00 1.400000e-01 8.611337e-02 -1.241138e+00 8.645670e-01 -5.468392e-02
2.050000e+00 1.400000e-01 8.886231e-02 -9.084833e-01 8.912437e-01 -5.376631e-02
2.100000e+00 1.400000e-01 9.149000e-02 -6.674529e-01 9.209618e-01 -4.988268e-02
2.150000e+00 1.400000e-01 9.385058e-02 -5.300434e-01 9.512053e-01 -4.350452e-02
2.200000e+00 1.400000e-01 9.584045e-02 -4.917735e-01 9.795733e-01 -3.566655e-02
2.250000e+00 1.400000e-01 9.741724e-02 -5.331529e-01 1.004312e+00 -2.756087e-02
2.300000e+00 1.400000e-01 9.859654e-02 -6.258697e-01 1.024542e+00 -2.016293e-02
2.350000e+00 1.400000e-01 9.943353e-02 -7.411442e-01 1.040185e+00 -1.404105e-02
2.400000e+00 1.400000e-01 1.000006e-01 -8.563507e-01 1.051719e+00 -9.361601e-03
2.450000e+00 1.400000e-01 1.003697e-01 -9.577167e-01 1.059893e+00 -6.009783e-03
2.500000e+00 1.400000e-01 1.006016e-01 -1.039520e+00 1.065505e+00 -3.733487e-03
2.550000e+00 1.400000e-01 1.007430e-01 -1.101560e+00 1.069260e+00 -2.253482e-03
2.600000e+00 1.400000e-01 1.008270e-01 -1.146522e+00 1.071725e+00 -1.324843e-03
2.650000e+00 1.400000e-01 1.008755e-01 -1.178043e+00 1.073319e+00 -7.590050e-04
2.700000e+00 1.400000e-01 1.009029e-01 -1.199619e+00 1.074338e+00 -4.227147e-04
2.750000e+00 1.400000e-01 1.009178e-01 -1.214140e+00 1.074985e+00 -2.273104e-04
2.800000e+00 1.400000e-01 1.009256e-01 -1.223797e+00 1.075392e+00 -1.163138e-04
2.850000e+00 1.400000e-01 1.009294e-01 -1.230168e+00 1.075647e+00 -5.487679e-05
2.900000e+00 1.400000e-01 1.009311e-01 -1.234347e+00 1.075805e+00 -2.200155e-05
2.950000e+00 1.400000e-01 1.009316e-01 -1.237078e+00 1.075903e+00 -5.265736e-06
3.000000e+00 1.400000e-01 1.009316e-01 -1.238858e+00 1.075964e+00 2.566485e-06
3.050000e+00 1.400000e-01 1.009314e-01 -1.240014e+00 1.076000e+00 5.646571e-06
3.100000e+00 1.400000e-01 1.009311e-01 -1.240764e+00 1.076023e+00 6.315357e-06
3.150000e+00 1.400000e-01 1.009307e-01 -1.241249e+00 1.076036e+00 5.863027e-06
3.200000e+00 1.400000e-01 1.009305e-01 -1.241562e+00 1.076044e+00 4.977687e-06
3.250000e+00 1.400000e-01 1.009302e-01 -1.241764e+00 1.076048e+00 4.007854e-06
3.300000e+00 1.400000e-01 1.009301e-01 -1.241894e+00 1.076051e+00 3.114727e-06
3.350000e+00 1.400000e-01 1.009299e-01 -1.241977e+00 1.076052e+00 2.359547e-06
3.400000e+00 1.400000e-01 1.009298e-01 -1.242030e+00 1.076053e+00 1.752972e-06
3.450000e+00 1.400000e-01 1.009298e-01 -1.242064e+00 1.076053e+00 1.282361e-06
3.500000e+00 1.400000e-01 1.009297e-01 -1.242086e+00 1.076054e+00 9.263503e-07
3.550000e+00 1.400000e-01 1.009297e-01 -1.242100e+00 1.076054e+00 6.622294e-07
3.600000e+00 1.400000e-01 1.009296e-01 -1.242109e+00 1.076054e+00 4.693252e-07
3.650000e+00 1.400000e-01 1.009296e-01 -1.242114e+00 1.076054e+00 3.302538e-07
3.700000e+00 1.400000e-01 1.009296e-01 -1.242118e+00 1.076054e+00 2.310926e-07
3.750000e+00 1.400000e-01 1.009296e-01 -1.242120e+00 1.076054e+00 1.610568e-07
3.800000e+00 1.400000e-01 1.009296e-01 -1.242122e+00 1.076054e+00 1.119959e-07
3.850000e+00 1.400000e-01 1.009296e-01 -1.242123e+00 1.076054e+00 7.786776e-08
3.900000e+00 1.400000e-01 1.009296e-01 -1.242123e+00 1.076054e+00 5.426333e-08
3.950000e+00 1.400000e-01 1.009296e-01 -1.242124e+00 1.076054e+00 3.800812e-08
4.000000e+00 1.400000e-01 1.009296e-01 -1.242124e+00 1.076054e+00 2.684323e-08
4.050000e+00 1.400000e-01 1.009296e-01 -1.242124e+00 1.076054e+00 1.917825e-08
4.100000e+00 1.400000e-01 1.009296e-01 -1.242124e+00 1.076054e+00 1.390432e-08
4.150000e+00 1.400000e-01 1.009296e-01 -1.242124e+00 1.076054e+00 1.025544e-08
4.200000e+00 1.400000e-01 1.009296e-01 -1.242124e+00 1.076054e+00 7.707049e-09
4.250000e+00 1.400000e-01 1.009296e-01 -1.242124e+00 1.076054e+00 5.902838e-09
4.300000e+00 1.400000e-01 1.009296e-01 -1.242125e+00 1.076054e+00 4.602658e-09
4.350000e+00 1.400000e-01 1.009296e-01 -1.242125e+00 1.076054e+00 3.645740e-09
4.400000e+00 1.400000e-01 1.009296e-01 -1.242125e+00 1.076054e+00 2.925050e-09
4.450000e+00 1.400000e-01 1.009296e-01 -1.242125e+00 1.076054e+00 2.369567e-09
4.500000e+00 1.400000e-01 1.009296e-01 -1.242125e+00 1.076054e+00 1.932180e-09
4.550000e+00 1.400000e-01 1.009296e-01 -1.242125e+00 1.076054e+00 1.581493e-09
4.600000e+00 1.400000e-01 1.009296e-01 -1.242125e+00 1.076054e+00 1.296357e-09
4.650000e+00 1.400000e-01 1.009296e-01 -1.242125e+00 1.076054e+00 1.062246e-09
4.700000e+00 1.400000e-01 1.009296e-01 -1.242125e+00 1.076054e+00 8.689045e-10
4.750000e+00 1.400000e-01 1.009296e-01 -1.242125e+00 1.076054e+00 7.088279e-10
4.800000e+00 1.400000e-01 1.009296e-01 -1.242125e+00 1.076054e+00 5.763062e-10
4.850000e+00 1.400000e-01 1.009296e-01 -1.242125e+00 1.076054e+00 4.668230e-10
4.900000e+00 1.400000e-01 1.009296e-01 -1.242125e+00 1.076054e+00 3.766890e-10
4.950000e+00 1.400000e-01 1.009296e-01 -1.242125e+00 1.076054e+00 3.028158e-10
5.000000e+00 1.400000e-01 1.009296e-01 -1.242125e+00 1.076054e+00 2.425798e-10
5.050000e+00 1.400000e-01 1.009296e-01 -1.242125e+00 1.076054e+00 1.937375e-10
5.100000e+00 1.400000e-01 1.009296e-01 -1.242125e+00 1.076054e+00 1.543740e-10
5.150000e+00 1.400000e-01 1.009296e-01 -1.242125e+00 1.076054e+00 1.228609e-10
5.200000e+00 1.400000e-01 1.009296e-01 -1.242125e+00 1.076054e+00 9.782952e-11
5.250000e+00 1.400000e-01 1.009296e-01 -1.242125e+00 1.076054e+00 7.814596e-11
5.300000e+00 1.400000e-01 1.009296e-01 -1.242125e+00 1.076054e+00 6.289191e-11
5.350000e+00 1.400000e-01 1.009296e-01 -1.242125e+00 1.076054e+00 5.134837e-11
5.400000e+00 1.400000e-01 1.009296e-01 -1.242125e+00 1.076054e+00 4.297895e-11
5.450000e+00 1.400000e-01 1.009296e-01 -1.242125e+00 1.076054e+00 3.742229e-11
5.500000e+00 1.400000e-01 1.009296e-01 -1.242125e+00 1.076054e+00 3.448783e-11
5.550000e+00 1.400000e-01 1.009296e-01 -1.242125e+00 1.076054e+00 3.415823e-11
5.600000e+00 1.400000e-01 1.009296e-01 -1.242125e+00 1.076054e+00 3.659559e-11
5.650000e+00 1.400000e-01 1.009296e-01 -1.242125e+00 1.076054e+00 4.216627e-11
5.700000e+00 1.400000e-01 1.009296e-01 -1.242125e+00 1.076054e+00 5.146980e-11
5.750000e+00 1.400000e-01 1.009296e-01 -1.242125e+00 1.076054e+00 6.538325e-11
5.800000e+00 1.400000e-01 1.009296e-01 -1.242125e+00 1.076054e+00 8.513218e-11
5.850000e+00 1.400000e-01 1.009296e-01 -1.242125e+00 1.076054e+00 1.123766e-10
5.900000e+00 1.400000e-01 1.009296e-01 -1.242125e+00 1.076054e+00 1.493317e-10
5.950000e+00 1.400000e-01 1.009296e-01 -1.242125e+00 1.076054e+00 1.989288e-10
6.000000e+00 1.400000e-01 1.009296e-01 -1.242125e+00 1.076054e+00 2.650220e-10
6.050000e+00 1.400000e-01 1.009296e-01 -1.242125e+00 1.076054e+00 3.526621e-10
6.100000e+00 1.400000e-01 1.009296e-01 -1.242125e+00 1.076054e+00 4.684561e-10
6.150000e+00 1.400000e-01 1.009296e-01 -1.242125e+00 1.076054e+00 6.210323e-10
6.200000e+00 1.400000e-01 1.009296e-01 -1.242125e+00 1.076054e+00 8.216507e-10
6.250000e+00 1.400000e-01 1.009296e-01 -1.242125e+00 1.076054e+00 1.084990e-09
6.300000e+00 1.400000e-01 1.009296e-01 -1.242125e+00 1.076054e+00 1.430173e-09
6.350000e+00 1.400000e-01 1.009296e-01 -1.242125e+00 1.076054e+00 1.882108e-09
6.400000e+00 1.400000e-01 1.009296e-01 -1.242125e+00 1.076054e+00 2.473217e-09
6.450000e+00 1.400000e-01 1.009296e-01 -1.242125e+00 1.076054e+00 3.245690e-09
6.500000e+00 1.400000e-01 1.009296e-01 -1.242125e+00 1.076054e+00 4.254410e-09
6.550000e+00 1.400000e-01 1.009296e-01 -1.242125e+00 1.076054e+00 5.570749e-09
6.600000e+00 1.400000e-01 1.009296e-01 -1.242125e+00 1.076054e+00 7.287497e-09
6.650000e+00 1.400000e-01 1.009296e-01 -1.242125e+00 1.076054e+00 9.525253e-09
6.700000e+00 1.400000e-01 1.009296e-01 -1.242125e+00 1.076054e+00 1.244073e-08
6.750000e+00 1.400000e-01 1.009296e-01 -1.242125e+00 1.076054e+00 1.623750e-08
6.800000e+00 1.400000e-01 1.009296e-01 -1.242125e+00 1.076053e+00 2.117997e-08
6.850000e+00 1.400000e-01 1.009296e-01 -1.242125e+00 1.076053e+00 2.761149e-08
6.900000e+00 1.400000e-01 1.009296e-01 -1.242125e+00 1.076053e+00 3.597778e-08
6.950000e+00 1.400000e-01 1.009296e-01 -1.242125e+00 1.076053e+00 4.685738e-08
7.000000e+00 1.400000e-01 1.009296e-01 -1.242125e+00 1.076053e+00 6.100117e-08
7.050000e+00 1.400000e-01 1.009296e-01 -1.242125e+00 1.076053e+00 7.938304e-08
7.100000e+00 1.400000e-01 1.009295e-01 -1.242125e+00 1.076053e+00 1.032676e-07
7.150000e+00 1.400000e-01 1.009295e-01 -1.242125e+00 1.076053e+00 1.342906e-07
7.200000e+00 1.400000e-01 1.009295e-01 -1.242126e+00 1.076053e+00 1.745891e-07
7.250000e+00 1.400000e-01 1.009295e-01 -1.242126e+00 1.076053e+00 2.268795e-07
7.300000e+00 1.400000e-01 1.009295e-01 -1.242127e+00 1.076053e+00 2.948628e-07
7.350000e+00 1.400000e-01 1.009295e-01 -1.242127e+00 1.076053e+00 3.827606e-07
7.400000e+00 1.400000e-01 1.009295e-01 -1.242128e+00 1.076053e+00 4.978294e-07
7.450000e+00 1.400000e-01 1.009294e-01 -1.242129e+00 1.076053e+00 6.440996e-07
7.500000e+00 1.400000e-01 1.009294e-01 -1.242130e+00 1.076053e+00 8.424291e-07
7.550000e+00 1.400000e-01 1.009294e-01 -1.242133e+00 1.076053e+00 1.075828e-06
7.600000e+00 1.400000e-01 1.009293e-01 -1.242130e+00 1.076053e+00 1.441886e-06
7.650000e+00 1.400000e-01 1.009292e-01 -1.242146e+00 1.076052e+00 1.753477e-06
7.700000e+00 1.400000e-01 1.009291e-01 -1.242117e+00 1.076052e+00 2.559892e-06
7.750000e+00 1.400000e-01 1.009290e-01 -1.242202e+00 1.076052e+00 2.649778e-06
7.800000e+00 1.400000e-01 1.009289e-01 -1.242022e+00 1.076052e+00 4.938354e-06
7.850000e+00 1.400000e-01 1.009285e-01 -1.242442e+00 1.076049e+00 3.178564e-06
7.900000e+00 1.400000e-01 1.009285e-01 -1.241579e+00 1.076053e+00 1.070222e-05
7.950000e+00 1.400000e-01 1.009274e-01 -1.243362e+00 1.076043e+00 1.099628e-06
8.000000e+00 1.400000e-01 1.009284e-01 -1.239962e+00 1.076059e+00 2.484493e-05
8.050000e+00 1.400000e-01 1.009249e-01 -1.246256e+00 1.076025e+00 -8.244268e-06
8.100000e+00 1.400000e-01 1.009293e-01 -1.235389e+00 1.076080e+00 5.456793e-05
8.150000e+00 1.400000e-01 1.009195e-01 -1.253286e+00 1.075983e+00 -2.696243e-05
8.200000e+00 1.400000e-01 1.009320e-01 -1.225852e+00 1.076124e+00 9.889307e-05
8.250000e+00 1.400000e-01 1.009096e-01 -1.265417e+00 1.075911e+00 -3.699405e-05
8.300000e+00 1.400000e-01 1.009357e-01 -1.212817e+00 1.076180e+00 1.297991e-04
8.350000e+00 1.400000e-01 1.008966e-01 -1.277673e+00 1.075839e+00 1.047217e-05
8.400000e+00 1.400000e-01 1.009346e-01 -1.205005e+00 1.076194e+00 1.113374e-04
8.450000e+00 1.400000e-01 1.008855e-01 -1.279799e+00 1.075818e+00 1.336415e-04
8.500000e+00 1.400000e-01 1.009212e-01 -1.209818e+00 1.076132e+00 1.035691e-04
8.550000e+00 1.400000e-01 1.008751e-01 -1.273325e+00 1.075805e+00 2.252897e-04
8.600000e+00 1.400000e-01 1.008987e-01 -1.213735e+00 1.076106e+00 2.701201e-04
8.650000e+00 1.400000e-01 1.008481e-01 -1.280833e+00 1.075623e+00 2.245490e-04
8.700000e+00 1.400000e-01 1.008763e-01 -1.197581e+00 1.076214e+00 5.533598e-04
8.750000e+00 1.400000e-01 1.007927e-01 -1.303706e+00 1.075318e+00 4.289785e-04
8.800000e+00 1.400000e-01 1.008334e-01 -1.185536e+00 1.076161e+00 7.012216e-04
8.850000e+00 1.400000e-01 1.007226e-01 -1.305715e+00 1.075195e+00 9.704091e-04
8.900000e+00 1.400000e-01 1.007363e-01 -1.199390e+00 1.075797e+00 1.090462e-03
8.950000e+00 1.400000e-01 1.006136e-01 -1.304443e+00 1.074898e+00 1.431358e-03
9.000000e+00 1.400000e-01 1.005932e-01 -1.193397e+00 1.075627e+00 2.100060e-03
9.050000e+00 1.400000e-01 1.004036e-01 -1.336540e+00 1.074031e+00 2.318647e-03
9.100000e+00 1.400000e-01 1.003613e-01 -1.182777e+00 1.075193e+00 3.213473e-03
9.150000e+00 1.400000e-01 1.000822e-01 -1.350675e+00 1.073248e+00 4.221028e-03
9.200000e+00 1.400000e-01 9.993922e-02 -1.206809e+00 1.073932e+00 5.299299e-03
9.250000e+00 1.400000e-01 9.955230e-02 -1.373286e+00 1.071736e+00 6.693249e-03
9.300000e+00 1.400000e-01 9.926989e-02 -1.213429e+00 1.072531e+00 9.022487e-03
9.350000e+00 1.400000e-01 9.865005e-02 -1.431461e+00 1.068961e+00 1.129535e-02
9.400000e+00 1.400000e-01 9.814036e-02 -1.247782e+00 1.069485e+00 1.454317e-02
9.450000e+00 1.400000e-01 9.719573e-02 -1.494101e+00 1.065051e+00 1.867656e-02
9.500000e+00 1.400000e-01 9.627270e-02 -1.313345e+00 1.064446e+00 2.422310e-02
9.550000e+00 1.400000e-01 9.477342e-02 -1.620827e+00 1.057623e+00 3.054959e-02
9.600000e+00 1.400000e-01 9.321774e-02 -1.420821e+00 1.055624e+00 3.927083e-02
9.650000e+00 1.400000e-01 9.084634e-02 -1.827562e+00 1.045322e+00 4.964174e-02
9.700000e+00 1.400000e-01 8.825357e-02 -1.626092e+00 1.039248e+00 6.317275e-02
9.750000e+00 1.400000e-01 8.452906e-02 -2.197797e+00 1.021995e+00 7.845469e-02
9.800000e+00 1.400000e-01 8.040810e-02 -1.994839e+00 1.007286e+00 9.773063e-02
9.850000e+00 1.400000e-01 7.475600e-02 -2.868734e+00 9.747875e-01 1.175294e-01
9.900000e+00 1.400000e-01 6.865516e-02 -2.673981e+00 9.351803e-01 1.390573e-01
9.950000e+00 1.400000e-01 6.085027e-02 -4.036949e+00 8.564851e-01 1.539916e-01
1.000000e+01 1.400000e-01 5.325600e-02 -3.803476e+00 0.000000e+00 0.000000e+00
0.000000e+00 1.600000e-01 6.854400e-02 -4.080000e+00 0.000000e+00 0.000000e+00
5.000000e-02 1.600000e-01 6.853329e-02 -4.079831e+00 8.049322e-01 1.383985e-04
1.000000e-01 1.600000e-01 6.853016e-02 -4.079979e+00 8.048308e-01 -2.279835e-05
1.500000e-01 1.600000e-01 6.853557e-02 -4.080071e+00 8.049141e-01 -1.170003e-04
2.000000e-01 1.600000e-01 6.854186e-02 -4.079167e+00 8.049780e-01 -8.243988e-05
2.500000e-01 1.600000e-01 6.854381e-02 -4.078415e+00 8.048718e-01 -7.825617e-05
3.000000e-01 1.600000e-01 6.854969e-02 -4.079150e+00 8.048067e-01 -2.539516e-04
3.500000e-01 1.600000e-01 6.856921e-02 -4.079470e+00 8.050438e-01 -4.560573e-04
4.000000e-01 1.600000e-01 6.859529e-02 -4.076993e+00 8.054098e-01 -4.603207e-04
4.500000e-01 1.600000e-01 6.861524e-02 -4.074052e+00 8.055883e-01 -4.113166e-04
5.000000e-01 1.600000e-01 6.863642e-02 -4.074686e+00 8.057550e-01 -6.553098e-04
5.500000e-01 1.600000e-01 6.868077e-02 -4.076541e+00 8.063527e-01 -1.195780e-03
6.000000e-01 1.600000e-01 6.875600e-02 -4.072313e+00 8.073359e-01 -1.736267e-03
6.500000e-01 1.600000e-01 6.885440e-02 -4.061728e+00 8.082293e-01 -2.262436e-03
7.000000e-01 1.600000e-01 6.898224e-02 -4.054981e+00 8.089178e-01 -3.140830e-03
7.500000e-01 1.600000e-01 6.916848e-02 -4.057481e+00 8.097562e-01 -4.547224e-03
8.000000e-01 1.600000e-01 6.943697e-02 -4.056037e+00 8.108426e-01 -6.190228e-03
8.500000e-01 1.600000e-01 6.978750e-02 -4.031705e+00 8.117953e-01 -7.761360e-03
9.000000e-01 1.600000e-01 7.021310e-02 -3.988358e+00 8.124590e-01 -9.336236e-03
9.500000e-01 1.600000e-01 7.072112e-02 -3.955182e+00 8.132657e-01 -1.111397e-02
1.000000e+00 1.600000e-01 7.132450e-02 -3.949536e+00 8.145208e-01 -1.302067e-02
1.050000e+00 1.600000e-01 7.202319e-02 -3.944427e+00 8.157983e-01 -1.484306e-02
1.100000e+00 1.600000e-01 7.280881e-02 -3.890660e+00 8.165761e-01 -1.659045e-02
1.150000e+00 1.600000e-01 7.368224e-02 -3.777877e+00 8.172526e-01 -1.842214e-02
1.200000e+00 1.600000e-01 7.465102e-02 -3.661073e+00 8.188824e-01 -2.027767e-02
1.250000e+00 1.600000e-01 7.571000e-02 -3.611687e+00 8.218027e-01 -2.189515e-02
1.300000e+00 1.600000e-01 7.684054e-02 -3.638709e+00 8.249902e-01 -2.326039e-02
1.350000e+00 1.600000e-01 7.803604e-02 -3.664641e+00 8.271030e-01 -2.477923e-02
1.400000e+00 1.600000e-01 7.931846e-02 -3.587742e+00 8.280086e-01 -2.683209e-02
1.450000e+00 1.600000e-01 8.071925e-02 -3.373467e+00 8.290869e-01 -2.928196e-02
1.500000e+00 1.600000e-01 8.224665e-02 -3.091919e+00 8.321334e-01 -3.157813e-02
1.550000e+00 1.600000e-01 8.387707e-02 -2.871298e+00 8.380254e-01 -3.329675e-02
1.600000e+00 1.600000e-01 8.557633e-02 -2.808401e+00 8.461549e-01 -3.447527e-02
1.650000e+00 1.600000e-01 8.732459e-02 -2.905095e+00 8.547403e-01 -3.549479e-02
1.700000e+00 1.600000e-01 8.912581e-02 -3.070818e+00 8.616804e-01 -3.683052e-02
1.750000e+00 1.600000e-01 9.100765e-02 -3.180207e+00 8.656165e-01 -3.896239e-02
1.800000e+00 1.600000e-01 9.302205e-02 -3.140181e+00 8.667666e-01 -4.234043e-02
1.850000e+00 1.600000e-01 9.524169e-02 -2.923164e+00 8.670645e-01 -4.717549e-02
1.900000e+00 1.600000e-01 9.773960e-02 -2.558578e+00 8.694815e-01 -5.309291e-02
1.950000e+00 1.600000e-01 1.005510e-01 -2.105593e+00 8.768723e-01 -5.896126e-02
2.000000e+00 1.600000e-01 1.036357e-01 -1.629296e+00 8.908892e-01 -6.315837e-02
2.050000e+00 1.600000e-01 1.068668e-01 -1.186311e+00 9.114283e-01 -6.420477e-02
2.100000e+00 1.600000e-01 1.100562e-01 -8.174606e-01 9.367897e-01 -6.139645e-02
2.150000e+00 1.600000e-01 1.130065e-01 -5.450295e-01 9.643698e-01 -5.506662e-02
2.200000e+00 1.600000e-01 1.155629e-01 -3.732332e-01 9.914962e-01 -4.637373e-02
2.250000e+00 1.600000e-01 1.176438e-01 -2.911057e-01 1.016064e+00 -3.680160e-02
2.300000e+00 1.600000e-01 1.192430e-01 -2.775543e-01 1.036827e+00 -2.766424e-02
2.350000e+00 1.600000e-01 1.204103e-01 -3.078221e-01 1.053378e+00 -1.981766e-02
2.400000e+00 1.600000e-01 1.212248e-01 -3.594674e-01 1.065939e+00 -1.361591e-02
2.450000e+00 1.600000e-01 1.217718e-01 -4.159890e-01 1.075090e+00 -9.029233e-03
2.500000e+00 1.600000e-01 1.221277e-01 -4.676031e-01 1.081537e+00 -5.813349e-03
2.550000e+00 1.600000e-01 1.223532e-01 -5.100308e-01 1.085961e+00 -3.652680e-03
2.600000e+00 1.600000e-01 1.224930e-01 -5.425685e-01 1.088933e+00 -2.249108e-03
2.650000e+00 1.600000e-01 1.225781e-01 -5.663474e-01 1.090899e+00 -1.361136e-03
2.700000e+00 1.600000e-01 1.226291e-01 -5.831441e-01 1.092184e+00 -8.108969e-04
2.750000e+00 1.600000e-01 1.226592e-01 -5.947276e-01 1.093015e+00 -4.755664e-04
2.800000e+00 1.600000e-01 1.226766e-01 -6.025829e-01 1.093549e+00 -2.740733e-04
2.850000e+00 1.600000e-01 1.226866e-01 -6.078484e-01 1.093891e+00 -1.545863e-04
2.900000e+00 1.600000e-01 1.226921e-01 -6.113497e-01 1.094108e+00 -8.470598e-05
2.950000e+00 1.600000e-01 1.226951e-01 -6.136650e-01 1.094246e+00 -4.450032e-05
3.000000e+00 1.600000e-01 1.226966e-01 -6.151899e-01 1.094332e+00 -2.185054e-05
3.050000e+00 1.600000e-01 1.226972e-01 -6.161913e-01 1.094387e+00 -9.457506e-06
3.100000e+00 1.600000e-01 1.226975e-01 -6.168474e-01 1.094421e+00 -2.963460e-06
3.150000e+00 1.600000e-01 1.226975e-01 -6.172764e-01 1.094442e+00 2.084702e-07
3.200000e+00 1.600000e-01 1.226975e-01 -6.175564e-01 1.094455e+00 1.564210e-06
3.250000e+00 1.600000e-01 1.226974e-01 -6.177388e-01 1.094463e+00 1.970292e-06
3.300000e+00 1.600000e-01 1.226973e-01 -6.178575e-01 1.094467e+00 1.914838e-06
3.350000e+00 1.600000e-01 1.226972e-01 -6.179346e-01 1.094470e+00 1.664580e-06
3.400000e+00 1.600000e-01 1.226971e-01 -6.179845e-01 1.094472e+00 1.358733e-06
3.450000e+00 1.600000e-01 1.226971e-01 -6.180169e-01 1.094473e+00 1.064641e-06
3.500000e+00 1.600000e-01 1.226970e-01 -6.180378e-01 1.094474e+00 8.103854e-07
3.550000e+00 1.600000e-01 1.226970e-01 -6.180514e-01 1.094474e+00 6.035868e-07
3.600000e+00 1.600000e-01 1.226970e-01 -6.180601e-01 1.094474e+00 4.420092e-07
3.650000e+00 1.600000e-01 1.226969e-01 -6.180658e-01 1.094474e+00 3.193534e-07
3.700000e+00 1.600000e-01 1.226969e-01 -6.180695e-01 1.094474e+00 2.282708e-07
3.750000e+00 1.600000e-01 1.226969e-01 -6.180719e-01 1.094474e+00 1.618113e-07
3.800000e+00 1.600000e-01 1.226969e-01 -6.180734e-01 1.094474e+00 1.140132e-07
3.850000e+00 1.600000e-01 1.226969e-01 -6.180745e-01 1.094474e+00 8.004881e-08
3.900000e+00 1.600000e-01 1.226969e-01 -6.180752e-01 1.094474e+00 5.615675e-08
3.950000e+00 1.600000e-01 1.226969e-01 -6.180756e-01 1.094474e+00 3.948799e-08
4.000000e+00 1.600000e-01 1.226969e-01 -6.180759e-01 1.094474e+00 2.793166e-08
4.050000e+00 1.600000e-01 1.226969e-01 -6.180761e-01 1.094474e+00 1.995197e-08
4.100000e+00 1.600000e-01 1.226969e-01 -6.180763e-01 1.094474e+00 1.444883e-08
4.150000e+00 1.600000e-01 1.226969e-01 -6.180764e-01 1.094474e+00 1.064516e-08
4.200000e+00 1.600000e-01 1.226969e-01 -6.180765e-01 1.094474e+00 7.999020e-09
4.250000e+00 1.600000e-01 1.226969e-01 -6.180765e-01 1.094474e+00 6.136970e-09
4.300000e+00 1.600000e-01 1.226969e-01 -6.180766e-01 1.094474e+00 4.804580e-09
4.350000e+00 1.600000e-01 1.226969e-01 -6.180766e-01 1.094474e+00 3.830361e-09
4.400000e+00 1.600000e-01 1.226969e-01 -6.180766e-01 1.094474e+00 3.099865e-09
4.450000e+00 1.600000e-01 1.226969e-01 -6.180766e-01 1.094474e+00 2.537353e-09
4.500000e+00 1.600000e-01 1.226969e-01 -6.180766e-01 1.094474e+00 2.093010e-09
4.550000e+00 1.600000e-01 1.226969e-01 -6.180767e-01 1.094474e+00 1.734146e-09
4.600000e+00 1.600000e-01 1.226969e-01 -6.180767e-01 1.094474e+00 1.439221e-09
4.650000e+00 1.600000e-01 1.226969e-01 -6.180767e-01 1.094474e+00 1.193859e-09
4.700000e+00 1.600000e-01 1.226969e-01 -6.180767e-01 1.094474e+00 9.882192e-10
4.750000e+00 1.600000e-01 1.226969e-01 -6.180767e-01 1.094474e+00 8.153116e-10
4.800000e+00 1.600000e-01 1.226969e-01 -6.180767e-01 1.094474e+00 6.699261e-10
4.850000e+00 1.600000e-01 1.226969e-01 -6.180767e-01 1.094474e+00 5.479747e-10
4.900000e+00 1.600000e-01 1.226969e-01 -6.180767e-01 1.094474e+00 4.460994e-10
4.950000e+00 1.600000e-01 1.226969e-01 -6.180767e-01 1.094474e+00 3.614412e-10
5.000000e+00 1.600000e-01 1.226969e-01 -6.180767e-01 1.094474e+00 2.915114e-10
5.050000e+00 1.600000e-01 1.226969e-01 -6.180767e-01 1.094474e+00 2.341222e-10
5.100000e+00 1.600000e-01 1.226969e-01 -6.180767e-01 1.094474e+00 1.873519e-10
5.150000e+00 1.600000e-01 1.226969e-01 -6.180767e-01 1.094474e+00 1.495211e-10
5.200000e+00 1.600000e-01 1.226969e-01 -6.180767e-01 1.094474e+00 1.191788e-10
5.250000e+00 1.600000e-01 1.226969e-01 -6.180767e-01 1.094474e+00 9.509116e-11
5.300000e+00 1.600000e-01 1.226969e-01 -6.180767e-01 1.094474e+00 7.623277e-11
5.350000e+00 1.600000e-01 1.226969e-01 -6.180767e-01 1.094474e+00 6.177933e-11
5.400000e+00 1.600000e-01 1.226969e-01 -6.180767e-01 1.094474e+00 5.109482e-11
5.450000e+00 1.600000e-01 1.226969e-01 -6.180767e-01 1.094474e+00 4.372849e-11
5.500000e+00 1.600000e-01 1.226969e-01 -6.180767e-01 1.094474e+00 3.941306e-11
5.550000e+00 1.600000e-01 1.226969e-01 -6.180767e-01 1.094474e+00 3.806913e-11
5.600000e+00 1.600000e-01 1.226969e-01 -6.180767e-01 1.094474e+00 3.981468e-11
5.650000e+00 1.600000e-01 1.226969e-01 -6.180767e-01 1.094474e+00 4.498651e-11
5.700000e+00 1.600000e-01 1.226969e-01 -6.180767e-01 1.094474e+00 5.417236e-11
5.750000e+00 1.600000e-01 1.226969e-01 -6.180767e-01 1.094474e+00 6.825804e-11
5.800000e+00 1.600000e-01 1.226969e-01 -6.180767e-01 1.094474e+00 8.849782e-11
5.850000e+00 1.600000e-01 1.226969e-01 -6.180767e-01 1.094474e+00 1.166060e-10
5.900000e+00 1.600000e-01 1.226969e-01 -6.180767e-01 1.094474e+00 1.548807e-10
5.950000e+00 1.600000e-01 1.226969e-01 -6.180767e-01 1.094474e+00 2.063716e-10
6.000000e+00 1.600000e-01 1.226969e-01 -6.180767e-01 1.094474e+00 2.750954e-10
6.050000e+00 1.600000e-01 1.226969e-01 -6.180767e-01 1.094474e+00 3.663198e-10
6.100000e+00 1.600000e-01 1.226969e-01 -6.180767e-01 1.094474e+00 4.869415e-10
6.150000e+00 1.600000e-01 1.226969e-01 -6.180767e-01 1.094474e+00 6.459694e-10
6.200000e+00 1.600000e-01 1.226969e-01 -6.180767e-01 1.094474e+00 8.551618e-10
6.250000e+00 1.600000e-01 1.226969e-01 -6.180767e-01 1.094474e+00 1.129849e-09
6.300000e+00 1.600000e-01 1.226969e-01 -6.180767e-01 1.094474e+00 1.490002e-09
6.350000e+00 1.600000e-01 1.226969e-01 -6.180767e-01 1.094474e+00 1.961637e-09
6.400000e+00 1.600000e-01 1.226969e-01 -6.180767e-01 1.094474e+00 2.578613e-09
6.450000e+00 1.600000e-01 1.226969e-01 -6.180767e-01 1.094474e+00 3.384992e-09
6.500000e+00 1.600000e-01 1.226969e-01 -6.180767e-01 1.094474e+00 4.438087e-09
6.550000e+00 1.600000e-01 1.226969e-01 -6.180767e-01 1.094474e+00 5.812428e-09
6.600000e+00 1.600000e-01 1.226969e-01 -6.180767e-01 1.094474e+00 7.604904e-09
6.650000e+00 1.600000e-01 1.226969e-01 -6.180767e-01 1.094474e+00 9.941434e-09
6.700000e+00 1.600000e-01 1.226969e-01 -6.180767e-01 1.094474e+00 1.298562e-08
6.750000e+00 1.600000e-01 1.226969e-01 -6.180767e-01 1.094474e+00 1.695000e-08
6.800000e+00 1.600000e-01 1.226969e-01 -6.180768e-01 1.094474e+00 2.211057e-08
6.850000e+00 1.600000e-01 1.226969e-01 -6.180768e-01 1.094474e+00 2.882569e-08
6.900000e+00 1.600000e-01 1.226969e-01 -6.180768e-01 1.094474e+00 3.756057e-08
6.950000e+00 1.600000e-01 1.226969e-01 -6.180768e-01 1.094474e+00 4.891896e-08
7.000000e+00 1.600000e-01 1.226969e-01 -6.180769e-01 1.094474e+00 6.368440e-08
7.050000e+00 1.600000e-01 1.226969e-01 -6.180770e-01 1.094474e+00 8.287298e-08
7.100000e+00 1.600000e-01 1.226969e-01 -6.180771e-01 1.094474e+00 1.078042e-07
7.150000e+00 1.600000e-01 1.226969e-01 -6.180772e-01 1.094474e+00 1.401839e-07
7.200000e+00 1.600000e-01 1.226969e-01 -6.180773e-01 1.094474e+00 1.822431e-07
7.250000e+00 1.600000e-01 1.226968e-01 -6.180775e-01 1.094474e+00 2.368086e-07
7.300000e+00 1.600000e-01 1.226968e-01 -6.180778e-01 1.094474e+00 3.077604e-07
7.350000e+00 1.600000e-01 1.226968e-01 -6.180782e-01 1.094474e+00 3.994355e-07
7.400000e+00 1.600000e-01 1.226968e-01 -6.180785e-01 1.094474e+00 5.195999e-07
7.450000e+00 1.600000e-01 1.226968e-01 -6.180794e-01 1.094474e+00 6.718623e-07
7.500000e+00 1.600000e-01 1.226967e-01 -6.180793e-01 1.094474e+00 8.796617e-07
7.550000e+00 1.600000e-01 1.226967e-01 -6.180827e-01 1.094474e+00 1.120603e-06
7.600000e+00 1.600000e-01 1.226966e-01 -6.180775e-01 1.094474e+00 1.508877e-06
7.650000e+00 1.600000e-01 1.226965e-01 -6.180958e-01 1.094474e+00 1.817451e-06
7.700000e+00 1.600000e-01 1.226964e-01 -6.180563e-01 1.094474e+00 2.697702e-06
7.750000e+00 1.600000e-01 1.226963e-01 -6.181591e-01 1.094473e+00 2.700386e-06
7.800000e+00 1.600000e-01 1.226962e-01 -6.179321e-01 1.094473e+00 5.287114e-06
7.850000e+00 1.600000e-01 1.226957e-01 -6.184465e-01 1.094472e+00 3.029807e-06
7.900000e+00 1.600000e-01 1.226959e-01 -6.173744e-01 1.094474e+00 1.171717e-05
7.950000e+00 1.600000e-01 1.226946e-01 -6.195604e-01 1.094469e+00 1.088883e-07
8.000000e+00 1.600000e-01 1.226958e-01 -6.153800e-01 1.094476e+00 2.770572e-05
8.050000e+00 1.600000e-01 1.226918e-01 -6.230506e-01 1.094460e+00 -1.153032e-05
8.100000e+00 1.600000e-01 1.226970e-01 -6.098257e-01 1.094486e+00 6.127275e-05
8.150000e+00 1.600000e-01 1.226857e-01 -6.314362e-01 1.094438e+00 -3.410678e-05
8.200000e+00 1.600000e-01 1.227004e-01 -5.984449e-01 1.094508e+00 1.103312e-04
8.250000e+00 1.600000e-01 1.226746e-01 -6.456109e-01 1.094400e+00 -4.610604e-05
8.300000e+00 1.600000e-01 1.227050e-01 -5.832950e-01 1.094538e+00 1.413498e-04
8.350000e+00 1.600000e-01 1.226605e-01 -6.593487e-01 1.094359e+00 8.021378e-06
8.400000e+00 1.600000e-01 1.227042e-01 -5.747101e-01 1.094546e+00 1.147900e-04
8.450000e+00 1.600000e-01 1.226490e-01 -6.610956e-01 1.094344e+00 1.426589e-04
8.500000e+00 1.600000e-01 1.226900e-01 -5.798581e-01 1.094517e+00 1.069513e-04
8.550000e+00 1.600000e-01 1.226383e-01 -6.549435e-01 1.094324e+00 2.262015e-04
8.600000e+00 1.600000e-01 1.226673e-01 -5.804961e-01 1.094520e+00 3.028939e-04
8.650000e+00 1.600000e-01 1.226080e-01 -6.678783e-01 1.094194e+00 2.023033e-04
8.700000e+00 1.600000e-01 1.226471e-01 -5.567848e-01 1.094610e+00 6.042392e-04
8.750000e+00 1.600000e-01 1.225476e-01 -6.953002e-01 1.093996e+00 4.366291e-04
8.800000e+00 1.600000e-01 1.226034e-01 -5.432646e-01 1.094582e+00 7.165857e-04
8.850000e+00 1.600000e-01 1.224759e-01 -6.930436e-01 1.093942e+00 1.029103e-03
8.900000e+00 1.600000e-01 1.225005e-01 -5.580315e-01 1.094352e+00 1.138783e-03
8.950000e+00 1.600000e-01 1.223621e-01 -6.942035e-01 1.093757e+00 1.444953e-03
9.000000e+00 1.600000e-01 1.223560e-01 -5.383211e-01 1.094326e+00 2.247535e-03
9.050000e+00 1.600000e-01 1.221373e-01 -7.353701e-01 1.093157e+00 2.377353e-03
9.100000e+00 1.600000e-01 1.221183e-01 -5.193557e-01 1.094129e+00 3.326395e-03
9.150000e+00 1.600000e-01 1.218047e-01 -7.410360e-01 1.092750e+00 4.420734e-03
9.200000e+00 1.600000e-01 1.216762e-01 -5.383937e-01 1.093334e+00 5.536530e-03
9.250000e+00 1.600000e-01 1.212510e-01 -7.649479e-01 1.091848e+00 6.881045e-03
9.300000e+00 1.600000e-01 1.209881e-01 -5.169663e-01 1.092701e+00 9.464039e-03
9.350000e+00 1.600000e-01 1.203046e-01 -8.201364e-01 1.090104e+00 1.176326e-02
9.400000e+00 1.600000e-01 1.198118e-01 -5.320862e-01 1.090897e+00 1.512821e-02
9.450000e+00 1.600000e-01 1.187918e-01 -8.607460e-01 1.087958e+00 1.943783e-02
9.500000e+00 1.600000e-01 1.178680e-01 -5.532837e-01 1.087990e+00 2.539528e-02
9.550000e+00 1.600000e-01 1.162523e-01 -9.644166e-01 1.083346e+00 3.190977e-02
9.600000e+00 1.600000e-01 1.146770e-01 -5.977516e-01 1.082712e+00 4.118449e-02
9.650000e+00 1.600000e-01 1.121338e-01 -1.107675e+00 1.075934e+00 5.225490e-02
9.700000e+00 1.600000e-01 1.094515e-01 -7.036488e-01 1.072159e+00 6.695897e-02
9.750000e+00 1.600000e-01 1.054379e-01 -1.371974e+00 1.060485e+00 8.379117e-02
9.800000e+00 1.600000e-01 1.010724e-01 -9.200845e-01 1.049693e+00 1.057874e-01
9.850000e+00 1.600000e-01 9.485917e-02 -1.849428e+00 1.026038e+00 1.304538e-01
9.900000e+00 1.600000e-01 8.802704e-02 -1.400816e+00 9.921821e-01 1.609040e-01
9.950000e+00 1.600000e-01 7.876877e-02 -2.754170e+00 9.272391e-01 1.948304e-01
1.000000e+01 1.600000e-01 6.854400e-02 -2.503193e+00 0.000000e+00 0.000000e+00
0.000000e+00 1.800000e-01 8.546400e-02 -3.840000e+00 0.000000e+00 0.000000e+00
5.000000e-02 1.800000e-01 8.544729e-02 -3.839581e+00 8.840481e-01 2.190105e-04
1.000000e-01 1.800000e-01 8.544210e-02 -3.838813e+00 8.839357e-01 -2.485789e-05
1.500000e-01 1.800000e-01 8.544977e-02 -3.840923e+00 8.841236e-01 -1.546458e-04
2.000000e-01 1.800000e-01 8.545756e-02 -3.842070e+00 8.842362e-01 -6.855682e-05
2.500000e-01 1.800000e-01 8.545663e-02 -3.837594e+00 8.839875e-01 -3.041087e-05
3.000000e-01 1.800000e-01 8.546060e-02 -3.834337e+00 8.838107e-01 -2.878429e-04
3.500000e-01 1.800000e-01 8.548541e-02 -3.839996e+00 8.841898e-01 -5.865486e-04
4.000000e-01 1.800000e-01 8.551926e-02 -3.845194e+00 8.846916e-01 -5.628021e-04
4.500000e-01 1.800000e-01 8.554169e-02 -3.836573e+00 8.846593e-01 -4.547069e-04
5.000000e-01 1.800000e-01 8.556473e-02 -3.823831e+00 8.845157e-01 -7.897270e-04
5.500000e-01 1.800000e-01 8.562067e-02 -3.828778e+00 8.851625e-01 -1.502999e-03
6.000000e-01 1.800000e-01 8.571503e-02 -3.845903e+00 8.863538e-01 -2.079792e-03
6.500000e-01 1.800000e-01 8.582865e-02 -3.841842e+00 8.869864e-01 -2.519676e-03
7.000000e-01 1.800000e-01 8.596700e-02 -3.807513e+00 8.869935e-01 -3.401543e-03
7.500000e-01 1.800000e-01 8.616880e-02 -3.783534e+00 8.875142e-01 -4.911575e-03
8.000000e-01 1.800000e-01 8.645816e-02 -3.805470e+00 8.889014e-01 -6.537088e-03
8.500000e-01 1.800000e-01 8.682251e-02 -3.838673e+00 8.898977e-01 -7.939295e-03
9.000000e-01 1.800000e-01 8.725208e-02 -3.810112e+00 8.895608e-01 -9.471890e-03
9.500000e-01 1.800000e-01 8.776970e-02 -3.713859e+00 8.889471e-01 -1.145804e-02
1.000000e+00 1.800000e-01 8.839789e-02 -3.641621e+00 8.897024e-01 -1.350994e-02
1.050000e+00 1.800000e-01 8.912069e-02 -3.673321e+00 8.915374e-01 -1.510633e-02
1.100000e+00 1.800000e-01 8.990852e-02 -3.756621e+00 8.923811e-01 -1.650280e-02
1.150000e+00 1.800000e-01 9.077097e-02 -3.745141e+00 8.912283e-01 -1.842602e-02
1.200000e+00 1.800000e-01 9.175112e-02 -3.570258e+00 8.897429e-01 -2.092717e-02
1.250000e+00 1.800000e-01 9.286369e-02 -3.342158e+00 8.904380e-01 -2.314567e-02
1.300000e+00 1.800000e-01 9.406569e-02 -3.250598e+00 8.937278e-01 -2.440705e-02
1.350000e+00 1.800000e-01 9.530439e-02 -3.364543e+00 8.973337e-01 -2.515741e-02
1.400000e+00 1.800000e-01 9.658143e-02 -3.546745e+00 8.985248e-01 -2.651276e-02
1.450000e+00 1.800000e-01 9.795567e-02 -3.572308e+00 8.966944e-01 -2.908184e-02
1.500000e+00 1.800000e-01 9.948962e-02 -3.328698e+00 8.940123e-01 -3.245917e-02
1.550000e+00 1.800000e-01 1.012016e-01 -2.911325e+00 8.939324e-01 -3.569999e-02
1.600000e+00 1.800000e-01 1.030596e-01 -2.545444e+00 8.988090e-01 -3.802003e-02
1.650000e+00 1.800000e-01 1.050036e-01 -2.419267e+00 9.081499e-01 -3.914987e-02
1.700000e+00 1.800000e-01 1.069746e-01 -2.562014e+00 9.186051e-01 -3.944581e-02
1.750000e+00 1.800000e-01 1.089482e-01 -2.842145e+00 9.258942e-01 -3.989973e-02
1.800000e+00 1.800000e-01 1.109646e-01 -3.067778e+00 9.275115e-01 -4.185773e-02
1.850000e+00 1.800000e-01 1.131339e-01 -3.100305e+00 9.242778e-01 -4.634842e-02
1.900000e+00 1.800000e-01 1.155994e-01 -2.902422e+00 9.197974e-01 -5.334872e-02
1.950000e+00 1.800000e-01 1.184688e-01 -2.518338e+00 9.185250e-01 -6.149519e-02
2.000000e+00 1.800000e-01 1.217489e-01 -2.030726e+00 9.237751e-01 -6.850633e-02
2.050000e+00 1.800000e-01 1.253194e-01 -1.525382e+00 9.366059e-01 -7.212654e-02
2.100000e+00 1.800000e-01 1.289616e-01 -1.069796e+00 9.558383e-01 -7.105928e-02
2.150000e+00 1.800000e-01 1.324254e-01 -7.039605e-01 9.789021e-01 -6.538711e-02
2.200000e+00 1.800000e-01 1.355003e-01 -4.411405e-01 1.002913e+00 -5.634420e-02
2.250000e+00 1.800000e-01 1.380598e-01 -2.746112e-01 1.025488e+00 -4.569321e-02
2.300000e+00 1.800000e-01 1.400696e-01 -1.859905e-01 1.045109e+00 -3.508875e-02
2.350000e+00 1.800000e-01 1.415687e-01 -1.526301e-01 1.061125e+00 -2.568590e-02
2.400000e+00 1.800000e-01 1.426382e-01 -1.531379e-01 1.073544e+00 -1.804608e-02
2.450000e+00 1.800000e-01 1.433733e-01 -1.706407e-01 1.082777e+00 -1.224901e-02
2.500000e+00 1.800000e-01 1.438631e-01 -1.938143e-01 1.089411e+00 -8.081989e-03
2.550000e+00 1.800000e-01 1.441815e-01 -2.162703e-01 1.094048e+00 -5.211969e-03
2.600000e+00 1.800000e-01 1.443843e-01 -2.351767e-01 1.097218e+00 -3.300162e-03
2.650000e+00 1.800000e-01 1.445115e-01 -2.498407e-01 1.099349e+00 -2.059029e-03
2.700000e+00 1.800000e-01 1.445902e-01 -2.606270e-01 1.100763e+00 -1.268997e-03
2.750000e+00 1.800000e-01 1.446384e-01 -2.682828e-01 1.101691e+00 -7.736355e-04
2.800000e+00 1.800000e-01 1.446676e-01 -2.735855e-01 1.102296e+00 -4.666967e-04
2.850000e+00 1.800000e-01 1.446851e-01 -2.771974e-01 1.102688e+00 -2.783837e-04
2.900000e+00 1.800000e-01 1.446954e-01 -2.796297e-01 1.102941e+00 -1.638972e-04
2.950000e+00 1.800000e-01 1.447015e-01 -2.812548e-01 1.103103e+00 -9.494179e-05
3.000000e+00 1.800000e-01 1.447049e-01 -2.823347e-01 1.103207e+00 -5.384657e-05
3.050000e+00 1.800000e-01 1.447068e-01 -2.830495e-01 1.103272e+00 -2.966734e-05
3.100000e+00 1.800000e-01 1.447079e-01 -2.835214e-01 1.103314e+00 -1.567150e-05
3.150000e+00 1.800000e-01 1.447084e-01 -2.838321e-01 1.103341e+00 -7.743692e-06
3.200000e+00 1.800000e-01 1.447086e-01 -2.840364e-01 1.103357e+00 -3.385557e-06
3.250000e+00 1.800000e-01 1.447087e-01 -2.841704e-01 1.103368e+00 -1.092723e-06
3.300000e+00 1.800000e-01 1.447088e-01 -2.842583e-01 1.103374e+00 3.150907e-08
3.350000e+00 1.800000e-01 1.447087e-01 -2.843158e-01 1.103378e+00 5.147125e-07
3.400000e+00 1.800000e-01 1.447087e-01 -2.843534e-01 1.103381e+00 6.620408e-07
3.450000e+00 1.800000e-01 1.447087e-01 -2.843779e-01 1.103382e+00 6.459955e-07
3.500000e+00 1.800000e-01 1.447086e-01 -2.843939e-01 1.103383e+00 5.610105e-07
3.550000e+00 1.800000e-01 1.447086e-01 -2.844044e-01 1.103384e+00 4.563714e-07
3.600000e+00 1.800000e-01 1.447086e-01 -2.844112e-01 1.103384e+00 3.558624e-07
3.650000e+00 1.800000e-01 1.447086e-01 -2.844157e-01 1.103384e+00 2.693321e-07
3.700000e+00 1.800000e-01 1.447086e-01 -2.844186e-01 1.103384e+00 1.993824e-07
3.750000e+00 1.800000e-01 1.447086e-01 -2.844205e-01 1.103384e+00 1.451440e-07
3.800000e+00 1.800000e-01 1.447086e-01 -2.844218e-01 1.103384e+00 1.043363e-07
3.850000e+00 1.800000e-01 1.447086e-01 -2.844226e-01 1.103384e+00 7.433537e-08
3.900000e+00 1.800000e-01 1.447085e-01 -2.844232e-01 1.103384e+00 5.268229e-08
3.950000e+00 1.800000e-01 1.447085e-01 -2.844236e-01 1.103384e+00 3.728613e-08
4.000000e+00 1.800000e-01 1.447085e-01 -2.844238e-01 1.103384e+00 2.646943e-08
4.050000e+00 1.800000e-01 1.447085e-01 -2.844240e-01 1.103384e+00 1.893897e-08
4.100000e+00 1.800000e-01 1.447085e-01 -2.844241e-01 1.103384e+00 1.372710e-08
4.150000e+00 1.800000e-01 1.447085e-01 -2.844242e-01 1.103385e+00 1.012698e-08
4.200000e+00 1.800000e-01 1.447085e-01 -2.844243e-01 1.103385e+00 7.632802e-09
4.250000e+00 1.800000e-01 1.447085e-01 -2.844243e-01 1.103385e+00 5.889211e-09
4.300000e+00 1.800000e-01 1.447085e-01 -2.844243e-01 1.103385e+00 4.650784e-09
4.350000e+00 1.800000e-01 1.447085e-01 -2.844244e-01 1.103385e+00 3.750770e-09
4.400000e+00 1.800000e-01 1.447085e-01 -2.844244e-01 1.103385e+00 3.077642e-09
4.450000e+00 1.800000e-01 1.447085e-01 -2.844244e-01 1.103385e+00 2.557927e-09
4.500000e+00 1.800000e-01 1.447085e-01 -2.844244e-01 1.103385e+00 2.143891e-09
4.550000e+00 1.800000e-01 1.447085e-01 -2.844244e-01 1.103385e+00 1.804870e-09
4.600000e+00 1.800000e-01 1.447085e-01 -2.844244e-01 1.103385e+00 1.521292e-09
4.650000e+00 1.800000e-01 1.447085e-01 -2.844244e-01 1.103385e+00 1.280622e-09
4.700000e+00 1.800000e-01 1.447085e-01 -2.844244e-01 1.103385e+00 1.074689e-09
4.750000e+00 1.800000e-01 1.447085e-01 -2.844244e-01 1.103385e+00 8.979489e-10
4.800000e+00 1.800000e-01 1.447085e-01 -2.844244e-01 1.103385e+00 7.464016e-10
4.850000e+00 1.800000e-01 1.447085e-01 -2.844244e-01 1.103385e+00 6.169321e-10
4.900000e+00 1.800000e-01 1.447085e-01 -2.844244e-01 1.103385e+00 5.069331e-10
4.950000e+00 1.800000e-01 1.447085e-01 -2.844244e-01 1.103385e+00 4.141010e-10
5.000000e+00 1.800000e-01 1.447085e-01 -2.844244e-01 1.103385e+00 3.363348e-10
5.050000e+00 1.800000e-01 1.447085e-01 -2.844244e-01 1.103385e+00 2.716985e-10
5.100000e+00 1.800000e-01 1.447085e-01 -2.844244e-01 1.103385e+00 2.184125e-10
5.150000e+00 1.800000e-01 1.447085e-01 -2.844244e-01 1.103385e+00 1.748585e-10
5.200000e+00 1.800000e-01 1.447085e-01 -2.844244e-01 1.103385e+00 1.395889e-10
5.250000e+00 1.800000e-01 1.447085e-01 -2.844244e-01 1.103385e+00 1.113337e-10
5.300000e+00 1.800000e-01 1.447085e-01 -2.844244e-01 1.103385e+00 8.900575e-11
5.350000e+00 1.800000e-01 1.447085e-01 -2.844244e-01 1.103385e+00 7.170486e-11
5.400000e+00 1.800000e-01 1.447085e-01 -2.844244e-01 1.103385e+00 5.871692e-11
5.450000e+00 1.800000e-01 1.447085e-01 -2.844244e-01 1.103385e+00 4.951345e-11
5.500000e+00 1.800000e-01 1.447085e-01 -2.844244e-01 1.103385e+00 4.375666e-11
5.550000e+00 1.800000e-01 1.447085e-01 -2.844244e-01 1.103385e+00 4.130557e-11
5.600000e+00 1.800000e-01 1.447085e-01 -2.844244e-01 1.103385e+00 4.222733e-11
5.650000e+00 1.800000e-01 1.447085e-01 -2.844244e-01 1.103385e+00 4.681922e-11
5.700000e+00 1.800000e-01 1.447085e-01 -2.844244e-01 1.103385e+00 5.564327e-11
5.750000e+00 1.800000e-01 1.447085e-01 -2.844244e-01 1.103385e+00 6.957490e-11
5.800000e+00 1.800000e-01 1.447085e-01 -2.844244e-01 1.103385e+00 8.986895e-11
5.850000e+00 1.800000e-01 1.447085e-01 -2.844244e-01 1.103385e+00 1.182585e-10
5.900000e+00 1.800000e-01 1.447085e-01 -2.844244e-01 1.103385e+00 1.570802e-10
5.950000e+00 1.800000e-01 1.447085e-01 -2.844244e-01 1.103385e+00 2.094427e-10
6.000000e+00 1.800000e-01 1.447085e-01 -2.844244e-01 1.103385e+00 2.794473e-10
6.050000e+00 1.800000e-01 1.447085e-01 -2.844244e-01 1.103385e+00 3.724795e-10
6.100000e+00 1.800000e-01 1.447085e-01 -2.844244e-01 1.103385e+00 4.955950e-10
6.150000e+00 1.800000e-01 1.447085e-01 -2.844244e-01 1.103385e+00 6.580134e-10
6.200000e+00 1.800000e-01 1.447085e-01 -2.844244e-01 1.103385e+00 8.717707e-10
6.250000e+00 1.800000e-01 1.447085e-01 -2.844244e-01 1.103385e+00 1.152560e-09
6.300000e+00 1.800000e-01 1.447085e-01 -2.844244e-01 1.103385e+00 1.520829e-09
6.350000e+00 1.800000e-01 1.447085e-01 -2.844244e-01 1.103385e+00 2.003211e-09
6.400000e+00 1.800000e-01 1.447085e-01 -2.844244e-01 1.103385e+00 2.634373e-09
6.450000e+00 1.800000e-01 1.447085e-01 -2.844244e-01 1.103385e+00 3.459422e-09
6.500000e+00 1.800000e-01 1.447085e-01 -2.844244e-01 1.103385e+00 4.537031e-09
6.550000e+00 1.800000e-01 1.447085e-01 -2.844244e-01 1.103385e+00 5.943497e-09
6.600000e+00 1.800000e-01 1.447085e-01 -2.844244e-01 1.103385e+00 7.777995e-09
6.650000e+00 1.800000e-01 1.447085e-01 -2.844244e-01 1.103385e+00 1.016941e-08
6.700000e+00 1.800000e-01 1.447085e-01 -2.844245e-01 1.103385e+00 1.328520e-08
6.750000e+00 1.800000e-01 1.447085e-01 -2.844245e-01 1.103385e+00 1.734286e-08
6.800000e+00 1.800000e-01 1.447085e-01 -2.844245e-01 1.103385e+00 2.262484e-08
6.850000e+00 1.800000e-01 1.447085e-01 -2.844245e-01 1.103385e+00 2.949784e-08
6.900000e+00 1.800000e-01 1.447085e-01 -2.844245e-01 1.103385e+00 3.843785e-08
6.950000e+00 1.800000e-01 1.447085e-01 -2.844245e-01 1.103384e+00 5.006254e-08
7.000000e+00 1.800000e-01 1.447085e-01 -2.844246e-01 1.103384e+00 6.517349e-08
7.050000e+00 1.800000e-01 1.447085e-01 -2.844246e-01 1.103384e+00 8.481006e-08
7.100000e+00 1.800000e-01 1.447085e-01 -2.844246e-01 1.103384e+00 1.103218e-07
7.150000e+00 1.800000e-01 1.447085e-01 -2.844247e-01 1.103384e+00 1.434535e-07
7.200000e+00 1.800000e-01 1.447085e-01 -2.844248e-01 1.103384e+00 1.864859e-07
7.250000e+00 1.800000e-01 1.447085e-01 -2.844249e-01 1.103384e+00 2.423110e-07
7.300000e+00 1.800000e-01 1.447085e-01 -2.844250e-01 1.103384e+00 3.148919e-07
7.350000e+00 1.800000e-01 1.447085e-01 -2.844252e-01 1.103384e+00 4.086728e-07
7.400000e+00 1.800000e-01 1.447084e-01 -2.844254e-01 1.103384e+00 5.315632e-07
7.450000e+00 1.800000e-01 1.447084e-01 -2.844260e-01 1.103384e+00 6.873257e-07
7.500000e+00 1.800000e-01 1.447084e-01 -2.844255e-01 1.103384e+00 8.997335e-07
7.550000e+00 1.800000e-01 1.447083e-01 -2.844284e-01 1.103384e+00 1.146314e-06
7.600000e+00 1.800000e-01 1.447083e-01 -2.844227e-01 1.103384e+00 1.542878e-06
7.650000e+00 1.800000e-01 1.447082e-01 -2.844402e-01 1.103384e+00 1.859091e-06
7.700000e+00 1.800000e-01 1.447081e-01 -2.843996e-01 1.103384e+00 2.757879e-06
7.750000e+00 1.800000e-01 1.447079e-01 -2.845015e-01 1.103384e+00 2.761224e-06
7.800000e+00 1.800000e-01 1.447078e-01 -2.842712e-01 1.103384e+00 5.407587e-06
7.850000e+00 1.800000e-01 1.447073e-01 -2.847886e-01 1.103384e+00 3.086673e-06
7.900000e+00 1.800000e-01 1.447075e-01 -2.836992e-01 1.103383e+00 1.200902e-05
7.950000e+00 1.800000e-01 1.447061e-01 -2.859171e-01 1.103384e+00 2.943606e-08
8.000000e+00 1.800000e-01 1.447075e-01 -2.816509e-01 1.103381e+00 2.849494e-05
8.050000e+00 1.800000e-01 1.447033e-01 -2.894854e-01 1.103385e+00 -1.214138e-05
8.100000e+00 1.800000e-01 1.447087e-01 -2.759210e-01 1.103378e+00 6.324128e-05
8.150000e+00 1.800000e-01 1.446970e-01 -2.981185e-01 1.103387e+00 -3.585586e-05
8.200000e+00 1.800000e-01 1.447123e-01 -2.641169e-01 1.103373e+00 1.141128e-04
8.250000e+00 1.800000e-01 1.446856e-01 -3.127955e-01 1.103387e+00 -4.877791e-05
8.300000e+00 1.800000e-01 1.447172e-01 -2.482999e-01 1.103369e+00 1.459872e-04
8.350000e+00 1.800000e-01 1.446710e-01 -3.271031e-01 1.103382e+00 7.042388e-06
8.400000e+00 1.800000e-01 1.447165e-01 -2.391360e-01 1.103367e+00 1.176778e-04
8.450000e+00 1.800000e-01 1.446592e-01 -3.291253e-01 1.103371e+00 1.452499e-04
8.500000e+00 1.800000e-01 1.447019e-01 -2.437778e-01 1.103366e+00 1.113510e-04
8.550000e+00 1.800000e-01 1.446481e-01 -3.236685e-01 1.103349e+00 2.242359e-04
8.600000e+00 1.800000e-01 1.446795e-01 -2.423890e-01 1.103376e+00 3.221715e-04
8.650000e+00 1.800000e-01 1.446158e-01 -3.393802e-01 1.103290e+00 1.886376e-04
8.700000e+00 1.800000e-01 1.446606e-01 -2.147244e-01 1.103414e+00 6.326105e-04
8.750000e+00 1.800000e-01 1.445526e-01 -3.691494e-01 1.103204e+00 4.399594e-04
8.800000e+00 1.800000e-01 1.446166e-01 -2.001544e-01 1.103403e+00 7.227416e-04
8.850000e+00 1.800000e-01 1.444803e-01 -3.645787e-01 1.103186e+00 1.062434e-03
8.900000e+00 1.800000e-01 1.445104e-01 -2.151084e-01 1.103291e+00 1.164623e-03
8.950000e+00 1.800000e-01 1.443638e-01 -3.674759e-01 1.103113e+00 1.441830e-03
9.000000e+00 1.800000e-01 1.443662e-01 -1.860160e-01 1.103312e+00 2.339855e-03
9.050000e+00 1.800000e-01 1.441299e-01 -4.152384e-01 1.102792e+00 2.397317e-03
9.100000e+00 1.800000e-01 1.441265e-01 -1.612747e-01 1.103279e+00 3.376527e-03
9.150000e+00 1.800000e-01 1.437922e-01 -4.142668e-01 1.102656e+00 4.539139e-03
9.200000e+00 1.800000e-01 1.436726e-01 -1.782215e-01 1.102852e+00 5.660024e-03
9.250000e+00 1.800000e-01 1.432262e-01 -4.396002e-01 1.102294e+00 6.946569e-03
9.300000e+00 1.800000e-01 1.429779e-01 -1.354261e-01 1.102720e+00 9.719898e-03
9.350000e+00 1.800000e-01 1.422542e-01 -4.936153e-01 1.101408e+00 1.201662e-02
9.400000e+00 1.800000e-01 1.417763e-01 -1.406901e-01 1.101886e+00 1.540160e-02
9.450000e+00 1.800000e-01 1.407141e-01 -5.153078e-01 1.100665e+00 1.983956e-02
9.500000e+00 1.800000e-01 1.397923e-01 -1.312636e-01 1.100547e+00 2.606784e-02
9.550000e+00 1.800000e-01 1.381073e-01 -6.040005e-01 1.098328e+00 3.266066e-02
9.600000e+00 1.800000e-01 1.365262e-01 -1.363473e-01 1.097994e+00 4.223573e-02
9.650000e+00 1.800000e-01 1.338837e-01 -6.922506e-01 1.094781e+00 5.386300e-02
9.700000e+00 1.800000e-01 1.311399e-01 -1.777426e-01 1.091927e+00 6.935230e-02
9.750000e+00 1.800000e-01 1.269485e-01 -8.676246e-01 1.085595e+00 8.744130e-02
9.800000e+00 1.800000e-01 1.223958e-01 -2.906792e-01 1.077177e+00 1.115096e-01
9.850000e+00 1.800000e-01 1.157975e-01 -1.162398e+00 1.061902e+00 1.405337e-01
9.900000e+00 1.800000e-01 1.083424e-01 -6.060210e-01 1.033530e+00 1.785767e-01
9.950000e+00 1.800000e-01 9.793984e-02 -1.755685e+00 9.843184e-01 2.287844e-01
1.000000e+01 1.800000e-01 8.546400e-02 -1.529358e+00 0.000000e+00 0.000000e+00
0.000000e+00 2.000000e-01 1.039200e-01 -3.600000e+00 0.000000e+00 0.000000e+00
5.000000e-02 2.000000e-01 1.038952e-01 -3.601654e+00 9.583397e-01 3.241133e-04
1.000000e-01 2.000000e-01 1.038876e-01 -3.597199e+00 9.581548e-01 -5.299480e-05
1.500000e-01 2.000000e-01 1.039005e-01 -3.594049e+00 9.584974e-01 -2.371800e-04
2.000000e-01 2.000000e-01 1.039113e-01 -3.604827e+00 9.588326e-01 -2.802280e-05
2.500000e-01 2.000000e-01 1.039033e-01 -3.611055e+00 9.583994e-01 9.191758e-05
3.000000e-01 2.000000e-01 1.039021e-01 -3.592858e+00 9.578191e-01 -3.348422e-04
3.500000e-01 2.000000e-01 1.039368e-01 -3.578643e+00 9.583266e-01 -8.084256e-04
4.000000e-01 2.000000e-01 1.039830e-01 -3.601706e+00 9.593779e-01 -6.481202e-04
4.500000e-01 2.000000e-01 1.040016e-01 -3.627572e+00 9.592789e-01 -3.409241e-04
5.000000e-01 2.000000e-01 1.040170e-01 -3.601063e+00 9.583085e-01 -8.565867e-04
5.500000e-01 2.000000e-01 1.040873e-01 -3.551878e+00 9.586017e-01 -1.931017e-03
6.000000e-01 2.000000e-01 1.042102e-01 -3.564909e+00 9.605205e-01 -2.465852e-03
6.500000e-01 2.000000e-01 1.043339e-01 -3.634543e+00 9.616908e-01 -2.518349e-03
7.000000e-01 2.000000e-01 1.044620e-01 -3.645244e+00 9.607688e-01 -3.351965e-03
7.500000e-01 2.000000e-01 1.046690e-01 -3.546822e+00 9.597915e-01 -5.310373e-03
8.000000e-01 2.000000e-01 1.049930e-01 -3.462205e+00 9.611076e-01 -7.143594e-03
8.500000e-01 2.000000e-01 1.053834e-01 -3.527214e+00 9.635156e-01 -8.025130e-03
9.000000e-01 2.000000e-01 1.057955e-01 -3.665569e+00 9.637086e-01 -8.955994e-03
9.500000e-01 2.000000e-01 1.062790e-01 -3.655740e+00 9.611406e-01 -1.117061e-02
1.000000e+00 2.000000e-01 1.069126e-01 -3.440787e+00 9.591172e-01 -1.405682e-02
1.050000e+00 2.000000e-01 1.076847e-01 -3.250709e+00 9.604475e-01 -1.591455e-02
1.100000e+00 2.000000e-01 1.085041e-01 -3.327259e+00 9.634993e-01 -1.646680e-02
1.150000e+00 2.000000e-01 1.093314e-01 -3.588170e+00 9.640392e-01 -1.736684e-02
1.200000e+00 2.000000e-01 1.102407e-01 -3.687917e+00 9.604466e-01 -1.996154e-02
1.250000e+00 2.000000e-01 1.113275e-01 -3.421764e+00 9.558872e-01 -2.348914e-02
1.300000e+00 2.000000e-01 1.125896e-01 -2.985962e+00 9.550682e-01 -2.601870e-02
1.350000e+00 2.000000e-01 1.139294e-01 -2.783188e+00 9.592529e-01 -2.669801e-02
1.400000e+00 2.000000e-01 1.152595e-01 -2.997304e+00 9.647083e-01 -2.657638e-02
1.450000e+00 2.000000e-01 1.165870e-01 -3.403905e+00 9.659617e-01 -2.747697e-02
1.500000e+00 2.000000e-01 1.180071e-01 -3.589727e+00 9.608506e-01 -3.047334e-02
1.550000e+00 2.000000e-01 1.196344e-01 -3.329593e+00 9.529138e-01 -3.521542e-02
1.600000e+00 2.000000e-01 1.215287e-01 -2.757661e+00 9.489175e-01 -4.016226e-02
1.650000e+00 2.000000e-01 1.236506e-01 -2.227202e+00 9.535188e-01 -4.341323e-02
1.700000e+00 2.000000e-01 1.258700e-01 -2.034210e+00 9.654209e-01 -4.392823e-02
1.750000e+00 2.000000e-01 1.280434e-01 -2.225461e+00 9.781368e-01 -4.252493e-02
1.800000e+00 2.000000e-01 1.301225e-01 -2.608021e+00 9.847504e-01 -4.169386e-02
1.850000e+00 2.000000e-01 1.322128e-01 -2.917459e+00 9.826255e-01 -4.408989e-02
1.900000e+00 2.000000e-01 1.345315e-01 -2.981744e+00 9.744895e-01 -5.079179e-02
1.950000e+00 2.000000e-01 1.372920e-01 -2.770245e+00 9.660412e-01 -6.055231e-02
2.000000e+00 2.000000e-01 1.405867e-01 -2.352755e+00 9.626228e-01 -7.039071e-02
2.050000e+00 2.000000e-01 1.443311e-01 -1.838229e+00 9.670241e-01 -7.703008e-02
2.100000e+00 2.000000e-01 1.482897e-01 -1.328397e+00 9.790489e-01 -7.831493e-02
2.150000e+00 2.000000e-01 1.521625e-01 -8.923979e-01 9.964168e-01 -7.389663e-02
2.200000e+00 2.000000e-01 1.556794e-01 -5.608871e-01 1.016129e+00 -6.500818e-02
2.250000e+00 2.000000e-01 1.586634e-01 -3.339983e-01 1.035551e+00 -5.368000e-02
2.300000e+00 2.000000e-01 1.610474e-01 -1.944494e-01 1.052925e+00 -4.191883e-02
2.350000e+00 2.000000e-01 1.628552e-01 -1.189286e-01 1.067396e+00 -3.119134e-02
2.400000e+00 2.000000e-01 1.641665e-01 -8.529237e-02 1.078802e+00 -2.227691e-02
2.450000e+00 2.000000e-01 1.650829e-01 -7.597566e-02 1.087409e+00 -1.537626e-02
2.500000e+00 2.000000e-01 1.657042e-01 -7.880799e-02 1.093680e+00 -1.032150e-02
2.550000e+00 2.000000e-01 1.661151e-01 -8.635151e-02 1.098122e+00 -6.775359e-03
2.600000e+00 2.000000e-01 1.663817e-01 -9.464299e-02 1.101199e+00 -4.369635e-03
2.650000e+00 2.000000e-01 1.665520e-01 -1.019282e-01 1.103292e+00 -2.779075e-03
2.700000e+00 2.000000e-01 1.666596e-01 -1.076772e-01 1.104697e+00 -1.747830e-03
2.750000e+00 2.000000e-01 1.667268e-01 -1.119391e-01 1.105630e+00 -1.089031e-03
2.800000e+00 2.000000e-01 1.667685e-01 -1.149765e-01 1.106244e+00 -6.728992e-04
2.850000e+00 2.000000e-01 1.667941e-01 -1.170864e-01 1.106646e+00 -4.124012e-04
2.900000e+00 2.000000e-01 1.668097e-01 -1.185271e-01 1.106907e+00 -2.505757e-04
2.950000e+00 2.000000e-01 1.668192e-01 -1.194999e-01 1.107076e+00 -1.507670e-04
3.000000e+00 2.000000e-01 1.668248e-01 -1.201516e-01 1.107185e+00 -8.966317e-05
3.050000e+00 2.000000e-01 1.668281e-01 -1.205860e-01 1.107255e+00 -5.256260e-05
3.100000e+00 2.000000e-01 1.668301e-01 -1.208744e-01 1.107300e+00 -3.025376e-05
3.150000e+00 2.000000e-01 1.668312e-01 -1.210654e-01 1.107329e+00 -1.699684e-05
3.200000e+00 2.000000e-01 1.668318e-01 -1.211916e-01 1.107347e+00 -9.234572e-06
3.250000e+00 2.000000e-01 1.668321e-01 -1.212749e-01 1.107359e+00 -4.775174e-06
3.300000e+00 2.000000e-01 1.668323e-01 -1.213298e-01 1.107366e+00 -2.277303e-06
3.350000e+00 2.000000e-01 1.668323e-01 -1.213659e-01 1.107371e+00 -9.267164e-07
3.400000e+00 2.000000e-01 1.668323e-01 -1.213896e-01 1.107374e+00 -2.340413e-07
3.450000e+00 2.000000e-01 1.668323e-01 -1.214052e-01 1.107376e+00 9.122089e-08
3.500000e+00 2.000000e-01 1.668323e-01 -1.214155e-01 1.107377e+00 2.188189e-07
3.550000e+00 2.000000e-01 1.668323e-01 -1.214222e-01 1.107377e+00 2.459299e-07
3.600000e+00 2.000000e-01 1.668323e-01 -1.214266e-01 1.107378e+00 2.266669e-07
3.650000e+00 2.000000e-01 1.668323e-01 -1.214295e-01 1.107378e+00 1.899985e-07
3.700000e+00 2.000000e-01 1.668323e-01 -1.214314e-01 1.107378e+00 1.505205e-07
3.750000e+00 2.000000e-01 1.668323e-01 -1.214327e-01 1.107378e+00 1.148462e-07
3.800000e+00 2.000000e-01 1.668323e-01 -1.214335e-01 1.107378e+00 8.533504e-08
3.850000e+00 2.000000e-01 1.668323e-01 -1.214341e-01 1.107378e+00 6.222123e-08
3.900000e+00 2.000000e-01 1.668323e-01 -1.214344e-01 1.107378e+00 4.479375e-08
3.950000e+00 2.000000e-01 1.668323e-01 -1.214347e-01 1.107378e+00 3.202244e-08
4.000000e+00 2.000000e-01 1.668323e-01 -1.214348e-01 1.107378e+00 2.286841e-08
4.050000e+00 2.000000e-01 1.668323e-01 -1.214350e-01 1.107378e+00 1.641982e-08
4.100000e+00 2.000000e-01 1.668323e-01 -1.214350e-01 1.107379e+00 1.193516e-08
4.150000e+00 2.000000e-01 1.668323e-01 -1.214351e-01 1.107379e+00 8.841090e-09
4.200000e+00 2.000000e-01 1.668323e-01 -1.214351e-01 1.107379e+00 6.710532e-09
4.250000e+00 2.000000e-01 1.668323e-01 -1.214352e-01 1.107379e+00 5.234930e-09
4.300000e+00 2.000000e-01 1.668323e-01 -1.214352e-01 1.107379e+00 4.197231e-09
4.350000e+00 2.000000e-01 1.668323e-01 -1.214352e-01 1.107379e+00 3.448501e-09
4.400000e+00 2.000000e-01 1.668323e-01 -1.214352e-01 1.107379e+00 2.889012e-09
4.450000e+00 2.000000e-01 1.668323e-01 -1.214352e-01 1.107379e+00 2.453607e-09
4.500000e+00 2.000000e-01 1.668323e-01 -1.214352e-01 1.107379e+00 2.100786e-09
4.550000e+00 2.000000e-01 1.668323e-01 -1.214352e-01 1.107379e+00 1.804802e-09
4.600000e+00 2.000000e-01 1.668323e-01 -1.214352e-01 1.107379e+00 1.550073e-09
4.650000e+00 2.000000e-01 1.668323e-01 -1.214353e-01 1.107379e+00 1.327355e-09
4.700000e+00 2.000000e-01 1.668323e-01 -1.214353e-01 1.107379e+00 1.131191e-09
4.750000e+00 2.000000e-01 1.668323e-01 -1.214353e-01 1.107379e+00 9.582507e-10
4.800000e+00 2.000000e-01 1.668323e-01 -1.214353e-01 1.107379e+00 8.063178e-10
4.850000e+00 2.000000e-01 1.668323e-01 -1.214353e-01 1.107379e+00 6.736842e-10
4.900000e+00 2.000000e-01 1.668323e-01 -1.214353e-01 1.107379e+00 5.588258e-10
4.950000e+00 2.000000e-01 1.668323e-01 -1.214353e-01 1.107379e+00 4.602496e-10
5.000000e+00 2.000000e-01 1.668323e-01 -1.214353e-01 1.107379e+00 3.764408e-10
5.050000e+00 2.000000e-01 1.668323e-01 -1.214353e-01 1.107379e+00 3.058670e-10
5.100000e+00 2.000000e-01 1.668323e-01 -1.214353e-01 1.107379e+00 2.470119e-10
5.150000e+00 2.000000e-01 1.668323e-01 -1.214353e-01 1.107379e+00 1.984099e-10
5.200000e+00 2.000000e-01 1.668323e-01 -1.214353e-01 1.107379e+00 1.586864e-10
5.250000e+00 2.000000e-01 1.668323e-01 -1.214353e-01 1.107379e+00 1.265876e-10
5.300000e+00 2.000000e-01 1.668323e-01 -1.214353e-01 1.107379e+00 1.010042e-10
5.350000e+00 2.000000e-01 1.668323e-01 -1.214353e-01 1.107379e+00 8.098938e-11
5.400000e+00 2.000000e-01 1.668323e-01 -1.214353e-01 1.107379e+00 6.577017e-11
5.450000e+00 2.000000e-01 1.668323e-01 -1.214353e-01 1.107379e+00 5.475426e-11
5.500000e+00 2.000000e-01 1.668323e-01 -1.214353e-01 1.107379e+00 4.753975e-11
5.550000e+00 2.000000e-01 1.668323e-01 -1.214353e-01 1.107379e+00 4.392653e-11
5.600000e+00 2.000000e-01 1.668323e-01 -1.214353e-01 1.107379e+00 4.392903e-11
5.650000e+00 2.000000e-01 1.668323e-01 -1.214353e-01 1.107379e+00 4.779871e-11
5.700000e+00 2.000000e-01 1.668323e-01 -1.214353e-01 1.107379e+00 5.606127e-11
5.750000e+00 2.000000e-01 1.668323e-01 -1.214353e-01 1.107379e+00 6.956546e-11
5.800000e+00 2.000000e-01 1.668323e-01 -1.214353e-01 1.107379e+00 8.954726e-11
5.850000e+00 2.000000e-01 1.668323e-01 -1.214353e-01 1.107379e+00 1.177300e-10
5.900000e+00 2.000000e-01 1.668323e-01 -1.214353e-01 1.107379e+00 1.564501e-10
5.950000e+00 2.000000e-01 1.668323e-01 -1.214353e-01 1.107379e+00 2.088266e-10
6.000000e+00 2.000000e-01 1.668323e-01 -1.214353e-01 1.107379e+00 2.789832e-10
6.050000e+00 2.000000e-01 1.668323e-01 -1.214353e-01 1.107379e+00 3.723413e-10
6.100000e+00 2.000000e-01 1.668323e-01 -1.214353e-01 1.107379e+00 4.960060e-10
6.150000e+00 2.000000e-01 1.668323e-01 -1.214353e-01 1.107379e+00 6.592676e-10
6.200000e+00 2.000000e-01 1.668323e-01 -1.214353e-01 1.107379e+00 8.742593e-10
6.250000e+00 2.000000e-01 1.668323e-01 -1.214353e-01 1.107379e+00 1.156800e-09
6.300000e+00 2.000000e-01 1.668323e-01 -1.214353e-01 1.107379e+00 1.527504e-09
6.350000e+00 2.000000e-01 1.668323e-01 -1.214353e-01 1.107379e+00 2.013224e-09
6.400000e+00 2.000000e-01 1.668323e-01 -1.214353e-01 1.107379e+00 2.648910e-09
6.450000e+00 2.000000e-01 1.668323e-01 -1.214353e-01 1.107379e+00 3.480040e-09
6.500000e+00 2.000000e-01 1.668323e-01 -1.214353e-01 1.107379e+00 4.565768e-09
6.550000e+00 2.000000e-01 1.668323e-01 -1.214353e-01 1.107379e+00 5.983012e-09
6.600000e+00 2.000000e-01 1.668323e-01 -1.214353e-01 1.107379e+00 7.831753e-09
6.650000e+00 2.000000e-01 1.668323e-01 -1.214353e-01 1.107379e+00 1.024192e-08
6.700000e+00 2.000000e-01 1.668323e-01 -1.214353e-01 1.107379e+00 1.338229e-08
6.750000e+00 2.000000e-01 1.668323e-01 -1.214353e-01 1.107379e+00 1.747212e-08
6.800000e+00 2.000000e-01 1.668323e-01 -1.214353e-01 1.107379e+00 2.279606e-08
6.850000e+00 2.000000e-01 1.668323e-01 -1.214353e-01 1.107379e+00 2.972369e-08
6.900000e+00 2.000000e-01 1.668323e-01 -1.214353e-01 1.107379e+00 3.873468e-08
6.950000e+00 2.000000e-01 1.668323e-01 -1.214353e-01 1.107379e+00 5.045144e-08
7.000000e+00 2.000000e-01 1.668323e-01 -1.214353e-01 1.107379e+00 6.568159e-08
7.050000e+00 2.000000e-01 1.668323e-01 -1.214353e-01 1.107379e+00 8.547236e-08
7.100000e+00 2.000000e-01 1.668322e-01 -1.214354e-01 1.107379e+00 1.111831e-07
7.150000e+00 2.000000e-01 1.668322e-01 -1.214354e-01 1.107379e+00 1.445720e-07
7.200000e+00 2.000000e-01 1.668322e-01 -1.214354e-01 1.107379e+00 1.879342e-07
7.250000e+00 2.000000e-01 1.668322e-01 -1.214355e-01 1.107379e+00 2.441894e-07
7.300000e+00 2.000000e-01 1.668322e-01 -1.214355e-01 1.107379e+00 3.173055e-07
7.350000e+00 2.000000e-01 1.668322e-01 -1.214357e-01 1.107379e+00 4.118300e-07
7.400000e+00 2.000000e-01 1.668322e-01 -1.214357e-01 1.107379e+00 5.355089e-07
7.450000e+00 2.000000e-01 1.668321e-01 -1.214361e-01 1.107379e+00 6.927606e-07
7.500000e+00 2.000000e-01 1.668321e-01 -1.214356e-01 1.107379e+00 9.057551e-07
7.550000e+00 2.000000e-01 1.668320e-01 -1.214378e-01 1.107379e+00 1.156619e-06
7.600000e+00 2.000000e-01 1.668320e-01 -1.214328e-01 1.107378e+00 1.549586e-06
7.650000e+00 2.000000e-01 1.668319e-01 -1.214472e-01 1.107379e+00 1.883644e-06
7.700000e+00 2.000000e-01 1.668318e-01 -1.214125e-01 1.107378e+00 2.752008e-06
7.750000e+00 2.000000e-01 1.668316e-01 -1.214985e-01 1.107379e+00 2.837421e-06
7.800000e+00 2.000000e-01 1.668315e-01 -1.213007e-01 1.107378e+00 5.326055e-06
7.850000e+00 2.000000e-01 1.668311e-01 -1.217456e-01 1.107379e+00 3.346940e-06
7.900000e+00 2.000000e-01 1.668312e-01 -1.207991e-01 1.107376e+00 1.163785e-05
7.950000e+00 2.000000e-01 1.668299e-01 -1.227358e-01 1.107382e+00 8.388912e-07
8.000000e+00 2.000000e-01 1.668311e-01 -1.189777e-01 1.107371e+00 2.732863e-05
8.050000e+00 2.000000e-01 1.668272e-01 -1.259240e-01 1.107392e+00 -1.011036e-05
8.100000e+00 2.000000e-01 1.668321e-01 -1.137966e-01 1.107356e+00 6.061987e-05
8.150000e+00 2.000000e-01 1.668211e-01 -1.337857e-01 1.107413e+00 -3.213948e-05
8.200000e+00 2.000000e-01 1.668353e-01 -1.029099e-01 1.107328e+00 1.102595e-04
8.250000e+00 2.000000e-01 1.668101e-01 -1.474512e-01 1.107447e+00 -4.457173e-05
8.300000e+00 2.000000e-01 1.668398e-01 -8.793240e-02 1.107293e+00 1.433898e-04
8.350000e+00 2.000000e-01 1.667958e-01 -1.612220e-01 1.107476e+00 8.567021e-06
8.400000e+00 2.000000e-01 1.668389e-01 -7.870766e-02 1.107278e+00 1.193259e-04
8.450000e+00 2.000000e-01 1.667838e-01 -1.637300e-01 1.107474e+00 1.431094e-04
8.500000e+00 2.000000e-01 1.668246e-01 -8.246728e-02 1.107296e+00 1.157326e-04
8.550000e+00 2.000000e-01 1.667723e-01 -1.588975e-01 1.107454e+00 2.222054e-04
8.600000e+00 2.000000e-01 1.668024e-01 -8.063477e-02 1.107306e+00 3.263529e-04
8.650000e+00 2.000000e-01 1.667396e-01 -1.744610e-01 1.107464e+00 1.873392e-04
8.700000e+00 2.000000e-01 1.667837e-01 -5.277011e-02 1.107285e+00 6.384732e-04
8.750000e+00 2.000000e-01 1.666758e-01 -2.042503e-01 1.107486e+00 4.408707e-04
8.800000e+00 2.000000e-01 1.667396e-01 -3.758457e-02 1.107282e+00 7.237696e-04
8.850000e+00 2.000000e-01 1.666034e-01 -1.990664e-01 1.107493e+00 1.073795e-03
8.900000e+00 2.000000e-01 1.666322e-01 -5.261935e-02 1.107273e+00 1.168153e-03
8.950000e+00 2.000000e-01 1.664866e-01 -2.015003e-01 1.107523e+00 1.436773e-03
9.000000e+00 2.000000e-01 1.664885e-01 -2.014468e-02 1.107294e+00 2.375818e-03
9.050000e+00 2.000000e-01 1.662490e-01 -2.520278e-01 1.107478e+00 2.390665e-03
9.100000e+00 2.000000e-01 1.662494e-01 8.006328e-03 1.107375e+00 3.380757e-03
9.150000e+00 2.000000e-01 1.659109e-01 -2.464417e-01 1.107548e+00 4.591183e-03
9.200000e+00 2.000000e-01 1.657903e-01 -1.036280e-02 1.107266e+00 5.681304e-03
9.250000e+00 2.000000e-01 1.653428e-01 -2.700044e-01 1.107665e+00 6.933869e-03
9.300000e+00 2.000000e-01 1.650969e-01 4.478963e-02 1.107467e+00 9.818477e-03
9.350000e+00 2.000000e-01 1.643609e-01 -3.235832e-01 1.107522e+00 1.209706e-02
9.400000e+00 2.000000e-01 1.638872e-01 4.172523e-02 1.107445e+00 1.542566e-02
9.450000e+00 2.000000e-01 1.628184e-01 -3.275475e-01 1.107908e+00 1.997334e-02
9.500000e+00 2.000000e-01 1.618899e-01 6.616684e-02 1.107325e+00 2.633014e-02
9.550000e+00 2.000000e-01 1.601854e-01 -4.070338e-01 1.107482e+00 3.293109e-02
9.600000e+00 2.000000e-01 1.585968e-01 7.992388e-02 1.107002e+00 4.260313e-02
9.650000e+00 2.000000e-01 1.559250e-01 -4.499661e-01 1.107047e+00 5.468147e-02
9.700000e+00 2.000000e-01 1.531286e-01 7.012130e-02 1.104593e+00 7.063354e-02
9.750000e+00 2.000000e-01 1.488617e-01 -5.616105e-01 1.102985e+00 8.969142e-02
9.800000e+00 2.000000e-01 1.441595e-01 1.464472e-02 1.096473e+00 1.152643e-01
9.850000e+00 2.000000e-01 1.373353e-01 -7.138486e-01 1.088552e+00 1.479127e-01
9.900000e+00 2.000000e-01 1.293682e-01 -1.835164e-01 1.066109e+00 1.919376e-01
9.950000e+00 2.000000e-01 1.181415e-01 -1.042475e+00 1.032421e+00 2.544823e-01
1.000000e+01 2.000000e-01 1.039200e-01 -8.651139e-01 0.000000e+00 0.000000e+00
0.000000e+00 2.200000e-01 1.238160e-01 -3.360000e+00 0.000000e+00 0.000000e+00
5.000000e-02 2.200000e-01 1.237809e-01 -3.364139e+00 1.027847e+00 4.770839e-04
1.000000e-01 2.200000e-01 1.237683e-01 -3.370528e+00 1.027580e+00 -8.795518e-05
1.500000e-01 2.200000e-01 1.237897e-01 -3.347397e+00 1.027889e+00 -4.257596e-04
2.000000e-01 2.200000e-01 1.238109e-01 -3.335127e+00 1.028536e+00 -2.936138e-05
2.500000e-01 2.200000e-01 1.237926e-01 -3.378497e+00 1.028340e+00 3.749827e-04
3.000000e-01 2.200000e-01 1.237734e-01 -3.403576e+00 1.027278e+00 -2.587126e-04
3.500000e-01 2.200000e-01 1.238185e-01 -3.339663e+00 1.027208e+00 -1.210043e-03
4.000000e-01 2.200000e-01 1.238944e-01 -3.287557e+00 1.028728e+00 -9.437385e-04
4.500000e-01 2.200000e-01 1.239129e-01 -3.363569e+00 1.029560e+00 -2.695755e-05
5.000000e-01 2.200000e-01 1.238971e-01 -3.457212e+00 1.028243e+00 -5.188494e-04
5.500000e-01 2.200000e-01 1.239647e-01 -3.383669e+00 1.026986e+00 -2.387813e-03
6.000000e-01 2.200000e-01 1.241359e-01 -3.225496e+00 1.028445e+00 -3.315419e-03
6.500000e-01 2.200000e-01 1.242963e-01 -3.251563e+00 1.031218e+00 -2.618987e-03
7.000000e-01 2.200000e-01 1.243977e-01 -3.465164e+00 1.031539e+00 -2.641817e-03
7.500000e-01 2.200000e-01 1.245605e-01 -3.531022e+00 1.028887e+00 -5.047105e-03
8.000000e-01 2.200000e-01 1.249025e-01 -3.279934e+00 1.027179e+00 -8.026726e-03
8.500000e-01 2.200000e-01 1.253631e-01 -3.036761e+00 1.029410e+00 -8.979690e-03
9.000000e-01 2.200000e-01 1.258004e-01 -3.186400e+00 1.032926e+00 -8.521882e-03
9.500000e-01 2.200000e-01 1.262153e-01 -3.563620e+00 1.032435e+00 -9.621478e-03
1.000000e+00 2.200000e-01 1.267626e-01 -3.614986e+00 1.027183e+00 -1.323271e-02
1.050000e+00 2.200000e-01 1.275386e-01 -3.168775e+00 1.022784e+00 -1.685916e-02
1.100000e+00 2.200000e-01 1.284485e-01 -2.737398e+00 1.024470e+00 -1.793950e-02
1.150000e+00 2.200000e-01 1.293325e-01 -2.874962e+00 1.029984e+00 -1.720494e-02
1.200000e+00 2.200000e-01 1.301690e-01 -3.438565e+00 1.031473e+00 -1.766635e-02
1.250000e+00 2.200000e-01 1.310992e-01 -3.729246e+00 1.024706e+00 -2.099434e-02
1.300000e+00 2.200000e-01 1.322684e-01 -3.326658e+00 1.014855e+00 -2.575333e-02
1.350000e+00 2.200000e-01 1.336745e-01 -2.584617e+00 1.011542e+00 -2.901342e-02
1.400000e+00 2.200000e-01 1.351698e-01 -2.227215e+00 1.018251e+00 -2.919627e-02
1.450000e+00 2.200000e-01 1.365941e-01 -2.578364e+00 1.027874e+00 -2.753876e-02
1.500000e+00 2.200000e-01 1.379236e-01 -3.263290e+00 1.029420e+00 -2.724002e-02
1.550000e+00 2.200000e-01 1.393181e-01 -3.620243e+00 1.019162e+00 -3.092675e-02
1.600000e+00 2.200000e-01 1.410163e-01 -3.320080e+00 1.004613e+00 -3.826203e-02
1.650000e+00 2.200000e-01 1.431443e-01 -2.581258e+00 9.976548e-01 -4.575125e-02
1.700000e+00 2.200000e-01 1.455914e-01 -1.911870e+00 1.004181e+00 -4.929302e-02
1.750000e+00 2.200000e-01 1.480736e-01 -1.699785e+00 1.019539e+00 -4.763153e-02
1.800000e+00 2.200000e-01 1.503546e-01 -1.965605e+00 1.032981e+00 -4.365321e-02
1.850000e+00 2.200000e-01 1.524390e-01 -2.428678e+00 1.036300e+00 -4.224404e-02
1.900000e+00 2.200000e-01 1.545790e-01 -2.765517e+00 1.028861e+00 -4.671500e-02
1.950000e+00 2.200000e-01 1.571105e-01 -2.802316e+00 1.016222e+00 -5.674851e-02
2.000000e+00 2.200000e-01 1.602538e-01 -2.539276e+00 1.005531e+00 -6.889947e-02
2.050000e+00 2.200000e-01 1.640004e-01 -2.080744e+00 1.001705e+00 -7.869698e-02
2.100000e+00 2.200000e-01 1.681235e-01 -1.557303e+00 1.006052e+00 -8.281636e-02
2.150000e+00 2.200000e-01 1.722820e-01 -1.073597e+00 1.016984e+00 -8.021904e-02
2.200000e+00 2.200000e-01 1.761455e-01 -6.870216e-01 1.031602e+00 -7.199801e-02
2.250000e+00 2.200000e-01 1.794818e-01 -4.114256e-01 1.047107e+00 -6.041172e-02
2.300000e+00 2.200000e-01 1.821866e-01 -2.333349e-01 1.061521e+00 -4.782650e-02
2.350000e+00 2.200000e-01 1.842645e-01 -1.284869e-01 1.073798e+00 -3.603681e-02
2.400000e+00 2.200000e-01 1.857903e-01 -7.266110e-02 1.083620e+00 -2.605153e-02
2.450000e+00 2.200000e-01 1.868697e-01 -4.655443e-02 1.091119e+00 -1.820015e-02
2.500000e+00 2.200000e-01 1.876103e-01 -3.677882e-02 1.096639e+00 -1.236710e-02
2.550000e+00 2.200000e-01 1.881064e-01 -3.500611e-02 1.100589e+00 -8.219396e-03
2.600000e+00 2.200000e-01 1.884323e-01 -3.655192e-02 1.103351e+00 -5.368215e-03
2.650000e+00 2.200000e-01 1.886432e-01 -3.905092e-02 1.105248e+00 -3.458417e-03
2.700000e+00 2.200000e-01 1.887781e-01 -4.146423e-02 1.106533e+00 -2.204083e-03
2.750000e+00 2.200000e-01 1.888636e-01 -4.343524e-02 1.107393e+00 -1.392379e-03
2.800000e+00 2.200000e-01 1.889173e-01 -4.491723e-02 1.107964e+00 -8.729897e-04
2.850000e+00 2.200000e-01 1.889509e-01 -4.598003e-02 1.108341e+00 -5.435503e-04
2.900000e+00 2.200000e-01 1.889717e-01 -4.672052e-02 1.108588e+00 -3.360949e-04
2.950000e+00 2.200000e-01 1.889845e-01 -4.722714e-02 1.108749e+00 -2.062902e-04
3.000000e+00 2.200000e-01 1.889923e-01 -4.756974e-02 1.108853e+00 -1.255743e-04
3.050000e+00 2.200000e-01 1.889971e-01 -4.779965e-02 1.108921e+00 -7.570844e-05
3.100000e+00 2.200000e-01 1.889999e-01 -4.795317e-02 1.108965e+00 -4.512292e-05
3.150000e+00 2.200000e-01 1.890016e-01 -4.805531e-02 1.108993e+00 -2.651845e-05
3.200000e+00 2.200000e-01 1.890025e-01 -4.812311e-02 1.109011e+00 -1.531260e-05
3.250000e+00 2.200000e-01 1.890031e-01 -4.816802e-02 1.109023e+00 -8.642886e-06
3.300000e+00 2.200000e-01 1.890034e-01 -4.819772e-02 1.109030e+00 -4.730912e-06
3.350000e+00 2.200000e-01 1.890036e-01 -4.821735e-02 1.109035e+00 -2.478619e-06
3.400000e+00 2.200000e-01 1.890037e-01 -4.823030e-02 1.109038e+00 -1.212913e-06
3.450000e+00 2.200000e-01 1.890037e-01 -4.823885e-02 1.109039e+00 -5.247449e-07
3.500000e+00 2.200000e-01 1.890037e-01 -4.824448e-02 1.109041e+00 -1.681074e-07
3.550000e+00 2.200000e-01 1.890037e-01 -4.824819e-02 1.109041e+00 3.072199e-09
3.600000e+00 2.200000e-01 1.890037e-01 -4.825064e-02 1.109042e+00 7.414909e-08
3.650000e+00 2.200000e-01 1.890037e-01 -4.825226e-02 1.109042e+00 9.398160e-08
3.700000e+00 2.200000e-01 1.890037e-01 -4.825333e-02 1.109042e+00 8.977813e-08
3.750000e+00 2.200000e-01 1.890037e-01 -4.825404e-02 1.109042e+00 7.611624e-08
3.800000e+00 2.200000e-01 1.890037e-01 -4.825451e-02 1.109043e+00 6.036183e-08
3.850000e+00 2.200000e-01 1.890037e-01 -4.825483e-02 1.109043e+00 4.588153e-08
3.900000e+00 2.200000e-01 1.890037e-01 -4.825504e-02 1.109043e+00 3.391444e-08
3.950000e+00 2.200000e-01 1.890037e-01 -4.825518e-02 1.109043e+00 2.463852e-08
4.000000e+00 2.200000e-01 1.890037e-01 -4.825528e-02 1.109043e+00 1.775985e-08
4.050000e+00 2.200000e-01 1.890037e-01 -4.825535e-02 1.109043e+00 1.282413e-08
4.100000e+00 2.200000e-01 1.890037e-01 -4.825539e-02 1.109043e+00 9.370179e-09
4.150000e+00 2.200000e-01 1.890037e-01 -4.825543e-02 1.109043e+00 6.996359e-09
4.200000e+00 2.200000e-01 1.890037e-01 -4.825545e-02 1.109043e+00 5.381205e-09
4.250000e+00 2.200000e-01 1.890037e-01 -4.825547e-02 1.109043e+00 4.281744e-09
4.300000e+00 2.200000e-01 1.890037e-01 -4.825548e-02 1.109043e+00 3.522376e-09
4.350000e+00 2.200000e-01 1.890037e-01 -4.825549e-02 1.109043e+00 2.981082e-09
4.400000e+00 2.200000e-01 1.890037e-01 -4.825550e-02 1.109043e+00 2.576238e-09
4.450000e+00 2.200000e-01 1.890037e-01 -4.825550e-02 1.109043e+00 2.255384e-09
4.500000e+00 2.200000e-01 1.890037e-01 -4.825550e-02 1.109043e+00 1.986301e-09
4.550000e+00 2.200000e-01 1.890037e-01 -4.825551e-02 1.109043e+00 1.750280e-09
4.600000e+00 2.200000e-01 1.890037e-01 -4.825551e-02 1.109043e+00 1.537228e-09
4.650000e+00 2.200000e-01 1.890037e-01 -4.825551e-02 1.109043e+00 1.342249e-09
4.700000e+00 2.200000e-01 1.890037e-01 -4.825551e-02 1.109043e+00 1.163354e-09
4.750000e+00 2.200000e-01 1.890037e-01 -4.825551e-02 1.109043e+00 9.999826e-10
4.800000e+00 2.200000e-01 1.890037e-01 -4.825551e-02 1.109043e+00 8.521051e-10
4.850000e+00 2.200000e-01 1.890037e-01 -4.825551e-02 1.109043e+00 7.197254e-10
4.900000e+00 2.200000e-01 1.890037e-01 -4.825551e-02 1.109043e+00 6.026332e-10
4.950000e+00 2.200000e-01 1.890037e-01 -4.825551e-02 1.109043e+00 5.003212e-10
5.000000e+00 2.200000e-01 1.890037e-01 -4.825551e-02 1.109043e+00 4.119977e-10
5.050000e+00 2.200000e-01 1.890037e-01 -4.825551e-02 1.109043e+00 3.366427e-10
5.100000e+00 2.200000e-01 1.890037e-01 -4.825551e-02 1.109043e+00 2.730846e-10
5.150000e+00 2.200000e-01 1.890037e-01 -4.825551e-02 1.109043e+00 2.200784e-10
5.200000e+00 2.200000e-01 1.890037e-01 -4.825551e-02 1.109043e+00 1.763734e-10
5.250000e+00 2.200000e-01 1.890037e-01 -4.825551e-02 1.109043e+00 1.407716e-10
5.300000e+00 2.200000e-01 1.890037e-01 -4.825551e-02 1.109043e+00 1.121722e-10
5.350000e+00 2.200000e-01 1.890037e-01 -4.825551e-02 1.109043e+00 8.960416e-11
5.400000e+00 2.200000e-01 1.890037e-01 -4.825551e-02 1.109043e+00 7.225331e-11
5.450000e+00 2.200000e-01 1.890037e-01 -4.825551e-02 1.109043e+00 5.947409e-11
5.500000e+00 2.200000e-01 1.890037e-01 -4.825551e-02 1.109043e+00 5.080797e-11
5.550000e+00 2.200000e-01 1.890037e-01 -4.825551e-02 1.109043e+00 4.599904e-11
5.600000e+00 2.200000e-01 1.890037e-01 -4.825551e-02 1.109043e+00 4.500594e-11
5.650000e+00 2.200000e-01 1.890037e-01 -4.825551e-02 1.109043e+00 4.803186e-11
5.700000e+00 2.200000e-01 1.890037e-01 -4.825551e-02 1.109043e+00 5.555917e-11
5.750000e+00 2.200000e-01 1.890037e-01 -4.825551e-02 1.109043e+00 6.839446e-11
5.800000e+00 2.200000e-01 1.890037e-01 -4.825551e-02 1.109043e+00 8.773648e-11
5.850000e+00 2.200000e-01 1.890037e-01 -4.825551e-02 1.109043e+00 1.152772e-10
5.900000e+00 2.200000e-01 1.890037e-01 -4.825551e-02 1.109043e+00 1.533210e-10
5.950000e+00 2.200000e-01 1.890037e-01 -4.825551e-02 1.109043e+00 2.049527e-10
6.000000e+00 2.200000e-01 1.890037e-01 -4.825551e-02 1.109043e+00 2.742642e-10
6.050000e+00 2.200000e-01 1.890037e-01 -4.825551e-02 1.109043e+00 3.666403e-10
6.100000e+00 2.200000e-01 1.890037e-01 -4.825551e-02 1.109043e+00 4.891426e-10
6.150000e+00 2.200000e-01 1.890037e-01 -4.825551e-02 1.109043e+00 6.510098e-10
6.200000e+00 2.200000e-01 1.890037e-01 -4.825551e-02 1.109043e+00 8.643128e-10
6.250000e+00 2.200000e-01 1.890037e-01 -4.825551e-02 1.109043e+00 1.144790e-09
6.300000e+00 2.200000e-01 1.890037e-01 -4.825551e-02 1.109043e+00 1.512954e-09
6.350000e+00 2.200000e-01 1.890037e-01 -4.825551e-02 1.109043e+00 1.995529e-09
6.400000e+00 2.200000e-01 1.890037e-01 -4.825551e-02 1.109043e+00 2.627294e-09
6.450000e+00 2.200000e-01 1.890037e-01 -4.825552e-02 1.109043e+00 3.453510e-09
6.500000e+00 2.200000e-01 1.890037e-01 -4.825552e-02 1.109043e+00 4.533046e-09
6.550000e+00 2.200000e-01 1.890037e-01 -4.825552e-02 1.109043e+00 5.942450e-09
6.600000e+00 2.200000e-01 1.890037e-01 -4.825552e-02 1.109043e+00 7.781220e-09
6.650000e+00 2.200000e-01 1.890037e-01 -4.825552e-02 1.109043e+00 1.017865e-08
6.700000e+00 2.200000e-01 1.890037e-01 -4.825552e-02 1.109043e+00 1.330269e-08
6.750000e+00 2.200000e-01 1.890037e-01 -4.825552e-02 1.109043e+00 1.737151e-08
6.800000e+00 2.200000e-01 1.890037e-01 -4.825552e-02 1.109043e+00 2.266834e-08
6.850000e+00 2.200000e-01 1.890037e-01 -4.825553e-02 1.109043e+00 2.956087e-08
6.900000e+00 2.200000e-01 1.890037e-01 -4.825553e-02 1.109043e+00 3.852633e-08
6.950000e+00 2.200000e-01 1.890037e-01 -4.825553e-02 1.109043e+00 5.018390e-08
7.000000e+00 2.200000e-01 1.890037e-01 -4.825554e-02 1.109043e+00 6.533694e-08
7.050000e+00 2.200000e-01 1.890037e-01 -4.825555e-02 1.109043e+00 8.502716e-08
7.100000e+00 2.200000e-01 1.890037e-01 -4.825556e-02 1.109043e+00 1.106064e-07
7.150000e+00 2.200000e-01 1.890037e-01 -4.825557e-02 1.109043e+00 1.438238e-07
7.200000e+00 2.200000e-01 1.890036e-01 -4.825559e-02 1.109043e+00 1.869591e-07
7.250000e+00 2.200000e-01 1.890036e-01 -4.825561e-02 1.109043e+00 2.429254e-07
7.300000e+00 2.200000e-01 1.890036e-01 -4.825564e-02 1.109043e+00 3.156357e-07
7.350000e+00 2.200000e-01 1.890036e-01 -4.825569e-02 1.109043e+00 4.097113e-07
7.400000e+00 2.200000e-01 1.890036e-01 -4.825568e-02 1.109043e+00 5.325497e-07
7.450000e+00 2.200000e-01 1.890036e-01 -4.825592e-02 1.109043e+00 6.894301e-07
7.500000e+00 2.200000e-01 1.890035e-01 -4.825550e-02 1.109043e+00 8.998754e-07
7.550000e+00 2.200000e-01 1.890035e-01 -4.825703e-02 1.109043e+00 1.152989e-06
7.600000e+00 2.200000e-01 1.890034e-01 -4.825329e-02 1.109043e+00 1.534265e-06
7.650000e+00 2.200000e-01 1.890033e-01 -4.826370e-02 1.109043e+00 1.889833e-06
7.700000e+00 2.200000e-01 1.890032e-01 -4.823796e-02 1.109043e+00 2.697304e-06
7.750000e+00 2.200000e-01 1.890030e-01 -4.830181e-02 1.109043e+00 2.909414e-06
7.800000e+00 2.200000e-01 1.890029e-01 -4.815291e-02 1.109043e+00 5.105988e-06
7.850000e+00 2.200000e-01 1.890025e-01 -4.848995e-02 1.109045e+00 3.713964e-06
7.900000e+00 2.200000e-01 1.890025e-01 -4.776452e-02 1.109041e+00 1.081998e-05
7.950000e+00 2.200000e-01 1.890014e-01 -4.926192e-02 1.109049e+00 2.203061e-06
8.000000e+00 2.200000e-01 1.890023e-01 -4.632444e-02 1.109034e+00 2.481039e-05
8.050000e+00 2.200000e-01 1.889990e-01 -5.180759e-02 1.109063e+00 -6.281003e-06
8.100000e+00 2.200000e-01 1.890030e-01 -4.212896e-02 1.109013e+00 5.466193e-05
8.150000e+00 2.200000e-01 1.889935e-01 -5.825133e-02 1.109097e+00 -2.439981e-05
8.200000e+00 2.200000e-01 1.890054e-01 -3.306375e-02 1.108969e+00 1.004375e-04
8.250000e+00 2.200000e-01 1.889835e-01 -6.980596e-02 1.109155e+00 -3.474627e-05
8.300000e+00 2.200000e-01 1.890089e-01 -2.013141e-02 1.108912e+00 1.343628e-04
8.350000e+00 2.200000e-01 1.889700e-01 -8.198934e-02 1.109212e+00 1.304863e-05
8.400000e+00 2.200000e-01 1.890076e-01 -1.156746e-02 1.108884e+00 1.187011e-04
8.450000e+00 2.200000e-01 1.889581e-01 -8.478231e-02 1.109222e+00 1.380975e-04
8.500000e+00 2.200000e-01 1.889938e-01 -1.440175e-02 1.108912e+00 1.194357e-04
8.550000e+00 2.200000e-01 1.889462e-01 -8.047641e-02 1.109206e+00 2.201235e-04
8.600000e+00 2.200000e-01 1.889717e-01 -1.319398e-02 1.108926e+00 3.178631e-04
8.650000e+00 2.200000e-01 1.889144e-01 -9.374663e-02 1.109269e+00 1.969416e-04
8.700000e+00 2.200000e-01 1.889520e-01 1.183564e-02 1.108863e+00 6.238579e-04
8.750000e+00 2.200000e-01 1.888520e-01 -1.212568e-01 1.109383e+00 4.412807e-04
8.800000e+00 2.200000e-01 1.889079e-01 2.676209e-02 1.108860e+00 7.198756e-04
8.850000e+00 2.200000e-01 1.887800e-01 -1.164811e-01 1.109418e+00 1.065774e-03
8.900000e+00 2.200000e-01 1.888013e-01 1.183751e-02 1.108944e+00 1.152652e-03
8.950000e+00 2.200000e-01 1.886648e-01 -1.166009e-01 1.109531e+00 1.433444e-03
9.000000e+00 2.200000e-01 1.886580e-01 4.230490e-02 1.108967e+00 2.357843e-03
9.050000e+00 2.200000e-01 1.884290e-01 -1.655790e-01 1.109739e+00 2.365252e-03
9.100000e+00 2.200000e-01 1.884215e-01 7.146288e-02 1.109131e+00 3.348501e-03
9.150000e+00 2.200000e-01 1.880941e-01 -1.572452e-01 1.109981e+00 4.582407e-03
9.200000e+00 2.200000e-01 1.879632e-01 4.956769e-02 1.109327e+00 5.613381e-03
9.250000e+00 2.200000e-01 1.875328e-01 -1.752309e-01 1.110505e+00 6.866233e-03
9.300000e+00 2.200000e-01 1.872766e-01 1.082660e-01 1.109787e+00 9.777090e-03
9.350000e+00 2.200000e-01 1.865551e-01 -2.279075e-01 1.111035e+00 1.202558e-02
9.400000e+00 2.200000e-01 1.860740e-01 1.032416e-01 1.110499e+00 1.524729e-02
9.450000e+00 2.200000e-01 1.850304e-01 -2.151058e-01 1.112345e+00 1.988743e-02
9.500000e+00 2.200000e-01 1.840853e-01 1.297675e-01 1.111437e+00 2.623803e-02
9.550000e+00 2.200000e-01 1.824066e-01 -2.885635e-01 1.113609e+00 3.278987e-02
9.600000e+00 2.200000e-01 1.808063e-01 1.498104e-01 1.113090e+00 4.240970e-02
9.650000e+00 2.200000e-01 1.781656e-01 -2.956092e-01 1.115785e+00 5.482655e-02
9.700000e+00 2.200000e-01 1.753237e-01 1.484476e-01 1.113930e+00 7.097706e-02
9.750000e+00 2.200000e-01 1.710679e-01 -3.680806e-01 1.116198e+00 9.068947e-02
9.800000e+00 2.200000e-01 1.662547e-01 1.202969e-01 1.111929e+00 1.172829e-01
9.850000e+00 2.200000e-01 1.593396e-01 -4.237449e-01 1.110174e+00 1.526790e-01
9.900000e+00 2.200000e-01 1.509868e-01 -2.090173e-03 1.094516e+00 2.010292e-01
9.950000e+00 2.200000e-01 1.392367e-01 -5.737727e-01 1.075132e+00 2.717081e-01
1.000000e+01 2.200000e-01 1.238160e-01 -4.508458e-01 0.000000e+00 0.000000e+00
0.000000e+00 2.400000e-01 1.450560e-01 -3.120000e+00 0.000000e+00 0.000000e+00
5.000000e-02 2.400000e-01 1.450091e-01 -3.107907e+00 1.092413e+00 6.522831e-04
1.000000e-01 2.400000e-01 1.449908e-01 -3.146574e+00 1.092478e+00 -6.986871e-05
1.500000e-01 2.400000e-01 1.450161e-01 -3.161233e+00 1.092767e+00 -6.195927e-04
2.000000e-01 2.400000e-01 1.450527e-01 -3.067721e+00 1.092833e+00 -2.086700e-04
2.500000e-01 2.400000e-01 1.450369e-01 -3.038354e+00 1.092900e+00 5.949308e-04
3.000000e-01 2.400000e-01 1.449932e-01 -3.188557e+00 1.092847e+00 1.179915e-04
3.500000e-01 2.400000e-01 1.450251e-01 -3.256581e+00 1.092373e+00 -1.388310e-03
4.000000e-01 2.400000e-01 1.451321e-01 -3.052717e+00 1.092189e+00 -1.588867e-03
4.500000e-01 2.400000e-01 1.451840e-01 -2.907912e+00 1.093177e+00 -1.468370e-04
5.000000e-01 2.400000e-01 1.451468e-01 -3.138328e+00 1.094289e+00 1.732273e-04
5.500000e-01 2.400000e-01 1.451667e-01 -3.400628e+00 1.093444e+00 -2.011917e-03
6.000000e-01 2.400000e-01 1.453479e-01 -3.191178e+00 1.091448e+00 -4.158759e-03
6.500000e-01 2.400000e-01 1.455826e-01 -2.769963e+00 1.092046e+00 -3.756133e-03
7.000000e-01 2.400000e-01 1.457236e-01 -2.845911e+00 1.095816e+00 -2.419514e-03
7.500000e-01 2.400000e-01 1.458245e-01 -3.393376e+00 1.097380e+00 -3.566283e-03
8.000000e-01 2.400000e-01 1.460802e-01 -3.560415e+00 1.092916e+00 -7.353005e-03
8.500000e-01 2.400000e-01 1.465598e-01 -2.969756e+00 1.087810e+00 -1.032384e-02
9.000000e-01 2.400000e-01 1.471126e-01 -2.422861e+00 1.090134e+00 -1.016603e-02
9.500000e-01 2.400000e-01 1.475764e-01 -2.765037e+00 1.097472e+00 -8.873334e-03
1.000000e+00 2.400000e-01 1.479999e-01 -3.583838e+00 1.098098e+00 -1.019623e-02
1.050000e+00 2.400000e-01 1.485960e-01 -3.703876e+00 1.087643e+00 -1.482965e-02
1.100000e+00 2.400000e-01 1.494829e-01 -2.842316e+00 1.077477e+00 -1.934679e-02
1.150000e+00 2.400000e-01 1.505307e-01 -2.052197e+00 1.080383e+00 -2.016806e-02
1.200000e+00 2.400000e-01 1.514997e-01 -2.335080e+00 1.092320e+00 -1.785030e-02
1.250000e+00 2.400000e-01 1.523158e-01 -3.351429e+00 1.095957e+00 -1.684177e-02
1.300000e+00 2.400000e-01 1.531839e-01 -3.854537e+00 1.082594e+00 -2.075311e-02
1.350000e+00 2.400000e-01 1.543911e-01 -3.218549e+00 1.064253e+00 -2.805657e-02
1.400000e+00 2.400000e-01 1.559895e-01 -2.105225e+00 1.059855e+00 -3.310913e-02
1.450000e+00 2.400000e-01 1.577020e-01 -1.638725e+00 1.073122e+00 -3.194422e-02
1.500000e+00 2.400000e-01 1.591839e-01 -2.215164e+00 1.088238e+00 -2.698861e-02
1.550000e+00 2.400000e-01 1.604008e-01 -3.191376e+00 1.087290e+00 -2.529260e-02
1.600000e+00 2.400000e-01 1.617132e-01 -3.642849e+00 1.069018e+00 -3.155941e-02
1.650000e+00 2.400000e-01 1.635568e-01 -3.224501e+00 1.048683e+00 -4.324077e-02
1.700000e+00 2.400000e-01 1.660373e-01 -2.317548e+00 1.042407e+00 -5.268201e-02
1.750000e+00 2.400000e-01 1.688250e-01 -1.588744e+00 1.053324e+00 -5.404484e-02
1.800000e+00 2.400000e-01 1.714418e-01 -1.449133e+00 1.070883e+00 -4.839836e-02
1.850000e+00 2.400000e-01 1.736648e-01 -1.819130e+00 1.081386e+00 -4.244202e-02
1.900000e+00 2.400000e-01 1.756860e-01 -2.319912e+00 1.078509e+00 -4.276057e-02
1.950000e+00 2.400000e-01 1.779409e-01 -2.610877e+00 1.065406e+00 -5.122029e-02
2.000000e+00 2.400000e-01 1.808080e-01 -2.560532e+00 1.049941e+00 -6.458366e-02
2.050000e+00 2.400000e-01 1.843992e-01 -2.221667e+00 1.039062e+00 -7.723845e-02
2.100000e+00 2.400000e-01 1.885318e-01 -1.732499e+00 1.035952e+00 -8.442643e-02
2.150000e+00 2.400000e-01 1.928419e-01 -1.230074e+00 1.040142e+00 -8.411638e-02
2.200000e+00 2.400000e-01 1.969435e-01 -8.038577e-01 1.049159e+00 -7.705765e-02
2.250000e+00 2.400000e-01 2.005477e-01 -4.881824e-01 1.060211e+00 -6.564769e-02
2.300000e+00 2.400000e-01 2.035082e-01 -2.780564e-01 1.071170e+00 -5.259509e-02
2.350000e+00 2.400000e-01 2.058072e-01 -1.502290e-01 1.080818e+00 -4.003115e-02
2.400000e+00 2.400000e-01 2.075113e-01 -7.857728e-02 1.088684e+00 -2.920539e-02
2.450000e+00 2.400000e-01 2.087277e-01 -4.158304e-02 1.094763e+00 -2.058378e-02
2.500000e+00 2.400000e-01 2.095697e-01 -2.420793e-02 1.099280e+00 -1.410929e-02
2.550000e+00 2.400000e-01 2.101386e-01 -1.706416e-02 1.102540e+00 -9.459852e-03
2.600000e+00 2.400000e-01 2.105157e-01 -1.480059e-02 1.104839e+00 -6.233327e-03
2.650000e+00 2.400000e-01 2.107620e-01 -1.461017e-02 1.106431e+00 -4.051919e-03
2.700000e+00 2.400000e-01 2.109209e-01 -1.514194e-02 1.107518e+00 -2.605967e-03
2.750000e+00 2.400000e-01 2.110226e-01 -1.581030e-02 1.108252e+00 -1.661703e-03
2.800000e+00 2.400000e-01 2.110871e-01 -1.639938e-02 1.108743e+00 -1.051995e-03
2.850000e+00 2.400000e-01 2.111278e-01 -1.685539e-02 1.109069e+00 -6.617386e-04
2.900000e+00 2.400000e-01 2.111532e-01 -1.718641e-02 1.109284e+00 -4.137078e-04
2.950000e+00 2.400000e-01 2.111691e-01 -1.741826e-02 1.109426e+00 -2.570282e-04
3.000000e+00 2.400000e-01 2.111790e-01 -1.757728e-02 1.109518e+00 -1.586151e-04
3.050000e+00 2.400000e-01 2.111850e-01 -1.768497e-02 1.109579e+00 -9.715102e-05
3.100000e+00 2.400000e-01 2.111887e-01 -1.775732e-02 1.109618e+00 -5.899525e-05
3.150000e+00 2.400000e-01 2.111909e-01 -1.780569e-02 1.109643e+00 -3.546715e-05
3.200000e+00 2.400000e-01 2.111922e-01 -1.783792e-02 1.109660e+00 -2.106939e-05
3.250000e+00 2.400000e-01 2.111930e-01 -1.785935e-02 1.109670e+00 -1.233672e-05
3.300000e+00 2.400000e-01 2.111934e-01 -1.787356e-02 1.109677e+00 -7.095348e-06
3.350000e+00 2.400000e-01 2.111937e-01 -1.788299e-02 1.109681e+00 -3.988831e-06
3.400000e+00 2.400000e-01 2.111938e-01 -1.788923e-02 1.109684e+00 -2.175775e-06
3.450000e+00 2.400000e-01 2.111939e-01 -1.789336e-02 1.109686e+00 -1.137848e-06
3.500000e+00 2.400000e-01 2.111940e-01 -1.789609e-02 1.109687e+00 -5.582925e-07
3.550000e+00 2.400000e-01 2.111940e-01 -1.789790e-02 1.109688e+00 -2.453709e-07
3.600000e+00 2.400000e-01 2.111940e-01 -1.789909e-02 1.109688e+00 -8.434291e-08
3.650000e+00 2.400000e-01 2.111940e-01 -1.789988e-02 1.109689e+00 -7.500600e-09
3.700000e+00 2.400000e-01 2.111940e-01 -1.790041e-02 1.109689e+00 2.441578e-08
3.750000e+00 2.400000e-01 2.111940e-01 -1.790076e-02 1.109689e+00 3.366230e-08
3.800000e+00 2.400000e-01 2.111940e-01 -1.790099e-02 1.109689e+00 3.247986e-08
3.850000e+00 2.400000e-01 2.111940e-01 -1.790115e-02 1.109689e+00 2.731893e-08
3.900000e+00 2.400000e-01 2.111940e-01 -1.790125e-02 1.109689e+00 2.136239e-08
3.950000e+00 2.400000e-01 2.111940e-01 -1.790133e-02 1.109689e+00 1.600932e-08
4.000000e+00 2.400000e-01 2.111940e-01 -1.790137e-02 1.109689e+00 1.173072e-08
4.050000e+00 2.400000e-01 2.111940e-01 -1.790141e-02 1.109689e+00 8.550543e-09
4.100000e+00 2.400000e-01 2.111940e-01 -1.790143e-02 1.109689e+00 6.306540e-09
4.150000e+00 2.400000e-01 2.111940e-01 -1.790145e-02 1.109689e+00 4.784302e-09
4.200000e+00 2.400000e-01 2.111940e-01 -1.790146e-02 1.109689e+00 3.780316e-09
4.250000e+00 2.400000e-01 2.111940e-01 -1.790147e-02 1.109689e+00 3.126698e-09
4.300000e+00 2.400000e-01 2.111940e-01 -1.790147e-02 1.109689e+00 2.696444e-09
4.350000e+00 2.400000e-01 2.111940e-01 -1.790148e-02 1.109689e+00 2.399718e-09
4.400000e+00 2.400000e-01 2.111940e-01 -1.790148e-02 1.109689e+00 2.176836e-09
4.450000e+00 2.400000e-01 2.111940e-01 -1.790149e-02 1.109689e+00 1.990791e-09
4.500000e+00 2.400000e-01 2.111940e-01 -1.790149e-02 1.109689e+00 1.820613e-09
4.550000e+00 2.400000e-01 2.111940e-01 -1.790149e-02 1.109689e+00 1.656029e-09
4.600000e+00 2.400000e-01 2.111940e-01 -1.790149e-02 1.109689e+00 1.493424e-09
4.650000e+00 2.400000e-01 2.111940e-01 -1.790149e-02 1.109689e+00 1.332952e-09
4.700000e+00 2.400000e-01 2.111940e-01 -1.790149e-02 1.109689e+00 1.176594e-09
4.750000e+00 2.400000e-01 2.111940e-01 -1.790149e-02 1.109689e+00 1.026917e-09
4.800000e+00 2.400000e-01 2.111940e-01 -1.790149e-02 1.109689e+00 8.863416e-10
4.850000e+00 2.400000e-01 2.111940e-01 -1.790149e-02 1.109689e+00 7.567749e-10
4.900000e+00 2.400000e-01 2.111940e-01 -1.790149e-02 1.109689e+00 6.394654e-10
4.950000e+00 2.400000e-01 2.111940e-01 -1.790149e-02 1.109689e+00 5.350070e-10
5.000000e+00 2.400000e-01 2.111940e-01 -1.790149e-02 1.109689e+00 4.434161e-10
5.050000e+00 2.400000e-01 2.111940e-01 -1.790149e-02 1.109689e+00 3.642509e-10
5.100000e+00 2.400000e-01 2.111940e-01 -1.790149e-02 1.109689e+00 2.967437e-10
5.150000e+00 2.400000e-01 2.111940e-01 -1.790149e-02 1.109689e+00 2.399123e-10
5.200000e+00 2.400000e-01 2.111940e-01 -1.790149e-02 1.109689e+00 1.926645e-10
5.250000e+00 2.400000e-01 2.111940e-01 -1.790149e-02 1.109689e+00 1.538872e-10
5.300000e+00 2.400000e-01 2.111940e-01 -1.790149e-02 1.109689e+00 1.225106e-10
5.350000e+00 2.400000e-01 2.111940e-01 -1.790149e-02 1.109689e+00 9.755696e-11
5.400000e+00 2.400000e-01 2.111940e-01 -1.790149e-02 1.109689e+00 7.818357e-11
5.450000e+00 2.400000e-01 2.111940e-01 -1.790149e-02 1.109689e+00 6.370182e-11
5.500000e+00 2.400000e-01 2.111940e-01 -1.790149e-02 1.109689e+00 5.359990e-11
5.550000e+00 2.400000e-01 2.111940e-01 -1.790149e-02 1.109689e+00 4.757167e-11
5.600000e+00 2.400000e-01 2.111940e-01 -1.790149e-02 1.109689e+00 4.551998e-11
5.650000e+00 2.400000e-01 2.111940e-01 -1.790149e-02 1.109689e+00 4.759360e-11
5.700000e+00 2.400000e-01 2.111940e-01 -1.790149e-02 1.109689e+00 5.422357e-11
5.750000e+00 2.400000e-01 2.111940e-01 -1.790149e-02 1.109689e+00 6.616568e-11
5.800000e+00 2.400000e-01 2.111940e-01 -1.790149e-02 1.109689e+00 8.456652e-11
5.850000e+00 2.400000e-01 2.111940e-01 -1.790149e-02 1.109689e+00 1.110601e-10
5.900000e+00 2.400000e-01 2.111940e-01 -1.790149e-02 1.109689e+00 1.478934e-10
5.950000e+00 2.400000e-01 2.111940e-01 -1.790149e-02 1.109689e+00 1.980782e-10
6.000000e+00 2.400000e-01 2.111940e-01 -1.790149e-02 1.109689e+00 2.656217e-10
6.050000e+00 2.400000e-01 2.111940e-01 -1.790149e-02 1.109689e+00 3.558082e-10
6.100000e+00 2.400000e-01 2.111940e-01 -1.790149e-02 1.109689e+00 4.755699e-10
6.150000e+00 2.400000e-01 2.111940e-01 -1.790149e-02 1.109689e+00 6.339829e-10
6.200000e+00 2.400000e-01 2.111940e-01 -1.790149e-02 1.109689e+00 8.429069e-10
6.250000e+00 2.400000e-01 2.111940e-01 -1.790149e-02 1.109689e+00 1.117813e-09
6.300000e+00 2.400000e-01 2.111940e-01 -1.790149e-02 1.109689e+00 1.478868e-09
6.350000e+00 2.400000e-01 2.111940e-01 -1.790149e-02 1.109689e+00 1.952343e-09
6.400000e+00 2.400000e-01 2.111940e-01 -1.790149e-02 1.109689e+00 2.572436e-09
6.450000e+00 2.400000e-01 2.111940e-01 -1.790149e-02 1.109689e+00 3.383651e-09
6.500000e+00 2.400000e-01 2.111940e-01 -1.790149e-02 1.109689e+00 4.443874e-09
6.550000e+00 2.400000e-01 2.111940e-01 -1.790149e-02 1.109689e+00 5.828376e-09
6.600000e+00 2.400000e-01 2.111940e-01 -1.790149e-02 1.109689e+00 7.634993e-09
6.650000e+00 2.400000e-01 2.111940e-01 -1.790149e-02 1.109689e+00 9.990856e-09
6.700000e+00 2.400000e-01 2.111940e-01 -1.790149e-02 1.109689e+00 1.306112e-08
6.750000e+00 2.400000e-01 2.111940e-01 -1.790149e-02 1.109689e+00 1.706027e-08
6.800000e+00 2.400000e-01 2.111940e-01 -1.790150e-02 1.109689e+00 2.226681e-08
6.850000e+00 2.400000e-01 2.111940e-01 -1.790150e-02 1.109689e+00 2.904223e-08
6.900000e+00 2.400000e-01 2.111940e-01 -1.790150e-02 1.109689e+00 3.785569e-08
6.950000e+00 2.400000e-01 2.111940e-01 -1.790150e-02 1.109689e+00 4.931591e-08
7.000000e+00 2.400000e-01 2.111940e-01 -1.790150e-02 1.109689e+00 6.421257e-08
7.050000e+00 2.400000e-01 2.111940e-01 -1.790151e-02 1.109689e+00 8.356970e-08
7.100000e+00 2.400000e-01 2.111940e-01 -1.790151e-02 1.109689e+00 1.087157e-07
7.150000e+00 2.400000e-01 2.111939e-01 -1.790151e-02 1.109689e+00 1.413708e-07
7.200000e+00 2.400000e-01 2.111939e-01 -1.790152e-02 1.109689e+00 1.837722e-07
7.250000e+00 2.400000e-01 2.111939e-01 -1.790153e-02 1.109689e+00 2.387922e-07
7.300000e+00 2.400000e-01 2.111939e-01 -1.790154e-02 1.109689e+00 3.102454e-07
7.350000e+00 2.400000e-01 2.111939e-01 -1.790157e-02 1.109689e+00 4.027682e-07
7.400000e+00 2.400000e-01 2.111939e-01 -1.790155e-02 1.109689e+00 5.233352e-07
7.450000e+00 2.400000e-01 2.111938e-01 -1.790168e-02 1.109689e+00 6.780016e-07
7.500000e+00 2.400000e-01 2.111938e-01 -1.790140e-02 1.109689e+00 8.834582e-07
7.550000e+00 2.400000e-01 2.111938e-01 -1.790235e-02 1.109689e+00 1.135873e-06
7.600000e+00 2.400000e-01 2.111937e-01 -1.789990e-02 1.109690e+00 1.500910e-06
7.650000e+00 2.400000e-01 2.111936e-01 -1.790666e-02 1.109690e+00 1.874415e-06
7.700000e+00 2.400000e-01 2.111935e-01 -1.788959e-02 1.109690e+00 2.609578e-06
7.750000e+00 2.400000e-01 2.111933e-01 -1.793215e-02 1.109690e+00 2.952285e-06
7.800000e+00 2.400000e-01 2.111932e-01 -1.783150e-02 1.109690e+00 4.813566e-06
7.850000e+00 2.400000e-01 2.111929e-01 -1.806146e-02 1.109692e+00 4.070347e-06
7.900000e+00 2.400000e-01 2.111928e-01 -1.756037e-02 1.109688e+00 9.801119e-06
7.950000e+00 2.400000e-01 2.111919e-01 -1.860604e-02 1.109697e+00 3.704442e-06
8.000000e+00 2.400000e-01 2.111924e-01 -1.652954e-02 1.109681e+00 2.167890e-05
8.050000e+00 2.400000e-01 2.111897e-01 -2.045140e-02 1.109712e+00 -1.773740e-06
8.100000e+00 2.400000e-01 2.111926e-01 -1.344155e-02 1.109659e+00 4.703748e-05
8.150000e+00 2.400000e-01 2.111850e-01 -2.526412e-02 1.109751e+00 -1.475996e-05
8.200000e+00 2.400000e-01 2.111941e-01 -6.553383e-03 1.109611e+00 8.717634e-05
8.250000e+00 2.400000e-01 2.111763e-01 -3.420175e-02 1.109820e+00 -2.167596e-05
8.300000e+00 2.400000e-01 2.111963e-01 3.673394e-03 1.109544e+00 1.207679e-04
8.350000e+00 2.400000e-01 2.111642e-01 -4.409267e-02 1.109893e+00 1.993820e-05
8.400000e+00 2.400000e-01 2.111943e-01 1.093662e-02 1.109507e+00 1.152855e-04
8.450000e+00 2.400000e-01 2.111527e-01 -4.679227e-02 1.109917e+00 1.316322e-04
8.500000e+00 2.400000e-01 2.111811e-01 8.895936e-03 1.109541e+00 1.220917e-04
8.550000e+00 2.400000e-01 2.111405e-01 -4.302417e-02 1.109907e+00 2.166734e-04
8.600000e+00 2.400000e-01 2.111594e-01 9.130652e-03 1.109565e+00 3.010940e-04
8.650000e+00 2.400000e-01 2.111104e-01 -5.301158e-02 1.110001e+00 2.127415e-04
8.700000e+00 2.400000e-01 2.111382e-01 2.950552e-02 1.109485e+00 5.927806e-04
8.750000e+00 2.400000e-01 2.110511e-01 -7.643069e-02 1.110184e+00 4.419119e-04
8.800000e+00 2.400000e-01 2.110940e-01 4.307023e-02 1.109483e+00 7.096446e-04
8.850000e+00 2.400000e-01 2.109801e-01 -7.247426e-02 1.110254e+00 1.040331e-03
8.900000e+00 2.400000e-01 2.109899e-01 2.880838e-02 1.109649e+00 1.123316e-03
8.950000e+00 2.400000e-01 2.108678e-01 -6.971290e-02 1.110424e+00 1.427466e-03
9.000000e+00 2.400000e-01 2.108472e-01 5.383190e-02 1.109705e+00 2.292453e-03
9.050000e+00 2.400000e-01 2.106386e-01 -1.134078e-01 1.110846e+00 2.324949e-03
9.100000e+00 2.400000e-01 2.106147e-01 8.165757e-02 1.109943e+00 3.283765e-03
9.150000e+00 2.400000e-01 2.103102e-01 -1.039432e-01 1.111248e+00 4.512905e-03
9.200000e+00 2.400000e-01 2.101634e-01 5.636059e-02 1.110443e+00 5.471893e-03
9.250000e+00 2.400000e-01 2.097630e-01 -1.141325e-01 1.112101e+00 6.749976e-03
9.300000e+00 2.400000e-01 2.094884e-01 1.116580e-01 1.111156e+00 9.606277e-03
9.350000e+00 2.400000e-01 2.088024e-01 -1.645291e-01 1.113258e+00 1.181230e-02
9.400000e+00 2.400000e-01 2.083072e-01 1.037666e-01 1.112560e+00 1.490172e-02
9.450000e+00 2.400000e-01 2.073122e-01 -1.374064e-01 1.115342e+00 1.959789e-02
9.500000e+00 2.400000e-01 2.063474e-01 1.242090e-01 1.114520e+00 2.582448e-02
9.550000e+00 2.400000e-01 2.047297e-01 -2.059908e-01 1.118162e+00 3.227018e-02
9.600000e+00 2.400000e-01 2.031204e-01 1.453618e-01 1.118018e+00 4.173291e-02
9.650000e+00 2.400000e-01 2.005564e-01 -1.863639e-01 1.122642e+00 5.434548e-02
9.700000e+00 2.400000e-01 1.976858e-01 1.396897e-01 1.121963e+00 7.046837e-02
9.750000e+00 2.400000e-01 1.935096e-01 -2.390741e-01 1.127244e+00 9.049176e-02
9.800000e+00 2.400000e-01 1.886366e-01 1.249443e-01 1.125900e+00 1.176739e-01
9.850000e+00 2.400000e-01 1.817422e-01 -2.368766e-01 1.129276e+00 1.548779e-01
9.900000e+00 2.400000e-01 1.731489e-01 4.978012e-02 1.121238e+00 2.059542e-01
9.950000e+00 2.400000e-01 1.611468e-01 -2.913702e-01 1.114749e+00 2.809285e-01
1.000000e+01 2.400000e-01 1.450560e-01 -2.153108e-01 0.000000e+00 0.000000e+00
0.000000e+00 2.600000e-01 1.675440e-01 -2.880000e+00 0.000000e+00 0.000000e+00
5.000000e-02 2.600000e-01 1.674774e-01 -2.841810e+00 1.151566e+00 7.660017e-04
1.000000e-01 2.600000e-01 1.674674e-01 -2.837603e+00 1.152260e+00 -2.297976e-04
1.500000e-01 2.600000e-01 1.675004e-01 -2.997735e+00 1.154378e+00 -5.678891e-04
2.000000e-01 2.600000e-01 1.675242e-01 -2.982631e+00 1.153101e+00 -8.237871e-05
2.500000e-01 2.600000e-01 1.675086e-01 -2.687380e+00 1.150152e+00 3.693735e-04
3.000000e-01 2.600000e-01 1.674873e-01 -2.681219e+00 1.151979e+00 -4.779114e-05
3.500000e-01 2.600000e-01 1.675134e-01 -3.119799e+00 1.156060e+00 -9.467187e-04
4.000000e-01 2.600000e-01 1.675819e-01 -3.209046e+00 1.153851e+00 -1.265588e-03
4.500000e-01 2.600000e-01 1.676399e-01 -2.634270e+00 1.148221e+00 -8.670515e-04
5.000000e-01 2.600000e-01 1.676686e-01 -2.360438e+00 1.150365e+00 -6.256512e-04
5.500000e-01 2.600000e-01 1.677025e-01 -3.004556e+00 1.158158e+00 -1.251457e-03
6.000000e-01 2.600000e-01 1.677938e-01 -3.553770e+00 1.157139e+00 -2.756066e-03
6.500000e-01 2.600000e-01 1.679781e-01 -2.949049e+00 1.146976e+00 -4.366006e-03
7.000000e-01 2.600000e-01 1.682304e-01 -2.040597e+00 1.145369e+00 -4.775658e-03
7.500000e-01 2.600000e-01 1.684557e-01 -2.348828e+00 1.157462e+00 -3.887392e-03
8.000000e-01 2.600000e-01 1.686191e-01 -3.538974e+00 1.163566e+00 -4.198405e-03
8.500000e-01 2.600000e-01 1.688755e-01 -3.734662e+00 1.150340e+00 -7.866794e-03
9.000000e-01 2.600000e-01 1.694058e-01 -2.467452e+00 1.135904e+00 -1.238661e-02
9.500000e-01 2.600000e-01 1.701142e-01 -1.529356e+00 1.143008e+00 -1.280720e-02
1.000000e+00 2.600000e-01 1.706865e-01 -2.339187e+00 1.161709e+00 -9.301504e-03
1.050000e+00 2.600000e-01 1.710443e-01 -3.808637e+00 1.161545e+00 -8.610584e-03
1.100000e+00 2.600000e-01 1.715476e-01 -3.843958e+00 1.137468e+00 -1.503514e-02
1.150000e+00 2.600000e-01 1.725478e-01 -2.322302e+00 1.119610e+00 -2.314196e-02
1.200000e+00 2.600000e-01 1.738618e-01 -1.184620e+00 1.130785e+00 -2.389621e-02
1.250000e+00 2.600000e-01 1.749375e-01 -1.842138e+00 1.154372e+00 -1.710398e-02
1.300000e+00 2.600000e-01 1.755722e-01 -3.426529e+00 1.156031e+00 -1.307176e-02
1.350000e+00 2.600000e-01 1.762446e-01 -4.011515e+00 1.129291e+00 -1.991809e-02
1.400000e+00 2.600000e-01 1.775640e-01 -2.984807e+00 1.102901e+00 -3.274366e-02
1.450000e+00 2.600000e-01 1.795190e-01 -1.525701e+00 1.104226e+00 -3.889189e-02
1.500000e+00 2.600000e-01 1.814532e-01 -1.128815e+00 1.128089e+00 -3.290722e-02
1.550000e+00 2.600000e-01 1.828097e-01 -2.045764e+00 1.145130e+00 -2.323874e-02
1.600000e+00 2.600000e-01 1.837770e-01 -3.232488e+00 1.135810e+00 -2.281927e-02
1.650000e+00 2.600000e-01 1.850917e-01 -3.601023e+00 1.108660e+00 -3.510667e-02
1.700000e+00 2.600000e-01 1.872877e-01 -2.960490e+00 1.087175e+00 -5.114929e-02
1.750000e+00 2.600000e-01 1.902066e-01 -1.931163e+00 1.086285e+00 -5.902194e-02
1.800000e+00 2.600000e-01 1.931899e-01 -1.279350e+00 1.101634e+00 -5.487807e-02
1.850000e+00 2.600000e-01 1.956944e-01 -1.311824e+00 1.117293e+00 -4.529445e-02
1.900000e+00 2.600000e-01 1.977193e-01 -1.783325e+00 1.120716e+00 -4.032314e-02
1.950000e+00 2.600000e-01 1.997267e-01 -2.250951e+00 1.110424e+00 -4.532157e-02
2.000000e+00 2.600000e-01 2.022515e-01 -2.421767e+00 1.093181e+00 -5.836192e-02
2.050000e+00 2.600000e-01 2.055629e-01 -2.246409e+00 1.077202e+00 -7.310108e-02
2.100000e+00 2.600000e-01 2.095616e-01 -1.836633e+00 1.067542e+00 -8.324826e-02
2.150000e+00 2.600000e-01 2.138877e-01 -1.348246e+00 1.065173e+00 -8.550200e-02
2.200000e+00 2.600000e-01 2.181118e-01 -9.019301e-01 1.068387e+00 -8.002560e-02
2.250000e+00 2.600000e-01 2.218903e-01 -5.566415e-01 1.074642e+00 -6.921597e-02
2.300000e+00 2.600000e-01 2.250334e-01 -3.202683e-01 1.081792e+00 -5.606918e-02
2.350000e+00 2.600000e-01 2.274972e-01 -1.734063e-01 1.088501e+00 -4.304240e-02
2.400000e+00 2.600000e-01 2.293376e-01 -8.927731e-02 1.094153e+00 -3.162948e-02
2.450000e+00 2.600000e-01 2.306602e-01 -4.444291e-02 1.098607e+00 -2.243891e-02
2.500000e+00 2.600000e-01 2.315815e-01 -2.214961e-02 1.101960e+00 -1.547824e-02
2.550000e+00 2.600000e-01 2.322080e-01 -1.185272e-02 1.104406e+00 -1.044290e-02
2.600000e+00 2.600000e-01 2.326258e-01 -7.510307e-03 1.106147e+00 -6.924622e-03
2.650000e+00 2.600000e-01 2.329004e-01 -5.918561e-03 1.107365e+00 -4.530106e-03
2.700000e+00 2.600000e-01 2.330788e-01 -5.493967e-03 1.108204e+00 -2.932437e-03
2.750000e+00 2.600000e-01 2.331937e-01 -5.507120e-03 1.108776e+00 -1.882265e-03
2.800000e+00 2.600000e-01 2.332671e-01 -5.648006e-03 1.109162e+00 -1.199749e-03
2.850000e+00 2.600000e-01 2.333137e-01 -5.798713e-03 1.109420e+00 -7.600409e-04
2.900000e+00 2.600000e-01 2.333431e-01 -5.922816e-03 1.109592e+00 -4.787417e-04
2.950000e+00 2.600000e-01 2.333615e-01 -6.015117e-03 1.109707e+00 -2.998513e-04
3.000000e+00 2.600000e-01 2.333731e-01 -6.080426e-03 1.109782e+00 -1.867012e-04
3.050000e+00 2.600000e-01 2.333802e-01 -6.125416e-03 1.109831e+00 -1.155087e-04
3.100000e+00 2.600000e-01 2.333846e-01 -6.155946e-03 1.109864e+00 -7.095809e-05
3.150000e+00 2.600000e-01 2.333873e-01 -6.176484e-03 1.109885e+00 -4.324186e-05
3.200000e+00 2.600000e-01 2.333889e-01 -6.190229e-03 1.109898e+00 -2.611006e-05
3.250000e+00 2.600000e-01 2.333899e-01 -6.199396e-03 1.109907e+00 -1.559780e-05
3.300000e+00 2.600000e-01 2.333905e-01 -6.205498e-03 1.109913e+00 -9.201241e-06
3.350000e+00 2.600000e-01 2.333908e-01 -6.209554e-03 1.109917e+00 -5.346737e-06
3.400000e+00 2.600000e-01 2.333910e-01 -6.212247e-03 1.109919e+00 -3.050499e-06
3.450000e+00 2.600000e-01 2.333911e-01 -6.214033e-03 1.109921e+00 -1.701122e-06
3.500000e+00 2.600000e-01 2.333912e-01 -6.215218e-03 1.109922e+00 -9.211910e-07
3.550000e+00 2.600000e-01 2.333912e-01 -6.216005e-03 1.109923e+00 -4.795523e-07
3.600000e+00 2.600000e-01 2.333912e-01 -6.216526e-03 1.109923e+00 -2.359201e-07
3.650000e+00 2.600000e-01 2.333912e-01 -6.216873e-03 1.109923e+00 -1.060779e-07
3.700000e+00 2.600000e-01 2.333913e-01 -6.217103e-03 1.109924e+00 -4.012722e-08
3.750000e+00 2.600000e-01 2.333913e-01 -6.217257e-03 1.109924e+00 -8.975263e-09
3.800000e+00 2.600000e-01 2.333913e-01 -6.217360e-03 1.109924e+00 3.999652e-09
3.850000e+00 2.600000e-01 2.333913e-01 -6.217429e-03 1.109924e+00 8.047427e-09
3.900000e+00 2.600000e-01 2.333913e-01 -6.217476e-03 1.109924e+00 8.135285e-09
3.950000e+00 2.600000e-01 2.333913e-01 -6.217508e-03 1.109924e+00 6.797140e-09
4.000000e+00 2.600000e-01 2.333913e-01 -6.217529e-03 1.109924e+00 5.224723e-09
4.050000e+00 2.600000e-01 2.333913e-01 -6.217544e-03 1.109924e+00 3.899551e-09
4.100000e+00 2.600000e-01 2.333912e-01 -6.217555e-03 1.109924e+00 2.950232e-09
4.150000e+00 2.600000e-01 2.333912e-01 -6.217562e-03 1.109924e+00 2.347968e-09
4.200000e+00 2.600000e-01 2.333912e-01 -6.217568e-03 1.109924e+00 2.008512e-09
4.250000e+00 2.600000e-01 2.333912e-01 -6.217571e-03 1.109924e+00 1.841486e-09
4.300000e+00 2.600000e-01 2.333912e-01 -6.217574e-03 1.109924e+00 1.771065e-09
4.350000e+00 2.600000e-01 2.333912e-01 -6.217576e-03 1.109924e+00 1.741921e-09
4.400000e+00 2.600000e-01 2.333912e-01 -6.217578e-03 1.109924e+00 1.718231e-09
4.450000e+00 2.600000e-01 2.333912e-01 -6.217579e-03 1.109924e+00 1.679948e-09
4.500000e+00 2.600000e-01 2.333912e-01 -6.217579e-03 1.109924e+00 1.618495e-09
4.550000e+00 2.600000e-01 2.333912e-01 -6.217580e-03 1.109924e+00 1.532875e-09
4.600000e+00 2.600000e-01 2.333912e-01 -6.217581e-03 1.109924e+00 1.426557e-09
4.650000e+00 2.600000e-01 2.333912e-01 -6.217581e-03 1.109924e+00 1.305180e-09
4.700000e+00 2.600000e-01 2.333912e-01 -6.217581e-03 1.109924e+00 1.175008e-09
4.750000e+00 2.600000e-01 2.333912e-01 -6.217581e-03 1.109924e+00 1.041952e-09
4.800000e+00 2.600000e-01 2.333912e-01 -6.217581e-03 1.109924e+00 9.110432e-10
4.850000e+00 2.600000e-01 2.333912e-01 -6.217581e-03 1.109924e+00 7.862105e-10
4.900000e+00 2.600000e-01 2.333912e-01 -6.217582e-03 1.109924e+00 6.702439e-10
4.950000e+00 2.600000e-01 2.333912e-01 -6.217582e-03 1.109924e+00 5.649040e-10
5.000000e+00 2.600000e-01 2.333912e-01 -6.217582e-03 1.109924e+00 4.710679e-10
5.050000e+00 2.600000e-01 2.333912e-01 -6.217582e-03 1.109924e+00 3.889172e-10
5.100000e+00 2.600000e-01 2.333912e-01 -6.217582e-03 1.109924e+00 3.181178e-10
5.150000e+00 2.600000e-01 2.333912e-01 -6.217582e-03 1.109924e+00 2.579773e-10
5.200000e+00 2.600000e-01 2.333912e-01 -6.217582e-03 1.109924e+00 2.075906e-10
5.250000e+00 2.600000e-01 2.333912e-01 -6.217582e-03 1.109924e+00 1.659486e-10
5.300000e+00 2.600000e-01 2.333912e-01 -6.217582e-03 1.109924e+00 1.320266e-10
5.350000e+00 2.600000e-01 2.333912e-01 -6.217582e-03 1.109924e+00 1.048553e-10
5.400000e+00 2.600000e-01 2.333912e-01 -6.217582e-03 1.109924e+00 8.357204e-11
5.450000e+00 2.600000e-01 2.333912e-01 -6.217582e-03 1.109924e+00 6.745215e-11
5.500000e+00 2.600000e-01 2.333912e-01 -6.217582e-03 1.109924e+00 5.593942e-11
5.550000e+00 2.600000e-01 2.333912e-01 -6.217582e-03 1.109924e+00 4.867523e-11
5.600000e+00 2.600000e-01 2.333912e-01 -6.217582e-03 1.109924e+00 4.550860e-11
5.650000e+00 2.600000e-01 2.333912e-01 -6.217582e-03 1.109924e+00 4.652861e-11
5.700000e+00 2.600000e-01 2.333912e-01 -6.217582e-03 1.109924e+00 5.211082e-11
5.750000e+00 2.600000e-01 2.333912e-01 -6.217582e-03 1.109924e+00 6.294854e-11
5.800000e+00 2.600000e-01 2.333912e-01 -6.217582e-03 1.109924e+00 8.011924e-11
5.850000e+00 2.600000e-01 2.333912e-01 -6.217582e-03 1.109924e+00 1.051836e-10
5.900000e+00 2.600000e-01 2.333912e-01 -6.217582e-03 1.109924e+00 1.402986e-10
5.950000e+00 2.600000e-01 2.333912e-01 -6.217582e-03 1.109924e+00 1.883688e-10
6.000000e+00 2.600000e-01 2.333912e-01 -6.217582e-03 1.109924e+00 2.532713e-10
6.050000e+00 2.600000e-01 2.333912e-01 -6.217582e-03 1.109924e+00 3.401243e-10
6.100000e+00 2.600000e-01 2.333912e-01 -6.217582e-03 1.109924e+00 4.556500e-10
6.150000e+00 2.600000e-01 2.333912e-01 -6.217582e-03 1.109924e+00 6.086573e-10
6.200000e+00 2.600000e-01 2.333912e-01 -6.217582e-03 1.109924e+00 8.106579e-10
6.250000e+00 2.600000e-01 2.333912e-01 -6.217582e-03 1.109924e+00 1.076676e-09
6.300000e+00 2.600000e-01 2.333912e-01 -6.217582e-03 1.109924e+00 1.426298e-09
6.350000e+00 2.600000e-01 2.333912e-01 -6.217582e-03 1.109924e+00 1.885047e-09
6.400000e+00 2.600000e-01 2.333912e-01 -6.217582e-03 1.109924e+00 2.486146e-09
6.450000e+00 2.600000e-01 2.333912e-01 -6.217582e-03 1.109924e+00 3.272833e-09
6.500000e+00 2.600000e-01 2.333912e-01 -6.217582e-03 1.109924e+00 4.301354e-09
6.550000e+00 2.600000e-01 2.333912e-01 -6.217582e-03 1.109924e+00 5.644845e-09
6.600000e+00 2.600000e-01 2.333912e-01 -6.217582e-03 1.109924e+00 7.398372e-09
6.650000e+00 2.600000e-01 2.333912e-01 -6.217582e-03 1.109924e+00 9.685467e-09
6.700000e+00 2.600000e-01 2.333912e-01 -6.217582e-03 1.109924e+00 1.266661e-08
6.750000e+00 2.600000e-01 2.333912e-01 -6.217583e-03 1.109924e+00 1.655022e-08
6.800000e+00 2.600000e-01 2.333912e-01 -6.217583e-03 1.109924e+00 2.160688e-08
6.850000e+00 2.600000e-01 2.333912e-01 -6.217583e-03 1.109924e+00 2.818786e-08
6.900000e+00 2.600000e-01 2.333912e-01 -6.217584e-03 1.109924e+00 3.674897e-08
6.950000e+00 2.600000e-01 2.333912e-01 -6.217585e-03 1.109924e+00 4.788163e-08
7.000000e+00 2.600000e-01 2.333912e-01 -6.217585e-03 1.109924e+00 6.235301e-08
7.050000e+00 2.600000e-01 2.333912e-01 -6.217587e-03 1.109924e+00 8.115799e-08
7.100000e+00 2.600000e-01 2.333912e-01 -6.217588e-03 1.109924e+00 1.055869e-07
7.150000e+00 2.600000e-01 2.333912e-01 -6.217590e-03 1.109924e+00 1.373111e-07
7.200000e+00 2.600000e-01 2.333912e-01 -6.217593e-03 1.109924e+00 1.785018e-07
7.250000e+00 2.600000e-01 2.333912e-01 -6.217596e-03 1.109924e+00 2.319558e-07
7.300000e+00 2.600000e-01 2.333912e-01 -6.217599e-03 1.109924e+00 3.013542e-07
7.350000e+00 2.600000e-01 2.333912e-01 -6.217611e-03 1.109924e+00 3.912751e-07
7.400000e+00 2.600000e-01 2.333912e-01 -6.217598e-03 1.109924e+00 5.082581e-07
7.450000e+00 2.600000e-01 2.333911e-01 -6.217669e-03 1.109924e+00 6.588805e-07
7.500000e+00 2.600000e-01 2.333911e-01 -6.217499e-03 1.109924e+00 8.573310e-07
7.550000e+00 2.600000e-01 2.333910e-01 -6.218044e-03 1.109924e+00 1.105523e-06
7.600000e+00 2.600000e-01 2.333910e-01 -6.216589e-03 1.109925e+00 1.452028e-06
7.650000e+00 2.600000e-01 2.333909e-01 -6.220594e-03 1.109925e+00 1.835115e-06
7.700000e+00 2.600000e-01 2.333908e-01 -6.210295e-03 1.109925e+00 2.499350e-06
7.750000e+00 2.600000e-01 2.333906e-01 -6.236189e-03 1.109925e+00 2.948257e-06
7.800000e+00 2.600000e-01 2.333905e-01 -6.174113e-03 1.109925e+00 4.495805e-06
7.850000e+00 2.600000e-01 2.333902e-01 -6.317521e-03 1.109927e+00 4.328224e-06
7.900000e+00 2.600000e-01 2.333901e-01 -6.000988e-03 1.109924e+00 8.767677e-06
7.950000e+00 2.600000e-01 2.333893e-01 -6.669554e-03 1.109932e+00 5.011253e-06
8.000000e+00 2.600000e-01 2.333896e-01 -5.324657e-03 1.109918e+00 1.853547e-05
8.050000e+00 2.600000e-01 2.333875e-01 -7.897319e-03 1.109947e+00 2.453931e-06
8.100000e+00 2.600000e-01 2.333893e-01 -3.237663e-03 1.109899e+00 3.922352e-05
8.150000e+00 2.600000e-01 2.333835e-01 -1.120143e-02 1.109984e+00 -5.216797e-06
8.200000e+00 2.600000e-01 2.333898e-01 1.574844e-03 1.109855e+00 7.298608e-05
8.250000e+00 2.600000e-01 2.333762e-01 -1.756205e-02 1.110052e+00 -7.988908e-06
8.300000e+00 2.600000e-01 2.333906e-01 9.011432e-03 1.109791e+00 1.049646e-04
8.350000e+00 2.600000e-01 2.333657e-01 -2.493773e-02 1.110132e+00 2.788806e-05
8.400000e+00 2.600000e-01 2.333879e-01 1.463077e-02 1.109752e+00 1.093175e-04
8.450000e+00 2.600000e-01 2.333548e-01 -2.721773e-02 1.110166e+00 1.245142e-04
8.500000e+00 2.600000e-01 2.333754e-01 1.319764e-02 1.109789e+00 1.233871e-04
8.550000e+00 2.600000e-01 2.333425e-01 -2.406126e-02 1.110164e+00 2.105997e-04
8.600000e+00 2.600000e-01 2.333543e-01 1.263008e-02 1.109827e+00 2.803437e-04
8.650000e+00 2.600000e-01 2.333144e-01 -3.077869e-02 1.110270e+00 2.291028e-04
8.700000e+00 2.600000e-01 2.333314e-01 2.780766e-02 1.109756e+00 5.505330e-04
8.750000e+00 2.600000e-01 2.332594e-01 -4.916696e-02 1.110496e+00 4.417553e-04
8.800000e+00 2.600000e-01 2.332873e-01 3.911150e-02 1.109764e+00 6.917105e-04
8.850000e+00 2.600000e-01 2.331902e-01 -4.606771e-02 1.110606e+00 9.995059e-04
8.900000e+00 2.600000e-01 2.331873e-01 2.626148e-02 1.110001e+00 1.084802e-03
8.950000e+00 2.600000e-01 2.330817e-01 -4.106569e-02 1.110816e+00 1.411241e-03
9.000000e+00 2.600000e-01 2.330462e-01 4.462866e-02 1.110124e+00 2.189142e-03
9.050000e+00 2.600000e-01 2.328628e-01 -7.712956e-02 1.111401e+00 2.269939e-03
9.100000e+00 2.600000e-01 2.328192e-01 6.920878e-02 1.110442e+00 3.187465e-03
9.150000e+00 2.600000e-01 2.325441e-01 -6.781487e-02 1.111962e+00 4.382286e-03
9.200000e+00 2.600000e-01 2.323810e-01 4.239290e-02 1.111243e+00 5.272338e-03
9.250000e+00 2.600000e-01 2.320168e-01 -7.033829e-02 1.113075e+00 6.580906e-03
9.300000e+00 2.600000e-01 2.317229e-01 8.998616e-02 1.112240e+00 9.314197e-03
9.350000e+00 2.600000e-01 2.310854e-01 -1.167060e-01 1.114817e+00 1.146421e-02
9.400000e+00 2.600000e-01 2.305764e-01 8.027067e-02 1.114299e+00 1.441379e-02
9.450000e+00 2.600000e-01 2.296440e-01 -7.958753e-02 1.117575e+00 1.910332e-02
9.500000e+00 2.600000e-01 2.286661e-01 9.136762e-02 1.117299e+00 2.511013e-02
9.550000e+00 2.600000e-01 2.271330e-01 -1.432315e-01 1.121859e+00 3.139073e-02
9.600000e+00 2.600000e-01 2.255270e-01 1.128379e-01 1.122555e+00 4.061747e-02
9.650000e+00 2.600000e-01 2.230713e-01 -1.059193e-01 1.128475e+00 5.324868e-02
9.700000e+00 2.600000e-01 2.202022e-01 9.800655e-02 1.129583e+00 6.913639e-02
9.750000e+00 2.600000e-01 2.161576e-01 -1.517362e-01 1.137184e+00 8.911446e-02
9.800000e+00 2.600000e-01 2.112907e-01 9.333455e-02 1.139387e+00 1.164701e-01
9.850000e+00 2.600000e-01 2.045106e-01 -1.187020e-01 1.147174e+00 1.545441e-01
9.900000e+00 2.600000e-01 1.958363e-01 4.697248e-02 1.147260e+00 2.068400e-01
9.950000e+00 2.600000e-01 1.838266e-01 -1.365889e-01 1.152437e+00 2.829232e-01
1.000000e+01 2.600000e-01 1.675440e-01 -9.428030e-02 0.000000e+00 0.000000e+00
0.000000e+00 2.800000e-01 1.911840e-01 -2.640000e+00 0.000000e+00 0.000000e+00
5.000000e-02 2.800000e-01 1.910717e-01 -2.647903e+00 1.205462e+00 1.028277e-03
1.000000e-01 2.800000e-01 1.910812e-01 -2.455460e+00 1.204855e+00 -1.194799e-03
1.500000e-01 2.800000e-01 1.911912e-01 -2.597452e+00 1.211790e+00 -9.560879e-04
2.000000e-01 2.800000e-01 1.911768e-01 -3.019164e+00 1.213356e+00 1.481723e-03
2.500000e-01 2.800000e-01 1.910430e-01 -2.762734e+00 1.202362e+00 1.043666e-03
3.000000e-01 2.800000e-01 1.910724e-01 -2.060139e+00 1.198868e+00 -2.245279e-03
3.500000e-01 2.800000e-01 1.912675e-01 -2.328741e+00 1.213575e+00 -2.136872e-03
4.000000e-01 2.800000e-01 1.912861e-01 -3.345310e+00 1.220287e+00 1.546604e-03
4.500000e-01 2.800000e-01 1.911129e-01 -3.190437e+00 1.202442e+00 1.247415e-03
5.000000e-01 2.800000e-01 1.911614e-01 -1.847581e+00 1.190246e+00 -3.801328e-03
5.500000e-01 2.800000e-01 1.914930e-01 -1.633245e+00 1.208846e+00 -4.721316e-03
6.000000e-01 2.800000e-01 1.916335e-01 -3.187685e+00 1.227968e+00 3.138866e-04
6.500000e-01 2.800000e-01 1.914616e-01 -3.930082e+00 1.210881e+00 9.516042e-04
7.000000e-01 2.800000e-01 1.915383e-01 -2.380455e+00 1.183270e+00 -6.613727e-03
7.500000e-01 2.800000e-01 1.921230e-01 -8.805656e-01 1.192641e+00 -1.084497e-02
8.000000e-01 2.800000e-01 1.926228e-01 -1.948926e+00 1.226371e+00 -4.504225e-03
8.500000e-01 2.800000e-01 1.925734e-01 -4.060271e+00 1.227342e+00 7.410709e-04
9.000000e-01 2.800000e-01 1.925487e-01 -3.862058e+00 1.188876e+00 -7.233479e-03
9.500000e-01 2.800000e-01 1.932968e-01 -1.510232e+00 1.168455e+00 -1.919540e-02
1.000000e+00 2.800000e-01 1.944683e-01 -3.995786e-01 1.197095e+00 -1.761066e-02
1.050000e+00 2.800000e-01 1.950578e-01 -2.176744e+00 1.230315e+00 -5.133419e-03
1.100000e+00 2.800000e-01 1.949816e-01 -4.298039e+00 1.214509e+00 -2.572868e-03
1.150000e+00 2.800000e-01 1.953151e-01 -3.828495e+00 1.168259e+00 -1.749463e-02
1.200000e+00 2.800000e-01 1.967311e-01 -1.465814e+00 1.152596e+00 -3.175534e-02
1.250000e+00 2.800000e-01 1.984907e-01 -2.782346e-01 1.184754e+00 -2.694031e-02
1.300000e+00 2.800000e-01 1.994251e-01 -1.666311e+00 1.217139e+00 -1.072068e-02
1.350000e+00 2.800000e-01 1.995627e-01 -3.746554e+00 1.204310e+00 -6.804427e-03
1.400000e+00 2.800000e-01 2.001055e-01 -4.077681e+00 1.160917e+00 -2.308287e-02
1.450000e+00 2.800000e-01 2.018710e-01 -2.507873e+00 1.136049e+00 -4.201940e-02
1.500000e+00 2.800000e-01 2.043075e-01 -8.933136e-01 1.152235e+00 -4.335054e-02
1.550000e+00 2.800000e-01 2.062061e-01 -8.556247e-01 1.184208e+00 -2.838109e-02
1.600000e+00 2.800000e-01 2.071456e-01 -2.153644e+00 1.193723e+00 -1.697108e-02
1.650000e+00 2.800000e-01 2.079032e-01 -3.331042e+00 1.171618e+00 -2.378684e-02
1.700000e+00 2.800000e-01 2.095243e-01 -3.387402e+00 1.139885e+00 -4.373226e-02
1.750000e+00 2.800000e-01 2.122764e-01 -2.478718e+00 1.124045e+00 -5.982849e-02
1.800000e+00 2.800000e-01 2.155071e-01 -1.463375e+00 1.130536e+00 -6.080146e-02
1.850000e+00 2.800000e-01 2.183565e-01 -1.049713e+00 1.146444e+00 -5.007458e-02
1.900000e+00 2.800000e-01 2.205146e-01 -1.302178e+00 1.155083e+00 -4.001309e-02
1.950000e+00 2.800000e-01 2.223578e-01 -1.813763e+00 1.149358e+00 -4.020653e-02
2.000000e+00 2.800000e-01 2.245352e-01 -2.160577e+00 1.133028e+00 -5.129482e-02
2.050000e+00 2.800000e-01 2.274873e-01 -2.160610e+00 1.114252e+00 -6.698266e-02
2.100000e+00 2.800000e-01 2.312335e-01 -1.862347e+00 1.099482e+00 -7.961487e-02
2.150000e+00 2.800000e-01 2.354488e-01 -1.418524e+00 1.091201e+00 -8.445429e-02
2.200000e+00 2.800000e-01 2.396789e-01 -9.736002e-01 1.088735e+00 -8.084503e-02
2.250000e+00 2.800000e-01 2.435333e-01 -6.115502e-01 1.090057e+00 -7.100998e-02
2.300000e+00 2.800000e-01 2.467799e-01 -3.560111e-01 1.093180e+00 -5.813873e-02
2.350000e+00 2.800000e-01 2.493472e-01 -1.940703e-01 1.096733e+00 -4.497560e-02
2.400000e+00 2.800000e-01 2.512775e-01 -9.994520e-02 1.099993e+00 -3.324774e-02
2.450000e+00 2.800000e-01 2.526720e-01 -4.907229e-02 1.102681e+00 -2.370655e-02
2.500000e+00 2.800000e-01 2.536481e-01 -2.328497e-02 1.104765e+00 -1.642894e-02
2.550000e+00 2.800000e-01 2.543149e-01 -1.097497e-02 1.106317e+00 -1.113466e-02
2.600000e+00 2.800000e-01 2.547616e-01 -5.444276e-03 1.107443e+00 -7.416955e-03
2.650000e+00 2.800000e-01 2.550566e-01 -3.123454e-03 1.108244e+00 -4.874632e-03
2.700000e+00 2.800000e-01 2.552491e-01 -2.233892e-03 1.108804e+00 -3.170335e-03
2.750000e+00 2.800000e-01 2.553736e-01 -1.941675e-03 1.109192e+00 -2.044776e-03
2.800000e+00 2.800000e-01 2.554535e-01 -1.878412e-03 1.109458e+00 -1.309791e-03
2.850000e+00 2.800000e-01 2.555046e-01 -1.891501e-03 1.109639e+00 -8.340174e-04
2.900000e+00 2.800000e-01 2.555369e-01 -1.922634e-03 1.109761e+00 -5.281760e-04
2.950000e+00 2.800000e-01 2.555574e-01 -1.952196e-03 1.109842e+00 -3.327216e-04
3.000000e+00 2.800000e-01 2.555702e-01 -1.975275e-03 1.109897e+00 -2.084668e-04
3.050000e+00 2.800000e-01 2.555782e-01 -1.991921e-03 1.109933e+00 -1.298708e-04
3.100000e+00 2.800000e-01 2.555832e-01 -2.003481e-03 1.109957e+00 -8.040689e-05
3.150000e+00 2.800000e-01 2.555863e-01 -2.011354e-03 1.109973e+00 -4.944264e-05
3.200000e+00 2.800000e-01 2.555882e-01 -2.016659e-03 1.109984e+00 -3.017079e-05
3.250000e+00 2.800000e-01 2.555893e-01 -2.020213e-03 1.109991e+00 -1.825256e-05
3.300000e+00 2.800000e-01 2.555900e-01 -2.022586e-03 1.109995e+00 -1.093462e-05
3.350000e+00 2.800000e-01 2.555904e-01 -2.024168e-03 1.109998e+00 -6.477652e-06
3.400000e+00 2.800000e-01 2.555906e-01 -2.025221e-03 1.110000e+00 -3.788227e-06
3.450000e+00 2.800000e-01 2.555908e-01 -2.025921e-03 1.110001e+00 -2.182650e-06
3.500000e+00 2.800000e-01 2.555908e-01 -2.026386e-03 1.110002e+00 -1.235981e-06
3.550000e+00 2.800000e-01 2.555909e-01 -2.026696e-03 1.110003e+00 -6.859011e-07
3.600000e+00 2.800000e-01 2.555909e-01 -2.026902e-03 1.110003e+00 -3.717429e-07
3.650000e+00 2.800000e-01 2.555909e-01 -2.027039e-03 1.110004e+00 -1.959934e-07
3.700000e+00 2.800000e-01 2.555909e-01 -2.027130e-03 1.110004e+00 -1.000997e-07
3.750000e+00 2.800000e-01 2.555909e-01 -2.027191e-03 1.110004e+00 -4.934907e-08
3.800000e+00 2.800000e-01 2.555909e-01 -2.027232e-03 1.110004e+00 -2.347840e-08
3.850000e+00 2.800000e-01 2.555909e-01 -2.027260e-03 1.110004e+00 -1.088273e-08
3.900000e+00 2.800000e-01 2.555909e-01 -2.027279e-03 1.110004e+00 -5.074239e-09
3.950000e+00 2.800000e-01 2.555909e-01 -2.027291e-03 1.110004e+00 -2.538192e-09
4.000000e+00 2.800000e-01 2.555909e-01 -2.027300e-03 1.110004e+00 -1.450317e-09
4.050000e+00 2.800000e-01 2.555909e-01 -2.027306e-03 1.110004e+00 -9.207274e-10
4.100000e+00 2.800000e-01 2.555909e-01 -2.027310e-03 1.110004e+00 -5.564110e-10
4.150000e+00 2.800000e-01 2.555909e-01 -2.027313e-03 1.110004e+00 -2.140876e-10
4.200000e+00 2.800000e-01 2.555909e-01 -2.027315e-03 1.110004e+00 1.349154e-10
4.250000e+00 2.800000e-01 2.555909e-01 -2.027317e-03 1.110004e+00 4.751954e-10
4.300000e+00 2.800000e-01 2.555909e-01 -2.027318e-03 1.110004e+00 7.814926e-10
4.350000e+00 2.800000e-01 2.555909e-01 -2.027319e-03 1.110004e+00 1.033251e-09
4.400000e+00 2.800000e-01 2.555909e-01 -2.027319e-03 1.110004e+00 1.219091e-09
4.450000e+00 2.800000e-01 2.555909e-01 -2.027320e-03 1.110004e+00 1.336559e-09
4.500000e+00 2.800000e-01 2.555909e-01 -2.027320e-03 1.110004e+00 1.390023e-09
4.550000e+00 2.800000e-01 2.555909e-01 -2.027320e-03 1.110004e+00 1.388217e-09
4.600000e+00 2.800000e-01 2.555909e-01 -2.027321e-03 1.110004e+00 1.342041e-09
4.650000e+00 2.800000e-01 2.555909e-01 -2.027321e-03 1.110004e+00 1.262871e-09
4.700000e+00 2.800000e-01 2.555909e-01 -2.027321e-03 1.110004e+00 1.161432e-09
4.750000e+00 2.800000e-01 2.555909e-01 -2.027321e-03 1.110004e+00 1.047107e-09
4.800000e+00 2.800000e-01 2.555909e-01 -2.027321e-03 1.110004e+00 9.276296e-10
4.850000e+00 2.800000e-01 2.555909e-01 -2.027321e-03 1.110004e+00 8.090101e-10
4.900000e+00 2.800000e-01 2.555909e-01 -2.027321e-03 1.110004e+00 6.956274e-10
4.950000e+00 2.800000e-01 2.555909e-01 -2.027321e-03 1.110004e+00 5.904427e-10
5.000000e+00 2.800000e-01 2.555909e-01 -2.027321e-03 1.110004e+00 4.952261e-10
5.050000e+00 2.800000e-01 2.555909e-01 -2.027321e-03 1.110004e+00 4.108042e-10
5.100000e+00 2.800000e-01 2.555909e-01 -2.027321e-03 1.110004e+00 3.372952e-10
5.150000e+00 2.800000e-01 2.555909e-01 -2.027321e-03 1.110004e+00 2.743189e-10
5.200000e+00 2.800000e-01 2.555909e-01 -2.027321e-03 1.110004e+00 2.211709e-10
5.250000e+00 2.800000e-01 2.555909e-01 -2.027321e-03 1.110004e+00 1.769590e-10
5.300000e+00 2.800000e-01 2.555909e-01 -2.027321e-03 1.110004e+00 1.407180e-10
5.350000e+00 2.800000e-01 2.555909e-01 -2.027321e-03 1.110004e+00 1.114947e-10
5.400000e+00 2.800000e-01 2.555909e-01 -2.027321e-03 1.110004e+00 8.841650e-11
5.450000e+00 2.800000e-01 2.555909e-01 -2.027321e-03 1.110004e+00 7.072953e-11
5.500000e+00 2.800000e-01 2.555909e-01 -2.027321e-03 1.110004e+00 5.783596e-11
5.550000e+00 2.800000e-01 2.555909e-01 -2.027321e-03 1.110004e+00 4.932554e-11
5.600000e+00 2.800000e-01 2.555909e-01 -2.027321e-03 1.110004e+00 4.499290e-11
5.650000e+00 2.800000e-01 2.555909e-01 -2.027321e-03 1.110004e+00 4.486855e-11
5.700000e+00 2.800000e-01 2.555909e-01 -2.027321e-03 1.110004e+00 4.926171e-11
5.750000e+00 2.800000e-01 2.555909e-01 -2.027321e-03 1.110004e+00 5.879242e-11
5.800000e+00 2.800000e-01 2.555909e-01 -2.027321e-03 1.110004e+00 7.445988e-11
5.850000e+00 2.800000e-01 2.555909e-01 -2.027321e-03 1.110004e+00 9.773016e-11
5.900000e+00 2.800000e-01 2.555909e-01 -2.027321e-03 1.110004e+00 1.306427e-10
5.950000e+00 2.800000e-01 2.555909e-01 -2.027321e-03 1.110004e+00 1.759615e-10
6.000000e+00 2.800000e-01 2.555909e-01 -2.027321e-03 1.110004e+00 2.373868e-10
6.050000e+00 2.800000e-01 2.555909e-01 -2.027321e-03 1.110004e+00 3.198125e-10
6.100000e+00 2.800000e-01 2.555909e-01 -2.027321e-03 1.110004e+00 4.296746e-10
6.150000e+00 2.800000e-01 2.555909e-01 -2.027321e-03 1.110004e+00 5.754125e-10
6.200000e+00 2.800000e-01 2.555909e-01 -2.027321e-03 1.110004e+00 7.680595e-10
6.250000e+00 2.800000e-01 2.555909e-01 -2.027321e-03 1.110004e+00 1.022021e-09
6.300000e+00 2.800000e-01 2.555909e-01 -2.027321e-03 1.110004e+00 1.356086e-09
6.350000e+00 2.800000e-01 2.555909e-01 -2.027321e-03 1.110004e+00 1.794737e-09
6.400000e+00 2.800000e-01 2.555909e-01 -2.027321e-03 1.110004e+00 2.369849e-09
6.450000e+00 2.800000e-01 2.555909e-01 -2.027321e-03 1.110004e+00 3.122912e-09
6.500000e+00 2.800000e-01 2.555909e-01 -2.027321e-03 1.110004e+00 4.107903e-09
6.550000e+00 2.800000e-01 2.555909e-01 -2.027321e-03 1.110004e+00 5.395009e-09
6.600000e+00 2.800000e-01 2.555909e-01 -2.027321e-03 1.110004e+00 7.075465e-09
6.650000e+00 2.800000e-01 2.555909e-01 -2.027321e-03 1.110004e+00 9.267834e-09
6.700000e+00 2.800000e-01 2.555909e-01 -2.027321e-03 1.110004e+00 1.212614e-08
6.750000e+00 2.800000e-01 2.555909e-01 -2.027321e-03 1.110004e+00 1.585042e-08
6.800000e+00 2.800000e-01 2.555909e-01 -2.027322e-03 1.110004e+00 2.070038e-08
6.850000e+00 2.800000e-01 2.555909e-01 -2.027322e-03 1.110004e+00 2.701314e-08
6.900000e+00 2.800000e-01 2.555909e-01 -2.027322e-03 1.110004e+00 3.522619e-08
6.950000e+00 2.800000e-01 2.555909e-01 -2.027322e-03 1.110004e+00 4.590712e-08
7.000000e+00 2.800000e-01 2.555909e-01 -2.027322e-03 1.110004e+00 5.979219e-08
7.050000e+00 2.800000e-01 2.555909e-01 -2.027323e-03 1.110004e+00 7.783617e-08
7.100000e+00 2.800000e-01 2.555909e-01 -2.027323e-03 1.110004e+00 1.012772e-07
7.150000e+00 2.800000e-01 2.555909e-01 -2.027324e-03 1.110004e+00 1.317195e-07
7.200000e+00 2.800000e-01 2.555909e-01 -2.027325e-03 1.110004e+00 1.712451e-07
7.250000e+00 2.800000e-01 2.555909e-01 -2.027326e-03 1.110004e+00 2.225423e-07
7.300000e+00 2.800000e-01 2.555909e-01 -2.027327e-03 1.110004e+00 2.891269e-07
7.350000e+00 2.800000e-01 2.555909e-01 -2.027332e-03 1.110004e+00 3.754429e-07
7.400000e+00 2.800000e-01 2.555908e-01 -2.027324e-03 1.110004e+00 4.876027e-07
7.450000e+00 2.800000e-01 2.555908e-01 -2.027360e-03 1.110004e+00 6.324040e-07
7.500000e+00 2.800000e-01 2.555908e-01 -2.027267e-03 1.110004e+00 8.220299e-07
7.550000e+00 2.800000e-01 2.555907e-01 -2.027556e-03 1.110005e+00 1.062346e-06
7.600000e+00 2.800000e-01 2.555907e-01 -2.026763e-03 1.110005e+00 1.388959e-06
7.650000e+00 2.800000e-01 2.555906e-01 -2.028953e-03 1.110005e+00 1.771486e-06
7.700000e+00 2.800000e-01 2.555905e-01 -2.023231e-03 1.110005e+00 2.371689e-06
7.750000e+00 2.800000e-01 2.555904e-01 -2.037765e-03 1.110006e+00 2.889988e-06
7.800000e+00 2.800000e-01 2.555902e-01 -2.002450e-03 1.110006e+00 4.175897e-06
7.850000e+00 2.800000e-01 2.555899e-01 -2.085014e-03 1.110007e+00 4.444492e-06
7.900000e+00 2.800000e-01 2.555898e-01 -1.900381e-03 1.110005e+00 7.819145e-06
7.950000e+00 2.800000e-01 2.555892e-01 -2.295329e-03 1.110012e+00 5.940387e-06
8.000000e+00 2.800000e-01 2.555892e-01 -1.490282e-03 1.110002e+00 1.573338e-05
8.050000e+00 2.800000e-01 2.555876e-01 -3.050662e-03 1.110025e+00 5.812071e-06
8.100000e+00 2.800000e-01 2.555886e-01 -1.861002e-04 1.109988e+00 3.218649e-05
8.150000e+00 2.800000e-01 2.555844e-01 -5.148498e-03 1.110057e+00 2.842697e-06
8.200000e+00 2.800000e-01 2.555883e-01 2.922326e-03 1.109953e+00 5.973794e-05
8.250000e+00 2.800000e-01 2.555784e-01 -9.331659e-03 1.110118e+00 4.176479e-06
8.300000e+00 2.800000e-01 2.555879e-01 7.912776e-03 1.109899e+00 8.911086e-05
8.350000e+00 2.800000e-01 2.555695e-01 -1.439524e-02 1.110194e+00 3.532281e-05
8.400000e+00 2.800000e-01 2.555844e-01 1.188665e-02 1.109866e+00 1.015405e-04
8.450000e+00 2.800000e-01 2.555593e-01 -1.609790e-02 1.110235e+00 1.170268e-04
8.500000e+00 2.800000e-01 2.555727e-01 1.089194e-02 1.109905e+00 1.229812e-04
8.550000e+00 2.800000e-01 2.555470e-01 -1.360783e-02 1.110242e+00 2.013641e-04
8.600000e+00 2.800000e-01 2.555525e-01 9.903302e-03 1.109958e+00 2.586006e-04
8.650000e+00 2.800000e-01 2.555212e-01 -1.766660e-02 1.110350e+00 2.412844e-04
8.700000e+00 2.800000e-01 2.555284e-01 2.032190e-02 1.109915e+00 5.024325e-04
8.750000e+00 2.800000e-01 2.554709e-01 -3.101359e-02 1.110594e+00 4.385737e-04
8.800000e+00 2.800000e-01 2.554845e-01 2.895306e-02 1.109945e+00 6.654778e-04
8.850000e+00 2.800000e-01 2.554044e-01 -2.865744e-02 1.110746e+00 9.457453e-04
8.900000e+00 2.800000e-01 2.553900e-01 1.815722e-02 1.110239e+00 1.039612e-03
8.950000e+00 2.800000e-01 2.553004e-01 -2.265510e-02 1.110988e+00 1.378017e-03
9.000000e+00 2.800000e-01 2.552522e-01 3.036462e-02 1.110457e+00 2.058170e-03
9.050000e+00 2.800000e-01 2.550946e-01 -5.035468e-02 1.111690e+00 2.197736e-03
9.100000e+00 2.800000e-01 2.550324e-01 5.053264e-02 1.110870e+00 3.059363e-03
9.150000e+00 2.800000e-01 2.547887e-01 -4.206706e-02 1.112410e+00 4.192790e-03
9.200000e+00 2.800000e-01 2.546131e-01 2.475071e-02 1.111951e+00 5.026674e-03
9.250000e+00 2.800000e-01 2.542860e-01 -3.888492e-02 1.113737e+00 6.350932e-03
9.300000e+00 2.800000e-01 2.539780e-01 6.291608e-02 1.113271e+00 8.909450e-03
9.350000e+00 2.800000e-01 2.533951e-01 -7.964682e-02 1.116017e+00 1.098892e-02
9.400000e+00 2.800000e-01 2.528791e-01 5.298817e-02 1.115943e+00 1.379848e-02
9.450000e+00 2.800000e-01 2.520152e-01 -3.791219e-02 1.119395e+00 1.839782e-02
9.500000e+00 2.800000e-01 2.510393e-01 5.525687e-02 1.120003e+00 2.411088e-02
9.550000e+00 2.800000e-01 2.496041e-01 -9.599668e-02 1.125066e+00 3.016775e-02
9.600000e+00 2.800000e-01 2.480226e-01 7.764980e-02 1.126932e+00 3.908676e-02
9.650000e+00 2.800000e-01 2.456954e-01 -4.921025e-02 1.133728e+00 5.153425e-02
9.700000e+00 2.800000e-01 2.428691e-01 5.358968e-02 1.137047e+00 6.698452e-02
9.750000e+00 2.800000e-01 2.389970e-01 -9.486597e-02 1.146535e+00 8.657002e-02
9.800000e+00 2.800000e-01 2.342121e-01 5.994945e-02 1.152620e+00 1.136780e-01
9.850000e+00 2.800000e-01 2.276292e-01 -4.720360e-02 1.164430e+00 1.517289e-01
9.900000e+00 2.800000e-01 2.190392e-01 2.946919e-02 1.172699e+00 2.038490e-01
9.950000e+00 2.800000e-01 2.072443e-01 -6.041242e-02 1.188545e+00 2.785525e-01
1.000000e+01 2.800000e-01 1.911840e-01 -3.904675e-02 0.000000e+00 0.000000e+00
0.000000e+00 3.000000e-01 2.158800e-01 -2.400000e+00 0.000000e+00 0.000000e+00
5.000000e-02 3.000000e-01 2.156959e-01 -2.553341e+00 1.255903e+00 2.183828e-03
1.000000e-01 3.000000e-01 2.156616e-01 -2.273236e+00 1.249570e+00 -2.761073e-03
1.500000e-01 3.000000e-01 2.159720e-01 -1.901591e+00 1.259640e+00 -3.968170e-03
2.000000e-01 3.000000e-01 2.160584e-01 -2.602838e+00 1.274030e+00 3.688912e-03
2.500000e-01 3.000000e-01 2.156031e-01 -3.269368e+00 1.258589e+00 6.164624e-03
3.000000e-01 3.000000e-01 2.154420e-01 -2.207247e+00 1.234602e+00 -4.532854e-03
3.500000e-01 3.000000e-01 2.160564e-01 -1.067737e+00 1.252022e+00 -9.514509e-03
4.000000e-01 3.000000e-01 2.163934e-01 -2.315151e+00 1.286521e+00 3.187694e-03
4.500000e-01 3.000000e-01 2.157376e-01 -4.004032e+00 1.270426e+00 1.114940e-02
5.000000e-01 3.000000e-01 2.152785e-01 -2.818472e+00 1.224149e+00 -3.187512e-03
5.500000e-01 3.000000e-01 2.160564e-01 -4.055620e-01 1.230472e+00 -1.633995e-02
6.000000e-01 3.000000e-01 2.169125e-01 -1.059284e+00 1.285482e+00 -3.569902e-03
6.500000e-01 3.000000e-01 2.164133e-01 -4.015390e+00 1.292625e+00 1.351318e-02
7.000000e-01 3.000000e-01 2.155612e-01 -4.223693e+00 1.232859e+00 2.520325e-03
7.500000e-01 3.000000e-01 2.161613e-01 -1.036218e+00 1.202884e+00 -2.112812e-02
8.000000e-01 3.000000e-01 2.176740e-01 5.679866e-01 1.254547e+00 -1.807902e-02
8.500000e-01 3.000000e-01 2.179692e-01 -2.160360e+00 1.304037e+00 7.131238e-03
9.000000e-01 3.000000e-01 2.169608e-01 -4.964184e+00 1.267280e+00 1.116842e-02
9.500000e-01 3.000000e-01 2.168524e-01 -3.519289e+00 1.198679e+00 -1.609472e-02
1.000000e+00 3.000000e-01 2.185703e-01 4.943269e-02 1.200372e+00 -3.404543e-02
1.050000e+00 3.000000e-01 2.202569e-01 5.409613e-01 1.266565e+00 -1.557624e-02
1.100000e+00 3.000000e-01 2.201279e-01 -2.682128e+00 1.293933e+00 9.787071e-03
1.150000e+00 3.000000e-01 2.192782e-01 -4.946005e+00 1.241274e+00 1.623363e-03
1.200000e+00 3.000000e-01 2.199656e-01 -3.375355e+00 1.182424e+00 -3.049431e-02
1.250000e+00 3.000000e-01 2.223276e-01 -2.928471e-01 1.192541e+00 -4.292107e-02
1.300000e+00 3.000000e-01 2.242577e-01 2.941645e-01 1.249009e+00 -2.089413e-02
1.350000e+00 3.000000e-01 2.244171e-01 -2.068765e+00 1.271423e+00 2.570772e-03
1.400000e+00 3.000000e-01 2.240006e-01 -4.216891e+00 1.232876e+00 -5.439318e-03
1.450000e+00 3.000000e-01 2.249610e-01 -3.831445e+00 1.182693e+00 -3.541926e-02
1.500000e+00 3.000000e-01 2.275426e-01 -1.731666e+00 1.174736e+00 -5.217070e-02
1.550000e+00 3.000000e-01 2.301781e-01 -3.692702e-01 1.207122e+00 -3.983400e-02
1.600000e+00 3.000000e-01 2.315260e-01 -9.532115e-01 1.235191e+00 -1.778330e-02
1.650000e+00 3.000000e-01 2.319564e-01 -2.472926e+00 1.228130e+00 -1.357151e-02
1.700000e+00 3.000000e-01 2.328831e-01 -3.315964e+00 1.195809e+00 -3.211987e-02
1.750000e+00 3.000000e-01 2.351684e-01 -2.901756e+00 1.167781e+00 -5.528211e-02
1.800000e+00 3.000000e-01 2.384113e-01 -1.829361e+00 1.161773e+00 -6.383774e-02
1.850000e+00 3.000000e-01 2.415521e-01 -1.039548e+00 1.172505e+00 -5.511339e-02
1.900000e+00 3.000000e-01 2.439227e-01 -9.687269e-01 1.183101e+00 -4.148876e-02
1.950000e+00 3.000000e-01 2.457010e-01 -1.389976e+00 1.181767e+00 -3.649949e-02
2.000000e+00 3.000000e-01 2.475726e-01 -1.832085e+00 1.168083e+00 -4.431968e-02
2.050000e+00 3.000000e-01 2.501330e-01 -1.986681e+00 1.148667e+00 -5.968269e-02
2.100000e+00 3.000000e-01 2.535409e-01 -1.813066e+00 1.130484e+00 -7.402771e-02
2.150000e+00 3.000000e-01 2.575358e-01 -1.436793e+00 1.117291e+00 -8.120307e-02
2.200000e+00 3.000000e-01 2.616612e-01 -1.013525e+00 1.109572e+00 -7.956820e-02
2.250000e+00 3.000000e-01 2.654926e-01 -6.486961e-01 1.106042e+00 -7.099408e-02
2.300000e+00 3.000000e-01 2.687606e-01 -3.824349e-01 1.105058e+00 -5.873950e-02
2.350000e+00 3.000000e-01 2.713665e-01 -2.101697e-01 1.105335e+00 -4.576757e-02
2.400000e+00 3.000000e-01 2.733374e-01 -1.086926e-01 1.106089e+00 -3.400853e-02
2.450000e+00 3.000000e-01 2.747674e-01 -5.331635e-02 1.106924e+00 -2.434762e-02
2.500000e+00 3.000000e-01 2.757721e-01 -2.499814e-02 1.107674e+00 -1.693274e-02
2.550000e+00 3.000000e-01 2.764607e-01 -1.132569e-02 1.108287e+00 -1.151434e-02
2.600000e+00 3.000000e-01 2.769236e-01 -5.066396e-03 1.108765e+00 -7.695288e-03
2.650000e+00 3.000000e-01 2.772302e-01 -2.346233e-03 1.109125e+00 -5.074663e-03
2.700000e+00 3.000000e-01 2.774310e-01 -1.227499e-03 1.109390e+00 -3.311909e-03
2.750000e+00 3.000000e-01 2.775614e-01 -7.966967e-04 1.109582e+00 -2.143745e-03
2.800000e+00 3.000000e-01 2.776454e-01 -6.457650e-04 1.109719e+00 -1.378270e-03
2.850000e+00 3.000000e-01 2.776992e-01 -6.016352e-04 1.109816e+00 -8.809957e-04
2.900000e+00 3.000000e-01 2.777335e-01 -5.947459e-04 1.109883e+00 -5.601749e-04
2.950000e+00 3.000000e-01 2.777552e-01 -5.988293e-04 1.109930e+00 -3.543884e-04
3.000000e+00 3.000000e-01 2.777689e-01 -6.047898e-04 1.109962e+00 -2.230661e-04
3.050000e+00 3.000000e-01 2.777775e-01 -6.099395e-04 1.109984e+00 -1.396688e-04
3.100000e+00 3.000000e-01 2.777829e-01 -6.137903e-04 1.109999e+00 -8.696139e-05
3.150000e+00 3.000000e-01 2.777862e-01 -6.165032e-04 1.110009e+00 -5.381622e-05
3.200000e+00 3.000000e-01 2.777883e-01 -6.183618e-04 1.110015e+00 -3.308348e-05
3.250000e+00 3.000000e-01 2.777895e-01 -6.196178e-04 1.110020e+00 -2.018974e-05
3.300000e+00 3.000000e-01 2.777903e-01 -6.204606e-04 1.110023e+00 -1.222205e-05
3.350000e+00 3.000000e-01 2.777908e-01 -6.210241e-04 1.110025e+00 -7.333190e-06
3.400000e+00 3.000000e-01 2.777910e-01 -6.214001e-04 1.110027e+00 -4.357137e-06
3.450000e+00 3.000000e-01 2.777912e-01 -6.216507e-04 1.110028e+00 -2.561540e-06
3.500000e+00 3.000000e-01 2.777913e-01 -6.218177e-04 1.110028e+00 -1.488962e-06
3.550000e+00 3.000000e-01 2.777913e-01 -6.219290e-04 1.110029e+00 -8.554404e-07
3.600000e+00 3.000000e-01 2.777914e-01 -6.220032e-04 1.110029e+00 -4.859333e-07
3.650000e+00 3.000000e-01 2.777914e-01 -6.220527e-04 1.110029e+00 -2.733985e-07
3.700000e+00 3.000000e-01 2.777914e-01 -6.220858e-04 1.110029e+00 -1.529805e-07
3.750000e+00 3.000000e-01 2.777914e-01 -6.221079e-04 1.110030e+00 -8.580553e-08
3.800000e+00 3.000000e-01 2.777914e-01 -6.221228e-04 1.110030e+00 -4.886728e-08
3.850000e+00 3.000000e-01 2.777914e-01 -6.221329e-04 1.110030e+00 -2.875455e-08
3.900000e+00 3.000000e-01 2.777914e-01 -6.221397e-04 1.110030e+00 -1.779099e-08
3.950000e+00 3.000000e-01 2.777914e-01 -6.221444e-04 1.110030e+00 -1.167976e-08
4.000000e+00 3.000000e-01 2.777914e-01 -6.221476e-04 1.110030e+00 -8.081372e-09
4.050000e+00 3.000000e-01 2.777914e-01 -6.221498e-04 1.110030e+00 -5.765722e-09
4.100000e+00 3.000000e-01 2.777914e-01 -6.221514e-04 1.110030e+00 -4.114212e-09
4.150000e+00 3.000000e-01 2.777914e-01 -6.221525e-04 1.110030e+00 -2.833015e-09
4.200000e+00 3.000000e-01 2.777914e-01 -6.221533e-04 1.110030e+00 -1.792089e-09
4.250000e+00 3.000000e-01 2.777914e-01 -6.221538e-04 1.110030e+00 -9.377599e-10
4.300000e+00 3.000000e-01 2.777914e-01 -6.221543e-04 1.110030e+00 -2.475176e-10
4.350000e+00 3.000000e-01 2.777914e-01 -6.221546e-04 1.110030e+00 2.916878e-10
4.400000e+00 3.000000e-01 2.777914e-01 -6.221548e-04 1.110030e+00 6.925732e-10
4.450000e+00 3.000000e-01 2.777914e-01 -6.221549e-04 1.110030e+00 9.702911e-10
4.500000e+00 3.000000e-01 2.777914e-01 -6.221551e-04 1.110030e+00 1.142320e-09
4.550000e+00 3.000000e-01 2.777914e-01 -6.221551e-04 1.110030e+00 1.227303e-09
4.600000e+00 3.000000e-01 2.777914e-01 -6.221552e-04 1.110030e+00 1.243728e-09
4.650000e+00 3.000000e-01 2.777914e-01 -6.221553e-04 1.110030e+00 1.208836e-09
4.700000e+00 3.000000e-01 2.777914e-01 -6.221553e-04 1.110030e+00 1.137900e-09
4.750000e+00 3.000000e-01 2.777914e-01 -6.221553e-04 1.110030e+00 1.043840e-09
4.800000e+00 3.000000e-01 2.777914e-01 -6.221553e-04 1.110030e+00 9.371259e-10
4.850000e+00 3.000000e-01 2.777914e-01 -6.221554e-04 1.110030e+00 8.258783e-10
4.900000e+00 3.000000e-01 2.777914e-01 -6.221554e-04 1.110030e+00 7.160883e-10
4.950000e+00 3.000000e-01 2.777914e-01 -6.221554e-04 1.110030e+00 6.119327e-10
5.000000e+00 3.000000e-01 2.777914e-01 -6.221554e-04 1.110030e+00 5.160833e-10
5.050000e+00 3.000000e-01 2.777914e-01 -6.221554e-04 1.110030e+00 4.300232e-10
5.100000e+00 3.000000e-01 2.777914e-01 -6.221554e-04 1.110030e+00 3.543354e-10
5.150000e+00 3.000000e-01 2.777914e-01 -6.221554e-04 1.110030e+00 2.889627e-10
5.200000e+00 3.000000e-01 2.777914e-01 -6.221554e-04 1.110030e+00 2.334100e-10
5.250000e+00 3.000000e-01 2.777914e-01 -6.221554e-04 1.110030e+00 1.869116e-10
5.300000e+00 3.000000e-01 2.777914e-01 -6.221554e-04 1.110030e+00 1.485723e-10
5.350000e+00 3.000000e-01 2.777914e-01 -6.221554e-04 1.110030e+00 1.174649e-10
5.400000e+00 3.000000e-01 2.777914e-01 -6.221554e-04 1.110030e+00 9.271028e-11
5.450000e+00 3.000000e-01 2.777914e-01 -6.221554e-04 1.110030e+00 7.353007e-11
5.500000e+00 3.000000e-01 2.777914e-01 -6.221554e-04 1.110030e+00 5.929035e-11
5.550000e+00 3.000000e-01 2.777914e-01 -6.221554e-04 1.110030e+00 4.953149e-11
5.600000e+00 3.000000e-01 2.777914e-01 -6.221554e-04 1.110030e+00 4.399037e-11
5.650000e+00 3.000000e-01 2.777914e-01 -6.221554e-04 1.110030e+00 4.263701e-11
5.700000e+00 3.000000e-01 2.777914e-01 -6.221554e-04 1.110030e+00 4.571066e-11
5.750000e+00 3.000000e-01 2.777914e-01 -6.221554e-04 1.110030e+00 5.374645e-11
5.800000e+00 3.000000e-01 2.777914e-01 -6.221554e-04 1.110030e+00 6.765255e-11
5.850000e+00 3.000000e-01 2.777914e-01 -6.221554e-04 1.110030e+00 8.878120e-11
5.900000e+00 3.000000e-01 2.777914e-01 -6.221554e-04 1.110030e+00 1.190303e-10
5.950000e+00 3.000000e-01 2.777914e-01 -6.221554e-04 1.110030e+00 1.609923e-10
6.000000e+00 3.000000e-01 2.777914e-01 -6.221554e-04 1.110030e+00 2.181461e-10
6.050000e+00 3.000000e-01 2.777914e-01 -6.221554e-04 1.110030e+00 2.951039e-10
6.100000e+00 3.000000e-01 2.777914e-01 -6.221554e-04 1.110030e+00 3.979417e-10
6.150000e+00 3.000000e-01 2.777914e-01 -6.221554e-04 1.110030e+00 5.346346e-10
6.200000e+00 3.000000e-01 2.777914e-01 -6.221554e-04 1.110030e+00 7.156126e-10
6.250000e+00 3.000000e-01 2.777914e-01 -6.221554e-04 1.110030e+00 9.545009e-10
6.300000e+00 3.000000e-01 2.777914e-01 -6.221554e-04 1.110030e+00 1.269076e-09
6.350000e+00 3.000000e-01 2.777914e-01 -6.221554e-04 1.110030e+00 1.682509e-09
6.400000e+00 3.000000e-01 2.777914e-01 -6.221554e-04 1.110030e+00 2.224974e-09
6.450000e+00 3.000000e-01 2.777914e-01 -6.221554e-04 1.110030e+00 2.935748e-09
6.500000e+00 3.000000e-01 2.777914e-01 -6.221554e-04 1.110030e+00 3.865938e-09
6.550000e+00 3.000000e-01 2.777914e-01 -6.221554e-04 1.110030e+00 5.082006e-09
6.600000e+00 3.000000e-01 2.777914e-01 -6.221554e-04 1.110030e+00 6.670353e-09
6.650000e+00 3.000000e-01 2.777914e-01 -6.221555e-04 1.110030e+00 8.743262e-09
6.700000e+00 3.000000e-01 2.777914e-01 -6.221555e-04 1.110030e+00 1.144661e-08
6.750000e+00 3.000000e-01 2.777914e-01 -6.221555e-04 1.110030e+00 1.496984e-08
6.800000e+00 3.000000e-01 2.777914e-01 -6.221555e-04 1.110030e+00 1.955895e-08
6.850000e+00 3.000000e-01 2.777914e-01 -6.221556e-04 1.110030e+00 2.553323e-08
6.900000e+00 3.000000e-01 2.777914e-01 -6.221556e-04 1.110030e+00 3.330703e-08
6.950000e+00 3.000000e-01 2.777914e-01 -6.221557e-04 1.110030e+00 4.341795e-08
7.000000e+00 3.000000e-01 2.777914e-01 -6.221558e-04 1.110030e+00 5.656330e-08
7.050000e+00 3.000000e-01 2.777914e-01 -6.221559e-04 1.110030e+00 7.364735e-08
7.100000e+00 3.000000e-01 2.777914e-01 -6.221561e-04 1.110030e+00 9.584265e-08
7.150000e+00 3.000000e-01 2.777914e-01 -6.221563e-04 1.110030e+00 1.246687e-07
7.200000e+00 3.000000e-01 2.777914e-01 -6.221566e-04 1.110030e+00 1.620965e-07
7.250000e+00 3.000000e-01 2.777914e-01 -6.221571e-04 1.110030e+00 2.106744e-07
7.300000e+00 3.000000e-01 2.777914e-01 -6.221571e-04 1.110030e+00 2.737222e-07
7.350000e+00 3.000000e-01 2.777913e-01 -6.221592e-04 1.110030e+00 3.554797e-07
7.400000e+00 3.000000e-01 2.777913e-01 -6.221551e-04 1.110030e+00 4.616337e-07
7.450000e+00 3.000000e-01 2.777913e-01 -6.221717e-04 1.110030e+00 5.989284e-07
7.500000e+00 3.000000e-01 2.777913e-01 -6.221255e-04 1.110030e+00 7.779882e-07
7.550000e+00 3.000000e-01 2.777912e-01 -6.222678e-04 1.110030e+00 1.006966e-06
7.600000e+00 3.000000e-01 2.777912e-01 -6.218682e-04 1.110031e+00 1.312407e-06
7.650000e+00 3.000000e-01 2.777911e-01 -6.229810e-04 1.110031e+00 1.684565e-06
7.700000e+00 3.000000e-01 2.777910e-01 -6.200301e-04 1.110031e+00 2.227978e-06
7.750000e+00 3.000000e-01 2.777909e-01 -6.276099e-04 1.110032e+00 2.778349e-06
7.800000e+00 3.000000e-01 2.777907e-01 -6.089466e-04 1.110032e+00 3.858944e-06
7.850000e+00 3.000000e-01 2.777905e-01 -6.531232e-04 1.110033e+00 4.413079e-06
7.900000e+00 3.000000e-01 2.777903e-01 -5.530324e-04 1.110032e+00 6.982268e-06
7.950000e+00 3.000000e-01 2.777898e-01 -7.699126e-04 1.110037e+00 6.442096e-06
8.000000e+00 3.000000e-01 2.777896e-01 -3.219482e-04 1.110031e+00 1.339541e-05
8.050000e+00 3.000000e-01 2.777884e-01 -1.201763e-03 1.110048e+00 8.079233e-06
8.100000e+00 3.000000e-01 2.777888e-01 4.352000e-04 1.110022e+00 2.634864e-05
8.150000e+00 3.000000e-01 2.777858e-01 -2.438812e-03 1.110074e+00 8.757329e-06
8.200000e+00 3.000000e-01 2.777879e-01 2.298589e-03 1.109998e+00 4.844247e-05
8.250000e+00 3.000000e-01 2.777810e-01 -4.989793e-03 1.110125e+00 1.354645e-05
8.300000e+00 3.000000e-01 2.777866e-01 5.398550e-03 1.109959e+00 7.468312e-05
8.350000e+00 3.000000e-01 2.777735e-01 -8.198507e-03 1.110192e+00 4.097693e-05
8.400000e+00 3.000000e-01 2.777825e-01 7.975096e-03 1.109937e+00 9.279615e-05
8.450000e+00 3.000000e-01 2.777642e-01 -9.333861e-03 1.110236e+00 1.091504e-04
8.500000e+00 3.000000e-01 2.777716e-01 7.292485e-03 1.109978e+00 1.205582e-04
8.550000e+00 3.000000e-01 2.777522e-01 -7.499531e-03 1.110254e+00 1.891459e-04
8.600000e+00 3.000000e-01 2.777527e-01 6.239541e-03 1.110045e+00 2.372756e-04
8.650000e+00 3.000000e-01 2.777284e-01 -9.703051e-03 1.110359e+00 2.463655e-04
8.700000e+00 3.000000e-01 2.777280e-01 1.286732e-02 1.110040e+00 4.526880e-04
8.750000e+00 3.000000e-01 2.776832e-01 -1.868670e-02 1.110605e+00 4.299090e-04
8.800000e+00 3.000000e-01 2.776850e-01 1.892175e-02 1.110101e+00 6.311230e-04
8.850000e+00 3.000000e-01 2.776201e-01 -1.693766e-02 1.110796e+00 8.817274e-04
8.900000e+00 3.000000e-01 2.775969e-01 1.050376e-02 1.110441e+00 9.879302e-04
8.950000e+00 3.000000e-01 2.775213e-01 -1.114002e-02 1.111074e+00 1.324014e-03
9.000000e+00 3.000000e-01 2.774645e-01 1.793278e-02 1.110764e+00 1.908444e-03
9.050000e+00 3.000000e-01 2.773304e-01 -3.105531e-02 1.111853e+00 2.104748e-03
9.100000e+00 3.000000e-01 2.772540e-01 3.335268e-02 1.111289e+00 2.899350e-03
9.150000e+00 3.000000e-01 2.770405e-01 -2.426283e-02 1.112732e+00 3.949897e-03
9.200000e+00 3.000000e-01 2.768590e-01 1.080671e-02 1.112618e+00 4.741609e-03
9.250000e+00 3.000000e-01 2.765663e-01 -1.805379e-02 1.114250e+00 6.053078e-03
9.300000e+00 3.000000e-01 2.762537e-01 3.973939e-02 1.114285e+00 8.402042e-03
9.350000e+00 3.000000e-01 2.757261e-01 -5.216436e-02 1.117016e+00 1.039529e-02
9.400000e+00 3.000000e-01 2.752142e-01 3.087554e-02 1.117526e+00 1.306253e-02
9.450000e+00 3.000000e-01 2.744199e-01 -1.095723e-02 1.120994e+00 1.747942e-02
9.500000e+00 3.000000e-01 2.734662e-01 2.692253e-02 1.122636e+00 2.284210e-02
9.550000e+00 3.000000e-01 2.721357e-01 -6.271573e-02 1.127970e+00 2.861898e-02
9.600000e+00 3.000000e-01 2.706043e-01 5.040963e-02 1.131146e+00 3.715244e-02
9.650000e+00 3.000000e-01 2.684204e-01 -1.316917e-02 1.138630e+00 4.920283e-02
9.700000e+00 3.000000e-01 2.656840e-01 1.931008e-02 1.144320e+00 6.401372e-02
9.750000e+00 3.000000e-01 2.620190e-01 -6.056852e-02 1.155500e+00 8.288529e-02
9.800000e+00 3.000000e-01 2.573955e-01 3.772912e-02 1.165478e+00 1.093121e-01
9.850000e+00 3.000000e-01 2.510878e-01 -7.015463e-03 1.181162e+00 1.465123e-01
9.900000e+00 3.000000e-01 2.427443e-01 1.302777e-02 1.197287e+00 1.971938e-01
9.950000e+00 3.000000e-01 2.313684e-01 -2.748761e-02 1.222934e+00 2.686428e-01
1.000000e+01 3.000000e-01 2.158800e-01 -1.757808e-02 0.000000e+00 0.000000e+00
0.000000e+00 3.200000e-01 2.415360e-01 -2.160000e+00 0.000000e+00 0.000000e+00
5.000000e-02 3.200000e-01 2.413078e-01 -2.390312e+00 1.304874e+00 4.720406e-03
1.000000e-01 3.200000e-01 2.410640e-01 -2.486022e+00 1.290542e+00 -2.689697e-03
1.500000e-01 3.200000e-01 2.415768e-01 -1.457666e+00 1.293529e+00 -1.074035e-02
2.000000e-01 3.200000e-01 2.421380e-01 -1.401553e+00 1.326064e+00 1.902129e-03
2.500000e-01 3.200000e-01 2.413866e-01 -3.236353e+00 1.324467e+00 1.681493e-02
3.000000e-01 3.200000e-01 2.404565e-01 -3.445229e+00 1.274023e+00 3.816236e-04
3.500000e-01 3.200000e-01 2.413484e-01 -8.024123e-01 1.266714e+00 -2.290422e-02
4.000000e-01 3.200000e-01 2.427469e-01 -5.278293e-02 1.331559e+00 -5.815075e-03
4.500000e-01 3.200000e-01 2.419299e-01 -3.265003e+00 1.352053e+00 2.619610e-02
5.000000e-01 3.200000e-01 2.401273e-01 -4.804681e+00 1.277209e+00 1.218016e-02
5.500000e-01 3.200000e-01 2.407119e-01 -1.377962e+00 1.231479e+00 -2.925441e-02
6.000000e-01 3.200000e-01 2.430528e-01 1.500113e+00 1.302999e+00 -2.454723e-02
6.500000e-01 3.200000e-01 2.431666e-01 -1.528239e+00 1.372411e+00 2.200062e-02
7.000000e-01 3.200000e-01 2.408527e-01 -5.509306e+00 1.314171e+00 2.928258e-02
7.500000e-01 3.200000e-01 2.402384e-01 -3.723703e+00 1.218749e+00 -1.952030e-02
8.000000e-01 3.200000e-01 2.428047e-01 1.261993e+00 1.241115e+00 -4.496513e-02
8.500000e-01 3.200000e-01 2.447349e-01 1.432778e+00 1.345839e+00 -4.351820e-03
9.000000e-01 3.200000e-01 2.432399e-01 -3.541882e+00 1.360234e+00 3.490957e-02
9.500000e-01 3.200000e-01 2.412439e-01 -5.858369e+00 1.261883e+00 7.567475e-03
1.000000e+00 3.200000e-01 2.424832e-01 -2.253221e+00 1.199959e+00 -4.476520e-02
1.050000e+00 3.200000e-01 2.457204e-01 1.867370e+00 1.261509e+00 -4.255758e-02
1.100000e+00 3.200000e-01 2.467389e-01 4.853848e-01 1.345708e+00 7.543554e-03
1.150000e+00 3.200000e-01 2.449661e-01 -4.011996e+00 1.327762e+00 2.710883e-02
1.200000e+00 3.200000e-01 2.440280e-01 -5.340916e+00 1.240474e+00 -1.226183e-02
1.250000e+00 3.200000e-01 2.461923e-01 -2.230823e+00 1.203344e+00 -5.357420e-02
1.300000e+00 3.200000e-01 2.493855e-01 8.687275e-01 1.254604e+00 -4.227362e-02
1.350000e+00 3.200000e-01 2.504196e-01 7.623345e-02 1.313326e+00 -3.514832e-04
1.400000e+00 3.200000e-01 2.494206e-01 -3.006023e+00 1.303303e+00 1.240901e-02
1.450000e+00 3.200000e-01 2.491787e-01 -4.458929e+00 1.245138e+00 -1.876310e-02
1.500000e+00 3.200000e-01 2.512969e-01 -3.036119e+00 1.208833e+00 -5.312190e-02
1.550000e+00 3.200000e-01 2.544909e-01 -7.945408e-01 1.225074e+00 -5.256325e-02
1.600000e+00 3.200000e-01 2.565532e-01 -1.999615e-01 1.261156e+00 -2.537426e-02
1.650000e+00 3.200000e-01 2.570284e-01 -1.406905e+00 1.271568e+00 -8.033811e-03
1.700000e+00 3.200000e-01 2.573566e-01 -2.767378e+00 1.247747e+00 -1.959288e-02
1.750000e+00 3.200000e-01 2.589876e-01 -2.994776e+00 1.214382e+00 -4.621430e-02
1.800000e+00 3.200000e-01 2.619780e-01 -2.161608e+00 1.196543e+00 -6.269097e-02
1.850000e+00 3.200000e-01 2.652567e-01 -1.184130e+00 1.198434e+00 -5.860574e-02
1.900000e+00 3.200000e-01 2.678386e-01 -7.983122e-01 1.207045e+00 -4.371802e-02
1.950000e+00 3.200000e-01 2.696285e-01 -1.040080e+00 1.208372e+00 -3.419925e-02
2.000000e+00 3.200000e-01 2.712585e-01 -1.490422e+00 1.197849e+00 -3.805450e-02
2.050000e+00 3.200000e-01 2.734340e-01 -1.755763e+00 1.179408e+00 -5.194302e-02
2.100000e+00 3.200000e-01 2.764528e-01 -1.700693e+00 1.159470e+00 -6.706458e-02
2.150000e+00 3.200000e-01 2.801404e-01 -1.404433e+00 1.142554e+00 -7.608952e-02
2.200000e+00 3.200000e-01 2.840618e-01 -1.019212e+00 1.130243e+00 -7.634547e-02
2.250000e+00 3.200000e-01 2.877750e-01 -6.651435e-01 1.122137e+00 -6.920451e-02
2.300000e+00 3.200000e-01 2.909823e-01 -3.973197e-01 1.117113e+00 -5.785607e-02
2.350000e+00 3.200000e-01 2.935606e-01 -2.202461e-01 1.114093e+00 -4.538815e-02
2.400000e+00 3.200000e-01 2.955211e-01 -1.145102e-01 1.112299e+00 -3.388337e-02
2.450000e+00 3.200000e-01 2.969489e-01 -5.630343e-02 1.111242e+00 -2.434017e-02
2.500000e+00 3.200000e-01 2.979551e-01 -2.635625e-02 1.110629e+00 -1.697401e-02
2.550000e+00 3.200000e-01 2.986463e-01 -1.182106e-02 1.110284e+00 -1.157106e-02
2.600000e+00 3.200000e-01 2.991122e-01 -5.123850e-03 1.110100e+00 -7.752032e-03
2.650000e+00 3.200000e-01 2.994215e-01 -2.182875e-03 1.110011e+00 -5.124837e-03
2.700000e+00 3.200000e-01 2.996247e-01 -9.497659e-04 1.109974e+00 -3.353334e-03
2.750000e+00 3.200000e-01 2.997569e-01 -4.564936e-04 1.109966e+00 -2.176432e-03
2.800000e+00 3.200000e-01 2.998423e-01 -2.691959e-04 1.109971e+00 -1.403233e-03
2.850000e+00 3.200000e-01 2.998972e-01 -2.026458e-04 1.109981e+00 -8.995928e-04
2.900000e+00 3.200000e-01 2.999323e-01 -1.813512e-04 1.109992e+00 -5.737676e-04
2.950000e+00 3.200000e-01 2.999546e-01 -1.759479e-04 1.110002e+00 -3.641768e-04
3.000000e+00 3.200000e-01 2.999687e-01 -1.755831e-04 1.110011e+00 -2.300340e-04
3.050000e+00 3.200000e-01 2.999776e-01 -1.764946e-04 1.110018e+00 -1.445844e-04
3.100000e+00 3.200000e-01 2.999831e-01 -1.775028e-04 1.110023e+00 -9.040537e-05
3.150000e+00 3.200000e-01 2.999866e-01 -1.783105e-04 1.110027e+00 -5.621645e-05
3.200000e+00 3.200000e-01 2.999888e-01 -1.788941e-04 1.110030e+00 -3.474978e-05
3.250000e+00 3.200000e-01 2.999901e-01 -1.792981e-04 1.110032e+00 -2.134338e-05
3.300000e+00 3.200000e-01 2.999909e-01 -1.795723e-04 1.110034e+00 -1.301942e-05
3.350000e+00 3.200000e-01 2.999914e-01 -1.797567e-04 1.110035e+00 -7.883938e-06
3.400000e+00 3.200000e-01 2.999917e-01 -1.798802e-04 1.110035e+00 -4.737651e-06
3.450000e+00 3.200000e-01 2.999919e-01 -1.799627e-04 1.110036e+00 -2.824777e-06
3.500000e+00 3.200000e-01 2.999920e-01 -1.800178e-04 1.110036e+00 -1.671492e-06
3.550000e+00 3.200000e-01 2.999920e-01 -1.800546e-04 1.110037e+00 -9.824382e-07
3.600000e+00 3.200000e-01 2.999921e-01 -1.800792e-04 1.110037e+00 -5.746898e-07
3.650000e+00 3.200000e-01 2.999921e-01 -1.800956e-04 1.110037e+00 -3.357715e-07
3.700000e+00 3.200000e-01 2.999921e-01 -1.801066e-04 1.110037e+00 -1.970955e-07
3.750000e+00 3.200000e-01 2.999921e-01 -1.801140e-04 1.110037e+00 -1.172313e-07
3.800000e+00 3.200000e-01 2.999921e-01 -1.801190e-04 1.110037e+00 -7.142465e-08
3.850000e+00 3.200000e-01 2.999921e-01 -1.801224e-04 1.110037e+00 -4.507123e-08
3.900000e+00 3.200000e-01 2.999921e-01 -1.801247e-04 1.110037e+00 -2.968085e-08
3.950000e+00 3.200000e-01 2.999921e-01 -1.801262e-04 1.110038e+00 -2.040143e-08
4.000000e+00 3.200000e-01 2.999921e-01 -1.801273e-04 1.110038e+00 -1.451421e-08
4.050000e+00 3.200000e-01 2.999921e-01 -1.801281e-04 1.110038e+00 -1.052929e-08
4.100000e+00 3.200000e-01 2.999921e-01 -1.801286e-04 1.110038e+00 -7.649382e-09
4.150000e+00 3.200000e-01 2.999921e-01 -1.801290e-04 1.110038e+00 -5.456961e-09
4.200000e+00 3.200000e-01 2.999921e-01 -1.801292e-04 1.110038e+00 -3.735656e-09
4.250000e+00 3.200000e-01 2.999921e-01 -1.801294e-04 1.110038e+00 -2.370917e-09
4.300000e+00 3.200000e-01 2.999921e-01 -1.801296e-04 1.110038e+00 -1.296779e-09
4.350000e+00 3.200000e-01 2.999921e-01 -1.801297e-04 1.110038e+00 -4.687445e-10
4.400000e+00 3.200000e-01 2.999921e-01 -1.801297e-04 1.110038e+00 1.489914e-10
4.450000e+00 3.200000e-01 2.999921e-01 -1.801298e-04 1.110038e+00 5.887663e-10
4.500000e+00 3.200000e-01 2.999921e-01 -1.801298e-04 1.110038e+00 8.810236e-10
4.550000e+00 3.200000e-01 2.999921e-01 -1.801299e-04 1.110038e+00 1.054299e-09
4.600000e+00 3.200000e-01 2.999921e-01 -1.801299e-04 1.110038e+00 1.134689e-09
4.650000e+00 3.200000e-01 2.999921e-01 -1.801299e-04 1.110038e+00 1.145322e-09
4.700000e+00 3.200000e-01 2.999921e-01 -1.801299e-04 1.110038e+00 1.106041e-09
4.750000e+00 3.200000e-01 2.999921e-01 -1.801299e-04 1.110038e+00 1.033315e-09
4.800000e+00 3.200000e-01 2.999921e-01 -1.801299e-04 1.110038e+00 9.403534e-10
4.850000e+00 3.200000e-01 2.999921e-01 -1.801299e-04 1.110038e+00 8.373846e-10
4.900000e+00 3.200000e-01 2.999921e-01 -1.801299e-04 1.110038e+00 7.320128e-10
4.950000e+00 3.200000e-01 2.999921e-01 -1.801299e-04 1.110038e+00 6.296241e-10
5.000000e+00 3.200000e-01 2.999921e-01 -1.801299e-04 1.110038e+00 5.337930e-10
5.050000e+00 3.200000e-01 2.999921e-01 -1.801300e-04 1.110038e+00 4.466627e-10
5.100000e+00 3.200000e-01 2.999921e-01 -1.801300e-04 1.110038e+00 3.692829e-10
5.150000e+00 3.200000e-01 2.999921e-01 -1.801300e-04 1.110038e+00 3.019240e-10
5.200000e+00 3.200000e-01 2.999921e-01 -1.801300e-04 1.110038e+00 2.443062e-10
5.250000e+00 3.200000e-01 2.999921e-01 -1.801300e-04 1.110038e+00 1.957967e-10
5.300000e+00 3.200000e-01 2.999921e-01 -1.801300e-04 1.110038e+00 1.555772e-10
5.350000e+00 3.200000e-01 2.999921e-01 -1.801300e-04 1.110038e+00 1.227518e-10
5.400000e+00 3.200000e-01 2.999921e-01 -1.801300e-04 1.110038e+00 9.644230e-11
5.450000e+00 3.200000e-01 2.999921e-01 -1.801300e-04 1.110038e+00 7.584988e-11
5.500000e+00 3.200000e-01 2.999921e-01 -1.801300e-04 1.110038e+00 6.030398e-11
5.550000e+00 3.200000e-01 2.999921e-01 -1.801300e-04 1.110038e+00 4.929945e-11
5.600000e+00 3.200000e-01 2.999921e-01 -1.801300e-04 1.110038e+00 4.251766e-11
5.650000e+00 3.200000e-01 2.999921e-01 -1.801300e-04 1.110038e+00 3.986200e-11
5.700000e+00 3.200000e-01 2.999921e-01 -1.801300e-04 1.110038e+00 4.149403e-11
5.750000e+00 3.200000e-01 2.999921e-01 -1.801300e-04 1.110038e+00 4.786171e-11
5.800000e+00 3.200000e-01 2.999921e-01 -1.801300e-04 1.110038e+00 5.976608e-11
5.850000e+00 3.200000e-01 2.999921e-01 -1.801300e-04 1.110038e+00 7.842726e-11
5.900000e+00 3.200000e-01 2.999921e-01 -1.801300e-04 1.110038e+00 1.055811e-10
5.950000e+00 3.200000e-01 2.999921e-01 -1.801300e-04 1.110038e+00 1.436162e-10
6.000000e+00 3.200000e-01 2.999921e-01 -1.801300e-04 1.110038e+00 1.957490e-10
6.050000e+00 3.200000e-01 2.999921e-01 -1.801300e-04 1.110038e+00 2.662576e-10
6.100000e+00 3.200000e-01 2.999921e-01 -1.801300e-04 1.110038e+00 3.607897e-10
6.150000e+00 3.200000e-01 2.999921e-01 -1.801300e-04 1.110038e+00 4.867634e-10
6.200000e+00 3.200000e-01 2.999921e-01 -1.801300e-04 1.110038e+00 6.538864e-10
6.250000e+00 3.200000e-01 2.999921e-01 -1.801300e-04 1.110038e+00 8.748519e-10
6.300000e+00 3.200000e-01 2.999921e-01 -1.801300e-04 1.110038e+00 1.166227e-09
6.350000e+00 3.200000e-01 2.999921e-01 -1.801300e-04 1.110038e+00 1.549609e-09
6.400000e+00 3.200000e-01 2.999921e-01 -1.801300e-04 1.110038e+00 2.053134e-09
6.450000e+00 3.200000e-01 2.999921e-01 -1.801300e-04 1.110038e+00 2.713435e-09
6.500000e+00 3.200000e-01 2.999921e-01 -1.801300e-04 1.110038e+00 3.578182e-09
6.550000e+00 3.200000e-01 2.999921e-01 -1.801300e-04 1.110038e+00 4.709377e-09
6.600000e+00 3.200000e-01 2.999921e-01 -1.801300e-04 1.110038e+00 6.187631e-09
6.650000e+00 3.200000e-01 2.999921e-01 -1.801300e-04 1.110038e+00 8.117716e-09
6.700000e+00 3.200000e-01 2.999921e-01 -1.801300e-04 1.110038e+00 1.063576e-08
6.750000e+00 3.200000e-01 2.999921e-01 -1.801300e-04 1.110038e+00 1.391855e-08
6.800000e+00 3.200000e-01 2.999921e-01 -1.801300e-04 1.110038e+00 1.819566e-08
6.850000e+00 3.200000e-01 2.999921e-01 -1.801300e-04 1.110038e+00 2.376507e-08
6.900000e+00 3.200000e-01 2.999921e-01 -1.801300e-04 1.110038e+00 3.101350e-08
6.950000e+00 3.200000e-01 2.999921e-01 -1.801300e-04 1.110038e+00 4.044269e-08
7.000000e+00 3.200000e-01 2.999921e-01 -1.801301e-04 1.110038e+00 5.270343e-08
7.050000e+00 3.200000e-01 2.999921e-01 -1.801301e-04 1.110038e+00 6.863969e-08
7.100000e+00 3.200000e-01 2.999921e-01 -1.801302e-04 1.110038e+00 8.934575e-08
7.150000e+00 3.200000e-01 2.999921e-01 -1.801302e-04 1.110038e+00 1.162399e-07
7.200000e+00 3.200000e-01 2.999921e-01 -1.801303e-04 1.110038e+00 1.511609e-07
7.250000e+00 3.200000e-01 2.999921e-01 -1.801305e-04 1.110038e+00 1.964889e-07
7.300000e+00 3.200000e-01 2.999921e-01 -1.801304e-04 1.110038e+00 2.553162e-07
7.350000e+00 3.200000e-01 2.999921e-01 -1.801312e-04 1.110038e+00 3.316174e-07
7.400000e+00 3.200000e-01 2.999920e-01 -1.801293e-04 1.110038e+00 4.306414e-07
7.450000e+00 3.200000e-01 2.999920e-01 -1.801366e-04 1.110038e+00 5.588596e-07
7.500000e+00 3.200000e-01 2.999920e-01 -1.801153e-04 1.110038e+00 7.256524e-07
7.550000e+00 3.200000e-01 2.999920e-01 -1.801809e-04 1.110038e+00 9.401654e-07
7.600000e+00 3.200000e-01 2.999919e-01 -1.799930e-04 1.110038e+00 1.222878e-06
7.650000e+00 3.200000e-01 2.999918e-01 -1.805211e-04 1.110039e+00 1.576214e-06
7.700000e+00 3.200000e-01 2.999917e-01 -1.791012e-04 1.110039e+00 2.067921e-06
7.750000e+00 3.200000e-01 2.999916e-01 -1.827914e-04 1.110040e+00 2.618717e-06
7.800000e+00 3.200000e-01 2.999915e-01 -1.735859e-04 1.110040e+00 3.540388e-06
7.850000e+00 3.200000e-01 2.999913e-01 -1.956501e-04 1.110041e+00 4.249588e-06
7.900000e+00 3.200000e-01 2.999911e-01 -1.450072e-04 1.110041e+00 6.240266e-06
7.950000e+00 3.200000e-01 2.999906e-01 -2.561620e-04 1.110045e+00 6.552035e-06
8.000000e+00 3.200000e-01 2.999904e-01 -2.355472e-05 1.110041e+00 1.149056e-05
8.050000e+00 3.200000e-01 2.999895e-01 -4.864007e-04 1.110053e+00 9.296386e-06
8.100000e+00 3.200000e-01 2.999895e-01 3.861367e-04 1.110037e+00 2.172281e-05
8.150000e+00 3.200000e-01 2.999873e-01 -1.165912e-03 1.110074e+00 1.245601e-05
8.200000e+00 3.200000e-01 2.999882e-01 1.425775e-03 1.110024e+00 3.935190e-05
8.250000e+00 3.200000e-01 2.999834e-01 -2.612128e-03 1.110115e+00 1.970863e-05
8.300000e+00 3.200000e-01 2.999863e-01 3.212716e-03 1.110000e+00 6.234906e-05
8.350000e+00 3.200000e-01 2.999772e-01 -4.493569e-03 1.110171e+00 4.416377e-05
8.400000e+00 3.200000e-01 2.999818e-01 4.749090e-03 1.109991e+00 8.372480e-05
8.450000e+00 3.200000e-01 2.999688e-01 -5.174279e-03 1.110216e+00 1.007612e-04
8.500000e+00 3.200000e-01 2.999718e-01 4.291297e-03 1.110034e+00 1.159127e-04
8.550000e+00 3.200000e-01 2.999572e-01 -3.917627e-03 1.110245e+00 1.745289e-04
8.600000e+00 3.200000e-01 2.999543e-01 3.397908e-03 1.110112e+00 2.165607e-04
8.650000e+00 3.200000e-01 2.999355e-01 -4.987714e-03 1.110348e+00 2.433012e-04
8.700000e+00 3.200000e-01 2.999300e-01 7.324620e-03 1.110147e+00 4.038554e-04
8.750000e+00 3.200000e-01 2.998951e-01 -1.061382e-02 1.110588e+00 4.139435e-04
8.800000e+00 3.200000e-01 2.998886e-01 1.124105e-02 1.110247e+00 5.892839e-04
8.850000e+00 3.200000e-01 2.998362e-01 -9.357013e-03 1.110814e+00 8.099622e-04
8.900000e+00 3.200000e-01 2.998076e-01 5.158431e-03 1.110620e+00 9.284773e-04
8.950000e+00 3.200000e-01 2.997434e-01 -4.552966e-03 1.111135e+00 1.248654e-03
9.000000e+00 3.200000e-01 2.996827e-01 9.349929e-03 1.111046e+00 1.746328e-03
9.050000e+00 3.200000e-01 2.995687e-01 -1.802532e-02 1.111967e+00 1.987792e-03
9.100000e+00 3.200000e-01 2.994839e-01 2.036571e-02 1.111695e+00 2.708072e-03
9.150000e+00 3.200000e-01 2.992979e-01 -1.284785e-02 1.112997e+00 3.661208e-03
9.200000e+00 3.200000e-01 2.991178e-01 2.328663e-03 1.113233e+00 4.419138e-03
9.250000e+00 3.200000e-01 2.988560e-01 -5.990142e-03 1.114705e+00 5.684123e-03
9.300000e+00 3.200000e-01 2.985494e-01 2.328267e-02 1.115253e+00 7.803116e-03
9.350000e+00 3.200000e-01 2.980757e-01 -3.307613e-02 1.117900e+00 9.692620e-03
9.400000e+00 3.200000e-01 2.975801e-01 1.611028e-02 1.119016e+00 1.220741e-02
9.450000e+00 3.200000e-01 2.968550e-01 3.721576e-03 1.122473e+00 1.635373e-02
9.500000e+00 3.200000e-01 2.959448e-01 9.030632e-03 1.125130e+00 2.132049e-02
9.550000e+00 3.200000e-01 2.947229e-01 -4.099470e-02 1.130667e+00 2.676361e-02
9.600000e+00 3.200000e-01 2.932684e-01 3.282139e-02 1.135125e+00 3.482264e-02
9.650000e+00 3.200000e-01 2.912407e-01 6.444753e-03 1.143278e+00 4.626487e-02
9.700000e+00 3.200000e-01 2.886419e-01 -2.424139e-03 1.151274e+00 6.023644e-02
9.750000e+00 3.200000e-01 2.852170e-01 -4.138266e-02 1.164104e+00 7.810666e-02
9.800000e+00 3.200000e-01 2.808313e-01 2.740981e-02 1.177740e+00 1.034135e-01
9.850000e+00 3.200000e-01 2.748757e-01 1.302032e-02 1.197250e+00 1.390053e-01
9.900000e+00 3.200000e-01 2.669307e-01 9.103920e-04 1.220652e+00 1.871400e-01
9.950000e+00 3.200000e-01 2.561617e-01 -1.545530e-02 1.255241e+00 2.539473e-01
1.000000e+01 3.200000e-01 2.415360e-01 -1.134672e-02 0.000000e+00 0.000000e+00
0.000000e+00 3.400000e-01 2.680560e-01 -1.920000e+00 0.000000e+00 0.000000e+00
5.000000e-02 3.400000e-01 2.678908e-01 -1.957250e+00 1.351608e+00 7.726844e-03
1.000000e-01 3.400000e-01 2.672833e-01 -2.780550e+00 1.334051e+00 1.776916e-03
1.500000e-01 3.400000e-01 2.677132e-01 -1.871581e+00 1.318146e+00 -1.817667e-02
2.000000e-01 3.400000e-01 2.691010e-01 -1.329155e-01 1.357986e+00 -8.686055e-03
2.500000e-01 3.400000e-01 2.685818e-01 -1.775664e+00 1.390216e+00 2.698081e-02
3.000000e-01 3.400000e-01 2.664029e-01 -4.549784e+00 1.332532e+00 1.856815e-02
3.500000e-01 3.400000e-01 2.667249e-01 -2.563410e+00 1.275451e+00 -3.252884e-02
4.000000e-01 3.400000e-01 2.696558e-01 1.540597e+00 1.339923e+00 -3.094775e-02
4.500000e-01 3.400000e-01 2.698197e-01 -2.726923e-01 1.422103e+00 3.288947e-02
5.000000e-01 3.400000e-01 2.663668e-01 -5.453980e+00 1.360999e+00 4.504189e-02
5.500000e-01 3.400000e-01 2.653155e-01 -4.677316e+00 1.247141e+00 -2.665592e-02
6.000000e-01 3.400000e-01 2.690324e-01 1.577391e+00 1.281017e+00 -5.994278e-02
6.500000e-01 3.400000e-01 2.713098e-01 2.490275e+00 1.413973e+00 9.044152e-03
7.000000e-01 3.400000e-01 2.681280e-01 -3.869792e+00 1.414055e+00 6.398525e-02
7.500000e-01 3.400000e-01 2.649113e-01 -6.924699e+00 1.275097e+00 8.094568e-03
8.000000e-01 3.400000e-01 2.673186e-01 -1.612385e+00 1.219285e+00 -6.891514e-02
8.500000e-01 3.400000e-01 2.718028e-01 3.713753e+00 1.336199e+00 -4.051662e-02
9.000000e-01 3.400000e-01 2.713702e-01 3.697309e-01 1.431286e+00 4.475088e-02
9.500000e-01 3.400000e-01 2.673277e-01 -5.973189e+00 1.356957e+00 4.801549e-02
1.000000e+00 3.400000e-01 2.665687e-01 -5.874811e+00 1.233576e+00 -3.389578e-02
1.050000e+00 3.400000e-01 2.707173e-01 1.194326e-01 1.241495e+00 -7.387592e-02
1.100000e+00 3.400000e-01 2.739563e-01 2.913105e+00 1.355083e+00 -1.671424e-02
1.150000e+00 3.400000e-01 2.723887e-01 -1.153164e+00 1.399017e+00 4.371695e-02
1.200000e+00 3.400000e-01 2.695846e-01 -5.621355e+00 1.322240e+00 1.927327e-02
1.250000e+00 3.400000e-01 2.704614e-01 -4.753462e+00 1.240605e+00 -4.857327e-02
1.300000e+00 3.400000e-01 2.744419e-01 -4.323091e-01 1.255781e+00 -6.488730e-02
1.350000e+00 3.400000e-01 2.769501e-01 1.358444e+00 1.328608e+00 -1.690863e-02
1.400000e+00 3.400000e-01 2.761328e-01 -1.070061e+00 1.355572e+00 2.183626e-02
1.450000e+00 3.400000e-01 2.747665e-01 -3.941958e+00 1.311563e+00 2.368657e-03
1.500000e+00 3.400000e-01 2.758959e-01 -3.964949e+00 1.257341e+00 -4.414537e-02
1.550000e+00 3.400000e-01 2.791810e-01 -1.732809e+00 1.249031e+00 -6.076318e-02
1.600000e+00 3.400000e-01 2.819722e-01 -9.807876e-02 1.278948e+00 -3.638075e-02
1.650000e+00 3.400000e-01 2.828191e-01 -5.307880e-01 1.301136e+00 -8.207989e-03
1.700000e+00 3.400000e-01 2.827930e-01 -1.970598e+00 1.290199e+00 -9.245385e-03
1.750000e+00 3.400000e-01 2.837436e-01 -2.741858e+00 1.258927e+00 -3.480051e-02
1.800000e+00 3.400000e-01 2.862731e-01 -2.315478e+00 1.233261e+00 -5.745856e-02
1.850000e+00 3.400000e-01 2.894895e-01 -1.357285e+00 1.225431e+00 -5.931402e-02
1.900000e+00 3.400000e-01 2.922045e-01 -7.484099e-01 1.228885e+00 -4.546410e-02
1.950000e+00 3.400000e-01 2.940359e-01 -7.849197e-01 1.230435e+00 -3.282131e-02
2.000000e+00 3.400000e-01 2.954866e-01 -1.175255e+00 1.222545e+00 -3.273418e-02
2.050000e+00 3.400000e-01 2.973093e-01 -1.499066e+00 1.205979e+00 -4.433101e-02
2.100000e+00 3.400000e-01 2.999197e-01 -1.541714e+00 1.185666e+00 -5.928613e-02
2.150000e+00 3.400000e-01 3.032379e-01 -1.327108e+00 1.166229e+00 -6.951204e-02
2.200000e+00 3.400000e-01 3.068709e-01 -9.909425e-01 1.150122e+00 -7.140129e-02
2.250000e+00 3.400000e-01 3.103781e-01 -6.594391e-01 1.137875e+00 -6.574238e-02
2.300000e+00 3.400000e-01 3.134451e-01 -3.991631e-01 1.129012e+00 -5.552200e-02
2.350000e+00 3.400000e-01 3.159303e-01 -2.232275e-01 1.122774e+00 -4.384194e-02
2.400000e+00 3.400000e-01 3.178293e-01 -1.167189e-01 1.118462e+00 -3.286816e-02
2.450000e+00 3.400000e-01 3.192171e-01 -5.757897e-02 1.115526e+00 -2.367944e-02
2.500000e+00 3.400000e-01 3.201973e-01 -2.698474e-02 1.113558e+00 -1.654942e-02
2.550000e+00 3.400000e-01 3.208720e-01 -1.208097e-02 1.112261e+00 -1.130283e-02
2.600000e+00 3.400000e-01 3.213276e-01 -5.193430e-03 1.111421e+00 -7.586000e-03
2.650000e+00 3.400000e-01 3.216306e-01 -2.158347e-03 1.110886e+00 -5.024360e-03
2.700000e+00 3.400000e-01 3.218300e-01 -8.786433e-04 1.110551e+00 -3.294001e-03
2.750000e+00 3.400000e-01 3.219600e-01 -3.613448e-04 1.110343e+00 -2.142334e-03
2.800000e+00 3.400000e-01 3.220442e-01 -1.608016e-04 1.110217e+00 -1.384255e-03
2.850000e+00 3.400000e-01 3.220984e-01 -8.640723e-05 1.110141e+00 -8.894610e-04
2.900000e+00 3.400000e-01 3.221332e-01 -6.019135e-05 1.110096e+00 -5.686773e-04
2.950000e+00 3.400000e-01 3.221553e-01 -5.158397e-05 1.110070e+00 -3.618732e-04
3.000000e+00 3.400000e-01 3.221694e-01 -4.909132e-05 1.110055e+00 -2.292097e-04
3.050000e+00 3.400000e-01 3.221782e-01 -4.857758e-05 1.110046e+00 -1.444995e-04
3.100000e+00 3.400000e-01 3.221838e-01 -4.862855e-05 1.110042e+00 -9.065329e-05
3.150000e+00 3.400000e-01 3.221873e-01 -4.879355e-05 1.110040e+00 -5.658227e-05
3.200000e+00 3.400000e-01 3.221895e-01 -4.894611e-05 1.110039e+00 -3.512656e-05
3.250000e+00 3.400000e-01 3.221908e-01 -4.906139e-05 1.110038e+00 -2.168327e-05
3.300000e+00 3.400000e-01 3.221916e-01 -4.914253e-05 1.110038e+00 -1.330570e-05
3.350000e+00 3.400000e-01 3.221921e-01 -4.919799e-05 1.110039e+00 -8.115320e-06
3.400000e+00 3.400000e-01 3.221924e-01 -4.923541e-05 1.110039e+00 -4.919707e-06
3.450000e+00 3.400000e-01 3.221926e-01 -4.926053e-05 1.110039e+00 -2.965438e-06
3.500000e+00 3.400000e-01 3.221927e-01 -4.927735e-05 1.110039e+00 -1.778816e-06
3.550000e+00 3.400000e-01 3.221928e-01 -4.928861e-05 1.110039e+00 -1.063633e-06
3.600000e+00 3.400000e-01 3.221929e-01 -4.929615e-05 1.110039e+00 -6.357772e-07
3.650000e+00 3.400000e-01 3.221929e-01 -4.930120e-05 1.110040e+00 -3.815805e-07
3.700000e+00 3.400000e-01 3.221929e-01 -4.930459e-05 1.110040e+00 -2.313941e-07
3.750000e+00 3.400000e-01 3.221929e-01 -4.930687e-05 1.110040e+00 -1.429047e-07
3.800000e+00 3.400000e-01 3.221929e-01 -4.930841e-05 1.110040e+00 -9.065356e-08
3.850000e+00 3.400000e-01 3.221929e-01 -4.930946e-05 1.110040e+00 -5.948942e-08
3.900000e+00 3.400000e-01 3.221929e-01 -4.931017e-05 1.110040e+00 -4.050551e-08
3.950000e+00 3.400000e-01 3.221929e-01 -4.931066e-05 1.110040e+00 -2.853690e-08
4.000000e+00 3.400000e-01 3.221929e-01 -4.931100e-05 1.110040e+00 -2.063200e-08
4.050000e+00 3.400000e-01 3.221929e-01 -4.931123e-05 1.110040e+00 -1.512877e-08
4.100000e+00 3.400000e-01 3.221929e-01 -4.931140e-05 1.110040e+00 -1.110296e-08
4.150000e+00 3.400000e-01 3.221929e-01 -4.931151e-05 1.110040e+00 -8.043521e-09
4.200000e+00 3.400000e-01 3.221929e-01 -4.931160e-05 1.110040e+00 -5.665042e-09
4.250000e+00 3.400000e-01 3.221929e-01 -4.931166e-05 1.110040e+00 -3.801817e-09
4.300000e+00 3.400000e-01 3.221929e-01 -4.931170e-05 1.110040e+00 -2.349773e-09
4.350000e+00 3.400000e-01 3.221929e-01 -4.931173e-05 1.110040e+00 -1.235827e-09
4.400000e+00 3.400000e-01 3.221929e-01 -4.931176e-05 1.110040e+00 -4.025846e-10
4.450000e+00 3.400000e-01 3.221929e-01 -4.931177e-05 1.110040e+00 1.987283e-10
4.500000e+00 3.400000e-01 3.221929e-01 -4.931179e-05 1.110040e+00 6.111511e-10
4.550000e+00 3.400000e-01 3.221929e-01 -4.931180e-05 1.110040e+00 8.729290e-10
4.600000e+00 3.400000e-01 3.221929e-01 -4.931180e-05 1.110040e+00 1.017674e-09
4.650000e+00 3.400000e-01 3.221929e-01 -4.931181e-05 1.110040e+00 1.074348e-09
4.700000e+00 3.400000e-01 3.221929e-01 -4.931181e-05 1.110040e+00 1.067327e-09
4.750000e+00 3.400000e-01 3.221929e-01 -4.931182e-05 1.110040e+00 1.016591e-09
4.800000e+00 3.400000e-01 3.221929e-01 -4.931182e-05 1.110040e+00 9.380596e-10
4.850000e+00 3.400000e-01 3.221929e-01 -4.931182e-05 1.110040e+00 8.440509e-10
4.900000e+00 3.400000e-01 3.221929e-01 -4.931182e-05 1.110040e+00 7.437528e-10
4.950000e+00 3.400000e-01 3.221929e-01 -4.931182e-05 1.110040e+00 6.437473e-10
5.000000e+00 3.400000e-01 3.221929e-01 -4.931182e-05 1.110040e+00 5.485007e-10
5.050000e+00 3.400000e-01 3.221929e-01 -4.931182e-05 1.110040e+00 4.608058e-10
5.100000e+00 3.400000e-01 3.221929e-01 -4.931182e-05 1.110040e+00 3.821804e-10
5.150000e+00 3.400000e-01 3.221929e-01 -4.931182e-05 1.110040e+00 3.132189e-10
5.200000e+00 3.400000e-01 3.221929e-01 -4.931182e-05 1.110040e+00 2.538603e-10
5.250000e+00 3.400000e-01 3.221929e-01 -4.931182e-05 1.110040e+00 2.036071e-10
5.300000e+00 3.400000e-01 3.221929e-01 -4.931182e-05 1.110040e+00 1.617206e-10
5.350000e+00 3.400000e-01 3.221929e-01 -4.931182e-05 1.110040e+00 1.273448e-10
5.400000e+00 3.400000e-01 3.221929e-01 -4.931182e-05 1.110040e+00 9.960421e-11
5.450000e+00 3.400000e-01 3.221929e-01 -4.931182e-05 1.110040e+00 7.768342e-11
5.500000e+00 3.400000e-01 3.221929e-01 -4.931182e-05 1.110040e+00 6.087963e-11
5.550000e+00 3.400000e-01 3.221929e-01 -4.931182e-05 1.110040e+00 4.864054e-11
5.600000e+00 3.400000e-01 3.221929e-01 -4.931182e-05 1.110040e+00 4.059364e-11
5.650000e+00 3.400000e-01 3.221929e-01 -4.931182e-05 1.110040e+00 3.657241e-11
5.700000e+00 3.400000e-01 3.221929e-01 -4.931182e-05 1.110040e+00 3.665568e-11
5.750000e+00 3.400000e-01 3.221929e-01 -4.931182e-05 1.110040e+00 4.119760e-11
5.800000e+00 3.400000e-01 3.221929e-01 -4.931182e-05 1.110040e+00 5.087930e-11
5.850000e+00 3.400000e-01 3.221929e-01 -4.931182e-05 1.110040e+00 6.677381e-11
5.900000e+00 3.400000e-01 3.221929e-01 -4.931182e-05 1.110040e+00 9.043155e-11
5.950000e+00 3.400000e-01 3.221929e-01 -4.931182e-05 1.110040e+00 1.240102e-10
6.000000e+00 3.400000e-01 3.221929e-01 -4.931182e-05 1.110040e+00 1.704281e-10
6.050000e+00 3.400000e-01 3.221929e-01 -4.931182e-05 1.110040e+00 2.335770e-10
6.100000e+00 3.400000e-01 3.221929e-01 -4.931182e-05 1.110040e+00 3.186107e-10
6.150000e+00 3.400000e-01 3.221929e-01 -4.931182e-05 1.110040e+00 4.323053e-10
6.200000e+00 3.400000e-01 3.221929e-01 -4.931182e-05 1.110040e+00 5.835388e-10
6.250000e+00 3.400000e-01 3.221929e-01 -4.931182e-05 1.110040e+00 7.839296e-10
6.300000e+00 3.400000e-01 3.221929e-01 -4.931182e-05 1.110040e+00 1.048648e-09
6.350000e+00 3.400000e-01 3.221929e-01 -4.931183e-05 1.110040e+00 1.397477e-09
6.400000e+00 3.400000e-01 3.221929e-01 -4.931183e-05 1.110040e+00 1.856202e-09
6.450000e+00 3.400000e-01 3.221929e-01 -4.931183e-05 1.110040e+00 2.458402e-09
6.500000e+00 3.400000e-01 3.221929e-01 -4.931183e-05 1.110040e+00 3.247784e-09
6.550000e+00 3.400000e-01 3.221929e-01 -4.931183e-05 1.110040e+00 4.281208e-09
6.600000e+00 3.400000e-01 3.221929e-01 -4.931183e-05 1.110040e+00 5.632607e-09
6.650000e+00 3.400000e-01 3.221929e-01 -4.931183e-05 1.110040e+00 7.398088e-09
6.700000e+00 3.400000e-01 3.221929e-01 -4.931183e-05 1.110040e+00 9.702530e-09
6.750000e+00 3.400000e-01 3.221929e-01 -4.931183e-05 1.110040e+00 1.270815e-08
6.800000e+00 3.400000e-01 3.221929e-01 -4.931184e-05 1.110040e+00 1.662557e-08
6.850000e+00 3.400000e-01 3.221929e-01 -4.931184e-05 1.110040e+00 2.172822e-08
6.900000e+00 3.400000e-01 3.221929e-01 -4.931184e-05 1.110040e+00 2.837098e-08
6.950000e+00 3.400000e-01 3.221929e-01 -4.931185e-05 1.110040e+00 3.701427e-08
7.000000e+00 3.400000e-01 3.221929e-01 -4.931186e-05 1.110040e+00 4.825531e-08
7.050000e+00 3.400000e-01 3.221929e-01 -4.931187e-05 1.110040e+00 6.286861e-08
7.100000e+00 3.400000e-01 3.221929e-01 -4.931188e-05 1.110040e+00 8.185837e-08
7.150000e+00 3.400000e-01 3.221929e-01 -4.931190e-05 1.110040e+00 1.065262e-07
7.200000e+00 3.400000e-01 3.221929e-01 -4.931192e-05 1.110040e+00 1.385593e-07
7.250000e+00 3.400000e-01 3.221929e-01 -4.931197e-05 1.110040e+00 1.801427e-07
7.300000e+00 3.400000e-01 3.221929e-01 -4.931193e-05 1.110040e+00 2.341113e-07
7.350000e+00 3.400000e-01 3.221929e-01 -4.931225e-05 1.110040e+00 3.041219e-07
7.400000e+00 3.400000e-01 3.221928e-01 -4.931140e-05 1.110040e+00 3.949603e-07
7.450000e+00 3.400000e-01 3.221928e-01 -4.931446e-05 1.110040e+00 5.126606e-07
7.500000e+00 3.400000e-01 3.221928e-01 -4.930525e-05 1.110040e+00 6.655401e-07
7.550000e+00 3.400000e-01 3.221928e-01 -4.933365e-05 1.110041e+00 8.628372e-07
7.600000e+00 3.400000e-01 3.221927e-01 -4.925099e-05 1.110041e+00 1.120955e-06
7.650000e+00 3.400000e-01 3.221926e-01 -4.948570e-05 1.110041e+00 1.448604e-06
7.700000e+00 3.400000e-01 3.221926e-01 -4.884609e-05 1.110042e+00 1.890979e-06
7.750000e+00 3.400000e-01 3.221925e-01 -5.052852e-05 1.110042e+00 2.417976e-06
7.800000e+00 3.400000e-01 3.221923e-01 -4.627758e-05 1.110043e+00 3.212796e-06
7.850000e+00 3.400000e-01 3.221921e-01 -5.659439e-05 1.110044e+00 3.977817e-06
7.900000e+00 3.400000e-01 3.221919e-01 -3.261090e-05 1.110044e+00 5.559390e-06
7.950000e+00 3.400000e-01 3.221916e-01 -8.592336e-05 1.110047e+00 6.343672e-06
8.000000e+00 3.400000e-01 3.221913e-01 2.707600e-05 1.110046e+00 9.915552e-06
8.050000e+00 3.400000e-01 3.221906e-01 -2.006568e-04 1.110054e+00 9.640211e-06
8.100000e+00 3.400000e-01 3.221903e-01 2.341591e-04 1.110046e+00 1.809512e-05
8.150000e+00 3.400000e-01 3.221888e-01 -5.490961e-04 1.110071e+00 1.422463e-05
8.200000e+00 3.400000e-01 3.221889e-01 7.751349e-04 1.110041e+00 3.222223e-05
8.250000e+00 3.400000e-01 3.221856e-01 -1.312854e-03 1.110103e+00 2.287509e-05
8.300000e+00 3.400000e-01 3.221866e-01 1.732981e-03 1.110031e+00 5.211961e-05
8.350000e+00 3.400000e-01 3.221803e-01 -2.335896e-03 1.110150e+00 4.476322e-05
8.400000e+00 3.400000e-01 3.221821e-01 2.577894e-03 1.110034e+00 7.466183e-05
8.450000e+00 3.400000e-01 3.221729e-01 -2.704526e-03 1.110195e+00 9.175257e-05
8.500000e+00 3.400000e-01 3.221730e-01 2.282942e-03 1.110081e+00 1.090002e-04
8.550000e+00 3.400000e-01 3.221620e-01 -1.905504e-03 1.110235e+00 1.581700e-04
8.600000e+00 3.400000e-01 3.221571e-01 1.632995e-03 1.110165e+00 1.960005e-04
8.650000e+00 3.400000e-01 3.221424e-01 -2.365354e-03 1.110339e+00 2.324411e-04
8.700000e+00 3.400000e-01 3.221339e-01 3.809455e-03 1.110236e+00 3.569237e-04
8.750000e+00 3.400000e-01 3.221067e-01 -5.654255e-03 1.110569e+00 3.898870e-04
8.800000e+00 3.400000e-01 3.220949e-01 6.155251e-03 1.110376e+00 5.407535e-04
8.850000e+00 3.400000e-01 3.220526e-01 -4.793095e-03 1.110826e+00 7.324563e-04
8.900000e+00 3.400000e-01 3.220217e-01 2.083304e-03 1.110775e+00 8.596529e-04
8.950000e+00 3.400000e-01 3.219666e-01 -1.274773e-03 1.111196e+00 1.153652e-03
9.000000e+00 3.400000e-01 3.219063e-01 4.310050e-03 1.111292e+00 1.575554e-03
9.050000e+00 3.400000e-01 3.218091e-01 -9.881154e-03 1.112068e+00 1.845086e-03
9.100000e+00 3.400000e-01 3.217218e-01 1.167675e-02 1.112070e+00 2.487078e-03
9.150000e+00 3.400000e-01 3.215604e-01 -6.193745e-03 1.113241e+00 3.334796e-03
9.200000e+00 3.400000e-01 3.213883e-01 -1.594655e-03 1.113778e+00 4.058575e-03
9.250000e+00 3.400000e-01 3.211545e-01 -2.163443e-04 1.115142e+00 5.245052e-03
9.300000e+00 3.400000e-01 3.208638e-01 1.297941e-02 1.116138e+00 7.124212e-03
9.350000e+00 3.400000e-01 3.204421e-01 -2.055225e-02 1.118708e+00 8.889893e-03
9.400000e+00 3.400000e-01 3.199748e-01 7.583509e-03 1.120380e+00 1.123299e-02
9.450000e+00 3.400000e-01 3.193188e-01 9.635219e-03 1.123875e+00 1.503388e-02
9.500000e+00 3.400000e-01 3.184714e-01 -1.140744e-04 1.127419e+00 1.956478e-02
9.550000e+00 3.400000e-01 3.173623e-01 -2.749088e-02 1.133187e+00 2.462115e-02
9.600000e+00 3.400000e-01 3.160093e-01 2.256801e-02 1.138800e+00 3.210796e-02
9.650000e+00 3.400000e-01 3.141515e-01 1.463433e-02 1.147681e+00 4.274320e-02
9.700000e+00 3.400000e-01 3.117350e-01 -1.391887e-02 1.157778e+00 5.568309e-02
9.750000e+00 3.400000e-01 3.085832e-01 -3.057801e-02 1.172263e+00 7.229888e-02
9.800000e+00 3.400000e-01 3.045051e-01 2.479182e-02 1.189191e+00 9.605367e-02
9.850000e+00 3.400000e-01 2.989778e-01 2.052819e-02 1.212472e+00 1.293475e-01
9.900000e+00 3.400000e-01 2.915704e-01 -7.691802e-03 1.242439e+00 1.739976e-01
9.950000e+00 3.400000e-01 2.815781e-01 -1.178721e-02 1.285054e+00 2.351435e-01
1.000000e+01 3.400000e-01 2.680560e-01 -1.073465e-02 0.000000e+00 0.000000e+00
0.000000e+00 3.600000e-01 2.953440e-01 -1.680000e+00 0.000000e+00 0.000000e+00
5.000000e-02 3.600000e-01 2.953721e-01 -1.301193e+00 1.392379e+00 9.180046e-03
1.000000e-01 3.600000e-01 2.944260e-01 -2.578369e+00 1.381327e+00 1.069523e-02
1.500000e-01 3.600000e-01 2.943026e-01 -2.942622e+00 1.345512e+00 -2.031421e-02
2.000000e-01 3.600000e-01 2.964574e-01 3.718020e-02 1.370054e+00 -2.692585e-02
2.500000e-01 3.600000e-01 2.969952e-01 6.084691e-01 1.436394e+00 2.699646e-02
3.000000e-01 3.600000e-01 2.937578e-01 -3.915251e+00 1.406253e+00 4.628774e-02
3.500000e-01 3.600000e-01 2.923664e-01 -5.317042e+00 1.305787e+00 -2.586092e-02
4.000000e-01 3.600000e-01 2.963439e-01 5.139052e-01 1.324773e+00 -6.447595e-02
4.500000e-01 3.600000e-01 2.988140e-01 3.219211e+00 1.452331e+00 1.776579e-02
5.000000e-01 3.600000e-01 2.945673e-01 -3.140300e+00 1.454208e+00 8.216487e-02
5.500000e-01 3.600000e-01 2.905975e-01 -7.777801e+00 1.306548e+00 2.738438e-03
6.000000e-01 3.600000e-01 2.942934e-01 -1.959110e+00 1.258106e+00 -9.128005e-02
6.500000e-01 3.600000e-01 2.997256e-01 4.867188e+00 1.403639e+00 -3.121471e-02
7.000000e-01 3.600000e-01 2.974149e-01 5.051905e-01 1.492704e+00 8.483307e-02
7.500000e-01 3.600000e-01 2.912422e-01 -7.648692e+00 1.373296e+00 5.838784e-02
8.000000e-01 3.600000e-01 2.915761e-01 -6.492684e+00 1.236865e+00 -6.940584e-02
8.500000e-01 3.600000e-01 2.981828e-01 2.288419e+00 1.300819e+00 -8.915225e-02
9.000000e-01 3.600000e-01 3.004914e-01 4.249326e+00 1.453433e+00 2.660612e-02
9.500000e-01 3.600000e-01 2.955222e-01 -3.140696e+00 1.451467e+00 8.665136e-02
1.000000e+00 3.600000e-01 2.918262e-01 -8.073941e+00 1.312379e+00 1.419686e-03
1.050000e+00 3.600000e-01 2.953802e-01 -3.755426e+00 1.247078e+00 -9.116028e-02
1.100000e+00 3.600000e-01 3.009422e-01 2.800561e+00 1.338519e+00 -5.546522e-02
1.150000e+00 3.600000e-01 3.009268e-01 1.927108e+00 1.434359e+00 4.024621e-02
1.200000e+00 3.600000e-01 2.969176e-01 -3.871350e+00 1.403147e+00 5.110283e-02
1.250000e+00 3.600000e-01 2.958165e-01 -6.171211e+00 1.306220e+00 -2.699080e-02
1.300000e+00 3.600000e-01 2.996167e-01 -2.664886e+00 1.274754e+00 -7.747493e-02
1.350000e+00 3.600000e-01 3.035640e-01 1.206577e+00 1.331384e+00 -4.026789e-02
1.400000e+00 3.600000e-01 3.036435e-01 6.119346e-01 1.383768e+00 1.922733e-02
1.450000e+00 3.600000e-01 3.016412e-01 -2.592995e+00 1.367346e+00 2.052934e-02
1.500000e+00 3.600000e-01 3.015906e-01 -4.068359e+00 1.312689e+00 -2.810932e-02
1.550000e+00 3.600000e-01 3.044522e-01 -2.589690e+00 1.282914e+00 -6.120603e-02
1.600000e+00 3.600000e-01 3.077112e-01 -4.590746e-01 1.296470e+00 -4.621632e-02
1.650000e+00 3.600000e-01 3.090738e-01 -3.786257e-02 1.320578e+00 -1.253397e-02
1.700000e+00 3.600000e-01 3.089646e-01 -1.183640e+00 1.321307e+00 -2.709182e-03
1.750000e+00 3.600000e-01 3.093447e-01 -2.258162e+00 1.297280e+00 -2.343914e-02
1.800000e+00 3.600000e-01 3.113085e-01 -2.252487e+00 1.269014e+00 -4.929236e-02
1.850000e+00 3.600000e-01 3.142740e-01 -1.463666e+00 1.253019e+00 -5.685542e-02
1.900000e+00 3.600000e-01 3.169940e-01 -7.550088e-01 1.249692e+00 -4.571986e-02
1.950000e+00 3.600000e-01 3.188460e-01 -6.141322e-01 1.249185e+00 -3.166327e-02
2.000000e+00 3.600000e-01 3.201603e-01 -9.071989e-01 1.242784e+00 -2.827185e-02
2.050000e+00 3.600000e-01 3.216731e-01 -1.241709e+00 1.228322e+00 -3.719148e-02
2.100000e+00 3.600000e-01 3.238795e-01 -1.353290e+00 1.208611e+00 -5.116481e-02
2.150000e+00 3.600000e-01 3.267896e-01 -1.213020e+00 1.187726e+00 -6.187194e-02
2.200000e+00 3.600000e-01 3.300667e-01 -9.312296e-01 1.168657e+00 -6.500361e-02
2.250000e+00 3.600000e-01 3.332900e-01 -6.315735e-01 1.152806e+00 -6.076030e-02
2.300000e+00 3.600000e-01 3.361427e-01 -3.872617e-01 1.140416e+00 -5.181589e-02
2.350000e+00 3.600000e-01 3.384716e-01 -2.184553e-01 1.131137e+00 -4.116832e-02
2.400000e+00 3.600000e-01 3.402595e-01 -1.148728e-01 1.124409e+00 -3.098404e-02
2.450000e+00 3.600000e-01 3.415700e-01 -5.686882e-02 1.119660e+00 -2.237854e-02
2.500000e+00 3.600000e-01 3.424974e-01 -2.670325e-02 1.116382e+00 -1.566815e-02
2.550000e+00 3.600000e-01 3.431368e-01 -1.196006e-02 1.114166e+00 -1.071639e-02
2.600000e+00 3.600000e-01 3.435690e-01 -5.132465e-03 1.112693e+00 -7.202086e-03
2.650000e+00 3.600000e-01 3.438570e-01 -2.119035e-03 1.111729e+00 -4.776662e-03
2.700000e+00 3.600000e-01 3.440467e-01 -8.462218e-04 1.111106e+00 -3.136215e-03
2.750000e+00 3.600000e-01 3.441706e-01 -3.302289e-04 1.110707e+00 -2.042942e-03
2.800000e+00 3.600000e-01 3.442510e-01 -1.290778e-04 1.110454e+00 -1.322269e-03
2.850000e+00 3.600000e-01 3.443028e-01 -5.361043e-05 1.110295e+00 -8.511639e-04
2.900000e+00 3.600000e-01 3.443361e-01 -2.638137e-05 1.110195e+00 -5.452360e-04
2.950000e+00 3.600000e-01 3.443574e-01 -1.696817e-05 1.110134e+00 -3.476676e-04
3.000000e+00 3.600000e-01 3.443709e-01 -1.388226e-05 1.110096e+00 -2.206987e-04
3.050000e+00 3.600000e-01 3.443794e-01 -1.294920e-05 1.110073e+00 -1.394706e-04
3.100000e+00 3.600000e-01 3.443848e-01 -1.271052e-05 1.110059e+00 -8.773368e-05
3.150000e+00 3.600000e-01 3.443882e-01 -1.267812e-05 1.110051e+00 -5.492683e-05
3.200000e+00 3.600000e-01 3.443903e-01 -1.269720e-05 1.110046e+00 -3.421879e-05
3.250000e+00 3.600000e-01 3.443916e-01 -1.272266e-05 1.110043e+00 -2.121026e-05
3.300000e+00 3.600000e-01 3.443924e-01 -1.274354e-05 1.110042e+00 -1.307985e-05
3.350000e+00 3.600000e-01 3.443929e-01 -1.275865e-05 1.110041e+00 -8.025587e-06
3.400000e+00 3.600000e-01 3.443932e-01 -1.276909e-05 1.110040e+00 -4.901446e-06
3.450000e+00 3.600000e-01 3.443934e-01 -1.277617e-05 1.110040e+00 -2.981822e-06
3.500000e+00 3.600000e-01 3.443935e-01 -1.278093e-05 1.110040e+00 -1.809496e-06
3.550000e+00 3.600000e-01 3.443936e-01 -1.278413e-05 1.110040e+00 -1.097860e-06
3.600000e+00 3.600000e-01 3.443937e-01 -1.278628e-05 1.110040e+00 -6.682805e-07
3.650000e+00 3.600000e-01 3.443937e-01 -1.278772e-05 1.110040e+00 -4.101214e-07
3.700000e+00 3.600000e-01 3.443937e-01 -1.278869e-05 1.110040e+00 -2.553422e-07
3.750000e+00 3.600000e-01 3.443937e-01 -1.278935e-05 1.110040e+00 -1.624248e-07
3.800000e+00 3.600000e-01 3.443937e-01 -1.278979e-05 1.110040e+00 -1.062553e-07
3.850000e+00 3.600000e-01 3.443937e-01 -1.279009e-05 1.110040e+00 -7.178759e-08
3.900000e+00 3.600000e-01 3.443937e-01 -1.279030e-05 1.110041e+00 -5.010115e-08
3.950000e+00 3.600000e-01 3.443937e-01 -1.279044e-05 1.110041e+00 -3.596512e-08
4.000000e+00 3.600000e-01 3.443937e-01 -1.279054e-05 1.110041e+00 -2.634532e-08
4.050000e+00 3.600000e-01 3.443937e-01 -1.279060e-05 1.110041e+00 -1.949799e-08
4.100000e+00 3.600000e-01 3.443937e-01 -1.279065e-05 1.110041e+00 -1.442588e-08
4.150000e+00 3.600000e-01 3.443937e-01 -1.279069e-05 1.110041e+00 -1.055623e-08
4.200000e+00 3.600000e-01 3.443937e-01 -1.279071e-05 1.110041e+00 -7.553070e-09
4.250000e+00 3.600000e-01 3.443937e-01 -1.279073e-05 1.110041e+00 -5.210155e-09
4.300000e+00 3.600000e-01 3.443937e-01 -1.279074e-05 1.110041e+00 -3.391292e-09
4.350000e+00 3.600000e-01 3.443937e-01 -1.279075e-05 1.110041e+00 -1.998160e-09
4.400000e+00 3.600000e-01 3.443937e-01 -1.279076e-05 1.110041e+00 -9.536022e-10
4.450000e+00 3.600000e-01 3.443937e-01 -1.279076e-05 1.110041e+00 -1.934097e-10
4.500000e+00 3.600000e-01 3.443937e-01 -1.279077e-05 1.110041e+00 3.375017e-10
4.550000e+00 3.600000e-01 3.443937e-01 -1.279077e-05 1.110041e+00 6.867712e-10
4.600000e+00 3.600000e-01 3.443937e-01 -1.279077e-05 1.110041e+00 8.953377e-10
4.650000e+00 3.600000e-01 3.443937e-01 -1.279077e-05 1.110041e+00 9.978718e-10
4.700000e+00 3.600000e-01 3.443937e-01 -1.279078e-05 1.110041e+00 1.023186e-09
4.750000e+00 3.600000e-01 3.443937e-01 -1.279078e-05 1.110041e+00 9.946960e-10
4.800000e+00 3.600000e-01 3.443937e-01 -1.279078e-05 1.110041e+00 9.309808e-10
4.850000e+00 3.600000e-01 3.443937e-01 -1.279078e-05 1.110041e+00 8.463896e-10
4.900000e+00 3.600000e-01 3.443937e-01 -1.279078e-05 1.110041e+00 7.516571e-10
4.950000e+00 3.600000e-01 3.443937e-01 -1.279078e-05 1.110041e+00 6.545359e-10
5.000000e+00 3.600000e-01 3.443937e-01 -1.279078e-05 1.110041e+00 5.603545e-10
5.050000e+00 3.600000e-01 3.443937e-01 -1.279078e-05 1.110041e+00 4.725415e-10
5.100000e+00 3.600000e-01 3.443937e-01 -1.279078e-05 1.110041e+00 3.930772e-10
5.150000e+00 3.600000e-01 3.443937e-01 -1.279078e-05 1.110041e+00 3.228706e-10
5.200000e+00 3.600000e-01 3.443937e-01 -1.279078e-05 1.110041e+00 2.620759e-10
5.250000e+00 3.600000e-01 3.443937e-01 -1.279078e-05 1.110041e+00 2.103367e-10
5.300000e+00 3.600000e-01 3.443937e-01 -1.279078e-05 1.110041e+00 1.669959e-10
5.350000e+00 3.600000e-01 3.443937e-01 -1.279078e-05 1.110041e+00 1.312372e-10
5.400000e+00 3.600000e-01 3.443937e-01 -1.279078e-05 1.110041e+00 1.021910e-10
5.450000e+00 3.600000e-01 3.443937e-01 -1.279078e-05 1.110041e+00 7.903067e-11
5.500000e+00 3.600000e-01 3.443937e-01 -1.279078e-05 1.110041e+00 6.102341e-11
5.550000e+00 3.600000e-01 3.443937e-01 -1.279078e-05 1.110041e+00 4.756917e-11
5.600000e+00 3.600000e-01 3.443937e-01 -1.279078e-05 1.110041e+00 3.824052e-11
5.650000e+00 3.600000e-01 3.443937e-01 -1.279078e-05 1.110041e+00 3.280209e-11
5.700000e+00 3.600000e-01 3.443937e-01 -1.279078e-05 1.110041e+00 3.124556e-11
5.750000e+00 3.600000e-01 3.443937e-01 -1.279078e-05 1.110041e+00 3.382183e-11
5.800000e+00 3.600000e-01 3.443937e-01 -1.279078e-05 1.110041e+00 4.108325e-11
5.850000e+00 3.600000e-01 3.443937e-01 -1.279078e-05 1.110041e+00 5.393852e-11
5.900000e+00 3.600000e-01 3.443937e-01 -1.279078e-05 1.110041e+00 7.373824e-11
5.950000e+00 3.600000e-01 3.443937e-01 -1.279078e-05 1.110041e+00 1.023792e-10
6.000000e+00 3.600000e-01 3.443937e-01 -1.279078e-05 1.110041e+00 1.424472e-10
6.050000e+00 3.600000e-01 3.443937e-01 -1.279078e-05 1.110041e+00 1.974054e-10
6.100000e+00 3.600000e-01 3.443937e-01 -1.279078e-05 1.110041e+00 2.718498e-10
6.150000e+00 3.600000e-01 3.443937e-01 -1.279078e-05 1.110041e+00 3.718398e-10
6.200000e+00 3.600000e-01 3.443937e-01 -1.279078e-05 1.110041e+00 5.053230e-10
6.250000e+00 3.600000e-01 3.443937e-01 -1.279078e-05 1.110041e+00 6.827100e-10
6.300000e+00 3.600000e-01 3.443937e-01 -1.279078e-05 1.110041e+00 9.176049e-10
6.350000e+00 3.600000e-01 3.443937e-01 -1.279078e-05 1.110041e+00 1.227757e-09
6.400000e+00 3.600000e-01 3.443937e-01 -1.279078e-05 1.110041e+00 1.636311e-09
6.450000e+00 3.600000e-01 3.443937e-01 -1.279078e-05 1.110041e+00 2.173420e-09
6.500000e+00 3.600000e-01 3.443937e-01 -1.279078e-05 1.110041e+00 2.878344e-09
6.550000e+00 3.600000e-01 3.443937e-01 -1.279078e-05 1.110041e+00 3.802169e-09
6.600000e+00 3.600000e-01 3.443937e-01 -1.279078e-05 1.110041e+00 5.011340e-09
6.650000e+00 3.600000e-01 3.443937e-01 -1.279078e-05 1.110041e+00 6.592242e-09
6.700000e+00 3.600000e-01 3.443937e-01 -1.279078e-05 1.110041e+00 8.657139e-09
6.750000e+00 3.600000e-01 3.443937e-01 -1.279078e-05 1.110041e+00 1.135188e-08
6.800000e+00 3.600000e-01 3.443937e-01 -1.279078e-05 1.110041e+00 1.486587e-08
6.850000e+00 3.600000e-01 3.443937e-01 -1.279078e-05 1.110041e+00 1.944500e-08
6.900000e+00 3.600000e-01 3.443937e-01 -1.279078e-05 1.110041e+00 2.540842e-08
6.950000e+00 3.600000e-01 3.443937e-01 -1.279079e-05 1.110041e+00 3.317024e-08
7.000000e+00 3.600000e-01 3.443937e-01 -1.279079e-05 1.110041e+00 4.326764e-08
7.050000e+00 3.600000e-01 3.443937e-01 -1.279079e-05 1.110041e+00 5.639727e-08
7.100000e+00 3.600000e-01 3.443937e-01 -1.279079e-05 1.110041e+00 7.346241e-08
7.150000e+00 3.600000e-01 3.443937e-01 -1.279080e-05 1.110041e+00 9.563392e-08
7.200000e+00 3.600000e-01 3.443937e-01 -1.279080e-05 1.110041e+00 1.244294e-07
7.250000e+00 3.600000e-01 3.443937e-01 -1.279082e-05 1.110041e+00 1.618147e-07
7.300000e+00 3.600000e-01 3.443937e-01 -1.279080e-05 1.110041e+00 2.103385e-07
7.350000e+00 3.600000e-01 3.443937e-01 -1.279092e-05 1.110041e+00 2.732949e-07
7.400000e+00 3.600000e-01 3.443937e-01 -1.279057e-05 1.110041e+00 3.549734e-07
7.450000e+00 3.600000e-01 3.443936e-01 -1.279178e-05 1.110041e+00 4.608504e-07
7.500000e+00 3.600000e-01 3.443936e-01 -1.278805e-05 1.110041e+00 5.982590e-07
7.550000e+00 3.600000e-01 3.443936e-01 -1.279960e-05 1.110041e+00 7.759458e-07
7.600000e+00 3.600000e-01 3.443935e-01 -1.276549e-05 1.110042e+00 1.007421e-06
7.650000e+00 3.600000e-01 3.443935e-01 -1.286343e-05 1.110042e+00 1.303935e-06
7.700000e+00 3.600000e-01 3.443934e-01 -1.259306e-05 1.110042e+00 1.697099e-06
7.750000e+00 3.600000e-01 3.443933e-01 -1.331286e-05 1.110043e+00 2.182823e-06
7.800000e+00 3.600000e-01 3.443932e-01 -1.147124e-05 1.110044e+00 2.869782e-06
7.850000e+00 3.600000e-01 3.443930e-01 -1.599619e-05 1.110045e+00 3.621410e-06
7.900000e+00 3.600000e-01 3.443928e-01 -5.345012e-06 1.110046e+00 4.906049e-06
7.950000e+00 3.600000e-01 3.443925e-01 -2.931713e-05 1.110048e+00 5.895550e-06
8.000000e+00 3.600000e-01 3.443922e-01 2.212982e-05 1.110048e+00 8.553927e-06
8.050000e+00 3.600000e-01 3.443917e-01 -8.284505e-05 1.110055e+00 9.324231e-06
8.100000e+00 3.600000e-01 3.443913e-01 1.200663e-04 1.110051e+00 1.517824e-05
8.150000e+00 3.600000e-01 3.443902e-01 -2.499003e-04 1.110068e+00 1.449015e-05
8.200000e+00 3.600000e-01 3.443899e-01 3.830186e-04 1.110052e+00 2.658616e-05
8.250000e+00 3.600000e-01 3.443875e-01 -6.262361e-04 1.110094e+00 2.358318e-05
8.300000e+00 3.600000e-01 3.443875e-01 8.612806e-04 1.110054e+00 4.361990e-05
8.350000e+00 3.600000e-01 3.443831e-01 -1.143122e-03 1.110133e+00 4.304488e-05
8.400000e+00 3.600000e-01 3.443832e-01 1.290903e-03 1.110067e+00 6.568671e-05
8.450000e+00 3.600000e-01 3.443766e-01 -1.323905e-03 1.110178e+00 8.207729e-05
8.500000e+00 3.600000e-01 3.443750e-01 1.111208e-03 1.110117e+00 9.993661e-05
8.550000e+00 3.600000e-01 3.443666e-01 -8.528044e-04 1.110228e+00 1.405939e-04
8.600000e+00 3.600000e-01 3.443609e-01 6.926814e-04 1.110207e+00 1.749839e-04
8.650000e+00 3.600000e-01 3.443491e-01 -1.023714e-03 1.110336e+00 2.148964e-04
8.700000e+00 3.600000e-01 3.443394e-01 1.825845e-03 1.110308e+00 3.117859e-04
8.750000e+00 3.600000e-01 3.443179e-01 -2.823560e-03 1.110558e+00 3.579156e-04
8.800000e+00 3.600000e-01 3.443036e-01 3.132099e-03 1.110486e+00 4.863120e-04
8.850000e+00 3.600000e-01 3.442693e-01 -2.268919e-03 1.110844e+00 6.505806e-04
8.900000e+00 3.600000e-01 3.442386e-01 6.058725e-04 1.110904e+00 7.804018e-04
8.950000e+00 3.600000e-01 3.441912e-01 4.734415e-05 1.111266e+00 1.041821e-03
9.000000e+00 3.600000e-01 3.441344e-01 1.739461e-03 1.111498e+00 1.397851e-03
9.050000e+00 3.600000e-01 3.440514e-01 -5.152617e-03 1.112171e+00 1.676587e-03
9.100000e+00 3.600000e-01 3.439667e-01 6.356034e-03 1.112401e+00 2.238678e-03
9.150000e+00 3.600000e-01 3.438276e-01 -2.696899e-03 1.113474e+00 2.977908e-03
9.200000e+00 3.600000e-01 3.436690e-01 -2.661086e-03 1.114247e+00 3.658853e-03
9.250000e+00 3.600000e-01 3.434617e-01 1.771527e-03 1.115570e+00 4.740204e-03
9.300000e+00 3.600000e-01 3.431949e-01 7.060447e-03 1.116919e+00 6.376565e-03
9.350000e+00 3.600000e-01 3.428240e-01 -1.260649e-02 1.119454e+00 7.995650e-03
9.400000e+00 3.600000e-01 3.423954e-01 3.242058e-03 1.121598e+00 1.014048e-02
9.450000e+00 3.600000e-01 3.418100e-01 1.032159e-02 1.125201e+00 1.353837e-02
9.500000e+00 3.600000e-01 3.410415e-01 -3.574494e-03 1.129461e+00 1.759601e-02
9.550000e+00 3.600000e-01 3.400504e-01 -1.895688e-02 1.135519e+00 2.221129e-02
9.600000e+00 3.600000e-01 3.388204e-01 1.657063e-02 1.142127e+00 2.902503e-02
9.650000e+00 3.600000e-01 3.371479e-01 1.587022e-02 1.151795e+00 3.867344e-02
9.700000e+00 3.600000e-01 3.349531e-01 -1.841175e-02 1.163726e+00 5.040345e-02
9.750000e+00 3.600000e-01 3.321075e-01 -2.321015e-02 1.179839e+00 6.554143e-02
9.800000e+00 3.600000e-01 3.283989e-01 2.499729e-02 1.199663e+00 8.733006e-02
9.850000e+00 3.600000e-01 3.233745e-01 2.031373e-02 1.226575e+00 1.177063e-01
9.900000e+00 3.600000e-01 3.166283e-01 -1.348191e-02 1.262340e+00 1.581071e-01
9.950000e+00 3.600000e-01 3.075638e-01 -1.026331e-02 1.312000e+00 2.128429e-01
1.000000e+01 3.600000e-01 2.953440e-01 -1.110787e-02 0.000000e+00 0.000000e+00
0.000000e+00 3.800000e-01 3.233040e-01 -1.440000e+00 0.000000e+00 0.000000e+00
5.000000e-02 3.800000e-01 3.235860e-01 -7.045373e-01 1.423819e+00 7.675954e-03
1.000000e-01 3.800000e-01 3.225364e-01 -1.681514e+00 1.426128e+00 2.052374e-02
1.500000e-01 3.800000e-01 3.215336e-01 -3.764453e+00 1.383661e+00 -1.366744e-02
2.000000e-01 3.800000e-01 3.239031e-01 -1.195080e+00 1.376813e+00 -4.503874e-02
2.500000e-01 3.800000e-01 3.260375e-01 2.399564e+00 1.452745e+00 1.250127e-02
3.000000e-01 3.800000e-01 3.226530e-01 -1.360348e+00 1.472134e+00 7.081098e-02
3.500000e-01 3.800000e-01 3.189564e-01 -6.873056e+00 1.367623e+00 6.314544e-05
4.000000e-01 3.800000e-01 3.226467e-01 -2.853964e+00 1.320437e+00 -8.956522e-02
4.500000e-01 3.800000e-01 3.279129e-01 4.686284e+00 1.440924e+00 -1.888437e-02
5.000000e-01 3.800000e-01 3.245351e-01 1.197421e+00 1.519376e+00 1.033550e-01
5.500000e-01 3.800000e-01 3.175774e-01 -8.054355e+00 1.401962e+00 5.178479e-02
6.000000e-01 3.800000e-01 3.193567e-01 -6.953082e+00 1.278214e+00 -9.877912e-02
6.500000e-01 3.800000e-01 3.274554e-01 3.577347e+00 1.368184e+00 -8.479494e-02
7.000000e-01 3.800000e-01 3.278362e-01 5.002605e+00 1.519990e+00 7.612227e-02
7.500000e-01 3.800000e-01 3.198431e-01 -4.929402e+00 1.477595e+00 1.104298e-01
8.000000e-01 3.800000e-01 3.167932e-01 -9.983618e+00 1.312041e+00 -3.992442e-02
8.500000e-01 3.800000e-01 3.238356e-01 -2.086742e+00 1.287217e+00 -1.271435e-01
9.000000e-01 3.800000e-01 3.295075e-01 5.601886e+00 1.434197e+00 -1.550818e-02
9.500000e-01 3.800000e-01 3.253864e-01 1.048980e+00 1.510219e+00 1.044371e-01
1.000000e+00 3.800000e-01 3.190638e-01 -7.370657e+00 1.412039e+00 4.785977e-02
1.050000e+00 3.800000e-01 3.206004e-01 -7.186531e+00 1.298045e+00 -8.433188e-02
1.100000e+00 3.800000e-01 3.274970e-01 4.459022e-01 1.328516e+00 -9.162670e-02
1.150000e+00 3.800000e-01 3.297631e-01 3.606267e+00 1.436179e+00 1.786552e-02
1.200000e+00 3.800000e-01 3.257105e-01 -1.118172e+00 1.459126e+00 7.052895e-02
1.250000e+00 3.800000e-01 3.227102e-01 -5.799229e+00 1.381993e+00 2.783970e-03
1.300000e+00 3.800000e-01 3.254321e-01 -4.443387e+00 1.317870e+00 -7.495286e-02
1.350000e+00 3.800000e-01 3.302055e-01 7.490598e-02 1.338523e+00 -6.051411e-02
1.400000e+00 3.800000e-01 3.314835e-01 1.460229e+00 1.393673e+00 7.451657e-03
1.450000e+00 3.800000e-01 3.294603e-01 -1.060324e+00 1.404121e+00 3.080033e-02
1.500000e+00 3.800000e-01 3.284034e-01 -3.428690e+00 1.363802e+00 -1.037289e-02
1.550000e+00 3.800000e-01 3.304976e-01 -2.983334e+00 1.323259e+00 -5.427586e-02
1.600000e+00 3.800000e-01 3.338310e-01 -9.376799e-01 1.317802e+00 -5.144636e-02
1.650000e+00 3.800000e-01 3.356422e-01 1.051415e-01 1.334834e+00 -1.814258e-02
1.700000e+00 3.800000e-01 3.356453e-01 -5.706579e-01 1.342339e+00 7.404859e-05
1.750000e+00 3.800000e-01 3.356348e-01 -1.694233e+00 1.327379e+00 -1.388345e-02
1.800000e+00 3.800000e-01 3.370336e-01 -2.012934e+00 1.301062e+00 -3.975441e-02
1.850000e+00 3.800000e-01 3.396103e-01 -1.459893e+00 1.279775e+00 -5.158521e-02
1.900000e+00 3.800000e-01 3.421921e-01 -7.620596e-01 1.269604e+00 -4.393021e-02
1.950000e+00 3.800000e-01 3.440033e-01 -5.018912e-01 1.265469e+00 -3.005795e-02
2.000000e+00 3.800000e-01 3.451979e-01 -6.905331e-01 1.259279e+00 -2.438926e-02
2.050000e+00 3.800000e-01 3.464422e-01 -1.000140e+00 1.246674e+00 -3.066210e-02
2.100000e+00 3.800000e-01 3.482642e-01 -1.150360e+00 1.228120e+00 -4.304749e-02
2.150000e+00 3.800000e-01 3.507470e-01 -1.071165e+00 1.206637e+00 -5.353015e-02
2.200000e+00 3.800000e-01 3.536172e-01 -8.440725e-01 1.185390e+00 -5.743320e-02
2.250000e+00 3.800000e-01 3.564903e-01 -5.827652e-01 1.166523e+00 -5.444598e-02
2.300000e+00 3.800000e-01 3.590618e-01 -3.617015e-01 1.151004e+00 -4.685453e-02
2.350000e+00 3.800000e-01 3.611757e-01 -2.057152e-01 1.138944e+00 -3.743938e-02
2.400000e+00 3.800000e-01 3.628057e-01 -1.087619e-01 1.129974e+00 -2.827724e-02
2.450000e+00 3.800000e-01 3.640035e-01 -5.403118e-02 1.123528e+00 -2.046868e-02
2.500000e+00 3.800000e-01 3.648526e-01 -2.542391e-02 1.119024e+00 -1.435206e-02
2.550000e+00 3.800000e-01 3.654387e-01 -1.139884e-02 1.115947e+00 -9.827232e-03
2.600000e+00 3.800000e-01 3.658353e-01 -4.891701e-03 1.113882e+00 -6.611160e-03
2.650000e+00 3.800000e-01 3.660998e-01 -2.016514e-03 1.112516e+00 -4.389241e-03
2.700000e+00 3.800000e-01 3.662742e-01 -8.011658e-04 1.111624e+00 -2.885045e-03
2.750000e+00 3.800000e-01 3.663883e-01 -3.080695e-04 1.111046e+00 -1.881612e-03
2.800000e+00 3.800000e-01 3.664624e-01 -1.155768e-04 1.110675e+00 -1.219462e-03
2.850000e+00 3.800000e-01 3.665102e-01 -4.315076e-05 1.110439e+00 -7.861068e-04
2.900000e+00 3.800000e-01 3.665410e-01 -1.685966e-05 1.110288e+00 -5.043360e-04
2.950000e+00 3.800000e-01 3.665607e-01 -7.651602e-06 1.110194e+00 -3.221213e-04
3.000000e+00 3.800000e-01 3.665732e-01 -4.545546e-06 1.110135e+00 -2.048515e-04
3.050000e+00 3.800000e-01 3.665812e-01 -3.542117e-06 1.110098e+00 -1.297144e-04
3.100000e+00 3.800000e-01 3.665862e-01 -3.236358e-06 1.110075e+00 -8.177991e-05
3.150000e+00 3.800000e-01 3.665893e-01 -3.152203e-06 1.110061e+00 -5.133147e-05
3.200000e+00 3.800000e-01 3.665913e-01 -3.134350e-06 1.110052e+00 -3.207560e-05
3.250000e+00 3.800000e-01 3.665925e-01 -3.134325e-06 1.110047e+00 -1.995370e-05
3.300000e+00 3.800000e-01 3.665933e-01 -3.137902e-06 1.110044e+00 -1.235917e-05
3.350000e+00 3.800000e-01 3.665938e-01 -3.141351e-06 1.110043e+00 -7.624755e-06
3.400000e+00 3.800000e-01 3.665941e-01 -3.143963e-06 1.110042e+00 -4.688523e-06
3.450000e+00 3.800000e-01 3.665942e-01 -3.145798e-06 1.110041e+00 -2.877012e-06
3.500000e+00 3.800000e-01 3.665944e-01 -3.147052e-06 1.110041e+00 -1.765122e-06
3.550000e+00 3.800000e-01 3.665944e-01 -3.147899e-06 1.110041e+00 -1.085868e-06
3.600000e+00 3.800000e-01 3.665945e-01 -3.148470e-06 1.110041e+00 -6.724872e-07
3.650000e+00 3.800000e-01 3.665945e-01 -3.148855e-06 1.110041e+00 -4.214418e-07
3.700000e+00 3.800000e-01 3.665945e-01 -3.149114e-06 1.110041e+00 -2.688732e-07
3.750000e+00 3.800000e-01 3.665945e-01 -3.149289e-06 1.110041e+00 -1.756799e-07
3.800000e+00 3.800000e-01 3.665945e-01 -3.149408e-06 1.110041e+00 -1.181087e-07
3.850000e+00 3.800000e-01 3.665945e-01 -3.149489e-06 1.110041e+00 -8.185245e-08
3.900000e+00 3.800000e-01 3.665945e-01 -3.149545e-06 1.110041e+00 -5.836941e-08
3.950000e+00 3.800000e-01 3.665945e-01 -3.149583e-06 1.110041e+00 -4.260439e-08
4.000000e+00 3.800000e-01 3.665945e-01 -3.149610e-06 1.110041e+00 -3.158812e-08
4.050000e+00 3.800000e-01 3.665945e-01 -3.149628e-06 1.110041e+00 -2.358454e-08
4.100000e+00 3.800000e-01 3.665945e-01 -3.149642e-06 1.110041e+00 -1.757713e-08
4.150000e+00 3.800000e-01 3.665945e-01 -3.149651e-06 1.110041e+00 -1.296325e-08
4.200000e+00 3.800000e-01 3.665945e-01 -3.149658e-06 1.110041e+00 -9.375205e-09
4.250000e+00 3.800000e-01 3.665945e-01 -3.149663e-06 1.110041e+00 -6.577113e-09
4.300000e+00 3.800000e-01 3.665945e-01 -3.149666e-06 1.110041e+00 -4.406970e-09
4.350000e+00 3.800000e-01 3.665945e-01 -3.149669e-06 1.110041e+00 -2.744807e-09
4.400000e+00 3.800000e-01 3.665945e-01 -3.149671e-06 1.110041e+00 -1.495764e-09
4.450000e+00 3.800000e-01 3.665945e-01 -3.149672e-06 1.110041e+00 -5.813766e-10
4.500000e+00 3.800000e-01 3.665945e-01 -3.149673e-06 1.110041e+00 6.479262e-11
4.550000e+00 3.800000e-01 3.665945e-01 -3.149674e-06 1.110041e+00 4.993583e-10
4.600000e+00 3.800000e-01 3.665945e-01 -3.149674e-06 1.110041e+00 7.703099e-10
4.650000e+00 3.800000e-01 3.665945e-01 -3.149675e-06 1.110041e+00 9.178369e-10
4.700000e+00 3.800000e-01 3.665945e-01 -3.149675e-06 1.110041e+00 9.750395e-10
4.750000e+00 3.800000e-01 3.665945e-01 -3.149675e-06 1.110041e+00 9.686635e-10
4.800000e+00 3.800000e-01 3.665945e-01 -3.149676e-06 1.110041e+00 9.198547e-10
4.850000e+00 3.800000e-01 3.665945e-01 -3.149676e-06 1.110041e+00 8.449186e-10
4.900000e+00 3.800000e-01 3.665945e-01 -3.149676e-06 1.110041e+00 7.560852e-10
4.950000e+00 3.800000e-01 3.665945e-01 -3.149676e-06 1.110041e+00 6.622292e-10
5.000000e+00 3.800000e-01 3.665945e-01 -3.149676e-06 1.110041e+00 5.695105e-10
5.050000e+00 3.800000e-01 3.665945e-01 -3.149676e-06 1.110041e+00 4.819689e-10
5.100000e+00 3.800000e-01 3.665945e-01 -3.149676e-06 1.110041e+00 4.020284e-10
5.150000e+00 3.800000e-01 3.665945e-01 -3.149676e-06 1.110041e+00 3.309053e-10
5.200000e+00 3.800000e-01 3.665945e-01 -3.149676e-06 1.110041e+00 2.689649e-10
5.250000e+00 3.800000e-01 3.665945e-01 -3.149676e-06 1.110041e+00 2.159894e-10
5.300000e+00 3.800000e-01 3.665945e-01 -3.149676e-06 1.110041e+00 1.714012e-10
5.350000e+00 3.800000e-01 3.665945e-01 -3.149676e-06 1.110041e+00 1.344241e-10
5.400000e+00 3.800000e-01 3.665945e-01 -3.149676e-06 1.110041e+00 1.042005e-10
5.450000e+00 3.800000e-01 3.665945e-01 -3.149676e-06 1.110041e+00 7.989442e-11
5.500000e+00 3.800000e-01 3.665945e-01 -3.149676e-06 1.110041e+00 6.074308e-11
5.550000e+00 3.800000e-01 3.665945e-01 -3.149676e-06 1.110041e+00 4.610312e-11
5.600000e+00 3.800000e-01 3.665945e-01 -3.149676e-06 1.110041e+00 3.548883e-11
5.650000e+00 3.800000e-01 3.665945e-01 -3.149676e-06 1.110041e+00 2.859379e-11
5.700000e+00 3.800000e-01 3.665945e-01 -3.149676e-06 1.110041e+00 2.532030e-11
5.750000e+00 3.800000e-01 3.665945e-01 -3.149676e-06 1.110041e+00 2.580991e-11
5.800000e+00 3.800000e-01 3.665945e-01 -3.149676e-06 1.110041e+00 3.047729e-11
5.850000e+00 3.800000e-01 3.665945e-01 -3.149676e-06 1.110041e+00 4.005574e-11
5.900000e+00 3.800000e-01 3.665945e-01 -3.149676e-06 1.110041e+00 5.567491e-11
5.950000e+00 3.800000e-01 3.665945e-01 -3.149676e-06 1.110041e+00 7.895073e-11
6.000000e+00 3.800000e-01 3.665945e-01 -3.149676e-06 1.110041e+00 1.121031e-10
6.050000e+00 3.800000e-01 3.665945e-01 -3.149676e-06 1.110041e+00 1.581246e-10
6.100000e+00 3.800000e-01 3.665945e-01 -3.149676e-06 1.110041e+00 2.210060e-10
6.150000e+00 3.800000e-01 3.665945e-01 -3.149676e-06 1.110041e+00 3.060152e-10
6.200000e+00 3.800000e-01 3.665945e-01 -3.149676e-06 1.110041e+00 4.200790e-10
6.250000e+00 3.800000e-01 3.665945e-01 -3.149676e-06 1.110041e+00 5.722867e-10
6.300000e+00 3.800000e-01 3.665945e-01 -3.149676e-06 1.110041e+00 7.745177e-10
6.350000e+00 3.800000e-01 3.665945e-01 -3.149676e-06 1.110041e+00 1.042288e-09
6.400000e+00 3.800000e-01 3.665945e-01 -3.149676e-06 1.110041e+00 1.395851e-09
6.450000e+00 3.800000e-01 3.665945e-01 -3.149676e-06 1.110041e+00 1.861589e-09
6.500000e+00 3.800000e-01 3.665945e-01 -3.149676e-06 1.110041e+00 2.473883e-09
6.550000e+00 3.800000e-01 3.665945e-01 -3.149676e-06 1.110041e+00 3.277486e-09
6.600000e+00 3.800000e-01 3.665945e-01 -3.149676e-06 1.110041e+00 4.330615e-09
6.650000e+00 3.800000e-01 3.665945e-01 -3.149676e-06 1.110041e+00 5.708983e-09
6.700000e+00 3.800000e-01 3.665945e-01 -3.149677e-06 1.110041e+00 7.511010e-09
6.750000e+00 3.800000e-01 3.665945e-01 -3.149677e-06 1.110041e+00 9.864581e-09
6.800000e+00 3.800000e-01 3.665945e-01 -3.149677e-06 1.110041e+00 1.293580e-08
6.850000e+00 3.800000e-01 3.665945e-01 -3.149677e-06 1.110041e+00 1.694034e-08
6.900000e+00 3.800000e-01 3.665945e-01 -3.149677e-06 1.110041e+00 2.215817e-08
6.950000e+00 3.800000e-01 3.665945e-01 -3.149678e-06 1.110041e+00 2.895258e-08
7.000000e+00 3.800000e-01 3.665945e-01 -3.149678e-06 1.110041e+00 3.779487e-08
7.050000e+00 3.800000e-01 3.665945e-01 -3.149679e-06 1.110041e+00 4.929629e-08
7.100000e+00 3.800000e-01 3.665945e-01 -3.149680e-06 1.110041e+00 6.424943e-08
7.150000e+00 3.800000e-01 3.665945e-01 -3.149681e-06 1.110041e+00 8.368175e-08
7.200000e+00 3.800000e-01 3.665945e-01 -3.149681e-06 1.110041e+00 1.089249e-07
7.250000e+00 3.800000e-01 3.665945e-01 -3.149686e-06 1.110041e+00 1.417042e-07
7.300000e+00 3.800000e-01 3.665945e-01 -3.149677e-06 1.110041e+00 1.842557e-07
7.350000e+00 3.800000e-01 3.665945e-01 -3.149719e-06 1.110041e+00 2.394723e-07
7.400000e+00 3.800000e-01 3.665945e-01 -3.149590e-06 1.110041e+00 3.111113e-07
7.450000e+00 3.800000e-01 3.665945e-01 -3.150037e-06 1.110041e+00 4.040014e-07
7.500000e+00 3.800000e-01 3.665944e-01 -3.148624e-06 1.110042e+00 5.245072e-07
7.550000e+00 3.800000e-01 3.665944e-01 -3.153044e-06 1.110042e+00 6.805162e-07
7.600000e+00 3.800000e-01 3.665944e-01 -3.139808e-06 1.110042e+00 8.832745e-07
7.650000e+00 3.800000e-01 3.665943e-01 -3.178239e-06 1.110042e+00 1.144349e-06
7.700000e+00 3.800000e-01 3.665943e-01 -3.070821e-06 1.110043e+00 1.486951e-06
7.750000e+00 3.800000e-01 3.665942e-01 -3.360229e-06 1.110044e+00 1.919134e-06
7.800000e+00 3.800000e-01 3.665941e-01 -2.610673e-06 1.110044e+00 2.507534e-06
7.850000e+00 3.800000e-01 3.665939e-01 -4.474780e-06 1.110045e+00 3.200227e-06
7.900000e+00 3.800000e-01 3.665937e-01 -3.318757e-08 1.110047e+00 4.254738e-06
7.950000e+00 3.800000e-01 3.665935e-01 -1.015142e-05 1.110049e+00 5.274828e-06
8.000000e+00 3.800000e-01 3.665932e-01 1.182739e-05 1.110050e+00 7.307768e-06
8.050000e+00 3.800000e-01 3.665928e-01 -3.355967e-05 1.110055e+00 8.541549e-06
8.100000e+00 3.800000e-01 3.665924e-01 5.521626e-05 1.110055e+00 1.270660e-05
8.150000e+00 3.800000e-01 3.665915e-01 -1.085360e-04 1.110067e+00 1.367520e-05
8.200000e+00 3.800000e-01 3.665910e-01 1.747612e-04 1.110061e+00 2.195345e-05
8.250000e+00 3.800000e-01 3.665893e-01 -2.817889e-04 1.110088e+00 2.245107e-05
8.300000e+00 3.800000e-01 3.665888e-01 3.975451e-04 1.110069e+00 3.634298e-05
8.350000e+00 3.800000e-01 3.665857e-01 -5.248880e-04 1.110123e+00 3.945866e-05
8.400000e+00 3.800000e-01 3.665848e-01 6.000092e-04 1.110091e+00 5.673461e-05
8.450000e+00 3.800000e-01 3.665800e-01 -6.052626e-04 1.110168e+00 7.174412e-05
8.500000e+00 3.800000e-01 3.665776e-01 4.976644e-04 1.110144e+00 8.895974e-05
8.550000e+00 3.800000e-01 3.665711e-01 -3.477589e-04 1.110227e+00 1.221347e-04
8.600000e+00 3.800000e-01 3.665654e-01 2.550166e-04 1.110238e+00 1.530330e-04
8.650000e+00 3.800000e-01 3.665558e-01 -3.997450e-04 1.110339e+00 1.920154e-04
8.700000e+00 3.800000e-01 3.665462e-01 8.110764e-04 1.110363e+00 2.677938e-04
8.750000e+00 3.800000e-01 3.665290e-01 -1.324049e-03 1.110558e+00 3.188674e-04
8.800000e+00 3.800000e-01 3.665143e-01 1.490027e-03 1.110573e+00 4.266855e-04
8.850000e+00 3.800000e-01 3.664863e-01 -9.918910e-04 1.110868e+00 5.651436e-04
8.900000e+00 3.800000e-01 3.664578e-01 3.677994e-05 1.111008e+00 6.905895e-04
8.950000e+00 3.800000e-01 3.664173e-01 3.943069e-04 1.111341e+00 9.161465e-04
9.000000e+00 3.800000e-01 3.663662e-01 5.976798e-04 1.111664e+00 1.213798e-03
9.050000e+00 3.800000e-01 3.662959e-01 -2.575329e-03 1.112277e+00 1.483832e-03
9.100000e+00 3.800000e-01 3.662178e-01 3.310747e-03 1.112682e+00 1.965710e-03
9.150000e+00 3.800000e-01 3.660993e-01 -1.050936e-03 1.113695e+00 2.596376e-03
9.200000e+00 3.800000e-01 3.659582e-01 -2.361148e-03 1.114640e+00 3.220195e-03
9.250000e+00 3.800000e-01 3.657773e-01 1.923140e-03 1.115980e+00 4.176043e-03
9.300000e+00 3.800000e-01 3.655406e-01 3.809130e-03 1.117590e+00 5.570625e-03
9.350000e+00 3.800000e-01 3.652203e-01 -7.611125e-03 1.120132e+00 7.018457e-03
9.400000e+00 3.800000e-01 3.648387e-01 1.286993e-03 1.122660e+00 8.934307e-03
9.450000e+00 3.800000e-01 3.643268e-01 8.538452e-03 1.126426e+00 1.188862e-02
9.500000e+00 3.800000e-01 3.636499e-01 -4.068471e-03 1.131238e+00 1.543763e-02
9.550000e+00 3.800000e-01 3.627831e-01 -1.306582e-02 1.137629e+00 1.955466e-02
9.600000e+00 3.800000e-01 3.616944e-01 1.253213e-02 1.145081e+00 2.559757e-02
9.650000e+00 3.800000e-01 3.602233e-01 1.343377e-02 1.155550e+00 3.410365e-02
9.700000e+00 3.800000e-01 3.582840e-01 -1.841436e-02 1.169031e+00 4.446523e-02
9.750000e+00 3.800000e-01 3.557768e-01 -1.667519e-02 1.186683e+00 5.792399e-02
9.800000e+00 3.800000e-01 3.524916e-01 2.435121e-02 1.209029e+00 7.735942e-02
9.850000e+00 3.800000e-01 3.480408e-01 1.564311e-02 1.239322e+00 1.042770e-01
9.900000e+00 3.800000e-01 3.420639e-01 -1.616536e-02 1.280084e+00 1.398274e-01
9.950000e+00 3.800000e-01 3.340581e-01 -8.376935e-03 1.335777e+00 1.875994e-01
1.000000e+01 3.800000e-01 3.233040e-01 -1.045765e-02 0.000000e+00 0.000000e+00
0.000000e+00 4.000000e-01 3.518400e-01 -1.200000e+00 0.000000e+00 0.000000e+00
5.000000e-02 4.000000e-01 3.523249e-01 -4.005918e-01 1.445806e+00 3.688664e-03
1.000000e-01 4.000000e-01 3.514711e-01 -4.679233e-01 1.460115e+00 2.675826e-02
1.500000e-01 4.000000e-01 3.496491e-01 -3.640702e+00 1.429269e+00 -5.879431e-04
2.000000e-01 4.000000e-01 3.515299e-01 -2.961348e+00 1.394439e+00 -5.455957e-02
2.500000e-01 4.000000e-01 3.551050e-01 2.586990e+00 1.447532e+00 -1.113187e-02
3.000000e-01 4.000000e-01 3.526431e-01 1.749847e+00 1.507901e+00 8.033655e-02
3.500000e-01 4.000000e-01 3.470714e-01 -6.061117e+00 1.443796e+00 3.481787e-02
4.000000e-01 4.000000e-01 3.491613e-01 -6.323259e+00 1.351903e+00 -9.379611e-02
4.500000e-01 4.000000e-01 3.564510e-01 3.333870e+00 1.414211e+00 -6.181014e-02
5.000000e-01 4.000000e-01 3.553423e-01 5.112035e+00 1.534909e+00 9.774953e-02
5.500000e-01 4.000000e-01 3.466760e-01 -5.214774e+00 1.495608e+00 9.920355e-02
6.000000e-01 4.000000e-01 3.454220e-01 -1.013198e+01 1.351486e+00 -7.776869e-02
6.500000e-01 4.000000e-01 3.544529e-01 -3.084324e-01 1.350539e+00 -1.279251e-01
7.000000e-01 4.000000e-01 3.582145e-01 7.183628e+00 1.499143e+00 4.106830e-02
7.500000e-01 4.000000e-01 3.503461e-01 -3.632349e-01 1.545970e+00 1.415674e-01
8.000000e-01 4.000000e-01 3.440578e-01 -1.005238e+01 1.419526e+00 6.745376e-03
8.500000e-01 4.000000e-01 3.496715e-01 -6.422495e+00 1.323194e+00 -1.380147e-01
9.000000e-01 4.000000e-01 3.578592e-01 4.154896e+00 1.405314e+00 -6.259439e-02
9.500000e-01 4.000000e-01 3.559310e-01 4.410130e+00 1.520904e+00 9.551462e-02
1.000000e+00 4.000000e-01 3.483078e-01 -4.419169e+00 1.495130e+00 8.628900e-02
1.050000e+00 4.000000e-01 3.473021e-01 -8.341485e+00 1.380838e+00 -5.775118e-02
1.100000e+00 4.000000e-01 3.540829e-01 -2.362920e+00 1.346349e+00 -1.107188e-01
1.150000e+00 4.000000e-01 3.583739e-01 3.542762e+00 1.422779e+00 -1.199761e-02
1.200000e+00 4.000000e-01 3.552826e-01 1.325255e+00 1.481326e+00 7.277738e-02
1.250000e+00 4.000000e-01 3.510962e-01 -4.113889e+00 1.445524e+00 2.951154e-02
1.300000e+00 4.000000e-01 3.523315e-01 -5.003047e+00 1.375025e+00 -6.008707e-02
1.350000e+00 4.000000e-01 3.571049e-01 -1.162341e+00 1.358130e+00 -7.058916e-02
1.400000e+00 4.000000e-01 3.593904e-01 1.508414e+00 1.395619e+00 -7.011609e-03
1.450000e+00 4.000000e-01 3.578061e-01 1.422543e-01 1.421941e+00 3.247762e-02
1.500000e+00 4.000000e-01 3.561426e-01 -2.419117e+00 1.402717e+00 4.235503e-03
1.550000e+00 4.000000e-01 3.573825e-01 -2.858673e+00 1.363307e+00 -4.280596e-02
1.600000e+00 4.000000e-01 3.604232e-01 -1.265728e+00 1.342522e+00 -5.084658e-02
1.650000e+00 4.000000e-01 3.624672e-01 4.754810e-02 1.347394e+00 -2.234895e-02
1.700000e+00 4.000000e-01 3.626581e-01 -1.780582e-01 1.355990e+00 2.731108e-04
1.750000e+00 4.000000e-01 3.624399e-01 -1.168360e+00 1.349185e+00 -6.928113e-03
1.800000e+00 4.000000e-01 3.633509e-01 -1.669315e+00 1.327670e+00 -3.025076e-02
1.850000e+00 4.000000e-01 3.654649e-01 -1.346039e+00 1.304108e+00 -4.427235e-02
1.900000e+00 4.000000e-01 3.677782e-01 -7.347219e-01 1.288123e+00 -3.999779e-02
1.950000e+00 4.000000e-01 3.694647e-01 -4.206317e-01 1.279676e+00 -2.753334e-02
2.000000e+00 4.000000e-01 3.705315e-01 -5.192189e-01 1.272644e+00 -2.075363e-02
2.050000e+00 4.000000e-01 3.715401e-01 -7.824656e-01 1.261403e+00 -2.472790e-02
2.100000e+00 4.000000e-01 3.730043e-01 -9.441223e-01 1.244206e+00 -3.514993e-02
2.150000e+00 4.000000e-01 3.750551e-01 -9.099744e-01 1.222718e+00 -4.477995e-02
2.200000e+00 4.000000e-01 3.774823e-01 -7.342049e-01 1.199971e+00 -4.895820e-02
2.250000e+00 4.000000e-01 3.799509e-01 -5.151588e-01 1.178676e+00 -4.700564e-02
2.300000e+00 4.000000e-01 3.821829e-01 -3.232776e-01 1.160481e+00 -4.078427e-02
2.350000e+00 4.000000e-01 3.840293e-01 -1.852358e-01 1.145971e+00 -3.275626e-02
2.400000e+00 4.000000e-01 3.854585e-01 -9.842205e-02 1.134994e+00 -2.481777e-02
2.450000e+00 4.000000e-01 3.865111e-01 -4.905294e-02 1.127020e+00 -1.799879e-02
2.500000e+00 4.000000e-01 3.872584e-01 -2.312814e-02 1.121408e+00 -1.263553e-02
2.550000e+00 4.000000e-01 3.877747e-01 -1.038151e-02 1.117552e+00 -8.659406e-03
2.600000e+00 4.000000e-01 3.881243e-01 -4.457290e-03 1.114953e+00 -5.829899e-03
2.650000e+00 4.000000e-01 3.883576e-01 -1.837086e-03 1.113225e+00 -3.873500e-03
2.700000e+00 4.000000e-01 3.885117e-01 -7.289335e-04 1.112091e+00 -2.548175e-03
2.750000e+00 4.000000e-01 3.886125e-01 -2.791911e-04 1.111352e+00 -1.663458e-03
2.800000e+00 4.000000e-01 3.886780e-01 -1.035680e-04 1.110875e+00 -1.079194e-03
2.850000e+00 4.000000e-01 3.887204e-01 -3.744864e-05 1.110568e+00 -6.964768e-04
2.900000e+00 4.000000e-01 3.887477e-01 -1.341263e-05 1.110372e+00 -4.473891e-04
2.950000e+00 4.000000e-01 3.887651e-01 -4.967080e-06 1.110248e+00 -2.861394e-04
3.000000e+00 4.000000e-01 3.887763e-01 -2.097641e-06 1.110170e+00 -1.822446e-04
3.050000e+00 4.000000e-01 3.887833e-01 -1.155616e-06 1.110120e+00 -1.155965e-04
3.100000e+00 4.000000e-01 3.887878e-01 -8.577005e-07 1.110089e+00 -7.302242e-05
3.150000e+00 4.000000e-01 3.887906e-01 -7.677334e-07 1.110070e+00 -4.594072e-05
3.200000e+00 4.000000e-01 3.887924e-01 -7.424118e-07 1.110058e+00 -2.878716e-05
3.250000e+00 4.000000e-01 3.887935e-01 -7.362593e-07 1.110051e+00 -1.796948e-05
3.300000e+00 4.000000e-01 3.887942e-01 -7.353856e-07 1.110047e+00 -1.117802e-05
3.350000e+00 4.000000e-01 3.887946e-01 -7.357493e-07 1.110044e+00 -6.933786e-06
3.400000e+00 4.000000e-01 3.887949e-01 -7.362634e-07 1.110043e+00 -4.293590e-06
3.450000e+00 4.000000e-01 3.887951e-01 -7.366833e-07 1.110042e+00 -2.658547e-06
3.500000e+00 4.000000e-01 3.887952e-01 -7.369855e-07 1.110041e+00 -1.650113e-06
3.550000e+00 4.000000e-01 3.887952e-01 -7.371941e-07 1.110041e+00 -1.030189e-06
3.600000e+00 4.000000e-01 3.887953e-01 -7.373359e-07 1.110041e+00 -6.498049e-07
3.650000e+00 4.000000e-01 3.887953e-01 -7.374318e-07 1.110041e+00 -4.162899e-07
3.700000e+00 4.000000e-01 3.887953e-01 -7.374967e-07 1.110041e+00 -2.723562e-07
3.750000e+00 4.000000e-01 3.887953e-01 -7.375407e-07 1.110041e+00 -1.828272e-07
3.800000e+00 4.000000e-01 3.887953e-01 -7.375707e-07 1.110041e+00 -1.262579e-07
3.850000e+00 4.000000e-01 3.887953e-01 -7.375911e-07 1.110041e+00 -8.967155e-08
3.900000e+00 4.000000e-01 3.887953e-01 -7.376052e-07 1.110041e+00 -6.527298e-08
3.950000e+00 4.000000e-01 3.887954e-01 -7.376149e-07 1.110041e+00 -4.840955e-08
4.000000e+00 4.000000e-01 3.887954e-01 -7.376216e-07 1.110041e+00 -3.631606e-08
4.050000e+00 4.000000e-01 3.887954e-01 -7.376264e-07 1.110041e+00 -2.734881e-08
4.100000e+00 4.000000e-01 3.887954e-01 -7.376297e-07 1.110041e+00 -2.052308e-08
4.150000e+00 4.000000e-01 3.887954e-01 -7.376321e-07 1.110041e+00 -1.523702e-08
4.200000e+00 4.000000e-01 3.887954e-01 -7.376339e-07 1.110041e+00 -1.110932e-08
4.250000e+00 4.000000e-01 3.887954e-01 -7.376351e-07 1.110041e+00 -7.885225e-09
4.300000e+00 4.000000e-01 3.887954e-01 -7.376360e-07 1.110041e+00 -5.383174e-09
4.350000e+00 4.000000e-01 3.887954e-01 -7.376367e-07 1.110041e+00 -3.465232e-09
4.400000e+00 4.000000e-01 3.887954e-01 -7.376372e-07 1.110041e+00 -2.020992e-09
4.450000e+00 4.000000e-01 3.887954e-01 -7.376376e-07 1.110041e+00 -9.590218e-10
4.500000e+00 4.000000e-01 3.887954e-01 -7.376379e-07 1.110041e+00 -2.023182e-10
4.550000e+00 4.000000e-01 3.887954e-01 -7.376381e-07 1.110041e+00 3.141937e-10
4.600000e+00 4.000000e-01 3.887954e-01 -7.376382e-07 1.110041e+00 6.452072e-10
4.650000e+00 4.000000e-01 3.887954e-01 -7.376383e-07 1.110041e+00 8.361789e-10
4.700000e+00 4.000000e-01 3.887954e-01 -7.376384e-07 1.110041e+00 9.243117e-10
4.750000e+00 4.000000e-01 3.887954e-01 -7.376385e-07 1.110041e+00 9.395285e-10
4.800000e+00 4.000000e-01 3.887954e-01 -7.376385e-07 1.110041e+00 9.054218e-10
4.850000e+00 4.000000e-01 3.887954e-01 -7.376386e-07 1.110041e+00 8.401646e-10
4.900000e+00 4.000000e-01 3.887954e-01 -7.376386e-07 1.110041e+00 7.574025e-10
4.950000e+00 4.000000e-01 3.887954e-01 -7.376386e-07 1.110041e+00 6.670731e-10
5.000000e+00 4.000000e-01 3.887954e-01 -7.376386e-07 1.110041e+00 5.761286e-10
5.050000e+00 4.000000e-01 3.887954e-01 -7.376386e-07 1.110041e+00 4.891898e-10
5.100000e+00 4.000000e-01 3.887954e-01 -7.376386e-07 1.110041e+00 4.090972e-10
5.150000e+00 4.000000e-01 3.887954e-01 -7.376386e-07 1.110041e+00 3.373607e-10
5.200000e+00 4.000000e-01 3.887954e-01 -7.376386e-07 1.110041e+00 2.745471e-10
5.250000e+00 4.000000e-01 3.887954e-01 -7.376386e-07 1.110041e+00 2.205719e-10
5.300000e+00 4.000000e-01 3.887954e-01 -7.376386e-07 1.110041e+00 1.749362e-10
5.350000e+00 4.000000e-01 3.887954e-01 -7.376386e-07 1.110041e+00 1.369055e-10
5.400000e+00 4.000000e-01 3.887954e-01 -7.376386e-07 1.110041e+00 1.056372e-10
5.450000e+00 4.000000e-01 3.887954e-01 -7.376387e-07 1.110041e+00 8.028300e-11
5.500000e+00 4.000000e-01 3.887954e-01 -7.376387e-07 1.110041e+00 6.005363e-11
5.550000e+00 4.000000e-01 3.887954e-01 -7.376387e-07 1.110041e+00 4.426348e-11
5.600000e+00 4.000000e-01 3.887954e-01 -7.376387e-07 1.110041e+00 3.236911e-11
5.650000e+00 4.000000e-01 3.887954e-01 -7.376387e-07 1.110041e+00 2.399192e-11
5.700000e+00 4.000000e-01 3.887954e-01 -7.376387e-07 1.110041e+00 1.894263e-11
5.750000e+00 4.000000e-01 3.887954e-01 -7.376387e-07 1.110041e+00 1.724676e-11
5.800000e+00 4.000000e-01 3.887954e-01 -7.376387e-07 1.110041e+00 1.917244e-11
5.850000e+00 4.000000e-01 3.887954e-01 -7.376387e-07 1.110041e+00 2.527090e-11
5.900000e+00 4.000000e-01 3.887954e-01 -7.376387e-07 1.110041e+00 3.643419e-11
5.950000e+00 4.000000e-01 3.887954e-01 -7.376387e-07 1.110041e+00 5.397349e-11
6.000000e+00 4.000000e-01 3.887954e-01 -7.376387e-07 1.110041e+00 7.971845e-11
6.050000e+00 4.000000e-01 3.887954e-01 -7.376387e-07 1.110041e+00 1.161576e-10
6.100000e+00 4.000000e-01 3.887954e-01 -7.376387e-07 1.110041e+00 1.666256e-10
6.150000e+00 4.000000e-01 3.887954e-01 -7.376387e-07 1.110041e+00 2.355410e-10
6.200000e+00 4.000000e-01 3.887954e-01 -7.376387e-07 1.110041e+00 3.287315e-10
6.250000e+00 4.000000e-01 3.887954e-01 -7.376387e-07 1.110041e+00 4.538553e-10
6.300000e+00 4.000000e-01 3.887954e-01 -7.376387e-07 1.110041e+00 6.209383e-10
6.350000e+00 4.000000e-01 3.887954e-01 -7.376387e-07 1.110041e+00 8.430917e-10
6.400000e+00 4.000000e-01 3.887954e-01 -7.376387e-07 1.110041e+00 1.137438e-09
6.450000e+00 4.000000e-01 3.887954e-01 -7.376387e-07 1.110041e+00 1.526312e-09
6.500000e+00 4.000000e-01 3.887954e-01 -7.376387e-07 1.110041e+00 2.038824e-09
6.550000e+00 4.000000e-01 3.887954e-01 -7.376387e-07 1.110041e+00 2.712890e-09
6.600000e+00 4.000000e-01 3.887954e-01 -7.376387e-07 1.110041e+00 3.597868e-09
6.650000e+00 4.000000e-01 3.887954e-01 -7.376387e-07 1.110041e+00 4.757964e-09
6.700000e+00 4.000000e-01 3.887954e-01 -7.376387e-07 1.110041e+00 6.276669e-09
6.750000e+00 4.000000e-01 3.887954e-01 -7.376388e-07 1.110041e+00 8.262503e-09
6.800000e+00 4.000000e-01 3.887954e-01 -7.376388e-07 1.110041e+00 1.085646e-08
6.850000e+00 4.000000e-01 3.887954e-01 -7.376388e-07 1.110041e+00 1.424163e-08
6.900000e+00 4.000000e-01 3.887954e-01 -7.376389e-07 1.110041e+00 1.865574e-08
6.950000e+00 4.000000e-01 3.887954e-01 -7.376390e-07 1.110041e+00 2.440734e-08
7.000000e+00 4.000000e-01 3.887954e-01 -7.376391e-07 1.110041e+00 3.189670e-08
7.050000e+00 4.000000e-01 3.887954e-01 -7.376392e-07 1.110041e+00 4.164308e-08
7.100000e+00 4.000000e-01 3.887953e-01 -7.376394e-07 1.110041e+00 5.431981e-08
7.150000e+00 4.000000e-01 3.887953e-01 -7.376397e-07 1.110041e+00 7.079981e-08
7.200000e+00 4.000000e-01 3.887953e-01 -7.376397e-07 1.110041e+00 9.221451e-08
7.250000e+00 4.000000e-01 3.887953e-01 -7.376411e-07 1.110041e+00 1.200300e-07
7.300000e+00 4.000000e-01 3.887953e-01 -7.376379e-07 1.110041e+00 1.561460e-07
7.350000e+00 4.000000e-01 3.887953e-01 -7.376520e-07 1.110041e+00 2.030217e-07
7.400000e+00 4.000000e-01 3.887953e-01 -7.376064e-07 1.110041e+00 2.638469e-07
7.450000e+00 4.000000e-01 3.887953e-01 -7.377633e-07 1.110042e+00 3.427354e-07
7.500000e+00 4.000000e-01 3.887953e-01 -7.372587e-07 1.110042e+00 4.450637e-07
7.550000e+00 4.000000e-01 3.887952e-01 -7.388517e-07 1.110042e+00 5.776316e-07
7.600000e+00 4.000000e-01 3.887952e-01 -7.340189e-07 1.110042e+00 7.497149e-07
7.650000e+00 4.000000e-01 3.887952e-01 -7.482112e-07 1.110043e+00 9.719331e-07
7.700000e+00 4.000000e-01 3.887951e-01 -7.080598e-07 1.110043e+00 1.261880e-06
7.750000e+00 4.000000e-01 3.887950e-01 -8.175176e-07 1.110044e+00 1.631940e-06
7.800000e+00 4.000000e-01 3.887950e-01 -5.306251e-07 1.110045e+00 2.124923e-06
7.850000e+00 4.000000e-01 3.887948e-01 -1.252602e-06 1.110046e+00 2.729727e-06
7.900000e+00 4.000000e-01 3.887947e-01 4.881421e-07 1.110047e+00 3.589777e-06
7.950000e+00 4.000000e-01 3.887945e-01 -3.524338e-06 1.110049e+00 4.532578e-06
8.000000e+00 4.000000e-01 3.887942e-01 5.294184e-06 1.110051e+00 6.108297e-06
8.050000e+00 4.000000e-01 3.887939e-01 -1.312839e-05 1.110055e+00 7.442621e-06
8.100000e+00 4.000000e-01 3.887935e-01 2.331854e-05 1.110057e+00 1.047788e-05
8.150000e+00 4.000000e-01 3.887928e-01 -4.466039e-05 1.110066e+00 1.212709e-05
8.200000e+00 4.000000e-01 3.887923e-01 7.420579e-05 1.110066e+00 1.791873e-05
8.250000e+00 4.000000e-01 3.887910e-01 -1.192699e-04 1.110085e+00 2.003162e-05
8.300000e+00 4.000000e-01 3.887903e-01 1.711588e-04 1.110080e+00 2.981854e-05
8.350000e+00 4.000000e-01 3.887880e-01 -2.258841e-04 1.110117e+00 3.447538e-05
8.400000e+00 4.000000e-01 3.887868e-01 2.597933e-04 1.110108e+00 4.769945e-05
8.450000e+00 4.000000e-01 3.887833e-01 -2.582646e-04 1.110163e+00 6.080020e-05
8.500000e+00 4.000000e-01 3.887807e-01 2.056726e-04 1.110164e+00 7.637431e-05
8.550000e+00 4.000000e-01 3.887756e-01 -1.277385e-04 1.110229e+00 1.029719e-04
8.600000e+00 4.000000e-01 3.887704e-01 7.766299e-05 1.110261e+00 1.299038e-04
8.650000e+00 4.000000e-01 3.887626e-01 -1.384249e-04 1.110347e+00 1.650675e-04
8.700000e+00 4.000000e-01 3.887539e-01 3.354520e-04 1.110403e+00 2.241978e-04
8.750000e+00 4.000000e-01 3.887402e-01 -5.847046e-04 1.110566e+00 2.739015e-04
8.800000e+00 4.000000e-01 3.887265e-01 6.661818e-04 1.110640e+00 3.625687e-04
8.850000e+00 4.000000e-01 3.887040e-01 -4.011274e-04 1.110896e+00 4.765869e-04
8.900000e+00 4.000000e-01 3.886789e-01 -1.095110e-04 1.111090e+00 5.909561e-04
8.950000e+00 4.000000e-01 3.886449e-01 3.594276e-04 1.111415e+00 7.793186e-04
9.000000e+00 4.000000e-01 3.886010e-01 1.609390e-04 1.111796e+00 1.023566e-03
9.050000e+00 4.000000e-01 3.885425e-01 -1.239457e-03 1.112381e+00 1.269525e-03
9.100000e+00 4.000000e-01 3.884740e-01 1.657400e-03 1.112913e+00 1.671343e-03
9.150000e+00 4.000000e-01 3.883754e-01 -3.639348e-04 1.113898e+00 2.194674e-03
9.200000e+00 4.000000e-01 3.882545e-01 -1.648985e-03 1.114963e+00 2.744818e-03
9.250000e+00 4.000000e-01 3.881009e-01 1.440771e-03 1.116357e+00 3.560169e-03
9.300000e+00 4.000000e-01 3.878985e-01 2.030231e-03 1.118151e+00 4.715889e-03
9.350000e+00 4.000000e-01 3.876293e-01 -4.465453e-03 1.120731e+00 5.967531e-03
9.400000e+00 4.000000e-01 3.873018e-01 5.201431e-04 1.123565e+00 7.622729e-03
9.450000e+00 4.000000e-01 3.868670e-01 6.043370e-03 1.127522e+00 1.010704e-02
9.500000e+00 4.000000e-01 3.862911e-01 -3.371719e-03 1.132746e+00 1.311519e-02
9.550000e+00 4.000000e-01 3.855555e-01 -8.601636e-03 1.139477e+00 1.667419e-02
9.600000e+00 4.000000e-01 3.846236e-01 9.248712e-03 1.147642e+00 2.185634e-02
9.650000e+00 4.000000e-01 3.833699e-01 9.542255e-03 1.158873e+00 2.909363e-02
9.700000e+00 4.000000e-01 3.817143e-01 -1.561680e-02 1.173619e+00 3.795032e-02
9.750000e+00 4.000000e-01 3.795749e-01 -1.047886e-02 1.192662e+00 4.954218e-02
9.800000e+00 4.000000e-01 3.767601e-01 2.111022e-02 1.217189e+00 6.627440e-02
9.850000e+00 4.000000e-01 3.729474e-01 9.359329e-03 1.250499e+00 8.928422e-02
9.900000e+00 4.000000e-01 3.678316e-01 -1.537446e-02 1.295434e+00 1.195252e-01
9.950000e+00 4.000000e-01 3.609949e-01 -5.781975e-03 1.356155e+00 1.599164e-01
1.000000e+01 4.000000e-01 3.518400e-01 -8.383754e-03 0.000000e+00 0.000000e+00
0.000000e+00 4.200000e-01 3.808560e-01 -9.600000e-01 0.000000e+00 0.000000e+00
5.000000e-02 4.200000e-01 3.814182e-01 -3.806375e-01 1.461020e+00 -8.499273e-04
1.000000e-01 4.200000e-01 3.809410e-01 5.050773e-01 1.479484e+00 2.713825e-02
1.500000e-01 4.200000e-01 3.787044e-01 -2.651136e+00 1.471686e+00 1.260285e-02
2.000000e-01 4.200000e-01 3.796807e-01 -4.112285e+00 1.427829e+00 -5.234390e-02
2.500000e-01 4.200000e-01 3.839388e-01 1.456797e+00 1.438559e+00 -3.288363e-02
3.000000e-01 4.200000e-01 3.829691e-01 3.866190e+00 1.508620e+00 7.230558e-02
3.500000e-01 4.200000e-01 3.767083e-01 -3.545462e+00 1.506624e+00 6.246237e-02
4.000000e-01 4.200000e-01 3.767228e-01 -7.884206e+00 1.415920e+00 -7.773113e-02
4.500000e-01 4.200000e-01 3.844814e-01 5.373594e-01 1.401810e+00 -9.208662e-02
5.000000e-01 4.200000e-01 3.859315e-01 6.883399e+00 1.507753e+00 7.079594e-02
5.500000e-01 4.200000e-01 3.774018e-01 -1.079462e+00 1.551660e+00 1.251540e-01
6.000000e-01 4.200000e-01 3.734161e-01 -1.003482e+01 1.450524e+00 -4.075138e-02
6.500000e-01 4.200000e-01 3.814769e-01 -4.026321e+00 1.373204e+00 -1.438576e-01
7.000000e-01 4.200000e-01 3.878019e-01 6.681738e+00 1.456863e+00 -2.050334e-03
7.500000e-01 4.200000e-01 3.816819e-01 3.683487e+00 1.559473e+00 1.422764e-01
8.000000e-01 4.200000e-01 3.735742e-01 -7.266659e+00 1.516042e+00 4.918618e-02
8.500000e-01 4.200000e-01 3.767633e-01 -8.388558e+00 1.398932e+00 -1.214585e-01
9.000000e-01 4.200000e-01 3.857201e-01 1.545657e+00 1.393643e+00 -9.459206e-02
9.500000e-01 4.200000e-01 3.862225e-01 5.847902e+00 1.495233e+00 6.851030e-02
1.000000e+00 4.200000e-01 3.788690e-01 -9.380624e-01 1.537596e+00 1.038861e-01
1.050000e+00 4.200000e-01 3.758339e-01 -7.197728e+00 1.465098e+00 -2.481946e-02
1.100000e+00 4.200000e-01 3.813510e-01 -4.069529e+00 1.390065e+00 -1.084032e-01
1.150000e+00 4.200000e-01 3.866742e-01 2.474281e+00 1.411537e+00 -3.612508e-02
1.200000e+00 4.200000e-01 3.849635e-01 2.724129e+00 1.475918e+00 6.143073e-02
1.250000e+00 4.200000e-01 3.805312e-01 -2.066869e+00 1.483848e+00 4.530438e-02
1.300000e+00 4.200000e-01 3.804331e-01 -4.425615e+00 1.430395e+00 -3.999519e-02
1.350000e+00 4.200000e-01 3.845307e-01 -1.889326e+00 1.387664e+00 -6.875174e-02
1.400000e+00 4.200000e-01 3.873082e-01 1.126921e+00 1.397301e+00 -1.807275e-02
1.450000e+00 4.200000e-01 3.863380e-01 8.162220e-01 1.426102e+00 2.796098e-02
1.500000e+00 4.200000e-01 3.845121e-01 -1.417052e+00 1.427061e+00 1.308074e-02
1.550000e+00 4.200000e-01 3.850299e-01 -2.372423e+00 1.397259e+00 -3.019777e-02
1.600000e+00 4.200000e-01 3.875319e-01 -1.337618e+00 1.367618e+00 -4.508126e-02
1.650000e+00 4.200000e-01 3.895380e-01 -6.240358e-02 1.359494e+00 -2.352969e-02
1.700000e+00 4.200000e-01 3.898849e-01 2.573575e-02 1.364872e+00 -6.420803e-04
1.750000e+00 4.200000e-01 3.896022e-01 -7.436998e-01 1.363924e+00 -2.555538e-03
1.800000e+00 4.200000e-01 3.901404e-01 -1.290034e+00 1.348252e+00 -2.172361e-02
1.850000e+00 4.200000e-01 3.917746e-01 -1.146043e+00 1.324775e+00 -3.576635e-02
1.900000e+00 4.200000e-01 3.937171e-01 -6.594240e-01 1.304487e+00 -3.415735e-02
1.950000e+00 4.200000e-01 3.951903e-01 -3.488909e-01 1.291817e+00 -2.386636e-02
2.000000e+00 4.200000e-01 3.961037e-01 -3.828055e-01 1.283304e+00 -1.708015e-02
2.050000e+00 4.200000e-01 3.968983e-01 -5.903582e-01 1.272899e+00 -1.928692e-02
2.100000e+00 4.200000e-01 3.980324e-01 -7.416820e-01 1.257002e+00 -2.757346e-02
2.150000e+00 4.200000e-01 3.996557e-01 -7.364661e-01 1.235855e+00 -3.583619e-02
2.200000e+00 4.200000e-01 4.016160e-01 -6.064764e-01 1.212145e+00 -3.981663e-02
2.250000e+00 4.200000e-01 4.036373e-01 -4.315121e-01 1.188978e+00 -3.864996e-02
2.300000e+00 4.200000e-01 4.054810e-01 -2.733733e-01 1.168591e+00 -3.377236e-02
2.350000e+00 4.200000e-01 4.070146e-01 -1.576542e-01 1.152015e+00 -2.724448e-02
2.400000e+00 4.200000e-01 4.082055e-01 -8.413007e-02 1.139323e+00 -2.069708e-02
2.450000e+00 4.200000e-01 4.090843e-01 -4.204938e-02 1.130034e+00 -1.503432e-02
2.500000e+00 4.200000e-01 4.097089e-01 -1.986200e-02 1.123464e+00 -1.056475e-02
2.550000e+00 4.200000e-01 4.101408e-01 -8.925186e-03 1.118936e+00 -7.245109e-03
2.600000e+00 4.200000e-01 4.104334e-01 -3.834226e-03 1.115875e+00 -4.880454e-03
2.650000e+00 4.200000e-01 4.106288e-01 -1.580555e-03 1.113836e+00 -3.244494e-03
2.700000e+00 4.200000e-01 4.107579e-01 -6.269743e-04 1.112493e+00 -2.135721e-03
2.750000e+00 4.200000e-01 4.108424e-01 -2.398862e-04 1.111616e+00 -1.395205e-03
2.800000e+00 4.200000e-01 4.108974e-01 -8.871864e-05 1.111047e+00 -9.058976e-04
2.850000e+00 4.200000e-01 4.109330e-01 -3.180250e-05 1.110680e+00 -5.851735e-04
2.900000e+00 4.200000e-01 4.109559e-01 -1.110731e-05 1.110445e+00 -3.762794e-04
2.950000e+00 4.200000e-01 4.109706e-01 -3.830665e-06 1.110295e+00 -2.409392e-04
3.000000e+00 4.200000e-01 4.109800e-01 -1.354135e-06 1.110200e+00 -1.536605e-04
3.050000e+00 4.200000e-01 4.109860e-01 -5.378363e-07 1.110139e+00 -9.761754e-05
3.100000e+00 4.200000e-01 4.109897e-01 -2.772930e-07 1.110102e+00 -6.178008e-05
3.150000e+00 4.200000e-01 4.109921e-01 -1.968995e-07 1.110078e+00 -3.895674e-05
3.200000e+00 4.200000e-01 4.109936e-01 -1.730431e-07 1.110063e+00 -2.448100e-05
3.250000e+00 4.200000e-01 4.109946e-01 -1.663341e-07 1.110054e+00 -1.533764e-05
3.300000e+00 4.200000e-01 4.109952e-01 -1.646224e-07 1.110049e+00 -9.586379e-06
3.350000e+00 4.200000e-01 4.109955e-01 -1.642873e-07 1.110046e+00 -5.983649e-06
3.400000e+00 4.200000e-01 4.109958e-01 -1.642933e-07 1.110044e+00 -3.735700e-06
3.450000e+00 4.200000e-01 4.109959e-01 -1.643611e-07 1.110042e+00 -2.338043e-06
3.500000e+00 4.200000e-01 4.109960e-01 -1.644239e-07 1.110042e+00 -1.471475e-06
3.550000e+00 4.200000e-01 4.109961e-01 -1.644707e-07 1.110041e+00 -9.349930e-07
3.600000e+00 4.200000e-01 4.109961e-01 -1.645035e-07 1.110041e+00 -6.026723e-07
3.650000e+00 4.200000e-01 4.109961e-01 -1.645259e-07 1.110041e+00 -3.960592e-07
3.700000e+00 4.200000e-01 4.109961e-01 -1.645411e-07 1.110041e+00 -2.665624e-07
3.750000e+00 4.200000e-01 4.109962e-01 -1.645515e-07 1.110041e+00 -1.842733e-07
3.800000e+00 4.200000e-01 4.109962e-01 -1.645586e-07 1.110041e+00 -1.309003e-07
3.850000e+00 4.200000e-01 4.109962e-01 -1.645634e-07 1.110041e+00 -9.532621e-08
3.900000e+00 4.200000e-01 4.109962e-01 -1.645668e-07 1.110041e+00 -7.083144e-08
3.950000e+00 4.200000e-01 4.109962e-01 -1.645691e-07 1.110041e+00 -5.336975e-08
4.000000e+00 4.200000e-01 4.109962e-01 -1.645707e-07 1.110041e+00 -4.050529e-08
4.050000e+00 4.200000e-01 4.109962e-01 -1.645719e-07 1.110041e+00 -3.076328e-08
4.100000e+00 4.200000e-01 4.109962e-01 -1.645727e-07 1.110041e+00 -2.323723e-08
4.150000e+00 4.200000e-01 4.109962e-01 -1.645732e-07 1.110041e+00 -1.735408e-08
4.200000e+00 4.200000e-01 4.109962e-01 -1.645737e-07 1.110041e+00 -1.273569e-08
4.250000e+00 4.200000e-01 4.109962e-01 -1.645740e-07 1.110041e+00 -9.118391e-09
4.300000e+00 4.200000e-01 4.109962e-01 -1.645742e-07 1.110041e+00 -6.307064e-09
4.350000e+00 4.200000e-01 4.109962e-01 -1.645744e-07 1.110041e+00 -4.149355e-09
4.400000e+00 4.200000e-01 4.109962e-01 -1.645745e-07 1.110041e+00 -2.521467e-09
4.450000e+00 4.200000e-01 4.109962e-01 -1.645746e-07 1.110041e+00 -1.320339e-09
4.500000e+00 4.200000e-01 4.109962e-01 -1.645746e-07 1.110041e+00 -4.592643e-10
4.550000e+00 4.200000e-01 4.109962e-01 -1.645747e-07 1.110041e+00 1.347206e-10
4.600000e+00 4.200000e-01 4.109962e-01 -1.645747e-07 1.110041e+00 5.226064e-10
4.650000e+00 4.200000e-01 4.109962e-01 -1.645747e-07 1.110041e+00 7.548112e-10
4.700000e+00 4.200000e-01 4.109962e-01 -1.645748e-07 1.110041e+00 8.724088e-10
4.750000e+00 4.200000e-01 4.109962e-01 -1.645748e-07 1.110041e+00 9.083151e-10
4.800000e+00 4.200000e-01 4.109962e-01 -1.645748e-07 1.110041e+00 8.884199e-10
4.850000e+00 4.200000e-01 4.109962e-01 -1.645748e-07 1.110041e+00 8.326501e-10
4.900000e+00 4.200000e-01 4.109962e-01 -1.645748e-07 1.110041e+00 7.559747e-10
4.950000e+00 4.200000e-01 4.109962e-01 -1.645748e-07 1.110041e+00 6.693207e-10
5.000000e+00 4.200000e-01 4.109962e-01 -1.645748e-07 1.110041e+00 5.803807e-10
5.050000e+00 4.200000e-01 4.109962e-01 -1.645748e-07 1.110041e+00 4.943140e-10
5.100000e+00 4.200000e-01 4.109962e-01 -1.645748e-07 1.110041e+00 4.143502e-10
5.150000e+00 4.200000e-01 4.109962e-01 -1.645748e-07 1.110041e+00 3.422757e-10
5.200000e+00 4.200000e-01 4.109962e-01 -1.645748e-07 1.110041e+00 2.788431e-10
5.250000e+00 4.200000e-01 4.109962e-01 -1.645748e-07 1.110041e+00 2.240952e-10
5.300000e+00 4.200000e-01 4.109962e-01 -1.645748e-07 1.110041e+00 1.776079e-10
5.350000e+00 4.200000e-01 4.109962e-01 -1.645748e-07 1.110041e+00 1.386896e-10
5.400000e+00 4.200000e-01 4.109962e-01 -1.645748e-07 1.110041e+00 1.065076e-10
5.450000e+00 4.200000e-01 4.109962e-01 -1.645748e-07 1.110041e+00 8.020640e-11
5.500000e+00 4.200000e-01 4.109962e-01 -1.645748e-07 1.110041e+00 5.897172e-11
5.550000e+00 4.200000e-01 4.109962e-01 -1.645748e-07 1.110041e+00 4.207579e-11
5.600000e+00 4.200000e-01 4.109962e-01 -1.645748e-07 1.110041e+00 2.891909e-11
5.650000e+00 4.200000e-01 4.109962e-01 -1.645748e-07 1.110041e+00 1.904699e-11
5.700000e+00 4.200000e-01 4.109962e-01 -1.645748e-07 1.110041e+00 1.217970e-11
5.750000e+00 4.200000e-01 4.109962e-01 -1.645748e-07 1.110041e+00 8.222867e-12
5.800000e+00 4.200000e-01 4.109962e-01 -1.645748e-07 1.110041e+00 7.290279e-12
5.850000e+00 4.200000e-01 4.109962e-01 -1.645748e-07 1.110041e+00 9.741097e-12
5.900000e+00 4.200000e-01 4.109962e-01 -1.645748e-07 1.110041e+00 1.621980e-11
5.950000e+00 4.200000e-01 4.109962e-01 -1.645748e-07 1.110041e+00 2.771505e-11
6.000000e+00 4.200000e-01 4.109962e-01 -1.645748e-07 1.110041e+00 4.564404e-11
6.050000e+00 4.200000e-01 4.109962e-01 -1.645748e-07 1.110041e+00 7.195855e-11
6.100000e+00 4.200000e-01 4.109962e-01 -1.645748e-07 1.110041e+00 1.092976e-10
6.150000e+00 4.200000e-01 4.109962e-01 -1.645748e-07 1.110041e+00 1.611827e-10
6.200000e+00 4.200000e-01 4.109962e-01 -1.645748e-07 1.110041e+00 2.322709e-10
6.250000e+00 4.200000e-01 4.109962e-01 -1.645748e-07 1.110041e+00 3.287054e-10
6.300000e+00 4.200000e-01 4.109962e-01 -1.645748e-07 1.110041e+00 4.585443e-10
6.350000e+00 4.200000e-01 4.109962e-01 -1.645748e-07 1.110041e+00 6.323408e-10
6.400000e+00 4.200000e-01 4.109962e-01 -1.645748e-07 1.110041e+00 8.639012e-10
6.450000e+00 4.200000e-01 4.109962e-01 -1.645748e-07 1.110041e+00 1.171254e-09
6.500000e+00 4.200000e-01 4.109962e-01 -1.645748e-07 1.110041e+00 1.577921e-09
6.550000e+00 4.200000e-01 4.109962e-01 -1.645748e-07 1.110041e+00 2.114562e-09
6.600000e+00 4.200000e-01 4.109962e-01 -1.645748e-07 1.110041e+00 2.821122e-09
6.650000e+00 4.200000e-01 4.109962e-01 -1.645748e-07 1.110041e+00 3.749595e-09
6.700000e+00 4.200000e-01 4.109962e-01 -1.645748e-07 1.110041e+00 4.967622e-09
6.750000e+00 4.200000e-01 4.109962e-01 -1.645749e-07 1.110041e+00 6.563173e-09
6.800000e+00 4.200000e-01 4.109962e-01 -1.645749e-07 1.110041e+00 8.650572e-09
6.850000e+00 4.200000e-01 4.109962e-01 -1.645749e-07 1.110041e+00 1.137835e-08
6.900000e+00 4.200000e-01 4.109962e-01 -1.645749e-07 1.110041e+00 1.493939e-08
6.950000e+00 4.200000e-01 4.109962e-01 -1.645749e-07 1.110041e+00 1.958412e-08
7.000000e+00 4.200000e-01 4.109962e-01 -1.645749e-07 1.110041e+00 2.563749e-08
7.050000e+00 4.200000e-01 4.109962e-01 -1.645749e-07 1.110041e+00 3.352108e-08
7.100000e+00 4.200000e-01 4.109962e-01 -1.645750e-07 1.110041e+00 4.378169e-08
7.150000e+00 4.200000e-01 4.109962e-01 -1.645750e-07 1.110041e+00 5.712828e-08
7.200000e+00 4.200000e-01 4.109962e-01 -1.645750e-07 1.110041e+00 7.447987e-08
7.250000e+00 4.200000e-01 4.109962e-01 -1.645754e-07 1.110041e+00 9.702743e-08
7.300000e+00 4.200000e-01 4.109962e-01 -1.645743e-07 1.110041e+00 1.263142e-07
7.350000e+00 4.200000e-01 4.109961e-01 -1.645788e-07 1.110042e+00 1.643387e-07
7.400000e+00 4.200000e-01 4.109961e-01 -1.645638e-07 1.110042e+00 2.136911e-07
7.450000e+00 4.200000e-01 4.109961e-01 -1.646157e-07 1.110042e+00 2.777186e-07
7.500000e+00 4.200000e-01 4.109961e-01 -1.644460e-07 1.110042e+00 3.607765e-07
7.550000e+00 4.200000e-01 4.109961e-01 -1.649871e-07 1.110042e+00 4.684317e-07
7.600000e+00 4.200000e-01 4.109961e-01 -1.633251e-07 1.110043e+00 6.081009e-07
7.650000e+00 4.200000e-01 4.109960e-01 -1.682614e-07 1.110043e+00 7.887583e-07
7.700000e+00 4.200000e-01 4.109960e-01 -1.541309e-07 1.110043e+00 1.023763e-06
7.750000e+00 4.200000e-01 4.109959e-01 -1.931001e-07 1.110044e+00 1.325644e-06
7.800000e+00 4.200000e-01 4.109959e-01 -8.976624e-08 1.110045e+00 1.722990e-06
7.850000e+00 4.200000e-01 4.109958e-01 -3.528291e-07 1.110046e+00 2.221750e-06
7.900000e+00 4.200000e-01 4.109956e-01 2.887840e-07 1.110048e+00 2.903946e-06
7.950000e+00 4.200000e-01 4.109955e-01 -1.207163e-06 1.110050e+00 3.705384e-06
8.000000e+00 4.200000e-01 4.109953e-01 2.118075e-06 1.110052e+00 4.914318e-06
8.050000e+00 4.200000e-01 4.109950e-01 -4.906728e-06 1.110056e+00 6.134644e-06
8.100000e+00 4.200000e-01 4.109946e-01 9.144303e-06 1.110059e+00 8.358588e-06
8.150000e+00 4.200000e-01 4.109941e-01 -1.734342e-05 1.110066e+00 1.010095e-05
8.200000e+00 4.200000e-01 4.109936e-01 2.944530e-05 1.110070e+00 1.419544e-05
8.250000e+00 4.200000e-01 4.109927e-01 -4.743097e-05 1.110084e+00 1.675492e-05
8.300000e+00 4.200000e-01 4.109920e-01 6.891544e-05 1.110087e+00 2.369048e-05
8.350000e+00 4.200000e-01 4.109904e-01 -9.110477e-05 1.110115e+00 2.850119e-05
8.400000e+00 4.200000e-01 4.109891e-01 1.050453e-04 1.110119e+00 3.849756e-05
8.450000e+00 4.200000e-01 4.109865e-01 -1.029018e-04 1.110161e+00 4.931660e-05
8.500000e+00 4.200000e-01 4.109842e-01 7.856612e-05 1.110178e+00 6.250305e-05
8.550000e+00 4.200000e-01 4.109803e-01 -4.150662e-05 1.110233e+00 8.320191e-05
8.600000e+00 4.200000e-01 4.109759e-01 1.666222e-05 1.110278e+00 1.055690e-04
8.650000e+00 4.200000e-01 4.109697e-01 -4.106863e-05 1.110357e+00 1.351144e-04
8.700000e+00 4.200000e-01 4.109623e-01 1.296800e-04 1.110433e+00 1.804040e-04
8.750000e+00 4.200000e-01 4.109517e-01 -2.439028e-04 1.110578e+00 2.242412e-04
8.800000e+00 4.200000e-01 4.109399e-01 2.812691e-04 1.110690e+00 2.946584e-04
8.850000e+00 4.200000e-01 4.109222e-01 -1.507851e-04 1.110925e+00 3.852062e-04
8.900000e+00 4.200000e-01 4.109014e-01 -1.030999e-04 1.111153e+00 4.828514e-04
8.950000e+00 4.200000e-01 4.108739e-01 2.344538e-04 1.111483e+00 6.336314e-04
9.000000e+00 4.200000e-01 4.108380e-01 2.222194e-05 1.111899e+00 8.273936e-04
9.050000e+00 4.200000e-01 4.107912e-01 -5.738715e-04 1.112477e+00 1.037064e-03
9.100000e+00 4.200000e-01 4.107343e-01 7.977310e-04 1.113097e+00 1.358933e-03
9.150000e+00 4.200000e-01 4.106553e-01 -1.139386e-04 1.114075e+00 1.776343e-03
9.200000e+00 4.200000e-01 4.105567e-01 -9.873156e-04 1.115223e+00 2.236843e-03
9.250000e+00 4.200000e-01 4.104316e-01 9.025752e-04 1.116683e+00 2.900754e-03
9.300000e+00 4.200000e-01 4.102666e-01 1.042003e-03 1.118608e+00 3.820996e-03
9.350000e+00 4.200000e-01 4.100495e-01 -2.500114e-03 1.121238e+00 4.853125e-03
9.400000e+00 4.200000e-01 4.097813e-01 2.638249e-04 1.124310e+00 6.217730e-03
9.450000e+00 4.200000e-01 4.094277e-01 3.763152e-03 1.128458e+00 8.216075e-03
9.500000e+00 4.200000e-01 4.089597e-01 -2.398535e-03 1.133983e+00 1.065575e-02
9.550000e+00 4.200000e-01 4.083621e-01 -5.167651e-03 1.141029e+00 1.359633e-02
9.600000e+00 4.200000e-01 4.076001e-01 6.349363e-03 1.149788e+00 1.783906e-02
9.650000e+00 4.200000e-01 4.065782e-01 5.689424e-03 1.161693e+00 2.371285e-02
9.700000e+00 4.200000e-01 4.052288e-01 -1.139507e-02 1.177430e+00 3.094968e-02
9.750000e+00 4.200000e-01 4.034833e-01 -5.326053e-03 1.197674e+00 4.049584e-02
9.800000e+00 4.200000e-01 4.011792e-01 1.560553e-02 1.224056e+00 5.422477e-02
9.850000e+00 4.200000e-01 3.980608e-01 3.944137e-03 1.259910e+00 7.297910e-02
9.900000e+00 4.200000e-01 3.938813e-01 -1.181268e-02 1.308192e+00 9.756472e-02
9.950000e+00 4.200000e-01 3.883043e-01 -3.182215e-03 1.372976e+00 1.302529e-01
1.000000e+01 4.200000e-01 3.808560e-01 -5.552099e-03 0.000000e+00 0.000000e+00
0.000000e+00 4.400000e-01 4.102560e-01 -7.200000e-01 0.000000e+00 0.000000e+00
5.000000e-02 4.400000e-01 4.107657e-01 -4.583365e-01 1.472386e+00 -3.944916e-03
1.000000e-01 4.400000e-01 4.106505e-01 9.362565e-01 1.486551e+00 2.249176e-02
1.500000e-01 4.400000e-01 4.085165e-01 -1.402970e+00 1.502104e+00 2.007386e-02
2.000000e-01 4.400000e-01 4.086431e-01 -4.113561e+00 1.469546e+00 -4.130891e-02
2.500000e-01 4.400000e-01 4.126474e-01 6.235480e-02 1.438283e+00 -4.344812e-02
3.000000e-01 4.400000e-01 4.129879e-01 4.356648e+00 1.485949e+00 5.311070e-02
3.500000e-01 4.400000e-01 4.073363e-01 -8.888271e-01 1.539554e+00 7.189799e-02
4.000000e-01 4.400000e-01 4.057981e-01 -7.168809e+00 1.489525e+00 -5.187058e-02
4.500000e-01 4.400000e-01 4.125234e-01 -1.749417e+00 1.414403e+00 -9.854352e-02
5.000000e-01 4.400000e-01 4.156525e-01 6.447317e+00 1.461004e+00 3.780968e-02
5.500000e-01 4.400000e-01 4.087424e-01 2.212724e+00 1.559309e+00 1.220954e-01
6.000000e-01 4.400000e-01 4.034429e-01 -7.533180e+00 1.538422e+00 -6.386576e-03
6.500000e-01 4.400000e-01 4.093811e-01 -5.672158e+00 1.427019e+00 -1.304606e-01
7.000000e-01 4.400000e-01 4.164890e-01 4.747981e+00 1.418295e+00 -3.343938e-02
7.500000e-01 4.400000e-01 4.127250e-01 5.751869e+00 1.526987e+00 1.178958e-01
8.000000e-01 4.400000e-01 4.046994e-01 -3.589180e+00 1.572897e+00 7.096184e-02
8.500000e-01 4.400000e-01 4.056288e-01 -7.722890e+00 1.483785e+00 -8.905542e-02
9.000000e-01 4.400000e-01 4.136050e-01 -5.047510e-01 1.404603e+00 -1.011146e-01
9.500000e-01 4.400000e-01 4.157403e-01 5.543963e+00 1.453817e+00 3.793350e-02
1.000000e+00 4.400000e-01 4.098116e-01 1.609081e+00 1.538266e+00 9.834300e-02
1.050000e+00 4.400000e-01 4.059060e-01 -4.879239e+00 1.527018e+00 1.261252e-03
1.100000e+00 4.400000e-01 4.096855e-01 -4.239826e+00 1.443114e+00 -8.929450e-02
1.150000e+00 4.400000e-01 4.148354e-01 1.300359e+00 1.409221e+00 -4.633891e-02
1.200000e+00 4.400000e-01 4.143194e-01 3.012614e+00 1.455621e+00 4.385309e-02
1.250000e+00 4.400000e-01 4.104501e-01 -4.420915e-01 1.496842e+00 4.772085e-02
1.300000e+00 4.400000e-01 4.095473e-01 -3.238723e+00 1.472693e+00 -2.161356e-02
1.350000e+00 4.400000e-01 4.126115e-01 -1.957988e+00 1.419266e+00 -5.735162e-02
1.400000e+00 4.400000e-01 4.152825e-01 6.722578e-01 1.401306e+00 -2.238695e-02
1.450000e+00 4.400000e-01 4.148502e-01 1.003388e+00 1.423003e+00 2.057358e-02
1.500000e+00 4.400000e-01 4.132251e-01 -6.559403e-01 1.439001e+00 1.577282e-02
1.550000e+00 4.400000e-01 4.132729e-01 -1.732024e+00 1.422280e+00 -1.902846e-02
1.600000e+00 4.400000e-01 4.151279e-01 -1.174387e+00 1.389749e+00 -3.574060e-02
1.650000e+00 4.400000e-01 4.168469e-01 -1.346649e-01 1.370687e+00 -2.125079e-02
1.700000e+00 4.400000e-01 4.172530e-01 9.960317e-02 1.370796e+00 -1.498979e-03
1.750000e+00 4.400000e-01 4.169968e-01 -4.357262e-01 1.373269e+00 -2.800957e-04
1.800000e+00 4.400000e-01 4.172810e-01 -9.216643e-01 1.363079e+00 -1.459081e-02
1.850000e+00 4.400000e-01 4.184559e-01 -8.900758e-01 1.341045e+00 -2.676624e-02
1.900000e+00 4.400000e-01 4.199577e-01 -5.376475e-01 1.317952e+00 -2.681461e-02
1.950000e+00 4.400000e-01 4.211374e-01 -2.737231e-01 1.301686e+00 -1.906038e-02
2.000000e+00 4.400000e-01 4.218637e-01 -2.705401e-01 1.291503e+00 -1.318674e-02
2.050000e+00 4.400000e-01 4.224561e-01 -4.213084e-01 1.281504e+00 -1.420677e-02
2.100000e+00 4.400000e-01 4.232844e-01 -5.464714e-01 1.266691e+00 -2.033206e-02
2.150000e+00 4.400000e-01 4.244893e-01 -5.558913e-01 1.246021e+00 -2.683733e-02
2.200000e+00 4.400000e-01 4.259681e-01 -4.654313e-01 1.221741e+00 -3.020758e-02
2.250000e+00 4.400000e-01 4.275100e-01 -3.349257e-01 1.197205e+00 -2.958401e-02
2.300000e+00 4.400000e-01 4.289265e-01 -2.138270e-01 1.175120e+00 -2.599919e-02
2.350000e+00 4.400000e-01 4.301099e-01 -1.239619e-01 1.156904e+00 -2.104892e-02
2.400000e+00 4.400000e-01 4.310314e-01 -6.638435e-02 1.142831e+00 -1.602501e-02
2.450000e+00 4.400000e-01 4.317124e-01 -3.325743e-02 1.132478e+00 -1.165539e-02
2.500000e+00 4.400000e-01 4.321969e-01 -1.573284e-02 1.125132e+00 -8.196594e-03
2.550000e+00 4.400000e-01 4.325321e-01 -7.076297e-03 1.120058e+00 -5.623901e-03
2.600000e+00 4.400000e-01 4.327593e-01 -3.041559e-03 1.116623e+00 -3.789925e-03
2.650000e+00 4.400000e-01 4.329111e-01 -1.254099e-03 1.114331e+00 -2.520560e-03
2.700000e+00 4.400000e-01 4.330114e-01 -4.974764e-04 1.112819e+00 -1.659967e-03
2.750000e+00 4.400000e-01 4.330771e-01 -1.902852e-04 1.111829e+00 -1.085013e-03
2.800000e+00 4.400000e-01 4.331199e-01 -7.031500e-05 1.111186e+00 -7.049557e-04
2.850000e+00 4.400000e-01 4.331476e-01 -2.514650e-05 1.110771e+00 -4.557244e-04
2.900000e+00 4.400000e-01 4.331655e-01 -8.723412e-06 1.110504e+00 -2.933063e-04
2.950000e+00 4.400000e-01 4.331769e-01 -2.948544e-06 1.110333e+00 -1.880122e-04
3.000000e+00 4.400000e-01 4.331843e-01 -9.825072e-07 1.110224e+00 -1.200625e-04
3.050000e+00 4.400000e-01 4.331889e-01 -3.338841e-07 1.110155e+00 -7.639687e-05
3.100000e+00 4.400000e-01 4.331919e-01 -1.263899e-07 1.110112e+00 -4.844942e-05
3.150000e+00 4.400000e-01 4.331938e-01 -6.201947e-08 1.110085e+00 -3.063233e-05
3.200000e+00 4.400000e-01 4.331950e-01 -4.267076e-08 1.110068e+00 -1.931758e-05
3.250000e+00 4.400000e-01 4.331957e-01 -3.705408e-08 1.110057e+00 -1.215955e-05
3.300000e+00 4.400000e-01 4.331962e-01 -3.549451e-08 1.110051e+00 -7.647942e-06
3.350000e+00 4.400000e-01 4.331965e-01 -3.509175e-08 1.110047e+00 -4.814158e-06
3.400000e+00 4.400000e-01 4.331967e-01 -3.500391e-08 1.110044e+00 -3.039573e-06
3.450000e+00 4.400000e-01 4.331968e-01 -3.499528e-08 1.110043e+00 -1.930734e-06
3.500000e+00 4.400000e-01 4.331968e-01 -3.500305e-08 1.110042e+00 -1.238513e-06
3.550000e+00 4.400000e-01 4.331969e-01 -3.501185e-08 1.110042e+00 -8.059027e-07
3.600000e+00 4.400000e-01 4.331969e-01 -3.501871e-08 1.110041e+00 -5.344440e-07
3.650000e+00 4.400000e-01 4.331969e-01 -3.502358e-08 1.110041e+00 -3.627181e-07
3.700000e+00 4.400000e-01 4.331970e-01 -3.502694e-08 1.110041e+00 -2.526217e-07
3.750000e+00 4.400000e-01 4.331970e-01 -3.502925e-08 1.110041e+00 -1.806475e-07
3.800000e+00 4.400000e-01 4.331970e-01 -3.503083e-08 1.110041e+00 -1.323711e-07
3.850000e+00 4.400000e-01 4.331970e-01 -3.503191e-08 1.110041e+00 -9.898218e-08
3.900000e+00 4.400000e-01 4.331970e-01 -3.503266e-08 1.110041e+00 -7.511590e-08
3.950000e+00 4.400000e-01 4.331970e-01 -3.503318e-08 1.110041e+00 -5.750536e-08
4.000000e+00 4.400000e-01 4.331970e-01 -3.503355e-08 1.110041e+00 -4.415077e-08
4.050000e+00 4.400000e-01 4.331970e-01 -3.503381e-08 1.110041e+00 -3.381171e-08
4.100000e+00 4.400000e-01 4.331970e-01 -3.503399e-08 1.110041e+00 -2.569980e-08
4.150000e+00 4.400000e-01 4.331970e-01 -3.503412e-08 1.110041e+00 -1.929498e-08
4.200000e+00 4.400000e-01 4.331970e-01 -3.503422e-08 1.110041e+00 -1.423693e-08
4.250000e+00 4.400000e-01 4.331970e-01 -3.503429e-08 1.110041e+00 -1.026192e-08
4.300000e+00 4.400000e-01 4.331970e-01 -3.503434e-08 1.110041e+00 -7.166640e-09
4.350000e+00 4.400000e-01 4.331970e-01 -3.503438e-08 1.110041e+00 -4.787605e-09
4.400000e+00 4.400000e-01 4.331970e-01 -3.503441e-08 1.110041e+00 -2.989696e-09
4.450000e+00 4.400000e-01 4.331970e-01 -3.503443e-08 1.110041e+00 -1.659542e-09
4.500000e+00 4.400000e-01 4.331970e-01 -3.503444e-08 1.110041e+00 -7.016215e-10
4.550000e+00 4.400000e-01 4.331970e-01 -3.503446e-08 1.110041e+00 -3.571199e-11
4.600000e+00 4.400000e-01 4.331970e-01 -3.503446e-08 1.110041e+00 4.050194e-10
4.650000e+00 4.400000e-01 4.331970e-01 -3.503447e-08 1.110041e+00 6.756012e-10
4.700000e+00 4.400000e-01 4.331970e-01 -3.503448e-08 1.110041e+00 8.207074e-10
4.750000e+00 4.400000e-01 4.331970e-01 -3.503448e-08 1.110041e+00 8.760281e-10
4.800000e+00 4.400000e-01 4.331970e-01 -3.503448e-08 1.110041e+00 8.695739e-10
4.850000e+00 4.400000e-01 4.331970e-01 -3.503448e-08 1.110041e+00 8.228901e-10
4.900000e+00 4.400000e-01 4.331970e-01 -3.503449e-08 1.110041e+00 7.521622e-10
4.950000e+00 4.400000e-01 4.331970e-01 -3.503449e-08 1.110041e+00 6.692225e-10
5.000000e+00 4.400000e-01 4.331970e-01 -3.503449e-08 1.110041e+00 5.824347e-10
5.050000e+00 4.400000e-01 4.331970e-01 -3.503449e-08 1.110041e+00 4.974521e-10
5.100000e+00 4.400000e-01 4.331970e-01 -3.503449e-08 1.110041e+00 4.178607e-10
5.150000e+00 4.400000e-01 4.331970e-01 -3.503449e-08 1.110041e+00 3.456940e-10
5.200000e+00 4.400000e-01 4.331970e-01 -3.503449e-08 1.110041e+00 2.818795e-10
5.250000e+00 4.400000e-01 4.331970e-01 -3.503449e-08 1.110041e+00 2.265760e-10
5.300000e+00 4.400000e-01 4.331970e-01 -3.503449e-08 1.110041e+00 1.794287e-10
5.350000e+00 4.400000e-01 4.331970e-01 -3.503449e-08 1.110041e+00 1.397821e-10
5.400000e+00 4.400000e-01 4.331970e-01 -3.503449e-08 1.110041e+00 1.068201e-10
5.450000e+00 4.400000e-01 4.331970e-01 -3.503449e-08 1.110041e+00 7.967960e-11
5.500000e+00 4.400000e-01 4.331970e-01 -3.503449e-08 1.110041e+00 5.751843e-11
5.550000e+00 4.400000e-01 4.331970e-01 -3.503449e-08 1.110041e+00 3.956890e-11
5.600000e+00 4.400000e-01 4.331970e-01 -3.503449e-08 1.110041e+00 2.517708e-11
5.650000e+00 4.400000e-01 4.331970e-01 -3.503449e-08 1.110041e+00 1.381451e-11
5.700000e+00 4.400000e-01 4.331970e-01 -3.503449e-08 1.110041e+00 5.105361e-12
5.750000e+00 4.400000e-01 4.331970e-01 -3.503449e-08 1.110041e+00 -1.165179e-12
5.800000e+00 4.400000e-01 4.331970e-01 -3.503449e-08 1.110041e+00 -5.041523e-12
5.850000e+00 4.400000e-01 4.331970e-01 -3.503449e-08 1.110041e+00 -6.364909e-12
5.900000e+00 4.400000e-01 4.331970e-01 -3.503449e-08 1.110041e+00 -4.748979e-12
5.950000e+00 4.400000e-01 4.331970e-01 -3.503449e-08 1.110041e+00 4.607426e-13
6.000000e+00 4.400000e-01 4.331970e-01 -3.503449e-08 1.110041e+00 1.024847e-11
6.050000e+00 4.400000e-01 4.331970e-01 -3.503449e-08 1.110041e+00 2.600475e-11
6.100000e+00 4.400000e-01 4.331970e-01 -3.503449e-08 1.110041e+00 4.964529e-11
6.150000e+00 4.400000e-01 4.331970e-01 -3.503449e-08 1.110041e+00 8.375023e-11
6.200000e+00 4.400000e-01 4.331970e-01 -3.503449e-08 1.110041e+00 1.317529e-10
6.250000e+00 4.400000e-01 4.331970e-01 -3.503449e-08 1.110041e+00 1.982081e-10
6.300000e+00 4.400000e-01 4.331970e-01 -3.503449e-08 1.110041e+00 2.891126e-10
6.350000e+00 4.400000e-01 4.331970e-01 -3.503449e-08 1.110041e+00 4.123452e-10
6.400000e+00 4.400000e-01 4.331970e-01 -3.503449e-08 1.110041e+00 5.782369e-10
6.450000e+00 4.400000e-01 4.331970e-01 -3.503449e-08 1.110041e+00 8.003065e-10
6.500000e+00 4.400000e-01 4.331970e-01 -3.503449e-08 1.110041e+00 1.096226e-09
6.550000e+00 4.400000e-01 4.331970e-01 -3.503449e-08 1.110041e+00 1.489059e-09
6.600000e+00 4.400000e-01 4.331970e-01 -3.503449e-08 1.110041e+00 2.008889e-09
6.650000e+00 4.400000e-01 4.331970e-01 -3.503449e-08 1.110041e+00 2.694922e-09
6.700000e+00 4.400000e-01 4.331970e-01 -3.503449e-08 1.110041e+00 3.598209e-09
6.750000e+00 4.400000e-01 4.331970e-01 -3.503449e-08 1.110041e+00 4.785192e-09
6.800000e+00 4.400000e-01 4.331970e-01 -3.503450e-08 1.110041e+00 6.342282e-09
6.850000e+00 4.400000e-01 4.331970e-01 -3.503450e-08 1.110041e+00 8.381810e-09
6.900000e+00 4.400000e-01 4.331970e-01 -3.503450e-08 1.110041e+00 1.104973e-08
6.950000e+00 4.400000e-01 4.331970e-01 -3.503450e-08 1.110041e+00 1.453560e-08
7.000000e+00 4.400000e-01 4.331970e-01 -3.503451e-08 1.110041e+00 1.908550e-08
7.050000e+00 4.400000e-01 4.331970e-01 -3.503451e-08 1.110041e+00 2.501880e-08
7.100000e+00 4.400000e-01 4.331970e-01 -3.503452e-08 1.110041e+00 3.274983e-08
7.150000e+00 4.400000e-01 4.331970e-01 -3.503453e-08 1.110041e+00 4.281591e-08
7.200000e+00 4.400000e-01 4.331970e-01 -3.503452e-08 1.110041e+00 5.591375e-08
7.250000e+00 4.400000e-01 4.331970e-01 -3.503463e-08 1.110042e+00 7.294634e-08
7.300000e+00 4.400000e-01 4.331970e-01 -3.503429e-08 1.110042e+00 9.508397e-08
7.350000e+00 4.400000e-01 4.331970e-01 -3.503564e-08 1.110042e+00 1.238425e-07
7.400000e+00 4.400000e-01 4.331970e-01 -3.503096e-08 1.110042e+00 1.611862e-07
7.450000e+00 4.400000e-01 4.331970e-01 -3.504720e-08 1.110042e+00 2.096559e-07
7.500000e+00 4.400000e-01 4.331970e-01 -3.499342e-08 1.110042e+00 2.725505e-07
7.550000e+00 4.400000e-01 4.331969e-01 -3.516670e-08 1.110042e+00 3.541104e-07
7.600000e+00 4.400000e-01 4.331969e-01 -3.462817e-08 1.110043e+00 4.599150e-07
7.650000e+00 4.400000e-01 4.331969e-01 -3.624565e-08 1.110043e+00 5.969121e-07
7.700000e+00 4.400000e-01 4.331969e-01 -3.156219e-08 1.110044e+00 7.748619e-07
7.750000e+00 4.400000e-01 4.331968e-01 -4.462485e-08 1.110044e+00 1.004274e-06
7.800000e+00 4.400000e-01 4.331968e-01 -9.592922e-09 1.110045e+00 1.304302e-06
7.850000e+00 4.400000e-01 4.331967e-01 -9.978300e-08 1.110047e+00 1.685660e-06
7.900000e+00 4.400000e-01 4.331966e-01 1.226648e-07 1.110048e+00 2.196175e-06
7.950000e+00 4.400000e-01 4.331965e-01 -4.017621e-07 1.110050e+00 2.819159e-06
8.000000e+00 4.400000e-01 4.331963e-01 7.768055e-07 1.110053e+00 3.705817e-06
8.050000e+00 4.400000e-01 4.331961e-01 -1.740031e-06 1.110056e+00 4.690541e-06
8.100000e+00 4.400000e-01 4.331958e-01 3.347605e-06 1.110060e+00 6.272281e-06
8.150000e+00 4.400000e-01 4.331955e-01 -6.341653e-06 1.110067e+00 7.771773e-06
8.200000e+00 4.400000e-01 4.331951e-01 1.094076e-05 1.110072e+00 1.060655e-05
8.250000e+00 4.400000e-01 4.331944e-01 -1.770970e-05 1.110084e+00 1.292820e-05
8.300000e+00 4.400000e-01 4.331938e-01 2.598370e-05 1.110092e+00 1.772922e-05
8.350000e+00 4.400000e-01 4.331926e-01 -3.443991e-05 1.110114e+00 2.185205e-05
8.400000e+00 4.400000e-01 4.331916e-01 3.972349e-05 1.110126e+00 2.909234e-05
8.450000e+00 4.400000e-01 4.331897e-01 -3.831088e-05 1.110162e+00 3.738079e-05
8.500000e+00 4.400000e-01 4.331878e-01 2.776441e-05 1.110187e+00 4.765421e-05
8.550000e+00 4.400000e-01 4.331850e-01 -1.151217e-05 1.110238e+00 6.290064e-05
8.600000e+00 4.400000e-01 4.331816e-01 1.942586e-07 1.110290e+00 8.015676e-05
8.650000e+00 4.400000e-01 4.331769e-01 -9.536090e-06 1.110367e+00 1.030002e-04
8.700000e+00 4.400000e-01 4.331713e-01 4.698920e-05 1.110454e+00 1.360721e-04
8.750000e+00 4.400000e-01 4.331633e-01 -9.628344e-05 1.110590e+00 1.710336e-04
8.800000e+00 4.400000e-01 4.331542e-01 1.125454e-04 1.110726e+00 2.236725e-04
8.850000e+00 4.400000e-01 4.331410e-01 -5.317404e-05 1.110951e+00 2.913231e-04
8.900000e+00 4.400000e-01 4.331250e-01 -6.412331e-05 1.111201e+00 3.679379e-04
8.950000e+00 4.400000e-01 4.331042e-01 1.278016e-04 1.111538e+00 4.810673e-04
9.000000e+00 4.400000e-01 4.330769e-01 -9.854385e-06 1.111976e+00 6.258291e-04
9.050000e+00 4.400000e-01 4.330416e-01 -2.535988e-04 1.112557e+00 7.901486e-04
9.100000e+00 4.400000e-01 4.329979e-01 3.674854e-04 1.113238e+00 1.031963e-03
9.150000e+00 4.400000e-01 4.329384e-01 -3.605042e-05 1.114219e+00 1.344492e-03
9.200000e+00 4.400000e-01 4.328634e-01 -5.217461e-04 1.115423e+00 1.701791e-03
9.250000e+00 4.400000e-01 4.327682e-01 5.010189e-04 1.116946e+00 2.206276e-03
9.300000e+00 4.400000e-01 4.326428e-01 4.958600e-04 1.118961e+00 2.894020e-03
9.350000e+00 4.400000e-01 4.324788e-01 -1.308867e-03 1.121642e+00 3.686570e-03
9.400000e+00 4.400000e-01 4.322742e-01 1.804587e-04 1.124894e+00 4.734470e-03
9.450000e+00 4.400000e-01 4.320054e-01 2.065407e-03 1.129210e+00 6.237929e-03
9.500000e+00 4.400000e-01 4.316504e-01 -1.520779e-03 1.134948e+00 8.086985e-03
9.550000e+00 4.400000e-01 4.311967e-01 -2.723005e-03 1.142258e+00 1.035194e-02
9.600000e+00 4.400000e-01 4.306152e-01 3.903316e-03 1.151497e+00 1.359054e-02
9.650000e+00 4.400000e-01 4.298376e-01 2.767252e-03 1.163949e+00 1.803694e-02
9.700000e+00 4.400000e-01 4.288115e-01 -7.065451e-03 1.180421e+00 2.355811e-02
9.750000e+00 4.400000e-01 4.274818e-01 -1.943850e-03 1.201645e+00 3.089176e-02
9.800000e+00 4.400000e-01 4.257223e-01 9.567589e-03 1.229538e+00 4.137981e-02
9.850000e+00 4.400000e-01 4.233438e-01 7.491247e-04 1.267390e+00 5.562974e-02
9.900000e+00 4.400000e-01 4.201593e-01 -7.281988e-03 1.318216e+00 7.429879e-02
9.950000e+00 4.400000e-01 4.159139e-01 -1.321188e-03 1.386137e+00 9.903334e-02
1.000000e+01 4.400000e-01 4.102560e-01 -2.973686e-03 0.000000e+00 0.000000e+00
0.000000e+00 4.600000e-01 4.399440e-01 -4.800000e-01 0.000000e+00 0.000000e+00
5.000000e-02 4.600000e-01 4.403137e-01 -4.486150e-01 1.481214e+00 -4.590351e-03
1.000000e-01 4.600000e-01 4.404030e-01 8.648406e-01 1.486718e+00 1.525099e-02
1.500000e-01 4.600000e-01 4.387886e-01 -4.679166e-01 1.518691e+00 1.940507e-02
2.000000e-01 4.600000e-01 4.384625e-01 -3.144323e+00 1.507733e+00 -2.681537e-02
2.500000e-01 4.600000e-01 4.414701e-01 -7.185575e-01 1.447320e+00 -3.944485e-02
3.000000e-01 4.600000e-01 4.424070e-01 3.501503e+00 1.456917e+00 3.179703e-02
3.500000e-01 4.600000e-01 4.382904e-01 6.816131e-01 1.544971e+00 6.103189e-02
4.000000e-01 4.600000e-01 4.363038e-01 -5.044210e+00 1.550257e+00 -2.767063e-02
4.500000e-01 4.600000e-01 4.410575e-01 -2.471037e+00 1.442439e+00 -8.067847e-02
5.000000e-01 4.600000e-01 4.443717e-01 4.681555e+00 1.416146e+00 1.283336e-02
5.500000e-01 4.600000e-01 4.397741e-01 3.428158e+00 1.533191e+00 9.418705e-02
6.000000e-01 4.600000e-01 4.349530e-01 -4.385121e+00 1.594894e+00 1.216459e-02
6.500000e-01 4.600000e-01 4.385577e-01 -5.044474e+00 1.486980e+00 -9.580684e-02
7.000000e-01 4.600000e-01 4.445337e-01 2.712722e+00 1.393640e+00 -4.203754e-02
7.500000e-01 4.600000e-01 4.427614e-01 5.524595e+00 1.473179e+00 8.043545e-02
8.000000e-01 4.600000e-01 4.364901e-01 -8.078751e-01 1.588780e+00 6.646709e-02
8.500000e-01 4.600000e-01 4.361147e-01 -5.465653e+00 1.551698e+00 -5.414097e-02
9.000000e-01 4.600000e-01 4.419042e-01 -1.284625e+00 1.427264e+00 -8.260503e-02
9.500000e-01 4.600000e-01 4.443752e-01 4.155459e+00 1.413691e+00 1.504534e-02
1.000000e+00 4.600000e-01 4.403997e-01 2.514811e+00 1.513138e+00 7.460571e-02
1.050000e+00 4.600000e-01 4.369147e-01 -2.590970e+00 1.560124e+00 1.324127e-02
1.100000e+00 4.600000e-01 4.390755e-01 -3.263865e+00 1.488857e+00 -6.128432e-02
1.150000e+00 4.600000e-01 4.430431e-01 5.017931e-01 1.413473e+00 -4.112795e-02
1.200000e+00 4.600000e-01 4.431883e-01 2.453551e+00 1.432493e+00 2.638229e-02
1.250000e+00 4.600000e-01 4.404049e-01 3.857364e-01 1.493269e+00 3.847543e-02
1.300000e+00 4.600000e-01 4.393408e-01 -1.966229e+00 1.498752e+00 -8.964719e-03
1.350000e+00 4.600000e-01 4.413013e-01 -1.523600e+00 1.445589e+00 -4.019675e-02
1.400000e+00 4.600000e-01 4.433605e-01 3.282147e-01 1.406579e+00 -1.956731e-02
1.450000e+00 4.600000e-01 4.432581e-01 8.410772e-01 1.417723e+00 1.288312e-02
1.500000e+00 4.600000e-01 4.420722e-01 -2.087135e-01 1.442880e+00 1.336968e-02
1.550000e+00 4.600000e-01 4.419211e-01 -1.091895e+00 1.438332e+00 -1.049724e-02
1.600000e+00 4.600000e-01 4.431219e-01 -8.511268e-01 1.406557e+00 -2.444403e-02
1.650000e+00 4.600000e-01 4.443655e-01 -1.394427e-01 1.379823e+00 -1.594818e-02
1.700000e+00 4.600000e-01 4.447167e-01 9.730675e-02 1.374717e+00 -1.674732e-03
1.750000e+00 4.600000e-01 4.445330e-01 -2.298033e-01 1.378774e+00 5.311718e-04
1.800000e+00 4.600000e-01 4.446636e-01 -5.856990e-01 1.372856e+00 -8.833900e-03
1.850000e+00 4.600000e-01 4.454164e-01 -6.037596e-01 1.352634e+00 -1.771568e-02
1.900000e+00 4.600000e-01 4.464352e-01 -3.788888e-01 1.327939e+00 -1.841384e-02
1.950000e+00 4.600000e-01 4.472577e-01 -1.898307e-01 1.309001e+00 -1.328684e-02
2.000000e+00 4.600000e-01 4.477638e-01 -1.734472e-01 1.297345e+00 -9.007245e-03
2.050000e+00 4.600000e-01 4.481585e-01 -2.705114e-01 1.287476e+00 -9.362173e-03
2.100000e+00 4.600000e-01 4.487001e-01 -3.590203e-01 1.273460e+00 -1.338038e-02
2.150000e+00 4.600000e-01 4.494965e-01 -3.717606e-01 1.253239e+00 -1.785614e-02
2.200000e+00 4.600000e-01 4.504857e-01 -3.150950e-01 1.228653e+00 -2.029013e-02
2.250000e+00 4.600000e-01 4.515255e-01 -2.286420e-01 1.203191e+00 -2.000153e-02
2.300000e+00 4.600000e-01 4.524858e-01 -1.468046e-01 1.179902e+00 -1.765230e-02
2.350000e+00 4.600000e-01 4.532908e-01 -8.543671e-02 1.160499e+00 -1.432898e-02
2.400000e+00 4.600000e-01 4.539187e-01 -4.587274e-02 1.145416e+00 -1.092631e-02
2.450000e+00 4.600000e-01 4.543834e-01 -2.302138e-02 1.134279e+00 -7.954394e-03
2.500000e+00 4.600000e-01 4.547142e-01 -1.090284e-02 1.126360e+00 -5.596984e-03
2.550000e+00 4.600000e-01 4.549431e-01 -4.907338e-03 1.120884e+00 -3.841635e-03
2.600000e+00 4.600000e-01 4.550983e-01 -2.110166e-03 1.117173e+00 -2.589638e-03
2.650000e+00 4.600000e-01 4.552020e-01 -8.702494e-04 1.114695e+00 -1.722828e-03
2.700000e+00 4.600000e-01 4.552706e-01 -3.452318e-04 1.113059e+00 -1.135035e-03
2.750000e+00 4.600000e-01 4.553155e-01 -1.320420e-04 1.111987e+00 -7.422519e-04
2.800000e+00 4.600000e-01 4.553448e-01 -4.878024e-05 1.111289e+00 -4.825459e-04
2.850000e+00 4.600000e-01 4.553638e-01 -1.743341e-05 1.110838e+00 -3.121825e-04
2.900000e+00 4.600000e-01 4.553760e-01 -6.036566e-06 1.110547e+00 -2.011166e-04
2.950000e+00 4.600000e-01 4.553839e-01 -2.029319e-06 1.110361e+00 -1.290793e-04
3.000000e+00 4.600000e-01 4.553890e-01 -6.650663e-07 1.110242e+00 -8.256475e-05
3.050000e+00 4.600000e-01 4.553922e-01 -2.149134e-07 1.110167e+00 -5.265304e-05
3.100000e+00 4.600000e-01 4.553942e-01 -7.083709e-08 1.110119e+00 -3.349197e-05
3.150000e+00 4.600000e-01 4.553955e-01 -2.608146e-08 1.110089e+00 -2.126273e-05
3.200000e+00 4.600000e-01 4.553963e-01 -1.258475e-08 1.110071e+00 -1.348495e-05
3.250000e+00 4.600000e-01 4.553969e-01 -8.635506e-09 1.110059e+00 -8.554464e-06
3.300000e+00 4.600000e-01 4.553972e-01 -7.516839e-09 1.110052e+00 -5.437963e-06
3.350000e+00 4.600000e-01 4.553974e-01 -7.212250e-09 1.110048e+00 -3.472551e-06
3.400000e+00 4.600000e-01 4.553975e-01 -7.134186e-09 1.110045e+00 -2.234686e-06
3.450000e+00 4.600000e-01 4.553976e-01 -7.116614e-09 1.110043e+00 -1.454892e-06
3.500000e+00 4.600000e-01 4.553977e-01 -7.114170e-09 1.110042e+00 -9.624655e-07
3.550000e+00 4.600000e-01 4.553977e-01 -7.114983e-09 1.110042e+00 -6.497683e-07
3.600000e+00 4.600000e-01 4.553978e-01 -7.116164e-09 1.110042e+00 -4.492490e-07
3.650000e+00 4.600000e-01 4.553978e-01 -7.117122e-09 1.110041e+00 -3.187216e-07
3.700000e+00 4.600000e-01 4.553978e-01 -7.117813e-09 1.110041e+00 -2.319685e-07
3.750000e+00 4.600000e-01 4.553978e-01 -7.118294e-09 1.110041e+00 -1.727687e-07
3.800000e+00 4.600000e-01 4.553978e-01 -7.118626e-09 1.110041e+00 -1.311228e-07
3.850000e+00 4.600000e-01 4.553978e-01 -7.118855e-09 1.110041e+00 -1.008777e-07
3.900000e+00 4.600000e-01 4.553978e-01 -7.119014e-09 1.110041e+00 -7.824197e-08
3.950000e+00 4.600000e-01 4.553978e-01 -7.119125e-09 1.110041e+00 -6.086395e-08
4.000000e+00 4.600000e-01 4.553978e-01 -7.119203e-09 1.110041e+00 -4.726405e-08
4.050000e+00 4.600000e-01 4.553978e-01 -7.119259e-09 1.110041e+00 -3.648793e-08
4.100000e+00 4.600000e-01 4.553978e-01 -7.119298e-09 1.110041e+00 -2.789713e-08
4.150000e+00 4.600000e-01 4.553978e-01 -7.119327e-09 1.110041e+00 -2.104401e-08
4.200000e+00 4.600000e-01 4.553978e-01 -7.119348e-09 1.110041e+00 -1.559796e-08
4.250000e+00 4.600000e-01 4.553978e-01 -7.119363e-09 1.110041e+00 -1.130256e-08
4.300000e+00 4.600000e-01 4.553978e-01 -7.119374e-09 1.110041e+00 -7.950806e-09
4.350000e+00 4.600000e-01 4.553978e-01 -7.119382e-09 1.110041e+00 -5.371005e-09
4.400000e+00 4.600000e-01 4.553978e-01 -7.119389e-09 1.110041e+00 -3.418575e-09
4.450000e+00 4.600000e-01 4.553978e-01 -7.119393e-09 1.110041e+00 -1.971107e-09
4.500000e+00 4.600000e-01 4.553978e-01 -7.119397e-09 1.110041e+00 -9.251583e-10
4.550000e+00 4.600000e-01 4.553978e-01 -7.119399e-09 1.110041e+00 -1.938949e-10
4.600000e+00 4.600000e-01 4.553978e-01 -7.119401e-09 1.110041e+00 2.948569e-10
4.650000e+00 4.600000e-01 4.553978e-01 -7.119403e-09 1.110041e+00 6.003431e-10
4.700000e+00 4.600000e-01 4.553978e-01 -7.119404e-09 1.110041e+00 7.705281e-10
4.750000e+00 4.600000e-01 4.553978e-01 -7.119404e-09 1.110041e+00 8.436285e-10
4.800000e+00 4.600000e-01 4.553978e-01 -7.119405e-09 1.110041e+00 8.495810e-10
4.850000e+00 4.600000e-01 4.553978e-01 -7.119406e-09 1.110041e+00 8.113865e-10
4.900000e+00 4.600000e-01 4.553978e-01 -7.119406e-09 1.110041e+00 7.463186e-10
4.950000e+00 4.600000e-01 4.553978e-01 -7.119406e-09 1.110041e+00 6.670209e-10
5.000000e+00 4.600000e-01 4.553978e-01 -7.119406e-09 1.110041e+00 5.824574e-10
5.050000e+00 4.600000e-01 4.553978e-01 -7.119406e-09 1.110041e+00 4.987172e-10
5.100000e+00 4.600000e-01 4.553978e-01 -7.119406e-09 1.110041e+00 4.196976e-10
5.150000e+00 4.600000e-01 4.553978e-01 -7.119407e-09 1.110041e+00 3.476608e-10
5.200000e+00 4.600000e-01 4.553978e-01 -7.119407e-09 1.110041e+00 2.836864e-10
5.250000e+00 4.600000e-01 4.553978e-01 -7.119407e-09 1.110041e+00 2.280315e-10
5.300000e+00 4.600000e-01 4.553978e-01 -7.119407e-09 1.110041e+00 1.804101e-10
5.350000e+00 4.600000e-01 4.553978e-01 -7.119407e-09 1.110041e+00 1.401979e-10
5.400000e+00 4.600000e-01 4.553978e-01 -7.119407e-09 1.110041e+00 1.065897e-10
5.450000e+00 4.600000e-01 4.553978e-01 -7.119407e-09 1.110041e+00 7.871870e-11
5.500000e+00 4.600000e-01 4.553978e-01 -7.119407e-09 1.110041e+00 5.571543e-11
5.550000e+00 4.600000e-01 4.553978e-01 -7.119407e-09 1.110041e+00 3.677447e-11
5.600000e+00 4.600000e-01 4.553978e-01 -7.119407e-09 1.110041e+00 2.118694e-11
5.650000e+00 4.600000e-01 4.553978e-01 -7.119407e-09 1.110041e+00 8.352208e-12
5.700000e+00 4.600000e-01 4.553978e-01 -7.119407e-09 1.110041e+00 -2.201572e-12
5.750000e+00 4.600000e-01 4.553978e-01 -7.119407e-09 1.110041e+00 -1.081524e-11
5.800000e+00 4.600000e-01 4.553978e-01 -7.119407e-09 1.110041e+00 -1.768974e-11
5.850000e+00 4.600000e-01 4.553978e-01 -7.119407e-09 1.110041e+00 -2.287115e-11
5.900000e+00 4.600000e-01 4.553978e-01 -7.119407e-09 1.110041e+00 -2.624345e-11
5.950000e+00 4.600000e-01 4.553978e-01 -7.119407e-09 1.110041e+00 -2.749467e-11
6.000000e+00 4.600000e-01 4.553978e-01 -7.119407e-09 1.110041e+00 -2.608469e-11
6.050000e+00 4.600000e-01 4.553978e-01 -7.119407e-09 1.110041e+00 -2.119971e-11
6.100000e+00 4.600000e-01 4.553978e-01 -7.119407e-09 1.110041e+00 -1.167455e-11
6.150000e+00 4.600000e-01 4.553978e-01 -7.119407e-09 1.110041e+00 4.095058e-12
6.200000e+00 4.600000e-01 4.553978e-01 -7.119407e-09 1.110041e+00 2.828016e-11
6.250000e+00 4.600000e-01 4.553978e-01 -7.119407e-09 1.110041e+00 6.379397e-11
6.300000e+00 4.600000e-01 4.553978e-01 -7.119407e-09 1.110041e+00 1.145023e-10
6.350000e+00 4.600000e-01 4.553978e-01 -7.119407e-09 1.110041e+00 1.855188e-10
6.400000e+00 4.600000e-01 4.553978e-01 -7.119407e-09 1.110041e+00 2.835826e-10
6.450000e+00 4.600000e-01 4.553978e-01 -7.119407e-09 1.110041e+00 4.175460e-10
6.500000e+00 4.600000e-01 4.553978e-01 -7.119407e-09 1.110041e+00 5.990314e-10
6.550000e+00 4.600000e-01 4.553978e-01 -7.119407e-09 1.110041e+00 8.432466e-10
6.600000e+00 4.600000e-01 4.553978e-01 -7.119407e-09 1.110041e+00 1.170080e-09
6.650000e+00 4.600000e-01 4.553978e-01 -7.119407e-09 1.110041e+00 1.605515e-09
6.700000e+00 4.600000e-01 4.553978e-01 -7.119407e-09 1.110041e+00 2.183440e-09
6.750000e+00 4.600000e-01 4.553978e-01 -7.119407e-09 1.110041e+00 2.948038e-09
6.800000e+00 4.600000e-01 4.553978e-01 -7.119408e-09 1.110041e+00 3.956856e-09
6.850000e+00 4.600000e-01 4.553978e-01 -7.119408e-09 1.110041e+00 5.284791e-09
6.900000e+00 4.600000e-01 4.553978e-01 -7.119408e-09 1.110041e+00 7.029263e-09
6.950000e+00 4.600000e-01 4.553978e-01 -7.119409e-09 1.110041e+00 9.316900e-09
7.000000e+00 4.600000e-01 4.553978e-01 -7.119410e-09 1.110041e+00 1.231224e-08
7.050000e+00 4.600000e-01 4.553978e-01 -7.119411e-09 1.110041e+00 1.622894e-08
7.100000e+00 4.600000e-01 4.553978e-01 -7.119411e-09 1.110042e+00 2.134437e-08
7.150000e+00 4.600000e-01 4.553978e-01 -7.119415e-09 1.110042e+00 2.801843e-08
7.200000e+00 4.600000e-01 4.553978e-01 -7.119410e-09 1.110042e+00 3.671793e-08
7.250000e+00 4.600000e-01 4.553978e-01 -7.119439e-09 1.110042e+00 4.804819e-08
7.300000e+00 4.600000e-01 4.553978e-01 -7.119339e-09 1.110042e+00 6.279393e-08
7.350000e+00 4.600000e-01 4.553978e-01 -7.119727e-09 1.110042e+00 8.197195e-08
7.400000e+00 4.600000e-01 4.553978e-01 -7.118360e-09 1.110042e+00 1.069000e-07
7.450000e+00 4.600000e-01 4.553978e-01 -7.123133e-09 1.110042e+00 1.392837e-07
7.500000e+00 4.600000e-01 4.553978e-01 -7.107122e-09 1.110042e+00 1.813357e-07
7.550000e+00 4.600000e-01 4.553978e-01 -7.159250e-09 1.110043e+00 2.359082e-07
7.600000e+00 4.600000e-01 4.553978e-01 -6.995403e-09 1.110043e+00 3.067314e-07
7.650000e+00 4.600000e-01 4.553978e-01 -7.492894e-09 1.110043e+00 3.985184e-07
7.700000e+00 4.600000e-01 4.553977e-01 -6.036498e-09 1.110044e+00 5.176942e-07
7.750000e+00 4.600000e-01 4.553977e-01 -1.014289e-08 1.110045e+00 6.716678e-07
7.800000e+00 4.600000e-01 4.553977e-01 9.898206e-10 1.110046e+00 8.724143e-07
7.850000e+00 4.600000e-01 4.553976e-01 -2.798150e-08 1.110047e+00 1.129327e-06
7.900000e+00 4.600000e-01 4.553976e-01 4.424199e-08 1.110048e+00 1.469396e-06
7.950000e+00 4.600000e-01 4.553975e-01 -1.278376e-07 1.110050e+00 1.892931e-06
8.000000e+00 4.600000e-01 4.553974e-01 2.629454e-07 1.110053e+00 2.477049e-06
8.050000e+00 4.600000e-01 4.553972e-01 -5.801842e-07 1.110057e+00 3.159801e-06
8.100000e+00 4.600000e-01 4.553970e-01 1.141316e-06 1.110061e+00 4.182907e-06
8.150000e+00 4.600000e-01 4.553968e-01 -2.169096e-06 1.110067e+00 5.256216e-06
8.200000e+00 4.600000e-01 4.553965e-01 3.789933e-06 1.110074e+00 7.057957e-06
8.250000e+00 4.600000e-01 4.553961e-01 -6.172021e-06 1.110085e+00 8.761710e-06
8.300000e+00 4.600000e-01 4.553956e-01 9.129172e-06 1.110095e+00 1.181039e-05
8.350000e+00 4.600000e-01 4.553949e-01 -1.213591e-05 1.110114e+00 1.476300e-05
8.400000e+00 4.600000e-01 4.553942e-01 1.398534e-05 1.110131e+00 1.949406e-05
8.450000e+00 4.600000e-01 4.553930e-01 -1.327037e-05 1.110163e+00 2.509316e-05
8.500000e+00 4.600000e-01 4.553917e-01 9.047032e-06 1.110193e+00 3.210749e-05
8.550000e+00 4.600000e-01 4.553898e-01 -2.502737e-06 1.110242e+00 4.216136e-05
8.600000e+00 4.600000e-01 4.553874e-01 -2.204341e-06 1.110298e+00 5.388754e-05
8.650000e+00 4.600000e-01 4.553844e-01 -1.162555e-06 1.110375e+00 6.939546e-05
8.700000e+00 4.600000e-01 4.553805e-01 1.590309e-05 1.110468e+00 9.111044e-05
8.750000e+00 4.600000e-01 4.553753e-01 -3.573522e-05 1.110601e+00 1.153022e-04
8.800000e+00 4.600000e-01 4.553690e-01 4.244867e-05 1.110751e+00 1.503553e-04
8.850000e+00 4.600000e-01 4.553602e-01 -1.775403e-05 1.110971e+00 1.953805e-04
8.900000e+00 4.600000e-01 4.553494e-01 -3.208016e-05 1.111234e+00 2.479715e-04
8.950000e+00 4.600000e-01 4.553354e-01 6.050965e-05 1.111579e+00 3.234253e-04
9.000000e+00 4.600000e-01 4.553171e-01 -1.095436e-05 1.112031e+00 4.198021e-04
9.050000e+00 4.600000e-01 4.552934e-01 -1.047547e-04 1.112617e+00 5.325237e-04
9.100000e+00 4.600000e-01 4.552638e-01 1.590527e-04 1.113336e+00 6.939999e-04
9.150000e+00 4.600000e-01 4.552240e-01 -1.428157e-05 1.114326e+00 9.022037e-04
9.200000e+00 4.600000e-01 4.551736e-01 -2.433598e-04 1.115566e+00 1.146024e-03
9.250000e+00 4.600000e-01 4.551094e-01 2.485470e-04 1.117139e+00 1.485403e-03
9.300000e+00 4.600000e-01 4.550251e-01 2.094296e-04 1.119214e+00 1.942820e-03
9.350000e+00 4.600000e-01 4.549152e-01 -6.219956e-04 1.121936e+00 2.480106e-03
9.400000e+00 4.600000e-01 4.547771e-01 1.287944e-04 1.125314e+00 3.190601e-03
9.450000e+00 4.600000e-01 4.545961e-01 9.828206e-04 1.129758e+00 4.194587e-03
9.500000e+00 4.600000e-01 4.543576e-01 -8.463345e-04 1.135639e+00 5.436505e-03
9.550000e+00 4.600000e-01 4.540525e-01 -1.211543e-03 1.143147e+00 6.976769e-03
9.600000e+00 4.600000e-01 4.536599e-01 2.066832e-03 1.152741e+00 9.162459e-03
9.650000e+00 4.600000e-01 4.531362e-01 1.043029e-03 1.165593e+00 1.214306e-02
9.700000e+00 4.600000e-01 4.524456e-01 -3.630394e-03 1.182567e+00 1.587124e-02
9.750000e+00 4.600000e-01 4.515491e-01 -3.440721e-04 1.204525e+00 2.084901e-02
9.800000e+00 4.600000e-01 4.503607e-01 4.738741e-03 1.233541e+00 2.792697e-02
9.850000e+00 4.600000e-01 4.487564e-01 -3.663645e-04 1.272810e+00 3.750799e-02
9.900000e+00 4.600000e-01 4.466099e-01 -3.543099e-03 1.325417e+00 5.006573e-02
9.950000e+00 4.600000e-01 4.437498e-01 -3.815728e-04 1.395576e+00 6.665930e-02
1.000000e+01 4.600000e-01 4.399440e-01 -1.264003e-03 0.000000e+00 0.000000e+00
0.000000e+00 4.800000e-01 4.698240e-01 -2.400000e-01 0.000000e+00 0.000000e+00
5.000000e-02 4.800000e-01 4.700142e-01 -2.802127e-01 1.487157e+00 -2.952310e-03
1.000000e-01 4.800000e-01 4.701192e-01 4.920466e-01 1.484918e+00 7.500767e-03
1.500000e-01 4.800000e-01 4.692641e-01 -5.329900e-02 1.525255e+00 1.166790e-02
2.000000e-01 4.800000e-01 4.689524e-01 -1.658546e+00 1.533401e+00 -1.276057e-02
2.500000e-01 4.800000e-01 4.705402e-01 -6.402344e-01 1.458241e+00 -2.312159e-02
3.000000e-01 4.800000e-01 4.712646e-01 1.894489e+00 1.434821e+00 1.405031e-02
3.500000e-01 4.800000e-01 4.691352e-01 8.193470e-01 1.537686e+00 3.456200e-02
4.000000e-01 4.800000e-01 4.678084e-01 -2.503118e+00 1.587328e+00 -1.085752e-02
4.500000e-01 4.800000e-01 4.702209e-01 -1.669350e+00 1.468532e+00 -4.489892e-02
5.000000e-01 4.800000e-01 4.722983e-01 2.401820e+00 1.385705e+00 1.508656e-03
5.500000e-01 4.800000e-01 4.700701e-01 2.426219e+00 1.500592e+00 5.059601e-02
6.000000e-01 4.800000e-01 4.672387e-01 -1.828504e+00 1.621073e+00 1.209782e-02
6.500000e-01 4.800000e-01 4.688603e-01 -2.874345e+00 1.530984e+00 -4.995900e-02
7.000000e-01 4.800000e-01 4.722346e-01 1.157900e+00 1.381631e+00 -2.791901e-02
7.500000e-01 4.800000e-01 4.716522e-01 3.344667e+00 1.425918e+00 3.983986e-02
8.000000e-01 4.800000e-01 4.682506e-01 2.574587e-01 1.582649e+00 3.955427e-02
8.500000e-01 4.800000e-01 4.676968e-01 -2.719589e+00 1.592026e+00 -2.444913e-02
9.000000e-01 4.800000e-01 4.706955e-01 -9.443157e-01 1.447324e+00 -4.591149e-02
9.500000e-01 4.800000e-01 4.722879e-01 2.202190e+00 1.385561e+00 3.583742e-03
1.000000e+00 4.800000e-01 4.703371e-01 1.776444e+00 1.484926e+00 3.976977e-02
1.050000e+00 4.800000e-01 4.683109e-01 -9.902659e-01 1.572030e+00 1.097388e-02
1.100000e+00 4.800000e-01 4.692398e-01 -1.720651e+00 1.518014e+00 -3.063416e-02
1.150000e+00 4.800000e-01 4.713743e-01 1.273338e-01 1.418840e+00 -2.379356e-02
1.200000e+00 4.800000e-01 4.716191e-01 1.357022e+00 1.415210e+00 1.193473e-02
1.250000e+00 4.800000e-01 4.701809e-01 4.305289e-01 1.484788e+00 2.121760e-02
1.300000e+00 4.800000e-01 4.694974e-01 -8.883083e-01 1.511386e+00 -2.541547e-03
1.350000e+00 4.800000e-01 4.704350e-01 -8.141047e-01 1.462377e+00 -2.048247e-02
1.400000e+00 4.800000e-01 4.715456e-01 1.225266e-01 1.410903e+00 -1.124050e-02
1.450000e+00 4.800000e-01 4.715591e-01 4.686557e-01 1.413465e+00 6.053183e-03
1.500000e+00 4.800000e-01 4.709403e-01 -2.923924e-02 1.443114e+00 7.528982e-03
1.550000e+00 4.800000e-01 4.708062e-01 -5.183631e-01 1.446893e+00 -4.499561e-03
1.600000e+00 4.800000e-01 4.713902e-01 -4.423783e-01 1.416877e+00 -1.233708e-02
1.650000e+00 4.800000e-01 4.720399e-01 -8.570501e-02 1.385789e+00 -8.514671e-03
1.700000e+00 4.800000e-01 4.722417e-01 5.638542e-02 1.377012e+00 -1.079182e-03
1.750000e+00 4.800000e-01 4.721478e-01 -9.636346e-02 1.381609e+00 4.643096e-04
1.800000e+00 4.800000e-01 4.721953e-01 -2.828681e-01 1.378348e+00 -4.135026e-03
1.850000e+00 4.800000e-01 4.725613e-01 -3.040754e-01 1.359533e+00 -8.799300e-03
1.900000e+00 4.800000e-01 4.730752e-01 -1.954960e-01 1.334066e+00 -9.361091e-03
1.950000e+00 4.800000e-01 4.734974e-01 -9.742137e-02 1.313505e+00 -6.822994e-03
2.000000e+00 4.800000e-01 4.737575e-01 -8.485811e-02 1.300855e+00 -4.576798e-03
2.050000e+00 4.800000e-01 4.739551e-01 -1.321340e-01 1.290993e+00 -4.652460e-03
2.100000e+00 4.800000e-01 4.742227e-01 -1.778002e-01 1.277456e+00 -6.637212e-03
2.150000e+00 4.800000e-01 4.746188e-01 -1.861245e-01 1.257547e+00 -8.914834e-03
2.200000e+00 4.800000e-01 4.751142e-01 -1.589416e-01 1.232821e+00 -1.018849e-02
2.250000e+00 4.800000e-01 4.756377e-01 -1.159234e-01 1.206826e+00 -1.008365e-02
2.300000e+00 4.800000e-01 4.761226e-01 -7.469093e-02 1.182819e+00 -8.922292e-03
2.350000e+00 4.800000e-01 4.765299e-01 -4.357142e-02 1.162697e+00 -7.254214e-03
2.400000e+00 4.800000e-01 4.768480e-01 -2.343185e-02 1.146998e+00 -5.536969e-03
2.450000e+00 4.800000e-01 4.770836e-01 -1.177189e-02 1.135382e+00 -4.033277e-03
2.500000e+00 4.800000e-01 4.772513e-01 -5.579008e-03 1.127113e+00 -2.838978e-03
2.550000e+00 4.800000e-01 4.773675e-01 -2.512198e-03 1.121391e+00 -1.949126e-03
2.600000e+00 4.800000e-01 4.774463e-01 -1.080532e-03 1.117511e+00 -1.314248e-03
2.650000e+00 4.800000e-01 4.774989e-01 -4.456817e-04 1.114918e+00 -8.746280e-04
2.700000e+00 4.800000e-01 4.775337e-01 -1.768129e-04 1.113205e+00 -5.764852e-04
2.750000e+00 4.800000e-01 4.775566e-01 -6.762519e-05 1.112083e+00 -3.772331e-04
2.800000e+00 4.800000e-01 4.775714e-01 -2.498062e-05 1.111352e+00 -2.454671e-04
2.850000e+00 4.800000e-01 4.775811e-01 -8.925894e-06 1.110879e+00 -1.590101e-04
2.900000e+00 4.800000e-01 4.775873e-01 -3.089098e-06 1.110574e+00 -1.026268e-04
2.950000e+00 4.800000e-01 4.775914e-01 -1.036932e-06 1.110379e+00 -6.603927e-05
3.000000e+00 4.800000e-01 4.775940e-01 -3.383117e-07 1.110254e+00 -4.239873e-05
3.050000e+00 4.800000e-01 4.775956e-01 -1.077947e-07 1.110174e+00 -2.718156e-05
3.100000e+00 4.800000e-01 4.775967e-01 -3.400912e-08 1.110124e+00 -1.741966e-05
3.150000e+00 4.800000e-01 4.775973e-01 -1.108159e-08 1.110093e+00 -1.117606e-05
3.200000e+00 4.800000e-01 4.775978e-01 -4.161845e-09 1.110073e+00 -7.192592e-06
3.250000e+00 4.800000e-01 4.775981e-01 -2.132935e-09 1.110060e+00 -4.655510e-06
3.300000e+00 4.800000e-01 4.775983e-01 -1.555282e-09 1.110053e+00 -3.040673e-06
3.350000e+00 4.800000e-01 4.775984e-01 -1.395935e-09 1.110048e+00 -2.011847e-06
3.400000e+00 4.800000e-01 4.775985e-01 -1.353641e-09 1.110045e+00 -1.354228e-06
3.450000e+00 4.800000e-01 4.775985e-01 -1.343062e-09 1.110044e+00 -9.311607e-07
3.500000e+00 4.800000e-01 4.775985e-01 -1.340739e-09 1.110043e+00 -6.560826e-07
3.550000e+00 4.800000e-01 4.775986e-01 -1.340429e-09 1.110042e+00 -4.743985e-07
3.600000e+00 4.800000e-01 4.775986e-01 -1.340542e-09 1.110042e+00 -3.518224e-07
3.650000e+00 4.800000e-01 4.775986e-01 -1.340699e-09 1.110042e+00 -2.669066e-07
3.700000e+00 4.800000e-01 4.775986e-01 -1.340826e-09 1.110042e+00 -2.062768e-07
3.750000e+00 4.800000e-01 4.775986e-01 -1.340917e-09 1.110042e+00 -1.616055e-07
3.800000e+00 4.800000e-01 4.775986e-01 -1.340982e-09 1.110041e+00 -1.277013e-07
3.850000e+00 4.800000e-01 4.775986e-01 -1.341027e-09 1.110041e+00 -1.013090e-07
3.900000e+00 4.800000e-01 4.775986e-01 -1.341058e-09 1.110041e+00 -8.036108e-08
3.950000e+00 4.800000e-01 4.775987e-01 -1.341080e-09 1.110042e+00 -6.351525e-08
4.000000e+00 4.800000e-01 4.775987e-01 -1.341095e-09 1.110042e+00 -4.987033e-08
4.050000e+00 4.800000e-01 4.775987e-01 -1.341107e-09 1.110042e+00 -3.879425e-08
4.100000e+00 4.800000e-01 4.775987e-01 -1.341115e-09 1.110042e+00 -2.982084e-08
4.150000e+00 4.800000e-01 4.775987e-01 -1.341120e-09 1.110042e+00 -2.258876e-08
4.200000e+00 4.800000e-01 4.775987e-01 -1.341125e-09 1.110042e+00 -1.680585e-08
4.250000e+00 4.800000e-01 4.775987e-01 -1.341128e-09 1.110042e+00 -1.222842e-08
4.300000e+00 4.800000e-01 4.775987e-01 -1.341130e-09 1.110042e+00 -8.649401e-09
4.350000e+00 4.800000e-01 4.775987e-01 -1.341132e-09 1.110042e+00 -5.891215e-09
4.400000e+00 4.800000e-01 4.775987e-01 -1.341133e-09 1.110042e+00 -3.801453e-09
4.450000e+00 4.800000e-01 4.775987e-01 -1.341134e-09 1.110042e+00 -2.249838e-09
4.500000e+00 4.800000e-01 4.775987e-01 -1.341135e-09 1.110042e+00 -1.125874e-09
4.550000e+00 4.800000e-01 4.775987e-01 -1.341135e-09 1.110042e+00 -3.367900e-10
4.600000e+00 4.800000e-01 4.775987e-01 -1.341136e-09 1.110042e+00 1.943973e-10
4.650000e+00 4.800000e-01 4.775987e-01 -1.341136e-09 1.110042e+00 5.307321e-10
4.700000e+00 4.800000e-01 4.775987e-01 -1.341136e-09 1.110042e+00 7.231199e-10
4.750000e+00 4.800000e-01 4.775987e-01 -1.341136e-09 1.110042e+00 8.120316e-10
4.800000e+00 4.800000e-01 4.775987e-01 -1.341137e-09 1.110042e+00 8.291018e-10
4.850000e+00 4.800000e-01 4.775987e-01 -1.341137e-09 1.110042e+00 7.986073e-10
4.900000e+00 4.800000e-01 4.775987e-01 -1.341137e-09 1.110042e+00 7.387746e-10
4.950000e+00 4.800000e-01 4.775987e-01 -1.341137e-09 1.110042e+00 6.629486e-10
5.000000e+00 4.800000e-01 4.775987e-01 -1.341137e-09 1.110042e+00 5.806083e-10
5.050000e+00 4.800000e-01 4.775987e-01 -1.341137e-09 1.110042e+00 4.982159e-10
5.100000e+00 4.800000e-01 4.775987e-01 -1.341137e-09 1.110042e+00 4.199369e-10
5.150000e+00 4.800000e-01 4.775987e-01 -1.341137e-09 1.110042e+00 3.482259e-10
5.200000e+00 4.800000e-01 4.775987e-01 -1.341137e-09 1.110042e+00 2.842943e-10
5.250000e+00 4.800000e-01 4.775987e-01 -1.341137e-09 1.110042e+00 2.284850e-10
5.300000e+00 4.800000e-01 4.775987e-01 -1.341137e-09 1.110042e+00 1.805667e-10
5.350000e+00 4.800000e-01 4.775987e-01 -1.341137e-09 1.110042e+00 1.399497e-10
5.400000e+00 4.800000e-01 4.775987e-01 -1.341137e-09 1.110042e+00 1.058331e-10
5.450000e+00 4.800000e-01 4.775987e-01 -1.341137e-09 1.110042e+00 7.733980e-11
5.500000e+00 4.800000e-01 4.775987e-01 -1.341137e-09 1.110042e+00 5.358769e-11
5.550000e+00 4.800000e-01 4.775987e-01 -1.341137e-09 1.110042e+00 3.372691e-11
5.600000e+00 4.800000e-01 4.775987e-01 -1.341137e-09 1.110042e+00 1.699474e-11
5.650000e+00 4.800000e-01 4.775987e-01 -1.341137e-09 1.110042e+00 2.721157e-12
5.700000e+00 4.800000e-01 4.775987e-01 -1.341137e-09 1.110042e+00 -9.662271e-12
5.750000e+00 4.800000e-01 4.775987e-01 -1.341137e-09 1.110042e+00 -2.062073e-11
5.800000e+00 4.800000e-01 4.775987e-01 -1.341137e-09 1.110042e+00 -3.051503e-11
5.850000e+00 4.800000e-01 4.775987e-01 -1.341137e-09 1.110042e+00 -3.960055e-11
5.900000e+00 4.800000e-01 4.775987e-01 -1.341137e-09 1.110042e+00 -4.803047e-11
5.950000e+00 4.800000e-01 4.775987e-01 -1.341137e-09 1.110042e+00 -5.584144e-11
6.000000e+00 4.800000e-01 4.775987e-01 -1.341137e-09 1.110042e+00 -6.295076e-11
6.050000e+00 4.800000e-01 4.775987e-01 -1.341137e-09 1.110042e+00 -6.913414e-11
6.100000e+00 4.800000e-01 4.775987e-01 -1.341137e-09 1.110042e+00 -7.398915e-11
6.150000e+00 4.800000e-01 4.775987e-01 -1.341137e-09 1.110042e+00 -7.690737e-11
6.200000e+00 4.800000e-01 4.775987e-01 -1.341137e-09 1.110042e+00 -7.700840e-11
6.250000e+00 4.800000e-01 4.775987e-01 -1.341137e-09 1.110042e+00 -7.305656e-11
6.300000e+00 4.800000e-01 4.775987e-01 -1.341137e-09 1.110042e+00 -6.336154e-11
6.350000e+00 4.800000e-01 4.775987e-01 -1.341137e-09 1.110042e+00 -4.563794e-11
6.400000e+00 4.800000e-01 4.775987e-01 -1.341137e-09 1.110042e+00 -1.681988e-11
6.450000e+00 4.800000e-01 4.775987e-01 -1.341137e-09 1.110042e+00 2.718381e-11
6.500000e+00 4.800000e-01 4.775987e-01 -1.341137e-09 1.110042e+00 9.180490e-11
6.550000e+00 4.800000e-01 4.775987e-01 -1.341137e-09 1.110042e+00 1.842254e-10
6.600000e+00 4.800000e-01 4.775987e-01 -1.341137e-09 1.110042e+00 3.139150e-10
6.650000e+00 4.800000e-01 4.775987e-01 -1.341137e-09 1.110042e+00 4.933326e-10
6.700000e+00 4.800000e-01 4.775987e-01 -1.341137e-09 1.110042e+00 7.388340e-10
6.750000e+00 4.800000e-01 4.775987e-01 -1.341137e-09 1.110042e+00 1.071853e-09
6.800000e+00 4.800000e-01 4.775987e-01 -1.341137e-09 1.110042e+00 1.520425e-09
6.850000e+00 4.800000e-01 4.775987e-01 -1.341137e-09 1.110042e+00 2.121190e-09
6.900000e+00 4.800000e-01 4.775987e-01 -1.341137e-09 1.110042e+00 2.921954e-09
6.950000e+00 4.800000e-01 4.775987e-01 -1.341137e-09 1.110042e+00 3.985038e-09
7.000000e+00 4.800000e-01 4.775987e-01 -1.341137e-09 1.110042e+00 5.391616e-09
7.050000e+00 4.800000e-01 4.775987e-01 -1.341138e-09 1.110042e+00 7.247328e-09
7.100000e+00 4.800000e-01 4.775987e-01 -1.341138e-09 1.110042e+00 9.689550e-09
7.150000e+00 4.800000e-01 4.775987e-01 -1.341138e-09 1.110042e+00 1.289682e-08
7.200000e+00 4.800000e-01 4.775987e-01 -1.341137e-09 1.110042e+00 1.710104e-08
7.250000e+00 4.800000e-01 4.775987e-01 -1.341144e-09 1.110042e+00 2.260329e-08
7.300000e+00 4.800000e-01 4.775987e-01 -1.341118e-09 1.110042e+00 2.979425e-08
7.350000e+00 4.800000e-01 4.775987e-01 -1.341217e-09 1.110042e+00 3.918069e-08
7.400000e+00 4.800000e-01 4.775987e-01 -1.340862e-09 1.110042e+00 5.141983e-08
7.450000e+00 4.800000e-01 4.775986e-01 -1.342111e-09 1.110042e+00 6.736316e-08
7.500000e+00 4.800000e-01 4.775986e-01 -1.337877e-09 1.110042e+00 8.811548e-08
7.550000e+00 4.800000e-01 4.775986e-01 -1.351790e-09 1.110043e+00 1.151035e-07
7.600000e+00 4.800000e-01 4.775986e-01 -1.307634e-09 1.110043e+00 1.501889e-07
7.650000e+00 4.800000e-01 4.775986e-01 -1.442978e-09 1.110043e+00 1.957408e-07
7.700000e+00 4.800000e-01 4.775986e-01 -1.042985e-09 1.110044e+00 2.549448e-07
7.750000e+00 4.800000e-01 4.775986e-01 -2.181418e-09 1.110045e+00 3.315934e-07
7.800000e+00 4.800000e-01 4.775986e-01 9.338723e-10 1.110046e+00 4.314742e-07
7.850000e+00 4.800000e-01 4.775986e-01 -7.248445e-09 1.110047e+00 5.598189e-07
7.900000e+00 4.800000e-01 4.775985e-01 1.333686e-08 1.110049e+00 7.289224e-07
7.950000e+00 4.800000e-01 4.775985e-01 -3.615438e-08 1.110051e+00 9.417274e-07
8.000000e+00 4.800000e-01 4.775984e-01 7.724073e-08 1.110053e+00 1.230952e-06
8.050000e+00 4.800000e-01 4.775984e-01 -1.695538e-07 1.110057e+00 1.577614e-06
8.100000e+00 4.800000e-01 4.775983e-01 3.386408e-07 1.110061e+00 2.079918e-06
8.150000e+00 4.800000e-01 4.775982e-01 -6.466161e-07 1.110068e+00 2.633559e-06
8.200000e+00 4.800000e-01 4.775980e-01 1.140662e-06 1.110075e+00 3.510390e-06
8.250000e+00 4.800000e-01 4.775978e-01 -1.868303e-06 1.110085e+00 4.400147e-06
8.300000e+00 4.800000e-01 4.775976e-01 2.780972e-06 1.110097e+00 5.883445e-06
8.350000e+00 4.800000e-01 4.775972e-01 -3.706904e-06 1.110115e+00 7.410213e-06
8.400000e+00 4.800000e-01 4.775968e-01 4.266364e-06 1.110134e+00 9.748635e-06
8.450000e+00 4.800000e-01 4.775962e-01 -3.989359e-06 1.110164e+00 1.256468e-05
8.500000e+00 4.800000e-01 4.775956e-01 2.558903e-06 1.110197e+00 1.611370e-05
8.550000e+00 4.800000e-01 4.775946e-01 -3.353669e-07 1.110244e+00 2.110746e-05
8.600000e+00 4.800000e-01 4.775935e-01 -1.303879e-06 1.110302e+00 2.703001e-05
8.650000e+00 4.800000e-01 4.775919e-01 2.518389e-07 1.110379e+00 3.485355e-05
8.700000e+00 4.800000e-01 4.775900e-01 4.694694e-06 1.110476e+00 4.562290e-05
8.750000e+00 4.800000e-01 4.775874e-01 -1.148348e-05 1.110608e+00 5.795607e-05
8.800000e+00 4.800000e-01 4.775842e-01 1.386782e-05 1.110765e+00 7.547230e-05
8.850000e+00 4.800000e-01 4.775798e-01 -5.287174e-06 1.110984e+00 9.796540e-05
8.900000e+00 4.800000e-01 4.775744e-01 -1.242904e-05 1.111254e+00 1.246860e-04
8.950000e+00 4.800000e-01 4.775673e-01 2.301319e-05 1.111605e+00 1.624202e-04
9.000000e+00 4.800000e-01 4.775581e-01 -5.701034e-06 1.112063e+00 2.105876e-04
9.050000e+00 4.800000e-01 4.775463e-01 -3.654140e-05 1.112655e+00 2.678518e-04
9.100000e+00 4.800000e-01 4.775314e-01 5.802861e-05 1.113395e+00 3.486773e-04
9.150000e+00 4.800000e-01 4.775114e-01 -6.198432e-06 1.114391e+00 4.527515e-04
9.200000e+00 4.800000e-01 4.774861e-01 -9.143083e-05 1.115652e+00 5.763193e-04
9.250000e+00 4.800000e-01 4.774538e-01 9.934738e-05 1.117257e+00 7.469077e-04
9.300000e+00 4.800000e-01 4.774114e-01 7.108408e-05 1.119366e+00 9.753111e-04
9.350000e+00 4.800000e-01 4.773563e-01 -2.395464e-04 1.122115e+00 1.246645e-03
9.400000e+00 4.800000e-01 4.772867e-01 6.870670e-05 1.125567e+00 1.605497e-03
9.450000e+00 4.800000e-01 4.771957e-01 3.688499e-04 1.130092e+00 2.107886e-03
9.500000e+00 4.800000e-01 4.770759e-01 -3.651066e-04 1.136055e+00 2.731628e-03
9.550000e+00 4.800000e-01 4.769225e-01 -4.165262e-04 1.143685e+00 3.511252e-03
9.600000e+00 4.800000e-01 4.767248e-01 8.419035e-04 1.153498e+00 4.611962e-03
9.650000e+00 4.800000e-01 4.764613e-01 2.764891e-04 1.166592e+00 6.106494e-03
9.700000e+00 4.800000e-01 4.761142e-01 -1.408559e-03 1.183857e+00 7.985572e-03
9.750000e+00 4.800000e-01 4.756628e-01 7.646762e-05 1.206271e+00 1.050222e-02
9.800000e+00 4.800000e-01 4.750639e-01 1.747974e-03 1.235980e+00 1.406560e-02
9.850000e+00 4.800000e-01 4.742562e-01 -3.534350e-04 1.276089e+00 1.887920e-02
9.900000e+00 4.800000e-01 4.731760e-01 -1.268102e-03 1.329751e+00 2.519236e-02
9.950000e+00 4.800000e-01 4.717370e-01 -6.513023e-05 1.401254e+00 3.352020e-02
1.000000e+01 4.800000e-01 4.698240e-01 -4.022642e-04 0.000000e+00 0.000000e+00
0.000000e+00 5.000000e-01 4.998000e-01 -0.000000e+00 0.000000e+00 0.000000e+00
5.000000e-02 5.000000e-01 4.998000e-01 4.532851e-05 1.489287e+00 2.626594e-06
1.000000e-01 5.000000e-01 4.997997e-01 4.795917e-04 1.484024e+00 1.170239e-05
1.500000e-01 5.000000e-01 4.997988e-01 -1.038507e-04 1.526733e+00 1.170206e-05
2.000000e-01 5.000000e-01 4.997986e-01 -9.371405e-04 1.542309e+00 -9.395962e-06
2.500000e-01 5.000000e-01 4.997997e-01 9.315800e-05 1.462977e+00 -1.283184e-05
3.000000e-01 5.000000e-01 4.997999e-01 1.436369e-03 1.426758e+00 1.889771e-05
3.500000e-01 5.000000e-01 4.997978e-01 2.139284e-04 1.533132e+00 2.896764e-05
4.000000e-01 5.000000e-01 4.997970e-01 -1.536109e-03 1.599432e+00 -9.217812e-06
4.500000e-01 5.000000e-01 4.997988e-01 -3.943036e-04 1.478894e+00 -2.899477e-05
5.000000e-01 5.000000e-01 4.997999e-01 1.841000e-03 1.375071e+00 9.466081e-06
5.500000e-01 5.000000e-01 4.997978e-01 1.139231e-03 1.486382e+00 3.957059e-05
6.000000e-01 5.000000e-01 4.997959e-01 -1.219650e-03 1.627862e+00 7.848382e-06
6.500000e-01 5.000000e-01 4.997970e-01 -1.112563e-03 1.546842e+00 -3.007722e-05
7.000000e-01 5.000000e-01 4.997989e-01 1.092463e-03 1.378212e+00 -1.128691e-05
7.500000e-01 5.000000e-01 4.997982e-01 1.676903e-03 1.407291e+00 2.839536e-05
8.000000e-01 5.000000e-01 4.997961e-01 -8.322248e-05 1.577270e+00 2.394716e-05
8.500000e-01 5.000000e-01 4.997958e-01 -1.080650e-03 1.604955e+00 -1.081625e-05
9.000000e-01 5.000000e-01 4.997971e-01 -7.950673e-05 1.455083e+00 -1.913964e-05
9.500000e-01 5.000000e-01 4.997977e-01 1.010343e-03 1.375485e+00 4.352459e-06
1.000000e+00 5.000000e-01 4.997967e-01 6.215237e-04 1.472974e+00 1.832538e-05
1.050000e+00 5.000000e-01 4.997959e-01 -3.108673e-04 1.574246e+00 6.076561e-06
1.100000e+00 5.000000e-01 4.997961e-01 -4.122199e-04 1.527819e+00 -8.334161e-06
1.150000e+00 5.000000e-01 4.997967e-01 1.109848e-04 1.421118e+00 -6.219659e-06
1.200000e+00 5.000000e-01 4.997967e-01 3.581758e-04 1.408879e+00 2.997009e-06
1.250000e+00 5.000000e-01 4.997964e-01 1.263103e-04 1.480775e+00 4.731010e-06
1.300000e+00 5.000000e-01 4.997963e-01 -1.208166e-04 1.514945e+00 -2.197232e-07
1.350000e+00 5.000000e-01 4.997964e-01 -1.106595e-04 1.468070e+00 -3.353907e-06
1.400000e+00 5.000000e-01 4.997966e-01 8.387371e-06 1.412550e+00 -2.468935e-06
1.450000e+00 5.000000e-01 4.997967e-01 4.942813e-05 1.411879e+00 -1.203737e-06
1.500000e+00 5.000000e-01 4.997967e-01 1.156709e-05 1.442821e+00 -1.570009e-06
1.550000e+00 5.000000e-01 4.997968e-01 -2.582180e-05 1.449532e+00 -2.382716e-06
1.600000e+00 5.000000e-01 4.997969e-01 -3.069727e-05 1.420336e+00 -2.535540e-06
1.650000e+00 5.000000e-01 4.997971e-01 -2.038407e-05 1.387860e+00 -2.457064e-06
1.700000e+00 5.000000e-01 4.997972e-01 -1.232611e-05 1.377775e+00 -2.762807e-06
1.750000e+00 5.000000e-01 4.997973e-01 -8.472376e-06 1.382477e+00 -3.209528e-06
1.800000e+00 5.000000e-01 4.997975e-01 -7.585914e-06 1.380112e+00 -3.276661e-06
1.850000e+00 5.000000e-01 4.997977e-01 -8.423133e-06 1.361819e+00 -2.940818e-06
1.900000e+00 5.000000e-01 4.997978e-01 -8.605735e-06 1.336131e+00 -2.575039e-06
1.950000e+00 5.000000e-01 4.997979e-01 -6.768160e-06 1.315026e+00 -2.443482e-06
2.000000e+00 5.000000e-01 4.997981e-01 -3.611125e-06 1.302028e+00 -2.482804e-06
2.050000e+00 5.000000e-01 4.997982e-01 -1.061456e-06 1.292155e+00 -2.469241e-06
2.100000e+00 5.000000e-01 4.997983e-01 -3.441606e-07 1.278778e+00 -2.262523e-06
2.150000e+00 5.000000e-01 4.997984e-01 -9.185575e-07 1.258980e+00 -1.879582e-06
2.200000e+00 5.000000e-01 4.997985e-01 -1.516673e-06 1.234213e+00 -1.424198e-06
2.250000e+00 5.000000e-01 4.997985e-01 -1.517939e-06 1.208045e+00 -1.003158e-06
2.300000e+00 5.000000e-01 4.997986e-01 -1.087438e-06 1.183800e+00 -6.857557e-07
2.350000e+00 5.000000e-01 4.997986e-01 -5.978859e-07 1.163436e+00 -4.970291e-07
2.400000e+00 5.000000e-01 4.997986e-01 -2.536240e-07 1.147531e+00 -4.270702e-07
2.450000e+00 5.000000e-01 4.997987e-01 -7.438719e-08 1.135754e+00 -4.463018e-07
2.500000e+00 5.000000e-01 4.997987e-01 -3.972455e-09 1.127367e+00 -5.199215e-07
2.550000e+00 5.000000e-01 4.997987e-01 1.390341e-08 1.121561e+00 -6.174302e-07
2.600000e+00 5.000000e-01 4.997987e-01 1.300930e-08 1.117624e+00 -7.166339e-07
2.650000e+00 5.000000e-01 4.997988e-01 8.251608e-09 1.114994e+00 -8.037601e-07
2.700000e+00 5.000000e-01 4.997988e-01 4.376596e-09 1.113255e+00 -8.717377e-07
2.750000e+00 5.000000e-01 4.997989e-01 2.070471e-09 1.112116e+00 -9.180930e-07
2.800000e+00 5.000000e-01 4.997989e-01 8.998992e-10 1.111374e+00 -9.431604e-07
2.850000e+00 5.000000e-01 4.997990e-01 3.653483e-10 1.110893e+00 -9.488036e-07
2.900000e+00 5.000000e-01 4.997990e-01 1.400188e-10 1.110583e+00 -9.375960e-07
2.950000e+00 5.000000e-01 4.997991e-01 5.103829e-11 1.110385e+00 -9.123371e-07
3.000000e+00 5.000000e-01 4.997991e-01 1.780808e-11 1.110258e+00 -8.757860e-07
3.050000e+00 5.000000e-01 4.997991e-01 5.993760e-12 1.110177e+00 -8.305262e-07
3.100000e+00 5.000000e-01 4.997992e-01 1.974499e-12 1.110126e+00 -7.789021e-07
3.150000e+00 5.000000e-01 4.997992e-01 6.596902e-13 1.110094e+00 -7.229958e-07
3.200000e+00 5.000000e-01 4.997993e-01 2.431620e-13 1.110074e+00 -6.646227e-07
3.250000e+00 5.000000e-01 4.997993e-01 1.132479e-13 1.110061e+00 -6.053381e-07
3.300000e+00 5.000000e-01 4.997993e-01 7.145929e-14 1.110053e+00 -5.464491e-07
3.350000e+00 5.000000e-01 4.997993e-01 5.590830e-14 1.110049e+00 -4.890284e-07
3.400000e+00 5.000000e-01 4.997994e-01 4.802847e-14 1.110046e+00 -4.339316e-07
3.450000e+00 5.000000e-01 4.997994e-01 4.246543e-14 1.110044e+00 -3.818147e-07
3.500000e+00 5.000000e-01 4.997994e-01 3.774357e-14 1.110043e+00 -3.331534e-07
3.550000e+00 5.000000e-01 4.997994e-01 3.348094e-14 1.110042e+00 -2.882628e-07
3.600000e+00 5.000000e-01 4.997994e-01 2.958806e-14 1.110042e+00 -2.473181e-07
3.650000e+00 5.000000e-01 4.997994e-01 2.604610e-14 1.110042e+00 -2.103745e-07
3.700000e+00 5.000000e-01 4.997995e-01 2.284833e-14 1.110042e+00 -1.773873e-07
3.750000e+00 5.000000e-01 4.997995e-01 1.998599e-14 1.110042e+00 -1.482313e-07
3.800000e+00 5.000000e-01 4.997995e-01 1.744581e-14 1.110042e+00 -1.227181e-07
3.850000e+00 5.000000e-01 4.997995e-01 1.521045e-14 1.110042e+00 -1.006133e-07
3.900000e+00 5.000000e-01 4.997995e-01 1.325951e-14 1.110042e+00 -8.165054e-08
3.950000e+00 5.000000e-01 4.997995e-01 1.157054e-14 1.110042e+00 -6.554526e-08
4.000000e+00 5.000000e-01 4.997995e-01 1.011998e-14 1.110042e+00 -5.200517e-08
4.050000e+00 5.000000e-01 4.997995e-01 8.883992e-15 1.110042e+00 -4.073959e-08
4.100000e+00 5.000000e-01 4.997995e-01 7.839042e-15 1.110042e+00 -3.146683e-08
4.150000e+00 5.000000e-01 4.997995e-01 6.962461e-15 1.110042e+00 -2.391968e-08
4.200000e+00 5.000000e-01 4.997995e-01 6.232811e-15 1.110042e+00 -1.784953e-08
4.250000e+00 5.000000e-01 4.997995e-01 5.630162e-15 1.110042e+00 -1.302896e-08
4.300000e+00 5.000000e-01 4.997995e-01 5.136261e-15 1.110042e+00 -9.253193e-09
4.350000e+00 5.000000e-01 4.997995e-01 4.734626e-15 1.110042e+00 -6.340568e-09
4.400000e+00 5.000000e-01 4.997995e-01 4.410565e-15 1.110042e+00 -4.132176e-09
4.450000e+00 5.000000e-01 4.997995e-01 4.151138e-15 1.110042e+00 -2.490911e-09
4.500000e+00 5.000000e-01 4.997995e-01 3.945084e-15 1.110042e+00 -1.300057e-09
4.550000e+00 5.000000e-01 4.997995e-01 3.782709e-15 1.110042e+00 -4.615813e-10
4.600000e+00 5.000000e-01 4.997995e-01 3.655759e-15 1.110042e+00 1.057543e-10
4.650000e+00 5.000000e-01 4.997995e-01 3.557280e-15 1.110042e+00 4.683387e-10
4.700000e+00 5.000000e-01 4.997995e-01 3.481477e-15 1.110042e+00 6.796402e-10
4.750000e+00 5.000000e-01 4.997995e-01 3.423567e-15 1.110042e+00 7.820777e-10
4.800000e+00 5.000000e-01 4.997995e-01 3.379643e-15 1.110042e+00 8.087442e-10
4.850000e+00 5.000000e-01 4.997995e-01 3.346551e-15 1.110042e+00 7.849910e-10
4.900000e+00 5.000000e-01 4.997995e-01 3.321766e-15 1.110042e+00 7.298412e-10
4.950000e+00 5.000000e-01 4.997995e-01 3.303292e-15 1.110042e+00 6.572243e-10
5.000000e+00 5.000000e-01 4.997995e-01 3.289565e-15 1.110042e+00 5.770368e-10
5.050000e+00 5.000000e-01 4.997995e-01 3.279376e-15 1.110042e+00 4.960488e-10
5.100000e+00 5.000000e-01 4.997995e-01 3.271799e-15 1.110042e+00 4.186473e-10
5.150000e+00 5.000000e-01 4.997995e-01 3.266135e-15 1.110042e+00 3.474365e-10
5.200000e+00 5.000000e-01 4.997995e-01 3.261862e-15 1.110042e+00 2.837341e-10
5.250000e+00 5.000000e-01 4.997995e-01 3.258595e-15 1.110042e+00 2.279565e-10
5.300000e+00 5.000000e-01 4.997995e-01 3.256053e-15 1.110042e+00 1.799194e-10
5.350000e+00 5.000000e-01 4.997995e-01 3.254036e-15 1.110042e+00 1.390527e-10
5.400000e+00 5.000000e-01 4.997995e-01 3.252402e-15 1.110042e+00 1.045641e-10
5.450000e+00 5.000000e-01 4.997995e-01 3.251052e-15 1.110042e+00 7.557011e-11
5.500000e+00 5.000000e-01 4.997995e-01 3.249919e-15 1.110042e+00 5.116296e-11
5.550000e+00 5.000000e-01 4.997995e-01 3.248958e-15 1.110042e+00 3.046119e-11
5.600000e+00 5.000000e-01 4.997995e-01 3.248137e-15 1.110042e+00 1.264766e-11
5.650000e+00 5.000000e-01 4.997995e-01 3.247436e-15 1.110042e+00 -3.015366e-12
5.700000e+00 5.000000e-01 4.997995e-01 3.246842e-15 1.110042e+00 -1.719291e-11
5.750000e+00 5.000000e-01 4.997995e-01 3.246346e-15 1.110042e+00 -3.047285e-11
5.800000e+00 5.000000e-01 4.997995e-01 3.245942e-15 1.110042e+00 -4.337530e-11
5.850000e+00 5.000000e-01 4.997995e-01 3.245625e-15 1.110042e+00 -5.636602e-11
5.900000e+00 5.000000e-01 4.997995e-01 3.245393e-15 1.110042e+00 -6.986633e-11
5.950000e+00 5.000000e-01 4.997995e-01 3.245243e-15 1.110042e+00 -8.426926e-11
6.000000e+00 5.000000e-01 4.997995e-01 3.245175e-15 1.110042e+00 -9.994561e-11
6.050000e+00 5.000000e-01 4.997995e-01 3.245188e-15 1.110042e+00 -1.172679e-10
6.100000e+00 5.000000e-01 4.997995e-01 3.245281e-15 1.110042e+00 -1.366102e-10
6.150000e+00 5.000000e-01 4.997995e-01 3.245457e-15 1.110042e+00 -1.583611e-10
6.200000e+00 5.000000e-01 4.997995e-01 3.245718e-15 1.110042e+00 -1.829470e-10
6.250000e+00 5.000000e-01 4.997995e-01 3.246068e-15 1.110042e+00 -2.108302e-10
6.300000e+00 5.000000e-01 4.997995e-01 3.246512e-15 1.110042e+00 -2.425166e-10
6.350000e+00 5.000000e-01 4.997995e-01 3.247057e-15 1.110042e+00 -2.785755e-10
6.400000e+00 5.000000e-01 4.997995e-01 3.247711e-15 1.110042e+00 -3.196532e-10
6.450000e+00 5.000000e-01 4.997995e-01 3.248487e-15 1.110042e+00 -3.664763e-10
6.500000e+00 5.000000e-01 4.997995e-01 3.249395e-15 1.110042e+00 -4.198647e-10
6.550000e+00 5.000000e-01 4.997995e-01 3.250452e-15 1.110042e+00 -4.807493e-10
6.600000e+00 5.000000e-01 4.997995e-01 3.251677e-15 1.110042e+00 -5.501916e-10
6.650000e+00 5.000000e-01 4.997995e-01 3.253090e-15 1.110042e+00 -6.293988e-10
6.700000e+00 5.000000e-01 4.997995e-01 3.254717e-15 1.110042e+00 -7.197409e-10
6.750000e+00 5.000000e-01 4.997995e-01 3.256586e-15 1.110042e+00 -8.227807e-10
6.800000e+00 5.000000e-01 4.997995e-01 3.258730e-15 1.110042e+00 -9.403056e-10
6.850000e+00 5.000000e-01 4.997995e-01 3.261187e-15 1.110042e+00 -1.074353e-09
6.900000e+00 5.000000e-01 4.997995e-01 3.264001e-15 1.110042e+00 -1.227262e-09
6.950000e+00 5.000000e-01 4.997995e-01 3.267222e-15 1.110042e+00 -1.401717e-09
7.000000e+00 5.000000e-01 4.997995e-01 3.270907e-15 1.110042e+00 -1.600806e-09
7.050000e+00 5.000000e-01 4.997995e-01 3.275124e-15 1.110042e+00 -1.828088e-09
7.100000e+00 5.000000e-01 4.997995e-01 3.279941e-15 1.110042e+00 -2.087682e-09
7.150000e+00 5.000000e-01 4.997995e-01 3.285477e-15 1.110042e+00 -2.384362e-09
7.200000e+00 5.000000e-01 4.997995e-01 3.291706e-15 1.110042e+00 -2.723678e-09
7.250000e+00 5.000000e-01 4.997995e-01 3.299251e-15 1.110042e+00 -3.112098e-09
7.300000e+00 5.000000e-01 4.997995e-01 3.306279e-15 1.110042e+00 -3.557173e-09
7.350000e+00 5.000000e-01 4.997995e-01 3.320366e-15 1.110042e+00 -4.067728e-09
7.400000e+00 5.000000e-01 4.997995e-01 3.314559e-15 1.110042e+00 -4.654088e-09
7.450000e+00 5.000000e-01 4.997995e-01 3.385313e-15 1.110042e+00 -5.328338e-09
7.500000e+00 5.000000e-01 4.997995e-01 3.202143e-15 1.110043e+00 -6.104612e-09
7.550000e+00 5.000000e-01 4.997995e-01 3.865639e-15 1.110043e+00 -6.999431e-09
7.600000e+00 5.000000e-01 4.997995e-01 1.835711e-15 1.110043e+00 -8.032057e-09
7.650000e+00 5.000000e-01 4.997995e-01 8.119801e-15 1.110044e+00 -9.224889e-09
7.700000e+00 5.000000e-01 4.997995e-01 -1.030777e-14 1.110044e+00 -1.060390e-08
7.750000e+00 5.000000e-01 4.997995e-01 4.206663e-14 1.110045e+00 -1.219902e-08
7.800000e+00 5.000000e-01 4.997995e-01 -1.006209e-13 1.110046e+00 -1.404471e-08
7.850000e+00 5.000000e-01 4.997995e-01 2.727487e-13 1.110047e+00 -1.618012e-08
7.900000e+00 5.000000e-01 4.997995e-01 -6.621263e-13 1.110049e+00 -1.865001e-08
7.950000e+00 5.000000e-01 4.997995e-01 1.573845e-12 1.110051e+00 -2.150394e-08
8.000000e+00 5.000000e-01 4.997995e-01 -3.517843e-12 1.110054e+00 -2.479903e-08
8.050000e+00 5.000000e-01 4.997995e-01 7.484392e-12 1.110057e+00 -2.859471e-08
8.100000e+00 5.000000e-01 4.997995e-01 -1.497579e-11 1.110062e+00 -3.296317e-08
8.150000e+00 5.000000e-01 4.997995e-01 2.810895e-11 1.110068e+00 -3.796972e-08
8.200000e+00 5.000000e-01 4.997995e-01 -4.900852e-11 1.110075e+00 -4.370526e-08
8.250000e+00 5.000000e-01 4.997995e-01 7.857824e-11 1.110086e+00 -5.023354e-08
8.300000e+00 5.000000e-01 4.997995e-01 -1.139346e-10 1.110097e+00 -5.766329e-08
8.350000e+00 5.000000e-01 4.997995e-01 1.456272e-10 1.110115e+00 -6.605569e-08
8.400000e+00 5.000000e-01 4.997995e-01 -1.563909e-10 1.110135e+00 -7.551436e-08
8.450000e+00 5.000000e-01 4.997995e-01 1.260875e-10 1.110164e+00 -8.612013e-08
8.500000e+00 5.000000e-01 4.997995e-01 -4.607384e-11 1.110198e+00 -9.792261e-08
8.550000e+00 5.000000e-01 4.997995e-01 -5.872861e-11 1.110245e+00 -1.110347e-07
8.600000e+00 5.000000e-01 4.997995e-01 1.165098e-10 1.110304e+00 -1.254595e-07
8.650000e+00 5.000000e-01 4.997995e-01 -3.255088e-11 1.110381e+00 -1.412324e-07
8.700000e+00 5.000000e-01 4.997996e-01 -2.279810e-10 1.110479e+00 -1.584364e-07
8.750000e+00 5.000000e-01 4.997996e-01 5.324494e-10 1.110610e+00 -1.769086e-07
8.800000e+00 5.000000e-01 4.997996e-01 -5.674107e-10 1.110770e+00 -1.967087e-07
8.850000e+00 5.000000e-01 4.997996e-01 6.334427e-11 1.110988e+00 -2.177844e-07
8.900000e+00 5.000000e-01 4.997996e-01 7.839848e-10 1.111261e+00 -2.397451e-07
8.950000e+00 5.000000e-01 4.997996e-01 -1.118693e-09 1.111613e+00 -2.626837e-07
9.000000e+00 5.000000e-01 4.997996e-01 5.766048e-11 1.112074e+00 -2.863699e-07
9.050000e+00 5.000000e-01 4.997996e-01 1.934483e-09 1.112667e+00 -3.100123e-07
9.100000e+00 5.000000e-01 4.997997e-01 -2.485191e-09 1.113415e+00 -3.338047e-07
9.150000e+00 5.000000e-01 4.997997e-01 -4.527698e-10 1.114412e+00 -3.574347e-07
9.200000e+00 5.000000e-01 4.997997e-01 4.620841e-09 1.115680e+00 -3.793696e-07
9.250000e+00 5.000000e-01 4.997997e-01 -3.581719e-09 1.117296e+00 -3.998494e-07
9.300000e+00 5.000000e-01 4.997997e-01 -4.750178e-09 1.119417e+00 -4.191389e-07
9.350000e+00 5.000000e-01 4.997997e-01 9.928254e-09 1.122175e+00 -4.345379e-07
9.400000e+00 5.000000e-01 4.997998e-01 7.565100e-10 1.125652e+00 -4.453737e-07
9.450000e+00 5.000000e-01 4.997998e-01 -1.712405e-08 1.130204e+00 -4.540569e-07
9.500000e+00 5.000000e-01 4.997998e-01 8.657720e-09 1.136194e+00 -4.579661e-07
9.550000e+00 5.000000e-01 4.997998e-01 2.362679e-08 1.143865e+00 -4.523897e-07
9.600000e+00 5.000000e-01 4.997999e-01 -2.421292e-08 1.153752e+00 -4.414914e-07
9.650000e+00 5.000000e-01 4.997999e-01 -2.730174e-08 1.166927e+00 -4.298041e-07
9.700000e+00 5.000000e-01 4.997999e-01 4.331238e-08 1.184287e+00 -4.091559e-07
9.750000e+00 5.000000e-01 4.997999e-01 2.657811e-08 1.206857e+00 -3.752615e-07
9.800000e+00 5.000000e-01 4.997999e-01 -5.505972e-08 1.236800e+00 -3.419244e-07
9.850000e+00 5.000000e-01 4.998000e-01 -2.185203e-08 1.277186e+00 -3.172769e-07
9.900000e+00 5.000000e-01 4.998000e-01 3.752473e-08 1.331198e+00 -2.936646e-07
9.950000e+00 5.000000e-01 4.998000e-01 1.266939e-08 1.403150e+00 -2.720536e-07
1.000000e+01 5.000000e-01 4.998000e-01 1.964454e-08 0.000000e+00 0.000000e+00
0.000000e+00 5.200000e-01 5.297760e-01 2.400000e-01 0.000000e+00 0.000000e+00
5.000000e-02 5.200000e-01 5.295857e-01 2.803399e-01 1.487156e+00 2.958123e-03
1.000000e-01 5.200000e-01 5.294802e-01 -4.911559e-01 1.484912e+00 -7.477517e-03
1.500000e-01 5.200000e-01 5.303335e-01 5.296887e-02 1.525257e+00 -1.164620e-02
2.000000e-01 5.200000e-01 5.306448e-01 1.656776e+00 1.533412e+00 1.274177e-02
2.500000e-01 5.200000e-01 5.290593e-01 6.406030e-01 1.458240e+00 2.309906e-02
3.000000e-01 5.200000e-01 5.283349e-01 -1.891815e+00 1.434802e+00 -1.401158e-02
3.500000e-01 5.200000e-01 5.304604e-01 -8.192871e-01 1.537679e+00 -3.450778e-02
4.000000e-01 5.200000e-01 5.317857e-01 2.500093e+00 1.587346e+00 1.083739e-02
4.500000e-01 5.200000e-01 5.293767e-01 1.668852e+00 1.468539e+00 4.484535e-02
5.000000e-01 5.200000e-01 5.273011e-01 -2.398332e+00 1.385679e+00 -1.486267e-03
5.500000e-01 5.200000e-01 5.295253e-01 -2.424561e+00 1.500570e+00 -5.052041e-02
6.000000e-01 5.200000e-01 5.323532e-01 1.825835e+00 1.621084e+00 -1.208651e-02
6.500000e-01 5.200000e-01 5.307340e-01 2.872366e+00 1.531000e+00 4.990114e-02
7.000000e-01 5.200000e-01 5.273631e-01 -1.155690e+00 1.381617e+00 2.790154e-02
7.500000e-01 5.200000e-01 5.279438e-01 -3.341855e+00 1.425889e+00 -3.978344e-02
8.000000e-01 5.200000e-01 5.313414e-01 -2.581100e-01 1.582642e+00 -3.951110e-02
8.500000e-01 5.200000e-01 5.318949e-01 2.717414e+00 1.592040e+00 2.442592e-02
9.000000e-01 5.200000e-01 5.288988e-01 9.443013e-01 1.447328e+00 4.587627e-02
9.500000e-01 5.200000e-01 5.273073e-01 -2.200313e+00 1.385546e+00 -3.572762e-03
1.000000e+00 5.200000e-01 5.292561e-01 -1.775553e+00 1.484911e+00 -3.973479e-02
1.050000e+00 5.200000e-01 5.312808e-01 9.894506e-01 1.572031e+00 -1.096431e-02
1.100000e+00 5.200000e-01 5.303525e-01 1.719851e+00 1.518022e+00 3.061736e-02
1.150000e+00 5.200000e-01 5.282190e-01 -1.270698e-01 1.418841e+00 2.378263e-02
1.200000e+00 5.200000e-01 5.279743e-01 -1.356379e+00 1.415203e+00 -1.192815e-02
1.250000e+00 5.200000e-01 5.294119e-01 -4.303924e-01 1.484784e+00 -2.120900e-02
1.300000e+00 5.200000e-01 5.300952e-01 8.880140e-01 1.511389e+00 2.540230e-03
1.350000e+00 5.200000e-01 5.291578e-01 8.138936e-01 1.462381e+00 2.047580e-02
1.400000e+00 5.200000e-01 5.280476e-01 -1.224978e-01 1.410904e+00 1.123603e-02
1.450000e+00 5.200000e-01 5.280342e-01 -4.685732e-01 1.413464e+00 -6.055447e-03
1.500000e+00 5.200000e-01 5.286531e-01 2.923641e-02 1.443114e+00 -7.532369e-03
1.550000e+00 5.200000e-01 5.287875e-01 5.182998e-01 1.446895e+00 4.494561e-03
1.600000e+00 5.200000e-01 5.282037e-01 4.423199e-01 1.416879e+00 1.233202e-02
1.650000e+00 5.200000e-01 5.275543e-01 8.566854e-02 1.385791e+00 8.509886e-03
1.700000e+00 5.200000e-01 5.273527e-01 -5.641206e-02 1.377013e+00 1.073712e-03
1.750000e+00 5.200000e-01 5.274469e-01 9.634125e-02 1.381610e+00 -4.707836e-04
1.800000e+00 5.200000e-01 5.273998e-01 2.828500e-01 1.378350e+00 4.128401e-03
1.850000e+00 5.200000e-01 5.270341e-01 3.040593e-01 1.359535e+00 8.793409e-03
1.900000e+00 5.200000e-01 5.265204e-01 1.954809e-01 1.334068e+00 9.355987e-03
1.950000e+00 5.200000e-01 5.260985e-01 9.740881e-02 1.313506e+00 6.818156e-03
2.000000e+00 5.200000e-01 5.258386e-01 8.485030e-02 1.300857e+00 4.571845e-03
2.050000e+00 5.200000e-01 5.256413e-01 1.321308e-01 1.290994e+00 4.647501e-03
2.100000e+00 5.200000e-01 5.253739e-01 1.777989e-01 1.277458e+00 6.632660e-03
2.150000e+00 5.200000e-01 5.249780e-01 1.861228e-01 1.257549e+00 8.911063e-03
2.200000e+00 5.200000e-01 5.244828e-01 1.589393e-01 1.232822e+00 1.018565e-02
2.250000e+00 5.200000e-01 5.239594e-01 1.159213e-01 1.206827e+00 1.008167e-02
2.300000e+00 5.200000e-01 5.234746e-01 7.468952e-02 1.182820e+00 8.920952e-03
2.350000e+00 5.200000e-01 5.230673e-01 4.357076e-02 1.162698e+00 7.253249e-03
2.400000e+00 5.200000e-01 5.227493e-01 2.343168e-02 1.146999e+00 5.536139e-03
2.450000e+00 5.200000e-01 5.225137e-01 1.177193e-02 1.135383e+00 4.032402e-03
2.500000e+00 5.200000e-01 5.223460e-01 5.579097e-03 1.127114e+00 2.837951e-03
2.550000e+00 5.200000e-01 5.222299e-01 2.512273e-03 1.121391e+00 1.947901e-03
2.600000e+00 5.200000e-01 5.221512e-01 1.080580e-03 1.117511e+00 1.312822e-03
2.650000e+00 5.200000e-01 5.220987e-01 4.457075e-04 1.114919e+00 8.730263e-04
2.700000e+00 5.200000e-01 5.220639e-01 1.768255e-04 1.113206e+00 5.747470e-04
2.750000e+00 5.200000e-01 5.220412e-01 6.763086e-05 1.112084e+00 3.754020e-04
2.800000e+00 5.200000e-01 5.220264e-01 2.498301e-05 1.111353e+00 2.435859e-04
2.850000e+00 5.200000e-01 5.220168e-01 8.926840e-06 1.110880e+00 1.571176e-04
2.900000e+00 5.200000e-01 5.220107e-01 3.089454e-06 1.110575e+00 1.007568e-04
2.950000e+00 5.200000e-01 5.220067e-01 1.037061e-06 1.110379e+00 6.421967e-05
3.000000e+00 5.200000e-01 5.220043e-01 3.383563e-07 1.110254e+00 4.065213e-05
3.050000e+00 5.200000e-01 5.220027e-01 1.078098e-07 1.110175e+00 2.552531e-05
3.100000e+00 5.200000e-01 5.220017e-01 3.401420e-08 1.110125e+00 1.586644e-05
3.150000e+00 5.200000e-01 5.220011e-01 1.108341e-08 1.110093e+00 9.734397e-06
3.200000e+00 5.200000e-01 5.220007e-01 4.162629e-09 1.110073e+00 5.867390e-06
3.250000e+00 5.200000e-01 5.220005e-01 2.133386e-09 1.110061e+00 3.448575e-06
3.300000e+00 5.200000e-01 5.220004e-01 1.555617e-09 1.110053e+00 1.951204e-06
3.350000e+00 5.200000e-01 5.220003e-01 1.396218e-09 1.110049e+00 1.036907e-06
3.400000e+00 5.200000e-01 5.220003e-01 1.353890e-09 1.110046e+00 4.891730e-07
3.450000e+00 5.200000e-01 5.220003e-01 1.343284e-09 1.110044e+00 1.700409e-07
3.500000e+00 5.200000e-01 5.220003e-01 1.340937e-09 1.110043e+00 -7.999543e-09
3.550000e+00 5.200000e-01 5.220003e-01 1.340605e-09 1.110042e+00 -1.001707e-07
3.600000e+00 5.200000e-01 5.220003e-01 1.340697e-09 1.110042e+00 -1.411068e-07
3.650000e+00 5.200000e-01 5.220003e-01 1.340836e-09 1.110042e+00 -1.523645e-07
3.700000e+00 5.200000e-01 5.220003e-01 1.340946e-09 1.110042e+00 -1.472286e-07
3.750000e+00 5.200000e-01 5.220003e-01 1.341023e-09 1.110042e+00 -1.337755e-07
3.800000e+00 5.200000e-01 5.220003e-01 1.341074e-09 1.110042e+00 -1.168207e-07
3.850000e+00 5.200000e-01 5.220003e-01 1.341107e-09 1.110042e+00 -9.915099e-08
3.900000e+00 5.200000e-01 5.220003e-01 1.341128e-09 1.110042e+00 -8.230263e-08
3.950000e+00 5.200000e-01 5.220003e-01 1.341142e-09 1.110042e+00 -6.704984e-08
4.000000e+00 5.200000e-01 5.220003e-01 1.341150e-09 1.110042e+00 -5.371066e-08
4.050000e+00 5.200000e-01 5.220003e-01 1.341154e-09 1.110042e+00 -4.233734e-08
4.100000e+00 5.200000e-01 5.220003e-01 1.341157e-09 1.110042e+00 -3.283412e-08
4.150000e+00 5.200000e-01 5.220003e-01 1.341158e-09 1.110042e+00 -2.502942e-08
4.200000e+00 5.200000e-01 5.220003e-01 1.341158e-09 1.110042e+00 -1.871960e-08
4.250000e+00 5.200000e-01 5.220003e-01 1.341158e-09 1.110042e+00 -1.369482e-08
4.300000e+00 5.200000e-01 5.220003e-01 1.341158e-09 1.110042e+00 -9.753864e-09
4.350000e+00 5.200000e-01 5.220003e-01 1.341158e-09 1.110042e+00 -6.712100e-09
4.400000e+00 5.200000e-01 5.220003e-01 1.341157e-09 1.110042e+00 -4.405134e-09
4.450000e+00 5.200000e-01 5.220003e-01 1.341157e-09 1.110042e+00 -2.689925e-09
4.500000e+00 5.200000e-01 5.220003e-01 1.341157e-09 1.110042e+00 -1.444322e-09
4.550000e+00 5.200000e-01 5.220003e-01 1.341156e-09 1.110042e+00 -5.657030e-10
4.600000e+00 5.200000e-01 5.220003e-01 1.341156e-09 1.110042e+00 3.085199e-11
4.650000e+00 5.200000e-01 5.220003e-01 1.341156e-09 1.110042e+00 4.145850e-10
4.700000e+00 5.200000e-01 5.220003e-01 1.341156e-09 1.110042e+00 6.411338e-10
4.750000e+00 5.200000e-01 5.220003e-01 1.341156e-09 1.110042e+00 7.545309e-10
4.800000e+00 5.200000e-01 5.220003e-01 1.341155e-09 1.110042e+00 7.890577e-10
4.850000e+00 5.200000e-01 5.220003e-01 1.341155e-09 1.110042e+00 7.709300e-10
4.900000e+00 5.200000e-01 5.220003e-01 1.341155e-09 1.110042e+00 7.197964e-10
4.950000e+00 5.200000e-01 5.220003e-01 1.341155e-09 1.110042e+00 6.500400e-10
5.000000e+00 5.200000e-01 5.220003e-01 1.341155e-09 1.110042e+00 5.718792e-10
5.050000e+00 5.200000e-01 5.220003e-01 1.341155e-09 1.110042e+00 4.923151e-10
5.100000e+00 5.200000e-01 5.220003e-01 1.341155e-09 1.110042e+00 4.158929e-10
5.150000e+00 5.200000e-01 5.220003e-01 1.341155e-09 1.110042e+00 3.453338e-10
5.200000e+00 5.200000e-01 5.220003e-01 1.341155e-09 1.110042e+00 2.820377e-10
5.250000e+00 5.200000e-01 5.220003e-01 1.341155e-09 1.110042e+00 2.264722e-10
5.300000e+00 5.200000e-01 5.220003e-01 1.341155e-09 1.110042e+00 1.784850e-10
5.350000e+00 5.200000e-01 5.220003e-01 1.341155e-09 1.110042e+00 1.375222e-10
5.400000e+00 5.200000e-01 5.220003e-01 1.341155e-09 1.110042e+00 1.028044e-10
5.450000e+00 5.200000e-01 5.220003e-01 1.341155e-09 1.110042e+00 7.343126e-11
5.500000e+00 5.200000e-01 5.220003e-01 1.341155e-09 1.110042e+00 4.847123e-11
5.550000e+00 5.200000e-01 5.220003e-01 1.341155e-09 1.110042e+00 2.701395e-11
5.600000e+00 5.200000e-01 5.220003e-01 1.341155e-09 1.110042e+00 8.196777e-12
5.650000e+00 5.200000e-01 5.220003e-01 1.341155e-09 1.110042e+00 -8.792966e-12
5.700000e+00 5.200000e-01 5.220003e-01 1.341155e-09 1.110042e+00 -2.471134e-11
5.750000e+00 5.200000e-01 5.220003e-01 1.341155e-09 1.110042e+00 -4.026224e-11
5.800000e+00 5.200000e-01 5.220003e-01 1.341155e-09 1.110042e+00 -5.612844e-11
5.850000e+00 5.200000e-01 5.220003e-01 1.341155e-09 1.110042e+00 -7.298051e-11
5.900000e+00 5.200000e-01 5.220003e-01 1.341155e-09 1.110042e+00 -9.150902e-11
5.950000e+00 5.200000e-01 5.220003e-01 1.341155e-09 1.110042e+00 -1.124578e-10
6.000000e+00 5.200000e-01 5.220003e-01 1.341155e-09 1.110042e+00 -1.366562e-10
6.050000e+00 5.200000e-01 5.220003e-01 1.341155e-09 1.110042e+00 -1.650691e-10
6.100000e+00 5.200000e-01 5.220003e-01 1.341155e-09 1.110042e+00 -1.988409e-10
6.150000e+00 5.200000e-01 5.220003e-01 1.341155e-09 1.110042e+00 -2.393608e-10
6.200000e+00 5.200000e-01 5.220003e-01 1.341155e-09 1.110042e+00 -2.883627e-10
6.250000e+00 5.200000e-01 5.220003e-01 1.341155e-09 1.110042e+00 -3.480005e-10
6.300000e+00 5.200000e-01 5.220003e-01 1.341155e-09 1.110042e+00 -4.209744e-10
6.350000e+00 5.200000e-01 5.220003e-01 1.341155e-09 1.110042e+00 -5.107137e-10
6.400000e+00 5.200000e-01 5.220003e-01 1.341155e-09 1.110042e+00 -6.215717e-10
6.450000e+00 5.200000e-01 5.220003e-01 1.341155e-09 1.110042e+00 -7.590883e-10
6.500000e+00 5.200000e-01 5.220003e-01 1.341155e-09 1.110042e+00 -9.303303e-10
6.550000e+00 5.200000e-01 5.220003e-01 1.341155e-09 1.110042e+00 -1.144345e-09
6.600000e+00 5.200000e-01 5.220003e-01 1.341155e-09 1.110042e+00 -1.412721e-09
6.650000e+00 5.200000e-01 5.220003e-01 1.341155e-09 1.110042e+00 -1.750325e-09
6.700000e+00 5.200000e-01 5.220003e-01 1.341155e-09 1.110042e+00 -2.176253e-09
6.750000e+00 5.200000e-01 5.220003e-01 1.341155e-09 1.110042e+00 -2.715056e-09
6.800000e+00 5.200000e-01 5.220003e-01 1.341155e-09 1.110042e+00 -3.398343e-09
6.850000e+00 5.200000e-01 5.220003e-01 1.341155e-09 1.110042e+00 -4.266821e-09
6.900000e+00 5.200000e-01 5.220003e-01 1.341155e-09 1.110042e+00 -5.372969e-09
6.950000e+00 5.200000e-01 5.220003e-01 1.341156e-09 1.110042e+00 -6.784470e-09
7.000000e+00 5.200000e-01 5.220003e-01 1.341156e-09 1.110042e+00 -8.588665e-09
7.050000e+00 5.200000e-01 5.220003e-01 1.341156e-09 1.110042e+00 -1.089830e-08
7.100000e+00 5.200000e-01 5.220003e-01 1.341156e-09 1.110042e+00 -1.385898e-08
7.150000e+00 5.200000e-01 5.220003e-01 1.341157e-09 1.110042e+00 -1.765878e-08
7.200000e+00 5.200000e-01 5.220003e-01 1.341155e-09 1.110042e+00 -2.254070e-08
7.250000e+00 5.200000e-01 5.220003e-01 1.341162e-09 1.110042e+00 -2.881871e-08
7.300000e+00 5.200000e-01 5.220003e-01 1.341137e-09 1.110042e+00 -3.689860e-08
7.350000e+00 5.200000e-01 5.220003e-01 1.341236e-09 1.110042e+00 -4.730476e-08
7.400000e+00 5.200000e-01 5.220003e-01 1.340881e-09 1.110042e+00 -6.071502e-08
7.450000e+00 5.200000e-01 5.220003e-01 1.342130e-09 1.110042e+00 -7.800503e-08
7.500000e+00 5.200000e-01 5.220003e-01 1.337895e-09 1.110043e+00 -1.003078e-07
7.550000e+00 5.200000e-01 5.220004e-01 1.351810e-09 1.110043e+00 -1.290831e-07
7.600000e+00 5.200000e-01 5.220004e-01 1.307647e-09 1.110043e+00 -1.662310e-07
7.650000e+00 5.200000e-01 5.220004e-01 1.443015e-09 1.110044e+00 -2.141654e-07
7.700000e+00 5.200000e-01 5.220004e-01 1.042951e-09 1.110044e+00 -2.761237e-07
7.750000e+00 5.200000e-01 5.220004e-01 2.181583e-09 1.110045e+00 -3.559583e-07
7.800000e+00 5.200000e-01 5.220004e-01 -9.342413e-10 1.110046e+00 -4.595257e-07
7.850000e+00 5.200000e-01 5.220004e-01 7.249457e-09 1.110047e+00 -5.921354e-07
7.900000e+00 5.200000e-01 5.220005e-01 -1.333927e-08 1.110049e+00 -7.661723e-07
7.950000e+00 5.200000e-01 5.220005e-01 3.616006e-08 1.110051e+00 -9.846774e-07
8.000000e+00 5.200000e-01 5.220006e-01 -7.725326e-08 1.110054e+00 -1.280484e-06
8.050000e+00 5.200000e-01 5.220006e-01 1.695801e-07 1.110057e+00 -1.634726e-06
8.100000e+00 5.200000e-01 5.220007e-01 -3.386929e-07 1.110062e+00 -2.145756e-06
8.150000e+00 5.200000e-01 5.220009e-01 6.467128e-07 1.110068e+00 -2.709395e-06
8.200000e+00 5.200000e-01 5.220010e-01 -1.140829e-06 1.110075e+00 -3.597684e-06
8.250000e+00 5.200000e-01 5.220012e-01 1.868567e-06 1.110086e+00 -4.500476e-06
8.300000e+00 5.200000e-01 5.220015e-01 -2.781350e-06 1.110097e+00 -5.998616e-06
8.350000e+00 5.200000e-01 5.220018e-01 3.707382e-06 1.110115e+00 -7.542142e-06
8.400000e+00 5.200000e-01 5.220022e-01 -4.266873e-06 1.110134e+00 -9.899455e-06
8.450000e+00 5.200000e-01 5.220028e-01 3.989769e-06 1.110164e+00 -1.273668e-05
8.500000e+00 5.200000e-01 5.220035e-01 -2.559064e-06 1.110197e+00 -1.630927e-05
8.550000e+00 5.200000e-01 5.220044e-01 3.352153e-07 1.110245e+00 -2.132922e-05
8.600000e+00 5.200000e-01 5.220056e-01 1.304182e-06 1.110303e+00 -2.728057e-05
8.650000e+00 5.200000e-01 5.220072e-01 -2.518543e-07 1.110380e+00 -3.513560e-05
8.700000e+00 5.200000e-01 5.220091e-01 -4.695478e-06 1.110476e+00 -4.593933e-05
8.750000e+00 5.200000e-01 5.220118e-01 1.148514e-05 1.110608e+00 -5.830937e-05
8.800000e+00 5.200000e-01 5.220150e-01 -1.386950e-05 1.110765e+00 -7.586513e-05
8.850000e+00 5.200000e-01 5.220194e-01 5.287305e-06 1.110984e+00 -9.840034e-05
8.900000e+00 5.200000e-01 5.220248e-01 1.243132e-05 1.111254e+00 -1.251647e-04
8.950000e+00 5.200000e-01 5.220319e-01 -2.301621e-05 1.111605e+00 -1.629447e-04
9.000000e+00 5.200000e-01 5.220411e-01 5.700787e-06 1.112063e+00 -2.111595e-04
9.050000e+00 5.200000e-01 5.220530e-01 3.654715e-05 1.112655e+00 -2.684708e-04
9.100000e+00 5.200000e-01 5.220679e-01 -5.803527e-05 1.113395e+00 -3.493438e-04
9.150000e+00 5.200000e-01 5.220879e-01 6.196362e-06 1.114391e+00 -4.534653e-04
9.200000e+00 5.200000e-01 5.221133e-01 9.144376e-05 1.115652e+00 -5.770768e-04
9.250000e+00 5.200000e-01 5.221456e-01 -9.935562e-05 1.117257e+00 -7.477060e-04
9.300000e+00 5.200000e-01 5.221881e-01 -7.109907e-05 1.119366e+00 -9.761481e-04
9.350000e+00 5.200000e-01 5.222432e-01 2.395721e-04 1.122115e+00 -1.247513e-03
9.400000e+00 5.200000e-01 5.223128e-01 -6.869958e-05 1.125568e+00 -1.606386e-03
9.450000e+00 5.200000e-01 5.224039e-01 -3.688975e-04 1.130092e+00 -2.108793e-03
9.500000e+00 5.200000e-01 5.225237e-01 3.651207e-04 1.136055e+00 -2.732543e-03
9.550000e+00 5.200000e-01 5.226771e-01 4.165990e-04 1.143685e+00 -3.512156e-03
9.600000e+00 5.200000e-01 5.228749e-01 -8.419570e-04 1.153498e+00 -4.612842e-03
9.650000e+00 5.200000e-01 5.231384e-01 -2.765860e-04 1.166592e+00 -6.107352e-03
9.700000e+00 5.200000e-01 5.234856e-01 1.408668e-03 1.183857e+00 -7.986389e-03
9.750000e+00 5.200000e-01 5.239371e-01 -7.635609e-05 1.206271e+00 -1.050297e-02
9.800000e+00 5.200000e-01 5.245359e-01 -1.748128e-03 1.235980e+00 -1.406628e-02
9.850000e+00 5.200000e-01 5.253437e-01 3.533333e-04 1.276089e+00 -1.887983e-02
9.900000e+00 5.200000e-01 5.264239e-01 1.268214e-03 1.329751e+00 -2.519295e-02
9.950000e+00 5.200000e-01 5.278630e-01 6.518004e-05 1.401254e+00 -3.352074e-02
1.000000e+01 5.200000e-01 5.297760e-01 4.023313e-04 0.000000e+00 0.000000e+00
0.000000e+00 5.400000e-01 5.596560e-01 4.800000e-01 0.000000e+00 0.000000e+00
5.000000e-02 5.400000e-01 5.592862e-01 4.488277e-01 1.481211e+00 4.597673e-03
1.000000e-01 5.400000e-01 5.591962e-01 -8.641653e-01 1.486710e+00 -1.522852e-02
1.500000e-01 5.400000e-01 5.608091e-01 4.672966e-01 1.518696e+00 -1.938812e-02
2.000000e-01 5.400000e-01 5.611350e-01 3.142908e+00 1.507753e+00 2.679719e-02
2.500000e-01 5.400000e-01 5.581293e-01 7.193762e-01 1.447316e+00 3.943100e-02
3.000000e-01 5.400000e-01 5.571919e-01 -3.499435e+00 1.456885e+00 -3.175681e-02
3.500000e-01 5.400000e-01 5.613050e-01 -6.824388e-01 1.544966e+00 -6.098831e-02
4.000000e-01 5.400000e-01 5.632908e-01 5.041476e+00 1.550291e+00 2.764694e-02
4.500000e-01 5.400000e-01 5.585403e-01 2.471322e+00 1.442447e+00 8.063752e-02
5.000000e-01 5.400000e-01 5.552270e-01 -4.678647e+00 1.416101e+00 -1.280288e-02
5.500000e-01 5.400000e-01 5.598206e-01 -3.428001e+00 1.533161e+00 -9.412226e-02
6.000000e-01 5.400000e-01 5.646392e-01 4.382087e+00 1.594921e+00 -1.216432e-02
6.500000e-01 5.400000e-01 5.610371e-01 5.043249e+00 1.487009e+00 9.575652e-02
7.000000e-01 5.400000e-01 5.550636e-01 -2.710484e+00 1.393613e+00 4.203340e-02
7.500000e-01 5.400000e-01 5.568337e-01 -5.523127e+00 1.473134e+00 -8.038146e-02
8.000000e-01 5.400000e-01 5.631017e-01 8.061674e-01 1.588778e+00 -6.643678e-02
8.500000e-01 5.400000e-01 5.634774e-01 5.463616e+00 1.551728e+00 5.411473e-02
9.000000e-01 5.400000e-01 5.576903e-01 1.285027e+00 1.427271e+00 8.257879e-02
9.500000e-01 5.400000e-01 5.552195e-01 -4.153977e+00 1.413663e+00 -1.502883e-02
1.000000e+00 5.400000e-01 5.591932e-01 -2.514789e+00 1.513117e+00 -7.457594e-02
1.050000e+00 5.400000e-01 5.626771e-01 2.589753e+00 1.560132e+00 -1.323843e-02
1.100000e+00 5.400000e-01 5.605170e-01 3.263204e+00 1.488873e+00 6.126788e-02
1.150000e+00 5.400000e-01 5.565503e-01 -5.014085e-01 1.413474e+00 4.112141e-02
1.200000e+00 5.400000e-01 5.564049e-01 -2.453117e+00 1.432483e+00 -2.637440e-02
1.250000e+00 5.400000e-01 5.591878e-01 -3.859005e-01 1.493264e+00 -3.846944e-02
1.300000e+00 5.400000e-01 5.602518e-01 1.965824e+00 1.498758e+00 8.961116e-03
1.350000e+00 5.400000e-01 5.582916e-01 1.523438e+00 1.445597e+00 4.019041e-02
1.400000e+00 5.400000e-01 5.562328e-01 -3.281515e-01 1.406581e+00 1.956421e-02
1.450000e+00 5.400000e-01 5.563352e-01 -8.410452e-01 1.417722e+00 -1.288506e-02
1.500000e+00 5.400000e-01 5.575213e-01 2.086392e-01 1.442881e+00 -1.337382e-02
1.550000e+00 5.400000e-01 5.576726e-01 1.091805e+00 1.438336e+00 1.049162e-02
1.600000e+00 5.400000e-01 5.564721e-01 8.510814e-01 1.406562e+00 2.443905e-02
1.650000e+00 5.400000e-01 5.552287e-01 1.394187e-01 1.379827e+00 1.594379e-02
1.700000e+00 5.400000e-01 5.548777e-01 -9.734040e-02 1.374719e+00 1.669400e-03
1.750000e+00 5.400000e-01 5.550618e-01 2.297657e-01 1.378776e+00 -5.378216e-04
1.800000e+00 5.400000e-01 5.549315e-01 5.856732e-01 1.372859e+00 8.827074e-03
1.850000e+00 5.400000e-01 5.541791e-01 6.037466e-01 1.352638e+00 1.770977e-02
1.900000e+00 5.400000e-01 5.531605e-01 3.788800e-01 1.327942e+00 1.840888e-02
1.950000e+00 5.400000e-01 5.523382e-01 1.898207e-01 1.309003e+00 1.328214e-02
2.000000e+00 5.400000e-01 5.518323e-01 1.734375e-01 1.297348e+00 9.002324e-03
2.050000e+00 5.400000e-01 5.514379e-01 2.705048e-01 1.287478e+00 9.357154e-03
2.100000e+00 5.400000e-01 5.508966e-01 3.590173e-01 1.273462e+00 1.337575e-02
2.150000e+00 5.400000e-01 5.501004e-01 3.717597e-01 1.253242e+00 1.785233e-02
2.200000e+00 5.400000e-01 5.491114e-01 3.150951e-01 1.228656e+00 2.028732e-02
2.250000e+00 5.400000e-01 5.480716e-01 2.286426e-01 1.203194e+00 1.999963e-02
2.300000e+00 5.400000e-01 5.471114e-01 1.468055e-01 1.179905e+00 1.765105e-02
2.350000e+00 5.400000e-01 5.463065e-01 8.543765e-02 1.160501e+00 1.432811e-02
2.400000e+00 5.400000e-01 5.456786e-01 4.587355e-02 1.145418e+00 1.092555e-02
2.450000e+00 5.400000e-01 5.452140e-01 2.302196e-02 1.134280e+00 7.953572e-03
2.500000e+00 5.400000e-01 5.448832e-01 1.090322e-02 1.126362e+00 5.595995e-03
2.550000e+00 5.400000e-01 5.446544e-01 4.907550e-03 1.120886e+00 3.840436e-03
2.600000e+00 5.400000e-01 5.444992e-01 2.110276e-03 1.117175e+00 2.588232e-03
2.650000e+00 5.400000e-01 5.443955e-01 8.703023e-04 1.114697e+00 1.721244e-03
2.700000e+00 5.400000e-01 5.443271e-01 3.452556e-04 1.113060e+00 1.133312e-03
2.750000e+00 5.400000e-01 5.442822e-01 1.320522e-04 1.111988e+00 7.404361e-04
2.800000e+00 5.400000e-01 5.442530e-01 4.878433e-05 1.111290e+00 4.806800e-04
2.850000e+00 5.400000e-01 5.442341e-01 1.743499e-05 1.110839e+00 3.103054e-04
2.900000e+00 5.400000e-01 5.442220e-01 6.037147e-06 1.110548e+00 1.992619e-04
2.950000e+00 5.400000e-01 5.442142e-01 2.029525e-06 1.110362e+00 1.272749e-04
3.000000e+00 5.400000e-01 5.442093e-01 6.651379e-07 1.110243e+00 8.083304e-05
3.050000e+00 5.400000e-01 5.442061e-01 2.149381e-07 1.110168e+00 5.101117e-05
3.100000e+00 5.400000e-01 5.442042e-01 7.084618e-08 1.110120e+00 3.195248e-05
3.150000e+00 5.400000e-01 5.442029e-01 2.608544e-08 1.110090e+00 1.983402e-05
3.200000e+00 5.400000e-01 5.442022e-01 1.258705e-08 1.110072e+00 1.217186e-05
3.250000e+00 5.400000e-01 5.442017e-01 8.637216e-09 1.110060e+00 7.358736e-06
3.300000e+00 5.400000e-01 5.442014e-01 7.518286e-09 1.110053e+00 4.358769e-06
3.350000e+00 5.400000e-01 5.442013e-01 7.213533e-09 1.110048e+00 2.506948e-06
3.400000e+00 5.400000e-01 5.442012e-01 7.135338e-09 1.110046e+00 1.378044e-06
3.450000e+00 5.400000e-01 5.442011e-01 7.117647e-09 1.110044e+00 7.012898e-07
3.500000e+00 5.400000e-01 5.442011e-01 7.115094e-09 1.110043e+00 3.050477e-07
3.550000e+00 5.400000e-01 5.442011e-01 7.115805e-09 1.110043e+00 8.105967e-08
3.600000e+00 5.400000e-01 5.442011e-01 7.116892e-09 1.110042e+00 -3.856690e-08
3.650000e+00 5.400000e-01 5.442011e-01 7.117764e-09 1.110042e+00 -9.612322e-08
3.700000e+00 5.400000e-01 5.442011e-01 7.118378e-09 1.110042e+00 -1.177354e-07
3.750000e+00 5.400000e-01 5.442011e-01 7.118790e-09 1.110042e+00 -1.193731e-07
3.800000e+00 5.400000e-01 5.442011e-01 7.119060e-09 1.110042e+00 -1.106612e-07
3.850000e+00 5.400000e-01 5.442011e-01 7.119236e-09 1.110042e+00 -9.728675e-08
3.900000e+00 5.400000e-01 5.442011e-01 7.119348e-09 1.110042e+00 -8.251323e-08
3.950000e+00 5.400000e-01 5.442012e-01 7.119418e-09 1.110042e+00 -6.812792e-08
4.000000e+00 5.400000e-01 5.442012e-01 7.119461e-09 1.110042e+00 -5.503157e-08
4.050000e+00 5.400000e-01 5.442012e-01 7.119486e-09 1.110042e+00 -4.360313e-08
4.100000e+00 5.400000e-01 5.442012e-01 7.119501e-09 1.110042e+00 -3.392362e-08
4.150000e+00 5.400000e-01 5.442012e-01 7.119508e-09 1.110042e+00 -2.591222e-08
4.200000e+00 5.400000e-01 5.442012e-01 7.119511e-09 1.110042e+00 -1.940794e-08
4.250000e+00 5.400000e-01 5.442012e-01 7.119511e-09 1.110042e+00 -1.421773e-08
4.300000e+00 5.400000e-01 5.442012e-01 7.119511e-09 1.110042e+00 -1.014398e-08
4.350000e+00 5.400000e-01 5.442012e-01 7.119509e-09 1.110042e+00 -6.999568e-09
4.400000e+00 5.400000e-01 5.442012e-01 7.119508e-09 1.110042e+00 -4.615297e-09
4.450000e+00 5.400000e-01 5.442012e-01 7.119506e-09 1.110042e+00 -2.842945e-09
4.500000e+00 5.400000e-01 5.442012e-01 7.119504e-09 1.110042e+00 -1.555649e-09
4.550000e+00 5.400000e-01 5.442012e-01 7.119503e-09 1.110042e+00 -6.468759e-10
4.600000e+00 5.400000e-01 5.442012e-01 7.119502e-09 1.110042e+00 -2.861378e-11
4.650000e+00 5.400000e-01 5.442012e-01 7.119501e-09 1.110042e+00 3.707257e-10
4.700000e+00 5.400000e-01 5.442012e-01 7.119500e-09 1.110042e+00 6.085155e-10
4.750000e+00 5.400000e-01 5.442012e-01 7.119500e-09 1.110042e+00 7.300538e-10
4.800000e+00 5.400000e-01 5.442012e-01 7.119499e-09 1.110042e+00 7.705192e-10
4.850000e+00 5.400000e-01 5.442012e-01 7.119499e-09 1.110042e+00 7.567647e-10
4.900000e+00 5.400000e-01 5.442012e-01 7.119498e-09 1.110042e+00 7.088841e-10
4.950000e+00 5.400000e-01 5.442012e-01 7.119498e-09 1.110042e+00 6.415690e-10
5.000000e+00 5.400000e-01 5.442012e-01 7.119498e-09 1.110042e+00 5.652578e-10
5.050000e+00 5.400000e-01 5.442012e-01 7.119498e-09 1.110042e+00 4.870959e-10
5.100000e+00 5.400000e-01 5.442012e-01 7.119498e-09 1.110042e+00 4.117318e-10
5.150000e+00 5.400000e-01 5.442012e-01 7.119498e-09 1.110042e+00 3.419620e-10
5.200000e+00 5.400000e-01 5.442012e-01 7.119498e-09 1.110042e+00 2.792366e-10
5.250000e+00 5.400000e-01 5.442012e-01 7.119498e-09 1.110042e+00 2.240530e-10
5.300000e+00 5.400000e-01 5.442012e-01 7.119498e-09 1.110042e+00 1.762823e-10
5.350000e+00 5.400000e-01 5.442012e-01 7.119498e-09 1.110042e+00 1.353850e-10
5.400000e+00 5.400000e-01 5.442012e-01 7.119498e-09 1.110042e+00 1.005751e-10
5.450000e+00 5.400000e-01 5.442012e-01 7.119498e-09 1.110042e+00 7.094103e-11
5.500000e+00 5.400000e-01 5.442012e-01 7.119498e-09 1.110042e+00 4.554024e-11
5.550000e+00 5.400000e-01 5.442012e-01 7.119498e-09 1.110042e+00 2.342904e-11
5.600000e+00 5.400000e-01 5.442012e-01 7.119498e-09 1.110042e+00 3.691492e-12
5.650000e+00 5.400000e-01 5.442012e-01 7.119498e-09 1.110042e+00 -1.454725e-11
5.700000e+00 5.400000e-01 5.442012e-01 7.119498e-09 1.110042e+00 -3.213207e-11
5.750000e+00 5.400000e-01 5.442012e-01 7.119498e-09 1.110042e+00 -4.988010e-11
5.800000e+00 5.400000e-01 5.442012e-01 7.119498e-09 1.110042e+00 -6.863066e-11
5.850000e+00 5.400000e-01 5.442012e-01 7.119498e-09 1.110042e+00 -8.925749e-11
5.900000e+00 5.400000e-01 5.442012e-01 7.119498e-09 1.110042e+00 -1.127143e-10
5.950000e+00 5.400000e-01 5.442012e-01 7.119498e-09 1.110042e+00 -1.400946e-10
6.000000e+00 5.400000e-01 5.442012e-01 7.119498e-09 1.110042e+00 -1.726730e-10
6.050000e+00 5.400000e-01 5.442012e-01 7.119498e-09 1.110042e+00 -2.120015e-10
6.100000e+00 5.400000e-01 5.442012e-01 7.119498e-09 1.110042e+00 -2.599843e-10
6.150000e+00 5.400000e-01 5.442012e-01 7.119498e-09 1.110042e+00 -3.190048e-10
6.200000e+00 5.400000e-01 5.442012e-01 7.119498e-09 1.110042e+00 -3.920819e-10
6.250000e+00 5.400000e-01 5.442012e-01 7.119498e-09 1.110042e+00 -4.830403e-10
6.300000e+00 5.400000e-01 5.442012e-01 7.119498e-09 1.110042e+00 -5.967571e-10
6.350000e+00 5.400000e-01 5.442012e-01 7.119498e-09 1.110042e+00 -7.394785e-10
6.400000e+00 5.400000e-01 5.442012e-01 7.119498e-09 1.110042e+00 -9.192269e-10
6.450000e+00 5.400000e-01 5.442012e-01 7.119498e-09 1.110042e+00 -1.146302e-09
6.500000e+00 5.400000e-01 5.442012e-01 7.119498e-09 1.110042e+00 -1.433949e-09
6.550000e+00 5.400000e-01 5.442012e-01 7.119498e-09 1.110042e+00 -1.799234e-09
6.600000e+00 5.400000e-01 5.442012e-01 7.119498e-09 1.110042e+00 -2.264160e-09
6.650000e+00 5.400000e-01 5.442012e-01 7.119498e-09 1.110042e+00 -2.857099e-09
6.700000e+00 5.400000e-01 5.442012e-01 7.119498e-09 1.110042e+00 -3.614674e-09
6.750000e+00 5.400000e-01 5.442012e-01 7.119499e-09 1.110042e+00 -4.584175e-09
6.800000e+00 5.400000e-01 5.442012e-01 7.119499e-09 1.110042e+00 -5.826702e-09
6.850000e+00 5.400000e-01 5.442012e-01 7.119499e-09 1.110042e+00 -7.421209e-09
6.900000e+00 5.400000e-01 5.442012e-01 7.119500e-09 1.110042e+00 -9.469761e-09
6.950000e+00 5.400000e-01 5.442012e-01 7.119500e-09 1.110042e+00 -1.210434e-08
7.000000e+00 5.400000e-01 5.442012e-01 7.119501e-09 1.110042e+00 -1.549560e-08
7.050000e+00 5.400000e-01 5.442012e-01 7.119502e-09 1.110042e+00 -1.986431e-08
7.100000e+00 5.400000e-01 5.442012e-01 7.119503e-09 1.110042e+00 -2.549603e-08
7.150000e+00 5.400000e-01 5.442012e-01 7.119506e-09 1.110042e+00 -3.276013e-08
7.200000e+00 5.400000e-01 5.442012e-01 7.119502e-09 1.110042e+00 -4.213450e-08
7.250000e+00 5.400000e-01 5.442012e-01 7.119532e-09 1.110042e+00 -5.423732e-08
7.300000e+00 5.400000e-01 5.442012e-01 7.119432e-09 1.110042e+00 -6.986831e-08
7.350000e+00 5.400000e-01 5.442012e-01 7.119820e-09 1.110042e+00 -9.006187e-08
7.400000e+00 5.400000e-01 5.442012e-01 7.118453e-09 1.110042e+00 -1.161563e-07
7.450000e+00 5.400000e-01 5.442012e-01 7.123227e-09 1.110043e+00 -1.498812e-07
7.500000e+00 5.400000e-01 5.442012e-01 7.107213e-09 1.110043e+00 -1.934774e-07
7.550000e+00 5.400000e-01 5.442012e-01 7.159351e-09 1.110043e+00 -2.498300e-07
7.600000e+00 5.400000e-01 5.442012e-01 6.995478e-09 1.110043e+00 -3.227074e-07
7.650000e+00 5.400000e-01 5.442012e-01 7.493047e-09 1.110044e+00 -4.168674e-07
7.700000e+00 5.400000e-01 5.442013e-01 6.036429e-09 1.110044e+00 -5.387866e-07
7.750000e+00 5.400000e-01 5.442013e-01 1.014344e-08 1.110045e+00 -6.959336e-07
7.800000e+00 5.400000e-01 5.442013e-01 -9.909048e-10 1.110046e+00 -9.003519e-07
7.850000e+00 5.400000e-01 5.442014e-01 2.798457e-08 1.110047e+00 -1.161512e-06
7.900000e+00 5.400000e-01 5.442015e-01 -4.424905e-08 1.110049e+00 -1.506496e-06
7.950000e+00 5.400000e-01 5.442015e-01 1.278542e-07 1.110051e+00 -1.935707e-06
8.000000e+00 5.400000e-01 5.442016e-01 -2.629811e-07 1.110054e+00 -2.526382e-06
8.050000e+00 5.400000e-01 5.442018e-01 5.802584e-07 1.110057e+00 -3.216681e-06
8.100000e+00 5.400000e-01 5.442020e-01 -1.141460e-06 1.110061e+00 -4.248482e-06
8.150000e+00 5.400000e-01 5.442022e-01 2.169359e-06 1.110068e+00 -5.331741e-06
8.200000e+00 5.400000e-01 5.442025e-01 -3.790379e-06 1.110074e+00 -7.144903e-06
8.250000e+00 5.400000e-01 5.442029e-01 6.172716e-06 1.110085e+00 -8.861624e-06
8.300000e+00 5.400000e-01 5.442034e-01 -9.130151e-06 1.110096e+00 -1.192509e-05
8.350000e+00 5.400000e-01 5.442041e-01 1.213713e-05 1.110115e+00 -1.489438e-05
8.400000e+00 5.400000e-01 5.442049e-01 -1.398661e-05 1.110132e+00 -1.964425e-05
8.450000e+00 5.400000e-01 5.442061e-01 1.327140e-05 1.110163e+00 -2.526446e-05
8.500000e+00 5.400000e-01 5.442074e-01 -9.047474e-06 1.110194e+00 -3.230223e-05
8.550000e+00 5.400000e-01 5.442093e-01 2.502494e-06 1.110242e+00 -4.238219e-05
8.600000e+00 5.400000e-01 5.442116e-01 2.204839e-06 1.110298e+00 -5.413705e-05
8.650000e+00 5.400000e-01 5.442147e-01 1.162825e-06 1.110375e+00 -6.967627e-05
8.700000e+00 5.400000e-01 5.442186e-01 -1.590520e-05 1.110469e+00 -9.142553e-05
8.750000e+00 5.400000e-01 5.442239e-01 3.573915e-05 1.110601e+00 -1.156540e-04
8.800000e+00 5.400000e-01 5.442302e-01 -4.245237e-05 1.110751e+00 -1.507464e-04
8.850000e+00 5.400000e-01 5.442390e-01 1.775419e-05 1.110972e+00 -1.958136e-04
8.900000e+00 5.400000e-01 5.442498e-01 3.208491e-05 1.111235e+00 -2.484481e-04
8.950000e+00 5.400000e-01 5.442638e-01 -6.051518e-05 1.111580e+00 -3.239474e-04
9.000000e+00 5.400000e-01 5.442822e-01 1.095249e-05 1.112031e+00 -4.203715e-04
9.050000e+00 5.400000e-01 5.443058e-01 1.047672e-04 1.112618e+00 -5.331399e-04
9.100000e+00 5.400000e-01 5.443355e-01 -1.590650e-04 1.113337e+00 -6.946632e-04
9.150000e+00 5.400000e-01 5.443753e-01 1.427525e-05 1.114326e+00 -9.029145e-04
9.200000e+00 5.400000e-01 5.444258e-01 2.433849e-04 1.115566e+00 -1.146778e-03
9.250000e+00 5.400000e-01 5.444900e-01 -2.485578e-04 1.117140e+00 -1.486197e-03
9.300000e+00 5.400000e-01 5.445744e-01 -2.094633e-04 1.119215e+00 -1.943654e-03
9.350000e+00 5.400000e-01 5.446843e-01 6.220392e-04 1.121936e+00 -2.480970e-03
9.400000e+00 5.400000e-01 5.448225e-01 -1.287672e-04 1.125314e+00 -3.191485e-03
9.450000e+00 5.400000e-01 5.450035e-01 -9.829090e-04 1.129759e+00 -4.195488e-03
9.500000e+00 5.400000e-01 5.452420e-01 8.463325e-04 1.135639e+00 -5.437417e-03
9.550000e+00 5.400000e-01 5.455472e-01 1.211695e-03 1.143147e+00 -6.977667e-03
9.600000e+00 5.400000e-01 5.459398e-01 -2.066887e-03 1.152741e+00 -9.163332e-03
9.650000e+00 5.400000e-01 5.464636e-01 -1.043262e-03 1.165594e+00 -1.214391e-02
9.700000e+00 5.400000e-01 5.471542e-01 3.630548e-03 1.182567e+00 -1.587205e-02
9.750000e+00 5.400000e-01 5.480508e-01 3.443823e-04 1.204525e+00 -2.084975e-02
9.800000e+00 5.400000e-01 5.492392e-01 -4.738995e-03 1.233541e+00 -2.792764e-02
9.850000e+00 5.400000e-01 5.508435e-01 3.660533e-04 1.272810e+00 -3.750861e-02
9.900000e+00 5.400000e-01 5.529900e-01 3.543294e-03 1.325417e+00 -5.006630e-02
9.950000e+00 5.400000e-01 5.558502e-01 3.817059e-04 1.395576e+00 -6.665982e-02
1.000000e+01 5.400000e-01 5.596560e-01 1.264153e-03 0.000000e+00 0.000000e+00
0.000000e+00 5.600000e-01 5.893440e-01 7.200000e-01 0.000000e+00 0.000000e+00
5.000000e-02 5.600000e-01 5.888341e-01 4.586194e-01 1.472381e+00 3.954195e-03
1.000000e-01 5.600000e-01 5.889486e-01 -9.359420e-01 1.486542e+00 -2.247140e-02
1.500000e-01 5.600000e-01 5.910813e-01 1.402097e+00 1.502114e+00 -2.006345e-02
2.000000e-01 5.600000e-01 5.909549e-01 4.112800e+00 1.469568e+00 4.129349e-02
2.500000e-01 5.600000e-01 5.869519e-01 -6.109639e-02 1.438271e+00 4.344623e-02
3.000000e-01 5.600000e-01 5.866103e-01 -4.355576e+00 1.485913e+00 -5.307158e-02
3.500000e-01 5.600000e-01 5.922591e-01 8.871293e-01 1.539561e+00 -7.187012e-02
4.000000e-01 5.600000e-01 5.937973e-01 7.166898e+00 1.489570e+00 5.184522e-02
4.500000e-01 5.600000e-01 5.870746e-01 1.750689e+00 1.414404e+00 9.852132e-02
5.000000e-01 5.600000e-01 5.839452e-01 -6.445413e+00 1.460951e+00 -3.777205e-02
5.500000e-01 5.600000e-01 5.908518e-01 -2.214181e+00 1.559292e+00 -1.220484e-01
6.000000e-01 5.600000e-01 5.961500e-01 7.530309e+00 1.538469e+00 6.374538e-03
6.500000e-01 5.600000e-01 5.902143e-01 5.672170e+00 1.427050e+00 1.304242e-01
7.000000e-01 5.600000e-01 5.831076e-01 -4.745892e+00 1.418257e+00 3.345163e-02
7.500000e-01 5.600000e-01 5.868692e-01 -5.752013e+00 1.526945e+00 -1.178492e-01
8.000000e-01 5.600000e-01 5.948925e-01 3.586657e+00 1.572914e+00 -7.094893e-02
8.500000e-01 5.600000e-01 5.939641e-01 7.721491e+00 1.483828e+00 8.902872e-02
9.000000e-01 5.600000e-01 5.859896e-01 5.057488e-01 1.404607e+00 1.011023e-01
9.500000e-01 5.600000e-01 5.838538e-01 -5.543091e+00 1.453785e+00 -3.791150e-02
1.000000e+00 5.600000e-01 5.897808e-01 -1.610041e+00 1.538252e+00 -9.832225e-02
1.050000e+00 5.600000e-01 5.936861e-01 4.877801e+00 1.527040e+00 -1.266675e-03
1.100000e+00 5.600000e-01 5.899075e-01 4.239550e+00 1.443137e+00 8.928065e-02
1.150000e+00 5.600000e-01 5.847580e-01 -1.299816e+00 1.409220e+00 4.633898e-02
1.200000e+00 5.600000e-01 5.852736e-01 -3.012512e+00 1.455609e+00 -4.384435e-02
1.250000e+00 5.600000e-01 5.891424e-01 4.415629e-01 1.496842e+00 -4.771912e-02
1.300000e+00 5.600000e-01 5.900455e-01 3.238262e+00 1.472706e+00 2.160724e-02
1.350000e+00 5.600000e-01 5.869817e-01 1.957952e+00 1.419277e+00 5.734650e-02
1.400000e+00 5.600000e-01 5.843108e-01 -6.721505e-01 1.401309e+00 2.238596e-02
1.450000e+00 5.600000e-01 5.847431e-01 -1.003447e+00 1.423002e+00 -2.057536e-02
1.500000e+00 5.600000e-01 5.863684e-01 6.557682e-01 1.439004e+00 -1.577823e-02
1.550000e+00 5.600000e-01 5.863209e-01 1.731915e+00 1.422287e+00 1.902205e-02
1.600000e+00 5.600000e-01 5.844662e-01 1.174373e+00 1.389756e+00 3.573595e-02
1.650000e+00 5.600000e-01 5.827473e-01 1.346587e-01 1.370692e+00 2.124702e-02
1.700000e+00 5.600000e-01 5.823415e-01 -9.965194e-02 1.370799e+00 1.493784e-03
1.750000e+00 5.600000e-01 5.825980e-01 4.356648e-01 1.373273e+00 2.731242e-04
1.800000e+00 5.600000e-01 5.823141e-01 9.216300e-01 1.363084e+00 1.458370e-02
1.850000e+00 5.600000e-01 5.811396e-01 8.900705e-01 1.341050e+00 2.676038e-02
1.900000e+00 5.600000e-01 5.796381e-01 5.376492e-01 1.317957e+00 2.680991e-02
1.950000e+00 5.600000e-01 5.784586e-01 2.737163e-01 1.301690e+00 1.905590e-02
2.000000e+00 5.600000e-01 5.777325e-01 2.705265e-01 1.291507e+00 1.318185e-02
2.050000e+00 5.600000e-01 5.771404e-01 4.212966e-01 1.281507e+00 1.420164e-02
2.100000e+00 5.600000e-01 5.763124e-01 5.464662e-01 1.266696e+00 2.032731e-02
2.150000e+00 5.600000e-01 5.751077e-01 5.558921e-01 1.246025e+00 2.683348e-02
2.200000e+00 5.600000e-01 5.736290e-01 4.654355e-01 1.221746e+00 3.020483e-02
2.250000e+00 5.600000e-01 5.720872e-01 3.349308e-01 1.197209e+00 2.958223e-02
2.300000e+00 5.600000e-01 5.706708e-01 2.138315e-01 1.175124e+00 2.599810e-02
2.350000e+00 5.600000e-01 5.694874e-01 1.239654e-01 1.156908e+00 2.104819e-02
2.400000e+00 5.600000e-01 5.685660e-01 6.638671e-02 1.142834e+00 1.602436e-02
2.450000e+00 5.600000e-01 5.678849e-01 3.325889e-02 1.132480e+00 1.165465e-02
2.500000e+00 5.600000e-01 5.674005e-01 1.573365e-02 1.125134e+00 8.195664e-03
2.550000e+00 5.600000e-01 5.670654e-01 7.076723e-03 1.120060e+00 5.622746e-03
2.600000e+00 5.600000e-01 5.668382e-01 3.041767e-03 1.116625e+00 3.788553e-03
2.650000e+00 5.600000e-01 5.666865e-01 1.254195e-03 1.114333e+00 2.519003e-03
2.700000e+00 5.600000e-01 5.665863e-01 4.975177e-04 1.112821e+00 1.658271e-03
2.750000e+00 5.600000e-01 5.665207e-01 1.903023e-04 1.111831e+00 1.083223e-03
2.800000e+00 5.600000e-01 5.664780e-01 7.032175e-05 1.111188e+00 7.031151e-04
2.850000e+00 5.600000e-01 5.664504e-01 2.514906e-05 1.110773e+00 4.538727e-04
2.900000e+00 5.600000e-01 5.664326e-01 8.724346e-06 1.110506e+00 2.914772e-04
2.950000e+00 5.600000e-01 5.664212e-01 2.948877e-06 1.110335e+00 1.862331e-04
3.000000e+00 5.600000e-01 5.664140e-01 9.826255e-07 1.110226e+00 1.183555e-04
3.050000e+00 5.600000e-01 5.664094e-01 3.339286e-07 1.110157e+00 7.477892e-05
3.100000e+00 5.600000e-01 5.664065e-01 1.264096e-07 1.110113e+00 4.693276e-05
3.150000e+00 5.600000e-01 5.664047e-01 6.203096e-08 1.110086e+00 2.922519e-05
3.200000e+00 5.600000e-01 5.664036e-01 4.267930e-08 1.110069e+00 1.802463e-05
3.250000e+00 5.600000e-01 5.664029e-01 3.706133e-08 1.110058e+00 1.098246e-05
3.300000e+00 5.600000e-01 5.664025e-01 3.550097e-08 1.110052e+00 6.585830e-06
3.350000e+00 5.600000e-01 5.664022e-01 3.509759e-08 1.110048e+00 3.864077e-06
3.400000e+00 5.600000e-01 5.664021e-01 3.500918e-08 1.110045e+00 2.196915e-06
3.450000e+00 5.600000e-01 5.664020e-01 3.500002e-08 1.110044e+00 1.189628e-06
3.500000e+00 5.600000e-01 5.664020e-01 3.500729e-08 1.110043e+00 5.921708e-07
3.550000e+00 5.600000e-01 5.664020e-01 3.501563e-08 1.110043e+00 2.469330e-07
3.600000e+00 5.600000e-01 5.664020e-01 3.502206e-08 1.110042e+00 5.512434e-08
3.650000e+00 5.600000e-01 5.664020e-01 3.502654e-08 1.110042e+00 -4.477276e-08
3.700000e+00 5.600000e-01 5.664020e-01 3.502955e-08 1.110042e+00 -9.076682e-08
3.750000e+00 5.600000e-01 5.664020e-01 3.503154e-08 1.110042e+00 -1.061138e-07
3.800000e+00 5.600000e-01 5.664020e-01 3.503284e-08 1.110042e+00 -1.048656e-07
3.850000e+00 5.600000e-01 5.664020e-01 3.503368e-08 1.110042e+00 -9.537038e-08
3.900000e+00 5.600000e-01 5.664020e-01 3.503422e-08 1.110042e+00 -8.247046e-08
3.950000e+00 5.600000e-01 5.664020e-01 3.503455e-08 1.110042e+00 -6.887481e-08
4.000000e+00 5.600000e-01 5.664020e-01 3.503476e-08 1.110042e+00 -5.601137e-08
4.050000e+00 5.600000e-01 5.664020e-01 3.503488e-08 1.110042e+00 -4.455260e-08
4.100000e+00 5.600000e-01 5.664020e-01 3.503495e-08 1.110042e+00 -3.473691e-08
4.150000e+00 5.600000e-01 5.664020e-01 3.503498e-08 1.110042e+00 -2.656325e-08
4.200000e+00 5.600000e-01 5.664020e-01 3.503500e-08 1.110042e+00 -1.990746e-08
4.250000e+00 5.600000e-01 5.664020e-01 3.503500e-08 1.110042e+00 -1.459040e-08
4.300000e+00 5.600000e-01 5.664020e-01 3.503500e-08 1.110042e+00 -1.041698e-08
4.350000e+00 5.600000e-01 5.664020e-01 3.503499e-08 1.110042e+00 -7.197465e-09
4.400000e+00 5.600000e-01 5.664020e-01 3.503498e-08 1.110042e+00 -4.758248e-09
4.450000e+00 5.600000e-01 5.664020e-01 3.503498e-08 1.110042e+00 -2.946531e-09
4.500000e+00 5.600000e-01 5.664020e-01 3.503497e-08 1.110042e+00 -1.631423e-09
4.550000e+00 5.600000e-01 5.664020e-01 3.503496e-08 1.110042e+00 -7.031375e-10
4.600000e+00 5.600000e-01 5.664020e-01 3.503496e-08 1.110042e+00 -7.119194e-11
4.650000e+00 5.600000e-01 5.664020e-01 3.503495e-08 1.110042e+00 3.378198e-10
4.700000e+00 5.600000e-01 5.664020e-01 3.503495e-08 1.110042e+00 5.825562e-10
4.750000e+00 5.600000e-01 5.664020e-01 3.503495e-08 1.110042e+00 7.092005e-10
4.800000e+00 5.600000e-01 5.664020e-01 3.503495e-08 1.110042e+00 7.535261e-10
4.850000e+00 5.600000e-01 5.664020e-01 3.503494e-08 1.110042e+00 7.427781e-10
4.900000e+00 5.600000e-01 5.664020e-01 3.503494e-08 1.110042e+00 6.973067e-10
4.950000e+00 5.600000e-01 5.664020e-01 3.503494e-08 1.110042e+00 6.319567e-10
5.000000e+00 5.600000e-01 5.664020e-01 3.503494e-08 1.110042e+00 5.572709e-10
5.050000e+00 5.600000e-01 5.664020e-01 3.503494e-08 1.110042e+00 4.804601e-10
5.100000e+00 5.600000e-01 5.664020e-01 3.503494e-08 1.110042e+00 4.062162e-10
5.150000e+00 5.600000e-01 5.664020e-01 3.503494e-08 1.110042e+00 3.373579e-10
5.200000e+00 5.600000e-01 5.664020e-01 3.503494e-08 1.110042e+00 2.753564e-10
5.250000e+00 5.600000e-01 5.664020e-01 3.503494e-08 1.110042e+00 2.207268e-10
5.300000e+00 5.600000e-01 5.664020e-01 3.503494e-08 1.110042e+00 1.733369e-10
5.350000e+00 5.600000e-01 5.664020e-01 3.503494e-08 1.110042e+00 1.326539e-10
5.400000e+00 5.600000e-01 5.664020e-01 3.503494e-08 1.110042e+00 9.789280e-11
5.450000e+00 5.600000e-01 5.664020e-01 3.503494e-08 1.110042e+00 6.813328e-11
5.500000e+00 5.600000e-01 5.664020e-01 3.503494e-08 1.110042e+00 4.240719e-11
5.550000e+00 5.600000e-01 5.664020e-01 3.503494e-08 1.110042e+00 1.974088e-11
5.600000e+00 5.600000e-01 5.664020e-01 3.503494e-08 1.110042e+00 -8.215650e-13
5.650000e+00 5.600000e-01 5.664020e-01 3.503494e-08 1.110042e+00 -2.021494e-11
5.700000e+00 5.600000e-01 5.664020e-01 3.503494e-08 1.110042e+00 -3.936851e-11
5.750000e+00 5.600000e-01 5.664020e-01 3.503494e-08 1.110042e+00 -5.921597e-11
5.800000e+00 5.600000e-01 5.664020e-01 3.503494e-08 1.110042e+00 -8.074097e-11
5.850000e+00 5.600000e-01 5.664020e-01 3.503494e-08 1.110042e+00 -1.050138e-10
5.900000e+00 5.600000e-01 5.664020e-01 3.503494e-08 1.110042e+00 -1.332456e-10
5.950000e+00 5.600000e-01 5.664020e-01 3.503494e-08 1.110042e+00 -1.668654e-10
6.000000e+00 5.600000e-01 5.664020e-01 3.503494e-08 1.110042e+00 -2.075895e-10
6.050000e+00 5.600000e-01 5.664020e-01 3.503494e-08 1.110042e+00 -2.575362e-10
6.100000e+00 5.600000e-01 5.664020e-01 3.503494e-08 1.110042e+00 -3.193568e-10
6.150000e+00 5.600000e-01 5.664020e-01 3.503494e-08 1.110042e+00 -3.964029e-10
6.200000e+00 5.600000e-01 5.664020e-01 3.503494e-08 1.110042e+00 -4.929446e-10
6.250000e+00 5.600000e-01 5.664020e-01 3.503494e-08 1.110042e+00 -6.144418e-10
6.300000e+00 5.600000e-01 5.664020e-01 3.503494e-08 1.110042e+00 -7.679002e-10
6.350000e+00 5.600000e-01 5.664020e-01 3.503494e-08 1.110042e+00 -9.623247e-10
6.400000e+00 5.600000e-01 5.664020e-01 3.503494e-08 1.110042e+00 -1.209316e-09
6.450000e+00 5.600000e-01 5.664020e-01 3.503494e-08 1.110042e+00 -1.523824e-09
6.500000e+00 5.600000e-01 5.664020e-01 3.503494e-08 1.110042e+00 -1.925140e-09
6.550000e+00 5.600000e-01 5.664020e-01 3.503494e-08 1.110042e+00 -2.438174e-09
6.600000e+00 5.600000e-01 5.664020e-01 3.503494e-08 1.110042e+00 -3.095102e-09
6.650000e+00 5.600000e-01 5.664020e-01 3.503494e-08 1.110042e+00 -3.937510e-09
6.700000e+00 5.600000e-01 5.664020e-01 3.503494e-08 1.110042e+00 -5.019158e-09
6.750000e+00 5.600000e-01 5.664020e-01 3.503494e-08 1.110042e+00 -6.409575e-09
6.800000e+00 5.600000e-01 5.664020e-01 3.503495e-08 1.110042e+00 -8.198702e-09
6.850000e+00 5.600000e-01 5.664020e-01 3.503495e-08 1.110042e+00 -1.050290e-08
6.900000e+00 5.600000e-01 5.664020e-01 3.503495e-08 1.110042e+00 -1.347274e-08
6.950000e+00 5.600000e-01 5.664020e-01 3.503495e-08 1.110042e+00 -1.730307e-08
7.000000e+00 5.600000e-01 5.664020e-01 3.503496e-08 1.110042e+00 -2.224610e-08
7.050000e+00 5.600000e-01 5.664020e-01 3.503496e-08 1.110042e+00 -2.862823e-08
7.100000e+00 5.600000e-01 5.664020e-01 3.503497e-08 1.110042e+00 -3.687190e-08
7.150000e+00 5.600000e-01 5.664020e-01 3.503499e-08 1.110042e+00 -4.752391e-08
7.200000e+00 5.600000e-01 5.664020e-01 3.503497e-08 1.110042e+00 -6.129192e-08
7.250000e+00 5.600000e-01 5.664020e-01 3.503509e-08 1.110042e+00 -7.909172e-08
7.300000e+00 5.600000e-01 5.664020e-01 3.503474e-08 1.110042e+00 -1.021085e-07
7.350000e+00 5.600000e-01 5.664020e-01 3.503610e-08 1.110042e+00 -1.318756e-07
7.400000e+00 5.600000e-01 5.664020e-01 3.503142e-08 1.110043e+00 -1.703777e-07
7.450000e+00 5.600000e-01 5.664020e-01 3.504766e-08 1.110043e+00 -2.201795e-07
7.500000e+00 5.600000e-01 5.664021e-01 3.499387e-08 1.110043e+00 -2.846080e-07
7.550000e+00 5.600000e-01 5.664021e-01 3.516718e-08 1.110043e+00 -3.679360e-07
7.600000e+00 5.600000e-01 5.664021e-01 3.462857e-08 1.110043e+00 -4.757811e-07
7.650000e+00 5.600000e-01 5.664021e-01 3.624630e-08 1.110044e+00 -6.151353e-07
7.700000e+00 5.600000e-01 5.664022e-01 3.156215e-08 1.110044e+00 -7.958104e-07
7.750000e+00 5.600000e-01 5.664022e-01 4.462672e-08 1.110045e+00 -1.028374e-06
7.800000e+00 5.600000e-01 5.664023e-01 9.589789e-09 1.110046e+00 -1.332050e-06
7.850000e+00 5.600000e-01 5.664023e-01 9.979245e-08 1.110047e+00 -1.717627e-06
7.900000e+00 5.600000e-01 5.664024e-01 -1.226856e-07 1.110049e+00 -2.233025e-06
7.950000e+00 5.600000e-01 5.664026e-01 4.018107e-07 1.110051e+00 -2.861646e-06
8.000000e+00 5.600000e-01 5.664027e-01 -7.769084e-07 1.110053e+00 -3.754820e-06
8.050000e+00 5.600000e-01 5.664029e-01 1.740242e-06 1.110057e+00 -4.747034e-06
8.100000e+00 5.600000e-01 5.664032e-01 -3.348008e-06 1.110061e+00 -6.337419e-06
8.150000e+00 5.600000e-01 5.664036e-01 6.342378e-06 1.110067e+00 -7.846779e-06
8.200000e+00 5.600000e-01 5.664040e-01 -1.094197e-05 1.110073e+00 -1.069292e-05
8.250000e+00 5.600000e-01 5.664046e-01 1.771155e-05 1.110085e+00 -1.302742e-05
8.300000e+00 5.600000e-01 5.664053e-01 -2.598626e-05 1.110093e+00 -1.784316e-05
8.350000e+00 5.600000e-01 5.664064e-01 3.444305e-05 1.110115e+00 -2.198253e-05
8.400000e+00 5.600000e-01 5.664075e-01 -3.972675e-05 1.110127e+00 -2.924149e-05
8.450000e+00 5.600000e-01 5.664093e-01 3.831349e-05 1.110162e+00 -3.755092e-05
8.500000e+00 5.600000e-01 5.664112e-01 -2.776562e-05 1.110188e+00 -4.784756e-05
8.550000e+00 5.600000e-01 5.664141e-01 1.151185e-05 1.110238e+00 -6.311993e-05
8.600000e+00 5.600000e-01 5.664175e-01 -1.935515e-07 1.110290e+00 -8.040452e-05
8.650000e+00 5.600000e-01 5.664222e-01 9.537433e-06 1.110368e+00 -1.032789e-04
8.700000e+00 5.600000e-01 5.664279e-01 -4.699488e-05 1.110455e+00 -1.363850e-04
8.750000e+00 5.600000e-01 5.664358e-01 9.629301e-05 1.110591e+00 -1.713827e-04
8.800000e+00 5.600000e-01 5.664450e-01 -1.125538e-04 1.110727e+00 -2.240606e-04
8.850000e+00 5.600000e-01 5.664582e-01 5.317431e-05 1.110952e+00 -2.917532e-04
8.900000e+00 5.600000e-01 5.664742e-01 6.413323e-05 1.111202e+00 -3.684108e-04
8.950000e+00 5.600000e-01 5.664951e-01 -1.278117e-04 1.111539e+00 -4.815853e-04
9.000000e+00 5.600000e-01 5.665223e-01 9.847633e-06 1.111977e+00 -6.263945e-04
9.050000e+00 5.600000e-01 5.665577e-01 2.536267e-04 1.112558e+00 -7.907599e-04
9.100000e+00 5.600000e-01 5.666014e-01 -3.675092e-04 1.113238e+00 -1.032620e-03
9.150000e+00 5.600000e-01 5.666610e-01 3.603449e-05 1.114220e+00 -1.345197e-03
9.200000e+00 5.600000e-01 5.667359e-01 5.217950e-04 1.115424e+00 -1.702539e-03
9.250000e+00 5.600000e-01 5.668312e-01 -5.010313e-04 1.116947e+00 -2.207063e-03
9.300000e+00 5.600000e-01 5.669566e-01 -4.959328e-04 1.118962e+00 -2.894847e-03
9.350000e+00 5.600000e-01 5.671207e-01 1.308942e-03 1.121642e+00 -3.687428e-03
9.400000e+00 5.600000e-01 5.673254e-01 -1.803885e-04 1.124894e+00 -4.735345e-03
9.450000e+00 5.600000e-01 5.675942e-01 -2.065564e-03 1.129210e+00 -6.238822e-03
9.500000e+00 5.600000e-01 5.679493e-01 1.520732e-03 1.134948e+00 -8.087891e-03
9.550000e+00 5.600000e-01 5.684030e-01 2.723294e-03 1.142258e+00 -1.035283e-02
9.600000e+00 5.600000e-01 5.689846e-01 -3.903338e-03 1.151497e+00 -1.359140e-02
9.650000e+00 5.600000e-01 5.697622e-01 -2.767725e-03 1.163950e+00 -1.803778e-02
9.700000e+00 5.600000e-01 5.707883e-01 7.065604e-03 1.180421e+00 -2.355891e-02
9.750000e+00 5.600000e-01 5.721181e-01 1.944532e-03 1.201646e+00 -3.089248e-02
9.800000e+00 5.600000e-01 5.738776e-01 -9.567899e-03 1.229538e+00 -4.138045e-02
9.850000e+00 5.600000e-01 5.762561e-01 -7.498506e-04 1.267390e+00 -5.563034e-02
9.900000e+00 5.600000e-01 5.794406e-01 7.282225e-03 1.318216e+00 -7.429934e-02
9.950000e+00 5.600000e-01 5.836860e-01 1.321470e-03 1.386138e+00 -9.903384e-02
1.000000e+01 5.600000e-01 5.893440e-01 2.973955e-03 0.000000e+00 0.000000e+00
0.000000e+00 5.800000e-01 6.187440e-01 9.600000e-01 0.000000e+00 0.000000e+00
5.000000e-02 5.800000e-01 6.181815e-01 3.809006e-01 1.461014e+00 8.608324e-04
1.000000e-01 5.800000e-01 6.186579e-01 -5.051901e-01 1.479479e+00 -2.712169e-02
1.500000e-01 5.800000e-01 6.208936e-01 2.650287e+00 1.471702e+00 -1.259863e-02
2.000000e-01 5.800000e-01 6.199178e-01 4.112375e+00 1.427848e+00 5.233450e-02
2.500000e-01 5.800000e-01 6.156602e-01 -1.455485e+00 1.438539e+00 3.289332e-02
3.000000e-01 5.800000e-01 6.166284e-01 -3.866340e+00 1.508592e+00 -7.227287e-02
3.500000e-01 5.800000e-01 6.228875e-01 3.543491e+00 1.506649e+00 -6.245136e-02
4.000000e-01 5.800000e-01 6.228736e-01 7.883727e+00 1.415965e+00 7.770993e-02
4.500000e-01 5.800000e-01 6.151165e-01 -5.354241e-01 1.401797e+00 9.208517e-02
5.000000e-01 5.800000e-01 6.136651e-01 -6.882937e+00 1.507705e+00 -7.075801e-02
5.500000e-01 5.800000e-01 6.221923e-01 1.077015e+00 1.551669e+00 -1.251294e-01
6.000000e-01 5.800000e-01 6.261780e-01 1.003311e+01 1.450585e+00 4.073226e-02
6.500000e-01 5.800000e-01 6.181191e-01 4.027755e+00 1.373224e+00 1.438411e-01
7.000000e-01 5.800000e-01 6.117939e-01 -6.680298e+00 1.456820e+00 2.075436e-03
7.500000e-01 5.800000e-01 6.179115e-01 -3.685063e+00 1.559453e+00 -1.422442e-01
8.000000e-01 5.800000e-01 6.260183e-01 7.264219e+00 1.516084e+00 -4.919008e-02
8.500000e-01 5.800000e-01 6.228305e-01 8.388452e+00 1.398979e+00 1.214377e-01
9.000000e-01 5.800000e-01 6.138745e-01 -1.544168e+00 1.393638e+00 9.459598e-02
9.500000e-01 5.800000e-01 6.133709e-01 -5.847883e+00 1.495205e+00 -6.848692e-02
1.000000e+00 5.800000e-01 6.207232e-01 9.363976e-01 1.537601e+00 -1.038777e-01
1.050000e+00 5.800000e-01 6.237587e-01 7.196594e+00 1.465133e+00 2.480772e-02
1.100000e+00 5.800000e-01 6.182425e-01 4.069910e+00 1.390088e+00 1.083956e-01
1.150000e+00 5.800000e-01 6.129191e-01 -2.473672e+00 1.411533e+00 3.613241e-02
1.200000e+00 5.800000e-01 6.146292e-01 -2.724467e+00 1.475910e+00 -6.142313e-02
1.250000e+00 5.800000e-01 6.190614e-01 2.066068e+00 1.483857e+00 -4.530806e-02
1.300000e+00 5.800000e-01 6.191600e-01 4.425274e+00 1.430414e+00 3.998707e-02
1.350000e+00 5.800000e-01 6.150627e-01 1.889505e+00 1.387676e+00 6.874924e-02
1.400000e+00 5.800000e-01 6.122851e-01 -1.126798e+00 1.397304e+00 1.807414e-02
1.450000e+00 5.800000e-01 6.132553e-01 -8.164143e-01 1.426104e+00 -2.796322e-02
1.500000e+00 5.800000e-01 6.150814e-01 1.416789e+00 1.427069e+00 -1.308782e-02
1.550000e+00 5.800000e-01 6.145641e-01 2.372332e+00 1.397269e+00 3.019079e-02
1.600000e+00 5.800000e-01 6.120623e-01 1.337660e+00 1.367626e+00 4.507735e-02
1.650000e+00 5.800000e-01 6.100564e-01 6.241261e-02 1.359500e+00 2.352670e-02
1.700000e+00 5.800000e-01 6.097097e-01 -2.581214e-02 1.364877e+00 6.368850e-04
1.750000e+00 5.800000e-01 6.099927e-01 7.436100e-01 1.363930e+00 2.548081e-03
1.800000e+00 5.800000e-01 6.094549e-01 1.289997e+00 1.348260e+00 2.171620e-02
1.850000e+00 5.800000e-01 6.078211e-01 1.146053e+00 1.324782e+00 3.576065e-02
1.900000e+00 5.800000e-01 6.058788e-01 6.594395e-01 1.304493e+00 3.415303e-02
1.950000e+00 5.800000e-01 6.044058e-01 3.488862e-01 1.291822e+00 2.386213e-02
2.000000e+00 5.800000e-01 6.034926e-01 3.827854e-01 1.283309e+00 1.707526e-02
2.050000e+00 5.800000e-01 6.026982e-01 5.903396e-01 1.272905e+00 1.928163e-02
2.100000e+00 5.800000e-01 6.015644e-01 7.416749e-01 1.257007e+00 2.756856e-02
2.150000e+00 5.800000e-01 5.999414e-01 7.364702e-01 1.235861e+00 3.583232e-02
2.200000e+00 5.800000e-01 5.979812e-01 6.064866e-01 1.212151e+00 3.981399e-02
2.250000e+00 5.800000e-01 5.959600e-01 4.315234e-01 1.188984e+00 3.864838e-02
2.300000e+00 5.800000e-01 5.941164e-01 2.733828e-01 1.168596e+00 3.377147e-02
2.350000e+00 5.800000e-01 5.925828e-01 1.576611e-01 1.152020e+00 2.724394e-02
2.400000e+00 5.800000e-01 5.913920e-01 8.413447e-02 1.139326e+00 2.069659e-02
2.450000e+00 5.800000e-01 5.905132e-01 4.205194e-02 1.130037e+00 1.503369e-02
2.500000e+00 5.800000e-01 5.898886e-01 1.986338e-02 1.123467e+00 1.056390e-02
2.550000e+00 5.800000e-01 5.894568e-01 8.925885e-03 1.118939e+00 7.244011e-03
2.600000e+00 5.800000e-01 5.891642e-01 3.834558e-03 1.115878e+00 4.879126e-03
2.650000e+00 5.800000e-01 5.889689e-01 1.580703e-03 1.113839e+00 3.242975e-03
2.700000e+00 5.800000e-01 5.888399e-01 6.270378e-04 1.112496e+00 2.134060e-03
2.750000e+00 5.800000e-01 5.887555e-01 2.399121e-04 1.111618e+00 1.393449e-03
2.800000e+00 5.800000e-01 5.887006e-01 8.872877e-05 1.111049e+00 9.040921e-04
2.850000e+00 5.800000e-01 5.886651e-01 3.180632e-05 1.110682e+00 5.833574e-04
2.900000e+00 5.800000e-01 5.886422e-01 1.110871e-05 1.110447e+00 3.744859e-04
2.950000e+00 5.800000e-01 5.886276e-01 3.831180e-06 1.110297e+00 2.391954e-04
3.000000e+00 5.800000e-01 5.886183e-01 1.354334e-06 1.110202e+00 1.519881e-04
3.050000e+00 5.800000e-01 5.886124e-01 5.379270e-07 1.110141e+00 9.603295e-05
3.100000e+00 5.800000e-01 5.886087e-01 2.773466e-07 1.110104e+00 6.029527e-05
3.150000e+00 5.800000e-01 5.886064e-01 1.969396e-07 1.110080e+00 3.757967e-05
3.200000e+00 5.800000e-01 5.886049e-01 1.730773e-07 1.110065e+00 2.321614e-05
3.250000e+00 5.800000e-01 5.886041e-01 1.663648e-07 1.110056e+00 1.418654e-05
3.300000e+00 5.800000e-01 5.886035e-01 1.646503e-07 1.110050e+00 8.548091e-06
3.350000e+00 5.800000e-01 5.886032e-01 1.643127e-07 1.110047e+00 5.055212e-06
3.400000e+00 5.800000e-01 5.886030e-01 1.643162e-07 1.110045e+00 2.912541e-06
3.450000e+00 5.800000e-01 5.886029e-01 1.643818e-07 1.110044e+00 1.614358e-06
3.500000e+00 5.800000e-01 5.886029e-01 1.644424e-07 1.110043e+00 8.405720e-07
3.550000e+00 5.800000e-01 5.886028e-01 1.644872e-07 1.110043e+00 3.895972e-07
3.600000e+00 5.800000e-01 5.886028e-01 1.645181e-07 1.110042e+00 1.351929e-07
3.650000e+00 5.800000e-01 5.886028e-01 1.645389e-07 1.110042e+00 -1.184773e-09
3.700000e+00 5.800000e-01 5.886028e-01 1.645526e-07 1.110042e+00 -6.802784e-08
3.750000e+00 5.800000e-01 5.886028e-01 1.645616e-07 1.110042e+00 -9.499342e-08
3.800000e+00 5.800000e-01 5.886028e-01 1.645675e-07 1.110042e+00 -1.000035e-07
3.850000e+00 5.800000e-01 5.886028e-01 1.645713e-07 1.110042e+00 -9.371877e-08
3.900000e+00 5.800000e-01 5.886028e-01 1.645737e-07 1.110042e+00 -8.234373e-08
3.950000e+00 5.800000e-01 5.886028e-01 1.645752e-07 1.110042e+00 -6.937568e-08
4.000000e+00 5.800000e-01 5.886028e-01 1.645761e-07 1.110042e+00 -5.668848e-08
4.050000e+00 5.800000e-01 5.886028e-01 1.645767e-07 1.110042e+00 -4.519926e-08
4.100000e+00 5.800000e-01 5.886028e-01 1.645770e-07 1.110042e+00 -3.527503e-08
4.150000e+00 5.800000e-01 5.886028e-01 1.645771e-07 1.110042e+00 -2.697801e-08
4.200000e+00 5.800000e-01 5.886028e-01 1.645772e-07 1.110042e+00 -2.021173e-08
4.250000e+00 5.800000e-01 5.886028e-01 1.645772e-07 1.110042e+00 -1.480633e-08
4.300000e+00 5.800000e-01 5.886028e-01 1.645772e-07 1.110042e+00 -1.056710e-08
4.350000e+00 5.800000e-01 5.886028e-01 1.645772e-07 1.110042e+00 -7.301030e-09
4.400000e+00 5.800000e-01 5.886028e-01 1.645771e-07 1.110042e+00 -4.830223e-09
4.450000e+00 5.800000e-01 5.886028e-01 1.645771e-07 1.110042e+00 -2.997788e-09
4.500000e+00 5.800000e-01 5.886028e-01 1.645771e-07 1.110042e+00 -1.669463e-09
4.550000e+00 5.800000e-01 5.886028e-01 1.645771e-07 1.110042e+00 -7.328815e-10
4.600000e+00 5.800000e-01 5.886028e-01 1.645770e-07 1.110042e+00 -9.570678e-11
4.650000e+00 5.800000e-01 5.886028e-01 1.645770e-07 1.110042e+00 3.167189e-10
4.700000e+00 5.800000e-01 5.886028e-01 1.645770e-07 1.110042e+00 5.638645e-10
4.750000e+00 5.800000e-01 5.886028e-01 1.645770e-07 1.110042e+00 6.924050e-10
4.800000e+00 5.800000e-01 5.886028e-01 1.645770e-07 1.110042e+00 7.383905e-10
4.850000e+00 5.800000e-01 5.886028e-01 1.645770e-07 1.110042e+00 7.291934e-10
4.900000e+00 5.800000e-01 5.886028e-01 1.645770e-07 1.110042e+00 6.852174e-10
4.950000e+00 5.800000e-01 5.886028e-01 1.645770e-07 1.110042e+00 6.213108e-10
5.000000e+00 5.800000e-01 5.886028e-01 1.645770e-07 1.110042e+00 5.479983e-10
5.050000e+00 5.800000e-01 5.886028e-01 1.645770e-07 1.110042e+00 4.724710e-10
5.100000e+00 5.800000e-01 5.886028e-01 1.645769e-07 1.110042e+00 3.993883e-10
5.150000e+00 5.800000e-01 5.886028e-01 1.645769e-07 1.110042e+00 3.315548e-10
5.200000e+00 5.800000e-01 5.886028e-01 1.645769e-07 1.110042e+00 2.704270e-10
5.250000e+00 5.800000e-01 5.886028e-01 1.645769e-07 1.110042e+00 2.165079e-10
5.300000e+00 5.800000e-01 5.886028e-01 1.645769e-07 1.110042e+00 1.696643e-10
5.350000e+00 5.800000e-01 5.886028e-01 1.645769e-07 1.110042e+00 1.293565e-10
5.400000e+00 5.800000e-01 5.886028e-01 1.645769e-07 1.110042e+00 9.478751e-11
5.450000e+00 5.800000e-01 5.886028e-01 1.645769e-07 1.110042e+00 6.502909e-11
5.500000e+00 5.800000e-01 5.886028e-01 1.645769e-07 1.110042e+00 3.909650e-11
5.550000e+00 5.800000e-01 5.886028e-01 1.645769e-07 1.110042e+00 1.598943e-11
5.600000e+00 5.800000e-01 5.886028e-01 1.645769e-07 1.110042e+00 -5.287992e-12
5.650000e+00 5.800000e-01 5.886028e-01 1.645769e-07 1.110042e+00 -2.573275e-11
5.700000e+00 5.800000e-01 5.886028e-01 1.645769e-07 1.110042e+00 -4.634293e-11
5.750000e+00 5.800000e-01 5.886028e-01 1.645769e-07 1.110042e+00 -6.816214e-11
5.800000e+00 5.800000e-01 5.886028e-01 1.645769e-07 1.110042e+00 -9.232060e-11
5.850000e+00 5.800000e-01 5.886028e-01 1.645769e-07 1.110042e+00 -1.200684e-10
5.900000e+00 5.800000e-01 5.886028e-01 1.645769e-07 1.110042e+00 -1.528666e-10
5.950000e+00 5.800000e-01 5.886028e-01 1.645769e-07 1.110042e+00 -1.924683e-10
6.000000e+00 5.800000e-01 5.886028e-01 1.645769e-07 1.110042e+00 -2.410094e-10
6.050000e+00 5.800000e-01 5.886028e-01 1.645769e-07 1.110042e+00 -3.011602e-10
6.100000e+00 5.800000e-01 5.886028e-01 1.645769e-07 1.110042e+00 -3.762890e-10
6.150000e+00 5.800000e-01 5.886028e-01 1.645769e-07 1.110042e+00 -4.706779e-10
6.200000e+00 5.800000e-01 5.886028e-01 1.645769e-07 1.110042e+00 -5.898171e-10
6.250000e+00 5.800000e-01 5.886028e-01 1.645769e-07 1.110042e+00 -7.407375e-10
6.300000e+00 5.800000e-01 5.886028e-01 1.645769e-07 1.110042e+00 -9.324952e-10
6.350000e+00 5.800000e-01 5.886028e-01 1.645769e-07 1.110042e+00 -1.176766e-09
6.400000e+00 5.800000e-01 5.886028e-01 1.645769e-07 1.110042e+00 -1.488603e-09
6.450000e+00 5.800000e-01 5.886028e-01 1.645769e-07 1.110042e+00 -1.887458e-09
6.500000e+00 5.800000e-01 5.886028e-01 1.645770e-07 1.110042e+00 -2.398458e-09
6.550000e+00 5.800000e-01 5.886028e-01 1.645770e-07 1.110042e+00 -3.054084e-09
6.600000e+00 5.800000e-01 5.886028e-01 1.645770e-07 1.110042e+00 -3.896354e-09
6.650000e+00 5.800000e-01 5.886028e-01 1.645770e-07 1.110042e+00 -4.979623e-09
6.700000e+00 5.800000e-01 5.886028e-01 1.645770e-07 1.110042e+00 -6.374213e-09
6.750000e+00 5.800000e-01 5.886028e-01 1.645770e-07 1.110042e+00 -8.171147e-09
6.800000e+00 5.800000e-01 5.886028e-01 1.645770e-07 1.110042e+00 -1.048825e-08
6.850000e+00 5.800000e-01 5.886028e-01 1.645770e-07 1.110042e+00 -1.347803e-08
6.900000e+00 5.800000e-01 5.886029e-01 1.645770e-07 1.110042e+00 -1.733798e-08
6.950000e+00 5.800000e-01 5.886029e-01 1.645770e-07 1.110042e+00 -2.232373e-08
7.000000e+00 5.800000e-01 5.886029e-01 1.645770e-07 1.110042e+00 -2.876631e-08
7.050000e+00 5.800000e-01 5.886029e-01 1.645771e-07 1.110042e+00 -3.709427e-08
7.100000e+00 5.800000e-01 5.886029e-01 1.645771e-07 1.110042e+00 -4.786246e-08
7.150000e+00 5.800000e-01 5.886029e-01 1.645772e-07 1.110042e+00 -6.178921e-08
7.200000e+00 5.800000e-01 5.886029e-01 1.645772e-07 1.110042e+00 -7.980442e-08
7.250000e+00 5.800000e-01 5.886029e-01 1.645776e-07 1.110042e+00 -1.031117e-07
7.300000e+00 5.800000e-01 5.886029e-01 1.645765e-07 1.110042e+00 -1.332691e-07
7.350000e+00 5.800000e-01 5.886029e-01 1.645810e-07 1.110043e+00 -1.722925e-07
7.400000e+00 5.800000e-01 5.886029e-01 1.645659e-07 1.110043e+00 -2.227922e-07
7.450000e+00 5.800000e-01 5.886029e-01 1.646179e-07 1.110043e+00 -2.881391e-07
7.500000e+00 5.800000e-01 5.886029e-01 1.644482e-07 1.110043e+00 -3.727163e-07
7.550000e+00 5.800000e-01 5.886029e-01 1.649894e-07 1.110043e+00 -4.821229e-07
7.600000e+00 5.800000e-01 5.886030e-01 1.633271e-07 1.110044e+00 -6.238135e-07
7.650000e+00 5.800000e-01 5.886030e-01 1.682642e-07 1.110044e+00 -8.068059e-07
7.700000e+00 5.800000e-01 5.886030e-01 1.541315e-07 1.110044e+00 -1.044511e-06
7.750000e+00 5.800000e-01 5.886031e-01 1.931064e-07 1.110045e+00 -1.349514e-06
7.800000e+00 5.800000e-01 5.886032e-01 8.975803e-08 1.110046e+00 -1.750474e-06
7.850000e+00 5.800000e-01 5.886033e-01 3.528569e-07 1.110047e+00 -2.253413e-06
7.900000e+00 5.800000e-01 5.886034e-01 -2.888415e-07 1.110049e+00 -2.940447e-06
7.950000e+00 5.800000e-01 5.886036e-01 1.207299e-06 1.110051e+00 -3.747466e-06
8.000000e+00 5.800000e-01 5.886038e-01 -2.118355e-06 1.110053e+00 -4.962860e-06
8.050000e+00 5.800000e-01 5.886041e-01 4.907296e-06 1.110057e+00 -6.190596e-06
8.100000e+00 5.800000e-01 5.886044e-01 -9.145368e-06 1.110060e+00 -8.423120e-06
8.150000e+00 5.800000e-01 5.886049e-01 1.734531e-05 1.110067e+00 -1.017522e-05
8.200000e+00 5.800000e-01 5.886054e-01 -2.944839e-05 1.110071e+00 -1.428101e-05
8.250000e+00 5.800000e-01 5.886063e-01 4.743564e-05 1.110086e+00 -1.685317e-05
8.300000e+00 5.800000e-01 5.886071e-01 -6.892179e-05 1.110088e+00 -2.380335e-05
8.350000e+00 5.800000e-01 5.886087e-01 9.111244e-05 1.110116e+00 -2.863040e-05
8.400000e+00 5.800000e-01 5.886100e-01 -1.050531e-04 1.110120e+00 -3.864524e-05
8.450000e+00 5.800000e-01 5.886126e-01 1.029081e-04 1.110162e+00 -4.948511e-05
8.500000e+00 5.800000e-01 5.886149e-01 -7.856913e-05 1.110179e+00 -6.269445e-05
8.550000e+00 5.800000e-01 5.886189e-01 4.150644e-05 1.110234e+00 -8.341905e-05
8.600000e+00 5.800000e-01 5.886233e-01 -1.666173e-05 1.110279e+00 -1.058144e-04
8.650000e+00 5.800000e-01 5.886294e-01 4.107328e-05 1.110358e+00 -1.353903e-04
8.700000e+00 5.800000e-01 5.886368e-01 -1.296944e-04 1.110434e+00 -1.807139e-04
8.750000e+00 5.800000e-01 5.886475e-01 2.439250e-04 1.110579e+00 -2.245867e-04
8.800000e+00 5.800000e-01 5.886593e-01 -2.812877e-04 1.110691e+00 -2.950423e-04
8.850000e+00 5.800000e-01 5.886770e-01 1.507858e-04 1.110926e+00 -3.856320e-04
8.900000e+00 5.800000e-01 5.886978e-01 1.031191e-04 1.111154e+00 -4.833193e-04
8.950000e+00 5.800000e-01 5.887253e-01 -2.344703e-04 1.111483e+00 -6.341437e-04
9.000000e+00 5.800000e-01 5.887612e-01 -2.224149e-05 1.111900e+00 -8.279535e-04
9.050000e+00 5.800000e-01 5.888081e-01 5.739305e-04 1.112478e+00 -1.037668e-03
9.100000e+00 5.800000e-01 5.888650e-01 -7.977755e-04 1.113098e+00 -1.359583e-03
9.150000e+00 5.800000e-01 5.889441e-01 1.139039e-04 1.114076e+00 -1.777041e-03
9.200000e+00 5.800000e-01 5.890427e-01 9.874038e-04 1.115224e+00 -2.237583e-03
9.250000e+00 5.800000e-01 5.891679e-01 -9.025825e-04 1.116684e+00 -2.901531e-03
9.300000e+00 5.800000e-01 5.893329e-01 -1.042147e-03 1.118608e+00 -3.821815e-03
9.350000e+00 5.800000e-01 5.895500e-01 2.500233e-03 1.121238e+00 -4.853974e-03
9.400000e+00 5.800000e-01 5.898183e-01 -2.636779e-04 1.124311e+00 -6.218592e-03
9.450000e+00 5.800000e-01 5.901719e-01 -3.763404e-03 1.128459e+00 -8.216955e-03
9.500000e+00 5.800000e-01 5.906400e-01 2.398392e-03 1.133983e+00 -1.065664e-02
9.550000e+00 5.800000e-01 5.912376e-01 5.168131e-03 1.141029e+00 -1.359721e-02
9.600000e+00 5.800000e-01 5.919997e-01 -6.349279e-03 1.149789e+00 -1.783991e-02
9.650000e+00 5.800000e-01 5.930216e-01 -5.690224e-03 1.161694e+00 -2.371368e-02
9.700000e+00 5.800000e-01 5.943710e-01 1.139510e-02 1.177430e+00 -3.095048e-02
9.750000e+00 5.800000e-01 5.961166e-01 5.327247e-03 1.197674e+00 -4.049655e-02
9.800000e+00 5.800000e-01 5.984207e-01 -1.560571e-02 1.224056e+00 -5.422538e-02
9.850000e+00 5.800000e-01 6.015391e-01 -3.945443e-03 1.259910e+00 -7.297966e-02
9.900000e+00 5.800000e-01 6.057187e-01 1.181279e-02 1.308192e+00 -9.756525e-02
9.950000e+00 5.800000e-01 6.112957e-01 3.182673e-03 1.372976e+00 -1.302534e-01
1.000000e+01 5.800000e-01 6.187440e-01 5.552461e-03 0.000000e+00 0.000000e+00
0.000000e+00 6.000000e-01 6.477600e-01 1.200000e+00 0.000000e+00 0.000000e+00
5.000000e-02 6.000000e-01 6.472747e-01 4.007165e-01 1.445801e+00 -3.677227e-03
1.000000e-01 6.000000e-01 6.481277e-01 4.674952e-01 1.460116e+00 -2.674662e-02
1.500000e-01 6.000000e-01 6.499494e-01 3.640255e+00 1.429288e+00 5.887567e-04
2.000000e-01 6.000000e-01 6.480688e-01 2.962136e+00 1.394447e+00 5.455881e-02
2.500000e-01 6.000000e-01 6.444935e-01 -2.586238e+00 1.447508e+00 1.114860e-02
3.000000e-01 6.000000e-01 6.469540e-01 -1.751004e+00 1.507891e+00 -8.031544e-02
3.500000e-01 6.000000e-01 6.525250e-01 6.059805e+00 1.443833e+00 -3.481930e-02
4.000000e-01 6.000000e-01 6.504359e-01 6.324343e+00 1.351933e+00 9.378604e-02
4.500000e-01 6.000000e-01 6.431464e-01 -3.332208e+00 1.414184e+00 6.182521e-02
5.000000e-01 6.000000e-01 6.442534e-01 -5.113134e+00 1.534881e+00 -9.772096e-02
5.500000e-01 6.000000e-01 6.529185e-01 5.212509e+00 1.495644e+00 -9.920010e-02
6.000000e-01 6.000000e-01 6.541734e-01 1.013226e+01 1.351542e+00 7.775251e-02
6.500000e-01 6.000000e-01 6.451433e-01 3.106975e-01 1.350536e+00 1.279300e-01
7.000000e-01 6.000000e-01 6.413804e-01 -7.183523e+00 1.499106e+00 -4.103995e-02
7.500000e-01 6.000000e-01 6.492473e-01 3.608863e-01 1.545981e+00 -1.415548e-01
8.000000e-01 6.000000e-01 6.555359e-01 1.005118e+01 1.419584e+00 -6.759469e-03
8.500000e-01 6.000000e-01 6.499232e-01 6.423961e+00 1.323227e+00 1.380073e-01
9.000000e-01 6.000000e-01 6.417352e-01 -4.153525e+00 1.405297e+00 6.261200e-02
9.500000e-01 6.000000e-01 6.436620e-01 -4.411132e+00 1.520890e+00 -9.549682e-02
1.000000e+00 6.000000e-01 6.512848e-01 4.417421e+00 1.495158e+00 -8.629355e-02
1.050000e+00 6.000000e-01 6.522914e-01 8.341286e+00 1.380879e+00 5.773841e-02
1.100000e+00 6.000000e-01 6.455110e-01 2.364001e+00 1.346365e+00 1.107208e-01
1.150000e+00 6.000000e-01 6.412193e-01 -3.542379e+00 1.422771e+00 1.201019e-02
1.200000e+00 6.000000e-01 6.443100e-01 -1.326068e+00 1.481327e+00 -7.277397e-02
1.250000e+00 6.000000e-01 6.484967e-01 4.113076e+00 1.445544e+00 -2.952053e-02
1.300000e+00 6.000000e-01 6.472620e-01 5.003063e+00 1.375047e+00 6.007945e-02
1.350000e+00 6.000000e-01 6.424887e-01 1.162756e+00 1.358140e+00 7.059059e-02
1.400000e+00 6.000000e-01 6.402030e-01 -1.508369e+00 1.395621e+00 7.014753e-03
1.450000e+00 6.000000e-01 6.417873e-01 -1.426117e-01 1.421947e+00 -3.248135e-02
1.500000e+00 6.000000e-01 6.434511e-01 2.418818e+00 1.402729e+00 -4.244331e-03
1.550000e+00 6.000000e-01 6.422117e-01 2.858664e+00 1.363320e+00 4.279907e-02
1.600000e+00 6.000000e-01 6.391712e-01 1.265843e+00 1.342531e+00 5.084393e-02
1.650000e+00 6.000000e-01 6.371273e-01 -4.754226e-02 1.347400e+00 2.234670e-02
1.700000e+00 6.000000e-01 6.369365e-01 1.779387e-01 1.355996e+00 -2.786040e-04
1.750000e+00 6.000000e-01 6.371552e-01 1.168245e+00 1.349193e+00 6.920035e-03
1.800000e+00 6.000000e-01 6.362445e-01 1.669287e+00 1.327680e+00 3.024317e-02
1.850000e+00 6.000000e-01 6.341309e-01 1.346073e+00 1.304116e+00 4.426701e-02
1.900000e+00 6.000000e-01 6.318178e-01 7.347520e-01 1.288130e+00 3.999396e-02
1.950000e+00 6.000000e-01 6.301315e-01 4.206253e-01 1.279682e+00 2.752935e-02
2.000000e+00 6.000000e-01 6.290649e-01 5.191890e-01 1.272650e+00 2.074866e-02
2.050000e+00 6.000000e-01 6.280566e-01 7.824396e-01 1.261410e+00 2.472238e-02
2.100000e+00 6.000000e-01 6.265927e-01 9.441148e-01 1.244213e+00 3.514486e-02
2.150000e+00 6.000000e-01 6.245421e-01 9.099841e-01 1.222725e+00 4.477608e-02
2.200000e+00 6.000000e-01 6.221150e-01 7.342232e-01 1.199978e+00 4.895572e-02
2.250000e+00 6.000000e-01 6.196465e-01 5.151778e-01 1.178683e+00 4.700430e-02
2.300000e+00 6.000000e-01 6.174146e-01 3.232930e-01 1.160487e+00 4.078365e-02
2.350000e+00 6.000000e-01 6.155682e-01 1.852465e-01 1.145976e+00 3.275595e-02
2.400000e+00 6.000000e-01 6.141390e-01 9.842877e-02 1.134998e+00 2.481745e-02
2.450000e+00 6.000000e-01 6.130864e-01 4.905677e-02 1.127025e+00 1.799829e-02
2.500000e+00 6.000000e-01 6.123392e-01 2.313017e-02 1.121412e+00 1.263477e-02
2.550000e+00 6.000000e-01 6.118229e-01 1.038252e-02 1.117556e+00 8.658375e-03
2.600000e+00 6.000000e-01 6.114734e-01 4.457760e-03 1.114956e+00 5.828624e-03
2.650000e+00 6.000000e-01 6.112401e-01 1.837295e-03 1.113229e+00 3.872028e-03
2.700000e+00 6.000000e-01 6.110862e-01 7.290218e-04 1.112094e+00 2.546558e-03
2.750000e+00 6.000000e-01 6.109854e-01 2.792269e-04 1.111355e+00 1.661746e-03
2.800000e+00 6.000000e-01 6.109200e-01 1.035820e-04 1.110878e+00 1.077433e-03
2.850000e+00 6.000000e-01 6.108777e-01 3.745396e-05 1.110571e+00 6.947061e-04
2.900000e+00 6.000000e-01 6.108505e-01 1.341465e-05 1.110375e+00 4.456411e-04
2.950000e+00 6.000000e-01 6.108331e-01 4.967892e-06 1.110251e+00 2.844408e-04
3.000000e+00 6.000000e-01 6.108221e-01 2.098023e-06 1.110172e+00 1.806163e-04
3.050000e+00 6.000000e-01 6.108151e-01 1.155847e-06 1.110123e+00 1.140546e-04
3.100000e+00 6.000000e-01 6.108107e-01 8.578763e-07 1.110092e+00 7.157839e-05
3.150000e+00 6.000000e-01 6.108079e-01 7.678851e-07 1.110072e+00 4.460213e-05
3.200000e+00 6.000000e-01 6.108062e-01 7.425491e-07 1.110060e+00 2.755825e-05
3.250000e+00 6.000000e-01 6.108051e-01 7.363850e-07 1.110053e+00 1.685163e-05
3.300000e+00 6.000000e-01 6.108045e-01 7.355007e-07 1.110049e+00 1.017021e-05
3.350000e+00 6.000000e-01 6.108041e-01 7.358542e-07 1.110046e+00 6.033032e-06
3.400000e+00 6.000000e-01 6.108039e-01 7.363585e-07 1.110044e+00 3.495365e-06
3.450000e+00 6.000000e-01 6.108038e-01 7.367690e-07 1.110043e+00 1.957135e-06
3.500000e+00 6.000000e-01 6.108037e-01 7.370624e-07 1.110043e+00 1.038946e-06
3.550000e+00 6.000000e-01 6.108037e-01 7.372627e-07 1.110043e+00 5.021424e-07
3.600000e+00 6.000000e-01 6.108037e-01 7.373969e-07 1.110042e+00 1.974557e-07
3.650000e+00 6.000000e-01 6.108037e-01 7.374859e-07 1.110042e+00 3.213741e-08
3.700000e+00 6.000000e-01 6.108037e-01 7.375446e-07 1.110042e+00 -5.099581e-08
3.750000e+00 6.000000e-01 6.108037e-01 7.375830e-07 1.110042e+00 -8.686883e-08
3.800000e+00 6.000000e-01 6.108037e-01 7.376079e-07 1.110042e+00 -9.656080e-08
3.850000e+00 6.000000e-01 6.108037e-01 7.376240e-07 1.110042e+00 -9.259914e-08
3.900000e+00 6.000000e-01 6.108037e-01 7.376342e-07 1.110042e+00 -8.227370e-08
3.950000e+00 6.000000e-01 6.108037e-01 7.376406e-07 1.110042e+00 -6.969963e-08
4.000000e+00 6.000000e-01 6.108037e-01 7.376446e-07 1.110042e+00 -5.709280e-08
4.050000e+00 6.000000e-01 6.108037e-01 7.376469e-07 1.110042e+00 -4.555252e-08
4.100000e+00 6.000000e-01 6.108037e-01 7.376482e-07 1.110042e+00 -3.553744e-08
4.150000e+00 6.000000e-01 6.108037e-01 7.376489e-07 1.110042e+00 -2.715175e-08
4.200000e+00 6.000000e-01 6.108037e-01 7.376492e-07 1.110042e+00 -2.031481e-08
4.250000e+00 6.000000e-01 6.108037e-01 7.376493e-07 1.110042e+00 -1.485977e-08
4.300000e+00 6.000000e-01 6.108037e-01 7.376492e-07 1.110042e+00 -1.058939e-08
4.350000e+00 6.000000e-01 6.108037e-01 7.376491e-07 1.110042e+00 -7.306268e-09
4.400000e+00 6.000000e-01 6.108037e-01 7.376490e-07 1.110042e+00 -4.828123e-09
4.450000e+00 6.000000e-01 6.108037e-01 7.376488e-07 1.110042e+00 -2.994395e-09
4.500000e+00 6.000000e-01 6.108037e-01 7.376487e-07 1.110042e+00 -1.668065e-09
4.550000e+00 6.000000e-01 6.108037e-01 7.376486e-07 1.110042e+00 -7.348711e-10
4.600000e+00 6.000000e-01 6.108037e-01 7.376485e-07 1.110042e+00 -1.012823e-10
4.650000e+00 6.000000e-01 6.108037e-01 7.376484e-07 1.110042e+00 3.080380e-10
4.700000e+00 6.000000e-01 6.108037e-01 7.376484e-07 1.110042e+00 5.528766e-10
4.750000e+00 6.000000e-01 6.108037e-01 7.376483e-07 1.110042e+00 6.799750e-10
4.800000e+00 6.000000e-01 6.108037e-01 7.376483e-07 1.110042e+00 7.253209e-10
4.850000e+00 6.000000e-01 6.108037e-01 7.376482e-07 1.110042e+00 7.161582e-10
4.900000e+00 6.000000e-01 6.108037e-01 7.376482e-07 1.110042e+00 6.727241e-10
4.950000e+00 6.000000e-01 6.108037e-01 7.376482e-07 1.110042e+00 6.097089e-10
5.000000e+00 6.000000e-01 6.108037e-01 7.376482e-07 1.110042e+00 5.374989e-10
5.050000e+00 6.000000e-01 6.108037e-01 7.376482e-07 1.110042e+00 4.631673e-10
5.100000e+00 6.000000e-01 6.108037e-01 7.376482e-07 1.110042e+00 3.912826e-10
5.150000e+00 6.000000e-01 6.108037e-01 7.376482e-07 1.110042e+00 3.245804e-10
5.200000e+00 6.000000e-01 6.108037e-01 7.376482e-07 1.110042e+00 2.644684e-10
5.250000e+00 6.000000e-01 6.108037e-01 7.376482e-07 1.110042e+00 2.114231e-10
5.300000e+00 6.000000e-01 6.108037e-01 7.376482e-07 1.110042e+00 1.652889e-10
5.350000e+00 6.000000e-01 6.108037e-01 7.376482e-07 1.110042e+00 1.255085e-10
5.400000e+00 6.000000e-01 6.108037e-01 7.376482e-07 1.110042e+00 9.127810e-11
5.450000e+00 6.000000e-01 6.108037e-01 7.376482e-07 1.110042e+00 6.165624e-11
5.500000e+00 6.000000e-01 6.108037e-01 7.376482e-07 1.110042e+00 3.564371e-11
5.550000e+00 6.000000e-01 6.108037e-01 7.376482e-07 1.110042e+00 1.221467e-11
5.600000e+00 6.000000e-01 6.108037e-01 7.376482e-07 1.110042e+00 -9.663381e-12
5.650000e+00 6.000000e-01 6.108037e-01 7.376482e-07 1.110042e+00 -3.103406e-11
5.700000e+00 6.000000e-01 6.108037e-01 7.376481e-07 1.110042e+00 -5.297207e-11
5.750000e+00 6.000000e-01 6.108037e-01 7.376481e-07 1.110042e+00 -7.661982e-11
5.800000e+00 6.000000e-01 6.108037e-01 7.376481e-07 1.110042e+00 -1.032352e-10
5.850000e+00 6.000000e-01 6.108037e-01 7.376481e-07 1.110042e+00 -1.342482e-10
5.900000e+00 6.000000e-01 6.108037e-01 7.376481e-07 1.110042e+00 -1.713518e-10
5.950000e+00 6.000000e-01 6.108037e-01 7.376481e-07 1.110042e+00 -2.166078e-10
6.000000e+00 6.000000e-01 6.108037e-01 7.376482e-07 1.110042e+00 -2.725520e-10
6.050000e+00 6.000000e-01 6.108037e-01 7.376482e-07 1.110042e+00 -3.423772e-10
6.100000e+00 6.000000e-01 6.108037e-01 7.376482e-07 1.110042e+00 -4.301337e-10
6.150000e+00 6.000000e-01 6.108037e-01 7.376482e-07 1.110042e+00 -5.409961e-10
6.200000e+00 6.000000e-01 6.108037e-01 7.376482e-07 1.110042e+00 -6.816081e-10
6.250000e+00 6.000000e-01 6.108037e-01 7.376482e-07 1.110042e+00 -8.605017e-10
6.300000e+00 6.000000e-01 6.108037e-01 7.376482e-07 1.110042e+00 -1.088695e-09
6.350000e+00 6.000000e-01 6.108037e-01 7.376482e-07 1.110042e+00 -1.380400e-09
6.400000e+00 6.000000e-01 6.108037e-01 7.376482e-07 1.110042e+00 -1.753973e-09
6.450000e+00 6.000000e-01 6.108037e-01 7.376482e-07 1.110042e+00 -2.233151e-09
6.500000e+00 6.000000e-01 6.108037e-01 7.376482e-07 1.110042e+00 -2.848630e-09
6.550000e+00 6.000000e-01 6.108037e-01 7.376482e-07 1.110042e+00 -3.640124e-09
6.600000e+00 6.000000e-01 6.108037e-01 7.376482e-07 1.110042e+00 -4.659036e-09
6.650000e+00 6.000000e-01 6.108037e-01 7.376482e-07 1.110042e+00 -5.971906e-09
6.700000e+00 6.000000e-01 6.108037e-01 7.376483e-07 1.110042e+00 -7.664870e-09
6.750000e+00 6.000000e-01 6.108037e-01 7.376483e-07 1.110042e+00 -9.849461e-09
6.800000e+00 6.000000e-01 6.108037e-01 7.376483e-07 1.110042e+00 -1.267012e-08
6.850000e+00 6.000000e-01 6.108037e-01 7.376484e-07 1.110042e+00 -1.631390e-08
6.900000e+00 6.000000e-01 6.108037e-01 7.376484e-07 1.110042e+00 -2.102304e-08
6.950000e+00 6.000000e-01 6.108037e-01 7.376485e-07 1.110042e+00 -2.711125e-08
7.000000e+00 6.000000e-01 6.108037e-01 7.376486e-07 1.110042e+00 -3.498481e-08
7.050000e+00 6.000000e-01 6.108037e-01 7.376488e-07 1.110042e+00 -4.516986e-08
7.100000e+00 6.000000e-01 6.108037e-01 7.376490e-07 1.110042e+00 -5.834768e-08
7.150000e+00 6.000000e-01 6.108037e-01 7.376493e-07 1.110042e+00 -7.540045e-08
7.200000e+00 6.000000e-01 6.108037e-01 7.376493e-07 1.110042e+00 -9.747035e-08
7.250000e+00 6.000000e-01 6.108037e-01 7.376508e-07 1.110043e+00 -1.260360e-07
7.300000e+00 6.000000e-01 6.108037e-01 7.376475e-07 1.110043e+00 -1.630117e-07
7.350000e+00 6.000000e-01 6.108037e-01 7.376616e-07 1.110043e+00 -2.108739e-07
7.400000e+00 6.000000e-01 6.108037e-01 7.376161e-07 1.110043e+00 -2.728321e-07
7.450000e+00 6.000000e-01 6.108038e-01 7.377730e-07 1.110043e+00 -3.530237e-07
7.500000e+00 6.000000e-01 6.108038e-01 7.372684e-07 1.110043e+00 -4.568527e-07
7.550000e+00 6.000000e-01 6.108038e-01 7.388617e-07 1.110043e+00 -5.911506e-07
7.600000e+00 6.000000e-01 6.108038e-01 7.340281e-07 1.110044e+00 -7.652307e-07
7.650000e+00 6.000000e-01 6.108039e-01 7.482226e-07 1.110044e+00 -9.897556e-07
7.700000e+00 6.000000e-01 6.108039e-01 7.080654e-07 1.110044e+00 -1.282370e-06
7.750000e+00 6.000000e-01 6.108040e-01 8.175389e-07 1.110045e+00 -1.655514e-06
7.800000e+00 6.000000e-01 6.108041e-01 5.306066e-07 1.110046e+00 -2.152069e-06
7.850000e+00 6.000000e-01 6.108042e-01 1.252681e-06 1.110047e+00 -2.761000e-06
7.900000e+00 6.000000e-01 6.108044e-01 -4.882901e-07 1.110048e+00 -3.625833e-06
7.950000e+00 6.000000e-01 6.108046e-01 3.524696e-06 1.110050e+00 -4.574140e-06
8.000000e+00 6.000000e-01 6.108048e-01 -5.294897e-06 1.110052e+00 -6.156252e-06
8.050000e+00 6.000000e-01 6.108052e-01 1.312983e-05 1.110056e+00 -7.497874e-06
8.100000e+00 6.000000e-01 6.108056e-01 -2.332118e-05 1.110058e+00 -1.054164e-05
8.150000e+00 6.000000e-01 6.108063e-01 4.466502e-05 1.110067e+00 -1.220042e-05
8.200000e+00 6.000000e-01 6.108068e-01 -7.421322e-05 1.110067e+00 -1.800328e-05
8.250000e+00 6.000000e-01 6.108081e-01 1.192809e-04 1.110087e+00 -2.012861e-05
8.300000e+00 6.000000e-01 6.108088e-01 -1.711735e-04 1.110082e+00 -2.993004e-05
8.350000e+00 6.000000e-01 6.108111e-01 2.259015e-04 1.110118e+00 -3.460298e-05
8.400000e+00 6.000000e-01 6.108123e-01 -2.598108e-04 1.110109e+00 -4.784525e-05
8.450000e+00 6.000000e-01 6.108158e-01 2.582783e-04 1.110164e+00 -6.096666e-05
8.500000e+00 6.000000e-01 6.108184e-01 -2.056795e-04 1.110165e+00 -7.656321e-05
8.550000e+00 6.000000e-01 6.108235e-01 1.277393e-04 1.110230e+00 -1.031863e-04
8.600000e+00 6.000000e-01 6.108287e-01 -7.766436e-05 1.110262e+00 -1.301460e-04
8.650000e+00 6.000000e-01 6.108365e-01 1.384383e-04 1.110349e+00 -1.653396e-04
8.700000e+00 6.000000e-01 6.108452e-01 -3.354856e-04 1.110405e+00 -2.245038e-04
8.750000e+00 6.000000e-01 6.108590e-01 5.847527e-04 1.110567e+00 -2.742425e-04
8.800000e+00 6.000000e-01 6.108727e-01 -6.662203e-04 1.110641e+00 -3.629473e-04
8.850000e+00 6.000000e-01 6.108953e-01 4.011292e-04 1.110897e+00 -4.770074e-04
8.900000e+00 6.000000e-01 6.109204e-01 1.095450e-04 1.111091e+00 -5.914176e-04
8.950000e+00 6.000000e-01 6.109544e-01 -3.594501e-04 1.111416e+00 -7.798234e-04
9.000000e+00 6.000000e-01 6.109983e-01 -1.609887e-04 1.111797e+00 -1.024119e-03
9.050000e+00 6.000000e-01 6.110568e-01 1.239575e-03 1.112382e+00 -1.270121e-03
9.100000e+00 6.000000e-01 6.111253e-01 -1.657479e-03 1.112914e+00 -1.671983e-03
9.150000e+00 6.000000e-01 6.112240e-01 3.638676e-04 1.113899e+00 -2.195364e-03
9.200000e+00 6.000000e-01 6.113449e-01 1.649131e-03 1.114964e+00 -2.745548e-03
9.250000e+00 6.000000e-01 6.114986e-01 -1.440754e-03 1.116358e+00 -3.560933e-03
9.300000e+00 6.000000e-01 6.117010e-01 -2.030496e-03 1.118152e+00 -4.716696e-03
9.350000e+00 6.000000e-01 6.119702e-01 4.465633e-03 1.120732e+00 -5.968370e-03
9.400000e+00 6.000000e-01 6.122978e-01 -5.198758e-04 1.123565e+00 -7.623577e-03
9.450000e+00 6.000000e-01 6.127326e-01 -6.043736e-03 1.127523e+00 -1.010790e-02
9.500000e+00 6.000000e-01 6.133086e-01 3.371411e-03 1.132747e+00 -1.311607e-02
9.550000e+00 6.000000e-01 6.140442e-01 8.602347e-03 1.139478e+00 -1.667505e-02
9.600000e+00 6.000000e-01 6.149761e-01 -9.248437e-03 1.147642e+00 -2.185716e-02
9.650000e+00 6.000000e-01 6.162299e-01 -9.543407e-03 1.158874e+00 -2.909443e-02
9.700000e+00 6.000000e-01 6.178856e-01 1.561653e-02 1.173619e+00 -3.795111e-02
9.750000e+00 6.000000e-01 6.200250e-01 1.048058e-02 1.192663e+00 -4.954287e-02
9.800000e+00 6.000000e-01 6.228398e-01 -2.111001e-02 1.217190e+00 -6.627497e-02
9.850000e+00 6.000000e-01 6.266525e-01 -9.361195e-03 1.250499e+00 -8.928475e-02
9.900000e+00 6.000000e-01 6.317683e-01 1.537418e-02 1.295434e+00 -1.195257e-01
9.950000e+00 6.000000e-01 6.386051e-01 5.782548e-03 1.356155e+00 -1.599168e-01
1.000000e+01 6.000000e-01 6.477600e-01 8.384096e-03 0.000000e+00 0.000000e+00
0.000000e+00 6.200000e-01 6.762960e-01 1.440000e+00 0.000000e+00 0.000000e+00
5.000000e-02 6.200000e-01 6.760135e-01 7.044696e-01 1.423816e+00 -7.665372e-03
1.000000e-01 6.200000e-01 6.770625e-01 1.681063e+00 1.426135e+00 -2.051652e-02
1.500000e-01 6.200000e-01 6.780652e-01 3.764608e+00 1.383675e+00 1.366889e-02
2.000000e-01 6.200000e-01 6.756956e-01 1.195996e+00 1.376809e+00 4.504630e-02
2.500000e-01 6.200000e-01 6.735605e-01 -2.399763e+00 1.452727e+00 -1.248446e-02
3.000000e-01 6.200000e-01 6.769441e-01 1.358950e+00 1.472143e+00 -7.080260e-02
3.500000e-01 6.200000e-01 6.806408e-01 6.873077e+00 1.367658e+00 -6.807578e-05
4.000000e-01 6.200000e-01 6.769509e-01 2.855811e+00 1.320442e+00 8.956960e-02
4.500000e-01 6.200000e-01 6.716838e-01 -4.685918e+00 1.440895e+00 1.890584e-02
5.000000e-01 6.200000e-01 6.750603e-01 -1.199419e+00 1.519378e+00 -1.033424e-01
5.500000e-01 6.200000e-01 6.820181e-01 8.053499e+00 1.402009e+00 -5.179362e-02
6.000000e-01 6.200000e-01 6.802397e-01 6.955133e+00 1.278244e+00 9.877552e-02
6.500000e-01 6.200000e-01 6.721405e-01 -3.575661e+00 1.368162e+00 8.481537e-02
7.000000e-01 6.200000e-01 6.717581e-01 -5.004038e+00 1.519974e+00 -7.610234e-02
7.500000e-01 6.200000e-01 6.797507e-01 4.927451e+00 1.477632e+00 -1.104354e-01
8.000000e-01 6.200000e-01 6.828017e-01 9.984358e+00 1.312092e+00 3.991122e-02
8.500000e-01 6.200000e-01 6.757596e-01 2.089072e+00 1.287225e+00 1.271526e-01
9.000000e-01 6.200000e-01 6.700864e-01 -5.601550e+00 1.434177e+00 1.553110e-02
9.500000e-01 6.200000e-01 6.742065e-01 -1.050739e+00 1.510227e+00 -1.044312e-01
1.000000e+00 6.200000e-01 6.805295e-01 7.369666e+00 1.412081e+00 -4.787347e-02
1.050000e+00 6.200000e-01 6.789939e-01 7.187572e+00 1.298079e+00 8.432491e-02
1.100000e+00 6.200000e-01 6.720970e-01 -4.445782e-01 1.328518e+00 9.163872e-02
1.150000e+00 6.200000e-01 6.698300e-01 -3.606501e+00 1.436174e+00 -1.785261e-02
1.200000e+00 6.200000e-01 6.738823e-01 1.117055e+00 1.459140e+00 -7.053233e-02
1.250000e+00 6.200000e-01 6.768832e-01 5.798783e+00 1.382021e+00 -2.796125e-03
1.300000e+00 6.200000e-01 6.741619e-01 4.443906e+00 1.317890e+00 7.494872e-02
1.350000e+00 6.200000e-01 6.693883e-01 -7.439220e-02 1.338529e+00 6.051973e-02
1.400000e+00 6.200000e-01 6.681099e-01 -1.460399e+00 1.393676e+00 -7.448490e-03
1.450000e+00 6.200000e-01 6.701332e-01 1.059825e+00 1.404132e+00 -3.080657e-02
1.500000e+00 6.200000e-01 6.711906e-01 3.428460e+00 1.363819e+00 1.036286e-02
1.550000e+00 6.200000e-01 6.690969e-01 2.983470e+00 1.323273e+00 5.427009e-02
1.600000e+00 6.200000e-01 6.657636e-01 9.378538e-01 1.317811e+00 5.144529e-02
1.650000e+00 6.200000e-01 6.639524e-01 -1.051767e-01 1.334841e+00 1.814069e-02
1.700000e+00 6.200000e-01 6.639495e-01 5.704835e-01 1.342348e+00 -8.025484e-05
1.750000e+00 6.200000e-01 6.639604e-01 1.694108e+00 1.327390e+00 1.387472e-02
1.800000e+00 6.200000e-01 6.625621e-01 2.012935e+00 1.301073e+00 3.974690e-02
1.850000e+00 6.200000e-01 6.599857e-01 1.459958e+00 1.279784e+00 5.158047e-02
1.900000e+00 6.200000e-01 6.574040e-01 7.621005e-01 1.269612e+00 4.392693e-02
1.950000e+00 6.200000e-01 6.555930e-01 5.018766e-01 1.265476e+00 3.005412e-02
2.000000e+00 6.200000e-01 6.543986e-01 6.904905e-01 1.259287e+00 2.438411e-02
2.050000e+00 6.200000e-01 6.531546e-01 1.000108e+00 1.246682e+00 3.065632e-02
2.100000e+00 6.200000e-01 6.513330e-01 1.150356e+00 1.228129e+00 4.304229e-02
2.150000e+00 6.200000e-01 6.488504e-01 1.071183e+00 1.206645e+00 5.352635e-02
2.200000e+00 6.200000e-01 6.459803e-01 8.441012e-01 1.185399e+00 5.743096e-02
2.250000e+00 6.200000e-01 6.431073e-01 5.827934e-01 1.166530e+00 5.444495e-02
2.300000e+00 6.200000e-01 6.405358e-01 3.617236e-01 1.151010e+00 4.685421e-02
2.350000e+00 6.200000e-01 6.384219e-01 2.057302e-01 1.138950e+00 3.743932e-02
2.400000e+00 6.200000e-01 6.367919e-01 1.087711e-01 1.129979e+00 2.827712e-02
2.450000e+00 6.200000e-01 6.355942e-01 5.403634e-02 1.123533e+00 2.046832e-02
2.500000e+00 6.200000e-01 6.347451e-01 2.542661e-02 1.119029e+00 1.435140e-02
2.550000e+00 6.200000e-01 6.341590e-01 1.140016e-02 1.115951e+00 9.826276e-03
2.600000e+00 6.200000e-01 6.337624e-01 4.892314e-03 1.113886e+00 6.609946e-03
2.650000e+00 6.200000e-01 6.334980e-01 2.016784e-03 1.112520e+00 4.387824e-03
2.700000e+00 6.200000e-01 6.333237e-01 8.012795e-04 1.111628e+00 2.883480e-03
2.750000e+00 6.200000e-01 6.332097e-01 3.081156e-04 1.111050e+00 1.879953e-03
2.800000e+00 6.200000e-01 6.331357e-01 1.155950e-04 1.110679e+00 1.217755e-03
2.850000e+00 6.200000e-01 6.330879e-01 4.315795e-05 1.110442e+00 7.843910e-04
2.900000e+00 6.200000e-01 6.330572e-01 1.686267e-05 1.110292e+00 5.026433e-04
2.950000e+00 6.200000e-01 6.330376e-01 7.653080e-06 1.110197e+00 3.204776e-04
3.000000e+00 6.200000e-01 6.330252e-01 4.546472e-06 1.110138e+00 2.032770e-04
3.050000e+00 6.200000e-01 6.330173e-01 3.542837e-06 1.110101e+00 1.282244e-04
3.100000e+00 6.200000e-01 6.330124e-01 3.236987e-06 1.110078e+00 8.038542e-05
3.150000e+00 6.200000e-01 6.330093e-01 3.152778e-06 1.110064e+00 5.003964e-05
3.200000e+00 6.200000e-01 6.330074e-01 3.134881e-06 1.110055e+00 3.089037e-05
3.250000e+00 6.200000e-01 6.330062e-01 3.134815e-06 1.110050e+00 1.887624e-05
3.300000e+00 6.200000e-01 6.330055e-01 3.138352e-06 1.110047e+00 1.138836e-05
3.350000e+00 6.200000e-01 6.330050e-01 3.141762e-06 1.110045e+00 6.757614e-06
3.400000e+00 6.200000e-01 6.330048e-01 3.144336e-06 1.110044e+00 3.920567e-06
3.450000e+00 6.200000e-01 6.330046e-01 3.146134e-06 1.110043e+00 2.202634e-06
3.500000e+00 6.200000e-01 6.330046e-01 3.147354e-06 1.110043e+00 1.177904e-06
3.550000e+00 6.200000e-01 6.330045e-01 3.148169e-06 1.110043e+00 5.788683e-07
3.600000e+00 6.200000e-01 6.330045e-01 3.148711e-06 1.110042e+00 2.384888e-07
3.650000e+00 6.200000e-01 6.330045e-01 3.149068e-06 1.110042e+00 5.316345e-08
3.700000e+00 6.200000e-01 6.330045e-01 3.149303e-06 1.110042e+00 -4.085571e-08
3.750000e+00 6.200000e-01 6.330045e-01 3.149457e-06 1.110042e+00 -8.241786e-08
3.800000e+00 6.200000e-01 6.330045e-01 3.149557e-06 1.110042e+00 -9.491513e-08
3.850000e+00 6.200000e-01 6.330045e-01 3.149621e-06 1.110042e+00 -9.221430e-08
3.900000e+00 6.200000e-01 6.330045e-01 3.149661e-06 1.110042e+00 -8.236353e-08
3.950000e+00 6.200000e-01 6.330045e-01 3.149687e-06 1.110042e+00 -6.989458e-08
4.000000e+00 6.200000e-01 6.330045e-01 3.149702e-06 1.110042e+00 -5.724281e-08
4.050000e+00 6.200000e-01 6.330045e-01 3.149712e-06 1.110042e+00 -4.561607e-08
4.100000e+00 6.200000e-01 6.330045e-01 3.149717e-06 1.110042e+00 -3.552114e-08
4.150000e+00 6.200000e-01 6.330045e-01 3.149719e-06 1.110042e+00 -2.707904e-08
4.200000e+00 6.200000e-01 6.330045e-01 3.149721e-06 1.110042e+00 -2.021096e-08
4.250000e+00 6.200000e-01 6.330045e-01 3.149721e-06 1.110042e+00 -1.474563e-08
4.300000e+00 6.200000e-01 6.330045e-01 3.149721e-06 1.110042e+00 -1.047970e-08
4.350000e+00 6.200000e-01 6.330045e-01 3.149720e-06 1.110042e+00 -7.209978e-09
4.400000e+00 6.200000e-01 6.330045e-01 3.149720e-06 1.110042e+00 -4.749575e-09
4.450000e+00 6.200000e-01 6.330045e-01 3.149719e-06 1.110042e+00 -2.934639e-09
4.500000e+00 6.200000e-01 6.330045e-01 3.149719e-06 1.110042e+00 -1.626027e-09
4.550000e+00 6.200000e-01 6.330045e-01 3.149718e-06 1.110042e+00 -7.082834e-10
4.600000e+00 6.200000e-01 6.330045e-01 3.149718e-06 1.110042e+00 -8.735457e-11
4.650000e+00 6.200000e-01 6.330045e-01 3.149718e-06 1.110042e+00 3.121625e-10
4.700000e+00 6.200000e-01 6.330045e-01 3.149717e-06 1.110042e+00 5.498424e-10
4.750000e+00 6.200000e-01 6.330045e-01 3.149717e-06 1.110042e+00 6.720724e-10
4.800000e+00 6.200000e-01 6.330045e-01 3.149717e-06 1.110042e+00 7.144296e-10
4.850000e+00 6.200000e-01 6.330045e-01 3.149717e-06 1.110042e+00 7.037460e-10
4.900000e+00 6.200000e-01 6.330045e-01 3.149717e-06 1.110042e+00 6.598788e-10
4.950000e+00 6.200000e-01 6.330045e-01 3.149717e-06 1.110042e+00 5.971890e-10
5.000000e+00 6.200000e-01 6.330045e-01 3.149717e-06 1.110042e+00 5.258027e-10
5.050000e+00 6.200000e-01 6.330045e-01 3.149717e-06 1.110042e+00 4.525780e-10
5.100000e+00 6.200000e-01 6.330045e-01 3.149717e-06 1.110042e+00 3.819189e-10
5.150000e+00 6.200000e-01 6.330045e-01 3.149717e-06 1.110042e+00 3.164546e-10
5.200000e+00 6.200000e-01 6.330045e-01 3.149717e-06 1.110042e+00 2.575040e-10
5.250000e+00 6.200000e-01 6.330045e-01 3.149717e-06 1.110042e+00 2.054912e-10
5.300000e+00 6.200000e-01 6.330045e-01 3.149717e-06 1.110042e+00 1.602296e-10
5.350000e+00 6.200000e-01 6.330045e-01 3.149717e-06 1.110042e+00 1.211342e-10
5.400000e+00 6.200000e-01 6.330045e-01 3.149717e-06 1.110042e+00 8.738787e-11
5.450000e+00 6.200000e-01 6.330045e-01 3.149717e-06 1.110042e+00 5.804246e-11
5.500000e+00 6.200000e-01 6.330045e-01 3.149717e-06 1.110042e+00 3.207989e-11
5.550000e+00 6.200000e-01 6.330045e-01 3.149717e-06 1.110042e+00 8.452128e-12
5.600000e+00 6.200000e-01 6.330045e-01 3.149717e-06 1.110042e+00 -1.389777e-11
5.650000e+00 6.200000e-01 6.330045e-01 3.149717e-06 1.110042e+00 -3.606226e-11
5.700000e+00 6.200000e-01 6.330045e-01 3.149717e-06 1.110042e+00 -5.918266e-11
5.750000e+00 6.200000e-01 6.330045e-01 3.149717e-06 1.110042e+00 -8.448686e-11
5.800000e+00 6.200000e-01 6.330045e-01 3.149717e-06 1.110042e+00 -1.133560e-10
5.850000e+00 6.200000e-01 6.330045e-01 3.149717e-06 1.110042e+00 -1.473877e-10
5.900000e+00 6.200000e-01 6.330045e-01 3.149717e-06 1.110042e+00 -1.884892e-10
5.950000e+00 6.200000e-01 6.330045e-01 3.149717e-06 1.110042e+00 -2.390066e-10
6.000000e+00 6.200000e-01 6.330045e-01 3.149717e-06 1.110042e+00 -3.018530e-10
6.050000e+00 6.200000e-01 6.330045e-01 3.149717e-06 1.110042e+00 -3.807110e-10
6.100000e+00 6.200000e-01 6.330045e-01 3.149717e-06 1.110042e+00 -4.802769e-10
6.150000e+00 6.200000e-01 6.330045e-01 3.149717e-06 1.110042e+00 -6.065559e-10
6.200000e+00 6.200000e-01 6.330045e-01 3.149717e-06 1.110042e+00 -7.672751e-10
6.250000e+00 6.200000e-01 6.330045e-01 3.149717e-06 1.110042e+00 -9.723855e-10
6.300000e+00 6.200000e-01 6.330045e-01 3.149717e-06 1.110042e+00 -1.234740e-09
6.350000e+00 6.200000e-01 6.330045e-01 3.149717e-06 1.110042e+00 -1.570941e-09
6.400000e+00 6.200000e-01 6.330045e-01 3.149717e-06 1.110042e+00 -2.002448e-09
6.450000e+00 6.200000e-01 6.330045e-01 3.149717e-06 1.110042e+00 -2.557037e-09
6.500000e+00 6.200000e-01 6.330045e-01 3.149717e-06 1.110042e+00 -3.270638e-09
6.550000e+00 6.200000e-01 6.330045e-01 3.149717e-06 1.110042e+00 -4.189771e-09
6.600000e+00 6.200000e-01 6.330045e-01 3.149717e-06 1.110042e+00 -5.374674e-09
6.650000e+00 6.200000e-01 6.330045e-01 3.149717e-06 1.110042e+00 -6.903357e-09
6.700000e+00 6.200000e-01 6.330045e-01 3.149717e-06 1.110042e+00 -8.876840e-09
6.750000e+00 6.200000e-01 6.330045e-01 3.149717e-06 1.110042e+00 -1.142597e-08
6.800000e+00 6.200000e-01 6.330045e-01 3.149717e-06 1.110042e+00 -1.472026e-08
6.850000e+00 6.200000e-01 6.330045e-01 3.149718e-06 1.110042e+00 -1.897927e-08
6.900000e+00 6.200000e-01 6.330045e-01 3.149718e-06 1.110042e+00 -2.448740e-08
6.950000e+00 6.200000e-01 6.330045e-01 3.149718e-06 1.110042e+00 -3.161307e-08
7.000000e+00 6.200000e-01 6.330045e-01 3.149719e-06 1.110042e+00 -4.083345e-08
7.050000e+00 6.200000e-01 6.330045e-01 3.149720e-06 1.110042e+00 -5.276659e-08
7.100000e+00 6.200000e-01 6.330046e-01 3.149720e-06 1.110042e+00 -6.821293e-08
7.150000e+00 6.200000e-01 6.330046e-01 3.149722e-06 1.110043e+00 -8.820902e-08
7.200000e+00 6.200000e-01 6.330046e-01 3.149722e-06 1.110043e+00 -1.140971e-07
7.250000e+00 6.200000e-01 6.330046e-01 3.149727e-06 1.110043e+00 -1.476149e-07
7.300000e+00 6.200000e-01 6.330046e-01 3.149718e-06 1.110043e+00 -1.910128e-07
7.350000e+00 6.200000e-01 6.330046e-01 3.149761e-06 1.110043e+00 -2.472007e-07
7.400000e+00 6.200000e-01 6.330046e-01 3.149631e-06 1.110043e+00 -3.199554e-07
7.450000e+00 6.200000e-01 6.330046e-01 3.150079e-06 1.110043e+00 -4.141289e-07
7.500000e+00 6.200000e-01 6.330046e-01 3.148665e-06 1.110043e+00 -5.361126e-07
7.550000e+00 6.200000e-01 6.330047e-01 3.153086e-06 1.110043e+00 -6.938256e-07
7.600000e+00 6.200000e-01 6.330047e-01 3.139848e-06 1.110044e+00 -8.985508e-07
7.650000e+00 6.200000e-01 6.330048e-01 3.178285e-06 1.110044e+00 -1.161897e-06
7.700000e+00 6.200000e-01 6.330048e-01 3.070852e-06 1.110044e+00 -1.507128e-06
7.750000e+00 6.200000e-01 6.330049e-01 3.360301e-06 1.110045e+00 -1.942348e-06
7.800000e+00 6.200000e-01 6.330050e-01 2.610643e-06 1.110046e+00 -2.534267e-06
7.850000e+00 6.200000e-01 6.330052e-01 4.474996e-06 1.110047e+00 -3.231024e-06
7.900000e+00 6.200000e-01 6.330053e-01 3.283705e-08 1.110048e+00 -4.290252e-06
7.950000e+00 6.200000e-01 6.330056e-01 1.015231e-05 1.110050e+00 -5.315755e-06
8.000000e+00 6.200000e-01 6.330059e-01 -1.182909e-05 1.110051e+00 -7.355014e-06
8.050000e+00 6.200000e-01 6.330063e-01 3.356310e-05 1.110056e+00 -8.595944e-06
8.100000e+00 6.200000e-01 6.330067e-01 -5.522240e-05 1.110056e+00 -1.276944e-05
8.150000e+00 6.200000e-01 6.330076e-01 1.085466e-04 1.110068e+00 -1.374737e-05
8.200000e+00 6.200000e-01 6.330081e-01 -1.747779e-04 1.110062e+00 -2.203679e-05
8.250000e+00 6.200000e-01 6.330098e-01 2.818133e-04 1.110090e+00 -2.254651e-05
8.300000e+00 6.200000e-01 6.330104e-01 -3.975770e-04 1.110071e+00 -3.645283e-05
8.350000e+00 6.200000e-01 6.330135e-01 5.249250e-04 1.110124e+00 -3.958429e-05
8.400000e+00 6.200000e-01 6.330143e-01 -6.000454e-04 1.110092e+00 -5.687810e-05
8.450000e+00 6.200000e-01 6.330191e-01 6.052906e-04 1.110169e+00 -7.190812e-05
8.500000e+00 6.200000e-01 6.330215e-01 -4.976787e-04 1.110146e+00 -8.914556e-05
8.550000e+00 6.200000e-01 6.330281e-01 3.477625e-04 1.110228e+00 -1.223457e-04
8.600000e+00 6.200000e-01 6.330337e-01 -2.550242e-04 1.110240e+00 -1.532716e-04
8.650000e+00 6.200000e-01 6.330434e-01 3.997788e-04 1.110341e+00 -1.922828e-04
8.700000e+00 6.200000e-01 6.330530e-01 -8.111496e-04 1.110364e+00 -2.680952e-04
8.750000e+00 6.200000e-01 6.330702e-01 1.324146e-03 1.110560e+00 -3.192029e-04
8.800000e+00 6.200000e-01 6.330849e-01 -1.490101e-03 1.110574e+00 -4.270574e-04
8.850000e+00 6.200000e-01 6.331129e-01 9.918951e-04 1.110869e+00 -5.655577e-04
8.900000e+00 6.200000e-01 6.331415e-01 -3.672514e-05 1.111009e+00 -6.910432e-04
8.950000e+00 6.200000e-01 6.331820e-01 -3.943280e-04 1.111343e+00 -9.166420e-04
9.000000e+00 6.200000e-01 6.332331e-01 -5.977935e-04 1.111665e+00 -1.214343e-03
9.050000e+00 6.200000e-01 6.333034e-01 2.575550e-03 1.112278e+00 -1.484418e-03
9.100000e+00 6.200000e-01 6.333816e-01 -3.310881e-03 1.112683e+00 -1.966338e-03
9.150000e+00 6.200000e-01 6.335001e-01 1.050817e-03 1.113697e+00 -2.597055e-03
9.200000e+00 6.200000e-01 6.336413e-01 2.361366e-03 1.114641e+00 -3.220913e-03
9.250000e+00 6.200000e-01 6.338222e-01 -1.923059e-03 1.115982e+00 -4.176790e-03
9.300000e+00 6.200000e-01 6.340589e-01 -3.809588e-03 1.117591e+00 -5.571418e-03
9.350000e+00 6.200000e-01 6.343793e-01 7.611383e-03 1.120133e+00 -7.019284e-03
9.400000e+00 6.200000e-01 6.347609e-01 -1.286558e-03 1.122661e+00 -8.935136e-03
9.450000e+00 6.200000e-01 6.352728e-01 -8.538932e-03 1.126427e+00 -1.188946e-02
9.500000e+00 6.200000e-01 6.359498e-01 4.067910e-03 1.131239e+00 -1.543850e-02
9.550000e+00 6.200000e-01 6.368167e-01 1.306679e-02 1.137629e+00 -1.955551e-02
9.600000e+00 6.200000e-01 6.379054e-01 -1.253159e-02 1.145082e+00 -2.559836e-02
9.650000e+00 6.200000e-01 6.393765e-01 -1.343523e-02 1.155551e+00 -3.410443e-02
9.700000e+00 6.200000e-01 6.413158e-01 1.841365e-02 1.169031e+00 -4.446600e-02
9.750000e+00 6.200000e-01 6.438231e-01 1.667731e-02 1.186684e+00 -5.792466e-02
9.800000e+00 6.200000e-01 6.471083e-01 -2.435039e-02 1.209029e+00 -7.735995e-02
9.850000e+00 6.200000e-01 6.515591e-01 -1.564527e-02 1.239323e+00 -1.042774e-01
9.900000e+00 6.200000e-01 6.575360e-01 1.616451e-02 1.280084e+00 -1.398278e-01
9.950000e+00 6.200000e-01 6.655419e-01 8.377483e-03 1.335777e+00 -1.875998e-01
1.000000e+01 6.200000e-01 6.762960e-01 1.045783e-02 0.000000e+00 0.000000e+00
0.000000e+00 6.400000e-01 7.042560e-01 1.680000e+00 0.000000e+00 0.000000e+00
5.000000e-02 6.400000e-01 7.042274e-01 1.301010e+00 1.392380e+00 -9.171194e-03
1.000000e-01 6.400000e-01 7.051731e-01 2.578189e+00 1.381335e+00 -1.069023e-02
1.500000e-01 6.400000e-01 7.052964e-01 2.943165e+00 1.345518e+00 2.031921e-02
2.000000e-01 6.400000e-01 7.031412e-01 -3.677447e-02 1.370045e+00 2.693788e-02
2.500000e-01 6.400000e-01 7.026026e-01 -6.093545e-01 1.436390e+00 -2.698512e-02
3.000000e-01 6.400000e-01 7.058397e-01 3.914525e+00 1.406273e+00 -4.628750e-02
3.500000e-01 6.400000e-01 7.072313e-01 5.318173e+00 1.305805e+00 2.586113e-02
4.000000e-01 6.400000e-01 7.032536e-01 -5.126549e-01 1.324760e+00 6.449095e-02
4.500000e-01 6.400000e-01 7.007822e-01 -3.220281e+00 1.452317e+00 -1.774904e-02
5.000000e-01 6.400000e-01 7.050285e-01 3.138712e+00 1.454232e+00 -8.216655e-02
5.500000e-01 6.400000e-01 7.089989e-01 7.778728e+00 1.306583e+00 -2.746562e-03
6.000000e-01 6.400000e-01 7.053032e-01 1.961417e+00 1.258104e+00 9.129149e-02
6.500000e-01 6.400000e-01 6.998698e-01 -4.867250e+00 1.403616e+00 3.123813e-02
7.000000e-01 6.400000e-01 7.021793e-01 -5.072995e-01 1.492715e+00 -8.482818e-02
7.500000e-01 6.400000e-01 7.083526e-01 7.648247e+00 1.373341e+00 -5.840213e-02
8.000000e-01 6.400000e-01 7.080196e-01 6.494881e+00 1.236889e+00 6.940353e-02
8.500000e-01 6.400000e-01 7.014122e-01 -2.286772e+00 1.300804e+00 8.917328e-02
9.000000e-01 6.400000e-01 6.991022e-01 -4.250424e+00 1.453424e+00 -2.658881e-02
9.500000e-01 6.400000e-01 7.040711e-01 3.139047e+00 1.451497e+00 -8.665843e-02
1.000000e+00 6.400000e-01 7.077681e-01 8.074304e+00 1.312419e+00 -1.434315e-03
1.050000e+00 6.400000e-01 7.042145e-01 3.757233e+00 1.247091e+00 9.116374e-02
1.100000e+00 6.400000e-01 6.986517e-01 -2.799837e+00 1.338510e+00 5.548279e-02
1.150000e+00 6.400000e-01 6.986663e-01 -1.928082e+00 1.434364e+00 -4.023885e-02
1.200000e+00 6.400000e-01 7.026756e-01 3.870377e+00 1.403175e+00 -5.111295e-02
1.250000e+00 6.400000e-01 7.037775e-01 6.171449e+00 1.306249e+00 2.697954e-02
1.300000e+00 6.400000e-01 6.999776e-01 2.665777e+00 1.274766e+00 7.747641e-02
1.350000e+00 6.400000e-01 6.960299e-01 -1.206267e+00 1.331386e+00 4.027603e-02
1.400000e+00 6.400000e-01 6.959500e-01 -6.124107e-01 1.383776e+00 -1.922655e-02
1.450000e+00 6.400000e-01 6.979526e-01 2.592479e+00 1.367364e+00 -2.053845e-02
1.500000e+00 6.400000e-01 6.980039e-01 4.068331e+00 1.312708e+00 2.809940e-02
1.550000e+00 6.400000e-01 6.951426e-01 2.589988e+00 1.282928e+00 6.120244e-02
1.600000e+00 6.400000e-01 6.918836e-01 4.592440e-01 1.296478e+00 4.621670e-02
1.650000e+00 6.400000e-01 6.905209e-01 3.773886e-02 1.320587e+00 1.253171e-02
1.700000e+00 6.400000e-01 6.906305e-01 1.183416e+00 1.321319e+00 2.701876e-03
1.750000e+00 6.400000e-01 6.902508e-01 2.258059e+00 1.297294e+00 2.342996e-02
1.800000e+00 6.400000e-01 6.882875e-01 2.252539e+00 1.269027e+00 4.928535e-02
1.850000e+00 6.400000e-01 6.853222e-01 1.463764e+00 1.253030e+00 5.685152e-02
1.900000e+00 6.400000e-01 6.826023e-01 7.550501e-01 1.249701e+00 4.571709e-02
1.950000e+00 6.400000e-01 6.807505e-01 6.141009e-01 1.249193e+00 3.165942e-02
2.000000e+00 6.400000e-01 6.794364e-01 9.071422e-01 1.242793e+00 2.826639e-02
2.050000e+00 6.400000e-01 6.779239e-01 1.241675e+00 1.228332e+00 3.718542e-02
2.100000e+00 6.400000e-01 6.757178e-01 1.353293e+00 1.208622e+00 5.115955e-02
2.150000e+00 6.400000e-01 6.728079e-01 1.213050e+00 1.187736e+00 6.186831e-02
2.200000e+00 6.400000e-01 6.695310e-01 9.312707e-01 1.168666e+00 6.500168e-02
2.250000e+00 6.400000e-01 6.663078e-01 6.316116e-01 1.152814e+00 6.075964e-02
2.300000e+00 6.400000e-01 6.634550e-01 3.872906e-01 1.140423e+00 5.181592e-02
2.350000e+00 6.400000e-01 6.611262e-01 2.184745e-01 1.131143e+00 4.116854e-02
2.400000e+00 6.400000e-01 6.593382e-01 1.148844e-01 1.124415e+00 3.098412e-02
2.450000e+00 6.400000e-01 6.580278e-01 5.687525e-02 1.119665e+00 2.237833e-02
2.500000e+00 6.400000e-01 6.571003e-01 2.670658e-02 1.116388e+00 1.566759e-02
2.550000e+00 6.400000e-01 6.564610e-01 1.196168e-02 1.114171e+00 1.071551e-02
2.600000e+00 6.400000e-01 6.560288e-01 5.133209e-03 1.112698e+00 7.200936e-03
2.650000e+00 6.400000e-01 6.557409e-01 2.119363e-03 1.111734e+00 4.775304e-03
2.700000e+00 6.400000e-01 6.555513e-01 8.463600e-04 1.111110e+00 3.134710e-03
2.750000e+00 6.400000e-01 6.554274e-01 3.302857e-04 1.110711e+00 2.041344e-03
2.800000e+00 6.400000e-01 6.553471e-01 1.291012e-04 1.110458e+00 1.320625e-03
2.850000e+00 6.400000e-01 6.552954e-01 5.362067e-05 1.110299e+00 8.495122e-04
2.900000e+00 6.400000e-01 6.552622e-01 2.638665e-05 1.110199e+00 5.436080e-04
2.950000e+00 6.400000e-01 6.552410e-01 1.697161e-05 1.110138e+00 3.460882e-04
3.000000e+00 6.400000e-01 6.552276e-01 1.388501e-05 1.110100e+00 2.191873e-04
3.050000e+00 6.400000e-01 6.552191e-01 1.295164e-05 1.110076e+00 1.380415e-04
3.100000e+00 6.400000e-01 6.552138e-01 1.271278e-05 1.110062e+00 8.639736e-05
3.150000e+00 6.400000e-01 6.552104e-01 1.268022e-05 1.110054e+00 5.368988e-05
3.200000e+00 6.400000e-01 6.552084e-01 1.269916e-05 1.110049e+00 3.308479e-05
3.250000e+00 6.400000e-01 6.552071e-01 1.272447e-05 1.110046e+00 2.018017e-05
3.300000e+00 6.400000e-01 6.552064e-01 1.274520e-05 1.110044e+00 1.215244e-05
3.350000e+00 6.400000e-01 6.552059e-01 1.276016e-05 1.110043e+00 7.197855e-06
3.400000e+00 6.400000e-01 6.552057e-01 1.277046e-05 1.110043e+00 4.168971e-06
3.450000e+00 6.400000e-01 6.552055e-01 1.277741e-05 1.110043e+00 2.339124e-06
3.500000e+00 6.400000e-01 6.552054e-01 1.278205e-05 1.110042e+00 1.250335e-06
3.550000e+00 6.400000e-01 6.552054e-01 1.278513e-05 1.110042e+00 6.155117e-07
3.600000e+00 6.400000e-01 6.552054e-01 1.278717e-05 1.110042e+00 2.557696e-07
3.650000e+00 6.400000e-01 6.552054e-01 1.278852e-05 1.110042e+00 6.042447e-08
3.700000e+00 6.400000e-01 6.552054e-01 1.278940e-05 1.110042e+00 -3.844554e-08
3.750000e+00 6.400000e-01 6.552054e-01 1.278997e-05 1.110042e+00 -8.210598e-08
3.800000e+00 6.400000e-01 6.552054e-01 1.279035e-05 1.110042e+00 -9.531566e-08
3.850000e+00 6.400000e-01 6.552054e-01 1.279059e-05 1.110042e+00 -9.269058e-08
3.900000e+00 6.400000e-01 6.552054e-01 1.279074e-05 1.110042e+00 -8.267175e-08
3.950000e+00 6.400000e-01 6.552054e-01 1.279083e-05 1.110042e+00 -6.998313e-08
4.000000e+00 6.400000e-01 6.552054e-01 1.279089e-05 1.110042e+00 -5.714323e-08
4.050000e+00 6.400000e-01 6.552054e-01 1.279092e-05 1.110042e+00 -4.538661e-08
4.100000e+00 6.400000e-01 6.552054e-01 1.279094e-05 1.110042e+00 -3.522001e-08
4.150000e+00 6.400000e-01 6.552054e-01 1.279095e-05 1.110042e+00 -2.675349e-08
4.200000e+00 6.400000e-01 6.552054e-01 1.279096e-05 1.110042e+00 -1.989458e-08
4.250000e+00 6.400000e-01 6.552054e-01 1.279096e-05 1.110042e+00 -1.445946e-08
4.300000e+00 6.400000e-01 6.552054e-01 1.279096e-05 1.110042e+00 -1.023470e-08
4.350000e+00 6.400000e-01 6.552054e-01 1.279096e-05 1.110042e+00 -7.009786e-09
4.400000e+00 6.400000e-01 6.552054e-01 1.279095e-05 1.110042e+00 -4.592959e-09
4.450000e+00 6.400000e-01 6.552054e-01 1.279095e-05 1.110042e+00 -2.817460e-09
4.500000e+00 6.400000e-01 6.552054e-01 1.279095e-05 1.110042e+00 -1.542683e-09
4.550000e+00 6.400000e-01 6.552054e-01 1.279095e-05 1.110042e+00 -6.527145e-10
4.600000e+00 6.400000e-01 6.552054e-01 1.279095e-05 1.110042e+00 -5.369927e-11
4.650000e+00 6.400000e-01 6.552054e-01 1.279095e-05 1.110042e+00 3.292011e-10
4.700000e+00 6.400000e-01 6.552054e-01 1.279095e-05 1.110042e+00 5.548106e-10
4.750000e+00 6.400000e-01 6.552054e-01 1.279094e-05 1.110042e+00 6.687173e-10
4.800000e+00 6.400000e-01 6.552054e-01 1.279094e-05 1.110042e+00 7.057244e-10
4.850000e+00 6.400000e-01 6.552054e-01 1.279094e-05 1.110042e+00 6.919587e-10
4.900000e+00 6.400000e-01 6.552054e-01 1.279094e-05 1.110042e+00 6.466794e-10
4.950000e+00 6.400000e-01 6.552054e-01 1.279094e-05 1.110042e+00 5.837564e-10
5.000000e+00 6.400000e-01 6.552054e-01 1.279094e-05 1.110042e+00 5.129153e-10
5.050000e+00 6.400000e-01 6.552054e-01 1.279094e-05 1.110042e+00 4.407064e-10
5.100000e+00 6.400000e-01 6.552054e-01 1.279094e-05 1.110042e+00 3.713119e-10
5.150000e+00 6.400000e-01 6.552054e-01 1.279094e-05 1.110042e+00 3.071932e-10
5.200000e+00 6.400000e-01 6.552054e-01 1.279094e-05 1.110042e+00 2.495504e-10
5.250000e+00 6.400000e-01 6.552054e-01 1.279094e-05 1.110042e+00 1.987321e-10
5.300000e+00 6.400000e-01 6.552054e-01 1.279094e-05 1.110042e+00 1.545042e-10
5.350000e+00 6.400000e-01 6.552054e-01 1.279094e-05 1.110042e+00 1.162526e-10
5.400000e+00 6.400000e-01 6.552054e-01 1.279094e-05 1.110042e+00 8.314349e-11
5.450000e+00 6.400000e-01 6.552054e-01 1.279094e-05 1.110042e+00 5.421330e-11
5.500000e+00 6.400000e-01 6.552054e-01 1.279094e-05 1.110042e+00 2.843392e-11
5.550000e+00 6.400000e-01 6.552054e-01 1.279094e-05 1.110042e+00 4.743983e-12
5.600000e+00 6.400000e-01 6.552054e-01 1.279094e-05 1.110042e+00 -1.794564e-11
5.650000e+00 6.400000e-01 6.552054e-01 1.279094e-05 1.110042e+00 -4.076184e-11
5.700000e+00 6.400000e-01 6.552054e-01 1.279094e-05 1.110042e+00 -6.489809e-11
5.750000e+00 6.400000e-01 6.552054e-01 1.279094e-05 1.110042e+00 -9.167112e-11
5.800000e+00 6.400000e-01 6.552054e-01 1.279094e-05 1.110042e+00 -1.225675e-10
5.850000e+00 6.400000e-01 6.552054e-01 1.279094e-05 1.110042e+00 -1.593314e-10
5.900000e+00 6.400000e-01 6.552054e-01 1.279094e-05 1.110042e+00 -2.040734e-10
5.950000e+00 6.400000e-01 6.552054e-01 1.279094e-05 1.110042e+00 -2.594025e-10
6.000000e+00 6.400000e-01 6.552054e-01 1.279094e-05 1.110042e+00 -3.285749e-10
6.050000e+00 6.400000e-01 6.552054e-01 1.279094e-05 1.110042e+00 -4.157219e-10
6.100000e+00 6.400000e-01 6.552054e-01 1.279094e-05 1.110042e+00 -5.261391e-10
6.150000e+00 6.400000e-01 6.552054e-01 1.279094e-05 1.110042e+00 -6.666045e-10
6.200000e+00 6.400000e-01 6.552054e-01 1.279094e-05 1.110042e+00 -8.458434e-10
6.250000e+00 6.400000e-01 6.552054e-01 1.279094e-05 1.110042e+00 -1.075116e-09
6.300000e+00 6.400000e-01 6.552054e-01 1.279094e-05 1.110042e+00 -1.368975e-09
6.350000e+00 6.400000e-01 6.552054e-01 1.279094e-05 1.110042e+00 -1.746236e-09
6.400000e+00 6.400000e-01 6.552054e-01 1.279094e-05 1.110042e+00 -2.231237e-09
6.450000e+00 6.400000e-01 6.552054e-01 1.279094e-05 1.110042e+00 -2.855480e-09
6.500000e+00 6.400000e-01 6.552054e-01 1.279094e-05 1.110042e+00 -3.659758e-09
6.550000e+00 6.400000e-01 6.552054e-01 1.279094e-05 1.110042e+00 -4.696892e-09
6.600000e+00 6.400000e-01 6.552054e-01 1.279094e-05 1.110042e+00 -6.035298e-09
6.650000e+00 6.400000e-01 6.552054e-01 1.279094e-05 1.110042e+00 -7.763622e-09
6.700000e+00 6.400000e-01 6.552054e-01 1.279094e-05 1.110042e+00 -9.996681e-09
6.750000e+00 6.400000e-01 6.552054e-01 1.279095e-05 1.110042e+00 -1.288323e-08
6.800000e+00 6.400000e-01 6.552054e-01 1.279095e-05 1.110042e+00 -1.661601e-08
6.850000e+00 6.400000e-01 6.552054e-01 1.279095e-05 1.110042e+00 -2.144473e-08
6.900000e+00 6.400000e-01 6.552054e-01 1.279095e-05 1.110042e+00 -2.769292e-08
6.950000e+00 6.400000e-01 6.552054e-01 1.279095e-05 1.110042e+00 -3.577969e-08
7.000000e+00 6.400000e-01 6.552054e-01 1.279095e-05 1.110042e+00 -4.624801e-08
7.050000e+00 6.400000e-01 6.552054e-01 1.279095e-05 1.110042e+00 -5.980119e-08
7.100000e+00 6.400000e-01 6.552054e-01 1.279096e-05 1.110042e+00 -7.735023e-08
7.150000e+00 6.400000e-01 6.552054e-01 1.279096e-05 1.110042e+00 -1.000749e-07
7.200000e+00 6.400000e-01 6.552054e-01 1.279097e-05 1.110042e+00 -1.295033e-07
7.250000e+00 6.400000e-01 6.552054e-01 1.279098e-05 1.110043e+00 -1.676134e-07
7.300000e+00 6.400000e-01 6.552054e-01 1.279096e-05 1.110043e+00 -2.169680e-07
7.350000e+00 6.400000e-01 6.552054e-01 1.279108e-05 1.110043e+00 -2.808778e-07
7.400000e+00 6.400000e-01 6.552055e-01 1.279074e-05 1.110043e+00 -3.636517e-07
7.450000e+00 6.400000e-01 6.552055e-01 1.279194e-05 1.110043e+00 -4.707887e-07
7.500000e+00 6.400000e-01 6.552055e-01 1.278822e-05 1.110043e+00 -6.096485e-07
7.550000e+00 6.400000e-01 6.552055e-01 1.279977e-05 1.110043e+00 -7.890086e-07
7.600000e+00 6.400000e-01 6.552056e-01 1.276565e-05 1.110043e+00 -1.022415e-06
7.650000e+00 6.400000e-01 6.552056e-01 1.286361e-05 1.110044e+00 -1.321161e-06
7.700000e+00 6.400000e-01 6.552057e-01 1.259320e-05 1.110044e+00 -1.716907e-06
7.750000e+00 6.400000e-01 6.552058e-01 1.331311e-05 1.110045e+00 -2.205614e-06
7.800000e+00 6.400000e-01 6.552059e-01 1.147124e-05 1.110045e+00 -2.896032e-06
7.850000e+00 6.400000e-01 6.552061e-01 1.599677e-05 1.110047e+00 -3.651645e-06
7.900000e+00 6.400000e-01 6.552063e-01 5.344266e-06 1.110047e+00 -4.940929e-06
7.950000e+00 6.400000e-01 6.552066e-01 2.931927e-05 1.110050e+00 -5.935724e-06
8.000000e+00 6.400000e-01 6.552069e-01 -2.213359e-05 1.110050e+00 -8.600349e-06
8.050000e+00 6.400000e-01 6.552075e-01 8.285277e-05 1.110056e+00 -9.377602e-06
8.100000e+00 6.400000e-01 6.552078e-01 -1.200796e-04 1.110053e+00 -1.524001e-05
8.150000e+00 6.400000e-01 6.552090e-01 2.499232e-04 1.110070e+00 -1.456093e-05
8.200000e+00 6.400000e-01 6.552093e-01 -3.830537e-04 1.110054e+00 -2.666811e-05
8.250000e+00 6.400000e-01 6.552116e-01 6.262864e-04 1.110095e+00 -2.367677e-05
8.300000e+00 6.400000e-01 6.552117e-01 -8.613448e-04 1.110055e+00 -4.372783e-05
8.350000e+00 6.400000e-01 6.552160e-01 1.143195e-03 1.110135e+00 -4.316822e-05
8.400000e+00 6.400000e-01 6.552160e-01 -1.290972e-03 1.110068e+00 -6.582745e-05
8.450000e+00 6.400000e-01 6.552226e-01 1.323958e-03 1.110180e+00 -8.223845e-05
8.500000e+00 6.400000e-01 6.552242e-01 -1.111235e-03 1.110119e+00 -1.001188e-04
8.550000e+00 6.400000e-01 6.552326e-01 8.528146e-04 1.110230e+00 -1.408010e-04
8.600000e+00 6.400000e-01 6.552383e-01 -6.927042e-04 1.110209e+00 -1.752184e-04
8.650000e+00 6.400000e-01 6.552501e-01 1.023790e-03 1.110337e+00 -2.151581e-04
8.700000e+00 6.400000e-01 6.552598e-01 -1.825993e-03 1.110310e+00 -3.120819e-04
8.750000e+00 6.400000e-01 6.552813e-01 2.823744e-03 1.110560e+00 -3.582448e-04
8.800000e+00 6.400000e-01 6.552956e-01 -3.132230e-03 1.110487e+00 -4.866758e-04
8.850000e+00 6.400000e-01 6.553300e-01 2.268927e-03 1.110845e+00 -6.509874e-04
8.900000e+00 6.400000e-01 6.553607e-01 -6.057925e-04 1.110905e+00 -7.808466e-04
8.950000e+00 6.400000e-01 6.554081e-01 -4.734247e-05 1.111268e+00 -1.042306e-03
9.000000e+00 6.400000e-01 6.554649e-01 -1.739698e-03 1.111499e+00 -1.398386e-03
9.050000e+00 6.400000e-01 6.555479e-01 5.153009e-03 1.112172e+00 -1.677161e-03
9.100000e+00 6.400000e-01 6.556327e-01 -6.356244e-03 1.112402e+00 -2.239290e-03
9.150000e+00 6.400000e-01 6.557719e-01 2.696707e-03 1.113475e+00 -2.978575e-03
9.200000e+00 6.400000e-01 6.559305e-01 2.661377e-03 1.114248e+00 -3.659558e-03
9.250000e+00 6.400000e-01 6.561378e-01 -1.771306e-03 1.115571e+00 -4.740932e-03
9.300000e+00 6.400000e-01 6.564046e-01 -7.061195e-03 1.116921e+00 -6.377340e-03
9.350000e+00 6.400000e-01 6.567756e-01 1.260684e-02 1.119455e+00 -7.996463e-03
9.400000e+00 6.400000e-01 6.572043e-01 -3.241414e-03 1.121599e+00 -1.014129e-02
9.450000e+00 6.400000e-01 6.577897e-01 -1.032215e-02 1.125202e+00 -1.353919e-02
9.500000e+00 6.400000e-01 6.585582e-01 3.573575e-03 1.129462e+00 -1.759687e-02
9.550000e+00 6.400000e-01 6.595494e-01 1.895813e-02 1.135520e+00 -2.221212e-02
9.600000e+00 6.400000e-01 6.607794e-01 -1.656980e-02 1.142128e+00 -2.902579e-02
9.650000e+00 6.400000e-01 6.624519e-01 -1.587185e-02 1.151795e+00 -3.867418e-02
9.700000e+00 6.400000e-01 6.646468e-01 1.841052e-02 1.163727e+00 -5.040420e-02
9.750000e+00 6.400000e-01 6.674924e-01 2.321244e-02 1.179840e+00 -6.554207e-02
9.800000e+00 6.400000e-01 6.712010e-01 -2.499585e-02 1.199664e+00 -8.733055e-02
9.850000e+00 6.400000e-01 6.762254e-01 -2.031579e-02 1.226575e+00 -1.177067e-01
9.900000e+00 6.400000e-01 6.829717e-01 1.348051e-02 1.262340e+00 -1.581074e-01
9.950000e+00 6.400000e-01 6.920362e-01 1.026369e-02 1.312001e+00 -2.128432e-01
1.000000e+01 6.400000e-01 7.042560e-01 1.110779e-02 0.000000e+00 0.000000e+00
0.000000e+00 6.600000e-01 7.315440e-01 1.920000e+00 0.000000e+00 0.000000e+00
5.000000e-02 6.600000e-01 7.317087e-01 1.957106e+00 1.351611e+00 -7.719567e-03
1.000000e-01 6.600000e-01 7.323160e-01 2.780687e+00 1.334057e+00 -1.771614e-03
1.500000e-01 6.600000e-01 7.318859e-01 1.872029e+00 1.318144e+00 1.818513e-02
2.000000e-01 6.600000e-01 7.304974e-01 1.326549e-01 1.357980e+00 8.697489e-03
2.500000e-01 6.600000e-01 7.310161e-01 1.774857e+00 1.390224e+00 -2.697570e-02
3.000000e-01 6.600000e-01 7.331950e-01 4.550044e+00 1.332549e+00 -1.856857e-02
3.500000e-01 6.600000e-01 7.328730e-01 2.564604e+00 1.275450e+00 3.253695e-02
4.000000e-01 6.600000e-01 7.299413e-01 -1.540689e+00 1.339910e+00 3.096457e-02
4.500000e-01 6.600000e-01 7.297765e-01 2.712047e-01 1.422111e+00 -3.288265e-02
5.000000e-01 6.600000e-01 7.332296e-01 5.453753e+00 1.361028e+00 -4.504869e-02
5.500000e-01 6.600000e-01 7.342814e-01 4.679058e+00 1.247151e+00 2.665742e-02
6.000000e-01 6.600000e-01 7.305638e-01 -1.576470e+00 1.280999e+00 5.996230e-02
6.500000e-01 6.600000e-01 7.282852e-01 -2.491784e+00 1.413969e+00 -9.029144e-03
7.000000e-01 6.600000e-01 7.314668e-01 3.868448e+00 1.414086e+00 -6.399212e-02
7.500000e-01 6.600000e-01 7.346844e-01 6.925841e+00 1.275126e+00 -8.105003e-03
8.000000e-01 6.600000e-01 7.322773e-01 1.614425e+00 1.219280e+00 6.892574e-02
8.500000e-01 6.600000e-01 7.277918e-01 -3.713863e+00 1.336181e+00 4.053864e-02
9.000000e-01 6.600000e-01 7.282234e-01 -3.715178e-01 1.431300e+00 -4.474575e-02
9.500000e-01 6.600000e-01 7.322664e-01 5.972621e+00 1.356995e+00 -4.802920e-02
1.000000e+00 6.600000e-01 7.330263e-01 5.876276e+00 1.233599e+00 3.388861e-02
1.050000e+00 6.600000e-01 7.288775e-01 -1.180079e-01 1.241489e+00 7.388855e-02
1.100000e+00 6.600000e-01 7.256375e-01 -2.913527e+00 1.355077e+00 1.672968e-02
1.150000e+00 6.600000e-01 7.272045e-01 1.151892e+00 1.399036e+00 -4.371834e-02
1.200000e+00 6.600000e-01 7.300093e-01 5.621052e+00 1.322273e+00 -1.928639e-02
1.250000e+00 6.600000e-01 7.291332e-01 4.754345e+00 1.240626e+00 4.856715e-02
1.300000e+00 6.600000e-01 7.251526e-01 4.331152e-01 1.255784e+00 6.489399e-02
1.350000e+00 6.600000e-01 7.226438e-01 -1.358623e+00 1.328611e+00 1.691589e-02
1.400000e+00 6.600000e-01 7.234610e-01 1.069373e+00 1.355588e+00 -2.183969e-02
1.450000e+00 6.600000e-01 7.248278e-01 3.941636e+00 1.311586e+00 -2.379584e-03
1.500000e+00 6.600000e-01 7.236989e-01 3.965205e+00 1.257360e+00 4.413739e-02
1.550000e+00 6.600000e-01 7.204140e-01 1.733191e+00 1.249042e+00 6.076227e-02
1.600000e+00 6.600000e-01 7.176227e-01 9.813847e-02 1.278955e+00 3.638173e-02
1.650000e+00 6.600000e-01 7.167758e-01 5.305482e-01 1.301147e+00 8.204446e-03
1.700000e+00 6.600000e-01 7.168023e-01 1.970362e+00 1.290214e+00 9.236856e-03
1.750000e+00 6.600000e-01 7.158522e-01 2.741820e+00 1.258943e+00 3.479136e-02
1.800000e+00 6.600000e-01 7.133231e-01 2.315595e+00 1.233274e+00 5.745252e-02
1.850000e+00 6.600000e-01 7.101069e-01 1.357404e+00 1.225441e+00 5.931107e-02
1.900000e+00 6.600000e-01 7.073920e-01 7.484343e-01 1.228894e+00 4.546165e-02
1.950000e+00 6.600000e-01 7.055607e-01 7.848636e-01 1.230445e+00 3.281722e-02
2.000000e+00 6.600000e-01 7.041103e-01 1.175186e+00 1.222556e+00 3.272830e-02
2.050000e+00 6.600000e-01 7.022879e-01 1.499035e+00 1.205990e+00 4.432472e-02
2.100000e+00 6.600000e-01 6.996778e-01 1.541731e+00 1.185678e+00 5.928092e-02
2.150000e+00 6.600000e-01 6.963598e-01 1.327155e+00 1.166240e+00 6.950869e-02
2.200000e+00 6.600000e-01 6.927270e-01 9.909976e-01 1.150132e+00 7.139977e-02
2.250000e+00 6.600000e-01 6.892198e-01 6.594874e-01 1.137883e+00 6.574213e-02
2.300000e+00 6.600000e-01 6.861528e-01 3.991987e-01 1.129019e+00 5.552238e-02
2.350000e+00 6.600000e-01 6.836676e-01 2.232507e-01 1.122781e+00 4.384243e-02
2.400000e+00 6.600000e-01 6.817685e-01 1.167327e-01 1.118468e+00 3.286844e-02
2.450000e+00 6.600000e-01 6.803808e-01 5.758650e-02 1.115532e+00 2.367937e-02
2.500000e+00 6.600000e-01 6.794006e-01 2.698861e-02 1.113564e+00 1.654896e-02
2.550000e+00 6.600000e-01 6.787259e-01 1.208284e-02 1.112267e+00 1.130202e-02
2.600000e+00 6.600000e-01 6.782704e-01 5.194288e-03 1.111427e+00 7.584916e-03
2.650000e+00 6.600000e-01 6.779674e-01 2.158725e-03 1.110892e+00 5.023066e-03
2.700000e+00 6.600000e-01 6.777681e-01 8.788053e-04 1.110556e+00 3.292561e-03
2.750000e+00 6.600000e-01 6.776381e-01 3.614144e-04 1.110348e+00 2.140805e-03
2.800000e+00 6.600000e-01 6.775540e-01 1.608336e-04 1.110222e+00 1.382683e-03
2.850000e+00 6.600000e-01 6.774998e-01 8.642460e-05 1.110146e+00 8.878826e-04
2.900000e+00 6.600000e-01 6.774652e-01 6.020320e-05 1.110100e+00 5.671234e-04
2.950000e+00 6.600000e-01 6.774431e-01 5.159371e-05 1.110074e+00 3.603675e-04
3.000000e+00 6.600000e-01 6.774292e-01 4.910013e-05 1.110059e+00 2.277704e-04
3.050000e+00 6.600000e-01 6.774204e-01 4.858583e-05 1.110050e+00 1.431403e-04
3.100000e+00 6.600000e-01 6.774148e-01 4.863632e-05 1.110046e+00 8.938354e-05
3.150000e+00 6.600000e-01 6.774114e-01 4.880084e-05 1.110043e+00 5.540813e-05
3.200000e+00 6.600000e-01 6.774093e-01 4.895291e-05 1.110042e+00 3.405119e-05
3.250000e+00 6.600000e-01 6.774080e-01 4.906768e-05 1.110041e+00 2.070738e-05
3.300000e+00 6.600000e-01 6.774072e-01 4.914831e-05 1.110041e+00 1.242793e-05
3.350000e+00 6.600000e-01 6.774068e-01 4.920327e-05 1.110041e+00 7.332641e-06
3.400000e+00 6.600000e-01 6.774065e-01 4.924022e-05 1.110041e+00 4.227782e-06
3.450000e+00 6.600000e-01 6.774063e-01 4.926487e-05 1.110042e+00 2.358934e-06
3.500000e+00 6.600000e-01 6.774063e-01 4.928126e-05 1.110042e+00 1.251702e-06
3.550000e+00 6.600000e-01 6.774062e-01 4.929212e-05 1.110042e+00 6.094309e-07
3.600000e+00 6.600000e-01 6.774062e-01 4.929928e-05 1.110042e+00 2.477911e-07
3.650000e+00 6.600000e-01 6.774062e-01 4.930399e-05 1.110042e+00 5.308372e-08
3.700000e+00 6.600000e-01 6.774062e-01 4.930708e-05 1.110042e+00 -4.421308e-08
3.750000e+00 6.600000e-01 6.774062e-01 4.930909e-05 1.110042e+00 -8.616006e-08
3.800000e+00 6.600000e-01 6.774062e-01 4.931039e-05 1.110042e+00 -9.786743e-08
3.850000e+00 6.600000e-01 6.774062e-01 4.931122e-05 1.110042e+00 -9.406855e-08
3.900000e+00 6.600000e-01 6.774062e-01 4.931174e-05 1.110042e+00 -8.320687e-08
3.950000e+00 6.600000e-01 6.774062e-01 4.931207e-05 1.110042e+00 -6.995953e-08
4.000000e+00 6.600000e-01 6.774062e-01 4.931227e-05 1.110042e+00 -5.678332e-08
4.050000e+00 6.600000e-01 6.774062e-01 4.931239e-05 1.110042e+00 -4.485301e-08
4.100000e+00 6.600000e-01 6.774062e-01 4.931246e-05 1.110042e+00 -3.462440e-08
4.150000e+00 6.600000e-01 6.774062e-01 4.931249e-05 1.110042e+00 -2.616753e-08
4.200000e+00 6.600000e-01 6.774062e-01 4.931250e-05 1.110042e+00 -1.936016e-08
4.250000e+00 6.600000e-01 6.774062e-01 4.931251e-05 1.110042e+00 -1.399746e-08
4.300000e+00 6.600000e-01 6.774062e-01 4.931250e-05 1.110042e+00 -9.851922e-09
4.350000e+00 6.600000e-01 6.774062e-01 4.931250e-05 1.110042e+00 -6.704203e-09
4.400000e+00 6.600000e-01 6.774062e-01 4.931249e-05 1.110042e+00 -4.357460e-09
4.450000e+00 6.600000e-01 6.774062e-01 4.931249e-05 1.110042e+00 -2.642482e-09
4.500000e+00 6.600000e-01 6.774062e-01 4.931248e-05 1.110042e+00 -1.417927e-09
4.550000e+00 6.600000e-01 6.774062e-01 4.931247e-05 1.110042e+00 -5.682221e-10
4.600000e+00 6.600000e-01 6.774062e-01 4.931247e-05 1.110042e+00 -4.485301e-13
4.650000e+00 6.600000e-01 6.774062e-01 4.931247e-05 1.110042e+00 3.589984e-10
4.700000e+00 6.600000e-01 6.774062e-01 4.931246e-05 1.110042e+00 5.676315e-10
4.750000e+00 6.600000e-01 6.774062e-01 4.931246e-05 1.110042e+00 6.697776e-10
4.800000e+00 6.600000e-01 6.774062e-01 4.931246e-05 1.110042e+00 6.990908e-10
4.850000e+00 6.600000e-01 6.774062e-01 4.931246e-05 1.110042e+00 6.807122e-10
4.900000e+00 6.600000e-01 6.774062e-01 4.931246e-05 1.110042e+00 6.330703e-10
4.950000e+00 6.600000e-01 6.774062e-01 4.931245e-05 1.110042e+00 5.693701e-10
5.000000e+00 6.600000e-01 6.774062e-01 4.931245e-05 1.110042e+00 4.988154e-10
5.050000e+00 6.600000e-01 6.774062e-01 4.931245e-05 1.110042e+00 4.275547e-10
5.100000e+00 6.600000e-01 6.774062e-01 4.931245e-05 1.110042e+00 3.594658e-10
5.150000e+00 6.600000e-01 6.774062e-01 4.931245e-05 1.110042e+00 2.968037e-10
5.200000e+00 6.600000e-01 6.774062e-01 4.931245e-05 1.110042e+00 2.406197e-10
5.250000e+00 6.600000e-01 6.774062e-01 4.931245e-05 1.110042e+00 1.911582e-10
5.300000e+00 6.600000e-01 6.774062e-01 4.931245e-05 1.110042e+00 1.481337e-10
5.350000e+00 6.600000e-01 6.774062e-01 4.931245e-05 1.110042e+00 1.108869e-10
5.400000e+00 6.600000e-01 6.774062e-01 4.931245e-05 1.110042e+00 7.856493e-11
5.450000e+00 6.600000e-01 6.774062e-01 4.931245e-05 1.110042e+00 5.019651e-11
5.500000e+00 6.600000e-01 6.774062e-01 4.931245e-05 1.110042e+00 2.473799e-11
5.550000e+00 6.600000e-01 6.774062e-01 4.931245e-05 1.110042e+00 1.120215e-12
5.600000e+00 6.600000e-01 6.774062e-01 4.931245e-05 1.110042e+00 -2.176481e-11
5.650000e+00 6.600000e-01 6.774062e-01 4.931245e-05 1.110042e+00 -4.507617e-11
5.700000e+00 6.600000e-01 6.774062e-01 4.931245e-05 1.110042e+00 -7.005507e-11
5.750000e+00 6.600000e-01 6.774062e-01 4.931245e-05 1.110042e+00 -9.808709e-11
5.800000e+00 6.600000e-01 6.774062e-01 4.931245e-05 1.110042e+00 -1.307554e-10
5.850000e+00 6.600000e-01 6.774062e-01 4.931245e-05 1.110042e+00 -1.699385e-10
5.900000e+00 6.600000e-01 6.774062e-01 4.931245e-05 1.110042e+00 -2.179201e-10
5.950000e+00 6.600000e-01 6.774062e-01 4.931245e-05 1.110042e+00 -2.775491e-10
6.000000e+00 6.600000e-01 6.774062e-01 4.931245e-05 1.110042e+00 -3.524003e-10
6.050000e+00 6.600000e-01 6.774062e-01 4.931245e-05 1.110042e+00 -4.470047e-10
6.100000e+00 6.600000e-01 6.774062e-01 4.931245e-05 1.110042e+00 -5.671930e-10
6.150000e+00 6.600000e-01 6.774062e-01 4.931245e-05 1.110042e+00 -7.204481e-10
6.200000e+00 6.600000e-01 6.774062e-01 4.931245e-05 1.110042e+00 -9.164081e-10
6.250000e+00 6.600000e-01 6.774062e-01 4.931245e-05 1.110042e+00 -1.167517e-09
6.300000e+00 6.600000e-01 6.774062e-01 4.931245e-05 1.110042e+00 -1.489870e-09
6.350000e+00 6.600000e-01 6.774062e-01 4.931245e-05 1.110042e+00 -1.904297e-09
6.400000e+00 6.600000e-01 6.774062e-01 4.931245e-05 1.110042e+00 -2.437749e-09
6.450000e+00 6.600000e-01 6.774062e-01 4.931245e-05 1.110042e+00 -3.125122e-09
6.500000e+00 6.600000e-01 6.774062e-01 4.931246e-05 1.110042e+00 -4.011621e-09
6.550000e+00 6.600000e-01 6.774062e-01 4.931246e-05 1.110042e+00 -5.155799e-09
6.600000e+00 6.600000e-01 6.774062e-01 4.931246e-05 1.110042e+00 -6.633523e-09
6.650000e+00 6.600000e-01 6.774062e-01 4.931246e-05 1.110042e+00 -8.543111e-09
6.700000e+00 6.600000e-01 6.774062e-01 4.931246e-05 1.110042e+00 -1.101194e-08
6.750000e+00 6.600000e-01 6.774062e-01 4.931246e-05 1.110042e+00 -1.420506e-08
6.800000e+00 6.600000e-01 6.774062e-01 4.931247e-05 1.110042e+00 -1.833637e-08
6.850000e+00 6.600000e-01 6.774062e-01 4.931247e-05 1.110042e+00 -2.368304e-08
6.900000e+00 6.600000e-01 6.774062e-01 4.931247e-05 1.110042e+00 -3.060422e-08
6.950000e+00 6.600000e-01 6.774062e-01 4.931248e-05 1.110042e+00 -3.956522e-08
7.000000e+00 6.600000e-01 6.774062e-01 4.931249e-05 1.110042e+00 -5.116895e-08
7.050000e+00 6.600000e-01 6.774062e-01 4.931250e-05 1.110042e+00 -6.619643e-08
7.100000e+00 6.600000e-01 6.774062e-01 4.931251e-05 1.110042e+00 -8.565943e-08
7.150000e+00 6.600000e-01 6.774063e-01 4.931253e-05 1.110042e+00 -1.108683e-07
7.200000e+00 6.600000e-01 6.774063e-01 4.931255e-05 1.110042e+00 -1.435206e-07
7.250000e+00 6.600000e-01 6.774063e-01 4.931260e-05 1.110042e+00 -1.858130e-07
7.300000e+00 6.600000e-01 6.774063e-01 4.931256e-05 1.110042e+00 -2.405945e-07
7.350000e+00 6.600000e-01 6.774063e-01 4.931289e-05 1.110042e+00 -3.115380e-07
7.400000e+00 6.600000e-01 6.774063e-01 4.931204e-05 1.110042e+00 -4.034483e-07
7.450000e+00 6.600000e-01 6.774063e-01 4.931509e-05 1.110042e+00 -5.223818e-07
7.500000e+00 6.600000e-01 6.774064e-01 4.930589e-05 1.110042e+00 -6.766819e-07
7.550000e+00 6.600000e-01 6.774064e-01 4.933430e-05 1.110043e+00 -8.756171e-07
7.600000e+00 6.600000e-01 6.774065e-01 4.925163e-05 1.110043e+00 -1.135627e-06
7.650000e+00 6.600000e-01 6.774065e-01 4.948637e-05 1.110043e+00 -1.465460e-06
7.700000e+00 6.600000e-01 6.774066e-01 4.884668e-05 1.110044e+00 -1.910363e-06
7.750000e+00 6.600000e-01 6.774067e-01 5.052934e-05 1.110044e+00 -2.440280e-06
7.800000e+00 6.600000e-01 6.774068e-01 4.627784e-05 1.110045e+00 -3.238492e-06
7.850000e+00 6.600000e-01 6.774070e-01 5.659597e-05 1.110046e+00 -4.007406e-06
7.900000e+00 6.600000e-01 6.774072e-01 3.260954e-05 1.110046e+00 -5.593547e-06
7.950000e+00 6.600000e-01 6.774076e-01 8.592826e-05 1.110049e+00 -6.382975e-06
8.000000e+00 6.600000e-01 6.774079e-01 -2.708371e-05 1.110048e+00 -9.961042e-06
8.050000e+00 6.600000e-01 6.774086e-01 2.006732e-04 1.110056e+00 -9.692386e-06
8.100000e+00 6.600000e-01 6.774088e-01 -2.341861e-04 1.110048e+00 -1.815571e-05
8.150000e+00 6.600000e-01 6.774104e-01 5.491423e-04 1.110073e+00 -1.429376e-05
8.200000e+00 6.600000e-01 6.774103e-01 -7.752034e-04 1.110043e+00 -3.230263e-05
8.250000e+00 6.600000e-01 6.774136e-01 1.312951e-03 1.110105e+00 -2.296654e-05
8.300000e+00 6.600000e-01 6.774126e-01 -1.733101e-03 1.110033e+00 -5.222533e-05
8.350000e+00 6.600000e-01 6.774189e-01 2.336029e-03 1.110152e+00 -4.488398e-05
8.400000e+00 6.600000e-01 6.774171e-01 -2.578016e-03 1.110036e+00 -7.479933e-05
8.450000e+00 6.600000e-01 6.774263e-01 2.704616e-03 1.110197e+00 -9.191058e-05
8.500000e+00 6.600000e-01 6.774263e-01 -2.282986e-03 1.110082e+00 -1.091782e-04
8.550000e+00 6.600000e-01 6.774373e-01 1.905526e-03 1.110237e+00 -1.583724e-04
8.600000e+00 6.600000e-01 6.774421e-01 -1.633049e-03 1.110167e+00 -1.962303e-04
8.650000e+00 6.600000e-01 6.774569e-01 2.365509e-03 1.110340e+00 -2.326963e-04
8.700000e+00 6.600000e-01 6.774654e-01 -3.809728e-03 1.110238e+00 -3.572136e-04
8.750000e+00 6.600000e-01 6.774926e-01 5.654576e-03 1.110571e+00 -3.902091e-04
8.800000e+00 6.600000e-01 6.775044e-01 -6.155465e-03 1.110378e+00 -5.411079e-04
8.850000e+00 6.600000e-01 6.775467e-01 4.793105e-03 1.110828e+00 -7.328547e-04
8.900000e+00 6.600000e-01 6.775777e-01 -2.083198e-03 1.110777e+00 -8.600878e-04
8.950000e+00 6.600000e-01 6.776327e-01 1.274841e-03 1.111198e+00 -1.154123e-03
9.000000e+00 6.600000e-01 6.776931e-01 -4.310497e-03 1.111294e+00 -1.576078e-03
9.050000e+00 6.600000e-01 6.777903e-01 9.881800e-03 1.112069e+00 -1.845648e-03
9.100000e+00 6.600000e-01 6.778776e-01 -1.167706e-02 1.112072e+00 -2.487673e-03
9.150000e+00 6.600000e-01 6.780391e-01 6.193459e-03 1.113243e+00 -3.335448e-03
9.200000e+00 6.600000e-01 6.782112e-01 1.594996e-03 1.113780e+00 -4.059265e-03
9.250000e+00 6.600000e-01 6.784450e-01 2.168214e-04 1.115143e+00 -5.245758e-03
9.300000e+00 6.600000e-01 6.787358e-01 -1.298055e-02 1.116140e+00 -7.124968e-03
9.350000e+00 6.600000e-01 6.791575e-01 2.055272e-02 1.118710e+00 -8.890692e-03
9.400000e+00 6.600000e-01 6.796248e-01 -7.582635e-03 1.120382e+00 -1.123378e-02
9.450000e+00 6.600000e-01 6.802809e-01 -9.635766e-03 1.123877e+00 -1.503467e-02
9.500000e+00 6.600000e-01 6.811283e-01 1.126772e-04 1.127420e+00 -1.956562e-02
9.550000e+00 6.600000e-01 6.822375e-01 2.749242e-02 1.133188e+00 -2.462197e-02
9.600000e+00 6.600000e-01 6.835905e-01 -2.256691e-02 1.138801e+00 -3.210870e-02
9.650000e+00 6.600000e-01 6.854483e-01 -1.463595e-02 1.147682e+00 -4.274392e-02
9.700000e+00 6.600000e-01 6.878649e-01 1.391709e-02 1.157779e+00 -5.568381e-02
9.750000e+00 6.600000e-01 6.910167e-01 3.058027e-02 1.172264e+00 -7.229950e-02
9.800000e+00 6.600000e-01 6.950948e-01 -2.478994e-02 1.189192e+00 -9.605411e-02
9.850000e+00 6.600000e-01 7.006221e-01 -2.052977e-02 1.212472e+00 -1.293478e-01
9.900000e+00 6.600000e-01 7.080296e-01 7.690039e-03 1.242439e+00 -1.739979e-01
9.950000e+00 6.600000e-01 7.180219e-01 1.178740e-02 1.285054e+00 -2.351437e-01
1.000000e+01 6.600000e-01 7.315440e-01 1.073433e-02 0.000000e+00 0.000000e+00
0.000000e+00 6.800000e-01 7.580640e-01 2.160000e+00 0.000000e+00 0.000000e+00
5.000000e-02 6.800000e-01 7.582918e-01 2.390294e+00 1.304877e+00 -4.713830e-03
1.000000e-01 6.800000e-01 7.585354e-01 2.486250e+00 1.290544e+00 2.696421e-03
1.500000e-01 6.800000e-01 7.580222e-01 1.457722e+00 1.293527e+00 1.074979e-02
2.000000e-01 6.800000e-01 7.574604e-01 1.401059e+00 1.326066e+00 -1.894053e-03
2.500000e-01 6.800000e-01 7.582116e-01 3.236168e+00 1.324479e+00 -1.681248e-02
3.000000e-01 6.800000e-01 7.591417e-01 3.445922e+00 1.274029e+00 -3.778630e-04
3.500000e-01 6.800000e-01 7.582493e-01 8.027756e-01 1.266707e+00 2.291636e-02
4.000000e-01 6.800000e-01 7.568500e-01 5.188300e-02 1.331559e+00 5.826691e-03
4.500000e-01 6.800000e-01 7.576667e-01 3.264289e+00 1.352073e+00 -2.619598e-02
5.000000e-01 6.800000e-01 7.594696e-01 4.805524e+00 1.277225e+00 -1.218269e-02
5.500000e-01 6.800000e-01 7.588849e-01 1.379036e+00 1.231472e+00 2.926482e-02
6.000000e-01 6.800000e-01 7.565431e-01 -1.500795e+00 1.302989e+00 2.456432e-02
6.500000e-01 6.800000e-01 7.564285e-01 1.526767e+00 1.372429e+00 -2.199664e-02
7.000000e-01 6.800000e-01 7.587428e-01 5.509429e+00 1.314202e+00 -2.929116e-02
7.500000e-01 6.800000e-01 7.593576e-01 3.725263e+00 1.218756e+00 1.952052e-02
8.000000e-01 6.800000e-01 7.567907e-01 -1.261462e+00 1.241099e+00 4.498163e-02
8.500000e-01 6.800000e-01 7.548595e-01 -1.434161e+00 1.345839e+00 4.365316e-03
9.000000e-01 6.800000e-01 7.563542e-01 3.540722e+00 1.360264e+00 -3.491435e-02
9.500000e-01 6.800000e-01 7.583509e-01 5.859063e+00 1.261913e+00 -7.578315e-03
1.000000e+00 6.800000e-01 7.571120e-01 2.254684e+00 1.199961e+00 4.476824e-02
1.050000e+00 6.800000e-01 7.538741e-01 -1.867217e+00 1.261499e+00 4.257248e-02
1.100000e+00 6.800000e-01 7.528548e-01 -4.865942e-01 1.345717e+00 -7.536282e-03
1.150000e+00 6.800000e-01 7.546277e-01 4.011197e+00 1.327793e+00 -2.711690e-02
1.200000e+00 6.800000e-01 7.555665e-01 5.341439e+00 1.240501e+00 1.225137e-02
1.250000e+00 6.800000e-01 7.534026e-01 2.231829e+00 1.203352e+00 5.357487e-02
1.300000e+00 6.800000e-01 7.502090e-01 -8.685152e-01 1.254604e+00 4.228210e-02
1.350000e+00 6.800000e-01 7.491744e-01 -7.688975e-02 1.313337e+00 3.544418e-04
1.400000e+00 6.800000e-01 7.501736e-01 3.005424e+00 1.303327e+00 -1.241653e-02
1.450000e+00 6.800000e-01 7.504160e-01 4.458984e+00 1.245162e+00 1.875266e-02
1.500000e+00 6.800000e-01 7.482983e-01 3.036592e+00 1.208848e+00 5.311729e-02
1.550000e+00 6.800000e-01 7.451043e-01 7.948322e-01 1.225082e+00 5.256444e-02
1.600000e+00 6.800000e-01 7.430418e-01 1.998215e-01 1.261165e+00 2.537444e-02
1.650000e+00 6.800000e-01 7.425668e-01 1.406580e+00 1.271583e+00 8.028318e-03
1.700000e+00 6.800000e-01 7.422390e-01 2.767201e+00 1.247766e+00 1.958350e-02
1.750000e+00 6.800000e-01 7.406085e-01 2.994842e+00 1.214399e+00 4.620591e-02
1.800000e+00 6.800000e-01 7.376184e-01 2.161784e+00 1.196556e+00 6.268631e-02
1.850000e+00 6.800000e-01 7.343399e-01 1.184243e+00 1.198444e+00 5.860365e-02
1.900000e+00 6.800000e-01 7.317581e-01 7.982999e-01 1.207055e+00 4.371556e-02
1.950000e+00 6.800000e-01 7.299683e-01 1.039996e+00 1.208383e+00 3.419466e-02
2.000000e+00 6.800000e-01 7.283386e-01 1.490349e+00 1.197862e+00 3.804817e-02
2.050000e+00 6.800000e-01 7.261635e-01 1.755746e+00 1.179421e+00 5.193660e-02
2.100000e+00 6.800000e-01 7.231449e-01 1.700730e+00 1.159483e+00 6.705958e-02
2.150000e+00 6.800000e-01 7.194575e-01 1.404499e+00 1.142566e+00 7.608660e-02
2.200000e+00 6.800000e-01 7.155363e-01 1.019282e+00 1.130253e+00 7.634442e-02
2.250000e+00 6.800000e-01 7.118231e-01 6.652014e-01 1.122146e+00 6.920470e-02
2.300000e+00 6.800000e-01 7.086158e-01 3.973611e-01 1.117121e+00 5.785680e-02
2.350000e+00 6.800000e-01 7.060374e-01 2.202725e-01 1.114101e+00 4.538889e-02
2.400000e+00 6.800000e-01 7.040769e-01 1.145256e-01 1.112306e+00 3.388383e-02
2.450000e+00 6.800000e-01 7.026490e-01 5.631181e-02 1.111249e+00 2.434021e-02
2.500000e+00 6.800000e-01 7.016429e-01 2.636051e-02 1.110635e+00 1.697363e-02
2.550000e+00 6.800000e-01 7.009517e-01 1.182312e-02 1.110290e+00 1.157032e-02
2.600000e+00 6.800000e-01 7.004859e-01 5.124797e-03 1.110106e+00 7.751014e-03
2.650000e+00 6.800000e-01 7.001766e-01 2.183299e-03 1.110017e+00 5.123610e-03
2.700000e+00 6.800000e-01 6.999735e-01 9.499566e-04 1.109980e+00 3.351965e-03
2.750000e+00 6.800000e-01 6.998414e-01 4.565858e-04 1.109971e+00 2.174978e-03
2.800000e+00 6.800000e-01 6.997560e-01 2.692487e-04 1.109976e+00 1.401739e-03
2.850000e+00 6.800000e-01 6.997012e-01 2.026835e-04 1.109986e+00 8.980965e-04
2.900000e+00 6.800000e-01 6.996662e-01 1.813832e-04 1.109997e+00 5.722969e-04
2.950000e+00 6.800000e-01 6.996440e-01 1.759775e-04 1.110007e+00 3.627540e-04
3.000000e+00 6.800000e-01 6.996299e-01 1.756112e-04 1.110015e+00 2.286759e-04
3.050000e+00 6.800000e-01 6.996211e-01 1.765214e-04 1.110022e+00 1.433036e-04
3.100000e+00 6.800000e-01 6.996156e-01 1.775281e-04 1.110027e+00 8.921040e-05
3.150000e+00 6.800000e-01 6.996122e-01 1.783344e-04 1.110031e+00 5.511282e-05
3.200000e+00 6.800000e-01 6.996101e-01 1.789164e-04 1.110033e+00 3.374022e-05
3.250000e+00 6.800000e-01 6.996088e-01 1.793187e-04 1.110035e+00 2.042829e-05
3.300000e+00 6.800000e-01 6.996080e-01 1.795912e-04 1.110037e+00 1.219732e-05
3.350000e+00 6.800000e-01 6.996076e-01 1.797740e-04 1.110038e+00 7.151776e-06
3.400000e+00 6.800000e-01 6.996073e-01 1.798959e-04 1.110038e+00 4.091177e-06
3.450000e+00 6.800000e-01 6.996072e-01 1.799769e-04 1.110039e+00 2.258830e-06
3.500000e+00 6.800000e-01 6.996071e-01 1.800306e-04 1.110039e+00 1.180271e-06
3.550000e+00 6.800000e-01 6.996070e-01 1.800661e-04 1.110039e+00 5.597500e-07
3.600000e+00 6.800000e-01 6.996070e-01 1.800895e-04 1.110040e+00 2.141516e-07
3.650000e+00 6.800000e-01 6.996070e-01 1.801049e-04 1.110040e+00 3.099125e-08
3.700000e+00 6.800000e-01 6.996070e-01 1.801149e-04 1.110040e+00 -5.818267e-08
3.750000e+00 6.800000e-01 6.996070e-01 1.801214e-04 1.110040e+00 -9.454845e-08
3.800000e+00 6.800000e-01 6.996070e-01 1.801256e-04 1.110040e+00 -1.025196e-07
3.850000e+00 6.800000e-01 6.996070e-01 1.801283e-04 1.110040e+00 -9.629615e-08
3.900000e+00 6.800000e-01 6.996070e-01 1.801300e-04 1.110040e+00 -8.392353e-08
3.950000e+00 6.800000e-01 6.996071e-01 1.801310e-04 1.110040e+00 -6.978755e-08
4.000000e+00 6.800000e-01 6.996071e-01 1.801317e-04 1.110040e+00 -5.613585e-08
4.050000e+00 6.800000e-01 6.996071e-01 1.801320e-04 1.110040e+00 -4.399573e-08
4.100000e+00 6.800000e-01 6.996071e-01 1.801322e-04 1.110040e+00 -3.372096e-08
4.150000e+00 6.800000e-01 6.996071e-01 1.801324e-04 1.110040e+00 -2.531245e-08
4.200000e+00 6.800000e-01 6.996071e-01 1.801324e-04 1.110040e+00 -1.860232e-08
4.250000e+00 6.800000e-01 6.996071e-01 1.801324e-04 1.110040e+00 -1.335657e-08
4.300000e+00 6.800000e-01 6.996071e-01 1.801324e-04 1.110040e+00 -9.329857e-09
4.350000e+00 6.800000e-01 6.996071e-01 1.801324e-04 1.110040e+00 -6.292693e-09
4.400000e+00 6.800000e-01 6.996071e-01 1.801324e-04 1.110040e+00 -4.043131e-09
4.450000e+00 6.800000e-01 6.996071e-01 1.801323e-04 1.110040e+00 -2.410077e-09
4.500000e+00 6.800000e-01 6.996071e-01 1.801323e-04 1.110040e+00 -1.252274e-09
4.550000e+00 6.800000e-01 6.996071e-01 1.801323e-04 1.110040e+00 -4.553491e-10
4.600000e+00 6.800000e-01 6.996071e-01 1.801323e-04 1.110040e+00 7.188472e-11
4.650000e+00 6.800000e-01 6.996071e-01 1.801323e-04 1.110040e+00 4.011091e-10
4.700000e+00 6.800000e-01 6.996071e-01 1.801323e-04 1.110040e+00 5.879353e-10
4.750000e+00 6.800000e-01 6.996071e-01 1.801323e-04 1.110040e+00 6.749556e-10
4.800000e+00 6.800000e-01 6.996071e-01 1.801322e-04 1.110040e+00 6.943035e-10
4.850000e+00 6.800000e-01 6.996071e-01 1.801322e-04 1.110040e+00 6.698342e-10
4.900000e+00 6.800000e-01 6.996071e-01 1.801322e-04 1.110040e+00 6.189316e-10
4.950000e+00 6.800000e-01 6.996071e-01 1.801322e-04 1.110040e+00 5.539569e-10
5.000000e+00 6.800000e-01 6.996071e-01 1.801322e-04 1.110040e+00 4.834588e-10
5.050000e+00 6.800000e-01 6.996071e-01 1.801322e-04 1.110040e+00 4.130907e-10
5.100000e+00 6.800000e-01 6.996071e-01 1.801322e-04 1.110040e+00 3.463696e-10
5.150000e+00 6.800000e-01 6.996071e-01 1.801322e-04 1.110040e+00 2.852896e-10
5.200000e+00 6.800000e-01 6.996071e-01 1.801322e-04 1.110040e+00 2.307199e-10
5.250000e+00 6.800000e-01 6.996071e-01 1.801322e-04 1.110040e+00 1.827904e-10
5.300000e+00 6.800000e-01 6.996071e-01 1.801322e-04 1.110040e+00 1.411382e-10
5.350000e+00 6.800000e-01 6.996071e-01 1.801322e-04 1.110040e+00 1.050593e-10
5.400000e+00 6.800000e-01 6.996071e-01 1.801322e-04 1.110040e+00 7.367662e-11
5.450000e+00 6.800000e-01 6.996071e-01 1.801322e-04 1.110040e+00 4.601430e-11
5.500000e+00 6.800000e-01 6.996071e-01 1.801322e-04 1.110040e+00 2.101985e-11
5.550000e+00 6.800000e-01 6.996071e-01 1.801322e-04 1.110040e+00 -2.384759e-12
5.600000e+00 6.800000e-01 6.996071e-01 1.801322e-04 1.110040e+00 -2.531531e-11
5.650000e+00 6.800000e-01 6.996071e-01 1.801322e-04 1.110040e+00 -4.895528e-11
5.700000e+00 6.800000e-01 6.996071e-01 1.801322e-04 1.110040e+00 -7.458811e-11
5.750000e+00 6.800000e-01 6.996071e-01 1.801322e-04 1.110040e+00 -1.036571e-10
5.800000e+00 6.800000e-01 6.996071e-01 1.801322e-04 1.110040e+00 -1.378231e-10
5.850000e+00 6.800000e-01 6.996071e-01 1.801322e-04 1.110040e+00 -1.790745e-10
5.900000e+00 6.800000e-01 6.996071e-01 1.801322e-04 1.110040e+00 -2.298606e-10
5.950000e+00 6.800000e-01 6.996071e-01 1.801322e-04 1.110040e+00 -2.932365e-10
6.000000e+00 6.800000e-01 6.996071e-01 1.801322e-04 1.110040e+00 -3.730449e-10
6.050000e+00 6.800000e-01 6.996071e-01 1.801322e-04 1.110040e+00 -4.741829e-10
6.100000e+00 6.800000e-01 6.996071e-01 1.801322e-04 1.110040e+00 -6.029499e-10
6.150000e+00 6.800000e-01 6.996071e-01 1.801322e-04 1.110040e+00 -7.674561e-10
6.200000e+00 6.800000e-01 6.996071e-01 1.801322e-04 1.110040e+00 -9.781509e-10
6.250000e+00 6.800000e-01 6.996071e-01 1.801322e-04 1.110040e+00 -1.248522e-09
6.300000e+00 6.800000e-01 6.996071e-01 1.801322e-04 1.110040e+00 -1.596040e-09
6.350000e+00 6.800000e-01 6.996071e-01 1.801322e-04 1.110040e+00 -2.043319e-09
6.400000e+00 6.800000e-01 6.996071e-01 1.801322e-04 1.110040e+00 -2.619635e-09
6.450000e+00 6.800000e-01 6.996071e-01 1.801322e-04 1.110040e+00 -3.362901e-09
6.500000e+00 6.800000e-01 6.996071e-01 1.801322e-04 1.110040e+00 -4.322244e-09
6.550000e+00 6.800000e-01 6.996071e-01 1.801322e-04 1.110040e+00 -5.561326e-09
6.600000e+00 6.800000e-01 6.996071e-01 1.801322e-04 1.110040e+00 -7.162637e-09
6.650000e+00 6.800000e-01 6.996071e-01 1.801322e-04 1.110040e+00 -9.233100e-09
6.700000e+00 6.800000e-01 6.996071e-01 1.801323e-04 1.110040e+00 -1.191127e-08
6.750000e+00 6.800000e-01 6.996071e-01 1.801323e-04 1.110040e+00 -1.537673e-08
6.800000e+00 6.800000e-01 6.996071e-01 1.801323e-04 1.110040e+00 -1.986222e-08
6.850000e+00 6.800000e-01 6.996071e-01 1.801323e-04 1.110040e+00 -2.566936e-08
6.900000e+00 6.800000e-01 6.996071e-01 1.801323e-04 1.110040e+00 -3.318906e-08
6.950000e+00 6.800000e-01 6.996071e-01 1.801323e-04 1.110040e+00 -4.292782e-08
7.000000e+00 6.800000e-01 6.996071e-01 1.801324e-04 1.110040e+00 -5.554199e-08
7.050000e+00 6.800000e-01 6.996071e-01 1.801324e-04 1.110040e+00 -7.188189e-08
7.100000e+00 6.800000e-01 6.996071e-01 1.801324e-04 1.110040e+00 -9.304920e-08
7.150000e+00 6.800000e-01 6.996071e-01 1.801325e-04 1.110040e+00 -1.204708e-07
7.200000e+00 6.800000e-01 6.996071e-01 1.801326e-04 1.110040e+00 -1.559953e-07
7.250000e+00 6.800000e-01 6.996071e-01 1.801328e-04 1.110040e+00 -2.020146e-07
7.300000e+00 6.800000e-01 6.996071e-01 1.801327e-04 1.110040e+00 -2.616345e-07
7.350000e+00 6.800000e-01 6.996071e-01 1.801335e-04 1.110040e+00 -3.388456e-07
7.400000e+00 6.800000e-01 6.996071e-01 1.801316e-04 1.110040e+00 -4.389153e-07
7.450000e+00 6.800000e-01 6.996072e-01 1.801389e-04 1.110040e+00 -5.683365e-07
7.500000e+00 6.800000e-01 6.996072e-01 1.801176e-04 1.110040e+00 -7.365154e-07
7.550000e+00 6.800000e-01 6.996072e-01 1.801833e-04 1.110040e+00 -9.526267e-07
7.600000e+00 6.800000e-01 6.996073e-01 1.799953e-04 1.110041e+00 -1.237185e-06
7.650000e+00 6.800000e-01 6.996074e-01 1.805234e-04 1.110041e+00 -1.592653e-06
7.700000e+00 6.800000e-01 6.996075e-01 1.791034e-04 1.110041e+00 -2.086830e-06
7.750000e+00 6.800000e-01 6.996076e-01 1.827942e-04 1.110042e+00 -2.640472e-06
7.800000e+00 6.800000e-01 6.996077e-01 1.735875e-04 1.110042e+00 -3.565461e-06
7.850000e+00 6.800000e-01 6.996079e-01 1.956545e-04 1.110043e+00 -4.278447e-06
7.900000e+00 6.800000e-01 6.996082e-01 1.450054e-04 1.110043e+00 -6.273616e-06
7.950000e+00 6.800000e-01 6.996086e-01 2.561730e-04 1.110047e+00 -6.590345e-06
8.000000e+00 6.800000e-01 6.996088e-01 2.354050e-05 1.110043e+00 -1.153502e-05
8.050000e+00 6.800000e-01 6.996097e-01 4.864339e-04 1.110056e+00 -9.347184e-06
8.100000e+00 6.800000e-01 6.996097e-01 -3.861871e-04 1.110040e+00 -2.178211e-05
8.150000e+00 6.800000e-01 6.996119e-01 1.166000e-03 1.110076e+00 -1.252325e-05
8.200000e+00 6.800000e-01 6.996110e-01 -1.425899e-03 1.110026e+00 -3.943061e-05
8.250000e+00 6.800000e-01 6.996158e-01 2.612303e-03 1.110117e+00 -1.979764e-05
8.300000e+00 6.800000e-01 6.996130e-01 -3.212923e-03 1.110003e+00 -6.245230e-05
8.350000e+00 6.800000e-01 6.996221e-01 4.493796e-03 1.110173e+00 -4.428169e-05
8.400000e+00 6.800000e-01 6.996174e-01 -4.749286e-03 1.109993e+00 -8.385856e-05
8.450000e+00 6.800000e-01 6.996305e-01 5.174419e-03 1.110219e+00 -1.009158e-04
8.500000e+00 6.800000e-01 6.996275e-01 -4.291359e-03 1.110037e+00 -1.160860e-04
8.550000e+00 6.800000e-01 6.996421e-01 3.917670e-03 1.110247e+00 -1.747261e-04
8.600000e+00 6.800000e-01 6.996450e-01 -3.398017e-03 1.110114e+00 -2.167855e-04
8.650000e+00 6.800000e-01 6.996638e-01 4.988002e-03 1.110351e+00 -2.435488e-04
8.700000e+00 6.800000e-01 6.996693e-01 -7.325086e-03 1.110149e+00 -4.041384e-04
8.750000e+00 6.800000e-01 6.997042e-01 1.061434e-02 1.110590e+00 -4.142579e-04
8.800000e+00 6.800000e-01 6.997107e-01 -1.124136e-02 1.110249e+00 -5.896274e-04
8.850000e+00 6.800000e-01 6.997631e-01 9.357017e-03 1.110816e+00 -8.103514e-04
8.900000e+00 6.800000e-01 6.997918e-01 -5.158302e-03 1.110622e+00 -9.289015e-04
8.950000e+00 6.800000e-01 6.998560e-01 4.553167e-03 1.111136e+00 -1.249109e-03
9.000000e+00 6.800000e-01 6.999167e-01 -9.350697e-03 1.111048e+00 -1.746840e-03
9.050000e+00 6.800000e-01 7.000307e-01 1.802630e-02 1.111969e+00 -1.988339e-03
9.100000e+00 6.800000e-01 7.001155e-01 -2.036611e-02 1.111697e+00 -2.708646e-03
9.150000e+00 6.800000e-01 7.003016e-01 1.284745e-02 1.112999e+00 -3.661844e-03
9.200000e+00 6.800000e-01 7.004817e-01 -2.328328e-03 1.113234e+00 -4.419813e-03
9.250000e+00 6.800000e-01 7.007436e-01 5.991023e-03 1.114707e+00 -5.684804e-03
9.300000e+00 6.800000e-01 7.010502e-01 -2.328431e-02 1.115254e+00 -7.803848e-03
9.350000e+00 6.800000e-01 7.015239e-01 3.307670e-02 1.117901e+00 -9.693402e-03
9.400000e+00 6.800000e-01 7.020195e-01 -1.610919e-02 1.119018e+00 -1.220818e-02
9.450000e+00 6.800000e-01 7.027448e-01 -3.721969e-03 1.122475e+00 -1.635449e-02
9.500000e+00 6.800000e-01 7.036550e-01 -9.032613e-03 1.125131e+00 -2.132130e-02
9.550000e+00 6.800000e-01 7.048769e-01 4.099651e-02 1.130668e+00 -2.676441e-02
9.600000e+00 6.800000e-01 7.063314e-01 -3.282009e-02 1.135126e+00 -3.482335e-02
9.650000e+00 6.800000e-01 7.083592e-01 -6.446128e-03 1.143279e+00 -4.626555e-02
9.700000e+00 6.800000e-01 7.109580e-01 2.421849e-03 1.151275e+00 -6.023713e-02
9.750000e+00 6.800000e-01 7.143829e-01 4.138478e-02 1.164105e+00 -7.810725e-02
9.800000e+00 6.800000e-01 7.187687e-01 -2.740780e-02 1.177741e+00 -1.034139e-01
9.850000e+00 6.800000e-01 7.247243e-01 -1.302113e-02 1.197251e+00 -1.390055e-01
9.900000e+00 6.800000e-01 7.326693e-01 -9.122541e-04 1.220652e+00 -1.871402e-01
9.950000e+00 6.800000e-01 7.434383e-01 1.545543e-02 1.255241e+00 -2.539474e-01
1.000000e+01 6.800000e-01 7.580640e-01 1.134635e-02 0.000000e+00 0.000000e+00
0.000000e+00 7.000000e-01 7.837200e-01 2.400000e+00 0.000000e+00 0.000000e+00
5.000000e-02 7.000000e-01 7.839038e-01 2.553398e+00 1.255905e+00 -2.177242e-03
1.000000e-01 7.000000e-01 7.839377e-01 2.273326e+00 1.249570e+00 2.768578e-03
1.500000e-01 7.000000e-01 7.836269e-01 1.901397e+00 1.259641e+00 3.976347e-03
2.000000e-01 7.000000e-01 7.835401e-01 2.602602e+00 1.274037e+00 -3.683413e-03
2.500000e-01 7.000000e-01 7.839953e-01 3.269637e+00 1.258597e+00 -6.161027e-03
3.000000e-01 7.000000e-01 7.841562e-01 2.207615e+00 1.234601e+00 4.540245e-03
3.500000e-01 7.000000e-01 7.835413e-01 1.067366e+00 1.252020e+00 9.525189e-03
4.000000e-01 7.000000e-01 7.832037e-01 2.314503e+00 1.286532e+00 -3.181821e-03
4.500000e-01 7.000000e-01 7.838594e-01 4.004269e+00 1.270443e+00 -1.114929e-02
5.000000e-01 7.000000e-01 7.843186e-01 2.819256e+00 1.224152e+00 3.191796e-03
5.500000e-01 7.000000e-01 7.835403e-01 4.054284e-01 1.230465e+00 1.635218e-02
6.000000e-01 7.000000e-01 7.826834e-01 1.058197e+00 1.285489e+00 3.579315e-03
6.500000e-01 7.000000e-01 7.831823e-01 4.015024e+00 1.292650e+00 -1.351433e-02
7.000000e-01 7.000000e-01 7.840348e-01 4.224603e+00 1.232875e+00 -2.522741e-03
7.500000e-01 7.000000e-01 7.834346e-01 1.036885e+00 1.202878e+00 2.113619e-02
8.000000e-01 7.000000e-01 7.819212e-01 -5.687985e-01 1.254542e+00 1.809218e-02
8.500000e-01 7.000000e-01 7.816254e-01 2.159150e+00 1.304056e+00 -7.127600e-03
9.000000e-01 7.000000e-01 7.826340e-01 4.964258e+00 1.267310e+00 -1.117496e-02
9.500000e-01 7.000000e-01 7.827429e-01 3.520383e+00 1.198692e+00 1.609218e-02
1.000000e+00 7.000000e-01 7.810247e-01 -4.899385e-02 1.200366e+00 3.405418e-02
1.050000e+00 7.000000e-01 7.793375e-01 -5.418614e-01 1.266567e+00 1.558615e-02
1.100000e+00 7.000000e-01 7.794661e-01 2.681116e+00 1.293957e+00 -9.788095e-03
1.150000e+00 7.000000e-01 7.803163e-01 4.946100e+00 1.241305e+00 -1.632204e-03
1.200000e+00 7.000000e-01 7.796293e-01 3.376238e+00 1.182440e+00 3.049018e-02
1.250000e+00 7.000000e-01 7.772672e-01 2.933101e-01 1.192542e+00 4.292613e-02
1.300000e+00 7.000000e-01 7.753367e-01 -2.946448e-01 1.249014e+00 2.089992e-02
1.350000e+00 7.000000e-01 7.751773e-01 2.068022e+00 1.271443e+00 -2.573251e-03
1.400000e+00 7.000000e-01 7.755941e-01 4.216701e+00 1.232904e+00 5.430113e-03
1.450000e+00 7.000000e-01 7.746342e-01 3.831855e+00 1.182714e+00 3.541177e-02
1.500000e+00 7.000000e-01 7.720529e-01 1.732117e+00 1.174746e+00 5.216955e-02
1.550000e+00 7.000000e-01 7.694173e-01 3.692941e-01 1.207129e+00 3.983560e-02
1.600000e+00 7.000000e-01 7.680693e-01 9.528806e-01 1.235204e+00 1.778133e-02
1.650000e+00 7.000000e-01 7.676392e-01 2.472621e+00 1.228149e+00 1.356410e-02
1.700000e+00 7.000000e-01 7.667129e-01 3.315923e+00 1.195829e+00 3.211052e-02
1.750000e+00 7.000000e-01 7.644281e-01 2.901934e+00 1.167798e+00 5.527522e-02
1.800000e+00 7.000000e-01 7.611854e-01 1.829558e+00 1.161785e+00 6.383456e-02
1.850000e+00 7.000000e-01 7.580446e-01 1.039616e+00 1.172515e+00 5.511177e-02
1.900000e+00 7.000000e-01 7.556742e-01 9.686636e-01 1.183112e+00 4.148587e-02
1.950000e+00 7.000000e-01 7.538961e-01 1.389871e+00 1.181780e+00 3.649422e-02
2.000000e+00 7.000000e-01 7.520248e-01 1.832022e+00 1.168097e+00 4.431298e-02
2.050000e+00 7.000000e-01 7.494648e-01 1.986689e+00 1.148681e+00 5.967635e-02
2.100000e+00 7.000000e-01 7.460572e-01 1.813129e+00 1.130497e+00 7.402312e-02
2.150000e+00 7.000000e-01 7.420624e-01 1.436880e+00 1.117303e+00 8.120070e-02
2.200000e+00 7.000000e-01 7.379371e-01 1.013608e+00 1.109582e+00 7.956769e-02
2.250000e+00 7.000000e-01 7.341057e-01 6.487622e-01 1.106051e+00 7.099471e-02
2.300000e+00 7.000000e-01 7.308376e-01 3.824808e-01 1.105066e+00 5.874055e-02
2.350000e+00 7.000000e-01 7.282316e-01 2.101985e-01 1.105343e+00 4.576853e-02
2.400000e+00 7.000000e-01 7.262608e-01 1.087092e-01 1.106097e+00 3.400913e-02
2.450000e+00 7.000000e-01 7.248307e-01 5.332526e-02 1.106931e+00 2.434776e-02
2.500000e+00 7.000000e-01 7.238260e-01 2.500265e-02 1.107680e+00 1.693244e-02
2.550000e+00 7.000000e-01 7.231375e-01 1.132786e-02 1.108294e+00 1.151367e-02
2.600000e+00 7.000000e-01 7.226746e-01 5.067414e-03 1.108771e+00 7.694333e-03
2.650000e+00 7.000000e-01 7.223680e-01 2.346712e-03 1.109131e+00 5.073504e-03
2.700000e+00 7.000000e-01 7.221673e-01 1.227743e-03 1.109396e+00 3.310615e-03
2.750000e+00 7.000000e-01 7.220370e-01 7.968441e-04 1.109588e+00 2.142373e-03
2.800000e+00 7.000000e-01 7.219530e-01 6.458755e-04 1.109725e+00 1.376864e-03
2.850000e+00 7.000000e-01 7.218993e-01 6.017322e-04 1.109821e+00 8.795899e-04
2.900000e+00 7.000000e-01 7.218651e-01 5.948376e-04 1.109888e+00 5.587961e-04
2.950000e+00 7.000000e-01 7.218434e-01 5.989179e-04 1.109935e+00 3.530571e-04
3.000000e+00 7.000000e-01 7.218298e-01 6.048752e-04 1.109967e+00 2.217978e-04
3.050000e+00 7.000000e-01 7.218212e-01 6.100213e-04 1.109988e+00 1.384746e-04
3.100000e+00 7.000000e-01 7.218159e-01 6.138679e-04 1.110003e+00 8.584913e-05
3.150000e+00 7.000000e-01 7.218126e-01 6.165761e-04 1.110013e+00 5.279056e-05
3.200000e+00 7.000000e-01 7.218106e-01 6.184298e-04 1.110019e+00 3.214665e-05
3.250000e+00 7.000000e-01 7.218094e-01 6.196808e-04 1.110024e+00 1.934184e-05
3.300000e+00 7.000000e-01 7.218087e-01 6.205186e-04 1.110027e+00 1.146143e-05
3.350000e+00 7.000000e-01 7.218083e-01 6.210771e-04 1.110029e+00 6.656803e-06
3.400000e+00 7.000000e-01 7.218080e-01 6.214484e-04 1.110030e+00 3.760826e-06
3.450000e+00 7.000000e-01 7.218079e-01 6.216945e-04 1.110031e+00 2.040334e-06
3.500000e+00 7.000000e-01 7.218078e-01 6.218572e-04 1.110031e+00 1.037322e-06
3.550000e+00 7.000000e-01 7.218078e-01 6.219646e-04 1.110032e+00 4.674869e-07
3.600000e+00 7.000000e-01 7.218078e-01 6.220351e-04 1.110032e+00 1.556337e-07
3.650000e+00 7.000000e-01 7.218078e-01 6.220813e-04 1.110032e+00 -5.267158e-09
3.700000e+00 7.000000e-01 7.218078e-01 6.221114e-04 1.110032e+00 -7.992545e-08
3.750000e+00 7.000000e-01 7.218078e-01 6.221310e-04 1.110032e+00 -1.069631e-07
3.800000e+00 7.000000e-01 7.218078e-01 6.221435e-04 1.110032e+00 -1.090547e-07
3.850000e+00 7.000000e-01 7.218078e-01 6.221515e-04 1.110032e+00 -9.922268e-08
3.900000e+00 7.000000e-01 7.218078e-01 6.221566e-04 1.110032e+00 -8.471913e-08
3.950000e+00 7.000000e-01 7.218078e-01 6.221597e-04 1.110032e+00 -6.939875e-08
4.000000e+00 7.000000e-01 7.218078e-01 6.221615e-04 1.110032e+00 -5.515624e-08
4.050000e+00 7.000000e-01 7.218078e-01 6.221626e-04 1.110032e+00 -4.278659e-08
4.100000e+00 7.000000e-01 7.218078e-01 6.221632e-04 1.110032e+00 -3.249255e-08
4.150000e+00 7.000000e-01 7.218078e-01 6.221635e-04 1.110032e+00 -2.417842e-08
4.200000e+00 7.000000e-01 7.218078e-01 6.221637e-04 1.110032e+00 -1.761596e-08
4.250000e+00 7.000000e-01 7.218078e-01 6.221637e-04 1.110032e+00 -1.253462e-08
4.300000e+00 7.000000e-01 7.218078e-01 6.221637e-04 1.110032e+00 -8.668096e-09
4.350000e+00 7.000000e-01 7.218078e-01 6.221636e-04 1.110032e+00 -5.775823e-09
4.400000e+00 7.000000e-01 7.218078e-01 6.221635e-04 1.110032e+00 -3.651007e-09
4.450000e+00 7.000000e-01 7.218078e-01 6.221635e-04 1.110032e+00 -2.121444e-09
4.500000e+00 7.000000e-01 7.218078e-01 6.221634e-04 1.110032e+00 -1.046916e-09
4.550000e+00 7.000000e-01 7.218078e-01 6.221633e-04 1.110032e+00 -3.151757e-10
4.600000e+00 7.000000e-01 7.218078e-01 6.221633e-04 1.110032e+00 1.623746e-10
4.650000e+00 7.000000e-01 7.218078e-01 6.221633e-04 1.110032e+00 4.547607e-10
4.700000e+00 7.000000e-01 7.218078e-01 6.221632e-04 1.110032e+00 6.151035e-10
4.750000e+00 7.000000e-01 7.218078e-01 6.221632e-04 1.110032e+00 6.837753e-10
4.800000e+00 7.000000e-01 7.218078e-01 6.221632e-04 1.110032e+00 6.910061e-10
4.850000e+00 7.000000e-01 7.218078e-01 6.221632e-04 1.110032e+00 6.590739e-10
4.900000e+00 7.000000e-01 7.218078e-01 6.221632e-04 1.110032e+00 6.040823e-10
4.950000e+00 7.000000e-01 7.218078e-01 6.221632e-04 1.110032e+00 5.373901e-10
5.000000e+00 7.000000e-01 7.218078e-01 6.221632e-04 1.110032e+00 4.667633e-10
5.050000e+00 7.000000e-01 7.218078e-01 6.221631e-04 1.110032e+00 3.972700e-10
5.100000e+00 7.000000e-01 7.218078e-01 6.221631e-04 1.110032e+00 3.320055e-10
5.150000e+00 7.000000e-01 7.218078e-01 6.221631e-04 1.110032e+00 2.726475e-10
5.200000e+00 7.000000e-01 7.218078e-01 6.221631e-04 1.110032e+00 2.198608e-10
5.250000e+00 7.000000e-01 7.218078e-01 6.221631e-04 1.110032e+00 1.736400e-10
5.300000e+00 7.000000e-01 7.218078e-01 6.221631e-04 1.110032e+00 1.335321e-10
5.350000e+00 7.000000e-01 7.218078e-01 6.221631e-04 1.110032e+00 9.878542e-11
5.400000e+00 7.000000e-01 7.218078e-01 6.221631e-04 1.110032e+00 6.850187e-11
5.450000e+00 7.000000e-01 7.218078e-01 6.221631e-04 1.110032e+00 4.169443e-11
5.500000e+00 7.000000e-01 7.218078e-01 6.221631e-04 1.110032e+00 1.730616e-11
5.550000e+00 7.000000e-01 7.218078e-01 6.221631e-04 1.110032e+00 -5.736522e-12
5.600000e+00 7.000000e-01 7.218078e-01 6.221631e-04 1.110032e+00 -2.855938e-11
5.650000e+00 7.000000e-01 7.218078e-01 6.221631e-04 1.110032e+00 -5.236034e-11
5.700000e+00 7.000000e-01 7.218078e-01 6.221631e-04 1.110032e+00 -7.844392e-11
5.750000e+00 7.000000e-01 7.218078e-01 6.221631e-04 1.110032e+00 -1.083089e-10
5.800000e+00 7.000000e-01 7.218078e-01 6.221631e-04 1.110032e+00 -1.436784e-10
5.850000e+00 7.000000e-01 7.218078e-01 6.221631e-04 1.110032e+00 -1.866285e-10
5.900000e+00 7.000000e-01 7.218078e-01 6.221631e-04 1.110032e+00 -2.397493e-10
5.950000e+00 7.000000e-01 7.218078e-01 6.221631e-04 1.110032e+00 -3.062672e-10
6.000000e+00 7.000000e-01 7.218078e-01 6.221631e-04 1.110032e+00 -3.902545e-10
6.050000e+00 7.000000e-01 7.218078e-01 6.221631e-04 1.110032e+00 -4.969247e-10
6.100000e+00 7.000000e-01 7.218078e-01 6.221631e-04 1.110032e+00 -6.329837e-10
6.150000e+00 7.000000e-01 7.218078e-01 6.221631e-04 1.110032e+00 -8.070755e-10
6.200000e+00 7.000000e-01 7.218078e-01 6.221631e-04 1.110032e+00 -1.030342e-09
6.250000e+00 7.000000e-01 7.218078e-01 6.221631e-04 1.110032e+00 -1.317179e-09
6.300000e+00 7.000000e-01 7.218078e-01 6.221631e-04 1.110032e+00 -1.686243e-09
6.350000e+00 7.000000e-01 7.218078e-01 6.221631e-04 1.110032e+00 -2.161694e-09
6.400000e+00 7.000000e-01 7.218078e-01 6.221632e-04 1.110032e+00 -2.774801e-09
6.450000e+00 7.000000e-01 7.218078e-01 6.221632e-04 1.110032e+00 -3.566092e-09
6.500000e+00 7.000000e-01 7.218078e-01 6.221632e-04 1.110032e+00 -4.588091e-09
6.550000e+00 7.000000e-01 7.218078e-01 6.221632e-04 1.110032e+00 -5.908869e-09
6.600000e+00 7.000000e-01 7.218078e-01 6.221632e-04 1.110032e+00 -7.616648e-09
6.650000e+00 7.000000e-01 7.218078e-01 6.221632e-04 1.110032e+00 -9.825802e-09
6.700000e+00 7.000000e-01 7.218078e-01 6.221632e-04 1.110032e+00 -1.268457e-08
6.750000e+00 7.000000e-01 7.218078e-01 6.221633e-04 1.110032e+00 -1.638510e-08
6.800000e+00 7.000000e-01 7.218078e-01 6.221633e-04 1.110032e+00 -2.117648e-08
6.850000e+00 7.000000e-01 7.218078e-01 6.221633e-04 1.110032e+00 -2.738153e-08
6.900000e+00 7.000000e-01 7.218078e-01 6.221634e-04 1.110032e+00 -3.541866e-08
6.950000e+00 7.000000e-01 7.218078e-01 6.221635e-04 1.110032e+00 -4.583014e-08
7.000000e+00 7.000000e-01 7.218078e-01 6.221636e-04 1.110032e+00 -5.931864e-08
7.050000e+00 7.000000e-01 7.218078e-01 6.221637e-04 1.110032e+00 -7.679464e-08
7.100000e+00 7.000000e-01 7.218078e-01 6.221639e-04 1.110032e+00 -9.943787e-08
7.150000e+00 7.000000e-01 7.218079e-01 6.221641e-04 1.110032e+00 -1.287762e-07
7.200000e+00 7.000000e-01 7.218079e-01 6.221644e-04 1.110032e+00 -1.667902e-07
7.250000e+00 7.000000e-01 7.218079e-01 6.221649e-04 1.110032e+00 -2.160398e-07
7.300000e+00 7.000000e-01 7.218079e-01 6.221649e-04 1.110032e+00 -2.798578e-07
7.350000e+00 7.000000e-01 7.218079e-01 6.221670e-04 1.110032e+00 -3.624995e-07
7.400000e+00 7.000000e-01 7.218079e-01 6.221629e-04 1.110032e+00 -4.696699e-07
7.450000e+00 7.000000e-01 7.218079e-01 6.221795e-04 1.110033e+00 -6.081342e-07
7.500000e+00 7.000000e-01 7.218080e-01 6.221334e-04 1.110033e+00 -7.885417e-07
7.550000e+00 7.000000e-01 7.218080e-01 6.222757e-04 1.110033e+00 -1.019073e-06
7.600000e+00 7.000000e-01 7.218081e-01 6.218761e-04 1.110033e+00 -1.326311e-06
7.650000e+00 7.000000e-01 7.218082e-01 6.229891e-04 1.110033e+00 -1.700541e-06
7.700000e+00 7.000000e-01 7.218082e-01 6.200378e-04 1.110033e+00 -2.246359e-06
7.750000e+00 7.000000e-01 7.218084e-01 6.276186e-04 1.110034e+00 -2.799493e-06
7.800000e+00 7.000000e-01 7.218085e-01 6.089530e-04 1.110034e+00 -3.883330e-06
7.850000e+00 7.000000e-01 7.218088e-01 6.531351e-04 1.110036e+00 -4.441121e-06
7.900000e+00 7.000000e-01 7.218090e-01 5.530325e-04 1.110035e+00 -7.014733e-06
7.950000e+00 7.000000e-01 7.218095e-01 7.699370e-04 1.110039e+00 -6.479288e-06
8.000000e+00 7.000000e-01 7.218096e-01 3.219255e-04 1.110033e+00 -1.343876e-05
8.050000e+00 7.000000e-01 7.218108e-01 1.201827e-03 1.110050e+00 -8.128465e-06
8.100000e+00 7.000000e-01 7.218104e-01 -4.352861e-04 1.110024e+00 -2.640655e-05
8.150000e+00 7.000000e-01 7.218135e-01 2.438969e-03 1.110076e+00 -8.822407e-06
8.200000e+00 7.000000e-01 7.218113e-01 -2.298796e-03 1.110000e+00 -4.851933e-05
8.250000e+00 7.000000e-01 7.218183e-01 4.990088e-03 1.110127e+00 -1.363275e-05
8.300000e+00 7.000000e-01 7.218127e-01 -5.398879e-03 1.109961e+00 -7.478356e-05
8.350000e+00 7.000000e-01 7.218258e-01 8.198863e-03 1.110194e+00 -4.109182e-05
8.400000e+00 7.000000e-01 7.218168e-01 -7.975380e-03 1.109939e+00 -9.292564e-05
8.450000e+00 7.000000e-01 7.218351e-01 9.334057e-03 1.110239e+00 -1.093012e-04
8.500000e+00 7.000000e-01 7.218277e-01 -7.292555e-03 1.109980e+00 -1.207263e-04
8.550000e+00 7.000000e-01 7.218471e-01 7.499603e-03 1.110256e+00 -1.893370e-04
8.600000e+00 7.000000e-01 7.218467e-01 -6.239731e-03 1.110047e+00 -2.374952e-04
8.650000e+00 7.000000e-01 7.218709e-01 9.703541e-03 1.110361e+00 -2.466046e-04
8.700000e+00 7.000000e-01 7.218713e-01 -1.286805e-02 1.110042e+00 -4.529632e-04
8.750000e+00 7.000000e-01 7.219162e-01 1.868746e-02 1.110608e+00 -4.302154e-04
8.800000e+00 7.000000e-01 7.219143e-01 -1.892215e-02 1.110103e+00 -6.314543e-04
8.850000e+00 7.000000e-01 7.219793e-01 1.693763e-02 1.110798e+00 -8.821062e-04
8.900000e+00 7.000000e-01 7.220025e-01 -1.050361e-02 1.110443e+00 -9.883431e-04
8.950000e+00 7.000000e-01 7.220782e-01 1.114044e-02 1.111076e+00 -1.324453e-03
9.000000e+00 7.000000e-01 7.221350e-01 -1.793397e-02 1.110766e+00 -1.908942e-03
9.050000e+00 7.000000e-01 7.222691e-01 3.105670e-02 1.111855e+00 -2.105280e-03
9.100000e+00 7.000000e-01 7.223455e-01 -3.335314e-02 1.111291e+00 -2.899901e-03
9.150000e+00 7.000000e-01 7.225591e-01 2.426230e-02 1.112734e+00 -3.950514e-03
9.200000e+00 7.000000e-01 7.227406e-01 -1.080645e-02 1.112620e+00 -4.742267e-03
9.250000e+00 7.000000e-01 7.230333e-01 1.805522e-02 1.114252e+00 -6.053733e-03
9.300000e+00 7.000000e-01 7.233459e-01 -3.974156e-02 1.114287e+00 -8.402748e-03
9.350000e+00 7.000000e-01 7.238736e-01 5.216498e-02 1.117018e+00 -1.039605e-02
9.400000e+00 7.000000e-01 7.243855e-01 -3.087426e-02 1.117527e+00 -1.306326e-02
9.450000e+00 7.000000e-01 7.251799e-01 1.095717e-02 1.120996e+00 -1.748015e-02
9.500000e+00 7.000000e-01 7.261336e-01 -2.692512e-02 1.122637e+00 -2.284288e-02
9.550000e+00 7.000000e-01 7.274642e-01 6.271775e-02 1.127971e+00 -2.861976e-02
9.600000e+00 7.000000e-01 7.289955e-01 -5.040822e-02 1.131148e+00 -3.715312e-02
9.650000e+00 7.000000e-01 7.311795e-01 1.316828e-02 1.138632e+00 -4.920347e-02
9.700000e+00 7.000000e-01 7.339159e-01 -1.931278e-02 1.144321e+00 -6.401436e-02
9.750000e+00 7.000000e-01 7.375809e-01 6.057050e-02 1.155501e+00 -8.288584e-02
9.800000e+00 7.000000e-01 7.422045e-01 -3.772730e-02 1.165479e+00 -1.093124e-01
9.850000e+00 7.000000e-01 7.485122e-01 7.015585e-03 1.181163e+00 -1.465125e-01
9.900000e+00 7.000000e-01 7.568557e-01 -1.302948e-02 1.197288e+00 -1.971939e-01
9.950000e+00 7.000000e-01 7.682316e-01 2.748800e-02 1.222935e+00 -2.686428e-01
1.000000e+01 7.000000e-01 7.837200e-01 1.757796e-02 0.000000e+00 0.000000e+00
0.000000e+00 7.200000e-01 8.084160e-01 2.640000e+00 0.000000e+00 0.000000e+00
5.000000e-02 7.200000e-01 8.085280e-01 2.647940e+00 1.205463e+00 -1.021641e-03
1.000000e-01 7.200000e-01 8.085182e-01 2.455412e+00 1.204856e+00 1.201947e-03
1.500000e-01 7.200000e-01 8.084078e-01 2.597312e+00 1.211794e+00 9.626686e-04
2.000000e-01 7.200000e-01 8.084219e-01 3.019223e+00 1.213363e+00 -1.476676e-03
2.500000e-01 7.200000e-01 8.085555e-01 2.762953e+00 1.202366e+00 -1.038127e-03
3.000000e-01 7.200000e-01 8.085257e-01 2.060041e+00 1.198868e+00 2.253080e-03
3.500000e-01 7.200000e-01 8.083301e-01 2.328347e+00 1.213581e+00 2.144184e-03
4.000000e-01 7.200000e-01 8.083113e-01 3.345292e+00 1.220301e+00 -1.542721e-03
4.500000e-01 7.200000e-01 8.084844e-01 3.190876e+00 1.202451e+00 -1.243994e-03
5.000000e-01 7.200000e-01 8.084357e-01 1.847656e+00 1.190246e+00 3.808651e-03
5.500000e-01 7.200000e-01 8.081035e-01 1.632630e+00 1.208850e+00 4.730037e-03
6.000000e-01 7.200000e-01 8.079627e-01 3.187267e+00 1.227985e+00 -3.097545e-04
6.500000e-01 7.200000e-01 8.081345e-01 3.930517e+00 1.210899e+00 -9.511215e-04
7.000000e-01 7.200000e-01 8.080578e-01 2.380990e+00 1.183275e+00 6.617564e-03
7.500000e-01 7.200000e-01 8.074728e-01 8.801920e-01 1.192640e+00 1.085365e-02
8.000000e-01 7.200000e-01 8.069724e-01 1.948015e+00 1.226383e+00 4.510591e-03
8.500000e-01 7.200000e-01 8.070217e-01 4.060067e+00 1.227368e+00 -7.416522e-04
9.000000e-01 7.200000e-01 8.070466e-01 3.862744e+00 1.188896e+00 7.231423e-03
9.500000e-01 7.200000e-01 8.062986e-01 1.510692e+00 1.168458e+00 1.919915e-02
1.000000e+00 7.200000e-01 8.051267e-01 3.990225e-01 1.197097e+00 1.761817e-02
1.050000e+00 7.200000e-01 8.045368e-01 2.175822e+00 1.230332e+00 5.136249e-03
1.100000e+00 7.200000e-01 8.046131e-01 4.297865e+00 1.214538e+00 2.568533e-03
1.150000e+00 7.200000e-01 8.042799e-01 3.829123e+00 1.168280e+00 1.748992e-02
1.200000e+00 7.200000e-01 8.028641e-01 1.466320e+00 1.152603e+00 3.175659e-02
1.250000e+00 7.200000e-01 8.011042e-01 2.779459e-01 1.184759e+00 2.694505e-02
1.300000e+00 7.200000e-01 8.001696e-01 1.665585e+00 1.217155e+00 1.072142e-02
1.350000e+00 7.200000e-01 8.000321e-01 3.746194e+00 1.204337e+00 6.798521e-03
1.400000e+00 7.200000e-01 7.994897e-01 4.077951e+00 1.160941e+00 2.307521e-02
1.450000e+00 7.200000e-01 7.977246e-01 2.508359e+00 1.136064e+00 4.201583e-02
1.500000e+00 7.200000e-01 7.952881e-01 8.934742e-01 1.152243e+00 4.335123e-02
1.550000e+00 7.200000e-01 7.933895e-01 8.553526e-01 1.184219e+00 2.838114e-02
1.600000e+00 7.200000e-01 7.924500e-01 2.153264e+00 1.193742e+00 1.696649e-02
1.650000e+00 7.200000e-01 7.916928e-01 3.330887e+00 1.171641e+00 2.377844e-02
1.700000e+00 7.200000e-01 7.900722e-01 3.387532e+00 1.139905e+00 4.372408e-02
1.750000e+00 7.200000e-01 7.873204e-01 2.478962e+00 1.124059e+00 5.982354e-02
1.800000e+00 7.200000e-01 7.840898e-01 1.463530e+00 1.130546e+00 6.079944e-02
1.850000e+00 7.200000e-01 7.812405e-01 1.049703e+00 1.146454e+00 5.007287e-02
1.900000e+00 7.200000e-01 7.790825e-01 1.302066e+00 1.155096e+00 4.000940e-02
1.950000e+00 7.200000e-01 7.772395e-01 1.813657e+00 1.149373e+00 4.020056e-02
2.000000e+00 7.200000e-01 7.750625e-01 2.160542e+00 1.133044e+00 5.128793e-02
2.050000e+00 7.200000e-01 7.721107e-01 2.160653e+00 1.114267e+00 6.697664e-02
2.100000e+00 7.200000e-01 7.683648e-01 1.862439e+00 1.099495e+00 7.961089e-02
2.150000e+00 7.200000e-01 7.641496e-01 1.418630e+00 1.091212e+00 8.445257e-02
2.200000e+00 7.200000e-01 7.599196e-01 9.736949e-01 1.088745e+00 8.084508e-02
2.250000e+00 7.200000e-01 7.560651e-01 6.116221e-01 1.090066e+00 7.101101e-02
2.300000e+00 7.200000e-01 7.528184e-01 3.560596e-01 1.093188e+00 5.814005e-02
2.350000e+00 7.200000e-01 7.502511e-01 1.941001e-01 1.096741e+00 4.497673e-02
2.400000e+00 7.200000e-01 7.483208e-01 9.996219e-02 1.100000e+00 3.324844e-02
2.450000e+00 7.200000e-01 7.469263e-01 4.908135e-02 1.102688e+00 2.370675e-02
2.500000e+00 7.200000e-01 7.459501e-01 2.328955e-02 1.104772e+00 1.642869e-02
2.550000e+00 7.200000e-01 7.452834e-01 1.097722e-02 1.106324e+00 1.113404e-02
2.600000e+00 7.200000e-01 7.448367e-01 5.445380e-03 1.107450e+00 7.416058e-03
2.650000e+00 7.200000e-01 7.445418e-01 3.124044e-03 1.108251e+00 4.873542e-03
2.700000e+00 7.200000e-01 7.443493e-01 2.234269e-03 1.108811e+00 3.169121e-03
2.750000e+00 7.200000e-01 7.442249e-01 1.941972e-03 1.109199e+00 2.043493e-03
2.800000e+00 7.200000e-01 7.441450e-01 1.878682e-03 1.109464e+00 1.308480e-03
2.850000e+00 7.200000e-01 7.440940e-01 1.891763e-03 1.109645e+00 8.327104e-04
2.900000e+00 7.200000e-01 7.440617e-01 1.922892e-03 1.109766e+00 5.268978e-04
2.950000e+00 7.200000e-01 7.440413e-01 1.952449e-03 1.109848e+00 3.314905e-04
3.000000e+00 7.200000e-01 7.440286e-01 1.975519e-03 1.109902e+00 2.072967e-04
3.050000e+00 7.200000e-01 7.440206e-01 1.992155e-03 1.109938e+00 1.287714e-04
3.100000e+00 7.200000e-01 7.440157e-01 2.003703e-03 1.109962e+00 7.938499e-05
3.150000e+00 7.200000e-01 7.440127e-01 2.011562e-03 1.109978e+00 4.850213e-05
3.200000e+00 7.200000e-01 7.440108e-01 2.016853e-03 1.109988e+00 2.931335e-05
3.250000e+00 7.200000e-01 7.440097e-01 2.020393e-03 1.109995e+00 1.747796e-05
3.300000e+00 7.200000e-01 7.440091e-01 2.022752e-03 1.109999e+00 1.024105e-05
3.350000e+00 7.200000e-01 7.440087e-01 2.024320e-03 1.110002e+00 5.862054e-06
3.400000e+00 7.200000e-01 7.440085e-01 2.025359e-03 1.110004e+00 3.246562e-06
3.450000e+00 7.200000e-01 7.440084e-01 2.026046e-03 1.110005e+00 1.710160e-06
3.500000e+00 7.200000e-01 7.440083e-01 2.026500e-03 1.110006e+00 8.274177e-07
3.550000e+00 7.200000e-01 7.440083e-01 2.026798e-03 1.110006e+00 3.357293e-07
3.600000e+00 7.200000e-01 7.440083e-01 2.026994e-03 1.110006e+00 7.431598e-08
3.650000e+00 7.200000e-01 7.440083e-01 2.027122e-03 1.110007e+00 -5.430001e-08
3.700000e+00 7.200000e-01 7.440083e-01 2.027205e-03 1.110007e+00 -1.085156e-07
3.750000e+00 7.200000e-01 7.440083e-01 2.027259e-03 1.110007e+00 -1.227926e-07
3.800000e+00 7.200000e-01 7.440083e-01 2.027293e-03 1.110007e+00 -1.170725e-07
3.850000e+00 7.200000e-01 7.440083e-01 2.027315e-03 1.110007e+00 -1.025889e-07
3.900000e+00 7.200000e-01 7.440083e-01 2.027329e-03 1.110007e+00 -8.542814e-08
3.950000e+00 7.200000e-01 7.440083e-01 2.027337e-03 1.110007e+00 -6.868930e-08
4.000000e+00 7.200000e-01 7.440083e-01 2.027342e-03 1.110007e+00 -5.378094e-08
4.050000e+00 7.200000e-01 7.440083e-01 2.027345e-03 1.110007e+00 -4.118803e-08
4.100000e+00 7.200000e-01 7.440083e-01 2.027346e-03 1.110007e+00 -3.091809e-08
4.150000e+00 7.200000e-01 7.440083e-01 2.027347e-03 1.110007e+00 -2.275464e-08
4.200000e+00 7.200000e-01 7.440083e-01 2.027348e-03 1.110007e+00 -1.639647e-08
4.250000e+00 7.200000e-01 7.440083e-01 2.027348e-03 1.110007e+00 -1.153064e-08
4.300000e+00 7.200000e-01 7.440084e-01 2.027347e-03 1.110007e+00 -7.867605e-09
4.350000e+00 7.200000e-01 7.440084e-01 2.027347e-03 1.110007e+00 -5.155497e-09
4.400000e+00 7.200000e-01 7.440084e-01 2.027347e-03 1.110007e+00 -3.183319e-09
4.450000e+00 7.200000e-01 7.440084e-01 2.027347e-03 1.110007e+00 -1.778802e-09
4.500000e+00 7.200000e-01 7.440084e-01 2.027347e-03 1.110007e+00 -8.038692e-10
4.550000e+00 7.200000e-01 7.440084e-01 2.027347e-03 1.110007e+00 -1.494438e-10
4.600000e+00 7.200000e-01 7.440084e-01 2.027346e-03 1.110007e+00 2.695733e-10
4.650000e+00 7.200000e-01 7.440084e-01 2.027346e-03 1.110007e+00 5.187961e-10
4.700000e+00 7.200000e-01 7.440084e-01 2.027346e-03 1.110007e+00 6.482348e-10
4.750000e+00 7.200000e-01 7.440084e-01 2.027346e-03 1.110007e+00 6.955470e-10
4.800000e+00 7.200000e-01 7.440084e-01 2.027346e-03 1.110007e+00 6.886802e-10
4.850000e+00 7.200000e-01 7.440084e-01 2.027346e-03 1.110007e+00 6.480472e-10
4.900000e+00 7.200000e-01 7.440084e-01 2.027346e-03 1.110007e+00 5.882606e-10
4.950000e+00 7.200000e-01 7.440084e-01 2.027346e-03 1.110007e+00 5.194933e-10
5.000000e+00 7.200000e-01 7.440084e-01 2.027346e-03 1.110007e+00 4.486123e-10
5.050000e+00 7.200000e-01 7.440084e-01 2.027346e-03 1.110007e+00 3.800249e-10
5.100000e+00 7.200000e-01 7.440084e-01 2.027346e-03 1.110007e+00 3.163325e-10
5.150000e+00 7.200000e-01 7.440084e-01 2.027346e-03 1.110007e+00 2.588629e-10
5.200000e+00 7.200000e-01 7.440084e-01 2.027346e-03 1.110007e+00 2.080447e-10
5.250000e+00 7.200000e-01 7.440084e-01 2.027346e-03 1.110007e+00 1.637146e-10
5.300000e+00 7.200000e-01 7.440084e-01 2.027346e-03 1.110007e+00 1.253297e-10
5.350000e+00 7.200000e-01 7.440084e-01 2.027346e-03 1.110007e+00 9.208745e-11
5.400000e+00 7.200000e-01 7.440084e-01 2.027346e-03 1.110007e+00 6.306067e-11
5.450000e+00 7.200000e-01 7.440084e-01 2.027346e-03 1.110007e+00 3.725575e-11
5.500000e+00 7.200000e-01 7.440084e-01 2.027346e-03 1.110007e+00 1.362244e-11
5.550000e+00 7.200000e-01 7.440084e-01 2.027346e-03 1.110007e+00 -8.907319e-12
5.600000e+00 7.200000e-01 7.440084e-01 2.027346e-03 1.110007e+00 -3.146150e-11
5.650000e+00 7.200000e-01 7.440084e-01 2.027346e-03 1.110007e+00 -5.524470e-11
5.700000e+00 7.200000e-01 7.440084e-01 2.027346e-03 1.110007e+00 -8.157808e-11
5.750000e+00 7.200000e-01 7.440084e-01 2.027346e-03 1.110007e+00 -1.119871e-10
5.800000e+00 7.200000e-01 7.440084e-01 2.027346e-03 1.110007e+00 -1.482425e-10
5.850000e+00 7.200000e-01 7.440084e-01 2.027346e-03 1.110007e+00 -1.925005e-10
5.900000e+00 7.200000e-01 7.440084e-01 2.027346e-03 1.110007e+00 -2.474554e-10
5.950000e+00 7.200000e-01 7.440084e-01 2.027346e-03 1.110007e+00 -3.164702e-10
6.000000e+00 7.200000e-01 7.440084e-01 2.027346e-03 1.110007e+00 -4.038136e-10
6.050000e+00 7.200000e-01 7.440084e-01 2.027346e-03 1.110007e+00 -5.149514e-10
6.100000e+00 7.200000e-01 7.440084e-01 2.027346e-03 1.110007e+00 -6.569223e-10
6.150000e+00 7.200000e-01 7.440084e-01 2.027346e-03 1.110007e+00 -8.388157e-10
6.200000e+00 7.200000e-01 7.440084e-01 2.027346e-03 1.110007e+00 -1.072348e-09
6.250000e+00 7.200000e-01 7.440084e-01 2.027346e-03 1.110007e+00 -1.372668e-09
6.300000e+00 7.200000e-01 7.440084e-01 2.027346e-03 1.110007e+00 -1.759410e-09
6.350000e+00 7.200000e-01 7.440084e-01 2.027346e-03 1.110007e+00 -2.258015e-09
6.400000e+00 7.200000e-01 7.440084e-01 2.027346e-03 1.110007e+00 -2.901420e-09
6.450000e+00 7.200000e-01 7.440084e-01 2.027346e-03 1.110007e+00 -3.732320e-09
6.500000e+00 7.200000e-01 7.440084e-01 2.027346e-03 1.110007e+00 -4.806068e-09
6.550000e+00 7.200000e-01 7.440084e-01 2.027346e-03 1.110007e+00 -6.194402e-09
6.600000e+00 7.200000e-01 7.440084e-01 2.027346e-03 1.110007e+00 -7.990323e-09
6.650000e+00 7.200000e-01 7.440084e-01 2.027346e-03 1.110007e+00 -1.031441e-08
6.700000e+00 7.200000e-01 7.440084e-01 2.027346e-03 1.110007e+00 -1.332298e-08
6.750000e+00 7.200000e-01 7.440084e-01 2.027346e-03 1.110007e+00 -1.721868e-08
6.800000e+00 7.200000e-01 7.440084e-01 2.027346e-03 1.110007e+00 -2.226421e-08
6.850000e+00 7.200000e-01 7.440084e-01 2.027347e-03 1.110007e+00 -2.880012e-08
6.900000e+00 7.200000e-01 7.440084e-01 2.027347e-03 1.110007e+00 -3.726781e-08
6.950000e+00 7.200000e-01 7.440084e-01 2.027347e-03 1.110007e+00 -4.823941e-08
7.000000e+00 7.200000e-01 7.440084e-01 2.027347e-03 1.110007e+00 -6.245637e-08
7.050000e+00 7.200000e-01 7.440084e-01 2.027348e-03 1.110007e+00 -8.087948e-08
7.100000e+00 7.200000e-01 7.440084e-01 2.027348e-03 1.110007e+00 -1.047538e-07
7.150000e+00 7.200000e-01 7.440084e-01 2.027349e-03 1.110007e+00 -1.356918e-07
7.200000e+00 7.200000e-01 7.440084e-01 2.027350e-03 1.110007e+00 -1.757848e-07
7.250000e+00 7.200000e-01 7.440084e-01 2.027351e-03 1.110007e+00 -2.277320e-07
7.300000e+00 7.200000e-01 7.440084e-01 2.027352e-03 1.110007e+00 -2.950622e-07
7.350000e+00 7.200000e-01 7.440084e-01 2.027357e-03 1.110007e+00 -3.822344e-07
7.400000e+00 7.200000e-01 7.440084e-01 2.027349e-03 1.110007e+00 -4.953784e-07
7.450000e+00 7.200000e-01 7.440085e-01 2.027385e-03 1.110007e+00 -6.413125e-07
7.500000e+00 7.200000e-01 7.440085e-01 2.027292e-03 1.110007e+00 -8.322442e-07
7.550000e+00 7.200000e-01 7.440086e-01 2.027581e-03 1.110007e+00 -1.074066e-06
7.600000e+00 7.200000e-01 7.440086e-01 2.026789e-03 1.110007e+00 -1.402420e-06
7.650000e+00 7.200000e-01 7.440087e-01 2.028979e-03 1.110008e+00 -1.786954e-06
7.700000e+00 7.200000e-01 7.440088e-01 2.023256e-03 1.110008e+00 -2.389492e-06
7.750000e+00 7.200000e-01 7.440089e-01 2.037792e-03 1.110008e+00 -2.910461e-06
7.800000e+00 7.200000e-01 7.440091e-01 2.002473e-03 1.110008e+00 -4.199533e-06
7.850000e+00 7.200000e-01 7.440094e-01 2.085047e-03 1.110010e+00 -4.471632e-06
7.900000e+00 7.200000e-01 7.440095e-01 1.900392e-03 1.110008e+00 -7.850651e-06
7.950000e+00 7.200000e-01 7.440101e-01 2.295384e-03 1.110014e+00 -5.976333e-06
8.000000e+00 7.200000e-01 7.440101e-01 1.490255e-03 1.110004e+00 -1.577554e-05
8.050000e+00 7.200000e-01 7.440117e-01 3.050784e-03 1.110027e+00 -5.859546e-06
8.100000e+00 7.200000e-01 7.440107e-01 1.859699e-04 1.109990e+00 -3.224294e-05
8.150000e+00 7.200000e-01 7.440149e-01 5.148767e-03 1.110059e+00 -2.905371e-06
8.200000e+00 7.200000e-01 7.440110e-01 -2.922642e-03 1.109955e+00 -5.981281e-05
8.250000e+00 7.200000e-01 7.440209e-01 9.332128e-03 1.110121e+00 -4.259849e-06
8.300000e+00 7.200000e-01 7.440114e-01 -7.913251e-03 1.109901e+00 -8.920813e-05
8.350000e+00 7.200000e-01 7.440298e-01 1.439576e-02 1.110196e+00 -3.543455e-05
8.400000e+00 7.200000e-01 7.440150e-01 -1.188701e-02 1.109869e+00 -1.016651e-04
8.450000e+00 7.200000e-01 7.440400e-01 1.609815e-02 1.110238e+00 -1.171737e-04
8.500000e+00 7.200000e-01 7.440267e-01 -1.089198e-02 1.109907e+00 -1.231436e-04
8.550000e+00 7.200000e-01 7.440523e-01 1.360794e-02 1.110245e+00 -2.015485e-04
8.600000e+00 7.200000e-01 7.440468e-01 -9.903590e-03 1.109961e+00 -2.588146e-04
8.650000e+00 7.200000e-01 7.440782e-01 1.766737e-02 1.110352e+00 -2.415142e-04
8.700000e+00 7.200000e-01 7.440710e-01 -2.032292e-02 1.109917e+00 -5.026990e-04
8.750000e+00 7.200000e-01 7.441285e-01 3.101461e-02 1.110597e+00 -4.388717e-04
8.800000e+00 7.200000e-01 7.441149e-01 -2.895348e-02 1.109947e+00 -6.657954e-04
8.850000e+00 7.200000e-01 7.441951e-01 2.865735e-02 1.110748e+00 -9.461124e-04
8.900000e+00 7.200000e-01 7.442095e-01 -1.815703e-02 1.110241e+00 -1.040013e-03
8.950000e+00 7.200000e-01 7.442991e-01 2.265584e-02 1.110990e+00 -1.378437e-03
9.000000e+00 7.200000e-01 7.443473e-01 -3.036628e-02 1.110459e+00 -2.058653e-03
9.050000e+00 7.200000e-01 7.445049e-01 5.035646e-02 1.111692e+00 -2.198253e-03
9.100000e+00 7.200000e-01 7.445672e-01 -5.053304e-02 1.110872e+00 -3.059891e-03
9.150000e+00 7.200000e-01 7.448109e-01 4.206639e-02 1.112412e+00 -4.193385e-03
9.200000e+00 7.200000e-01 7.449865e-01 -2.475059e-02 1.111953e+00 -5.027314e-03
9.250000e+00 7.200000e-01 7.453136e-01 3.888698e-02 1.113739e+00 -6.351559e-03
9.300000e+00 7.200000e-01 7.456217e-01 -6.291865e-02 1.113273e+00 -8.910126e-03
9.350000e+00 7.200000e-01 7.462047e-01 7.964743e-02 1.116019e+00 -1.098966e-02
9.400000e+00 7.200000e-01 7.467206e-01 -5.298673e-02 1.115945e+00 -1.379919e-02
9.450000e+00 7.200000e-01 7.475846e-01 3.791263e-02 1.119397e+00 -1.839852e-02
9.500000e+00 7.200000e-01 7.485605e-01 -5.525992e-02 1.120004e+00 -2.411163e-02
9.550000e+00 7.200000e-01 7.499957e-01 9.599881e-02 1.125067e+00 -3.016850e-02
9.600000e+00 7.200000e-01 7.515773e-01 -7.764834e-02 1.126934e+00 -3.908741e-02
9.650000e+00 7.200000e-01 7.539045e-01 4.921006e-02 1.133730e+00 -5.153485e-02
9.700000e+00 7.200000e-01 7.567308e-01 -5.359254e-02 1.137048e+00 -6.698512e-02
9.750000e+00 7.200000e-01 7.606030e-01 9.486789e-02 1.146536e+00 -8.657053e-02
9.800000e+00 7.200000e-01 7.653879e-01 -5.994798e-02 1.152621e+00 -1.136783e-01
9.850000e+00 7.200000e-01 7.719708e-01 4.720478e-02 1.164431e+00 -1.517290e-01
9.900000e+00 7.200000e-01 7.805608e-01 -2.947049e-02 1.172700e+00 -2.038491e-01
9.950000e+00 7.200000e-01 7.923557e-01 6.041366e-02 1.188546e+00 -2.785523e-01
1.000000e+01 7.200000e-01 8.084160e-01 3.904737e-02 0.000000e+00 0.000000e+00
0.000000e+00 7.400000e-01 8.320560e-01 2.880000e+00 0.000000e+00 0.000000e+00
5.000000e-02 7.400000e-01 8.321223e-01 2.841804e+00 1.151566e+00 -7.596378e-04
1.000000e-01 7.400000e-01 8.321320e-01 2.837548e+00 1.152262e+00 2.361652e-04
1.500000e-01 7.400000e-01 8.320987e-01 2.997732e+00 1.154382e+00 5.737176e-04
2.000000e-01 7.400000e-01 8.320746e-01 2.982722e+00 1.153106e+00 8.787657e-05
2.500000e-01 7.400000e-01 8.320899e-01 2.687367e+00 1.150155e+00 -3.632956e-04
3.000000e-01 7.400000e-01 8.321109e-01 2.681031e+00 1.151984e+00 5.422456e-05
3.500000e-01 7.400000e-01 8.320845e-01 3.119731e+00 1.156069e+00 9.521952e-04
4.000000e-01 7.400000e-01 8.320157e-01 3.209239e+00 1.153860e+00 1.270187e-03
4.500000e-01 7.400000e-01 8.319575e-01 2.634355e+00 1.148227e+00 8.724503e-04
5.000000e-01 7.400000e-01 8.319285e-01 2.360147e+00 1.150370e+00 6.320720e-04
5.500000e-01 7.400000e-01 8.318943e-01 3.004269e+00 1.158169e+00 1.256841e-03
6.000000e-01 7.400000e-01 8.318028e-01 3.553937e+00 1.157154e+00 2.759525e-03
6.500000e-01 7.400000e-01 8.316183e-01 2.949372e+00 1.146987e+00 4.369656e-03
7.000000e-01 7.400000e-01 8.313658e-01 2.040450e+00 1.145375e+00 4.781153e-03
7.500000e-01 7.400000e-01 8.311402e-01 2.348278e+00 1.157472e+00 3.892786e-03
8.000000e-01 7.400000e-01 8.309765e-01 3.538749e+00 1.163585e+00 4.200942e-03
8.500000e-01 7.400000e-01 8.307201e-01 3.735037e+00 1.150360e+00 7.867472e-03
9.000000e-01 7.400000e-01 8.301898e-01 2.467795e+00 1.135915e+00 1.238893e-02
9.500000e-01 7.400000e-01 8.294812e-01 1.529050e+00 1.143015e+00 1.281173e-02
1.000000e+00 7.400000e-01 8.289086e-01 2.338516e+00 1.161723e+00 9.304640e-03
1.050000e+00 7.400000e-01 8.285507e-01 3.808397e+00 1.161569e+00 8.609680e-03
1.100000e+00 7.400000e-01 8.280476e-01 3.844352e+00 1.137492e+00 1.503249e-02
1.150000e+00 7.400000e-01 8.270475e-01 2.322717e+00 1.119623e+00 2.314173e-02
1.200000e+00 7.400000e-01 8.257335e-01 1.184460e+00 1.130793e+00 2.389874e-02
1.250000e+00 7.400000e-01 8.246576e-01 1.841539e+00 1.154387e+00 1.710528e-02
1.300000e+00 7.400000e-01 8.240229e-01 3.426127e+00 1.156056e+00 1.306868e-02
1.350000e+00 7.400000e-01 8.233507e-01 4.011658e+00 1.129317e+00 1.991224e-02
1.400000e+00 7.400000e-01 8.220317e-01 2.985232e+00 1.102920e+00 3.273933e-02
1.450000e+00 7.400000e-01 8.200768e-01 1.525917e+00 1.104237e+00 3.889100e-02
1.500000e+00 7.400000e-01 8.181426e-01 1.128617e+00 1.128100e+00 3.290739e-02
1.550000e+00 7.400000e-01 8.167861e-01 2.045375e+00 1.145148e+00 2.323618e-02
1.600000e+00 7.400000e-01 8.158190e-01 3.232255e+00 1.135833e+00 2.281286e-02
1.650000e+00 7.400000e-01 8.145048e-01 3.601088e+00 1.108682e+00 3.509875e-02
1.700000e+00 7.400000e-01 8.123091e-01 2.960737e+00 1.087193e+00 5.114311e-02
1.750000e+00 7.400000e-01 8.093905e-01 1.931379e+00 1.086298e+00 5.901878e-02
1.800000e+00 7.400000e-01 8.064072e-01 1.279402e+00 1.101645e+00 5.487651e-02
1.850000e+00 7.400000e-01 8.039028e-01 1.311730e+00 1.117305e+00 4.529204e-02
1.900000e+00 7.400000e-01 8.018780e-01 1.783192e+00 1.120731e+00 4.031848e-02
1.950000e+00 7.400000e-01 7.998710e-01 2.250873e+00 1.110441e+00 4.531508e-02
2.000000e+00 7.400000e-01 7.973465e-01 2.421779e+00 1.093198e+00 5.835518e-02
2.050000e+00 7.400000e-01 7.940355e-01 2.246494e+00 1.077217e+00 7.309567e-02
2.100000e+00 7.400000e-01 7.900370e-01 1.836755e+00 1.067555e+00 8.324505e-02
2.150000e+00 7.400000e-01 7.857109e-01 1.348369e+00 1.065184e+00 8.550098e-02
2.200000e+00 7.400000e-01 7.814869e-01 9.020325e-01 1.068396e+00 8.002617e-02
2.250000e+00 7.400000e-01 7.777083e-01 5.567162e-01 1.074650e+00 6.921735e-02
2.300000e+00 7.400000e-01 7.745651e-01 3.203175e-01 1.081800e+00 5.607070e-02
2.350000e+00 7.400000e-01 7.721013e-01 1.734360e-01 1.088509e+00 4.304362e-02
2.400000e+00 7.400000e-01 7.702608e-01 8.929399e-02 1.094161e+00 3.163022e-02
2.450000e+00 7.400000e-01 7.689382e-01 4.445175e-02 1.098614e+00 2.243914e-02
2.500000e+00 7.400000e-01 7.680169e-01 2.215413e-02 1.101968e+00 1.547802e-02
2.550000e+00 7.400000e-01 7.673904e-01 1.185504e-02 1.104413e+00 1.044232e-02
2.600000e+00 7.400000e-01 7.669726e-01 7.511606e-03 1.106155e+00 6.923778e-03
2.650000e+00 7.400000e-01 7.666981e-01 5.919438e-03 1.107372e+00 4.529085e-03
2.700000e+00 7.400000e-01 7.665197e-01 5.494695e-03 1.108211e+00 2.931306e-03
2.750000e+00 7.400000e-01 7.664049e-01 5.507811e-03 1.108783e+00 1.881075e-03
2.800000e+00 7.400000e-01 7.663316e-01 5.648695e-03 1.109168e+00 1.198540e-03
2.850000e+00 7.400000e-01 7.662851e-01 5.799404e-03 1.109427e+00 7.588406e-04
2.900000e+00 7.400000e-01 7.662557e-01 5.923503e-03 1.109599e+00 4.775721e-04
2.950000e+00 7.400000e-01 7.662373e-01 6.015790e-03 1.109712e+00 2.987286e-04
3.000000e+00 7.400000e-01 7.662258e-01 6.081077e-03 1.109787e+00 1.856372e-04
3.050000e+00 7.400000e-01 7.662188e-01 6.126039e-03 1.109836e+00 1.145118e-04
3.100000e+00 7.400000e-01 7.662144e-01 6.156536e-03 1.109869e+00 7.003384e-05
3.150000e+00 7.400000e-01 7.662118e-01 6.177038e-03 1.109889e+00 4.239332e-05
3.200000e+00 7.400000e-01 7.662102e-01 6.190745e-03 1.109903e+00 2.533831e-05
3.250000e+00 7.400000e-01 7.662092e-01 6.199875e-03 1.109912e+00 1.490227e-05
3.300000e+00 7.400000e-01 7.662087e-01 6.205939e-03 1.109917e+00 8.579955e-06
3.350000e+00 7.400000e-01 7.662084e-01 6.209958e-03 1.109921e+00 4.796638e-06
3.400000e+00 7.400000e-01 7.662082e-01 6.212615e-03 1.109923e+00 2.567679e-06
3.450000e+00 7.400000e-01 7.662081e-01 6.214369e-03 1.109925e+00 1.281059e-06
3.500000e+00 7.400000e-01 7.662081e-01 6.215522e-03 1.109926e+00 5.589558e-07
3.550000e+00 7.400000e-01 7.662080e-01 6.216279e-03 1.109926e+00 1.699882e-07
3.600000e+00 7.400000e-01 7.662080e-01 6.216775e-03 1.109926e+00 -2.619988e-08
3.650000e+00 7.400000e-01 7.662080e-01 6.217097e-03 1.109927e+00 -1.137646e-07
3.700000e+00 7.400000e-01 7.662081e-01 6.217306e-03 1.109927e+00 -1.424383e-07
3.750000e+00 7.400000e-01 7.662081e-01 6.217441e-03 1.109927e+00 -1.410643e-07
3.800000e+00 7.400000e-01 7.662081e-01 6.217527e-03 1.109927e+00 -1.259541e-07
3.850000e+00 7.400000e-01 7.662081e-01 6.217581e-03 1.109927e+00 -1.060055e-07
3.900000e+00 7.400000e-01 7.662081e-01 6.217615e-03 1.109927e+00 -8.580925e-08
3.950000e+00 7.400000e-01 7.662081e-01 6.217635e-03 1.109927e+00 -6.751271e-08
4.000000e+00 7.400000e-01 7.662081e-01 6.217647e-03 1.109927e+00 -5.192355e-08
4.050000e+00 7.400000e-01 7.662081e-01 6.217654e-03 1.109927e+00 -3.915124e-08
4.100000e+00 7.400000e-01 7.662081e-01 6.217658e-03 1.109927e+00 -2.897195e-08
4.150000e+00 7.400000e-01 7.662081e-01 6.217660e-03 1.109927e+00 -2.102935e-08
4.200000e+00 7.400000e-01 7.662081e-01 6.217660e-03 1.109927e+00 -1.494015e-08
4.250000e+00 7.400000e-01 7.662081e-01 6.217660e-03 1.109927e+00 -1.034531e-08
4.300000e+00 7.400000e-01 7.662081e-01 6.217660e-03 1.109927e+00 -6.931281e-09
4.350000e+00 7.400000e-01 7.662081e-01 6.217659e-03 1.109927e+00 -4.435484e-09
4.400000e+00 7.400000e-01 7.662081e-01 6.217659e-03 1.109927e+00 -2.643972e-09
4.450000e+00 7.400000e-01 7.662081e-01 6.217658e-03 1.109927e+00 -1.385786e-09
4.500000e+00 7.400000e-01 7.662081e-01 6.217658e-03 1.109927e+00 -5.263112e-10
4.550000e+00 7.400000e-01 7.662081e-01 6.217657e-03 1.109927e+00 3.918421e-11
4.600000e+00 7.400000e-01 7.662081e-01 6.217657e-03 1.109927e+00 3.913159e-10
4.650000e+00 7.400000e-01 7.662081e-01 6.217657e-03 1.109927e+00 5.914946e-10
4.700000e+00 7.400000e-01 7.662081e-01 6.217657e-03 1.109927e+00 6.859902e-10
4.750000e+00 7.400000e-01 7.662081e-01 6.217656e-03 1.109927e+00 7.092582e-10
4.800000e+00 7.400000e-01 7.662081e-01 6.217656e-03 1.109927e+00 6.865808e-10
4.850000e+00 7.400000e-01 7.662081e-01 6.217656e-03 1.109927e+00 6.362200e-10
4.900000e+00 7.400000e-01 7.662081e-01 6.217656e-03 1.109927e+00 5.710765e-10
4.950000e+00 7.400000e-01 7.662081e-01 6.217656e-03 1.109927e+00 4.999945e-10
5.000000e+00 7.400000e-01 7.662081e-01 6.217656e-03 1.109927e+00 4.288381e-10
5.050000e+00 7.400000e-01 7.662081e-01 6.217656e-03 1.109927e+00 3.612510e-10
5.100000e+00 7.400000e-01 7.662081e-01 6.217656e-03 1.109927e+00 2.992873e-10
5.150000e+00 7.400000e-01 7.662081e-01 6.217656e-03 1.109927e+00 2.438960e-10
5.200000e+00 7.400000e-01 7.662081e-01 6.217656e-03 1.109927e+00 1.952527e-10
5.250000e+00 7.400000e-01 7.662081e-01 6.217656e-03 1.109927e+00 1.530176e-10
5.300000e+00 7.400000e-01 7.662081e-01 6.217656e-03 1.109927e+00 1.165423e-10
5.350000e+00 7.400000e-01 7.662081e-01 6.217656e-03 1.109927e+00 8.497980e-11
5.400000e+00 7.400000e-01 7.662081e-01 6.217656e-03 1.109927e+00 5.737411e-11
5.450000e+00 7.400000e-01 7.662081e-01 6.217656e-03 1.109927e+00 3.272382e-11
5.500000e+00 7.400000e-01 7.662081e-01 6.217656e-03 1.109927e+00 9.994228e-12
5.550000e+00 7.400000e-01 7.662081e-01 6.217656e-03 1.109927e+00 -1.187384e-11
5.600000e+00 7.400000e-01 7.662081e-01 6.217656e-03 1.109927e+00 -3.399947e-11
5.650000e+00 7.400000e-01 7.662081e-01 6.217656e-03 1.109927e+00 -5.758061e-11
5.700000e+00 7.400000e-01 7.662081e-01 6.217656e-03 1.109927e+00 -8.394840e-11
5.750000e+00 7.400000e-01 7.662081e-01 6.217656e-03 1.109927e+00 -1.146350e-10
5.800000e+00 7.400000e-01 7.662081e-01 6.217656e-03 1.109927e+00 -1.514522e-10
5.850000e+00 7.400000e-01 7.662081e-01 6.217656e-03 1.109927e+00 -1.966072e-10
5.900000e+00 7.400000e-01 7.662081e-01 6.217656e-03 1.109927e+00 -2.528666e-10
5.950000e+00 7.400000e-01 7.662081e-01 6.217656e-03 1.109927e+00 -3.237055e-10
6.000000e+00 7.400000e-01 7.662081e-01 6.217656e-03 1.109927e+00 -4.135303e-10
6.050000e+00 7.400000e-01 7.662081e-01 6.217656e-03 1.109927e+00 -5.280110e-10
6.100000e+00 7.400000e-01 7.662081e-01 6.217656e-03 1.109927e+00 -6.744483e-10
6.150000e+00 7.400000e-01 7.662081e-01 6.217656e-03 1.109927e+00 -8.622636e-10
6.200000e+00 7.400000e-01 7.662081e-01 6.217656e-03 1.109927e+00 -1.103623e-09
6.250000e+00 7.400000e-01 7.662081e-01 6.217656e-03 1.109927e+00 -1.414272e-09
6.300000e+00 7.400000e-01 7.662081e-01 6.217656e-03 1.109927e+00 -1.814612e-09
6.350000e+00 7.400000e-01 7.662081e-01 6.217656e-03 1.109927e+00 -2.331075e-09
6.400000e+00 7.400000e-01 7.662081e-01 6.217656e-03 1.109927e+00 -2.997917e-09
6.450000e+00 7.400000e-01 7.662081e-01 6.217656e-03 1.109927e+00 -3.859538e-09
6.500000e+00 7.400000e-01 7.662081e-01 6.217656e-03 1.109927e+00 -4.973499e-09
6.550000e+00 7.400000e-01 7.662081e-01 6.217656e-03 1.109927e+00 -6.414441e-09
6.600000e+00 7.400000e-01 7.662081e-01 6.217656e-03 1.109927e+00 -8.279134e-09
6.650000e+00 7.400000e-01 7.662081e-01 6.217657e-03 1.109927e+00 -1.069304e-08
6.700000e+00 7.400000e-01 7.662081e-01 6.217657e-03 1.109927e+00 -1.381884e-08
6.750000e+00 7.400000e-01 7.662081e-01 6.217657e-03 1.109927e+00 -1.786749e-08
6.800000e+00 7.400000e-01 7.662081e-01 6.217657e-03 1.109927e+00 -2.311247e-08
6.850000e+00 7.400000e-01 7.662081e-01 6.217658e-03 1.109927e+00 -2.990831e-08
6.900000e+00 7.400000e-01 7.662081e-01 6.217658e-03 1.109927e+00 -3.871464e-08
6.950000e+00 7.400000e-01 7.662081e-01 6.217659e-03 1.109927e+00 -5.012723e-08
7.000000e+00 7.400000e-01 7.662081e-01 6.217660e-03 1.109927e+00 -6.491829e-08
7.050000e+00 7.400000e-01 7.662081e-01 6.217661e-03 1.109927e+00 -8.408848e-08
7.100000e+00 7.400000e-01 7.662081e-01 6.217663e-03 1.109927e+00 -1.089349e-07
7.150000e+00 7.400000e-01 7.662081e-01 6.217665e-03 1.109927e+00 -1.411367e-07
7.200000e+00 7.400000e-01 7.662081e-01 6.217667e-03 1.109927e+00 -1.828742e-07
7.250000e+00 7.400000e-01 7.662081e-01 6.217671e-03 1.109927e+00 -2.369548e-07
7.300000e+00 7.400000e-01 7.662082e-01 6.217674e-03 1.109927e+00 -3.070720e-07
7.350000e+00 7.400000e-01 7.662082e-01 6.217686e-03 1.109927e+00 -3.978185e-07
7.400000e+00 7.400000e-01 7.662082e-01 6.217673e-03 1.109927e+00 -5.157508e-07
7.450000e+00 7.400000e-01 7.662082e-01 6.217744e-03 1.109927e+00 -6.674661e-07
7.500000e+00 7.400000e-01 7.662083e-01 6.217574e-03 1.109927e+00 -8.671767e-07
7.550000e+00 7.400000e-01 7.662083e-01 6.218119e-03 1.109927e+00 -1.116821e-06
7.600000e+00 7.400000e-01 7.662084e-01 6.216664e-03 1.109927e+00 -1.465008e-06
7.650000e+00 7.400000e-01 7.662085e-01 6.220670e-03 1.109928e+00 -1.850031e-06
7.700000e+00 7.400000e-01 7.662086e-01 6.210370e-03 1.109928e+00 -2.516526e-06
7.750000e+00 7.400000e-01 7.662087e-01 6.236268e-03 1.109928e+00 -2.967999e-06
7.800000e+00 7.400000e-01 7.662089e-01 6.174184e-03 1.109928e+00 -4.518628e-06
7.850000e+00 7.400000e-01 7.662092e-01 6.317609e-03 1.109930e+00 -4.354377e-06
7.900000e+00 7.400000e-01 7.662093e-01 6.001041e-03 1.109927e+00 -8.798152e-06
7.950000e+00 7.400000e-01 7.662100e-01 6.669678e-03 1.109935e+00 -5.045827e-06
8.000000e+00 7.400000e-01 7.662098e-01 5.324649e-03 1.109921e+00 -1.857636e-05
8.050000e+00 7.400000e-01 7.662119e-01 7.897547e-03 1.109950e+00 -2.499468e-06
8.100000e+00 7.400000e-01 7.662100e-01 3.237501e-03 1.109902e+00 -3.927840e-05
8.150000e+00 7.400000e-01 7.662158e-01 1.120187e-02 1.109987e+00 5.156741e-06
8.200000e+00 7.400000e-01 7.662095e-01 -1.575264e-03 1.109858e+00 -7.305875e-05
8.250000e+00 7.400000e-01 7.662231e-01 1.756276e-02 1.110055e+00 7.908625e-06
8.300000e+00 7.400000e-01 7.662087e-01 -9.012033e-03 1.109794e+00 -1.050583e-04
8.350000e+00 7.400000e-01 7.662336e-01 2.493845e-02 1.110134e+00 -2.799658e-05
8.400000e+00 7.400000e-01 7.662115e-01 -1.463114e-02 1.109755e+00 -1.094368e-04
8.450000e+00 7.400000e-01 7.662446e-01 2.721803e-02 1.110169e+00 -1.246568e-04
8.500000e+00 7.400000e-01 7.662240e-01 -1.319757e-02 1.109792e+00 -1.235436e-04
8.550000e+00 7.400000e-01 7.662569e-01 2.406144e-02 1.110166e+00 -2.107766e-04
8.600000e+00 7.400000e-01 7.662451e-01 -1.263044e-02 1.109830e+00 -2.805518e-04
8.650000e+00 7.400000e-01 7.662850e-01 3.077980e-02 1.110273e+00 -2.293227e-04
8.700000e+00 7.400000e-01 7.662680e-01 -2.780893e-02 1.109758e+00 -5.507896e-04
8.750000e+00 7.400000e-01 7.663401e-01 4.916823e-02 1.110498e+00 -4.420446e-04
8.800000e+00 7.400000e-01 7.663122e-01 -3.911179e-02 1.109767e+00 -6.920135e-04
8.850000e+00 7.400000e-01 7.664093e-01 4.606752e-02 1.110609e+00 -9.998599e-04
8.900000e+00 7.400000e-01 7.664122e-01 -2.626119e-02 1.110003e+00 -1.085190e-03
8.950000e+00 7.400000e-01 7.665178e-01 4.106681e-02 1.110818e+00 -1.411641e-03
9.000000e+00 7.400000e-01 7.665534e-01 -4.463068e-02 1.110127e+00 -2.189607e-03
9.050000e+00 7.400000e-01 7.667367e-01 7.713165e-02 1.111404e+00 -2.270441e-03
9.100000e+00 7.400000e-01 7.667804e-01 -6.920889e-02 1.110445e+00 -3.187968e-03
9.150000e+00 7.400000e-01 7.670555e-01 6.781409e-02 1.111964e+00 -4.382856e-03
9.200000e+00 7.400000e-01 7.672187e-01 -4.239286e-02 1.111245e+00 -5.272958e-03
9.250000e+00 7.400000e-01 7.675828e-01 7.034097e-02 1.113077e+00 -6.581506e-03
9.300000e+00 7.400000e-01 7.678768e-01 -8.998878e-02 1.112242e+00 -9.314840e-03
9.350000e+00 7.400000e-01 7.685143e-01 1.167066e-01 1.114819e+00 -1.146492e-02
9.400000e+00 7.400000e-01 7.690233e-01 -8.026900e-02 1.114301e+00 -1.441447e-02
9.450000e+00 7.400000e-01 7.699558e-01 7.958854e-02 1.117577e+00 -1.910398e-02
9.500000e+00 7.400000e-01 7.709337e-01 -9.137073e-02 1.117300e+00 -2.511084e-02
9.550000e+00 7.400000e-01 7.724669e-01 1.432336e-01 1.121861e+00 -3.139145e-02
9.600000e+00 7.400000e-01 7.740729e-01 -1.128363e-01 1.122556e+00 -4.061809e-02
9.650000e+00 7.400000e-01 7.765287e-01 1.059199e-01 1.128476e+00 -5.324924e-02
9.700000e+00 7.400000e-01 7.793978e-01 -9.800907e-02 1.129584e+00 -6.913694e-02
9.750000e+00 7.400000e-01 7.834424e-01 1.517383e-01 1.137186e+00 -8.911493e-02
9.800000e+00 7.400000e-01 7.883093e-01 -9.333324e-02 1.139388e+00 -1.164704e-01
9.850000e+00 7.400000e-01 7.950894e-01 1.187044e-01 1.147175e+00 -1.545442e-01
9.900000e+00 7.400000e-01 8.037637e-01 -4.697293e-02 1.147261e+00 -2.068399e-01
9.950000e+00 7.400000e-01 8.157734e-01 1.365918e-01 1.152437e+00 -2.829228e-01
1.000000e+01 7.400000e-01 8.320560e-01 9.428241e-02 0.000000e+00 0.000000e+00
0.000000e+00 7.600000e-01 8.545440e-01 3.120000e+00 0.000000e+00 0.000000e+00
5.000000e-02 7.600000e-01 8.545906e-01 3.107893e+00 1.092414e+00 -6.463804e-04
1.000000e-01 7.600000e-01 8.546086e-01 3.146564e+00 1.092480e+00 7.565598e-05
1.500000e-01 7.600000e-01 8.545831e-01 3.161259e+00 1.092771e+00 6.251857e-04
2.000000e-01 7.600000e-01 8.545461e-01 3.067719e+00 1.092837e+00 2.142100e-04
2.500000e-01 7.600000e-01 8.545616e-01 3.038276e+00 1.092904e+00 -5.893745e-04
3.000000e-01 7.600000e-01 8.546051e-01 3.188508e+00 1.092853e+00 -1.125866e-04
3.500000e-01 7.600000e-01 8.545729e-01 3.256643e+00 1.092381e+00 1.393498e-03
4.000000e-01 7.600000e-01 8.544657e-01 3.052755e+00 1.092196e+00 1.594041e-03
4.500000e-01 7.600000e-01 8.544135e-01 2.907782e+00 1.093185e+00 1.520401e-04
5.000000e-01 7.600000e-01 8.544505e-01 3.138174e+00 1.094299e+00 -1.683201e-04
5.500000e-01 7.600000e-01 8.544303e-01 3.400673e+00 1.093457e+00 2.016372e-03
6.000000e-01 7.600000e-01 8.542489e-01 3.191323e+00 1.091460e+00 4.163138e-03
6.500000e-01 7.600000e-01 8.540140e-01 2.769895e+00 1.092056e+00 3.760698e-03
7.000000e-01 7.600000e-01 8.538728e-01 2.845620e+00 1.095827e+00 2.423733e-03
7.500000e-01 7.600000e-01 8.537716e-01 3.393224e+00 1.097396e+00 3.569456e-03
8.000000e-01 7.600000e-01 8.535159e-01 3.560588e+00 1.092934e+00 7.355434e-03
8.500000e-01 7.600000e-01 8.530361e-01 2.969943e+00 1.087824e+00 1.032656e-02
9.000000e-01 7.600000e-01 8.524832e-01 2.422688e+00 1.090146e+00 1.016920e-02
9.500000e-01 7.600000e-01 8.520192e-01 2.764622e+00 1.097487e+00 8.875700e-03
1.000000e+00 7.600000e-01 8.515956e-01 3.583654e+00 1.098119e+00 1.019672e-02
1.050000e+00 7.600000e-01 8.509995e-01 3.704100e+00 1.087666e+00 1.482903e-02
1.100000e+00 7.600000e-01 8.501127e-01 2.842588e+00 1.077494e+00 1.934686e-02
1.150000e+00 7.600000e-01 8.490648e-01 2.052094e+00 1.080396e+00 2.016927e-02
1.200000e+00 7.600000e-01 8.480958e-01 2.334644e+00 1.092336e+00 1.785097e-02
1.250000e+00 7.600000e-01 8.472797e-01 3.351097e+00 1.095980e+00 1.684006e-02
1.300000e+00 7.600000e-01 8.464118e-01 3.854608e+00 1.082619e+00 2.074932e-02
1.350000e+00 7.600000e-01 8.452048e-01 3.218874e+00 1.064274e+00 2.805296e-02
1.400000e+00 7.600000e-01 8.436065e-01 2.105420e+00 1.059870e+00 3.310740e-02
1.450000e+00 7.600000e-01 8.418940e-01 1.638579e+00 1.073135e+00 3.194363e-02
1.500000e+00 7.600000e-01 8.404121e-01 2.214816e+00 1.088255e+00 2.698678e-02
1.550000e+00 7.600000e-01 8.391954e-01 3.191127e+00 1.087312e+00 2.528798e-02
1.600000e+00 7.600000e-01 8.378833e-01 3.642869e+00 1.069042e+00 3.155279e-02
1.650000e+00 7.600000e-01 8.360401e-01 3.224725e+00 1.048703e+00 4.323451e-02
1.700000e+00 7.600000e-01 8.335599e-01 2.317787e+00 1.042421e+00 5.267790e-02
1.750000e+00 7.600000e-01 8.307723e-01 1.588842e+00 1.053335e+00 5.404271e-02
1.800000e+00 7.600000e-01 8.281556e-01 1.449067e+00 1.070895e+00 4.839644e-02
1.850000e+00 7.600000e-01 8.259327e-01 1.818988e+00 1.081400e+00 4.243856e-02
1.900000e+00 7.600000e-01 8.239118e-01 2.319803e+00 1.078526e+00 4.275507e-02
1.950000e+00 7.600000e-01 8.216572e-01 2.610856e+00 1.065424e+00 5.121367e-02
2.000000e+00 7.600000e-01 8.187904e-01 2.560601e+00 1.049958e+00 6.457743e-02
2.050000e+00 7.600000e-01 8.151994e-01 2.221794e+00 1.039077e+00 7.723390e-02
2.100000e+00 7.600000e-01 8.110670e-01 1.732645e+00 1.035964e+00 8.442410e-02
2.150000e+00 7.600000e-01 8.067570e-01 1.230207e+00 1.040152e+00 8.411606e-02
2.200000e+00 7.600000e-01 8.026554e-01 8.039626e-01 1.049168e+00 7.705868e-02
2.250000e+00 7.600000e-01 7.990511e-01 4.882563e-01 1.060219e+00 6.564932e-02
2.300000e+00 7.600000e-01 7.960905e-01 2.781038e-01 1.071177e+00 5.259671e-02
2.350000e+00 7.600000e-01 7.937915e-01 1.502571e-01 1.080825e+00 4.003240e-02
2.400000e+00 7.600000e-01 7.920872e-01 7.859290e-02 1.088691e+00 2.920612e-02
2.450000e+00 7.600000e-01 7.908708e-01 4.159134e-02 1.094770e+00 2.058400e-02
2.500000e+00 7.600000e-01 7.900288e-01 2.421235e-02 1.099288e+00 1.410907e-02
2.550000e+00 7.600000e-01 7.894599e-01 1.706675e-02 1.102548e+00 9.459294e-03
2.600000e+00 7.600000e-01 7.890829e-01 1.480243e-02 1.104847e+00 6.232531e-03
2.650000e+00 7.600000e-01 7.888367e-01 1.461179e-02 1.106439e+00 4.050967e-03
2.700000e+00 7.600000e-01 7.886778e-01 1.514355e-02 1.107526e+00 2.604923e-03
2.750000e+00 7.600000e-01 7.885762e-01 1.581196e-02 1.108260e+00 1.660614e-03
2.800000e+00 7.600000e-01 7.885117e-01 1.640109e-02 1.108750e+00 1.050895e-03
2.850000e+00 7.600000e-01 7.884711e-01 1.685711e-02 1.109076e+00 6.606529e-04
2.900000e+00 7.600000e-01 7.884457e-01 1.718812e-02 1.109291e+00 4.126550e-04
2.950000e+00 7.600000e-01 7.884298e-01 1.741993e-02 1.109432e+00 2.560218e-04
3.000000e+00 7.600000e-01 7.884201e-01 1.757889e-02 1.109524e+00 1.576649e-04
3.050000e+00 7.600000e-01 7.884141e-01 1.768650e-02 1.109584e+00 9.626392e-05
3.100000e+00 7.600000e-01 7.884104e-01 1.775878e-02 1.109623e+00 5.817546e-05
3.150000e+00 7.600000e-01 7.884083e-01 1.780706e-02 1.109648e+00 3.471689e-05
3.200000e+00 7.600000e-01 7.884070e-01 1.783919e-02 1.109664e+00 2.038915e-05
3.250000e+00 7.600000e-01 7.884062e-01 1.786052e-02 1.109675e+00 1.172555e-05
3.300000e+00 7.600000e-01 7.884058e-01 1.787465e-02 1.109681e+00 6.551128e-06
3.350000e+00 7.600000e-01 7.884056e-01 1.788398e-02 1.109686e+00 3.508510e-06
3.400000e+00 7.600000e-01 7.884054e-01 1.789014e-02 1.109688e+00 1.755596e-06
3.450000e+00 7.600000e-01 7.884054e-01 1.789419e-02 1.109690e+00 7.735505e-07
3.500000e+00 7.600000e-01 7.884054e-01 1.789684e-02 1.109691e+00 2.452946e-07
3.550000e+00 7.600000e-01 7.884054e-01 1.789858e-02 1.109691e+00 -2.107263e-08
3.600000e+00 7.600000e-01 7.884054e-01 1.789971e-02 1.109692e+00 -1.403189e-07
3.650000e+00 7.600000e-01 7.884054e-01 1.790045e-02 1.109692e+00 -1.800664e-07
3.700000e+00 7.600000e-01 7.884054e-01 1.790092e-02 1.109692e+00 -1.793984e-07
3.750000e+00 7.600000e-01 7.884054e-01 1.790122e-02 1.109692e+00 -1.603242e-07
3.800000e+00 7.600000e-01 7.884054e-01 1.790142e-02 1.109692e+00 -1.347874e-07
3.850000e+00 7.600000e-01 7.884054e-01 1.790154e-02 1.109692e+00 -1.089078e-07
3.900000e+00 7.600000e-01 7.884054e-01 1.790161e-02 1.109692e+00 -8.551883e-08
3.950000e+00 7.600000e-01 7.884054e-01 1.790166e-02 1.109692e+00 -6.566483e-08
4.000000e+00 7.600000e-01 7.884054e-01 1.790168e-02 1.109692e+00 -4.946697e-08
4.050000e+00 7.600000e-01 7.884054e-01 1.790170e-02 1.109692e+00 -3.661267e-08
4.100000e+00 7.600000e-01 7.884054e-01 1.790171e-02 1.109692e+00 -2.662278e-08
4.150000e+00 7.600000e-01 7.884054e-01 1.790171e-02 1.109692e+00 -1.899010e-08
4.200000e+00 7.600000e-01 7.884054e-01 1.790171e-02 1.109692e+00 -1.324513e-08
4.250000e+00 7.600000e-01 7.884054e-01 1.790171e-02 1.109692e+00 -8.982267e-09
4.300000e+00 7.600000e-01 7.884054e-01 1.790171e-02 1.109692e+00 -5.865221e-09
4.350000e+00 7.600000e-01 7.884054e-01 1.790171e-02 1.109692e+00 -3.622617e-09
4.400000e+00 7.600000e-01 7.884054e-01 1.790171e-02 1.109692e+00 -2.039574e-09
4.450000e+00 7.600000e-01 7.884054e-01 1.790170e-02 1.109692e+00 -9.483181e-10
4.500000e+00 7.600000e-01 7.884054e-01 1.790170e-02 1.109692e+00 -2.193079e-10
4.550000e+00 7.600000e-01 7.884054e-01 1.790170e-02 1.109692e+00 2.465217e-10
4.600000e+00 7.600000e-01 7.884054e-01 1.790170e-02 1.109692e+00 5.242473e-10
4.650000e+00 7.600000e-01 7.884054e-01 1.790170e-02 1.109692e+00 6.702261e-10
4.700000e+00 7.600000e-01 7.884054e-01 1.790170e-02 1.109692e+00 7.263479e-10
4.750000e+00 7.600000e-01 7.884054e-01 1.790170e-02 1.109692e+00 7.233791e-10
4.800000e+00 7.600000e-01 7.884054e-01 1.790170e-02 1.109692e+00 6.835787e-10
4.850000e+00 7.600000e-01 7.884054e-01 1.790170e-02 1.109692e+00 6.227685e-10
4.900000e+00 7.600000e-01 7.884054e-01 1.790170e-02 1.109692e+00 5.519485e-10
4.950000e+00 7.600000e-01 7.884054e-01 1.790170e-02 1.109692e+00 4.785028e-10
5.000000e+00 7.600000e-01 7.884054e-01 1.790170e-02 1.109692e+00 4.071621e-10
5.050000e+00 7.600000e-01 7.884054e-01 1.790170e-02 1.109692e+00 3.407585e-10
5.100000e+00 7.600000e-01 7.884054e-01 1.790170e-02 1.109692e+00 2.807576e-10
5.150000e+00 7.600000e-01 7.884054e-01 1.790170e-02 1.109692e+00 2.276912e-10
5.200000e+00 7.600000e-01 7.884054e-01 1.790170e-02 1.109692e+00 1.814560e-10
5.250000e+00 7.600000e-01 7.884054e-01 1.790170e-02 1.109692e+00 1.415357e-10
5.300000e+00 7.600000e-01 7.884054e-01 1.790170e-02 1.109692e+00 1.071743e-10
5.350000e+00 7.600000e-01 7.884054e-01 1.790170e-02 1.109692e+00 7.746803e-11
5.400000e+00 7.600000e-01 7.884054e-01 1.790170e-02 1.109692e+00 5.144662e-11
5.450000e+00 7.600000e-01 7.884054e-01 1.790170e-02 1.109692e+00 2.810752e-11
5.500000e+00 7.600000e-01 7.884054e-01 1.790170e-02 1.109692e+00 6.433742e-12
5.550000e+00 7.600000e-01 7.884054e-01 1.790170e-02 1.109692e+00 -1.461387e-11
5.600000e+00 7.600000e-01 7.884054e-01 1.790170e-02 1.109692e+00 -3.614664e-11
5.650000e+00 7.600000e-01 7.884054e-01 1.790170e-02 1.109692e+00 -5.934253e-11
5.700000e+00 7.600000e-01 7.884054e-01 1.790170e-02 1.109692e+00 -8.551937e-11
5.750000e+00 7.600000e-01 7.884054e-01 1.790170e-02 1.109692e+00 -1.162126e-10
5.800000e+00 7.600000e-01 7.884054e-01 1.790170e-02 1.109692e+00 -1.532485e-10
5.850000e+00 7.600000e-01 7.884054e-01 1.790170e-02 1.109692e+00 -1.988754e-10
5.900000e+00 7.600000e-01 7.884054e-01 1.790170e-02 1.109692e+00 -2.558920e-10
5.950000e+00 7.600000e-01 7.884054e-01 1.790170e-02 1.109692e+00 -3.278422e-10
6.000000e+00 7.600000e-01 7.884054e-01 1.790170e-02 1.109692e+00 -4.192413e-10
6.050000e+00 7.600000e-01 7.884054e-01 1.790170e-02 1.109692e+00 -5.358913e-10
6.100000e+00 7.600000e-01 7.884054e-01 1.790170e-02 1.109692e+00 -6.852741e-10
6.150000e+00 7.600000e-01 7.884054e-01 1.790170e-02 1.109692e+00 -8.770418e-10
6.200000e+00 7.600000e-01 7.884054e-01 1.790170e-02 1.109692e+00 -1.123684e-09
6.250000e+00 7.600000e-01 7.884054e-01 1.790170e-02 1.109692e+00 -1.441361e-09
6.300000e+00 7.600000e-01 7.884054e-01 1.790170e-02 1.109692e+00 -1.851015e-09
6.350000e+00 7.600000e-01 7.884054e-01 1.790170e-02 1.109692e+00 -2.379799e-09
6.400000e+00 7.600000e-01 7.884054e-01 1.790170e-02 1.109692e+00 -3.062890e-09
6.450000e+00 7.600000e-01 7.884054e-01 1.790170e-02 1.109692e+00 -3.945908e-09
6.500000e+00 7.600000e-01 7.884054e-01 1.790170e-02 1.109692e+00 -5.088004e-09
6.550000e+00 7.600000e-01 7.884054e-01 1.790170e-02 1.109692e+00 -6.565889e-09
6.600000e+00 7.600000e-01 7.884054e-01 1.790170e-02 1.109692e+00 -8.479034e-09
6.650000e+00 7.600000e-01 7.884054e-01 1.790170e-02 1.109692e+00 -1.095641e-08
6.700000e+00 7.600000e-01 7.884054e-01 1.790170e-02 1.109692e+00 -1.416531e-08
6.750000e+00 7.600000e-01 7.884054e-01 1.790170e-02 1.109692e+00 -1.832264e-08
6.800000e+00 7.600000e-01 7.884054e-01 1.790170e-02 1.109692e+00 -2.370966e-08
6.850000e+00 7.600000e-01 7.884054e-01 1.790170e-02 1.109692e+00 -3.069103e-08
6.900000e+00 7.600000e-01 7.884054e-01 1.790171e-02 1.109692e+00 -3.973955e-08
6.950000e+00 7.600000e-01 7.884054e-01 1.790171e-02 1.109692e+00 -5.146814e-08
7.000000e+00 7.600000e-01 7.884054e-01 1.790171e-02 1.109692e+00 -6.667129e-08
7.050000e+00 7.600000e-01 7.884054e-01 1.790171e-02 1.109692e+00 -8.637862e-08
7.100000e+00 7.600000e-01 7.884054e-01 1.790172e-02 1.109692e+00 -1.119251e-07
7.150000e+00 7.600000e-01 7.884055e-01 1.790172e-02 1.109692e+00 -1.450382e-07
7.200000e+00 7.600000e-01 7.884055e-01 1.790173e-02 1.109692e+00 -1.879642e-07
7.250000e+00 7.600000e-01 7.884055e-01 1.790174e-02 1.109692e+00 -2.435855e-07
7.300000e+00 7.600000e-01 7.884055e-01 1.790175e-02 1.109692e+00 -3.157286e-07
7.350000e+00 7.600000e-01 7.884055e-01 1.790178e-02 1.109692e+00 -4.090441e-07
7.400000e+00 7.600000e-01 7.884055e-01 1.790176e-02 1.109692e+00 -5.305227e-07
7.450000e+00 7.600000e-01 7.884056e-01 1.790189e-02 1.109692e+00 -6.862387e-07
7.500000e+00 7.600000e-01 7.884056e-01 1.790161e-02 1.109692e+00 -8.929063e-07
7.550000e+00 7.600000e-01 7.884056e-01 1.790256e-02 1.109692e+00 -1.146717e-06
7.600000e+00 7.600000e-01 7.884057e-01 1.790011e-02 1.109692e+00 -1.513372e-06
7.650000e+00 7.600000e-01 7.884058e-01 1.790687e-02 1.109693e+00 -1.888734e-06
7.700000e+00 7.600000e-01 7.884059e-01 1.788980e-02 1.109693e+00 -2.626078e-06
7.750000e+00 7.600000e-01 7.884061e-01 1.793236e-02 1.109693e+00 -2.971236e-06
7.800000e+00 7.600000e-01 7.884062e-01 1.783171e-02 1.109693e+00 -4.835515e-06
7.850000e+00 7.600000e-01 7.884065e-01 1.806170e-02 1.109695e+00 -4.095430e-06
7.900000e+00 7.600000e-01 7.884066e-01 1.756054e-02 1.109691e+00 -9.830490e-06
7.950000e+00 7.600000e-01 7.884075e-01 1.860633e-02 1.109700e+00 -3.737529e-06
8.000000e+00 7.600000e-01 7.884070e-01 1.652963e-02 1.109684e+00 -2.171843e-05
8.050000e+00 7.600000e-01 7.884097e-01 2.045183e-02 1.109715e+00 1.730293e-06
8.100000e+00 7.600000e-01 7.884068e-01 1.344143e-02 1.109662e+00 -4.709065e-05
8.150000e+00 7.600000e-01 7.884144e-01 2.526485e-02 1.109754e+00 1.470267e-05
8.200000e+00 7.600000e-01 7.884053e-01 6.552932e-03 1.109614e+00 -8.724655e-05
8.250000e+00 7.600000e-01 7.884231e-01 3.420280e-02 1.109823e+00 2.159885e-05
8.300000e+00 7.600000e-01 7.884032e-01 -3.674013e-03 1.109547e+00 -1.208576e-04
8.350000e+00 7.600000e-01 7.884352e-01 4.409364e-02 1.109896e+00 -2.004340e-05
8.400000e+00 7.600000e-01 7.884052e-01 -1.093684e-02 1.109510e+00 -1.153989e-04
8.450000e+00 7.600000e-01 7.884468e-01 4.679264e-02 1.109920e+00 -1.317701e-04
8.500000e+00 7.600000e-01 7.884184e-01 -8.895603e-03 1.109544e+00 -1.222420e-04
8.550000e+00 7.600000e-01 7.884590e-01 4.302449e-02 1.109910e+00 -2.168420e-04
8.600000e+00 7.600000e-01 7.884400e-01 -9.130969e-03 1.109568e+00 -3.012957e-04
8.650000e+00 7.600000e-01 7.884891e-01 5.301312e-02 1.110003e+00 -2.129513e-04
8.700000e+00 7.600000e-01 7.884613e-01 -2.950685e-02 1.109487e+00 -5.930260e-04
8.750000e+00 7.600000e-01 7.885484e-01 7.643220e-02 1.110187e+00 -4.421920e-04
8.800000e+00 7.600000e-01 7.885056e-01 -4.307013e-02 1.109486e+00 -7.099324e-04
8.850000e+00 7.600000e-01 7.886194e-01 7.247400e-02 1.110257e+00 -1.040671e-03
8.900000e+00 7.600000e-01 7.886096e-01 -2.880782e-02 1.109652e+00 -1.123692e-03
8.950000e+00 7.600000e-01 7.887318e-01 6.971449e-02 1.110427e+00 -1.427845e-03
9.000000e+00 7.600000e-01 7.887524e-01 -5.383397e-02 1.109707e+00 -2.292897e-03
9.050000e+00 7.600000e-01 7.889611e-01 1.134100e-01 1.110848e+00 -2.325433e-03
9.100000e+00 7.600000e-01 7.889850e-01 -8.165704e-02 1.109945e+00 -3.284243e-03
9.150000e+00 7.600000e-01 7.892895e-01 1.039424e-01 1.111251e+00 -4.513448e-03
9.200000e+00 7.600000e-01 7.894363e-01 -5.636037e-02 1.110445e+00 -5.472490e-03
9.250000e+00 7.600000e-01 7.898367e-01 1.141357e-01 1.112103e+00 -6.750549e-03
9.300000e+00 7.600000e-01 7.901114e-01 -1.116601e-01 1.111159e+00 -9.606886e-03
9.350000e+00 7.600000e-01 7.907974e-01 1.645295e-01 1.113260e+00 -1.181298e-02
9.400000e+00 7.600000e-01 7.912926e-01 -1.037645e-01 1.112562e+00 -1.490238e-02
9.450000e+00 7.600000e-01 7.922877e-01 1.374080e-01 1.115344e+00 -1.959851e-02
9.500000e+00 7.600000e-01 7.932525e-01 -1.242114e-01 1.114522e+00 -2.582516e-02
9.550000e+00 7.600000e-01 7.948702e-01 2.059929e-01 1.118163e+00 -3.227086e-02
9.600000e+00 7.600000e-01 7.964796e-01 -1.453596e-01 1.118020e+00 -4.173350e-02
9.650000e+00 7.600000e-01 7.990435e-01 1.863654e-01 1.122644e+00 -5.434600e-02
9.700000e+00 7.600000e-01 8.019142e-01 -1.396910e-01 1.121964e+00 -7.046888e-02
9.750000e+00 7.600000e-01 8.060904e-01 2.390766e-01 1.127245e+00 -9.049217e-02
9.800000e+00 7.600000e-01 8.109634e-01 -1.249424e-01 1.125901e+00 -1.176741e-01
9.850000e+00 7.600000e-01 8.178578e-01 2.368805e-01 1.129277e+00 -1.548779e-01
9.900000e+00 7.600000e-01 8.264512e-01 -4.977880e-02 1.121238e+00 -2.059540e-01
9.950000e+00 7.600000e-01 8.384532e-01 2.913758e-01 1.114749e+00 -2.809280e-01
1.000000e+01 7.600000e-01 8.545440e-01 2.153155e-01 0.000000e+00 0.000000e+00
0.000000e+00 7.800000e-01 8.757840e-01 3.360000e+00 0.000000e+00 0.000000e+00
5.000000e-02 7.800000e-01 8.758189e-01 3.364135e+00 1.027848e+00 -4.716416e-04
1.000000e-01 7.800000e-01 8.758312e-01 3.370531e+00 1.027582e+00 9.333226e-05
1.500000e-01 7.800000e-01 8.758095e-01 3.347392e+00 1.027892e+00 4.310455e-04
2.000000e-01 7.800000e-01 8.757881e-01 3.335096e+00 1.028540e+00 3.450216e-05
2.500000e-01 7.800000e-01 8.758061e-01 3.378469e+00 1.028346e+00 -3.699828e-04
3.000000e-01 7.800000e-01 8.758251e-01 3.403585e+00 1.027285e+00 2.637033e-04
3.500000e-01 7.800000e-01 8.757797e-01 3.339665e+00 1.027216e+00 1.215070e-03
4.000000e-01 7.800000e-01 8.757036e-01 3.287496e+00 1.028736e+00 9.485907e-04
4.500000e-01 7.800000e-01 8.756848e-01 3.363493e+00 1.029570e+00 3.146134e-05
5.000000e-01 7.800000e-01 8.757004e-01 3.457210e+00 1.028253e+00 5.231917e-04
5.500000e-01 7.800000e-01 8.756325e-01 3.383706e+00 1.026997e+00 2.392275e-03
6.000000e-01 7.800000e-01 8.754612e-01 3.225445e+00 1.028456e+00 3.319848e-03
6.500000e-01 7.800000e-01 8.753005e-01 3.251418e+00 1.031231e+00 2.622884e-03
7.000000e-01 7.800000e-01 8.751989e-01 3.465078e+00 1.031554e+00 2.645006e-03
7.500000e-01 7.800000e-01 8.750360e-01 3.531080e+00 1.028903e+00 5.050007e-03
8.000000e-01 7.800000e-01 8.746939e-01 3.279994e+00 1.027194e+00 8.029761e-03
8.500000e-01 7.800000e-01 8.742331e-01 3.036647e+00 1.029425e+00 8.982598e-03
9.000000e-01 7.800000e-01 8.737956e-01 3.186169e+00 1.032943e+00 8.523945e-03
9.500000e-01 7.800000e-01 8.733807e-01 3.563512e+00 1.032455e+00 9.622423e-03
1.000000e+00 7.800000e-01 8.728334e-01 3.615095e+00 1.027203e+00 1.323312e-02
1.050000e+00 7.800000e-01 8.720574e-01 3.168906e+00 1.022803e+00 1.685980e-02
1.100000e+00 7.800000e-01 8.711474e-01 2.737309e+00 1.024487e+00 1.794036e-02
1.150000e+00 7.800000e-01 8.702633e-01 2.874674e+00 1.030002e+00 1.720516e-02
1.200000e+00 7.800000e-01 8.694269e-01 3.438345e+00 1.031496e+00 1.766516e-02
1.250000e+00 7.800000e-01 8.684968e-01 3.729292e+00 1.024730e+00 2.099196e-02
1.300000e+00 7.800000e-01 8.673277e-01 3.326878e+00 1.014877e+00 2.575085e-02
1.350000e+00 7.800000e-01 8.659217e-01 2.584746e+00 1.011560e+00 2.901170e-02
1.400000e+00 7.800000e-01 8.644265e-01 2.227095e+00 1.018268e+00 2.919508e-02
1.450000e+00 7.800000e-01 8.630022e-01 2.578085e+00 1.027892e+00 2.753691e-02
1.500000e+00 7.800000e-01 8.616728e-01 3.263080e+00 1.029442e+00 2.723646e-02
1.550000e+00 7.800000e-01 8.602786e-01 3.620253e+00 1.019186e+00 3.092163e-02
1.600000e+00 7.800000e-01 8.585807e-01 3.320275e+00 1.004634e+00 3.825660e-02
1.650000e+00 7.800000e-01 8.564529e-01 2.581484e+00 9.976717e-01 4.574694e-02
1.700000e+00 7.800000e-01 8.540060e-01 1.911981e+00 1.004195e+00 4.929026e-02
1.750000e+00 7.800000e-01 8.515239e-01 1.699739e+00 1.019552e+00 4.762946e-02
1.800000e+00 7.800000e-01 8.492430e-01 1.965468e+00 1.032996e+00 4.365039e-02
1.850000e+00 7.800000e-01 8.471588e-01 2.428554e+00 1.036318e+00 4.223958e-02
1.900000e+00 7.800000e-01 8.450191e-01 2.765474e+00 1.028880e+00 4.670910e-02
1.950000e+00 7.800000e-01 8.424879e-01 2.802369e+00 1.016240e+00 5.674222e-02
2.000000e+00 7.800000e-01 8.393449e-01 2.539403e+00 1.005547e+00 6.889409e-02
2.050000e+00 7.800000e-01 8.355985e-01 2.080905e+00 1.001718e+00 7.869344e-02
2.100000e+00 7.800000e-01 8.314755e-01 1.557463e+00 1.006063e+00 8.281491e-02
2.150000e+00 7.800000e-01 8.273170e-01 1.073733e+00 1.016992e+00 8.021934e-02
2.200000e+00 7.800000e-01 8.234536e-01 6.871235e-01 1.031610e+00 7.199939e-02
2.250000e+00 7.800000e-01 8.201171e-01 4.114950e-01 1.047115e+00 6.041348e-02
2.300000e+00 7.800000e-01 8.174122e-01 2.333783e-01 1.061528e+00 4.782812e-02
2.350000e+00 7.800000e-01 8.153343e-01 1.285120e-01 1.073806e+00 3.603800e-02
2.400000e+00 7.800000e-01 8.138084e-01 7.267493e-02 1.083629e+00 2.605219e-02
2.450000e+00 7.800000e-01 8.127291e-01 4.656202e-02 1.091127e+00 1.820031e-02
2.500000e+00 7.800000e-01 8.119884e-01 3.678341e-02 1.096648e+00 1.236686e-02
2.550000e+00 7.800000e-01 8.114924e-01 3.500958e-02 1.100597e+00 8.218850e-03
2.600000e+00 7.800000e-01 8.111665e-01 3.655517e-02 1.103359e+00 5.367463e-03
2.650000e+00 7.800000e-01 8.109556e-01 3.905432e-02 1.105256e+00 3.457536e-03
2.700000e+00 7.800000e-01 8.108208e-01 4.146787e-02 1.106541e+00 2.203131e-03
2.750000e+00 7.800000e-01 8.107353e-01 4.343907e-02 1.107401e+00 1.391396e-03
2.800000e+00 7.800000e-01 8.106816e-01 4.492117e-02 1.107972e+00 8.720062e-04
2.850000e+00 7.800000e-01 8.106481e-01 4.598400e-02 1.108348e+00 5.425866e-04
2.900000e+00 7.800000e-01 8.106274e-01 4.672444e-02 1.108594e+00 3.351663e-04
2.950000e+00 7.800000e-01 8.106146e-01 4.723096e-02 1.108755e+00 2.054074e-04
3.000000e+00 7.800000e-01 8.106068e-01 4.757341e-02 1.108859e+00 1.247450e-04
3.050000e+00 7.800000e-01 8.106021e-01 4.780315e-02 1.108927e+00 7.493761e-05
3.100000e+00 7.800000e-01 8.105993e-01 4.795647e-02 1.108970e+00 4.441364e-05
3.150000e+00 7.800000e-01 8.105977e-01 4.805841e-02 1.108998e+00 2.587203e-05
3.200000e+00 7.800000e-01 8.105967e-01 4.812599e-02 1.109016e+00 1.472892e-05
3.250000e+00 7.800000e-01 8.105962e-01 4.817069e-02 1.109027e+00 8.120639e-06
3.300000e+00 7.800000e-01 8.105959e-01 4.820018e-02 1.109034e+00 4.267830e-06
3.350000e+00 7.800000e-01 8.105958e-01 4.821961e-02 1.109039e+00 2.071681e-06
3.400000e+00 7.800000e-01 8.105957e-01 4.823237e-02 1.109042e+00 8.585369e-07
3.450000e+00 7.800000e-01 8.105957e-01 4.824074e-02 1.109043e+00 2.189618e-07
3.500000e+00 7.800000e-01 8.105957e-01 4.824621e-02 1.109045e+00 -9.328593e-08
3.550000e+00 7.800000e-01 8.105957e-01 4.824977e-02 1.109045e+00 -2.243766e-07
3.600000e+00 7.800000e-01 8.105957e-01 4.825208e-02 1.109046e+00 -2.596486e-07
3.650000e+00 7.800000e-01 8.105957e-01 4.825357e-02 1.109046e+00 -2.478493e-07
3.700000e+00 7.800000e-01 8.105957e-01 4.825452e-02 1.109046e+00 -2.160014e-07
3.750000e+00 7.800000e-01 8.105958e-01 4.825513e-02 1.109046e+00 -1.784397e-07
3.800000e+00 7.800000e-01 8.105958e-01 4.825552e-02 1.109046e+00 -1.422478e-07
3.850000e+00 7.800000e-01 8.105958e-01 4.825575e-02 1.109046e+00 -1.104849e-07
3.900000e+00 7.800000e-01 8.105958e-01 4.825590e-02 1.109046e+00 -8.407066e-08
3.950000e+00 7.800000e-01 8.105958e-01 4.825599e-02 1.109046e+00 -6.286242e-08
4.000000e+00 7.800000e-01 8.105958e-01 4.825603e-02 1.109046e+00 -4.625327e-08
4.050000e+00 7.800000e-01 8.105958e-01 4.825606e-02 1.109046e+00 -3.349041e-08
4.100000e+00 7.800000e-01 8.105958e-01 4.825607e-02 1.109046e+00 -2.383374e-08
4.150000e+00 7.800000e-01 8.105958e-01 4.825608e-02 1.109046e+00 -1.662576e-08
4.200000e+00 7.800000e-01 8.105958e-01 4.825608e-02 1.109046e+00 -1.131415e-08
4.250000e+00 7.800000e-01 8.105958e-01 4.825608e-02 1.109046e+00 -7.451006e-09
4.300000e+00 7.800000e-01 8.105958e-01 4.825607e-02 1.109046e+00 -4.681520e-09
4.350000e+00 7.800000e-01 8.105958e-01 4.825607e-02 1.109046e+00 -2.729272e-09
4.400000e+00 7.800000e-01 8.105958e-01 4.825607e-02 1.109046e+00 -1.381583e-09
4.450000e+00 7.800000e-01 8.105958e-01 4.825606e-02 1.109046e+00 -4.763900e-10
4.500000e+00 7.800000e-01 8.105958e-01 4.825606e-02 1.109046e+00 1.087741e-10
4.550000e+00 7.800000e-01 8.105958e-01 4.825606e-02 1.109046e+00 4.657641e-10
4.600000e+00 7.800000e-01 8.105958e-01 4.825606e-02 1.109046e+00 6.629530e-10
4.650000e+00 7.800000e-01 8.105958e-01 4.825606e-02 1.109046e+00 7.507761e-10
4.700000e+00 7.800000e-01 8.105958e-01 4.825605e-02 1.109046e+00 7.660894e-10
4.750000e+00 7.800000e-01 8.105958e-01 4.825605e-02 1.109046e+00 7.354972e-10
4.800000e+00 7.800000e-01 8.105958e-01 4.825605e-02 1.109046e+00 6.778844e-10
4.850000e+00 7.800000e-01 8.105958e-01 4.825605e-02 1.109046e+00 6.063994e-10
4.900000e+00 7.800000e-01 8.105958e-01 4.825605e-02 1.109046e+00 5.299616e-10
4.950000e+00 7.800000e-01 8.105958e-01 4.825605e-02 1.109046e+00 4.543643e-10
5.000000e+00 7.800000e-01 8.105958e-01 4.825605e-02 1.109046e+00 3.831435e-10
5.050000e+00 7.800000e-01 8.105958e-01 4.825605e-02 1.109046e+00 3.182588e-10
5.100000e+00 7.800000e-01 8.105958e-01 4.825605e-02 1.109046e+00 2.605571e-10
5.150000e+00 7.800000e-01 8.105958e-01 4.825605e-02 1.109046e+00 2.101297e-10
5.200000e+00 7.800000e-01 8.105958e-01 4.825605e-02 1.109046e+00 1.665834e-10
5.250000e+00 7.800000e-01 8.105958e-01 4.825605e-02 1.109046e+00 1.292277e-10
5.300000e+00 7.800000e-01 8.105958e-01 4.825605e-02 1.109046e+00 9.720003e-11
5.350000e+00 7.800000e-01 8.105958e-01 4.825605e-02 1.109046e+00 6.954548e-11
5.400000e+00 7.800000e-01 8.105958e-01 4.825605e-02 1.109046e+00 4.528378e-11
5.450000e+00 7.800000e-01 8.105958e-01 4.825605e-02 1.109046e+00 2.341793e-11
5.500000e+00 7.800000e-01 8.105958e-01 4.825605e-02 1.109046e+00 2.953193e-12
5.550000e+00 7.800000e-01 8.105958e-01 4.825605e-02 1.109046e+00 -1.712519e-11
5.600000e+00 7.800000e-01 8.105958e-01 4.825605e-02 1.109046e+00 -3.789080e-11
5.650000e+00 7.800000e-01 8.105958e-01 4.825605e-02 1.109046e+00 -6.050160e-11
5.700000e+00 7.800000e-01 8.105958e-01 4.825605e-02 1.109046e+00 -8.626211e-11
5.750000e+00 7.800000e-01 8.105958e-01 4.825605e-02 1.109046e+00 -1.166822e-10
5.800000e+00 7.800000e-01 8.105958e-01 4.825605e-02 1.109046e+00 -1.535849e-10
5.850000e+00 7.800000e-01 8.105958e-01 4.825605e-02 1.109046e+00 -1.992273e-10
5.900000e+00 7.800000e-01 8.105958e-01 4.825605e-02 1.109046e+00 -2.564282e-10
5.950000e+00 7.800000e-01 8.105958e-01 4.825605e-02 1.109046e+00 -3.287581e-10
6.000000e+00 7.800000e-01 8.105958e-01 4.825605e-02 1.109046e+00 -4.207790e-10
6.050000e+00 7.800000e-01 8.105958e-01 4.825605e-02 1.109046e+00 -5.383671e-10
6.100000e+00 7.800000e-01 8.105958e-01 4.825605e-02 1.109046e+00 -6.891054e-10
6.150000e+00 7.800000e-01 8.105958e-01 4.825605e-02 1.109046e+00 -8.827694e-10
6.200000e+00 7.800000e-01 8.105958e-01 4.825605e-02 1.109046e+00 -1.132028e-09
6.250000e+00 7.800000e-01 8.105958e-01 4.825605e-02 1.109046e+00 -1.453281e-09
6.300000e+00 7.800000e-01 8.105958e-01 4.825605e-02 1.109046e+00 -1.867775e-09
6.350000e+00 7.800000e-01 8.105958e-01 4.825605e-02 1.109046e+00 -2.403072e-09
6.400000e+00 7.800000e-01 8.105958e-01 4.825605e-02 1.109046e+00 -3.094888e-09
6.450000e+00 7.800000e-01 8.105958e-01 4.825605e-02 1.109046e+00 -3.989551e-09
6.500000e+00 7.800000e-01 8.105958e-01 4.825605e-02 1.109046e+00 -5.147137e-09
6.550000e+00 7.800000e-01 8.105958e-01 4.825605e-02 1.109046e+00 -6.645559e-09
6.600000e+00 7.800000e-01 8.105958e-01 4.825605e-02 1.109046e+00 -8.585876e-09
6.650000e+00 7.800000e-01 8.105958e-01 4.825606e-02 1.109046e+00 -1.109915e-08
6.700000e+00 7.800000e-01 8.105958e-01 4.825606e-02 1.109046e+00 -1.435537e-08
6.750000e+00 7.800000e-01 8.105958e-01 4.825606e-02 1.109046e+00 -1.857498e-08
6.800000e+00 7.800000e-01 8.105958e-01 4.825606e-02 1.109046e+00 -2.404389e-08
6.850000e+00 7.800000e-01 8.105958e-01 4.825606e-02 1.109046e+00 -3.113280e-08
6.900000e+00 7.800000e-01 8.105958e-01 4.825607e-02 1.109046e+00 -4.032241e-08
6.950000e+00 7.800000e-01 8.105958e-01 4.825607e-02 1.109046e+00 -5.223593e-08
7.000000e+00 7.800000e-01 8.105958e-01 4.825608e-02 1.109046e+00 -6.768131e-08
7.050000e+00 7.800000e-01 8.105958e-01 4.825609e-02 1.109046e+00 -8.770561e-08
7.100000e+00 7.800000e-01 8.105958e-01 4.825610e-02 1.109046e+00 -1.136669e-07
7.150000e+00 7.800000e-01 8.105958e-01 4.825611e-02 1.109046e+00 -1.473215e-07
7.200000e+00 7.800000e-01 8.105958e-01 4.825613e-02 1.109046e+00 -1.909575e-07
7.250000e+00 7.800000e-01 8.105958e-01 4.825615e-02 1.109046e+00 -2.474979e-07
7.300000e+00 7.800000e-01 8.105958e-01 4.825618e-02 1.109046e+00 -3.208671e-07
7.350000e+00 7.800000e-01 8.105959e-01 4.825623e-02 1.109046e+00 -4.156998e-07
7.400000e+00 7.800000e-01 8.105959e-01 4.825623e-02 1.109046e+00 -5.394092e-07
7.450000e+00 7.800000e-01 8.105959e-01 4.825646e-02 1.109046e+00 -6.972928e-07
7.500000e+00 7.800000e-01 8.105960e-01 4.825605e-02 1.109046e+00 -9.088960e-07
7.550000e+00 7.800000e-01 8.105960e-01 4.825757e-02 1.109046e+00 -1.163344e-06
7.600000e+00 7.800000e-01 8.105961e-01 4.825384e-02 1.109046e+00 -1.546168e-06
7.650000e+00 7.800000e-01 8.105962e-01 4.826425e-02 1.109046e+00 -1.903510e-06
7.700000e+00 7.800000e-01 8.105963e-01 4.823851e-02 1.109046e+00 -2.713077e-06
7.750000e+00 7.800000e-01 8.105964e-01 4.830236e-02 1.109046e+00 -2.927514e-06
7.800000e+00 7.800000e-01 8.105966e-01 4.815345e-02 1.109046e+00 -5.126997e-06
7.850000e+00 7.800000e-01 8.105969e-01 4.849053e-02 1.109048e+00 -3.737898e-06
7.900000e+00 7.800000e-01 8.105969e-01 4.776503e-02 1.109044e+00 -1.084816e-05
7.950000e+00 7.800000e-01 8.105980e-01 4.926258e-02 1.109052e+00 -2.234558e-06
8.000000e+00 7.800000e-01 8.105972e-01 4.632483e-02 1.109037e+00 -2.484844e-05
8.050000e+00 7.800000e-01 8.106005e-01 5.180845e-02 1.109066e+00 6.239758e-06
8.100000e+00 7.800000e-01 8.105965e-01 4.212908e-02 1.109016e+00 -5.471318e-05
8.150000e+00 7.800000e-01 8.106060e-01 5.825255e-02 1.109100e+00 2.434537e-05
8.200000e+00 7.800000e-01 8.105941e-01 3.306350e-02 1.108972e+00 -1.005049e-04
8.250000e+00 7.800000e-01 8.106160e-01 6.980751e-02 1.109158e+00 3.467238e-05
8.300000e+00 7.800000e-01 8.105906e-01 2.013105e-02 1.108915e+00 -1.344480e-04
8.350000e+00 7.800000e-01 8.106295e-01 8.199070e-02 1.109215e+00 -1.315034e-05
8.400000e+00 7.800000e-01 8.105919e-01 1.156771e-02 1.108887e+00 -1.188083e-04
8.450000e+00 7.800000e-01 8.106414e-01 8.478289e-02 1.109225e+00 -1.382302e-04
8.500000e+00 7.800000e-01 8.106058e-01 1.440265e-02 1.108915e+00 -1.195795e-04
8.550000e+00 7.800000e-01 8.106533e-01 8.047704e-02 1.109209e+00 -2.202833e-04
8.600000e+00 7.800000e-01 8.106278e-01 1.319401e-02 1.108929e+00 -3.180576e-04
8.650000e+00 7.800000e-01 8.106851e-01 9.374875e-02 1.109272e+00 -1.971411e-04
8.700000e+00 7.800000e-01 8.106475e-01 -1.183661e-02 1.108866e+00 -6.240912e-04
8.750000e+00 7.800000e-01 8.107475e-01 1.212586e-01 1.109386e+00 -4.415507e-04
8.800000e+00 7.800000e-01 8.106917e-01 -2.676116e-02 1.108863e+00 -7.201479e-04
8.850000e+00 7.800000e-01 8.108195e-01 1.164809e-01 1.109421e+00 -1.066098e-03
8.900000e+00 7.800000e-01 8.107983e-01 -1.183631e-02 1.108947e+00 -1.153013e-03
8.950000e+00 7.800000e-01 8.109349e-01 1.166031e-01 1.109533e+00 -1.433803e-03
9.000000e+00 7.800000e-01 8.109417e-01 -4.230639e-02 1.108970e+00 -2.358265e-03
9.050000e+00 7.800000e-01 8.111707e-01 1.655815e-01 1.109742e+00 -2.365717e-03
9.100000e+00 7.800000e-01 8.111782e-01 -7.146118e-02 1.109134e+00 -3.348953e-03
9.150000e+00 7.800000e-01 8.115056e-01 1.572447e-01 1.109984e+00 -4.582920e-03
9.200000e+00 7.800000e-01 8.116365e-01 -4.956672e-02 1.109329e+00 -5.613951e-03
9.250000e+00 7.800000e-01 8.120670e-01 1.752346e-01 1.110507e+00 -6.866778e-03
9.300000e+00 7.800000e-01 8.123232e-01 -1.082667e-01 1.109789e+00 -9.777664e-03
9.350000e+00 7.800000e-01 8.130447e-01 2.279082e-01 1.111038e+00 -1.202622e-02
9.400000e+00 7.800000e-01 8.135258e-01 -1.032384e-01 1.110501e+00 -1.524792e-02
9.450000e+00 7.800000e-01 8.145695e-01 2.151082e-01 1.112347e+00 -1.988802e-02
9.500000e+00 7.800000e-01 8.155146e-01 -1.297681e-01 1.111439e+00 -2.623867e-02
9.550000e+00 7.800000e-01 8.171934e-01 2.885659e-01 1.113611e+00 -3.279051e-02
9.600000e+00 7.800000e-01 8.187937e-01 -1.498068e-01 1.113091e+00 -4.241026e-02
9.650000e+00 7.800000e-01 8.214344e-01 2.956118e-01 1.115787e+00 -5.482705e-02
9.700000e+00 7.800000e-01 8.242764e-01 -1.484463e-01 1.113931e+00 -7.097752e-02
9.750000e+00 7.800000e-01 8.285322e-01 3.680842e-01 1.116199e+00 -9.068983e-02
9.800000e+00 7.800000e-01 8.333454e-01 -1.202929e-01 1.111930e+00 -1.172831e-01
9.850000e+00 7.800000e-01 8.402605e-01 4.237508e-01 1.110175e+00 -1.526790e-01
9.900000e+00 7.800000e-01 8.486133e-01 2.094940e-03 1.094517e+00 -2.010289e-01
9.950000e+00 7.800000e-01 8.603634e-01 5.737822e-01 1.075133e+00 -2.717074e-01
1.000000e+01 7.800000e-01 8.757840e-01 4.508542e-01 0.000000e+00 0.000000e+00
0.000000e+00 8.000000e-01 8.956800e-01 3.600000e+00 0.000000e+00 0.000000e+00
5.000000e-02 8.000000e-01 8.957045e-01 3.601652e+00 9.583408e-01 -3.191162e-04
1.000000e-01 8.000000e-01 8.957119e-01 3.597194e+00 9.581571e-01 5.794214e-05
1.500000e-01 8.000000e-01 8.956987e-01 3.594035e+00 9.585008e-01 2.420203e-04
2.000000e-01 8.000000e-01 8.956877e-01 3.604812e+00 9.588372e-01 3.270861e-05
2.500000e-01 8.000000e-01 8.956955e-01 3.611047e+00 9.584051e-01 -8.731631e-05
3.000000e-01 8.000000e-01 8.956964e-01 3.592845e+00 9.578257e-01 3.394638e-04
3.500000e-01 8.000000e-01 8.956615e-01 3.578609e+00 9.583344e-01 8.129911e-04
4.000000e-01 8.000000e-01 8.956151e-01 3.601666e+00 9.593869e-01 6.524417e-04
4.500000e-01 8.000000e-01 8.955963e-01 3.627554e+00 9.592891e-01 3.450235e-04
5.000000e-01 8.000000e-01 8.955806e-01 3.601053e+00 9.583194e-01 8.606944e-04
5.500000e-01 8.000000e-01 8.955102e-01 3.551834e+00 9.586135e-01 1.935160e-03
6.000000e-01 8.000000e-01 8.953871e-01 3.564834e+00 9.605336e-01 2.469703e-03
6.500000e-01 8.000000e-01 8.952632e-01 3.634492e+00 9.617053e-01 2.521660e-03
7.000000e-01 8.000000e-01 8.951350e-01 3.645242e+00 9.607841e-01 3.354927e-03
7.500000e-01 8.000000e-01 8.949278e-01 3.546812e+00 9.598070e-01 5.313302e-03
8.000000e-01 8.000000e-01 8.946036e-01 3.462121e+00 9.611238e-01 7.146376e-03
8.500000e-01 8.000000e-01 8.942131e-01 3.527091e+00 9.635332e-01 8.027287e-03
9.000000e-01 8.000000e-01 8.938009e-01 3.665507e+00 9.637279e-01 8.957319e-03
9.500000e-01 8.000000e-01 8.933174e-01 3.655773e+00 9.611604e-01 1.117147e-02
1.000000e+00 8.000000e-01 8.926838e-01 3.440816e+00 9.591366e-01 1.405768e-02
1.050000e+00 8.000000e-01 8.919116e-01 3.250623e+00 9.604666e-01 1.591534e-02
1.100000e+00 8.000000e-01 8.910922e-01 3.327085e+00 9.635196e-01 1.646698e-02
1.150000e+00 8.000000e-01 8.902649e-01 3.588051e+00 9.640615e-01 1.736603e-02
1.200000e+00 8.000000e-01 8.893556e-01 3.687951e+00 9.604697e-01 1.996000e-02
1.250000e+00 8.000000e-01 8.882689e-01 3.421888e+00 9.559093e-01 2.348749e-02
1.300000e+00 8.000000e-01 8.870069e-01 2.986016e+00 9.550883e-01 2.601731e-02
1.350000e+00 8.000000e-01 8.856672e-01 2.783082e+00 9.592720e-01 2.669664e-02
1.400000e+00 8.000000e-01 8.843372e-01 2.997105e+00 9.647286e-01 2.657444e-02
1.450000e+00 8.000000e-01 8.830097e-01 3.403769e+00 9.659841e-01 2.747399e-02
1.500000e+00 8.000000e-01 8.815898e-01 3.589755e+00 9.608740e-01 3.046938e-02
1.550000e+00 8.000000e-01 8.799628e-01 3.329760e+00 9.529356e-01 3.521112e-02
1.600000e+00 8.000000e-01 8.780687e-01 2.757848e+00 9.489359e-01 4.015842e-02
1.650000e+00 8.000000e-01 8.759470e-01 2.227296e+00 9.535341e-01 4.341025e-02
1.700000e+00 8.000000e-01 8.737277e-01 2.034171e+00 9.654350e-01 4.392582e-02
1.750000e+00 8.000000e-01 8.715544e-01 2.225338e+00 9.781520e-01 4.252226e-02
1.800000e+00 8.000000e-01 8.694754e-01 2.607901e+00 9.847677e-01 4.169013e-02
1.850000e+00 8.000000e-01 8.673854e-01 2.917411e+00 9.826442e-01 4.408488e-02
1.900000e+00 8.000000e-01 8.650670e-01 2.981790e+00 9.745080e-01 5.078604e-02
1.950000e+00 8.000000e-01 8.623068e-01 2.770370e+00 9.660579e-01 6.054679e-02
2.000000e+00 8.000000e-01 8.590123e-01 2.352925e+00 9.626367e-01 7.038641e-02
2.050000e+00 8.000000e-01 8.552681e-01 1.838408e+00 9.670352e-01 7.702758e-02
2.100000e+00 8.000000e-01 8.513095e-01 1.328558e+00 9.790578e-01 7.831427e-02
2.150000e+00 8.000000e-01 8.474367e-01 8.925269e-01 9.964243e-01 7.389741e-02
2.200000e+00 8.000000e-01 8.439198e-01 5.609801e-01 1.016136e+00 6.500975e-02
2.250000e+00 8.000000e-01 8.409357e-01 3.340593e-01 1.035558e+00 5.368176e-02
2.300000e+00 8.000000e-01 8.385516e-01 1.944862e-01 1.052932e+00 4.192035e-02
2.350000e+00 8.000000e-01 8.367437e-01 1.189494e-01 1.067403e+00 3.119239e-02
2.400000e+00 8.000000e-01 8.354324e-01 8.530393e-02 1.078810e+00 2.227744e-02
2.450000e+00 8.000000e-01 8.345159e-01 7.598286e-02 1.087418e+00 1.537633e-02
2.500000e+00 8.000000e-01 8.338947e-01 7.881377e-02 1.093689e+00 1.032121e-02
2.550000e+00 8.000000e-01 8.334838e-01 8.635738e-02 1.098131e+00 6.774816e-03
2.600000e+00 8.000000e-01 8.332172e-01 9.464953e-02 1.101207e+00 4.368926e-03
2.650000e+00 8.000000e-01 8.330469e-01 1.019355e-01 1.103301e+00 2.778269e-03
2.700000e+00 8.000000e-01 8.329394e-01 1.076851e-01 1.104705e+00 1.746975e-03
2.750000e+00 8.000000e-01 8.328722e-01 1.119474e-01 1.105638e+00 1.088162e-03
2.800000e+00 8.000000e-01 8.328306e-01 1.149850e-01 1.106252e+00 6.720396e-04
2.850000e+00 8.000000e-01 8.328050e-01 1.170948e-01 1.106653e+00 4.115670e-04
2.900000e+00 8.000000e-01 8.327894e-01 1.185354e-01 1.106914e+00 2.497782e-04
2.950000e+00 8.000000e-01 8.327800e-01 1.195079e-01 1.107083e+00 1.500142e-04
3.000000e+00 8.000000e-01 8.327744e-01 1.201593e-01 1.107192e+00 8.896046e-05
3.050000e+00 8.000000e-01 8.327712e-01 1.205933e-01 1.107262e+00 5.191337e-05
3.100000e+00 8.000000e-01 8.327693e-01 1.208813e-01 1.107306e+00 2.965978e-05
3.150000e+00 8.000000e-01 8.327682e-01 1.210719e-01 1.107335e+00 1.645854e-05
3.200000e+00 8.000000e-01 8.327676e-01 1.211976e-01 1.107353e+00 8.751239e-06
3.250000e+00 8.000000e-01 8.327673e-01 1.212805e-01 1.107364e+00 4.345168e-06
3.300000e+00 8.000000e-01 8.327672e-01 1.213349e-01 1.107371e+00 1.898237e-06
3.350000e+00 8.000000e-01 8.327671e-01 1.213706e-01 1.107375e+00 5.956347e-07
3.400000e+00 8.000000e-01 8.327671e-01 1.213940e-01 1.107378e+00 -5.243036e-08
3.450000e+00 8.000000e-01 8.327671e-01 1.214092e-01 1.107380e+00 -3.367269e-07
3.500000e+00 8.000000e-01 8.327671e-01 1.214191e-01 1.107381e+00 -4.271474e-07
3.550000e+00 8.000000e-01 8.327672e-01 1.214255e-01 1.107381e+00 -4.209026e-07
3.600000e+00 8.000000e-01 8.327672e-01 1.214296e-01 1.107382e+00 -3.720457e-07
3.650000e+00 8.000000e-01 8.327672e-01 1.214323e-01 1.107382e+00 -3.094108e-07
3.700000e+00 8.000000e-01 8.327672e-01 1.214340e-01 1.107382e+00 -2.474006e-07
3.750000e+00 8.000000e-01 8.327672e-01 1.214350e-01 1.107382e+00 -1.923923e-07
3.800000e+00 8.000000e-01 8.327672e-01 1.214357e-01 1.107382e+00 -1.464803e-07
3.850000e+00 8.000000e-01 8.327672e-01 1.214361e-01 1.107382e+00 -1.096177e-07
3.900000e+00 8.000000e-01 8.327672e-01 1.214363e-01 1.107382e+00 -8.080643e-08
3.950000e+00 8.000000e-01 8.327673e-01 1.214365e-01 1.107382e+00 -5.873256e-08
4.000000e+00 8.000000e-01 8.327673e-01 1.214366e-01 1.107382e+00 -4.208354e-08
4.050000e+00 8.000000e-01 8.327673e-01 1.214366e-01 1.107382e+00 -2.968939e-08
4.100000e+00 8.000000e-01 8.327673e-01 1.214366e-01 1.107382e+00 -2.056982e-08
4.150000e+00 8.000000e-01 8.327673e-01 1.214366e-01 1.107382e+00 -1.393442e-08
4.200000e+00 8.000000e-01 8.327673e-01 1.214366e-01 1.107382e+00 -9.162121e-09
4.250000e+00 8.000000e-01 8.327673e-01 1.214366e-01 1.107382e+00 -5.773653e-09
4.300000e+00 8.000000e-01 8.327673e-01 1.214366e-01 1.107382e+00 -3.404045e-09
4.350000e+00 8.000000e-01 8.327673e-01 1.214366e-01 1.107382e+00 -1.778137e-09
4.400000e+00 8.000000e-01 8.327673e-01 1.214366e-01 1.107382e+00 -6.901191e-10
4.450000e+00 8.000000e-01 8.327673e-01 1.214366e-01 1.107382e+00 1.291967e-11
4.500000e+00 8.000000e-01 8.327673e-01 1.214366e-01 1.107382e+00 4.438927e-10
4.550000e+00 8.000000e-01 8.327673e-01 1.214366e-01 1.107382e+00 6.856604e-10
4.600000e+00 8.000000e-01 8.327673e-01 1.214366e-01 1.107382e+00 7.986045e-10
4.650000e+00 8.000000e-01 8.327673e-01 1.214366e-01 1.107382e+00 8.263390e-10
4.700000e+00 8.000000e-01 8.327673e-01 1.214366e-01 1.107382e+00 8.000645e-10
4.750000e+00 8.000000e-01 8.327673e-01 1.214366e-01 1.107382e+00 7.417722e-10
4.800000e+00 8.000000e-01 8.327673e-01 1.214366e-01 1.107382e+00 6.666812e-10
4.850000e+00 8.000000e-01 8.327673e-01 1.214365e-01 1.107382e+00 5.850820e-10
4.900000e+00 8.000000e-01 8.327673e-01 1.214365e-01 1.107382e+00 5.036727e-10
4.950000e+00 8.000000e-01 8.327673e-01 1.214365e-01 1.107382e+00 4.265799e-10
5.000000e+00 8.000000e-01 8.327673e-01 1.214365e-01 1.107382e+00 3.561040e-10
5.050000e+00 8.000000e-01 8.327673e-01 1.214365e-01 1.107382e+00 2.932987e-10
5.100000e+00 8.000000e-01 8.327673e-01 1.214365e-01 1.107382e+00 2.383860e-10
5.150000e+00 8.000000e-01 8.327673e-01 1.214365e-01 1.107382e+00 1.910172e-10
5.200000e+00 8.000000e-01 8.327673e-01 1.214365e-01 1.107382e+00 1.505152e-10
5.250000e+00 8.000000e-01 8.327673e-01 1.214365e-01 1.107382e+00 1.160227e-10
5.300000e+00 8.000000e-01 8.327673e-01 1.214365e-01 1.107382e+00 8.657741e-11
5.350000e+00 8.000000e-01 8.327673e-01 1.214365e-01 1.107382e+00 6.119105e-11
5.400000e+00 8.000000e-01 8.327673e-01 1.214365e-01 1.107382e+00 3.887335e-11
5.450000e+00 8.000000e-01 8.327673e-01 1.214365e-01 1.107382e+00 1.864398e-11
5.500000e+00 8.000000e-01 8.327673e-01 1.214365e-01 1.107382e+00 -4.507505e-13
5.550000e+00 8.000000e-01 8.327673e-01 1.214365e-01 1.107382e+00 -1.939005e-11
5.600000e+00 8.000000e-01 8.327673e-01 1.214365e-01 1.107382e+00 -3.921752e-11
5.650000e+00 8.000000e-01 8.327673e-01 1.214365e-01 1.107382e+00 -6.104339e-11
5.700000e+00 8.000000e-01 8.327673e-01 1.214365e-01 1.107382e+00 -8.613665e-11
5.750000e+00 8.000000e-01 8.327673e-01 1.214365e-01 1.107382e+00 -1.159883e-10
5.800000e+00 8.000000e-01 8.327673e-01 1.214365e-01 1.107382e+00 -1.523881e-10
5.850000e+00 8.000000e-01 8.327673e-01 1.214365e-01 1.107382e+00 -1.975731e-10
5.900000e+00 8.000000e-01 8.327673e-01 1.214365e-01 1.107382e+00 -2.543465e-10
5.950000e+00 8.000000e-01 8.327673e-01 1.214365e-01 1.107382e+00 -3.262723e-10
6.000000e+00 8.000000e-01 8.327673e-01 1.214365e-01 1.107382e+00 -4.179113e-10
6.050000e+00 8.000000e-01 8.327673e-01 1.214365e-01 1.107382e+00 -5.351386e-10
6.100000e+00 8.000000e-01 8.327673e-01 1.214365e-01 1.107382e+00 -6.855427e-10
6.150000e+00 8.000000e-01 8.327673e-01 1.214365e-01 1.107382e+00 -8.789280e-10
6.200000e+00 8.000000e-01 8.327673e-01 1.214365e-01 1.107382e+00 -1.127982e-09
6.250000e+00 8.000000e-01 8.327673e-01 1.214365e-01 1.107382e+00 -1.449147e-09
6.300000e+00 8.000000e-01 8.327673e-01 1.214365e-01 1.107382e+00 -1.863746e-09
6.350000e+00 8.000000e-01 8.327673e-01 1.214365e-01 1.107382e+00 -2.399413e-09
6.400000e+00 8.000000e-01 8.327673e-01 1.214366e-01 1.107382e+00 -3.091988e-09
6.450000e+00 8.000000e-01 8.327673e-01 1.214366e-01 1.107382e+00 -3.987960e-09
6.500000e+00 8.000000e-01 8.327673e-01 1.214366e-01 1.107382e+00 -5.147628e-09
6.550000e+00 8.000000e-01 8.327673e-01 1.214366e-01 1.107382e+00 -6.649207e-09
6.600000e+00 8.000000e-01 8.327673e-01 1.214366e-01 1.107382e+00 -8.594155e-09
6.650000e+00 8.000000e-01 8.327673e-01 1.214366e-01 1.107382e+00 -1.111407e-08
6.700000e+00 8.000000e-01 8.327673e-01 1.214366e-01 1.107382e+00 -1.437968e-08
6.750000e+00 8.000000e-01 8.327673e-01 1.214366e-01 1.107382e+00 -1.861239e-08
6.800000e+00 8.000000e-01 8.327673e-01 1.214366e-01 1.107382e+00 -2.409939e-08
6.850000e+00 8.000000e-01 8.327673e-01 1.214366e-01 1.107382e+00 -3.121312e-08
6.900000e+00 8.000000e-01 8.327673e-01 1.214366e-01 1.107382e+00 -4.043655e-08
6.950000e+00 8.000000e-01 8.327673e-01 1.214366e-01 1.107382e+00 -5.239591e-08
7.000000e+00 8.000000e-01 8.327673e-01 1.214366e-01 1.107382e+00 -6.790319e-08
7.050000e+00 8.000000e-01 8.327673e-01 1.214366e-01 1.107382e+00 -8.801071e-08
7.100000e+00 8.000000e-01 8.327673e-01 1.214367e-01 1.107382e+00 -1.140838e-07
7.150000e+00 8.000000e-01 8.327673e-01 1.214367e-01 1.107382e+00 -1.478873e-07
7.200000e+00 8.000000e-01 8.327673e-01 1.214367e-01 1.107382e+00 -1.917245e-07
7.250000e+00 8.000000e-01 8.327673e-01 1.214368e-01 1.107382e+00 -2.485246e-07
7.300000e+00 8.000000e-01 8.327673e-01 1.214368e-01 1.107382e+00 -3.222660e-07
7.350000e+00 8.000000e-01 8.327673e-01 1.214369e-01 1.107382e+00 -4.175094e-07
7.400000e+00 8.000000e-01 8.327674e-01 1.214370e-01 1.107382e+00 -5.420158e-07
7.450000e+00 8.000000e-01 8.327674e-01 1.214374e-01 1.107382e+00 -7.002204e-07
7.500000e+00 8.000000e-01 8.327674e-01 1.214369e-01 1.107382e+00 -9.143157e-07
7.550000e+00 8.000000e-01 8.327675e-01 1.214391e-01 1.107382e+00 -1.166447e-06
7.600000e+00 8.000000e-01 8.327675e-01 1.214341e-01 1.107382e+00 -1.560889e-06
7.650000e+00 8.000000e-01 8.327676e-01 1.214485e-01 1.107382e+00 -1.896630e-06
7.700000e+00 8.000000e-01 8.327677e-01 1.214138e-01 1.107382e+00 -2.766997e-06
7.750000e+00 8.000000e-01 8.327679e-01 1.214999e-01 1.107382e+00 -2.854607e-06
7.800000e+00 8.000000e-01 8.327680e-01 1.213020e-01 1.107381e+00 -5.346046e-06
7.850000e+00 8.000000e-01 8.327685e-01 1.217470e-01 1.107383e+00 -3.369647e-06
7.900000e+00 8.000000e-01 8.327684e-01 1.208004e-01 1.107380e+00 -1.166472e-05
7.950000e+00 8.000000e-01 8.327696e-01 1.227373e-01 1.107386e+00 -8.687154e-07
8.000000e+00 8.000000e-01 8.327684e-01 1.189788e-01 1.107374e+00 -2.736501e-05
8.050000e+00 8.000000e-01 8.327724e-01 1.259257e-01 1.107395e+00 1.007138e-05
8.100000e+00 8.000000e-01 8.327674e-01 1.137974e-01 1.107360e+00 -6.066892e-05
8.150000e+00 8.000000e-01 8.327784e-01 1.337878e-01 1.107416e+00 3.208793e-05
8.200000e+00 8.000000e-01 8.327642e-01 1.029104e-01 1.107331e+00 -1.103237e-04
8.250000e+00 8.000000e-01 8.327895e-01 1.474536e-01 1.107450e+00 4.450117e-05
8.300000e+00 8.000000e-01 8.327598e-01 8.793285e-02 1.107296e+00 -1.434702e-04
8.350000e+00 8.000000e-01 8.328038e-01 1.612241e-01 1.107480e+00 -8.664828e-06
8.400000e+00 8.000000e-01 8.327606e-01 7.870893e-02 1.107281e+00 -1.194267e-04
8.450000e+00 8.000000e-01 8.328157e-01 1.637312e-01 1.107477e+00 -1.432363e-04
8.500000e+00 8.000000e-01 8.327750e-01 8.246928e-02 1.107299e+00 -1.158695e-04
8.550000e+00 8.000000e-01 8.328273e-01 1.588988e-01 1.107457e+00 -2.223563e-04
8.600000e+00 8.000000e-01 8.327972e-01 8.063576e-02 1.107309e+00 -3.265389e-04
8.650000e+00 8.000000e-01 8.328600e-01 1.744640e-01 1.107467e+00 -1.875282e-04
8.700000e+00 8.000000e-01 8.328160e-01 5.277024e-02 1.107288e+00 -6.386936e-04
8.750000e+00 8.000000e-01 8.329239e-01 2.042527e-01 1.107489e+00 -4.411290e-04
8.800000e+00 8.000000e-01 8.328601e-01 3.758697e-02 1.107285e+00 -7.240264e-04
8.850000e+00 8.000000e-01 8.329963e-01 1.990669e-01 1.107496e+00 -1.074101e-03
8.900000e+00 8.000000e-01 8.329675e-01 5.262189e-02 1.107276e+00 -1.168496e-03
8.950000e+00 8.000000e-01 8.331131e-01 2.015035e-01 1.107526e+00 -1.437113e-03
9.000000e+00 8.000000e-01 8.331112e-01 2.014477e-02 1.107297e+00 -2.376215e-03
9.050000e+00 8.000000e-01 8.333507e-01 2.520310e-01 1.107481e+00 -2.391107e-03
9.100000e+00 8.000000e-01 8.333503e-01 -8.002724e-03 1.107377e+00 -3.381184e-03
9.150000e+00 8.000000e-01 8.336888e-01 2.464423e-01 1.107551e+00 -4.591667e-03
9.200000e+00 8.000000e-01 8.338095e-01 1.036556e-02 1.107269e+00 -5.681842e-03
9.250000e+00 8.000000e-01 8.342570e-01 2.700090e-01 1.107667e+00 -6.934386e-03
9.300000e+00 8.000000e-01 8.345029e-01 -4.478773e-02 1.107470e+00 -9.819016e-03
9.350000e+00 8.000000e-01 8.352389e-01 3.235849e-01 1.107524e+00 -1.209767e-02
9.400000e+00 8.000000e-01 8.357127e-01 -4.171983e-02 1.107447e+00 -1.542625e-02
9.450000e+00 8.000000e-01 8.367816e-01 3.275511e-01 1.107910e+00 -1.997390e-02
9.500000e+00 8.000000e-01 8.377101e-01 -6.616403e-02 1.107327e+00 -2.633073e-02
9.550000e+00 8.000000e-01 8.394146e-01 4.070375e-01 1.107484e+00 -3.293169e-02
9.600000e+00 8.000000e-01 8.410032e-01 -7.991739e-02 1.107004e+00 -4.260366e-02
9.650000e+00 8.000000e-01 8.436750e-01 4.499706e-01 1.107049e+00 -5.468193e-02
9.700000e+00 8.000000e-01 8.464714e-01 -7.011561e-02 1.104595e+00 -7.063395e-02
9.750000e+00 8.000000e-01 8.507384e-01 5.616165e-01 1.102987e+00 -8.969173e-02
9.800000e+00 8.000000e-01 8.554406e-01 -1.463619e-02 1.096474e+00 -1.152644e-01
9.850000e+00 8.000000e-01 8.622648e-01 7.138578e-01 1.088553e+00 -1.479125e-01
9.900000e+00 8.000000e-01 8.702319e-01 1.835270e-01 1.066110e+00 -1.919371e-01
9.950000e+00 8.000000e-01 8.814585e-01 1.042490e+00 1.032422e+00 -2.544814e-01
1.000000e+01 8.000000e-01 8.956800e-01 8.651275e-01 0.000000e+00 0.000000e+00
0.000000e+00 8.200000e-01 9.141360e-01 3.840000e+00 0.000000e+00 0.000000e+00
5.000000e-02 8.200000e-01 9.141525e-01 3.839578e+00 8.840493e-01 -2.144800e-04
1.000000e-01 8.200000e-01 9.141574e-01 3.838806e+00 8.839381e-01 2.933032e-05
1.500000e-01 8.200000e-01 9.141496e-01 3.840913e+00 8.841272e-01 1.590128e-04
2.000000e-01 8.200000e-01 9.141415e-01 3.842059e+00 8.842410e-01 7.280414e-05
2.500000e-01 8.200000e-01 9.141423e-01 3.837580e+00 8.839934e-01 3.458830e-05
3.000000e-01 8.200000e-01 9.141381e-01 3.834314e+00 8.838178e-01 2.919861e-04
3.500000e-01 8.200000e-01 9.141131e-01 3.839970e+00 8.841981e-01 5.905956e-04
4.000000e-01 8.200000e-01 9.140790e-01 3.845172e+00 8.847013e-01 5.666778e-04
4.500000e-01 8.200000e-01 9.140564e-01 3.836549e+00 8.846699e-01 4.584556e-04
5.000000e-01 8.200000e-01 9.140332e-01 3.823794e+00 8.845273e-01 7.934395e-04
5.500000e-01 8.200000e-01 9.139771e-01 3.828732e+00 8.851752e-01 1.506620e-03
6.000000e-01 8.200000e-01 9.138825e-01 3.845864e+00 8.863679e-01 2.083139e-03
6.500000e-01 8.200000e-01 9.137687e-01 3.841815e+00 8.870015e-01 2.522678e-03
7.000000e-01 8.200000e-01 9.136303e-01 3.807477e+00 8.870093e-01 3.404303e-03
7.500000e-01 8.200000e-01 9.134283e-01 3.783471e+00 8.875308e-01 4.914142e-03
8.000000e-01 8.200000e-01 9.131388e-01 3.805399e+00 8.889192e-01 6.539294e-03
8.500000e-01 8.200000e-01 9.127744e-01 3.838629e+00 8.899167e-01 7.940951e-03
9.000000e-01 8.200000e-01 9.123447e-01 3.810099e+00 8.895806e-01 9.473057e-03
9.500000e-01 8.200000e-01 9.118271e-01 3.713834e+00 8.889670e-01 1.145895e-02
1.000000e+00 8.200000e-01 9.111988e-01 3.641548e+00 8.897227e-01 1.351065e-02
1.050000e+00 8.200000e-01 9.104760e-01 3.673223e+00 8.915587e-01 1.510660e-02
1.100000e+00 8.200000e-01 9.096882e-01 3.756565e+00 8.924036e-01 1.650241e-02
1.150000e+00 8.200000e-01 9.088258e-01 3.745159e+00 8.912512e-01 1.842510e-02
1.200000e+00 8.200000e-01 9.078457e-01 3.570308e+00 8.897652e-01 2.092604e-02
1.250000e+00 8.200000e-01 9.067332e-01 3.342159e+00 8.904594e-01 2.314454e-02
1.300000e+00 8.200000e-01 9.055312e-01 3.250514e+00 8.937490e-01 2.440575e-02
1.350000e+00 8.200000e-01 9.042926e-01 3.364426e+00 8.973556e-01 2.515559e-02
1.400000e+00 8.200000e-01 9.030157e-01 3.546685e+00 8.985476e-01 2.651023e-02
1.450000e+00 8.200000e-01 9.016416e-01 3.572359e+00 8.967174e-01 2.907875e-02
1.500000e+00 8.200000e-01 9.001078e-01 3.328833e+00 8.940340e-01 3.245587e-02
1.550000e+00 8.200000e-01 8.983960e-01 2.911460e+00 8.939518e-01 3.569685e-02
1.600000e+00 8.200000e-01 8.965381e-01 2.545502e+00 8.988261e-01 3.801723e-02
1.650000e+00 8.200000e-01 8.945943e-01 2.419226e+00 9.081659e-01 3.914729e-02
1.700000e+00 8.200000e-01 8.926234e-01 2.561911e+00 9.186214e-01 3.944307e-02
1.750000e+00 8.200000e-01 8.906500e-01 2.842050e+00 9.259118e-01 3.989639e-02
1.800000e+00 8.200000e-01 8.886337e-01 3.067746e+00 9.275301e-01 4.185351e-02
1.850000e+00 8.200000e-01 8.864646e-01 3.100358e+00 9.242963e-01 4.634348e-02
1.900000e+00 8.200000e-01 8.839994e-01 2.902550e+00 9.198145e-01 5.334363e-02
1.950000e+00 8.200000e-01 8.811302e-01 2.518513e+00 9.185395e-01 6.149072e-02
2.000000e+00 8.200000e-01 8.778503e-01 2.030917e+00 9.237866e-01 6.850316e-02
2.050000e+00 8.200000e-01 8.742799e-01 1.525562e+00 9.366148e-01 7.212500e-02
2.100000e+00 8.200000e-01 8.706378e-01 1.069947e+00 9.558455e-01 7.105928e-02
2.150000e+00 8.200000e-01 8.671740e-01 7.040745e-01 9.789083e-01 6.538820e-02
2.200000e+00 8.200000e-01 8.640990e-01 4.412185e-01 1.002919e+00 5.634581e-02
2.250000e+00 8.200000e-01 8.615394e-01 2.746597e-01 1.025495e+00 4.569484e-02
2.300000e+00 8.200000e-01 8.595295e-01 1.860181e-01 1.045116e+00 3.509005e-02
2.350000e+00 8.200000e-01 8.580304e-01 1.526454e-01 1.061132e+00 2.568673e-02
2.400000e+00 8.200000e-01 8.569608e-01 1.531476e-01 1.073552e+00 1.804644e-02
2.450000e+00 8.200000e-01 8.562258e-01 1.706492e-01 1.082786e+00 1.224897e-02
2.500000e+00 8.200000e-01 8.557359e-01 1.938239e-01 1.089420e+00 8.081648e-03
2.550000e+00 8.200000e-01 8.554176e-01 2.162818e-01 1.094057e+00 5.211429e-03
2.600000e+00 8.200000e-01 8.552148e-01 2.351901e-01 1.097227e+00 3.299501e-03
2.650000e+00 8.200000e-01 8.550877e-01 2.498556e-01 1.099358e+00 2.058305e-03
2.700000e+00 8.200000e-01 8.550090e-01 2.606429e-01 1.100771e+00 1.268249e-03
2.750000e+00 8.200000e-01 8.549608e-01 2.682992e-01 1.101699e+00 7.728884e-04
2.800000e+00 8.200000e-01 8.549317e-01 2.736020e-01 1.102304e+00 4.659681e-04
2.850000e+00 8.200000e-01 8.549142e-01 2.772137e-01 1.102696e+00 2.776851e-04
2.900000e+00 8.200000e-01 8.549039e-01 2.796456e-01 1.102948e+00 1.632363e-04
2.950000e+00 8.200000e-01 8.548979e-01 2.812701e-01 1.103110e+00 9.432358e-05
3.000000e+00 8.200000e-01 8.548945e-01 2.823493e-01 1.103213e+00 5.327436e-05
3.050000e+00 8.200000e-01 8.548926e-01 2.830634e-01 1.103279e+00 2.914290e-05
3.100000e+00 8.200000e-01 8.548916e-01 2.835344e-01 1.103320e+00 1.519544e-05
3.150000e+00 8.200000e-01 8.548911e-01 2.838443e-01 1.103346e+00 7.315595e-06
3.200000e+00 8.200000e-01 8.548908e-01 2.840477e-01 1.103363e+00 3.004191e-06
3.250000e+00 8.200000e-01 8.548908e-01 2.841809e-01 1.103373e+00 7.561754e-07
3.300000e+00 8.200000e-01 8.548908e-01 2.842680e-01 1.103379e+00 -3.256845e-07
3.350000e+00 8.200000e-01 8.548908e-01 2.843247e-01 1.103383e+00 -7.693606e-07
3.400000e+00 8.200000e-01 8.548908e-01 2.843616e-01 1.103385e+00 -8.802787e-07
3.450000e+00 8.200000e-01 8.548909e-01 2.843855e-01 1.103386e+00 -8.310990e-07
3.500000e+00 8.200000e-01 8.548909e-01 2.844009e-01 1.103387e+00 -7.163135e-07
3.550000e+00 8.200000e-01 8.548910e-01 2.844108e-01 1.103388e+00 -5.851805e-07
3.600000e+00 8.200000e-01 8.548910e-01 2.844172e-01 1.103388e+00 -4.613859e-07
3.650000e+00 8.200000e-01 8.548910e-01 2.844212e-01 1.103388e+00 -3.546241e-07
3.700000e+00 8.200000e-01 8.548910e-01 2.844237e-01 1.103388e+00 -2.673005e-07
3.750000e+00 8.200000e-01 8.548910e-01 2.844252e-01 1.103388e+00 -1.983199e-07
3.800000e+00 8.200000e-01 8.548910e-01 2.844262e-01 1.103388e+00 -1.451577e-07
3.850000e+00 8.200000e-01 8.548910e-01 2.844268e-01 1.103388e+00 -1.049383e-07
3.900000e+00 8.200000e-01 8.548910e-01 2.844271e-01 1.103388e+00 -7.495132e-08
3.950000e+00 8.200000e-01 8.548910e-01 2.844273e-01 1.103388e+00 -5.286134e-08
4.000000e+00 8.200000e-01 8.548911e-01 2.844274e-01 1.103388e+00 -3.675896e-08
4.050000e+00 8.200000e-01 8.548911e-01 2.844274e-01 1.103388e+00 -2.513511e-08
4.100000e+00 8.200000e-01 8.548911e-01 2.844274e-01 1.103388e+00 -1.682503e-08
4.150000e+00 8.200000e-01 8.548911e-01 2.844274e-01 1.103388e+00 -1.094499e-08
4.200000e+00 8.200000e-01 8.548911e-01 2.844274e-01 1.103388e+00 -6.832982e-09
4.250000e+00 8.200000e-01 8.548911e-01 2.844274e-01 1.103388e+00 -3.997938e-09
4.300000e+00 8.200000e-01 8.548911e-01 2.844274e-01 1.103388e+00 -2.078338e-09
4.350000e+00 8.200000e-01 8.548911e-01 2.844273e-01 1.103388e+00 -8.097101e-10
4.400000e+00 8.200000e-01 8.548911e-01 2.844273e-01 1.103388e+00 3.874678e-13
4.450000e+00 8.200000e-01 8.548911e-01 2.844273e-01 1.103388e+00 4.912803e-10
4.500000e+00 8.200000e-01 8.548911e-01 2.844273e-01 1.103388e+00 7.633139e-10
4.550000e+00 8.200000e-01 8.548911e-01 2.844273e-01 1.103388e+00 8.883394e-10
4.600000e+00 8.200000e-01 8.548911e-01 2.844273e-01 1.103388e+00 9.174128e-10
4.650000e+00 8.200000e-01 8.548911e-01 2.844273e-01 1.103388e+00 8.864576e-10
4.700000e+00 8.200000e-01 8.548911e-01 2.844273e-01 1.103388e+00 8.204548e-10
4.750000e+00 8.200000e-01 8.548911e-01 2.844273e-01 1.103388e+00 7.364576e-10
4.800000e+00 8.200000e-01 8.548911e-01 2.844273e-01 1.103388e+00 6.458267e-10
4.850000e+00 8.200000e-01 8.548911e-01 2.844273e-01 1.103388e+00 5.558676e-10
4.900000e+00 8.200000e-01 8.548911e-01 2.844273e-01 1.103388e+00 4.710232e-10
4.950000e+00 8.200000e-01 8.548911e-01 2.844273e-01 1.103388e+00 3.937417e-10
5.000000e+00 8.200000e-01 8.548911e-01 2.844273e-01 1.103388e+00 3.250955e-10
5.050000e+00 8.200000e-01 8.548911e-01 2.844273e-01 1.103388e+00 2.652623e-10
5.100000e+00 8.200000e-01 8.548911e-01 2.844273e-01 1.103388e+00 2.138500e-10
5.150000e+00 8.200000e-01 8.548911e-01 2.844273e-01 1.103388e+00 1.701095e-10
5.200000e+00 8.200000e-01 8.548911e-01 2.844273e-01 1.103388e+00 1.331057e-10
5.250000e+00 8.200000e-01 8.548911e-01 2.844273e-01 1.103388e+00 1.018319e-10
5.300000e+00 8.200000e-01 8.548911e-01 2.844273e-01 1.103388e+00 7.525869e-11
5.350000e+00 8.200000e-01 8.548911e-01 2.844273e-01 1.103388e+00 5.237588e-11
5.400000e+00 8.200000e-01 8.548911e-01 2.844273e-01 1.103388e+00 3.220091e-11
5.450000e+00 8.200000e-01 8.548911e-01 2.844273e-01 1.103388e+00 1.378675e-11
5.500000e+00 8.200000e-01 8.548911e-01 2.844273e-01 1.103388e+00 -3.770317e-12
5.550000e+00 8.200000e-01 8.548911e-01 2.844273e-01 1.103388e+00 -2.140288e-11
5.600000e+00 8.200000e-01 8.548911e-01 2.844273e-01 1.103388e+00 -4.010237e-11
5.650000e+00 8.200000e-01 8.548911e-01 2.844273e-01 1.103388e+00 -6.092349e-11
5.700000e+00 8.200000e-01 8.548911e-01 2.844273e-01 1.103388e+00 -8.508971e-11
5.750000e+00 8.200000e-01 8.548911e-01 2.844273e-01 1.103388e+00 -1.140465e-10
5.800000e+00 8.200000e-01 8.548911e-01 2.844273e-01 1.103388e+00 -1.495304e-10
5.850000e+00 8.200000e-01 8.548911e-01 2.844273e-01 1.103388e+00 -1.937339e-10
5.900000e+00 8.200000e-01 8.548911e-01 2.844273e-01 1.103388e+00 -2.494183e-10
5.950000e+00 8.200000e-01 8.548911e-01 2.844273e-01 1.103388e+00 -3.200862e-10
6.000000e+00 8.200000e-01 8.548911e-01 2.844273e-01 1.103388e+00 -4.102430e-10
6.050000e+00 8.200000e-01 8.548911e-01 2.844273e-01 1.103388e+00 -5.256884e-10
6.100000e+00 8.200000e-01 8.548911e-01 2.844273e-01 1.103388e+00 -6.739165e-10
6.150000e+00 8.200000e-01 8.548911e-01 2.844273e-01 1.103388e+00 -8.646361e-10
6.200000e+00 8.200000e-01 8.548911e-01 2.844273e-01 1.103388e+00 -1.110405e-09
6.250000e+00 8.200000e-01 8.548911e-01 2.844273e-01 1.103388e+00 -1.427496e-09
6.300000e+00 8.200000e-01 8.548911e-01 2.844273e-01 1.103388e+00 -1.837015e-09
6.350000e+00 8.200000e-01 8.548911e-01 2.844273e-01 1.103388e+00 -2.366338e-09
6.400000e+00 8.200000e-01 8.548911e-01 2.844273e-01 1.103388e+00 -3.050969e-09
6.450000e+00 8.200000e-01 8.548911e-01 2.844273e-01 1.103388e+00 -3.936961e-09
6.500000e+00 8.200000e-01 8.548911e-01 2.844273e-01 1.103388e+00 -5.084064e-09
6.550000e+00 8.200000e-01 8.548911e-01 2.844273e-01 1.103388e+00 -6.569795e-09
6.600000e+00 8.200000e-01 8.548911e-01 2.844273e-01 1.103388e+00 -8.494723e-09
6.650000e+00 8.200000e-01 8.548911e-01 2.844273e-01 1.103388e+00 -1.098931e-08
6.700000e+00 8.200000e-01 8.548911e-01 2.844273e-01 1.103388e+00 -1.422281e-08
6.750000e+00 8.200000e-01 8.548911e-01 2.844273e-01 1.103388e+00 -1.841480e-08
6.800000e+00 8.200000e-01 8.548911e-01 2.844273e-01 1.103388e+00 -2.385008e-08
6.850000e+00 8.200000e-01 8.548911e-01 2.844273e-01 1.103388e+00 -3.089805e-08
6.900000e+00 8.200000e-01 8.548911e-01 2.844273e-01 1.103388e+00 -4.003783e-08
6.950000e+00 8.200000e-01 8.548911e-01 2.844274e-01 1.103388e+00 -5.189067e-08
7.000000e+00 8.200000e-01 8.548911e-01 2.844274e-01 1.103388e+00 -6.726228e-08
7.050000e+00 8.200000e-01 8.548911e-01 2.844274e-01 1.103388e+00 -8.719683e-08
7.100000e+00 8.200000e-01 8.548911e-01 2.844275e-01 1.103388e+00 -1.130495e-07
7.150000e+00 8.200000e-01 8.548911e-01 2.844276e-01 1.103388e+00 -1.465713e-07
7.200000e+00 8.200000e-01 8.548911e-01 2.844276e-01 1.103388e+00 -1.900510e-07
7.250000e+00 8.200000e-01 8.548911e-01 2.844277e-01 1.103388e+00 -2.463890e-07
7.300000e+00 8.200000e-01 8.548911e-01 2.844279e-01 1.103388e+00 -3.195591e-07
7.350000e+00 8.200000e-01 8.548911e-01 2.844281e-01 1.103388e+00 -4.140172e-07
7.400000e+00 8.200000e-01 8.548912e-01 2.844282e-01 1.103388e+00 -5.376876e-07
7.450000e+00 8.200000e-01 8.548912e-01 2.844288e-01 1.103388e+00 -6.943486e-07
7.500000e+00 8.200000e-01 8.548912e-01 2.844284e-01 1.103388e+00 -9.077948e-07
7.550000e+00 8.200000e-01 8.548913e-01 2.844313e-01 1.103388e+00 -1.155571e-06
7.600000e+00 8.200000e-01 8.548913e-01 2.844255e-01 1.103388e+00 -1.553528e-06
7.650000e+00 8.200000e-01 8.548914e-01 2.844431e-01 1.103388e+00 -1.871328e-06
7.700000e+00 8.200000e-01 8.548915e-01 2.844025e-01 1.103388e+00 -2.772013e-06
7.750000e+00 8.200000e-01 8.548917e-01 2.845044e-01 1.103387e+00 -2.777422e-06
7.800000e+00 8.200000e-01 8.548918e-01 2.842741e-01 1.103387e+00 -5.426459e-06
7.850000e+00 8.200000e-01 8.548923e-01 2.847916e-01 1.103387e+00 -3.108068e-06
7.900000e+00 8.200000e-01 8.548921e-01 2.837021e-01 1.103386e+00 -1.203443e-05
7.950000e+00 8.200000e-01 8.548935e-01 2.859202e-01 1.103388e+00 -5.751062e-08
8.000000e+00 8.200000e-01 8.548921e-01 2.816537e-01 1.103385e+00 -2.852939e-05
8.050000e+00 8.200000e-01 8.548963e-01 2.894887e-01 1.103389e+00 1.210470e-05
8.100000e+00 8.200000e-01 8.548909e-01 2.759234e-01 1.103381e+00 -6.328772e-05
8.150000e+00 8.200000e-01 8.549026e-01 2.981223e-01 1.103390e+00 3.580723e-05
8.200000e+00 8.200000e-01 8.548873e-01 2.641190e-01 1.103376e+00 -1.141734e-04
8.250000e+00 8.200000e-01 8.549141e-01 3.127996e-01 1.103390e+00 4.871093e-05
8.300000e+00 8.200000e-01 8.548825e-01 2.483021e-01 1.103372e+00 -1.460624e-04
8.350000e+00 8.200000e-01 8.549287e-01 3.271068e-01 1.103385e+00 -7.135582e-06
8.400000e+00 8.200000e-01 8.548832e-01 2.391392e-01 1.103371e+00 -1.177722e-04
8.450000e+00 8.200000e-01 8.549404e-01 3.291280e-01 1.103374e+00 -1.453703e-04
8.500000e+00 8.200000e-01 8.548977e-01 2.437819e-01 1.103370e+00 -1.114802e-04
8.550000e+00 8.200000e-01 8.549516e-01 3.236715e-01 1.103352e+00 -2.243777e-04
8.600000e+00 8.200000e-01 8.549201e-01 2.423921e-01 1.103380e+00 -3.223474e-04
8.650000e+00 8.200000e-01 8.549838e-01 3.393849e-01 1.103293e+00 -1.888158e-04
8.700000e+00 8.200000e-01 8.549390e-01 2.147268e-01 1.103417e+00 -6.328175e-04
8.750000e+00 8.200000e-01 8.550471e-01 3.691535e-01 1.103207e+00 -4.402036e-04
8.800000e+00 8.200000e-01 8.549831e-01 2.001592e-01 1.103406e+00 -7.229827e-04
8.850000e+00 8.200000e-01 8.551194e-01 3.645811e-01 1.103189e+00 -1.062721e-03
8.900000e+00 8.200000e-01 8.550893e-01 2.151135e-01 1.103294e+00 -1.164947e-03
8.950000e+00 8.200000e-01 8.552359e-01 3.674809e-01 1.103116e+00 -1.442149e-03
9.000000e+00 8.200000e-01 8.552335e-01 1.860191e-01 1.103315e+00 -2.340227e-03
9.050000e+00 8.200000e-01 8.554699e-01 4.152434e-01 1.102795e+00 -2.397732e-03
9.100000e+00 8.200000e-01 8.554733e-01 1.612813e-01 1.103281e+00 -3.376929e-03
9.150000e+00 8.200000e-01 8.558076e-01 4.142698e-01 1.102659e+00 -4.539591e-03
9.200000e+00 8.200000e-01 8.559273e-01 1.782276e-01 1.102855e+00 -5.660526e-03
9.250000e+00 8.200000e-01 8.563737e-01 4.396069e-01 1.102297e+00 -6.947055e-03
9.300000e+00 8.200000e-01 8.566220e-01 1.354321e-01 1.102723e+00 -9.720402e-03
9.350000e+00 8.200000e-01 8.573457e-01 4.936198e-01 1.101411e+00 -1.201718e-02
9.400000e+00 8.200000e-01 8.578237e-01 1.406993e-01 1.101888e+00 -1.540215e-02
9.450000e+00 8.200000e-01 8.588859e-01 5.153143e-01 1.100667e+00 -1.984009e-02
9.500000e+00 8.200000e-01 8.598077e-01 1.312717e-01 1.100549e+00 -2.606839e-02
9.550000e+00 8.200000e-01 8.614928e-01 6.040075e-01 1.098329e+00 -3.266121e-02
9.600000e+00 8.200000e-01 8.630738e-01 1.363588e-01 1.097996e+00 -4.223621e-02
9.650000e+00 8.200000e-01 8.657164e-01 6.922590e-01 1.094783e+00 -5.386342e-02
9.700000e+00 8.200000e-01 8.684602e-01 1.777551e-01 1.091929e+00 -6.935266e-02
9.750000e+00 8.200000e-01 8.726516e-01 8.676353e-01 1.085596e+00 -8.744155e-02
9.800000e+00 8.200000e-01 8.772043e-01 2.906951e-01 1.077178e+00 -1.115097e-01
9.850000e+00 8.200000e-01 8.838026e-01 1.162413e+00 1.061903e+00 -1.405335e-01
9.900000e+00 8.200000e-01 8.912577e-01 6.060403e-01 1.033531e+00 -1.785762e-01
9.950000e+00 8.200000e-01 9.016602e-01 1.755705e+00 9.843189e-01 -2.287833e-01
1.000000e+01 8.200000e-01 9.141360e-01 1.529378e+00 0.000000e+00 0.000000e+00
0.000000e+00 8.400000e-01 9.310560e-01 4.080000e+00 0.000000e+00 0.000000e+00
5.000000e-02 8.400000e-01 9.310665e-01 4.079828e+00 8.049334e-01 -1.343589e-04
1.000000e-01 8.400000e-01 9.310694e-01 4.079973e+00 8.048333e-01 2.677543e-05
1.500000e-01 8.400000e-01 9.310638e-01 4.080062e+00 8.049179e-01 1.208808e-04
2.000000e-01 8.400000e-01 9.310573e-01 4.079155e+00 8.049830e-01 8.621495e-05
2.500000e-01 8.400000e-01 9.310552e-01 4.078399e+00 8.048780e-01 8.195127e-05
3.000000e-01 8.400000e-01 9.310492e-01 4.079131e+00 8.048141e-01 2.575855e-04
3.500000e-01 8.400000e-01 9.310295e-01 4.079449e+00 8.050527e-01 4.596020e-04
4.000000e-01 8.400000e-01 9.310032e-01 4.076969e+00 8.054199e-01 4.637390e-04
4.500000e-01 8.400000e-01 9.309831e-01 4.074022e+00 8.055995e-01 4.146256e-04
5.000000e-01 8.400000e-01 9.309617e-01 4.074652e+00 8.057674e-01 6.585480e-04
5.500000e-01 8.400000e-01 9.309172e-01 4.076507e+00 8.063663e-01 1.198914e-03
6.000000e-01 8.400000e-01 9.308418e-01 4.072279e+00 8.073507e-01 1.739195e-03
6.500000e-01 8.400000e-01 9.307433e-01 4.061688e+00 8.082451e-01 2.265088e-03
7.000000e-01 8.400000e-01 9.306153e-01 4.054932e+00 8.089344e-01 3.143214e-03
7.500000e-01 8.400000e-01 9.304290e-01 4.057431e+00 8.097739e-01 4.549339e-03
8.000000e-01 8.400000e-01 9.301604e-01 4.055997e+00 8.108614e-01 6.192002e-03
8.500000e-01 8.400000e-01 9.298098e-01 4.031671e+00 8.118151e-01 7.762726e-03
9.000000e-01 8.400000e-01 9.293841e-01 3.988318e+00 8.124793e-01 9.337215e-03
9.500000e-01 8.400000e-01 9.288761e-01 3.955128e+00 8.132866e-01 1.111463e-02
1.000000e+00 8.400000e-01 9.282727e-01 3.949483e+00 8.145425e-01 1.302100e-02
1.050000e+00 8.400000e-01 9.275740e-01 3.944399e+00 8.158207e-01 1.484299e-02
1.100000e+00 8.400000e-01 9.267884e-01 3.890662e+00 8.165990e-01 1.658998e-02
1.150000e+00 8.400000e-01 9.259150e-01 3.777884e+00 8.172754e-01 1.842138e-02
1.200000e+00 8.400000e-01 9.249462e-01 3.661054e+00 8.189048e-01 2.027673e-02
1.250000e+00 8.400000e-01 9.238873e-01 3.611637e+00 8.218251e-01 2.189398e-02
1.300000e+00 8.400000e-01 9.227568e-01 3.638661e+00 8.250130e-01 2.325883e-02
1.350000e+00 8.400000e-01 9.215614e-01 3.664640e+00 8.271261e-01 2.477719e-02
1.400000e+00 8.400000e-01 9.202791e-01 3.587804e+00 8.280313e-01 2.682970e-02
1.450000e+00 8.400000e-01 9.188784e-01 3.373565e+00 8.291085e-01 2.927943e-02
1.500000e+00 8.400000e-01 9.173512e-01 3.092001e+00 8.321534e-01 3.157563e-02
1.550000e+00 8.400000e-01 9.157209e-01 2.871323e+00 8.380439e-01 3.329430e-02
1.600000e+00 8.400000e-01 9.140217e-01 2.808363e+00 8.461726e-01 3.447279e-02
1.650000e+00 8.400000e-01 9.122736e-01 2.905026e+00 8.547580e-01 3.549210e-02
1.700000e+00 8.400000e-01 9.104725e-01 3.070766e+00 8.616986e-01 3.682743e-02
1.750000e+00 8.400000e-01 9.085909e-01 3.180210e+00 8.656351e-01 3.895878e-02
1.800000e+00 8.400000e-01 9.065766e-01 3.140256e+00 8.667848e-01 4.233633e-02
1.850000e+00 8.400000e-01 9.043572e-01 2.923302e+00 8.670813e-01 4.717114e-02
1.900000e+00 8.400000e-01 9.018595e-01 2.558757e+00 8.694960e-01 5.308880e-02
1.950000e+00 8.400000e-01 8.990483e-01 2.105788e+00 8.768840e-01 5.895794e-02
2.000000e+00 8.400000e-01 8.959637e-01 1.629484e+00 8.908981e-01 6.315626e-02
2.050000e+00 8.400000e-01 8.927327e-01 1.186474e+00 9.114352e-01 6.420402e-02
2.100000e+00 8.400000e-01 8.895433e-01 8.175877e-01 9.367953e-01 6.139688e-02
2.150000e+00 8.400000e-01 8.865930e-01 5.451190e-01 9.643750e-01 5.506782e-02
2.200000e+00 8.400000e-01 8.840366e-01 3.732894e-01 9.915017e-01 4.637521e-02
2.250000e+00 8.400000e-01 8.819555e-01 2.911373e-01 1.016070e+00 3.680296e-02
2.300000e+00 8.400000e-01 8.803563e-01 2.775711e-01 1.036834e+00 2.766524e-02
2.350000e+00 8.400000e-01 8.791890e-01 3.078329e-01 1.053386e+00 1.981822e-02
2.400000e+00 8.400000e-01 8.783744e-01 3.594782e-01 1.065948e+00 1.361607e-02
2.450000e+00 8.400000e-01 8.778274e-01 4.160032e-01 1.075098e+00 9.029069e-03
2.500000e+00 8.400000e-01 8.774715e-01 4.676216e-01 1.081546e+00 5.812961e-03
2.550000e+00 8.400000e-01 8.772461e-01 5.100534e-01 1.085970e+00 3.652154e-03
2.600000e+00 8.400000e-01 8.771063e-01 5.425943e-01 1.088942e+00 2.248508e-03
2.650000e+00 8.400000e-01 8.770212e-01 5.663753e-01 1.090908e+00 1.360506e-03
2.700000e+00 8.400000e-01 8.769703e-01 5.831732e-01 1.092192e+00 8.102644e-04
2.750000e+00 8.400000e-01 8.769402e-01 5.947571e-01 1.093023e+00 4.749490e-04
2.800000e+00 8.400000e-01 8.769228e-01 6.026122e-01 1.093557e+00 2.734818e-04
2.850000e+00 8.400000e-01 8.769129e-01 6.078771e-01 1.093898e+00 1.540276e-04
2.900000e+00 8.400000e-01 8.769074e-01 6.113774e-01 1.094115e+00 8.418428e-05
2.950000e+00 8.400000e-01 8.769044e-01 6.136915e-01 1.094252e+00 4.401817e-05
3.000000e+00 8.400000e-01 8.769030e-01 6.152151e-01 1.094339e+00 2.140927e-05
3.050000e+00 8.400000e-01 8.769023e-01 6.162151e-01 1.094393e+00 9.057509e-06
3.100000e+00 8.400000e-01 8.769021e-01 6.168698e-01 1.094426e+00 2.604311e-06
3.150000e+00 8.400000e-01 8.769020e-01 6.172973e-01 1.094447e+00 -5.278536e-07
3.200000e+00 8.400000e-01 8.769021e-01 6.175758e-01 1.094460e+00 -1.845464e-06
3.250000e+00 8.400000e-01 8.769022e-01 6.177569e-01 1.094467e+00 -2.215498e-06
3.300000e+00 8.400000e-01 8.769023e-01 6.178742e-01 1.094472e+00 -2.126415e-06
3.350000e+00 8.400000e-01 8.769024e-01 6.179500e-01 1.094475e+00 -1.845183e-06
3.400000e+00 8.400000e-01 8.769025e-01 6.179988e-01 1.094476e+00 -1.511159e-06
3.450000e+00 8.400000e-01 8.769026e-01 6.180301e-01 1.094477e+00 -1.191744e-06
3.500000e+00 8.400000e-01 8.769026e-01 6.180501e-01 1.094478e+00 -9.150016e-07
3.550000e+00 8.400000e-01 8.769027e-01 6.180627e-01 1.094478e+00 -6.884741e-07
3.600000e+00 8.400000e-01 8.769027e-01 6.180706e-01 1.094478e+00 -5.097966e-07
3.650000e+00 8.400000e-01 8.769027e-01 6.180756e-01 1.094478e+00 -3.725029e-07
3.700000e+00 8.400000e-01 8.769027e-01 6.180786e-01 1.094478e+00 -2.690515e-07
3.750000e+00 8.400000e-01 8.769028e-01 6.180805e-01 1.094478e+00 -1.922820e-07
3.800000e+00 8.400000e-01 8.769028e-01 6.180815e-01 1.094478e+00 -1.360148e-07
3.850000e+00 8.400000e-01 8.769028e-01 6.180822e-01 1.094478e+00 -9.520363e-08
3.900000e+00 8.400000e-01 8.769028e-01 6.180825e-01 1.094478e+00 -6.587428e-08
3.950000e+00 8.400000e-01 8.769028e-01 6.180826e-01 1.094478e+00 -4.497517e-08
4.000000e+00 8.400000e-01 8.769028e-01 6.180827e-01 1.094478e+00 -3.020679e-08
4.050000e+00 8.400000e-01 8.769028e-01 6.180827e-01 1.094478e+00 -1.986092e-08
4.100000e+00 8.400000e-01 8.769028e-01 6.180827e-01 1.094478e+00 -1.268273e-08
4.150000e+00 8.400000e-01 8.769028e-01 6.180826e-01 1.094478e+00 -7.758573e-09
4.200000e+00 8.400000e-01 8.769028e-01 6.180826e-01 1.094478e+00 -4.427996e-09
4.250000e+00 8.400000e-01 8.769028e-01 6.180826e-01 1.094478e+00 -2.216402e-09
4.300000e+00 8.400000e-01 8.769028e-01 6.180825e-01 1.094478e+00 -7.844836e-10
4.350000e+00 8.400000e-01 8.769028e-01 6.180825e-01 1.094478e+00 1.092204e-10
4.400000e+00 8.400000e-01 8.769028e-01 6.180825e-01 1.094478e+00 6.357526e-10
4.450000e+00 8.400000e-01 8.769028e-01 6.180825e-01 1.094478e+00 9.156953e-10
4.500000e+00 8.400000e-01 8.769028e-01 6.180825e-01 1.094478e+00 1.033568e-09
4.550000e+00 8.400000e-01 8.769028e-01 6.180824e-01 1.094478e+00 1.048187e-09
4.600000e+00 8.400000e-01 8.769028e-01 6.180824e-01 1.094478e+00 1.000089e-09
4.650000e+00 8.400000e-01 8.769028e-01 6.180824e-01 1.094478e+00 9.168333e-10
4.700000e+00 8.400000e-01 8.769028e-01 6.180824e-01 1.094478e+00 8.168421e-10
4.750000e+00 8.400000e-01 8.769028e-01 6.180824e-01 1.094478e+00 7.120926e-10
4.800000e+00 8.400000e-01 8.769028e-01 6.180824e-01 1.094478e+00 6.100631e-10
4.850000e+00 8.400000e-01 8.769028e-01 6.180824e-01 1.094478e+00 5.151346e-10
4.900000e+00 8.400000e-01 8.769028e-01 6.180824e-01 1.094478e+00 4.295786e-10
4.950000e+00 8.400000e-01 8.769028e-01 6.180824e-01 1.094478e+00 3.542577e-10
5.000000e+00 8.400000e-01 8.769028e-01 6.180824e-01 1.094478e+00 2.891098e-10
5.050000e+00 8.400000e-01 8.769028e-01 6.180824e-01 1.094478e+00 2.335299e-10
5.100000e+00 8.400000e-01 8.769028e-01 6.180824e-01 1.094478e+00 1.865963e-10
5.150000e+00 8.400000e-01 8.769028e-01 6.180824e-01 1.094478e+00 1.472211e-10
5.200000e+00 8.400000e-01 8.769028e-01 6.180824e-01 1.094478e+00 1.142708e-10
5.250000e+00 8.400000e-01 8.769028e-01 6.180824e-01 1.094478e+00 8.663292e-11
5.300000e+00 8.400000e-01 8.769028e-01 6.180824e-01 1.094478e+00 6.324830e-11
5.350000e+00 8.400000e-01 8.769028e-01 6.180824e-01 1.094478e+00 4.311329e-11
5.400000e+00 8.400000e-01 8.769028e-01 6.180824e-01 1.094478e+00 2.528644e-11
5.450000e+00 8.400000e-01 8.769028e-01 6.180824e-01 1.094478e+00 8.872902e-12
5.500000e+00 8.400000e-01 8.769028e-01 6.180824e-01 1.094478e+00 -6.971090e-12
5.550000e+00 8.400000e-01 8.769028e-01 6.180824e-01 1.094478e+00 -2.311262e-11
5.600000e+00 8.400000e-01 8.769028e-01 6.180824e-01 1.094478e+00 -4.047429e-11
5.650000e+00 8.400000e-01 8.769028e-01 6.180824e-01 1.094478e+00 -6.004641e-11
5.700000e+00 8.400000e-01 8.769028e-01 6.180824e-01 1.094478e+00 -8.298917e-11
5.750000e+00 8.400000e-01 8.769028e-01 6.180824e-01 1.094478e+00 -1.106759e-10
5.800000e+00 8.400000e-01 8.769028e-01 6.180824e-01 1.094478e+00 -1.447742e-10
5.850000e+00 8.400000e-01 8.769028e-01 6.180824e-01 1.094478e+00 -1.874001e-10
5.900000e+00 8.400000e-01 8.769028e-01 6.180824e-01 1.094478e+00 -2.412270e-10
5.950000e+00 8.400000e-01 8.769028e-01 6.180824e-01 1.094478e+00 -3.096512e-10
6.000000e+00 8.400000e-01 8.769028e-01 6.180824e-01 1.094478e+00 -3.970513e-10
6.050000e+00 8.400000e-01 8.769028e-01 6.180824e-01 1.094478e+00 -5.090750e-10
6.100000e+00 8.400000e-01 8.769028e-01 6.180824e-01 1.094478e+00 -6.530176e-10
6.150000e+00 8.400000e-01 8.769028e-01 6.180824e-01 1.094478e+00 -8.383350e-10
6.200000e+00 8.400000e-01 8.769028e-01 6.180824e-01 1.094478e+00 -1.077272e-09
6.250000e+00 8.400000e-01 8.769028e-01 6.180824e-01 1.094478e+00 -1.385697e-09
6.300000e+00 8.400000e-01 8.769028e-01 6.180824e-01 1.094478e+00 -1.784188e-09
6.350000e+00 8.400000e-01 8.769028e-01 6.180824e-01 1.094478e+00 -2.299456e-09
6.400000e+00 8.400000e-01 8.769028e-01 6.180824e-01 1.094478e+00 -2.966142e-09
6.450000e+00 8.400000e-01 8.769028e-01 6.180824e-01 1.094478e+00 -3.829169e-09
6.500000e+00 8.400000e-01 8.769028e-01 6.180824e-01 1.094478e+00 -4.946867e-09
6.550000e+00 8.400000e-01 8.769028e-01 6.180824e-01 1.094478e+00 -6.394906e-09
6.600000e+00 8.400000e-01 8.769028e-01 6.180824e-01 1.094478e+00 -8.271457e-09
6.650000e+00 8.400000e-01 8.769028e-01 6.180824e-01 1.094478e+00 -1.070392e-08
6.700000e+00 8.400000e-01 8.769028e-01 6.180825e-01 1.094478e+00 -1.385757e-08
6.750000e+00 8.400000e-01 8.769028e-01 6.180825e-01 1.094478e+00 -1.794686e-08
6.800000e+00 8.400000e-01 8.769028e-01 6.180825e-01 1.094478e+00 -2.324999e-08
6.850000e+00 8.400000e-01 8.769028e-01 6.180825e-01 1.094478e+00 -3.012785e-08
6.900000e+00 8.400000e-01 8.769028e-01 6.180826e-01 1.094478e+00 -3.904855e-08
6.950000e+00 8.400000e-01 8.769028e-01 6.180826e-01 1.094478e+00 -5.061918e-08
7.000000e+00 8.400000e-01 8.769028e-01 6.180827e-01 1.094478e+00 -6.562714e-08
7.050000e+00 8.400000e-01 8.769028e-01 6.180827e-01 1.094478e+00 -8.509302e-08
7.100000e+00 8.400000e-01 8.769028e-01 6.180828e-01 1.094478e+00 -1.103416e-07
7.150000e+00 8.400000e-01 8.769028e-01 6.180829e-01 1.094478e+00 -1.430846e-07
7.200000e+00 8.400000e-01 8.769028e-01 6.180831e-01 1.094478e+00 -1.855602e-07
7.250000e+00 8.400000e-01 8.769028e-01 6.180833e-01 1.094478e+00 -2.406035e-07
7.300000e+00 8.400000e-01 8.769028e-01 6.180836e-01 1.094478e+00 -3.121044e-07
7.350000e+00 8.400000e-01 8.769029e-01 6.180839e-01 1.094478e+00 -4.044108e-07
7.400000e+00 8.400000e-01 8.769029e-01 6.180843e-01 1.094478e+00 -5.253026e-07
7.450000e+00 8.400000e-01 8.769029e-01 6.180852e-01 1.094478e+00 -6.784032e-07
7.500000e+00 8.400000e-01 8.769029e-01 6.180851e-01 1.094477e+00 -8.871718e-07
7.550000e+00 8.400000e-01 8.769030e-01 6.180884e-01 1.094477e+00 -1.129229e-06
7.600000e+00 8.400000e-01 8.769031e-01 6.180833e-01 1.094477e+00 -1.518805e-06
7.650000e+00 8.400000e-01 8.769031e-01 6.181016e-01 1.094477e+00 -1.828861e-06
7.700000e+00 8.400000e-01 8.769032e-01 6.180621e-01 1.094477e+00 -2.710887e-06
7.750000e+00 8.400000e-01 8.769034e-01 6.181650e-01 1.094477e+00 -2.715498e-06
7.800000e+00 8.400000e-01 8.769035e-01 6.179379e-01 1.094477e+00 -5.304732e-06
7.850000e+00 8.400000e-01 8.769039e-01 6.184524e-01 1.094475e+00 -3.049777e-06
7.900000e+00 8.400000e-01 8.769038e-01 6.173802e-01 1.094477e+00 -1.174090e-05
7.950000e+00 8.400000e-01 8.769051e-01 6.195664e-01 1.094472e+00 -1.351081e-07
8.000000e+00 8.400000e-01 8.769038e-01 6.153857e-01 1.094480e+00 -2.773791e-05
8.050000e+00 8.400000e-01 8.769079e-01 6.230569e-01 1.094463e+00 1.149603e-05
8.100000e+00 8.400000e-01 8.769027e-01 6.098311e-01 1.094489e+00 -6.131611e-05
8.150000e+00 8.400000e-01 8.769140e-01 6.314430e-01 1.094441e+00 3.406122e-05
8.200000e+00 8.400000e-01 8.768993e-01 5.984501e-01 1.094512e+00 -1.103876e-04
8.250000e+00 8.400000e-01 8.769251e-01 6.456179e-01 1.094403e+00 4.604314e-05
8.300000e+00 8.400000e-01 8.768947e-01 5.833005e-01 1.094541e+00 -1.414198e-04
8.350000e+00 8.400000e-01 8.769392e-01 6.593553e-01 1.094363e+00 -8.108887e-06
8.400000e+00 8.400000e-01 8.768955e-01 5.747167e-01 1.094550e+00 -1.148777e-04
8.450000e+00 8.400000e-01 8.769507e-01 6.611013e-01 1.094347e+00 -1.427716e-04
8.500000e+00 8.400000e-01 8.769098e-01 5.798656e-01 1.094520e+00 -1.070717e-04
8.550000e+00 8.400000e-01 8.769614e-01 6.549496e-01 1.094327e+00 -2.263342e-04
8.600000e+00 8.400000e-01 8.769324e-01 5.805028e-01 1.094523e+00 -3.030578e-04
8.650000e+00 8.400000e-01 8.769917e-01 6.678861e-01 1.094197e+00 -2.024697e-04
8.700000e+00 8.400000e-01 8.769526e-01 5.567911e-01 1.094613e+00 -6.044322e-04
8.750000e+00 8.400000e-01 8.770522e-01 6.953076e-01 1.093999e+00 -4.368562e-04
8.800000e+00 8.400000e-01 8.769963e-01 5.432734e-01 1.094585e+00 -7.168106e-04
8.850000e+00 8.400000e-01 8.771238e-01 6.930497e-01 1.093945e+00 -1.029371e-03
8.900000e+00 8.400000e-01 8.770993e-01 5.580409e-01 1.094355e+00 -1.139082e-03
8.950000e+00 8.400000e-01 8.772377e-01 6.942120e-01 1.093760e+00 -1.445251e-03
9.000000e+00 8.400000e-01 8.772438e-01 5.383292e-01 1.094329e+00 -2.247880e-03
9.050000e+00 8.400000e-01 8.774625e-01 7.353790e-01 1.093160e+00 -2.377736e-03
9.100000e+00 8.400000e-01 8.774816e-01 5.193670e-01 1.094132e+00 -3.326769e-03
9.150000e+00 8.400000e-01 8.777952e-01 7.410437e-01 1.092752e+00 -4.421153e-03
9.200000e+00 8.400000e-01 8.779237e-01 5.384053e-01 1.093336e+00 -5.536991e-03
9.250000e+00 8.400000e-01 8.783489e-01 7.649588e-01 1.091850e+00 -6.881496e-03
9.300000e+00 8.400000e-01 8.786118e-01 5.169784e-01 1.092703e+00 -9.464506e-03
9.350000e+00 8.400000e-01 8.792954e-01 8.201464e-01 1.090106e+00 -1.176378e-02
9.400000e+00 8.400000e-01 8.797882e-01 5.321015e-01 1.090900e+00 -1.512872e-02
9.450000e+00 8.400000e-01 8.808082e-01 8.607579e-01 1.087960e+00 -1.943831e-02
9.500000e+00 8.400000e-01 8.817320e-01 5.532994e-01 1.087992e+00 -2.539578e-02
9.550000e+00 8.400000e-01 8.833478e-01 9.644300e-01 1.083348e+00 -3.191027e-02
9.600000e+00 8.400000e-01 8.849231e-01 5.977707e-01 1.082714e+00 -4.118492e-02
9.650000e+00 8.400000e-01 8.874663e-01 1.107690e+00 1.075935e+00 -5.225527e-02
9.700000e+00 8.400000e-01 8.901486e-01 7.036705e-01 1.072160e+00 -6.695928e-02
9.750000e+00 8.400000e-01 8.941622e-01 1.371992e+00 1.060486e+00 -8.379137e-02
9.800000e+00 8.400000e-01 8.985277e-01 9.201105e-01 1.049694e+00 -1.057875e-01
9.850000e+00 8.400000e-01 9.047410e-01 1.849450e+00 1.026038e+00 -1.304536e-01
9.900000e+00 8.400000e-01 9.115731e-01 1.400846e+00 9.921827e-01 -1.609033e-01
9.950000e+00 8.400000e-01 9.208313e-01 2.754195e+00 9.272394e-01 -1.948292e-01
1.000000e+01 8.400000e-01 9.310560e-01 2.503219e+00 0.000000e+00 0.000000e+00
0.000000e+00 8.600000e-01 9.463440e-01 4.320000e+00 0.000000e+00 0.000000e+00
5.000000e-02 8.600000e-01 9.463498e-01 4.319922e+00 7.209860e-01 -6.779943e-05
1.000000e-01 8.600000e-01 9.463508e-01 4.319782e+00 7.208916e-01 3.555519e-05
1.500000e-01 8.600000e-01 9.463463e-01 4.319546e+00 7.209301e-01 9.914072e-05
2.000000e-01 8.600000e-01 9.463409e-01 4.319283e+00 7.209755e-01 8.873836e-05
2.500000e-01 8.600000e-01 9.463374e-01 4.319055e+00 7.209317e-01 1.021201e-04
3.000000e-01 8.600000e-01 9.463307e-01 4.318572e+00 7.209252e-01 2.221340e-04
3.500000e-01 8.600000e-01 9.463152e-01 4.317656e+00 7.211266e-01 3.483019e-04
4.000000e-01 8.600000e-01 9.462958e-01 4.316720e+00 7.214492e-01 3.479389e-04
4.500000e-01 8.600000e-01 9.462804e-01 4.316047e+00 7.217094e-01 3.194553e-04
5.000000e-01 8.600000e-01 9.462639e-01 4.314914e+00 7.220231e-01 4.867303e-04
5.500000e-01 8.600000e-01 9.462317e-01 4.312493e+00 7.226961e-01 8.732948e-04
6.000000e-01 8.600000e-01 9.461765e-01 4.309566e+00 7.237351e-01 1.331611e-03
6.500000e-01 8.600000e-01 9.460986e-01 4.307804e+00 7.248170e-01 1.889177e-03
7.000000e-01 8.600000e-01 9.459876e-01 4.306289e+00 7.257854e-01 2.792779e-03
7.500000e-01 8.600000e-01 9.458193e-01 4.300010e+00 7.268405e-01 4.143349e-03
8.000000e-01 8.600000e-01 9.455733e-01 4.284089e+00 7.281552e-01 5.722832e-03
8.500000e-01 8.600000e-01 9.452470e-01 4.259652e+00 7.296041e-01 7.293795e-03
9.000000e-01 8.600000e-01 9.448439e-01 4.232468e+00 7.310214e-01 8.884443e-03
9.500000e-01 8.600000e-01 9.443585e-01 4.203420e+00 7.324931e-01 1.063367e-02
1.000000e+00 8.600000e-01 9.437805e-01 4.162859e+00 7.342054e-01 1.249699e-02
1.050000e+00 8.600000e-01 9.431088e-01 4.099768e+00 7.361931e-01 1.428401e-02
1.100000e+00 8.600000e-01 9.423521e-01 4.018210e+00 7.384396e-01 1.592056e-02
1.150000e+00 8.600000e-01 9.415168e-01 3.939803e+00 7.410919e-01 1.750276e-02
1.200000e+00 8.600000e-01 9.406019e-01 3.883578e+00 7.443003e-01 1.910616e-02
1.250000e+00 8.600000e-01 9.396062e-01 3.841737e+00 7.478755e-01 2.070128e-02
1.300000e+00 8.600000e-01 9.385317e-01 3.778895e+00 7.513957e-01 2.228536e-02
1.350000e+00 8.600000e-01 9.373776e-01 3.661012e+00 7.547927e-01 2.394824e-02
1.400000e+00 8.600000e-01 9.361369e-01 3.489547e+00 7.586718e-01 2.571725e-02
1.450000e+00 8.600000e-01 9.348059e-01 3.309278e+00 7.638695e-01 2.742992e-02
1.500000e+00 8.600000e-01 9.333939e-01 3.181353e+00 7.706855e-01 2.888170e-02
1.550000e+00 8.600000e-01 9.319177e-01 3.141668e+00 7.785748e-01 3.008915e-02
1.600000e+00 8.600000e-01 9.303850e-01 3.174970e+00 7.865107e-01 3.133160e-02
1.650000e+00 8.600000e-01 9.287846e-01 3.221329e+00 7.935853e-01 3.293689e-02
1.700000e+00 8.600000e-01 9.270913e-01 3.207676e+00 7.994209e-01 3.509224e-02
1.750000e+00 8.600000e-01 9.252754e-01 3.082282e+00 8.043435e-01 3.786191e-02
1.800000e+00 8.600000e-01 9.233051e-01 2.832384e+00 8.094184e-01 4.127499e-02
1.850000e+00 8.600000e-01 9.211479e-01 2.480129e+00 8.163244e-01 4.525902e-02
1.900000e+00 8.600000e-01 9.187792e-01 2.067010e+00 8.269709e-01 4.942257e-02
1.950000e+00 8.600000e-01 9.162056e-01 1.639570e+00 8.428814e-01 5.292984e-02
2.000000e+00 8.600000e-01 9.134862e-01 1.241299e+00 8.645735e-01 5.468269e-02
2.050000e+00 8.600000e-01 9.107373e-01 9.086113e-01 8.912488e-01 5.376612e-02
2.100000e+00 8.600000e-01 9.081096e-01 6.675433e-01 9.209662e-01 4.988333e-02
2.150000e+00 8.600000e-01 9.057490e-01 5.300990e-01 9.512098e-01 4.350564e-02
2.200000e+00 8.600000e-01 9.037591e-01 4.918029e-01 9.795786e-01 3.566776e-02
2.250000e+00 8.600000e-01 9.021822e-01 5.331671e-01 1.004319e+00 2.756187e-02
2.300000e+00 8.600000e-01 9.010029e-01 6.258793e-01 1.024549e+00 2.016358e-02
2.350000e+00 8.600000e-01 9.001659e-01 7.411570e-01 1.040193e+00 1.404134e-02
2.400000e+00 8.600000e-01 8.995987e-01 8.563707e-01 1.051727e+00 9.361570e-03
2.450000e+00 8.600000e-01 8.992297e-01 9.577450e-01 1.059902e+00 6.009522e-03
2.500000e+00 8.600000e-01 8.989978e-01 1.039556e+00 1.065513e+00 3.733081e-03
2.550000e+00 8.600000e-01 8.988564e-01 1.101602e+00 1.069269e+00 2.252997e-03
2.600000e+00 8.600000e-01 8.987725e-01 1.146567e+00 1.071733e+00 1.324326e-03
2.650000e+00 8.600000e-01 8.987240e-01 1.178090e+00 1.073327e+00 7.584846e-04
2.700000e+00 8.600000e-01 8.986966e-01 1.199667e+00 1.074346e+00 4.222087e-04
2.750000e+00 8.600000e-01 8.986817e-01 1.214187e+00 1.074992e+00 2.268288e-04
2.800000e+00 8.600000e-01 8.986740e-01 1.223844e+00 1.075399e+00 1.158621e-04
2.850000e+00 8.600000e-01 8.986702e-01 1.230213e+00 1.075653e+00 5.445789e-05
2.900000e+00 8.600000e-01 8.986685e-01 1.234391e+00 1.075812e+00 2.161688e-05
2.950000e+00 8.600000e-01 8.986680e-01 1.237120e+00 1.075909e+00 4.915825e-06
3.000000e+00 8.600000e-01 8.986680e-01 1.238896e+00 1.075970e+00 -2.881791e-06
3.050000e+00 8.600000e-01 8.986683e-01 1.240050e+00 1.076006e+00 -5.927964e-06
3.100000e+00 8.600000e-01 8.986686e-01 1.240798e+00 1.076028e+00 -6.563984e-06
3.150000e+00 8.600000e-01 8.986689e-01 1.241281e+00 1.076041e+00 -6.080422e-06
3.200000e+00 8.600000e-01 8.986692e-01 1.241592e+00 1.076049e+00 -5.165702e-06
3.250000e+00 8.600000e-01 8.986695e-01 1.241792e+00 1.076053e+00 -4.168586e-06
3.300000e+00 8.600000e-01 8.986696e-01 1.241920e+00 1.076055e+00 -3.250443e-06
3.350000e+00 8.600000e-01 8.986698e-01 1.242001e+00 1.076057e+00 -2.472613e-06
3.400000e+00 8.600000e-01 8.986699e-01 1.242053e+00 1.076057e+00 -1.845789e-06
3.450000e+00 8.600000e-01 8.986700e-01 1.242085e+00 1.076057e+00 -1.357302e-06
3.500000e+00 8.600000e-01 8.986700e-01 1.242105e+00 1.076058e+00 -9.857161e-07
3.550000e+00 8.600000e-01 8.986701e-01 1.242118e+00 1.076057e+00 -7.082031e-07
3.600000e+00 8.600000e-01 8.986701e-01 1.242126e+00 1.076057e+00 -5.039444e-07
3.650000e+00 8.600000e-01 8.986701e-01 1.242130e+00 1.076057e+00 -3.553885e-07
3.700000e+00 8.600000e-01 8.986701e-01 1.242133e+00 1.076057e+00 -2.484318e-07
3.750000e+00 8.600000e-01 8.986701e-01 1.242134e+00 1.076057e+00 -1.721027e-07
3.800000e+00 8.600000e-01 8.986702e-01 1.242135e+00 1.076057e+00 -1.180641e-07
3.850000e+00 8.600000e-01 8.986702e-01 1.242136e+00 1.076057e+00 -8.009291e-08
3.900000e+00 8.600000e-01 8.986702e-01 1.242136e+00 1.076057e+00 -5.360862e-08
3.950000e+00 8.600000e-01 8.986702e-01 1.242136e+00 1.076057e+00 -3.527754e-08
4.000000e+00 8.600000e-01 8.986702e-01 1.242136e+00 1.076057e+00 -2.269596e-08
4.050000e+00 8.600000e-01 8.986702e-01 1.242136e+00 1.076057e+00 -1.414414e-08
4.100000e+00 8.600000e-01 8.986702e-01 1.242136e+00 1.076057e+00 -8.399808e-09
4.150000e+00 8.600000e-01 8.986702e-01 1.242136e+00 1.076057e+00 -4.599182e-09
4.200000e+00 8.600000e-01 8.986702e-01 1.242135e+00 1.076057e+00 -2.134942e-09
4.250000e+00 8.600000e-01 8.986702e-01 1.242135e+00 1.076057e+00 -5.820644e-10
4.300000e+00 8.600000e-01 8.986702e-01 1.242135e+00 1.076057e+00 3.555478e-10
4.350000e+00 8.600000e-01 8.986702e-01 1.242135e+00 1.076057e+00 8.832024e-10
4.400000e+00 8.600000e-01 8.986702e-01 1.242135e+00 1.076057e+00 1.142491e-09
4.450000e+00 8.600000e-01 8.986702e-01 1.242135e+00 1.076057e+00 1.230445e-09
4.500000e+00 8.600000e-01 8.986702e-01 1.242135e+00 1.076057e+00 1.213024e-09
4.550000e+00 8.600000e-01 8.986702e-01 1.242135e+00 1.076057e+00 1.134570e-09
4.600000e+00 8.600000e-01 8.986702e-01 1.242135e+00 1.076057e+00 1.024451e-09
4.650000e+00 8.600000e-01 8.986702e-01 1.242135e+00 1.076057e+00 9.016932e-10
4.700000e+00 8.600000e-01 8.986702e-01 1.242135e+00 1.076057e+00 7.782375e-10
4.750000e+00 8.600000e-01 8.986702e-01 1.242135e+00 1.076057e+00 6.611967e-10
4.800000e+00 8.600000e-01 8.986702e-01 1.242135e+00 1.076057e+00 5.544498e-10
4.850000e+00 8.600000e-01 8.986702e-01 1.242135e+00 1.076057e+00 4.597411e-10
4.900000e+00 8.600000e-01 8.986702e-01 1.242135e+00 1.076057e+00 3.774348e-10
4.950000e+00 8.600000e-01 8.986702e-01 1.242135e+00 1.076057e+00 3.070566e-10
5.000000e+00 8.600000e-01 8.986702e-01 1.242135e+00 1.076057e+00 2.476275e-10
5.050000e+00 8.600000e-01 8.986702e-01 1.242135e+00 1.076057e+00 1.979272e-10
5.100000e+00 8.600000e-01 8.986702e-01 1.242135e+00 1.076057e+00 1.566458e-10
5.150000e+00 8.600000e-01 8.986702e-01 1.242135e+00 1.076057e+00 1.224709e-10
5.200000e+00 8.600000e-01 8.986702e-01 1.242135e+00 1.076057e+00 9.417245e-11
5.250000e+00 8.600000e-01 8.986702e-01 1.242135e+00 1.076057e+00 7.060241e-11
5.300000e+00 8.600000e-01 8.986702e-01 1.242135e+00 1.076057e+00 5.071277e-11
5.350000e+00 8.600000e-01 8.986702e-01 1.242135e+00 1.076057e+00 3.355871e-11
5.400000e+00 8.600000e-01 8.986702e-01 1.242135e+00 1.076057e+00 1.826983e-11
5.450000e+00 8.600000e-01 8.986702e-01 1.242135e+00 1.076057e+00 4.031220e-12
5.500000e+00 8.600000e-01 8.986702e-01 1.242135e+00 1.076057e+00 -9.920953e-12
5.550000e+00 8.600000e-01 8.986702e-01 1.242135e+00 1.076057e+00 -2.437606e-11
5.600000e+00 8.600000e-01 8.986702e-01 1.242135e+00 1.076057e+00 -4.017231e-11
5.650000e+00 8.600000e-01 8.986702e-01 1.242135e+00 1.076057e+00 -5.821232e-11
5.700000e+00 8.600000e-01 8.986702e-01 1.242135e+00 1.076057e+00 -7.957635e-11
5.750000e+00 8.600000e-01 8.986702e-01 1.242135e+00 1.076057e+00 -1.055445e-10
5.800000e+00 8.600000e-01 8.986702e-01 1.242135e+00 1.076057e+00 -1.376854e-10
5.850000e+00 8.600000e-01 8.986702e-01 1.242135e+00 1.076057e+00 -1.780076e-10
5.900000e+00 8.600000e-01 8.986702e-01 1.242135e+00 1.076057e+00 -2.290435e-10
5.950000e+00 8.600000e-01 8.986702e-01 1.242135e+00 1.076057e+00 -2.940226e-10
6.000000e+00 8.600000e-01 8.986702e-01 1.242135e+00 1.076057e+00 -3.771206e-10
6.050000e+00 8.600000e-01 8.986702e-01 1.242135e+00 1.076057e+00 -4.837319e-10
6.100000e+00 8.600000e-01 8.986702e-01 1.242135e+00 1.076057e+00 -6.208167e-10
6.150000e+00 8.600000e-01 8.986702e-01 1.242135e+00 1.076057e+00 -7.974021e-10
6.200000e+00 8.600000e-01 8.986702e-01 1.242135e+00 1.076057e+00 -1.025202e-09
6.250000e+00 8.600000e-01 8.986702e-01 1.242135e+00 1.076057e+00 -1.319382e-09
6.300000e+00 8.600000e-01 8.986702e-01 1.242135e+00 1.076057e+00 -1.699616e-09
6.350000e+00 8.600000e-01 8.986702e-01 1.242135e+00 1.076057e+00 -2.191450e-09
6.400000e+00 8.600000e-01 8.986702e-01 1.242135e+00 1.076057e+00 -2.828021e-09
6.450000e+00 8.600000e-01 8.986702e-01 1.242135e+00 1.076057e+00 -3.652310e-09
6.500000e+00 8.600000e-01 8.986702e-01 1.242135e+00 1.076057e+00 -4.720123e-09
6.550000e+00 8.600000e-01 8.986702e-01 1.242135e+00 1.076057e+00 -6.103879e-09
6.600000e+00 8.600000e-01 8.986702e-01 1.242135e+00 1.076057e+00 -7.897540e-09
6.650000e+00 8.600000e-01 8.986702e-01 1.242135e+00 1.076057e+00 -1.022307e-08
6.700000e+00 8.600000e-01 8.986702e-01 1.242135e+00 1.076057e+00 -1.323870e-08
6.750000e+00 8.600000e-01 8.986702e-01 1.242135e+00 1.076057e+00 -1.714977e-08
6.800000e+00 8.600000e-01 8.986702e-01 1.242135e+00 1.076057e+00 -2.222270e-08
6.850000e+00 8.600000e-01 8.986702e-01 1.242135e+00 1.076057e+00 -2.880315e-08
6.900000e+00 8.600000e-01 8.986702e-01 1.242135e+00 1.076057e+00 -3.733952e-08
6.950000e+00 8.600000e-01 8.986702e-01 1.242135e+00 1.076057e+00 -4.841342e-08
7.000000e+00 8.600000e-01 8.986702e-01 1.242136e+00 1.076057e+00 -6.277925e-08
7.050000e+00 8.600000e-01 8.986702e-01 1.242136e+00 1.076057e+00 -8.141504e-08
7.100000e+00 8.600000e-01 8.986702e-01 1.242136e+00 1.076057e+00 -1.055902e-07
7.150000e+00 8.600000e-01 8.986702e-01 1.242136e+00 1.076057e+00 -1.369461e-07
7.200000e+00 8.600000e-01 8.986702e-01 1.242136e+00 1.076057e+00 -1.776262e-07
7.250000e+00 8.600000e-01 8.986702e-01 1.242137e+00 1.076057e+00 -2.303547e-07
7.300000e+00 8.600000e-01 8.986702e-01 1.242137e+00 1.076057e+00 -2.988413e-07
7.350000e+00 8.600000e-01 8.986702e-01 1.242138e+00 1.076057e+00 -3.873184e-07
7.400000e+00 8.600000e-01 8.986703e-01 1.242138e+00 1.076057e+00 -5.030548e-07
7.450000e+00 8.600000e-01 8.986703e-01 1.242140e+00 1.076057e+00 -6.500946e-07
7.500000e+00 8.600000e-01 8.986703e-01 1.242140e+00 1.076056e+00 -8.493144e-07
7.550000e+00 8.600000e-01 8.986704e-01 1.242144e+00 1.076056e+00 -1.083739e-06
7.600000e+00 8.600000e-01 8.986704e-01 1.242141e+00 1.076056e+00 -1.450993e-06
7.650000e+00 8.600000e-01 8.986705e-01 1.242157e+00 1.076056e+00 -1.763950e-06
7.700000e+00 8.600000e-01 8.986706e-01 1.242127e+00 1.076056e+00 -2.571994e-06
7.750000e+00 8.600000e-01 8.986708e-01 1.242212e+00 1.076055e+00 -2.663661e-06
7.800000e+00 8.600000e-01 8.986709e-01 1.242033e+00 1.076055e+00 -4.954528e-06
7.850000e+00 8.600000e-01 8.986713e-01 1.242452e+00 1.076053e+00 -3.196937e-06
7.900000e+00 8.600000e-01 8.986712e-01 1.241590e+00 1.076056e+00 -1.072400e-05
7.950000e+00 8.600000e-01 8.986723e-01 1.243373e+00 1.076046e+00 -1.123802e-06
8.000000e+00 8.600000e-01 8.986713e-01 1.239973e+00 1.076062e+00 -2.487443e-05
8.050000e+00 8.600000e-01 8.986748e-01 1.246267e+00 1.076028e+00 8.212575e-06
8.100000e+00 8.600000e-01 8.986705e-01 1.235400e+00 1.076083e+00 -5.460763e-05
8.150000e+00 8.600000e-01 8.986803e-01 1.253298e+00 1.075986e+00 2.692028e-05
8.200000e+00 8.600000e-01 8.986678e-01 1.225863e+00 1.076127e+00 -9.894475e-05
8.250000e+00 8.600000e-01 8.986902e-01 1.265428e+00 1.075914e+00 3.693604e-05
8.300000e+00 8.600000e-01 8.986641e-01 1.212828e+00 1.076183e+00 -1.298634e-04
8.350000e+00 8.600000e-01 8.987032e-01 1.277685e+00 1.075842e+00 -1.055258e-05
8.400000e+00 8.600000e-01 8.986652e-01 1.205017e+00 1.076197e+00 -1.114182e-04
8.450000e+00 8.600000e-01 8.987143e-01 1.279810e+00 1.075821e+00 -1.337453e-04
8.500000e+00 8.600000e-01 8.986785e-01 1.209831e+00 1.076135e+00 -1.036792e-04
8.550000e+00 8.600000e-01 8.987247e-01 1.273337e+00 1.075808e+00 -2.254126e-04
8.600000e+00 8.600000e-01 8.987011e-01 1.213747e+00 1.076109e+00 -2.702697e-04
8.650000e+00 8.600000e-01 8.987517e-01 1.280846e+00 1.075626e+00 -2.247021e-04
8.700000e+00 8.600000e-01 8.987235e-01 1.197593e+00 1.076217e+00 -5.535377e-04
8.750000e+00 8.600000e-01 8.988071e-01 1.303719e+00 1.075321e+00 -4.291851e-04
8.800000e+00 8.600000e-01 8.987665e-01 1.185551e+00 1.076164e+00 -7.014289e-04
8.850000e+00 8.600000e-01 8.988772e-01 1.305728e+00 1.075198e+00 -9.706549e-04
8.900000e+00 8.600000e-01 8.988635e-01 1.199406e+00 1.075800e+00 -1.090734e-03
8.950000e+00 8.600000e-01 8.989863e-01 1.304458e+00 1.074901e+00 -1.431633e-03
9.000000e+00 8.600000e-01 8.990067e-01 1.193412e+00 1.075630e+00 -2.100376e-03
9.050000e+00 8.600000e-01 8.991963e-01 1.336556e+00 1.074033e+00 -2.318993e-03
9.100000e+00 8.600000e-01 8.992386e-01 1.182795e+00 1.075195e+00 -3.213816e-03
9.150000e+00 8.600000e-01 8.995177e-01 1.350690e+00 1.073250e+00 -4.221410e-03
9.200000e+00 8.600000e-01 8.996607e-01 1.206829e+00 1.073934e+00 -5.299713e-03
9.250000e+00 8.600000e-01 9.000477e-01 1.373304e+00 1.071738e+00 -6.693659e-03
9.300000e+00 8.600000e-01 9.003301e-01 1.213449e+00 1.072533e+00 -9.022913e-03
9.350000e+00 8.600000e-01 9.009500e-01 1.431480e+00 1.068963e+00 -1.129581e-02
9.400000e+00 8.600000e-01 9.014597e-01 1.247805e+00 1.069487e+00 -1.454362e-02
9.450000e+00 8.600000e-01 9.024043e-01 1.494122e+00 1.065052e+00 -1.867700e-02
9.500000e+00 8.600000e-01 9.033274e-01 1.313371e+00 1.064448e+00 -2.422354e-02
9.550000e+00 8.600000e-01 9.048267e-01 1.620851e+00 1.057624e+00 -3.055001e-02
9.600000e+00 8.600000e-01 9.063824e-01 1.420850e+00 1.055625e+00 -3.927121e-02
9.650000e+00 8.600000e-01 9.087538e-01 1.827587e+00 1.045323e+00 -4.964206e-02
9.700000e+00 8.600000e-01 9.113466e-01 1.626125e+00 1.039249e+00 -6.317299e-02
9.750000e+00 8.600000e-01 9.150711e-01 2.197826e+00 1.021996e+00 -7.845481e-02
9.800000e+00 8.600000e-01 9.191921e-01 1.994876e+00 1.007286e+00 -9.773056e-02
9.850000e+00 8.600000e-01 9.248442e-01 2.868765e+00 9.747878e-01 -1.175291e-01
9.900000e+00 8.600000e-01 9.309450e-01 2.674021e+00 9.351805e-01 -1.390566e-01
9.950000e+00 8.600000e-01 9.387498e-01 4.036977e+00 8.564852e-01 -1.539902e-01
1.000000e+01 8.600000e-01 9.463440e-01 3.803507e+00 0.000000e+00 0.000000e+00
0.000000e+00 8.800000e-01 9.599040e-01 4.560000e+00 0.000000e+00 0.000000e+00
5.000000e-02 8.800000e-01 9.599060e-01 4.559870e+00 6.322192e-01 -1.097954e-05
1.000000e-01 8.800000e-01 9.599051e-01 4.559681e+00 6.321321e-01 4.915539e-05
1.500000e-01 8.800000e-01 9.599010e-01 4.559452e+00 6.321466e-01 8.731076e-05
2.000000e-01 8.800000e-01 9.598964e-01 4.559098e+00 6.321813e-01 8.555147e-05
2.500000e-01 8.800000e-01 9.598925e-01 4.558596e+00 6.321787e-01 1.020635e-04
3.000000e-01 8.800000e-01 9.598862e-01 4.558027e+00 6.322169e-01 1.796537e-04
3.500000e-01 8.800000e-01 9.598745e-01 4.557403e+00 6.324001e-01 2.499849e-04
4.000000e-01 8.800000e-01 9.598612e-01 4.556501e+00 6.326883e-01 2.306199e-04
4.500000e-01 8.800000e-01 9.598515e-01 4.555204e+00 6.329994e-01 1.850675e-04
5.000000e-01 8.800000e-01 9.598427e-01 4.554123e+00 6.334343e-01 2.638336e-04
5.500000e-01 8.800000e-01 9.598251e-01 4.554481e+00 6.341881e-01 5.141279e-04
6.000000e-01 8.800000e-01 9.597912e-01 4.556802e+00 6.352513e-01 8.908666e-04
6.500000e-01 8.800000e-01 9.597360e-01 4.559510e+00 6.364135e-01 1.444988e-03
7.000000e-01 8.800000e-01 9.596467e-01 4.559064e+00 6.375921e-01 2.333811e-03
7.500000e-01 8.800000e-01 9.595026e-01 4.551753e+00 6.389530e-01 3.601388e-03
8.000000e-01 8.800000e-01 9.592866e-01 4.535339e+00 6.406451e-01 5.086569e-03
8.500000e-01 8.800000e-01 9.589939e-01 4.508814e+00 6.426024e-01 6.616253e-03
9.000000e-01 8.800000e-01 9.586250e-01 4.470832e+00 6.447190e-01 8.181611e-03
9.500000e-01 8.800000e-01 9.581758e-01 4.419403e+00 6.470842e-01 9.841042e-03
1.000000e+00 8.800000e-01 9.576409e-01 4.354253e+00 6.499021e-01 1.154097e-02
1.050000e+00 8.800000e-01 9.570217e-01 4.279362e+00 6.532528e-01 1.314930e-02
1.100000e+00 8.800000e-01 9.563259e-01 4.201329e+00 6.570578e-01 1.463048e-02
1.150000e+00 8.800000e-01 9.555586e-01 4.123138e+00 6.612496e-01 1.607712e-02
1.200000e+00 8.800000e-01 9.547182e-01 4.039250e+00 6.658460e-01 1.756330e-02
1.250000e+00 8.800000e-01 9.538023e-01 3.938738e+00 6.708759e-01 1.905581e-02
1.300000e+00 8.800000e-01 9.528127e-01 3.815968e+00 6.763679e-01 2.049195e-02
1.350000e+00 8.800000e-01 9.517531e-01 3.679877e+00 6.824542e-01 2.186673e-02
1.400000e+00 8.800000e-01 9.506260e-01 3.552318e+00 6.893575e-01 2.319896e-02
1.450000e+00 8.800000e-01 9.494332e-01 3.454776e+00 6.971555e-01 2.447398e-02
1.500000e+00 8.800000e-01 9.481786e-01 3.392473e+00 7.055782e-01 2.569353e-02
1.550000e+00 8.800000e-01 9.468639e-01 3.347193e+00 7.141307e-01 2.696420e-02
1.600000e+00 8.800000e-01 9.454822e-01 3.283829e+00 7.224597e-01 2.846856e-02
1.650000e+00 8.800000e-01 9.440170e-01 3.166132e+00 7.306200e-01 3.032802e-02
1.700000e+00 8.800000e-01 9.424494e-01 2.972023e+00 7.390697e-01 3.252415e-02
1.750000e+00 8.800000e-01 9.407646e-01 2.700828e+00 7.485317e-01 3.495977e-02
1.800000e+00 8.800000e-01 9.389534e-01 2.370909e+00 7.599080e-01 3.754399e-02
1.850000e+00 8.800000e-01 9.370102e-01 2.011840e+00 7.742305e-01 4.015016e-02
1.900000e+00 8.800000e-01 9.349384e-01 1.657022e+00 7.924893e-01 4.246597e-02
1.950000e+00 8.800000e-01 9.327636e-01 1.339624e+00 8.152705e-01 4.391688e-02
2.000000e+00 8.800000e-01 9.305467e-01 1.090459e+00 8.423520e-01 4.380932e-02
2.050000e+00 8.800000e-01 9.283827e-01 9.347456e-01 8.725186e-01 4.164696e-02
2.100000e+00 8.800000e-01 9.263820e-01 8.865366e-01 9.037584e-01 3.741247e-02
2.150000e+00 8.800000e-01 9.246414e-01 9.431491e-01 9.337808e-01 3.162288e-02
2.200000e+00 8.800000e-01 9.232197e-01 1.084027e+00 9.606141e-01 2.513171e-02
2.250000e+00 8.800000e-01 9.221282e-01 1.276375e+00 9.830245e-01 1.881468e-02
2.300000e+00 8.800000e-01 9.213382e-01 1.485143e+00 1.000627e+00 1.331555e-02
2.350000e+00 8.800000e-01 9.207967e-01 1.682114e+00 1.013726e+00 8.947037e-03
2.400000e+00 8.800000e-01 9.204435e-01 1.850318e+00 1.023036e+00 5.732334e-03
2.450000e+00 8.800000e-01 9.202235e-01 1.983574e+00 1.029405e+00 3.514594e-03
2.500000e+00 8.800000e-01 9.200921e-01 2.083254e+00 1.033628e+00 2.066320e-03
2.550000e+00 8.800000e-01 9.200168e-01 2.154629e+00 1.036362e+00 1.164164e-03
2.600000e+00 8.800000e-01 9.199756e-01 2.204087e+00 1.038098e+00 6.251569e-04
2.650000e+00 8.800000e-01 9.199543e-01 2.237540e+00 1.039185e+00 3.153738e-04
2.700000e+00 8.800000e-01 9.199441e-01 2.259780e+00 1.039857e+00 1.442113e-04
2.750000e+00 8.800000e-01 9.199399e-01 2.274388e+00 1.040269e+00 5.385035e-05
2.800000e+00 8.800000e-01 9.199387e-01 2.283903e+00 1.040519e+00 9.013164e-06
2.850000e+00 8.800000e-01 9.199390e-01 2.290066e+00 1.040669e+00 -1.106720e-05
2.900000e+00 8.800000e-01 9.199398e-01 2.294041e+00 1.040759e+00 -1.824926e-05
2.950000e+00 8.800000e-01 9.199408e-01 2.296596e+00 1.040811e+00 -1.911336e-05
3.000000e+00 8.800000e-01 9.199417e-01 2.298234e+00 1.040842e+00 -1.719836e-05
3.050000e+00 8.800000e-01 9.199425e-01 2.299282e+00 1.040859e+00 -1.433178e-05
3.100000e+00 8.800000e-01 9.199432e-01 2.299949e+00 1.040868e+00 -1.140066e-05
3.150000e+00 8.800000e-01 9.199437e-01 2.300372e+00 1.040873e+00 -8.789415e-06
3.200000e+00 8.800000e-01 9.199441e-01 2.300640e+00 1.040875e+00 -6.624080e-06
3.250000e+00 8.800000e-01 9.199443e-01 2.300808e+00 1.040876e+00 -4.906025e-06
3.300000e+00 8.800000e-01 9.199445e-01 2.300913e+00 1.040876e+00 -3.583228e-06
3.350000e+00 8.800000e-01 9.199447e-01 2.300978e+00 1.040876e+00 -2.586879e-06
3.400000e+00 8.800000e-01 9.199448e-01 2.301018e+00 1.040875e+00 -1.848992e-06
3.450000e+00 8.800000e-01 9.199449e-01 2.301042e+00 1.040875e+00 -1.309873e-06
3.500000e+00 8.800000e-01 9.199449e-01 2.301056e+00 1.040875e+00 -9.203820e-07
3.550000e+00 8.800000e-01 9.199450e-01 2.301065e+00 1.040875e+00 -6.416784e-07
3.600000e+00 8.800000e-01 9.199450e-01 2.301069e+00 1.040874e+00 -4.439240e-07
3.650000e+00 8.800000e-01 9.199450e-01 2.301072e+00 1.040874e+00 -3.046713e-07
3.700000e+00 8.800000e-01 9.199450e-01 2.301073e+00 1.040874e+00 -2.073054e-07
3.750000e+00 8.800000e-01 9.199450e-01 2.301073e+00 1.040874e+00 -1.396887e-07
3.800000e+00 8.800000e-01 9.199450e-01 2.301074e+00 1.040874e+00 -9.304922e-08
3.850000e+00 8.800000e-01 9.199450e-01 2.301073e+00 1.040874e+00 -6.110563e-08
3.900000e+00 8.800000e-01 9.199450e-01 2.301073e+00 1.040874e+00 -3.939491e-08
3.950000e+00 8.800000e-01 9.199451e-01 2.301073e+00 1.040874e+00 -2.476790e-08
4.000000e+00 8.800000e-01 9.199451e-01 2.301073e+00 1.040874e+00 -1.501608e-08
4.050000e+00 8.800000e-01 9.199451e-01 2.301073e+00 1.040874e+00 -8.599129e-09
4.100000e+00 8.800000e-01 9.199451e-01 2.301072e+00 1.040874e+00 -4.448252e-09
4.150000e+00 8.800000e-01 9.199451e-01 2.301072e+00 1.040874e+00 -1.825445e-09
4.200000e+00 8.800000e-01 9.199451e-01 2.301072e+00 1.040874e+00 -2.235423e-10
4.250000e+00 8.800000e-01 9.199451e-01 2.301072e+00 1.040874e+00 7.042478e-10
4.300000e+00 8.800000e-01 9.199451e-01 2.301072e+00 1.040874e+00 1.193768e-09
4.350000e+00 8.800000e-01 9.199451e-01 2.301072e+00 1.040874e+00 1.404392e-09
4.400000e+00 8.800000e-01 9.199451e-01 2.301072e+00 1.040874e+00 1.442978e-09
4.450000e+00 8.800000e-01 9.199451e-01 2.301072e+00 1.040874e+00 1.380451e-09
4.500000e+00 8.800000e-01 9.199451e-01 2.301072e+00 1.040874e+00 1.263257e-09
4.550000e+00 8.800000e-01 9.199451e-01 2.301072e+00 1.040874e+00 1.121245e-09
4.600000e+00 8.800000e-01 9.199451e-01 2.301072e+00 1.040874e+00 9.730539e-10
4.650000e+00 8.800000e-01 9.199451e-01 2.301072e+00 1.040874e+00 8.298362e-10
4.700000e+00 8.800000e-01 9.199451e-01 2.301072e+00 1.040874e+00 6.977996e-10
4.750000e+00 8.800000e-01 9.199451e-01 2.301072e+00 1.040874e+00 5.799217e-10
4.800000e+00 8.800000e-01 9.199451e-01 2.301072e+00 1.040874e+00 4.771306e-10
4.850000e+00 8.800000e-01 9.199451e-01 2.301072e+00 1.040874e+00 3.890988e-10
4.900000e+00 8.800000e-01 9.199451e-01 2.301072e+00 1.040874e+00 3.147782e-10
4.950000e+00 8.800000e-01 9.199451e-01 2.301072e+00 1.040874e+00 2.527600e-10
5.000000e+00 8.800000e-01 9.199451e-01 2.301072e+00 1.040874e+00 2.014633e-10
5.050000e+00 8.800000e-01 9.199451e-01 2.301072e+00 1.040874e+00 1.593159e-10
5.100000e+00 8.800000e-01 9.199451e-01 2.301072e+00 1.040874e+00 1.248324e-10
5.150000e+00 8.800000e-01 9.199451e-01 2.301072e+00 1.040874e+00 9.662493e-11
5.200000e+00 8.800000e-01 9.199451e-01 2.301072e+00 1.040874e+00 7.347456e-11
5.250000e+00 8.800000e-01 9.199451e-01 2.301072e+00 1.040874e+00 5.429324e-11
5.300000e+00 8.800000e-01 9.199451e-01 2.301072e+00 1.040874e+00 3.811951e-11
5.350000e+00 8.800000e-01 9.199451e-01 2.301072e+00 1.040874e+00 2.410960e-11
5.400000e+00 8.800000e-01 9.199451e-01 2.301072e+00 1.040874e+00 1.149414e-11
5.450000e+00 8.800000e-01 9.199451e-01 2.301072e+00 1.040874e+00 -4.329870e-13
5.500000e+00 8.800000e-01 9.199451e-01 2.301072e+00 1.040874e+00 -1.234124e-11
5.550000e+00 8.800000e-01 9.199451e-01 2.301072e+00 1.040874e+00 -2.491007e-11
5.600000e+00 8.800000e-01 9.199451e-01 2.301072e+00 1.040874e+00 -3.887668e-11
5.650000e+00 8.800000e-01 9.199451e-01 2.301072e+00 1.040874e+00 -5.505485e-11
5.700000e+00 8.800000e-01 9.199451e-01 2.301072e+00 1.040874e+00 -7.441048e-11
5.750000e+00 8.800000e-01 9.199451e-01 2.301072e+00 1.040874e+00 -9.810819e-11
5.800000e+00 8.800000e-01 9.199451e-01 2.301072e+00 1.040874e+00 -1.275846e-10
5.850000e+00 8.800000e-01 9.199451e-01 2.301072e+00 1.040874e+00 -1.646894e-10
5.900000e+00 8.800000e-01 9.199451e-01 2.301072e+00 1.040874e+00 -2.117606e-10
5.950000e+00 8.800000e-01 9.199451e-01 2.301072e+00 1.040874e+00 -2.717893e-10
6.000000e+00 8.800000e-01 9.199451e-01 2.301072e+00 1.040874e+00 -3.486489e-10
6.050000e+00 8.800000e-01 9.199451e-01 2.301072e+00 1.040874e+00 -4.473377e-10
6.100000e+00 8.800000e-01 9.199451e-01 2.301072e+00 1.040874e+00 -5.743206e-10
6.150000e+00 8.800000e-01 9.199451e-01 2.301072e+00 1.040874e+00 -7.379930e-10
6.200000e+00 8.800000e-01 9.199451e-01 2.301072e+00 1.040874e+00 -9.492351e-10
6.250000e+00 8.800000e-01 9.199451e-01 2.301072e+00 1.040874e+00 -1.222142e-09
6.300000e+00 8.800000e-01 9.199451e-01 2.301072e+00 1.040874e+00 -1.575013e-09
6.350000e+00 8.800000e-01 9.199451e-01 2.301072e+00 1.040874e+00 -2.031605e-09
6.400000e+00 8.800000e-01 9.199451e-01 2.301072e+00 1.040874e+00 -2.622733e-09
6.450000e+00 8.800000e-01 9.199451e-01 2.301072e+00 1.040874e+00 -3.388390e-09
6.500000e+00 8.800000e-01 9.199451e-01 2.301072e+00 1.040874e+00 -4.380496e-09
6.550000e+00 8.800000e-01 9.199451e-01 2.301072e+00 1.040874e+00 -5.666436e-09
6.600000e+00 8.800000e-01 9.199451e-01 2.301072e+00 1.040874e+00 -7.333670e-09
6.650000e+00 8.800000e-01 9.199451e-01 2.301072e+00 1.040874e+00 -9.495713e-09
6.700000e+00 8.800000e-01 9.199451e-01 2.301072e+00 1.040874e+00 -1.229987e-08
6.750000e+00 8.800000e-01 9.199451e-01 2.301072e+00 1.040874e+00 -1.593731e-08
6.800000e+00 8.800000e-01 9.199451e-01 2.301072e+00 1.040874e+00 -2.065613e-08
6.850000e+00 8.800000e-01 9.199451e-01 2.301072e+00 1.040874e+00 -2.677820e-08
6.900000e+00 8.800000e-01 9.199451e-01 2.301072e+00 1.040874e+00 -3.472117e-08
6.950000e+00 8.800000e-01 9.199451e-01 2.301072e+00 1.040874e+00 -4.502679e-08
7.000000e+00 8.800000e-01 9.199451e-01 2.301072e+00 1.040874e+00 -5.839782e-08
7.050000e+00 8.800000e-01 9.199451e-01 2.301073e+00 1.040874e+00 -7.574557e-08
7.100000e+00 8.800000e-01 9.199451e-01 2.301073e+00 1.040874e+00 -9.825261e-08
7.150000e+00 8.800000e-01 9.199451e-01 2.301073e+00 1.040874e+00 -1.274493e-07
7.200000e+00 8.800000e-01 9.199451e-01 2.301074e+00 1.040874e+00 -1.653305e-07
7.250000e+00 8.800000e-01 9.199451e-01 2.301074e+00 1.040873e+00 -2.144456e-07
7.300000e+00 8.800000e-01 9.199451e-01 2.301075e+00 1.040873e+00 -2.782191e-07
7.350000e+00 8.800000e-01 9.199451e-01 2.301076e+00 1.040873e+00 -3.607030e-07
7.400000e+00 8.800000e-01 9.199451e-01 2.301077e+00 1.040873e+00 -4.683520e-07
7.450000e+00 8.800000e-01 9.199452e-01 2.301078e+00 1.040873e+00 -6.058870e-07
7.500000e+00 8.800000e-01 9.199452e-01 2.301080e+00 1.040873e+00 -7.900768e-07
7.550000e+00 8.800000e-01 9.199452e-01 2.301084e+00 1.040873e+00 -1.012504e-06
7.600000e+00 8.800000e-01 9.199453e-01 2.301084e+00 1.040873e+00 -1.344601e-06
7.650000e+00 8.800000e-01 9.199454e-01 2.301096e+00 1.040872e+00 -1.661854e-06
7.700000e+00 8.800000e-01 9.199455e-01 2.301082e+00 1.040872e+00 -2.354112e-06
7.750000e+00 8.800000e-01 9.199456e-01 2.301137e+00 1.040871e+00 -2.579790e-06
7.800000e+00 8.800000e-01 9.199457e-01 2.301033e+00 1.040871e+00 -4.408538e-06
7.850000e+00 8.800000e-01 9.199461e-01 2.301300e+00 1.040868e+00 -3.412488e-06
7.900000e+00 8.800000e-01 9.199461e-01 2.300769e+00 1.040872e+00 -9.155311e-06
7.950000e+00 8.800000e-01 9.199470e-01 2.301912e+00 1.040859e+00 -2.603257e-06
8.000000e+00 8.800000e-01 9.199463e-01 2.299741e+00 1.040879e+00 -2.050444e-05
8.050000e+00 8.800000e-01 9.199490e-01 2.303866e+00 1.040836e+00 3.311371e-06
8.100000e+00 8.800000e-01 9.199460e-01 2.296693e+00 1.040903e+00 -4.445735e-05
8.150000e+00 8.800000e-01 9.199535e-01 2.308782e+00 1.040783e+00 1.632498e-05
8.200000e+00 8.800000e-01 9.199444e-01 2.289997e+00 1.040956e+00 -8.171887e-05
8.250000e+00 8.800000e-01 9.199616e-01 2.317760e+00 1.040690e+00 2.356074e-05
8.300000e+00 8.800000e-01 9.199420e-01 2.280151e+00 1.041025e+00 -1.124793e-04
8.350000e+00 8.800000e-01 9.199729e-01 2.327845e+00 1.040593e+00 -1.361116e-05
8.400000e+00 8.800000e-01 9.199434e-01 2.273215e+00 1.041041e+00 -1.065960e-04
8.450000e+00 8.800000e-01 9.199835e-01 2.331061e+00 1.040559e+00 -1.178367e-04
8.500000e+00 8.800000e-01 9.199552e-01 2.276510e+00 1.040949e+00 -1.019359e-04
8.550000e+00 8.800000e-01 9.199937e-01 2.325524e+00 1.040550e+00 -2.160305e-04
8.600000e+00 8.800000e-01 9.199768e-01 2.283379e+00 1.040867e+00 -2.300605e-04
8.650000e+00 8.800000e-01 9.200167e-01 2.326771e+00 1.040350e+00 -2.456492e-04
8.700000e+00 8.800000e-01 9.200013e-01 2.276999e+00 1.040933e+00 -4.824398e-04
8.750000e+00 8.800000e-01 9.200650e-01 2.342972e+00 1.039958e+00 -4.154925e-04
8.800000e+00 8.800000e-01 9.200429e-01 2.267827e+00 1.040839e+00 -6.675263e-04
8.850000e+00 8.800000e-01 9.201317e-01 2.350141e+00 1.039712e+00 -8.839724e-04
8.900000e+00 8.800000e-01 9.201313e-01 2.279165e+00 1.040338e+00 -1.020214e-03
8.950000e+00 8.800000e-01 9.202338e-01 2.348743e+00 1.039291e+00 -1.377097e-03
9.000000e+00 8.800000e-01 9.202690e-01 2.287048e+00 1.039900e+00 -1.900976e-03
9.050000e+00 8.800000e-01 9.204239e-01 2.371315e+00 1.038171e+00 -2.203870e-03
9.100000e+00 8.800000e-01 9.204894e-01 2.287522e+00 1.039123e+00 -3.013474e-03
9.150000e+00 8.800000e-01 9.207252e-01 2.394378e+00 1.036882e+00 -3.916773e-03
9.200000e+00 8.800000e-01 9.208810e-01 2.317056e+00 1.037273e+00 -4.932173e-03
9.250000e+00 8.800000e-01 9.212184e-01 2.420116e+00 1.034646e+00 -6.321138e-03
9.300000e+00 8.800000e-01 9.215132e-01 2.352818e+00 1.034779e+00 -8.354533e-03
9.350000e+00 8.800000e-01 9.220539e-01 2.483466e+00 1.030613e+00 -1.054517e-02
9.400000e+00 8.800000e-01 9.225677e-01 2.413509e+00 1.030100e+00 -1.356442e-02
9.450000e+00 8.800000e-01 9.234103e-01 2.572107e+00 1.024485e+00 -1.742271e-02
9.500000e+00 8.800000e-01 9.243099e-01 2.528590e+00 1.022219e+00 -2.242450e-02
9.550000e+00 8.800000e-01 9.256528e-01 2.729664e+00 1.013541e+00 -2.838118e-02
9.600000e+00 8.800000e-01 9.271481e-01 2.713448e+00 1.008755e+00 -3.626456e-02
9.650000e+00 8.800000e-01 9.292792e-01 3.001789e+00 9.951583e-01 -4.570474e-02
9.700000e+00 8.800000e-01 9.317185e-01 3.036251e+00 9.848509e-01 -5.762831e-02
9.750000e+00 8.800000e-01 9.350421e-01 3.473166e+00 9.621359e-01 -7.100648e-02
9.800000e+00 8.800000e-01 9.388192e-01 3.576705e+00 9.411897e-01 -8.690422e-02
9.850000e+00 8.800000e-01 9.437325e-01 4.288214e+00 9.003093e-01 -1.016112e-01
9.900000e+00 8.800000e-01 9.489803e-01 4.429324e+00 8.541483e-01 -1.135823e-01
9.950000e+00 8.800000e-01 9.550907e-01 5.529223e+00 7.670015e-01 -1.092370e-01
1.000000e+01 8.800000e-01 9.599040e-01 5.360498e+00 0.000000e+00 0.000000e+00
0.000000e+00 9.000000e-01 9.716400e-01 4.800000e+00 0.000000e+00 0.000000e+00
5.000000e-02 9.000000e-01 9.716386e-01 4.799826e+00 5.386384e-01 3.936049e-05
1.000000e-01 9.000000e-01 9.716361e-01 4.799498e+00 5.385591e-01 6.462528e-05
1.500000e-01 9.000000e-01 9.716321e-01 4.798981e+00 5.385654e-01 7.946682e-05
2.000000e-01 9.000000e-01 9.716281e-01 4.798404e+00 5.386020e-01 7.586952e-05
2.500000e-01 9.000000e-01 9.716245e-01 4.797941e+00 5.386304e-01 8.787757e-05
3.000000e-01 9.000000e-01 9.716193e-01 4.797452e+00 5.386961e-01 1.335699e-04
3.500000e-01 9.000000e-01 9.716112e-01 4.796577e+00 5.388673e-01 1.597311e-04
4.000000e-01 9.000000e-01 9.716034e-01 4.795472e+00 5.391367e-01 1.082262e-04
4.500000e-01 9.000000e-01 9.716004e-01 4.795454e+00 5.394751e-01 2.106403e-05
5.000000e-01 9.000000e-01 9.716013e-01 4.798567e+00 5.399525e-01 1.126976e-05
5.500000e-01 9.000000e-01 9.715992e-01 4.805996e+00 5.406843e-01 1.464887e-04
6.000000e-01 9.000000e-01 9.715866e-01 4.816529e+00 5.416707e-01 4.414537e-04
6.500000e-01 9.000000e-01 9.715551e-01 4.826397e+00 5.428163e-01 9.528608e-04
7.000000e-01 9.000000e-01 9.714913e-01 4.830616e+00 5.441271e-01 1.776975e-03
7.500000e-01 9.000000e-01 9.713774e-01 4.824698e+00 5.457664e-01 2.922165e-03
8.000000e-01 9.000000e-01 9.711991e-01 4.805586e+00 5.478798e-01 4.263070e-03
8.500000e-01 9.000000e-01 9.709511e-01 4.771750e+00 5.504712e-01 5.664229e-03
9.000000e-01 9.000000e-01 9.706327e-01 4.723110e+00 5.535119e-01 7.091731e-03
9.500000e-01 9.000000e-01 9.702419e-01 4.661069e+00 5.570793e-01 8.560408e-03
1.000000e+00 9.000000e-01 9.697766e-01 4.588160e+00 5.612953e-01 1.002955e-02
1.050000e+00 9.000000e-01 9.692390e-01 4.506841e+00 5.661741e-01 1.142173e-02
1.100000e+00 9.000000e-01 9.686345e-01 4.418015e+00 5.716249e-01 1.272184e-02
1.150000e+00 9.000000e-01 9.679668e-01 4.320717e+00 5.775986e-01 1.398751e-02
1.200000e+00 9.000000e-01 9.672357e-01 4.213860e+00 5.841549e-01 1.525562e-02
1.250000e+00 9.000000e-01 9.664412e-01 4.098989e+00 5.913757e-01 1.649250e-02
1.300000e+00 9.000000e-01 9.655865e-01 3.981495e+00 5.992784e-01 1.765406e-02
1.350000e+00 9.000000e-01 9.646758e-01 3.868359e+00 6.078337e-01 1.875241e-02
1.400000e+00 9.000000e-01 9.637112e-01 3.763188e+00 6.170029e-01 1.983672e-02
1.450000e+00 9.000000e-01 9.626921e-01 3.661821e+00 6.267126e-01 2.094166e-02
1.500000e+00 9.000000e-01 9.616171e-01 3.551856e+00 6.368411e-01 2.209162e-02
1.550000e+00 9.000000e-01 9.604830e-01 3.417009e+00 6.473205e-01 2.333653e-02
1.600000e+00 9.000000e-01 9.592834e-01 3.244033e+00 6.582878e-01 2.473588e-02
1.650000e+00 9.000000e-01 9.580094e-01 3.028502e+00 6.701230e-01 2.629291e-02
1.700000e+00 9.000000e-01 9.566541e-01 2.776943e+00 6.833363e-01 2.792758e-02
1.750000e+00 9.000000e-01 9.552166e-01 2.505276e+00 6.984368e-01 2.952658e-02
1.800000e+00 9.000000e-01 9.537015e-01 2.235381e+00 7.158952e-01 3.099546e-02
1.850000e+00 9.000000e-01 9.521171e-01 1.991958e+00 7.361492e-01 3.222651e-02
1.900000e+00 9.000000e-01 9.504788e-01 1.800631e+00 7.595081e-01 3.300659e-02
1.950000e+00 9.000000e-01 9.488164e-01 1.686180e+00 7.859087e-01 3.298476e-02
2.000000e+00 9.000000e-01 9.471803e-01 1.668950e+00 8.146555e-01 3.178345e-02
2.050000e+00 9.000000e-01 9.456381e-01 1.758811e+00 8.443612e-01 2.920355e-02
2.100000e+00 9.000000e-01 9.442600e-01 1.949194e+00 8.731979e-01 2.537842e-02
2.150000e+00 9.000000e-01 9.431002e-01 2.215606e+00 8.993682e-01 2.076337e-02
2.200000e+00 9.000000e-01 9.421836e-01 2.521262e+00 9.215655e-01 1.597029e-02
2.250000e+00 9.000000e-01 9.415032e-01 2.827618e+00 9.392157e-01 1.155684e-02
2.300000e+00 9.000000e-01 9.410279e-01 3.104322e+00 9.524430e-01 7.882876e-03
2.350000e+00 9.000000e-01 9.407149e-01 3.334208e+00 9.618474e-01 5.077497e-03
2.400000e+00 9.000000e-01 9.405202e-01 3.512716e+00 9.682363e-01 3.090177e-03
2.450000e+00 9.000000e-01 9.404059e-01 3.644012e+00 9.724126e-01 1.772642e-03
2.500000e+00 9.000000e-01 9.403429e-01 3.736538e+00 9.750565e-01 9.501010e-04
2.550000e+00 9.000000e-01 9.403109e-01 3.799623e+00 9.766865e-01 4.650407e-04
2.600000e+00 9.000000e-01 9.402964e-01 3.841580e+00 9.776691e-01 1.952275e-04
2.650000e+00 9.000000e-01 9.402914e-01 3.868983e+00 9.782500e-01 5.496845e-05
2.700000e+00 9.000000e-01 9.402909e-01 3.886651e+00 9.785869e-01 -1.140438e-05
2.750000e+00 9.000000e-01 9.402925e-01 3.897941e+00 9.787784e-01 -3.791446e-05
2.800000e+00 9.000000e-01 9.402947e-01 3.905110e+00 9.788845e-01 -4.430186e-05
2.850000e+00 9.000000e-01 9.402969e-01 3.909641e+00 9.789414e-01 -4.147744e-05
2.900000e+00 9.000000e-01 9.402989e-01 3.912493e+00 9.789702e-01 -3.516950e-05
2.950000e+00 9.000000e-01 9.403005e-01 3.914282e+00 9.789836e-01 -2.819571e-05
3.000000e+00 9.000000e-01 9.403017e-01 3.915399e+00 9.789887e-01 -2.180663e-05
3.050000e+00 9.000000e-01 9.403026e-01 3.916092e+00 9.789896e-01 -1.644785e-05
3.100000e+00 9.000000e-01 9.403033e-01 3.916520e+00 9.789886e-01 -1.217733e-05
3.150000e+00 9.000000e-01 9.403039e-01 3.916782e+00 9.789868e-01 -8.885643e-06
3.200000e+00 9.000000e-01 9.403042e-01 3.916940e+00 9.789848e-01 -6.407496e-06
3.250000e+00 9.000000e-01 9.403045e-01 3.917035e+00 9.789831e-01 -4.574484e-06
3.300000e+00 9.000000e-01 9.403047e-01 3.917091e+00 9.789816e-01 -3.237372e-06
3.350000e+00 9.000000e-01 9.403048e-01 3.917123e+00 9.789804e-01 -2.273037e-06
3.400000e+00 9.000000e-01 9.403049e-01 3.917140e+00 9.789795e-01 -1.584223e-06
3.450000e+00 9.000000e-01 9.403050e-01 3.917149e+00 9.789787e-01 -1.096330e-06
3.500000e+00 9.000000e-01 9.403050e-01 3.917154e+00 9.789782e-01 -7.533478e-07
3.550000e+00 9.000000e-01 9.403051e-01 3.917155e+00 9.789778e-01 -5.139032e-07
3.600000e+00 9.000000e-01 9.403051e-01 3.917156e+00 9.789775e-01 -3.478348e-07
3.650000e+00 9.000000e-01 9.403051e-01 3.917155e+00 9.789773e-01 -2.333907e-07
3.700000e+00 9.000000e-01 9.403051e-01 3.917155e+00 9.789772e-01 -1.550273e-07
3.750000e+00 9.000000e-01 9.403051e-01 3.917154e+00 9.789771e-01 -1.017265e-07
3.800000e+00 9.000000e-01 9.403051e-01 3.917153e+00 9.789770e-01 -6.573291e-08
3.850000e+00 9.000000e-01 9.403051e-01 3.917152e+00 9.789769e-01 -4.162273e-08
3.900000e+00 9.000000e-01 9.403051e-01 3.917152e+00 9.789769e-01 -2.562495e-08
3.950000e+00 9.000000e-01 9.403051e-01 3.917151e+00 9.789769e-01 -1.513203e-08
4.000000e+00 9.000000e-01 9.403051e-01 3.917151e+00 9.789769e-01 -8.350262e-09
4.050000e+00 9.000000e-01 9.403051e-01 3.917151e+00 9.789768e-01 -4.052046e-09
4.100000e+00 9.000000e-01 9.403051e-01 3.917150e+00 9.789768e-01 -1.401445e-09
4.150000e+00 9.000000e-01 9.403051e-01 3.917150e+00 9.789768e-01 1.677603e-10
4.200000e+00 9.000000e-01 9.403051e-01 3.917150e+00 9.789768e-01 1.036929e-09
4.250000e+00 9.000000e-01 9.403051e-01 3.917150e+00 9.789768e-01 1.461261e-09
4.300000e+00 9.000000e-01 9.403051e-01 3.917150e+00 9.789768e-01 1.610216e-09
4.350000e+00 9.000000e-01 9.403051e-01 3.917150e+00 9.789768e-01 1.595244e-09
4.400000e+00 9.000000e-01 9.403051e-01 3.917150e+00 9.789768e-01 1.488728e-09
4.450000e+00 9.000000e-01 9.403051e-01 3.917150e+00 9.789768e-01 1.336893e-09
4.500000e+00 9.000000e-01 9.403051e-01 3.917150e+00 9.789768e-01 1.168541e-09
4.550000e+00 9.000000e-01 9.403051e-01 3.917150e+00 9.789768e-01 1.000982e-09
4.600000e+00 9.000000e-01 9.403051e-01 3.917150e+00 9.789768e-01 8.440104e-10
4.650000e+00 9.000000e-01 9.403051e-01 3.917150e+00 9.789768e-01 7.025802e-10
4.700000e+00 9.000000e-01 9.403051e-01 3.917150e+00 9.789768e-01 5.786094e-10
4.750000e+00 9.000000e-01 9.403051e-01 3.917150e+00 9.789768e-01 4.721534e-10
4.800000e+00 9.000000e-01 9.403051e-01 3.917150e+00 9.789768e-01 3.821954e-10
4.850000e+00 9.000000e-01 9.403051e-01 3.917150e+00 9.789768e-01 3.071621e-10
4.900000e+00 9.000000e-01 9.403051e-01 3.917150e+00 9.789768e-01 2.452261e-10
4.950000e+00 9.000000e-01 9.403051e-01 3.917150e+00 9.789768e-01 1.945433e-10
5.000000e+00 9.000000e-01 9.403051e-01 3.917150e+00 9.789768e-01 1.533362e-10
5.050000e+00 9.000000e-01 9.403051e-01 3.917150e+00 9.789768e-01 1.199807e-10
5.100000e+00 9.000000e-01 9.403051e-01 3.917150e+00 9.789768e-01 9.303336e-11
5.150000e+00 9.000000e-01 9.403051e-01 3.917150e+00 9.789768e-01 7.120637e-11
5.200000e+00 9.000000e-01 9.403051e-01 3.917150e+00 9.789768e-01 5.340839e-11
5.250000e+00 9.000000e-01 9.403051e-01 3.917150e+00 9.789768e-01 3.870571e-11
5.300000e+00 9.000000e-01 9.403051e-01 3.917150e+00 9.789768e-01 2.628009e-11
5.350000e+00 9.000000e-01 9.403051e-01 3.917150e+00 9.789768e-01 1.542322e-11
5.400000e+00 9.000000e-01 9.403051e-01 3.917150e+00 9.789768e-01 5.513368e-12
5.450000e+00 9.000000e-01 9.403051e-01 3.917150e+00 9.789768e-01 -4.034550e-12
5.500000e+00 9.000000e-01 9.403051e-01 3.917150e+00 9.789768e-01 -1.376899e-11
5.550000e+00 9.000000e-01 9.403051e-01 3.917150e+00 9.789768e-01 -2.425504e-11
5.600000e+00 9.000000e-01 9.403051e-01 3.917150e+00 9.789768e-01 -3.611778e-11
5.650000e+00 9.000000e-01 9.403051e-01 3.917150e+00 9.789768e-01 -5.004885e-11
5.700000e+00 9.000000e-01 9.403051e-01 3.917150e+00 9.789768e-01 -6.688428e-11
5.750000e+00 9.000000e-01 9.403051e-01 3.917150e+00 9.789768e-01 -8.764323e-11
5.800000e+00 9.000000e-01 9.403051e-01 3.917150e+00 9.789768e-01 -1.135880e-10
5.850000e+00 9.000000e-01 9.403051e-01 3.917150e+00 9.789768e-01 -1.463474e-10
5.900000e+00 9.000000e-01 9.403051e-01 3.917150e+00 9.789768e-01 -1.880041e-10
5.950000e+00 9.000000e-01 9.403051e-01 3.917150e+00 9.789768e-01 -2.412093e-10
6.000000e+00 9.000000e-01 9.403051e-01 3.917150e+00 9.789768e-01 -3.094069e-10
6.050000e+00 9.000000e-01 9.403051e-01 3.917150e+00 9.789768e-01 -3.970491e-10
6.100000e+00 9.000000e-01 9.403051e-01 3.917150e+00 9.789768e-01 -5.098955e-10
6.150000e+00 9.000000e-01 9.403051e-01 3.917150e+00 9.789768e-01 -6.554279e-10
6.200000e+00 9.000000e-01 9.403051e-01 3.917150e+00 9.789768e-01 -8.433387e-10
6.250000e+00 9.000000e-01 9.403051e-01 3.917150e+00 9.789768e-01 -1.086198e-09
6.300000e+00 9.000000e-01 9.403051e-01 3.917150e+00 9.789768e-01 -1.400322e-09
6.350000e+00 9.000000e-01 9.403051e-01 3.917150e+00 9.789768e-01 -1.806901e-09
6.400000e+00 9.000000e-01 9.403051e-01 3.917150e+00 9.789768e-01 -2.333418e-09
6.450000e+00 9.000000e-01 9.403051e-01 3.917150e+00 9.789768e-01 -3.015548e-09
6.500000e+00 9.000000e-01 9.403051e-01 3.917150e+00 9.789768e-01 -3.899622e-09
6.550000e+00 9.000000e-01 9.403051e-01 3.917150e+00 9.789768e-01 -5.045764e-09
6.600000e+00 9.000000e-01 9.403051e-01 3.917150e+00 9.789768e-01 -6.532019e-09
6.650000e+00 9.000000e-01 9.403051e-01 3.917150e+00 9.789768e-01 -8.459696e-09
6.700000e+00 9.000000e-01 9.403051e-01 3.917150e+00 9.789768e-01 -1.096028e-08
6.750000e+00 9.000000e-01 9.403051e-01 3.917150e+00 9.789768e-01 -1.420444e-08
6.800000e+00 9.000000e-01 9.403051e-01 3.917150e+00 9.789768e-01 -1.841365e-08
6.850000e+00 9.000000e-01 9.403051e-01 3.917150e+00 9.789768e-01 -2.387529e-08
6.900000e+00 9.000000e-01 9.403051e-01 3.917150e+00 9.789768e-01 -3.096230e-08
6.950000e+00 9.000000e-01 9.403051e-01 3.917150e+00 9.789768e-01 -4.015846e-08
7.000000e+00 9.000000e-01 9.403051e-01 3.917151e+00 9.789768e-01 -5.209141e-08
7.050000e+00 9.000000e-01 9.403051e-01 3.917151e+00 9.789767e-01 -6.757515e-08
7.100000e+00 9.000000e-01 9.403051e-01 3.917151e+00 9.789767e-01 -8.766579e-08
7.150000e+00 9.000000e-01 9.403051e-01 3.917152e+00 9.789767e-01 -1.137313e-07
7.200000e+00 9.000000e-01 9.403051e-01 3.917152e+00 9.789766e-01 -1.475510e-07
7.250000e+00 9.000000e-01 9.403051e-01 3.917153e+00 9.789766e-01 -1.914123e-07
7.300000e+00 9.000000e-01 9.403052e-01 3.917154e+00 9.789765e-01 -2.483444e-07
7.350000e+00 9.000000e-01 9.403052e-01 3.917155e+00 9.789764e-01 -3.220655e-07
7.400000e+00 9.000000e-01 9.403052e-01 3.917156e+00 9.789763e-01 -4.180471e-07
7.450000e+00 9.000000e-01 9.403052e-01 3.917158e+00 9.789761e-01 -5.413868e-07
7.500000e+00 9.000000e-01 9.403052e-01 3.917161e+00 9.789759e-01 -7.045662e-07
7.550000e+00 9.000000e-01 9.403053e-01 3.917165e+00 9.789756e-01 -9.069761e-07
7.600000e+00 9.000000e-01 9.403053e-01 3.917168e+00 9.789752e-01 -1.194081e-06
7.650000e+00 9.000000e-01 9.403054e-01 3.917177e+00 9.789747e-01 -1.501696e-06
7.700000e+00 9.000000e-01 9.403055e-01 3.917176e+00 9.789743e-01 -2.062238e-06
7.750000e+00 9.000000e-01 9.403056e-01 3.917206e+00 9.789731e-01 -2.397996e-06
7.800000e+00 9.000000e-01 9.403057e-01 3.917170e+00 9.789730e-01 -3.736714e-06
7.850000e+00 9.000000e-01 9.403060e-01 3.917297e+00 9.789695e-01 -3.468905e-06
7.900000e+00 9.000000e-01 9.403061e-01 3.917073e+00 9.789724e-01 -7.357311e-06
7.950000e+00 9.000000e-01 9.403067e-01 3.917615e+00 9.789606e-01 -3.859214e-06
8.000000e+00 9.000000e-01 9.403065e-01 3.916616e+00 9.789766e-01 -1.565117e-05
8.050000e+00 9.000000e-01 9.403083e-01 3.918642e+00 9.789374e-01 -1.404369e-06
8.100000e+00 9.000000e-01 9.403066e-01 3.915099e+00 9.789957e-01 -3.316527e-05
8.150000e+00 9.000000e-01 9.403116e-01 3.921381e+00 9.788834e-01 5.547854e-06
8.200000e+00 9.000000e-01 9.403060e-01 3.911402e+00 9.790420e-01 -6.196538e-05
8.250000e+00 9.000000e-01 9.403178e-01 3.926897e+00 9.787869e-01 9.364232e-06
8.300000e+00 9.000000e-01 9.403051e-01 3.905203e+00 9.791054e-01 -9.087311e-05
8.350000e+00 9.000000e-01 9.403269e-01 3.934258e+00 9.786740e-01 -1.681092e-05
8.400000e+00 9.000000e-01 9.403068e-01 3.899569e+00 9.791194e-01 -9.784735e-05
8.450000e+00 9.000000e-01 9.403367e-01 3.938573e+00 9.786137e-01 -9.685319e-05
8.500000e+00 9.000000e-01 9.403165e-01 3.900509e+00 9.790107e-01 -1.001680e-04
8.550000e+00 9.000000e-01 9.403467e-01 3.935739e+00 9.785920e-01 -1.928569e-04
8.600000e+00 9.000000e-01 9.403358e-01 3.907898e+00 9.788596e-01 -1.901320e-04
8.650000e+00 9.000000e-01 9.403657e-01 3.932864e+00 9.784015e-01 -2.510947e-04
8.700000e+00 9.000000e-01 9.403609e-01 3.910494e+00 9.788170e-01 -3.969271e-04
8.750000e+00 9.000000e-01 9.404054e-01 3.941100e+00 9.779604e-01 -3.917009e-04
8.800000e+00 9.000000e-01 9.404000e-01 3.906740e+00 9.786484e-01 -6.029393e-04
8.850000e+00 9.000000e-01 9.404657e-01 3.951455e+00 9.775431e-01 -7.700612e-04
8.900000e+00 9.000000e-01 9.404770e-01 3.914516e+00 9.780187e-01 -9.221286e-04
8.950000e+00 9.000000e-01 9.405579e-01 3.954021e+00 9.769491e-01 -1.256630e-03
9.000000e+00 9.000000e-01 9.406027e-01 3.931053e+00 9.772200e-01 -1.652681e-03
9.050000e+00 9.000000e-01 9.407232e-01 3.969279e+00 9.755834e-01 -2.008060e-03
9.100000e+00 9.000000e-01 9.408035e-01 3.943866e+00 9.759733e-01 -2.698051e-03
9.150000e+00 9.000000e-01 9.409930e-01 3.998443e+00 9.736709e-01 -3.481284e-03
9.200000e+00 9.000000e-01 9.411516e-01 3.977177e+00 9.734177e-01 -4.405335e-03
9.250000e+00 9.000000e-01 9.414335e-01 4.032667e+00 9.705440e-01 -5.696093e-03
9.300000e+00 9.000000e-01 9.417213e-01 4.034672e+00 9.695408e-01 -7.409572e-03
9.350000e+00 9.000000e-01 9.421745e-01 4.101893e+00 9.650145e-01 -9.424156e-03
9.400000e+00 9.000000e-01 9.426637e-01 4.120926e+00 9.628114e-01 -1.209266e-02
9.450000e+00 9.000000e-01 9.433837e-01 4.215006e+00 9.562105e-01 -1.552466e-02
9.500000e+00 9.000000e-01 9.442161e-01 4.275019e+00 9.514263e-01 -1.984601e-02
9.550000e+00 9.000000e-01 9.453683e-01 4.402760e+00 9.410424e-01 -2.516451e-02
9.600000e+00 9.000000e-01 9.467326e-01 4.524773e+00 9.322628e-01 -3.191801e-02
9.650000e+00 9.000000e-01 9.485601e-01 4.723312e+00 9.155322e-01 -4.008036e-02
9.700000e+00 9.000000e-01 9.507406e-01 4.937828e+00 8.993153e-01 -4.996402e-02
9.750000e+00 9.000000e-01 9.535565e-01 5.249509e+00 8.714755e-01 -6.099032e-02
9.800000e+00 9.000000e-01 9.568397e-01 5.588556e+00 8.423107e-01 -7.299991e-02
9.850000e+00 9.000000e-01 9.608565e-01 6.069821e+00 7.946330e-01 -8.271259e-02
9.900000e+00 9.000000e-01 9.651109e-01 6.468185e+00 7.416569e-01 -8.573343e-02
9.950000e+00 9.000000e-01 9.694299e-01 7.044567e+00 6.549607e-01 -6.529089e-02
1.000000e+01 9.000000e-01 9.716400e-01 6.969065e+00 0.000000e+00 0.000000e+00
0.000000e+00 9.200000e-01 9.814560e-01 5.040000e+00 0.000000e+00 0.000000e+00
5.000000e-02 9.200000e-01 9.814515e-01 5.039560e+00 4.402474e-01 8.536340e-05
1.000000e-01 9.200000e-01 9.814475e-01 5.038580e+00 4.401836e-01 7.834812e-05
1.500000e-01 9.200000e-01 9.814437e-01 5.037524e+00 4.401986e-01 7.016193e-05
2.000000e-01 9.200000e-01 9.814404e-01 5.036886e+00 4.402458e-01 5.954292e-05
2.500000e-01 9.200000e-01 9.814377e-01 5.036574e+00 4.402958e-01 6.444840e-05
3.000000e-01 9.200000e-01 9.814340e-01 5.036042e+00 4.403780e-01 8.491014e-05
3.500000e-01 9.200000e-01 9.814292e-01 5.035390e+00 4.405386e-01 7.373774e-05
4.000000e-01 9.200000e-01 9.814266e-01 5.036292e+00 4.407734e-01 -1.252757e-05
4.500000e-01 9.200000e-01 9.814305e-01 5.041549e+00 4.410574e-01 -1.412635e-04
5.000000e-01 9.200000e-01 9.814408e-01 5.053316e+00 4.414245e-01 -2.198318e-04
5.500000e-01 9.200000e-01 9.814524e-01 5.071281e+00 4.419549e-01 -1.731468e-04
6.000000e-01 9.200000e-01 9.814581e-01 5.092135e+00 4.426943e-01 3.807262e-05
6.500000e-01 9.200000e-01 9.814486e-01 5.110644e+00 4.436664e-01 4.624262e-04
7.000000e-01 9.200000e-01 9.814118e-01 5.121477e+00 4.449734e-01 1.153747e-03
7.500000e-01 9.200000e-01 9.813333e-01 5.120697e+00 4.468070e-01 2.100287e-03
8.000000e-01 9.200000e-01 9.812018e-01 5.106322e+00 4.493270e-01 3.204648e-03
8.500000e-01 9.200000e-01 9.810128e-01 5.078142e+00 4.525796e-01 4.363431e-03
9.000000e-01 9.200000e-01 9.807655e-01 5.037213e+00 4.565626e-01 5.538384e-03
9.500000e-01 9.200000e-01 9.804590e-01 4.985242e+00 4.613144e-01 6.727681e-03
1.000000e+00 9.200000e-01 9.800927e-01 4.923948e+00 4.668857e-01 7.903072e-03
1.050000e+00 9.200000e-01 9.796686e-01 4.854598e+00 4.732610e-01 9.017475e-03
1.100000e+00 9.200000e-01 9.791909e-01 4.778026e+00 4.803703e-01 1.006065e-02
1.150000e+00 9.200000e-01 9.786626e-01 4.695123e+00 4.881780e-01 1.106509e-02
1.200000e+00 9.200000e-01 9.780844e-01 4.607302e+00 4.967114e-01 1.205246e-02
1.250000e+00 9.200000e-01 9.774573e-01 4.516287e+00 5.059927e-01 1.300641e-02
1.300000e+00 9.200000e-01 9.767838e-01 4.423095e+00 5.159856e-01 1.390877e-02
1.350000e+00 9.200000e-01 9.760665e-01 4.326820e+00 5.266288e-01 1.477694e-02
1.400000e+00 9.200000e-01 9.753061e-01 4.224178e+00 5.378975e-01 1.564737e-02
1.450000e+00 9.200000e-01 9.745017e-01 4.110381e+00 5.498146e-01 1.653870e-02
1.500000e+00 9.200000e-01 9.736522e-01 3.981239e+00 5.624362e-01 1.745039e-02
1.550000e+00 9.200000e-01 9.727567e-01 3.835663e+00 5.758718e-01 1.838553e-02
1.600000e+00 9.200000e-01 9.718137e-01 3.677461e+00 5.903228e-01 1.934756e-02
1.650000e+00 9.200000e-01 9.708219e-01 3.515710e+00 6.060628e-01 2.030863e-02
1.700000e+00 9.200000e-01 9.697828e-01 3.363760e+00 6.233521e-01 2.119860e-02
1.750000e+00 9.200000e-01 9.687021e-01 3.237625e+00 6.423635e-01 2.193618e-02
1.800000e+00 9.200000e-01 9.675892e-01 3.154565e+00 6.631748e-01 2.245905e-02
1.850000e+00 9.200000e-01 9.664562e-01 3.132017e+00 6.857810e-01 2.270500e-02
1.900000e+00 9.200000e-01 9.653187e-01 3.185994e+00 7.100320e-01 2.256219e-02
1.950000e+00 9.200000e-01 9.641999e-01 3.327808e+00 7.354874e-01 2.185795e-02
2.000000e+00 9.200000e-01 9.631329e-01 3.559140e+00 7.612975e-01 2.042830e-02
2.050000e+00 9.200000e-01 9.621571e-01 3.867696e+00 7.862522e-01 1.822999e-02
2.100000e+00 9.200000e-01 9.613099e-01 4.226861e+00 8.090340e-01 1.540967e-02
2.150000e+00 9.200000e-01 9.606161e-01 4.601186e+00 8.285650e-01 1.227585e-02
2.200000e+00 9.200000e-01 9.600823e-01 4.955683e+00 8.442671e-01 9.192697e-03
2.250000e+00 9.200000e-01 9.596969e-01 5.264360e+00 8.561268e-01 6.463658e-03
2.300000e+00 9.200000e-01 9.594359e-01 5.514226e+00 8.645743e-01 4.262867e-03
2.350000e+00 9.200000e-01 9.592706e-01 5.704272e+00 8.702761e-01 2.629739e-03
2.400000e+00 9.200000e-01 9.591730e-01 5.841479e+00 8.739409e-01 1.506261e-03
2.450000e+00 9.200000e-01 9.591200e-01 5.936398e+00 8.761934e-01 7.864883e-04
2.500000e+00 9.200000e-01 9.590943e-01 5.999856e+00 8.775210e-01 3.567729e-04
2.550000e+00 9.200000e-01 9.590843e-01 6.041162e+00 8.782714e-01 1.191318e-04
2.600000e+00 9.200000e-01 9.590824e-01 6.067505e+00 8.786766e-01 -2.436139e-07
2.650000e+00 9.200000e-01 9.590843e-01 6.084050e+00 8.788829e-01 -5.174292e-05
2.700000e+00 9.200000e-01 9.590876e-01 6.094323e+00 8.789791e-01 -6.715466e-05
2.750000e+00 9.200000e-01 9.590910e-01 6.100645e+00 8.790168e-01 -6.519519e-05
2.800000e+00 9.200000e-01 9.590941e-01 6.104507e+00 8.790252e-01 -5.617154e-05
2.850000e+00 9.200000e-01 9.590966e-01 6.106849e+00 8.790201e-01 -4.534967e-05
2.900000e+00 9.200000e-01 9.590986e-01 6.108257e+00 8.790100e-01 -3.515538e-05
2.950000e+00 9.200000e-01 9.591002e-01 6.109095e+00 8.789989e-01 -2.651015e-05
3.000000e+00 9.200000e-01 9.591013e-01 6.109588e+00 8.789887e-01 -1.959503e-05
3.050000e+00 9.200000e-01 9.591021e-01 6.109872e+00 8.789801e-01 -1.426453e-05
3.100000e+00 9.200000e-01 9.591027e-01 6.110032e+00 8.789732e-01 -1.025855e-05
3.150000e+00 9.200000e-01 9.591031e-01 6.110118e+00 8.789678e-01 -7.303372e-06
3.200000e+00 9.200000e-01 9.591034e-01 6.110162e+00 8.789637e-01 -5.154313e-06
3.250000e+00 9.200000e-01 9.591037e-01 6.110182e+00 8.789607e-01 -3.609361e-06
3.300000e+00 9.200000e-01 9.591038e-01 6.110190e+00 8.789585e-01 -2.509342e-06
3.350000e+00 9.200000e-01 9.591039e-01 6.110190e+00 8.789569e-01 -1.732623e-06
3.400000e+00 9.200000e-01 9.591040e-01 6.110188e+00 8.789557e-01 -1.188254e-06
3.450000e+00 9.200000e-01 9.591040e-01 6.110184e+00 8.789549e-01 -8.093287e-07
3.500000e+00 9.200000e-01 9.591041e-01 6.110180e+00 8.789543e-01 -5.472640e-07
3.550000e+00 9.200000e-01 9.591041e-01 6.110176e+00 8.789539e-01 -3.671511e-07
3.600000e+00 9.200000e-01 9.591041e-01 6.110173e+00 8.789536e-01 -2.441332e-07
3.650000e+00 9.200000e-01 9.591041e-01 6.110171e+00 8.789534e-01 -1.606490e-07
3.700000e+00 9.200000e-01 9.591041e-01 6.110169e+00 8.789533e-01 -1.043784e-07
3.750000e+00 9.200000e-01 9.591041e-01 6.110167e+00 8.789532e-01 -6.673339e-08
3.800000e+00 9.200000e-01 9.591041e-01 6.110166e+00 8.789531e-01 -4.176275e-08
3.850000e+00 9.200000e-01 9.591041e-01 6.110165e+00 8.789531e-01 -2.536555e-08
3.900000e+00 9.200000e-01 9.591041e-01 6.110164e+00 8.789530e-01 -1.473100e-08
3.950000e+00 9.200000e-01 9.591041e-01 6.110164e+00 8.789530e-01 -7.942758e-09
4.000000e+00 9.200000e-01 9.591041e-01 6.110163e+00 8.789530e-01 -3.701158e-09
4.050000e+00 9.200000e-01 9.591041e-01 6.110163e+00 8.789530e-01 -1.129574e-09
4.100000e+00 9.200000e-01 9.591041e-01 6.110163e+00 8.789530e-01 3.598533e-10
4.150000e+00 9.200000e-01 9.591041e-01 6.110163e+00 8.789530e-01 1.158791e-09
4.200000e+00 9.200000e-01 9.591041e-01 6.110163e+00 8.789530e-01 1.526288e-09
4.250000e+00 9.200000e-01 9.591041e-01 6.110163e+00 8.789530e-01 1.632157e-09
4.300000e+00 9.200000e-01 9.591041e-01 6.110163e+00 8.789530e-01 1.586473e-09
4.350000e+00 9.200000e-01 9.591041e-01 6.110162e+00 8.789530e-01 1.459560e-09
4.400000e+00 9.200000e-01 9.591041e-01 6.110162e+00 8.789530e-01 1.295444e-09
4.450000e+00 9.200000e-01 9.591041e-01 6.110162e+00 8.789530e-01 1.120904e-09
4.500000e+00 9.200000e-01 9.591041e-01 6.110162e+00 8.789530e-01 9.515244e-10
4.550000e+00 9.200000e-01 9.591041e-01 6.110162e+00 8.789530e-01 7.956968e-10
4.600000e+00 9.200000e-01 9.591041e-01 6.110162e+00 8.789530e-01 6.572975e-10
4.650000e+00 9.200000e-01 9.591041e-01 6.110162e+00 8.789530e-01 5.374345e-10
4.700000e+00 9.200000e-01 9.591041e-01 6.110162e+00 8.789530e-01 4.355860e-10
4.750000e+00 9.200000e-01 9.591041e-01 6.110162e+00 8.789530e-01 3.503420e-10
4.800000e+00 9.200000e-01 9.591041e-01 6.110162e+00 8.789530e-01 2.798595e-10
4.850000e+00 9.200000e-01 9.591041e-01 6.110162e+00 8.789530e-01 2.221745e-10
4.900000e+00 9.200000e-01 9.591041e-01 6.110162e+00 8.789530e-01 1.753586e-10
4.950000e+00 9.200000e-01 9.591041e-01 6.110162e+00 8.789530e-01 1.376133e-10
5.000000e+00 9.200000e-01 9.591041e-01 6.110162e+00 8.789530e-01 1.073341e-10
5.050000e+00 9.200000e-01 9.591041e-01 6.110162e+00 8.789530e-01 8.311130e-11
5.100000e+00 9.200000e-01 9.591041e-01 6.110162e+00 8.789530e-01 6.372458e-11
5.150000e+00 9.200000e-01 9.591041e-01 6.110162e+00 8.789530e-01 4.813816e-11
5.200000e+00 9.200000e-01 9.591041e-01 6.110162e+00 8.789530e-01 3.548384e-11
5.250000e+00 9.200000e-01 9.591041e-01 6.110162e+00 8.789530e-01 2.502221e-11
5.300000e+00 9.200000e-01 9.591041e-01 6.110162e+00 8.789530e-01 1.613265e-11
5.350000e+00 9.200000e-01 9.591041e-01 6.110162e+00 8.789530e-01 8.276713e-12
5.400000e+00 9.200000e-01 9.591041e-01 6.110162e+00 8.789530e-01 9.825474e-13
5.450000e+00 9.200000e-01 9.591041e-01 6.110162e+00 8.789530e-01 -6.195044e-12
5.500000e+00 9.200000e-01 9.591041e-01 6.110162e+00 8.789530e-01 -1.367906e-11
5.550000e+00 9.200000e-01 9.591041e-01 6.110162e+00 8.789530e-01 -2.190692e-11
5.600000e+00 9.200000e-01 9.591041e-01 6.110162e+00 8.789530e-01 -3.137823e-11
5.650000e+00 9.200000e-01 9.591041e-01 6.110162e+00 8.789530e-01 -4.264700e-11
5.700000e+00 9.200000e-01 9.591041e-01 6.110162e+00 8.789530e-01 -5.638934e-11
5.750000e+00 9.200000e-01 9.591041e-01 6.110162e+00 8.789530e-01 -7.344236e-11
5.800000e+00 9.200000e-01 9.591041e-01 6.110162e+00 8.789530e-01 -9.485523e-11
5.850000e+00 9.200000e-01 9.591041e-01 6.110162e+00 8.789530e-01 -1.219702e-10
5.900000e+00 9.200000e-01 9.591041e-01 6.110162e+00 8.789530e-01 -1.565181e-10
5.950000e+00 9.200000e-01 9.591041e-01 6.110162e+00 8.789530e-01 -2.007161e-10
6.000000e+00 9.200000e-01 9.591041e-01 6.110162e+00 8.789530e-01 -2.574296e-10
6.050000e+00 9.200000e-01 9.591041e-01 6.110162e+00 8.789530e-01 -3.303668e-10
6.100000e+00 9.200000e-01 9.591041e-01 6.110162e+00 8.789530e-01 -4.243372e-10
6.150000e+00 9.200000e-01 9.591041e-01 6.110162e+00 8.789530e-01 -5.455925e-10
6.200000e+00 9.200000e-01 9.591041e-01 6.110162e+00 8.789530e-01 -7.022227e-10
6.250000e+00 9.200000e-01 9.591041e-01 6.110162e+00 8.789530e-01 -9.047230e-10
6.300000e+00 9.200000e-01 9.591041e-01 6.110162e+00 8.789530e-01 -1.166718e-09
6.350000e+00 9.200000e-01 9.591041e-01 6.110162e+00 8.789530e-01 -1.505904e-09
6.400000e+00 9.200000e-01 9.591041e-01 6.110162e+00 8.789530e-01 -1.945246e-09
6.450000e+00 9.200000e-01 9.591041e-01 6.110162e+00 8.789530e-01 -2.514546e-09
6.500000e+00 9.200000e-01 9.591041e-01 6.110163e+00 8.789530e-01 -3.252510e-09
6.550000e+00 9.200000e-01 9.591041e-01 6.110163e+00 8.789530e-01 -4.209376e-09
6.600000e+00 9.200000e-01 9.591041e-01 6.110163e+00 8.789530e-01 -5.450352e-09
6.650000e+00 9.200000e-01 9.591041e-01 6.110163e+00 8.789530e-01 -7.060099e-09
6.700000e+00 9.200000e-01 9.591041e-01 6.110163e+00 8.789530e-01 -9.148495e-09
6.750000e+00 9.200000e-01 9.591041e-01 6.110163e+00 8.789530e-01 -1.185816e-08
6.800000e+00 9.200000e-01 9.591041e-01 6.110163e+00 8.789530e-01 -1.537420e-08
6.850000e+00 9.200000e-01 9.591041e-01 6.110163e+00 8.789530e-01 -1.993682e-08
6.900000e+00 9.200000e-01 9.591041e-01 6.110163e+00 8.789530e-01 -2.585771e-08
6.950000e+00 9.200000e-01 9.591041e-01 6.110163e+00 8.789529e-01 -3.354126e-08
7.000000e+00 9.200000e-01 9.591041e-01 6.110163e+00 8.789529e-01 -4.351210e-08
7.050000e+00 9.200000e-01 9.591041e-01 6.110164e+00 8.789529e-01 -5.645072e-08
7.100000e+00 9.200000e-01 9.591041e-01 6.110164e+00 8.789529e-01 -7.323986e-08
7.150000e+00 9.200000e-01 9.591041e-01 6.110164e+00 8.789528e-01 -9.502360e-08
7.200000e+00 9.200000e-01 9.591041e-01 6.110165e+00 8.789527e-01 -1.232878e-07
7.250000e+00 9.200000e-01 9.591042e-01 6.110166e+00 8.789527e-01 -1.599505e-07
7.300000e+00 9.200000e-01 9.591042e-01 6.110167e+00 8.789526e-01 -2.075262e-07
7.350000e+00 9.200000e-01 9.591042e-01 6.110168e+00 8.789524e-01 -2.691812e-07
7.400000e+00 9.200000e-01 9.591042e-01 6.110170e+00 8.789523e-01 -3.493132e-07
7.450000e+00 9.200000e-01 9.591042e-01 6.110172e+00 8.789520e-01 -4.527136e-07
7.500000e+00 9.200000e-01 9.591042e-01 6.110175e+00 8.789518e-01 -5.882929e-07
7.550000e+00 9.200000e-01 9.591043e-01 6.110178e+00 8.789514e-01 -7.597964e-07
7.600000e+00 9.200000e-01 9.591043e-01 6.110183e+00 8.789509e-01 -9.938032e-07
7.650000e+00 9.200000e-01 9.591044e-01 6.110190e+00 8.789503e-01 -1.266276e-06
7.700000e+00 9.200000e-01 9.591044e-01 6.110196e+00 8.789495e-01 -1.697706e-06
7.750000e+00 9.200000e-01 9.591045e-01 6.110212e+00 8.789482e-01 -2.065460e-06
7.800000e+00 9.200000e-01 9.591046e-01 6.110213e+00 8.789475e-01 -2.990321e-06
7.850000e+00 9.200000e-01 9.591048e-01 6.110260e+00 8.789443e-01 -3.181424e-06
7.900000e+00 9.200000e-01 9.591050e-01 6.110215e+00 8.789451e-01 -5.590342e-06
7.950000e+00 9.200000e-01 9.591054e-01 6.110395e+00 8.789357e-01 -4.287131e-06
8.000000e+00 9.200000e-01 9.591054e-01 6.110116e+00 8.789447e-01 -1.120115e-05
8.050000e+00 9.200000e-01 9.591065e-01 6.110806e+00 8.789152e-01 -4.313018e-06
8.100000e+00 9.200000e-01 9.591058e-01 6.109645e+00 8.789533e-01 -2.288917e-05
8.150000e+00 9.200000e-01 9.591088e-01 6.111963e+00 8.788688e-01 -2.212231e-06
8.200000e+00 9.200000e-01 9.591060e-01 6.108225e+00 8.789806e-01 -4.310859e-05
8.250000e+00 9.200000e-01 9.591131e-01 6.114614e+00 8.787821e-01 -1.809865e-06
8.300000e+00 9.200000e-01 9.591062e-01 6.105291e+00 8.790220e-01 -6.732666e-05
8.350000e+00 9.200000e-01 9.591199e-01 6.119018e+00 8.786663e-01 -1.919220e-05
8.400000e+00 9.200000e-01 9.591081e-01 6.101637e+00 8.790265e-01 -8.247423e-05
8.450000e+00 9.200000e-01 9.591281e-01 6.123296e+00 8.785729e-01 -7.435357e-05
8.500000e+00 9.200000e-01 9.591156e-01 6.100715e+00 8.789164e-01 -9.323688e-05
8.550000e+00 9.200000e-01 9.591374e-01 6.123771e+00 8.785114e-01 -1.556120e-04
8.600000e+00 9.200000e-01 9.591311e-01 6.105636e+00 8.787101e-01 -1.538819e-04
8.650000e+00 9.200000e-01 9.591528e-01 6.120897e+00 8.783280e-01 -2.285787e-04
8.700000e+00 9.200000e-01 9.591540e-01 6.112564e+00 8.785234e-01 -3.059879e-04
8.750000e+00 9.200000e-01 9.591834e-01 6.122602e+00 8.778766e-01 -3.480706e-04
8.800000e+00 9.200000e-01 9.591888e-01 6.115380e+00 8.782275e-01 -5.006177e-04
8.850000e+00 9.200000e-01 9.592335e-01 6.131430e+00 8.772859e-01 -6.320804e-04
8.900000e+00 9.200000e-01 9.592520e-01 6.121034e+00 8.774779e-01 -7.826231e-04
8.950000e+00 9.200000e-01 9.593117e-01 6.139022e+00 8.764563e-01 -1.057638e-03
9.000000e+00 9.200000e-01 9.593578e-01 6.137961e+00 8.763068e-01 -1.354668e-03
9.050000e+00 9.200000e-01 9.594472e-01 6.150973e+00 8.748292e-01 -1.705170e-03
9.100000e+00 9.200000e-01 9.595283e-01 6.159029e+00 8.744974e-01 -2.248488e-03
9.150000e+00 9.200000e-01 9.596720e-01 6.179538e+00 8.722565e-01 -2.894546e-03
9.200000e+00 9.200000e-01 9.598178e-01 6.192761e+00 8.711735e-01 -3.681394e-03
9.250000e+00 9.200000e-01 9.600402e-01 6.220431e+00 8.681000e-01 -4.770381e-03
9.300000e+00 9.200000e-01 9.602948e-01 6.255561e+00 8.658025e-01 -6.142740e-03
9.350000e+00 9.200000e-01 9.606545e-01 6.290034e+00 8.609374e-01 -7.853424e-03
9.400000e+00 9.200000e-01 9.610801e-01 6.351821e+00 8.567881e-01 -1.004282e-02
9.450000e+00 9.200000e-01 9.616587e-01 6.409652e+00 8.492315e-01 -1.286865e-02
9.500000e+00 9.200000e-01 9.623670e-01 6.512698e+00 8.416322e-01 -1.635728e-02
9.550000e+00 9.200000e-01 9.632945e-01 6.601350e+00 8.295154e-01 -2.071579e-02
9.600000e+00 9.200000e-01 9.644386e-01 6.770913e+00 8.163988e-01 -2.606046e-02
9.650000e+00 9.200000e-01 9.659005e-01 6.911005e+00 7.966696e-01 -3.252571e-02
9.700000e+00 9.200000e-01 9.676911e-01 7.171209e+00 7.741986e-01 -4.000562e-02
9.750000e+00 9.200000e-01 9.699011e-01 7.372678e+00 7.419468e-01 -4.820464e-02
9.800000e+00 9.200000e-01 9.725116e-01 7.735749e+00 7.046843e-01 -5.616725e-02
9.850000e+00 9.200000e-01 9.755178e-01 7.949506e+00 6.530835e-01 -6.134970e-02
9.900000e+00 9.200000e-01 9.786466e-01 8.311679e+00 5.955887e-01 -5.771336e-02
9.950000e+00 9.200000e-01 9.812891e-01 8.254854e+00 5.202734e-01 -2.809419e-02
1.000000e+01 9.200000e-01 9.814560e-01 8.260767e+00 0.000000e+00 0.000000e+00
0.000000e+00 9.400000e-01 9.892560e-01 5.280000e+00 0.000000e+00 0.000000e+00
5.000000e-02 9.400000e-01 9.892485e-01 5.277911e+00 3.370613e-01 1.259337e-04
1.000000e-01 9.400000e-01 9.892434e-01 5.275338e+00 3.370369e-01 8.413344e-05
1.500000e-01 9.400000e-01 9.892401e-01 5.273843e+00 3.370774e-01 5.459326e-05
2.000000e-01 9.400000e-01 9.892379e-01 5.273589e+00 3.371363e-01 3.699214e-05
2.500000e-01 9.400000e-01 9.892364e-01 5.273848e+00 3.371961e-01 3.497386e-05
3.000000e-01 9.400000e-01 9.892344e-01 5.274235e+00 3.372784e-01 3.646028e-05
3.500000e-01 9.400000e-01 9.892327e-01 5.275881e+00 3.374014e-01 1.570832e-06
4.000000e-01 9.400000e-01 9.892343e-01 5.281334e+00 3.375355e-01 -9.930914e-05
4.500000e-01 9.400000e-01 9.892427e-01 5.293151e+00 3.376358e-01 -2.393870e-04
5.000000e-01 9.400000e-01 9.892582e-01 5.312281e+00 3.377153e-01 -3.477300e-04
5.500000e-01 9.400000e-01 9.892774e-01 5.337364e+00 3.378576e-01 -3.614225e-04
6.000000e-01 9.400000e-01 9.892944e-01 5.365269e+00 3.381705e-01 -2.431609e-04
6.500000e-01 9.400000e-01 9.893017e-01 5.392335e+00 3.387779e-01 4.123373e-05
7.000000e-01 9.400000e-01 9.892903e-01 5.415526e+00 3.398560e-01 5.207611e-04
7.500000e-01 9.400000e-01 9.892497e-01 5.433042e+00 3.416175e-01 1.180737e-03
8.000000e-01 9.400000e-01 9.891722e-01 5.444316e+00 3.442245e-01 1.954031e-03
8.500000e-01 9.400000e-01 9.890543e-01 5.449663e+00 3.477368e-01 2.769954e-03
9.000000e-01 9.400000e-01 9.888952e-01 5.449854e+00 3.521578e-01 3.597802e-03
9.500000e-01 9.400000e-01 9.886945e-01 5.445784e+00 3.574980e-01 4.431201e-03
1.000000e+00 9.400000e-01 9.884521e-01 5.438278e+00 3.637681e-01 5.250916e-03
1.050000e+00 9.400000e-01 9.881694e-01 5.428011e+00 3.709374e-01 6.027887e-03
1.100000e+00 9.400000e-01 9.878493e-01 5.415535e+00 3.789421e-01 6.755027e-03
1.150000e+00 9.400000e-01 9.874939e-01 5.401344e+00 3.877386e-01 7.451076e-03
1.200000e+00 9.400000e-01 9.871042e-01 5.385848e+00 3.973214e-01 8.129722e-03
1.250000e+00 9.400000e-01 9.866809e-01 5.369204e+00 4.076846e-01 8.782785e-03
1.300000e+00 9.400000e-01 9.862259e-01 5.351191e+00 4.187959e-01 9.399645e-03
1.350000e+00 9.400000e-01 9.857410e-01 5.331438e+00 4.306244e-01 9.987687e-03
1.400000e+00 9.400000e-01 9.852271e-01 5.310027e+00 4.431784e-01 1.056237e-02
1.450000e+00 9.400000e-01 9.846847e-01 5.288276e+00 4.565033e-01 1.112618e-02
1.500000e+00 9.400000e-01 9.841145e-01 5.269351e+00 4.706550e-01 1.166878e-02
1.550000e+00 9.400000e-01 9.835178e-01 5.258540e+00 4.856926e-01 1.218189e-02
1.600000e+00 9.400000e-01 9.828963e-01 5.263122e+00 5.016879e-01 1.265946e-02
1.650000e+00 9.400000e-01 9.822519e-01 5.291812e+00 5.187085e-01 1.308116e-02
1.700000e+00 9.400000e-01 9.815882e-01 5.353869e+00 5.367698e-01 1.340732e-02
1.750000e+00 9.400000e-01 9.809112e-01 5.458106e+00 5.557976e-01 1.359750e-02
1.800000e+00 9.400000e-01 9.802284e-01 5.611940e+00 5.756321e-01 1.362846e-02
1.850000e+00 9.400000e-01 9.795483e-01 5.820288e+00 5.960432e-01 1.348364e-02
1.900000e+00 9.400000e-01 9.788801e-01 6.083835e+00 6.167065e-01 1.312401e-02
1.950000e+00 9.400000e-01 9.782359e-01 6.396724e+00 6.371419e-01 1.247854e-02
2.000000e+00 9.400000e-01 9.776322e-01 6.744839e+00 6.566860e-01 1.147755e-02
2.050000e+00 9.400000e-01 9.770882e-01 7.106490e+00 6.745659e-01 1.010895e-02
2.100000e+00 9.400000e-01 9.766213e-01 7.456383e+00 6.900728e-01 8.453300e-03
2.150000e+00 9.400000e-01 9.762428e-01 7.771577e+00 7.027483e-01 6.670149e-03
2.200000e+00 9.400000e-01 9.759543e-01 8.036643e+00 7.124879e-01 4.945553e-03
2.250000e+00 9.400000e-01 9.757483e-01 8.245770e+00 7.195206e-01 3.433942e-03
2.300000e+00 9.400000e-01 9.756109e-01 8.401556e+00 7.242963e-01 2.223151e-03
2.350000e+00 9.400000e-01 9.755260e-01 8.511909e+00 7.273480e-01 1.330880e-03
2.400000e+00 9.400000e-01 9.754778e-01 8.586766e+00 7.291805e-01 7.232693e-04
2.450000e+00 9.400000e-01 9.754536e-01 8.635716e+00 7.302086e-01 3.406027e-04
2.500000e+00 9.400000e-01 9.754438e-01 8.666755e+00 7.307392e-01 1.188881e-04
2.550000e+00 9.400000e-01 9.754417e-01 8.685938e+00 7.309809e-01 2.801003e-06
2.600000e+00 9.400000e-01 9.754435e-01 8.697538e+00 7.310658e-01 -4.938115e-05
2.650000e+00 9.400000e-01 9.754467e-01 8.704419e+00 7.310727e-01 -6.605606e-05
2.700000e+00 9.400000e-01 9.754501e-01 8.708427e+00 7.310456e-01 -6.496454e-05
2.750000e+00 9.400000e-01 9.754532e-01 8.710717e+00 7.310076e-01 -5.634378e-05
2.800000e+00 9.400000e-01 9.754557e-01 8.711995e+00 7.309699e-01 -4.562422e-05
2.850000e+00 9.400000e-01 9.754577e-01 8.712686e+00 7.309369e-01 -3.539058e-05
2.900000e+00 9.400000e-01 9.754593e-01 8.713042e+00 7.309100e-01 -2.666330e-05
2.950000e+00 9.400000e-01 9.754604e-01 8.713212e+00 7.308890e-01 -1.967081e-05
3.000000e+00 9.400000e-01 9.754612e-01 8.713280e+00 7.308731e-01 -1.428370e-05
3.050000e+00 9.400000e-01 9.754618e-01 8.713296e+00 7.308612e-01 -1.024279e-05
3.100000e+00 9.400000e-01 9.754623e-01 8.713287e+00 7.308525e-01 -7.269725e-06
3.150000e+00 9.400000e-01 9.754626e-01 8.713267e+00 7.308462e-01 -5.114260e-06
3.200000e+00 9.400000e-01 9.754628e-01 8.713246e+00 7.308417e-01 -3.569758e-06
3.250000e+00 9.400000e-01 9.754629e-01 8.713225e+00 7.308385e-01 -2.473748e-06
3.300000e+00 9.400000e-01 9.754630e-01 8.713208e+00 7.308363e-01 -1.702478e-06
3.350000e+00 9.400000e-01 9.754631e-01 8.713193e+00 7.308347e-01 -1.163763e-06
3.400000e+00 9.400000e-01 9.754631e-01 8.713182e+00 7.308336e-01 -7.900521e-07
3.450000e+00 9.400000e-01 9.754632e-01 8.713173e+00 7.308329e-01 -5.324819e-07
3.500000e+00 9.400000e-01 9.754632e-01 8.713166e+00 7.308324e-01 -3.560752e-07
3.550000e+00 9.400000e-01 9.754632e-01 8.713161e+00 7.308320e-01 -2.360171e-07
3.600000e+00 9.400000e-01 9.754632e-01 8.713157e+00 7.308318e-01 -1.548385e-07
3.650000e+00 9.400000e-01 9.754632e-01 8.713154e+00 7.308316e-01 -1.003267e-07
3.700000e+00 9.400000e-01 9.754632e-01 8.713152e+00 7.308315e-01 -6.399824e-08
3.750000e+00 9.400000e-01 9.754632e-01 8.713151e+00 7.308314e-01 -3.999530e-08
3.800000e+00 9.400000e-01 9.754632e-01 8.713150e+00 7.308314e-01 -2.429584e-08
3.850000e+00 9.400000e-01 9.754632e-01 8.713149e+00 7.308314e-01 -1.415362e-08
3.900000e+00 9.400000e-01 9.754632e-01 8.713149e+00 7.308313e-01 -7.703733e-09
3.950000e+00 9.400000e-01 9.754632e-01 8.713148e+00 7.308313e-01 -3.686815e-09
4.000000e+00 9.400000e-01 9.754632e-01 8.713148e+00 7.308313e-01 -1.257333e-09
4.050000e+00 9.400000e-01 9.754632e-01 8.713148e+00 7.308313e-01 1.489231e-10
4.100000e+00 9.400000e-01 9.754632e-01 8.713148e+00 7.308313e-01 9.058576e-10
4.150000e+00 9.400000e-01 9.754632e-01 8.713147e+00 7.308313e-01 1.259312e-09
4.200000e+00 9.400000e-01 9.754632e-01 8.713147e+00 7.308313e-01 1.369413e-09
4.250000e+00 9.400000e-01 9.754632e-01 8.713147e+00 7.308313e-01 1.339251e-09
4.300000e+00 9.400000e-01 9.754632e-01 8.713147e+00 7.308313e-01 1.234195e-09
4.350000e+00 9.400000e-01 9.754632e-01 8.713147e+00 7.308313e-01 1.094843e-09
4.400000e+00 9.400000e-01 9.754632e-01 8.713147e+00 7.308313e-01 9.456702e-10
4.450000e+00 9.400000e-01 9.754632e-01 8.713147e+00 7.308313e-01 8.007706e-10
4.500000e+00 9.400000e-01 9.754632e-01 8.713147e+00 7.308313e-01 6.676504e-10
4.550000e+00 9.400000e-01 9.754632e-01 8.713147e+00 7.308313e-01 5.497169e-10
4.600000e+00 9.400000e-01 9.754632e-01 8.713147e+00 7.308313e-01 4.478951e-10
4.650000e+00 9.400000e-01 9.754632e-01 8.713147e+00 7.308313e-01 3.616696e-10
4.700000e+00 9.400000e-01 9.754632e-01 8.713147e+00 7.308313e-01 2.897627e-10
4.750000e+00 9.400000e-01 9.754632e-01 8.713147e+00 7.308313e-01 2.305445e-10
4.800000e+00 9.400000e-01 9.754632e-01 8.713147e+00 7.308313e-01 1.822753e-10
4.850000e+00 9.400000e-01 9.754632e-01 8.713147e+00 7.308313e-01 1.432698e-10
4.900000e+00 9.400000e-01 9.754632e-01 8.713147e+00 7.308313e-01 1.119838e-10
4.950000e+00 9.400000e-01 9.754632e-01 8.713147e+00 7.308313e-01 8.702705e-11
5.000000e+00 9.400000e-01 9.754632e-01 8.713147e+00 7.308313e-01 6.719958e-11
5.050000e+00 9.400000e-01 9.754632e-01 8.713147e+00 7.308313e-01 5.147105e-11
5.100000e+00 9.400000e-01 9.754632e-01 8.713147e+00 7.308313e-01 3.896772e-11
5.150000e+00 9.400000e-01 9.754632e-01 8.713147e+00 7.308313e-01 2.897016e-11
5.200000e+00 9.400000e-01 9.754632e-01 8.713147e+00 7.308313e-01 2.086664e-11
5.250000e+00 9.400000e-01 9.754632e-01 8.713147e+00 7.308313e-01 1.414979e-11
5.300000e+00 9.400000e-01 9.754632e-01 8.713147e+00 7.308313e-01 8.402168e-12
5.350000e+00 9.400000e-01 9.754632e-01 8.713147e+00 7.308313e-01 3.257394e-12
5.400000e+00 9.400000e-01 9.754632e-01 8.713147e+00 7.308313e-01 -1.609823e-12
5.450000e+00 9.400000e-01 9.754632e-01 8.713147e+00 7.308313e-01 -6.498135e-12
5.500000e+00 9.400000e-01 9.754632e-01 8.713147e+00 7.308313e-01 -1.170619e-11
5.550000e+00 9.400000e-01 9.754632e-01 8.713147e+00 7.308313e-01 -1.753930e-11
5.600000e+00 9.400000e-01 9.754632e-01 8.713147e+00 7.308313e-01 -2.435718e-11
5.650000e+00 9.400000e-01 9.754632e-01 8.713147e+00 7.308313e-01 -3.256506e-11
5.700000e+00 9.400000e-01 9.754632e-01 8.713147e+00 7.308313e-01 -4.265144e-11
5.750000e+00 9.400000e-01 9.754632e-01 8.713147e+00 7.308313e-01 -5.524359e-11
5.800000e+00 9.400000e-01 9.754632e-01 8.713147e+00 7.308313e-01 -7.111867e-11
5.850000e+00 9.400000e-01 9.754632e-01 8.713147e+00 7.308313e-01 -9.127255e-11
5.900000e+00 9.400000e-01 9.754632e-01 8.713147e+00 7.308313e-01 -1.170020e-10
5.950000e+00 9.400000e-01 9.754632e-01 8.713147e+00 7.308313e-01 -1.499678e-10
6.000000e+00 9.400000e-01 9.754632e-01 8.713147e+00 7.308313e-01 -1.923028e-10
6.050000e+00 9.400000e-01 9.754632e-01 8.713147e+00 7.308313e-01 -2.467881e-10
6.100000e+00 9.400000e-01 9.754632e-01 8.713147e+00 7.308313e-01 -3.170331e-10
6.150000e+00 9.400000e-01 9.754632e-01 8.713147e+00 7.308313e-01 -4.077039e-10
6.200000e+00 9.400000e-01 9.754632e-01 8.713147e+00 7.308313e-01 -5.248635e-10
6.250000e+00 9.400000e-01 9.754632e-01 8.713147e+00 7.308313e-01 -6.763834e-10
6.300000e+00 9.400000e-01 9.754632e-01 8.713147e+00 7.308313e-01 -8.724599e-10
6.350000e+00 9.400000e-01 9.754632e-01 8.713147e+00 7.308313e-01 -1.126342e-09
6.400000e+00 9.400000e-01 9.754632e-01 8.713147e+00 7.308313e-01 -1.455236e-09
6.450000e+00 9.400000e-01 9.754632e-01 8.713147e+00 7.308313e-01 -1.881461e-09
6.500000e+00 9.400000e-01 9.754632e-01 8.713147e+00 7.308313e-01 -2.434010e-09
6.550000e+00 9.400000e-01 9.754632e-01 8.713147e+00 7.308313e-01 -3.150503e-09
6.600000e+00 9.400000e-01 9.754632e-01 8.713147e+00 7.308313e-01 -4.079777e-09
6.650000e+00 9.400000e-01 9.754632e-01 8.713147e+00 7.308313e-01 -5.285234e-09
6.700000e+00 9.400000e-01 9.754632e-01 8.713147e+00 7.308313e-01 -6.849157e-09
6.750000e+00 9.400000e-01 9.754632e-01 8.713147e+00 7.308313e-01 -8.878346e-09
6.800000e+00 9.400000e-01 9.754632e-01 8.713148e+00 7.308313e-01 -1.151140e-08
6.850000e+00 9.400000e-01 9.754632e-01 8.713148e+00 7.308313e-01 -1.492818e-08
6.900000e+00 9.400000e-01 9.754632e-01 8.713148e+00 7.308313e-01 -1.936205e-08
6.950000e+00 9.400000e-01 9.754632e-01 8.713148e+00 7.308313e-01 -2.511577e-08
7.000000e+00 9.400000e-01 9.754632e-01 8.713148e+00 7.308312e-01 -3.258207e-08
7.050000e+00 9.400000e-01 9.754632e-01 8.713148e+00 7.308312e-01 -4.227038e-08
7.100000e+00 9.400000e-01 9.754632e-01 8.713148e+00 7.308311e-01 -5.484141e-08
7.150000e+00 9.400000e-01 9.754632e-01 8.713149e+00 7.308311e-01 -7.115167e-08
7.200000e+00 9.400000e-01 9.754632e-01 8.713149e+00 7.308310e-01 -9.231260e-08
7.250000e+00 9.400000e-01 9.754633e-01 8.713150e+00 7.308309e-01 -1.197618e-07
7.300000e+00 9.400000e-01 9.754633e-01 8.713151e+00 7.308308e-01 -1.553737e-07
7.350000e+00 9.400000e-01 9.754633e-01 8.713151e+00 7.308306e-01 -2.015408e-07
7.400000e+00 9.400000e-01 9.754633e-01 8.713153e+00 7.308304e-01 -2.614817e-07
7.450000e+00 9.400000e-01 9.754633e-01 8.713154e+00 7.308302e-01 -3.389982e-07
7.500000e+00 9.400000e-01 9.754633e-01 8.713157e+00 7.308298e-01 -4.401229e-07
7.550000e+00 9.400000e-01 9.754633e-01 8.713159e+00 7.308294e-01 -5.694447e-07
7.600000e+00 9.400000e-01 9.754634e-01 8.713163e+00 7.308288e-01 -7.419797e-07
7.650000e+00 9.400000e-01 9.754634e-01 8.713168e+00 7.308280e-01 -9.525192e-07
7.700000e+00 9.400000e-01 9.754635e-01 8.713173e+00 7.308271e-01 -1.258914e-06
7.750000e+00 9.400000e-01 9.754635e-01 8.713182e+00 7.308257e-01 -1.573024e-06
7.800000e+00 9.400000e-01 9.754636e-01 8.713191e+00 7.308243e-01 -2.176491e-06
7.850000e+00 9.400000e-01 9.754638e-01 8.713207e+00 7.308215e-01 -2.511437e-06
7.900000e+00 9.400000e-01 9.754639e-01 8.713216e+00 7.308203e-01 -3.916512e-06
7.950000e+00 9.400000e-01 9.754641e-01 8.713258e+00 7.308132e-01 -3.721022e-06
8.000000e+00 9.400000e-01 9.754642e-01 8.713240e+00 7.308156e-01 -7.445143e-06
8.050000e+00 9.400000e-01 9.754649e-01 8.713385e+00 7.307958e-01 -4.822558e-06
8.100000e+00 9.400000e-01 9.754647e-01 8.713204e+00 7.308134e-01 -1.458273e-05
8.150000e+00 9.400000e-01 9.754664e-01 8.713732e+00 7.307586e-01 -5.376016e-06
8.200000e+00 9.400000e-01 9.754653e-01 8.712922e+00 7.308192e-01 -2.729027e-05
8.250000e+00 9.400000e-01 9.754691e-01 8.714639e+00 7.306878e-01 -7.181021e-06
8.300000e+00 9.400000e-01 9.754660e-01 8.712048e+00 7.308312e-01 -4.456238e-05
8.350000e+00 9.400000e-01 9.754735e-01 8.716541e+00 7.305809e-01 -1.862730e-05
8.400000e+00 9.400000e-01 9.754678e-01 8.710444e+00 7.308168e-01 -6.047901e-05
8.450000e+00 9.400000e-01 9.754796e-01 8.719284e+00 7.304632e-01 -5.280565e-05
8.500000e+00 9.400000e-01 9.754731e-01 8.709185e+00 7.307105e-01 -7.558533e-05
8.550000e+00 9.400000e-01 9.754871e-01 8.721221e+00 7.303487e-01 -1.103336e-04
8.600000e+00 9.400000e-01 9.754842e-01 8.710776e+00 7.304822e-01 -1.167546e-04
8.650000e+00 9.400000e-01 9.754988e-01 8.720593e+00 7.301457e-01 -1.764352e-04
8.700000e+00 9.400000e-01 9.755018e-01 8.716038e+00 7.301773e-01 -2.163892e-04
8.750000e+00 9.400000e-01 9.755205e-01 8.719674e+00 7.297016e-01 -2.733378e-04
8.800000e+00 9.400000e-01 9.755291e-01 8.721533e+00 7.297306e-01 -3.666245e-04
8.850000e+00 9.400000e-01 9.755571e-01 8.723308e+00 7.289943e-01 -4.702114e-04
8.900000e+00 9.400000e-01 9.755762e-01 8.726437e+00 7.288643e-01 -5.903031e-04
8.950000e+00 9.400000e-01 9.756162e-01 8.730300e+00 7.279296e-01 -7.881905e-04
9.000000e+00 9.400000e-01 9.756550e-01 8.737042e+00 7.274069e-01 -1.001862e-03
9.050000e+00 9.400000e-01 9.757163e-01 8.739066e+00 7.260490e-01 -1.284290e-03
9.100000e+00 9.400000e-01 9.757834e-01 8.754436e+00 7.250846e-01 -1.668959e-03
9.150000e+00 9.400000e-01 9.758832e-01 8.757449e+00 7.229303e-01 -2.151749e-03
9.200000e+00 9.400000e-01 9.759986e-01 8.779019e+00 7.210793e-01 -2.742743e-03
9.250000e+00 9.400000e-01 9.761575e-01 8.788195e+00 7.178399e-01 -3.547686e-03
9.300000e+00 9.400000e-01 9.763534e-01 8.822020e+00 7.144587e-01 -4.544509e-03
9.350000e+00 9.400000e-01 9.766120e-01 8.836105e+00 7.092561e-01 -5.818377e-03
9.400000e+00 9.400000e-01 9.769352e-01 8.889298e+00 7.034768e-01 -7.410328e-03
9.450000e+00 9.400000e-01 9.773530e-01 8.915339e+00 6.951122e-01 -9.462309e-03
9.500000e+00 9.400000e-01 9.778814e-01 8.992693e+00 6.852263e-01 -1.195957e-02
9.550000e+00 9.400000e-01 9.785489e-01 9.033847e+00 6.716820e-01 -1.507116e-02
9.600000e+00 9.400000e-01 9.793885e-01 9.143498e+00 6.552424e-01 -1.877967e-02
9.650000e+00 9.400000e-01 9.804269e-01 9.195908e+00 6.333564e-01 -2.320029e-02
9.700000e+00 9.400000e-01 9.817086e-01 9.330121e+00 6.065460e-01 -2.807491e-02
9.750000e+00 9.400000e-01 9.832344e-01 9.357699e+00 5.719648e-01 -3.318460e-02
9.800000e+00 9.400000e-01 9.850270e-01 9.462543e+00 5.304264e-01 -3.745461e-02
9.850000e+00 9.400000e-01 9.869799e-01 9.330211e+00 4.797060e-01 -3.907433e-02
9.900000e+00 9.400000e-01 9.889345e-01 9.253360e+00 4.243482e-01 -3.260937e-02
9.950000e+00 9.400000e-01 9.902408e-01 8.706706e+00 3.695885e-01 -3.215413e-03
1.000000e+01 9.400000e-01 9.892560e-01 8.747114e+00 0.000000e+00 0.000000e+00
0.000000e+00 9.600000e-01 9.949440e-01 5.520000e+00 0.000000e+00 0.000000e+00
5.000000e-02 9.600000e-01 9.949339e-01 5.511271e+00 2.291396e-01 1.506224e-04
1.000000e-01 9.600000e-01 9.949289e-01 5.507091e+00 2.291939e-01 7.188261e-05
1.500000e-01 9.600000e-01 9.949267e-01 5.506589e+00 2.292614e-01 3.039713e-05
2.000000e-01 9.600000e-01 9.949259e-01 5.507823e+00 2.293155e-01 1.207620e-05
2.500000e-01 9.600000e-01 9.949255e-01 5.509610e+00 2.293601e-01 7.612960e-06
3.000000e-01 9.600000e-01 9.949251e-01 5.511811e+00 2.294107e-01 2.807029e-06
3.500000e-01 9.600000e-01 9.949253e-01 5.515298e+00 2.294573e-01 -2.913720e-05
4.000000e-01 9.600000e-01 9.949281e-01 5.521439e+00 2.294438e-01 -1.062921e-04
4.500000e-01 9.600000e-01 9.949359e-01 5.531458e+00 2.293097e-01 -2.131567e-04
5.000000e-01 9.600000e-01 9.949494e-01 5.546138e+00 2.290587e-01 -3.085507e-04
5.500000e-01 9.600000e-01 9.949667e-01 5.565957e+00 2.287747e-01 -3.552257e-04
6.000000e-01 9.600000e-01 9.949849e-01 5.591395e+00 2.285883e-01 -3.300623e-04
6.500000e-01 9.600000e-01 9.949998e-01 5.623091e+00 2.286577e-01 -2.117983e-04
7.000000e-01 9.600000e-01 9.950061e-01 5.661776e+00 2.291751e-01 1.791253e-05
7.500000e-01 9.600000e-01 9.949980e-01 5.708105e+00 2.303434e-01 3.529177e-04
8.000000e-01 9.600000e-01 9.949708e-01 5.762543e+00 2.323126e-01 7.569097e-04
8.500000e-01 9.600000e-01 9.949223e-01 5.825324e+00 2.351463e-01 1.190086e-03
9.000000e-01 9.600000e-01 9.948518e-01 5.896465e+00 2.388545e-01 1.633934e-03
9.500000e-01 9.600000e-01 9.947589e-01 5.975819e+00 2.434406e-01 2.083557e-03
1.000000e+00 9.600000e-01 9.946434e-01 6.063162e+00 2.489012e-01 2.527282e-03
1.050000e+00 9.600000e-01 9.945061e-01 6.158273e+00 2.552029e-01 2.947903e-03
1.100000e+00 9.600000e-01 9.943486e-01 6.260985e+00 2.622894e-01 3.340175e-03
1.150000e+00 9.600000e-01 9.941721e-01 6.371213e+00 2.701176e-01 3.713337e-03
1.200000e+00 9.600000e-01 9.939773e-01 6.489008e+00 2.786696e-01 4.074080e-03
1.250000e+00 9.600000e-01 9.937647e-01 6.614627e+00 2.879295e-01 4.416620e-03
1.300000e+00 9.600000e-01 9.935356e-01 6.748638e+00 2.978659e-01 4.732856e-03
1.350000e+00 9.600000e-01 9.932914e-01 6.892062e+00 3.084465e-01 5.023956e-03
1.400000e+00 9.600000e-01 9.930332e-01 7.046498e+00 3.196582e-01 5.295783e-03
1.450000e+00 9.600000e-01 9.927619e-01 7.214157e+00 3.315003e-01 5.548037e-03
1.500000e+00 9.600000e-01 9.924784e-01 7.397702e+00 3.439636e-01 5.774673e-03
1.550000e+00 9.600000e-01 9.921844e-01 7.599957e+00 3.570242e-01 5.972391e-03
1.600000e+00 9.600000e-01 9.918812e-01 7.823521e+00 3.706504e-01 6.141213e-03
1.650000e+00 9.600000e-01 9.915703e-01 8.070305e+00 3.847954e-01 6.275836e-03
1.700000e+00 9.600000e-01 9.912536e-01 8.340978e+00 3.993729e-01 6.362944e-03
1.750000e+00 9.600000e-01 9.909340e-01 8.634386e+00 4.142416e-01 6.391280e-03
1.800000e+00 9.600000e-01 9.906145e-01 8.947063e+00 4.292164e-01 6.360814e-03
1.850000e+00 9.600000e-01 9.902979e-01 9.272894e+00 4.440885e-01 6.275265e-03
1.900000e+00 9.600000e-01 9.899870e-01 9.602992e+00 4.586192e-01 6.122713e-03
1.950000e+00 9.600000e-01 9.896856e-01 9.926017e+00 4.725115e-01 5.866140e-03
2.000000e+00 9.600000e-01 9.894003e-01 1.022928e+01 4.853971e-01 5.458701e-03
2.050000e+00 9.600000e-01 9.891398e-01 1.050072e+01 4.968767e-01 4.875264e-03
2.100000e+00 9.600000e-01 9.889128e-01 1.073132e+01 5.066108e-01 4.136728e-03
2.150000e+00 9.600000e-01 9.887261e-01 1.091683e+01 5.144127e-01 3.309780e-03
2.200000e+00 9.600000e-01 9.885818e-01 1.105815e+01 5.202963e-01 2.483757e-03
2.250000e+00 9.600000e-01 9.884777e-01 1.116029e+01 5.244573e-01 1.740308e-03
2.300000e+00 9.600000e-01 9.884078e-01 1.123055e+01 5.272078e-01 1.131927e-03
2.350000e+00 9.600000e-01 9.883645e-01 1.127669e+01 5.288970e-01 6.760747e-04
2.400000e+00 9.600000e-01 9.883402e-01 1.130569e+01 5.298489e-01 3.619921e-04
2.450000e+00 9.600000e-01 9.883283e-01 1.132317e+01 5.303262e-01 1.629891e-04
2.500000e+00 9.600000e-01 9.883239e-01 1.133326e+01 5.305214e-01 4.788446e-05
2.550000e+00 9.600000e-01 9.883235e-01 1.133882e+01 5.305632e-01 -1.149067e-05
2.600000e+00 9.600000e-01 9.883250e-01 1.134171e+01 5.305313e-01 -3.696752e-05
2.650000e+00 9.600000e-01 9.883272e-01 1.134309e+01 5.304711e-01 -4.366932e-05
2.700000e+00 9.600000e-01 9.883294e-01 1.134365e+01 5.304064e-01 -4.114130e-05
2.750000e+00 9.600000e-01 9.883313e-01 1.134380e+01 5.303478e-01 -3.490786e-05
2.800000e+00 9.600000e-01 9.883329e-01 1.134374e+01 5.302992e-01 -2.788086e-05
2.850000e+00 9.600000e-01 9.883341e-01 1.134361e+01 5.302608e-01 -2.141469e-05
2.900000e+00 9.600000e-01 9.883350e-01 1.134347e+01 5.302316e-01 -1.600823e-05
2.950000e+00 9.600000e-01 9.883357e-01 1.134333e+01 5.302099e-01 -1.173198e-05
3.000000e+00 9.600000e-01 9.883362e-01 1.134321e+01 5.301940e-01 -8.468824e-06
3.050000e+00 9.600000e-01 9.883366e-01 1.134312e+01 5.301825e-01 -6.039951e-06
3.100000e+00 9.600000e-01 9.883368e-01 1.134304e+01 5.301743e-01 -4.264728e-06
3.150000e+00 9.600000e-01 9.883370e-01 1.134298e+01 5.301685e-01 -2.985306e-06
3.200000e+00 9.600000e-01 9.883371e-01 1.134294e+01 5.301644e-01 -2.073532e-06
3.250000e+00 9.600000e-01 9.883372e-01 1.134291e+01 5.301616e-01 -1.429850e-06
3.300000e+00 9.600000e-01 9.883373e-01 1.134289e+01 5.301597e-01 -9.791346e-07
3.350000e+00 9.600000e-01 9.883373e-01 1.134287e+01 5.301583e-01 -6.658514e-07
3.400000e+00 9.600000e-01 9.883373e-01 1.134286e+01 5.301574e-01 -4.495790e-07
3.450000e+00 9.600000e-01 9.883373e-01 1.134285e+01 5.301568e-01 -3.012521e-07
3.500000e+00 9.600000e-01 9.883374e-01 1.134284e+01 5.301564e-01 -2.001792e-07
3.550000e+00 9.600000e-01 9.883374e-01 1.134284e+01 5.301561e-01 -1.317557e-07
3.600000e+00 9.600000e-01 9.883374e-01 1.134284e+01 5.301559e-01 -8.575099e-08
3.650000e+00 9.600000e-01 9.883374e-01 1.134283e+01 5.301558e-01 -5.504671e-08
3.700000e+00 9.600000e-01 9.883374e-01 1.134283e+01 5.301557e-01 -3.472157e-08
3.750000e+00 9.600000e-01 9.883374e-01 1.134283e+01 5.301556e-01 -2.139347e-08
3.800000e+00 9.600000e-01 9.883374e-01 1.134283e+01 5.301556e-01 -1.275149e-08
3.850000e+00 9.600000e-01 9.883374e-01 1.134283e+01 5.301556e-01 -7.225656e-09
3.900000e+00 9.600000e-01 9.883374e-01 1.134283e+01 5.301556e-01 -3.755464e-09
3.950000e+00 9.600000e-01 9.883374e-01 1.134283e+01 5.301556e-01 -1.628804e-09
4.000000e+00 9.600000e-01 9.883374e-01 1.134283e+01 5.301556e-01 -3.705014e-10
4.050000e+00 9.600000e-01 9.883374e-01 1.134283e+01 5.301556e-01 3.343670e-10
4.100000e+00 9.600000e-01 9.883374e-01 1.134283e+01 5.301556e-01 6.929202e-10
4.150000e+00 9.600000e-01 9.883374e-01 1.134283e+01 5.301556e-01 8.401480e-10
4.200000e+00 9.600000e-01 9.883374e-01 1.134283e+01 5.301556e-01 8.630807e-10
4.250000e+00 9.600000e-01 9.883374e-01 1.134283e+01 5.301556e-01 8.170542e-10
4.300000e+00 9.600000e-01 9.883374e-01 1.134283e+01 5.301556e-01 7.366208e-10
4.350000e+00 9.600000e-01 9.883374e-01 1.134283e+01 5.301556e-01 6.428102e-10
4.400000e+00 9.600000e-01 9.883374e-01 1.134283e+01 5.301556e-01 5.479428e-10
4.450000e+00 9.600000e-01 9.883374e-01 1.134283e+01 5.301556e-01 4.588196e-10
4.500000e+00 9.600000e-01 9.883374e-01 1.134283e+01 5.301556e-01 3.787803e-10
4.550000e+00 9.600000e-01 9.883374e-01 1.134283e+01 5.301556e-01 3.090672e-10
4.600000e+00 9.600000e-01 9.883374e-01 1.134283e+01 5.301556e-01 2.496969e-10
4.650000e+00 9.600000e-01 9.883374e-01 1.134283e+01 5.301556e-01 1.999967e-10
4.700000e+00 9.600000e-01 9.883374e-01 1.134283e+01 5.301556e-01 1.589617e-10
4.750000e+00 9.600000e-01 9.883374e-01 1.134283e+01 5.301556e-01 1.254774e-10
4.800000e+00 9.600000e-01 9.883374e-01 1.134283e+01 5.301556e-01 9.841350e-11
4.850000e+00 9.600000e-01 9.883374e-01 1.134283e+01 5.301556e-01 7.671308e-11
4.900000e+00 9.600000e-01 9.883374e-01 1.134283e+01 5.301556e-01 5.943912e-11
4.950000e+00 9.600000e-01 9.883374e-01 1.134283e+01 5.301556e-01 4.575673e-11
5.000000e+00 9.600000e-01 9.883374e-01 1.134283e+01 5.301556e-01 3.496092e-11
5.050000e+00 9.600000e-01 9.883374e-01 1.134283e+01 5.301556e-01 2.645106e-11
5.100000e+00 9.600000e-01 9.883374e-01 1.134283e+01 5.301556e-01 1.972311e-11
5.150000e+00 9.600000e-01 9.883374e-01 1.134283e+01 5.301556e-01 1.436407e-11
5.200000e+00 9.600000e-01 9.883374e-01 1.134283e+01 5.301556e-01 1.002864e-11
5.250000e+00 9.600000e-01 9.883374e-01 1.134283e+01 5.301556e-01 6.429302e-12
5.300000e+00 9.600000e-01 9.883374e-01 1.134283e+01 5.301556e-01 3.328449e-12
5.350000e+00 9.600000e-01 9.883374e-01 1.134283e+01 5.301556e-01 5.229150e-13
5.400000e+00 9.600000e-01 9.883374e-01 1.134283e+01 5.301556e-01 -2.174927e-12
5.450000e+00 9.600000e-01 9.883374e-01 1.134283e+01 5.301556e-01 -4.933831e-12
5.500000e+00 9.600000e-01 9.883374e-01 1.134283e+01 5.301556e-01 -7.924772e-12
5.550000e+00 9.600000e-01 9.883374e-01 1.134283e+01 5.301556e-01 -1.132872e-11
5.600000e+00 9.600000e-01 9.883374e-01 1.134283e+01 5.301556e-01 -1.535883e-11
5.650000e+00 9.600000e-01 9.883374e-01 1.134283e+01 5.301556e-01 -2.026046e-11
5.700000e+00 9.600000e-01 9.883374e-01 1.134283e+01 5.301556e-01 -2.632561e-11
5.750000e+00 9.600000e-01 9.883374e-01 1.134283e+01 5.301556e-01 -3.393064e-11
5.800000e+00 9.600000e-01 9.883374e-01 1.134283e+01 5.301556e-01 -4.355183e-11
5.850000e+00 9.600000e-01 9.883374e-01 1.134283e+01 5.301556e-01 -5.580092e-11
5.900000e+00 9.600000e-01 9.883374e-01 1.134283e+01 5.301556e-01 -7.146506e-11
5.950000e+00 9.600000e-01 9.883374e-01 1.134283e+01 5.301556e-01 -9.155676e-11
6.000000e+00 9.600000e-01 9.883374e-01 1.134283e+01 5.301556e-01 -1.173772e-10
6.050000e+00 9.600000e-01 9.883374e-01 1.134283e+01 5.301556e-01 -1.506306e-10
6.100000e+00 9.600000e-01 9.883374e-01 1.134283e+01 5.301556e-01 -1.935219e-10
6.150000e+00 9.600000e-01 9.883374e-01 1.134283e+01 5.301556e-01 -2.488965e-10
6.200000e+00 9.600000e-01 9.883374e-01 1.134283e+01 5.301556e-01 -3.204637e-10
6.250000e+00 9.600000e-01 9.883374e-01 1.134283e+01 5.301556e-01 -4.130341e-10
6.300000e+00 9.600000e-01 9.883374e-01 1.134283e+01 5.301556e-01 -5.328304e-10
6.350000e+00 9.600000e-01 9.883374e-01 1.134283e+01 5.301556e-01 -6.879430e-10
6.400000e+00 9.600000e-01 9.883374e-01 1.134283e+01 5.301556e-01 -8.888812e-10
6.450000e+00 9.600000e-01 9.883374e-01 1.134283e+01 5.301556e-01 -1.149266e-09
6.500000e+00 9.600000e-01 9.883374e-01 1.134283e+01 5.301556e-01 -1.486802e-09
6.550000e+00 9.600000e-01 9.883374e-01 1.134283e+01 5.301556e-01 -1.924439e-09
6.600000e+00 9.600000e-01 9.883374e-01 1.134283e+01 5.301556e-01 -2.491969e-09
6.650000e+00 9.600000e-01 9.883374e-01 1.134283e+01 5.301556e-01 -3.228070e-09
6.700000e+00 9.600000e-01 9.883374e-01 1.134283e+01 5.301556e-01 -4.182918e-09
6.750000e+00 9.600000e-01 9.883374e-01 1.134283e+01 5.301556e-01 -5.421623e-09
6.800000e+00 9.600000e-01 9.883374e-01 1.134283e+01 5.301555e-01 -7.028670e-09
6.850000e+00 9.600000e-01 9.883374e-01 1.134283e+01 5.301555e-01 -9.113660e-09
6.900000e+00 9.600000e-01 9.883374e-01 1.134283e+01 5.301555e-01 -1.181876e-08
6.950000e+00 9.600000e-01 9.883374e-01 1.134283e+01 5.301555e-01 -1.532838e-08
7.000000e+00 9.600000e-01 9.883374e-01 1.134283e+01 5.301555e-01 -1.988167e-08
7.050000e+00 9.600000e-01 9.883374e-01 1.134283e+01 5.301554e-01 -2.578875e-08
7.100000e+00 9.600000e-01 9.883374e-01 1.134283e+01 5.301554e-01 -3.345171e-08
7.150000e+00 9.600000e-01 9.883374e-01 1.134283e+01 5.301553e-01 -4.339176e-08
7.200000e+00 9.600000e-01 9.883374e-01 1.134283e+01 5.301553e-01 -5.628480e-08
7.250000e+00 9.600000e-01 9.883374e-01 1.134283e+01 5.301552e-01 -7.300563e-08
7.300000e+00 9.600000e-01 9.883374e-01 1.134283e+01 5.301550e-01 -9.469204e-08
7.350000e+00 9.600000e-01 9.883374e-01 1.134283e+01 5.301549e-01 -1.228042e-07
7.400000e+00 9.600000e-01 9.883374e-01 1.134283e+01 5.301546e-01 -1.592788e-07
7.450000e+00 9.600000e-01 9.883374e-01 1.134283e+01 5.301543e-01 -2.064833e-07
7.500000e+00 9.600000e-01 9.883374e-01 1.134283e+01 5.301540e-01 -2.679106e-07
7.550000e+00 9.600000e-01 9.883374e-01 1.134283e+01 5.301535e-01 -3.468328e-07
7.600000e+00 9.600000e-01 9.883375e-01 1.134282e+01 5.301529e-01 -4.510290e-07
7.650000e+00 9.600000e-01 9.883375e-01 1.134282e+01 5.301521e-01 -5.808775e-07
7.700000e+00 9.600000e-01 9.883375e-01 1.134282e+01 5.301510e-01 -7.624363e-07
7.750000e+00 9.600000e-01 9.883376e-01 1.134282e+01 5.301496e-01 -9.644446e-07
7.800000e+00 9.600000e-01 9.883376e-01 1.134282e+01 5.301480e-01 -1.305319e-06
7.850000e+00 9.600000e-01 9.883377e-01 1.134281e+01 5.301454e-01 -1.565240e-06
7.900000e+00 9.600000e-01 9.883378e-01 1.134281e+01 5.301431e-01 -2.299527e-06
7.950000e+00 9.600000e-01 9.883379e-01 1.134280e+01 5.301377e-01 -2.418082e-06
8.000000e+00 9.600000e-01 9.883380e-01 1.134279e+01 5.301361e-01 -4.228408e-06
8.050000e+00 9.600000e-01 9.883384e-01 1.134277e+01 5.301229e-01 -3.440819e-06
8.100000e+00 9.600000e-01 9.883384e-01 1.134277e+01 5.301273e-01 -8.011728e-06
8.150000e+00 9.600000e-01 9.883392e-01 1.134274e+01 5.300936e-01 -4.537410e-06
8.200000e+00 9.600000e-01 9.883388e-01 1.134269e+01 5.301183e-01 -1.478001e-05
8.250000e+00 9.600000e-01 9.883406e-01 1.134275e+01 5.300384e-01 -6.578767e-06
8.300000e+00 9.600000e-01 9.883395e-01 1.134245e+01 5.301071e-01 -2.458927e-05
8.350000e+00 9.600000e-01 9.883431e-01 1.134294e+01 5.299485e-01 -1.345147e-05
8.400000e+00 9.600000e-01 9.883408e-01 1.134183e+01 5.300738e-01 -3.537062e-05
8.450000e+00 9.600000e-01 9.883466e-01 1.134343e+01 5.298285e-01 -3.183942e-05
8.500000e+00 9.600000e-01 9.883440e-01 1.134078e+01 5.299717e-01 -4.742790e-05
8.550000e+00 9.600000e-01 9.883514e-01 1.134389e+01 5.296823e-01 -6.426581e-05
8.600000e+00 9.600000e-01 9.883504e-01 1.133990e+01 5.297541e-01 -7.269511e-05
8.650000e+00 9.600000e-01 9.883586e-01 1.134324e+01 5.294571e-01 -1.066271e-04
8.700000e+00 9.600000e-01 9.883611e-01 1.134009e+01 5.294091e-01 -1.283625e-04
8.750000e+00 9.600000e-01 9.883715e-01 1.134080e+01 5.290330e-01 -1.693980e-04
8.800000e+00 9.600000e-01 9.883780e-01 1.134071e+01 5.288796e-01 -2.176734e-04
8.850000e+00 9.600000e-01 9.883932e-01 1.133772e+01 5.283121e-01 -2.855600e-04
8.900000e+00 9.600000e-01 9.884066e-01 1.133965e+01 5.279640e-01 -3.567505e-04
8.950000e+00 9.600000e-01 9.884289e-01 1.133460e+01 5.271572e-01 -4.746674e-04
9.000000e+00 9.600000e-01 9.884541e-01 1.133667e+01 5.264219e-01 -6.024450e-04
9.050000e+00 9.600000e-01 9.884892e-01 1.132912e+01 5.251952e-01 -7.762651e-04
9.100000e+00 9.600000e-01 9.885317e-01 1.133185e+01 5.239088e-01 -1.000991e-03
9.150000e+00 9.600000e-01 9.885893e-01 1.132002e+01 5.219193e-01 -1.292437e-03
9.200000e+00 9.600000e-01 9.886609e-01 1.132172e+01 5.196867e-01 -1.645247e-03
9.250000e+00 9.600000e-01 9.887538e-01 1.130521e+01 5.165287e-01 -2.122118e-03
9.300000e+00 9.600000e-01 9.888731e-01 1.130286e+01 5.127016e-01 -2.709194e-03
9.350000e+00 9.600000e-01 9.890247e-01 1.127727e+01 5.075624e-01 -3.460656e-03
9.400000e+00 9.600000e-01 9.892192e-01 1.126716e+01 5.011969e-01 -4.385279e-03
9.450000e+00 9.600000e-01 9.894632e-01 1.122432e+01 4.928592e-01 -5.568472e-03
9.500000e+00 9.600000e-01 9.897760e-01 1.119494e+01 4.823508e-01 -6.985191e-03
9.550000e+00 9.600000e-01 9.901618e-01 1.111749e+01 4.689206e-01 -8.722221e-03
9.600000e+00 9.600000e-01 9.906483e-01 1.104387e+01 4.520006e-01 -1.073024e-02
9.650000e+00 9.600000e-01 9.912348e-01 1.089109e+01 4.308056e-01 -1.304715e-02
9.700000e+00 9.600000e-01 9.919530e-01 1.071573e+01 4.044738e-01 -1.544899e-02
9.750000e+00 9.600000e-01 9.927797e-01 1.040024e+01 3.726158e-01 -1.775680e-02
9.800000e+00 9.600000e-01 9.937287e-01 1.000803e+01 3.347308e-01 -1.926369e-02
9.850000e+00 9.600000e-01 9.947060e-01 9.388832e+00 2.925262e-01 -1.891842e-02
9.900000e+00 9.600000e-01 9.956205e-01 8.676072e+00 2.492607e-01 -1.366637e-02
9.950000e+00 9.600000e-01 9.960727e-01 7.958925e+00 2.182284e-01 6.765082e-03
1.000000e+01 9.600000e-01 9.949440e-01 7.990225e+00 0.000000e+00 0.000000e+00
0.000000e+00 9.800000e-01 9.984240e-01 5.760000e+00 0.000000e+00 0.000000e+00
5.000000e-02 9.800000e-01 9.984141e-01 5.732510e+00 1.166516e-01 1.283646e-04
1.000000e-01 9.800000e-01 9.984112e-01 5.732227e+00 1.167766e-01 3.539750e-05
1.500000e-01 9.800000e-01 9.984105e-01 5.735042e+00 1.168313e-01 5.946756e-06
2.000000e-01 9.800000e-01 9.984106e-01 5.737483e+00 1.168525e-01 -2.493056e-06
2.500000e-01 9.800000e-01 9.984108e-01 5.739457e+00 1.168615e-01 -3.082240e-06
3.000000e-01 9.800000e-01 9.984109e-01 5.740898e+00 1.168716e-01 -2.422547e-06
3.500000e-01 9.800000e-01 9.984110e-01 5.741073e+00 1.168685e-01 -1.168255e-05
4.000000e-01 9.800000e-01 9.984120e-01 5.738973e+00 1.167987e-01 -4.027525e-05
4.500000e-01 9.800000e-01 9.984150e-01 5.734311e+00 1.166028e-01 -8.533345e-05
5.000000e-01 9.800000e-01 9.984206e-01 5.728326e+00 1.162658e-01 -1.337070e-04
5.500000e-01 9.800000e-01 9.984284e-01 5.723964e+00 1.158314e-01 -1.732829e-04
6.000000e-01 9.800000e-01 9.984379e-01 5.725574e+00 1.153778e-01 -1.963733e-04
6.500000e-01 9.800000e-01 9.984481e-01 5.738311e+00 1.150062e-01 -1.934927e-04
7.000000e-01 9.800000e-01 9.984573e-01 5.767248e+00 1.148483e-01 -1.535055e-04
7.500000e-01 9.800000e-01 9.984634e-01 5.816380e+00 1.150510e-01 -7.423544e-05
8.000000e-01 9.800000e-01 9.984647e-01 5.888113e+00 1.157306e-01 3.287688e-05
8.500000e-01 9.800000e-01 9.984601e-01 5.983465e+00 1.169433e-01 1.531725e-04
9.000000e-01 9.800000e-01 9.984494e-01 6.102577e+00 1.187058e-01 2.800695e-04
9.500000e-01 9.800000e-01 9.984321e-01 6.245015e+00 1.210281e-01 4.125217e-04
1.000000e+00 9.800000e-01 9.984081e-01 6.409877e+00 1.239147e-01 5.459985e-04
1.050000e+00 9.800000e-01 9.983775e-01 6.596028e+00 1.273463e-01 6.726112e-04
1.100000e+00 9.800000e-01 9.983408e-01 6.802428e+00 1.312844e-01 7.891390e-04
1.150000e+00 9.800000e-01 9.982986e-01 7.028281e+00 1.356968e-01 8.989895e-04
1.200000e+00 9.800000e-01 9.982510e-01 7.272907e+00 1.405678e-01 1.004950e-03
1.250000e+00 9.800000e-01 9.981981e-01 7.535622e+00 1.458820e-01 1.104279e-03
1.300000e+00 9.800000e-01 9.981405e-01 7.815805e+00 1.516093e-01 1.192862e-03
1.350000e+00 9.800000e-01 9.980788e-01 8.112992e+00 1.577141e-01 1.270767e-03
1.400000e+00 9.800000e-01 9.980134e-01 8.426799e+00 1.641692e-01 1.340846e-03
1.450000e+00 9.800000e-01 9.979447e-01 8.756698e+00 1.709536e-01 1.404013e-03
1.500000e+00 9.800000e-01 9.978730e-01 9.101842e+00 1.780393e-01 1.459203e-03
1.550000e+00 9.800000e-01 9.977988e-01 9.460937e+00 1.853903e-01 1.507169e-03
1.600000e+00 9.800000e-01 9.977223e-01 9.832049e+00 1.929703e-01 1.550987e-03
1.650000e+00 9.800000e-01 9.976437e-01 1.021232e+01 2.007433e-01 1.592151e-03
1.700000e+00 9.800000e-01 9.975631e-01 1.059776e+01 2.086599e-01 1.628862e-03
1.750000e+00 9.800000e-01 9.974808e-01 1.098328e+01 2.166506e-01 1.660106e-03
1.800000e+00 9.800000e-01 9.973971e-01 1.136274e+01 2.246381e-01 1.689684e-03
1.850000e+00 9.800000e-01 9.973119e-01 1.172903e+01 2.325527e-01 1.722550e-03
1.900000e+00 9.800000e-01 9.972248e-01 1.207407e+01 2.403262e-01 1.754805e-03
1.950000e+00 9.800000e-01 9.971364e-01 1.238927e+01 2.478595e-01 1.767372e-03
2.000000e+00 9.800000e-01 9.970481e-01 1.266659e+01 2.549916e-01 1.731461e-03
2.050000e+00 9.800000e-01 9.969632e-01 1.290004e+01 2.615062e-01 1.623484e-03
2.100000e+00 9.800000e-01 9.968858e-01 1.308702e+01 2.671798e-01 1.438922e-03
2.150000e+00 9.800000e-01 9.968193e-01 1.322890e+01 2.718480e-01 1.195946e-03
2.200000e+00 9.800000e-01 9.967662e-01 1.333053e+01 2.754542e-01 9.277016e-04
2.250000e+00 9.800000e-01 9.967266e-01 1.339899e+01 2.780574e-01 6.693482e-04
2.300000e+00 9.800000e-01 9.966992e-01 1.344212e+01 2.798050e-01 4.472652e-04
2.350000e+00 9.800000e-01 9.966818e-01 1.346727e+01 2.808872e-01 2.744242e-04
2.400000e+00 9.800000e-01 9.966718e-01 1.348055e+01 2.814952e-01 1.515856e-04
2.450000e+00 9.800000e-01 9.966667e-01 1.348654e+01 2.817922e-01 7.160967e-05
2.500000e+00 9.800000e-01 9.966646e-01 1.348840e+01 2.819026e-01 2.410849e-05
2.550000e+00 9.800000e-01 9.966643e-01 1.348817e+01 2.819119e-01 -1.165699e-06
2.600000e+00 9.800000e-01 9.966647e-01 1.348702e+01 2.818739e-01 -1.256841e-05
2.650000e+00 9.800000e-01 9.966655e-01 1.348562e+01 2.818195e-01 -1.609237e-05
2.700000e+00 9.800000e-01 9.966664e-01 1.348428e+01 2.817647e-01 -1.562228e-05
2.750000e+00 9.800000e-01 9.966671e-01 1.348313e+01 2.817167e-01 -1.345888e-05
2.800000e+00 9.800000e-01 9.966677e-01 1.348221e+01 2.816775e-01 -1.084355e-05
2.850000e+00 9.800000e-01 9.966682e-01 1.348150e+01 2.816470e-01 -8.371784e-06
2.900000e+00 9.800000e-01 9.966685e-01 1.348096e+01 2.816239e-01 -6.277101e-06
2.950000e+00 9.800000e-01 9.966688e-01 1.348056e+01 2.816069e-01 -4.607815e-06
3.000000e+00 9.800000e-01 9.966690e-01 1.348027e+01 2.815946e-01 -3.328514e-06
3.050000e+00 9.800000e-01 9.966691e-01 1.348006e+01 2.815858e-01 -2.374010e-06
3.100000e+00 9.800000e-01 9.966692e-01 1.347991e+01 2.815795e-01 -1.675561e-06
3.150000e+00 9.800000e-01 9.966693e-01 1.347981e+01 2.815751e-01 -1.171998e-06
3.200000e+00 9.800000e-01 9.966694e-01 1.347974e+01 2.815720e-01 -8.132068e-07
3.250000e+00 9.800000e-01 9.966694e-01 1.347968e+01 2.815699e-01 -5.600644e-07
3.300000e+00 9.800000e-01 9.966694e-01 1.347965e+01 2.815685e-01 -3.829713e-07
3.350000e+00 9.800000e-01 9.966694e-01 1.347963e+01 2.815675e-01 -2.600198e-07
3.400000e+00 9.800000e-01 9.966694e-01 1.347961e+01 2.815668e-01 -1.752573e-07
3.450000e+00 9.800000e-01 9.966694e-01 1.347960e+01 2.815664e-01 -1.172148e-07
3.500000e+00 9.800000e-01 9.966694e-01 1.347959e+01 2.815660e-01 -7.773231e-08
3.550000e+00 9.800000e-01 9.966694e-01 1.347958e+01 2.815659e-01 -5.105499e-08
3.600000e+00 9.800000e-01 9.966695e-01 1.347958e+01 2.815657e-01 -3.315591e-08
3.650000e+00 9.800000e-01 9.966695e-01 1.347958e+01 2.815656e-01 -2.123691e-08
3.700000e+00 9.800000e-01 9.966695e-01 1.347958e+01 2.815656e-01 -1.336628e-08
3.750000e+00 9.800000e-01 9.966695e-01 1.347958e+01 2.815655e-01 -8.218738e-09
3.800000e+00 9.800000e-01 9.966695e-01 1.347958e+01 2.815655e-01 -4.890455e-09
3.850000e+00 9.800000e-01 9.966695e-01 1.347958e+01 2.815655e-01 -2.768662e-09
3.900000e+00 9.800000e-01 9.966695e-01 1.347958e+01 2.815655e-01 -1.440420e-09
3.950000e+00 9.800000e-01 9.966695e-01 1.347958e+01 2.815655e-01 -6.291545e-10
4.000000e+00 9.800000e-01 9.966695e-01 1.347958e+01 2.815655e-01 -1.508416e-10
4.050000e+00 9.800000e-01 9.966695e-01 1.347958e+01 2.815655e-01 1.160905e-10
4.100000e+00 9.800000e-01 9.966695e-01 1.347958e+01 2.815655e-01 2.513267e-10
4.150000e+00 9.800000e-01 9.966695e-01 1.347958e+01 2.815655e-01 3.065903e-10
4.200000e+00 9.800000e-01 9.966695e-01 1.347958e+01 2.815655e-01 3.150813e-10
4.250000e+00 9.800000e-01 9.966695e-01 1.347958e+01 2.815655e-01 2.978140e-10
4.300000e+00 9.800000e-01 9.966695e-01 1.347958e+01 2.815655e-01 2.678324e-10
4.350000e+00 9.800000e-01 9.966695e-01 1.347958e+01 2.815655e-01 2.330158e-10
4.400000e+00 9.800000e-01 9.966695e-01 1.347958e+01 2.815655e-01 1.979450e-10
4.450000e+00 9.800000e-01 9.966695e-01 1.347958e+01 2.815655e-01 1.651335e-10
4.500000e+00 9.800000e-01 9.966695e-01 1.347958e+01 2.815655e-01 1.357792e-10
4.550000e+00 9.800000e-01 9.966695e-01 1.347958e+01 2.815655e-01 1.103040e-10
4.600000e+00 9.800000e-01 9.966695e-01 1.347958e+01 2.815655e-01 8.869461e-11
4.650000e+00 9.800000e-01 9.966695e-01 1.347958e+01 2.815655e-01 7.067347e-11
4.700000e+00 9.800000e-01 9.966695e-01 1.347958e+01 2.815655e-01 5.585532e-11
4.750000e+00 9.800000e-01 9.966695e-01 1.347958e+01 2.815655e-01 4.380940e-11
4.800000e+00 9.800000e-01 9.966695e-01 1.347958e+01 2.815655e-01 3.411271e-11
4.850000e+00 9.800000e-01 9.966695e-01 1.347958e+01 2.815655e-01 2.637557e-11
4.900000e+00 9.800000e-01 9.966695e-01 1.347958e+01 2.815655e-01 2.024603e-11
4.950000e+00 9.800000e-01 9.966695e-01 1.347958e+01 2.815655e-01 1.541989e-11
5.000000e+00 9.800000e-01 9.966695e-01 1.347958e+01 2.815655e-01 1.163181e-11
5.050000e+00 9.800000e-01 9.966695e-01 1.347958e+01 2.815655e-01 8.660850e-12
5.100000e+00 9.800000e-01 9.966695e-01 1.347958e+01 2.815655e-01 6.329381e-12
5.150000e+00 9.800000e-01 9.966695e-01 1.347958e+01 2.815655e-01 4.484191e-12
5.200000e+00 9.800000e-01 9.966695e-01 1.347958e+01 2.815655e-01 2.996492e-12
5.250000e+00 9.800000e-01 9.966695e-01 1.347958e+01 2.815655e-01 1.767475e-12
5.300000e+00 9.800000e-01 9.966695e-01 1.347958e+01 2.815655e-01 7.083223e-13
5.350000e+00 9.800000e-01 9.966695e-01 1.347958e+01 2.815655e-01 -2.564615e-13
5.400000e+00 9.800000e-01 9.966695e-01 1.347958e+01 2.815655e-01 -1.191269e-12
5.450000e+00 9.800000e-01 9.966695e-01 1.347958e+01 2.815655e-01 -2.159384e-12
5.500000e+00 9.800000e-01 9.966695e-01 1.347958e+01 2.815655e-01 -3.226308e-12
5.550000e+00 9.800000e-01 9.966695e-01 1.347958e+01 2.815655e-01 -4.449774e-12
5.600000e+00 9.800000e-01 9.966695e-01 1.347958e+01 2.815655e-01 -5.915268e-12
5.650000e+00 9.800000e-01 9.966695e-01 1.347958e+01 2.815655e-01 -7.717160e-12
5.700000e+00 9.800000e-01 9.966695e-01 1.347958e+01 2.815655e-01 -9.955370e-12
5.750000e+00 9.800000e-01 9.966695e-01 1.347958e+01 2.815655e-01 -1.277534e-11
5.800000e+00 9.800000e-01 9.966695e-01 1.347958e+01 2.815655e-01 -1.635470e-11
5.850000e+00 9.800000e-01 9.966695e-01 1.347958e+01 2.815655e-01 -2.091882e-11
5.900000e+00 9.800000e-01 9.966695e-01 1.347958e+01 2.815655e-01 -2.676637e-11
5.950000e+00 9.800000e-01 9.966695e-01 1.347958e+01 2.815655e-01 -3.427703e-11
6.000000e+00 9.800000e-01 9.966695e-01 1.347958e+01 2.815655e-01 -4.392930e-11
6.050000e+00 9.800000e-01 9.966695e-01 1.347958e+01 2.815655e-01 -5.636047e-11
6.100000e+00 9.800000e-01 9.966695e-01 1.347958e+01 2.815655e-01 -7.240541e-11
6.150000e+00 9.800000e-01 9.966695e-01 1.347958e+01 2.815655e-01 -9.311663e-11
6.200000e+00 9.800000e-01 9.966695e-01 1.347958e+01 2.815655e-01 -1.198786e-10
6.250000e+00 9.800000e-01 9.966695e-01 1.347958e+01 2.815655e-01 -1.544909e-10
6.300000e+00 9.800000e-01 9.966695e-01 1.347958e+01 2.815655e-01 -1.992684e-10
6.350000e+00 9.800000e-01 9.966695e-01 1.347958e+01 2.815655e-01 -2.572265e-10
6.400000e+00 9.800000e-01 9.966695e-01 1.347958e+01 2.815655e-01 -3.322786e-10
6.450000e+00 9.800000e-01 9.966695e-01 1.347958e+01 2.815655e-01 -4.294942e-10
6.500000e+00 9.800000e-01 9.966695e-01 1.347958e+01 2.815655e-01 -5.554568e-10
6.550000e+00 9.800000e-01 9.966695e-01 1.347958e+01 2.815655e-01 -7.186995e-10
6.600000e+00 9.800000e-01 9.966695e-01 1.347958e+01 2.815655e-01 -9.302847e-10
6.650000e+00 9.800000e-01 9.966695e-01 1.347958e+01 2.815655e-01 -1.204572e-09
6.700000e+00 9.800000e-01 9.966695e-01 1.347958e+01 2.815655e-01 -1.560173e-09
6.750000e+00 9.800000e-01 9.966695e-01 1.347958e+01 2.815655e-01 -2.021227e-09
6.800000e+00 9.800000e-01 9.966695e-01 1.347958e+01 2.815655e-01 -2.619035e-09
6.850000e+00 9.800000e-01 9.966695e-01 1.347957e+01 2.815655e-01 -3.394171e-09
6.900000e+00 9.800000e-01 9.966695e-01 1.347957e+01 2.815655e-01 -4.399233e-09
6.950000e+00 9.800000e-01 9.966695e-01 1.347957e+01 2.815654e-01 -5.702406e-09
7.000000e+00 9.800000e-01 9.966695e-01 1.347957e+01 2.815654e-01 -7.392040e-09
7.050000e+00 9.800000e-01 9.966695e-01 1.347957e+01 2.815654e-01 -9.582639e-09
7.100000e+00 9.800000e-01 9.966695e-01 1.347957e+01 2.815654e-01 -1.242255e-08
7.150000e+00 9.800000e-01 9.966695e-01 1.347957e+01 2.815653e-01 -1.610394e-08
7.200000e+00 9.800000e-01 9.966695e-01 1.347957e+01 2.815652e-01 -2.087582e-08
7.250000e+00 9.800000e-01 9.966695e-01 1.347957e+01 2.815652e-01 -2.706029e-08
7.300000e+00 9.800000e-01 9.966695e-01 1.347956e+01 2.815651e-01 -3.507581e-08
7.350000e+00 9.800000e-01 9.966695e-01 1.347956e+01 2.815649e-01 -4.545963e-08
7.400000e+00 9.800000e-01 9.966695e-01 1.347956e+01 2.815648e-01 -5.892186e-08
7.450000e+00 9.800000e-01 9.966695e-01 1.347955e+01 2.815645e-01 -7.633572e-08
7.500000e+00 9.800000e-01 9.966695e-01 1.347954e+01 2.815642e-01 -9.897051e-08
7.550000e+00 9.800000e-01 9.966695e-01 1.347953e+01 2.815639e-01 -1.280596e-07
7.600000e+00 9.800000e-01 9.966695e-01 1.347952e+01 2.815634e-01 -1.663596e-07
7.650000e+00 9.800000e-01 9.966695e-01 1.347950e+01 2.815627e-01 -2.142543e-07
7.700000e+00 9.800000e-01 9.966695e-01 1.347948e+01 2.815619e-01 -2.806489e-07
7.750000e+00 9.800000e-01 9.966695e-01 1.347945e+01 2.815608e-01 -3.556568e-07
7.800000e+00 9.800000e-01 9.966695e-01 1.347941e+01 2.815595e-01 -4.788802e-07
7.850000e+00 9.800000e-01 9.966696e-01 1.347936e+01 2.815576e-01 -5.784049e-07
7.900000e+00 9.800000e-01 9.966696e-01 1.347931e+01 2.815556e-01 -8.385523e-07
7.950000e+00 9.800000e-01 9.966697e-01 1.347922e+01 2.815518e-01 -9.002878e-07
8.000000e+00 9.800000e-01 9.966697e-01 1.347913e+01 2.815496e-01 -1.527034e-06
8.050000e+00 9.800000e-01 9.966698e-01 1.347895e+01 2.815412e-01 -1.305499e-06
8.100000e+00 9.800000e-01 9.966698e-01 1.347885e+01 2.815410e-01 -2.858469e-06
8.150000e+00 9.800000e-01 9.966701e-01 1.347848e+01 2.815212e-01 -1.785576e-06
8.200000e+00 9.800000e-01 9.966700e-01 1.347844e+01 2.815296e-01 -5.215684e-06
8.250000e+00 9.800000e-01 9.966706e-01 1.347762e+01 2.814843e-01 -2.675152e-06
8.300000e+00 9.800000e-01 9.966703e-01 1.347780e+01 2.815132e-01 -8.628002e-06
8.350000e+00 9.800000e-01 9.966715e-01 1.347614e+01 2.814228e-01 -5.322088e-06
8.400000e+00 9.800000e-01 9.966708e-01 1.347668e+01 2.814795e-01 -1.247684e-05
8.450000e+00 9.800000e-01 9.966727e-01 1.347386e+01 2.813344e-01 -1.194658e-05
8.500000e+00 9.800000e-01 9.966720e-01 1.347443e+01 2.813999e-01 -1.708846e-05
8.550000e+00 9.800000e-01 9.966744e-01 1.347053e+01 2.812158e-01 -2.332871e-05
8.600000e+00 9.800000e-01 9.966743e-01 1.347010e+01 2.812393e-01 -2.667416e-05
8.650000e+00 9.800000e-01 9.966771e-01 1.346537e+01 2.810341e-01 -3.840122e-05
8.700000e+00 9.800000e-01 9.966782e-01 1.346279e+01 2.809727e-01 -4.673944e-05
8.750000e+00 9.800000e-01 9.966818e-01 1.345633e+01 2.807132e-01 -6.156787e-05
8.800000e+00 9.800000e-01 9.966843e-01 1.345119e+01 2.805492e-01 -7.827840e-05
8.850000e+00 9.800000e-01 9.966896e-01 1.344066e+01 2.801690e-01 -1.039563e-04
8.900000e+00 9.800000e-01 9.966947e-01 1.343178e+01 2.798353e-01 -1.283543e-04
8.950000e+00 9.800000e-01 9.967024e-01 1.341494e+01 2.792771e-01 -1.713346e-04
9.000000e+00 9.800000e-01 9.967119e-01 1.339864e+01 2.786486e-01 -2.170566e-04
9.050000e+00 9.800000e-01 9.967241e-01 1.337217e+01 2.777710e-01 -2.790704e-04
9.100000e+00 9.800000e-01 9.967398e-01 1.334343e+01 2.767080e-01 -3.586078e-04
9.150000e+00 9.800000e-01 9.967600e-01 1.330023e+01 2.752685e-01 -4.629074e-04
9.200000e+00 9.800000e-01 9.967861e-01 1.325098e+01 2.734769e-01 -5.864844e-04
9.250000e+00 9.800000e-01 9.968187e-01 1.318049e+01 2.711554e-01 -7.536629e-04
9.300000e+00 9.800000e-01 9.968614e-01 1.309588e+01 2.681716e-01 -9.579923e-04
9.350000e+00 9.800000e-01 9.969145e-01 1.298011e+01 2.643824e-01 -1.216470e-03
9.400000e+00 9.800000e-01 9.969831e-01 1.283699e+01 2.595199e-01 -1.529059e-03
9.450000e+00 9.800000e-01 9.970674e-01 1.264537e+01 2.534192e-01 -1.923897e-03
9.500000e+00 9.800000e-01 9.971755e-01 1.240469e+01 2.455988e-01 -2.384130e-03
9.550000e+00 9.800000e-01 9.973058e-01 1.208841e+01 2.359562e-01 -2.931070e-03
9.600000e+00 9.800000e-01 9.974686e-01 1.168859e+01 2.237932e-01 -3.533663e-03
9.650000e+00 9.800000e-01 9.976591e-01 1.117224e+01 2.091306e-01 -4.189560e-03
9.700000e+00 9.800000e-01 9.978875e-01 1.052588e+01 1.911753e-01 -4.798982e-03
9.750000e+00 9.800000e-01 9.981390e-01 9.717811e+00 1.705082e-01 -5.287401e-03
9.800000e+00 9.800000e-01 9.984163e-01 8.749516e+00 1.467834e-01 -5.418759e-03
9.850000e+00 9.800000e-01 9.986809e-01 7.644261e+00 1.223489e-01 -4.886295e-03
9.900000e+00 9.800000e-01 9.989049e-01 6.529455e+00 9.948730e-02 -2.890272e-03
9.950000e+00 9.800000e-01 9.989699e-01 5.908335e+00 8.818300e-02 4.808868e-03
1.000000e+01 9.800000e-01 9.984240e-01 5.919290e+00 0.000000e+00 0.000000e+00
0.000000e+00 1.000000e+00 9.996000e-01 5.844830e+00 0.000000e+00 0.000000e+00
5.000000e-02 1.000000e+00 9.996000e-01 5.929661e+00 0.000000e+00 0.000000e+00
1.000000e-01 1.000000e+00 9.996000e-01 5.944182e+00 0.000000e+00 0.000000e+00
1.500000e-01 1.000000e+00 9.996000e-01 5.947359e+00 0.000000e+00 0.000000e+00
2.000000e-01 1.000000e+00 9.996000e-01 5.947156e+00 0.000000e+00 0.000000e+00
2.500000e-01 1.000000e+00 9.996000e-01 5.946113e+00 0.000000e+00 0.000000e+00
3.000000e-01 1.000000e+00 9.996000e-01 5.945615e+00 0.000000e+00 0.000000e+00
3.500000e-01 1.000000e+00 9.996000e-01 5.944902e+00 0.000000e+00 0.000000e+00
4.000000e-01 1.000000e+00 9.996000e-01 5.939773e+00 0.000000e+00 0.000000e+00
4.500000e-01 1.000000e+00 9.996000e-01 5.924764e+00 0.000000e+00 0.000000e+00
5.000000e-01 1.000000e+00 9.996000e-01 5.897107e+00 0.000000e+00 0.000000e+00
5.500000e-01 1.000000e+00 9.996000e-01 5.857911e+00 0.000000e+00 0.000000e+00
6.000000e-01 1.000000e+00 9.996000e-01 5.810465e+00 0.000000e+00 0.000000e+00
6.500000e-01 1.000000e+00 9.996000e-01 5.759724e+00 0.000000e+00 0.000000e+00
7.000000e-01 1.000000e+00 9.996000e-01 5.713719e+00 0.000000e+00 0.000000e+00
7.500000e-01 1.000000e+00 9.996000e-01 5.682971e+00 0.000000e+00 0.000000e+00
8.000000e-01 1.000000e+00 9.996000e-01 5.676601e+00 0.000000e+00 0.000000e+00
8.500000e-01 1.000000e+00 9.996000e-01 5.699410e+00 0.000000e+00 0.000000e+00
9.000000e-01 1.000000e+00 9.996000e-01 5.753187e+00 0.000000e+00 0.000000e+00
9.500000e-01 1.000000e+00 9.996000e-01 5.839444e+00 0.000000e+00 0.000000e+00
1.000000e+00 1.000000e+00 9.996000e-01 5.959448e+00 0.000000e+00 0.000000e+00
1.050000e+00 1.000000e+00 9.996000e-01 6.112444e+00 0.000000e+00 0.000000e+00
1.100000e+00 1.000000e+00 9.996000e-01 6.295754e+00 0.000000e+00 0.000000e+00
1.150000e+00 1.000000e+00 9.996000e-01 6.507013e+00 0.000000e+00 0.000000e+00
1.200000e+00 1.000000e+00 9.996000e-01 6.745248e+00 0.000000e+00 0.000000e+00
1.250000e+00 1.000000e+00 9.996000e-01 7.009488e+00 0.000000e+00 0.000000e+00
1.300000e+00 1.000000e+00 9.996000e-01 7.297388e+00 0.000000e+00 0.000000e+00
1.350000e+00 1.000000e+00 9.996000e-01 7.605919e+00 0.000000e+00 0.000000e+00
1.400000e+00 1.000000e+00 9.996000e-01 7.932772e+00 0.000000e+00 0.000000e+00
1.450000e+00 1.000000e+00 9.996000e-01 8.276342e+00 0.000000e+00 0.000000e+00
1.500000e+00 1.000000e+00 9.996000e-01 8.634778e+00 0.000000e+00 0.000000e+00
1.550000e+00 1.000000e+00 9.996000e-01 9.005944e+00 0.000000e+00 0.000000e+00
1.600000e+00 1.000000e+00 9.996000e-01 9.388362e+00 0.000000e+00 0.000000e+00
1.650000e+00 1.000000e+00 9.996000e-01 9.781438e+00 0.000000e+00 0.000000e+00
1.700000e+00 1.000000e+00 9.996000e-01 1.018444e+01 0.000000e+00 0.000000e+00
1.750000e+00 1.000000e+00 9.996000e-01 1.059587e+01 0.000000e+00 0.000000e+00
1.800000e+00 1.000000e+00 9.996000e-01 1.101449e+01 0.000000e+00 0.000000e+00
1.850000e+00 1.000000e+00 9.996000e-01 1.144071e+01 0.000000e+00 0.000000e+00
1.900000e+00 1.000000e+00 9.996000e-01 1.187577e+01 0.000000e+00 0.000000e+00
1.950000e+00 1.000000e+00 9.996000e-01 1.231811e+01 0.000000e+00 0.000000e+00
2.000000e+00 1.000000e+00 9.996000e-01 1.275945e+01 0.000000e+00 0.000000e+00
2.050000e+00 1.000000e+00 9.996000e-01 1.318384e+01 0.000000e+00 0.000000e+00
2.100000e+00 1.000000e+00 9.996000e-01 1.357119e+01 0.000000e+00 0.000000e+00
2.150000e+00 1.000000e+00 9.996000e-01 1.390330e+01 0.000000e+00 0.000000e+00
2.200000e+00 1.000000e+00 9.996000e-01 1.416917e+01 0.000000e+00 0.000000e+00
2.250000e+00 1.000000e+00 9.996000e-01 1.436716e+01 0.000000e+00 0.000000e+00
2.300000e+00 1.000000e+00 9.996000e-01 1.450384e+01 0.000000e+00 0.000000e+00
2.350000e+00 1.000000e+00 9.996000e-01 1.459079e+01 0.000000e+00 0.000000e+00
2.400000e+00 1.000000e+00 9.996000e-01 1.464105e+01 0.000000e+00 0.000000e+00
2.450000e+00 1.000000e+00 9.996000e-01 1.466658e+01 0.000000e+00 0.000000e+00
2.500000e+00 1.000000e+00 9.996000e-01 1.467686e+01 0.000000e+00 0.000000e+00
2.550000e+00 1.000000e+00 9.996000e-01 1.467864e+01 0.000000e+00 0.000000e+00
2.600000e+00 1.000000e+00 9.996000e-01 1.467628e+01 0.000000e+00 0.000000e+00
2.650000e+00 1.000000e+00 9.996000e-01 1.467235e+01 0.000000e+00 0.000000e+00
2.700000e+00 1.000000e+00 9.996000e-01 1.466823e+01 0.000000e+00 0.000000e+00
2.750000e+00 1.000000e+00 9.996000e-01 1.466454e+01 0.000000e+00 0.000000e+00
2.800000e+00 1.000000e+00 9.996000e-01 1.466150e+01 0.000000e+00 0.000000e+00
2.850000e+00 1.000000e+00 9.996000e-01 1.465912e+01 0.000000e+00 0.000000e+00
2.900000e+00 1.000000e+00 9.996000e-01 1.465731e+01 0.000000e+00 0.000000e+00
2.950000e+00 1.000000e+00 9.996000e-01 1.465598e+01 0.000000e+00 0.000000e+00
3.000000e+00 1.000000e+00 9.996000e-01 1.465501e+01 0.000000e+00 0.000000e+00
3.050000e+00 1.000000e+00 9.996000e-01 1.465432e+01 0.000000e+00 0.000000e+00
3.100000e+00 1.000000e+00 9.996000e-01 1.465382e+01 0.000000e+00 0.000000e+00
3.150000e+00 1.000000e+00 9.996000e-01 1.465348e+01 0.000000e+00 0.000000e+00
3.200000e+00 1.000000e+00 9.996000e-01 1.465324e+01 0.000000e+00 0.000000e+00
3.250000e+00 1.000000e+00 9.996000e-01 1.465307e+01 0.000000e+00 0.000000e+00
3.300000e+00 1.000000e+00 9.996000e-01 1.465296e+01 0.000000e+00 0.000000e+00
3.350000e+00 1.000000e+00 9.996000e-01 1.465288e+01 0.000000e+00 0.000000e+00
3.400000e+00 1.000000e+00 9.996000e-01 1.465283e+01 0.000000e+00 0.000000e+00
3.450000e+00 1.000000e+00 9.996000e-01 1.465279e+01 0.000000e+00 0.000000e+00
3.500000e+00 1.000000e+00 9.996000e-01 1.465277e+01 0.000000e+00 0.000000e+00
3.550000e+00 1.000000e+00 9.996000e-01 1.465275e+01 0.000000e+00 0.000000e+00
3.600000e+00 1.000000e+00 9.996000e-01 1.465274e+01 0.000000e+00 0.000000e+00
3.650000e+00 1.000000e+00 9.996000e-01 1.465274e+01 0.000000e+00 0.000000e+00
3.700000e+00 1.000000e+00 9.996000e-01 1.465273e+01 0.000000e+00 0.000000e+00
3.750000e+00 1.000000e+00 9.996000e-01 1.465273e+01 0.000000e+00 0.000000e+00
3.800000e+00 1.000000e+00 9.996000e-01 1.465273e+01 0.000000e+00 0.000000e+00
3.850000e+00 1.000000e+00 9.996000e-01 1.465273e+01 0.000000e+00 0.000000e+00
3.900000e+00 1.000000e+00 9.996000e-01 1.465273e+01 0.000000e+00 0.000000e+00
3.950000e+00 1.000000e+00 9.996000e-01 1.465273e+01 0.000000e+00 0.000000e+00
4.000000e+00 1.000000e+00 9.996000e-01 1.465273e+01 0.000000e+00 0.000000e+00
4.050000e+00 1.000000e+00 9.996000e-01 1.465273e+01 0.000000e+00 0.000000e+00
4.100000e+00 1.000000e+00 9.996000e-01 1.465273e+01 0.000000e+00 0.000000e+00
4.150000e+00 1.000000e+00 9.996000e-01 1.465273e+01 0.000000e+00 0.000000e+00
4.200000e+00 1.000000e+00 9.996000e-01 1.465273e+01 0.000000e+00 0.000000e+00
4.250000e+00 1.000000e+00 9.996000e-01 1.465273e+01 0.000000e+00 0.000000e+00
4.300000e+00 1.000000e+00 9.996000e-01 1.465273e+01 0.000000e+00 0.000000e+00
4.350000e+00 1.000000e+00 9.996000e-01 1.465273e+01 0.000000e+00 0.000000e+00
4.400000e+00 1.000000e+00 9.996000e-01 1.465273e+01 0.000000e+00 0.000000e+00
4.450000e+00 1.000000e+00 9.996000e-01 1.465273e+01 0.000000e+00 0.000000e+00
4.500000e+00 1.000000e+00 9.996000e-01 1.465273e+01 0.000000e+00 0.000000e+00
4.550000e+00 1.000000e+00 9.996000e-01 1.465273e+01 0.000000e+00 0.000000e+00
4.600000e+00 1.000000e+00 9.996000e-01 1.465273e+01 0.000000e+00 0.000000e+00
4.650000e+00 1.000000e+00 9.996000e-01 1.465273e+01 0.000000e+00 0.000000e+00
4.700000e+00 1.000000e+00 9.996000e-01 1.465273e+01 0.000000e+00 0.000000e+00
4.750000e+00 1.000000e+00 9.996000e-01 1.465273e+01 0.000000e+00 0.000000e+00
4.800000e+00 1.000000e+00 9.996000e-01 1.465273e+01 0.000000e+00 0.000000e+00
4.850000e+00 1.000000e+00 9.996000e-01 1.465273e+01 0.000000e+00 0.000000e+00
4.900000e+00 1.000000e+00 9.996000e-01 1.465273e+01 0.000000e+00 0.000000e+00
4.950000e+00 1.000000e+00 9.996000e-01 1.465273e+01 0.000000e+00 0.000000e+00
5.000000e+00 1.000000e+00 9.996000e-01 1.465273e+01 0.000000e+00 0.000000e+00
5.050000e+00 1.000000e+00 9.996000e-01 1.465273e+01 0.000000e+00 0.000000e+00
5.100000e+00 1.000000e+00 9.996000e-01 1.465273e+01 0.000000e+00 0.000000e+00
5.150000e+00 1.000000e+00 9.996000e-01 1.465273e+01 0.000000e+00 0.000000e+00
5.200000e+00 1.000000e+00 9.996000e-01 1.465273e+01 0.000000e+00 0.000000e+00
5.250000e+00 1.000000e+00 9.996000e-01 1.465273e+01 0.000000e+00 0.000000e+00
5.300000e+00 1.000000e+00 9.996000e-01 1.465273e+01 0.000000e+00 0.000000e+00
5.350000e+00 1.000000e+00 9.996000e-01 1.465273e+01 0.000000e+00 0.000000e+00
5.400000e+00 1.000000e+00 9.996000e-01 1.465273e+01 0.000000e+00 0.000000e+00
5.450000e+00 1.000000e+00 9.996000e-01 1.465273e+01 0.000000e+00 0.000000e+00
5.500000e+00 1.000000e+00 9.996000e-01 1.465273e+01 0.000000e+00 0.000000e+00
5.550000e+00 1.000000e+00 9.996000e-01 1.465273e+01 0.000000e+00 0.000000e+00
5.600000e+00 1.000000e+00 9.996000e-01 1.465273e+01 0.000000e+00 0.000000e+00
5.650000e+00 1.000000e+00 9.996000e-01 1.465273e+01 0.000000e+00 0.000000e+00
5.700000e+00 1.000000e+00 9.996000e-01 1.465273e+01 0.000000e+00 0.000000e+00
5.750000e+00 1.000000e+00 9.996000e-01 1.465273e+01 0.000000e+00 0.000000e+00
5.800000e+00 1.000000e+00 9.996000e-01 1.465273e+01 0.000000e+00 0.000000e+00
5.850000e+00 1.000000e+00 9.996000e-01 1.465273e+01 0.000000e+00 0.000000e+00
5.900000e+00 1.000000e+00 9.996000e-01 1.465273e+01 0.000000e+00 0.000000e+00
5.950000e+00 1.000000e+00 9.996000e-01 1.465273e+01 0.000000e+00 0.000000e+00
6.000000e+00 1.000000e+00 9.996000e-01 1.465273e+01 0.000000e+00 0.000000e+00
6.050000e+00 1.000000e+00 9.996000e-01 1.465273e+01 0.000000e+00 0.000000e+00
6.100000e+00 1.000000e+00 9.996000e-01 1.465273e+01 0.000000e+00 0.000000e+00
6.150000e+00 1.000000e+00 9.996000e-01 1.465273e+01 0.000000e+00 0.000000e+00
6.200000e+00 1.000000e+00 9.996000e-01 1.465273e+01 0.000000e+00 0.000000e+00
6.250000e+00 1.000000e+00 9.996000e-01 1.465273e+01 0.000000e+00 0.000000e+00
6.300000e+00 1.000000e+00 9.996000e-01 1.465273e+01 0.000000e+00 0.000000e+00
6.350000e+00 1.000000e+00 9.996000e-01 1.465273e+01 0.000000e+00 0.000000e+00
6.400000e+00 1.000000e+00 9.996000e-01 1.465273e+01 0.000000e+00 0.000000e+00
6.450000e+00 1.000000e+00 9.996000e-01 1.465273e+01 0.000000e+00 0.000000e+00
6.500000e+00 1.000000e+00 9.996000e-01 1.465273e+01 0.000000e+00 0.000000e+00
6.550000e+00 1.000000e+00 9.996000e-01 1.465273e+01 0.000000e+00 0.000000e+00
6.600000e+00 1.000000e+00 9.996000e-01 1.465273e+01 0.000000e+00 0.000000e+00
6.650000e+00 1.000000e+00 9.996000e-01 1.465273e+01 0.000000e+00 0.000000e+00
6.700000e+00 1.000000e+00 9.996000e-01 1.465273e+01 0.000000e+00 0.000000e+00
6.750000e+00 1.000000e+00 9.996000e-01 1.465272e+01 0.000000e+00 0.000000e+00
6.800000e+00 1.000000e+00 9.996000e-01 1.465272e+01 0.000000e+00 0.000000e+00
6.850000e+00 1.000000e+00 9.996000e-01 1.465272e+01 0.000000e+00 0.000000e+00
6.900000e+00 1.000000e+00 9.996000e-01 1.465272e+01 0.000000e+00 0.000000e+00
6.950000e+00 1.000000e+00 9.996000e-01 1.465272e+01 0.000000e+00 0.000000e+00
7.000000e+00 1.000000e+00 9.996000e-01 1.465272e+01 0.000000e+00 0.000000e+00
7.050000e+00 1.000000e+00 9.996000e-01 1.465272e+01 0.000000e+00 0.000000e+00
7.100000e+00 1.000000e+00 9.996000e-01 1.465272e+01 0.000000e+00 0.000000e+00
7.150000e+00 1.000000e+00 9.996000e-01 1.465271e+01 0.000000e+00 0.000000e+00
7.200000e+00 1.000000e+00 9.996000e-01 1.465271e+01 0.000000e+00 0.000000e+00
7.250000e+00 1.000000e+00 9.996000e-01 1.465270e+01 0.000000e+00 0.000000e+00
7.300000e+00 1.000000e+00 9.996000e-01 1.465269e+01 0.000000e+00 0.000000e+00
7.350000e+00 1.000000e+00 9.996000e-01 1.465268e+01 0.000000e+00 0.000000e+00
7.400000e+00 1.000000e+00 9.996000e-01 1.465267e+01 0.000000e+00 0.000000e+00
7.450000e+00 1.000000e+00 9.996000e-01 1.465265e+01 0.000000e+00 0.000000e+00
7.500000e+00 1.000000e+00 9.996000e-01 1.465263e+01 0.000000e+00 0.000000e+00
7.550000e+00 1.000000e+00 9.996000e-01 1.465260e+01 0.000000e+00 0.000000e+00
7.600000e+00 1.000000e+00 9.996000e-01 1.465257e+01 0.000000e+00 0.000000e+00
7.650000e+00 1.000000e+00 9.996000e-01 1.465252e+01 0.000000e+00 0.000000e+00
7.700000e+00 1.000000e+00 9.996000e-01 1.465246e+01 0.000000e+00 0.000000e+00
7.750000e+00 1.000000e+00 9.996000e-01 1.465238e+01 0.000000e+00 0.000000e+00
7.800000e+00 1.000000e+00 9.996000e-01 1.465228e+01 0.000000e+00 0.000000e+00
7.850000e+00 1.000000e+00 9.996000e-01 1.465214e+01 0.000000e+00 0.000000e+00
7.900000e+00 1.000000e+00 9.996000e-01 1.465199e+01 0.000000e+00 0.000000e+00
7.950000e+00 1.000000e+00 9.996000e-01 1.465172e+01 0.000000e+00 0.000000e+00
8.000000e+00 1.000000e+00 9.996000e-01 1.465154e+01 0.000000e+00 0.000000e+00
8.050000e+00 1.000000e+00 9.996000e-01 1.465096e+01 0.000000e+00 0.000000e+00
8.100000e+00 1.000000e+00 9.996000e-01 1.465089e+01 0.000000e+00 0.000000e+00
8.150000e+00 1.000000e+00 9.996000e-01 1.464953e+01 0.000000e+00 0.000000e+00
8.200000e+00 1.000000e+00 9.996000e-01 1.465000e+01 0.000000e+00 0.000000e+00
8.250000e+00 1.000000e+00 9.996000e-01 1.464692e+01 0.000000e+00 0.000000e+00
8.300000e+00 1.000000e+00 9.996000e-01 1.464866e+01 0.000000e+00 0.000000e+00
8.350000e+00 1.000000e+00 9.996000e-01 1.464261e+01 0.000000e+00 0.000000e+00
8.400000e+00 1.000000e+00 9.996000e-01 1.464600e+01 0.000000e+00 0.000000e+00
8.450000e+00 1.000000e+00 9.996000e-01 1.463637e+01 0.000000e+00 0.000000e+00
8.500000e+00 1.000000e+00 9.996000e-01 1.464003e+01 0.000000e+00 0.000000e+00
8.550000e+00 1.000000e+00 9.996000e-01 1.462783e+01 0.000000e+00 0.000000e+00
8.600000e+00 1.000000e+00 9.996000e-01 1.462836e+01 0.000000e+00 0.000000e+00
8.650000e+00 1.000000e+00 9.996000e-01 1.461449e+01 0.000000e+00 0.000000e+00
8.700000e+00 1.000000e+00 9.996000e-01 1.460916e+01 0.000000e+00 0.000000e+00
8.750000e+00 1.000000e+00 9.996000e-01 1.459112e+01 0.000000e+00 0.000000e+00
8.800000e+00 1.000000e+00 9.996000e-01 1.457838e+01 0.000000e+00 0.000000e+00
8.850000e+00 1.000000e+00 9.996000e-01 1.455198e+01 0.000000e+00 0.000000e+00
8.900000e+00 1.000000e+00 9.996000e-01 1.452640e+01 0.000000e+00 0.000000e+00
8.950000e+00 1.000000e+00 9.996000e-01 1.448780e+01 0.000000e+00 0.000000e+00
9.000000e+00 1.000000e+00 9.996000e-01 1.444073e+01 0.000000e+00 0.000000e+00
9.050000e+00 1.000000e+00 9.996000e-01 1.437927e+01 0.000000e+00 0.000000e+00
9.100000e+00 1.000000e+00 9.996000e-01 1.430120e+01 0.000000e+00 0.000000e+00
9.150000e+00 1.000000e+00 9.996000e-01 1.419997e+01 0.000000e+00 0.000000e+00
9.200000e+00 1.000000e+00 9.996000e-01 1.406974e+01 0.000000e+00 0.000000e+00
9.250000e+00 1.000000e+00 9.996000e-01 1.390673e+01 0.000000e+00 0.000000e+00
9.300000e+00 1.000000e+00 9.996000e-01 1.369291e+01 0.000000e+00 0.000000e+00
9.350000e+00 1.000000e+00 9.996000e-01 1.342773e+01 0.000000e+00 0.000000e+00
9.400000e+00 1.000000e+00 9.996000e-01 1.308468e+01 0.000000e+00 0.000000e+00
9.450000e+00 1.000000e+00 9.996000e-01 1.266320e+01 0.000000e+00 0.000000e+00
9.500000e+00 1.000000e+00 9.996000e-01 1.212273e+01 0.000000e+00 0.000000e+00
9.550000e+00 1.000000e+00 9.996000e-01 1.147114e+01 0.000000e+00 0.000000e+00
9.600000e+00 1.000000e+00 9.996000e-01 1.065719e+01 0.000000e+00 0.000000e+00
9.650000e+00 1.000000e+00 9.996000e-01 9.704305e+00 0.000000e+00 0.000000e+00
9.700000e+00 1.000000e+00 9.996000e-01 8.562414e+00 0.000000e+00 0.000000e+00
9.750000e+00 1.000000e+00 9.996000e-01 7.304815e+00 0.000000e+00 0.000000e+00
9.800000e+00 1.000000e+00 9.996000e-01 5.918713e+00 0.000000e+00 0.000000e+00
9.850000e+00 1.000000e+00 9.996000e-01 4.595435e+00 0.000000e+00 0.000000e+00
9.900000e+00 1.000000e+00 9.996000e-01 3.475566e+00 0.000000e+00 0.000000e+00
9.950000e+00 1.000000e+00 9.996000e-01 3.150299e+00 0.000000e+00 0.000000e+00
1.000000e+01 1.000000e+00 9.996000e-01 4.534794e+00 0.000000e+00 0.000000e+00
