TITLE = "Stream-Vorticity Solution"
VARIABLES = "X", "Y", "Psi", "Omega", "U", "V"
ZONE I=201, J=51, DATAPACKING=POINT
0.000000e+00 0.000000e+00 0.000000e+00 -5.847254e+00 0.000000e+00 0.000000e+00
5.000000e-02 0.000000e+00 0.000000e+00 -5.934508e+00 0.000000e+00 0.000000e+00
1.000000e-01 0.000000e+00 0.000000e+00 -5.951816e+00 0.000000e+00 0.000000e+00
1.500000e-01 0.000000e+00 0.000000e+00 -5.956672e+00 0.000000e+00 0.000000e+00
2.000000e-01 0.000000e+00 0.000000e+00 -5.958085e+00 0.000000e+00 0.000000e+00
2.500000e-01 0.000000e+00 0.000000e+00 -5.957524e+00 0.000000e+00 0.000000e+00
3.000000e-01 0.000000e+00 0.000000e+00 -5.952892e+00 0.000000e+00 0.000000e+00
3.500000e-01 0.000000e+00 0.000000e+00 -5.939861e+00 0.000000e+00 0.000000e+00
4.000000e-01 0.000000e+00 0.000000e+00 -5.913261e+00 0.000000e+00 0.000000e+00
4.500000e-01 0.000000e+00 0.000000e+00 -5.870215e+00 0.000000e+00 0.000000e+00
5.000000e-01 0.000000e+00 0.000000e+00 -5.813735e+00 0.000000e+00 0.000000e+00
5.500000e-01 0.000000e+00 0.000000e+00 -5.753096e+00 0.000000e+00 0.000000e+00
6.000000e-01 0.000000e+00 0.000000e+00 -5.700278e+00 0.000000e+00 0.000000e+00
6.500000e-01 0.000000e+00 0.000000e+00 -5.666370e+00 0.000000e+00 0.000000e+00
7.000000e-01 0.000000e+00 0.000000e+00 -5.660822e+00 0.000000e+00 0.000000e+00
7.500000e-01 0.000000e+00 0.000000e+00 -5.691656e+00 0.000000e+00 0.000000e+00
8.000000e-01 0.000000e+00 0.000000e+00 -5.764145e+00 0.000000e+00 0.000000e+00
8.500000e-01 0.000000e+00 0.000000e+00 -5.879445e+00 0.000000e+00 0.000000e+00
9.000000e-01 0.000000e+00 0.000000e+00 -6.035811e+00 0.000000e+00 0.000000e+00
9.500000e-01 0.000000e+00 0.000000e+00 -6.231317e+00 0.000000e+00 0.000000e+00
1.000000e+00 0.000000e+00 0.000000e+00 -6.464754e+00 0.000000e+00 0.000000e+00
1.050000e+00 0.000000e+00 0.000000e+00 -6.734340e+00 0.000000e+00 0.000000e+00
1.100000e+00 0.000000e+00 0.000000e+00 -7.036947e+00 0.000000e+00 0.000000e+00
1.150000e+00 0.000000e+00 0.000000e+00 -7.369184e+00 0.000000e+00 0.000000e+00
1.200000e+00 0.000000e+00 0.000000e+00 -7.728458e+00 0.000000e+00 0.000000e+00
1.250000e+00 0.000000e+00 0.000000e+00 -8.112485e+00 0.000000e+00 0.000000e+00
1.300000e+00 0.000000e+00 0.000000e+00 -8.518387e+00 0.000000e+00 0.000000e+00
1.350000e+00 0.000000e+00 0.000000e+00 -8.943083e+00 0.000000e+00 0.000000e+00
1.400000e+00 0.000000e+00 0.000000e+00 -9.384348e+00 0.000000e+00 0.000000e+00
1.450000e+00 0.000000e+00 0.000000e+00 -9.840755e+00 0.000000e+00 0.000000e+00
1.500000e+00 0.000000e+00 0.000000e+00 -1.031062e+01 0.000000e+00 0.000000e+00
1.550000e+00 0.000000e+00 0.000000e+00 -1.079182e+01 0.000000e+00 0.000000e+00
1.600000e+00 0.000000e+00 0.000000e+00 -1.128319e+01 0.000000e+00 0.000000e+00
1.650000e+00 0.000000e+00 0.000000e+00 -1.178521e+01 0.000000e+00 0.000000e+00
1.700000e+00 0.000000e+00 0.000000e+00 -1.229777e+01 0.000000e+00 0.000000e+00
1.750000e+00 0.000000e+00 0.000000e+00 -1.281544e+01 0.000000e+00 0.000000e+00
1.800000e+00 0.000000e+00 0.000000e+00 -1.332409e+01 0.000000e+00 0.000000e+00
1.850000e+00 0.000000e+00 0.000000e+00 -1.380204e+01 0.000000e+00 0.000000e+00
1.900000e+00 0.000000e+00 0.000000e+00 -1.422590e+01 0.000000e+00 0.000000e+00
1.950000e+00 0.000000e+00 0.000000e+00 -1.457772e+01 0.000000e+00 0.000000e+00
2.000000e+00 0.000000e+00 0.000000e+00 -1.484972e+01 0.000000e+00 0.000000e+00
2.050000e+00 0.000000e+00 0.000000e+00 -1.504499e+01 0.000000e+00 0.000000e+00
2.100000e+00 0.000000e+00 0.000000e+00 -1.517463e+01 0.000000e+00 0.000000e+00
2.150000e+00 0.000000e+00 0.000000e+00 -1.525355e+01 0.000000e+00 0.000000e+00
2.200000e+00 0.000000e+00 0.000000e+00 -1.529675e+01 0.000000e+00 0.000000e+00
2.250000e+00 0.000000e+00 0.000000e+00 -1.531691e+01 0.000000e+00 0.000000e+00
2.300000e+00 0.000000e+00 0.000000e+00 -1.532353e+01 0.000000e+00 0.000000e+00
2.350000e+00 0.000000e+00 0.000000e+00 -1.532301e+01 0.000000e+00 0.000000e+00
2.400000e+00 0.000000e+00 0.000000e+00 -1.531933e+01 0.000000e+00 0.000000e+00
2.450000e+00 0.000000e+00 0.000000e+00 -1.531468e+01 0.000000e+00 0.000000e+00
2.500000e+00 0.000000e+00 0.000000e+00 -1.531020e+01 0.000000e+00 0.000000e+00
2.550000e+00 0.000000e+00 0.000000e+00 -1.530633e+01 0.000000e+00 0.000000e+00
2.600000e+00 0.000000e+00 0.000000e+00 -1.530321e+01 0.000000e+00 0.000000e+00
2.650000e+00 0.000000e+00 0.000000e+00 -1.530079e+01 0.000000e+00 0.000000e+00
2.700000e+00 0.000000e+00 0.000000e+00 -1.529897e+01 0.000000e+00 0.000000e+00
2.750000e+00 0.000000e+00 0.000000e+00 -1.529762e+01 0.000000e+00 0.000000e+00
2.800000e+00 0.000000e+00 0.000000e+00 -1.529664e+01 0.000000e+00 0.000000e+00
2.850000e+00 0.000000e+00 0.000000e+00 -1.529594e+01 0.000000e+00 0.000000e+00
2.900000e+00 0.000000e+00 0.000000e+00 -1.529543e+01 0.000000e+00 0.000000e+00
2.950000e+00 0.000000e+00 0.000000e+00 -1.529507e+01 0.000000e+00 0.000000e+00
3.000000e+00 0.000000e+00 0.000000e+00 -1.529482e+01 0.000000e+00 0.000000e+00
3.050000e+00 0.000000e+00 0.000000e+00 -1.529465e+01 0.000000e+00 0.000000e+00
3.100000e+00 0.000000e+00 0.000000e+00 -1.529453e+01 0.000000e+00 0.000000e+00
3.150000e+00 0.000000e+00 0.000000e+00 -1.529444e+01 0.000000e+00 0.000000e+00
3.200000e+00 0.000000e+00 0.000000e+00 -1.529439e+01 0.000000e+00 0.000000e+00
3.250000e+00 0.000000e+00 0.000000e+00 -1.529435e+01 0.000000e+00 0.000000e+00
3.300000e+00 0.000000e+00 0.000000e+00 -1.529432e+01 0.000000e+00 0.000000e+00
3.350000e+00 0.000000e+00 0.000000e+00 -1.529430e+01 0.000000e+00 0.000000e+00
3.400000e+00 0.000000e+00 0.000000e+00 -1.529429e+01 0.000000e+00 0.000000e+00
3.450000e+00 0.000000e+00 0.000000e+00 -1.529428e+01 0.000000e+00 0.000000e+00
3.500000e+00 0.000000e+00 0.000000e+00 -1.529427e+01 0.000000e+00 0.000000e+00
3.550000e+00 0.000000e+00 0.000000e+00 -1.529427e+01 0.000000e+00 0.000000e+00
3.600000e+00 0.000000e+00 0.000000e+00 -1.529427e+01 0.000000e+00 0.000000e+00
3.650000e+00 0.000000e+00 0.000000e+00 -1.529427e+01 0.000000e+00 0.000000e+00
3.700000e+00 0.000000e+00 0.000000e+00 -1.529426e+01 0.000000e+00 0.000000e+00
3.750000e+00 0.000000e+00 0.000000e+00 -1.529426e+01 0.000000e+00 0.000000e+00
3.800000e+00 0.000000e+00 0.000000e+00 -1.529426e+01 0.000000e+00 0.000000e+00
3.850000e+00 0.000000e+00 0.000000e+00 -1.529426e+01 0.000000e+00 0.000000e+00
3.900000e+00 0.000000e+00 0.000000e+00 -1.529426e+01 0.000000e+00 0.000000e+00
3.950000e+00 0.000000e+00 0.000000e+00 -1.529426e+01 0.000000e+00 0.000000e+00
4.000000e+00 0.000000e+00 0.000000e+00 -1.529426e+01 0.000000e+00 0.000000e+00
4.050000e+00 0.000000e+00 0.000000e+00 -1.529426e+01 0.000000e+00 0.000000e+00
4.100000e+00 0.000000e+00 0.000000e+00 -1.529426e+01 0.000000e+00 0.000000e+00
4.150000e+00 0.000000e+00 0.000000e+00 -1.529426e+01 0.000000e+00 0.000000e+00
4.200000e+00 0.000000e+00 0.000000e+00 -1.529426e+01 0.000000e+00 0.000000e+00
4.250000e+00 0.000000e+00 0.000000e+00 -1.529426e+01 0.000000e+00 0.000000e+00
4.300000e+00 0.000000e+00 0.000000e+00 -1.529426e+01 0.000000e+00 0.000000e+00
4.350000e+00 0.000000e+00 0.000000e+00 -1.529426e+01 0.000000e+00 0.000000e+00
4.400000e+00 0.000000e+00 0.000000e+00 -1.529426e+01 0.000000e+00 0.000000e+00
4.450000e+00 0.000000e+00 0.000000e+00 -1.529426e+01 0.000000e+00 0.000000e+00
4.500000e+00 0.000000e+00 0.000000e+00 -1.529426e+01 0.000000e+00 0.000000e+00
4.550000e+00 0.000000e+00 0.000000e+00 -1.529426e+01 0.000000e+00 0.000000e+00
4.600000e+00 0.000000e+00 0.000000e+00 -1.529426e+01 0.000000e+00 0.000000e+00
4.650000e+00 0.000000e+00 0.000000e+00 -1.529426e+01 0.000000e+00 0.000000e+00
4.700000e+00 0.000000e+00 0.000000e+00 -1.529426e+01 0.000000e+00 0.000000e+00
4.750000e+00 0.000000e+00 0.000000e+00 -1.529426e+01 0.000000e+00 0.000000e+00
4.800000e+00 0.000000e+00 0.000000e+00 -1.529426e+01 0.000000e+00 0.000000e+00
4.850000e+00 0.000000e+00 0.000000e+00 -1.529426e+01 0.000000e+00 0.000000e+00
4.900000e+00 0.000000e+00 0.000000e+00 -1.529426e+01 0.000000e+00 0.000000e+00
4.950000e+00 0.000000e+00 0.000000e+00 -1.529426e+01 0.000000e+00 0.000000e+00
5.000000e+00 0.000000e+00 0.000000e+00 -1.529426e+01 0.000000e+00 0.000000e+00
5.050000e+00 0.000000e+00 0.000000e+00 -1.529426e+01 0.000000e+00 0.000000e+00
5.100000e+00 0.000000e+00 0.000000e+00 -1.529426e+01 0.000000e+00 0.000000e+00
5.150000e+00 0.000000e+00 0.000000e+00 -1.529426e+01 0.000000e+00 0.000000e+00
5.200000e+00 0.000000e+00 0.000000e+00 -1.529426e+01 0.000000e+00 0.000000e+00
5.250000e+00 0.000000e+00 0.000000e+00 -1.529426e+01 0.000000e+00 0.000000e+00
5.300000e+00 0.000000e+00 0.000000e+00 -1.529426e+01 0.000000e+00 0.000000e+00
5.350000e+00 0.000000e+00 0.000000e+00 -1.529426e+01 0.000000e+00 0.000000e+00
5.400000e+00 0.000000e+00 0.000000e+00 -1.529426e+01 0.000000e+00 0.000000e+00
5.450000e+00 0.000000e+00 0.000000e+00 -1.529426e+01 0.000000e+00 0.000000e+00
5.500000e+00 0.000000e+00 0.000000e+00 -1.529426e+01 0.000000e+00 0.000000e+00
5.550000e+00 0.000000e+00 0.000000e+00 -1.529426e+01 0.000000e+00 0.000000e+00
5.600000e+00 0.000000e+00 0.000000e+00 -1.529426e+01 0.000000e+00 0.000000e+00
5.650000e+00 0.000000e+00 0.000000e+00 -1.529426e+01 0.000000e+00 0.000000e+00
5.700000e+00 0.000000e+00 0.000000e+00 -1.529426e+01 0.000000e+00 0.000000e+00
5.750000e+00 0.000000e+00 0.000000e+00 -1.529426e+01 0.000000e+00 0.000000e+00
5.800000e+00 0.000000e+00 0.000000e+00 -1.529426e+01 0.000000e+00 0.000000e+00
5.850000e+00 0.000000e+00 0.000000e+00 -1.529426e+01 0.000000e+00 0.000000e+00
5.900000e+00 0.000000e+00 0.000000e+00 -1.529426e+01 0.000000e+00 0.000000e+00
5.950000e+00 0.000000e+00 0.000000e+00 -1.529426e+01 0.000000e+00 0.000000e+00
6.000000e+00 0.000000e+00 0.000000e+00 -1.529426e+01 0.000000e+00 0.000000e+00
6.050000e+00 0.000000e+00 0.000000e+00 -1.529426e+01 0.000000e+00 0.000000e+00
6.100000e+00 0.000000e+00 0.000000e+00 -1.529426e+01 0.000000e+00 0.000000e+00
6.150000e+00 0.000000e+00 0.000000e+00 -1.529426e+01 0.000000e+00 0.000000e+00
6.200000e+00 0.000000e+00 0.000000e+00 -1.529426e+01 0.000000e+00 0.000000e+00
6.250000e+00 0.000000e+00 0.000000e+00 -1.529426e+01 0.000000e+00 0.000000e+00
6.300000e+00 0.000000e+00 0.000000e+00 -1.529426e+01 0.000000e+00 0.000000e+00
6.350000e+00 0.000000e+00 0.000000e+00 -1.529426e+01 0.000000e+00 0.000000e+00
6.400000e+00 0.000000e+00 0.000000e+00 -1.529426e+01 0.000000e+00 0.000000e+00
6.450000e+00 0.000000e+00 0.000000e+00 -1.529426e+01 0.000000e+00 0.000000e+00
6.500000e+00 0.000000e+00 0.000000e+00 -1.529426e+01 0.000000e+00 0.000000e+00
6.550000e+00 0.000000e+00 0.000000e+00 -1.529426e+01 0.000000e+00 0.000000e+00
6.600000e+00 0.000000e+00 0.000000e+00 -1.529426e+01 0.000000e+00 0.000000e+00
6.650000e+00 0.000000e+00 0.000000e+00 -1.529426e+01 0.000000e+00 0.000000e+00
6.700000e+00 0.000000e+00 0.000000e+00 -1.529426e+01 0.000000e+00 0.000000e+00
6.750000e+00 0.000000e+00 0.000000e+00 -1.529426e+01 0.000000e+00 0.000000e+00
6.800000e+00 0.000000e+00 0.000000e+00 -1.529426e+01 0.000000e+00 0.000000e+00
6.850000e+00 0.000000e+00 0.000000e+00 -1.529426e+01 0.000000e+00 0.000000e+00
6.900000e+00 0.000000e+00 0.000000e+00 -1.529426e+01 0.000000e+00 0.000000e+00
6.950000e+00 0.000000e+00 0.000000e+00 -1.529426e+01 0.000000e+00 0.000000e+00
7.000000e+00 0.000000e+00 0.000000e+00 -1.529425e+01 0.000000e+00 0.000000e+00
7.050000e+00 0.000000e+00 0.000000e+00 -1.529425e+01 0.000000e+00 0.000000e+00
7.100000e+00 0.000000e+00 0.000000e+00 -1.529425e+01 0.000000e+00 0.000000e+00
7.150000e+00 0.000000e+00 0.000000e+00 -1.529425e+01 0.000000e+00 0.000000e+00
7.200000e+00 0.000000e+00 0.000000e+00 -1.529424e+01 0.000000e+00 0.000000e+00
7.250000e+00 0.000000e+00 0.000000e+00 -1.529424e+01 0.000000e+00 0.000000e+00
7.300000e+00 0.000000e+00 0.000000e+00 -1.529423e+01 0.000000e+00 0.000000e+00
7.350000e+00 0.000000e+00 0.000000e+00 -1.529422e+01 0.000000e+00 0.000000e+00
7.400000e+00 0.000000e+00 0.000000e+00 -1.529421e+01 0.000000e+00 0.000000e+00
7.450000e+00 0.000000e+00 0.000000e+00 -1.529419e+01 0.000000e+00 0.000000e+00
7.500000e+00 0.000000e+00 0.000000e+00 -1.529417e+01 0.000000e+00 0.000000e+00
7.550000e+00 0.000000e+00 0.000000e+00 -1.529415e+01 0.000000e+00 0.000000e+00
7.600000e+00 0.000000e+00 0.000000e+00 -1.529411e+01 0.000000e+00 0.000000e+00
7.650000e+00 0.000000e+00 0.000000e+00 -1.529407e+01 0.000000e+00 0.000000e+00
7.700000e+00 0.000000e+00 0.000000e+00 -1.529401e+01 0.000000e+00 0.000000e+00
7.750000e+00 0.000000e+00 0.000000e+00 -1.529394e+01 0.000000e+00 0.000000e+00
7.800000e+00 0.000000e+00 0.000000e+00 -1.529384e+01 0.000000e+00 0.000000e+00
7.850000e+00 0.000000e+00 0.000000e+00 -1.529371e+01 0.000000e+00 0.000000e+00
7.900000e+00 0.000000e+00 0.000000e+00 -1.529355e+01 0.000000e+00 0.000000e+00
7.950000e+00 0.000000e+00 0.000000e+00 -1.529333e+01 0.000000e+00 0.000000e+00
8.000000e+00 0.000000e+00 0.000000e+00 -1.529306e+01 0.000000e+00 0.000000e+00
8.050000e+00 0.000000e+00 0.000000e+00 -1.529269e+01 0.000000e+00 0.000000e+00
8.100000e+00 0.000000e+00 0.000000e+00 -1.529225e+01 0.000000e+00 0.000000e+00
8.150000e+00 0.000000e+00 0.000000e+00 -1.529158e+01 0.000000e+00 0.000000e+00
8.200000e+00 0.000000e+00 0.000000e+00 -1.529094e+01 0.000000e+00 0.000000e+00
8.250000e+00 0.000000e+00 0.000000e+00 -1.528962e+01 0.000000e+00 0.000000e+00
8.300000e+00 0.000000e+00 0.000000e+00 -1.528889e+01 0.000000e+00 0.000000e+00
8.350000e+00 0.000000e+00 0.000000e+00 -1.528611e+01 0.000000e+00 0.000000e+00
8.400000e+00 0.000000e+00 0.000000e+00 -1.528573e+01 0.000000e+00 0.000000e+00
8.450000e+00 0.000000e+00 0.000000e+00 -1.527990e+01 0.000000e+00 0.000000e+00
8.500000e+00 0.000000e+00 0.000000e+00 -1.528060e+01 0.000000e+00 0.000000e+00
8.550000e+00 0.000000e+00 0.000000e+00 -1.526965e+01 0.000000e+00 0.000000e+00
8.600000e+00 0.000000e+00 0.000000e+00 -1.527118e+01 0.000000e+00 0.000000e+00
8.650000e+00 0.000000e+00 0.000000e+00 -1.525413e+01 0.000000e+00 0.000000e+00
8.700000e+00 0.000000e+00 0.000000e+00 -1.525294e+01 0.000000e+00 0.000000e+00
8.750000e+00 0.000000e+00 0.000000e+00 -1.523087e+01 0.000000e+00 0.000000e+00
8.800000e+00 0.000000e+00 0.000000e+00 -1.522028e+01 0.000000e+00 0.000000e+00
8.850000e+00 0.000000e+00 0.000000e+00 -1.519255e+01 0.000000e+00 0.000000e+00
8.900000e+00 0.000000e+00 0.000000e+00 -1.516687e+01 0.000000e+00 0.000000e+00
8.950000e+00 0.000000e+00 0.000000e+00 -1.512636e+01 0.000000e+00 0.000000e+00
9.000000e+00 0.000000e+00 0.000000e+00 -1.507946e+01 0.000000e+00 0.000000e+00
9.050000e+00 0.000000e+00 0.000000e+00 -1.501589e+01 0.000000e+00 0.000000e+00
9.100000e+00 0.000000e+00 0.000000e+00 -1.493336e+01 0.000000e+00 0.000000e+00
9.150000e+00 0.000000e+00 0.000000e+00 -1.483228e+01 0.000000e+00 0.000000e+00
9.200000e+00 0.000000e+00 0.000000e+00 -1.469378e+01 0.000000e+00 0.000000e+00
9.250000e+00 0.000000e+00 0.000000e+00 -1.452611e+01 0.000000e+00 0.000000e+00
9.300000e+00 0.000000e+00 0.000000e+00 -1.430125e+01 0.000000e+00 0.000000e+00
9.350000e+00 0.000000e+00 0.000000e+00 -1.402681e+01 0.000000e+00 0.000000e+00
9.400000e+00 0.000000e+00 0.000000e+00 -1.366264e+01 0.000000e+00 0.000000e+00
9.450000e+00 0.000000e+00 0.000000e+00 -1.322209e+01 0.000000e+00 0.000000e+00
9.500000e+00 0.000000e+00 0.000000e+00 -1.264928e+01 0.000000e+00 0.000000e+00
9.550000e+00 0.000000e+00 0.000000e+00 -1.196181e+01 0.000000e+00 0.000000e+00
9.600000e+00 0.000000e+00 0.000000e+00 -1.109355e+01 0.000000e+00 0.000000e+00
9.650000e+00 0.000000e+00 0.000000e+00 -1.008157e+01 0.000000e+00 0.000000e+00
9.700000e+00 0.000000e+00 0.000000e+00 -8.859475e+00 0.000000e+00 0.000000e+00
9.750000e+00 0.000000e+00 0.000000e+00 -7.515639e+00 0.000000e+00 0.000000e+00
9.800000e+00 0.000000e+00 0.000000e+00 -6.024772e+00 0.000000e+00 0.000000e+00
9.850000e+00 0.000000e+00 0.000000e+00 -4.603624e+00 0.000000e+00 0.000000e+00
9.900000e+00 0.000000e+00 0.000000e+00 -3.387639e+00 0.000000e+00 0.000000e+00
9.950000e+00 0.000000e+00 0.000000e+00 -3.005204e+00 0.000000e+00 0.000000e+00
1.000000e+01 0.000000e+00 0.000000e+00 -4.509961e+00 0.000000e+00 0.000000e+00
0.000000e+00 2.000000e-02 1.176000e-03 -5.760000e+00 0.000000e+00 0.000000e+00
5.000000e-02 2.000000e-02 1.186902e-03 -5.733813e+00 1.167147e-01 -1.436324e-04
1.000000e-01 2.000000e-02 1.190363e-03 -5.735435e+00 1.168860e-01 -4.432814e-05
1.500000e-01 2.000000e-02 1.191334e-03 -5.740314e+00 1.169776e-01 -1.253756e-05
2.000000e-01 2.000000e-02 1.191617e-03 -5.744744e+00 1.170360e-01 -1.704211e-06
2.500000e-01 2.000000e-02 1.191505e-03 -5.748036e+00 1.170655e-01 1.038610e-05
3.000000e-01 2.000000e-02 1.190578e-03 -5.749322e+00 1.170350e-01 3.532720e-05
3.500000e-01 2.000000e-02 1.187972e-03 -5.747769e+00 1.168923e-01 7.926205e-05
4.000000e-01 2.000000e-02 1.182652e-03 -5.743868e+00 1.165897e-01 1.392914e-04
4.500000e-01 2.000000e-02 1.174043e-03 -5.740545e+00 1.161277e-01 1.990510e-04
5.000000e-01 2.000000e-02 1.162747e-03 -5.743163e+00 1.155921e-01 2.342377e-04
5.500000e-01 2.000000e-02 1.150619e-03 -5.758346e+00 1.151456e-01 2.269143e-04
6.000000e-01 2.000000e-02 1.140056e-03 -5.792461e+00 1.149744e-01 1.734528e-04
6.500000e-01 2.000000e-02 1.133274e-03 -5.850586e+00 1.152403e-01 7.891331e-05
7.000000e-01 2.000000e-02 1.132164e-03 -5.936087e+00 1.160699e-01 -5.057130e-05
7.500000e-01 2.000000e-02 1.138331e-03 -6.050557e+00 1.175589e-01 -2.066468e-04
8.000000e-01 2.000000e-02 1.152829e-03 -6.194073e+00 1.197604e-01 -3.755788e-04
8.500000e-01 2.000000e-02 1.175889e-03 -6.365780e+00 1.226760e-01 -5.433328e-04
9.000000e-01 2.000000e-02 1.207162e-03 -6.564534e+00 1.262745e-01 -7.037438e-04
9.500000e-01 2.000000e-02 1.246263e-03 -6.789236e+00 1.305251e-01 -8.578862e-04
1.000000e+00 2.000000e-02 1.292951e-03 -7.038853e+00 1.354063e-01 -1.006046e-03
1.050000e+00 2.000000e-02 1.346868e-03 -7.312427e+00 1.408914e-01 -1.144386e-03
1.100000e+00 2.000000e-02 1.407389e-03 -7.609188e+00 1.469409e-01 -1.269688e-03
1.150000e+00 2.000000e-02 1.473837e-03 -7.928607e+00 1.535152e-01 -1.383021e-03
1.200000e+00 2.000000e-02 1.545692e-03 -8.270250e+00 1.605841e-01 -1.486603e-03
1.250000e+00 2.000000e-02 1.622497e-03 -8.633522e+00 1.681191e-01 -1.579858e-03
1.300000e+00 2.000000e-02 1.703677e-03 -9.017492e+00 1.760808e-01 -1.661196e-03
1.350000e+00 2.000000e-02 1.788617e-03 -9.420720e+00 1.844220e-01 -1.731922e-03
1.400000e+00 2.000000e-02 1.876870e-03 -9.840976e+00 1.930957e-01 -1.795345e-03
1.450000e+00 2.000000e-02 1.968151e-03 -1.027488e+01 2.020518e-01 -1.852538e-03
1.500000e+00 2.000000e-02 2.062123e-03 -1.071764e+01 2.112224e-01 -1.902130e-03
1.550000e+00 2.000000e-02 2.158364e-03 -1.116299e+01 2.205187e-01 -1.945144e-03
1.600000e+00 2.000000e-02 2.256638e-03 -1.160314e+01 2.298463e-01 -1.986788e-03
1.650000e+00 2.000000e-02 2.357043e-03 -1.202873e+01 2.391139e-01 -2.029170e-03
1.700000e+00 2.000000e-02 2.459555e-03 -1.242897e+01 2.482125e-01 -2.060458e-03
1.750000e+00 2.000000e-02 2.563089e-03 -1.279256e+01 2.569767e-01 -2.052624e-03
1.800000e+00 2.000000e-02 2.664817e-03 -1.310938e+01 2.651669e-01 -1.973186e-03
1.850000e+00 2.000000e-02 2.760407e-03 -1.337256e+01 2.725014e-01 -1.803633e-03
1.900000e+00 2.000000e-02 2.845180e-03 -1.357998e+01 2.787299e-01 -1.551363e-03
1.950000e+00 2.000000e-02 2.915544e-03 -1.373453e+01 2.837080e-01 -1.247643e-03
2.000000e+00 2.000000e-02 2.969945e-03 -1.384312e+01 2.874340e-01 -9.345498e-04
2.050000e+00 2.000000e-02 3.008999e-03 -1.391486e+01 2.900351e-01 -6.498099e-04
2.100000e+00 2.000000e-02 3.034926e-03 -1.395924e+01 2.917201e-01 -4.171224e-04
2.150000e+00 2.000000e-02 3.050711e-03 -1.398469e+01 2.927230e-01 -2.442472e-04
2.200000e+00 2.000000e-02 3.059350e-03 -1.399794e+01 2.932595e-01 -1.267174e-04
2.250000e+00 2.000000e-02 3.063383e-03 -1.400385e+01 2.935025e-01 -5.355163e-05
2.300000e+00 2.000000e-02 3.064706e-03 -1.400569e+01 2.935765e-01 -1.220292e-05
2.350000e+00 2.000000e-02 3.064603e-03 -1.400547e+01 2.935637e-01 8.405553e-06
2.400000e+00 2.000000e-02 3.063865e-03 -1.400438e+01 2.935133e-01 1.666514e-05
2.450000e+00 2.000000e-02 3.062936e-03 -1.400304e+01 2.934526e-01 1.826012e-05
2.500000e+00 2.000000e-02 3.062039e-03 -1.400176e+01 2.933949e-01 1.669880e-05
2.550000e+00 2.000000e-02 3.061266e-03 -1.400066e+01 2.933455e-01 1.396458e-05
2.600000e+00 2.000000e-02 3.060643e-03 -1.399976e+01 2.933059e-01 1.107453e-05
2.650000e+00 2.000000e-02 3.060159e-03 -1.399907e+01 2.932752e-01 8.483059e-06
2.700000e+00 2.000000e-02 3.059794e-03 -1.399854e+01 2.932521e-01 6.342784e-06
2.750000e+00 2.000000e-02 3.059525e-03 -1.399815e+01 2.932350e-01 4.659377e-06
2.800000e+00 2.000000e-02 3.059328e-03 -1.399786e+01 2.932225e-01 3.376900e-06
2.850000e+00 2.000000e-02 3.059187e-03 -1.399765e+01 2.932135e-01 2.421392e-06
2.900000e+00 2.000000e-02 3.059086e-03 -1.399749e+01 2.932071e-01 1.721069e-06
2.950000e+00 2.000000e-02 3.059015e-03 -1.399739e+01 2.932026e-01 1.214224e-06
3.000000e+00 2.000000e-02 3.058965e-03 -1.399731e+01 2.931994e-01 8.511086e-07
3.050000e+00 2.000000e-02 3.058930e-03 -1.399725e+01 2.931971e-01 5.931578e-07
3.100000e+00 2.000000e-02 3.058905e-03 -1.399722e+01 2.931956e-01 4.112457e-07
3.150000e+00 2.000000e-02 3.058889e-03 -1.399719e+01 2.931945e-01 2.837837e-07
3.200000e+00 2.000000e-02 3.058877e-03 -1.399717e+01 2.931937e-01 1.949942e-07
3.250000e+00 2.000000e-02 3.058869e-03 -1.399716e+01 2.931932e-01 1.334754e-07
3.300000e+00 2.000000e-02 3.058864e-03 -1.399715e+01 2.931929e-01 9.106365e-08
3.350000e+00 2.000000e-02 3.058860e-03 -1.399714e+01 2.931926e-01 6.196019e-08
3.400000e+00 2.000000e-02 3.058858e-03 -1.399714e+01 2.931925e-01 4.207514e-08
3.450000e+00 2.000000e-02 3.058856e-03 -1.399714e+01 2.931924e-01 2.854229e-08
3.500000e+00 2.000000e-02 3.058855e-03 -1.399713e+01 2.931923e-01 1.936488e-08
3.550000e+00 2.000000e-02 3.058854e-03 -1.399713e+01 2.931922e-01 1.315964e-08
3.600000e+00 2.000000e-02 3.058853e-03 -1.399713e+01 2.931922e-01 8.973482e-09
3.650000e+00 2.000000e-02 3.058853e-03 -1.399713e+01 2.931922e-01 6.153091e-09
3.700000e+00 2.000000e-02 3.058853e-03 -1.399713e+01 2.931922e-01 4.252942e-09
3.750000e+00 2.000000e-02 3.058853e-03 -1.399713e+01 2.931921e-01 2.970716e-09
3.800000e+00 2.000000e-02 3.058852e-03 -1.399713e+01 2.931921e-01 2.102270e-09
3.850000e+00 2.000000e-02 3.058852e-03 -1.399713e+01 2.931921e-01 1.510407e-09
3.900000e+00 2.000000e-02 3.058852e-03 -1.399713e+01 2.931921e-01 1.103341e-09
3.950000e+00 2.000000e-02 3.058852e-03 -1.399713e+01 2.931921e-01 8.199171e-10
4.000000e+00 2.000000e-02 3.058852e-03 -1.399713e+01 2.931921e-01 6.195378e-10
4.050000e+00 2.000000e-02 3.058852e-03 -1.399713e+01 2.931921e-01 4.753207e-10
4.100000e+00 2.000000e-02 3.058852e-03 -1.399713e+01 2.931921e-01 3.694877e-10
4.150000e+00 2.000000e-02 3.058852e-03 -1.399713e+01 2.931921e-01 2.902720e-10
4.200000e+00 2.000000e-02 3.058852e-03 -1.399713e+01 2.931921e-01 2.298563e-10
4.250000e+00 2.000000e-02 3.058852e-03 -1.399713e+01 2.931921e-01 1.830083e-10
4.300000e+00 2.000000e-02 3.058852e-03 -1.399713e+01 2.931921e-01 1.461824e-10
4.350000e+00 2.000000e-02 3.058852e-03 -1.399713e+01 2.931921e-01 1.169339e-10
4.400000e+00 2.000000e-02 3.058852e-03 -1.399713e+01 2.931921e-01 9.353826e-11
4.450000e+00 2.000000e-02 3.058852e-03 -1.399713e+01 2.931921e-01 7.474584e-11
4.500000e+00 2.000000e-02 3.058852e-03 -1.399713e+01 2.931921e-01 5.962483e-11
4.550000e+00 2.000000e-02 3.058852e-03 -1.399713e+01 2.931921e-01 4.746037e-11
4.600000e+00 2.000000e-02 3.058852e-03 -1.399713e+01 2.931921e-01 3.769061e-11
4.650000e+00 2.000000e-02 3.058852e-03 -1.399713e+01 2.931921e-01 2.986505e-11
4.700000e+00 2.000000e-02 3.058852e-03 -1.399713e+01 2.931921e-01 2.361749e-11
4.750000e+00 2.000000e-02 3.058852e-03 -1.399713e+01 2.931921e-01 1.864786e-11
4.800000e+00 2.000000e-02 3.058852e-03 -1.399713e+01 2.931921e-01 1.470921e-11
4.850000e+00 2.000000e-02 3.058852e-03 -1.399713e+01 2.931921e-01 1.159850e-11
4.900000e+00 2.000000e-02 3.058852e-03 -1.399713e+01 2.931921e-01 9.149521e-12
4.950000e+00 2.000000e-02 3.058852e-03 -1.399713e+01 2.931921e-01 7.227192e-12
5.000000e+00 2.000000e-02 3.058852e-03 -1.399713e+01 2.931921e-01 5.722241e-12
5.050000e+00 2.000000e-02 3.058852e-03 -1.399713e+01 2.931921e-01 4.547447e-12
5.100000e+00 2.000000e-02 3.058852e-03 -1.399713e+01 2.931921e-01 3.634376e-12
5.150000e+00 2.000000e-02 3.058852e-03 -1.399713e+01 2.931921e-01 2.930156e-12
5.200000e+00 2.000000e-02 3.058852e-03 -1.399713e+01 2.931921e-01 2.395293e-12
5.250000e+00 2.000000e-02 3.058852e-03 -1.399713e+01 2.931921e-01 2.001650e-12
5.300000e+00 2.000000e-02 3.058852e-03 -1.399713e+01 2.931921e-01 1.731141e-12
5.350000e+00 2.000000e-02 3.058852e-03 -1.399713e+01 2.931921e-01 1.574825e-12
5.400000e+00 2.000000e-02 3.058852e-03 -1.399713e+01 2.931921e-01 1.532385e-12
5.450000e+00 2.000000e-02 3.058852e-03 -1.399713e+01 2.931921e-01 1.612226e-12
5.500000e+00 2.000000e-02 3.058852e-03 -1.399713e+01 2.931921e-01 1.832384e-12
5.550000e+00 2.000000e-02 3.058852e-03 -1.399713e+01 2.931921e-01 2.221843e-12
5.600000e+00 2.000000e-02 3.058852e-03 -1.399713e+01 2.931921e-01 2.822560e-12
5.650000e+00 2.000000e-02 3.058852e-03 -1.399713e+01 2.931921e-01 3.692784e-12
5.700000e+00 2.000000e-02 3.058852e-03 -1.399713e+01 2.931921e-01 4.911232e-12
5.750000e+00 2.000000e-02 3.058852e-03 -1.399713e+01 2.931921e-01 6.583011e-12
5.800000e+00 2.000000e-02 3.058852e-03 -1.399713e+01 2.931921e-01 8.847294e-12
5.850000e+00 2.000000e-02 3.058852e-03 -1.399713e+01 2.931921e-01 1.188753e-11
5.900000e+00 2.000000e-02 3.058852e-03 -1.399713e+01 2.931921e-01 1.594477e-11
5.950000e+00 2.000000e-02 3.058852e-03 -1.399713e+01 2.931921e-01 2.133537e-11
6.000000e+00 2.000000e-02 3.058852e-03 -1.399713e+01 2.931921e-01 2.847372e-11
6.050000e+00 2.000000e-02 3.058852e-03 -1.399713e+01 2.931921e-01 3.790204e-11
6.100000e+00 2.000000e-02 3.058852e-03 -1.399713e+01 2.931921e-01 5.032953e-11
6.150000e+00 2.000000e-02 3.058852e-03 -1.399713e+01 2.931921e-01 6.668301e-11
6.200000e+00 2.000000e-02 3.058852e-03 -1.399713e+01 2.931921e-01 8.817290e-11
6.250000e+00 2.000000e-02 3.058852e-03 -1.399713e+01 2.931921e-01 1.163797e-10
6.300000e+00 2.000000e-02 3.058852e-03 -1.399713e+01 2.931921e-01 1.533658e-10
6.350000e+00 2.000000e-02 3.058852e-03 -1.399713e+01 2.931921e-01 2.018217e-10
6.400000e+00 2.000000e-02 3.058852e-03 -1.399713e+01 2.931921e-01 2.652559e-10
6.450000e+00 2.000000e-02 3.058852e-03 -1.399713e+01 2.931921e-01 3.482424e-10
6.500000e+00 2.000000e-02 3.058852e-03 -1.399713e+01 2.931921e-01 4.567425e-10
6.550000e+00 2.000000e-02 3.058852e-03 -1.399713e+01 2.931921e-01 5.985229e-10
6.600000e+00 2.000000e-02 3.058852e-03 -1.399713e+01 2.931921e-01 7.837009e-10
6.650000e+00 2.000000e-02 3.058852e-03 -1.399713e+01 2.931921e-01 1.025452e-09
6.700000e+00 2.000000e-02 3.058852e-03 -1.399713e+01 2.931921e-01 1.340928e-09
6.750000e+00 2.000000e-02 3.058852e-03 -1.399713e+01 2.931921e-01 1.752460e-09
6.800000e+00 2.000000e-02 3.058852e-03 -1.399713e+01 2.931921e-01 2.289103e-09
6.850000e+00 2.000000e-02 3.058852e-03 -1.399713e+01 2.931921e-01 2.988665e-09
6.900000e+00 2.000000e-02 3.058851e-03 -1.399713e+01 2.931921e-01 3.900330e-09
6.950000e+00 2.000000e-02 3.058851e-03 -1.399713e+01 2.931920e-01 5.088062e-09
7.000000e+00 2.000000e-02 3.058851e-03 -1.399713e+01 2.931920e-01 6.635041e-09
7.050000e+00 2.000000e-02 3.058851e-03 -1.399713e+01 2.931920e-01 8.649408e-09
7.100000e+00 2.000000e-02 3.058850e-03 -1.399713e+01 2.931920e-01 1.127173e-08
7.150000e+00 2.000000e-02 3.058849e-03 -1.399713e+01 2.931919e-01 1.468470e-08
7.200000e+00 2.000000e-02 3.058849e-03 -1.399712e+01 2.931919e-01 1.912571e-08
7.250000e+00 2.000000e-02 3.058847e-03 -1.399712e+01 2.931918e-01 2.490314e-08
7.300000e+00 2.000000e-02 3.058846e-03 -1.399712e+01 2.931917e-01 3.241762e-08
7.350000e+00 2.000000e-02 3.058844e-03 -1.399712e+01 2.931916e-01 4.218938e-08
7.400000e+00 2.000000e-02 3.058842e-03 -1.399711e+01 2.931914e-01 5.489401e-08
7.450000e+00 2.000000e-02 3.058839e-03 -1.399711e+01 2.931912e-01 7.140835e-08
7.500000e+00 2.000000e-02 3.058835e-03 -1.399710e+01 2.931910e-01 9.287156e-08
7.550000e+00 2.000000e-02 3.058829e-03 -1.399709e+01 2.931906e-01 1.207583e-07
7.600000e+00 2.000000e-02 3.058823e-03 -1.399708e+01 2.931901e-01 1.569949e-07
7.650000e+00 2.000000e-02 3.058814e-03 -1.399706e+01 2.931895e-01 2.040380e-07
7.700000e+00 2.000000e-02 3.058802e-03 -1.399704e+01 2.931888e-01 2.652091e-07
7.750000e+00 2.000000e-02 3.058787e-03 -1.399702e+01 2.931878e-01 3.444007e-07
7.800000e+00 2.000000e-02 3.058768e-03 -1.399698e+01 2.931865e-01 4.478911e-07
7.850000e+00 2.000000e-02 3.058742e-03 -1.399694e+01 2.931848e-01 5.802985e-07
7.900000e+00 2.000000e-02 3.058710e-03 -1.399688e+01 2.931826e-01 7.572969e-07
7.950000e+00 2.000000e-02 3.058667e-03 -1.399681e+01 2.931797e-01 9.735876e-07
8.000000e+00 2.000000e-02 3.058612e-03 -1.399671e+01 2.931760e-01 1.287242e-06
8.050000e+00 2.000000e-02 3.058538e-03 -1.399658e+01 2.931710e-01 1.615836e-06
8.100000e+00 2.000000e-02 3.058451e-03 -1.399642e+01 2.931652e-01 2.218350e-06
8.150000e+00 2.000000e-02 3.058316e-03 -1.399619e+01 2.931560e-01 2.621248e-06
8.200000e+00 2.000000e-02 3.058189e-03 -1.399594e+01 2.931476e-01 3.912494e-06
8.250000e+00 2.000000e-02 3.057925e-03 -1.399552e+01 2.931293e-01 4.109917e-06
8.300000e+00 2.000000e-02 3.057778e-03 -1.399516e+01 2.931203e-01 7.029005e-06
8.350000e+00 2.000000e-02 3.057222e-03 -1.399433e+01 2.930809e-01 6.320504e-06
8.400000e+00 2.000000e-02 3.057146e-03 -1.399391e+01 2.930789e-01 1.242257e-05
8.450000e+00 2.000000e-02 3.055980e-03 -1.399222e+01 2.929946e-01 1.025286e-05
8.500000e+00 2.000000e-02 3.056120e-03 -1.399188e+01 2.930122e-01 2.049996e-05
8.550000e+00 2.000000e-02 3.053930e-03 -1.398865e+01 2.928518e-01 1.883712e-05
8.600000e+00 2.000000e-02 3.054237e-03 -1.398834e+01 2.928883e-01 3.103954e-05
8.650000e+00 2.000000e-02 3.050826e-03 -1.398296e+01 2.926369e-01 3.648409e-05
8.700000e+00 2.000000e-02 3.050588e-03 -1.398178e+01 2.926427e-01 4.651834e-05
8.750000e+00 2.000000e-02 3.046174e-03 -1.397413e+01 2.923191e-01 6.532782e-05
8.800000e+00 2.000000e-02 3.044055e-03 -1.396999e+01 2.921957e-01 7.663578e-05
8.850000e+00 2.000000e-02 3.038510e-03 -1.395962e+01 2.917986e-01 1.068200e-04
8.900000e+00 2.000000e-02 3.033373e-03 -1.395034e+01 2.914630e-01 1.323879e-04
8.950000e+00 2.000000e-02 3.025272e-03 -1.393441e+01 2.908923e-01 1.748088e-04
9.000000e+00 2.000000e-02 3.015893e-03 -1.391813e+01 2.902683e-01 2.209274e-04
9.050000e+00 2.000000e-02 3.003179e-03 -1.389153e+01 2.893692e-01 2.922035e-04
9.100000e+00 2.000000e-02 2.986672e-03 -1.386354e+01 2.882638e-01 3.672335e-04
9.150000e+00 2.000000e-02 2.966456e-03 -1.382020e+01 2.868343e-01 4.791523e-04
9.200000e+00 2.000000e-02 2.938757e-03 -1.377099e+01 2.849512e-01 6.123446e-04
9.250000e+00 2.000000e-02 2.905221e-03 -1.370007e+01 2.825876e-01 7.850613e-04
9.300000e+00 2.000000e-02 2.860251e-03 -1.361553e+01 2.794875e-01 9.985968e-04
9.350000e+00 2.000000e-02 2.805361e-03 -1.349778e+01 2.755970e-01 1.277231e-03
9.400000e+00 2.000000e-02 2.732528e-03 -1.335322e+01 2.704989e-01 1.609431e-03
9.450000e+00 2.000000e-02 2.644418e-03 -1.315779e+01 2.641819e-01 2.026723e-03
9.500000e+00 2.000000e-02 2.529855e-03 -1.291214e+01 2.559809e-01 2.520561e-03
9.550000e+00 2.000000e-02 2.392362e-03 -1.258662e+01 2.458998e-01 3.111460e-03
9.600000e+00 2.000000e-02 2.218709e-03 -1.217425e+01 2.330578e-01 3.760481e-03
9.650000e+00 2.000000e-02 2.016314e-03 -1.163765e+01 2.176150e-01 4.468143e-03
9.700000e+00 2.000000e-02 1.771895e-03 -1.096258e+01 1.985581e-01 5.131862e-03
9.750000e+00 2.000000e-02 1.503128e-03 -1.011157e+01 1.766077e-01 5.669405e-03
9.800000e+00 2.000000e-02 1.204954e-03 -9.085252e+00 1.512320e-01 5.824031e-03
9.850000e+00 2.000000e-02 9.207248e-04 -7.901930e+00 1.250369e-01 5.274266e-03
9.900000e+00 2.000000e-02 6.775278e-04 -6.696186e+00 1.002672e-01 3.196841e-03
9.950000e+00 2.000000e-02 6.010407e-04 -6.002577e+00 8.752683e-02 -4.984722e-03
1.000000e+01 2.000000e-02 1.176000e-03 -6.014719e+00 0.000000e+00 0.000000e+00
0.000000e+00 4.000000e-02 4.656000e-03 -5.520000e+00 0.000000e+00 0.000000e+00
5.000000e-02 4.000000e-02 4.668586e-03 -5.511498e+00 2.292224e-01 -1.943947e-04
1.000000e-01 4.000000e-02 4.675439e-03 -5.508464e+00 2.293521e-01 -1.051913e-04
1.500000e-01 4.000000e-02 4.679105e-03 -5.509366e+00 2.294892e-01 -6.001014e-05
2.000000e-01 4.000000e-02 4.681440e-03 -5.511891e+00 2.296173e-01 -3.514340e-05
2.500000e-01 4.000000e-02 4.682620e-03 -5.515755e+00 2.297275e-01 4.041247e-07
3.000000e-01 4.000000e-02 4.681400e-03 -5.522442e+00 2.297922e-01 6.929615e-05
3.500000e-01 4.000000e-02 4.675690e-03 -5.533898e+00 2.297655e-01 1.781113e-04
4.000000e-01 4.000000e-02 4.663589e-03 -5.551432e+00 2.296097e-01 3.058024e-04
4.500000e-01 4.000000e-02 4.645110e-03 -5.575513e+00 2.293524e-01 3.990559e-04
5.000000e-01 4.000000e-02 4.623683e-03 -5.606203e+00 2.291364e-01 3.928760e-04
5.500000e-01 4.000000e-02 4.605822e-03 -5.643624e+00 2.292044e-01 2.470613e-04
6.000000e-01 4.000000e-02 4.598977e-03 -5.688126e+00 2.298202e-01 -3.788946e-05
6.500000e-01 4.000000e-02 4.609611e-03 -5.740187e+00 2.312023e-01 -4.381833e-04
7.000000e-01 4.000000e-02 4.642796e-03 -5.800229e+00 2.335131e-01 -9.274290e-04
7.500000e-01 4.000000e-02 4.702354e-03 -5.868500e+00 2.368678e-01 -1.476203e-03
8.000000e-01 4.000000e-02 4.790416e-03 -5.945060e+00 2.413220e-01 -2.046846e-03
8.500000e-01 4.000000e-02 4.907039e-03 -6.029835e+00 2.468632e-01 -2.605655e-03
9.000000e-01 4.000000e-02 5.050981e-03 -6.122680e+00 2.534402e-01 -3.139666e-03
9.500000e-01 4.000000e-02 5.221005e-03 -6.223442e+00 2.610072e-01 -3.652715e-03
1.000000e+00 4.000000e-02 5.416253e-03 -6.332054e+00 2.695356e-01 -4.146499e-03
1.050000e+00 4.000000e-02 5.635655e-03 -6.448667e+00 2.789928e-01 -4.613835e-03
1.100000e+00 4.000000e-02 5.877636e-03 -6.573820e+00 2.893359e-01 -5.049509e-03
1.150000e+00 4.000000e-02 6.140606e-03 -6.708663e+00 3.005306e-01 -5.457272e-03
1.200000e+00 4.000000e-02 6.423364e-03 -6.855157e+00 3.125658e-01 -5.841574e-03
1.250000e+00 4.000000e-02 6.724763e-03 -7.016131e+00 3.254392e-01 -6.198703e-03
1.300000e+00 4.000000e-02 7.043234e-03 -7.195128e+00 3.391377e-01 -6.521146e-03
1.350000e+00 4.000000e-02 7.376878e-03 -7.396065e+00 3.536359e-01 -6.805937e-03
1.400000e+00 4.000000e-02 7.723828e-03 -7.622767e+00 3.689014e-01 -7.051958e-03
1.450000e+00 4.000000e-02 8.082074e-03 -7.878401e+00 3.848808e-01 -7.250673e-03
1.500000e+00 4.000000e-02 8.448895e-03 -8.164784e+00 4.014705e-01 -7.386730e-03
1.550000e+00 4.000000e-02 8.820747e-03 -8.481649e+00 4.185051e-01 -7.449589e-03
1.600000e+00 4.000000e-02 9.193854e-03 -8.825951e+00 4.357696e-01 -7.438099e-03
1.650000e+00 4.000000e-02 9.564557e-03 -9.191234e+00 4.530072e-01 -7.346446e-03
1.700000e+00 4.000000e-02 9.928498e-03 -9.567169e+00 4.698954e-01 -7.145108e-03
1.750000e+00 4.000000e-02 1.027907e-02 -9.939720e+00 4.860125e-01 -6.781778e-03
1.800000e+00 4.000000e-02 1.060668e-02 -1.029255e+01 5.008483e-01 -6.209876e-03
1.850000e+00 4.000000e-02 1.090006e-02 -1.060983e+01 5.138887e-01 -5.425185e-03
1.900000e+00 4.000000e-02 1.114919e-02 -1.087962e+01 5.247454e-01 -4.482666e-03
1.950000e+00 4.000000e-02 1.134832e-02 -1.109626e+01 5.332602e-01 -3.481656e-03
2.000000e+00 4.000000e-02 1.149736e-02 -1.126076e+01 5.395311e-01 -2.530817e-03
2.050000e+00 4.000000e-02 1.160140e-02 -1.137927e+01 5.438594e-01 -1.714416e-03
2.100000e+00 4.000000e-02 1.166880e-02 -1.146066e+01 5.466524e-01 -1.075181e-03
2.150000e+00 4.000000e-02 1.170892e-02 -1.151419e+01 5.483286e-01 -6.157869e-04
2.200000e+00 4.000000e-02 1.173038e-02 -1.154806e+01 5.492524e-01 -3.117653e-04
2.250000e+00 4.000000e-02 1.174010e-02 -1.156876e+01 5.497054e-01 -1.268022e-04
2.300000e+00 4.000000e-02 1.174306e-02 -1.158101e+01 5.498854e-01 -2.448952e-05
2.350000e+00 4.000000e-02 1.174255e-02 -1.158803e+01 5.499203e-01 2.528865e-05
2.400000e+00 4.000000e-02 1.174053e-02 -1.159192e+01 5.498871e-01 4.443697e-05
2.450000e+00 4.000000e-02 1.173810e-02 -1.159398e+01 5.498284e-01 4.737580e-05
2.500000e+00 4.000000e-02 1.173579e-02 -1.159501e+01 5.497660e-01 4.281448e-05
2.550000e+00 4.000000e-02 1.173382e-02 -1.159547e+01 5.497099e-01 3.558923e-05
2.600000e+00 4.000000e-02 1.173224e-02 -1.159563e+01 5.496632e-01 2.813773e-05
2.650000e+00 4.000000e-02 1.173101e-02 -1.159565e+01 5.496263e-01 2.152510e-05
2.700000e+00 4.000000e-02 1.173008e-02 -1.159560e+01 5.495980e-01 1.609083e-05
2.750000e+00 4.000000e-02 1.172940e-02 -1.159552e+01 5.495767e-01 1.182621e-05
2.800000e+00 4.000000e-02 1.172890e-02 -1.159544e+01 5.495611e-01 8.579566e-06
2.850000e+00 4.000000e-02 1.172854e-02 -1.159537e+01 5.495496e-01 6.160092e-06
2.900000e+00 4.000000e-02 1.172828e-02 -1.159532e+01 5.495414e-01 4.385308e-06
2.950000e+00 4.000000e-02 1.172810e-02 -1.159527e+01 5.495355e-01 3.099276e-06
3.000000e+00 4.000000e-02 1.172797e-02 -1.159523e+01 5.495314e-01 2.176570e-06
3.050000e+00 4.000000e-02 1.172788e-02 -1.159521e+01 5.495284e-01 1.520004e-06
3.100000e+00 4.000000e-02 1.172782e-02 -1.159518e+01 5.495263e-01 1.056144e-06
3.150000e+00 4.000000e-02 1.172778e-02 -1.159517e+01 5.495249e-01 7.305011e-07
3.200000e+00 4.000000e-02 1.172775e-02 -1.159516e+01 5.495239e-01 5.031988e-07
3.250000e+00 4.000000e-02 1.172773e-02 -1.159515e+01 5.495232e-01 3.453719e-07
3.300000e+00 4.000000e-02 1.172771e-02 -1.159514e+01 5.495227e-01 2.363173e-07
3.350000e+00 4.000000e-02 1.172771e-02 -1.159514e+01 5.495224e-01 1.613027e-07
3.400000e+00 4.000000e-02 1.172770e-02 -1.159514e+01 5.495222e-01 1.099170e-07
3.450000e+00 4.000000e-02 1.172769e-02 -1.159513e+01 5.495220e-01 7.484960e-08
3.500000e+00 4.000000e-02 1.172769e-02 -1.159513e+01 5.495219e-01 5.099721e-08
3.550000e+00 4.000000e-02 1.172769e-02 -1.159513e+01 5.495218e-01 3.481697e-08
3.600000e+00 4.000000e-02 1.172769e-02 -1.159513e+01 5.495218e-01 2.386235e-08
3.650000e+00 4.000000e-02 1.172769e-02 -1.159513e+01 5.495218e-01 1.645256e-08
3.700000e+00 4.000000e-02 1.172769e-02 -1.159513e+01 5.495217e-01 1.143858e-08
3.750000e+00 4.000000e-02 1.172769e-02 -1.159513e+01 5.495217e-01 8.038764e-09
3.800000e+00 4.000000e-02 1.172769e-02 -1.159513e+01 5.495217e-01 5.723847e-09
3.850000e+00 4.000000e-02 1.172769e-02 -1.159513e+01 5.495217e-01 4.137108e-09
3.900000e+00 4.000000e-02 1.172769e-02 -1.159513e+01 5.495217e-01 3.039131e-09
3.950000e+00 4.000000e-02 1.172768e-02 -1.159513e+01 5.495217e-01 2.269850e-09
4.000000e+00 4.000000e-02 1.172768e-02 -1.159513e+01 5.495217e-01 1.722585e-09
4.050000e+00 4.000000e-02 1.172768e-02 -1.159513e+01 5.495217e-01 1.326394e-09
4.100000e+00 4.000000e-02 1.172768e-02 -1.159513e+01 5.495217e-01 1.034129e-09
4.150000e+00 4.000000e-02 1.172768e-02 -1.159513e+01 5.495217e-01 8.144104e-10
4.200000e+00 4.000000e-02 1.172768e-02 -1.159513e+01 5.495217e-01 6.462627e-10
4.250000e+00 4.000000e-02 1.172768e-02 -1.159513e+01 5.495217e-01 5.155497e-10
4.300000e+00 4.000000e-02 1.172768e-02 -1.159513e+01 5.495217e-01 4.126234e-10
4.350000e+00 4.000000e-02 1.172768e-02 -1.159513e+01 5.495217e-01 3.307818e-10
4.400000e+00 4.000000e-02 1.172768e-02 -1.159513e+01 5.495217e-01 2.652645e-10
4.450000e+00 4.000000e-02 1.172768e-02 -1.159513e+01 5.495217e-01 2.126018e-10
4.500000e+00 4.000000e-02 1.172768e-02 -1.159513e+01 5.495217e-01 1.701948e-10
4.550000e+00 4.000000e-02 1.172768e-02 -1.159513e+01 5.495217e-01 1.360441e-10
4.600000e+00 4.000000e-02 1.172768e-02 -1.159513e+01 5.495217e-01 1.085770e-10
4.650000e+00 4.000000e-02 1.172768e-02 -1.159513e+01 5.495217e-01 8.653264e-11
4.700000e+00 4.000000e-02 1.172768e-02 -1.159513e+01 5.495217e-01 6.888759e-11
4.750000e+00 4.000000e-02 1.172768e-02 -1.159513e+01 5.495217e-01 5.480453e-11
4.800000e+00 4.000000e-02 1.172768e-02 -1.159513e+01 5.495217e-01 4.359598e-11
4.850000e+00 4.000000e-02 1.172768e-02 -1.159513e+01 5.495217e-01 3.469780e-11
4.900000e+00 4.000000e-02 1.172768e-02 -1.159513e+01 5.495217e-01 2.764868e-11
4.950000e+00 4.000000e-02 1.172768e-02 -1.159513e+01 5.495217e-01 2.207384e-11
5.000000e+00 4.000000e-02 1.172768e-02 -1.159513e+01 5.495217e-01 1.767054e-11
5.050000e+00 4.000000e-02 1.172768e-02 -1.159513e+01 5.495217e-01 1.419705e-11
5.100000e+00 4.000000e-02 1.172768e-02 -1.159513e+01 5.495217e-01 1.146295e-11
5.150000e+00 4.000000e-02 1.172768e-02 -1.159513e+01 5.495217e-01 9.321034e-12
5.200000e+00 4.000000e-02 1.172768e-02 -1.159513e+01 5.495217e-01 7.660435e-12
5.250000e+00 4.000000e-02 1.172768e-02 -1.159513e+01 5.495217e-01 6.401182e-12
5.300000e+00 4.000000e-02 1.172768e-02 -1.159513e+01 5.495217e-01 5.490643e-12
5.350000e+00 4.000000e-02 1.172768e-02 -1.159513e+01 5.495217e-01 4.900871e-12
5.400000e+00 4.000000e-02 1.172768e-02 -1.159513e+01 5.495217e-01 4.627305e-12
5.450000e+00 4.000000e-02 1.172768e-02 -1.159513e+01 5.495217e-01 4.688507e-12
5.500000e+00 4.000000e-02 1.172768e-02 -1.159513e+01 5.495217e-01 5.128675e-12
5.550000e+00 4.000000e-02 1.172768e-02 -1.159513e+01 5.495217e-01 6.021069e-12
5.600000e+00 4.000000e-02 1.172768e-02 -1.159513e+01 5.495217e-01 7.473189e-12
5.650000e+00 4.000000e-02 1.172768e-02 -1.159513e+01 5.495217e-01 9.635487e-12
5.700000e+00 4.000000e-02 1.172768e-02 -1.159513e+01 5.495217e-01 1.271238e-11
5.750000e+00 4.000000e-02 1.172768e-02 -1.159513e+01 5.495217e-01 1.697784e-11
5.800000e+00 4.000000e-02 1.172768e-02 -1.159513e+01 5.495217e-01 2.279572e-11
5.850000e+00 4.000000e-02 1.172768e-02 -1.159513e+01 5.495217e-01 3.064641e-11
5.900000e+00 4.000000e-02 1.172768e-02 -1.159513e+01 5.495217e-01 4.116220e-11
5.950000e+00 4.000000e-02 1.172768e-02 -1.159513e+01 5.495217e-01 5.517418e-11
6.000000e+00 4.000000e-02 1.172768e-02 -1.159513e+01 5.495217e-01 7.377231e-11
6.050000e+00 4.000000e-02 1.172768e-02 -1.159513e+01 5.495217e-01 9.838427e-11
6.100000e+00 4.000000e-02 1.172768e-02 -1.159513e+01 5.495217e-01 1.308794e-10
6.150000e+00 4.000000e-02 1.172768e-02 -1.159513e+01 5.495217e-01 1.737027e-10
6.200000e+00 4.000000e-02 1.172768e-02 -1.159513e+01 5.495217e-01 2.300504e-10
6.250000e+00 4.000000e-02 1.172768e-02 -1.159513e+01 5.495217e-01 3.040993e-10
6.300000e+00 4.000000e-02 1.172768e-02 -1.159513e+01 5.495217e-01 4.013043e-10
6.350000e+00 4.000000e-02 1.172768e-02 -1.159513e+01 5.495217e-01 5.287872e-10
6.400000e+00 4.000000e-02 1.172768e-02 -1.159513e+01 5.495217e-01 6.958430e-10
6.450000e+00 4.000000e-02 1.172768e-02 -1.159513e+01 5.495217e-01 9.145982e-10
6.500000e+00 4.000000e-02 1.172768e-02 -1.159513e+01 5.495217e-01 1.200869e-09
6.550000e+00 4.000000e-02 1.172768e-02 -1.159513e+01 5.495217e-01 1.575280e-09
6.600000e+00 4.000000e-02 1.172768e-02 -1.159513e+01 5.495217e-01 2.064713e-09
6.650000e+00 4.000000e-02 1.172768e-02 -1.159513e+01 5.495217e-01 2.704206e-09
6.700000e+00 4.000000e-02 1.172768e-02 -1.159513e+01 5.495216e-01 3.539407e-09
6.750000e+00 4.000000e-02 1.172768e-02 -1.159513e+01 5.495216e-01 4.629783e-09
6.800000e+00 4.000000e-02 1.172768e-02 -1.159513e+01 5.495216e-01 6.052779e-09
6.850000e+00 4.000000e-02 1.172768e-02 -1.159513e+01 5.495216e-01 7.909232e-09
6.900000e+00 4.000000e-02 1.172768e-02 -1.159513e+01 5.495216e-01 1.033042e-08
6.950000e+00 4.000000e-02 1.172768e-02 -1.159513e+01 5.495216e-01 1.348721e-08
7.000000e+00 4.000000e-02 1.172768e-02 -1.159513e+01 5.495216e-01 1.760194e-08
7.050000e+00 4.000000e-02 1.172768e-02 -1.159513e+01 5.495215e-01 2.296390e-08
7.100000e+00 4.000000e-02 1.172768e-02 -1.159513e+01 5.495215e-01 2.994943e-08
7.150000e+00 4.000000e-02 1.172768e-02 -1.159513e+01 5.495214e-01 3.904797e-08
7.200000e+00 4.000000e-02 1.172767e-02 -1.159513e+01 5.495214e-01 5.089598e-08
7.250000e+00 4.000000e-02 1.172767e-02 -1.159513e+01 5.495213e-01 6.632096e-08
7.300000e+00 4.000000e-02 1.172767e-02 -1.159513e+01 5.495212e-01 8.639861e-08
7.350000e+00 4.000000e-02 1.172766e-02 -1.159513e+01 5.495210e-01 1.125269e-07
7.400000e+00 4.000000e-02 1.172766e-02 -1.159513e+01 5.495208e-01 1.465229e-07
7.450000e+00 4.000000e-02 1.172765e-02 -1.159513e+01 5.495206e-01 1.907462e-07
7.500000e+00 4.000000e-02 1.172764e-02 -1.159513e+01 5.495202e-01 2.482654e-07
7.550000e+00 4.000000e-02 1.172762e-02 -1.159513e+01 5.495198e-01 3.230546e-07
7.600000e+00 4.000000e-02 1.172761e-02 -1.159513e+01 5.495192e-01 4.203137e-07
7.650000e+00 4.000000e-02 1.172758e-02 -1.159513e+01 5.495185e-01 5.466636e-07
7.700000e+00 4.000000e-02 1.172755e-02 -1.159513e+01 5.495175e-01 7.111145e-07
7.750000e+00 4.000000e-02 1.172751e-02 -1.159512e+01 5.495162e-01 9.240844e-07
7.800000e+00 4.000000e-02 1.172746e-02 -1.159512e+01 5.495146e-01 1.202872e-06
7.850000e+00 4.000000e-02 1.172739e-02 -1.159512e+01 5.495124e-01 1.559136e-06
7.900000e+00 4.000000e-02 1.172730e-02 -1.159512e+01 5.495097e-01 2.037609e-06
7.950000e+00 4.000000e-02 1.172719e-02 -1.159511e+01 5.495060e-01 2.618191e-06
8.000000e+00 4.000000e-02 1.172704e-02 -1.159511e+01 5.495015e-01 3.472560e-06
8.050000e+00 4.000000e-02 1.172684e-02 -1.159510e+01 5.494950e-01 4.343856e-06
8.100000e+00 4.000000e-02 1.172661e-02 -1.159509e+01 5.494880e-01 6.010306e-06
8.150000e+00 4.000000e-02 1.172624e-02 -1.159507e+01 5.494755e-01 7.024212e-06
8.200000e+00 4.000000e-02 1.172590e-02 -1.159507e+01 5.494668e-01 1.067479e-05
8.250000e+00 4.000000e-02 1.172517e-02 -1.159503e+01 5.494399e-01 1.092316e-05
8.300000e+00 4.000000e-02 1.172481e-02 -1.159502e+01 5.494356e-01 1.935480e-05
8.350000e+00 4.000000e-02 1.172324e-02 -1.159497e+01 5.493732e-01 1.657721e-05
8.400000e+00 4.000000e-02 1.172315e-02 -1.159489e+01 5.493914e-01 3.449758e-05
8.450000e+00 4.000000e-02 1.171979e-02 -1.159497e+01 5.492524e-01 2.666540e-05
8.500000e+00 4.000000e-02 1.172049e-02 -1.159451e+01 5.493212e-01 5.712576e-05
8.550000e+00 4.000000e-02 1.171407e-02 -1.159519e+01 5.490560e-01 4.955704e-05
8.600000e+00 4.000000e-02 1.171553e-02 -1.159361e+01 5.491766e-01 8.598880e-05
8.650000e+00 4.000000e-02 1.170547e-02 -1.159571e+01 5.487765e-01 9.823929e-05
8.700000e+00 4.000000e-02 1.170571e-02 -1.159230e+01 5.488613e-01 1.271048e-04
8.750000e+00 4.000000e-02 1.169276e-02 -1.159571e+01 5.483837e-01 1.787999e-04
8.800000e+00 4.000000e-02 1.168783e-02 -1.159167e+01 5.482777e-01 2.081787e-04
8.850000e+00 4.000000e-02 1.167195e-02 -1.159353e+01 5.477281e-01 2.930756e-04
8.900000e+00 4.000000e-02 1.165852e-02 -1.159261e+01 5.473490e-01 3.625294e-04
8.950000e+00 4.000000e-02 1.163569e-02 -1.158886e+01 5.465495e-01 4.778802e-04
9.000000e+00 4.000000e-02 1.161073e-02 -1.159310e+01 5.458470e-01 6.092632e-04
9.050000e+00 4.000000e-02 1.157477e-02 -1.158371e+01 5.445795e-01 8.018042e-04
9.100000e+00 4.000000e-02 1.153055e-02 -1.159017e+01 5.432802e-01 1.013933e-03
9.150000e+00 4.000000e-02 1.147337e-02 -1.157721e+01 5.413216e-01 1.325021e-03
9.200000e+00 4.000000e-02 1.139805e-02 -1.158374e+01 5.390128e-01 1.698680e-03
9.250000e+00 4.000000e-02 1.130351e-02 -1.156524e+01 5.358178e-01 2.185502e-03
9.300000e+00 4.000000e-02 1.117950e-02 -1.157074e+01 5.319337e-01 2.796256e-03
9.350000e+00 4.000000e-02 1.102388e-02 -1.154393e+01 5.266945e-01 3.595447e-03
9.400000e+00 4.000000e-02 1.081995e-02 -1.154275e+01 5.201361e-01 4.566038e-03
9.450000e+00 4.000000e-02 1.056728e-02 -1.150126e+01 5.115994e-01 5.807204e-03
9.500000e+00 4.000000e-02 1.023923e-02 -1.148371e+01 5.007561e-01 7.312855e-03
9.550000e+00 4.000000e-02 9.835990e-03 -1.140953e+01 4.868696e-01 9.169211e-03
9.600000e+00 4.000000e-02 9.322313e-03 -1.135103e+01 4.692670e-01 1.131391e-02
9.650000e+00 4.000000e-02 8.704599e-03 -1.120354e+01 4.471912e-01 1.379989e-02
9.700000e+00 4.000000e-02 7.942324e-03 -1.104441e+01 4.196022e-01 1.640291e-02
9.750000e+00 4.000000e-02 7.064308e-03 -1.073021e+01 3.860844e-01 1.893044e-02
9.800000e+00 4.000000e-02 6.049280e-03 -1.034497e+01 3.459785e-01 2.062834e-02
9.850000e+00 4.000000e-02 5.001474e-03 -9.703236e+00 3.010120e-01 2.038593e-02
9.900000e+00 4.000000e-02 4.010687e-03 -8.960577e+00 2.544957e-01 1.500401e-02
9.950000e+00 4.000000e-02 3.501073e-03 -8.175038e+00 2.202121e-01 -6.453126e-03
1.000000e+01 4.000000e-02 4.656000e-03 -8.209635e+00 0.000000e+00 0.000000e+00
0.000000e+00 6.000000e-02 1.034400e-02 -5.280000e+00 0.000000e+00 0.000000e+00
5.000000e-02 6.000000e-02 1.035580e-02 -5.277725e+00 3.371502e-01 -2.044917e-04
1.000000e-01 6.000000e-02 1.036445e-02 -5.275537e+00 3.372149e-01 -1.510773e-04
1.500000e-01 6.000000e-02 1.037090e-02 -5.274734e+00 3.373419e-01 -1.186048e-04
2.000000e-01 6.000000e-02 1.037631e-02 -5.274567e+00 3.374937e-01 -9.702592e-05
2.500000e-01 6.000000e-02 1.038061e-02 -5.274862e+00 3.376592e-01 -5.956769e-05
3.000000e-01 6.000000e-02 1.038227e-02 -5.277890e+00 3.378475e-01 2.015744e-05
3.500000e-01 6.000000e-02 1.037859e-02 -5.287502e+00 3.380624e-01 1.522657e-04
4.000000e-01 6.000000e-02 1.036704e-02 -5.306409e+00 3.382858e-01 3.045287e-04
4.500000e-01 6.000000e-02 1.034814e-02 -5.334068e+00 3.385242e-01 3.883524e-04
5.000000e-01 6.000000e-02 1.032820e-02 -5.366692e+00 3.388835e-01 2.934112e-04
5.500000e-01 6.000000e-02 1.031880e-02 -5.398959e+00 3.395768e-01 -4.658955e-05
6.000000e-01 6.000000e-02 1.033286e-02 -5.426016e+00 3.408442e-01 -6.256746e-04
6.500000e-01 6.000000e-02 1.038136e-02 -5.444706e+00 3.428822e-01 -1.398248e-03
7.000000e-01 6.000000e-02 1.047269e-02 -5.453800e+00 3.458443e-01 -2.316779e-03
7.500000e-01 6.000000e-02 1.061304e-02 -5.453543e+00 3.498561e-01 -3.330199e-03
8.000000e-01 6.000000e-02 1.080571e-02 -5.444976e+00 3.549888e-01 -4.373753e-03
8.500000e-01 6.000000e-02 1.105042e-02 -5.429380e+00 3.612333e-01 -5.390605e-03
9.000000e-01 6.000000e-02 1.134477e-02 -5.407976e+00 3.685349e-01 -6.361350e-03
9.500000e-01 6.000000e-02 1.168655e-02 -5.381806e+00 3.768528e-01 -7.296045e-03
1.000000e+00 6.000000e-02 1.207437e-02 -5.351606e+00 3.861712e-01 -8.200277e-03
1.050000e+00 6.000000e-02 1.250658e-02 -5.317584e+00 3.964637e-01 -9.064506e-03
1.100000e+00 6.000000e-02 1.298082e-02 -5.279314e+00 4.076820e-01 -9.884800e-03
1.150000e+00 6.000000e-02 1.349506e-02 -5.236035e+00 4.197928e-01 -1.067498e-02
1.200000e+00 6.000000e-02 1.404832e-02 -5.187442e+00 4.328091e-01 -1.145005e-02
1.250000e+00 6.000000e-02 1.464006e-02 -5.134704e+00 4.467806e-01 -1.220863e-02
1.300000e+00 6.000000e-02 1.526918e-02 -5.081326e+00 4.617712e-01 -1.293986e-02
1.350000e+00 6.000000e-02 1.593405e-02 -5.033588e+00 4.778614e-01 -1.363741e-02
1.400000e+00 6.000000e-02 1.663293e-02 -5.000407e+00 4.951549e-01 -1.429332e-02
1.450000e+00 6.000000e-02 1.736338e-02 -4.992652e+00 5.137488e-01 -1.488019e-02
1.500000e+00 6.000000e-02 1.812095e-02 -5.022110e+00 5.336774e-01 -1.535187e-02
1.550000e+00 6.000000e-02 1.889857e-02 -5.100422e+00 5.548793e-01 -1.566478e-02
1.600000e+00 6.000000e-02 1.968742e-02 -5.238058e+00 5.772025e-01 -1.578762e-02
1.650000e+00 6.000000e-02 2.047733e-02 -5.442890e+00 6.003996e-01 -1.567948e-02
1.700000e+00 6.000000e-02 2.125537e-02 -5.717678e+00 6.240658e-01 -1.526259e-02
1.750000e+00 6.000000e-02 2.200359e-02 -6.056695e+00 6.475573e-01 -1.443377e-02
1.800000e+00 6.000000e-02 2.269875e-02 -6.443268e+00 6.699862e-01 -1.312364e-02
1.850000e+00 6.000000e-02 2.331595e-02 -6.850720e+00 6.903617e-01 -1.136250e-02
1.900000e+00 6.000000e-02 2.383500e-02 -7.247722e+00 7.078345e-01 -9.299960e-03
1.950000e+00 6.000000e-02 2.424595e-02 -7.606075e+00 7.219189e-01 -7.161889e-03
2.000000e+00 6.000000e-02 2.455119e-02 -7.907131e+00 7.325811e-01 -5.174229e-03
2.050000e+00 6.000000e-02 2.476337e-02 -8.144114e+00 7.401717e-01 -3.498355e-03
2.100000e+00 6.000000e-02 2.490102e-02 -8.320299e+00 7.452663e-01 -2.204833e-03
2.150000e+00 6.000000e-02 2.498386e-02 -8.445055e+00 7.484976e-01 -1.284253e-03
2.200000e+00 6.000000e-02 2.502945e-02 -8.529889e+00 7.504364e-01 -6.774356e-04
2.250000e+00 6.000000e-02 2.505160e-02 -8.585717e+00 7.515343e-01 -3.067392e-04
2.300000e+00 6.000000e-02 2.506012e-02 -8.621518e+00 7.521160e-01 -9.816203e-05
2.350000e+00 6.000000e-02 2.506142e-02 -8.644022e+00 7.523974e-01 7.745885e-06
2.400000e+00 6.000000e-02 2.505935e-02 -8.657954e+00 7.525138e-01 5.345785e-05
2.450000e+00 6.000000e-02 2.505607e-02 -8.666479e+00 7.525450e-01 6.667188e-05
2.500000e+00 6.000000e-02 2.505268e-02 -8.671646e+00 7.525364e-01 6.409666e-05
2.550000e+00 6.000000e-02 2.504966e-02 -8.674749e+00 7.525118e-01 5.509511e-05
2.600000e+00 6.000000e-02 2.504717e-02 -8.676596e+00 7.524836e-01 4.450754e-05
2.650000e+00 6.000000e-02 2.504521e-02 -8.677682e+00 7.524571e-01 3.457876e-05
2.700000e+00 6.000000e-02 2.504371e-02 -8.678311e+00 7.524346e-01 2.616178e-05
2.750000e+00 6.000000e-02 2.504259e-02 -8.678668e+00 7.524165e-01 1.941922e-05
2.800000e+00 6.000000e-02 2.504177e-02 -8.678864e+00 7.524024e-01 1.420806e-05
2.850000e+00 6.000000e-02 2.504117e-02 -8.678966e+00 7.523916e-01 1.027803e-05
2.900000e+00 6.000000e-02 2.504074e-02 -8.679016e+00 7.523836e-01 7.366529e-06
2.950000e+00 6.000000e-02 2.504044e-02 -8.679037e+00 7.523776e-01 5.238749e-06
3.000000e+00 6.000000e-02 2.504022e-02 -8.679042e+00 7.523733e-01 3.700527e-06
3.050000e+00 6.000000e-02 2.504007e-02 -8.679039e+00 7.523702e-01 2.598472e-06
3.100000e+00 6.000000e-02 2.503996e-02 -8.679034e+00 7.523680e-01 1.814962e-06
3.150000e+00 6.000000e-02 2.503988e-02 -8.679028e+00 7.523664e-01 1.261673e-06
3.200000e+00 6.000000e-02 2.503983e-02 -8.679022e+00 7.523653e-01 8.733207e-07
3.250000e+00 6.000000e-02 2.503980e-02 -8.679017e+00 7.523645e-01 6.022354e-07
3.300000e+00 6.000000e-02 2.503977e-02 -8.679013e+00 7.523640e-01 4.139640e-07
3.350000e+00 6.000000e-02 2.503976e-02 -8.679010e+00 7.523636e-01 2.838171e-07
3.400000e+00 6.000000e-02 2.503974e-02 -8.679007e+00 7.523633e-01 1.942351e-07
3.450000e+00 6.000000e-02 2.503974e-02 -8.679005e+00 7.523631e-01 1.328134e-07
3.500000e+00 6.000000e-02 2.503973e-02 -8.679004e+00 7.523630e-01 9.084304e-08
3.550000e+00 6.000000e-02 2.503973e-02 -8.679003e+00 7.523629e-01 6.224501e-08
3.600000e+00 6.000000e-02 2.503972e-02 -8.679002e+00 7.523628e-01 4.279927e-08
3.650000e+00 6.000000e-02 2.503972e-02 -8.679002e+00 7.523628e-01 2.959161e-08
3.700000e+00 6.000000e-02 2.503972e-02 -8.679002e+00 7.523628e-01 2.061978e-08
3.750000e+00 6.000000e-02 2.503972e-02 -8.679001e+00 7.523628e-01 1.451486e-08
3.800000e+00 6.000000e-02 2.503972e-02 -8.679001e+00 7.523627e-01 1.034536e-08
3.850000e+00 6.000000e-02 2.503972e-02 -8.679001e+00 7.523627e-01 7.480404e-09
3.900000e+00 6.000000e-02 2.503972e-02 -8.679001e+00 7.523627e-01 5.494492e-09
3.950000e+00 6.000000e-02 2.503972e-02 -8.679001e+00 7.523627e-01 4.101804e-09
4.000000e+00 6.000000e-02 2.503972e-02 -8.679001e+00 7.523627e-01 3.110962e-09
4.050000e+00 6.000000e-02 2.503972e-02 -8.679001e+00 7.523627e-01 2.394136e-09
4.100000e+00 6.000000e-02 2.503972e-02 -8.679001e+00 7.523627e-01 1.866025e-09
4.150000e+00 6.000000e-02 2.503972e-02 -8.679001e+00 7.523627e-01 1.469653e-09
4.200000e+00 6.000000e-02 2.503972e-02 -8.679001e+00 7.523627e-01 1.166830e-09
4.250000e+00 6.000000e-02 2.503972e-02 -8.679001e+00 7.523627e-01 9.317733e-10
4.300000e+00 6.000000e-02 2.503972e-02 -8.679001e+00 7.523627e-01 7.468773e-10
4.350000e+00 6.000000e-02 2.503972e-02 -8.679001e+00 7.523627e-01 5.999271e-10
4.400000e+00 6.000000e-02 2.503972e-02 -8.679001e+00 7.523627e-01 4.822685e-10
4.450000e+00 6.000000e-02 2.503972e-02 -8.679001e+00 7.523627e-01 3.876190e-10
4.500000e+00 6.000000e-02 2.503972e-02 -8.679001e+00 7.523627e-01 3.112946e-10
4.550000e+00 6.000000e-02 2.503972e-02 -8.679001e+00 7.523627e-01 2.497101e-10
4.600000e+00 6.000000e-02 2.503972e-02 -8.679001e+00 7.523627e-01 2.000570e-10
4.650000e+00 6.000000e-02 2.503972e-02 -8.679001e+00 7.523627e-01 1.600922e-10
4.700000e+00 6.000000e-02 2.503972e-02 -8.679001e+00 7.523627e-01 1.279987e-10
4.750000e+00 6.000000e-02 2.503972e-02 -8.679001e+00 7.523627e-01 1.022919e-10
4.800000e+00 6.000000e-02 2.503972e-02 -8.679001e+00 7.523627e-01 8.175228e-11
4.850000e+00 6.000000e-02 2.503972e-02 -8.679001e+00 7.523627e-01 6.537833e-11
4.900000e+00 6.000000e-02 2.503972e-02 -8.679001e+00 7.523627e-01 5.234969e-11
4.950000e+00 6.000000e-02 2.503972e-02 -8.679001e+00 7.523627e-01 4.199727e-11
5.000000e+00 6.000000e-02 2.503972e-02 -8.679001e+00 7.523627e-01 3.377913e-11
5.050000e+00 6.000000e-02 2.503972e-02 -8.679001e+00 7.523627e-01 2.726052e-11
5.100000e+00 6.000000e-02 2.503972e-02 -8.679001e+00 7.523627e-01 2.209715e-11
5.150000e+00 6.000000e-02 2.503972e-02 -8.679001e+00 7.523627e-01 1.802062e-11
5.200000e+00 6.000000e-02 2.503972e-02 -8.679001e+00 7.523627e-01 1.482647e-11
5.250000e+00 6.000000e-02 2.503972e-02 -8.679001e+00 7.523627e-01 1.236500e-11
5.300000e+00 6.000000e-02 2.503972e-02 -8.679001e+00 7.523627e-01 1.053407e-11
5.350000e+00 6.000000e-02 2.503972e-02 -8.679001e+00 7.523627e-01 9.274977e-12
5.400000e+00 6.000000e-02 2.503972e-02 -8.679001e+00 7.523627e-01 8.569083e-12
5.450000e+00 6.000000e-02 2.503972e-02 -8.679001e+00 7.523627e-01 8.437175e-12
5.500000e+00 6.000000e-02 2.503972e-02 -8.679001e+00 7.523627e-01 8.943228e-12
5.550000e+00 6.000000e-02 2.503972e-02 -8.679001e+00 7.523627e-01 1.019917e-11
5.600000e+00 6.000000e-02 2.503972e-02 -8.679001e+00 7.523627e-01 1.237389e-11
5.650000e+00 6.000000e-02 2.503972e-02 -8.679001e+00 7.523627e-01 1.570622e-11
5.700000e+00 6.000000e-02 2.503972e-02 -8.679001e+00 7.523627e-01 2.052272e-11
5.750000e+00 6.000000e-02 2.503972e-02 -8.679001e+00 7.523627e-01 2.726330e-11
5.800000e+00 6.000000e-02 2.503972e-02 -8.679001e+00 7.523627e-01 3.651333e-11
5.850000e+00 6.000000e-02 2.503972e-02 -8.679001e+00 7.523627e-01 4.904743e-11
5.900000e+00 6.000000e-02 2.503972e-02 -8.679001e+00 7.523627e-01 6.588608e-11
5.950000e+00 6.000000e-02 2.503972e-02 -8.679001e+00 7.523627e-01 8.837178e-11
6.000000e+00 6.000000e-02 2.503972e-02 -8.679001e+00 7.523627e-01 1.182671e-10
6.050000e+00 6.000000e-02 2.503972e-02 -8.679001e+00 7.523627e-01 1.578813e-10
6.100000e+00 6.000000e-02 2.503972e-02 -8.679001e+00 7.523627e-01 2.102398e-10
6.150000e+00 6.000000e-02 2.503972e-02 -8.679001e+00 7.523627e-01 2.793017e-10
6.200000e+00 6.000000e-02 2.503972e-02 -8.679001e+00 7.523627e-01 3.702446e-10
6.250000e+00 6.000000e-02 2.503972e-02 -8.679001e+00 7.523627e-01 4.898369e-10
6.300000e+00 6.000000e-02 2.503972e-02 -8.679001e+00 7.523627e-01 6.469213e-10
6.350000e+00 6.000000e-02 2.503972e-02 -8.679001e+00 7.523627e-01 8.530469e-10
6.400000e+00 6.000000e-02 2.503972e-02 -8.679001e+00 7.523627e-01 1.123291e-09
6.450000e+00 6.000000e-02 2.503972e-02 -8.679001e+00 7.523627e-01 1.477331e-09
6.500000e+00 6.000000e-02 2.503972e-02 -8.679001e+00 7.523627e-01 1.940839e-09
6.550000e+00 6.000000e-02 2.503972e-02 -8.679001e+00 7.523627e-01 2.547299e-09
6.600000e+00 6.000000e-02 2.503972e-02 -8.679001e+00 7.523627e-01 3.340375e-09
6.650000e+00 6.000000e-02 2.503972e-02 -8.679001e+00 7.523627e-01 4.376985e-09
6.700000e+00 6.000000e-02 2.503972e-02 -8.679001e+00 7.523627e-01 5.731311e-09
6.750000e+00 6.000000e-02 2.503972e-02 -8.679001e+00 7.523627e-01 7.500013e-09
6.800000e+00 6.000000e-02 2.503972e-02 -8.679001e+00 7.523627e-01 9.809013e-09
6.850000e+00 6.000000e-02 2.503972e-02 -8.679001e+00 7.523627e-01 1.282232e-08
6.900000e+00 6.000000e-02 2.503972e-02 -8.679001e+00 7.523626e-01 1.675348e-08
6.950000e+00 6.000000e-02 2.503971e-02 -8.679001e+00 7.523626e-01 2.188056e-08
7.000000e+00 6.000000e-02 2.503971e-02 -8.679001e+00 7.523626e-01 2.856548e-08
7.050000e+00 6.000000e-02 2.503971e-02 -8.679002e+00 7.523626e-01 3.727924e-08
7.100000e+00 6.000000e-02 2.503971e-02 -8.679002e+00 7.523625e-01 4.863475e-08
7.150000e+00 6.000000e-02 2.503971e-02 -8.679002e+00 7.523625e-01 6.342933e-08
7.200000e+00 6.000000e-02 2.503970e-02 -8.679003e+00 7.523624e-01 8.270013e-08
7.250000e+00 6.000000e-02 2.503970e-02 -8.679003e+00 7.523623e-01 1.077959e-07
7.300000e+00 6.000000e-02 2.503969e-02 -8.679004e+00 7.523622e-01 1.404705e-07
7.350000e+00 6.000000e-02 2.503968e-02 -8.679005e+00 7.523621e-01 1.830038e-07
7.400000e+00 6.000000e-02 2.503967e-02 -8.679006e+00 7.523619e-01 2.383600e-07
7.450000e+00 6.000000e-02 2.503966e-02 -8.679008e+00 7.523617e-01 3.103889e-07
7.500000e+00 6.000000e-02 2.503964e-02 -8.679010e+00 7.523614e-01 4.041016e-07
7.550000e+00 6.000000e-02 2.503962e-02 -8.679013e+00 7.523609e-01 5.259774e-07
7.600000e+00 6.000000e-02 2.503959e-02 -8.679016e+00 7.523604e-01 6.845381e-07
7.650000e+00 6.000000e-02 2.503955e-02 -8.679021e+00 7.523597e-01 8.905052e-07
7.700000e+00 6.000000e-02 2.503950e-02 -8.679027e+00 7.523588e-01 1.158892e-06
7.750000e+00 6.000000e-02 2.503944e-02 -8.679035e+00 7.523577e-01 1.505864e-06
7.800000e+00 6.000000e-02 2.503935e-02 -8.679045e+00 7.523561e-01 1.962179e-06
7.850000e+00 6.000000e-02 2.503924e-02 -8.679059e+00 7.523542e-01 2.540073e-06
7.900000e+00 6.000000e-02 2.503910e-02 -8.679076e+00 7.523516e-01 3.330852e-06
7.950000e+00 6.000000e-02 2.503891e-02 -8.679100e+00 7.523481e-01 4.255496e-06
8.000000e+00 6.000000e-02 2.503867e-02 -8.679128e+00 7.523442e-01 5.707447e-06
8.050000e+00 6.000000e-02 2.503834e-02 -8.679172e+00 7.523376e-01 7.004247e-06
8.100000e+00 6.000000e-02 2.503797e-02 -8.679210e+00 7.523324e-01 1.000225e-05
8.150000e+00 6.000000e-02 2.503734e-02 -8.679307e+00 7.523182e-01 1.110090e-05
8.200000e+00 6.000000e-02 2.503686e-02 -8.679319e+00 7.523155e-01 1.815059e-05
8.250000e+00 6.000000e-02 2.503552e-02 -8.679597e+00 7.522802e-01 1.660258e-05
8.300000e+00 6.000000e-02 2.503520e-02 -8.679386e+00 7.522955e-01 3.370922e-05
8.350000e+00 6.000000e-02 2.503215e-02 -8.680295e+00 7.522043e-01 2.398057e-05
8.400000e+00 6.000000e-02 2.503280e-02 -8.679170e+00 7.522755e-01 6.075925e-05
8.450000e+00 6.000000e-02 2.502607e-02 -8.681933e+00 7.520650e-01 3.834667e-05
8.500000e+00 6.000000e-02 2.502897e-02 -8.678285e+00 7.522424e-01 9.905331e-05
8.550000e+00 6.000000e-02 2.501617e-02 -8.685078e+00 7.518528e-01 7.666229e-05
8.600000e+00 6.000000e-02 2.502130e-02 -8.676938e+00 7.521291e-01 1.428167e-04
8.650000e+00 6.000000e-02 2.500189e-02 -8.689176e+00 7.515920e-01 1.626010e-04
8.700000e+00 6.000000e-02 2.500504e-02 -8.677428e+00 7.518186e-01 2.036506e-04
8.750000e+00 6.000000e-02 2.498152e-02 -8.691688e+00 7.512594e-01 2.987881e-04
8.800000e+00 6.000000e-02 2.497516e-02 -8.683524e+00 7.512543e-01 3.388634e-04
8.850000e+00 6.000000e-02 2.494764e-02 -8.691522e+00 7.506462e-01 4.782873e-04
8.900000e+00 6.000000e-02 2.492733e-02 -8.695080e+00 7.504394e-01 6.038212e-04
8.950000e+00 6.000000e-02 2.488725e-02 -8.694439e+00 7.494839e-01 7.756288e-04
9.000000e+00 6.000000e-02 2.484977e-02 -8.707562e+00 7.491055e-01 1.008945e-03
9.050000e+00 6.000000e-02 2.478636e-02 -8.706730e+00 7.476365e-01 1.318921e-03
9.100000e+00 6.000000e-02 2.471788e-02 -8.724397e+00 7.467053e-01 1.670406e-03
9.150000e+00 6.000000e-02 2.461932e-02 -8.726476e+00 7.446212e-01 2.186107e-03
9.200000e+00 6.000000e-02 2.449927e-02 -8.755407e+00 7.427547e-01 2.813846e-03
9.250000e+00 6.000000e-02 2.433793e-02 -8.758499e+00 7.394361e-01 3.616700e-03
9.300000e+00 6.000000e-02 2.413760e-02 -8.803113e+00 7.361729e-01 4.647911e-03
9.350000e+00 6.000000e-02 2.387314e-02 -8.815703e+00 7.308790e-01 5.996280e-03
9.400000e+00 6.000000e-02 2.353797e-02 -8.879001e+00 7.250521e-01 7.647501e-03
9.450000e+00 6.000000e-02 2.310839e-02 -8.905636e+00 7.165714e-01 9.778706e-03
9.500000e+00 6.000000e-02 2.256010e-02 -9.000467e+00 7.066194e-01 1.241246e-02
9.550000e+00 6.000000e-02 2.186715e-02 -9.045677e+00 6.927479e-01 1.570710e-02
9.600000e+00 6.000000e-02 2.098939e-02 -9.179182e+00 6.759851e-01 1.963185e-02
9.650000e+00 6.000000e-02 1.990396e-02 -9.243909e+00 6.534720e-01 2.433407e-02
9.700000e+00 6.000000e-02 1.855598e-02 -9.413787e+00 6.259014e-01 2.957459e-02
9.750000e+00 6.000000e-02 1.694650e-02 -9.462891e+00 5.899564e-01 3.511889e-02
9.800000e+00 6.000000e-02 1.504409e-02 -9.615680e+00 5.466936e-01 3.985298e-02
9.850000e+00 6.000000e-02 1.296121e-02 -9.506493e+00 4.932228e-01 4.186738e-02
9.900000e+00 6.000000e-02 1.085736e-02 -9.471749e+00 4.345404e-01 3.551680e-02
9.950000e+00 6.000000e-02 9.409525e-03 -8.898867e+00 3.749823e-01 5.133565e-03
1.000000e+01 6.000000e-02 1.034400e-02 -8.941831e+00 0.000000e+00 0.000000e+00
0.000000e+00 8.000000e-02 1.814400e-02 -5.040000e+00 0.000000e+00 0.000000e+00
5.000000e-02 8.000000e-02 1.815459e-02 -5.039337e+00 4.403377e-01 -2.003422e-04
1.000000e-01 8.000000e-02 1.816403e-02 -5.038243e+00 4.403643e-01 -1.818630e-04
1.500000e-01 8.000000e-02 1.817278e-02 -5.037502e+00 4.404703e-01 -1.715586e-04
2.000000e-01 8.000000e-02 1.818119e-02 -5.036938e+00 4.406156e-01 -1.620734e-04
2.500000e-01 8.000000e-02 1.818899e-02 -5.035786e+00 4.407819e-01 -1.411149e-04
3.000000e-01 8.000000e-02 1.819530e-02 -5.034683e+00 4.410117e-01 -9.197362e-05
3.500000e-01 8.000000e-02 1.819819e-02 -5.036646e+00 4.413731e-01 2.789438e-06
4.000000e-01 8.000000e-02 1.819502e-02 -5.045385e+00 4.418849e-01 1.210799e-04
4.500000e-01 8.000000e-02 1.818608e-02 -5.062247e+00 4.425269e-01 1.599883e-04
5.000000e-01 8.000000e-02 1.817902e-02 -5.084415e+00 4.433351e-01 -2.817596e-05
5.500000e-01 8.000000e-02 1.818889e-02 -5.105629e+00 4.444394e-01 -5.371999e-04
6.000000e-01 8.000000e-02 1.823274e-02 -5.118629e+00 4.459906e-01 -1.360046e-03
6.500000e-01 8.000000e-02 1.832490e-02 -5.117609e+00 4.481021e-01 -2.438250e-03
7.000000e-01 8.000000e-02 1.847657e-02 -5.099537e+00 4.508838e-01 -3.716989e-03
7.500000e-01 8.000000e-02 1.869660e-02 -5.064093e+00 4.544726e-01 -5.133974e-03
8.000000e-01 8.000000e-02 1.898997e-02 -5.012642e+00 4.589736e-01 -6.597736e-03
8.500000e-01 8.000000e-02 1.935637e-02 -4.947061e+00 4.643953e-01 -8.024116e-03
9.000000e-01 8.000000e-02 1.979238e-02 -4.869147e+00 4.706895e-01 -9.387459e-03
9.500000e-01 8.000000e-02 2.029512e-02 -4.780803e+00 4.778405e-01 -1.070723e-02
1.000000e+00 8.000000e-02 2.086310e-02 -4.684418e+00 4.858772e-01 -1.199084e-02
1.050000e+00 8.000000e-02 2.149420e-02 -4.582630e+00 4.948052e-01 -1.321816e-02
1.100000e+00 8.000000e-02 2.218492e-02 -4.477102e+00 5.045723e-01 -1.438117e-02
1.150000e+00 8.000000e-02 2.293232e-02 -4.366941e+00 5.151121e-01 -1.550813e-02
1.200000e+00 8.000000e-02 2.373573e-02 -4.247946e+00 5.263934e-01 -1.663671e-02
1.250000e+00 8.000000e-02 2.459599e-02 -4.113613e+00 5.384232e-01 -1.778354e-02
1.300000e+00 8.000000e-02 2.551408e-02 -3.957861e+00 5.512479e-01 -1.895344e-02
1.350000e+00 8.000000e-02 2.649133e-02 -3.778349e+00 5.649995e-01 -2.015939e-02
1.400000e+00 8.000000e-02 2.753002e-02 -3.578860e+00 5.799356e-01 -2.140692e-02
1.450000e+00 8.000000e-02 2.863203e-02 -3.369752e+00 5.963992e-01 -2.265970e-02
1.500000e+00 8.000000e-02 2.979599e-02 -3.166676e+00 6.147181e-01 -2.383893e-02
1.550000e+00 8.000000e-02 3.101592e-02 -2.988606e+00 6.351371e-01 -2.485963e-02
1.600000e+00 8.000000e-02 3.228195e-02 -2.856209e+00 6.578154e-01 -2.564622e-02
1.650000e+00 8.000000e-02 3.358054e-02 -2.790666e+00 6.828099e-01 -2.609178e-02
1.700000e+00 8.000000e-02 3.489113e-02 -2.811808e+00 7.099528e-01 -2.600821e-02
1.750000e+00 8.000000e-02 3.618136e-02 -2.934136e+00 7.386560e-01 -2.514992e-02
1.800000e+00 8.000000e-02 3.740612e-02 -3.160791e+00 7.678008e-01 -2.333161e-02
1.850000e+00 8.000000e-02 3.851452e-02 -3.478314e+00 7.958646e-01 -2.056449e-02
1.900000e+00 8.000000e-02 3.946257e-02 -3.856351e+00 8.212784e-01 -1.710557e-02
1.950000e+00 8.000000e-02 4.022508e-02 -4.254370e+00 8.428430e-01 -1.338031e-02
2.000000e+00 8.000000e-02 4.080060e-02 -4.632707e+00 8.599966e-01 -9.831918e-03
2.050000e+00 8.000000e-02 4.120827e-02 -4.962305e+00 8.728317e-01 -6.788486e-03
2.100000e+00 8.000000e-02 4.147945e-02 -5.228953e+00 8.819136e-01 -4.405554e-03
2.150000e+00 8.000000e-02 4.164883e-02 -5.431745e+00 8.880286e-01 -2.683841e-03
2.200000e+00 8.000000e-02 4.174784e-02 -5.578383e+00 8.919715e-01 -1.526453e-03
2.250000e+00 8.000000e-02 4.180147e-02 -5.680247e+00 8.944205e-01 -7.986307e-04
2.300000e+00 8.000000e-02 4.182770e-02 -5.748853e+00 8.958928e-01 -3.697210e-04
2.350000e+00 8.000000e-02 4.183844e-02 -5.794008e+00 8.967522e-01 -1.338266e-04
2.400000e+00 8.000000e-02 4.184108e-02 -5.823242e+00 8.972395e-01 -1.461818e-05
2.450000e+00 8.000000e-02 4.183991e-02 -5.841956e+00 8.975073e-01 3.833465e-05
2.500000e+00 8.000000e-02 4.183725e-02 -5.853845e+00 8.976486e-01 5.610248e-05
2.550000e+00 8.000000e-02 4.183429e-02 -5.861360e+00 8.977189e-01 5.670623e-05
2.600000e+00 8.000000e-02 4.183158e-02 -5.866093e+00 8.977504e-01 5.001346e-05
2.650000e+00 8.000000e-02 4.182929e-02 -5.869065e+00 8.977614e-01 4.109559e-05
2.700000e+00 8.000000e-02 4.182747e-02 -5.870924e+00 8.977624e-01 3.234634e-05
2.750000e+00 8.000000e-02 4.182606e-02 -5.872082e+00 8.977588e-01 2.473887e-05
2.800000e+00 8.000000e-02 4.182499e-02 -5.872800e+00 8.977537e-01 1.853615e-05
2.850000e+00 8.000000e-02 4.182421e-02 -5.873243e+00 8.977484e-01 1.367538e-05
2.900000e+00 8.000000e-02 4.182363e-02 -5.873513e+00 8.977437e-01 9.967053e-06
2.950000e+00 8.000000e-02 4.182321e-02 -5.873676e+00 8.977398e-01 7.192332e-06
3.000000e+00 8.000000e-02 4.182291e-02 -5.873774e+00 8.977367e-01 5.146731e-06
3.050000e+00 8.000000e-02 4.182269e-02 -5.873831e+00 8.977342e-01 3.656400e-06
3.100000e+00 8.000000e-02 4.182254e-02 -5.873864e+00 8.977324e-01 2.581203e-06
3.150000e+00 8.000000e-02 4.182244e-02 -5.873883e+00 8.977310e-01 1.811964e-06
3.200000e+00 8.000000e-02 4.182236e-02 -5.873893e+00 8.977300e-01 1.265632e-06
3.250000e+00 8.000000e-02 4.182231e-02 -5.873898e+00 8.977292e-01 8.801349e-07
3.300000e+00 8.000000e-02 4.182227e-02 -5.873900e+00 8.977287e-01 6.097222e-07
3.350000e+00 8.000000e-02 4.182225e-02 -5.873901e+00 8.977283e-01 4.210522e-07
3.400000e+00 8.000000e-02 4.182223e-02 -5.873901e+00 8.977281e-01 2.900577e-07
3.450000e+00 8.000000e-02 4.182222e-02 -5.873901e+00 8.977279e-01 1.995101e-07
3.500000e+00 8.000000e-02 4.182221e-02 -5.873900e+00 8.977277e-01 1.371671e-07
3.550000e+00 8.000000e-02 4.182221e-02 -5.873900e+00 8.977276e-01 9.438829e-08
3.600000e+00 8.000000e-02 4.182220e-02 -5.873900e+00 8.977276e-01 6.511297e-08
3.650000e+00 8.000000e-02 4.182220e-02 -5.873900e+00 8.977275e-01 4.511514e-08
3.700000e+00 8.000000e-02 4.182220e-02 -5.873899e+00 8.977275e-01 3.146439e-08
3.750000e+00 8.000000e-02 4.182220e-02 -5.873899e+00 8.977275e-01 2.213956e-08
3.800000e+00 8.000000e-02 4.182219e-02 -5.873899e+00 8.977274e-01 1.575384e-08
3.850000e+00 8.000000e-02 4.182219e-02 -5.873899e+00 8.977274e-01 1.136037e-08
3.900000e+00 8.000000e-02 4.182219e-02 -5.873899e+00 8.977274e-01 8.315698e-09
3.950000e+00 8.000000e-02 4.182219e-02 -5.873899e+00 8.977274e-01 6.184499e-09
4.000000e+00 8.000000e-02 4.182219e-02 -5.873899e+00 8.977274e-01 4.673386e-09
4.050000e+00 8.000000e-02 4.182219e-02 -5.873899e+00 8.977274e-01 3.585255e-09
4.100000e+00 8.000000e-02 4.182219e-02 -5.873899e+00 8.977274e-01 2.787955e-09
4.150000e+00 8.000000e-02 4.182219e-02 -5.873899e+00 8.977274e-01 2.192925e-09
4.200000e+00 8.000000e-02 4.182219e-02 -5.873899e+00 8.977274e-01 1.740709e-09
4.250000e+00 8.000000e-02 4.182219e-02 -5.873899e+00 8.977274e-01 1.391194e-09
4.300000e+00 8.000000e-02 4.182219e-02 -5.873899e+00 8.977274e-01 1.117086e-09
4.350000e+00 8.000000e-02 4.182219e-02 -5.873899e+00 8.977274e-01 8.995628e-10
4.400000e+00 8.000000e-02 4.182219e-02 -5.873899e+00 8.977274e-01 7.254086e-10
4.450000e+00 8.000000e-02 4.182219e-02 -5.873899e+00 8.977274e-01 5.851332e-10
4.500000e+00 8.000000e-02 4.182219e-02 -5.873899e+00 8.977274e-01 4.717446e-10
4.550000e+00 8.000000e-02 4.182219e-02 -5.873899e+00 8.977274e-01 3.799513e-10
4.600000e+00 8.000000e-02 4.182219e-02 -5.873899e+00 8.977274e-01 3.056463e-10
4.650000e+00 8.000000e-02 4.182219e-02 -5.873899e+00 8.977274e-01 2.455715e-10
4.700000e+00 8.000000e-02 4.182219e-02 -5.873899e+00 8.977274e-01 1.970983e-10
4.750000e+00 8.000000e-02 4.182219e-02 -5.873899e+00 8.977274e-01 1.580800e-10
4.800000e+00 8.000000e-02 4.182219e-02 -5.873899e+00 8.977274e-01 1.267513e-10
4.850000e+00 8.000000e-02 4.182219e-02 -5.873899e+00 8.977274e-01 1.016572e-10
4.900000e+00 8.000000e-02 4.182219e-02 -5.873899e+00 8.977274e-01 8.159903e-11
4.950000e+00 8.000000e-02 4.182219e-02 -5.873899e+00 8.977274e-01 6.559343e-11
5.000000e+00 8.000000e-02 4.182219e-02 -5.873899e+00 8.977274e-01 5.283822e-11
5.050000e+00 8.000000e-02 4.182219e-02 -5.873899e+00 8.977274e-01 4.268426e-11
5.100000e+00 8.000000e-02 4.182219e-02 -5.873899e+00 8.977274e-01 3.461287e-11
5.150000e+00 8.000000e-02 4.182219e-02 -5.873899e+00 8.977274e-01 2.821486e-11
5.200000e+00 8.000000e-02 4.182219e-02 -5.873899e+00 8.977274e-01 2.317417e-11
5.250000e+00 8.000000e-02 4.182219e-02 -5.873899e+00 8.977274e-01 1.925536e-11
5.300000e+00 8.000000e-02 4.182219e-02 -5.873899e+00 8.977274e-01 1.629176e-11
5.350000e+00 8.000000e-02 4.182219e-02 -5.873899e+00 8.977274e-01 1.417956e-11
5.400000e+00 8.000000e-02 4.182219e-02 -5.873899e+00 8.977274e-01 1.287373e-11
5.450000e+00 8.000000e-02 4.182219e-02 -5.873899e+00 8.977274e-01 1.238509e-11
5.500000e+00 8.000000e-02 4.182219e-02 -5.873899e+00 8.977274e-01 1.278443e-11
5.550000e+00 8.000000e-02 4.182219e-02 -5.873899e+00 8.977274e-01 1.420926e-11
5.600000e+00 8.000000e-02 4.182219e-02 -5.873899e+00 8.977274e-01 1.687421e-11
5.650000e+00 8.000000e-02 4.182219e-02 -5.873899e+00 8.977274e-01 2.108834e-11
5.700000e+00 8.000000e-02 4.182219e-02 -5.873899e+00 8.977274e-01 2.727832e-11
5.750000e+00 8.000000e-02 4.182219e-02 -5.873899e+00 8.977274e-01 3.602139e-11
5.800000e+00 8.000000e-02 4.182219e-02 -5.873899e+00 8.977274e-01 4.808896e-11
5.850000e+00 8.000000e-02 4.182219e-02 -5.873899e+00 8.977274e-01 6.450278e-11
5.900000e+00 8.000000e-02 4.182219e-02 -5.873899e+00 8.977274e-01 8.661072e-11
5.950000e+00 8.000000e-02 4.182219e-02 -5.873899e+00 8.977274e-01 1.161879e-10
6.000000e+00 8.000000e-02 4.182219e-02 -5.873899e+00 8.977274e-01 1.555652e-10
6.050000e+00 8.000000e-02 4.182219e-02 -5.873899e+00 8.977274e-01 2.077988e-10
6.100000e+00 8.000000e-02 4.182219e-02 -5.873899e+00 8.977274e-01 2.768923e-10
6.150000e+00 8.000000e-02 4.182219e-02 -5.873899e+00 8.977274e-01 3.680873e-10
6.200000e+00 8.000000e-02 4.182219e-02 -5.873899e+00 8.977274e-01 4.882404e-10
6.250000e+00 8.000000e-02 4.182219e-02 -5.873899e+00 8.977274e-01 6.463140e-10
6.300000e+00 8.000000e-02 4.182219e-02 -5.873899e+00 8.977274e-01 8.540216e-10
6.350000e+00 8.000000e-02 4.182219e-02 -5.873899e+00 8.977274e-01 1.126662e-09
6.400000e+00 8.000000e-02 4.182219e-02 -5.873899e+00 8.977274e-01 1.484212e-09
6.450000e+00 8.000000e-02 4.182219e-02 -5.873899e+00 8.977274e-01 1.952743e-09
6.500000e+00 8.000000e-02 4.182219e-02 -5.873899e+00 8.977274e-01 2.566277e-09
6.550000e+00 8.000000e-02 4.182219e-02 -5.873899e+00 8.977274e-01 3.369190e-09
6.600000e+00 8.000000e-02 4.182219e-02 -5.873899e+00 8.977274e-01 4.419354e-09
6.650000e+00 8.000000e-02 4.182219e-02 -5.873899e+00 8.977274e-01 5.792215e-09
6.700000e+00 8.000000e-02 4.182219e-02 -5.873899e+00 8.977274e-01 7.586113e-09
6.750000e+00 8.000000e-02 4.182219e-02 -5.873899e+00 8.977274e-01 9.929194e-09
6.800000e+00 8.000000e-02 4.182219e-02 -5.873899e+00 8.977274e-01 1.298841e-08
6.850000e+00 8.000000e-02 4.182219e-02 -5.873899e+00 8.977274e-01 1.698123e-08
6.900000e+00 8.000000e-02 4.182219e-02 -5.873900e+00 8.977274e-01 2.219083e-08
6.950000e+00 8.000000e-02 4.182219e-02 -5.873900e+00 8.977273e-01 2.898595e-08
7.000000e+00 8.000000e-02 4.182219e-02 -5.873900e+00 8.977273e-01 3.784657e-08
7.050000e+00 8.000000e-02 4.182218e-02 -5.873900e+00 8.977273e-01 4.939740e-08
7.100000e+00 8.000000e-02 4.182218e-02 -5.873900e+00 8.977273e-01 6.445138e-08
7.150000e+00 8.000000e-02 4.182218e-02 -5.873901e+00 8.977272e-01 8.406615e-08
7.200000e+00 8.000000e-02 4.182217e-02 -5.873901e+00 8.977272e-01 1.096175e-07
7.250000e+00 8.000000e-02 4.182217e-02 -5.873902e+00 8.977271e-01 1.428949e-07
7.300000e+00 8.000000e-02 4.182216e-02 -5.873903e+00 8.977270e-01 1.862250e-07
7.350000e+00 8.000000e-02 4.182215e-02 -5.873904e+00 8.977269e-01 2.426329e-07
7.400000e+00 8.000000e-02 4.182213e-02 -5.873906e+00 8.977268e-01 3.160521e-07
7.450000e+00 8.000000e-02 4.182212e-02 -5.873908e+00 8.977266e-01 4.115889e-07
7.500000e+00 8.000000e-02 4.182209e-02 -5.873910e+00 8.977263e-01 5.359016e-07
7.550000e+00 8.000000e-02 4.182206e-02 -5.873914e+00 8.977260e-01 6.975617e-07
7.600000e+00 8.000000e-02 4.182202e-02 -5.873918e+00 8.977256e-01 9.079683e-07
7.650000e+00 8.000000e-02 4.182197e-02 -5.873924e+00 8.977250e-01 1.181071e-06
7.700000e+00 8.000000e-02 4.182190e-02 -5.873932e+00 8.977243e-01 1.537658e-06
7.750000e+00 8.000000e-02 4.182182e-02 -5.873942e+00 8.977233e-01 1.996653e-06
7.800000e+00 8.000000e-02 4.182170e-02 -5.873955e+00 8.977221e-01 2.606088e-06
7.850000e+00 8.000000e-02 4.182156e-02 -5.873972e+00 8.977205e-01 3.362552e-06
7.900000e+00 8.000000e-02 4.182137e-02 -5.873992e+00 8.977185e-01 4.438813e-06
7.950000e+00 8.000000e-02 4.182111e-02 -5.874028e+00 8.977155e-01 5.600371e-06
8.000000e+00 8.000000e-02 4.182081e-02 -5.874047e+00 8.977127e-01 7.681445e-06
8.050000e+00 8.000000e-02 4.182034e-02 -5.874140e+00 8.977064e-01 9.059490e-06
8.100000e+00 8.000000e-02 4.181990e-02 -5.874102e+00 8.977044e-01 1.376708e-05
8.150000e+00 8.000000e-02 4.181897e-02 -5.874411e+00 8.976883e-01 1.376600e-05
8.200000e+00 8.000000e-02 4.181853e-02 -5.874036e+00 8.976955e-01 2.588416e-05
8.250000e+00 8.000000e-02 4.181638e-02 -5.875154e+00 8.976489e-01 1.894462e-05
8.300000e+00 8.000000e-02 4.181663e-02 -5.873458e+00 8.976939e-01 4.970474e-05
8.350000e+00 8.000000e-02 4.181141e-02 -5.877109e+00 8.975650e-01 2.458046e-05
8.400000e+00 8.000000e-02 4.181417e-02 -5.871580e+00 8.977100e-01 9.024133e-05
8.450000e+00 8.000000e-02 4.180238e-02 -5.881337e+00 8.974118e-01 3.990304e-05
8.500000e+00 8.000000e-02 4.181018e-02 -5.867903e+00 8.977276e-01 1.419946e-04
8.550000e+00 8.000000e-02 4.178819e-02 -5.887824e+00 8.972021e-01 9.487701e-05
8.600000e+00 8.000000e-02 4.180070e-02 -5.864433e+00 8.976570e-01 1.903270e-04
8.650000e+00 8.000000e-02 4.176915e-02 -5.893243e+00 8.969977e-01 2.224376e-04
8.700000e+00 8.000000e-02 4.177845e-02 -5.866769e+00 8.973774e-01 2.601237e-04
8.750000e+00 8.000000e-02 4.174314e-02 -5.893160e+00 8.967630e-01 4.045344e-04
8.800000e+00 8.000000e-02 4.173800e-02 -5.877833e+00 8.969184e-01 4.534559e-04
8.850000e+00 8.000000e-02 4.169779e-02 -5.891582e+00 8.962186e-01 6.190110e-04
8.900000e+00 8.000000e-02 4.167610e-02 -5.890449e+00 8.963652e-01 8.274744e-04
8.950000e+00 8.000000e-02 4.161505e-02 -5.900386e+00 8.951705e-01 1.011435e-03
9.000000e+00 8.000000e-02 4.157495e-02 -5.900765e+00 8.953549e-01 1.348187e-03
9.050000e+00 8.000000e-02 4.148023e-02 -5.919130e+00 8.936952e-01 1.761903e-03
9.100000e+00 8.000000e-02 4.139876e-02 -5.923154e+00 8.933753e-01 2.220084e-03
9.150000e+00 8.000000e-02 4.125822e-02 -5.941906e+00 8.912702e-01 2.905271e-03
9.200000e+00 8.000000e-02 4.110824e-02 -5.964579e+00 8.902694e-01 3.772710e-03
9.250000e+00 8.000000e-02 4.088095e-02 -5.985462e+00 8.869772e-01 4.818196e-03
9.300000e+00 8.000000e-02 4.062642e-02 -6.024664e+00 8.850102e-01 6.219079e-03
9.350000e+00 8.000000e-02 4.025904e-02 -6.062614e+00 8.800667e-01 8.043765e-03
9.400000e+00 8.000000e-02 3.982204e-02 -6.129175e+00 8.759838e-01 1.028911e-02
9.450000e+00 8.000000e-02 3.923013e-02 -6.185458e+00 8.683504e-01 1.318030e-02
9.500000e+00 8.000000e-02 3.850401e-02 -6.301921e+00 8.610204e-01 1.684223e-02
9.550000e+00 8.000000e-02 3.754591e-02 -6.394635e+00 8.486653e-01 2.142294e-02
9.600000e+00 8.000000e-02 3.636172e-02 -6.580034e+00 8.356401e-01 2.702430e-02
9.650000e+00 8.000000e-02 3.484348e-02 -6.731589e+00 8.155724e-01 3.383336e-02
9.700000e+00 8.000000e-02 3.297838e-02 -7.021566e+00 7.930465e-01 4.180913e-02
9.750000e+00 8.000000e-02 3.066256e-02 -7.248153e+00 7.599240e-01 5.061358e-02
9.800000e+00 8.000000e-02 2.791702e-02 -7.658367e+00 7.219410e-01 5.932177e-02
9.850000e+00 8.000000e-02 2.473039e-02 -7.919711e+00 6.682347e-01 6.524720e-02
9.900000e+00 8.000000e-02 2.139230e-02 -8.343636e+00 6.084059e-01 6.230020e-02
9.950000e+00 8.000000e-02 1.850037e-02 -8.338462e+00 5.278223e-01 3.248303e-02
1.000000e+01 8.000000e-02 1.814400e-02 -8.339008e+00 0.000000e+00 0.000000e+00
0.000000e+00 1.000000e-01 2.796000e-02 -4.800000e+00 0.000000e+00 0.000000e+00
5.000000e-02 1.000000e-01 2.796930e-02 -4.799691e+00 5.387305e-01 -1.902227e-04
1.000000e-01 1.000000e-01 2.797902e-02 -4.799084e+00 5.387361e-01 -2.041133e-04
1.500000e-01 1.000000e-01 2.798971e-02 -4.798445e+00 5.388289e-01 -2.191100e-04
2.000000e-01 1.000000e-01 2.800093e-02 -4.797970e+00 5.389677e-01 -2.216574e-04
2.500000e-01 1.000000e-01 2.801188e-02 -4.797193e+00 5.391161e-01 -2.180162e-04
3.000000e-01 1.000000e-01 2.802273e-02 -4.795597e+00 5.393264e-01 -2.163360e-04
3.500000e-01 1.000000e-01 2.803351e-02 -4.793946e+00 5.397121e-01 -1.970058e-04
4.000000e-01 1.000000e-01 2.804244e-02 -4.794494e+00 5.403249e-01 -1.569811e-04
4.500000e-01 1.000000e-01 2.804921e-02 -4.799359e+00 5.411317e-01 -1.917256e-04
5.000000e-01 1.000000e-01 2.806161e-02 -4.808370e+00 5.421291e-01 -4.715850e-04
5.500000e-01 1.000000e-01 2.809637e-02 -4.818158e+00 5.433935e-01 -1.108776e-03
6.000000e-01 1.000000e-01 2.817249e-02 -4.822984e+00 5.449848e-01 -2.090756e-03
6.500000e-01 1.000000e-01 2.830545e-02 -4.816632e+00 5.468957e-01 -3.355540e-03
7.000000e-01 1.000000e-01 2.850804e-02 -4.794446e+00 5.491541e-01 -4.865012e-03
7.500000e-01 1.000000e-01 2.879195e-02 -4.754711e+00 5.519010e-01 -6.566122e-03
8.000000e-01 1.000000e-01 2.916465e-02 -4.698679e+00 5.552896e-01 -8.342829e-03
8.500000e-01 1.000000e-01 2.962623e-02 -4.628966e+00 5.593527e-01 -1.007697e-02
9.000000e-01 1.000000e-01 3.017235e-02 -4.547215e+00 5.640342e-01 -1.173942e-02
9.500000e-01 1.000000e-01 3.080017e-02 -4.453009e+00 5.693244e-01 -1.337114e-02
1.000000e+00 1.000000e-01 3.150946e-02 -4.345479e+00 5.752955e-01 -1.498617e-02
1.050000e+00 1.000000e-01 3.229879e-02 -4.226702e+00 5.820200e-01 -1.654253e-02
1.100000e+00 1.000000e-01 3.316372e-02 -4.103619e+00 5.895190e-01 -1.800753e-02
1.150000e+00 1.000000e-01 3.409954e-02 -3.985582e+00 5.977862e-01 -1.940344e-02
1.200000e+00 1.000000e-01 3.510406e-02 -3.878041e+00 6.067866e-01 -2.077449e-02
1.250000e+00 1.000000e-01 3.617699e-02 -3.776548e+00 6.164004e-01 -2.215041e-02
1.300000e+00 1.000000e-01 3.731910e-02 -3.665724e+00 6.264360e-01 -2.357040e-02
1.350000e+00 1.000000e-01 3.853403e-02 -3.524672e+00 6.367894e-01 -2.511252e-02
1.400000e+00 1.000000e-01 3.983035e-02 -3.335932e+00 6.476235e-01 -2.685319e-02
1.450000e+00 1.000000e-01 4.121935e-02 -3.093000e+00 6.593912e-01 -2.879317e-02
1.500000e+00 1.000000e-01 4.270967e-02 -2.803046e+00 6.727032e-01 -3.084703e-02
1.550000e+00 1.000000e-01 4.430405e-02 -2.484729e+00 6.882001e-01 -3.290370e-02
1.600000e+00 1.000000e-01 4.600004e-02 -2.163604e+00 7.065182e-01 -3.485672e-02
1.650000e+00 1.000000e-01 4.778973e-02 -1.868095e+00 7.282545e-01 -3.653445e-02
1.700000e+00 1.000000e-01 4.965348e-02 -1.627241e+00 7.537866e-01 -3.760104e-02
1.750000e+00 1.000000e-01 5.154983e-02 -1.468874e+00 7.829515e-01 -3.757295e-02
1.800000e+00 1.000000e-01 5.341078e-02 -1.415790e+00 8.147819e-01 -3.600710e-02
1.850000e+00 1.000000e-01 5.515054e-02 -1.479173e+00 8.475315e-01 -3.275354e-02
1.900000e+00 1.000000e-01 5.668613e-02 -1.652115e+00 8.790517e-01 -2.809131e-02
1.950000e+00 1.000000e-01 5.795967e-02 -1.908249e+00 9.073591e-01 -2.264920e-02
2.000000e+00 1.000000e-01 5.895105e-02 -2.208224e+00 9.311185e-01 -1.716970e-02
2.050000e+00 1.000000e-01 5.967664e-02 -2.511290e+00 9.498414e-01 -1.226513e-02
2.100000e+00 1.000000e-01 6.017757e-02 -2.785802e+00 9.637837e-01 -8.283576e-03
2.150000e+00 1.000000e-01 6.050500e-02 -3.014127e+00 9.736694e-01 -5.307421e-03
2.200000e+00 1.000000e-01 6.070831e-02 -3.191666e+00 9.803965e-01 -3.234226e-03
2.250000e+00 1.000000e-01 6.082842e-02 -3.322616e+00 9.848238e-01 -1.875271e-03
2.300000e+00 1.000000e-01 6.089584e-02 -3.415360e+00 9.876614e-01 -1.030820e-03
2.350000e+00 1.000000e-01 6.093150e-02 -3.479078e+00 9.894432e-01 -5.309299e-04
2.400000e+00 1.000000e-01 6.094893e-02 -3.521900e+00 9.905446e-01 -2.485804e-04
2.450000e+00 1.000000e-01 6.095636e-02 -3.550241e+00 9.912169e-01 -9.695877e-05
2.500000e+00 1.000000e-01 6.095862e-02 -3.568805e+00 9.916229e-01 -2.054248e-05
2.550000e+00 1.000000e-01 6.095842e-02 -3.580884e+00 9.918655e-01 1.439323e-05
2.600000e+00 1.000000e-01 6.095718e-02 -3.588710e+00 9.920089e-01 2.748967e-05
2.650000e+00 1.000000e-01 6.095567e-02 -3.593765e+00 9.920924e-01 2.977252e-05
2.700000e+00 1.000000e-01 6.095421e-02 -3.597024e+00 9.921401e-01 2.721049e-05
2.750000e+00 1.000000e-01 6.095295e-02 -3.599121e+00 9.921667e-01 2.290107e-05
2.800000e+00 1.000000e-01 6.095192e-02 -3.600467e+00 9.921810e-01 1.835881e-05
2.850000e+00 1.000000e-01 6.095111e-02 -3.601329e+00 9.921882e-01 1.425183e-05
2.900000e+00 1.000000e-01 6.095049e-02 -3.601880e+00 9.921914e-01 1.081270e-05
2.950000e+00 1.000000e-01 6.095003e-02 -3.602230e+00 9.921926e-01 8.062558e-06
3.000000e+00 1.000000e-01 6.094969e-02 -3.602453e+00 9.921926e-01 5.930218e-06
3.050000e+00 1.000000e-01 6.094944e-02 -3.602593e+00 9.921922e-01 4.313330e-06
3.100000e+00 1.000000e-01 6.094925e-02 -3.602681e+00 9.921916e-01 3.107973e-06
3.150000e+00 1.000000e-01 6.094912e-02 -3.602736e+00 9.921910e-01 2.221514e-06
3.200000e+00 1.000000e-01 6.094903e-02 -3.602771e+00 9.921905e-01 1.576846e-06
3.250000e+00 1.000000e-01 6.094897e-02 -3.602792e+00 9.921901e-01 1.112462e-06
3.300000e+00 1.000000e-01 6.094892e-02 -3.602805e+00 9.921897e-01 7.806976e-07
3.350000e+00 1.000000e-01 6.094889e-02 -3.602813e+00 9.921894e-01 5.454038e-07
3.400000e+00 1.000000e-01 6.094887e-02 -3.602817e+00 9.921892e-01 3.796130e-07
3.450000e+00 1.000000e-01 6.094885e-02 -3.602820e+00 9.921891e-01 2.634758e-07
3.500000e+00 1.000000e-01 6.094884e-02 -3.602822e+00 9.921890e-01 1.825448e-07
3.550000e+00 1.000000e-01 6.094883e-02 -3.602823e+00 9.921889e-01 1.264059e-07
3.600000e+00 1.000000e-01 6.094883e-02 -3.602824e+00 9.921888e-01 8.761602e-08
3.650000e+00 1.000000e-01 6.094882e-02 -3.602824e+00 9.921888e-01 6.089618e-08
3.700000e+00 1.000000e-01 6.094882e-02 -3.602825e+00 9.921888e-01 4.252894e-08
3.750000e+00 1.000000e-01 6.094882e-02 -3.602825e+00 9.921887e-01 2.991367e-08
3.800000e+00 1.000000e-01 6.094882e-02 -3.602825e+00 9.921887e-01 2.124243e-08
3.850000e+00 1.000000e-01 6.094882e-02 -3.602825e+00 9.921887e-01 1.526585e-08
3.900000e+00 1.000000e-01 6.094882e-02 -3.602825e+00 9.921887e-01 1.112540e-08
3.950000e+00 1.000000e-01 6.094882e-02 -3.602825e+00 9.921887e-01 8.234352e-09
4.000000e+00 1.000000e-01 6.094882e-02 -3.602825e+00 9.921887e-01 6.193708e-09
4.050000e+00 1.000000e-01 6.094882e-02 -3.602825e+00 9.921887e-01 4.733331e-09
4.100000e+00 1.000000e-01 6.094882e-02 -3.602825e+00 9.921887e-01 3.670998e-09
4.150000e+00 1.000000e-01 6.094882e-02 -3.602825e+00 9.921887e-01 2.884080e-09
4.200000e+00 1.000000e-01 6.094882e-02 -3.602825e+00 9.921887e-01 2.290113e-09
4.250000e+00 1.000000e-01 6.094882e-02 -3.602825e+00 9.921887e-01 1.833537e-09
4.300000e+00 1.000000e-01 6.094882e-02 -3.602825e+00 9.921887e-01 1.476725e-09
4.350000e+00 1.000000e-01 6.094882e-02 -3.602825e+00 9.921887e-01 1.193956e-09
4.400000e+00 1.000000e-01 6.094882e-02 -3.602825e+00 9.921887e-01 9.673918e-10
4.450000e+00 1.000000e-01 6.094881e-02 -3.602825e+00 9.921887e-01 7.844139e-10
4.500000e+00 1.000000e-01 6.094881e-02 -3.602825e+00 9.921887e-01 6.358795e-10
4.550000e+00 1.000000e-01 6.094881e-02 -3.602825e+00 9.921887e-01 5.149777e-10
4.600000e+00 1.000000e-01 6.094881e-02 -3.602825e+00 9.921887e-01 4.164922e-10
4.650000e+00 1.000000e-01 6.094881e-02 -3.602825e+00 9.921887e-01 3.363233e-10
4.700000e+00 1.000000e-01 6.094881e-02 -3.602825e+00 9.921887e-01 2.711778e-10
4.750000e+00 1.000000e-01 6.094881e-02 -3.602825e+00 9.921887e-01 2.183676e-10
4.800000e+00 1.000000e-01 6.094881e-02 -3.602825e+00 9.921887e-01 1.756739e-10
4.850000e+00 1.000000e-01 6.094881e-02 -3.602825e+00 9.921887e-01 1.412550e-10
4.900000e+00 1.000000e-01 6.094881e-02 -3.602825e+00 9.921887e-01 1.135810e-10
4.950000e+00 1.000000e-01 6.094881e-02 -3.602825e+00 9.921887e-01 9.138384e-11
5.000000e+00 1.000000e-01 6.094881e-02 -3.602825e+00 9.921887e-01 7.361639e-11
5.050000e+00 1.000000e-01 6.094881e-02 -3.602825e+00 9.921887e-01 5.942136e-11
5.100000e+00 1.000000e-01 6.094881e-02 -3.602825e+00 9.921887e-01 4.810437e-11
5.150000e+00 1.000000e-01 6.094881e-02 -3.602825e+00 9.921887e-01 3.911024e-11
5.200000e+00 1.000000e-01 6.094881e-02 -3.602825e+00 9.921887e-01 3.200266e-11
5.250000e+00 1.000000e-01 6.094881e-02 -3.602825e+00 9.921887e-01 2.644940e-11
5.300000e+00 1.000000e-01 6.094881e-02 -3.602825e+00 9.921887e-01 2.220876e-11
5.350000e+00 1.000000e-01 6.094881e-02 -3.602825e+00 9.921887e-01 1.911984e-11
5.400000e+00 1.000000e-01 6.094881e-02 -3.602825e+00 9.921887e-01 1.709820e-11
5.450000e+00 1.000000e-01 6.094881e-02 -3.602825e+00 9.921887e-01 1.613251e-11
5.500000e+00 1.000000e-01 6.094881e-02 -3.602825e+00 9.921887e-01 1.628662e-11
5.550000e+00 1.000000e-01 6.094881e-02 -3.602825e+00 9.921887e-01 1.770792e-11
5.600000e+00 1.000000e-01 6.094881e-02 -3.602825e+00 9.921887e-01 2.063918e-11
5.650000e+00 1.000000e-01 6.094881e-02 -3.602825e+00 9.921887e-01 2.543812e-11
5.700000e+00 1.000000e-01 6.094881e-02 -3.602825e+00 9.921887e-01 3.260392e-11
5.750000e+00 1.000000e-01 6.094881e-02 -3.602825e+00 9.921887e-01 4.281714e-11
5.800000e+00 1.000000e-01 6.094881e-02 -3.602825e+00 9.921887e-01 5.699066e-11
5.850000e+00 1.000000e-01 6.094881e-02 -3.602825e+00 9.921887e-01 7.633581e-11
5.900000e+00 1.000000e-01 6.094881e-02 -3.602825e+00 9.921887e-01 1.024532e-10
5.950000e+00 1.000000e-01 6.094881e-02 -3.602825e+00 9.921887e-01 1.374517e-10
6.000000e+00 1.000000e-01 6.094881e-02 -3.602825e+00 9.921887e-01 1.841019e-10
6.050000e+00 1.000000e-01 6.094881e-02 -3.602825e+00 9.921887e-01 2.460379e-10
6.100000e+00 1.000000e-01 6.094881e-02 -3.602825e+00 9.921887e-01 3.280216e-10
6.150000e+00 1.000000e-01 6.094881e-02 -3.602825e+00 9.921887e-01 4.362872e-10
6.200000e+00 1.000000e-01 6.094881e-02 -3.602825e+00 9.921887e-01 5.789912e-10
6.250000e+00 1.000000e-01 6.094881e-02 -3.602825e+00 9.921887e-01 7.667963e-10
6.300000e+00 1.000000e-01 6.094881e-02 -3.602825e+00 9.921887e-01 1.013637e-09
6.350000e+00 1.000000e-01 6.094881e-02 -3.602825e+00 9.921887e-01 1.337716e-09
6.400000e+00 1.000000e-01 6.094881e-02 -3.602825e+00 9.921887e-01 1.762799e-09
6.450000e+00 1.000000e-01 6.094881e-02 -3.602825e+00 9.921887e-01 2.319907e-09
6.500000e+00 1.000000e-01 6.094881e-02 -3.602825e+00 9.921887e-01 3.049518e-09
6.550000e+00 1.000000e-01 6.094881e-02 -3.602825e+00 9.921887e-01 4.004429e-09
6.600000e+00 1.000000e-01 6.094881e-02 -3.602825e+00 9.921887e-01 5.253493e-09
6.650000e+00 1.000000e-01 6.094881e-02 -3.602825e+00 9.921887e-01 6.886474e-09
6.700000e+00 1.000000e-01 6.094881e-02 -3.602825e+00 9.921887e-01 9.020369e-09
6.750000e+00 1.000000e-01 6.094881e-02 -3.602825e+00 9.921887e-01 1.180763e-08
6.800000e+00 1.000000e-01 6.094881e-02 -3.602825e+00 9.921887e-01 1.544689e-08
6.850000e+00 1.000000e-01 6.094881e-02 -3.602825e+00 9.921887e-01 2.019683e-08
6.900000e+00 1.000000e-01 6.094881e-02 -3.602826e+00 9.921887e-01 2.639435e-08
6.950000e+00 1.000000e-01 6.094881e-02 -3.602826e+00 9.921886e-01 3.447806e-08
7.000000e+00 1.000000e-01 6.094881e-02 -3.602826e+00 9.921886e-01 4.501893e-08
7.050000e+00 1.000000e-01 6.094880e-02 -3.602826e+00 9.921886e-01 5.876003e-08
7.100000e+00 1.000000e-01 6.094880e-02 -3.602826e+00 9.921886e-01 7.666830e-08
7.150000e+00 1.000000e-01 6.094880e-02 -3.602827e+00 9.921886e-01 1.000017e-07
7.200000e+00 1.000000e-01 6.094879e-02 -3.602827e+00 9.921885e-01 1.303965e-07
7.250000e+00 1.000000e-01 6.094878e-02 -3.602828e+00 9.921885e-01 1.699808e-07
7.300000e+00 1.000000e-01 6.094877e-02 -3.602829e+00 9.921884e-01 2.215218e-07
7.350000e+00 1.000000e-01 6.094876e-02 -3.602830e+00 9.921883e-01 2.886163e-07
7.400000e+00 1.000000e-01 6.094874e-02 -3.602831e+00 9.921882e-01 3.759434e-07
7.450000e+00 1.000000e-01 6.094872e-02 -3.602833e+00 9.921881e-01 4.895697e-07
7.500000e+00 1.000000e-01 6.094870e-02 -3.602835e+00 9.921879e-01 6.374293e-07
7.550000e+00 1.000000e-01 6.094866e-02 -3.602838e+00 9.921876e-01 8.296557e-07
7.600000e+00 1.000000e-01 6.094861e-02 -3.602842e+00 9.921873e-01 1.079989e-06
7.650000e+00 1.000000e-01 6.094855e-02 -3.602847e+00 9.921869e-01 1.404425e-06
7.700000e+00 1.000000e-01 6.094847e-02 -3.602854e+00 9.921863e-01 1.829454e-06
7.750000e+00 1.000000e-01 6.094837e-02 -3.602863e+00 9.921856e-01 2.372397e-06
7.800000e+00 1.000000e-01 6.094824e-02 -3.602873e+00 9.921847e-01 3.104856e-06
7.850000e+00 1.000000e-01 6.094806e-02 -3.602891e+00 9.921835e-01 3.983666e-06
7.900000e+00 1.000000e-01 6.094784e-02 -3.602900e+00 9.921821e-01 5.315381e-06
7.950000e+00 1.000000e-01 6.094753e-02 -3.602952e+00 9.921796e-01 6.570346e-06
8.000000e+00 1.000000e-01 6.094718e-02 -3.602919e+00 9.921781e-01 9.335060e-06
8.050000e+00 1.000000e-01 6.094659e-02 -3.603115e+00 9.921722e-01 1.033495e-05
8.100000e+00 1.000000e-01 6.094615e-02 -3.602825e+00 9.921734e-01 1.726065e-05
8.150000e+00 1.000000e-01 6.094487e-02 -3.603636e+00 9.921556e-01 1.464133e-05
8.200000e+00 1.000000e-01 6.094468e-02 -3.602223e+00 9.921725e-01 3.389357e-05
8.250000e+00 1.000000e-01 6.094148e-02 -3.605260e+00 9.921162e-01 1.725001e-05
8.300000e+00 1.000000e-01 6.094296e-02 -3.600084e+00 9.921882e-01 6.729340e-05
8.350000e+00 1.000000e-01 6.093475e-02 -3.609491e+00 9.920281e-01 1.756152e-05
8.400000e+00 1.000000e-01 6.094120e-02 -3.594869e+00 9.922356e-01 1.220345e-04
8.450000e+00 1.000000e-01 6.092255e-02 -3.617709e+00 9.918709e-01 3.127308e-05
8.500000e+00 1.000000e-01 6.093807e-02 -3.586667e+00 9.922943e-01 1.829057e-04
8.550000e+00 1.000000e-01 6.090425e-02 -3.627837e+00 9.916782e-01 1.049140e-04
8.600000e+00 1.000000e-01 6.092758e-02 -3.580953e+00 9.922596e-01 2.245909e-04
8.650000e+00 1.000000e-01 6.088180e-02 -3.632423e+00 9.915342e-01 2.744446e-04
8.700000e+00 1.000000e-01 6.090014e-02 -3.585930e+00 9.920291e-01 2.975233e-04
8.750000e+00 1.000000e-01 6.085204e-02 -3.628175e+00 9.913744e-01 4.824076e-04
8.800000e+00 1.000000e-01 6.085190e-02 -3.598058e+00 9.917197e-01 5.566335e-04
8.850000e+00 1.000000e-01 6.079638e-02 -3.628670e+00 9.908801e-01 6.995331e-04
8.900000e+00 1.000000e-01 6.078194e-02 -3.602365e+00 9.914450e-01 1.023082e-03
8.950000e+00 1.000000e-01 6.069407e-02 -3.644890e+00 9.899911e-01 1.179779e-03
9.000000e+00 1.000000e-01 6.066397e-02 -3.605677e+00 9.907363e-01 1.599062e-03
9.050000e+00 1.000000e-01 6.053417e-02 -3.661113e+00 9.889483e-01 2.110742e-03
9.100000e+00 1.000000e-01 6.045289e-02 -3.629307e+00 9.892259e-01 2.640376e-03
9.150000e+00 1.000000e-01 6.027013e-02 -3.678361e+00 9.871205e-01 3.428458e-03
9.200000e+00 1.000000e-01 6.011005e-02 -3.663050e+00 9.870838e-01 4.531070e-03
9.250000e+00 1.000000e-01 5.981702e-02 -3.722691e+00 9.837982e-01 5.720377e-03
9.300000e+00 1.000000e-01 5.953801e-02 -3.711833e+00 9.832589e-01 7.412101e-03
9.350000e+00 1.000000e-01 5.907581e-02 -3.790678e+00 9.787235e-01 9.606865e-03
9.400000e+00 1.000000e-01 5.857732e-02 -3.807082e+00 9.766038e-01 1.233401e-02
9.450000e+00 1.000000e-01 5.784241e-02 -3.901855e+00 9.698883e-01 1.576405e-02
9.500000e+00 1.000000e-01 5.700092e-02 -3.959845e+00 9.656567e-01 2.028650e-02
9.550000e+00 1.000000e-01 5.581376e-02 -4.099461e+00 9.550643e-01 2.585922e-02
9.600000e+00 1.000000e-01 5.441499e-02 -4.217276e+00 9.466227e-01 3.286903e-02
9.650000e+00 1.000000e-01 5.252686e-02 -4.429707e+00 9.297483e-01 4.137152e-02
9.700000e+00 1.000000e-01 5.027784e-02 -4.648556e+00 9.140382e-01 5.183395e-02
9.750000e+00 1.000000e-01 4.734346e-02 -4.989809e+00 8.857443e-01 6.356107e-02
9.800000e+00 1.000000e-01 4.392173e-02 -5.340284e+00 8.567330e-01 7.652867e-02
9.850000e+00 1.000000e-01 3.969059e-02 -5.883911e+00 8.078042e-01 8.728143e-02
9.900000e+00 1.000000e-01 3.519359e-02 -6.306995e+00 7.537333e-01 9.168178e-02
9.950000e+00 1.000000e-01 3.052242e-02 -7.002968e+00 6.626664e-01 7.233591e-02
1.000000e+01 1.000000e-01 2.796000e-02 -6.910728e+00 0.000000e+00 0.000000e+00
0.000000e+00 1.200000e-01 3.969600e-02 -4.560000e+00 0.000000e+00 0.000000e+00
5.000000e-02 1.200000e-01 3.970381e-02 -4.559770e+00 6.323157e-01 -1.747648e-04
1.000000e-01 1.200000e-01 3.971348e-02 -4.559369e+00 6.323049e-01 -2.212054e-04
1.500000e-01 1.200000e-01 3.972594e-02 -4.558801e+00 6.323927e-01 -2.642144e-04
2.000000e-01 1.200000e-01 3.973990e-02 -4.558276e+00 6.325317e-01 -2.769686e-04
2.500000e-01 1.200000e-01 3.975363e-02 -4.557743e+00 6.326604e-01 -2.845816e-04
3.000000e-01 1.200000e-01 3.976836e-02 -4.556663e+00 6.328318e-01 -3.303518e-04
3.500000e-01 1.200000e-01 3.978667e-02 -4.554804e+00 6.331916e-01 -3.966307e-04
4.000000e-01 1.200000e-01 3.980802e-02 -4.552932e+00 6.337991e-01 -4.467629e-04
4.500000e-01 1.200000e-01 3.983134e-02 -4.552156e+00 6.345890e-01 -5.616746e-04
5.000000e-01 1.200000e-01 3.986419e-02 -4.552607e+00 6.355426e-01 -9.329047e-04
5.500000e-01 1.200000e-01 3.992463e-02 -4.553002e+00 6.367508e-01 -1.679502e-03
6.000000e-01 1.200000e-01 4.003214e-02 -4.551184e+00 6.382426e-01 -2.760934e-03
6.500000e-01 1.200000e-01 4.020073e-02 -4.544271e+00 6.398994e-01 -4.105975e-03
7.000000e-01 1.200000e-01 4.044273e-02 -4.528070e+00 6.416367e-01 -5.719104e-03
7.500000e-01 1.200000e-01 4.077264e-02 -4.497579e+00 6.435659e-01 -7.588172e-03
8.000000e-01 1.200000e-01 4.120155e-02 -4.450115e+00 6.458762e-01 -9.578412e-03
8.500000e-01 1.200000e-01 4.173048e-02 -4.388786e+00 6.486428e-01 -1.152194e-02
9.000000e-01 1.200000e-01 4.235375e-02 -4.321224e+00 6.518403e-01 -1.337614e-02
9.500000e-01 1.200000e-01 4.306809e-02 -4.252123e+00 6.554704e-01 -1.521174e-02
1.000000e+00 1.200000e-01 4.387492e-02 -4.176134e+00 6.595612e-01 -1.706908e-02
1.050000e+00 1.200000e-01 4.477500e-02 -4.080187e+00 6.640998e-01 -1.890758e-02
1.100000e+00 1.200000e-01 4.576568e-02 -3.956238e+00 6.691093e-01 -2.068765e-02
1.150000e+00 1.200000e-01 4.684377e-02 -3.813871e+00 6.747954e-01 -2.241514e-02
1.200000e+00 1.200000e-01 4.800719e-02 -3.679842e+00 6.814665e-01 -2.408237e-02
1.250000e+00 1.200000e-01 4.925200e-02 -3.582089e+00 6.892017e-01 -2.564331e-02
1.300000e+00 1.200000e-01 5.057152e-02 -3.529064e+00 6.976327e-01 -2.710907e-02
1.350000e+00 1.200000e-01 5.196291e-02 -3.499525e+00 7.061339e-01 -2.863439e-02
1.400000e+00 1.200000e-01 5.343496e-02 -3.450221e+00 7.142595e-01 -3.044762e-02
1.450000e+00 1.200000e-01 5.500767e-02 -3.335995e+00 7.220426e-01 -3.269157e-02
1.500000e+00 1.200000e-01 5.670412e-02 -3.129476e+00 7.300052e-01 -3.536251e-02
1.550000e+00 1.200000e-01 5.854392e-02 -2.830012e+00 7.390394e-01 -3.838563e-02
1.600000e+00 1.200000e-01 6.054268e-02 -2.460002e+00 7.503140e-01 -4.166796e-02
1.650000e+00 1.200000e-01 6.271072e-02 -2.054588e+00 7.651499e-01 -4.499916e-02
1.700000e+00 1.200000e-01 6.504260e-02 -1.652385e+00 7.847162e-01 -4.788700e-02
1.750000e+00 1.200000e-01 6.749942e-02 -1.290527e+00 8.095554e-01 -4.954804e-02
1.800000e+00 1.200000e-01 6.999740e-02 -1.002204e+00 8.391676e-01 -4.916363e-02
1.850000e+00 1.200000e-01 7.241578e-02 -8.133743e-01 8.719326e-01 -4.627238e-02
1.900000e+00 1.200000e-01 7.462464e-02 -7.374321e-01 9.054663e-01 -4.103658e-02
1.950000e+00 1.200000e-01 7.651944e-02 -7.702062e-01 9.372590e-01 -3.420702e-02
2.000000e+00 1.200000e-01 7.804534e-02 -8.896138e-01 9.653032e-01 -2.682484e-02
2.050000e+00 1.200000e-01 7.920193e-02 -1.061996e+00 9.884613e-01 -1.985458e-02
2.100000e+00 1.200000e-01 8.003080e-02 -1.252328e+00 1.006496e+00 -1.393677e-02
2.150000e+00 1.200000e-01 8.059560e-02 -1.432994e+00 1.019851e+00 -9.328974e-03
2.200000e+00 1.200000e-01 8.096370e-02 -1.587667e+00 1.029330e+00 -5.988193e-03
2.250000e+00 1.200000e-01 8.119442e-02 -1.710456e+00 1.035834e+00 -3.704567e-03
2.300000e+00 1.200000e-01 8.133415e-02 -1.802595e+00 1.040178e+00 -2.217509e-03
2.350000e+00 1.200000e-01 8.141617e-02 -1.868897e+00 1.043021e+00 -1.287120e-03
2.400000e+00 1.200000e-01 8.146287e-02 -1.915167e+00 1.044855e+00 -7.240771e-04
2.450000e+00 1.200000e-01 8.148858e-02 -1.946757e+00 1.046025e+00 -3.929707e-04
2.500000e+00 1.200000e-01 8.150216e-02 -1.968000e+00 1.046765e+00 -2.033489e-04
2.550000e+00 1.200000e-01 8.150892e-02 -1.982138e+00 1.047231e+00 -9.769745e-05
2.600000e+00 1.200000e-01 8.151193e-02 -1.991485e+00 1.047522e+00 -4.073999e-05
2.650000e+00 1.200000e-01 8.151299e-02 -1.997636e+00 1.047703e+00 -1.141204e-05
2.700000e+00 1.200000e-01 8.151307e-02 -2.001672e+00 1.047816e+00 2.606878e-06
2.750000e+00 1.200000e-01 8.151273e-02 -2.004315e+00 1.047884e+00 8.397357e-06
2.800000e+00 1.200000e-01 8.151223e-02 -2.006042e+00 1.047927e+00 9.958246e-06
2.850000e+00 1.200000e-01 8.151173e-02 -2.007168e+00 1.047952e+00 9.501603e-06
2.900000e+00 1.200000e-01 8.151128e-02 -2.007902e+00 1.047967e+00 8.216619e-06
2.950000e+00 1.200000e-01 8.151091e-02 -2.008379e+00 1.047976e+00 6.715125e-06
3.000000e+00 1.200000e-01 8.151061e-02 -2.008688e+00 1.047981e+00 5.289081e-06
3.050000e+00 1.200000e-01 8.151038e-02 -2.008889e+00 1.047984e+00 4.058047e-06
3.100000e+00 1.200000e-01 8.151021e-02 -2.009018e+00 1.047985e+00 3.052635e-06
3.150000e+00 1.200000e-01 8.151008e-02 -2.009101e+00 1.047986e+00 2.260914e-06
3.200000e+00 1.200000e-01 8.150998e-02 -2.009155e+00 1.047987e+00 1.653522e-06
3.250000e+00 1.200000e-01 8.150991e-02 -2.009190e+00 1.047987e+00 1.196677e-06
3.300000e+00 1.200000e-01 8.150986e-02 -2.009212e+00 1.047987e+00 8.584164e-07
3.350000e+00 1.200000e-01 8.150983e-02 -2.009226e+00 1.047987e+00 6.111670e-07
3.400000e+00 1.200000e-01 8.150980e-02 -2.009235e+00 1.047987e+00 4.323962e-07
3.450000e+00 1.200000e-01 8.150978e-02 -2.009241e+00 1.047987e+00 3.043416e-07
3.500000e+00 1.200000e-01 8.150977e-02 -2.009244e+00 1.047987e+00 2.133599e-07
3.550000e+00 1.200000e-01 8.150976e-02 -2.009247e+00 1.047987e+00 1.491777e-07
3.600000e+00 1.200000e-01 8.150975e-02 -2.009248e+00 1.047987e+00 1.041807e-07
3.650000e+00 1.200000e-01 8.150975e-02 -2.009249e+00 1.047986e+00 7.279948e-08
3.700000e+00 1.200000e-01 8.150975e-02 -2.009250e+00 1.047986e+00 5.100629e-08
3.750000e+00 1.200000e-01 8.150975e-02 -2.009250e+00 1.047986e+00 3.591718e-08
3.800000e+00 1.200000e-01 8.150974e-02 -2.009251e+00 1.047986e+00 2.548577e-08
3.850000e+00 1.200000e-01 8.150974e-02 -2.009251e+00 1.047986e+00 1.827203e-08
3.900000e+00 1.200000e-01 8.150974e-02 -2.009251e+00 1.047986e+00 1.327048e-08
3.950000e+00 1.200000e-01 8.150974e-02 -2.009251e+00 1.047986e+00 9.784163e-09
4.000000e+00 1.200000e-01 8.150974e-02 -2.009251e+00 1.047986e+00 7.333320e-09
4.050000e+00 1.200000e-01 8.150974e-02 -2.009251e+00 1.047986e+00 5.589839e-09
4.100000e+00 1.200000e-01 8.150974e-02 -2.009251e+00 1.047986e+00 4.330621e-09
4.150000e+00 1.200000e-01 8.150974e-02 -2.009251e+00 1.047986e+00 3.404725e-09
4.200000e+00 1.200000e-01 8.150974e-02 -2.009251e+00 1.047986e+00 2.710407e-09
4.250000e+00 1.200000e-01 8.150974e-02 -2.009251e+00 1.047986e+00 2.179203e-09
4.300000e+00 1.200000e-01 8.150974e-02 -2.009251e+00 1.047986e+00 1.764994e-09
4.350000e+00 1.200000e-01 8.150974e-02 -2.009251e+00 1.047986e+00 1.436559e-09
4.400000e+00 1.200000e-01 8.150974e-02 -2.009251e+00 1.047986e+00 1.172555e-09
4.450000e+00 1.200000e-01 8.150974e-02 -2.009251e+00 1.047986e+00 9.581522e-10
4.500000e+00 1.200000e-01 8.150974e-02 -2.009251e+00 1.047986e+00 7.828163e-10
4.550000e+00 1.200000e-01 8.150974e-02 -2.009251e+00 1.047986e+00 6.388513e-10
4.600000e+00 1.200000e-01 8.150974e-02 -2.009251e+00 1.047986e+00 5.204558e-10
4.650000e+00 1.200000e-01 8.150974e-02 -2.009251e+00 1.047986e+00 4.231172e-10
4.700000e+00 1.200000e-01 8.150974e-02 -2.009251e+00 1.047986e+00 3.432264e-10
4.750000e+00 1.200000e-01 8.150974e-02 -2.009251e+00 1.047986e+00 2.778278e-10
4.800000e+00 1.200000e-01 8.150974e-02 -2.009251e+00 1.047986e+00 2.244629e-10
4.850000e+00 1.200000e-01 8.150974e-02 -2.009251e+00 1.047986e+00 1.810688e-10
4.900000e+00 1.200000e-01 8.150974e-02 -2.009251e+00 1.047986e+00 1.459051e-10
4.950000e+00 1.200000e-01 8.150974e-02 -2.009251e+00 1.047986e+00 1.175074e-10
5.000000e+00 1.200000e-01 8.150974e-02 -2.009251e+00 1.047986e+00 9.464582e-11
5.050000e+00 1.200000e-01 8.150974e-02 -2.009251e+00 1.047986e+00 7.629578e-11
5.100000e+00 1.200000e-01 8.150974e-02 -2.009251e+00 1.047986e+00 6.161391e-11
5.150000e+00 1.200000e-01 8.150974e-02 -2.009251e+00 1.047986e+00 4.991341e-11
5.200000e+00 1.200000e-01 8.150974e-02 -2.009251e+00 1.047986e+00 4.064485e-11
5.250000e+00 1.200000e-01 8.150974e-02 -2.009251e+00 1.047986e+00 3.337927e-11
5.300000e+00 1.200000e-01 8.150974e-02 -2.009251e+00 1.047986e+00 2.779610e-11
5.350000e+00 1.200000e-01 8.150974e-02 -2.009251e+00 1.047986e+00 2.367287e-11
5.400000e+00 1.200000e-01 8.150974e-02 -2.009251e+00 1.047986e+00 2.087774e-11
5.450000e+00 1.200000e-01 8.150974e-02 -2.009251e+00 1.047986e+00 1.936701e-11
5.500000e+00 1.200000e-01 8.150974e-02 -2.009251e+00 1.047986e+00 1.918646e-11
5.550000e+00 1.200000e-01 8.150974e-02 -2.009251e+00 1.047986e+00 2.047959e-11
5.600000e+00 1.200000e-01 8.150974e-02 -2.009251e+00 1.047986e+00 2.350162e-11
5.650000e+00 1.200000e-01 8.150974e-02 -2.009251e+00 1.047986e+00 2.863862e-11
5.700000e+00 1.200000e-01 8.150974e-02 -2.009251e+00 1.047986e+00 3.643710e-11
5.750000e+00 1.200000e-01 8.150974e-02 -2.009251e+00 1.047986e+00 4.764952e-11
5.800000e+00 1.200000e-01 8.150974e-02 -2.009251e+00 1.047986e+00 6.328840e-11
5.850000e+00 1.200000e-01 8.150974e-02 -2.009251e+00 1.047986e+00 8.470127e-11
5.900000e+00 1.200000e-01 8.150974e-02 -2.009251e+00 1.047986e+00 1.136714e-10
5.950000e+00 1.200000e-01 8.150974e-02 -2.009251e+00 1.047986e+00 1.525498e-10
6.000000e+00 1.200000e-01 8.150974e-02 -2.009251e+00 1.047986e+00 2.044266e-10
6.050000e+00 1.200000e-01 8.150974e-02 -2.009251e+00 1.047986e+00 2.733569e-10
6.100000e+00 1.200000e-01 8.150974e-02 -2.009251e+00 1.047986e+00 3.646548e-10
6.150000e+00 1.200000e-01 8.150974e-02 -2.009251e+00 1.047986e+00 4.852777e-10
6.200000e+00 1.200000e-01 8.150974e-02 -2.009251e+00 1.047986e+00 6.443281e-10
6.250000e+00 1.200000e-01 8.150974e-02 -2.009251e+00 1.047986e+00 8.537072e-10
6.300000e+00 1.200000e-01 8.150974e-02 -2.009251e+00 1.047986e+00 1.128967e-09
6.350000e+00 1.200000e-01 8.150974e-02 -2.009251e+00 1.047986e+00 1.490423e-09
6.400000e+00 1.200000e-01 8.150974e-02 -2.009251e+00 1.047986e+00 1.964599e-09
6.450000e+00 1.200000e-01 8.150974e-02 -2.009251e+00 1.047986e+00 2.586114e-09
6.500000e+00 1.200000e-01 8.150974e-02 -2.009251e+00 1.047986e+00 3.400138e-09
6.550000e+00 1.200000e-01 8.150974e-02 -2.009251e+00 1.047986e+00 4.465588e-09
6.600000e+00 1.200000e-01 8.150974e-02 -2.009251e+00 1.047986e+00 5.859293e-09
6.650000e+00 1.200000e-01 8.150974e-02 -2.009251e+00 1.047986e+00 7.681407e-09
6.700000e+00 1.200000e-01 8.150974e-02 -2.009251e+00 1.047986e+00 1.006246e-08
6.750000e+00 1.200000e-01 8.150974e-02 -2.009252e+00 1.047986e+00 1.317255e-08
6.800000e+00 1.200000e-01 8.150974e-02 -2.009252e+00 1.047986e+00 1.723322e-08
6.850000e+00 1.200000e-01 8.150974e-02 -2.009252e+00 1.047986e+00 2.253305e-08
6.900000e+00 1.200000e-01 8.150973e-02 -2.009252e+00 1.047986e+00 2.944779e-08
6.950000e+00 1.200000e-01 8.150973e-02 -2.009252e+00 1.047986e+00 3.846663e-08
7.000000e+00 1.200000e-01 8.150973e-02 -2.009252e+00 1.047986e+00 5.022627e-08
7.050000e+00 1.200000e-01 8.150973e-02 -2.009252e+00 1.047986e+00 6.555533e-08
7.100000e+00 1.200000e-01 8.150972e-02 -2.009252e+00 1.047986e+00 8.553192e-08
7.150000e+00 1.200000e-01 8.150972e-02 -2.009252e+00 1.047986e+00 1.115585e-07
7.200000e+00 1.200000e-01 8.150971e-02 -2.009253e+00 1.047986e+00 1.454592e-07
7.250000e+00 1.200000e-01 8.150970e-02 -2.009253e+00 1.047986e+00 1.896061e-07
7.300000e+00 1.200000e-01 8.150969e-02 -2.009254e+00 1.047986e+00 2.470837e-07
7.350000e+00 1.200000e-01 8.150968e-02 -2.009255e+00 1.047986e+00 3.218998e-07
7.400000e+00 1.200000e-01 8.150966e-02 -2.009256e+00 1.047986e+00 4.192707e-07
7.450000e+00 1.200000e-01 8.150964e-02 -2.009257e+00 1.047986e+00 5.459489e-07
7.500000e+00 1.200000e-01 8.150961e-02 -2.009258e+00 1.047986e+00 7.107992e-07
7.550000e+00 1.200000e-01 8.150957e-02 -2.009261e+00 1.047986e+00 9.250268e-07
7.600000e+00 1.200000e-01 8.150951e-02 -2.009263e+00 1.047985e+00 1.204207e-06
7.650000e+00 1.200000e-01 8.150945e-02 -2.009267e+00 1.047985e+00 1.565319e-06
7.700000e+00 1.200000e-01 8.150936e-02 -2.009272e+00 1.047985e+00 2.040370e-06
7.750000e+00 1.200000e-01 8.150924e-02 -2.009279e+00 1.047984e+00 2.641414e-06
7.800000e+00 1.200000e-01 8.150909e-02 -2.009284e+00 1.047984e+00 3.468284e-06
7.850000e+00 1.200000e-01 8.150890e-02 -2.009303e+00 1.047983e+00 4.419211e-06
7.900000e+00 1.200000e-01 8.150865e-02 -2.009294e+00 1.047982e+00 5.973165e-06
7.950000e+00 1.200000e-01 8.150830e-02 -2.009371e+00 1.047980e+00 7.202367e-06
8.000000e+00 1.200000e-01 8.150793e-02 -2.009251e+00 1.047979e+00 1.066672e-05
8.050000e+00 1.200000e-01 8.150723e-02 -2.009612e+00 1.047974e+00 1.094356e-05
8.100000e+00 1.200000e-01 8.150684e-02 -2.008924e+00 1.047977e+00 2.037897e-05
8.150000e+00 1.200000e-01 8.150519e-02 -2.010502e+00 1.047960e+00 1.410977e-05
8.200000e+00 1.200000e-01 8.150543e-02 -2.007527e+00 1.047981e+00 4.167324e-05
8.250000e+00 1.200000e-01 8.150103e-02 -2.013362e+00 1.047925e+00 1.267865e-05
8.300000e+00 1.200000e-01 8.150416e-02 -2.003221e+00 1.048004e+00 8.493533e-05
8.350000e+00 1.200000e-01 8.149253e-02 -2.020579e+00 1.047844e+00 5.609846e-06
8.400000e+00 1.200000e-01 8.150360e-02 -1.993736e+00 1.048064e+00 1.531338e-04
8.450000e+00 1.200000e-01 8.147722e-02 -2.033526e+00 1.047702e+00 1.643891e-05
8.500000e+00 1.200000e-01 8.150195e-02 -1.980379e+00 1.048140e+00 2.190548e-04
8.550000e+00 1.200000e-01 8.145531e-02 -2.047179e+00 1.047539e+00 1.087451e-04
8.600000e+00 1.200000e-01 8.149108e-02 -1.972703e+00 1.048132e+00 2.479323e-04
8.650000e+00 1.200000e-01 8.143052e-02 -2.050218e+00 1.047438e+00 3.146395e-04
8.700000e+00 1.200000e-01 8.145962e-02 -1.979627e+00 1.047966e+00 3.240321e-04
8.750000e+00 1.200000e-01 8.139812e-02 -2.043643e+00 1.047318e+00 5.283077e-04
8.800000e+00 1.200000e-01 8.140678e-02 -1.987969e+00 1.047799e+00 6.511679e-04
8.850000e+00 1.200000e-01 8.133300e-02 -2.050899e+00 1.046881e+00 7.288751e-04
8.900000e+00 1.200000e-01 8.133390e-02 -1.979060e+00 1.047727e+00 1.183089e-03
8.950000e+00 1.200000e-01 8.121469e-02 -2.074017e+00 1.046178e+00 1.294918e-03
9.000000e+00 1.200000e-01 8.120441e-02 -1.976643e+00 1.047251e+00 1.765318e-03
9.050000e+00 1.200000e-01 8.103816e-02 -2.082767e+00 1.045506e+00 2.366045e-03
9.100000e+00 1.200000e-01 8.096780e-02 -1.998262e+00 1.046180e+00 2.951203e-03
9.150000e+00 1.200000e-01 8.074304e-02 -2.097022e+00 1.044169e+00 3.762120e-03
9.200000e+00 1.200000e-01 8.059159e-02 -2.012432e+00 1.044883e+00 5.101605e-03
9.250000e+00 1.200000e-01 8.023288e-02 -2.140800e+00 1.041714e+00 6.348168e-03
9.300000e+00 1.200000e-01 7.995677e-02 -2.042396e+00 1.042288e+00 8.248974e-03
9.350000e+00 1.200000e-01 7.940798e-02 -2.189707e+00 1.038254e+00 1.070579e-02
9.400000e+00 1.200000e-01 7.888619e-02 -2.110290e+00 1.037737e+00 1.382318e-02
9.450000e+00 1.200000e-01 7.802566e-02 -2.279957e+00 1.031944e+00 1.755913e-02
9.500000e+00 1.200000e-01 7.713028e-02 -2.210983e+00 1.030361e+00 2.277185e-02
9.550000e+00 1.200000e-01 7.574848e-02 -2.437886e+00 1.021521e+00 2.903656e-02
9.600000e+00 1.200000e-01 7.422662e-02 -2.395301e+00 1.017047e+00 3.715070e-02
9.650000e+00 1.200000e-01 7.203341e-02 -2.706107e+00 1.003434e+00 4.686716e-02
9.700000e+00 1.200000e-01 6.953991e-02 -2.712037e+00 9.938671e-01 5.941073e-02
9.750000e+00 1.200000e-01 6.609234e-02 -3.188488e+00 9.710076e-01 7.353563e-02
9.800000e+00 1.200000e-01 6.218634e-02 -3.257697e+00 9.505833e-01 9.049781e-02
9.850000e+00 1.200000e-01 5.704255e-02 -4.038391e+00 9.092733e-01 1.064471e-01
9.900000e+00 1.200000e-01 5.154163e-02 -4.149380e+00 8.628738e-01 1.203553e-01
9.950000e+00 1.200000e-01 4.500702e-02 -5.390100e+00 7.731554e-01 1.184563e-01
1.000000e+01 1.200000e-01 3.969600e-02 -5.198246e+00 0.000000e+00 0.000000e+00
0.000000e+00 1.400000e-01 5.325600e-02 -4.320000e+00 0.000000e+00 0.000000e+00
5.000000e-02 1.400000e-01 5.326193e-02 -4.319781e+00 7.210902e-01 -1.521706e-04
1.000000e-01 1.400000e-01 5.327122e-02 -4.319599e+00 7.210631e-01 -2.349142e-04
1.500000e-01 1.400000e-01 5.328542e-02 -4.319069e+00 7.211538e-01 -3.098290e-04
2.000000e-01 1.400000e-01 5.330220e-02 -4.318179e+00 7.212989e-01 -3.287576e-04
2.500000e-01 1.400000e-01 5.331830e-02 -4.317732e+00 7.214047e-01 -3.380839e-04
3.000000e-01 1.400000e-01 5.333601e-02 -4.317573e+00 7.215282e-01 -4.287853e-04
3.500000e-01 1.400000e-01 5.336118e-02 -4.316124e+00 7.218510e-01 -5.839113e-04
4.000000e-01 1.400000e-01 5.339440e-02 -4.313004e+00 7.224242e-01 -7.159511e-04
4.500000e-01 1.400000e-01 5.343277e-02 -4.310402e+00 7.231261e-01 -8.891323e-04
5.000000e-01 1.400000e-01 5.348331e-02 -4.309755e+00 7.239247e-01 -1.336298e-03
5.500000e-01 1.400000e-01 5.356640e-02 -4.308102e+00 7.249522e-01 -2.188770e-03
6.000000e-01 1.400000e-01 5.370219e-02 -4.300642e+00 7.262374e-01 -3.350197e-03
6.500000e-01 1.400000e-01 5.390142e-02 -4.287297e+00 7.275962e-01 -4.713179e-03
7.000000e-01 1.400000e-01 5.417351e-02 -4.273263e+00 7.289044e-01 -6.331617e-03
7.500000e-01 1.400000e-01 5.453458e-02 -4.259649e+00 7.302663e-01 -8.261938e-03
8.000000e-01 1.400000e-01 5.499970e-02 -4.235683e+00 7.317939e-01 -1.037359e-02
8.500000e-01 1.400000e-01 5.557194e-02 -4.186811e+00 7.334443e-01 -1.246261e-02
9.000000e-01 1.400000e-01 5.624596e-02 -4.114151e+00 7.352470e-01 -1.447047e-02
9.500000e-01 1.400000e-01 5.701899e-02 -4.041107e+00 7.374843e-01 -1.645947e-02
1.000000e+00 1.400000e-01 5.789191e-02 -3.992355e+00 7.403695e-01 -1.843791e-02
1.050000e+00 1.400000e-01 5.886278e-02 -3.963024e+00 7.436359e-01 -2.036178e-02
1.100000e+00 1.400000e-01 5.992809e-02 -3.912869e+00 7.467591e-01 -2.228578e-02
1.150000e+00 1.400000e-01 6.109136e-02 -3.798522e+00 7.496868e-01 -2.434633e-02
1.200000e+00 1.400000e-01 6.236272e-02 -3.617062e+00 7.531649e-01 -2.653701e-02
1.250000e+00 1.400000e-01 6.374506e-02 -3.419961e+00 7.581769e-01 -2.861689e-02
1.300000e+00 1.400000e-01 6.522441e-02 -3.282359e+00 7.650645e-01 -3.034327e-02
1.350000e+00 1.400000e-01 6.677939e-02 -3.250737e+00 7.731834e-01 -3.176321e-02
1.400000e+00 1.400000e-01 6.840073e-02 -3.308620e+00 7.812947e-01 -3.321666e-02
1.450000e+00 1.400000e-01 7.010105e-02 -3.383614e+00 7.882481e-01 -3.509146e-02
1.500000e+00 1.400000e-01 7.190988e-02 -3.387196e+00 7.935279e-01 -3.764577e-02
1.550000e+00 1.400000e-01 7.386563e-02 -3.258089e+00 7.975582e-01 -4.102723e-02
1.600000e+00 1.400000e-01 7.601260e-02 -2.983169e+00 8.017586e-01 -4.530092e-02
1.650000e+00 1.400000e-01 7.839572e-02 -2.590913e+00 8.082824e-01 -5.029533e-02
1.700000e+00 1.400000e-01 8.104213e-02 -2.131633e+00 8.194033e-01 -5.536323e-02
1.750000e+00 1.400000e-01 8.393204e-02 -1.660046e+00 8.367082e-01 -5.935351e-02
1.800000e+00 1.400000e-01 8.697748e-02 -1.225179e+00 8.604399e-01 -6.095799e-02
1.850000e+00 1.400000e-01 9.002784e-02 -8.652668e-01 8.893238e-01 -5.927299e-02
1.900000e+00 1.400000e-01 9.290478e-02 -6.046760e-01 9.209596e-01 -5.422188e-02
1.950000e+00 1.400000e-01 9.545003e-02 -4.517739e-01 9.525573e-01 -4.658397e-02
2.000000e+00 1.400000e-01 9.756318e-02 -3.984763e-01 9.816717e-01 -3.765060e-02
2.050000e+00 1.400000e-01 9.921509e-02 -4.232006e-01 1.006672e+00 -2.874245e-02
2.100000e+00 1.400000e-01 1.004374e-01 -4.974862e-01 1.026867e+00 -2.083926e-02
2.150000e+00 1.400000e-01 1.012990e-01 -5.938077e-01 1.042350e+00 -1.444085e-02
2.200000e+00 1.400000e-01 1.018815e-01 -6.912288e-01 1.053712e+00 -9.627450e-03
2.250000e+00 1.400000e-01 1.022618e-01 -7.773040e-01 1.061758e+00 -6.214362e-03
2.300000e+00 1.400000e-01 1.025029e-01 -8.469344e-01 1.067298e+00 -3.905972e-03
2.350000e+00 1.400000e-01 1.026524e-01 -8.998966e-01 1.071029e+00 -2.401918e-03
2.400000e+00 1.400000e-01 1.027431e-01 -9.384480e-01 1.073502e+00 -1.450015e-03
2.450000e+00 1.400000e-01 1.027974e-01 -9.656439e-01 1.075122e+00 -8.609766e-04
2.500000e+00 1.400000e-01 1.028292e-01 -9.844102e-01 1.076173e+00 -5.028716e-04
2.550000e+00 1.400000e-01 1.028476e-01 -9.971636e-01 1.076851e+00 -2.883283e-04
2.600000e+00 1.400000e-01 1.028581e-01 -1.005741e+00 1.077287e+00 -1.615089e-04
2.650000e+00 1.400000e-01 1.028638e-01 -1.011470e+00 1.077565e+00 -8.759485e-05
2.700000e+00 1.400000e-01 1.028668e-01 -1.015278e+00 1.077743e+00 -4.523810e-05
2.750000e+00 1.400000e-01 1.028683e-01 -1.017801e+00 1.077855e+00 -2.150301e-05
2.800000e+00 1.400000e-01 1.028690e-01 -1.019468e+00 1.077926e+00 -8.621456e-06
2.850000e+00 1.400000e-01 1.028692e-01 -1.020569e+00 1.077971e+00 -1.966072e-06
2.900000e+00 1.400000e-01 1.028692e-01 -1.021293e+00 1.077999e+00 1.195209e-06
2.950000e+00 1.400000e-01 1.028691e-01 -1.021770e+00 1.078016e+00 2.457337e-06
3.000000e+00 1.400000e-01 1.028689e-01 -1.022083e+00 1.078027e+00 2.737179e-06
3.050000e+00 1.400000e-01 1.028688e-01 -1.022288e+00 1.078034e+00 2.550396e-06
3.100000e+00 1.400000e-01 1.028687e-01 -1.022422e+00 1.078038e+00 2.177821e-06
3.150000e+00 1.400000e-01 1.028686e-01 -1.022510e+00 1.078040e+00 1.764939e-06
3.200000e+00 1.400000e-01 1.028685e-01 -1.022567e+00 1.078041e+00 1.380922e-06
3.250000e+00 1.400000e-01 1.028684e-01 -1.022605e+00 1.078042e+00 1.053284e-06
3.300000e+00 1.400000e-01 1.028684e-01 -1.022629e+00 1.078043e+00 7.879197e-07
3.350000e+00 1.400000e-01 1.028684e-01 -1.022645e+00 1.078043e+00 5.804267e-07
3.400000e+00 1.400000e-01 1.028683e-01 -1.022656e+00 1.078043e+00 4.223021e-07
3.450000e+00 1.400000e-01 1.028683e-01 -1.022662e+00 1.078043e+00 3.041665e-07
3.500000e+00 1.400000e-01 1.028683e-01 -1.022667e+00 1.078043e+00 2.173020e-07
3.550000e+00 1.400000e-01 1.028683e-01 -1.022670e+00 1.078043e+00 1.542674e-07
3.600000e+00 1.400000e-01 1.028683e-01 -1.022672e+00 1.078043e+00 1.090305e-07
3.650000e+00 1.400000e-01 1.028683e-01 -1.022673e+00 1.078043e+00 7.687075e-08
3.700000e+00 1.400000e-01 1.028683e-01 -1.022674e+00 1.078043e+00 5.418809e-08
3.750000e+00 1.400000e-01 1.028683e-01 -1.022674e+00 1.078043e+00 3.829228e-08
3.800000e+00 1.400000e-01 1.028683e-01 -1.022675e+00 1.078043e+00 2.720596e-08
3.850000e+00 1.400000e-01 1.028683e-01 -1.022675e+00 1.078043e+00 1.949625e-08
3.900000e+00 1.400000e-01 1.028683e-01 -1.022675e+00 1.078043e+00 1.413765e-08
3.950000e+00 1.400000e-01 1.028683e-01 -1.022675e+00 1.078043e+00 1.040452e-08
4.000000e+00 1.400000e-01 1.028683e-01 -1.022675e+00 1.078043e+00 7.788704e-09
4.050000e+00 1.400000e-01 1.028683e-01 -1.022675e+00 1.078043e+00 5.937854e-09
4.100000e+00 1.400000e-01 1.028683e-01 -1.022675e+00 1.078043e+00 4.609864e-09
4.150000e+00 1.400000e-01 1.028683e-01 -1.022675e+00 1.078043e+00 3.639796e-09
4.200000e+00 1.400000e-01 1.028683e-01 -1.022675e+00 1.078043e+00 2.916133e-09
4.250000e+00 1.400000e-01 1.028683e-01 -1.022676e+00 1.078043e+00 2.363935e-09
4.300000e+00 1.400000e-01 1.028683e-01 -1.022676e+00 1.078043e+00 1.933039e-09
4.350000e+00 1.400000e-01 1.028683e-01 -1.022676e+00 1.078043e+00 1.589887e-09
4.400000e+00 1.400000e-01 1.028683e-01 -1.022676e+00 1.078043e+00 1.311931e-09
4.450000e+00 1.400000e-01 1.028683e-01 -1.022676e+00 1.078043e+00 1.083850e-09
4.500000e+00 1.400000e-01 1.028683e-01 -1.022676e+00 1.078043e+00 8.950311e-10
4.550000e+00 1.400000e-01 1.028683e-01 -1.022676e+00 1.078043e+00 7.379081e-10
4.600000e+00 1.400000e-01 1.028683e-01 -1.022676e+00 1.078043e+00 6.068872e-10
4.650000e+00 1.400000e-01 1.028683e-01 -1.022676e+00 1.078043e+00 4.976680e-10
4.700000e+00 1.400000e-01 1.028683e-01 -1.022676e+00 1.078043e+00 4.068137e-10
4.750000e+00 1.400000e-01 1.028683e-01 -1.022676e+00 1.078043e+00 3.314851e-10
4.800000e+00 1.400000e-01 1.028683e-01 -1.022676e+00 1.078043e+00 2.692824e-10
4.850000e+00 1.400000e-01 1.028683e-01 -1.022676e+00 1.078043e+00 2.181487e-10
4.900000e+00 1.400000e-01 1.028683e-01 -1.022676e+00 1.078043e+00 1.763087e-10
4.950000e+00 1.400000e-01 1.028683e-01 -1.022676e+00 1.078043e+00 1.422307e-10
5.000000e+00 1.400000e-01 1.028683e-01 -1.022676e+00 1.078043e+00 1.145975e-10
5.050000e+00 1.400000e-01 1.028683e-01 -1.022676e+00 1.078043e+00 9.228673e-11
5.100000e+00 1.400000e-01 1.028683e-01 -1.022676e+00 1.078043e+00 7.435330e-11
5.150000e+00 1.400000e-01 1.028683e-01 -1.022676e+00 1.078043e+00 6.001102e-11
5.200000e+00 1.400000e-01 1.028683e-01 -1.022676e+00 1.078043e+00 4.861792e-11
5.250000e+00 1.400000e-01 1.028683e-01 -1.022676e+00 1.078043e+00 3.966064e-11
5.300000e+00 1.400000e-01 1.028683e-01 -1.022676e+00 1.078043e+00 3.274631e-11
5.350000e+00 1.400000e-01 1.028683e-01 -1.022676e+00 1.078043e+00 2.759126e-11
5.400000e+00 1.400000e-01 1.028683e-01 -1.022676e+00 1.078043e+00 2.401412e-11
5.450000e+00 1.400000e-01 1.028683e-01 -1.022676e+00 1.078043e+00 2.193398e-11
5.500000e+00 1.400000e-01 1.028683e-01 -1.022676e+00 1.078043e+00 2.137110e-11
5.550000e+00 1.400000e-01 1.028683e-01 -1.022676e+00 1.078043e+00 2.245551e-11
5.600000e+00 1.400000e-01 1.028683e-01 -1.022676e+00 1.078043e+00 2.544187e-11
5.650000e+00 1.400000e-01 1.028683e-01 -1.022676e+00 1.078043e+00 3.072972e-11
5.700000e+00 1.400000e-01 1.028683e-01 -1.022676e+00 1.078043e+00 3.889222e-11
5.750000e+00 1.400000e-01 1.028683e-01 -1.022676e+00 1.078043e+00 5.072637e-11
5.800000e+00 1.400000e-01 1.028683e-01 -1.022676e+00 1.078043e+00 6.731199e-11
5.850000e+00 1.400000e-01 1.028683e-01 -1.022676e+00 1.078043e+00 9.008752e-11
5.900000e+00 1.400000e-01 1.028683e-01 -1.022676e+00 1.078043e+00 1.209609e-10
5.950000e+00 1.400000e-01 1.028683e-01 -1.022676e+00 1.078043e+00 1.624505e-10
6.000000e+00 1.400000e-01 1.028683e-01 -1.022676e+00 1.078043e+00 2.178667e-10
6.050000e+00 1.400000e-01 1.028683e-01 -1.022676e+00 1.078043e+00 2.915557e-10
6.100000e+00 1.400000e-01 1.028683e-01 -1.022676e+00 1.078043e+00 3.892142e-10
6.150000e+00 1.400000e-01 1.028683e-01 -1.022676e+00 1.078043e+00 5.183001e-10
6.200000e+00 1.400000e-01 1.028683e-01 -1.022676e+00 1.078043e+00 6.885721e-10
6.250000e+00 1.400000e-01 1.028683e-01 -1.022676e+00 1.078043e+00 9.127886e-10
6.300000e+00 1.400000e-01 1.028683e-01 -1.022676e+00 1.078043e+00 1.207622e-09
6.350000e+00 1.400000e-01 1.028683e-01 -1.022676e+00 1.078043e+00 1.594851e-09
6.400000e+00 1.400000e-01 1.028683e-01 -1.022676e+00 1.078043e+00 2.102906e-09
6.450000e+00 1.400000e-01 1.028683e-01 -1.022676e+00 1.078043e+00 2.768896e-09
6.500000e+00 1.400000e-01 1.028683e-01 -1.022676e+00 1.078043e+00 3.641236e-09
6.550000e+00 1.400000e-01 1.028683e-01 -1.022676e+00 1.078043e+00 4.783071e-09
6.600000e+00 1.400000e-01 1.028683e-01 -1.022676e+00 1.078043e+00 6.276737e-09
6.650000e+00 1.400000e-01 1.028683e-01 -1.022676e+00 1.078043e+00 8.229558e-09
6.700000e+00 1.400000e-01 1.028683e-01 -1.022676e+00 1.078043e+00 1.078140e-08
6.750000e+00 1.400000e-01 1.028683e-01 -1.022676e+00 1.078043e+00 1.411450e-08
6.800000e+00 1.400000e-01 1.028683e-01 -1.022676e+00 1.078043e+00 1.846622e-08
6.850000e+00 1.400000e-01 1.028683e-01 -1.022676e+00 1.078043e+00 2.414569e-08
6.900000e+00 1.400000e-01 1.028683e-01 -1.022676e+00 1.078043e+00 3.155537e-08
6.950000e+00 1.400000e-01 1.028683e-01 -1.022676e+00 1.078043e+00 4.121918e-08
7.000000e+00 1.400000e-01 1.028683e-01 -1.022676e+00 1.078043e+00 5.381899e-08
7.050000e+00 1.400000e-01 1.028683e-01 -1.022676e+00 1.078043e+00 7.024205e-08
7.100000e+00 1.400000e-01 1.028683e-01 -1.022676e+00 1.078043e+00 9.164265e-08
7.150000e+00 1.400000e-01 1.028683e-01 -1.022676e+00 1.078043e+00 1.195222e-07
7.200000e+00 1.400000e-01 1.028682e-01 -1.022676e+00 1.078043e+00 1.558334e-07
7.250000e+00 1.400000e-01 1.028682e-01 -1.022677e+00 1.078043e+00 2.031149e-07
7.300000e+00 1.400000e-01 1.028682e-01 -1.022677e+00 1.078043e+00 2.646680e-07
7.350000e+00 1.400000e-01 1.028682e-01 -1.022678e+00 1.078043e+00 3.447807e-07
7.400000e+00 1.400000e-01 1.028682e-01 -1.022678e+00 1.078043e+00 4.490360e-07
7.450000e+00 1.400000e-01 1.028682e-01 -1.022679e+00 1.078043e+00 5.846513e-07
7.500000e+00 1.400000e-01 1.028681e-01 -1.022680e+00 1.078043e+00 7.611314e-07
7.550000e+00 1.400000e-01 1.028681e-01 -1.022681e+00 1.078043e+00 9.903865e-07
7.600000e+00 1.400000e-01 1.028680e-01 -1.022683e+00 1.078043e+00 1.289312e-06
7.650000e+00 1.400000e-01 1.028680e-01 -1.022686e+00 1.078042e+00 1.675322e-06
7.700000e+00 1.400000e-01 1.028679e-01 -1.022688e+00 1.078042e+00 2.184858e-06
7.750000e+00 1.400000e-01 1.028677e-01 -1.022694e+00 1.078042e+00 2.824395e-06
7.800000e+00 1.400000e-01 1.028676e-01 -1.022693e+00 1.078041e+00 3.718460e-06
7.850000e+00 1.400000e-01 1.028674e-01 -1.022714e+00 1.078041e+00 4.710696e-06
7.900000e+00 1.400000e-01 1.028671e-01 -1.022686e+00 1.078040e+00 6.434935e-06
7.950000e+00 1.400000e-01 1.028667e-01 -1.022789e+00 1.078039e+00 7.600258e-06
8.000000e+00 1.400000e-01 1.028664e-01 -1.022585e+00 1.078038e+00 1.164498e-05
8.050000e+00 1.400000e-01 1.028656e-01 -1.023104e+00 1.078035e+00 1.120118e-05
8.100000e+00 1.400000e-01 1.028652e-01 -1.022037e+00 1.078037e+00 2.281112e-05
8.150000e+00 1.400000e-01 1.028633e-01 -1.024340e+00 1.078025e+00 1.314564e-05
8.200000e+00 1.400000e-01 1.028639e-01 -1.019894e+00 1.078041e+00 4.802381e-05
8.250000e+00 1.400000e-01 1.028585e-01 -1.028348e+00 1.078000e+00 7.781839e-06
8.300000e+00 1.400000e-01 1.028631e-01 -1.013587e+00 1.078060e+00 9.963340e-05
8.350000e+00 1.400000e-01 1.028485e-01 -1.038293e+00 1.077941e+00 -6.346377e-06
8.400000e+00 1.400000e-01 1.028638e-01 -1.000216e+00 1.078108e+00 1.789724e-04
8.450000e+00 1.400000e-01 1.028306e-01 -1.055491e+00 1.077836e+00 1.157798e-06
8.500000e+00 1.400000e-01 1.028637e-01 -9.822204e-01 1.078171e+00 2.481207e-04
8.550000e+00 1.400000e-01 1.028058e-01 -1.072325e+00 1.077714e+00 1.081366e-04
8.600000e+00 1.400000e-01 1.028528e-01 -9.725285e-01 1.078180e+00 2.649622e-04
8.650000e+00 1.400000e-01 1.027793e-01 -1.074616e+00 1.077638e+00 3.407387e-04
8.700000e+00 1.400000e-01 1.028188e-01 -9.797834e-01 1.078082e+00 3.453425e-04
8.750000e+00 1.400000e-01 1.027448e-01 -1.068070e+00 1.077541e+00 5.492022e-04
8.800000e+00 1.400000e-01 1.027638e-01 -9.819980e-01 1.078011e+00 7.315874e-04
8.850000e+00 1.400000e-01 1.026716e-01 -1.083666e+00 1.077195e+00 7.281610e-04
8.900000e+00 1.400000e-01 1.026910e-01 -9.600185e-01 1.078038e+00 1.304419e-03
8.950000e+00 1.400000e-01 1.025412e-01 -1.112187e+00 1.076683e+00 1.370077e-03
9.000000e+00 1.400000e-01 1.025540e-01 -9.538041e-01 1.077740e+00 1.867686e-03
9.050000e+00 1.400000e-01 1.023544e-01 -1.113517e+00 1.076278e+00 2.539217e-03
9.100000e+00 1.400000e-01 1.023001e-01 -9.706989e-01 1.077035e+00 3.175337e-03
9.150000e+00 1.400000e-01 1.020369e-01 -1.130021e+00 1.075345e+00 3.947492e-03
9.200000e+00 1.400000e-01 1.019054e-01 -9.611655e-01 1.076352e+00 5.512882e-03
9.250000e+00 1.400000e-01 1.014856e-01 -1.174911e+00 1.073620e+00 6.758205e-03
9.300000e+00 1.400000e-01 1.012295e-01 -9.734324e-01 1.074708e+00 8.796272e-03
9.350000e+00 1.400000e-01 1.006060e-01 -1.205708e+00 1.071441e+00 1.142715e-02
9.400000e+00 1.400000e-01 1.000868e-01 -1.009290e+00 1.071794e+00 1.485781e-02
9.450000e+00 1.400000e-01 9.912017e-02 -1.281364e+00 1.067173e+00 1.871452e-02
9.500000e+00 1.400000e-01 9.821537e-02 -1.053148e+00 1.067201e+00 2.445559e-02
9.550000e+00 1.400000e-01 9.667461e-02 -1.397663e+00 1.060325e+00 3.118479e-02
9.600000e+00 1.400000e-01 9.509689e-02 -1.158295e+00 1.058377e+00 4.010392e-02
9.650000e+00 1.400000e-01 9.266422e-02 -1.596754e+00 1.048185e+00 5.064361e-02
9.700000e+00 1.400000e-01 9.003253e-02 -1.341323e+00 1.042767e+00 6.480459e-02
9.750000e+00 1.400000e-01 8.618376e-02 -1.960616e+00 1.025614e+00 8.087460e-02
9.800000e+00 1.400000e-01 8.194507e-02 -1.692994e+00 1.011285e+00 1.012224e-01
9.850000e+00 1.400000e-01 7.606153e-02 -2.630903e+00 9.790100e-01 1.223652e-01
9.900000e+00 1.400000e-01 6.970854e-02 -2.369676e+00 9.395067e-01 1.461289e-01
9.950000e+00 1.400000e-01 6.144863e-02 -3.845894e+00 8.601641e-01 1.645254e-01
1.000000e+01 1.400000e-01 5.325600e-02 -3.591936e+00 0.000000e+00 0.000000e+00
0.000000e+00 1.600000e-01 6.854400e-02 -4.080000e+00 0.000000e+00 0.000000e+00
5.000000e-02 1.600000e-01 6.854742e-02 -4.079503e+00 8.050485e-01 -1.200229e-04
1.000000e-01 1.600000e-01 6.855600e-02 -4.079373e+00 8.050045e-01 -2.466647e-04
1.500000e-01 1.600000e-01 6.857209e-02 -4.080182e+00 8.051209e-01 -3.585313e-04
2.000000e-01 1.600000e-01 6.859186e-02 -4.079158e+00 8.052773e-01 -3.773195e-04
2.500000e-01 1.600000e-01 6.860982e-02 -4.076131e+00 8.053274e-01 -3.762928e-04
3.000000e-01 1.600000e-01 6.862948e-02 -4.075800e+00 8.053907e-01 -5.088973e-04
3.500000e-01 1.600000e-01 6.866071e-02 -4.078882e+00 8.057182e-01 -7.550244e-04
4.000000e-01 1.600000e-01 6.870499e-02 -4.077947e+00 8.062708e-01 -9.567776e-04
4.500000e-01 1.600000e-01 6.875639e-02 -4.069169e+00 8.068021e-01 -1.161863e-03
5.000000e-01 1.600000e-01 6.882117e-02 -4.061821e+00 8.073649e-01 -1.663366e-03
5.500000e-01 1.600000e-01 6.892272e-02 -4.065621e+00 8.082622e-01 -2.604580e-03
6.000000e-01 1.600000e-01 6.908163e-02 -4.071440e+00 8.094307e-01 -3.818509e-03
6.500000e-01 1.600000e-01 6.930457e-02 -4.058015e+00 8.104057e-01 -5.172785e-03
7.000000e-01 1.600000e-01 6.959891e-02 -4.023016e+00 8.110810e-01 -6.787161e-03
7.500000e-01 1.600000e-01 6.998329e-02 -3.994528e+00 8.119524e-01 -8.743986e-03
8.000000e-01 1.600000e-01 7.047331e-02 -3.996539e+00 8.132757e-01 -1.084963e-02
8.500000e-01 1.600000e-01 7.106825e-02 -4.006838e+00 8.144917e-01 -1.290319e-02
9.000000e-01 1.600000e-01 7.176363e-02 -3.969980e+00 8.150261e-01 -1.499213e-02
9.500000e-01 1.600000e-01 7.256747e-02 -3.864301e+00 8.153793e-01 -1.726072e-02
1.000000e+00 1.600000e-01 7.348970e-02 -3.743852e+00 8.167557e-01 -1.952973e-02
1.050000e+00 1.600000e-01 7.452044e-02 -3.693399e+00 8.195373e-01 -2.146341e-02
1.100000e+00 1.600000e-01 7.563604e-02 -3.734342e+00 8.226021e-01 -2.310801e-02
1.150000e+00 1.600000e-01 7.683124e-02 -3.784007e+00 8.244623e-01 -2.497750e-02
1.200000e+00 1.600000e-01 7.813379e-02 -3.720557e+00 8.249301e-01 -2.747839e-02
1.250000e+00 1.600000e-01 7.957908e-02 -3.494697e+00 8.255151e-01 -3.040313e-02
1.300000e+00 1.600000e-01 8.117410e-02 -3.183346e+00 8.282892e-01 -3.311167e-02
1.350000e+00 1.600000e-01 8.289025e-02 -2.938526e+00 8.343526e-01 -3.512649e-02
1.400000e+00 1.600000e-01 8.468675e-02 -2.877855e+00 8.430232e-01 -3.647350e-02
1.450000e+00 1.600000e-01 8.653760e-02 -3.004338e+00 8.520898e-01 -3.758485e-02
1.500000e+00 1.600000e-01 8.844524e-02 -3.208917e+00 8.589250e-01 -3.908657e-02
1.550000e+00 1.600000e-01 9.044625e-02 -3.342835e+00 8.619572e-01 -4.167790e-02
1.600000e+00 1.600000e-01 9.261303e-02 -3.299814e+00 8.617174e-01 -4.595762e-02
1.650000e+00 1.600000e-01 9.504202e-02 -3.053287e+00 8.608121e-01 -5.205702e-02
1.700000e+00 1.600000e-01 9.781873e-02 -2.642891e+00 8.628547e-01 -5.925731e-02
1.750000e+00 1.600000e-01 1.009677e-01 -2.140799e+00 8.709705e-01 -6.596267e-02
1.800000e+00 1.600000e-01 1.044150e-01 -1.623212e+00 8.866025e-01 -7.020988e-02
1.850000e+00 1.600000e-01 1.079887e-01 -1.152839e+00 9.091099e-01 -7.048027e-02
1.900000e+00 1.600000e-01 1.114630e-01 -7.704698e-01 9.362167e-01 -6.633000e-02
1.950000e+00 1.600000e-01 1.146217e-01 -4.937310e-01 9.649459e-01 -5.849187e-02
2.000000e+00 1.600000e-01 1.173122e-01 -3.206586e-01 9.925352e-01 -4.847084e-02
2.050000e+00 1.600000e-01 1.194688e-01 -2.354306e-01 1.017009e+00 -3.793283e-02
2.100000e+00 1.600000e-01 1.211055e-01 -2.147905e-01 1.037345e+00 -2.820779e-02
2.150000e+00 1.600000e-01 1.222896e-01 -2.343118e-01 1.053350e+00 -2.006683e-02
2.200000e+00 1.600000e-01 1.231122e-01 -2.732758e-01 1.065391e+00 -1.375151e-02
2.250000e+00 1.600000e-01 1.236647e-01 -3.171199e-01 1.074122e+00 -9.138804e-03
2.300000e+00 1.600000e-01 1.240261e-01 -3.574782e-01 1.080269e+00 -5.925856e-03
2.350000e+00 1.600000e-01 1.242573e-01 -3.907609e-01 1.084498e+00 -3.768945e-03
2.400000e+00 1.600000e-01 1.244030e-01 -4.163554e-01 1.087356e+00 -2.361129e-03
2.450000e+00 1.600000e-01 1.244934e-01 -4.351311e-01 1.089262e+00 -1.461388e-03
2.500000e+00 1.600000e-01 1.245491e-01 -4.484648e-01 1.090521e+00 -8.952614e-04
2.550000e+00 1.600000e-01 1.245830e-01 -4.577245e-01 1.091346e+00 -5.431923e-04
2.600000e+00 1.600000e-01 1.246034e-01 -4.640574e-01 1.091884e+00 -3.262618e-04
2.650000e+00 1.600000e-01 1.246156e-01 -4.683438e-01 1.092233e+00 -1.936794e-04
2.700000e+00 1.600000e-01 1.246228e-01 -4.712246e-01 1.092459e+00 -1.133052e-04
2.750000e+00 1.600000e-01 1.246269e-01 -4.731514e-01 1.092604e+00 -6.502681e-05
2.800000e+00 1.600000e-01 1.246293e-01 -4.744358e-01 1.092698e+00 -3.635238e-05
2.850000e+00 1.600000e-01 1.246306e-01 -4.752898e-01 1.092758e+00 -1.956675e-05
2.900000e+00 1.600000e-01 1.246312e-01 -4.758566e-01 1.092796e+00 -9.928654e-06
2.950000e+00 1.600000e-01 1.246316e-01 -4.762322e-01 1.092820e+00 -4.540172e-06
3.000000e+00 1.600000e-01 1.246317e-01 -4.764807e-01 1.092836e+00 -1.641733e-06
3.050000e+00 1.600000e-01 1.246317e-01 -4.766449e-01 1.092845e+00 -1.740255e-07
3.100000e+00 1.600000e-01 1.246317e-01 -4.767532e-01 1.092851e+00 4.936040e-07
3.150000e+00 1.600000e-01 1.246317e-01 -4.768247e-01 1.092855e+00 7.311007e-07
3.200000e+00 1.600000e-01 1.246316e-01 -4.768718e-01 1.092858e+00 7.512028e-07
3.250000e+00 1.600000e-01 1.246316e-01 -4.769027e-01 1.092859e+00 6.729220e-07
3.300000e+00 1.600000e-01 1.246316e-01 -4.769231e-01 1.092860e+00 5.602225e-07
3.350000e+00 1.600000e-01 1.246315e-01 -4.769365e-01 1.092860e+00 4.453842e-07
3.400000e+00 1.600000e-01 1.246315e-01 -4.769454e-01 1.092861e+00 3.429517e-07
3.450000e+00 1.600000e-01 1.246315e-01 -4.769512e-01 1.092861e+00 2.579366e-07
3.500000e+00 1.600000e-01 1.246315e-01 -4.769550e-01 1.092861e+00 1.905440e-07
3.550000e+00 1.600000e-01 1.246315e-01 -4.769575e-01 1.092861e+00 1.388202e-07
3.600000e+00 1.600000e-01 1.246315e-01 -4.769592e-01 1.092861e+00 1.000761e-07
3.650000e+00 1.600000e-01 1.246315e-01 -4.769603e-01 1.092861e+00 7.160520e-08
3.700000e+00 1.600000e-01 1.246315e-01 -4.769611e-01 1.092861e+00 5.100577e-08
3.750000e+00 1.600000e-01 1.246315e-01 -4.769616e-01 1.092861e+00 3.628952e-08
3.800000e+00 1.600000e-01 1.246315e-01 -4.769620e-01 1.092861e+00 2.588305e-08
3.850000e+00 1.600000e-01 1.246315e-01 -4.769622e-01 1.092861e+00 1.858100e-08
3.900000e+00 1.600000e-01 1.246315e-01 -4.769624e-01 1.092861e+00 1.348281e-08
3.950000e+00 1.600000e-01 1.246315e-01 -4.769625e-01 1.092861e+00 9.929414e-09
4.000000e+00 1.600000e-01 1.246315e-01 -4.769626e-01 1.092861e+00 7.446968e-09
4.050000e+00 1.600000e-01 1.246315e-01 -4.769627e-01 1.092861e+00 5.700198e-09
4.100000e+00 1.600000e-01 1.246315e-01 -4.769627e-01 1.092861e+00 4.455341e-09
4.150000e+00 1.600000e-01 1.246315e-01 -4.769627e-01 1.092861e+00 3.551657e-09
4.200000e+00 1.600000e-01 1.246315e-01 -4.769628e-01 1.092861e+00 2.880059e-09
4.250000e+00 1.600000e-01 1.246315e-01 -4.769628e-01 1.092861e+00 2.367411e-09
4.300000e+00 1.600000e-01 1.246315e-01 -4.769628e-01 1.092861e+00 1.965198e-09
4.350000e+00 1.600000e-01 1.246315e-01 -4.769628e-01 1.092861e+00 1.641504e-09
4.400000e+00 1.600000e-01 1.246315e-01 -4.769628e-01 1.092861e+00 1.375407e-09
4.450000e+00 1.600000e-01 1.246315e-01 -4.769628e-01 1.092861e+00 1.153149e-09
4.500000e+00 1.600000e-01 1.246315e-01 -4.769628e-01 1.092861e+00 9.655519e-10
4.550000e+00 1.600000e-01 1.246315e-01 -4.769628e-01 1.092861e+00 8.063167e-10
4.600000e+00 1.600000e-01 1.246315e-01 -4.769628e-01 1.092861e+00 6.709221e-10
4.650000e+00 1.600000e-01 1.246315e-01 -4.769628e-01 1.092861e+00 5.559432e-10
4.700000e+00 1.600000e-01 1.246315e-01 -4.769628e-01 1.092861e+00 4.586272e-10
4.750000e+00 1.600000e-01 1.246315e-01 -4.769628e-01 1.092861e+00 3.766490e-10
4.800000e+00 1.600000e-01 1.246315e-01 -4.769628e-01 1.092861e+00 3.079745e-10
4.850000e+00 1.600000e-01 1.246315e-01 -4.769628e-01 1.092861e+00 2.507883e-10
4.900000e+00 1.600000e-01 1.246315e-01 -4.769628e-01 1.092861e+00 2.034617e-10
4.950000e+00 1.600000e-01 1.246315e-01 -4.769628e-01 1.092861e+00 1.645338e-10
5.000000e+00 1.600000e-01 1.246315e-01 -4.769628e-01 1.092861e+00 1.327036e-10
5.050000e+00 1.600000e-01 1.246315e-01 -4.769628e-01 1.092861e+00 1.068265e-10
5.100000e+00 1.600000e-01 1.246315e-01 -4.769628e-01 1.092861e+00 8.591086e-11
5.150000e+00 1.600000e-01 1.246315e-01 -4.769628e-01 1.092861e+00 6.911208e-11
5.200000e+00 1.600000e-01 1.246315e-01 -4.769628e-01 1.092861e+00 5.572195e-11
5.250000e+00 1.600000e-01 1.246315e-01 -4.769628e-01 1.092861e+00 4.516165e-11
5.300000e+00 1.600000e-01 1.246315e-01 -4.769628e-01 1.092861e+00 3.697764e-11
5.350000e+00 1.600000e-01 1.246315e-01 -4.769628e-01 1.092861e+00 3.083034e-11
5.400000e+00 1.600000e-01 1.246315e-01 -4.769628e-01 1.092861e+00 2.649159e-11
5.450000e+00 1.600000e-01 1.246315e-01 -4.769628e-01 1.092861e+00 2.384176e-11
5.500000e+00 1.600000e-01 1.246315e-01 -4.769628e-01 1.092861e+00 2.287254e-11
5.550000e+00 1.600000e-01 1.246315e-01 -4.769628e-01 1.092861e+00 2.369466e-11
5.600000e+00 1.600000e-01 1.246315e-01 -4.769628e-01 1.092861e+00 2.655348e-11
5.650000e+00 1.600000e-01 1.246315e-01 -4.769628e-01 1.092861e+00 3.184841e-11
5.700000e+00 1.600000e-01 1.246315e-01 -4.769628e-01 1.092861e+00 4.016495e-11
5.750000e+00 1.600000e-01 1.246315e-01 -4.769628e-01 1.092861e+00 5.232551e-11
5.800000e+00 1.600000e-01 1.246315e-01 -4.769628e-01 1.092861e+00 6.944820e-11
5.850000e+00 1.600000e-01 1.246315e-01 -4.769628e-01 1.092861e+00 9.302920e-11
5.900000e+00 1.600000e-01 1.246315e-01 -4.769628e-01 1.092861e+00 1.250548e-10
5.950000e+00 1.600000e-01 1.246315e-01 -4.769628e-01 1.092861e+00 1.681519e-10
6.000000e+00 1.600000e-01 1.246315e-01 -4.769628e-01 1.092861e+00 2.257732e-10
6.050000e+00 1.600000e-01 1.246315e-01 -4.769628e-01 1.092861e+00 3.024533e-10
6.100000e+00 1.600000e-01 1.246315e-01 -4.769628e-01 1.092861e+00 4.041388e-10
6.150000e+00 1.600000e-01 1.246315e-01 -4.769628e-01 1.092861e+00 5.386137e-10
6.200000e+00 1.600000e-01 1.246315e-01 -4.769628e-01 1.092861e+00 7.160637e-10
6.250000e+00 1.600000e-01 1.246315e-01 -4.769628e-01 1.092861e+00 9.498069e-10
6.300000e+00 1.600000e-01 1.246315e-01 -4.769628e-01 1.092861e+00 1.257247e-09
6.350000e+00 1.600000e-01 1.246315e-01 -4.769628e-01 1.092861e+00 1.661115e-09
6.400000e+00 1.600000e-01 1.246315e-01 -4.769628e-01 1.092861e+00 2.191086e-09
6.450000e+00 1.600000e-01 1.246315e-01 -4.769628e-01 1.092861e+00 2.885890e-09
6.500000e+00 1.600000e-01 1.246315e-01 -4.769628e-01 1.092861e+00 3.796055e-09
6.550000e+00 1.600000e-01 1.246315e-01 -4.769628e-01 1.092861e+00 4.987475e-09
6.600000e+00 1.600000e-01 1.246315e-01 -4.769628e-01 1.092861e+00 6.546069e-09
6.650000e+00 1.600000e-01 1.246315e-01 -4.769629e-01 1.092861e+00 8.583822e-09
6.700000e+00 1.600000e-01 1.246315e-01 -4.769629e-01 1.092861e+00 1.124666e-08
6.750000e+00 1.600000e-01 1.246315e-01 -4.769629e-01 1.092861e+00 1.472469e-08
6.800000e+00 1.600000e-01 1.246315e-01 -4.769629e-01 1.092861e+00 1.926552e-08
6.850000e+00 1.600000e-01 1.246315e-01 -4.769629e-01 1.092861e+00 2.519158e-08
6.900000e+00 1.600000e-01 1.246315e-01 -4.769629e-01 1.092861e+00 3.292261e-08
6.950000e+00 1.600000e-01 1.246315e-01 -4.769630e-01 1.092861e+00 4.300498e-08
7.000000e+00 1.600000e-01 1.246315e-01 -4.769630e-01 1.092861e+00 5.614967e-08
7.050000e+00 1.600000e-01 1.246315e-01 -4.769630e-01 1.092861e+00 7.328174e-08
7.100000e+00 1.600000e-01 1.246314e-01 -4.769631e-01 1.092861e+00 9.560452e-08
7.150000e+00 1.600000e-01 1.246314e-01 -4.769632e-01 1.092861e+00 1.246831e-07
7.200000e+00 1.600000e-01 1.246314e-01 -4.769633e-01 1.092861e+00 1.625525e-07
7.250000e+00 1.600000e-01 1.246314e-01 -4.769635e-01 1.092861e+00 2.118585e-07
7.300000e+00 1.600000e-01 1.246314e-01 -4.769637e-01 1.092861e+00 2.760410e-07
7.350000e+00 1.600000e-01 1.246314e-01 -4.769639e-01 1.092861e+00 3.595675e-07
7.400000e+00 1.600000e-01 1.246314e-01 -4.769643e-01 1.092861e+00 4.682547e-07
7.450000e+00 1.600000e-01 1.246314e-01 -4.769647e-01 1.092861e+00 6.096181e-07
7.500000e+00 1.600000e-01 1.246313e-01 -4.769653e-01 1.092861e+00 7.935649e-07
7.550000e+00 1.600000e-01 1.246313e-01 -4.769660e-01 1.092861e+00 1.032471e-06
7.600000e+00 1.600000e-01 1.246312e-01 -4.769669e-01 1.092861e+00 1.344016e-06
7.650000e+00 1.600000e-01 1.246311e-01 -4.769684e-01 1.092861e+00 1.746054e-06
7.700000e+00 1.600000e-01 1.246310e-01 -4.769694e-01 1.092861e+00 2.277366e-06
7.750000e+00 1.600000e-01 1.246309e-01 -4.769736e-01 1.092860e+00 2.942185e-06
7.800000e+00 1.600000e-01 1.246307e-01 -4.769704e-01 1.092860e+00 3.877247e-06
7.850000e+00 1.600000e-01 1.246305e-01 -4.769904e-01 1.092860e+00 4.900281e-06
7.900000e+00 1.600000e-01 1.246303e-01 -4.769527e-01 1.092859e+00 6.722243e-06
7.950000e+00 1.600000e-01 1.246299e-01 -4.770649e-01 1.092859e+00 7.870352e-06
8.000000e+00 1.600000e-01 1.246295e-01 -4.768194e-01 1.092858e+00 1.223405e-05
8.050000e+00 1.600000e-01 1.246286e-01 -4.774104e-01 1.092857e+00 1.143045e-05
8.100000e+00 1.600000e-01 1.246283e-01 -4.761552e-01 1.092857e+00 2.423761e-05
8.150000e+00 1.600000e-01 1.246262e-01 -4.788144e-01 1.092852e+00 1.272974e-05
8.200000e+00 1.600000e-01 1.246271e-01 -4.736149e-01 1.092856e+00 5.175133e-05
8.250000e+00 1.600000e-01 1.246210e-01 -4.834230e-01 1.092841e+00 5.072946e-06
8.300000e+00 1.600000e-01 1.246265e-01 -4.661910e-01 1.092861e+00 1.084892e-04
8.350000e+00 1.600000e-01 1.246102e-01 -4.949035e-01 1.092815e+00 -1.356843e-05
8.400000e+00 1.600000e-01 1.246279e-01 -4.505024e-01 1.092879e+00 1.952587e-04
8.450000e+00 1.600000e-01 1.245907e-01 -5.147214e-01 1.092763e+00 -9.087394e-06
8.500000e+00 1.600000e-01 1.246288e-01 -4.294016e-01 1.092909e+00 2.678133e-04
8.550000e+00 1.600000e-01 1.245639e-01 -5.339629e-01 1.092693e+00 1.054768e-04
8.600000e+00 1.600000e-01 1.246183e-01 -4.176723e-01 1.092920e+00 2.784982e-04
8.650000e+00 1.600000e-01 1.245360e-01 -5.366820e-01 1.092634e+00 3.537382e-04
8.700000e+00 1.600000e-01 1.245829e-01 -4.239955e-01 1.092880e+00 3.626024e-04
8.750000e+00 1.600000e-01 1.244998e-01 -5.311897e-01 1.092560e+00 5.566818e-04
8.800000e+00 1.600000e-01 1.245272e-01 -4.210207e-01 1.092854e+00 7.895438e-04
8.850000e+00 1.600000e-01 1.244208e-01 -5.532410e-01 1.092339e+00 7.179552e-04
8.900000e+00 1.600000e-01 1.244554e-01 -3.892509e-01 1.092894e+00 1.387829e-03
8.950000e+00 1.600000e-01 1.242820e-01 -5.858721e-01 1.092013e+00 1.414129e-03
9.000000e+00 1.600000e-01 1.243140e-01 -3.800466e-01 1.092733e+00 1.927280e-03
9.050000e+00 1.600000e-01 1.240893e-01 -5.821304e-01 1.091788e+00 2.648157e-03
9.100000e+00 1.600000e-01 1.240492e-01 -3.921614e-01 1.092308e+00 3.324430e-03
9.150000e+00 1.600000e-01 1.237569e-01 -6.029235e-01 1.091218e+00 4.035470e-03
9.200000e+00 1.600000e-01 1.236457e-01 -3.616481e-01 1.092005e+00 5.791663e-03
9.250000e+00 1.600000e-01 1.231777e-01 -6.507399e-01 1.090110e+00 7.005481e-03
9.300000e+00 1.600000e-01 1.229451e-01 -3.609280e-01 1.091074e+00 9.120781e-03
9.350000e+00 1.600000e-01 1.222656e-01 -6.672010e-01 1.088916e+00 1.187146e-02
9.400000e+00 1.600000e-01 1.217580e-01 -3.704726e-01 1.089343e+00 1.553045e-02
9.450000e+00 1.600000e-01 1.207126e-01 -7.363390e-01 1.086297e+00 1.939621e-02
9.500000e+00 1.600000e-01 1.198183e-01 -3.683758e-01 1.086793e+00 2.551107e-02
9.550000e+00 1.600000e-01 1.181615e-01 -8.177711e-01 1.082235e+00 3.256649e-02
9.600000e+00 1.600000e-01 1.165617e-01 -4.145185e-01 1.081295e+00 4.200637e-02
9.650000e+00 1.600000e-01 1.139608e-01 -9.589625e-01 1.074777e+00 5.311097e-02
9.700000e+00 1.600000e-01 1.112506e-01 -4.915309e-01 1.071409e+00 6.843916e-02
9.750000e+00 1.600000e-01 1.071169e-01 -1.205805e+00 1.060017e+00 8.612843e-02
9.800000e+00 1.600000e-01 1.026377e-01 -6.857863e-01 1.049194e+00 1.091395e-01
9.850000e+00 1.600000e-01 9.620296e-02 -1.662028e+00 1.026181e+00 1.351585e-01
9.900000e+00 1.600000e-01 8.912190e-02 -1.142209e+00 9.924653e-01 1.678937e-01
9.950000e+00 1.600000e-01 7.941359e-02 -2.554987e+00 9.283354e-01 2.057790e-01
1.000000e+01 1.600000e-01 6.854400e-02 -2.292680e+00 0.000000e+00 0.000000e+00
0.000000e+00 1.800000e-01 8.546400e-02 -3.840000e+00 0.000000e+00 0.000000e+00
5.000000e-02 1.800000e-01 8.546387e-02 -3.840136e+00 8.841899e-01 -7.396902e-05
1.000000e-01 1.800000e-01 8.547140e-02 -3.837212e+00 8.840944e-01 -2.638793e-04
1.500000e-01 1.800000e-01 8.549026e-02 -3.837930e+00 8.842805e-01 -4.189340e-04
2.000000e-01 1.800000e-01 8.551329e-02 -3.843823e+00 8.845352e-01 -4.113626e-04
2.500000e-01 1.800000e-01 8.553139e-02 -3.841815e+00 8.844708e-01 -3.834788e-04
3.000000e-01 1.800000e-01 8.555164e-02 -3.829643e+00 8.843160e-01 -5.850952e-04
3.500000e-01 1.800000e-01 8.558990e-02 -3.827827e+00 8.846910e-01 -9.359156e-04
4.000000e-01 1.800000e-01 8.564523e-02 -3.844081e+00 8.854663e-01 -1.149537e-03
4.500000e-01 1.800000e-01 8.570486e-02 -3.850167e+00 8.858482e-01 -1.326790e-03
5.000000e-01 1.800000e-01 8.577791e-02 -3.824119e+00 8.858306e-01 -1.920323e-03
5.500000e-01 1.800000e-01 8.589689e-02 -3.795826e+00 8.864047e-01 -3.015087e-03
6.000000e-01 1.800000e-01 8.607942e-02 -3.810666e+00 8.878537e-01 -4.207592e-03
6.500000e-01 1.800000e-01 8.631765e-02 -3.851514e+00 8.889765e-01 -5.373297e-03
7.000000e-01 1.800000e-01 8.661675e-02 -3.843651e+00 8.888402e-01 -6.950291e-03
7.500000e-01 1.800000e-01 8.701268e-02 -3.759847e+00 8.884020e-01 -9.139834e-03
8.000000e-01 1.800000e-01 8.753073e-02 -3.681373e+00 8.892418e-01 -1.138934e-02
8.500000e-01 1.800000e-01 8.815161e-02 -3.705904e+00 8.911153e-01 -1.316275e-02
9.000000e-01 1.800000e-01 8.884701e-02 -3.802959e+00 8.920018e-01 -1.482548e-02
9.500000e-01 1.800000e-01 8.963416e-02 -3.819282e+00 8.908208e-01 -1.715134e-02
1.000000e+00 1.800000e-01 9.056214e-02 -3.657475e+00 8.891434e-01 -2.010111e-02
1.050000e+00 1.800000e-01 9.164427e-02 -3.416301e+00 8.895850e-01 -2.270034e-02
1.100000e+00 1.800000e-01 9.283217e-02 -3.308823e+00 8.927962e-01 -2.425580e-02
1.150000e+00 1.800000e-01 9.406985e-02 -3.433245e+00 8.965244e-01 -2.527752e-02
1.200000e+00 1.800000e-01 9.535992e-02 -3.649864e+00 8.977035e-01 -2.695812e-02
1.250000e+00 1.800000e-01 9.676566e-02 -3.700117e+00 8.953942e-01 -2.996052e-02
1.300000e+00 1.800000e-01 9.835598e-02 -3.443799e+00 8.919356e-01 -3.387826e-02
1.350000e+00 1.800000e-01 1.001535e-01 -2.984415e+00 8.914251e-01 -3.765681e-02
1.400000e+00 1.800000e-01 1.021217e-01 -2.583021e+00 8.967053e-01 -4.031156e-02
1.450000e+00 1.800000e-01 1.041846e-01 -2.458356e+00 9.070284e-01 -4.145218e-02
1.500000e+00 1.800000e-01 1.062669e-01 -2.639216e+00 9.181460e-01 -4.159272e-02
1.550000e+00 1.800000e-01 1.083439e-01 -2.965740e+00 9.249900e-01 -4.214422e-02
1.600000e+00 1.800000e-01 1.104813e-01 -3.215178e+00 9.250541e-01 -4.484287e-02
1.650000e+00 1.800000e-01 1.128282e-01 -3.236020e+00 9.199325e-01 -5.075023e-02
1.700000e+00 1.800000e-01 1.155563e-01 -2.997184e+00 9.142038e-01 -5.942661e-02
1.750000e+00 1.800000e-01 1.187709e-01 -2.558901e+00 9.129068e-01 -6.885263e-02
1.800000e+00 1.800000e-01 1.224416e-01 -2.020804e+00 9.193031e-01 -7.621373e-02
1.850000e+00 1.800000e-01 1.263922e-01 -1.480567e+00 9.339005e-01 -7.911870e-02
1.900000e+00 1.800000e-01 1.303535e-01 -1.009401e+00 9.548314e-01 -7.655628e-02
1.950000e+00 1.800000e-01 1.340479e-01 -6.435657e-01 9.790288e-01 -6.911134e-02
2.000000e+00 1.800000e-01 1.372646e-01 -3.888060e-01 1.003440e+00 -5.847587e-02
2.050000e+00 1.800000e-01 1.398955e-01 -2.311736e-01 1.025786e+00 -4.666658e-02
2.100000e+00 1.800000e-01 1.419312e-01 -1.477979e-01 1.044785e+00 -3.537570e-02
2.150000e+00 1.800000e-01 1.434330e-01 -1.146812e-01 1.060026e+00 -2.565904e-02
2.200000e+00 1.800000e-01 1.444971e-01 -1.112959e-01 1.071695e+00 -1.793629e-02
2.250000e+00 1.800000e-01 1.452267e-01 -1.225530e-01 1.080299e+00 -1.216570e-02
2.300000e+00 1.800000e-01 1.457137e-01 -1.388384e-01 1.086453e+00 -8.056312e-03
2.350000e+00 1.800000e-01 1.460323e-01 -1.549289e-01 1.090751e+00 -5.236606e-03
2.400000e+00 1.800000e-01 1.462374e-01 -1.685612e-01 1.093698e+00 -3.355602e-03
2.450000e+00 1.800000e-01 1.463678e-01 -1.791699e-01 1.095689e+00 -2.126839e-03
2.500000e+00 1.800000e-01 1.464501e-01 -1.870008e-01 1.097021e+00 -1.336380e-03
2.550000e+00 1.800000e-01 1.465015e-01 -1.925849e-01 1.097903e+00 -8.335465e-04
2.600000e+00 1.800000e-01 1.465334e-01 -1.964765e-01 1.098485e+00 -5.163504e-04
2.650000e+00 1.800000e-01 1.465531e-01 -1.991472e-01 1.098866e+00 -3.175937e-04
2.700000e+00 1.800000e-01 1.465652e-01 -2.009612e-01 1.099115e+00 -1.937917e-04
2.750000e+00 1.800000e-01 1.465725e-01 -2.021847e-01 1.099277e+00 -1.171374e-04
2.800000e+00 1.800000e-01 1.465769e-01 -2.030061e-01 1.099382e+00 -6.998794e-05
2.850000e+00 1.800000e-01 1.465795e-01 -2.035557e-01 1.099451e+00 -4.121128e-05
2.900000e+00 1.800000e-01 1.465810e-01 -2.039226e-01 1.099494e+00 -2.381344e-05
2.950000e+00 1.800000e-01 1.465819e-01 -2.041669e-01 1.099523e+00 -1.341812e-05
3.000000e+00 1.800000e-01 1.465824e-01 -2.043295e-01 1.099541e+00 -7.298880e-06
3.050000e+00 1.800000e-01 1.465826e-01 -2.044375e-01 1.099552e+00 -3.765924e-06
3.100000e+00 1.800000e-01 1.465827e-01 -2.045091e-01 1.099560e+00 -1.778530e-06
3.150000e+00 1.800000e-01 1.465828e-01 -2.045566e-01 1.099565e+00 -7.007376e-07
3.200000e+00 1.800000e-01 1.465828e-01 -2.045881e-01 1.099567e+00 -1.477036e-07
3.250000e+00 1.800000e-01 1.465828e-01 -2.046089e-01 1.099569e+00 1.106158e-07
3.300000e+00 1.800000e-01 1.465828e-01 -2.046227e-01 1.099571e+00 2.095949e-07
3.350000e+00 1.800000e-01 1.465828e-01 -2.046318e-01 1.099571e+00 2.272856e-07
3.400000e+00 1.800000e-01 1.465828e-01 -2.046379e-01 1.099572e+00 2.074616e-07
3.450000e+00 1.800000e-01 1.465828e-01 -2.046419e-01 1.099572e+00 1.737235e-07
3.500000e+00 1.800000e-01 1.465827e-01 -2.046445e-01 1.099572e+00 1.380449e-07
3.550000e+00 1.800000e-01 1.465827e-01 -2.046463e-01 1.099572e+00 1.058855e-07
3.600000e+00 1.800000e-01 1.465827e-01 -2.046475e-01 1.099572e+00 7.920101e-08
3.650000e+00 1.800000e-01 1.465827e-01 -2.046483e-01 1.099572e+00 5.817765e-08
3.700000e+00 1.800000e-01 1.465827e-01 -2.046488e-01 1.099573e+00 4.220377e-08
3.750000e+00 1.800000e-01 1.465827e-01 -2.046492e-01 1.099573e+00 3.039142e-08
3.800000e+00 1.800000e-01 1.465827e-01 -2.046494e-01 1.099573e+00 2.183885e-08
3.850000e+00 1.800000e-01 1.465827e-01 -2.046496e-01 1.099573e+00 1.574792e-08
3.900000e+00 1.800000e-01 1.465827e-01 -2.046497e-01 1.099573e+00 1.146356e-08
3.950000e+00 1.800000e-01 1.465827e-01 -2.046498e-01 1.099573e+00 8.474097e-09
4.000000e+00 1.800000e-01 1.465827e-01 -2.046499e-01 1.099573e+00 6.394173e-09
4.050000e+00 1.800000e-01 1.465827e-01 -2.046499e-01 1.099573e+00 4.941976e-09
4.100000e+00 1.800000e-01 1.465827e-01 -2.046499e-01 1.099573e+00 3.916548e-09
4.150000e+00 1.800000e-01 1.465827e-01 -2.046500e-01 1.099573e+00 3.177856e-09
4.200000e+00 1.800000e-01 1.465827e-01 -2.046500e-01 1.099573e+00 2.630439e-09
4.250000e+00 1.800000e-01 1.465827e-01 -2.046500e-01 1.099573e+00 2.210605e-09
4.300000e+00 1.800000e-01 1.465827e-01 -2.046500e-01 1.099573e+00 1.876760e-09
4.350000e+00 1.800000e-01 1.465827e-01 -2.046500e-01 1.099573e+00 1.602295e-09
4.400000e+00 1.800000e-01 1.465827e-01 -2.046500e-01 1.099573e+00 1.370504e-09
4.450000e+00 1.800000e-01 1.465827e-01 -2.046500e-01 1.099573e+00 1.171047e-09
4.500000e+00 1.800000e-01 1.465827e-01 -2.046500e-01 1.099573e+00 9.975304e-10
4.550000e+00 1.800000e-01 1.465827e-01 -2.046500e-01 1.099573e+00 8.459133e-10
4.600000e+00 1.800000e-01 1.465827e-01 -2.046500e-01 1.099573e+00 7.134945e-10
4.650000e+00 1.800000e-01 1.465827e-01 -2.046500e-01 1.099573e+00 5.982867e-10
4.700000e+00 1.800000e-01 1.465827e-01 -2.046500e-01 1.099573e+00 4.986503e-10
4.750000e+00 1.800000e-01 1.465827e-01 -2.046500e-01 1.099573e+00 4.131051e-10
4.800000e+00 1.800000e-01 1.465827e-01 -2.046500e-01 1.099573e+00 3.402387e-10
4.850000e+00 1.800000e-01 1.465827e-01 -2.046500e-01 1.099573e+00 2.786765e-10
4.900000e+00 1.800000e-01 1.465827e-01 -2.046500e-01 1.099573e+00 2.270853e-10
4.950000e+00 1.800000e-01 1.465827e-01 -2.046500e-01 1.099573e+00 1.841918e-10
5.000000e+00 1.800000e-01 1.465827e-01 -2.046500e-01 1.099573e+00 1.488004e-10
5.050000e+00 1.800000e-01 1.465827e-01 -2.046500e-01 1.099573e+00 1.198117e-10
5.100000e+00 1.800000e-01 1.465827e-01 -2.046500e-01 1.099573e+00 9.623968e-11
5.150000e+00 1.800000e-01 1.465827e-01 -2.046500e-01 1.099573e+00 7.721462e-11
5.200000e+00 1.800000e-01 1.465827e-01 -2.046500e-01 1.099573e+00 6.199125e-11
5.250000e+00 1.800000e-01 1.465827e-01 -2.046500e-01 1.099573e+00 4.994422e-11
5.300000e+00 1.800000e-01 1.465827e-01 -2.046500e-01 1.099573e+00 4.057005e-11
5.350000e+00 1.800000e-01 1.465827e-01 -2.046500e-01 1.099573e+00 3.348238e-11
5.400000e+00 1.800000e-01 1.465827e-01 -2.046500e-01 1.099573e+00 2.841061e-11
5.450000e+00 1.800000e-01 1.465827e-01 -2.046500e-01 1.099573e+00 2.519873e-11
5.500000e+00 1.800000e-01 1.465827e-01 -2.046500e-01 1.099573e+00 2.380623e-11
5.550000e+00 1.800000e-01 1.465827e-01 -2.046500e-01 1.099573e+00 2.432166e-11
5.600000e+00 1.800000e-01 1.465827e-01 -2.046500e-01 1.099573e+00 2.697564e-11
5.650000e+00 1.800000e-01 1.465827e-01 -2.046500e-01 1.099573e+00 3.215872e-11
5.700000e+00 1.800000e-01 1.465827e-01 -2.046500e-01 1.099573e+00 4.045680e-11
5.750000e+00 1.800000e-01 1.465827e-01 -2.046500e-01 1.099573e+00 5.270062e-11
5.800000e+00 1.800000e-01 1.465827e-01 -2.046500e-01 1.099573e+00 7.002621e-11
5.850000e+00 1.800000e-01 1.465827e-01 -2.046500e-01 1.099573e+00 9.395928e-11
5.900000e+00 1.800000e-01 1.465827e-01 -2.046500e-01 1.099573e+00 1.265307e-10
5.950000e+00 1.800000e-01 1.465827e-01 -2.046500e-01 1.099573e+00 1.704253e-10
6.000000e+00 1.800000e-01 1.465827e-01 -2.046500e-01 1.099573e+00 2.291775e-10
6.050000e+00 1.800000e-01 1.465827e-01 -2.046500e-01 1.099573e+00 3.074299e-10
6.100000e+00 1.800000e-01 1.465827e-01 -2.046500e-01 1.099573e+00 4.112710e-10
6.150000e+00 1.800000e-01 1.465827e-01 -2.046500e-01 1.099573e+00 5.486742e-10
6.200000e+00 1.800000e-01 1.465827e-01 -2.046500e-01 1.099573e+00 7.300707e-10
6.250000e+00 1.800000e-01 1.465827e-01 -2.046500e-01 1.099573e+00 9.691020e-10
6.300000e+00 1.800000e-01 1.465827e-01 -2.046500e-01 1.099573e+00 1.283593e-09
6.350000e+00 1.800000e-01 1.465827e-01 -2.046500e-01 1.099573e+00 1.696826e-09
6.400000e+00 1.800000e-01 1.465827e-01 -2.046500e-01 1.099573e+00 2.239197e-09
6.450000e+00 1.800000e-01 1.465827e-01 -2.046500e-01 1.099573e+00 2.950367e-09
6.500000e+00 1.800000e-01 1.465827e-01 -2.046500e-01 1.099573e+00 3.882085e-09
6.550000e+00 1.800000e-01 1.465827e-01 -2.046500e-01 1.099573e+00 5.101833e-09
6.600000e+00 1.800000e-01 1.465827e-01 -2.046500e-01 1.099573e+00 6.697590e-09
6.650000e+00 1.800000e-01 1.465827e-01 -2.046500e-01 1.099573e+00 8.784021e-09
6.700000e+00 1.800000e-01 1.465827e-01 -2.046500e-01 1.099573e+00 1.151053e-08
6.750000e+00 1.800000e-01 1.465827e-01 -2.046501e-01 1.099573e+00 1.507176e-08
6.800000e+00 1.800000e-01 1.465827e-01 -2.046501e-01 1.099573e+00 1.972117e-08
6.850000e+00 1.800000e-01 1.465827e-01 -2.046501e-01 1.099573e+00 2.578881e-08
6.900000e+00 1.800000e-01 1.465827e-01 -2.046501e-01 1.099573e+00 3.370428e-08
6.950000e+00 1.800000e-01 1.465827e-01 -2.046501e-01 1.099573e+00 4.402675e-08
7.000000e+00 1.800000e-01 1.465827e-01 -2.046501e-01 1.099573e+00 5.748376e-08
7.050000e+00 1.800000e-01 1.465827e-01 -2.046501e-01 1.099573e+00 7.502186e-08
7.100000e+00 1.800000e-01 1.465827e-01 -2.046502e-01 1.099573e+00 9.787216e-08
7.150000e+00 1.800000e-01 1.465827e-01 -2.046502e-01 1.099573e+00 1.276357e-07
7.200000e+00 1.800000e-01 1.465827e-01 -2.046503e-01 1.099573e+00 1.663942e-07
7.250000e+00 1.800000e-01 1.465827e-01 -2.046504e-01 1.099573e+00 2.168535e-07
7.300000e+00 1.800000e-01 1.465827e-01 -2.046504e-01 1.099573e+00 2.825315e-07
7.350000e+00 1.800000e-01 1.465827e-01 -2.046506e-01 1.099573e+00 3.679965e-07
7.400000e+00 1.800000e-01 1.465826e-01 -2.046507e-01 1.099573e+00 4.791948e-07
7.450000e+00 1.800000e-01 1.465826e-01 -2.046510e-01 1.099572e+00 6.238125e-07
7.500000e+00 1.800000e-01 1.465826e-01 -2.046512e-01 1.099572e+00 8.119666e-07
7.550000e+00 1.800000e-01 1.465825e-01 -2.046516e-01 1.099572e+00 1.056338e-06
7.600000e+00 1.800000e-01 1.465825e-01 -2.046520e-01 1.099572e+00 1.374896e-06
7.650000e+00 1.800000e-01 1.465824e-01 -2.046529e-01 1.099572e+00 1.786171e-06
7.700000e+00 1.800000e-01 1.465823e-01 -2.046530e-01 1.099572e+00 2.328968e-06
7.750000e+00 1.800000e-01 1.465822e-01 -2.046561e-01 1.099572e+00 3.009853e-06
7.800000e+00 1.800000e-01 1.465820e-01 -2.046519e-01 1.099572e+00 3.962593e-06
7.850000e+00 1.800000e-01 1.465818e-01 -2.046688e-01 1.099572e+00 5.015886e-06
7.900000e+00 1.800000e-01 1.465815e-01 -2.046316e-01 1.099572e+00 6.860065e-06
7.950000e+00 1.800000e-01 1.465811e-01 -2.047341e-01 1.099571e+00 8.072850e-06
8.000000e+00 1.800000e-01 1.465807e-01 -2.044987e-01 1.099571e+00 1.244866e-05
8.050000e+00 1.800000e-01 1.465798e-01 -2.050554e-01 1.099571e+00 1.179024e-05
8.100000e+00 1.800000e-01 1.465795e-01 -2.038488e-01 1.099569e+00 2.457541e-05
8.150000e+00 1.800000e-01 1.465774e-01 -2.064005e-01 1.099572e+00 1.332247e-05
8.200000e+00 1.800000e-01 1.465782e-01 -2.013497e-01 1.099564e+00 5.240860e-05
8.250000e+00 1.800000e-01 1.465721e-01 -2.109082e-01 1.099575e+00 5.769896e-06
8.300000e+00 1.800000e-01 1.465776e-01 -1.939505e-01 1.099552e+00 1.102198e-04
8.350000e+00 1.800000e-01 1.465611e-01 -2.223534e-01 1.099582e+00 -1.353134e-05
8.400000e+00 1.800000e-01 1.465789e-01 -1.780323e-01 1.099535e+00 1.997266e-04
8.450000e+00 1.800000e-01 1.465411e-01 -2.425305e-01 1.099588e+00 -1.071698e-05
8.500000e+00 1.800000e-01 1.465800e-01 -1.560495e-01 1.099520e+00 2.761509e-04
8.550000e+00 1.800000e-01 1.465135e-01 -2.627537e-01 1.099576e+00 1.038373e-04
8.600000e+00 1.800000e-01 1.465696e-01 -1.428504e-01 1.099519e+00 2.885263e-04
8.650000e+00 1.800000e-01 1.464847e-01 -2.665240e-01 1.099539e+00 3.567031e-04
8.700000e+00 1.800000e-01 1.465340e-01 -1.477408e-01 1.099521e+00 3.750830e-04
8.750000e+00 1.800000e-01 1.464472e-01 -2.619335e-01 1.099489e+00 5.596105e-04
8.800000e+00 1.800000e-01 1.464780e-01 -1.422648e-01 1.099510e+00 8.199177e-04
8.850000e+00 1.800000e-01 1.463652e-01 -2.866479e-01 1.099405e+00 7.121432e-04
8.900000e+00 1.800000e-01 1.464068e-01 -1.054528e-01 1.099513e+00 1.434656e-03
8.950000e+00 1.800000e-01 1.462217e-01 -3.218060e-01 1.099260e+00 1.434357e-03
9.000000e+00 1.800000e-01 1.462634e-01 -9.367981e-02 1.099455e+00 1.957971e-03
9.050000e+00 1.800000e-01 1.460259e-01 -3.152676e-01 1.099161e+00 2.709426e-03
9.100000e+00 1.800000e-01 1.459924e-01 -1.033303e-01 1.099244e+00 3.403176e-03
9.150000e+00 1.800000e-01 1.456856e-01 -3.382936e-01 1.098930e+00 4.068403e-03
9.200000e+00 1.800000e-01 1.455856e-01 -5.884176e-02 1.099153e+00 5.956258e-03
9.250000e+00 1.800000e-01 1.450900e-01 -3.893602e-01 1.098366e+00 7.130722e-03
9.300000e+00 1.800000e-01 1.448725e-01 -5.044689e-02 1.098768e+00 9.273757e-03
9.350000e+00 1.800000e-01 1.441626e-01 -3.940009e-01 1.097940e+00 1.211960e-02
9.400000e+00 1.800000e-01 1.436605e-01 -4.514859e-02 1.097899e+00 1.590541e-02
9.450000e+00 1.800000e-01 1.425720e-01 -4.604259e-01 1.096707e+00 1.973440e-02
9.500000e+00 1.800000e-01 1.416871e-01 -1.286981e-02 1.096861e+00 2.608024e-02
9.550000e+00 1.800000e-01 1.399640e-01 -5.144886e-01 1.094826e+00 3.338425e-02
9.600000e+00 1.800000e-01 1.383487e-01 -2.811567e-02 1.093887e+00 4.308708e-02
9.650000e+00 1.800000e-01 1.356553e-01 -6.118398e-01 1.091082e+00 5.459801e-02
9.700000e+00 1.800000e-01 1.328889e-01 -3.919400e-02 1.088394e+00 7.070875e-02
9.750000e+00 1.800000e-01 1.285844e-01 -7.626008e-01 1.082429e+00 8.976025e-02
9.800000e+00 1.800000e-01 1.239128e-01 -1.371873e-01 1.073582e+00 1.147568e-01
9.850000e+00 1.800000e-01 1.171088e-01 -1.032181e+00 1.059136e+00 1.450569e-01
9.900000e+00 1.800000e-01 1.094072e-01 -4.240135e-01 1.030906e+00 1.852671e-01
9.950000e+00 1.800000e-01 9.858205e-02 -1.579785e+00 9.833005e-01 2.394316e-01
1.000000e+01 1.800000e-01 8.546400e-02 -1.352491e+00 0.000000e+00 0.000000e+00
0.000000e+00 2.000000e-01 1.039200e-01 -3.600000e+00 0.000000e+00 0.000000e+00
5.000000e-02 2.000000e-01 1.039150e-01 -3.603208e+00 9.585526e-01 2.212687e-06
1.000000e-01 2.000000e-01 1.039198e-01 -3.601969e+00 9.583450e-01 -2.829224e-04
1.500000e-01 2.000000e-01 1.039433e-01 -3.588559e+00 9.585016e-01 -5.348647e-04
2.000000e-01 2.000000e-01 1.039733e-01 -3.591765e+00 9.590133e-01 -4.534174e-04
2.500000e-01 2.000000e-01 1.039887e-01 -3.616897e+00 9.590671e-01 -2.885940e-04
3.000000e-01 2.000000e-01 1.040021e-01 -3.614543e+00 9.584796e-01 -5.969754e-04
3.500000e-01 2.000000e-01 1.040483e-01 -3.572044e+00 9.584622e-01 -1.215157e-03
4.000000e-01 2.000000e-01 1.041236e-01 -3.560387e+00 9.596235e-01 -1.419676e-03
4.500000e-01 2.000000e-01 1.041903e-01 -3.616221e+00 9.605633e-01 -1.307574e-03
5.000000e-01 2.000000e-01 1.042544e-01 -3.652493e+00 9.600625e-01 -1.885950e-03
5.500000e-01 2.000000e-01 1.043789e-01 -3.584539e+00 9.593778e-01 -3.413823e-03
6.000000e-01 2.000000e-01 1.045958e-01 -3.490505e+00 9.604630e-01 -4.847218e-03
6.500000e-01 2.000000e-01 1.048636e-01 -3.522264e+00 9.626709e-01 -5.567366e-03
7.000000e-01 2.000000e-01 1.051525e-01 -3.659497e+00 9.632854e-01 -6.557383e-03
7.500000e-01 2.000000e-01 1.055194e-01 -3.691703e+00 9.614343e-01 -8.904628e-03
8.000000e-01 2.000000e-01 1.060430e-01 -3.509033e+00 9.596598e-01 -1.193493e-02
8.500000e-01 2.000000e-01 1.067129e-01 -3.302500e+00 9.607023e-01 -1.400720e-02
9.000000e-01 2.000000e-01 1.074437e-01 -3.346057e+00 9.636309e-01 -1.487435e-02
9.500000e-01 2.000000e-01 1.082003e-01 -3.612916e+00 9.645607e-01 -1.611735e-02
1.000000e+00 2.000000e-01 1.090554e-01 -3.755688e+00 9.613246e-01 -1.903542e-02
1.050000e+00 2.000000e-01 1.101038e-01 -3.515355e+00 9.565354e-01 -2.292454e-02
1.100000e+00 2.000000e-01 1.113479e-01 -3.059937e+00 9.552478e-01 -2.588373e-02
1.150000e+00 2.000000e-01 1.126922e-01 -2.826992e+00 9.594734e-01 -2.694042e-02
1.200000e+00 2.000000e-01 1.140419e-01 -3.048718e+00 9.654547e-01 -2.702631e-02
1.250000e+00 2.000000e-01 1.153948e-01 -3.498065e+00 9.668229e-01 -2.809595e-02
1.300000e+00 2.000000e-01 1.168515e-01 -3.712140e+00 9.608476e-01 -3.152407e-02
1.350000e+00 2.000000e-01 1.185473e-01 -3.430264e+00 9.517055e-01 -3.703436e-02
1.400000e+00 2.000000e-01 1.205550e-01 -2.803816e+00 9.473866e-01 -4.271480e-02
1.450000e+00 2.000000e-01 1.228187e-01 -2.236093e+00 9.529911e-01 -4.616116e-02
1.500000e+00 2.000000e-01 1.251711e-01 -2.057128e+00 9.663065e-01 -4.627121e-02
1.550000e+00 2.000000e-01 1.274459e-01 -2.301654e+00 9.793956e-01 -4.444112e-02
1.600000e+00 2.000000e-01 1.296152e-01 -2.734265e+00 9.846989e-01 -4.393464e-02
1.650000e+00 2.000000e-01 1.318393e-01 -3.056716e+00 9.802239e-01 -4.771692e-02
1.700000e+00 2.000000e-01 1.343869e-01 -3.091436e+00 9.699822e-01 -5.644703e-02
1.750000e+00 2.000000e-01 1.374840e-01 -2.823530e+00 9.606621e-01 -6.800238e-02
1.800000e+00 2.000000e-01 1.411871e-01 -2.345391e+00 9.578080e-01 -7.860735e-02
1.850000e+00 2.000000e-01 1.453448e-01 -1.784626e+00 9.637100e-01 -8.469160e-02
1.900000e+00 2.000000e-01 1.496563e-01 -1.251712e+00 9.773951e-01 -8.438131e-02
1.950000e+00 2.000000e-01 1.537829e-01 -8.140777e-01 9.959589e-01 -7.793541e-02
2.000000e+00 2.000000e-01 1.574498e-01 -4.943105e-01 1.016138e+00 -6.717377e-02
2.050000e+00 2.000000e-01 1.605003e-01 -2.835069e-01 1.035358e+00 -5.447079e-02
2.100000e+00 2.000000e-01 1.628969e-01 -1.579441e-01 1.052086e+00 -4.190385e-02
2.150000e+00 2.000000e-01 1.646906e-01 -9.141609e-02 1.065718e+00 -3.083077e-02
2.200000e+00 2.000000e-01 1.659800e-01 -6.165517e-02 1.076287e+00 -2.186041e-02
2.250000e+00 2.000000e-01 1.668767e-01 -5.241210e-02 1.084168e+00 -1.504199e-02
2.300000e+00 2.000000e-01 1.674842e-01 -5.315520e-02 1.089867e+00 -1.010703e-02
2.350000e+00 2.000000e-01 1.678874e-01 -5.778292e-02 1.093890e+00 -6.666986e-03
2.400000e+00 2.000000e-01 1.681509e-01 -6.317447e-02 1.096676e+00 -4.336303e-03
2.450000e+00 2.000000e-01 1.683210e-01 -6.798411e-02 1.098577e+00 -2.790362e-03
2.500000e+00 2.000000e-01 1.684299e-01 -7.180159e-02 1.099860e+00 -1.780766e-03
2.550000e+00 2.000000e-01 1.684991e-01 -7.464268e-02 1.100717e+00 -1.128863e-03
2.600000e+00 2.000000e-01 1.685428e-01 -7.667636e-02 1.101287e+00 -7.114277e-04
2.650000e+00 2.000000e-01 1.685702e-01 -7.809676e-02 1.101664e+00 -4.458467e-04
2.700000e+00 2.000000e-01 1.685874e-01 -7.907327e-02 1.101911e+00 -2.777848e-04
2.750000e+00 2.000000e-01 1.685980e-01 -7.973774e-02 1.102073e+00 -1.719619e-04
2.800000e+00 2.000000e-01 1.686046e-01 -8.018682e-02 1.102180e+00 -1.056666e-04
2.850000e+00 2.000000e-01 1.686086e-01 -8.048893e-02 1.102249e+00 -6.436515e-05
2.900000e+00 2.000000e-01 1.686110e-01 -8.069153e-02 1.102294e+00 -3.879838e-05
2.950000e+00 2.000000e-01 1.686125e-01 -8.082708e-02 1.102323e+00 -2.309005e-05
3.000000e+00 2.000000e-01 1.686133e-01 -8.091761e-02 1.102341e+00 -1.352473e-05
3.050000e+00 2.000000e-01 1.686138e-01 -8.097798e-02 1.102354e+00 -7.762731e-06
3.100000e+00 2.000000e-01 1.686141e-01 -8.101820e-02 1.102361e+00 -4.337550e-06
3.150000e+00 2.000000e-01 1.686143e-01 -8.104497e-02 1.102366e+00 -2.335020e-06
3.200000e+00 2.000000e-01 1.686143e-01 -8.106278e-02 1.102370e+00 -1.188982e-06
3.250000e+00 2.000000e-01 1.686144e-01 -8.107461e-02 1.102372e+00 -5.515291e-07
3.300000e+00 2.000000e-01 1.686144e-01 -8.108247e-02 1.102373e+00 -2.108781e-07
3.350000e+00 2.000000e-01 1.686144e-01 -8.108770e-02 1.102374e+00 -3.958239e-08
3.400000e+00 2.000000e-01 1.686144e-01 -8.109118e-02 1.102374e+00 3.796673e-08
3.450000e+00 2.000000e-01 1.686144e-01 -8.109349e-02 1.102375e+00 6.582125e-08
3.500000e+00 2.000000e-01 1.686144e-01 -8.109503e-02 1.102375e+00 6.904751e-08
3.550000e+00 2.000000e-01 1.686144e-01 -8.109606e-02 1.102375e+00 6.145595e-08
3.600000e+00 2.000000e-01 1.686144e-01 -8.109675e-02 1.102375e+00 5.030753e-08
3.650000e+00 2.000000e-01 1.686144e-01 -8.109721e-02 1.102375e+00 3.914522e-08
3.700000e+00 2.000000e-01 1.686144e-01 -8.109753e-02 1.102375e+00 2.947211e-08
3.750000e+00 2.000000e-01 1.686144e-01 -8.109774e-02 1.102375e+00 2.172703e-08
3.800000e+00 2.000000e-01 1.686144e-01 -8.109789e-02 1.102375e+00 1.583740e-08
3.850000e+00 2.000000e-01 1.686144e-01 -8.109799e-02 1.102375e+00 1.152160e-08
3.900000e+00 2.000000e-01 1.686144e-01 -8.109806e-02 1.102375e+00 8.445624e-09
3.950000e+00 2.000000e-01 1.686144e-01 -8.109811e-02 1.102375e+00 6.297420e-09
4.000000e+00 2.000000e-01 1.686144e-01 -8.109815e-02 1.102375e+00 4.816123e-09
4.050000e+00 2.000000e-01 1.686144e-01 -8.109818e-02 1.102375e+00 3.798161e-09
4.100000e+00 2.000000e-01 1.686144e-01 -8.109819e-02 1.102375e+00 3.092442e-09
4.150000e+00 2.000000e-01 1.686144e-01 -8.109821e-02 1.102375e+00 2.591390e-09
4.200000e+00 2.000000e-01 1.686144e-01 -8.109822e-02 1.102375e+00 2.221277e-09
4.250000e+00 2.000000e-01 1.686144e-01 -8.109823e-02 1.102375e+00 1.933472e-09
4.300000e+00 2.000000e-01 1.686144e-01 -8.109823e-02 1.102375e+00 1.697195e-09
4.350000e+00 2.000000e-01 1.686144e-01 -8.109823e-02 1.102375e+00 1.493876e-09
4.400000e+00 2.000000e-01 1.686144e-01 -8.109824e-02 1.102375e+00 1.312956e-09
4.450000e+00 2.000000e-01 1.686144e-01 -8.109824e-02 1.102375e+00 1.148883e-09
4.500000e+00 2.000000e-01 1.686144e-01 -8.109824e-02 1.102375e+00 9.990395e-10
4.550000e+00 2.000000e-01 1.686144e-01 -8.109824e-02 1.102375e+00 8.623718e-10
4.600000e+00 2.000000e-01 1.686144e-01 -8.109824e-02 1.102375e+00 7.385317e-10
4.650000e+00 2.000000e-01 1.686144e-01 -8.109824e-02 1.102375e+00 6.273732e-10
4.700000e+00 2.000000e-01 1.686144e-01 -8.109824e-02 1.102375e+00 5.286774e-10
4.750000e+00 2.000000e-01 1.686144e-01 -8.109825e-02 1.102375e+00 4.420420e-10
4.800000e+00 2.000000e-01 1.686144e-01 -8.109825e-02 1.102375e+00 3.668568e-10
4.850000e+00 2.000000e-01 1.686144e-01 -8.109825e-02 1.102375e+00 3.023273e-10
4.900000e+00 2.000000e-01 1.686144e-01 -8.109825e-02 1.102375e+00 2.475242e-10
4.950000e+00 2.000000e-01 1.686144e-01 -8.109825e-02 1.102375e+00 2.014502e-10
5.000000e+00 2.000000e-01 1.686144e-01 -8.109825e-02 1.102375e+00 1.630787e-10
5.050000e+00 2.000000e-01 1.686144e-01 -8.109825e-02 1.102375e+00 1.314046e-10
5.100000e+00 2.000000e-01 1.686144e-01 -8.109825e-02 1.102375e+00 1.054865e-10
5.150000e+00 2.000000e-01 1.686144e-01 -8.109825e-02 1.102375e+00 8.446160e-11
5.200000e+00 2.000000e-01 1.686144e-01 -8.109825e-02 1.102375e+00 6.756790e-11
5.250000e+00 2.000000e-01 1.686144e-01 -8.109825e-02 1.102375e+00 5.414807e-11
5.300000e+00 2.000000e-01 1.686144e-01 -8.109825e-02 1.102375e+00 4.366146e-11
5.350000e+00 2.000000e-01 1.686144e-01 -8.109825e-02 1.102375e+00 3.568368e-11
5.400000e+00 2.000000e-01 1.686144e-01 -8.109825e-02 1.102375e+00 2.990497e-11
5.450000e+00 2.000000e-01 1.686144e-01 -8.109825e-02 1.102375e+00 2.613298e-11
5.500000e+00 2.000000e-01 1.686144e-01 -8.109825e-02 1.102375e+00 2.429890e-11
5.550000e+00 2.000000e-01 1.686144e-01 -8.109825e-02 1.102375e+00 2.446404e-11
5.600000e+00 2.000000e-01 1.686144e-01 -8.109825e-02 1.102375e+00 2.683964e-11
5.650000e+00 2.000000e-01 1.686144e-01 -8.109825e-02 1.102375e+00 3.180234e-11
5.700000e+00 2.000000e-01 1.686144e-01 -8.109825e-02 1.102375e+00 3.992640e-11
5.750000e+00 2.000000e-01 1.686144e-01 -8.109825e-02 1.102375e+00 5.203865e-11
5.800000e+00 2.000000e-01 1.686144e-01 -8.109825e-02 1.102375e+00 6.927625e-11
5.850000e+00 2.000000e-01 1.686144e-01 -8.109825e-02 1.102375e+00 9.317103e-11
5.900000e+00 2.000000e-01 1.686144e-01 -8.109825e-02 1.102375e+00 1.257663e-10
5.950000e+00 2.000000e-01 1.686144e-01 -8.109825e-02 1.102375e+00 1.697684e-10
6.000000e+00 2.000000e-01 1.686144e-01 -8.109825e-02 1.102375e+00 2.287379e-10
6.050000e+00 2.000000e-01 1.686144e-01 -8.109825e-02 1.102375e+00 3.073580e-10
6.100000e+00 2.000000e-01 1.686144e-01 -8.109825e-02 1.102375e+00 4.117734e-10
6.150000e+00 2.000000e-01 1.686144e-01 -8.109825e-02 1.102375e+00 5.500270e-10
6.200000e+00 2.000000e-01 1.686144e-01 -8.109825e-02 1.102375e+00 7.326453e-10
6.250000e+00 2.000000e-01 1.686144e-01 -8.109825e-02 1.102375e+00 9.733969e-10
6.300000e+00 2.000000e-01 1.686144e-01 -8.109825e-02 1.102375e+00 1.290270e-09
6.350000e+00 2.000000e-01 1.686144e-01 -8.109825e-02 1.102375e+00 1.706760e-09
6.400000e+00 2.000000e-01 1.686144e-01 -8.109825e-02 1.102375e+00 2.253545e-09
6.450000e+00 2.000000e-01 1.686144e-01 -8.109825e-02 1.102375e+00 2.970651e-09
6.500000e+00 2.000000e-01 1.686144e-01 -8.109825e-02 1.102375e+00 3.910300e-09
6.550000e+00 2.000000e-01 1.686144e-01 -8.109825e-02 1.102375e+00 5.140592e-09
6.600000e+00 2.000000e-01 1.686144e-01 -8.109825e-02 1.102375e+00 6.750306e-09
6.650000e+00 2.000000e-01 1.686144e-01 -8.109825e-02 1.102375e+00 8.855143e-09
6.700000e+00 2.000000e-01 1.686144e-01 -8.109825e-02 1.102375e+00 1.160585e-08
6.750000e+00 2.000000e-01 1.686144e-01 -8.109826e-02 1.102375e+00 1.519880e-08
6.800000e+00 2.000000e-01 1.686144e-01 -8.109826e-02 1.102375e+00 1.988970e-08
6.850000e+00 2.000000e-01 1.686144e-01 -8.109826e-02 1.102375e+00 2.601148e-08
6.900000e+00 2.000000e-01 1.686144e-01 -8.109827e-02 1.102375e+00 3.399750e-08
6.950000e+00 2.000000e-01 1.686144e-01 -8.109827e-02 1.102375e+00 4.441171e-08
7.000000e+00 2.000000e-01 1.686144e-01 -8.109828e-02 1.102375e+00 5.798787e-08
7.050000e+00 2.000000e-01 1.686144e-01 -8.109829e-02 1.102375e+00 7.568046e-08
7.100000e+00 2.000000e-01 1.686144e-01 -8.109831e-02 1.102375e+00 9.873090e-08
7.150000e+00 2.000000e-01 1.686143e-01 -8.109833e-02 1.102375e+00 1.287534e-07
7.200000e+00 2.000000e-01 1.686143e-01 -8.109835e-02 1.102375e+00 1.678465e-07
7.250000e+00 2.000000e-01 1.686143e-01 -8.109839e-02 1.102375e+00 2.187380e-07
7.300000e+00 2.000000e-01 1.686143e-01 -8.109843e-02 1.102375e+00 2.849733e-07
7.350000e+00 2.000000e-01 1.686143e-01 -8.109849e-02 1.102375e+00 3.711573e-07
7.400000e+00 2.000000e-01 1.686143e-01 -8.109856e-02 1.102375e+00 4.832801e-07
7.450000e+00 2.000000e-01 1.686143e-01 -8.109866e-02 1.102375e+00 6.290926e-07
7.500000e+00 2.000000e-01 1.686142e-01 -8.109878e-02 1.102375e+00 8.187670e-07
7.550000e+00 2.000000e-01 1.686142e-01 -8.109896e-02 1.102375e+00 1.065145e-06
7.600000e+00 2.000000e-01 1.686141e-01 -8.109913e-02 1.102375e+00 1.386114e-06
7.650000e+00 2.000000e-01 1.686140e-01 -8.109957e-02 1.102375e+00 1.800991e-06
7.700000e+00 2.000000e-01 1.686139e-01 -8.109943e-02 1.102375e+00 2.346923e-06
7.750000e+00 2.000000e-01 1.686138e-01 -8.110141e-02 1.102375e+00 3.036014e-06
7.800000e+00 2.000000e-01 1.686136e-01 -8.109774e-02 1.102375e+00 3.987936e-06
7.850000e+00 2.000000e-01 1.686134e-01 -8.111035e-02 1.102375e+00 5.069606e-06
7.900000e+00 2.000000e-01 1.686131e-01 -8.108020e-02 1.102375e+00 6.876942e-06
7.950000e+00 2.000000e-01 1.686127e-01 -8.116076e-02 1.102376e+00 8.216398e-06
8.000000e+00 2.000000e-01 1.686123e-01 -8.096992e-02 1.102375e+00 1.236059e-05
8.050000e+00 2.000000e-01 1.686115e-01 -8.142060e-02 1.102376e+00 1.225327e-05
8.100000e+00 2.000000e-01 1.686111e-01 -8.042704e-02 1.102372e+00 2.401516e-05
8.150000e+00 2.000000e-01 1.686091e-01 -8.254143e-02 1.102381e+00 1.477811e-05
8.200000e+00 2.000000e-01 1.686096e-01 -7.829995e-02 1.102364e+00 5.043777e-05
8.250000e+00 2.000000e-01 1.686040e-01 -8.640085e-02 1.102395e+00 9.531027e-06
8.300000e+00 2.000000e-01 1.686086e-01 -7.184730e-02 1.102341e+00 1.055530e-04
8.350000e+00 2.000000e-01 1.685935e-01 -9.648386e-02 1.102429e+00 -6.531701e-06
8.400000e+00 2.000000e-01 1.686093e-01 -5.754714e-02 1.102295e+00 1.929117e-04
8.450000e+00 2.000000e-01 1.685742e-01 -1.148695e-01 1.102484e+00 -3.048184e-06
8.500000e+00 2.000000e-01 1.686096e-01 -3.698826e-02 1.102238e+00 2.725271e-04
8.550000e+00 2.000000e-01 1.685469e-01 -1.342425e-01 1.102528e+00 1.057321e-04
8.600000e+00 2.000000e-01 1.685990e-01 -2.350946e-02 1.102218e+00 2.935247e-04
8.650000e+00 2.000000e-01 1.685176e-01 -1.389101e-01 1.102519e+00 3.529640e-04
8.700000e+00 2.000000e-01 1.685637e-01 -2.701932e-02 1.102247e+00 3.823867e-04
8.750000e+00 2.000000e-01 1.684793e-01 -1.347428e-01 1.102495e+00 5.612628e-04
8.800000e+00 2.000000e-01 1.685076e-01 -2.165759e-02 1.102245e+00 8.232378e-04
8.850000e+00 2.000000e-01 1.683970e-01 -1.582188e-01 1.102533e+00 7.164245e-04
8.900000e+00 2.000000e-01 1.684360e-01 1.524063e-02 1.102202e+00 1.446062e-03
8.950000e+00 2.000000e-01 1.682524e-01 -1.935304e-01 1.102558e+00 1.437471e-03
9.000000e+00 2.000000e-01 1.682922e-01 2.872478e-02 1.102216e+00 1.966538e-03
9.050000e+00 2.000000e-01 1.680558e-01 -1.857236e-01 1.102565e+00 2.732756e-03
9.100000e+00 2.000000e-01 1.680189e-01 1.884705e-02 1.102187e+00 3.416979e-03
9.150000e+00 2.000000e-01 1.677141e-01 -2.069724e-01 1.102635e+00 4.071856e-03
9.200000e+00 2.000000e-01 1.676118e-01 6.883182e-02 1.102222e+00 6.017168e-03
9.250000e+00 2.000000e-01 1.671123e-01 -2.595818e-01 1.102572e+00 7.159429e-03
9.300000e+00 2.000000e-01 1.668958e-01 8.058892e-02 1.102284e+00 9.291428e-03
9.350000e+00 2.000000e-01 1.661832e-01 -2.537356e-01 1.102759e+00 1.221901e-02
9.400000e+00 2.000000e-01 1.656739e-01 8.889512e-02 1.102117e+00 1.602369e-02
9.450000e+00 2.000000e-01 1.645808e-01 -3.166417e-01 1.102737e+00 1.981126e-02
9.500000e+00 2.000000e-01 1.636928e-01 1.373546e-01 1.102277e+00 2.626322e-02
9.550000e+00 2.000000e-01 1.619545e-01 -3.497564e-01 1.102630e+00 3.375617e-02
9.600000e+00 2.000000e-01 1.603172e-01 1.292706e-01 1.101408e+00 4.350408e-02
9.650000e+00 2.000000e-01 1.576041e-01 -4.143525e-01 1.101959e+00 5.530833e-02
9.700000e+00 2.000000e-01 1.547863e-01 1.515543e-01 1.099542e+00 7.190044e-02
9.750000e+00 2.000000e-01 1.504141e-01 -4.958452e-01 1.098267e+00 9.205309e-02
9.800000e+00 2.000000e-01 1.455810e-01 9.782570e-02 1.091112e+00 1.184568e-01
9.850000e+00 2.000000e-01 1.385684e-01 -6.312709e-01 1.084037e+00 1.522290e-01
9.900000e+00 2.000000e-01 1.303581e-01 -7.625887e-02 1.061867e+00 1.982277e-01
9.950000e+00 2.000000e-01 1.187456e-01 -9.056964e-01 1.030017e+00 2.643813e-01
1.000000e+01 2.000000e-01 1.039200e-01 -7.348294e-01 0.000000e+00 0.000000e+00
0.000000e+00 2.200000e-01 1.238160e-01 -3.360000e+00 0.000000e+00 0.000000e+00
5.000000e-02 2.200000e-01 1.238060e-01 -3.357487e+00 1.028110e+00 1.080145e-04
1.000000e-01 2.200000e-01 1.238052e-01 -3.378321e+00 1.027962e+00 -2.434667e-04
1.500000e-01 2.200000e-01 1.238303e-01 -3.369413e+00 1.027894e+00 -6.862252e-04
2.000000e-01 2.200000e-01 1.238738e-01 -3.319686e+00 1.028279e+00 -6.375663e-04
2.500000e-01 2.200000e-01 1.238941e-01 -3.332433e+00 1.028823e+00 -1.700199e-04
3.000000e-01 2.200000e-01 1.238908e-01 -3.416732e+00 1.028533e+00 -3.431521e-04
3.500000e-01 2.200000e-01 1.239284e-01 -3.414102e+00 1.027706e+00 -1.393459e-03
4.000000e-01 2.200000e-01 1.240302e-01 -3.286234e+00 1.028007e+00 -1.989943e-03
4.500000e-01 2.200000e-01 1.241274e-01 -3.245288e+00 1.029663e+00 -1.502387e-03
5.000000e-01 2.200000e-01 1.241804e-01 -3.404322e+00 1.030539e+00 -1.446158e-03
5.500000e-01 2.200000e-01 1.242720e-01 -3.523358e+00 1.029259e+00 -3.175301e-03
6.000000e-01 2.200000e-01 1.244979e-01 -3.358323e+00 1.027759e+00 -5.524807e-03
6.500000e-01 2.200000e-01 1.248245e-01 -3.105636e+00 1.028931e+00 -6.502243e-03
7.000000e-01 2.200000e-01 1.251482e-01 -3.168467e+00 1.032046e+00 -6.455670e-03
7.500000e-01 2.200000e-01 1.254701e-01 -3.517342e+00 1.032783e+00 -7.689597e-03
8.000000e-01 2.200000e-01 1.259171e-01 -3.643932e+00 1.028922e+00 -1.109655e-02
8.500000e-01 2.200000e-01 1.265797e-01 -3.270732e+00 1.024442e+00 -1.475118e-02
9.000000e-01 2.200000e-01 1.273922e-01 -2.818152e+00 1.025210e+00 -1.636883e-02
9.500000e-01 2.200000e-01 1.282166e-01 -2.889616e+00 1.030698e+00 -1.622884e-02
1.000000e+00 2.200000e-01 1.290151e-01 -3.444562e+00 1.033162e+00 -1.689098e-02
1.050000e+00 2.200000e-01 1.299057e-01 -3.789006e+00 1.026888e+00 -2.026962e-02
1.100000e+00 2.200000e-01 1.310421e-01 -3.421410e+00 1.016452e+00 -2.543103e-02
1.150000e+00 2.200000e-01 1.324488e-01 -2.655815e+00 1.012632e+00 -2.936028e-02
1.200000e+00 2.200000e-01 1.339781e-01 -2.265837e+00 1.019913e+00 -2.989790e-02
1.250000e+00 2.200000e-01 1.354386e-01 -2.633155e+00 1.030384e+00 -2.811767e-02
1.300000e+00 2.200000e-01 1.367899e-01 -3.365443e+00 1.031529e+00 -2.783129e-02
1.350000e+00 2.200000e-01 1.382217e-01 -3.736204e+00 1.019564e+00 -3.227241e-02
1.400000e+00 2.200000e-01 1.400171e-01 -3.389586e+00 1.003658e+00 -4.082582e-02
1.450000e+00 2.200000e-01 1.423043e-01 -2.584139e+00 9.971556e-01 -4.902016e-02
1.500000e+00 2.200000e-01 1.449191e-01 -1.891321e+00 1.005553e+00 -5.215452e-02
1.550000e+00 2.200000e-01 1.475197e-01 -1.722052e+00 1.022291e+00 -4.950116e-02
1.600000e+00 2.200000e-01 1.498693e-01 -2.059623e+00 1.035090e+00 -4.517415e-02
1.650000e+00 2.200000e-01 1.520372e-01 -2.567552e+00 1.035922e+00 -4.486354e-02
1.700000e+00 2.200000e-01 1.543556e-01 -2.895535e+00 1.025617e+00 -5.160189e-02
1.750000e+00 2.200000e-01 1.571973e-01 -2.879239e+00 1.011184e+00 -6.398294e-02
1.800000e+00 2.200000e-01 1.607539e-01 -2.546255e+00 1.000339e+00 -7.743292e-02
1.850000e+00 2.200000e-01 1.649406e-01 -2.027838e+00 9.976277e-01 -8.695354e-02
1.900000e+00 2.200000e-01 1.694493e-01 -1.470133e+00 1.003533e+00 -8.945584e-02
1.950000e+00 2.200000e-01 1.738862e-01 -9.792751e-01 1.015718e+00 -8.460863e-02
2.000000e+00 2.200000e-01 1.779101e-01 -6.044414e-01 1.030917e+00 -7.423549e-02
2.050000e+00 2.200000e-01 1.813098e-01 -3.486372e-01 1.046328e+00 -6.104557e-02
2.100000e+00 2.200000e-01 1.840147e-01 -1.900176e-01 1.060176e+00 -4.751988e-02
2.150000e+00 2.200000e-01 1.860618e-01 -1.000379e-01 1.071664e+00 -3.533967e-02
2.200000e+00 2.200000e-01 1.875486e-01 -5.353970e-02 1.080671e+00 -2.531626e-02
2.250000e+00 2.200000e-01 1.885934e-01 -3.213776e-02 1.087445e+00 -1.759775e-02
2.300000e+00 2.200000e-01 1.893084e-01 -2.395874e-02 1.092381e+00 -1.194504e-02
2.350000e+00 2.200000e-01 1.897879e-01 -2.205578e-02 1.095892e+00 -7.960052e-03
2.400000e+00 2.200000e-01 1.901044e-01 -2.272071e-02 1.098342e+00 -5.230401e-03
2.450000e+00 2.200000e-01 1.903109e-01 -2.415977e-02 1.100026e+00 -3.400285e-03
2.500000e+00 2.200000e-01 1.904445e-01 -2.560882e-02 1.101170e+00 -2.192474e-03
2.550000e+00 2.200000e-01 1.905302e-01 -2.680700e-02 1.101941e+00 -1.404503e-03
2.600000e+00 2.200000e-01 1.905849e-01 -2.771293e-02 1.102457e+00 -8.947883e-04
2.650000e+00 2.200000e-01 1.906197e-01 -2.836551e-02 1.102799e+00 -5.672002e-04
2.700000e+00 2.200000e-01 1.906416e-01 -2.882249e-02 1.103026e+00 -3.577670e-04
2.750000e+00 2.200000e-01 1.906554e-01 -2.913708e-02 1.103176e+00 -2.244929e-04
2.800000e+00 2.200000e-01 1.906641e-01 -2.935135e-02 1.103274e+00 -1.400632e-04
2.850000e+00 2.200000e-01 1.906694e-01 -2.949631e-02 1.103338e+00 -8.682570e-05
2.900000e+00 2.200000e-01 1.906728e-01 -2.959395e-02 1.103381e+00 -5.342742e-05
2.950000e+00 2.200000e-01 1.906748e-01 -2.965952e-02 1.103408e+00 -3.259519e-05
3.000000e+00 2.200000e-01 1.906760e-01 -2.970346e-02 1.103426e+00 -1.968634e-05
3.050000e+00 2.200000e-01 1.906768e-01 -2.973285e-02 1.103437e+00 -1.174811e-05
3.100000e+00 2.200000e-01 1.906772e-01 -2.975250e-02 1.103445e+00 -6.910000e-06
3.150000e+00 2.200000e-01 1.906774e-01 -2.976561e-02 1.103450e+00 -3.992387e-06
3.200000e+00 2.200000e-01 1.906776e-01 -2.977435e-02 1.103453e+00 -2.255141e-06
3.250000e+00 2.200000e-01 1.906777e-01 -2.978019e-02 1.103455e+00 -1.236635e-06
3.300000e+00 2.200000e-01 1.906777e-01 -2.978407e-02 1.103456e+00 -6.509400e-07
3.350000e+00 2.200000e-01 1.906777e-01 -2.978667e-02 1.103457e+00 -3.223855e-07
3.400000e+00 2.200000e-01 1.906777e-01 -2.978839e-02 1.103458e+00 -1.440846e-07
3.450000e+00 2.200000e-01 1.906777e-01 -2.978955e-02 1.103458e+00 -5.175332e-08
3.500000e+00 2.200000e-01 1.906777e-01 -2.979032e-02 1.103458e+00 -7.276849e-09
3.550000e+00 2.200000e-01 1.906777e-01 -2.979084e-02 1.103458e+00 1.154551e-08
3.600000e+00 2.200000e-01 1.906777e-01 -2.979118e-02 1.103459e+00 1.735273e-08
3.650000e+00 2.200000e-01 1.906777e-01 -2.979142e-02 1.103459e+00 1.712412e-08
3.700000e+00 2.200000e-01 1.906777e-01 -2.979158e-02 1.103459e+00 1.455155e-08
3.750000e+00 2.200000e-01 1.906777e-01 -2.979169e-02 1.103459e+00 1.146399e-08
3.800000e+00 2.200000e-01 1.906777e-01 -2.979176e-02 1.103459e+00 8.669570e-09
3.850000e+00 2.200000e-01 1.906777e-01 -2.979181e-02 1.103459e+00 6.443676e-09
3.900000e+00 2.200000e-01 1.906777e-01 -2.979185e-02 1.103459e+00 4.804505e-09
3.950000e+00 2.200000e-01 1.906777e-01 -2.979187e-02 1.103459e+00 3.663011e-09
4.000000e+00 2.200000e-01 1.906777e-01 -2.979189e-02 1.103459e+00 2.900191e-09
4.050000e+00 2.200000e-01 1.906777e-01 -2.979191e-02 1.103459e+00 2.403451e-09
4.100000e+00 2.200000e-01 1.906777e-01 -2.979192e-02 1.103459e+00 2.080807e-09
4.150000e+00 2.200000e-01 1.906777e-01 -2.979192e-02 1.103459e+00 1.863799e-09
4.200000e+00 2.200000e-01 1.906777e-01 -2.979193e-02 1.103459e+00 1.705202e-09
4.250000e+00 2.200000e-01 1.906777e-01 -2.979193e-02 1.103459e+00 1.574840e-09
4.300000e+00 2.200000e-01 1.906777e-01 -2.979193e-02 1.103459e+00 1.455169e-09
4.350000e+00 2.200000e-01 1.906777e-01 -2.979194e-02 1.103459e+00 1.337380e-09
4.400000e+00 2.200000e-01 1.906777e-01 -2.979194e-02 1.103459e+00 1.218286e-09
4.450000e+00 2.200000e-01 1.906777e-01 -2.979194e-02 1.103459e+00 1.098001e-09
4.500000e+00 2.200000e-01 1.906777e-01 -2.979194e-02 1.103459e+00 9.783160e-10
4.550000e+00 2.200000e-01 1.906777e-01 -2.979194e-02 1.103459e+00 8.616236e-10
4.600000e+00 2.200000e-01 1.906777e-01 -2.979194e-02 1.103459e+00 7.502710e-10
4.650000e+00 2.200000e-01 1.906777e-01 -2.979194e-02 1.103459e+00 6.462039e-10
4.700000e+00 2.200000e-01 1.906777e-01 -2.979194e-02 1.103459e+00 5.508166e-10
4.750000e+00 2.200000e-01 1.906777e-01 -2.979194e-02 1.103459e+00 4.649311e-10
4.800000e+00 2.200000e-01 1.906777e-01 -2.979194e-02 1.103459e+00 3.888517e-10
4.850000e+00 2.200000e-01 1.906777e-01 -2.979194e-02 1.103459e+00 3.224546e-10
4.900000e+00 2.200000e-01 1.906777e-01 -2.979194e-02 1.103459e+00 2.652870e-10
4.950000e+00 2.200000e-01 1.906777e-01 -2.979194e-02 1.103459e+00 2.166756e-10
5.000000e+00 2.200000e-01 1.906777e-01 -2.979194e-02 1.103459e+00 1.758121e-10
5.050000e+00 2.200000e-01 1.906777e-01 -2.979194e-02 1.103459e+00 1.418227e-10
5.100000e+00 2.200000e-01 1.906777e-01 -2.979194e-02 1.103459e+00 1.138328e-10
5.150000e+00 2.200000e-01 1.906777e-01 -2.979194e-02 1.103459e+00 9.101109e-11
5.200000e+00 2.200000e-01 1.906777e-01 -2.979194e-02 1.103459e+00 7.259249e-11
5.250000e+00 2.200000e-01 1.906777e-01 -2.979194e-02 1.103459e+00 5.790340e-11
5.300000e+00 2.200000e-01 1.906777e-01 -2.979194e-02 1.103459e+00 4.637596e-11
5.350000e+00 2.200000e-01 1.906777e-01 -2.979194e-02 1.103459e+00 3.754969e-11
5.400000e+00 2.200000e-01 1.906777e-01 -2.979194e-02 1.103459e+00 3.108153e-11
5.450000e+00 2.200000e-01 1.906777e-01 -2.979194e-02 1.103459e+00 2.674805e-11
5.500000e+00 2.200000e-01 1.906777e-01 -2.979194e-02 1.103459e+00 2.444878e-11
5.550000e+00 2.200000e-01 1.906777e-01 -2.979194e-02 1.103459e+00 2.421757e-11
5.600000e+00 2.200000e-01 1.906777e-01 -2.979194e-02 1.103459e+00 2.624179e-11
5.650000e+00 2.200000e-01 1.906777e-01 -2.979194e-02 1.103459e+00 3.087752e-11
5.700000e+00 2.200000e-01 1.906777e-01 -2.979194e-02 1.103459e+00 3.868017e-11
5.750000e+00 2.200000e-01 1.906777e-01 -2.979194e-02 1.103459e+00 5.045964e-11
5.800000e+00 2.200000e-01 1.906777e-01 -2.979194e-02 1.103459e+00 6.734086e-11
5.850000e+00 2.200000e-01 1.906777e-01 -2.979194e-02 1.103459e+00 9.083984e-11
5.900000e+00 2.200000e-01 1.906777e-01 -2.979194e-02 1.103459e+00 1.229841e-10
5.950000e+00 2.200000e-01 1.906777e-01 -2.979194e-02 1.103459e+00 1.664657e-10
6.000000e+00 2.200000e-01 1.906777e-01 -2.979194e-02 1.103459e+00 2.248277e-10
6.050000e+00 2.200000e-01 1.906777e-01 -2.979194e-02 1.103459e+00 3.027317e-10
6.100000e+00 2.200000e-01 1.906777e-01 -2.979194e-02 1.103459e+00 4.062972e-10
6.150000e+00 2.200000e-01 1.906777e-01 -2.979194e-02 1.103459e+00 5.435352e-10
6.200000e+00 2.200000e-01 1.906777e-01 -2.979194e-02 1.103459e+00 7.249334e-10
6.250000e+00 2.200000e-01 1.906777e-01 -2.979194e-02 1.103459e+00 9.642090e-10
6.300000e+00 2.200000e-01 1.906777e-01 -2.979194e-02 1.103459e+00 1.279284e-09
6.350000e+00 2.200000e-01 1.906777e-01 -2.979194e-02 1.103459e+00 1.693571e-09
6.400000e+00 2.200000e-01 1.906777e-01 -2.979194e-02 1.103459e+00 2.237636e-09
6.450000e+00 2.200000e-01 1.906777e-01 -2.979194e-02 1.103459e+00 2.951366e-09
6.500000e+00 2.200000e-01 1.906777e-01 -2.979194e-02 1.103459e+00 3.886794e-09
6.550000e+00 2.200000e-01 1.906777e-01 -2.979194e-02 1.103459e+00 5.111778e-09
6.600000e+00 2.200000e-01 1.906777e-01 -2.979194e-02 1.103459e+00 6.714772e-09
6.650000e+00 2.200000e-01 1.906777e-01 -2.979194e-02 1.103459e+00 8.811060e-09
6.700000e+00 2.200000e-01 1.906777e-01 -2.979195e-02 1.103459e+00 1.155084e-08
6.750000e+00 2.200000e-01 1.906777e-01 -2.979195e-02 1.103459e+00 1.512973e-08
6.800000e+00 2.200000e-01 1.906777e-01 -2.979195e-02 1.103459e+00 1.980249e-08
6.850000e+00 2.200000e-01 1.906777e-01 -2.979195e-02 1.103459e+00 2.590076e-08
6.900000e+00 2.200000e-01 1.906777e-01 -2.979195e-02 1.103459e+00 3.385619e-08
6.950000e+00 2.200000e-01 1.906777e-01 -2.979195e-02 1.103459e+00 4.423051e-08
7.000000e+00 2.200000e-01 1.906777e-01 -2.979196e-02 1.103459e+00 5.775447e-08
7.050000e+00 2.200000e-01 1.906777e-01 -2.979196e-02 1.103459e+00 7.537864e-08
7.100000e+00 2.200000e-01 1.906777e-01 -2.979197e-02 1.103459e+00 9.833916e-08
7.150000e+00 2.200000e-01 1.906777e-01 -2.979198e-02 1.103459e+00 1.282433e-07
7.200000e+00 2.200000e-01 1.906777e-01 -2.979199e-02 1.103459e+00 1.671805e-07
7.250000e+00 2.200000e-01 1.906777e-01 -2.979200e-02 1.103459e+00 2.178662e-07
7.300000e+00 2.200000e-01 1.906777e-01 -2.979202e-02 1.103459e+00 2.838298e-07
7.350000e+00 2.200000e-01 1.906777e-01 -2.979204e-02 1.103459e+00 3.696549e-07
7.400000e+00 2.200000e-01 1.906777e-01 -2.979207e-02 1.103459e+00 4.813016e-07
7.450000e+00 2.200000e-01 1.906776e-01 -2.979211e-02 1.103459e+00 6.264897e-07
7.500000e+00 2.200000e-01 1.906776e-01 -2.979216e-02 1.103459e+00 8.153188e-07
7.550000e+00 2.200000e-01 1.906775e-01 -2.979224e-02 1.103459e+00 1.060641e-06
7.600000e+00 2.200000e-01 1.906775e-01 -2.979229e-02 1.103459e+00 1.380010e-06
7.650000e+00 2.200000e-01 1.906774e-01 -2.979251e-02 1.103459e+00 1.793395e-06
7.700000e+00 2.200000e-01 1.906773e-01 -2.979233e-02 1.103459e+00 2.335490e-06
7.750000e+00 2.200000e-01 1.906772e-01 -2.979353e-02 1.103459e+00 3.024832e-06
7.800000e+00 2.200000e-01 1.906770e-01 -2.979087e-02 1.103459e+00 3.962407e-06
7.850000e+00 2.200000e-01 1.906768e-01 -2.979928e-02 1.103459e+00 5.063912e-06
7.900000e+00 2.200000e-01 1.906765e-01 -2.977810e-02 1.103459e+00 6.799097e-06
7.950000e+00 2.200000e-01 1.906761e-01 -2.983414e-02 1.103460e+00 8.281705e-06
8.000000e+00 2.200000e-01 1.906757e-01 -2.969830e-02 1.103459e+00 1.206297e-05
8.050000e+00 2.200000e-01 1.906749e-01 -3.002100e-02 1.103462e+00 1.269278e-05
8.100000e+00 2.200000e-01 1.906744e-01 -2.929810e-02 1.103457e+00 2.288342e-05
8.150000e+00 2.200000e-01 1.906726e-01 -3.085279e-02 1.103468e+00 1.660615e-05
8.200000e+00 2.200000e-01 1.906727e-01 -2.768885e-02 1.103449e+00 4.679398e-05
8.250000e+00 2.200000e-01 1.906679e-01 -3.380720e-02 1.103488e+00 1.502916e-05
8.300000e+00 2.200000e-01 1.906712e-01 -2.265656e-02 1.103421e+00 9.656195e-05
8.350000e+00 2.200000e-01 1.906583e-01 -4.178989e-02 1.103538e+00 5.061081e-06
8.400000e+00 2.200000e-01 1.906707e-01 -1.110045e-02 1.103359e+00 1.776670e-04
8.450000e+00 2.200000e-01 1.906405e-01 -5.693311e-02 1.103625e+00 1.181590e-05
8.500000e+00 2.200000e-01 1.906695e-01 6.288022e-03 1.103276e+00 2.584262e-04
8.550000e+00 2.200000e-01 1.906147e-01 -7.379676e-02 1.103714e+00 1.118806e-04
8.600000e+00 2.200000e-01 1.906584e-01 1.867411e-02 1.103238e+00 2.922183e-04
8.650000e+00 2.200000e-01 1.905854e-01 -7.871290e-02 1.103737e+00 3.450577e-04
8.700000e+00 2.200000e-01 1.906239e-01 1.624051e-02 1.103284e+00 3.848099e-04
8.750000e+00 2.200000e-01 1.905470e-01 -7.470676e-02 1.103735e+00 5.605863e-04
8.800000e+00 2.200000e-01 1.905678e-01 1.995027e-02 1.103300e+00 8.046764e-04
8.850000e+00 2.200000e-01 1.904665e-01 -9.420419e-02 1.103865e+00 7.292980e-04
8.900000e+00 2.200000e-01 1.904949e-01 5.289050e-02 1.103229e+00 1.424548e-03
8.950000e+00 2.200000e-01 1.903240e-01 -1.268951e-01 1.104043e+00 1.428536e-03
9.000000e+00 2.200000e-01 1.903520e-01 6.670286e-02 1.103298e+00 1.955310e-03
9.050000e+00 2.200000e-01 1.901285e-01 -1.187743e-01 1.104148e+00 2.721163e-03
9.100000e+00 2.200000e-01 1.900799e-01 5.513937e-02 1.103444e+00 3.375217e-03
9.150000e+00 2.200000e-01 1.897910e-01 -1.348455e-01 1.104466e+00 4.054399e-03
9.200000e+00 2.200000e-01 1.896745e-01 1.030810e-01 1.103593e+00 5.981456e-03
9.250000e+00 2.200000e-01 1.891928e-01 -1.858850e-01 1.104867e+00 7.105857e-03
9.300000e+00 2.200000e-01 1.889639e-01 1.153655e-01 1.104048e+00 9.198982e-03
9.350000e+00 2.200000e-01 1.882729e-01 -1.711576e-01 1.105563e+00 1.218670e-02
9.400000e+00 2.200000e-01 1.877452e-01 1.183746e-01 1.104542e+00 1.591400e-02
9.450000e+00 2.200000e-01 1.866815e-01 -2.274174e-01 1.106620e+00 1.967036e-02
9.500000e+00 2.200000e-01 1.857782e-01 1.730347e-01 1.105742e+00 2.612324e-02
9.550000e+00 2.200000e-01 1.840692e-01 -2.453343e-01 1.108039e+00 3.373191e-02
9.600000e+00 2.200000e-01 1.824050e-01 1.579401e-01 1.106827e+00 4.335541e-02
9.650000e+00 2.200000e-01 1.797337e-01 -2.847203e-01 1.110050e+00 5.534425e-02
9.700000e+00 2.200000e-01 1.768705e-01 1.941176e-01 1.108227e+00 7.218536e-02
9.750000e+00 2.200000e-01 1.725151e-01 -3.224170e-01 1.110693e+00 9.313230e-02
9.800000e+00 2.200000e-01 1.675573e-01 1.527532e-01 1.105791e+00 1.204488e-01
9.850000e+00 2.200000e-01 1.604703e-01 -3.758782e-01 1.104822e+00 1.567548e-01
9.900000e+00 2.200000e-01 1.518818e-01 5.001669e-02 1.089701e+00 2.068751e-01
9.950000e+00 2.200000e-01 1.397827e-01 -4.783310e-01 1.072064e+00 2.806584e-01
1.000000e+01 2.200000e-01 1.238160e-01 -3.650465e-01 0.000000e+00 0.000000e+00
0.000000e+00 2.400000e-01 1.450560e-01 -3.120000e+00 0.000000e+00 0.000000e+00
5.000000e-02 2.400000e-01 1.450394e-01 -3.097590e+00 1.092584e+00 1.772869e-04
1.000000e-01 2.400000e-01 1.450383e-01 -3.114182e+00 1.092831e+00 -1.964918e-04
1.500000e-01 2.400000e-01 1.450590e-01 -3.190793e+00 1.093260e+00 -6.616508e-04
2.000000e-01 2.400000e-01 1.451044e-01 -3.141172e+00 1.092714e+00 -8.250444e-04
2.500000e-01 2.400000e-01 1.451416e-01 -2.994773e+00 1.092387e+00 -3.900216e-04
3.000000e-01 2.400000e-01 1.451434e-01 -3.054456e+00 1.093533e+00 -1.504471e-04
3.500000e-01 2.400000e-01 1.451566e-01 -3.287741e+00 1.094209e+00 -1.004751e-03
4.000000e-01 2.400000e-01 1.452439e-01 -3.258483e+00 1.092575e+00 -2.202377e-03
4.500000e-01 2.400000e-01 1.453768e-01 -2.923170e+00 1.091359e+00 -2.320546e-03
5.000000e-01 2.400000e-01 1.454760e-01 -2.842791e+00 1.093811e+00 -1.724528e-03
5.500000e-01 2.400000e-01 1.455493e-01 -3.247017e+00 1.096840e+00 -2.301902e-03
6.000000e-01 2.400000e-01 1.457062e-01 -3.517692e+00 1.094684e+00 -4.715665e-03
6.500000e-01 2.400000e-01 1.460209e-01 -3.120722e+00 1.089417e+00 -7.281785e-03
7.000000e-01 2.400000e-01 1.464343e-01 -2.569636e+00 1.089743e+00 -8.098228e-03
7.500000e-01 2.400000e-01 1.468307e-01 -2.737030e+00 1.096786e+00 -7.655154e-03
8.000000e-01 2.400000e-01 1.471999e-01 -3.480628e+00 1.099616e+00 -8.598848e-03
8.500000e-01 2.400000e-01 1.476906e-01 -3.719724e+00 1.090872e+00 -1.252264e-02
9.000000e-01 2.400000e-01 1.484521e-01 -2.986862e+00 1.080102e+00 -1.737670e-02
9.500000e-01 2.400000e-01 1.494282e-01 -2.176651e+00 1.081910e+00 -1.929814e-02
1.000000e+00 2.400000e-01 1.503819e-01 -2.364445e+00 1.094278e+00 -1.751137e-02
1.050000e+00 2.400000e-01 1.511794e-01 -3.355839e+00 1.098973e+00 -1.624046e-02
1.100000e+00 2.400000e-01 1.520060e-01 -3.907127e+00 1.085523e+00 -2.018134e-02
1.150000e+00 2.400000e-01 1.531975e-01 -3.297386e+00 1.066419e+00 -2.832454e-02
1.200000e+00 2.400000e-01 1.548384e-01 -2.159477e+00 1.062331e+00 -3.412720e-02
1.250000e+00 2.400000e-01 1.566102e-01 -1.682409e+00 1.076958e+00 -3.274252e-02
1.300000e+00 2.400000e-01 1.581127e-01 -2.300836e+00 1.092396e+00 -2.719584e-02
1.350000e+00 2.400000e-01 1.593298e-01 -3.317750e+00 1.089580e+00 -2.588593e-02
1.400000e+00 2.400000e-01 1.607013e-01 -3.742850e+00 1.068831e+00 -3.375148e-02
1.450000e+00 2.400000e-01 1.627050e-01 -3.239829e+00 1.047885e+00 -4.691938e-02
1.500000e+00 2.400000e-01 1.653932e-01 -2.264339e+00 1.043455e+00 -5.632531e-02
1.550000e+00 2.400000e-01 1.683375e-01 -1.547740e+00 1.056741e+00 -5.625559e-02
1.600000e+00 2.400000e-01 1.710188e-01 -1.490132e+00 1.074729e+00 -4.938690e-02
1.650000e+00 2.400000e-01 1.732762e-01 -1.942077e+00 1.083064e+00 -4.392775e-02
1.700000e+00 2.400000e-01 1.754115e-01 -2.467656e+00 1.076800e+00 -4.655219e-02
1.750000e+00 2.400000e-01 1.779314e-01 -2.719231e+00 1.060986e+00 -5.789128e-02
1.800000e+00 2.400000e-01 1.812007e-01 -2.593961e+00 1.044521e+00 -7.318466e-02
1.850000e+00 2.400000e-01 1.852499e-01 -2.180982e+00 1.034220e+00 -8.596910e-02
1.900000e+00 2.400000e-01 1.897976e-01 -1.643412e+00 1.032449e+00 -9.161737e-02
1.950000e+00 2.400000e-01 1.944116e-01 -1.125002e+00 1.037894e+00 -8.888897e-02
2.000000e+00 2.400000e-01 1.986865e-01 -7.077414e-01 1.047598e+00 -7.941765e-02
2.050000e+00 2.400000e-01 2.023534e-01 -4.133098e-01 1.058693e+00 -6.617458e-02
2.100000e+00 2.400000e-01 2.053039e-01 -2.261325e-01 1.069221e+00 -5.203857e-02
2.150000e+00 2.400000e-01 2.075572e-01 -1.171322e-01 1.078196e+00 -3.902887e-02
2.200000e+00 2.400000e-01 2.092068e-01 -5.846672e-02 1.085337e+00 -2.817273e-02
2.250000e+00 2.400000e-01 2.103745e-01 -2.924562e-02 1.090758e+00 -1.972601e-02
2.300000e+00 2.400000e-01 2.111794e-01 -1.589678e-02 1.094736e+00 -1.348573e-02
2.350000e+00 2.400000e-01 2.117231e-01 -1.046868e-02 1.097584e+00 -9.051060e-03
2.400000e+00 2.400000e-01 2.120845e-01 -8.680515e-03 1.099585e+00 -5.989840e-03
2.450000e+00 2.400000e-01 2.123221e-01 -8.399265e-03 1.100969e+00 -3.921866e-03
2.500000e+00 2.400000e-01 2.124767e-01 -8.643520e-03 1.101917e+00 -2.546921e-03
2.550000e+00 2.400000e-01 2.125767e-01 -9.003006e-03 1.102559e+00 -1.643365e-03
2.600000e+00 2.400000e-01 2.126411e-01 -9.329498e-03 1.102992e+00 -1.054689e-03
2.650000e+00 2.400000e-01 2.126822e-01 -9.584707e-03 1.103281e+00 -6.736701e-04
2.700000e+00 2.400000e-01 2.127084e-01 -9.770931e-03 1.103474e+00 -4.283498e-04
2.750000e+00 2.400000e-01 2.127250e-01 -9.901998e-03 1.103601e+00 -2.711140e-04
2.800000e+00 2.400000e-01 2.127355e-01 -9.992403e-03 1.103686e+00 -1.707608e-04
2.850000e+00 2.400000e-01 2.127421e-01 -1.005404e-02 1.103742e+00 -1.069830e-04
2.900000e+00 2.400000e-01 2.127462e-01 -1.009576e-02 1.103778e+00 -6.663094e-05
2.950000e+00 2.400000e-01 2.127488e-01 -1.012389e-02 1.103802e+00 -4.122443e-05
3.000000e+00 2.400000e-01 2.127504e-01 -1.014279e-02 1.103818e+00 -2.531447e-05
3.050000e+00 2.400000e-01 2.127513e-01 -1.015547e-02 1.103828e+00 -1.541207e-05
3.100000e+00 2.400000e-01 2.127519e-01 -1.016397e-02 1.103835e+00 -9.291399e-06
3.150000e+00 2.400000e-01 2.127522e-01 -1.016965e-02 1.103839e+00 -5.538136e-06
3.200000e+00 2.400000e-01 2.127525e-01 -1.017346e-02 1.103842e+00 -3.257552e-06
3.250000e+00 2.400000e-01 2.127526e-01 -1.017600e-02 1.103844e+00 -1.886454e-06
3.300000e+00 2.400000e-01 2.127526e-01 -1.017769e-02 1.103845e+00 -1.072340e-06
3.350000e+00 2.400000e-01 2.127527e-01 -1.017883e-02 1.103846e+00 -5.960200e-07
3.400000e+00 2.400000e-01 2.127527e-01 -1.017959e-02 1.103847e+00 -3.222201e-07
3.450000e+00 2.400000e-01 2.127527e-01 -1.018010e-02 1.103847e+00 -1.681887e-07
3.500000e+00 2.400000e-01 2.127527e-01 -1.018044e-02 1.103847e+00 -8.382533e-08
3.550000e+00 2.400000e-01 2.127527e-01 -1.018066e-02 1.103847e+00 -3.917132e-08
3.600000e+00 2.400000e-01 2.127527e-01 -1.018082e-02 1.103847e+00 -1.657858e-08
3.650000e+00 2.400000e-01 2.127527e-01 -1.018092e-02 1.103848e+00 -5.841898e-09
3.700000e+00 2.400000e-01 2.127527e-01 -1.018099e-02 1.103848e+00 -1.196658e-09
3.750000e+00 2.400000e-01 2.127527e-01 -1.018104e-02 1.103848e+00 5.151285e-10
3.800000e+00 2.400000e-01 2.127527e-01 -1.018108e-02 1.103848e+00 9.525436e-10
3.850000e+00 2.400000e-01 2.127527e-01 -1.018110e-02 1.103848e+00 9.355192e-10
3.900000e+00 2.400000e-01 2.127527e-01 -1.018111e-02 1.103848e+00 8.309883e-10
3.950000e+00 2.400000e-01 2.127527e-01 -1.018113e-02 1.103848e+00 7.738654e-10
4.000000e+00 2.400000e-01 2.127527e-01 -1.018113e-02 1.103848e+00 7.897560e-10
4.050000e+00 2.400000e-01 2.127527e-01 -1.018114e-02 1.103848e+00 8.602608e-10
4.100000e+00 2.400000e-01 2.127527e-01 -1.018114e-02 1.103848e+00 9.555490e-10
4.150000e+00 2.400000e-01 2.127527e-01 -1.018115e-02 1.103848e+00 1.048879e-09
4.200000e+00 2.400000e-01 2.127527e-01 -1.018115e-02 1.103848e+00 1.121634e-09
4.250000e+00 2.400000e-01 2.127527e-01 -1.018115e-02 1.103848e+00 1.163732e-09
4.300000e+00 2.400000e-01 2.127527e-01 -1.018115e-02 1.103848e+00 1.172104e-09
4.350000e+00 2.400000e-01 2.127527e-01 -1.018115e-02 1.103848e+00 1.148623e-09
4.400000e+00 2.400000e-01 2.127527e-01 -1.018115e-02 1.103848e+00 1.098150e-09
4.450000e+00 2.400000e-01 2.127527e-01 -1.018116e-02 1.103848e+00 1.026964e-09
4.500000e+00 2.400000e-01 2.127527e-01 -1.018116e-02 1.103848e+00 9.416187e-10
4.550000e+00 2.400000e-01 2.127527e-01 -1.018116e-02 1.103848e+00 8.482184e-10
4.600000e+00 2.400000e-01 2.127527e-01 -1.018116e-02 1.103848e+00 7.519951e-10
4.650000e+00 2.400000e-01 2.127527e-01 -1.018116e-02 1.103848e+00 6.571310e-10
4.700000e+00 2.400000e-01 2.127527e-01 -1.018116e-02 1.103848e+00 5.667417e-10
4.750000e+00 2.400000e-01 2.127527e-01 -1.018116e-02 1.103848e+00 4.829562e-10
4.800000e+00 2.400000e-01 2.127527e-01 -1.018116e-02 1.103848e+00 4.070580e-10
4.850000e+00 2.400000e-01 2.127527e-01 -1.018116e-02 1.103848e+00 3.396472e-10
4.900000e+00 2.400000e-01 2.127527e-01 -1.018116e-02 1.103848e+00 2.807887e-10
4.950000e+00 2.400000e-01 2.127527e-01 -1.018116e-02 1.103848e+00 2.301676e-10
5.000000e+00 2.400000e-01 2.127527e-01 -1.018116e-02 1.103848e+00 1.872225e-10
5.050000e+00 2.400000e-01 2.127527e-01 -1.018116e-02 1.103848e+00 1.512332e-10
5.100000e+00 2.400000e-01 2.127527e-01 -1.018116e-02 1.103848e+00 1.214120e-10
5.150000e+00 2.400000e-01 2.127527e-01 -1.018116e-02 1.103848e+00 9.697215e-11
5.200000e+00 2.400000e-01 2.127527e-01 -1.018116e-02 1.103848e+00 7.716161e-11
5.250000e+00 2.400000e-01 2.127527e-01 -1.018116e-02 1.103848e+00 6.129736e-11
5.300000e+00 2.400000e-01 2.127527e-01 -1.018116e-02 1.103848e+00 4.879042e-11
5.350000e+00 2.400000e-01 2.127527e-01 -1.018116e-02 1.103848e+00 3.915313e-11
5.400000e+00 2.400000e-01 2.127527e-01 -1.018116e-02 1.103848e+00 3.201106e-11
5.450000e+00 2.400000e-01 2.127527e-01 -1.018116e-02 1.103848e+00 2.710943e-11
5.500000e+00 2.400000e-01 2.127527e-01 -1.018116e-02 1.103848e+00 2.431777e-11
5.550000e+00 2.400000e-01 2.127527e-01 -1.018116e-02 1.103848e+00 2.364248e-11
5.600000e+00 2.400000e-01 2.127527e-01 -1.018116e-02 1.103848e+00 2.524175e-11
5.650000e+00 2.400000e-01 2.127527e-01 -1.018116e-02 1.103848e+00 2.944478e-11
5.700000e+00 2.400000e-01 2.127527e-01 -1.018116e-02 1.103848e+00 3.678280e-11
5.750000e+00 2.400000e-01 2.127527e-01 -1.018116e-02 1.103848e+00 4.803852e-11
5.800000e+00 2.400000e-01 2.127527e-01 -1.018116e-02 1.103848e+00 6.430578e-11
5.850000e+00 2.400000e-01 2.127527e-01 -1.018116e-02 1.103848e+00 8.706591e-11
5.900000e+00 2.400000e-01 2.127527e-01 -1.018116e-02 1.103848e+00 1.183106e-10
5.950000e+00 2.400000e-01 2.127527e-01 -1.018116e-02 1.103848e+00 1.606804e-10
6.000000e+00 2.400000e-01 2.127527e-01 -1.018116e-02 1.103848e+00 2.176564e-10
6.050000e+00 2.400000e-01 2.127527e-01 -1.018116e-02 1.103848e+00 2.938247e-10
6.100000e+00 2.400000e-01 2.127527e-01 -1.018116e-02 1.103848e+00 3.952022e-10
6.150000e+00 2.400000e-01 2.127527e-01 -1.018116e-02 1.103848e+00 5.296744e-10
6.200000e+00 2.400000e-01 2.127527e-01 -1.018116e-02 1.103848e+00 7.075612e-10
6.250000e+00 2.400000e-01 2.127527e-01 -1.018116e-02 1.103848e+00 9.423640e-10
6.300000e+00 2.400000e-01 2.127527e-01 -1.018116e-02 1.103848e+00 1.251727e-09
6.350000e+00 2.400000e-01 2.127527e-01 -1.018116e-02 1.103848e+00 1.658698e-09
6.400000e+00 2.400000e-01 2.127527e-01 -1.018116e-02 1.103848e+00 2.193370e-09
6.450000e+00 2.400000e-01 2.127527e-01 -1.018116e-02 1.103848e+00 2.895011e-09
6.500000e+00 2.400000e-01 2.127527e-01 -1.018116e-02 1.103848e+00 3.814857e-09
6.550000e+00 2.400000e-01 2.127527e-01 -1.018116e-02 1.103848e+00 5.019713e-09
6.600000e+00 2.400000e-01 2.127527e-01 -1.018116e-02 1.103848e+00 6.596672e-09
6.650000e+00 2.400000e-01 2.127527e-01 -1.018116e-02 1.103848e+00 8.659238e-09
6.700000e+00 2.400000e-01 2.127527e-01 -1.018116e-02 1.103848e+00 1.135528e-08
6.750000e+00 2.400000e-01 2.127527e-01 -1.018116e-02 1.103848e+00 1.487740e-08
6.800000e+00 2.400000e-01 2.127527e-01 -1.018116e-02 1.103848e+00 1.947638e-08
6.850000e+00 2.400000e-01 2.127527e-01 -1.018116e-02 1.103848e+00 2.547870e-08
6.900000e+00 2.400000e-01 2.127527e-01 -1.018116e-02 1.103848e+00 3.330928e-08
6.950000e+00 2.400000e-01 2.127527e-01 -1.018116e-02 1.103848e+00 4.352100e-08
7.000000e+00 2.400000e-01 2.127527e-01 -1.018116e-02 1.103848e+00 5.683315e-08
7.050000e+00 2.400000e-01 2.127527e-01 -1.018116e-02 1.103848e+00 7.418124e-08
7.100000e+00 2.400000e-01 2.127527e-01 -1.018117e-02 1.103848e+00 9.678182e-08
7.150000e+00 2.400000e-01 2.127527e-01 -1.018117e-02 1.103848e+00 1.262165e-07
7.200000e+00 2.400000e-01 2.127527e-01 -1.018117e-02 1.103848e+00 1.645413e-07
7.250000e+00 2.400000e-01 2.127527e-01 -1.018118e-02 1.103848e+00 2.144280e-07
7.300000e+00 2.400000e-01 2.127527e-01 -1.018118e-02 1.103848e+00 2.793487e-07
7.350000e+00 2.400000e-01 2.127527e-01 -1.018119e-02 1.103848e+00 3.638131e-07
7.400000e+00 2.400000e-01 2.127526e-01 -1.018120e-02 1.103848e+00 4.736825e-07
7.450000e+00 2.400000e-01 2.127526e-01 -1.018122e-02 1.103848e+00 6.165555e-07
7.500000e+00 2.400000e-01 2.127526e-01 -1.018124e-02 1.103848e+00 8.023460e-07
7.550000e+00 2.400000e-01 2.127525e-01 -1.018127e-02 1.103848e+00 1.043758e-06
7.600000e+00 2.400000e-01 2.127525e-01 -1.018128e-02 1.103848e+00 1.357843e-06
7.650000e+00 2.400000e-01 2.127524e-01 -1.018139e-02 1.103848e+00 1.764893e-06
7.700000e+00 2.400000e-01 2.127523e-01 -1.018124e-02 1.103848e+00 2.297027e-06
7.750000e+00 2.400000e-01 2.127522e-01 -1.018192e-02 1.103848e+00 2.978285e-06
7.800000e+00 2.400000e-01 2.127520e-01 -1.018025e-02 1.103848e+00 3.891589e-06
7.850000e+00 2.400000e-01 2.127518e-01 -1.018533e-02 1.103849e+00 4.998229e-06
7.900000e+00 2.400000e-01 2.127515e-01 -1.017206e-02 1.103849e+00 6.645453e-06
7.950000e+00 2.400000e-01 2.127511e-01 -1.020721e-02 1.103850e+00 8.246385e-06
8.000000e+00 2.400000e-01 2.127507e-01 -1.012032e-02 1.103849e+00 1.163385e-05
8.050000e+00 2.400000e-01 2.127499e-01 -1.032881e-02 1.103852e+00 1.297846e-05
8.100000e+00 2.400000e-01 2.127494e-01 -9.854361e-03 1.103849e+00 2.148563e-05
8.150000e+00 2.400000e-01 2.127478e-01 -1.088788e-02 1.103859e+00 1.828691e-05
8.200000e+00 2.400000e-01 2.127475e-01 -8.752694e-03 1.103841e+00 4.246176e-05
8.250000e+00 2.400000e-01 2.127435e-01 -1.294027e-02 1.103881e+00 2.074395e-05
8.300000e+00 2.400000e-01 2.127455e-01 -5.191156e-03 1.103815e+00 8.563281e-05
8.350000e+00 2.400000e-01 2.127350e-01 -1.868803e-02 1.103936e+00 1.814739e-05
8.400000e+00 2.400000e-01 2.127437e-01 3.302688e-03 1.103753e+00 1.578680e-04
8.450000e+00 2.400000e-01 2.127192e-01 -3.005076e-02 1.104037e+00 3.012885e-05
8.500000e+00 2.400000e-01 2.127406e-01 1.668714e-02 1.103662e+00 2.370624e-04
8.550000e+00 2.400000e-01 2.126955e-01 -4.340665e-02 1.104152e+00 1.209991e-04
8.600000e+00 2.400000e-01 2.127285e-01 2.693758e-02 1.103616e+00 2.845395e-04
8.650000e+00 2.400000e-01 2.126670e-01 -4.785899e-02 1.104204e+00 3.344293e-04
8.700000e+00 2.400000e-01 2.126951e-01 2.523725e-02 1.103674e+00 3.828360e-04
8.750000e+00 2.400000e-01 2.126288e-01 -4.405565e-02 1.104224e+00 5.549185e-04
8.800000e+00 2.400000e-01 2.126396e-01 2.693791e-02 1.103720e+00 7.713483e-04
8.850000e+00 2.400000e-01 2.125516e-01 -5.844808e-02 1.104412e+00 7.446778e-04
8.900000e+00 2.400000e-01 2.125651e-01 5.352297e-02 1.103656e+00 1.375073e-03
8.950000e+00 2.400000e-01 2.124141e-01 -8.621195e-02 1.104712e+00 1.409824e-03
9.000000e+00 2.400000e-01 2.124242e-01 6.618896e-02 1.103775e+00 1.924544e-03
9.050000e+00 2.400000e-01 2.122217e-01 -7.842126e-02 1.104915e+00 2.674418e-03
9.100000e+00 2.400000e-01 2.121567e-01 5.308559e-02 1.104097e+00 3.289641e-03
9.150000e+00 2.400000e-01 2.118927e-01 -8.794436e-02 1.105426e+00 4.012383e-03
9.200000e+00 2.400000e-01 2.117555e-01 9.392970e-02 1.104391e+00 5.856818e-03
9.250000e+00 2.400000e-01 2.113070e-01 -1.341267e-01 1.106247e+00 6.977500e-03
9.300000e+00 2.400000e-01 2.110577e-01 1.051766e-01 1.105210e+00 9.013020e-03
9.350000e+00 2.400000e-01 2.104057e-01 -1.131666e-01 1.107387e+00 1.202131e-02
9.400000e+00 2.400000e-01 2.098556e-01 9.953422e-02 1.106387e+00 1.560075e-02
9.450000e+00 2.400000e-01 2.088456e-01 -1.598833e-01 1.109406e+00 1.933127e-02
9.500000e+00 2.400000e-01 2.079225e-01 1.541205e-01 1.108560e+00 2.569582e-02
9.550000e+00 2.400000e-01 2.062761e-01 -1.679812e-01 1.112219e+00 3.332228e-02
9.600000e+00 2.400000e-01 2.045902e-01 1.272652e-01 1.111576e+00 4.269952e-02
9.650000e+00 2.400000e-01 2.020061e-01 -1.876061e-01 1.116676e+00 5.474834e-02
9.700000e+00 2.400000e-01 1.991154e-01 1.684386e-01 1.116094e+00 7.164342e-02
9.750000e+00 2.400000e-01 1.948418e-01 -2.024128e-01 1.121397e+00 9.302737e-02
9.800000e+00 2.400000e-01 1.898127e-01 1.254238e-01 1.119600e+00 1.208050e-01
9.850000e+00 2.400000e-01 1.827613e-01 -2.133983e-01 1.123704e+00 1.586652e-01
9.900000e+00 2.400000e-01 1.739461e-01 7.022874e-02 1.116511e+00 2.113308e-01
9.950000e+00 2.400000e-01 1.616282e-01 -2.305144e-01 1.111567e+00 2.889015e-01
1.000000e+01 2.400000e-01 1.450560e-01 -1.636551e-01 0.000000e+00 0.000000e+00
0.000000e+00 2.600000e-01 1.675440e-01 -2.880000e+00 0.000000e+00 0.000000e+00
5.000000e-02 2.600000e-01 1.675094e-01 -2.870018e+00 1.151902e+00 2.556281e-04
1.000000e-01 2.600000e-01 1.675184e-01 -2.782885e+00 1.151780e+00 -5.139000e-04
1.500000e-01 2.600000e-01 1.675607e-01 -2.900554e+00 1.154565e+00 -6.392492e-04
2.000000e-01 2.600000e-01 1.675824e-01 -3.086747e+00 1.154716e+00 -2.881895e-04
2.500000e-01 2.600000e-01 1.675896e-01 -2.876861e+00 1.150321e+00 -4.976313e-04
3.000000e-01 2.600000e-01 1.676321e-01 -2.546738e+00 1.149826e+00 -1.071946e-03
3.500000e-01 2.600000e-01 1.676968e-01 -2.794510e+00 1.156108e+00 -1.010579e-03
4.000000e-01 2.600000e-01 1.677332e-01 -3.314801e+00 1.157834e+00 -8.500870e-04
4.500000e-01 2.600000e-01 1.677818e-01 -3.117418e+00 1.149697e+00 -1.996486e-03
5.000000e-01 2.600000e-01 1.679328e-01 -2.370739e+00 1.145477e+00 -3.638538e-03
5.500000e-01 2.600000e-01 1.681456e-01 -2.343433e+00 1.154884e+00 -3.524677e-03
6.000000e-01 2.600000e-01 1.682853e-01 -3.253473e+00 1.163180e+00 -2.555523e-03
6.500000e-01 2.600000e-01 1.684012e-01 -3.661016e+00 1.153824e+00 -4.525876e-03
7.000000e-01 2.600000e-01 1.687379e-01 -2.749118e+00 1.139247e+00 -9.403321e-03
7.500000e-01 2.600000e-01 1.693415e-01 -1.794805e+00 1.143458e+00 -1.163871e-02
8.000000e-01 2.600000e-01 1.699018e-01 -2.306096e+00 1.161728e+00 -8.730748e-03
8.500000e-01 2.600000e-01 1.702146e-01 -3.649683e+00 1.164152e+00 -6.945579e-03
9.000000e-01 2.600000e-01 1.705963e-01 -3.856584e+00 1.141955e+00 -1.278410e-02
9.500000e-01 2.600000e-01 1.714930e-01 -2.514567e+00 1.123756e+00 -2.189920e-02
1.000000e+00 2.600000e-01 1.727862e-01 -1.360688e+00 1.134383e+00 -2.371621e-02
1.050000e+00 2.600000e-01 1.738646e-01 -1.911300e+00 1.158204e+00 -1.676771e-02
1.100000e+00 2.600000e-01 1.744630e-01 -3.452439e+00 1.159658e+00 -1.240933e-02
1.150000e+00 2.600000e-01 1.751055e-01 -4.050021e+00 1.132097e+00 -2.008341e-02
1.200000e+00 2.600000e-01 1.764713e-01 -3.017490e+00 1.105963e+00 -3.411364e-02
1.250000e+00 2.600000e-01 1.785169e-01 -1.547367e+00 1.109218e+00 -4.014353e-02
1.300000e+00 2.600000e-01 1.804857e-01 -1.195503e+00 1.134393e+00 -3.288021e-02
1.350000e+00 2.600000e-01 1.818049e-01 -2.185775e+00 1.149776e+00 -2.284660e-02
1.400000e+00 2.600000e-01 1.827704e-01 -3.380100e+00 1.136870e+00 -2.414778e-02
1.450000e+00 2.600000e-01 1.842197e-01 -3.658821e+00 1.107547e+00 -3.886985e-02
1.500000e+00 2.600000e-01 1.866573e-01 -2.900537e+00 1.087207e+00 -5.569693e-02
1.550000e+00 2.600000e-01 1.897894e-01 -1.828723e+00 1.089356e+00 -6.201085e-02
1.600000e+00 2.600000e-01 1.928584e-01 -1.244983e+00 1.106460e+00 -5.570307e-02
1.650000e+00 2.600000e-01 1.953597e-01 -1.391400e+00 1.120810e+00 -4.569157e-02
1.700000e+00 2.600000e-01 1.974276e-01 -1.932832e+00 1.120754e+00 -4.277082e-02
1.750000e+00 2.600000e-01 1.996368e-01 -2.389401e+00 1.106992e+00 -5.107143e-02
1.800000e+00 2.600000e-01 2.025347e-01 -2.489600e+00 1.087846e+00 -6.672662e-02
1.850000e+00 2.600000e-01 2.063094e-01 -2.228718e+00 1.071759e+00 -8.212504e-02
1.900000e+00 2.600000e-01 2.107472e-01 -1.755079e+00 1.063073e+00 -9.092535e-02
1.950000e+00 2.600000e-01 2.154020e-01 -1.239080e+00 1.061858e+00 -9.066787e-02
2.000000e+00 2.600000e-01 2.198140e-01 -7.963096e-01 1.065817e+00 -8.255529e-02
2.050000e+00 2.600000e-01 2.236575e-01 -4.717654e-01 1.072251e+00 -6.969499e-02
2.100000e+00 2.600000e-01 2.267835e-01 -2.603862e-01 1.079128e+00 -5.532083e-02
2.150000e+00 2.600000e-01 2.291896e-01 -1.351219e-01 1.085315e+00 -4.178609e-02
2.200000e+00 2.600000e-01 2.309621e-01 -6.654837e-02 1.090375e+00 -3.034108e-02
2.250000e+00 2.600000e-01 2.322237e-01 -3.155322e-02 1.094276e+00 -2.135737e-02
2.300000e+00 2.600000e-01 2.330979e-01 -1.484235e-02 1.097170e+00 -1.467554e-02
2.350000e+00 2.600000e-01 2.336913e-01 -7.395277e-03 1.099261e+00 -9.899393e-03
2.400000e+00 2.600000e-01 2.340878e-01 -4.338955e-03 1.100741e+00 -6.584454e-03
2.450000e+00 2.600000e-01 2.343497e-01 -3.227509e-03 1.101775e+00 -4.333155e-03
2.500000e+00 2.600000e-01 2.345211e-01 -2.912730e-03 1.102488e+00 -2.828441e-03
2.550000e+00 2.600000e-01 2.346325e-01 -2.890297e-03 1.102976e+00 -1.834447e-03
2.600000e+00 2.600000e-01 2.347046e-01 -2.954674e-03 1.103307e+00 -1.183506e-03
2.650000e+00 2.600000e-01 2.347509e-01 -3.030172e-03 1.103530e+00 -7.600300e-04
2.700000e+00 2.600000e-01 2.347806e-01 -3.093614e-03 1.103680e+00 -4.859811e-04
2.750000e+00 2.600000e-01 2.347995e-01 -3.141143e-03 1.103780e+00 -3.094267e-04
2.800000e+00 2.600000e-01 2.348115e-01 -3.174936e-03 1.103847e+00 -1.961485e-04
2.850000e+00 2.600000e-01 2.348191e-01 -3.198337e-03 1.103891e+00 -1.237594e-04
2.900000e+00 2.600000e-01 2.348239e-01 -3.214315e-03 1.103921e+00 -7.769033e-05
2.950000e+00 2.600000e-01 2.348269e-01 -3.225141e-03 1.103940e+00 -4.849984e-05
3.000000e+00 2.600000e-01 2.348287e-01 -3.232442e-03 1.103953e+00 -3.009197e-05
3.050000e+00 2.600000e-01 2.348299e-01 -3.237353e-03 1.103962e+00 -1.854455e-05
3.100000e+00 2.600000e-01 2.348306e-01 -3.240651e-03 1.103967e+00 -1.134284e-05
3.150000e+00 2.600000e-01 2.348310e-01 -3.242863e-03 1.103971e+00 -6.880556e-06
3.200000e+00 2.600000e-01 2.348313e-01 -3.244344e-03 1.103973e+00 -4.135746e-06
3.250000e+00 2.600000e-01 2.348314e-01 -3.245337e-03 1.103975e+00 -2.461156e-06
3.300000e+00 2.600000e-01 2.348315e-01 -3.246002e-03 1.103976e+00 -1.448871e-06
3.350000e+00 2.600000e-01 2.348316e-01 -3.246447e-03 1.103976e+00 -8.432534e-07
3.400000e+00 2.600000e-01 2.348316e-01 -3.246745e-03 1.103977e+00 -4.851128e-07
3.450000e+00 2.600000e-01 2.348316e-01 -3.246945e-03 1.103977e+00 -2.760386e-07
3.500000e+00 2.600000e-01 2.348316e-01 -3.247079e-03 1.103977e+00 -1.556999e-07
3.550000e+00 2.600000e-01 2.348316e-01 -3.247170e-03 1.103978e+00 -8.746815e-08
3.600000e+00 2.600000e-01 2.348316e-01 -3.247231e-03 1.103978e+00 -4.935641e-08
3.650000e+00 2.600000e-01 2.348316e-01 -3.247272e-03 1.103978e+00 -2.834194e-08
3.700000e+00 2.600000e-01 2.348316e-01 -3.247301e-03 1.103978e+00 -1.683370e-08
3.750000e+00 2.600000e-01 2.348317e-01 -3.247320e-03 1.103978e+00 -1.049113e-08
3.800000e+00 2.600000e-01 2.348317e-01 -3.247333e-03 1.103978e+00 -6.889882e-09
3.850000e+00 2.600000e-01 2.348317e-01 -3.247342e-03 1.103978e+00 -4.714552e-09
3.900000e+00 2.600000e-01 2.348317e-01 -3.247349e-03 1.103978e+00 -3.276784e-09
3.950000e+00 2.600000e-01 2.348317e-01 -3.247354e-03 1.103978e+00 -2.232345e-09
4.000000e+00 2.600000e-01 2.348317e-01 -3.247357e-03 1.103978e+00 -1.418425e-09
4.050000e+00 2.600000e-01 2.348317e-01 -3.247359e-03 1.103978e+00 -7.626300e-10
4.100000e+00 2.600000e-01 2.348317e-01 -3.247361e-03 1.103978e+00 -2.339193e-10
4.150000e+00 2.600000e-01 2.348317e-01 -3.247362e-03 1.103978e+00 1.824652e-10
4.200000e+00 2.600000e-01 2.348317e-01 -3.247363e-03 1.103978e+00 4.967615e-10
4.250000e+00 2.600000e-01 2.348317e-01 -3.247364e-03 1.103978e+00 7.193948e-10
4.300000e+00 2.600000e-01 2.348317e-01 -3.247364e-03 1.103978e+00 8.621950e-10
4.350000e+00 2.600000e-01 2.348317e-01 -3.247365e-03 1.103978e+00 9.380902e-10
4.400000e+00 2.600000e-01 2.348317e-01 -3.247365e-03 1.103978e+00 9.602916e-10
4.450000e+00 2.600000e-01 2.348317e-01 -3.247365e-03 1.103978e+00 9.414725e-10
4.500000e+00 2.600000e-01 2.348317e-01 -3.247365e-03 1.103978e+00 8.931303e-10
4.550000e+00 2.600000e-01 2.348317e-01 -3.247365e-03 1.103978e+00 8.252057e-10
4.600000e+00 2.600000e-01 2.348317e-01 -3.247365e-03 1.103978e+00 7.459136e-10
4.650000e+00 2.600000e-01 2.348317e-01 -3.247365e-03 1.103978e+00 6.617432e-10
4.700000e+00 2.600000e-01 2.348317e-01 -3.247365e-03 1.103978e+00 5.775844e-10
4.750000e+00 2.600000e-01 2.348317e-01 -3.247366e-03 1.103978e+00 4.969170e-10
4.800000e+00 2.600000e-01 2.348317e-01 -3.247366e-03 1.103978e+00 4.220385e-10
4.850000e+00 2.600000e-01 2.348317e-01 -3.247366e-03 1.103978e+00 3.542966e-10
4.900000e+00 2.600000e-01 2.348317e-01 -3.247366e-03 1.103978e+00 2.943010e-10
4.950000e+00 2.600000e-01 2.348317e-01 -3.247366e-03 1.103978e+00 2.421180e-10
5.000000e+00 2.600000e-01 2.348317e-01 -3.247366e-03 1.103978e+00 1.974457e-10
5.050000e+00 2.600000e-01 2.348317e-01 -3.247366e-03 1.103978e+00 1.597353e-10
5.100000e+00 2.600000e-01 2.348317e-01 -3.247366e-03 1.103978e+00 1.282990e-10
5.150000e+00 2.600000e-01 2.348317e-01 -3.247366e-03 1.103978e+00 1.024056e-10
5.200000e+00 2.600000e-01 2.348317e-01 -3.247366e-03 1.103978e+00 8.132522e-11
5.250000e+00 2.600000e-01 2.348317e-01 -3.247366e-03 1.103978e+00 6.437295e-11
5.300000e+00 2.600000e-01 2.348317e-01 -3.247366e-03 1.103978e+00 5.094564e-11
5.350000e+00 2.600000e-01 2.348317e-01 -3.247366e-03 1.103978e+00 4.053174e-11
5.400000e+00 2.600000e-01 2.348317e-01 -3.247366e-03 1.103978e+00 3.272799e-11
5.450000e+00 2.600000e-01 2.348317e-01 -3.247366e-03 1.103978e+00 2.725237e-11
5.500000e+00 2.600000e-01 2.348317e-01 -3.247366e-03 1.103978e+00 2.394140e-11
5.550000e+00 2.600000e-01 2.348317e-01 -3.247366e-03 1.103978e+00 2.277345e-11
5.600000e+00 2.600000e-01 2.348317e-01 -3.247366e-03 1.103978e+00 2.387479e-11
5.650000e+00 2.600000e-01 2.348317e-01 -3.247366e-03 1.103978e+00 2.754241e-11
5.700000e+00 2.600000e-01 2.348317e-01 -3.247366e-03 1.103978e+00 3.427730e-11
5.750000e+00 2.600000e-01 2.348317e-01 -3.247366e-03 1.103978e+00 4.482165e-11
5.800000e+00 2.600000e-01 2.348317e-01 -3.247366e-03 1.103978e+00 6.022516e-11
5.850000e+00 2.600000e-01 2.348317e-01 -3.247366e-03 1.103978e+00 8.192003e-11
5.900000e+00 2.600000e-01 2.348317e-01 -3.247366e-03 1.103978e+00 1.118322e-10
5.950000e+00 2.600000e-01 2.348317e-01 -3.247366e-03 1.103978e+00 1.525197e-10
6.000000e+00 2.600000e-01 2.348317e-01 -3.247366e-03 1.103978e+00 2.073641e-10
6.050000e+00 2.600000e-01 2.348317e-01 -3.247366e-03 1.103978e+00 2.808170e-10
6.100000e+00 2.600000e-01 2.348317e-01 -3.247366e-03 1.103978e+00 3.787240e-10
6.150000e+00 2.600000e-01 2.348317e-01 -3.247366e-03 1.103978e+00 5.087525e-10
6.200000e+00 2.600000e-01 2.348317e-01 -3.247366e-03 1.103978e+00 6.809325e-10
6.250000e+00 2.600000e-01 2.348317e-01 -3.247366e-03 1.103978e+00 9.083928e-10
6.300000e+00 2.600000e-01 2.348317e-01 -3.247366e-03 1.103978e+00 1.208294e-09
6.350000e+00 2.600000e-01 2.348317e-01 -3.247366e-03 1.103978e+00 1.603054e-09
6.400000e+00 2.600000e-01 2.348317e-01 -3.247366e-03 1.103978e+00 2.121942e-09
6.450000e+00 2.600000e-01 2.348317e-01 -3.247366e-03 1.103978e+00 2.803159e-09
6.500000e+00 2.600000e-01 2.348317e-01 -3.247366e-03 1.103978e+00 3.696547e-09
6.550000e+00 2.600000e-01 2.348317e-01 -3.247366e-03 1.103978e+00 4.867100e-09
6.600000e+00 2.600000e-01 2.348317e-01 -3.247366e-03 1.103978e+00 6.399546e-09
6.650000e+00 2.600000e-01 2.348316e-01 -3.247366e-03 1.103978e+00 8.404314e-09
6.700000e+00 2.600000e-01 2.348316e-01 -3.247366e-03 1.103978e+00 1.102526e-08
6.750000e+00 2.600000e-01 2.348316e-01 -3.247366e-03 1.103978e+00 1.444975e-08
6.800000e+00 2.600000e-01 2.348316e-01 -3.247366e-03 1.103978e+00 1.892177e-08
6.850000e+00 2.600000e-01 2.348316e-01 -3.247366e-03 1.103978e+00 2.475893e-08
6.900000e+00 2.600000e-01 2.348316e-01 -3.247367e-03 1.103978e+00 3.237455e-08
6.950000e+00 2.600000e-01 2.348316e-01 -3.247367e-03 1.103978e+00 4.230648e-08
7.000000e+00 2.600000e-01 2.348316e-01 -3.247368e-03 1.103978e+00 5.525434e-08
7.050000e+00 2.600000e-01 2.348316e-01 -3.247368e-03 1.103978e+00 7.212806e-08
7.100000e+00 2.600000e-01 2.348316e-01 -3.247369e-03 1.103978e+00 9.411083e-08
7.150000e+00 2.600000e-01 2.348316e-01 -3.247370e-03 1.103978e+00 1.227409e-07
7.200000e+00 2.600000e-01 2.348316e-01 -3.247371e-03 1.103978e+00 1.600175e-07
7.250000e+00 2.600000e-01 2.348316e-01 -3.247373e-03 1.103978e+00 2.085389e-07
7.300000e+00 2.600000e-01 2.348316e-01 -3.247375e-03 1.103978e+00 2.716812e-07
7.350000e+00 2.600000e-01 2.348316e-01 -3.247378e-03 1.103978e+00 3.538292e-07
7.400000e+00 2.600000e-01 2.348316e-01 -3.247382e-03 1.103978e+00 4.606805e-07
7.450000e+00 2.600000e-01 2.348315e-01 -3.247387e-03 1.103978e+00 5.996258e-07
7.500000e+00 2.600000e-01 2.348315e-01 -3.247393e-03 1.103978e+00 7.802887e-07
7.550000e+00 2.600000e-01 2.348315e-01 -3.247404e-03 1.103978e+00 1.015064e-06
7.600000e+00 2.600000e-01 2.348314e-01 -3.247405e-03 1.103978e+00 1.320372e-06
7.650000e+00 2.600000e-01 2.348313e-01 -3.247453e-03 1.103978e+00 1.716417e-06
7.700000e+00 2.600000e-01 2.348312e-01 -3.247365e-03 1.103979e+00 2.232930e-06
7.750000e+00 2.600000e-01 2.348311e-01 -3.247718e-03 1.103979e+00 2.897658e-06
7.800000e+00 2.600000e-01 2.348309e-01 -3.246778e-03 1.103979e+00 3.778677e-06
7.850000e+00 2.600000e-01 2.348307e-01 -3.249595e-03 1.103979e+00 4.872576e-06
7.900000e+00 2.600000e-01 2.348305e-01 -3.242031e-03 1.103980e+00 6.426848e-06
7.950000e+00 2.600000e-01 2.348301e-01 -3.262190e-03 1.103981e+00 8.097621e-06
8.000000e+00 2.600000e-01 2.348296e-01 -3.211471e-03 1.103981e+00 1.112045e-05
8.050000e+00 2.600000e-01 2.348290e-01 -3.334665e-03 1.103983e+00 1.302761e-05
8.100000e+00 2.600000e-01 2.348283e-01 -3.049931e-03 1.103981e+00 2.002227e-05
8.150000e+00 2.600000e-01 2.348270e-01 -3.678910e-03 1.103991e+00 1.945984e-05
8.200000e+00 2.600000e-01 2.348264e-01 -2.359443e-03 1.103977e+00 3.814972e-05
8.250000e+00 2.600000e-01 2.348232e-01 -4.985964e-03 1.104011e+00 2.551219e-05
8.300000e+00 2.600000e-01 2.348238e-01 -4.935411e-05 1.103957e+00 7.467571e-05
8.350000e+00 2.600000e-01 2.348157e-01 -8.781469e-03 1.104063e+00 3.005055e-05
8.400000e+00 2.600000e-01 2.348208e-01 5.673129e-03 1.103905e+00 1.370812e-04
8.450000e+00 2.600000e-01 2.348020e-01 -1.659621e-02 1.104164e+00 4.798903e-05
8.500000e+00 2.600000e-01 2.348160e-01 1.509898e-02 1.103824e+00 2.122415e-04
8.550000e+00 2.600000e-01 2.347808e-01 -2.625102e-02 1.104288e+00 1.305940e-04
8.600000e+00 2.600000e-01 2.348030e-01 2.277034e-02 1.103781e+00 2.715774e-04
8.650000e+00 2.600000e-01 2.347536e-01 -2.977330e-02 1.104362e+00 3.215988e-04
8.700000e+00 2.600000e-01 2.347708e-01 2.153611e-02 1.103851e+00 3.767086e-04
8.750000e+00 2.600000e-01 2.347159e-01 -2.637379e-02 1.104404e+00 5.421041e-04
8.800000e+00 2.600000e-01 2.347166e-01 2.164631e-02 1.103935e+00 7.296903e-04
8.850000e+00 2.600000e-01 2.346430e-01 -3.590253e-02 1.104622e+00 7.551156e-04
8.900000e+00 2.600000e-01 2.346411e-01 4.123260e-02 1.103910e+00 1.304473e-03
8.950000e+00 2.600000e-01 2.345125e-01 -5.754248e-02 1.105010e+00 1.380826e-03
9.000000e+00 2.600000e-01 2.345030e-01 5.167958e-02 1.104087e+00 1.873908e-03
9.050000e+00 2.600000e-01 2.343251e-01 -5.055097e-02 1.105314e+00 2.592479e-03
9.100000e+00 2.600000e-01 2.342438e-01 3.823855e-02 1.104580e+00 3.170896e-03
9.150000e+00 2.600000e-01 2.340080e-01 -5.419631e-02 1.105973e+00 3.936560e-03
9.200000e+00 2.600000e-01 2.338501e-01 6.982823e-02 1.105066e+00 5.653141e-03
9.250000e+00 2.600000e-01 2.334427e-01 -9.313782e-02 1.107160e+00 6.778258e-03
9.300000e+00 2.600000e-01 2.331723e-01 7.933370e-02 1.106234e+00 8.742875e-03
9.350000e+00 2.600000e-01 2.325684e-01 -6.933547e-02 1.108713e+00 1.171604e-02
9.400000e+00 2.600000e-01 2.320007e-01 6.591785e-02 1.108118e+00 1.510653e-02
9.450000e+00 2.600000e-01 2.310578e-01 -1.053356e-01 1.111586e+00 1.880133e-02
9.500000e+00 2.600000e-01 2.301206e-01 1.167740e-01 1.111239e+00 2.499811e-02
9.550000e+00 2.600000e-01 2.285580e-01 -1.082929e-01 1.115732e+00 3.252536e-02
9.600000e+00 2.600000e-01 2.268680e-01 7.995286e-02 1.116188e+00 4.157239e-02
9.650000e+00 2.600000e-01 2.244007e-01 -1.128945e-01 1.122485e+00 5.353716e-02
9.700000e+00 2.600000e-01 2.215143e-01 1.229909e-01 1.123757e+00 7.029707e-02
9.750000e+00 2.600000e-01 2.173710e-01 -1.199357e-01 1.131240e+00 9.172963e-02
9.800000e+00 2.600000e-01 2.123413e-01 7.534480e-02 1.133251e+00 1.195259e-01
9.850000e+00 2.600000e-01 2.054184e-01 -1.124260e-01 1.141759e+00 1.579905e-01
9.900000e+00 2.600000e-01 1.965423e-01 5.484477e-02 1.142935e+00 2.117300e-01
9.950000e+00 2.600000e-01 1.842454e-01 -9.984509e-02 1.149469e+00 2.899829e-01
1.000000e+01 2.600000e-01 1.675440e-01 -6.428285e-02 0.000000e+00 0.000000e+00
0.000000e+00 2.800000e-01 1.911840e-01 -2.640000e+00 0.000000e+00 0.000000e+00
5.000000e-02 2.800000e-01 1.911155e-01 -2.712791e+00 1.207018e+00 7.453713e-04
1.000000e-01 2.800000e-01 1.911095e-01 -2.534987e+00 1.203979e+00 -1.261831e-03
1.500000e-01 2.800000e-01 1.912417e-01 -2.396570e+00 1.208820e+00 -1.836112e-03
2.000000e-01 2.800000e-01 1.912931e-01 -2.824389e+00 1.215379e+00 8.725074e-04
2.500000e-01 2.800000e-01 1.911544e-01 -3.087843e+00 1.207938e+00 1.566010e-03
3.000000e-01 2.800000e-01 1.911365e-01 -2.432720e+00 1.196970e+00 -2.465035e-03
3.500000e-01 2.800000e-01 1.914009e-01 -1.923206e+00 1.205541e+00 -4.207862e-03
4.000000e-01 2.800000e-01 1.915573e-01 -2.712364e+00 1.221883e+00 3.620636e-04
4.500000e-01 2.800000e-01 1.913647e-01 -3.572744e+00 1.214137e+00 2.622135e-03
5.000000e-01 2.800000e-01 1.912950e-01 -2.811325e+00 1.191349e+00 -3.799459e-03
5.500000e-01 2.800000e-01 1.917446e-01 -1.479795e+00 1.193850e+00 -9.383224e-03
6.000000e-01 2.800000e-01 1.922334e-01 -1.889229e+00 1.221591e+00 -4.291837e-03
6.500000e-01 2.800000e-01 1.921738e-01 -3.602985e+00 1.227264e+00 2.291554e-03
7.000000e-01 2.800000e-01 1.920042e-01 -3.833155e+00 1.196177e+00 -3.951540e-03
7.500000e-01 2.800000e-01 1.925690e-01 -2.002201e+00 1.175576e+00 -1.664743e-02
8.000000e-01 2.800000e-01 1.936690e-01 -7.994351e-01 1.199272e+00 -1.687661e-02
8.500000e-01 2.800000e-01 1.942566e-01 -2.133271e+00 1.230756e+00 -4.613802e-03
9.000000e-01 2.800000e-01 1.941303e-01 -4.103745e+00 1.217876e+00 -1.218400e-03
9.500000e-01 2.800000e-01 1.943785e-01 -3.853523e+00 1.174774e+00 -1.626899e-02
1.000000e+00 2.800000e-01 1.957572e-01 -1.694719e+00 1.160074e+00 -3.129035e-02
1.050000e+00 2.800000e-01 1.975075e-01 -5.053927e-01 1.191520e+00 -2.635054e-02
1.100000e+00 2.800000e-01 1.983923e-01 -1.794579e+00 1.221995e+00 -9.738741e-03
1.150000e+00 2.800000e-01 1.984814e-01 -3.795222e+00 1.207100e+00 -6.846510e-03
1.200000e+00 2.800000e-01 1.990769e-01 -4.067110e+00 1.163561e+00 -2.497540e-02
1.250000e+00 2.800000e-01 2.009789e-01 -2.457456e+00 1.141338e+00 -4.411451e-02
1.300000e+00 2.800000e-01 2.034884e-01 -8.872465e-01 1.160398e+00 -4.341932e-02
1.350000e+00 2.800000e-01 2.053209e-01 -9.741389e-01 1.191689e+00 -2.687691e-02
1.400000e+00 2.800000e-01 2.061761e-01 -2.349764e+00 1.196886e+00 -1.685979e-02
1.450000e+00 2.800000e-01 2.070068e-01 -3.465419e+00 1.170728e+00 -2.705419e-02
1.500000e+00 2.800000e-01 2.088815e-01 -3.366901e+00 1.138647e+00 -4.904887e-02
1.550000e+00 2.800000e-01 2.119117e-01 -2.343523e+00 1.125823e+00 -6.395690e-02
1.600000e+00 2.800000e-01 2.152772e-01 -1.348807e+00 1.135292e+00 -6.196836e-02
1.650000e+00 2.800000e-01 2.181086e-01 -1.059186e+00 1.151193e+00 -4.964507e-02
1.700000e+00 2.800000e-01 2.202417e-01 -1.427557e+00 1.156825e+00 -4.102504e-02
1.750000e+00 2.800000e-01 2.222111e-01 -1.969746e+00 1.147223e+00 -4.472832e-02
1.800000e+00 2.800000e-01 2.247145e-01 -2.263047e+00 1.128171e+00 -5.909174e-02
1.850000e+00 2.800000e-01 2.281202e-01 -2.172987e+00 1.108507e+00 -7.605993e-02
1.900000e+00 2.800000e-01 2.323205e-01 -1.796831e+00 1.094193e+00 -8.765675e-02
1.950000e+00 2.800000e-01 2.368859e-01 -1.312307e+00 1.086834e+00 -8.998660e-02
2.000000e+00 2.800000e-01 2.413192e-01 -8.633113e-01 1.085094e+00 -8.357493e-02
2.050000e+00 2.800000e-01 2.452434e-01 -5.196153e-01 1.086698e+00 -7.149869e-02
2.100000e+00 2.800000e-01 2.484691e-01 -2.897661e-01 1.089705e+00 -5.726394e-02
2.150000e+00 2.800000e-01 2.509698e-01 -1.512421e-01 1.092907e+00 -4.352764e-02
2.200000e+00 2.800000e-01 2.528218e-01 -7.450911e-02 1.095730e+00 -3.175744e-02
2.250000e+00 2.800000e-01 2.541455e-01 -3.492925e-02 1.097998e+00 -2.244433e-02
2.300000e+00 2.800000e-01 2.550663e-01 -1.575935e-02 1.099724e+00 -1.547943e-02
2.350000e+00 2.800000e-01 2.556935e-01 -7.002553e-03 1.100996e+00 -1.047933e-02
2.400000e+00 2.800000e-01 2.561142e-01 -3.228546e-03 1.101914e+00 -6.995477e-03
2.450000e+00 2.800000e-01 2.563930e-01 -1.702559e-03 1.102565e+00 -4.620597e-03
2.500000e+00 2.800000e-01 2.565762e-01 -1.133833e-03 1.103021e+00 -3.027352e-03
2.550000e+00 2.800000e-01 2.566958e-01 -9.480816e-04 1.103338e+00 -1.970919e-03
2.600000e+00 2.800000e-01 2.567733e-01 -9.040438e-04 1.103557e+00 -1.276478e-03
2.650000e+00 2.800000e-01 2.568234e-01 -9.063739e-04 1.103707e+00 -8.229935e-04
2.700000e+00 2.800000e-01 2.568556e-01 -9.201172e-04 1.103809e+00 -5.284124e-04
2.750000e+00 2.800000e-01 2.568763e-01 -9.338598e-04 1.103877e+00 -3.379036e-04
2.800000e+00 2.800000e-01 2.568894e-01 -9.447231e-04 1.103924e+00 -2.151945e-04
2.850000e+00 2.800000e-01 2.568978e-01 -9.526012e-04 1.103955e+00 -1.364613e-04
2.900000e+00 2.800000e-01 2.569031e-01 -9.580982e-04 1.103976e+00 -8.614120e-05
2.950000e+00 2.800000e-01 2.569064e-01 -9.618627e-04 1.103990e+00 -5.411144e-05
3.000000e+00 2.800000e-01 2.569085e-01 -9.644164e-04 1.104000e+00 -3.381249e-05
3.050000e+00 2.800000e-01 2.569098e-01 -9.661402e-04 1.104006e+00 -2.100846e-05
3.100000e+00 2.800000e-01 2.569106e-01 -9.673005e-04 1.104010e+00 -1.297345e-05
3.150000e+00 2.800000e-01 2.569111e-01 -9.680802e-04 1.104013e+00 -7.959491e-06
3.200000e+00 2.800000e-01 2.569114e-01 -9.686037e-04 1.104015e+00 -4.849962e-06
3.250000e+00 2.800000e-01 2.569116e-01 -9.689550e-04 1.104016e+00 -2.934498e-06
3.300000e+00 2.800000e-01 2.569117e-01 -9.691906e-04 1.104017e+00 -1.763227e-06
3.350000e+00 2.800000e-01 2.569117e-01 -9.693487e-04 1.104017e+00 -1.052682e-06
3.400000e+00 2.800000e-01 2.569118e-01 -9.694549e-04 1.104018e+00 -6.252523e-07
3.450000e+00 2.800000e-01 2.569118e-01 -9.695262e-04 1.104018e+00 -3.703570e-07
3.500000e+00 2.800000e-01 2.569118e-01 -9.695742e-04 1.104018e+00 -2.196415e-07
3.550000e+00 2.800000e-01 2.569118e-01 -9.696066e-04 1.104018e+00 -1.311953e-07
3.600000e+00 2.800000e-01 2.569118e-01 -9.696285e-04 1.104018e+00 -7.955990e-08
3.650000e+00 2.800000e-01 2.569118e-01 -9.696434e-04 1.104018e+00 -4.943410e-08
3.700000e+00 2.800000e-01 2.569118e-01 -9.696535e-04 1.104018e+00 -3.173255e-08
3.750000e+00 2.800000e-01 2.569118e-01 -9.696605e-04 1.104019e+00 -2.113508e-08
3.800000e+00 2.800000e-01 2.569118e-01 -9.696653e-04 1.104019e+00 -1.457484e-08
3.850000e+00 2.800000e-01 2.569118e-01 -9.696686e-04 1.104019e+00 -1.031428e-08
3.900000e+00 2.800000e-01 2.569118e-01 -9.696710e-04 1.104019e+00 -7.386882e-09
3.950000e+00 2.800000e-01 2.569118e-01 -9.696727e-04 1.104019e+00 -5.264109e-09
4.000000e+00 2.800000e-01 2.569118e-01 -9.696738e-04 1.104019e+00 -3.660157e-09
4.050000e+00 2.800000e-01 2.569118e-01 -9.696747e-04 1.104019e+00 -2.419676e-09
4.100000e+00 2.800000e-01 2.569118e-01 -9.696753e-04 1.104019e+00 -1.454928e-09
4.150000e+00 2.800000e-01 2.569118e-01 -9.696758e-04 1.104019e+00 -7.117784e-10
4.200000e+00 2.800000e-01 2.569118e-01 -9.696761e-04 1.104019e+00 -1.521322e-10
4.250000e+00 2.800000e-01 2.569118e-01 -9.696764e-04 1.104019e+00 2.545308e-10
4.300000e+00 2.800000e-01 2.569118e-01 -9.696765e-04 1.104019e+00 5.348172e-10
4.350000e+00 2.800000e-01 2.569118e-01 -9.696767e-04 1.104019e+00 7.127143e-10
4.400000e+00 2.800000e-01 2.569118e-01 -9.696768e-04 1.104019e+00 8.098350e-10
4.450000e+00 2.800000e-01 2.569118e-01 -9.696768e-04 1.104019e+00 8.453072e-10
4.500000e+00 2.800000e-01 2.569118e-01 -9.696769e-04 1.104019e+00 8.356260e-10
4.550000e+00 2.800000e-01 2.569118e-01 -9.696769e-04 1.104019e+00 7.946127e-10
4.600000e+00 2.800000e-01 2.569118e-01 -9.696770e-04 1.104019e+00 7.334949e-10
4.650000e+00 2.800000e-01 2.569118e-01 -9.696770e-04 1.104019e+00 6.610940e-10
4.700000e+00 2.800000e-01 2.569118e-01 -9.696770e-04 1.104019e+00 5.840933e-10
4.750000e+00 2.800000e-01 2.569118e-01 -9.696770e-04 1.104019e+00 5.073381e-10
4.800000e+00 2.800000e-01 2.569118e-01 -9.696770e-04 1.104019e+00 4.341560e-10
4.850000e+00 2.800000e-01 2.569118e-01 -9.696770e-04 1.104019e+00 3.666534e-10
4.900000e+00 2.800000e-01 2.569118e-01 -9.696770e-04 1.104019e+00 3.059925e-10
4.950000e+00 2.800000e-01 2.569118e-01 -9.696771e-04 1.104019e+00 2.526385e-10
5.000000e+00 2.800000e-01 2.569118e-01 -9.696771e-04 1.104019e+00 2.065575e-10
5.050000e+00 2.800000e-01 2.569118e-01 -9.696771e-04 1.104019e+00 1.673778e-10
5.100000e+00 2.800000e-01 2.569118e-01 -9.696771e-04 1.104019e+00 1.345279e-10
5.150000e+00 2.800000e-01 2.569118e-01 -9.696771e-04 1.104019e+00 1.073369e-10
5.200000e+00 2.800000e-01 2.569118e-01 -9.696771e-04 1.104019e+00 8.510248e-11
5.250000e+00 2.800000e-01 2.569118e-01 -9.696771e-04 1.104019e+00 6.714740e-11
5.300000e+00 2.800000e-01 2.569118e-01 -9.696771e-04 1.104019e+00 5.285605e-11
5.350000e+00 2.800000e-01 2.569118e-01 -9.696771e-04 1.104019e+00 4.169998e-11
5.400000e+00 2.800000e-01 2.569118e-01 -9.696771e-04 1.104019e+00 3.325007e-11
5.450000e+00 2.800000e-01 2.569118e-01 -9.696771e-04 1.104019e+00 2.719325e-11
5.500000e+00 2.800000e-01 2.569118e-01 -9.696771e-04 1.104019e+00 2.333800e-11
5.550000e+00 2.800000e-01 2.569118e-01 -9.696771e-04 1.104019e+00 2.163159e-11
5.600000e+00 2.800000e-01 2.569118e-01 -9.696771e-04 1.104019e+00 2.216560e-11
5.650000e+00 2.800000e-01 2.569118e-01 -9.696771e-04 1.104019e+00 2.519984e-11
5.700000e+00 2.800000e-01 2.569118e-01 -9.696771e-04 1.104019e+00 3.119560e-11
5.750000e+00 2.800000e-01 2.569118e-01 -9.696771e-04 1.104019e+00 4.084733e-11
5.800000e+00 2.800000e-01 2.569118e-01 -9.696771e-04 1.104019e+00 5.514866e-11
5.850000e+00 2.800000e-01 2.569118e-01 -9.696771e-04 1.104019e+00 7.546186e-11
5.900000e+00 2.800000e-01 2.569118e-01 -9.696771e-04 1.104019e+00 1.036238e-10
5.950000e+00 2.800000e-01 2.569118e-01 -9.696771e-04 1.104019e+00 1.420825e-10
6.000000e+00 2.800000e-01 2.569118e-01 -9.696771e-04 1.104019e+00 1.940759e-10
6.050000e+00 2.800000e-01 2.569118e-01 -9.696771e-04 1.104019e+00 2.638711e-10
6.100000e+00 2.800000e-01 2.569118e-01 -9.696771e-04 1.104019e+00 3.570755e-10
6.150000e+00 2.800000e-01 2.569118e-01 -9.696771e-04 1.104019e+00 4.810446e-10
6.200000e+00 2.800000e-01 2.569118e-01 -9.696771e-04 1.104019e+00 6.454054e-10
6.250000e+00 2.800000e-01 2.569118e-01 -9.696771e-04 1.104019e+00 8.627621e-10
6.300000e+00 2.800000e-01 2.569118e-01 -9.696771e-04 1.104019e+00 1.149597e-09
6.350000e+00 2.800000e-01 2.569118e-01 -9.696771e-04 1.104019e+00 1.527434e-09
6.400000e+00 2.800000e-01 2.569118e-01 -9.696771e-04 1.104019e+00 2.024391e-09
6.450000e+00 2.800000e-01 2.569118e-01 -9.696771e-04 1.104019e+00 2.677166e-09
6.500000e+00 2.800000e-01 2.569118e-01 -9.696771e-04 1.104019e+00 3.533639e-09
6.550000e+00 2.800000e-01 2.569118e-01 -9.696771e-04 1.104019e+00 4.656252e-09
6.600000e+00 2.800000e-01 2.569118e-01 -9.696771e-04 1.104019e+00 6.126416e-09
6.650000e+00 2.800000e-01 2.569118e-01 -9.696772e-04 1.104019e+00 8.050230e-09
6.700000e+00 2.800000e-01 2.569118e-01 -9.696772e-04 1.104019e+00 1.056592e-08
6.750000e+00 2.800000e-01 2.569118e-01 -9.696772e-04 1.104019e+00 1.385351e-08
6.800000e+00 2.800000e-01 2.569118e-01 -9.696773e-04 1.104019e+00 1.814745e-08
6.850000e+00 2.800000e-01 2.569118e-01 -9.696773e-04 1.104019e+00 2.375288e-08
6.900000e+00 2.800000e-01 2.569118e-01 -9.696774e-04 1.104019e+00 3.106696e-08
6.950000e+00 2.800000e-01 2.569118e-01 -9.696775e-04 1.104019e+00 4.060643e-08
7.000000e+00 2.800000e-01 2.569118e-01 -9.696777e-04 1.104019e+00 5.304346e-08
7.050000e+00 2.800000e-01 2.569118e-01 -9.696779e-04 1.104019e+00 6.925225e-08
7.100000e+00 2.800000e-01 2.569118e-01 -9.696781e-04 1.104019e+00 9.036947e-08
7.150000e+00 2.800000e-01 2.569118e-01 -9.696784e-04 1.104019e+00 1.178728e-07
7.200000e+00 2.800000e-01 2.569118e-01 -9.696788e-04 1.104019e+00 1.536828e-07
7.250000e+00 2.800000e-01 2.569118e-01 -9.696794e-04 1.104019e+00 2.002951e-07
7.300000e+00 2.800000e-01 2.569118e-01 -9.696801e-04 1.104019e+00 2.609524e-07
7.350000e+00 2.800000e-01 2.569118e-01 -9.696810e-04 1.104019e+00 3.398663e-07
7.400000e+00 2.800000e-01 2.569118e-01 -9.696822e-04 1.104019e+00 4.425080e-07
7.450000e+00 2.800000e-01 2.569117e-01 -9.696839e-04 1.104019e+00 5.759773e-07
7.500000e+00 2.800000e-01 2.569117e-01 -9.696855e-04 1.104019e+00 7.495071e-07
7.550000e+00 2.800000e-01 2.569117e-01 -9.696896e-04 1.104019e+00 9.750280e-07
7.600000e+00 2.800000e-01 2.569116e-01 -9.696882e-04 1.104019e+00 1.268208e-06
7.650000e+00 2.800000e-01 2.569115e-01 -9.697092e-04 1.104019e+00 1.648762e-06
7.700000e+00 2.800000e-01 2.569114e-01 -9.696622e-04 1.104020e+00 2.144251e-06
7.750000e+00 2.800000e-01 2.569113e-01 -9.698347e-04 1.104020e+00 2.784242e-06
7.800000e+00 2.800000e-01 2.569112e-01 -9.693503e-04 1.104020e+00 3.625633e-06
7.850000e+00 2.800000e-01 2.569109e-01 -9.707936e-04 1.104021e+00 4.688577e-06
7.900000e+00 2.800000e-01 2.569107e-01 -9.668302e-04 1.104021e+00 6.148222e-06
7.950000e+00 2.800000e-01 2.569103e-01 -9.774981e-04 1.104022e+00 7.833820e-06
8.000000e+00 2.800000e-01 2.569099e-01 -9.502107e-04 1.104023e+00 1.054202e-05
8.050000e+00 2.800000e-01 2.569093e-01 -1.017380e-03 1.104025e+00 1.281205e-05
8.100000e+00 2.800000e-01 2.569086e-01 -8.597381e-04 1.104025e+00 1.858142e-05
8.150000e+00 2.800000e-01 2.569074e-01 -1.213050e-03 1.104032e+00 1.996538e-05
8.200000e+00 2.800000e-01 2.569066e-01 -4.604599e-04 1.104024e+00 3.421364e-05
8.250000e+00 2.800000e-01 2.569040e-01 -1.981326e-03 1.104051e+00 2.871815e-05
8.300000e+00 2.800000e-01 2.569038e-01 9.217972e-04 1.104012e+00 6.480211e-05
8.350000e+00 2.800000e-01 2.568975e-01 -4.293207e-03 1.104097e+00 3.909960e-05
8.400000e+00 2.800000e-01 2.568998e-01 4.474862e-03 1.103975e+00 1.177487e-04
8.450000e+00 2.800000e-01 2.568857e-01 -9.242065e-03 1.104187e+00 6.246017e-05
8.500000e+00 2.800000e-01 2.568936e-01 1.057413e-02 1.103915e+00 1.871994e-04
8.550000e+00 2.800000e-01 2.568670e-01 -1.563481e-02 1.104308e+00 1.380867e-04
8.600000e+00 2.800000e-01 2.568798e-01 1.579003e-02 1.103888e+00 2.549452e-04
8.650000e+00 2.800000e-01 2.568415e-01 -1.809822e-02 1.104396e+00 3.065349e-04
8.700000e+00 2.800000e-01 2.568491e-01 1.486230e-02 1.103969e+00 3.663533e-04
8.750000e+00 2.800000e-01 2.568049e-01 -1.529599e-02 1.104459e+00 5.213525e-04
8.800000e+00 2.800000e-01 2.567970e-01 1.407687e-02 1.104092e+00 6.839802e-04
8.850000e+00 2.800000e-01 2.567365e-01 -2.098237e-02 1.104693e+00 7.544272e-04
8.900000e+00 2.800000e-01 2.567216e-01 2.734797e-02 1.104132e+00 1.219783e-03
8.950000e+00 2.800000e-01 2.566145e-01 -3.650914e-02 1.105138e+00 1.339361e-03
9.000000e+00 2.800000e-01 2.565876e-01 3.514576e-02 1.104376e+00 1.803207e-03
9.050000e+00 2.800000e-01 2.564342e-01 -3.063748e-02 1.105541e+00 2.477163e-03
9.100000e+00 2.800000e-01 2.563399e-01 2.280735e-02 1.105027e+00 3.025975e-03
9.150000e+00 2.800000e-01 2.561316e-01 -3.026369e-02 1.106324e+00 3.817863e-03
9.200000e+00 2.800000e-01 2.559581e-01 4.533972e-02 1.105742e+00 5.381702e-03
9.250000e+00 2.800000e-01 2.555934e-01 -6.096244e-02 1.107823e+00 6.510321e-03
9.300000e+00 2.800000e-01 2.553071e-01 5.291018e-02 1.107249e+00 8.392198e-03
9.350000e+00 2.800000e-01 2.547542e-01 -3.761152e-02 1.109777e+00 1.126760e-02
9.400000e+00 2.800000e-01 2.541803e-01 3.498386e-02 1.109840e+00 1.445128e-02
9.450000e+00 2.800000e-01 2.533091e-01 -6.360879e-02 1.113416e+00 1.808300e-02
9.500000e+00 2.800000e-01 2.523720e-01 8.008475e-02 1.113898e+00 2.403732e-02
9.550000e+00 2.800000e-01 2.509054e-01 -6.484335e-02 1.118867e+00 3.134249e-02
9.600000e+00 2.800000e-01 2.492378e-01 3.815784e-02 1.120750e+00 3.999832e-02
9.650000e+00 2.800000e-01 2.469055e-01 -5.896462e-02 1.127808e+00 5.172082e-02
9.700000e+00 2.800000e-01 2.440657e-01 8.182841e-02 1.131314e+00 6.814169e-02
9.750000e+00 2.800000e-01 2.400914e-01 -6.745161e-02 1.140629e+00 8.922995e-02
9.800000e+00 2.800000e-01 2.351427e-01 3.135017e-02 1.146795e+00 1.165974e-01
9.850000e+00 2.800000e-01 2.284316e-01 -5.255472e-02 1.159370e+00 1.547915e-01
9.900000e+00 2.800000e-01 2.196636e-01 3.678899e-02 1.168848e+00 2.082467e-01
9.950000e+00 2.800000e-01 2.076069e-01 -3.780602e-02 1.185920e+00 2.847955e-01
1.000000e+01 2.800000e-01 1.911840e-01 -2.011328e-02 0.000000e+00 0.000000e+00
0.000000e+00 3.000000e-01 2.158800e-01 -2.400000e+00 0.000000e+00 0.000000e+00
5.000000e-02 3.000000e-01 2.157901e-01 -2.538982e+00 1.259323e+00 2.024141e-03
1.000000e-01 3.000000e-01 2.156776e-01 -2.536570e+00 1.251571e+00 -1.234592e-03
1.500000e-01 3.000000e-01 2.159135e-01 -1.972493e+00 1.252688e+00 -5.199376e-03
2.000000e-01 3.000000e-01 2.161975e-01 -2.054648e+00 1.269696e+00 6.444348e-05
2.500000e-01 3.000000e-01 2.159071e-01 -3.070621e+00 1.269767e+00 6.865913e-03
3.000000e-01 3.000000e-01 2.155109e-01 -3.040442e+00 1.243628e+00 -1.130430e-04
3.500000e-01 3.000000e-01 2.159184e-01 -1.554390e+00 1.238335e+00 -1.097552e-02
4.000000e-01 3.000000e-01 2.166085e-01 -1.274317e+00 1.271733e+00 -4.288435e-03
4.500000e-01 3.000000e-01 2.163472e-01 -3.119652e+00 1.285529e+00 1.021680e-02
5.000000e-01 3.000000e-01 2.155868e-01 -3.936825e+00 1.247478e+00 4.476163e-03
5.500000e-01 3.000000e-01 2.158996e-01 -1.964214e+00 1.219034e+00 -1.562136e-02
6.000000e-01 3.000000e-01 2.171489e-01 -2.812009e-01 1.253099e+00 -1.592118e-02
6.500000e-01 3.000000e-01 2.174917e-01 -1.909769e+00 1.295629e+00 5.639752e-03
7.000000e-01 3.000000e-01 2.165850e-01 -4.377300e+00 1.271487e+00 1.127212e-02
7.500000e-01 3.000000e-01 2.163645e-01 -3.662451e+00 1.214164e+00 -1.287683e-02
8.000000e-01 3.000000e-01 2.178726e-01 -6.814938e-01 1.212585e+00 -3.080280e-02
8.500000e-01 3.000000e-01 2.194448e-01 6.445013e-02 1.269138e+00 -1.438714e-02
9.000000e-01 3.000000e-01 2.193114e-01 -2.596647e+00 1.293875e+00 9.608454e-03
9.500000e-01 3.000000e-01 2.184840e-01 -4.724785e+00 1.246431e+00 1.221856e-03
1.000000e+00 3.000000e-01 2.191892e-01 -3.389321e+00 1.193191e+00 -3.041448e-02
1.050000e+00 3.000000e-01 2.215254e-01 -5.255885e-01 1.204565e+00 -4.153633e-02
1.100000e+00 3.000000e-01 2.233428e-01 1.898873e-02 1.257543e+00 -1.864147e-02
1.150000e+00 3.000000e-01 2.233896e-01 -2.246733e+00 1.274926e+00 3.290353e-03
1.200000e+00 3.000000e-01 2.230138e-01 -4.239106e+00 1.234187e+00 -7.808884e-03
1.250000e+00 3.000000e-01 2.241704e-01 -3.710870e+00 1.186583e+00 -3.887840e-02
1.300000e+00 3.000000e-01 2.269016e-01 -1.591353e+00 1.183329e+00 -5.302044e-02
1.350000e+00 3.000000e-01 2.294725e-01 -3.829776e-01 1.217123e+00 -3.744199e-02
1.400000e+00 3.000000e-01 2.306458e-01 -1.147471e+00 1.241215e+00 -1.576341e-02
1.450000e+00 3.000000e-01 2.310488e-01 -2.688884e+00 1.228488e+00 -1.557398e-02
1.500000e+00 3.000000e-01 2.322032e-01 -3.380095e+00 1.193749e+00 -3.773490e-02
1.550000e+00 3.000000e-01 2.348223e-01 -2.784401e+00 1.167806e+00 -6.066912e-02
1.600000e+00 3.000000e-01 2.382701e-01 -1.658041e+00 1.165442e+00 -6.585092e-02
1.650000e+00 3.000000e-01 2.414074e-01 -9.689539e-01 1.177579e+00 -5.430479e-02
1.700000e+00 3.000000e-01 2.437006e-01 -1.045199e+00 1.186160e+00 -4.118308e-02
1.750000e+00 3.000000e-01 2.455257e-01 -1.543559e+00 1.181037e+00 -3.960953e-02
1.800000e+00 3.000000e-01 2.476616e-01 -1.961212e+00 1.164055e+00 -5.124000e-02
1.850000e+00 3.000000e-01 2.506497e-01 -2.030609e+00 1.142979e+00 -6.853417e-02
1.900000e+00 3.000000e-01 2.545150e-01 -1.769417e+00 1.124621e+00 -8.225613e-02
1.950000e+00 3.000000e-01 2.588753e-01 -1.339857e+00 1.111980e+00 -8.702796e-02
2.000000e+00 3.000000e-01 2.632178e-01 -9.036207e-01 1.104866e+00 -8.250113e-02
2.050000e+00 3.000000e-01 2.671254e-01 -5.531405e-01 1.101667e+00 -7.153958e-02
2.100000e+00 3.000000e-01 2.703717e-01 -3.119329e-01 1.100710e+00 -5.780418e-02
2.150000e+00 3.000000e-01 2.729059e-01 -1.639588e-01 1.100809e+00 -4.419617e-02
2.200000e+00 3.000000e-01 2.747913e-01 -8.106305e-02 1.101298e+00 -3.237760e-02
2.250000e+00 3.000000e-01 2.761436e-01 -3.797637e-02 1.101858e+00 -2.295500e-02
2.300000e+00 3.000000e-01 2.770868e-01 -1.697296e-02 1.102366e+00 -1.587494e-02
2.350000e+00 3.000000e-01 2.777311e-01 -7.301773e-03 1.102785e+00 -1.077505e-02
2.400000e+00 3.000000e-01 2.781643e-01 -3.077093e-03 1.103115e+00 -7.211715e-03
2.450000e+00 3.000000e-01 2.784523e-01 -1.323447e-03 1.103366e+00 -4.776236e-03
2.500000e+00 3.000000e-01 2.786420e-01 -6.330572e-04 1.103554e+00 -3.138002e-03
2.550000e+00 3.000000e-01 2.787661e-01 -3.774150e-04 1.103692e+00 -2.048783e-03
2.600000e+00 3.000000e-01 2.788469e-01 -2.904360e-04 1.103792e+00 -1.330796e-03
2.650000e+00 3.000000e-01 2.788992e-01 -2.650663e-04 1.103864e+00 -8.606047e-04
2.700000e+00 3.000000e-01 2.789329e-01 -2.604224e-04 1.103915e+00 -5.542919e-04
2.750000e+00 3.000000e-01 2.789546e-01 -2.617898e-04 1.103950e+00 -3.556176e-04
2.800000e+00 3.000000e-01 2.789685e-01 -2.642818e-04 1.103975e+00 -2.272671e-04
2.850000e+00 3.000000e-01 2.789773e-01 -2.664931e-04 1.103992e+00 -1.446606e-04
2.900000e+00 3.000000e-01 2.789829e-01 -2.681586e-04 1.104004e+00 -9.169467e-05
2.950000e+00 3.000000e-01 2.789865e-01 -2.693370e-04 1.104013e+00 -5.786508e-05
3.000000e+00 3.000000e-01 2.789887e-01 -2.701484e-04 1.104018e+00 -3.634591e-05
3.050000e+00 3.000000e-01 2.789901e-01 -2.707000e-04 1.104022e+00 -2.271687e-05
3.100000e+00 3.000000e-01 2.789910e-01 -2.710728e-04 1.104025e+00 -1.412524e-05
3.150000e+00 3.000000e-01 2.789915e-01 -2.713240e-04 1.104027e+00 -8.736353e-06
3.200000e+00 3.000000e-01 2.789919e-01 -2.714930e-04 1.104028e+00 -5.374555e-06
3.250000e+00 3.000000e-01 2.789921e-01 -2.716065e-04 1.104029e+00 -3.289457e-06
3.300000e+00 3.000000e-01 2.789922e-01 -2.716828e-04 1.104029e+00 -2.004121e-06
3.350000e+00 3.000000e-01 2.789923e-01 -2.717341e-04 1.104030e+00 -1.216828e-06
3.400000e+00 3.000000e-01 2.789923e-01 -2.717686e-04 1.104030e+00 -7.376851e-07
3.450000e+00 3.000000e-01 2.789923e-01 -2.717919e-04 1.104030e+00 -4.478627e-07
3.500000e+00 3.000000e-01 2.789924e-01 -2.718075e-04 1.104030e+00 -2.734753e-07
3.550000e+00 3.000000e-01 2.789924e-01 -2.718181e-04 1.104030e+00 -1.689092e-07
3.600000e+00 3.000000e-01 2.789924e-01 -2.718253e-04 1.104030e+00 -1.062290e-07
3.650000e+00 3.000000e-01 2.789924e-01 -2.718301e-04 1.104030e+00 -6.847789e-08
3.700000e+00 3.000000e-01 2.789924e-01 -2.718335e-04 1.104031e+00 -4.546410e-08
3.750000e+00 3.000000e-01 2.789924e-01 -2.718358e-04 1.104031e+00 -3.112765e-08
3.800000e+00 3.000000e-01 2.789924e-01 -2.718374e-04 1.104031e+00 -2.190622e-08
3.850000e+00 3.000000e-01 2.789924e-01 -2.718385e-04 1.104031e+00 -1.572956e-08
3.900000e+00 3.000000e-01 2.789924e-01 -2.718392e-04 1.104031e+00 -1.140670e-08
3.950000e+00 3.000000e-01 2.789924e-01 -2.718398e-04 1.104031e+00 -8.256827e-09
4.000000e+00 3.000000e-01 2.789924e-01 -2.718402e-04 1.104031e+00 -5.889876e-09
4.050000e+00 3.000000e-01 2.789924e-01 -2.718405e-04 1.104031e+00 -4.078384e-09
4.100000e+00 3.000000e-01 2.789924e-01 -2.718407e-04 1.104031e+00 -2.684066e-09
4.150000e+00 3.000000e-01 2.789924e-01 -2.718408e-04 1.104031e+00 -1.616823e-09
4.200000e+00 3.000000e-01 2.789924e-01 -2.718409e-04 1.104031e+00 -8.125628e-10
4.250000e+00 3.000000e-01 2.789924e-01 -2.718410e-04 1.104031e+00 -2.216527e-10
4.300000e+00 3.000000e-01 2.789924e-01 -2.718411e-04 1.104031e+00 1.967870e-10
4.350000e+00 3.000000e-01 2.789924e-01 -2.718411e-04 1.104031e+00 4.775497e-10
4.400000e+00 3.000000e-01 2.789924e-01 -2.718412e-04 1.104031e+00 6.505257e-10
4.450000e+00 3.000000e-01 2.789924e-01 -2.718412e-04 1.104031e+00 7.412382e-10
4.500000e+00 3.000000e-01 2.789924e-01 -2.718412e-04 1.104031e+00 7.711443e-10
4.550000e+00 3.000000e-01 2.789924e-01 -2.718412e-04 1.104031e+00 7.579276e-10
4.600000e+00 3.000000e-01 2.789924e-01 -2.718412e-04 1.104031e+00 7.158169e-10
4.650000e+00 3.000000e-01 2.789924e-01 -2.718412e-04 1.104031e+00 6.559564e-10
4.700000e+00 3.000000e-01 2.789924e-01 -2.718412e-04 1.104031e+00 5.868156e-10
4.750000e+00 3.000000e-01 2.789924e-01 -2.718412e-04 1.104031e+00 5.146022e-10
4.800000e+00 3.000000e-01 2.789924e-01 -2.718412e-04 1.104031e+00 4.436695e-10
4.850000e+00 3.000000e-01 2.789924e-01 -2.718412e-04 1.104031e+00 3.768874e-10
4.900000e+00 3.000000e-01 2.789924e-01 -2.718413e-04 1.104031e+00 3.159784e-10
4.950000e+00 3.000000e-01 2.789924e-01 -2.718413e-04 1.104031e+00 2.618017e-10
5.000000e+00 3.000000e-01 2.789924e-01 -2.718413e-04 1.104031e+00 2.145989e-10
5.050000e+00 3.000000e-01 2.789924e-01 -2.718413e-04 1.104031e+00 1.741879e-10
5.100000e+00 3.000000e-01 2.789924e-01 -2.718413e-04 1.104031e+00 1.401129e-10
5.150000e+00 3.000000e-01 2.789924e-01 -2.718413e-04 1.104031e+00 1.117711e-10
5.200000e+00 3.000000e-01 2.789924e-01 -2.718413e-04 1.104031e+00 8.849810e-11
5.250000e+00 3.000000e-01 2.789924e-01 -2.718413e-04 1.104031e+00 6.962375e-11
5.300000e+00 3.000000e-01 2.789924e-01 -2.718413e-04 1.104031e+00 5.452638e-11
5.350000e+00 3.000000e-01 2.789924e-01 -2.718413e-04 1.104031e+00 4.266421e-11
5.400000e+00 3.000000e-01 2.789924e-01 -2.718413e-04 1.104031e+00 3.358258e-11
5.450000e+00 3.000000e-01 2.789924e-01 -2.718413e-04 1.104031e+00 2.694178e-11
5.500000e+00 3.000000e-01 2.789924e-01 -2.718413e-04 1.104031e+00 2.252143e-11
5.550000e+00 3.000000e-01 2.789924e-01 -2.718413e-04 1.104031e+00 2.023215e-11
5.600000e+00 3.000000e-01 2.789924e-01 -2.718413e-04 1.104031e+00 2.013278e-11
5.650000e+00 3.000000e-01 2.789924e-01 -2.718413e-04 1.104031e+00 2.244094e-11
5.700000e+00 3.000000e-01 2.789924e-01 -2.718413e-04 1.104031e+00 2.756906e-11
5.750000e+00 3.000000e-01 2.789924e-01 -2.718413e-04 1.104031e+00 3.615663e-11
5.800000e+00 3.000000e-01 2.789924e-01 -2.718413e-04 1.104031e+00 4.912681e-11
5.850000e+00 3.000000e-01 2.789924e-01 -2.718413e-04 1.104031e+00 6.775636e-11
5.900000e+00 3.000000e-01 2.789924e-01 -2.718413e-04 1.104031e+00 9.377055e-11
5.950000e+00 3.000000e-01 2.789924e-01 -2.718413e-04 1.104031e+00 1.294775e-10
6.000000e+00 3.000000e-01 2.789924e-01 -2.718413e-04 1.104031e+00 1.779332e-10
6.050000e+00 3.000000e-01 2.789924e-01 -2.718413e-04 1.104031e+00 2.431705e-10
6.100000e+00 3.000000e-01 2.789924e-01 -2.718413e-04 1.104031e+00 3.304917e-10
6.150000e+00 3.000000e-01 2.789924e-01 -2.718413e-04 1.104031e+00 4.468564e-10
6.200000e+00 3.000000e-01 2.789924e-01 -2.718413e-04 1.104031e+00 6.013789e-10
6.250000e+00 3.000000e-01 2.789924e-01 -2.718413e-04 1.104031e+00 8.059931e-10
6.300000e+00 3.000000e-01 2.789924e-01 -2.718413e-04 1.104031e+00 1.076308e-09
6.350000e+00 3.000000e-01 2.789924e-01 -2.718413e-04 1.104031e+00 1.432719e-09
6.400000e+00 3.000000e-01 2.789924e-01 -2.718413e-04 1.104031e+00 1.901868e-09
6.450000e+00 3.000000e-01 2.789924e-01 -2.718413e-04 1.104031e+00 2.518526e-09
6.500000e+00 3.000000e-01 2.789924e-01 -2.718413e-04 1.104031e+00 3.328077e-09
6.550000e+00 3.000000e-01 2.789924e-01 -2.718413e-04 1.104031e+00 4.389707e-09
6.600000e+00 3.000000e-01 2.789924e-01 -2.718413e-04 1.104031e+00 5.780585e-09
6.650000e+00 3.000000e-01 2.789924e-01 -2.718413e-04 1.104031e+00 7.601292e-09
6.700000e+00 3.000000e-01 2.789924e-01 -2.718413e-04 1.104031e+00 9.982867e-09
6.750000e+00 3.000000e-01 2.789924e-01 -2.718413e-04 1.104031e+00 1.309599e-08
6.800000e+00 3.000000e-01 2.789924e-01 -2.718413e-04 1.104031e+00 1.716292e-08
6.850000e+00 3.000000e-01 2.789924e-01 -2.718413e-04 1.104031e+00 2.247298e-08
6.900000e+00 3.000000e-01 2.789924e-01 -2.718414e-04 1.104031e+00 2.940267e-08
6.950000e+00 3.000000e-01 2.789924e-01 -2.718414e-04 1.104031e+00 3.844191e-08
7.000000e+00 3.000000e-01 2.789924e-01 -2.718414e-04 1.104031e+00 5.022794e-08
7.050000e+00 3.000000e-01 2.789924e-01 -2.718415e-04 1.104031e+00 6.558953e-08
7.100000e+00 3.000000e-01 2.789924e-01 -2.718416e-04 1.104031e+00 8.560424e-08
7.150000e+00 3.000000e-01 2.789924e-01 -2.718416e-04 1.104031e+00 1.116728e-07
7.200000e+00 3.000000e-01 2.789924e-01 -2.718418e-04 1.104031e+00 1.456159e-07
7.250000e+00 3.000000e-01 2.789924e-01 -2.718419e-04 1.104031e+00 1.897991e-07
7.300000e+00 3.000000e-01 2.789923e-01 -2.718421e-04 1.104031e+00 2.472959e-07
7.350000e+00 3.000000e-01 2.789923e-01 -2.718424e-04 1.104031e+00 3.220983e-07
7.400000e+00 3.000000e-01 2.789923e-01 -2.718427e-04 1.104031e+00 4.193912e-07
7.450000e+00 3.000000e-01 2.789923e-01 -2.718432e-04 1.104031e+00 5.459048e-07
7.500000e+00 3.000000e-01 2.789923e-01 -2.718437e-04 1.104031e+00 7.103838e-07
7.550000e+00 3.000000e-01 2.789922e-01 -2.718451e-04 1.104031e+00 9.241510e-07
7.600000e+00 3.000000e-01 2.789922e-01 -2.718439e-04 1.104031e+00 1.201996e-06
7.650000e+00 3.000000e-01 2.789921e-01 -2.718527e-04 1.104032e+00 1.562784e-06
7.700000e+00 3.000000e-01 2.789920e-01 -2.718301e-04 1.104032e+00 2.032046e-06
7.750000e+00 3.000000e-01 2.789919e-01 -2.719089e-04 1.104032e+00 2.639565e-06
7.800000e+00 3.000000e-01 2.789917e-01 -2.716788e-04 1.104033e+00 3.434063e-06
7.850000e+00 3.000000e-01 2.789916e-01 -2.723662e-04 1.104033e+00 4.449195e-06
7.900000e+00 3.000000e-01 2.789913e-01 -2.704417e-04 1.104034e+00 5.811559e-06
7.950000e+00 3.000000e-01 2.789910e-01 -2.756826e-04 1.104035e+00 7.461168e-06
8.000000e+00 3.000000e-01 2.789906e-01 -2.620648e-04 1.104036e+00 9.900514e-06
8.050000e+00 3.000000e-01 2.789900e-01 -2.960532e-04 1.104038e+00 1.234245e-05
8.100000e+00 3.000000e-01 2.789893e-01 -2.150744e-04 1.104039e+00 1.717174e-05
8.150000e+00 3.000000e-01 2.789883e-01 -3.992371e-04 1.104045e+00 1.979985e-05
8.200000e+00 3.000000e-01 2.789873e-01 -9.931238e-07 1.104041e+00 3.072724e-05
8.250000e+00 3.000000e-01 2.789852e-01 -8.179207e-04 1.104062e+00 3.022419e-05
8.300000e+00 3.000000e-01 2.789843e-01 7.653326e-04 1.104038e+00 5.638378e-05
8.350000e+00 3.000000e-01 2.789796e-01 -2.121981e-03 1.104101e+00 4.466725e-05
8.400000e+00 3.000000e-01 2.789799e-01 2.806117e-03 1.104018e+00 1.010106e-04
8.450000e+00 3.000000e-01 2.789695e-01 -5.017513e-03 1.104178e+00 7.201156e-05
8.500000e+00 3.000000e-01 2.789727e-01 6.444561e-03 1.103983e+00 1.639520e-04
8.550000e+00 3.000000e-01 2.789531e-01 -8.906846e-03 1.104288e+00 1.416432e-04
8.600000e+00 3.000000e-01 2.789585e-01 9.679708e-03 1.103977e+00 2.361176e-04
8.650000e+00 3.000000e-01 2.789294e-01 -1.044196e-02 1.104385e+00 2.890294e-04
8.700000e+00 3.000000e-01 2.789296e-01 8.982199e-03 1.104071e+00 3.515317e-04
8.750000e+00 3.000000e-01 2.788943e-01 -8.326099e-03 1.104470e+00 4.931064e-04
8.800000e+00 3.000000e-01 2.788803e-01 7.915998e-03 1.104228e+00 6.361391e-04
8.850000e+00 3.000000e-01 2.788307e-01 -1.139306e-02 1.104715e+00 7.390117e-04
8.900000e+00 3.000000e-01 2.788064e-01 1.623870e-02 1.104345e+00 1.126672e-03
8.950000e+00 3.000000e-01 2.787180e-01 -2.168948e-02 1.105192e+00 1.283028e-03
9.000000e+00 3.000000e-01 2.786781e-01 2.153810e-02 1.104668e+00 1.712623e-03
9.050000e+00 3.000000e-01 2.785468e-01 -1.709238e-02 1.105693e+00 2.332095e-03
9.100000e+00 3.000000e-01 2.784449e-01 1.136016e-02 1.105456e+00 2.857757e-03
9.150000e+00 3.000000e-01 2.782610e-01 -1.474476e-02 1.106593e+00 3.650800e-03
9.200000e+00 3.000000e-01 2.780798e-01 2.638764e-02 1.106415e+00 5.053450e-03
9.250000e+00 3.000000e-01 2.777556e-01 -3.746443e-02 1.108353e+00 6.175289e-03
9.300000e+00 3.000000e-01 2.774623e-01 3.210545e-02 1.108253e+00 7.961265e-03
9.350000e+00 3.000000e-01 2.769595e-01 -1.701401e-02 1.110710e+00 1.067981e-02
9.400000e+00 3.000000e-01 2.763943e-01 1.338664e-02 1.111515e+00 1.365088e-02
9.450000e+00 3.000000e-01 2.755944e-01 -3.490016e-02 1.115045e+00 1.717805e-02
9.500000e+00 3.000000e-01 2.746765e-01 5.168234e-02 1.116498e+00 2.281776e-02
9.550000e+00 3.000000e-01 2.733126e-01 -3.629332e-02 1.121774e+00 2.978455e-02
9.600000e+00 3.000000e-01 2.716980e-01 9.818831e-03 1.125175e+00 3.799613e-02
9.650000e+00 3.000000e-01 2.695130e-01 -2.410459e-02 1.132812e+00 4.931169e-02
9.700000e+00 3.000000e-01 2.667668e-01 5.277282e-02 1.138659e+00 6.516863e-02
9.750000e+00 3.000000e-01 2.629962e-01 -3.807993e-02 1.149716e+00 8.553700e-02
9.800000e+00 3.000000e-01 2.582131e-01 2.430855e-03 1.160025e+00 1.120291e-01
9.850000e+00 3.000000e-01 2.517933e-01 -1.886325e-02 1.176534e+00 1.491692e-01
9.900000e+00 3.000000e-01 2.432962e-01 2.560336e-02 1.193851e+00 2.011102e-01
9.950000e+00 3.000000e-01 2.316822e-01 -1.189269e-02 1.220646e+00 2.741623e-01
1.000000e+01 3.000000e-01 2.158800e-01 -2.738806e-03 0.000000e+00 0.000000e+00
0.000000e+00 3.200000e-01 2.415360e-01 -2.160000e+00 0.000000e+00 0.000000e+00
5.000000e-02 3.200000e-01 2.414884e-01 -2.204526e+00 1.308638e+00 3.636814e-03
1.000000e-01 3.200000e-01 2.411723e-01 -2.639149e+00 1.298734e+00 1.392015e-03
1.500000e-01 3.200000e-01 2.413492e-01 -2.063860e+00 1.288265e+00 -9.085767e-03
2.000000e-01 3.200000e-01 2.420809e-01 -1.148000e+00 1.309774e+00 -5.959034e-03
2.500000e-01 3.200000e-01 2.419451e-01 -2.163871e+00 1.330630e+00 1.199313e-02
3.000000e-01 3.200000e-01 2.408816e-01 -3.671881e+00 1.300434e+00 1.010798e-02
3.500000e-01 3.200000e-01 2.409343e-01 -2.446549e+00 1.264683e+00 -1.544981e-02
4.000000e-01 3.200000e-01 2.424266e-01 -1.525148e-01 1.296314e+00 -1.851576e-02
4.500000e-01 3.200000e-01 2.427859e-01 -1.202640e+00 1.347695e+00 1.232390e-02
5.000000e-01 3.200000e-01 2.411942e-01 -4.211290e+00 1.321387e+00 2.279854e-02
5.500000e-01 3.200000e-01 2.405060e-01 -3.852010e+00 1.252682e+00 -1.163170e-02
6.000000e-01 3.200000e-01 2.423573e-01 -2.512648e-01 1.258715e+00 -3.492966e-02
6.500000e-01 3.200000e-01 2.439990e-01 6.261132e-01 1.335192e+00 -5.063400e-03
7.000000e-01 3.200000e-01 2.428637e-01 -2.940190e+00 1.353038e+00 2.863442e-02
7.500000e-01 3.200000e-01 2.411355e-01 -5.239000e+00 1.278052e+00 6.913243e-03
8.000000e-01 3.200000e-01 2.421724e-01 -2.611614e+00 1.225452e+00 -3.886619e-02
8.500000e-01 3.200000e-01 2.450222e-01 9.947968e-01 1.274783e+00 -3.712965e-02
9.000000e-01 3.200000e-01 2.458853e-01 6.972447e-02 1.345383e+00 7.864473e-03
9.500000e-01 3.200000e-01 2.442357e-01 -3.820650e+00 1.327990e+00 2.400454e-02
1.000000e+00 3.200000e-01 2.434849e-01 -5.037422e+00 1.249966e+00 -1.454404e-02
1.050000e+00 3.200000e-01 2.456901e-01 -2.174624e+00 1.219430e+00 -5.209123e-02
1.100000e+00 3.200000e-01 2.486940e-01 6.367963e-01 1.268788e+00 -3.788304e-02
1.150000e+00 3.200000e-01 2.494784e-01 -2.435832e-01 1.319804e+00 2.495744e-03
1.200000e+00 3.200000e-01 2.484444e-01 -3.172648e+00 1.303833e+00 1.036183e-02
1.250000e+00 3.200000e-01 2.484422e-01 -4.363666e+00 1.246289e+00 -2.377134e-02
1.300000e+00 3.200000e-01 2.508216e-01 -2.777160e+00 1.215609e+00 -5.563558e-02
1.350000e+00 3.200000e-01 2.540058e-01 -6.353279e-01 1.235969e+00 -5.003118e-02
1.400000e+00 3.200000e-01 2.558247e-01 -3.042377e-01 1.269908e+00 -2.140581e-02
1.450000e+00 3.200000e-01 2.561464e-01 -1.660672e+00 1.274134e+00 -8.067904e-03
1.500000e+00 3.200000e-01 2.566315e-01 -2.931037e+00 1.245881e+00 -2.477610e-02
1.550000e+00 3.200000e-01 2.586240e-01 -2.943908e+00 1.212911e+00 -5.263411e-02
1.600000e+00 3.200000e-01 2.618949e-01 -1.976922e+00 1.198523e+00 -6.587728e-02
1.650000e+00 3.200000e-01 2.652117e-01 -1.046649e+00 1.202906e+00 -5.793216e-02
1.700000e+00 3.200000e-01 2.676881e-01 -8.130822e-01 1.210768e+00 -4.240842e-02
1.750000e+00 3.200000e-01 2.694526e-01 -1.171438e+00 1.208891e+00 -3.588655e-02
1.800000e+00 3.200000e-01 2.712767e-01 -1.632800e+00 1.194866e+00 -4.386869e-02
1.850000e+00 3.200000e-01 2.738394e-01 -1.827111e+00 1.174123e+00 -6.028611e-02
1.900000e+00 3.200000e-01 2.773054e-01 -1.681096e+00 1.153328e+00 -7.525711e-02
1.950000e+00 3.200000e-01 2.813651e-01 -1.321458e+00 1.136479e+00 -8.208464e-02
2.000000e+00 3.200000e-01 2.855138e-01 -9.143556e-01 1.124543e+00 -7.944962e-02
2.050000e+00 3.200000e-01 2.893101e-01 -5.695710e-01 1.116749e+00 -6.983616e-02
2.100000e+00 3.200000e-01 2.924974e-01 -3.249747e-01 1.111863e+00 -5.692084e-02
2.150000e+00 3.200000e-01 2.950022e-01 -1.721115e-01 1.108833e+00 -4.376296e-02
2.200000e+00 3.200000e-01 2.968737e-01 -8.548183e-02 1.106948e+00 -3.217712e-02
2.250000e+00 3.200000e-01 2.982199e-01 -4.012757e-02 1.105771e+00 -2.287178e-02
2.300000e+00 3.200000e-01 2.991609e-01 -1.791423e-02 1.105040e+00 -1.585020e-02
2.350000e+00 3.200000e-01 2.998049e-01 -7.648041e-03 1.104593e+00 -1.077868e-02
2.400000e+00 3.200000e-01 3.002388e-01 -3.144255e-03 1.104327e+00 -7.227842e-03
2.450000e+00 3.200000e-01 3.005277e-01 -1.261442e-03 1.104174e+00 -4.796380e-03
2.500000e+00 3.200000e-01 3.007184e-01 -5.098275e-04 1.104089e+00 -3.157776e-03
2.550000e+00 3.200000e-01 3.008435e-01 -2.233470e-04 1.104045e+00 -2.066168e-03
2.600000e+00 3.200000e-01 3.009250e-01 -1.194787e-04 1.104025e+00 -1.345117e-03
2.650000e+00 3.200000e-01 3.009780e-01 -8.406576e-05 1.104017e+00 -8.719039e-04
2.700000e+00 3.200000e-01 3.010122e-01 -7.306877e-05 1.104015e+00 -5.629395e-04
2.750000e+00 3.200000e-01 3.010343e-01 -7.026417e-05 1.104016e+00 -3.620906e-04
2.800000e+00 3.200000e-01 3.010484e-01 -6.996442e-05 1.104019e+00 -2.320332e-04
2.850000e+00 3.200000e-01 3.010575e-01 -7.029318e-05 1.104022e+00 -1.481269e-04
2.900000e+00 3.200000e-01 3.010632e-01 -7.068642e-05 1.104024e+00 -9.419233e-05
2.950000e+00 3.200000e-01 3.010669e-01 -7.100537e-05 1.104027e+00 -5.965241e-05
3.000000e+00 3.200000e-01 3.010692e-01 -7.123680e-05 1.104028e+00 -3.761847e-05
3.050000e+00 3.200000e-01 3.010707e-01 -7.139764e-05 1.104030e+00 -2.361971e-05
3.100000e+00 3.200000e-01 3.010716e-01 -7.150741e-05 1.104031e+00 -1.476434e-05
3.150000e+00 3.200000e-01 3.010721e-01 -7.158172e-05 1.104032e+00 -9.188258e-06
3.200000e+00 3.200000e-01 3.010725e-01 -7.163185e-05 1.104032e+00 -5.694099e-06
3.250000e+00 3.200000e-01 3.010727e-01 -7.166561e-05 1.104033e+00 -3.515647e-06
3.300000e+00 3.200000e-01 3.010728e-01 -7.168834e-05 1.104033e+00 -2.164567e-06
3.350000e+00 3.200000e-01 3.010729e-01 -7.170364e-05 1.104033e+00 -1.330994e-06
3.400000e+00 3.200000e-01 3.010730e-01 -7.171395e-05 1.104033e+00 -8.192531e-07
3.450000e+00 3.200000e-01 3.010730e-01 -7.172090e-05 1.104034e+00 -5.064314e-07
3.500000e+00 3.200000e-01 3.010730e-01 -7.172560e-05 1.104034e+00 -3.157708e-07
3.550000e+00 3.200000e-01 3.010730e-01 -7.172878e-05 1.104034e+00 -1.996449e-07
3.600000e+00 3.200000e-01 3.010730e-01 -7.173093e-05 1.104034e+00 -1.287110e-07
3.650000e+00 3.200000e-01 3.010730e-01 -7.173240e-05 1.104034e+00 -8.503012e-08
3.700000e+00 3.200000e-01 3.010731e-01 -7.173341e-05 1.104034e+00 -5.772604e-08
3.750000e+00 3.200000e-01 3.010731e-01 -7.173411e-05 1.104034e+00 -4.026142e-08
3.800000e+00 3.200000e-01 3.010731e-01 -7.173459e-05 1.104034e+00 -2.874073e-08
3.850000e+00 3.200000e-01 3.010731e-01 -7.173492e-05 1.104034e+00 -2.086057e-08
3.900000e+00 3.200000e-01 3.010731e-01 -7.173516e-05 1.104034e+00 -1.526611e-08
3.950000e+00 3.200000e-01 3.010731e-01 -7.173533e-05 1.104034e+00 -1.116074e-08
4.000000e+00 3.200000e-01 3.010731e-01 -7.173545e-05 1.104034e+00 -8.071938e-09
4.050000e+00 3.200000e-01 3.010731e-01 -7.173553e-05 1.104034e+00 -5.712975e-09
4.100000e+00 3.200000e-01 3.010731e-01 -7.173560e-05 1.104034e+00 -3.902521e-09
4.150000e+00 3.200000e-01 3.010731e-01 -7.173564e-05 1.104034e+00 -2.518838e-09
4.200000e+00 3.200000e-01 3.010731e-01 -7.173568e-05 1.104034e+00 -1.474298e-09
4.250000e+00 3.200000e-01 3.010731e-01 -7.173570e-05 1.104034e+00 -7.015505e-10
4.300000e+00 3.200000e-01 3.010731e-01 -7.173572e-05 1.104034e+00 -1.462308e-10
4.350000e+00 3.200000e-01 3.010731e-01 -7.173574e-05 1.104034e+00 2.368195e-10
4.400000e+00 3.200000e-01 3.010731e-01 -7.173575e-05 1.104034e+00 4.855094e-10
4.450000e+00 3.200000e-01 3.010731e-01 -7.173575e-05 1.104034e+00 6.315970e-10
4.500000e+00 3.200000e-01 3.010731e-01 -7.173576e-05 1.104034e+00 7.014056e-10
4.550000e+00 3.200000e-01 3.010731e-01 -7.173576e-05 1.104034e+00 7.164103e-10
4.600000e+00 3.200000e-01 3.010731e-01 -7.173577e-05 1.104034e+00 6.937939e-10
4.650000e+00 3.200000e-01 3.010731e-01 -7.173577e-05 1.104034e+00 6.469852e-10
4.700000e+00 3.200000e-01 3.010731e-01 -7.173577e-05 1.104034e+00 5.862122e-10
4.750000e+00 3.200000e-01 3.010731e-01 -7.173577e-05 1.104034e+00 5.190282e-10
4.800000e+00 3.200000e-01 3.010731e-01 -7.173577e-05 1.104034e+00 4.507977e-10
4.850000e+00 3.200000e-01 3.010731e-01 -7.173577e-05 1.104034e+00 3.851469e-10
4.900000e+00 3.200000e-01 3.010731e-01 -7.173578e-05 1.104034e+00 3.243500e-10
4.950000e+00 3.200000e-01 3.010731e-01 -7.173578e-05 1.104034e+00 2.696615e-10
5.000000e+00 3.200000e-01 3.010731e-01 -7.173578e-05 1.104034e+00 2.216027e-10
5.050000e+00 3.200000e-01 3.010731e-01 -7.173578e-05 1.104034e+00 1.801809e-10
5.100000e+00 3.200000e-01 3.010731e-01 -7.173578e-05 1.104034e+00 1.450606e-10
5.150000e+00 3.200000e-01 3.010731e-01 -7.173578e-05 1.104034e+00 1.157130e-10
5.200000e+00 3.200000e-01 3.010731e-01 -7.173578e-05 1.104034e+00 9.151069e-11
5.250000e+00 3.200000e-01 3.010731e-01 -7.173578e-05 1.104034e+00 7.180034e-11
5.300000e+00 3.200000e-01 3.010731e-01 -7.173578e-05 1.104034e+00 5.595802e-11
5.350000e+00 3.200000e-01 3.010731e-01 -7.173578e-05 1.104034e+00 4.342471e-11
5.400000e+00 3.200000e-01 3.010731e-01 -7.173578e-05 1.104034e+00 3.372969e-11
5.450000e+00 3.200000e-01 3.010731e-01 -7.173578e-05 1.104034e+00 2.650546e-11
5.500000e+00 3.200000e-01 3.010731e-01 -7.173578e-05 1.104034e+00 2.150002e-11
5.550000e+00 3.200000e-01 3.010731e-01 -7.173578e-05 1.104034e+00 1.859068e-11
5.600000e+00 3.200000e-01 3.010731e-01 -7.173578e-05 1.104034e+00 1.779799e-11
5.650000e+00 3.200000e-01 3.010731e-01 -7.173578e-05 1.104034e+00 1.929346e-11
5.700000e+00 3.200000e-01 3.010731e-01 -7.173578e-05 1.104034e+00 2.343348e-11
5.750000e+00 3.200000e-01 3.010731e-01 -7.173578e-05 1.104034e+00 3.079537e-11
5.800000e+00 3.200000e-01 3.010731e-01 -7.173578e-05 1.104034e+00 4.222012e-11
5.850000e+00 3.200000e-01 3.010731e-01 -7.173578e-05 1.104034e+00 5.888012e-11
5.900000e+00 3.200000e-01 3.010731e-01 -7.173578e-05 1.104034e+00 8.237189e-11
5.950000e+00 3.200000e-01 3.010731e-01 -7.173578e-05 1.104034e+00 1.148331e-10
6.000000e+00 3.200000e-01 3.010731e-01 -7.173578e-05 1.104034e+00 1.591022e-10
6.050000e+00 3.200000e-01 3.010731e-01 -7.173578e-05 1.104034e+00 2.189310e-10
6.100000e+00 3.200000e-01 3.010731e-01 -7.173578e-05 1.104034e+00 2.992545e-10
6.150000e+00 3.200000e-01 3.010731e-01 -7.173578e-05 1.104034e+00 4.065542e-10
6.200000e+00 3.200000e-01 3.010731e-01 -7.173578e-05 1.104034e+00 5.493284e-10
6.250000e+00 3.200000e-01 3.010731e-01 -7.173578e-05 1.104034e+00 7.387024e-10
6.300000e+00 3.200000e-01 3.010731e-01 -7.173578e-05 1.104034e+00 9.892354e-10
6.350000e+00 3.200000e-01 3.010731e-01 -7.173578e-05 1.104034e+00 1.319957e-09
6.400000e+00 3.200000e-01 3.010731e-01 -7.173578e-05 1.104034e+00 1.755730e-09
6.450000e+00 3.200000e-01 3.010731e-01 -7.173578e-05 1.104034e+00 2.329013e-09
6.500000e+00 3.200000e-01 3.010731e-01 -7.173578e-05 1.104034e+00 3.082171e-09
6.550000e+00 3.200000e-01 3.010731e-01 -7.173578e-05 1.104034e+00 4.070468e-09
6.600000e+00 3.200000e-01 3.010731e-01 -7.173578e-05 1.104034e+00 5.365968e-09
6.650000e+00 3.200000e-01 3.010731e-01 -7.173578e-05 1.104034e+00 7.062598e-09
6.700000e+00 3.200000e-01 3.010731e-01 -7.173579e-05 1.104034e+00 9.282745e-09
6.750000e+00 3.200000e-01 3.010731e-01 -7.173579e-05 1.104034e+00 1.218583e-08
6.800000e+00 3.200000e-01 3.010731e-01 -7.173579e-05 1.104034e+00 1.597945e-08
6.850000e+00 3.200000e-01 3.010731e-01 -7.173580e-05 1.104034e+00 2.093385e-08
6.900000e+00 3.200000e-01 3.010731e-01 -7.173580e-05 1.104034e+00 2.740073e-08
6.950000e+00 3.200000e-01 3.010731e-01 -7.173581e-05 1.104034e+00 3.583772e-08
7.000000e+00 3.200000e-01 3.010731e-01 -7.173582e-05 1.104034e+00 4.684007e-08
7.050000e+00 3.200000e-01 3.010730e-01 -7.173584e-05 1.104034e+00 6.118193e-08
7.100000e+00 3.200000e-01 3.010730e-01 -7.173586e-05 1.104034e+00 7.986983e-08
7.150000e+00 3.200000e-01 3.010730e-01 -7.173588e-05 1.104034e+00 1.042122e-07
7.200000e+00 3.200000e-01 3.010730e-01 -7.173591e-05 1.104034e+00 1.359095e-07
7.250000e+00 3.200000e-01 3.010730e-01 -7.173596e-05 1.104034e+00 1.771714e-07
7.300000e+00 3.200000e-01 3.010730e-01 -7.173601e-05 1.104034e+00 2.308683e-07
7.350000e+00 3.200000e-01 3.010730e-01 -7.173609e-05 1.104034e+00 3.007288e-07
7.400000e+00 3.200000e-01 3.010730e-01 -7.173618e-05 1.104034e+00 3.915949e-07
7.450000e+00 3.200000e-01 3.010730e-01 -7.173632e-05 1.104034e+00 5.097527e-07
7.500000e+00 3.200000e-01 3.010729e-01 -7.173641e-05 1.104034e+00 6.633658e-07
7.550000e+00 3.200000e-01 3.010729e-01 -7.173688e-05 1.104035e+00 8.630166e-07
7.600000e+00 3.200000e-01 3.010729e-01 -7.173624e-05 1.104035e+00 1.122485e-06
7.650000e+00 3.200000e-01 3.010728e-01 -7.173972e-05 1.104035e+00 1.459486e-06
7.700000e+00 3.200000e-01 3.010727e-01 -7.172983e-05 1.104035e+00 1.897536e-06
7.750000e+00 3.200000e-01 3.010726e-01 -7.176359e-05 1.104036e+00 2.465433e-06
7.800000e+00 3.200000e-01 3.010725e-01 -7.166206e-05 1.104036e+00 3.205731e-06
7.850000e+00 3.200000e-01 3.010723e-01 -7.196744e-05 1.104037e+00 4.158200e-06
7.900000e+00 3.200000e-01 3.010720e-01 -7.109742e-05 1.104038e+00 5.418176e-06
7.950000e+00 3.200000e-01 3.010717e-01 -7.349697e-05 1.104039e+00 6.989592e-06
8.000000e+00 3.200000e-01 3.010713e-01 -6.716723e-05 1.104040e+00 9.190966e-06
8.050000e+00 3.200000e-01 3.010708e-01 -8.318872e-05 1.104043e+00 1.164878e-05
8.100000e+00 3.200000e-01 3.010702e-01 -4.445008e-05 1.104044e+00 1.576277e-05
8.150000e+00 3.200000e-01 3.010692e-01 -1.338352e-04 1.104050e+00 1.904580e-05
8.200000e+00 3.200000e-01 3.010683e-01 6.232776e-05 1.104049e+00 2.760195e-05
8.250000e+00 3.200000e-01 3.010665e-01 -3.460117e-04 1.104065e+00 3.019390e-05
8.300000e+00 3.200000e-01 3.010653e-01 4.571181e-04 1.104053e+00 4.929818e-05
8.350000e+00 3.200000e-01 3.010615e-01 -1.029040e-03 1.104098e+00 4.689077e-05
8.400000e+00 3.200000e-01 3.010606e-01 1.544325e-03 1.104049e+00 8.697245e-05
8.450000e+00 3.200000e-01 3.010529e-01 -2.598214e-03 1.104163e+00 7.637486e-05
8.500000e+00 3.200000e-01 3.010529e-01 3.550406e-03 1.104038e+00 1.432496e-04
8.550000e+00 3.200000e-01 3.010385e-01 -4.778222e-03 1.104260e+00 1.404620e-04
8.600000e+00 3.200000e-01 3.010389e-01 5.387079e-03 1.104056e+00 2.160639e-04
8.650000e+00 3.200000e-01 3.010169e-01 -5.634502e-03 1.104363e+00 2.689400e-04
8.700000e+00 3.200000e-01 3.010120e-01 4.883429e-03 1.104163e+00 3.320475e-04
8.750000e+00 3.200000e-01 3.009837e-01 -4.173219e-03 1.104472e+00 4.584799e-04
8.800000e+00 3.200000e-01 3.009661e-01 3.919074e-03 1.104349e+00 5.863718e-04
8.850000e+00 3.200000e-01 3.009251e-01 -5.670999e-03 1.104727e+00 7.078993e-04
8.900000e+00 3.200000e-01 3.008953e-01 8.777596e-03 1.104541e+00 1.028697e-03
8.950000e+00 3.200000e-01 3.008222e-01 -1.200706e-02 1.105225e+00 1.210278e-03
9.000000e+00 3.200000e-01 3.007743e-01 1.207526e-02 1.104947e+00 1.602744e-03
9.050000e+00 3.200000e-01 3.006619e-01 -8.666346e-03 1.105820e+00 2.161767e-03
9.100000e+00 3.200000e-01 3.005581e-01 4.481809e-03 1.105851e+00 2.666221e-03
9.150000e+00 3.200000e-01 3.003953e-01 -5.902824e-03 1.106839e+00 3.434305e-03
9.200000e+00 3.200000e-01 3.002147e-01 1.396868e-02 1.107050e+00 4.677656e-03
9.250000e+00 3.200000e-01 2.999275e-01 -2.173683e-02 1.108819e+00 5.774937e-03
9.300000e+00 3.200000e-01 2.996372e-01 1.805750e-02 1.109209e+00 7.449492e-03
9.350000e+00 3.200000e-01 2.991826e-01 -5.466752e-03 1.111578e+00 9.962991e-03
9.400000e+00 3.200000e-01 2.986409e-01 1.398673e-03 1.113080e+00 1.271710e-02
9.450000e+00 3.200000e-01 2.979109e-01 -1.740937e-02 1.116558e+00 1.608969e-02
9.500000e+00 3.200000e-01 2.970320e-01 3.247012e-02 1.118966e+00 2.134589e-02
9.550000e+00 3.200000e-01 2.957763e-01 -1.952055e-02 1.124520e+00 2.787179e-02
9.600000e+00 3.200000e-01 2.942448e-01 -5.365536e-03 1.129350e+00 3.558304e-02
9.650000e+00 3.200000e-01 2.922180e-01 -4.466695e-03 1.137566e+00 4.632734e-02
9.700000e+00 3.200000e-01 2.896120e-01 3.491416e-02 1.145650e+00 6.138023e-02
9.750000e+00 3.200000e-01 2.860800e-01 -2.419275e-02 1.158493e+00 8.068330e-02
9.800000e+00 3.200000e-01 2.815437e-01 -1.236051e-02 1.172678e+00 1.058701e-01
9.850000e+00 3.200000e-01 2.754930e-01 -4.900567e-04 1.193044e+00 1.412611e-01
9.900000e+00 3.200000e-01 2.674176e-01 2.023363e-02 1.217519e+00 1.906017e-01
9.950000e+00 3.200000e-01 2.564328e-01 -3.102518e-03 1.253222e+00 2.588160e-01
1.000000e+01 3.200000e-01 2.415360e-01 2.746559e-03 0.000000e+00 0.000000e+00
0.000000e+00 3.400000e-01 2.680560e-01 -1.920000e+00 0.000000e+00 0.000000e+00
5.000000e-02 3.400000e-01 2.681356e-01 -1.710255e+00 1.352629e+00 4.290529e-03
1.000000e-01 3.400000e-01 2.676269e-01 -2.454414e+00 1.346907e+00 6.914443e-03
1.500000e-01 3.400000e-01 2.674441e-01 -2.625227e+00 1.323230e+00 -9.615520e-03
2.000000e-01 3.400000e-01 2.685885e-01 -8.966419e-01 1.334552e+00 -1.688140e-02
2.500000e-01 3.400000e-01 2.691323e-01 -5.845613e-01 1.377653e+00 1.060220e-02
3.000000e-01 3.400000e-01 2.675283e-01 -3.214428e+00 1.366082e+00 2.626556e-02
3.500000e-01 3.400000e-01 2.665057e-01 -4.030451e+00 1.302494e+00 -9.327465e-03
4.000000e-01 3.400000e-01 2.684610e-01 -6.773207e-01 1.302914e+00 -3.749297e-02
4.500000e-01 3.400000e-01 2.702550e-01 1.064044e+00 1.381398e+00 1.875828e-04
5.000000e-01 3.400000e-01 2.684423e-01 -2.528134e+00 1.398571e+00 4.248132e-02
5.500000e-01 3.400000e-01 2.660069e-01 -5.480875e+00 1.312240e+00 9.447424e-03
6.000000e-01 3.400000e-01 2.674975e-01 -2.411536e+00 1.263303e+00 -4.892546e-02
6.500000e-01 3.400000e-01 2.708994e-01 1.914134e+00 1.338942e+00 -3.208958e-02
7.000000e-01 3.400000e-01 2.707065e-01 9.100826e-02 1.413505e+00 3.412818e-02
7.500000e-01 3.400000e-01 2.674866e-01 -4.936890e+00 1.361931e+00 3.815747e-02
8.000000e-01 3.400000e-01 2.668907e-01 -5.250392e+00 1.264294e+00 -2.949510e-02
8.500000e-01 3.400000e-01 2.704361e-01 -4.033020e-01 1.269141e+00 -6.235957e-02
9.000000e-01 3.400000e-01 2.731267e-01 2.070241e+00 1.361536e+00 -1.167433e-02
9.500000e-01 3.400000e-01 2.716036e-01 -1.350162e+00 1.395214e+00 3.938889e-02
1.000000e+00 3.400000e-01 2.691878e-01 -5.223812e+00 1.325506e+00 1.300942e-02
1.050000e+00 3.400000e-01 2.703026e-01 -4.294961e+00 1.255432e+00 -4.906535e-02
1.100000e+00 3.400000e-01 2.740943e-01 -3.385998e-01 1.273996e+00 -5.879081e-02
1.150000e+00 3.400000e-01 2.761817e-01 1.069800e+00 1.339673e+00 -1.072753e-02
1.200000e+00 3.400000e-01 2.751671e-01 -1.397500e+00 1.357261e+00 2.159710e-02
1.250000e+00 3.400000e-01 2.740220e-01 -3.988937e+00 1.310235e+00 -3.588939e-03
1.300000e+00 3.400000e-01 2.755260e-01 -3.692757e+00 1.260606e+00 -4.889269e-02
1.350000e+00 3.400000e-01 2.789113e-01 -1.415251e+00 1.258461e+00 -5.916163e-02
1.400000e+00 3.400000e-01 2.814421e-01 -4.567687e-02 1.289107e+00 -3.102938e-02
1.450000e+00 3.400000e-01 2.820142e-01 -7.498480e-01 1.306158e+00 -5.963036e-03
1.500000e+00 3.400000e-01 2.820385e-01 -2.208444e+00 1.289606e+00 -1.324566e-02
1.550000e+00 3.400000e-01 2.833388e-01 -2.781574e+00 1.256799e+00 -4.172606e-02
1.600000e+00 3.400000e-01 2.862111e-01 -2.161164e+00 1.233556e+00 -6.184883e-02
1.650000e+00 3.400000e-01 2.895236e-01 -1.182525e+00 1.228651e+00 -5.920261e-02
1.700000e+00 3.400000e-01 2.921313e-01 -7.046071e-01 1.232554e+00 -4.357736e-02
1.750000e+00 3.400000e-01 2.938814e-01 -8.809101e-01 1.231839e+00 -3.324865e-02
1.800000e+00 3.400000e-01 2.954562e-01 -1.316400e+00 1.220640e+00 -3.733249e-02
1.850000e+00 3.400000e-01 2.976146e-01 -1.589692e+00 1.201354e+00 -5.191910e-02
1.900000e+00 3.400000e-01 3.006481e-01 -1.544733e+00 1.179535e+00 -6.719886e-02
1.950000e+00 3.400000e-01 3.043345e-01 -1.260626e+00 1.159606e+00 -7.551394e-02
2.000000e+00 3.400000e-01 3.081995e-01 -8.949214e-01 1.143549e+00 -7.460901e-02
2.050000e+00 3.400000e-01 3.117954e-01 -5.672991e-01 1.131522e+00 -6.646738e-02
2.100000e+00 3.400000e-01 3.148462e-01 -3.275151e-01 1.122866e+00 -5.463754e-02
2.150000e+00 3.400000e-01 3.172592e-01 -1.748078e-01 1.116770e+00 -4.223020e-02
2.200000e+00 3.400000e-01 3.190692e-01 -8.724696e-02 1.112538e+00 -3.115292e-02
2.250000e+00 3.400000e-01 3.203745e-01 -4.107080e-02 1.109638e+00 -2.219197e-02
2.300000e+00 3.400000e-01 3.212884e-01 -1.835394e-02 1.107680e+00 -1.540386e-02
2.350000e+00 3.400000e-01 3.219148e-01 -7.825992e-03 1.106376e+00 -1.048981e-02
2.400000e+00 3.400000e-01 3.223374e-01 -3.198205e-03 1.105522e+00 -7.043851e-03
2.450000e+00 3.400000e-01 3.226192e-01 -1.259426e-03 1.104969e+00 -4.681094e-03
2.500000e+00 3.400000e-01 3.228055e-01 -4.827180e-04 1.104616e+00 -3.086688e-03
2.550000e+00 3.400000e-01 3.229279e-01 -1.845427e-04 1.104393e+00 -2.023018e-03
2.600000e+00 3.400000e-01 3.230078e-01 -7.477289e-05 1.104253e+00 -1.319341e-03
2.650000e+00 3.400000e-01 3.230598e-01 -3.607550e-05 1.104166e+00 -8.567745e-04
2.700000e+00 3.400000e-01 3.230935e-01 -2.308600e-05 1.104113e+00 -5.542417e-04
2.750000e+00 3.400000e-01 3.231153e-01 -1.900068e-05 1.104080e+00 -3.572230e-04
2.800000e+00 3.400000e-01 3.231292e-01 -1.785154e-05 1.104061e+00 -2.294109e-04
2.850000e+00 3.400000e-01 3.231382e-01 -1.760901e-05 1.104049e+00 -1.467957e-04
2.900000e+00 3.400000e-01 3.231439e-01 -1.761611e-05 1.104042e+00 -9.358511e-05
2.950000e+00 3.400000e-01 3.231476e-01 -1.767389e-05 1.104038e+00 -5.943687e-05
3.000000e+00 3.400000e-01 3.231499e-01 -1.772880e-05 1.104036e+00 -3.760336e-05
3.050000e+00 3.400000e-01 3.231513e-01 -1.777050e-05 1.104035e+00 -2.369757e-05
3.100000e+00 3.400000e-01 3.231522e-01 -1.779995e-05 1.104035e+00 -1.487681e-05
3.150000e+00 3.400000e-01 3.231528e-01 -1.782017e-05 1.104034e+00 -9.305286e-06
3.200000e+00 3.400000e-01 3.231532e-01 -1.783389e-05 1.104034e+00 -5.801562e-06
3.250000e+00 3.400000e-01 3.231534e-01 -1.784317e-05 1.104034e+00 -3.608104e-06
3.300000e+00 3.400000e-01 3.231535e-01 -1.784943e-05 1.104034e+00 -2.241070e-06
3.350000e+00 3.400000e-01 3.231536e-01 -1.785365e-05 1.104034e+00 -1.392725e-06
3.400000e+00 3.400000e-01 3.231537e-01 -1.785650e-05 1.104035e+00 -8.682343e-07
3.450000e+00 3.400000e-01 3.231537e-01 -1.785842e-05 1.104035e+00 -5.448553e-07
3.500000e+00 3.400000e-01 3.231537e-01 -1.785972e-05 1.104035e+00 -3.456809e-07
3.550000e+00 3.400000e-01 3.231537e-01 -1.786060e-05 1.104035e+00 -2.228074e-07
3.600000e+00 3.400000e-01 3.231537e-01 -1.786121e-05 1.104035e+00 -1.465870e-07
3.650000e+00 3.400000e-01 3.231537e-01 -1.786162e-05 1.104035e+00 -9.879526e-08
3.700000e+00 3.400000e-01 3.231537e-01 -1.786190e-05 1.104035e+00 -6.830897e-08
3.750000e+00 3.400000e-01 3.231537e-01 -1.786209e-05 1.104035e+00 -4.838731e-08
3.800000e+00 3.400000e-01 3.231538e-01 -1.786223e-05 1.104035e+00 -3.497165e-08
3.850000e+00 3.400000e-01 3.231538e-01 -1.786232e-05 1.104035e+00 -2.563044e-08
3.900000e+00 3.400000e-01 3.231538e-01 -1.786239e-05 1.104035e+00 -1.890937e-08
3.950000e+00 3.400000e-01 3.231538e-01 -1.786244e-05 1.104035e+00 -1.393516e-08
4.000000e+00 3.400000e-01 3.231538e-01 -1.786247e-05 1.104035e+00 -1.017643e-08
4.050000e+00 3.400000e-01 3.231538e-01 -1.786249e-05 1.104035e+00 -7.301328e-09
4.100000e+00 3.400000e-01 3.231538e-01 -1.786251e-05 1.104035e+00 -5.093842e-09
4.150000e+00 3.400000e-01 3.231538e-01 -1.786252e-05 1.104035e+00 -3.405535e-09
4.200000e+00 3.400000e-01 3.231538e-01 -1.786253e-05 1.104035e+00 -2.128130e-09
4.250000e+00 3.400000e-01 3.231538e-01 -1.786254e-05 1.104035e+00 -1.178251e-09
4.300000e+00 3.400000e-01 3.231538e-01 -1.786255e-05 1.104035e+00 -4.890421e-10
4.350000e+00 3.400000e-01 3.231538e-01 -1.786255e-05 1.104035e+00 -5.578871e-12
4.400000e+00 3.400000e-01 3.231538e-01 -1.786255e-05 1.104035e+00 3.177003e-10
4.450000e+00 3.400000e-01 3.231538e-01 -1.786256e-05 1.104035e+00 5.185569e-10
4.500000e+00 3.400000e-01 3.231538e-01 -1.786256e-05 1.104035e+00 6.280187e-10
4.550000e+00 3.400000e-01 3.231538e-01 -1.786256e-05 1.104035e+00 6.712442e-10
4.600000e+00 3.400000e-01 3.231538e-01 -1.786256e-05 1.104035e+00 6.682854e-10
4.650000e+00 3.400000e-01 3.231538e-01 -1.786256e-05 1.104035e+00 6.347978e-10
4.700000e+00 3.400000e-01 3.231538e-01 -1.786256e-05 1.104035e+00 5.827233e-10
4.750000e+00 3.400000e-01 3.231538e-01 -1.786256e-05 1.104035e+00 5.209216e-10
4.800000e+00 3.400000e-01 3.231538e-01 -1.786256e-05 1.104035e+00 4.557493e-10
4.850000e+00 3.400000e-01 3.231538e-01 -1.786256e-05 1.104035e+00 3.915684e-10
4.900000e+00 3.400000e-01 3.231538e-01 -1.786256e-05 1.104035e+00 3.311940e-10
4.950000e+00 3.400000e-01 3.231538e-01 -1.786256e-05 1.104035e+00 2.762723e-10
5.000000e+00 3.400000e-01 3.231538e-01 -1.786256e-05 1.104035e+00 2.276007e-10
5.050000e+00 3.400000e-01 3.231538e-01 -1.786256e-05 1.104035e+00 1.853723e-10
5.100000e+00 3.400000e-01 3.231538e-01 -1.786256e-05 1.104035e+00 1.493761e-10
5.150000e+00 3.400000e-01 3.231538e-01 -1.786256e-05 1.104035e+00 1.191613e-10
5.200000e+00 3.400000e-01 3.231538e-01 -1.786256e-05 1.104035e+00 9.414025e-11
5.250000e+00 3.400000e-01 3.231538e-01 -1.786256e-05 1.104035e+00 7.367607e-11
5.300000e+00 3.400000e-01 3.231538e-01 -1.786256e-05 1.104035e+00 5.714762e-11
5.350000e+00 3.400000e-01 3.231538e-01 -1.786256e-05 1.104035e+00 4.398537e-11
5.400000e+00 3.400000e-01 3.231538e-01 -1.786256e-05 1.104035e+00 3.369638e-11
5.450000e+00 3.400000e-01 3.231538e-01 -1.786256e-05 1.104035e+00 2.589096e-11
5.500000e+00 3.400000e-01 3.231538e-01 -1.786256e-05 1.104035e+00 2.028766e-11
5.550000e+00 3.400000e-01 3.231538e-01 -1.786256e-05 1.104035e+00 1.672495e-11
5.600000e+00 3.400000e-01 3.231538e-01 -1.786256e-05 1.104035e+00 1.518285e-11
5.650000e+00 3.400000e-01 3.231538e-01 -1.786256e-05 1.104035e+00 1.578571e-11
5.700000e+00 3.400000e-01 3.231538e-01 -1.786256e-05 1.104035e+00 1.883049e-11
5.750000e+00 3.400000e-01 3.231538e-01 -1.786256e-05 1.104035e+00 2.481848e-11
5.800000e+00 3.400000e-01 3.231538e-01 -1.786256e-05 1.104035e+00 3.449629e-11
5.850000e+00 3.400000e-01 3.231538e-01 -1.786256e-05 1.104035e+00 4.892364e-11
5.900000e+00 3.400000e-01 3.231538e-01 -1.786256e-05 1.104035e+00 6.954437e-11
5.950000e+00 3.400000e-01 3.231538e-01 -1.786256e-05 1.104035e+00 9.830137e-11
6.000000e+00 3.400000e-01 3.231538e-01 -1.786256e-05 1.104035e+00 1.377809e-10
6.050000e+00 3.400000e-01 3.231538e-01 -1.786256e-05 1.104035e+00 1.914074e-10
6.100000e+00 3.400000e-01 3.231538e-01 -1.786256e-05 1.104035e+00 2.636952e-10
6.150000e+00 3.400000e-01 3.231538e-01 -1.786256e-05 1.104035e+00 3.605710e-10
6.200000e+00 3.400000e-01 3.231538e-01 -1.786256e-05 1.104035e+00 4.898149e-10
6.250000e+00 3.400000e-01 3.231538e-01 -1.786256e-05 1.104035e+00 6.616196e-10
6.300000e+00 3.400000e-01 3.231538e-01 -1.786256e-05 1.104035e+00 8.893281e-10
6.350000e+00 3.400000e-01 3.231538e-01 -1.786256e-05 1.104035e+00 1.190386e-09
6.400000e+00 3.400000e-01 3.231538e-01 -1.786256e-05 1.104035e+00 1.587590e-09
6.450000e+00 3.400000e-01 3.231538e-01 -1.786256e-05 1.104035e+00 2.110721e-09
6.500000e+00 3.400000e-01 3.231538e-01 -1.786256e-05 1.104035e+00 2.798649e-09
6.550000e+00 3.400000e-01 3.231538e-01 -1.786256e-05 1.104035e+00 3.702089e-09
6.600000e+00 3.400000e-01 3.231538e-01 -1.786256e-05 1.104035e+00 4.887185e-09
6.650000e+00 3.400000e-01 3.231538e-01 -1.786256e-05 1.104035e+00 6.440162e-09
6.700000e+00 3.400000e-01 3.231538e-01 -1.786257e-05 1.104035e+00 8.473380e-09
6.750000e+00 3.400000e-01 3.231538e-01 -1.786257e-05 1.104035e+00 1.113322e-08
6.800000e+00 3.400000e-01 3.231538e-01 -1.786257e-05 1.104035e+00 1.461029e-08
6.850000e+00 3.400000e-01 3.231538e-01 -1.786257e-05 1.104035e+00 1.915276e-08
6.900000e+00 3.400000e-01 3.231538e-01 -1.786257e-05 1.104035e+00 2.508361e-08
6.950000e+00 3.400000e-01 3.231537e-01 -1.786257e-05 1.104035e+00 3.282310e-08
7.000000e+00 3.400000e-01 3.231537e-01 -1.786257e-05 1.104035e+00 4.291788e-08
7.050000e+00 3.400000e-01 3.231537e-01 -1.786258e-05 1.104035e+00 5.607892e-08
7.100000e+00 3.400000e-01 3.231537e-01 -1.786258e-05 1.104035e+00 7.323060e-08
7.150000e+00 3.400000e-01 3.231537e-01 -1.786259e-05 1.104035e+00 9.557454e-08
7.200000e+00 3.400000e-01 3.231537e-01 -1.786260e-05 1.104035e+00 1.246724e-07
7.250000e+00 3.400000e-01 3.231537e-01 -1.786261e-05 1.104035e+00 1.625534e-07
7.300000e+00 3.400000e-01 3.231537e-01 -1.786262e-05 1.104035e+00 2.118537e-07
7.350000e+00 3.400000e-01 3.231537e-01 -1.786264e-05 1.104035e+00 2.759971e-07
7.400000e+00 3.400000e-01 3.231537e-01 -1.786266e-05 1.104035e+00 3.594302e-07
7.450000e+00 3.400000e-01 3.231537e-01 -1.786270e-05 1.104035e+00 4.679254e-07
7.500000e+00 3.400000e-01 3.231536e-01 -1.786271e-05 1.104036e+00 6.089778e-07
7.550000e+00 3.400000e-01 3.231536e-01 -1.786287e-05 1.104036e+00 7.923089e-07
7.600000e+00 3.400000e-01 3.231536e-01 -1.786258e-05 1.104036e+00 1.030555e-06
7.650000e+00 3.400000e-01 3.231535e-01 -1.786390e-05 1.104036e+00 1.340035e-06
7.700000e+00 3.400000e-01 3.231534e-01 -1.785988e-05 1.104037e+00 1.742171e-06
7.750000e+00 3.400000e-01 3.231533e-01 -1.787345e-05 1.104037e+00 2.263920e-06
7.800000e+00 3.400000e-01 3.231532e-01 -1.783166e-05 1.104038e+00 2.942801e-06
7.850000e+00 3.400000e-01 3.231530e-01 -1.795855e-05 1.104038e+00 3.819787e-06
7.900000e+00 3.400000e-01 3.231528e-01 -1.759123e-05 1.104039e+00 4.970025e-06
7.950000e+00 3.400000e-01 3.231525e-01 -1.861773e-05 1.104041e+00 6.430009e-06
8.000000e+00 3.400000e-01 3.231522e-01 -1.587013e-05 1.104042e+00 8.408405e-06
8.050000e+00 3.400000e-01 3.231517e-01 -2.292254e-05 1.104045e+00 1.076598e-05
8.100000e+00 3.400000e-01 3.231511e-01 -5.623484e-06 1.104047e+00 1.431528e-05
8.150000e+00 3.400000e-01 3.231503e-01 -4.611085e-05 1.104052e+00 1.781464e-05
8.200000e+00 3.400000e-01 3.231493e-01 4.402553e-05 1.104054e+00 2.469152e-05
8.250000e+00 3.400000e-01 3.231478e-01 -1.462987e-04 1.104067e+00 2.891961e-05
8.300000e+00 3.400000e-01 3.231464e-01 2.333909e-04 1.104063e+00 4.319291e-05
8.350000e+00 3.400000e-01 3.231435e-01 -4.791140e-04 1.104096e+00 4.631227e-05
8.400000e+00 3.400000e-01 3.231418e-01 7.716186e-04 1.104071e+00 7.514074e-05
8.450000e+00 3.400000e-01 3.231360e-01 -1.268242e-03 1.104151e+00 7.610611e-05
8.500000e+00 3.400000e-01 3.231342e-01 1.795963e-03 1.104082e+00 1.249220e-04
8.550000e+00 3.400000e-01 3.231235e-01 -2.396474e-03 1.104238e+00 1.346228e-04
8.600000e+00 3.400000e-01 3.231207e-01 2.753060e-03 1.104121e+00 1.952170e-04
8.650000e+00 3.400000e-01 3.231039e-01 -2.824797e-03 1.104344e+00 2.462768e-04
8.700000e+00 3.400000e-01 3.230961e-01 2.413754e-03 1.104241e+00 3.078933e-04
8.750000e+00 3.400000e-01 3.230732e-01 -1.901418e-03 1.104476e+00 4.187101e-04
8.800000e+00 3.400000e-01 3.230542e-01 1.705522e-03 1.104450e+00 5.340542e-04
8.850000e+00 3.400000e-01 3.230198e-01 -2.565233e-03 1.104746e+00 6.620358e-04
8.900000e+00 3.400000e-01 3.229880e-01 4.359059e-03 1.104711e+00 9.274479e-04
8.950000e+00 3.400000e-01 3.229270e-01 -6.196346e-03 1.105260e+00 1.120836e-03
9.000000e+00 3.400000e-01 3.228759e-01 6.247849e-03 1.105198e+00 1.474539e-03
9.050000e+00 3.400000e-01 3.227796e-01 -3.951266e-03 1.105943e+00 1.970522e-03
9.100000e+00 3.400000e-01 3.226789e-01 1.095146e-03 1.106197e+00 2.450281e-03
9.150000e+00 3.400000e-01 3.225345e-01 -1.625648e-03 1.107086e+00 3.170881e-03
9.200000e+00 3.400000e-01 3.223618e-01 6.816204e-03 1.107620e+00 4.261472e-03
9.250000e+00 3.400000e-01 3.221084e-01 -1.202654e-02 1.109254e+00 5.311763e-03
9.300000e+00 3.400000e-01 3.218306e-01 9.570600e-03 1.110084e+00 6.857472e-03
9.350000e+00 3.400000e-01 3.214226e-01 -1.502577e-04 1.112408e+00 9.131340e-03
9.400000e+00 3.400000e-01 3.209175e-01 -3.543904e-03 1.114491e+00 1.165892e-02
9.450000e+00 3.400000e-01 3.202567e-01 -7.979550e-03 1.117989e+00 1.482361e-02
9.500000e+00 3.400000e-01 3.194351e-01 2.038688e-02 1.121244e+00 1.963313e-02
9.550000e+00 3.400000e-01 3.182934e-01 -1.059199e-02 1.127113e+00 2.563118e-02
9.600000e+00 3.400000e-01 3.168720e-01 -1.107564e-02 1.133189e+00 3.277767e-02
9.650000e+00 3.400000e-01 3.150157e-01 4.778558e-03 1.142065e+00 4.279146e-02
9.700000e+00 3.400000e-01 3.125929e-01 2.429734e-02 1.152172e+00 5.679766e-02
9.750000e+00 3.400000e-01 3.093359e-01 -1.870975e-02 1.166857e+00 7.472586e-02
9.800000e+00 3.400000e-01 3.051203e-01 -1.710971e-02 1.184518e+00 9.820900e-02
9.850000e+00 3.400000e-01 2.995150e-01 9.383632e-03 1.208618e+00 1.312330e-01
9.900000e+00 3.400000e-01 2.919970e-01 1.708063e-02 1.239493e+00 1.770388e-01
9.950000e+00 3.400000e-01 2.818111e-01 -1.543181e-03 1.283226e+00 2.394098e-01
1.000000e+01 3.400000e-01 2.680560e-01 3.236531e-03 0.000000e+00 0.000000e+00
0.000000e+00 3.600000e-01 2.953440e-01 -1.680000e+00 0.000000e+00 0.000000e+00
5.000000e-02 3.600000e-01 2.955935e-01 -1.237275e+00 1.388846e+00 2.953825e-03
1.000000e-01 3.600000e-01 2.950486e-01 -1.793390e+00 1.392309e+00 1.315152e-02
1.500000e-01 3.600000e-01 2.942784e-01 -3.071803e+00 1.363583e+00 -4.143500e-03
2.000000e-01 3.600000e-01 2.954630e-01 -1.609180e+00 1.353179e+00 -2.772829e-02
2.500000e-01 3.600000e-01 2.970512e-01 6.494079e-01 1.403018e+00 -6.190917e-04
3.000000e-01 3.600000e-01 2.955249e-01 -1.432926e+00 1.425550e+00 4.017158e-02
3.500000e-01 3.600000e-01 2.930340e-01 -4.856689e+00 1.359061e+00 9.817429e-03
4.000000e-01 3.600000e-01 2.945431e-01 -2.772929e+00 1.314009e+00 -5.007747e-02
4.500000e-01 3.600000e-01 2.980418e-01 1.936712e+00 1.385288e+00 -2.593897e-02
5.000000e-01 3.600000e-01 2.971370e-01 4.600634e-01 1.453849e+00 5.046177e-02
5.500000e-01 3.600000e-01 2.929956e-01 -5.182832e+00 1.390988e+00 4.247555e-02
6.000000e-01 3.600000e-01 2.928895e-01 -5.342212e+00 1.294007e+00 -4.561029e-02
6.500000e-01 3.600000e-01 2.975566e-01 7.384293e-01 1.327004e+00 -6.514389e-02
7.000000e-01 3.600000e-01 2.994039e-01 2.826554e+00 1.436123e+00 1.943852e-02
7.500000e-01 3.600000e-01 2.956128e-01 -2.515575e+00 1.439784e+00 6.659743e-02
8.000000e-01 3.600000e-01 2.927441e-01 -6.611681e+00 1.333628e+00 -1.750091e-03
8.500000e-01 3.600000e-01 2.957878e-01 -3.254514e+00 1.281566e+00 -7.602659e-02
9.000000e-01 3.600000e-01 3.003468e-01 2.112557e+00 1.355372e+00 -4.256467e-02
9.500000e-01 3.600000e-01 3.000443e-01 1.295402e+00 1.431325e+00 3.841660e-02
1.000000e+00 3.600000e-01 2.965051e-01 -3.719534e+00 1.399109e+00 4.136871e-02
1.050000e+00 3.600000e-01 2.959074e-01 -5.511768e+00 1.314079e+00 -3.148698e-02
1.100000e+00 3.600000e-01 2.996538e-01 -2.150041e+00 1.291862e+00 -7.157946e-02
1.150000e+00 3.600000e-01 3.030653e-01 1.170993e+00 1.345847e+00 -3.081057e-02
1.200000e+00 3.600000e-01 3.027349e-01 2.375134e-01 1.388311e+00 2.213728e-02
1.250000e+00 3.600000e-01 3.008516e-01 -2.824682e+00 1.365313e+00 1.489093e-02
1.300000e+00 3.600000e-01 3.012458e-01 -3.905905e+00 1.312411e+00 -3.492631e-02
1.350000e+00 3.600000e-01 3.043442e-01 -2.207637e+00 1.289068e+00 -6.143166e-02
1.400000e+00 3.600000e-01 3.073889e-01 -2.507255e-01 1.306083e+00 -4.048424e-02
1.450000e+00 3.600000e-01 3.083927e-01 -1.636769e-01 1.327394e+00 -8.267418e-03
1.500000e+00 3.600000e-01 3.082157e-01 -1.446128e+00 1.322639e+00 -5.032720e-03
1.550000e+00 3.600000e-01 3.088959e-01 -2.381679e+00 1.295526e+00 -3.021424e-02
1.600000e+00 3.600000e-01 3.112371e-01 -2.156365e+00 1.268142e+00 -5.461791e-02
1.650000e+00 3.600000e-01 3.143577e-01 -1.284690e+00 1.254760e+00 -5.753114e-02
1.700000e+00 3.600000e-01 3.169902e-01 -6.681028e-01 1.252721e+00 -4.368391e-02
1.750000e+00 3.600000e-01 3.187261e-01 -6.709919e-01 1.251017e+00 -3.112122e-02
1.800000e+00 3.600000e-01 3.201023e-01 -1.035291e+00 1.241836e+00 -3.167432e-02
1.850000e+00 3.600000e-01 3.218936e-01 -1.341758e+00 1.224500e+00 -4.384412e-02
1.900000e+00 3.600000e-01 3.244868e-01 -1.374657e+00 1.202734e+00 -5.855823e-02
1.950000e+00 3.600000e-01 3.277494e-01 -1.163401e+00 1.180774e+00 -6.769019e-02
2.000000e+00 3.600000e-01 3.312558e-01 -8.466914e-01 1.161360e+00 -6.821579e-02
2.050000e+00 3.600000e-01 3.345710e-01 -5.459068e-01 1.145572e+00 -6.156285e-02
2.100000e+00 3.600000e-01 3.374121e-01 -3.188036e-01 1.133416e+00 -5.102005e-02
2.150000e+00 3.600000e-01 3.396730e-01 -1.714629e-01 1.124407e+00 -3.963170e-02
2.200000e+00 3.600000e-01 3.413752e-01 -8.600074e-02 1.117920e+00 -2.932444e-02
2.250000e+00 3.600000e-01 3.426054e-01 -4.060646e-02 1.113359e+00 -2.092852e-02
2.300000e+00 3.600000e-01 3.434681e-01 -1.817568e-02 1.110216e+00 -1.454545e-02
2.350000e+00 3.600000e-01 3.440600e-01 -7.753101e-03 1.108088e+00 -9.915538e-03
2.400000e+00 3.600000e-01 3.444596e-01 -3.164681e-03 1.106668e+00 -6.664931e-03
2.450000e+00 3.600000e-01 3.447265e-01 -1.240541e-03 1.105732e+00 -4.434030e-03
2.500000e+00 3.600000e-01 3.449030e-01 -4.689636e-04 1.105121e+00 -2.927217e-03
2.550000e+00 3.600000e-01 3.450192e-01 -1.722697e-04 1.104726e+00 -1.920963e-03
2.600000e+00 3.600000e-01 3.450951e-01 -6.265537e-05 1.104472e+00 -1.254514e-03
2.650000e+00 3.600000e-01 3.451446e-01 -2.370487e-05 1.104310e+00 -8.158722e-04
2.700000e+00 3.600000e-01 3.451767e-01 -1.039583e-05 1.104206e+00 -5.286030e-04
2.750000e+00 3.600000e-01 3.451975e-01 -6.034680e-06 1.104141e+00 -3.412608e-04
2.800000e+00 3.600000e-01 3.452109e-01 -4.675665e-06 1.104100e+00 -2.195476e-04
2.850000e+00 3.600000e-01 3.452194e-01 -4.282364e-06 1.104075e+00 -1.407542e-04
2.900000e+00 3.600000e-01 3.452249e-01 -4.184267e-06 1.104059e+00 -8.992374e-05
2.950000e+00 3.600000e-01 3.452284e-01 -4.169765e-06 1.104049e+00 -5.724737e-05
3.000000e+00 3.600000e-01 3.452307e-01 -4.175450e-06 1.104043e+00 -3.631661e-05
3.050000e+00 3.600000e-01 3.452321e-01 -4.183777e-06 1.104040e+00 -2.295897e-05
3.100000e+00 3.600000e-01 3.452330e-01 -4.190663e-06 1.104038e+00 -1.446689e-05
3.150000e+00 3.600000e-01 3.452335e-01 -4.195656e-06 1.104036e+00 -9.089282e-06
3.200000e+00 3.600000e-01 3.452339e-01 -4.199118e-06 1.104036e+00 -5.697517e-06
3.250000e+00 3.600000e-01 3.452341e-01 -4.201478e-06 1.104035e+00 -3.566764e-06
3.300000e+00 3.600000e-01 3.452342e-01 -4.203077e-06 1.104035e+00 -2.233284e-06
3.350000e+00 3.600000e-01 3.452343e-01 -4.204158e-06 1.104035e+00 -1.401583e-06
3.400000e+00 3.600000e-01 3.452344e-01 -4.204889e-06 1.104035e+00 -8.841930e-07
3.450000e+00 3.600000e-01 3.452344e-01 -4.205384e-06 1.104035e+00 -5.627447e-07
3.500000e+00 3.600000e-01 3.452344e-01 -4.205719e-06 1.104035e+00 -3.628761e-07
3.550000e+00 3.600000e-01 3.452344e-01 -4.205947e-06 1.104035e+00 -2.381282e-07
3.600000e+00 3.600000e-01 3.452344e-01 -4.206103e-06 1.104035e+00 -1.596433e-07
3.650000e+00 3.600000e-01 3.452344e-01 -4.206209e-06 1.104035e+00 -1.096057e-07
3.700000e+00 3.600000e-01 3.452344e-01 -4.206282e-06 1.104035e+00 -7.708301e-08
3.750000e+00 3.600000e-01 3.452345e-01 -4.206333e-06 1.104035e+00 -5.540541e-08
3.800000e+00 3.600000e-01 3.452345e-01 -4.206368e-06 1.104035e+00 -4.052251e-08
3.850000e+00 3.600000e-01 3.452345e-01 -4.206393e-06 1.104035e+00 -2.998082e-08
3.900000e+00 3.600000e-01 3.452345e-01 -4.206410e-06 1.104035e+00 -2.229202e-08
3.950000e+00 3.600000e-01 3.452345e-01 -4.206423e-06 1.104035e+00 -1.654623e-08
4.000000e+00 3.600000e-01 3.452345e-01 -4.206432e-06 1.104035e+00 -1.217760e-08
4.050000e+00 3.600000e-01 3.452345e-01 -4.206438e-06 1.104035e+00 -8.823832e-09
4.100000e+00 3.600000e-01 3.452345e-01 -4.206443e-06 1.104035e+00 -6.243100e-09
4.150000e+00 3.600000e-01 3.452345e-01 -4.206446e-06 1.104035e+00 -4.265547e-09
4.200000e+00 3.600000e-01 3.452345e-01 -4.206449e-06 1.104035e+00 -2.765413e-09
4.250000e+00 3.600000e-01 3.452345e-01 -4.206451e-06 1.104035e+00 -1.645186e-09
4.300000e+00 3.600000e-01 3.452345e-01 -4.206452e-06 1.104035e+00 -8.266676e-10
4.350000e+00 3.600000e-01 3.452345e-01 -4.206453e-06 1.104035e+00 -2.458833e-10
4.400000e+00 3.600000e-01 3.452345e-01 -4.206454e-06 1.104035e+00 1.499295e-10
4.450000e+00 3.600000e-01 3.452345e-01 -4.206455e-06 1.104035e+00 4.042350e-10
4.500000e+00 3.600000e-01 3.452345e-01 -4.206455e-06 1.104035e+00 5.525580e-10
4.550000e+00 3.600000e-01 3.452345e-01 -4.206455e-06 1.104035e+00 6.235890e-10
4.600000e+00 3.600000e-01 3.452345e-01 -4.206456e-06 1.104035e+00 6.401391e-10
4.650000e+00 3.600000e-01 3.452345e-01 -4.206456e-06 1.104035e+00 6.200074e-10
4.700000e+00 3.600000e-01 3.452345e-01 -4.206456e-06 1.104035e+00 5.767836e-10
4.750000e+00 3.600000e-01 3.452345e-01 -4.206456e-06 1.104035e+00 5.205886e-10
4.800000e+00 3.600000e-01 3.452345e-01 -4.206456e-06 1.104035e+00 4.587353e-10
4.850000e+00 3.600000e-01 3.452345e-01 -4.206456e-06 1.104035e+00 3.962930e-10
4.900000e+00 3.600000e-01 3.452345e-01 -4.206456e-06 1.104035e+00 3.366019e-10
4.950000e+00 3.600000e-01 3.452345e-01 -4.206456e-06 1.104035e+00 2.816924e-10
5.000000e+00 3.600000e-01 3.452345e-01 -4.206456e-06 1.104035e+00 2.326250e-10
5.050000e+00 3.600000e-01 3.452345e-01 -4.206456e-06 1.104035e+00 1.897776e-10
5.100000e+00 3.600000e-01 3.452345e-01 -4.206456e-06 1.104035e+00 1.530692e-10
5.150000e+00 3.600000e-01 3.452345e-01 -4.206456e-06 1.104035e+00 1.221201e-10
5.200000e+00 3.600000e-01 3.452345e-01 -4.206456e-06 1.104035e+00 9.638457e-11
5.250000e+00 3.600000e-01 3.452345e-01 -4.206456e-06 1.104035e+00 7.525036e-11
5.300000e+00 3.600000e-01 3.452345e-01 -4.206456e-06 1.104035e+00 5.809742e-11
5.350000e+00 3.600000e-01 3.452345e-01 -4.206456e-06 1.104035e+00 4.434564e-11
5.400000e+00 3.600000e-01 3.452345e-01 -4.206456e-06 1.104035e+00 3.348766e-11
5.450000e+00 3.600000e-01 3.452345e-01 -4.206456e-06 1.104035e+00 2.510936e-11
5.500000e+00 3.600000e-01 3.452345e-01 -4.206456e-06 1.104035e+00 1.889600e-11
5.550000e+00 3.600000e-01 3.452345e-01 -4.206456e-06 1.104035e+00 1.465217e-11
5.600000e+00 3.600000e-01 3.452345e-01 -4.206456e-06 1.104035e+00 1.231681e-11
5.650000e+00 3.600000e-01 3.452345e-01 -4.206456e-06 1.104035e+00 1.195710e-11
5.700000e+00 3.600000e-01 3.452345e-01 -4.206456e-06 1.104035e+00 1.380451e-11
5.750000e+00 3.600000e-01 3.452345e-01 -4.206456e-06 1.104035e+00 1.828315e-11
5.800000e+00 3.600000e-01 3.452345e-01 -4.206456e-06 1.104035e+00 2.603640e-11
5.850000e+00 3.600000e-01 3.452345e-01 -4.206456e-06 1.104035e+00 3.799128e-11
5.900000e+00 3.600000e-01 3.452345e-01 -4.206456e-06 1.104035e+00 5.542233e-11
5.950000e+00 3.600000e-01 3.452345e-01 -4.206456e-06 1.104035e+00 8.005430e-11
6.000000e+00 3.600000e-01 3.452345e-01 -4.206456e-06 1.104035e+00 1.141931e-10
6.050000e+00 3.600000e-01 3.452345e-01 -4.206457e-06 1.104035e+00 1.608952e-10
6.100000e+00 3.600000e-01 3.452345e-01 -4.206457e-06 1.104035e+00 2.241957e-10
6.150000e+00 3.600000e-01 3.452345e-01 -4.206457e-06 1.104035e+00 3.094025e-10
6.200000e+00 3.600000e-01 3.452345e-01 -4.206457e-06 1.104035e+00 4.234874e-10
6.250000e+00 3.600000e-01 3.452345e-01 -4.206457e-06 1.104035e+00 5.755890e-10
6.300000e+00 3.600000e-01 3.452345e-01 -4.206457e-06 1.104035e+00 7.776813e-10
6.350000e+00 3.600000e-01 3.452345e-01 -4.206457e-06 1.104035e+00 1.045429e-09
6.400000e+00 3.600000e-01 3.452345e-01 -4.206457e-06 1.104035e+00 1.399305e-09
6.450000e+00 3.600000e-01 3.452345e-01 -4.206457e-06 1.104035e+00 1.866067e-09
6.500000e+00 3.600000e-01 3.452345e-01 -4.206457e-06 1.104035e+00 2.480655e-09
6.550000e+00 3.600000e-01 3.452345e-01 -4.206457e-06 1.104035e+00 3.288661e-09
6.600000e+00 3.600000e-01 3.452345e-01 -4.206457e-06 1.104035e+00 4.349566e-09
6.650000e+00 3.600000e-01 3.452345e-01 -4.206457e-06 1.104035e+00 5.740921e-09
6.700000e+00 3.600000e-01 3.452345e-01 -4.206457e-06 1.104035e+00 7.563800e-09
6.750000e+00 3.600000e-01 3.452345e-01 -4.206457e-06 1.104035e+00 9.949896e-09
6.800000e+00 3.600000e-01 3.452345e-01 -4.206457e-06 1.104035e+00 1.307073e-08
6.850000e+00 3.600000e-01 3.452345e-01 -4.206458e-06 1.104035e+00 1.714961e-08
6.900000e+00 3.600000e-01 3.452345e-01 -4.206458e-06 1.104035e+00 2.247719e-08
6.950000e+00 3.600000e-01 3.452345e-01 -4.206459e-06 1.104035e+00 2.943171e-08
7.000000e+00 3.600000e-01 3.452345e-01 -4.206459e-06 1.104035e+00 3.850517e-08
7.050000e+00 3.600000e-01 3.452344e-01 -4.206460e-06 1.104035e+00 5.033747e-08
7.100000e+00 3.600000e-01 3.452344e-01 -4.206461e-06 1.104035e+00 6.576062e-08
7.150000e+00 3.600000e-01 3.452344e-01 -4.206463e-06 1.104035e+00 8.585620e-08
7.200000e+00 3.600000e-01 3.452344e-01 -4.206464e-06 1.104035e+00 1.120299e-07
7.250000e+00 3.600000e-01 3.452344e-01 -4.206467e-06 1.104035e+00 1.461081e-07
7.300000e+00 3.600000e-01 3.452344e-01 -4.206470e-06 1.104036e+00 1.904636e-07
7.350000e+00 3.600000e-01 3.452344e-01 -4.206475e-06 1.104036e+00 2.481783e-07
7.400000e+00 3.600000e-01 3.452344e-01 -4.206479e-06 1.104036e+00 3.232542e-07
7.450000e+00 3.600000e-01 3.452344e-01 -4.206489e-06 1.104036e+00 4.208872e-07
7.500000e+00 3.600000e-01 3.452344e-01 -4.206489e-06 1.104036e+00 5.478226e-07
7.550000e+00 3.600000e-01 3.452343e-01 -4.206537e-06 1.104036e+00 7.128121e-07
7.600000e+00 3.600000e-01 3.452343e-01 -4.206424e-06 1.104036e+00 9.272216e-07
7.650000e+00 3.600000e-01 3.452342e-01 -4.206899e-06 1.104037e+00 1.205762e-06
7.700000e+00 3.600000e-01 3.452342e-01 -4.205380e-06 1.104037e+00 1.567632e-06
7.750000e+00 3.600000e-01 3.452341e-01 -4.210499e-06 1.104038e+00 2.037346e-06
7.800000e+00 3.600000e-01 3.452340e-01 -4.194416e-06 1.104038e+00 2.647897e-06
7.850000e+00 3.600000e-01 3.452338e-01 -4.243801e-06 1.104039e+00 3.438402e-06
7.900000e+00 3.600000e-01 3.452336e-01 -4.098680e-06 1.104040e+00 4.470193e-06
7.950000e+00 3.600000e-01 3.452334e-01 -4.509650e-06 1.104042e+00 5.793035e-06
8.000000e+00 3.600000e-01 3.452330e-01 -3.393950e-06 1.104044e+00 7.551048e-06
8.050000e+00 3.600000e-01 3.452326e-01 -6.297383e-06 1.104046e+00 9.726504e-06
8.100000e+00 3.600000e-01 3.452321e-01 9.248556e-07 1.104049e+00 1.279773e-05
8.150000e+00 3.600000e-01 3.452313e-01 -1.621449e-05 1.104054e+00 1.621247e-05
8.200000e+00 3.600000e-01 3.452304e-01 2.247658e-05 1.104058e+00 2.185783e-05
8.250000e+00 3.600000e-01 3.452291e-01 -6.035386e-05 1.104068e+00 2.670466e-05
8.300000e+00 3.600000e-01 3.452278e-01 1.071612e-04 1.104071e+00 3.767989e-05
8.350000e+00 3.600000e-01 3.452254e-01 -2.114222e-04 1.104095e+00 4.358719e-05
8.400000e+00 3.600000e-01 3.452234e-01 3.551105e-04 1.104088e+00 6.481589e-05
8.450000e+00 3.600000e-01 3.452189e-01 -5.802239e-04 1.104145e+00 7.212361e-05
8.500000e+00 3.600000e-01 3.452162e-01 8.403123e-04 1.104115e+00 1.083364e-04
8.550000e+00 3.600000e-01 3.452081e-01 -1.120393e-03 1.104225e+00 1.247370e-04
8.600000e+00 3.600000e-01 3.452037e-01 1.299214e-03 1.104172e+00 1.736414e-04
8.650000e+00 3.600000e-01 3.451907e-01 -1.312425e-03 1.104335e+00 2.211835e-04
8.700000e+00 3.600000e-01 3.451816e-01 1.089233e-03 1.104303e+00 2.792990e-04
8.750000e+00 3.600000e-01 3.451628e-01 -7.780668e-04 1.104488e+00 3.748337e-04
8.800000e+00 3.600000e-01 3.451441e-01 6.407573e-04 1.104531e+00 4.784516e-04
8.850000e+00 3.600000e-01 3.451149e-01 -1.046163e-03 1.104775e+00 6.033801e-04
8.900000e+00 3.600000e-01 3.450838e-01 2.002215e-03 1.104851e+00 8.231902e-04
8.950000e+00 3.600000e-01 3.450326e-01 -2.989753e-03 1.105305e+00 1.015582e-03
9.000000e+00 3.600000e-01 3.449822e-01 3.003123e-03 1.105412e+00 1.329339e-03
9.050000e+00 3.600000e-01 3.448997e-01 -1.598472e-03 1.106069e+00 1.761935e-03
9.100000e+00 3.600000e-01 3.448060e-01 -1.910307e-04 1.106492e+00 2.209315e-03
9.150000e+00 3.600000e-01 3.446787e-01 2.119241e-05 1.107335e+00 2.865149e-03
9.200000e+00 3.600000e-01 3.445195e-01 3.115339e-03 1.108113e+00 3.810222e-03
9.250000e+00 3.600000e-01 3.442977e-01 -6.408263e-03 1.109669e+00 4.789344e-03
9.300000e+00 3.600000e-01 3.440406e-01 4.856594e-03 1.110861e+00 6.188091e-03
9.350000e+00 3.600000e-01 3.436789e-01 1.582767e-03 1.113195e+00 8.200162e-03
9.400000e+00 3.600000e-01 3.432206e-01 -4.456441e-03 1.115729e+00 1.048454e-02
9.450000e+00 3.600000e-01 3.426305e-01 -3.432151e-03 1.119335e+00 1.338843e-02
9.500000e+00 3.600000e-01 3.418817e-01 1.287932e-02 1.123298e+00 1.769645e-02
9.550000e+00 3.600000e-01 3.408608e-01 -6.102339e-03 1.129524e+00 2.309380e-02
9.600000e+00 3.600000e-01 3.395723e-01 -1.128987e-02 1.136643e+00 2.960215e-02
9.650000e+00 3.600000e-01 3.379006e-01 7.870577e-03 1.146260e+00 3.873437e-02
9.700000e+00 3.600000e-01 3.356989e-01 1.727688e-02 1.158137e+00 5.146342e-02
9.750000e+00 3.600000e-01 3.327542e-01 -1.638268e-02 1.174652e+00 6.774483e-02
9.800000e+00 3.600000e-01 3.289244e-01 -1.579119e-02 1.195350e+00 8.916551e-02
9.850000e+00 3.600000e-01 3.238377e-01 1.406716e-02 1.222979e+00 1.192712e-01
9.900000e+00 3.600000e-01 3.169973e-01 1.363000e-02 1.259490e+00 1.607587e-01
9.950000e+00 3.600000e-01 3.077618e-01 -2.391715e-03 1.310304e+00 2.165331e-01
1.000000e+01 3.600000e-01 2.953440e-01 1.806949e-03 0.000000e+00 0.000000e+00
0.000000e+00 3.800000e-01 3.233040e-01 -1.440000e+00 0.000000e+00 0.000000e+00
5.000000e-02 3.800000e-01 3.236894e-01 -9.640456e-01 1.416984e+00 -1.532299e-04
1.000000e-01 3.800000e-01 3.233193e-01 -8.761770e-01 1.429043e+00 1.701993e-02
1.500000e-01 3.800000e-01 3.219874e-01 -2.873983e+00 1.407659e+00 6.036812e-03
2.000000e-01 3.800000e-01 3.227156e-01 -2.760948e+00 1.377257e+00 -3.265536e-02
2.500000e-01 3.800000e-01 3.252530e-01 7.511488e-01 1.412010e+00 -1.834637e-02
3.000000e-01 3.800000e-01 3.245503e-01 7.782466e-01 1.463217e+00 4.384831e-02
3.500000e-01 3.800000e-01 3.208681e-01 -4.065179e+00 1.423298e+00 3.528901e-02
4.000000e-01 3.800000e-01 3.210214e-01 -5.004474e+00 1.347263e+00 -4.798381e-02
4.500000e-01 3.800000e-01 3.256665e-01 7.934599e-01 1.378468e+00 -5.574844e-02
5.000000e-01 3.800000e-01 3.265962e-01 3.029859e+00 1.473811e+00 4.020127e-02
5.500000e-01 3.800000e-01 3.216464e-01 -2.861695e+00 1.463541e+00 7.338421e-02
6.000000e-01 3.800000e-01 3.192578e-01 -7.025878e+00 1.356126e+00 -2.333207e-02
6.500000e-01 3.800000e-01 3.239796e-01 -2.109573e+00 1.329366e+00 -8.893599e-02
7.000000e-01 3.800000e-01 3.281514e-01 3.706035e+00 1.428632e+00 -1.098357e-02
7.500000e-01 3.800000e-01 3.250780e-01 7.072971e-01 1.487195e+00 7.915553e-02
8.000000e-01 3.800000e-01 3.202358e-01 -5.830225e+00 1.413849e+00 3.379194e-02
8.500000e-01 3.800000e-01 3.216988e-01 -5.714641e+00 1.325240e+00 -7.105727e-02
9.000000e-01 3.800000e-01 3.273416e-01 4.504439e-01 1.351385e+00 -7.157796e-02
9.500000e-01 3.800000e-01 3.288566e-01 2.842670e+00 1.438025e+00 2.189393e-02
1.000000e+00 3.800000e-01 3.251522e-01 -1.376551e+00 1.451127e+00 5.990804e-02
1.050000e+00 3.800000e-01 3.228658e-01 -5.273889e+00 1.380955e+00 -6.166264e-03
1.100000e+00 3.800000e-01 3.257688e-01 -3.684865e+00 1.328668e+00 -7.149799e-02
1.150000e+00 3.800000e-01 3.300156e-01 3.687399e-01 1.352736e+00 -4.930733e-02
1.200000e+00 3.800000e-01 3.306995e-01 1.187404e+00 1.401105e+00 1.381068e-02
1.250000e+00 3.800000e-01 3.286345e-01 -1.423959e+00 1.403486e+00 2.677124e-02
1.300000e+00 3.800000e-01 3.280224e-01 -3.441138e+00 1.361545e+00 -1.839476e-02
1.350000e+00 3.800000e-01 3.304740e-01 -2.647972e+00 1.325756e+00 -5.663058e-02
1.400000e+00 3.800000e-01 3.336855e-01 -6.349576e-01 1.325239e+00 -4.635995e-02
1.450000e+00 3.800000e-01 3.351100e-01 8.859921e-02 1.342244e+00 -1.258551e-02
1.500000e+00 3.800000e-01 3.349440e-01 -8.103423e-01 1.345637e+00 -4.982186e-04
1.550000e+00 3.800000e-01 3.351598e-01 -1.873177e+00 1.326843e+00 -1.992699e-02
1.600000e+00 3.800000e-01 3.369367e-01 -1.981485e+00 1.299782e+00 -4.554251e-02
1.650000e+00 3.800000e-01 3.397140e-01 -1.302444e+00 1.280194e+00 -5.303450e-02
1.700000e+00 3.800000e-01 3.422402e-01 -6.527408e-01 1.271656e+00 -4.208028e-02
1.750000e+00 3.800000e-01 3.439221e-01 -5.240443e-01 1.267307e+00 -2.889469e-02
1.800000e+00 3.800000e-01 3.451296e-01 -7.983119e-01 1.259072e+00 -2.672563e-02
1.850000e+00 3.800000e-01 3.465946e-01 -1.100108e+00 1.243682e+00 -3.627814e-02
1.900000e+00 3.800000e-01 3.487575e-01 -1.184144e+00 1.222663e+00 -4.970845e-02
1.950000e+00 3.800000e-01 3.515655e-01 -1.036985e+00 1.199549e+00 -5.896441e-02
2.000000e+00 3.800000e-01 3.546539e-01 -7.724903e-01 1.177529e+00 -6.052828e-02
2.050000e+00 3.800000e-01 3.576183e-01 -5.060511e-01 1.158519e+00 -5.528983e-02
2.100000e+00 3.800000e-01 3.601829e-01 -2.987364e-01 1.143221e+00 -4.617141e-02
2.150000e+00 3.800000e-01 3.622354e-01 -1.618369e-01 1.131532e+00 -3.603169e-02
2.200000e+00 3.800000e-01 3.637861e-01 -8.155844e-02 1.122947e+00 -2.673376e-02
2.250000e+00 3.800000e-01 3.649088e-01 -3.862432e-02 1.116833e+00 -1.911048e-02
2.300000e+00 3.800000e-01 3.656971e-01 -1.731885e-02 1.112582e+00 -1.329555e-02
2.350000e+00 3.800000e-01 3.662384e-01 -7.393878e-03 1.109684e+00 -9.070547e-03
2.400000e+00 3.800000e-01 3.666042e-01 -3.018217e-03 1.107736e+00 -6.101413e-03
2.450000e+00 3.800000e-01 3.668485e-01 -1.181913e-03 1.106443e+00 -4.062334e-03
2.500000e+00 3.800000e-01 3.670104e-01 -4.452722e-04 1.105592e+00 -2.684212e-03
2.550000e+00 3.800000e-01 3.671169e-01 -1.619182e-04 1.105037e+00 -1.763239e-03
2.600000e+00 3.800000e-01 3.671867e-01 -5.716210e-05 1.104676e+00 -1.152763e-03
2.650000e+00 3.800000e-01 3.672322e-01 -1.987538e-05 1.104443e+00 -7.505804e-04
2.700000e+00 3.800000e-01 3.672618e-01 -7.083141e-06 1.104294e+00 -4.869149e-04
2.750000e+00 3.800000e-01 3.672809e-01 -2.851525e-06 1.104198e+00 -3.147744e-04
2.800000e+00 3.800000e-01 3.672932e-01 -1.503335e-06 1.104137e+00 -2.028063e-04
2.850000e+00 3.800000e-01 3.673012e-01 -1.091451e-06 1.104099e+00 -1.302321e-04
2.900000e+00 3.800000e-01 3.673063e-01 -9.723232e-07 1.104074e+00 -8.335274e-05
2.950000e+00 3.800000e-01 3.673095e-01 -9.409178e-07 1.104059e+00 -5.317441e-05
3.000000e+00 3.800000e-01 3.673116e-01 -9.343502e-07 1.104050e+00 -3.381453e-05
3.050000e+00 3.800000e-01 3.673129e-01 -9.341506e-07 1.104044e+00 -2.143870e-05
3.100000e+00 3.800000e-01 3.673137e-01 -9.352046e-07 1.104040e+00 -1.355590e-05
3.150000e+00 3.800000e-01 3.673143e-01 -9.362406e-07 1.104038e+00 -8.553180e-06
3.200000e+00 3.800000e-01 3.673146e-01 -9.370263e-07 1.104037e+00 -5.389708e-06
3.250000e+00 3.800000e-01 3.673148e-01 -9.375794e-07 1.104036e+00 -3.396188e-06
3.300000e+00 3.800000e-01 3.673149e-01 -9.379587e-07 1.104036e+00 -2.143834e-06
3.350000e+00 3.800000e-01 3.673150e-01 -9.382167e-07 1.104036e+00 -1.359030e-06
3.400000e+00 3.800000e-01 3.673151e-01 -9.383916e-07 1.104035e+00 -8.679060e-07
3.450000e+00 3.800000e-01 3.673151e-01 -9.385103e-07 1.104035e+00 -5.604799e-07
3.500000e+00 3.800000e-01 3.673151e-01 -9.385909e-07 1.104035e+00 -3.675143e-07
3.550000e+00 3.800000e-01 3.673151e-01 -9.386458e-07 1.104035e+00 -2.456454e-07
3.600000e+00 3.800000e-01 3.673151e-01 -9.386833e-07 1.104035e+00 -1.678583e-07
3.650000e+00 3.800000e-01 3.673151e-01 -9.387090e-07 1.104035e+00 -1.174137e-07
3.700000e+00 3.800000e-01 3.673152e-01 -9.387268e-07 1.104035e+00 -8.399257e-08
3.750000e+00 3.800000e-01 3.673152e-01 -9.387390e-07 1.104035e+00 -6.126160e-08
3.800000e+00 3.800000e-01 3.673152e-01 -9.387476e-07 1.104035e+00 -4.534487e-08
3.850000e+00 3.800000e-01 3.673152e-01 -9.387537e-07 1.104035e+00 -3.387042e-08
3.900000e+00 3.800000e-01 3.673152e-01 -9.387579e-07 1.104035e+00 -2.537991e-08
3.950000e+00 3.800000e-01 3.673152e-01 -9.387610e-07 1.104035e+00 -1.896630e-08
4.000000e+00 3.800000e-01 3.673152e-01 -9.387632e-07 1.104035e+00 -1.405335e-08
4.050000e+00 3.800000e-01 3.673152e-01 -9.387648e-07 1.104035e+00 -1.026306e-08
4.100000e+00 3.800000e-01 3.673152e-01 -9.387660e-07 1.104035e+00 -7.336650e-09
4.150000e+00 3.800000e-01 3.673152e-01 -9.387668e-07 1.104035e+00 -5.088265e-09
4.200000e+00 3.800000e-01 3.673152e-01 -9.387675e-07 1.104035e+00 -3.377941e-09
4.250000e+00 3.800000e-01 3.673152e-01 -9.387679e-07 1.104035e+00 -2.096044e-09
4.300000e+00 3.800000e-01 3.673152e-01 -9.387683e-07 1.104035e+00 -1.154283e-09
4.350000e+00 3.800000e-01 3.673152e-01 -9.387686e-07 1.104035e+00 -4.804229e-10
4.400000e+00 3.800000e-01 3.673152e-01 -9.387688e-07 1.104035e+00 -1.502576e-11
4.450000e+00 3.800000e-01 3.673152e-01 -9.387689e-07 1.104035e+00 2.907186e-10
4.500000e+00 3.800000e-01 3.673152e-01 -9.387690e-07 1.104035e+00 4.765810e-10
4.550000e+00 3.800000e-01 3.673152e-01 -9.387691e-07 1.104035e+00 5.745976e-10
4.600000e+00 3.800000e-01 3.673152e-01 -9.387692e-07 1.104035e+00 6.102002e-10
4.650000e+00 3.800000e-01 3.673152e-01 -9.387692e-07 1.104035e+00 6.032252e-10
4.700000e+00 3.800000e-01 3.673152e-01 -9.387692e-07 1.104035e+00 5.688305e-10
4.750000e+00 3.800000e-01 3.673152e-01 -9.387693e-07 1.104035e+00 5.183393e-10
4.800000e+00 3.800000e-01 3.673152e-01 -9.387693e-07 1.104035e+00 4.599676e-10
4.850000e+00 3.800000e-01 3.673152e-01 -9.387693e-07 1.104035e+00 3.994632e-10
4.900000e+00 3.800000e-01 3.673152e-01 -9.387693e-07 1.104035e+00 3.406703e-10
4.950000e+00 3.800000e-01 3.673152e-01 -9.387693e-07 1.104035e+00 2.859796e-10
5.000000e+00 3.800000e-01 3.673152e-01 -9.387693e-07 1.104035e+00 2.367112e-10
5.050000e+00 3.800000e-01 3.673152e-01 -9.387693e-07 1.104035e+00 1.934231e-10
5.100000e+00 3.800000e-01 3.673152e-01 -9.387693e-07 1.104035e+00 1.561512e-10
5.150000e+00 3.800000e-01 3.673152e-01 -9.387693e-07 1.104035e+00 1.245931e-10
5.200000e+00 3.800000e-01 3.673152e-01 -9.387693e-07 1.104035e+00 9.824808e-11
5.250000e+00 3.800000e-01 3.673152e-01 -9.387693e-07 1.104035e+00 7.652434e-11
5.300000e+00 3.800000e-01 3.673152e-01 -9.387693e-07 1.104035e+00 5.880740e-11
5.350000e+00 3.800000e-01 3.673152e-01 -9.387693e-07 1.104035e+00 4.451162e-11
5.400000e+00 3.800000e-01 3.673152e-01 -9.387693e-07 1.104035e+00 3.311074e-11
5.450000e+00 3.800000e-01 3.673152e-01 -9.387694e-07 1.104035e+00 2.416789e-11
5.500000e+00 3.800000e-01 3.673152e-01 -9.387694e-07 1.104035e+00 1.734057e-11
5.550000e+00 3.800000e-01 3.673152e-01 -9.387694e-07 1.104035e+00 1.239620e-11
5.600000e+00 3.800000e-01 3.673152e-01 -9.387694e-07 1.104035e+00 9.225953e-12
5.650000e+00 3.800000e-01 3.673152e-01 -9.387694e-07 1.104035e+00 7.842060e-12
5.700000e+00 3.800000e-01 3.673152e-01 -9.387694e-07 1.104035e+00 8.409939e-12
5.750000e+00 3.800000e-01 3.673152e-01 -9.387694e-07 1.104035e+00 1.126044e-11
5.800000e+00 3.800000e-01 3.673152e-01 -9.387694e-07 1.104035e+00 1.692757e-11
5.850000e+00 3.800000e-01 3.673152e-01 -9.387694e-07 1.104035e+00 2.619627e-11
5.900000e+00 3.800000e-01 3.673152e-01 -9.387694e-07 1.104035e+00 4.015455e-11
5.950000e+00 3.800000e-01 3.673152e-01 -9.387694e-07 1.104035e+00 6.028900e-11
6.000000e+00 3.800000e-01 3.673152e-01 -9.387694e-07 1.104035e+00 8.859413e-11
6.050000e+00 3.800000e-01 3.673152e-01 -9.387694e-07 1.104035e+00 1.277228e-10
6.100000e+00 3.800000e-01 3.673152e-01 -9.387694e-07 1.104035e+00 1.811862e-10
6.150000e+00 3.800000e-01 3.673152e-01 -9.387694e-07 1.104035e+00 2.536082e-10
6.200000e+00 3.800000e-01 3.673152e-01 -9.387694e-07 1.104035e+00 3.510703e-10
6.250000e+00 3.800000e-01 3.673152e-01 -9.387694e-07 1.104035e+00 4.815559e-10
6.300000e+00 3.800000e-01 3.673152e-01 -9.387694e-07 1.104035e+00 6.555284e-10
6.350000e+00 3.800000e-01 3.673152e-01 -9.387694e-07 1.104035e+00 8.866891e-10
6.400000e+00 3.800000e-01 3.673152e-01 -9.387694e-07 1.104035e+00 1.192960e-09
6.450000e+00 3.800000e-01 3.673152e-01 -9.387694e-07 1.104035e+00 1.597769e-09
6.500000e+00 3.800000e-01 3.673152e-01 -9.387694e-07 1.104035e+00 2.131725e-09
6.550000e+00 3.800000e-01 3.673152e-01 -9.387694e-07 1.104035e+00 2.834788e-09
6.600000e+00 3.800000e-01 3.673152e-01 -9.387694e-07 1.104035e+00 3.759102e-09
6.650000e+00 3.800000e-01 3.673152e-01 -9.387694e-07 1.104035e+00 4.972672e-09
6.700000e+00 3.800000e-01 3.673152e-01 -9.387695e-07 1.104035e+00 6.564151e-09
6.750000e+00 3.800000e-01 3.673152e-01 -9.387695e-07 1.104035e+00 8.649078e-09
6.800000e+00 3.800000e-01 3.673152e-01 -9.387695e-07 1.104035e+00 1.137795e-08
6.850000e+00 3.800000e-01 3.673152e-01 -9.387696e-07 1.104035e+00 1.494674e-08
6.900000e+00 3.800000e-01 3.673152e-01 -9.387697e-07 1.104035e+00 1.961056e-08
6.950000e+00 3.800000e-01 3.673152e-01 -9.387698e-07 1.104035e+00 2.570138e-08
7.000000e+00 3.800000e-01 3.673152e-01 -9.387699e-07 1.104036e+00 3.365113e-08
7.050000e+00 3.800000e-01 3.673152e-01 -9.387701e-07 1.104036e+00 4.402155e-08
7.100000e+00 3.800000e-01 3.673152e-01 -9.387704e-07 1.104036e+00 5.754310e-08
7.150000e+00 3.800000e-01 3.673152e-01 -9.387707e-07 1.104036e+00 7.516535e-08
7.200000e+00 3.800000e-01 3.673151e-01 -9.387711e-07 1.104036e+00 9.812246e-08
7.250000e+00 3.800000e-01 3.673151e-01 -9.387716e-07 1.104036e+00 1.280181e-07
7.300000e+00 3.800000e-01 3.673151e-01 -9.387723e-07 1.104036e+00 1.669356e-07
7.350000e+00 3.800000e-01 3.673151e-01 -9.387733e-07 1.104036e+00 2.175809e-07
7.400000e+00 3.800000e-01 3.673151e-01 -9.387743e-07 1.104036e+00 2.834680e-07
7.450000e+00 3.800000e-01 3.673151e-01 -9.387766e-07 1.104036e+00 3.691591e-07
7.500000e+00 3.800000e-01 3.673151e-01 -9.387755e-07 1.104036e+00 4.805765e-07
7.550000e+00 3.800000e-01 3.673151e-01 -9.387901e-07 1.104036e+00 6.254053e-07
7.600000e+00 3.800000e-01 3.673150e-01 -9.387496e-07 1.104037e+00 8.136220e-07
7.650000e+00 3.800000e-01 3.673150e-01 -9.389111e-07 1.104037e+00 1.058154e-06
7.700000e+00 3.800000e-01 3.673149e-01 -9.383751e-07 1.104037e+00 1.375821e-06
7.750000e+00 3.800000e-01 3.673148e-01 -9.401891e-07 1.104038e+00 1.788263e-06
7.800000e+00 3.800000e-01 3.673147e-01 -9.343896e-07 1.104039e+00 2.324088e-06
7.850000e+00 3.800000e-01 3.673146e-01 -9.524110e-07 1.104040e+00 3.018701e-06
7.900000e+00 3.800000e-01 3.673144e-01 -8.986932e-07 1.104041e+00 3.922935e-06
7.950000e+00 3.800000e-01 3.673142e-01 -1.052844e-06 1.104042e+00 5.088686e-06
8.000000e+00 3.800000e-01 3.673139e-01 -6.285732e-07 1.104044e+00 6.621060e-06
8.050000e+00 3.800000e-01 3.673135e-01 -1.747664e-06 1.104047e+00 8.557938e-06
8.100000e+00 3.800000e-01 3.673131e-01 1.074136e-06 1.104051e+00 1.119203e-05
8.150000e+00 3.800000e-01 3.673124e-01 -5.713271e-06 1.104056e+00 1.432648e-05
8.200000e+00 3.800000e-01 3.673116e-01 9.816202e-06 1.104061e+00 1.899992e-05
8.250000e+00 3.800000e-01 3.673105e-01 -2.387434e-05 1.104070e+00 2.380546e-05
8.300000e+00 3.800000e-01 3.673093e-01 4.515914e-05 1.104076e+00 3.243968e-05
8.350000e+00 3.800000e-01 3.673073e-01 -8.781678e-05 1.104096e+00 3.931154e-05
8.400000e+00 3.800000e-01 3.673053e-01 1.515685e-04 1.104100e+00 5.534690e-05
8.450000e+00 3.800000e-01 3.673017e-01 -2.481922e-04 1.104142e+00 6.537373e-05
8.500000e+00 3.800000e-01 3.672988e-01 3.650702e-04 1.104139e+00 9.276813e-05
8.550000e+00 3.800000e-01 3.672925e-01 -4.878676e-04 1.104219e+00 1.116112e-04
8.600000e+00 3.800000e-01 3.672876e-01 5.679866e-04 1.104211e+00 1.512439e-04
8.650000e+00 3.800000e-01 3.672773e-01 -5.647842e-04 1.104334e+00 1.938847e-04
8.700000e+00 3.800000e-01 3.672682e-01 4.494038e-04 1.104352e+00 2.466974e-04
8.750000e+00 3.800000e-01 3.672527e-01 -2.812287e-04 1.104505e+00 3.276020e-04
8.800000e+00 3.800000e-01 3.672355e-01 1.978126e-04 1.104595e+00 4.191113e-04
8.850000e+00 3.800000e-01 3.672108e-01 -3.806032e-04 1.104811e+00 5.341861e-04
8.900000e+00 3.800000e-01 3.671821e-01 8.557535e-04 1.104962e+00 7.155902e-04
8.950000e+00 3.800000e-01 3.671392e-01 -1.354285e-03 1.105359e+00 8.961803e-04
9.000000e+00 3.800000e-01 3.670924e-01 1.349247e-03 1.105590e+00 1.168794e-03
9.050000e+00 3.800000e-01 3.670223e-01 -5.611598e-04 1.106195e+00 1.538703e-03
9.100000e+00 3.800000e-01 3.669386e-01 -4.657623e-04 1.106737e+00 1.943941e-03
9.150000e+00 3.800000e-01 3.668279e-01 4.223452e-04 1.107578e+00 2.522603e-03
9.200000e+00 3.800000e-01 3.666863e-01 1.357716e-03 1.108528e+00 3.328044e-03
9.250000e+00 3.800000e-01 3.664951e-01 -3.305003e-03 1.110057e+00 4.212500e-03
9.300000e+00 3.800000e-01 3.662651e-01 2.392534e-03 1.111533e+00 5.446766e-03
9.350000e+00 3.800000e-01 3.659505e-01 1.651243e-03 1.113925e+00 7.184085e-03
9.400000e+00 3.800000e-01 3.655466e-01 -3.639523e-03 1.116793e+00 9.203076e-03
9.450000e+00 3.800000e-01 3.650301e-01 -1.412669e-03 1.120572e+00 1.179605e-02
9.500000e+00 3.800000e-01 3.643670e-01 8.045020e-03 1.125109e+00 1.555756e-02
9.550000e+00 3.800000e-01 3.634744e-01 -3.790433e-03 1.131710e+00 2.029323e-02
9.600000e+00 3.800000e-01 3.623377e-01 -8.994986e-03 1.139682e+00 2.608343e-02
9.650000e+00 3.800000e-01 3.608660e-01 7.744876e-03 1.150080e+00 3.419372e-02
9.700000e+00 3.800000e-01 3.589183e-01 1.178681e-02 1.163479e+00 4.544057e-02
9.750000e+00 3.800000e-01 3.563220e-01 -1.419659e-02 1.181714e+00 5.984079e-02
9.800000e+00 3.800000e-01 3.529343e-01 -1.152819e-02 1.205016e+00 7.887846e-02
9.850000e+00 3.800000e-01 3.484341e-01 1.481428e-02 1.235886e+00 1.055768e-01
9.900000e+00 3.800000e-01 3.423766e-01 9.338725e-03 1.277284e+00 1.421084e-01
9.950000e+00 3.800000e-01 3.342233e-01 -3.323639e-03 1.334182e+00 1.907259e-01
1.000000e+01 3.800000e-01 3.233040e-01 5.514095e-05 0.000000e+00 0.000000e+00
0.000000e+00 4.000000e-01 3.518400e-01 -1.200000e+00 0.000000e+00 0.000000e+00
5.000000e-02 4.000000e-01 3.522729e-01 -9.050592e-01 1.438905e+00 -3.703227e-03
1.000000e-01 4.000000e-01 3.522103e-01 -9.744369e-02 1.453966e+00 1.688174e-02
1.500000e-01 4.000000e-01 3.505847e-01 -2.028525e+00 1.447941e+00 1.657082e-02
2.000000e-01 4.000000e-01 3.505532e-01 -3.538936e+00 1.411209e+00 -2.946897e-02
2.500000e-01 4.000000e-01 3.535316e-01 -1.529796e-01 1.417893e+00 -3.500307e-02
3.000000e-01 4.000000e-01 3.540535e-01 2.302591e+00 1.475310e+00 3.565648e-02
3.500000e-01 4.000000e-01 3.499660e-01 -2.055016e+00 1.475908e+00 5.619904e-02
4.000000e-01 4.000000e-01 3.484336e-01 -5.981739e+00 1.401582e+00 -3.214547e-02
4.500000e-01 4.000000e-01 3.531805e-01 -1.438960e+00 1.383516e+00 -7.655838e-02
5.000000e-01 4.000000e-01 3.560895e-01 3.981790e+00 1.465709e+00 1.643272e-02
5.500000e-01 4.000000e-01 3.515372e-01 1.977071e-01 1.507005e+00 8.954959e-02
6.000000e-01 4.000000e-01 3.471345e-01 -6.591182e+00 1.431365e+00 8.059665e-03
6.500000e-01 4.000000e-01 3.507313e-01 -4.772660e+00 1.361548e+00 -9.414611e-02
7.000000e-01 4.000000e-01 3.565491e-01 2.692960e+00 1.413654e+00 -4.369328e-02
7.500000e-01 4.000000e-01 3.551006e-01 3.179531e+00 1.497774e+00 7.251066e-02
8.000000e-01 4.000000e-01 3.492981e-01 -3.528441e+00 1.478865e+00 6.303193e-02
8.500000e-01 4.000000e-01 3.487974e-01 -6.557722e+00 1.390553e+00 -5.104097e-02
9.000000e-01 4.000000e-01 3.544022e-01 -1.641757e+00 1.366124e+00 -8.767843e-02
9.500000e-01 4.000000e-01 3.575653e-01 2.983464e+00 1.429728e+00 -1.480157e-03
1.000000e+00 4.000000e-01 3.545502e-01 7.356684e-01 1.474376e+00 6.419643e-02
1.050000e+00 4.000000e-01 3.511456e-01 -3.945775e+00 1.438326e+00 1.749623e-02
1.100000e+00 4.000000e-01 3.528006e-01 -4.288057e+00 1.377578e+00 -6.029190e-02
1.150000e+00 4.000000e-01 3.571748e-01 -6.499271e-01 1.368402e+00 -5.978524e-02
1.200000e+00 4.000000e-01 3.587791e-01 1.409128e+00 1.404432e+00 1.837309e-03
1.250000e+00 4.000000e-01 3.569911e-01 -2.582774e-01 1.424042e+00 3.071499e-02
1.300000e+00 4.000000e-01 3.557076e-01 -2.594061e+00 1.400693e+00 -3.834073e-03
1.350000e+00 4.000000e-01 3.573745e-01 -2.640796e+00 1.363137e+00 -4.690941e-02
1.400000e+00 4.000000e-01 3.603985e-01 -9.492354e-01 1.347103e+00 -4.707946e-02
1.450000e+00 4.000000e-01 3.620824e-01 1.161752e-01 1.354244e+00 -1.642649e-02
1.500000e+00 4.000000e-01 3.620412e-01 -3.670958e-01 1.360833e+00 1.127628e-03
1.550000e+00 4.000000e-01 3.619697e-01 -1.367537e+00 1.350327e+00 -1.187230e-02
1.600000e+00 4.000000e-01 3.632284e-01 -1.691580e+00 1.326708e+00 -3.595821e-02
1.650000e+00 4.000000e-01 3.655655e-01 -1.223842e+00 1.303595e+00 -4.628059e-02
1.700000e+00 4.000000e-01 3.678565e-01 -6.224928e-01 1.289114e+00 -3.852907e-02
1.750000e+00 4.000000e-01 3.694184e-01 -4.174351e-01 1.281211e+00 -2.608769e-02
1.800000e+00 4.000000e-01 3.704652e-01 -6.040053e-01 1.272933e+00 -2.222436e-02
1.850000e+00 4.000000e-01 3.716408e-01 -8.745068e-01 1.259178e+00 -2.928069e-02
1.900000e+00 4.000000e-01 3.733933e-01 -9.838665e-01 1.239254e+00 -4.090534e-02
1.950000e+00 4.000000e-01 3.757314e-01 -8.885927e-01 1.215644e+00 -4.963645e-02
2.000000e+00 4.000000e-01 3.783569e-01 -6.760302e-01 1.191695e+00 -5.180363e-02
2.050000e+00 4.000000e-01 3.809117e-01 -4.492673e-01 1.170026e+00 -4.783954e-02
2.100000e+00 4.000000e-01 3.831409e-01 -2.678184e-01 1.152008e+00 -4.022524e-02
2.150000e+00 4.000000e-01 3.849343e-01 -1.460450e-01 1.137944e+00 -3.152221e-02
2.200000e+00 4.000000e-01 3.862931e-01 -7.392111e-02 1.127477e+00 -2.344477e-02
2.250000e+00 4.000000e-01 3.872787e-01 -3.510551e-02 1.119963e+00 -1.678264e-02
2.300000e+00 4.000000e-01 3.879714e-01 -1.576799e-02 1.114712e+00 -1.168571e-02
2.350000e+00 4.000000e-01 3.884473e-01 -6.738144e-03 1.111118e+00 -7.976935e-03
2.400000e+00 4.000000e-01 3.887691e-01 -2.751595e-03 1.108696e+00 -5.368626e-03
2.450000e+00 4.000000e-01 3.889842e-01 -1.077373e-03 1.107081e+00 -3.576506e-03
2.500000e+00 4.000000e-01 3.891267e-01 -4.055425e-04 1.106015e+00 -2.364773e-03
2.550000e+00 4.000000e-01 3.892206e-01 -1.470965e-04 1.105316e+00 -1.554591e-03
2.600000e+00 4.000000e-01 3.892822e-01 -5.154586e-05 1.104860e+00 -1.017230e-03
2.650000e+00 4.000000e-01 3.893224e-01 -1.752902e-05 1.104564e+00 -6.629626e-04
2.700000e+00 4.000000e-01 3.893485e-01 -5.850089e-06 1.104373e+00 -4.305235e-04
2.750000e+00 4.000000e-01 3.893654e-01 -1.978951e-06 1.104250e+00 -2.786371e-04
2.800000e+00 4.000000e-01 3.893763e-01 -7.394159e-07 1.104171e+00 -1.797507e-04
2.850000e+00 4.000000e-01 3.893834e-01 -3.561148e-07 1.104120e+00 -1.155919e-04
2.900000e+00 4.000000e-01 3.893879e-01 -2.419028e-07 1.104088e+00 -7.410433e-05
2.950000e+00 4.000000e-01 3.893908e-01 -2.093441e-07 1.104068e+00 -4.736608e-05
3.000000e+00 4.000000e-01 3.893926e-01 -2.006492e-07 1.104056e+00 -3.019118e-05
3.050000e+00 4.000000e-01 3.893938e-01 -1.986179e-07 1.104048e+00 -1.919623e-05
3.100000e+00 4.000000e-01 3.893946e-01 -1.983222e-07 1.104043e+00 -1.218122e-05
3.150000e+00 4.000000e-01 3.893950e-01 -1.984153e-07 1.104040e+00 -7.720336e-06
3.200000e+00 4.000000e-01 3.893953e-01 -1.985556e-07 1.104038e+00 -4.892622e-06
3.250000e+00 4.000000e-01 3.893955e-01 -1.986705e-07 1.104037e+00 -3.105281e-06
3.300000e+00 4.000000e-01 3.893956e-01 -1.987532e-07 1.104036e+00 -1.978139e-06
3.350000e+00 4.000000e-01 3.893957e-01 -1.988104e-07 1.104036e+00 -1.268319e-06
3.400000e+00 4.000000e-01 3.893958e-01 -1.988495e-07 1.104036e+00 -8.212933e-07
3.450000e+00 4.000000e-01 3.893958e-01 -1.988761e-07 1.104036e+00 -5.391683e-07
3.500000e+00 4.000000e-01 3.893958e-01 -1.988943e-07 1.104036e+00 -3.602138e-07
3.550000e+00 4.000000e-01 3.893958e-01 -1.989066e-07 1.104036e+00 -2.456877e-07
3.600000e+00 4.000000e-01 3.893959e-01 -1.989151e-07 1.104036e+00 -1.713925e-07
3.650000e+00 4.000000e-01 3.893959e-01 -1.989209e-07 1.104036e+00 -1.222854e-07
3.700000e+00 4.000000e-01 3.893959e-01 -1.989250e-07 1.104036e+00 -8.905275e-08
3.750000e+00 4.000000e-01 3.893959e-01 -1.989278e-07 1.104036e+00 -6.594543e-08
3.800000e+00 4.000000e-01 3.893959e-01 -1.989297e-07 1.104036e+00 -4.941713e-08
3.850000e+00 4.000000e-01 3.893959e-01 -1.989311e-07 1.104036e+00 -3.727429e-08
3.900000e+00 4.000000e-01 3.893959e-01 -1.989321e-07 1.104036e+00 -2.814883e-08
3.950000e+00 4.000000e-01 3.893959e-01 -1.989328e-07 1.104036e+00 -2.117370e-08
4.000000e+00 4.000000e-01 3.893959e-01 -1.989333e-07 1.104036e+00 -1.578523e-08
4.050000e+00 4.000000e-01 3.893959e-01 -1.989337e-07 1.104036e+00 -1.160372e-08
4.100000e+00 4.000000e-01 3.893959e-01 -1.989339e-07 1.104036e+00 -8.362124e-09
4.150000e+00 4.000000e-01 3.893959e-01 -1.989341e-07 1.104036e+00 -5.863841e-09
4.200000e+00 4.000000e-01 3.893959e-01 -1.989343e-07 1.104036e+00 -3.957967e-09
4.250000e+00 4.000000e-01 3.893959e-01 -1.989344e-07 1.104036e+00 -2.524792e-09
4.300000e+00 4.000000e-01 3.893959e-01 -1.989345e-07 1.104036e+00 -1.467228e-09
4.350000e+00 4.000000e-01 3.893959e-01 -1.989346e-07 1.104036e+00 -7.056294e-10
4.400000e+00 4.000000e-01 3.893959e-01 -1.989346e-07 1.104036e+00 -1.744538e-10
4.450000e+00 4.000000e-01 3.893959e-01 -1.989346e-07 1.104036e+00 1.800543e-10
4.500000e+00 4.000000e-01 3.893959e-01 -1.989347e-07 1.104036e+00 4.016187e-10
4.550000e+00 4.000000e-01 3.893959e-01 -1.989347e-07 1.104036e+00 5.254058e-10
4.600000e+00 4.000000e-01 3.893959e-01 -1.989347e-07 1.104036e+00 5.793049e-10
4.650000e+00 4.000000e-01 3.893959e-01 -1.989347e-07 1.104036e+00 5.850603e-10
4.700000e+00 4.000000e-01 3.893959e-01 -1.989347e-07 1.104036e+00 5.593020e-10
4.750000e+00 4.000000e-01 3.893959e-01 -1.989347e-07 1.104036e+00 5.144807e-10
4.800000e+00 4.000000e-01 3.893959e-01 -1.989347e-07 1.104036e+00 4.596606e-10
4.850000e+00 4.000000e-01 3.893959e-01 -1.989347e-07 1.104036e+00 4.012274e-10
4.900000e+00 4.000000e-01 3.893959e-01 -1.989347e-07 1.104036e+00 3.434963e-10
4.950000e+00 4.000000e-01 3.893959e-01 -1.989347e-07 1.104036e+00 2.892003e-10
5.000000e+00 4.000000e-01 3.893959e-01 -1.989347e-07 1.104036e+00 2.399009e-10
5.050000e+00 4.000000e-01 3.893959e-01 -1.989347e-07 1.104036e+00 1.963280e-10
5.100000e+00 4.000000e-01 3.893959e-01 -1.989347e-07 1.104036e+00 1.586331e-10
5.150000e+00 4.000000e-01 3.893959e-01 -1.989347e-07 1.104036e+00 1.265871e-10
5.200000e+00 4.000000e-01 3.893959e-01 -1.989347e-07 1.104036e+00 9.973411e-11
5.250000e+00 4.000000e-01 3.893959e-01 -1.989347e-07 1.104036e+00 7.750189e-11
5.300000e+00 4.000000e-01 3.893959e-01 -1.989347e-07 1.104036e+00 5.928258e-11
5.350000e+00 4.000000e-01 3.893959e-01 -1.989347e-07 1.104036e+00 4.448664e-11
5.400000e+00 4.000000e-01 3.893959e-01 -1.989347e-07 1.104036e+00 3.257394e-11
5.450000e+00 4.000000e-01 3.893959e-01 -1.989347e-07 1.104036e+00 2.308209e-11
5.500000e+00 4.000000e-01 3.893959e-01 -1.989347e-07 1.104036e+00 1.564138e-11
5.550000e+00 4.000000e-01 3.893959e-01 -1.989347e-07 1.104036e+00 9.980905e-12
5.600000e+00 4.000000e-01 3.893959e-01 -1.989347e-07 1.104036e+00 5.944689e-12
5.650000e+00 4.000000e-01 3.893959e-01 -1.989347e-07 1.104036e+00 3.487211e-12
5.700000e+00 4.000000e-01 3.893959e-01 -1.989347e-07 1.104036e+00 2.700062e-12
5.750000e+00 4.000000e-01 3.893959e-01 -1.989347e-07 1.104036e+00 3.822498e-12
5.800000e+00 4.000000e-01 3.893959e-01 -1.989347e-07 1.104036e+00 7.266965e-12
5.850000e+00 4.000000e-01 3.893959e-01 -1.989347e-07 1.104036e+00 1.366574e-11
5.900000e+00 4.000000e-01 3.893959e-01 -1.989347e-07 1.104036e+00 2.390643e-11
5.950000e+00 4.000000e-01 3.893959e-01 -1.989347e-07 1.104036e+00 3.921752e-11
6.000000e+00 4.000000e-01 3.893959e-01 -1.989347e-07 1.104036e+00 6.126211e-11
6.050000e+00 4.000000e-01 3.893959e-01 -1.989347e-07 1.104036e+00 9.225454e-11
6.100000e+00 4.000000e-01 3.893959e-01 -1.989347e-07 1.104036e+00 1.351386e-10
6.150000e+00 4.000000e-01 3.893959e-01 -1.989347e-07 1.104036e+00 1.938005e-10
6.200000e+00 4.000000e-01 3.893959e-01 -1.989347e-07 1.104036e+00 2.733630e-10
6.250000e+00 4.000000e-01 3.893959e-01 -1.989347e-07 1.104036e+00 3.805589e-10
6.300000e+00 4.000000e-01 3.893959e-01 -1.989347e-07 1.104036e+00 5.242218e-10
6.350000e+00 4.000000e-01 3.893959e-01 -1.989347e-07 1.104036e+00 7.159323e-10
6.400000e+00 4.000000e-01 3.893959e-01 -1.989347e-07 1.104036e+00 9.708512e-10
6.450000e+00 4.000000e-01 3.893959e-01 -1.989347e-07 1.104036e+00 1.308815e-09
6.500000e+00 4.000000e-01 3.893959e-01 -1.989347e-07 1.104036e+00 1.755751e-09
6.550000e+00 4.000000e-01 3.893959e-01 -1.989347e-07 1.104036e+00 2.345533e-09
6.600000e+00 4.000000e-01 3.893959e-01 -1.989347e-07 1.104036e+00 3.122382e-09
6.650000e+00 4.000000e-01 3.893959e-01 -1.989348e-07 1.104036e+00 4.143991e-09
6.700000e+00 4.000000e-01 3.893959e-01 -1.989348e-07 1.104036e+00 5.485599e-09
6.750000e+00 4.000000e-01 3.893959e-01 -1.989348e-07 1.104036e+00 7.245289e-09
6.800000e+00 4.000000e-01 3.893959e-01 -1.989348e-07 1.104036e+00 9.550861e-09
6.850000e+00 4.000000e-01 3.893959e-01 -1.989348e-07 1.104036e+00 1.256876e-08
6.900000e+00 4.000000e-01 3.893959e-01 -1.989348e-07 1.104036e+00 1.651569e-08
6.950000e+00 4.000000e-01 3.893959e-01 -1.989348e-07 1.104036e+00 2.167373e-08
7.000000e+00 4.000000e-01 3.893959e-01 -1.989349e-07 1.104036e+00 2.840988e-08
7.050000e+00 4.000000e-01 3.893959e-01 -1.989349e-07 1.104036e+00 3.720153e-08
7.100000e+00 4.000000e-01 3.893959e-01 -1.989349e-07 1.104036e+00 4.866950e-08
7.150000e+00 4.000000e-01 3.893959e-01 -1.989350e-07 1.104036e+00 6.362090e-08
7.200000e+00 4.000000e-01 3.893959e-01 -1.989351e-07 1.104036e+00 8.310478e-08
7.250000e+00 4.000000e-01 3.893959e-01 -1.989352e-07 1.104036e+00 1.084844e-07
7.300000e+00 4.000000e-01 3.893959e-01 -1.989353e-07 1.104036e+00 1.415307e-07
7.350000e+00 4.000000e-01 3.893958e-01 -1.989355e-07 1.104036e+00 1.845441e-07
7.400000e+00 4.000000e-01 3.893958e-01 -1.989357e-07 1.104036e+00 2.405120e-07
7.450000e+00 4.000000e-01 3.893958e-01 -1.989363e-07 1.104036e+00 3.133131e-07
7.500000e+00 4.000000e-01 3.893958e-01 -1.989357e-07 1.104036e+00 4.079822e-07
7.550000e+00 4.000000e-01 3.893958e-01 -1.989400e-07 1.104037e+00 5.310536e-07
7.600000e+00 4.000000e-01 3.893957e-01 -1.989266e-07 1.104037e+00 6.910076e-07
7.650000e+00 4.000000e-01 3.893957e-01 -1.989785e-07 1.104037e+00 8.988398e-07
7.700000e+00 4.000000e-01 3.893957e-01 -1.988013e-07 1.104038e+00 1.168835e-06
7.750000e+00 4.000000e-01 3.893956e-01 -1.994053e-07 1.104038e+00 1.519442e-06
7.800000e+00 4.000000e-01 3.893955e-01 -1.974439e-07 1.104039e+00 1.974826e-06
7.850000e+00 4.000000e-01 3.893954e-01 -2.036140e-07 1.104040e+00 2.565560e-06
7.900000e+00 4.000000e-01 3.893953e-01 -1.849688e-07 1.104041e+00 3.333503e-06
7.950000e+00 4.000000e-01 3.893951e-01 -2.391769e-07 1.104043e+00 4.326525e-06
8.000000e+00 4.000000e-01 3.893948e-01 -8.797751e-08 1.104045e+00 5.624085e-06
8.050000e+00 4.000000e-01 3.893945e-01 -4.920782e-07 1.104048e+00 7.283380e-06
8.100000e+00 4.000000e-01 3.893941e-01 5.403869e-07 1.104052e+00 9.493076e-06
8.150000e+00 4.000000e-01 3.893936e-01 -1.975732e-06 1.104057e+00 1.222370e-05
8.200000e+00 4.000000e-01 3.893929e-01 3.856330e-06 1.104063e+00 1.605870e-05
8.250000e+00 4.000000e-01 3.893919e-01 -8.959153e-06 1.104072e+00 2.041657e-05
8.300000e+00 4.000000e-01 3.893908e-01 1.763239e-05 1.104081e+00 2.725506e-05
8.350000e+00 4.000000e-01 3.893892e-01 -3.421769e-05 1.104098e+00 3.395408e-05
8.400000e+00 4.000000e-01 3.893874e-01 6.021413e-05 1.104109e+00 4.624621e-05
8.450000e+00 4.000000e-01 3.893846e-01 -9.917950e-05 1.104143e+00 5.665812e-05
8.500000e+00 4.000000e-01 3.893818e-01 1.476059e-04 1.104156e+00 7.761713e-05
8.550000e+00 4.000000e-01 3.893768e-01 -1.979073e-04 1.104219e+00 9.602560e-05
8.600000e+00 4.000000e-01 3.893722e-01 2.305477e-04 1.104239e+00 1.279299e-04
8.650000e+00 4.000000e-01 3.893640e-01 -2.252412e-04 1.104338e+00 1.646445e-04
8.700000e+00 4.000000e-01 3.893557e-01 1.695408e-04 1.104389e+00 2.106498e-04
8.750000e+00 4.000000e-01 3.893430e-01 -8.705572e-05 1.104525e+00 2.775446e-04
8.800000e+00 4.000000e-01 3.893279e-01 4.257239e-05 1.104645e+00 3.559740e-04
8.850000e+00 4.000000e-01 3.893074e-01 -1.211987e-04 1.104850e+00 4.565911e-04
8.900000e+00 4.000000e-01 3.892823e-01 3.422920e-04 1.105050e+00 6.042699e-04
8.950000e+00 4.000000e-01 3.892470e-01 -5.783150e-04 1.105416e+00 7.646858e-04
9.000000e+00 4.000000e-01 3.892058e-01 5.702049e-04 1.105732e+00 9.948181e-04
9.050000e+00 4.000000e-01 3.891475e-01 -1.634014e-04 1.106314e+00 1.302875e-03
9.100000e+00 4.000000e-01 3.890755e-01 -3.776450e-04 1.106938e+00 1.656105e-03
9.150000e+00 4.000000e-01 3.889819e-01 3.721389e-04 1.107802e+00 2.148880e-03
9.200000e+00 4.000000e-01 3.888606e-01 5.716671e-04 1.108871e+00 2.818539e-03
9.250000e+00 4.000000e-01 3.887000e-01 -1.645075e-03 1.110409e+00 3.587242e-03
9.300000e+00 4.000000e-01 3.885019e-01 1.155049e-03 1.112101e+00 4.641097e-03
9.350000e+00 4.000000e-01 3.882359e-01 1.176167e-03 1.114575e+00 6.096420e-03
9.400000e+00 4.000000e-01 3.878923e-01 -2.428772e-03 1.117688e+00 7.825467e-03
9.450000e+00 4.000000e-01 3.874533e-01 -5.435556e-04 1.121671e+00 1.006172e-02
9.500000e+00 4.000000e-01 3.868861e-01 4.809700e-03 1.126668e+00 1.324152e-02
9.550000e+00 4.000000e-01 3.861292e-01 -2.448523e-03 1.133626e+00 1.726478e-02
9.600000e+00 4.000000e-01 3.851596e-01 -6.055710e-03 1.142289e+00 2.225401e-02
9.650000e+00 4.000000e-01 3.839038e-01 6.170020e-03 1.153454e+00 2.921554e-02
9.700000e+00 4.000000e-01 3.822381e-01 7.237911e-03 1.168135e+00 3.880985e-02
9.750000e+00 4.000000e-01 3.800228e-01 -1.112091e-02 1.187892e+00 5.112984e-02
9.800000e+00 4.000000e-01 3.771251e-01 -6.721548e-03 1.213393e+00 6.749688e-02
9.850000e+00 4.000000e-01 3.732731e-01 1.251655e-02 1.247147e+00 9.036432e-02
9.900000e+00 4.000000e-01 3.680887e-01 5.081035e-03 1.292677e+00 1.214401e-01
9.950000e+00 4.000000e-01 3.611291e-01 -3.395197e-03 1.354649e+00 1.624865e-01
1.000000e+01 4.000000e-01 3.518400e-01 -1.098733e-03 0.000000e+00 0.000000e+00
0.000000e+00 4.200000e-01 3.808560e-01 -9.600000e-01 0.000000e+00 0.000000e+00
5.000000e-02 4.200000e-01 3.812456e-01 -9.299462e-01 1.456875e+00 -6.219544e-03
1.000000e-01 4.200000e-01 3.814780e-01 3.084294e-01 1.468354e+00 1.340571e-02
1.500000e-01 4.200000e-01 3.799051e-01 -9.585979e-01 1.477504e+00 2.313972e-02
2.000000e-01 4.200000e-01 3.791640e-01 -3.521413e+00 1.450412e+00 -2.063615e-02
2.500000e-01 4.200000e-01 3.819687e-01 -1.295038e+00 1.430870e+00 -4.398695e-02
3.000000e-01 4.200000e-01 3.835627e-01 2.678020e+00 1.470108e+00 2.064231e-02
3.500000e-01 4.200000e-01 3.799044e-01 8.417927e-02 1.504355e+00 6.478021e-02
4.000000e-01 4.200000e-01 3.770847e-01 -5.391095e+00 1.461405e+00 -1.102731e-02
4.500000e-01 4.200000e-01 3.810072e-01 -3.309038e+00 1.409598e+00 -8.139910e-02
5.000000e-01 4.200000e-01 3.852246e-01 3.386239e+00 1.447701e+00 -9.194261e-03
5.500000e-01 4.200000e-01 3.819266e-01 2.566522e+00 1.515303e+00 8.712157e-02
6.000000e-01 4.200000e-01 3.765124e-01 -4.630529e+00 1.495171e+00 3.485063e-02
6.500000e-01 4.200000e-01 3.784415e-01 -5.935995e+00 1.416925e+00 -8.185166e-02
7.000000e-01 4.200000e-01 3.846976e-01 8.976988e-01 1.409660e+00 -6.547377e-02
7.500000e-01 4.200000e-01 3.849889e-01 4.181561e+00 1.481923e+00 5.307123e-02
8.000000e-01 4.200000e-01 3.793905e-01 -9.709271e-01 1.513567e+00 7.668027e-02
8.500000e-01 4.200000e-01 3.773209e-01 -5.780448e+00 1.456984e+00 -2.596096e-02
9.000000e-01 4.200000e-01 3.819865e-01 -3.021976e+00 1.399799e+00 -8.724812e-02
9.500000e-01 4.200000e-01 3.860457e-01 2.229862e+00 1.420911e+00 -2.140670e-02
1.000000e+00 4.200000e-01 3.841272e-01 1.992602e+00 1.473917e+00 5.646910e-02
1.050000e+00 4.200000e-01 3.803988e-01 -2.276487e+00 1.475703e+00 3.255278e-02
1.100000e+00 4.200000e-01 3.808719e-01 -3.954404e+00 1.426535e+00 -4.352865e-02
1.150000e+00 4.200000e-01 3.847517e-01 -1.344534e+00 1.392324e+00 -6.004886e-02
1.200000e+00 4.200000e-01 3.868768e-01 1.172624e+00 1.405662e+00 -8.445234e-03
1.250000e+00 4.200000e-01 3.855962e-01 4.565844e-01 1.431229e+00 2.826697e-02
1.300000e+00 4.200000e-01 3.840501e-01 -1.690709e+00 1.427137e+00 5.967515e-03
1.350000e+00 4.200000e-01 3.849994e-01 -2.283887e+00 1.396050e+00 -3.519472e-02
1.400000e+00 4.200000e-01 3.875696e-01 -1.068938e+00 1.369610e+00 -4.280279e-02
1.450000e+00 4.200000e-01 3.892797e-01 4.862371e-02 1.365087e+00 -1.807729e-02
1.500000e+00 4.200000e-01 3.893773e-01 -1.065377e-01 1.370677e+00 1.068442e-03
1.550000e+00 4.200000e-01 3.891729e-01 -9.322475e-01 1.366815e+00 -6.277252e-03
1.600000e+00 4.200000e-01 3.900051e-01 -1.345434e+00 1.348110e+00 -2.684955e-02
1.650000e+00 4.200000e-01 3.918578e-01 -1.061531e+00 1.323770e+00 -3.799690e-02
1.700000e+00 4.200000e-01 3.938047e-01 -5.589813e-01 1.304526e+00 -3.312667e-02
1.750000e+00 4.200000e-01 3.951705e-01 -3.312301e-01 1.292889e+00 -2.242214e-02
1.800000e+00 4.200000e-01 3.960470e-01 -4.453477e-01 1.283874e+00 -1.791271e-02
1.850000e+00 4.200000e-01 3.969618e-01 -6.687643e-01 1.271323e+00 -2.280649e-02
1.900000e+00 4.200000e-01 3.983276e-01 -7.812937e-01 1.252561e+00 -3.229466e-02
1.950000e+00 4.200000e-01 4.001912e-01 -7.246573e-01 1.228888e+00 -3.994099e-02
2.000000e+00 4.200000e-01 4.023217e-01 -5.614096e-01 1.203584e+00 -4.228108e-02
2.050000e+00 4.200000e-01 4.044193e-01 -3.777426e-01 1.179810e+00 -3.941482e-02
2.100000e+00 4.200000e-01 4.062632e-01 -2.270875e-01 1.159537e+00 -3.333861e-02
2.150000e+00 4.200000e-01 4.077532e-01 -1.245416e-01 1.143460e+00 -2.621940e-02
2.200000e+00 4.200000e-01 4.088851e-01 -6.327681e-02 1.131379e+00 -1.954128e-02
2.250000e+00 4.200000e-01 4.097073e-01 -3.012478e-02 1.122659e+00 -1.400462e-02
2.300000e+00 4.200000e-01 4.102856e-01 -1.355176e-02 1.116546e+00 -9.757827e-03
2.350000e+00 4.200000e-01 4.106831e-01 -5.796308e-03 1.112353e+00 -6.663833e-03
2.400000e+00 4.200000e-01 4.109520e-01 -2.368053e-03 1.109521e+00 -4.486602e-03
2.450000e+00 4.200000e-01 4.111318e-01 -9.273065e-04 1.107630e+00 -2.990173e-03
2.500000e+00 4.200000e-01 4.112510e-01 -3.489860e-04 1.106379e+00 -1.978084e-03
2.550000e+00 4.200000e-01 4.113296e-01 -1.264961e-04 1.105556e+00 -1.301158e-03
2.600000e+00 4.200000e-01 4.113811e-01 -4.424368e-05 1.105018e+00 -8.519854e-04
2.650000e+00 4.200000e-01 4.114148e-01 -1.496386e-05 1.104668e+00 -5.557025e-04
2.700000e+00 4.200000e-01 4.114367e-01 -4.911382e-06 1.104441e+00 -3.611886e-04
2.750000e+00 4.200000e-01 4.114509e-01 -1.578438e-06 1.104294e+00 -2.339978e-04
2.800000e+00 4.200000e-01 4.114601e-01 -5.101854e-07 1.104200e+00 -1.511279e-04
2.850000e+00 4.200000e-01 4.114660e-01 -1.789721e-07 1.104139e+00 -9.731739e-05
2.900000e+00 4.200000e-01 4.114698e-01 -7.961823e-08 1.104101e+00 -6.249065e-05
2.950000e+00 4.200000e-01 4.114723e-01 -5.081514e-08 1.104076e+00 -4.002310e-05
3.000000e+00 4.200000e-01 4.114738e-01 -4.277813e-08 1.104061e+00 -2.557510e-05
3.050000e+00 4.200000e-01 4.114748e-01 -4.064634e-08 1.104051e+00 -1.631353e-05
3.100000e+00 4.200000e-01 4.114754e-01 -4.012932e-08 1.104045e+00 -1.039491e-05
3.150000e+00 4.200000e-01 4.114758e-01 -4.003080e-08 1.104041e+00 -6.623644e-06
3.200000e+00 4.200000e-01 4.114761e-01 -4.003042e-08 1.104039e+00 -4.226925e-06
3.250000e+00 4.200000e-01 4.114763e-01 -4.004717e-08 1.104038e+00 -2.706943e-06
3.300000e+00 4.200000e-01 4.114764e-01 -4.006277e-08 1.104037e+00 -1.744187e-06
3.350000e+00 4.200000e-01 4.114764e-01 -4.007438e-08 1.104036e+00 -1.134354e-06
3.400000e+00 4.200000e-01 4.114765e-01 -4.008252e-08 1.104036e+00 -7.473291e-07
3.450000e+00 4.200000e-01 4.114765e-01 -4.008811e-08 1.104036e+00 -5.005887e-07
3.500000e+00 4.200000e-01 4.114765e-01 -4.009194e-08 1.104036e+00 -3.420188e-07
3.550000e+00 4.200000e-01 4.114766e-01 -4.009456e-08 1.104036e+00 -2.388529e-07
3.600000e+00 4.200000e-01 4.114766e-01 -4.009636e-08 1.104036e+00 -1.705761e-07
3.650000e+00 4.200000e-01 4.114766e-01 -4.009760e-08 1.104036e+00 -1.243928e-07
3.700000e+00 4.200000e-01 4.114766e-01 -4.009846e-08 1.104036e+00 -9.234476e-08
3.750000e+00 4.200000e-01 4.114766e-01 -4.009906e-08 1.104036e+00 -6.948743e-08
3.800000e+00 4.200000e-01 4.114766e-01 -4.009948e-08 1.104036e+00 -5.274295e-08
3.850000e+00 4.200000e-01 4.114766e-01 -4.009978e-08 1.104036e+00 -4.018307e-08
3.900000e+00 4.200000e-01 4.114766e-01 -4.009999e-08 1.104036e+00 -3.058406e-08
3.950000e+00 4.200000e-01 4.114766e-01 -4.010014e-08 1.104036e+00 -2.315256e-08
4.000000e+00 4.200000e-01 4.114766e-01 -4.010025e-08 1.104036e+00 -1.735827e-08
4.050000e+00 4.200000e-01 4.114766e-01 -4.010033e-08 1.104036e+00 -1.283270e-08
4.100000e+00 4.200000e-01 4.114766e-01 -4.010039e-08 1.104036e+00 -9.308476e-09
4.150000e+00 4.200000e-01 4.114766e-01 -4.010043e-08 1.104036e+00 -6.583235e-09
4.200000e+00 4.200000e-01 4.114766e-01 -4.010047e-08 1.104036e+00 -4.498248e-09
4.250000e+00 4.200000e-01 4.114766e-01 -4.010049e-08 1.104036e+00 -2.925714e-09
4.300000e+00 4.200000e-01 4.114766e-01 -4.010051e-08 1.104036e+00 -1.761049e-09
4.350000e+00 4.200000e-01 4.114766e-01 -4.010052e-08 1.104036e+00 -9.180662e-10
4.400000e+00 4.200000e-01 4.114766e-01 -4.010053e-08 1.104036e+00 -3.257272e-10
4.450000e+00 4.200000e-01 4.114766e-01 -4.010054e-08 1.104036e+00 7.422896e-11
4.500000e+00 4.200000e-01 4.114766e-01 -4.010055e-08 1.104036e+00 3.291611e-10
4.550000e+00 4.200000e-01 4.114766e-01 -4.010055e-08 1.104036e+00 4.771233e-10
4.600000e+00 4.200000e-01 4.114766e-01 -4.010055e-08 1.104036e+00 5.482692e-10
4.650000e+00 4.200000e-01 4.114766e-01 -4.010056e-08 1.104036e+00 5.661072e-10
4.700000e+00 4.200000e-01 4.114766e-01 -4.010056e-08 1.104036e+00 5.486273e-10
4.750000e+00 4.200000e-01 4.114766e-01 -4.010056e-08 1.104036e+00 5.093170e-10
4.800000e+00 4.200000e-01 4.114766e-01 -4.010056e-08 1.104036e+00 4.580286e-10
4.850000e+00 4.200000e-01 4.114766e-01 -4.010056e-08 1.104036e+00 4.017336e-10
4.900000e+00 4.200000e-01 4.114766e-01 -4.010056e-08 1.104036e+00 3.451789e-10
4.950000e+00 4.200000e-01 4.114766e-01 -4.010056e-08 1.104036e+00 2.914169e-10
5.000000e+00 4.200000e-01 4.114766e-01 -4.010056e-08 1.104036e+00 2.422357e-10
5.050000e+00 4.200000e-01 4.114766e-01 -4.010056e-08 1.104036e+00 1.985190e-10
5.100000e+00 4.200000e-01 4.114766e-01 -4.010056e-08 1.104036e+00 1.605305e-10
5.150000e+00 4.200000e-01 4.114766e-01 -4.010056e-08 1.104036e+00 1.281120e-10
5.200000e+00 4.200000e-01 4.114766e-01 -4.010056e-08 1.104036e+00 1.008477e-10
5.250000e+00 4.200000e-01 4.114766e-01 -4.010056e-08 1.104036e+00 7.818690e-11
5.300000e+00 4.200000e-01 4.114766e-01 -4.010056e-08 1.104036e+00 5.952849e-11
5.350000e+00 4.200000e-01 4.114766e-01 -4.010056e-08 1.104036e+00 4.427958e-11
5.400000e+00 4.200000e-01 4.114766e-01 -4.010056e-08 1.104036e+00 3.188672e-11
5.450000e+00 4.200000e-01 4.114766e-01 -4.010056e-08 1.104036e+00 2.186473e-11
5.500000e+00 4.200000e-01 4.114766e-01 -4.010056e-08 1.104036e+00 1.381673e-11
5.550000e+00 4.200000e-01 4.114766e-01 -4.010056e-08 1.104036e+00 7.432943e-12
5.600000e+00 4.200000e-01 4.114766e-01 -4.010056e-08 1.104036e+00 2.506884e-12
5.650000e+00 4.200000e-01 4.114766e-01 -4.010056e-08 1.104036e+00 -1.063039e-12
5.700000e+00 4.200000e-01 4.114766e-01 -4.010056e-08 1.104036e+00 -3.261280e-12
5.750000e+00 4.200000e-01 4.114766e-01 -4.010056e-08 1.104036e+00 -3.950174e-12
5.800000e+00 4.200000e-01 4.114766e-01 -4.010056e-08 1.104036e+00 -2.841061e-12
5.850000e+00 4.200000e-01 4.114766e-01 -4.010056e-08 1.104036e+00 5.356826e-13
5.900000e+00 4.200000e-01 4.114766e-01 -4.010056e-08 1.104036e+00 6.853962e-12
5.950000e+00 4.200000e-01 4.114766e-01 -4.010056e-08 1.104036e+00 1.707190e-11
6.000000e+00 4.200000e-01 4.114766e-01 -4.010056e-08 1.104036e+00 3.249623e-11
6.050000e+00 4.200000e-01 4.114766e-01 -4.010056e-08 1.104036e+00 5.487888e-11
6.100000e+00 4.200000e-01 4.114766e-01 -4.010056e-08 1.104036e+00 8.655965e-11
6.150000e+00 4.200000e-01 4.114766e-01 -4.010056e-08 1.104036e+00 1.306438e-10
6.200000e+00 4.200000e-01 4.114766e-01 -4.010056e-08 1.104036e+00 1.912309e-10
6.250000e+00 4.200000e-01 4.114766e-01 -4.010056e-08 1.104036e+00 2.737216e-10
6.300000e+00 4.200000e-01 4.114766e-01 -4.010056e-08 1.104036e+00 3.852230e-10
6.350000e+00 4.200000e-01 4.114766e-01 -4.010056e-08 1.104036e+00 5.350603e-10
6.400000e+00 4.200000e-01 4.114766e-01 -4.010056e-08 1.104036e+00 7.354578e-10
6.450000e+00 4.200000e-01 4.114766e-01 -4.010056e-08 1.104036e+00 1.002429e-09
6.500000e+00 4.200000e-01 4.114766e-01 -4.010057e-08 1.104036e+00 1.356933e-09
6.550000e+00 4.200000e-01 4.114766e-01 -4.010057e-08 1.104036e+00 1.826368e-09
6.600000e+00 4.200000e-01 4.114766e-01 -4.010057e-08 1.104036e+00 2.446527e-09
6.650000e+00 4.200000e-01 4.114766e-01 -4.010057e-08 1.104036e+00 3.264146e-09
6.700000e+00 4.200000e-01 4.114766e-01 -4.010057e-08 1.104036e+00 4.340200e-09
6.750000e+00 4.200000e-01 4.114766e-01 -4.010057e-08 1.104036e+00 5.754219e-09
6.800000e+00 4.200000e-01 4.114766e-01 -4.010057e-08 1.104036e+00 7.609868e-09
6.850000e+00 4.200000e-01 4.114766e-01 -4.010057e-08 1.104036e+00 1.004221e-08
6.900000e+00 4.200000e-01 4.114766e-01 -4.010058e-08 1.104036e+00 1.322714e-08
6.950000e+00 4.200000e-01 4.114766e-01 -4.010058e-08 1.104036e+00 1.739367e-08
7.000000e+00 4.200000e-01 4.114766e-01 -4.010059e-08 1.104036e+00 2.283984e-08
7.050000e+00 4.200000e-01 4.114766e-01 -4.010059e-08 1.104036e+00 2.995337e-08
7.100000e+00 4.200000e-01 4.114766e-01 -4.010060e-08 1.104036e+00 3.923860e-08
7.150000e+00 4.200000e-01 4.114766e-01 -4.010061e-08 1.104036e+00 5.135124e-08
7.200000e+00 4.200000e-01 4.114766e-01 -4.010063e-08 1.104036e+00 6.714368e-08
7.250000e+00 4.200000e-01 4.114766e-01 -4.010065e-08 1.104036e+00 8.772369e-08
7.300000e+00 4.200000e-01 4.114766e-01 -4.010067e-08 1.104036e+00 1.145305e-07
7.350000e+00 4.200000e-01 4.114766e-01 -4.010071e-08 1.104036e+00 1.494338e-07
7.400000e+00 4.200000e-01 4.114766e-01 -4.010074e-08 1.104036e+00 1.948616e-07
7.450000e+00 4.200000e-01 4.114765e-01 -4.010087e-08 1.104036e+00 2.539666e-07
7.500000e+00 4.200000e-01 4.114765e-01 -4.010066e-08 1.104036e+00 3.308414e-07
7.550000e+00 4.200000e-01 4.114765e-01 -4.010188e-08 1.104037e+00 4.307976e-07
7.600000e+00 4.200000e-01 4.114765e-01 -4.009776e-08 1.104037e+00 5.607287e-07
7.650000e+00 4.200000e-01 4.114765e-01 -4.011350e-08 1.104037e+00 7.295751e-07
7.700000e+00 4.200000e-01 4.114764e-01 -4.005858e-08 1.104038e+00 9.489434e-07
7.750000e+00 4.200000e-01 4.114764e-01 -4.024755e-08 1.104038e+00 1.233854e-06
7.800000e+00 4.200000e-01 4.114763e-01 -3.962496e-08 1.104039e+00 1.603885e-06
7.850000e+00 4.200000e-01 4.114762e-01 -4.160783e-08 1.104040e+00 2.084093e-06
7.900000e+00 4.200000e-01 4.114761e-01 -3.553618e-08 1.104042e+00 2.707933e-06
7.950000e+00 4.200000e-01 4.114759e-01 -5.341627e-08 1.104044e+00 3.515930e-06
8.000000e+00 4.200000e-01 4.114757e-01 -2.894669e-09 1.104046e+00 4.568402e-06
8.050000e+00 4.200000e-01 4.114755e-01 -1.396620e-07 1.104049e+00 5.922786e-06
8.100000e+00 4.200000e-01 4.114751e-01 2.142703e-07 1.104053e+00 7.705855e-06
8.150000e+00 4.200000e-01 4.114747e-01 -6.592592e-07 1.104058e+00 9.955314e-06
8.200000e+00 4.200000e-01 4.114741e-01 1.391033e-06 1.104065e+00 1.301005e-05
8.250000e+00 4.200000e-01 4.114734e-01 -3.170279e-06 1.104074e+00 1.667839e-05
8.300000e+00 4.200000e-01 4.114725e-01 6.409175e-06 1.104084e+00 2.200385e-05
8.350000e+00 4.200000e-01 4.114712e-01 -1.248866e-05 1.104100e+00 2.785464e-05
8.400000e+00 4.200000e-01 4.114697e-01 2.231149e-05 1.104116e+00 3.720748e-05
8.450000e+00 4.200000e-01 4.114675e-01 -3.702458e-05 1.104146e+00 4.658610e-05
8.500000e+00 4.200000e-01 4.114650e-01 5.563143e-05 1.104168e+00 6.248407e-05
8.550000e+00 4.200000e-01 4.114612e-01 -7.484758e-05 1.104222e+00 7.863506e-05
8.600000e+00 4.200000e-01 4.114572e-01 8.705161e-05 1.104258e+00 1.036811e-04
8.650000e+00 4.200000e-01 4.114509e-01 -8.335181e-05 1.104345e+00 1.337471e-04
8.700000e+00 4.200000e-01 4.114438e-01 5.844135e-05 1.104416e+00 1.717705e-04
8.750000e+00 4.200000e-01 4.114337e-01 -2.139958e-05 1.104545e+00 2.250815e-04
8.800000e+00 4.200000e-01 4.114213e-01 2.073804e-07 1.104684e+00 2.893225e-04
8.850000e+00 4.200000e-01 4.114048e-01 -3.236390e-05 1.104886e+00 3.724614e-04
8.900000e+00 4.200000e-01 4.113840e-01 1.287549e-04 1.105117e+00 4.891132e-04
8.950000e+00 4.200000e-01 4.113558e-01 -2.335675e-04 1.105471e+00 6.232669e-04
9.000000e+00 4.200000e-01 4.113217e-01 2.281434e-04 1.105843e+00 8.095076e-04
9.050000e+00 4.200000e-01 4.112749e-01 -3.496398e-05 1.106420e+00 1.056210e-03
9.100000e+00 4.200000e-01 4.112161e-01 -2.275913e-04 1.107099e+00 1.348774e-03
9.150000e+00 4.200000e-01 4.111400e-01 2.316981e-04 1.107996e+00 1.749475e-03
9.200000e+00 4.200000e-01 4.110411e-01 2.320860e-04 1.109147e+00 2.285287e-03
9.250000e+00 4.200000e-01 4.109115e-01 -7.821040e-04 1.110712e+00 2.920573e-03
9.300000e+00 4.200000e-01 4.107491e-01 5.479672e-04 1.112565e+00 3.780316e-03
9.350000e+00 4.200000e-01 4.105335e-01 6.798468e-04 1.115128e+00 4.949347e-03
9.400000e+00 4.200000e-01 4.102542e-01 -1.407347e-03 1.118420e+00 6.364627e-03
9.450000e+00 4.200000e-01 4.098970e-01 -1.675631e-04 1.122604e+00 8.204016e-03
9.500000e+00 4.200000e-01 4.094337e-01 2.658199e-03 1.127963e+00 1.077564e-02
9.550000e+00 4.200000e-01 4.088194e-01 -1.549613e-03 1.135236e+00 1.404484e-02
9.600000e+00 4.200000e-01 4.080293e-01 -3.485263e-03 1.144449e+00 1.815229e-02
9.650000e+00 4.200000e-01 4.070042e-01 4.189336e-03 1.156314e+00 2.385522e-02
9.700000e+00 4.200000e-01 4.056437e-01 3.788147e-03 1.172043e+00 3.166520e-02
9.750000e+00 4.200000e-01 4.038377e-01 -7.504927e-03 1.193068e+00 4.173751e-02
9.800000e+00 4.200000e-01 4.014700e-01 -2.974846e-03 1.220383e+00 5.517673e-02
9.850000e+00 4.200000e-01 3.983200e-01 8.613808e-03 1.256603e+00 7.386313e-02
9.900000e+00 4.200000e-01 3.940837e-01 1.963090e-03 1.305501e+00 9.910732e-02
9.950000e+00 4.200000e-01 3.884093e-01 -2.627779e-03 1.371552e+00 1.322768e-01
1.000000e+01 4.200000e-01 3.808560e-01 -1.368456e-03 0.000000e+00 0.000000e+00
0.000000e+00 4.400000e-01 4.102560e-01 -7.200000e-01 0.000000e+00 0.000000e+00
5.000000e-02 4.400000e-01 4.105479e-01 -8.893094e-01 1.472009e+00 -6.884831e-03
1.000000e-01 4.400000e-01 4.109445e-01 3.701702e-01 1.475902e+00 8.630121e-03
1.500000e-01 4.400000e-01 4.096849e-01 -1.180467e-01 1.494385e+00 2.374781e-02
2.000000e-01 4.400000e-01 4.085697e-01 -2.834207e+00 1.486559e+00 -1.081513e-02
2.500000e-01 4.400000e-01 4.107664e-01 -1.953365e+00 1.452118e+00 -4.288181e-02
3.000000e-01 4.400000e-01 4.128579e-01 2.182880e+00 1.459390e+00 6.262600e-03
3.500000e-01 4.400000e-01 4.101402e-01 1.452412e+00 1.509072e+00 5.968043e-02
4.000000e-01 4.400000e-01 4.068898e-01 -3.858214e+00 1.510599e+00 5.757183e-03
4.500000e-01 4.400000e-01 4.095644e-01 -3.948860e+00 1.449987e+00 -7.107682e-02
5.000000e-01 4.400000e-01 4.139975e-01 2.109652e+00 1.434242e+00 -2.584943e-02
5.500000e-01 4.400000e-01 4.121494e-01 3.537844e+00 1.498014e+00 7.056144e-02
6.000000e-01 4.400000e-01 4.069414e-01 -2.355638e+00 1.533569e+00 4.741113e-02
6.500000e-01 4.400000e-01 4.074083e-01 -5.459970e+00 1.477205e+00 -5.994169e-02
7.000000e-01 4.400000e-01 4.129355e-01 -5.294685e-01 1.420837e+00 -6.969251e-02
7.500000e-01 4.400000e-01 4.143775e-01 3.888567e+00 1.455551e+00 3.094784e-02
8.000000e-01 4.400000e-01 4.098408e-01 8.339255e-01 1.518848e+00 7.300729e-02
8.500000e-01 4.400000e-01 4.070768e-01 -4.134634e+00 1.508281e+00 -5.533445e-03
9.000000e-01 4.400000e-01 4.103941e-01 -3.285723e+00 1.441526e+00 -7.324893e-02
9.500000e-01 4.400000e-01 4.144017e-01 1.278530e+00 1.418327e+00 -3.112736e-02
1.000000e+00 4.400000e-01 4.135068e-01 2.310265e+00 1.460363e+00 4.227960e-02
1.050000e+00 4.400000e-01 4.101737e-01 -8.942367e-01 1.492565e+00 3.644898e-02
1.100000e+00 4.400000e-01 4.098619e-01 -3.049160e+00 1.466124e+00 -2.694029e-02
1.150000e+00 4.400000e-01 4.128677e-01 -1.521417e+00 1.418908e+00 -5.143632e-02
1.200000e+00 4.400000e-01 4.150056e-01 7.848722e-01 1.408115e+00 -1.372479e-02
1.250000e+00 4.400000e-01 4.142402e-01 7.240453e-01 1.430739e+00 2.212527e-02
1.300000e+00 4.400000e-01 4.127931e-01 -9.486310e-01 1.442150e+00 1.023749e-02
1.350000e+00 4.400000e-01 4.132165e-01 -1.739145e+00 1.421492e+00 -2.389854e-02
1.400000e+00 4.400000e-01 4.151829e-01 -9.815584e-01 1.389945e+00 -3.469428e-02
1.450000e+00 4.400000e-01 4.166859e-01 -2.173298e-02 1.374869e+00 -1.685344e-02
1.500000e+00 4.400000e-01 4.168682e-01 1.626724e-02 1.377060e+00 4.363194e-04
1.550000e+00 4.400000e-01 4.166423e-01 -5.916452e-01 1.377696e+00 -2.845407e-03
1.600000e+00 4.400000e-01 4.171528e-01 -9.873509e-01 1.363962e+00 -1.874025e-02
1.650000e+00 4.400000e-01 4.185163e-01 -8.380624e-01 1.339907e+00 -2.884703e-02
1.700000e+00 4.400000e-01 4.200375e-01 -4.580695e-01 1.317249e+00 -2.617658e-02
1.750000e+00 4.400000e-01 4.211340e-01 -2.515454e-01 1.302271e+00 -1.782702e-02
1.800000e+00 4.400000e-01 4.218202e-01 -3.134672e-01 1.292197e+00 -1.359788e-02
1.850000e+00 4.400000e-01 4.224937e-01 -4.823747e-01 1.280429e+00 -1.675565e-02
1.900000e+00 4.400000e-01 4.234958e-01 -5.807869e-01 1.262708e+00 -2.393154e-02
1.950000e+00 4.400000e-01 4.248869e-01 -5.504165e-01 1.239203e+00 -3.004548e-02
2.000000e+00 4.400000e-01 4.265003e-01 -4.327397e-01 1.212998e+00 -3.217208e-02
2.050000e+00 4.400000e-01 4.281041e-01 -2.941032e-01 1.187644e+00 -3.022069e-02
2.100000e+00 4.400000e-01 4.295224e-01 -1.780188e-01 1.165607e+00 -2.568524e-02
2.150000e+00 4.400000e-01 4.306726e-01 -9.808402e-02 1.147922e+00 -2.025921e-02
2.200000e+00 4.400000e-01 4.315483e-01 -4.998901e-02 1.134541e+00 -1.512449e-02
2.250000e+00 4.400000e-01 4.321851e-01 -2.384716e-02 1.124843e+00 -1.084928e-02
2.300000e+00 4.400000e-01 4.326332e-01 -1.074161e-02 1.118031e+00 -7.563182e-03
2.350000e+00 4.400000e-01 4.329414e-01 -4.597923e-03 1.113351e+00 -5.166732e-03
2.400000e+00 4.400000e-01 4.331499e-01 -1.879246e-03 1.110188e+00 -3.479605e-03
2.450000e+00 4.400000e-01 4.332894e-01 -7.360182e-04 1.108074e+00 -2.319766e-03
2.500000e+00 4.400000e-01 4.333819e-01 -2.769903e-04 1.106673e+00 -1.535184e-03
2.550000e+00 4.400000e-01 4.334429e-01 -1.003790e-04 1.105750e+00 -1.010306e-03
2.600000e+00 4.400000e-01 4.334829e-01 -3.509007e-05 1.105146e+00 -6.619196e-04
2.650000e+00 4.400000e-01 4.335091e-01 -1.185136e-05 1.104752e+00 -4.320292e-04
2.700000e+00 4.400000e-01 4.335261e-01 -3.873949e-06 1.104496e+00 -2.810337e-04
2.750000e+00 4.400000e-01 4.335372e-01 -1.229215e-06 1.104330e+00 -1.822470e-04
2.800000e+00 4.400000e-01 4.335443e-01 -3.814781e-07 1.104223e+00 -1.178452e-04
2.850000e+00 4.400000e-01 4.335490e-01 -1.185121e-07 1.104154e+00 -7.599861e-05
2.900000e+00 4.400000e-01 4.335519e-01 -3.951788e-08 1.104111e+00 -4.889409e-05
2.950000e+00 4.400000e-01 4.335538e-01 -1.653059e-08 1.104083e+00 -3.139236e-05
3.000000e+00 4.400000e-01 4.335551e-01 -1.005357e-08 1.104065e+00 -2.012516e-05
3.050000e+00 4.400000e-01 4.335559e-01 -8.290780e-09 1.104054e+00 -1.289245e-05
3.100000e+00 4.400000e-01 4.335564e-01 -7.831009e-09 1.104047e+00 -8.261987e-06
3.150000e+00 4.400000e-01 4.335567e-01 -7.718880e-09 1.104042e+00 -5.304421e-06
3.200000e+00 4.400000e-01 4.335569e-01 -7.695449e-09 1.104040e+00 -3.418743e-06
3.250000e+00 4.400000e-01 4.335570e-01 -7.693028e-09 1.104038e+00 -2.217602e-06
3.300000e+00 4.400000e-01 4.335571e-01 -7.694742e-09 1.104037e+00 -1.452240e-06
3.350000e+00 4.400000e-01 4.335572e-01 -7.696721e-09 1.104037e+00 -9.634959e-07
3.400000e+00 4.400000e-01 4.335572e-01 -7.698261e-09 1.104036e+00 -6.499226e-07
3.450000e+00 4.400000e-01 4.335572e-01 -7.699355e-09 1.104036e+00 -4.471165e-07
3.500000e+00 4.400000e-01 4.335573e-01 -7.700113e-09 1.104036e+00 -3.143529e-07
3.550000e+00 4.400000e-01 4.335573e-01 -7.700635e-09 1.104036e+00 -2.259788e-07
3.600000e+00 4.400000e-01 4.335573e-01 -7.700994e-09 1.104036e+00 -1.658902e-07
3.650000e+00 4.400000e-01 4.335573e-01 -7.701243e-09 1.104036e+00 -1.240032e-07
3.700000e+00 4.400000e-01 4.335573e-01 -7.701416e-09 1.104036e+00 -9.400935e-08
3.750000e+00 4.400000e-01 4.335573e-01 -7.701537e-09 1.104036e+00 -7.195528e-08
3.800000e+00 4.400000e-01 4.335573e-01 -7.701622e-09 1.104036e+00 -5.534912e-08
3.850000e+00 4.400000e-01 4.335573e-01 -7.701682e-09 1.104036e+00 -4.260168e-08
3.900000e+00 4.400000e-01 4.335573e-01 -7.701726e-09 1.104036e+00 -3.267977e-08
3.950000e+00 4.400000e-01 4.335573e-01 -7.701757e-09 1.104036e+00 -2.489251e-08
4.000000e+00 4.400000e-01 4.335573e-01 -7.701779e-09 1.104036e+00 -1.876094e-08
4.050000e+00 4.400000e-01 4.335573e-01 -7.701796e-09 1.104036e+00 -1.393899e-08
4.100000e+00 4.400000e-01 4.335573e-01 -7.701808e-09 1.104036e+00 -1.016599e-08
4.150000e+00 4.400000e-01 4.335573e-01 -7.701817e-09 1.104036e+00 -7.238253e-09
4.200000e+00 4.400000e-01 4.335573e-01 -7.701824e-09 1.104036e+00 -4.992087e-09
4.250000e+00 4.400000e-01 4.335573e-01 -7.701829e-09 1.104036e+00 -3.293456e-09
4.300000e+00 4.400000e-01 4.335573e-01 -7.701833e-09 1.104036e+00 -2.031533e-09
4.350000e+00 4.400000e-01 4.335573e-01 -7.701836e-09 1.104036e+00 -1.114465e-09
4.400000e+00 4.400000e-01 4.335573e-01 -7.701838e-09 1.104036e+00 -4.663420e-10
4.450000e+00 4.400000e-01 4.335573e-01 -7.701839e-09 1.104036e+00 -2.485290e-11
4.500000e+00 4.400000e-01 4.335573e-01 -7.701841e-09 1.104036e+00 2.606426e-10
4.550000e+00 4.400000e-01 4.335573e-01 -7.701842e-09 1.104036e+00 4.308159e-10
4.600000e+00 4.400000e-01 4.335573e-01 -7.701842e-09 1.104036e+00 5.178785e-10
4.650000e+00 4.400000e-01 4.335573e-01 -7.701843e-09 1.104036e+00 5.469381e-10
4.700000e+00 4.400000e-01 4.335573e-01 -7.701843e-09 1.104036e+00 5.372203e-10
4.750000e+00 4.400000e-01 4.335573e-01 -7.701843e-09 1.104036e+00 5.031470e-10
4.800000e+00 4.400000e-01 4.335573e-01 -7.701844e-09 1.104036e+00 4.552797e-10
4.850000e+00 4.400000e-01 4.335573e-01 -7.701844e-09 1.104036e+00 4.011236e-10
4.900000e+00 4.400000e-01 4.335573e-01 -7.701844e-09 1.104036e+00 3.458162e-10
4.950000e+00 4.400000e-01 4.335573e-01 -7.701844e-09 1.104036e+00 2.926948e-10
5.000000e+00 4.400000e-01 4.335573e-01 -7.701844e-09 1.104036e+00 2.437539e-10
5.050000e+00 4.400000e-01 4.335573e-01 -7.701844e-09 1.104036e+00 2.000239e-10
5.100000e+00 4.400000e-01 4.335573e-01 -7.701844e-09 1.104036e+00 1.618627e-10
5.150000e+00 4.400000e-01 4.335573e-01 -7.701844e-09 1.104036e+00 1.291772e-10
5.200000e+00 4.400000e-01 4.335573e-01 -7.701844e-09 1.104036e+00 1.015954e-10
5.250000e+00 4.400000e-01 4.335573e-01 -7.701844e-09 1.104036e+00 7.858547e-11
5.300000e+00 4.400000e-01 4.335573e-01 -7.701844e-09 1.104036e+00 5.955236e-11
5.350000e+00 4.400000e-01 4.335573e-01 -7.701844e-09 1.104036e+00 4.389877e-11
5.400000e+00 4.400000e-01 4.335573e-01 -7.701844e-09 1.104036e+00 3.106126e-11
5.450000e+00 4.400000e-01 4.335573e-01 -7.701844e-09 1.104036e+00 2.053246e-11
5.500000e+00 4.400000e-01 4.335573e-01 -7.701844e-09 1.104036e+00 1.188549e-11
5.550000e+00 4.400000e-01 4.335573e-01 -7.701844e-09 1.104036e+00 4.777845e-12
5.600000e+00 4.400000e-01 4.335573e-01 -7.701844e-09 1.104036e+00 -1.048051e-12
5.650000e+00 4.400000e-01 4.335573e-01 -7.701844e-09 1.104036e+00 -5.755951e-12
5.700000e+00 4.400000e-01 4.335573e-01 -7.701844e-09 1.104036e+00 -9.410805e-12
5.750000e+00 4.400000e-01 4.335573e-01 -7.701844e-09 1.104036e+00 -1.197320e-11
5.800000e+00 4.400000e-01 4.335573e-01 -7.701844e-09 1.104036e+00 -1.328604e-11
5.850000e+00 4.400000e-01 4.335573e-01 -7.701844e-09 1.104036e+00 -1.305234e-11
5.900000e+00 4.400000e-01 4.335573e-01 -7.701844e-09 1.104036e+00 -1.081468e-11
5.950000e+00 4.400000e-01 4.335573e-01 -7.701844e-09 1.104036e+00 -5.903056e-12
6.000000e+00 4.400000e-01 4.335573e-01 -7.701844e-09 1.104036e+00 2.615130e-12
6.050000e+00 4.400000e-01 4.335573e-01 -7.701844e-09 1.104036e+00 1.600997e-11
6.100000e+00 4.400000e-01 4.335573e-01 -7.701844e-09 1.104036e+00 3.599121e-11
6.150000e+00 4.400000e-01 4.335573e-01 -7.701844e-09 1.104036e+00 6.483980e-11
6.200000e+00 4.400000e-01 4.335573e-01 -7.701844e-09 1.104036e+00 1.055861e-10
6.250000e+00 4.400000e-01 4.335573e-01 -7.701844e-09 1.104036e+00 1.622397e-10
6.300000e+00 4.400000e-01 4.335573e-01 -7.701844e-09 1.104036e+00 2.400891e-10
6.350000e+00 4.400000e-01 4.335573e-01 -7.701844e-09 1.104036e+00 3.460959e-10
6.400000e+00 4.400000e-01 4.335573e-01 -7.701844e-09 1.104036e+00 4.894118e-10
6.450000e+00 4.400000e-01 4.335573e-01 -7.701844e-09 1.104036e+00 6.820455e-10
6.500000e+00 4.400000e-01 4.335573e-01 -7.701845e-09 1.104036e+00 9.397394e-10
6.550000e+00 4.400000e-01 4.335573e-01 -7.701845e-09 1.104036e+00 1.283104e-09
6.600000e+00 4.400000e-01 4.335573e-01 -7.701845e-09 1.104036e+00 1.739107e-09
6.650000e+00 4.400000e-01 4.335573e-01 -7.701845e-09 1.104036e+00 2.342987e-09
6.700000e+00 4.400000e-01 4.335573e-01 -7.701845e-09 1.104036e+00 3.140772e-09
6.750000e+00 4.400000e-01 4.335573e-01 -7.701845e-09 1.104036e+00 4.192545e-09
6.800000e+00 4.400000e-01 4.335573e-01 -7.701845e-09 1.104036e+00 5.576675e-09
6.850000e+00 4.400000e-01 4.335573e-01 -7.701846e-09 1.104036e+00 7.395325e-09
6.900000e+00 4.400000e-01 4.335573e-01 -7.701846e-09 1.104036e+00 9.781623e-09
6.950000e+00 4.400000e-01 4.335573e-01 -7.701847e-09 1.104036e+00 1.290897e-08
7.000000e+00 4.400000e-01 4.335573e-01 -7.701848e-09 1.104036e+00 1.700310e-08
7.050000e+00 4.400000e-01 4.335573e-01 -7.701849e-09 1.104036e+00 2.235782e-08
7.100000e+00 4.400000e-01 4.335573e-01 -7.701851e-09 1.104036e+00 2.935534e-08
7.150000e+00 4.400000e-01 4.335573e-01 -7.701853e-09 1.104036e+00 3.849277e-08
7.200000e+00 4.400000e-01 4.335573e-01 -7.701855e-09 1.104036e+00 5.041644e-08
7.250000e+00 4.400000e-01 4.335573e-01 -7.701859e-09 1.104036e+00 6.596644e-08
7.300000e+00 4.400000e-01 4.335573e-01 -7.701863e-09 1.104036e+00 8.623449e-08
7.350000e+00 4.400000e-01 4.335573e-01 -7.701870e-09 1.104036e+00 1.126389e-07
7.400000e+00 4.400000e-01 4.335573e-01 -7.701873e-09 1.104036e+00 1.470217e-07
7.450000e+00 4.400000e-01 4.335573e-01 -7.701902e-09 1.104036e+00 1.917753e-07
7.500000e+00 4.400000e-01 4.335573e-01 -7.701836e-09 1.104037e+00 2.500051e-07
7.550000e+00 4.400000e-01 4.335572e-01 -7.702167e-09 1.104037e+00 3.257426e-07
7.600000e+00 4.400000e-01 4.335572e-01 -7.700987e-09 1.104037e+00 4.242192e-07
7.650000e+00 4.400000e-01 4.335572e-01 -7.705480e-09 1.104038e+00 5.522218e-07
7.700000e+00 4.400000e-01 4.335572e-01 -7.689502e-09 1.104038e+00 7.185583e-07
7.750000e+00 4.400000e-01 4.335571e-01 -7.745058e-09 1.104039e+00 9.346386e-07
7.800000e+00 4.400000e-01 4.335571e-01 -7.559519e-09 1.104040e+00 1.215302e-06
7.850000e+00 4.400000e-01 4.335570e-01 -8.157753e-09 1.104041e+00 1.579646e-06
7.900000e+00 4.400000e-01 4.335569e-01 -6.302371e-09 1.104042e+00 2.052847e-06
7.950000e+00 4.400000e-01 4.335568e-01 -1.183501e-08 1.104044e+00 2.666306e-06
8.000000e+00 4.400000e-01 4.335567e-01 3.995527e-09 1.104046e+00 3.464120e-06
8.050000e+00 4.400000e-01 4.335565e-01 -3.939634e-08 1.104050e+00 4.494287e-06
8.100000e+00 4.400000e-01 4.335562e-01 7.429454e-08 1.104054e+00 5.842287e-06
8.150000e+00 4.400000e-01 4.335559e-01 -2.097645e-07 1.104059e+00 7.561976e-06
8.200000e+00 4.400000e-01 4.335554e-01 4.650878e-07 1.104066e+00 9.854728e-06
8.250000e+00 4.400000e-01 4.335549e-01 -1.054245e-06 1.104075e+00 1.269229e-05
8.300000e+00 4.400000e-01 4.335542e-01 2.173863e-06 1.104086e+00 1.663599e-05
8.350000e+00 4.400000e-01 4.335532e-01 -4.266057e-06 1.104102e+00 2.125163e-05
8.400000e+00 4.400000e-01 4.335521e-01 7.718983e-06 1.104120e+00 2.807492e-05
8.450000e+00 4.400000e-01 4.335504e-01 -1.291324e-05 1.104148e+00 3.559660e-05
8.500000e+00 4.400000e-01 4.335485e-01 1.956413e-05 1.104177e+00 4.716167e-05
8.550000e+00 4.400000e-01 4.335457e-01 -2.641040e-05 1.104226e+00 5.995578e-05
8.600000e+00 4.400000e-01 4.335425e-01 3.062414e-05 1.104272e+00 7.857229e-05
8.650000e+00 4.400000e-01 4.335378e-01 -2.866617e-05 1.104353e+00 1.014934e-04
8.700000e+00 4.400000e-01 4.335324e-01 1.838105e-05 1.104436e+00 1.306738e-04
8.750000e+00 4.400000e-01 4.335248e-01 -3.081613e-06 1.104562e+00 1.706160e-04
8.800000e+00 4.400000e-01 4.335153e-01 -6.065676e-06 1.104712e+00 2.196784e-04
8.850000e+00 4.400000e-01 4.335028e-01 -6.356487e-06 1.104916e+00 2.833921e-04
8.900000e+00 4.400000e-01 4.334869e-01 4.566082e-05 1.105167e+00 3.703688e-04
8.950000e+00 4.400000e-01 4.334658e-01 -8.931093e-05 1.105518e+00 4.740554e-04
9.000000e+00 4.400000e-01 4.334395e-01 8.689633e-05 1.105927e+00 6.150698e-04
9.050000e+00 4.400000e-01 4.334043e-01 -2.699929e-06 1.106507e+00 8.004807e-04
9.100000e+00 4.400000e-01 4.333595e-01 -1.148606e-04 1.107223e+00 1.025533e-03
9.150000e+00 4.400000e-01 4.333017e-01 1.203870e-04 1.108153e+00 1.329703e-03
9.200000e+00 4.400000e-01 4.332265e-01 8.878480e-05 1.109360e+00 1.732177e-03
9.250000e+00 4.400000e-01 4.331285e-01 -3.496889e-04 1.110958e+00 2.220202e-03
9.300000e+00 4.400000e-01 4.330045e-01 2.537690e-04 1.112926e+00 2.874722e-03
9.350000e+00 4.400000e-01 4.328410e-01 3.321237e-04 1.115570e+00 3.754456e-03
9.400000e+00 4.400000e-01 4.326291e-01 -7.217444e-04 1.118991e+00 4.835181e-03
9.450000e+00 4.400000e-01 4.323575e-01 -1.417450e-05 1.123349e+00 6.244428e-03
9.500000e+00 4.400000e-01 4.320046e-01 1.317126e-03 1.128984e+00 8.188596e-03
9.550000e+00 4.400000e-01 4.315386e-01 -9.089741e-04 1.136513e+00 1.067045e-02
9.600000e+00 4.400000e-01 4.309376e-01 -1.695048e-03 1.146148e+00 1.382286e-02
9.650000e+00 4.400000e-01 4.301564e-01 2.426662e-03 1.158603e+00 1.817766e-02
9.700000e+00 4.400000e-01 4.291198e-01 1.602362e-03 1.175146e+00 2.410813e-02
9.750000e+00 4.400000e-01 4.277455e-01 -4.236841e-03 1.197159e+00 3.179385e-02
9.800000e+00 4.400000e-01 4.259404e-01 -8.590208e-04 1.225911e+00 4.208308e-02
9.850000e+00 4.400000e-01 4.235372e-01 4.788016e-03 1.264117e+00 5.631749e-02
9.900000e+00 4.400000e-01 4.203087e-01 3.704662e-04 1.315610e+00 7.546030e-02
9.950000e+00 4.400000e-01 4.159912e-01 -1.564961e-03 1.384784e+00 1.005267e-01
1.000000e+01 4.400000e-01 4.102560e-01 -1.028931e-03 0.000000e+00 0.000000e+00
0.000000e+00 4.600000e-01 4.399440e-01 -4.800000e-01 0.000000e+00 0.000000e+00
5.000000e-02 4.600000e-01 4.401260e-01 -7.071483e-01 1.484008e+00 -5.700533e-03
1.000000e-01 4.600000e-01 4.405141e-01 2.570870e-01 1.479940e+00 4.455313e-03
1.500000e-01 4.600000e-01 4.396804e-01 2.746404e-01 1.501332e+00 1.887711e-02
2.000000e-01 4.600000e-01 4.386263e-01 -1.856924e+00 1.513527e+00 -3.729359e-03
2.500000e-01 4.600000e-01 4.400534e-01 -1.847722e+00 1.475662e+00 -3.311945e-02
3.000000e-01 4.600000e-01 4.419383e-01 1.368744e+00 1.450865e+00 -2.139418e-03
3.500000e-01 4.600000e-01 4.402673e-01 1.737513e+00 1.499755e+00 4.429686e-02
4.000000e-01 4.600000e-01 4.375086e-01 -2.214287e+00 1.541945e+00 1.260657e-02
4.500000e-01 4.600000e-01 4.390067e-01 -3.325155e+00 1.490765e+00 -5.085637e-02
5.000000e-01 4.600000e-01 4.425942e-01 9.719950e-01 1.429514e+00 -2.840474e-02
5.500000e-01 4.600000e-01 4.418471e-01 3.150891e+00 1.471062e+00 4.739069e-02
6.000000e-01 4.600000e-01 4.378552e-01 -7.176221e-01 1.547768e+00 4.317409e-02
6.500000e-01 4.600000e-01 4.375297e-01 -3.935356e+00 1.526359e+00 -3.675887e-02
7.000000e-01 4.600000e-01 4.415311e-01 -1.060795e+00 1.439986e+00 -5.681241e-02
7.500000e-01 4.600000e-01 4.432110e-01 2.835203e+00 1.430981e+00 1.386690e-02
8.000000e-01 4.600000e-01 4.401444e-01 1.471876e+00 1.506490e+00 5.558835e-02
8.500000e-01 4.600000e-01 4.376521e-01 -2.416143e+00 1.539263e+00 4.967684e-03
9.000000e-01 4.600000e-01 4.396476e-01 -2.623433e+00 1.478916e+00 -5.126650e-02
9.500000e-01 4.600000e-01 4.427788e-01 5.619497e-01 1.421214e+00 -2.894124e-02
1.000000e+00 4.600000e-01 4.425417e-01 1.904758e+00 1.443836e+00 2.677394e-02
1.050000e+00 4.600000e-01 4.401014e-01 -9.918653e-02 1.495283e+00 3.024829e-02
1.100000e+00 4.600000e-01 4.395169e-01 -1.966752e+00 1.492664e+00 -1.406570e-02
1.150000e+00 4.600000e-01 4.415080e-01 -1.247586e+00 1.441973e+00 -3.684551e-02
1.200000e+00 4.600000e-01 4.432014e-01 4.363317e-01 1.411713e+00 -1.317789e-02
1.250000e+00 4.600000e-01 4.428258e-01 6.539631e-01 1.427373e+00 1.465328e-02
1.300000e+00 4.600000e-01 4.417361e-01 -4.484268e-01 1.449081e+00 9.666461e-03
1.350000e+00 4.600000e-01 4.418591e-01 -1.140550e+00 1.438736e+00 -1.431302e-02
1.400000e+00 4.600000e-01 4.431674e-01 -7.344491e-01 1.405793e+00 -2.415348e-02
1.450000e+00 4.600000e-01 4.442745e-01 -5.246112e-02 1.382833e+00 -1.292316e-02
1.500000e+00 4.600000e-01 4.444597e-01 5.057327e-02 1.381127e+00 -6.235812e-05
1.550000e+00 4.600000e-01 4.442807e-01 -3.395980e-01 1.384362e+00 -1.038054e-03
1.600000e+00 4.600000e-01 4.445635e-01 -6.416122e-01 1.374691e+00 -1.173392e-02
1.650000e+00 4.600000e-01 4.454541e-01 -5.758340e-01 1.351567e+00 -1.931156e-02
1.700000e+00 4.600000e-01 4.464947e-01 -3.246509e-01 1.326730e+00 -1.807234e-02
1.750000e+00 4.600000e-01 4.472613e-01 -1.708461e-01 1.309175e+00 -1.240130e-02
1.800000e+00 4.600000e-01 4.477348e-01 -1.998712e-01 1.298070e+00 -9.176151e-03
1.850000e+00 4.600000e-01 4.481789e-01 -3.120937e-01 1.286753e+00 -1.101118e-02
1.900000e+00 4.600000e-01 4.488359e-01 -3.840908e-01 1.269833e+00 -1.580408e-02
1.950000e+00 4.600000e-01 4.497593e-01 -3.698217e-01 1.246563e+00 -2.005687e-02
2.000000e+00 4.600000e-01 4.508416e-01 -2.939210e-01 1.219804e+00 -2.165741e-02
2.050000e+00 4.600000e-01 4.519251e-01 -2.012382e-01 1.193358e+00 -2.045828e-02
2.100000e+00 4.600000e-01 4.528875e-01 -1.224230e-01 1.170057e+00 -1.744978e-02
2.150000e+00 4.600000e-01 4.536701e-01 -6.768288e-02 1.151203e+00 -1.379307e-02
2.200000e+00 4.600000e-01 4.542668e-01 -3.457411e-02 1.136868e+00 -1.030993e-02
2.250000e+00 4.600000e-01 4.547011e-01 -1.651847e-02 1.126452e+00 -7.400665e-03
2.300000e+00 4.600000e-01 4.550068e-01 -7.447719e-03 1.119124e+00 -5.161034e-03
2.350000e+00 4.600000e-01 4.552172e-01 -3.189870e-03 1.114086e+00 -3.526561e-03
2.400000e+00 4.600000e-01 4.553595e-01 -1.304184e-03 1.110679e+00 -2.375513e-03
2.450000e+00 4.600000e-01 4.554547e-01 -5.108694e-04 1.108400e+00 -1.584096e-03
2.500000e+00 4.600000e-01 4.555179e-01 -1.922636e-04 1.106889e+00 -1.048677e-03
2.550000e+00 4.600000e-01 4.555596e-01 -6.966969e-05 1.105893e+00 -6.904367e-04
2.600000e+00 4.600000e-01 4.555869e-01 -2.435034e-05 1.105240e+00 -4.526076e-04
2.650000e+00 4.600000e-01 4.556048e-01 -8.220737e-06 1.104814e+00 -2.956278e-04
2.700000e+00 4.600000e-01 4.556165e-01 -2.684338e-06 1.104536e+00 -1.924853e-04
2.750000e+00 4.600000e-01 4.556241e-01 -8.490716e-07 1.104356e+00 -1.249772e-04
2.800000e+00 4.600000e-01 4.556290e-01 -2.608478e-07 1.104240e+00 -8.094414e-05
2.850000e+00 4.600000e-01 4.556322e-01 -7.838075e-08 1.104166e+00 -5.231441e-05
2.900000e+00 4.600000e-01 4.556342e-01 -2.355526e-08 1.104118e+00 -3.375566e-05
2.950000e+00 4.600000e-01 4.556356e-01 -7.588358e-09 1.104087e+00 -2.175943e-05
3.000000e+00 4.600000e-01 4.556364e-01 -3.079499e-09 1.104068e+00 -1.402562e-05
3.050000e+00 4.600000e-01 4.556370e-01 -1.845134e-09 1.104056e+00 -9.051444e-06
3.100000e+00 4.600000e-01 4.556373e-01 -1.518056e-09 1.104048e+00 -5.858304e-06
3.150000e+00 4.600000e-01 4.556375e-01 -1.434640e-09 1.104043e+00 -3.811041e-06
3.200000e+00 4.600000e-01 4.556377e-01 -1.414528e-09 1.104040e+00 -2.498782e-06
3.250000e+00 4.600000e-01 4.556378e-01 -1.410218e-09 1.104039e+00 -1.656648e-06
3.300000e+00 4.600000e-01 4.556379e-01 -1.409617e-09 1.104037e+00 -1.114474e-06
3.350000e+00 4.600000e-01 4.556379e-01 -1.409773e-09 1.104037e+00 -7.633372e-07
3.400000e+00 4.600000e-01 4.556379e-01 -1.410012e-09 1.104036e+00 -5.337707e-07
3.450000e+00 4.600000e-01 4.556380e-01 -1.410206e-09 1.104036e+00 -3.816304e-07
3.500000e+00 4.600000e-01 4.556380e-01 -1.410346e-09 1.104036e+00 -2.789601e-07
3.550000e+00 4.600000e-01 4.556380e-01 -1.410444e-09 1.104036e+00 -2.081068e-07
3.600000e+00 4.600000e-01 4.556380e-01 -1.410512e-09 1.104036e+00 -1.579452e-07
3.650000e+00 4.600000e-01 4.556380e-01 -1.410559e-09 1.104036e+00 -1.214651e-07
3.700000e+00 4.600000e-01 4.556380e-01 -1.410591e-09 1.104036e+00 -9.423832e-08
3.750000e+00 4.600000e-01 4.556380e-01 -1.410615e-09 1.104036e+00 -7.344870e-08
3.800000e+00 4.600000e-01 4.556380e-01 -1.410631e-09 1.104036e+00 -5.728247e-08
3.850000e+00 4.600000e-01 4.556380e-01 -1.410642e-09 1.104036e+00 -4.454763e-08
3.900000e+00 4.600000e-01 4.556380e-01 -1.410651e-09 1.104036e+00 -3.443800e-08
3.950000e+00 4.600000e-01 4.556380e-01 -1.410657e-09 1.104036e+00 -2.638813e-08
4.000000e+00 4.600000e-01 4.556380e-01 -1.410661e-09 1.104036e+00 -1.998483e-08
4.050000e+00 4.600000e-01 4.556380e-01 -1.410664e-09 1.104036e+00 -1.491359e-08
4.100000e+00 4.600000e-01 4.556380e-01 -1.410667e-09 1.104036e+00 -1.092625e-08
4.150000e+00 4.600000e-01 4.556380e-01 -1.410668e-09 1.104036e+00 -7.821572e-09
4.200000e+00 4.600000e-01 4.556380e-01 -1.410670e-09 1.104036e+00 -5.433371e-09
4.250000e+00 4.600000e-01 4.556380e-01 -1.410671e-09 1.104036e+00 -3.623061e-09
4.300000e+00 4.600000e-01 4.556380e-01 -1.410672e-09 1.104036e+00 -2.274749e-09
4.350000e+00 4.600000e-01 4.556380e-01 -1.410672e-09 1.104036e+00 -1.291759e-09
4.400000e+00 4.600000e-01 4.556380e-01 -1.410673e-09 1.104036e+00 -5.939349e-10
4.450000e+00 4.600000e-01 4.556380e-01 -1.410673e-09 1.104036e+00 -1.153949e-10
4.500000e+00 4.600000e-01 4.556380e-01 -1.410673e-09 1.104036e+00 1.974160e-10
4.550000e+00 4.600000e-01 4.556380e-01 -1.410673e-09 1.104036e+00 3.874950e-10
4.600000e+00 4.600000e-01 4.556380e-01 -1.410673e-09 1.104036e+00 4.888806e-10
4.650000e+00 4.600000e-01 4.556380e-01 -1.410673e-09 1.104036e+00 5.281015e-10
4.700000e+00 4.600000e-01 4.556380e-01 -1.410674e-09 1.104036e+00 5.254736e-10
4.750000e+00 4.600000e-01 4.556380e-01 -1.410674e-09 1.104036e+00 4.962486e-10
4.800000e+00 4.600000e-01 4.556380e-01 -1.410674e-09 1.104036e+00 4.516132e-10
4.850000e+00 4.600000e-01 4.556380e-01 -1.410674e-09 1.104036e+00 3.995365e-10
4.900000e+00 4.600000e-01 4.556380e-01 -1.410674e-09 1.104036e+00 3.455014e-10
4.950000e+00 4.600000e-01 4.556380e-01 -1.410674e-09 1.104036e+00 2.930978e-10
5.000000e+00 4.600000e-01 4.556380e-01 -1.410674e-09 1.104036e+00 2.445011e-10
5.050000e+00 4.600000e-01 4.556380e-01 -1.410674e-09 1.104036e+00 2.008688e-10
5.100000e+00 4.600000e-01 4.556380e-01 -1.410674e-09 1.104036e+00 1.626443e-10
5.150000e+00 4.600000e-01 4.556380e-01 -1.410674e-09 1.104036e+00 1.297951e-10
5.200000e+00 4.600000e-01 4.556380e-01 -1.410674e-09 1.104036e+00 1.019851e-10
5.250000e+00 4.600000e-01 4.556380e-01 -1.410674e-09 1.104036e+00 7.870371e-11
5.300000e+00 4.600000e-01 4.556380e-01 -1.410674e-09 1.104036e+00 5.935974e-11
5.350000e+00 4.600000e-01 4.556380e-01 -1.410674e-09 1.104036e+00 4.335365e-11
5.400000e+00 4.600000e-01 4.556380e-01 -1.410674e-09 1.104036e+00 3.010869e-11
5.450000e+00 4.600000e-01 4.556380e-01 -1.410674e-09 1.104036e+00 1.910083e-11
5.500000e+00 4.600000e-01 4.556380e-01 -1.410674e-09 1.104036e+00 9.873768e-12
5.550000e+00 4.600000e-01 4.556380e-01 -1.410674e-09 1.104036e+00 2.047251e-12
5.600000e+00 4.600000e-01 4.556380e-01 -1.410674e-09 1.104036e+00 -4.682921e-12
5.650000e+00 4.600000e-01 4.556380e-01 -1.410674e-09 1.104036e+00 -1.054434e-11
5.700000e+00 4.600000e-01 4.556380e-01 -1.410674e-09 1.104036e+00 -1.568023e-11
5.750000e+00 4.600000e-01 4.556380e-01 -1.410674e-09 1.104036e+00 -2.015721e-11
5.800000e+00 4.600000e-01 4.556380e-01 -1.410674e-09 1.104036e+00 -2.395306e-11
5.850000e+00 4.600000e-01 4.556380e-01 -1.410674e-09 1.104036e+00 -2.694511e-11
5.900000e+00 4.600000e-01 4.556380e-01 -1.410674e-09 1.104036e+00 -2.890410e-11
5.950000e+00 4.600000e-01 4.556380e-01 -1.410674e-09 1.104036e+00 -2.945366e-11
6.000000e+00 4.600000e-01 4.556380e-01 -1.410674e-09 1.104036e+00 -2.804701e-11
6.050000e+00 4.600000e-01 4.556380e-01 -1.410674e-09 1.104036e+00 -2.391531e-11
6.100000e+00 4.600000e-01 4.556380e-01 -1.410674e-09 1.104036e+00 -1.600053e-11
6.150000e+00 4.600000e-01 4.556380e-01 -1.410674e-09 1.104036e+00 -2.874367e-12
6.200000e+00 4.600000e-01 4.556380e-01 -1.410674e-09 1.104036e+00 1.738887e-11
6.250000e+00 4.600000e-01 4.556380e-01 -1.410674e-09 1.104036e+00 4.735878e-11
6.300000e+00 4.600000e-01 4.556380e-01 -1.410674e-09 1.104036e+00 9.044487e-11
6.350000e+00 4.600000e-01 4.556380e-01 -1.410674e-09 1.104036e+00 1.511619e-10
6.400000e+00 4.600000e-01 4.556380e-01 -1.410674e-09 1.104036e+00 2.354772e-10
6.450000e+00 4.600000e-01 4.556380e-01 -1.410674e-09 1.104036e+00 3.512574e-10
6.500000e+00 4.600000e-01 4.556380e-01 -1.410674e-09 1.104036e+00 5.088480e-10
6.550000e+00 4.600000e-01 4.556380e-01 -1.410674e-09 1.104036e+00 7.218365e-10
6.600000e+00 4.600000e-01 4.556380e-01 -1.410674e-09 1.104036e+00 1.008051e-09
6.650000e+00 4.600000e-01 4.556380e-01 -1.410674e-09 1.104036e+00 1.390837e-09
6.700000e+00 4.600000e-01 4.556380e-01 -1.410674e-09 1.104036e+00 1.900752e-09
6.750000e+00 4.600000e-01 4.556380e-01 -1.410674e-09 1.104036e+00 2.577754e-09
6.800000e+00 4.600000e-01 4.556380e-01 -1.410674e-09 1.104036e+00 3.474027e-09
6.850000e+00 4.600000e-01 4.556380e-01 -1.410674e-09 1.104036e+00 4.657696e-09
6.900000e+00 4.600000e-01 4.556380e-01 -1.410674e-09 1.104036e+00 6.217629e-09
6.950000e+00 4.600000e-01 4.556380e-01 -1.410674e-09 1.104036e+00 8.269668e-09
7.000000e+00 4.600000e-01 4.556380e-01 -1.410674e-09 1.104036e+00 1.096476e-08
7.050000e+00 4.600000e-01 4.556380e-01 -1.410675e-09 1.104036e+00 1.449948e-08
7.100000e+00 4.600000e-01 4.556380e-01 -1.410675e-09 1.104036e+00 1.912972e-08
7.150000e+00 4.600000e-01 4.556380e-01 -1.410675e-09 1.104036e+00 2.518847e-08
7.200000e+00 4.600000e-01 4.556380e-01 -1.410675e-09 1.104036e+00 3.310884e-08
7.250000e+00 4.600000e-01 4.556380e-01 -1.410676e-09 1.104036e+00 4.345402e-08
7.300000e+00 4.600000e-01 4.556380e-01 -1.410677e-09 1.104036e+00 5.695611e-08
7.350000e+00 4.600000e-01 4.556380e-01 -1.410678e-09 1.104036e+00 7.456653e-08
7.400000e+00 4.600000e-01 4.556380e-01 -1.410678e-09 1.104036e+00 9.752133e-08
7.450000e+00 4.600000e-01 4.556380e-01 -1.410684e-09 1.104037e+00 1.274260e-07
7.500000e+00 4.600000e-01 4.556380e-01 -1.410666e-09 1.104037e+00 1.663654e-07
7.550000e+00 4.600000e-01 4.556380e-01 -1.410751e-09 1.104037e+00 2.170461e-07
7.600000e+00 4.600000e-01 4.556380e-01 -1.410435e-09 1.104037e+00 2.829814e-07
7.650000e+00 4.600000e-01 4.556380e-01 -1.411640e-09 1.104038e+00 3.687298e-07
7.700000e+00 4.600000e-01 4.556379e-01 -1.407285e-09 1.104038e+00 4.802075e-07
7.750000e+00 4.600000e-01 4.556379e-01 -1.422595e-09 1.104039e+00 6.250826e-07
7.800000e+00 4.600000e-01 4.556379e-01 -1.370806e-09 1.104040e+00 8.133179e-07
7.850000e+00 4.600000e-01 4.556378e-01 -1.539806e-09 1.104041e+00 1.057774e-06
7.900000e+00 4.600000e-01 4.556378e-01 -1.009197e-09 1.104042e+00 1.375294e-06
7.950000e+00 4.600000e-01 4.556377e-01 -2.610670e-09 1.104044e+00 1.787202e-06
8.000000e+00 4.600000e-01 4.556376e-01 2.027245e-09 1.104047e+00 2.322557e-06
8.050000e+00 4.600000e-01 4.556375e-01 -1.083831e-08 1.104050e+00 3.015141e-06
8.100000e+00 4.600000e-01 4.556373e-01 2.327317e-08 1.104054e+00 3.918675e-06
8.150000e+00 4.600000e-01 4.556371e-01 -6.296126e-08 1.104060e+00 5.078222e-06
8.200000e+00 4.600000e-01 4.556368e-01 1.442955e-07 1.104067e+00 6.609381e-06
8.250000e+00 4.600000e-01 4.556364e-01 -3.276438e-07 1.104076e+00 8.535037e-06
8.300000e+00 4.600000e-01 4.556359e-01 6.862373e-07 1.104088e+00 1.114944e-05
8.350000e+00 4.600000e-01 4.556353e-01 -1.358062e-06 1.104104e+00 1.431509e-05
8.400000e+00 4.600000e-01 4.556345e-01 2.484878e-06 1.104123e+00 1.879920e-05
8.450000e+00 4.600000e-01 4.556334e-01 -4.191204e-06 1.104151e+00 2.400460e-05
8.500000e+00 4.600000e-01 4.556321e-01 6.397425e-06 1.104182e+00 3.158974e-05
8.550000e+00 4.600000e-01 4.556303e-01 -8.664274e-06 1.104229e+00 4.039240e-05
8.600000e+00 4.600000e-01 4.556281e-01 1.000979e-05 1.104281e+00 5.275703e-05
8.650000e+00 4.600000e-01 4.556250e-01 -9.145165e-06 1.104359e+00 6.820187e-05
8.700000e+00 4.600000e-01 4.556212e-01 5.254334e-06 1.104450e+00 8.794959e-05
8.750000e+00 4.600000e-01 4.556162e-01 5.367321e-07 1.104576e+00 1.145861e-04
8.800000e+00 4.600000e-01 4.556098e-01 -4.126848e-06 1.104732e+00 1.477074e-04
8.850000e+00 4.600000e-01 4.556014e-01 -3.406188e-07 1.104939e+00 1.907694e-04
8.900000e+00 4.600000e-01 4.555907e-01 1.518721e-05 1.105201e+00 2.486283e-04
8.950000e+00 4.600000e-01 4.555765e-01 -3.209482e-05 1.105553e+00 3.190965e-04
9.000000e+00 4.600000e-01 4.555588e-01 3.140516e-05 1.105985e+00 4.137667e-04
9.050000e+00 4.600000e-01 4.555352e-01 1.939125e-06 1.106571e+00 5.376501e-04
9.100000e+00 4.600000e-01 4.555050e-01 -5.012881e-05 1.107312e+00 6.902680e-04
9.150000e+00 4.600000e-01 4.554661e-01 5.450020e-05 1.108268e+00 8.947465e-04
9.200000e+00 4.600000e-01 4.554155e-01 3.067543e-05 1.109512e+00 1.163569e-03
9.250000e+00 4.600000e-01 4.553498e-01 -1.436056e-04 1.111138e+00 1.494286e-03
9.300000e+00 4.600000e-01 4.552661e-01 1.117628e-04 1.113184e+00 1.935235e-03
9.350000e+00 4.600000e-01 4.551563e-01 1.373464e-04 1.115892e+00 2.523275e-03
9.400000e+00 4.600000e-01 4.550138e-01 -3.258779e-04 1.119401e+00 3.253092e-03
9.450000e+00 4.600000e-01 4.548310e-01 3.010788e-05 1.123891e+00 4.206773e-03
9.500000e+00 4.600000e-01 4.545931e-01 5.676854e-04 1.129721e+00 5.510027e-03
9.550000e+00 4.600000e-01 4.542800e-01 -4.694247e-04 1.137437e+00 7.179147e-03
9.600000e+00 4.600000e-01 4.538752e-01 -6.800747e-04 1.147375e+00 9.316360e-03
9.650000e+00 4.600000e-01 4.533483e-01 1.176917e-03 1.160273e+00 1.225606e-02
9.700000e+00 4.600000e-01 4.526496e-01 5.106561e-04 1.177395e+00 1.624259e-02
9.750000e+00 4.600000e-01 4.517241e-01 -1.950300e-03 1.200113e+00 2.143161e-02
9.800000e+00 4.600000e-01 4.505064e-01 -5.468659e-05 1.229913e+00 2.839364e-02
9.850000e+00 4.600000e-01 4.488847e-01 2.113571e-03 1.269573e+00 3.798345e-02
9.900000e+00 4.600000e-01 4.467081e-01 -1.080194e-04 1.322899e+00 5.084063e-02
9.950000e+00 4.600000e-01 4.438006e-01 -7.150794e-04 1.394275e+00 6.764090e-02
1.000000e+01 4.600000e-01 4.399440e-01 -5.457977e-04 0.000000e+00 0.000000e+00
0.000000e+00 4.800000e-01 4.698240e-01 -2.400000e-01 0.000000e+00 0.000000e+00
5.000000e-02 4.800000e-01 4.699082e-01 -3.914216e-01 1.491847e+00 -3.181002e-03
1.000000e-01 4.800000e-01 4.701421e-01 1.168453e-01 1.482142e+00 1.700373e-03
1.500000e-01 4.800000e-01 4.697382e-01 2.537189e-01 1.502968e+00 1.031326e-02
2.000000e-01 4.800000e-01 4.691108e-01 -8.867519e-01 1.529306e+00 -5.469741e-04
2.500000e-01 4.800000e-01 4.697929e-01 -1.095884e+00 1.493640e+00 -1.781724e-02
3.000000e-01 4.800000e-01 4.708925e-01 6.174707e-01 1.446528e+00 -3.374517e-03
3.500000e-01 4.800000e-01 4.701303e-01 1.114845e+00 1.488279e+00 2.324841e-02
4.000000e-01 4.800000e-01 4.685677e-01 -9.352793e-01 1.557218e+00 9.353016e-03
4.500000e-01 4.800000e-01 4.691950e-01 -1.854439e+00 1.519777e+00 -2.610414e-02
5.000000e-01 4.800000e-01 4.711781e-01 3.086900e-01 1.430112e+00 -1.796824e-02
5.500000e-01 4.800000e-01 4.709919e-01 1.811304e+00 1.448776e+00 2.325979e-02
6.000000e-01 4.800000e-01 4.688521e-01 -3.060027e-02 1.548540e+00 2.529221e-02
6.500000e-01 4.800000e-01 4.684626e-01 -2.003115e+00 1.556670e+00 -1.682895e-02
7.000000e-01 4.800000e-01 4.705350e-01 -7.615553e-01 1.456661e+00 -3.154132e-02
7.500000e-01 4.800000e-01 4.716168e-01 1.463738e+00 1.414669e+00 4.346056e-03
8.000000e-01 4.800000e-01 4.701004e-01 1.045938e+00 1.491311e+00 2.969470e-02
8.500000e-01 4.800000e-01 4.686473e-01 -1.047646e+00 1.553599e+00 5.496339e-03
9.000000e-01 4.800000e-01 4.695507e-01 -1.421241e+00 1.503721e+00 -2.602950e-02
9.500000e-01 4.800000e-01 4.712502e-01 1.760901e-01 1.425453e+00 -1.709538e-02
1.000000e+00 4.800000e-01 4.712603e-01 1.054543e+00 1.431377e+00 1.265230e-02
1.050000e+00 4.800000e-01 4.699850e-01 1.216868e-01 1.492374e+00 1.691789e-02
1.100000e+00 4.800000e-01 4.695685e-01 -9.387443e-01 1.506983e+00 -5.616409e-03
1.150000e+00 4.800000e-01 4.705467e-01 -6.879486e-01 1.457212e+00 -1.905602e-02
1.200000e+00 4.800000e-01 4.714741e-01 1.845595e-01 1.414879e+00 -7.884927e-03
1.250000e+00 4.800000e-01 4.713352e-01 3.752111e-01 1.424271e+00 7.178141e-03
1.300000e+00 4.800000e-01 4.707563e-01 -1.630937e-01 1.451511e+00 5.692327e-03
1.350000e+00 4.800000e-01 4.707659e-01 -5.577340e-01 1.448439e+00 -6.583554e-03
1.400000e+00 4.800000e-01 4.714146e-01 -3.893481e-01 1.415734e+00 -1.233325e-02
1.450000e+00 4.800000e-01 4.719992e-01 -3.939352e-02 1.388062e+00 -6.986894e-03
1.500000e+00 4.800000e-01 4.721133e-01 3.583169e-02 1.383432e+00 -1.752251e-04
1.550000e+00 4.800000e-01 4.720168e-01 -1.527945e-01 1.387911e+00 -2.711438e-04
1.600000e+00 4.800000e-01 4.721404e-01 -3.145673e-01 1.380844e+00 -5.622251e-03
1.650000e+00 4.800000e-01 4.725790e-01 -2.924094e-01 1.358584e+00 -9.662522e-03
1.700000e+00 4.800000e-01 4.731067e-01 -1.682072e-01 1.332573e+00 -9.219625e-03
1.750000e+00 4.800000e-01 4.735010e-01 -8.669473e-02 1.313410e+00 -6.363186e-03
1.800000e+00 4.800000e-01 4.737430e-01 -9.735632e-02 1.301576e+00 -4.629140e-03
1.850000e+00 4.800000e-01 4.739639e-01 -1.531442e-01 1.290476e+00 -5.460503e-03
1.900000e+00 4.800000e-01 4.742891e-01 -1.909924e-01 1.274054e+00 -7.855472e-03
1.950000e+00 4.800000e-01 4.747494e-01 -1.856890e-01 1.250972e+00 -1.003385e-02
2.000000e+00 4.800000e-01 4.752924e-01 -1.485604e-01 1.223917e+00 -1.088993e-02
2.050000e+00 4.800000e-01 4.758384e-01 -1.021753e-01 1.196832e+00 -1.032225e-02
2.100000e+00 4.800000e-01 4.763247e-01 -6.235006e-02 1.172774e+00 -8.823436e-03
2.150000e+00 4.800000e-01 4.767208e-01 -3.454310e-02 1.153210e+00 -6.983618e-03
2.200000e+00 4.800000e-01 4.770230e-01 -1.767031e-02 1.138293e+00 -5.224051e-03
2.250000e+00 4.800000e-01 4.772432e-01 -8.450197e-03 1.127437e+00 -3.751553e-03
2.300000e+00 4.800000e-01 4.773982e-01 -3.812239e-03 1.119793e+00 -2.616925e-03
2.350000e+00 4.800000e-01 4.775049e-01 -1.633390e-03 1.114536e+00 -1.788529e-03
2.400000e+00 4.800000e-01 4.775770e-01 -6.679543e-04 1.110979e+00 -1.205046e-03
2.450000e+00 4.800000e-01 4.776254e-01 -2.616745e-04 1.108600e+00 -8.038371e-04
2.500000e+00 4.800000e-01 4.776574e-01 -9.848269e-05 1.107021e+00 -5.323929e-04
2.550000e+00 4.800000e-01 4.776786e-01 -3.568572e-05 1.105980e+00 -3.507588e-04
2.600000e+00 4.800000e-01 4.776925e-01 -1.247164e-05 1.105298e+00 -2.301580e-04
2.650000e+00 4.800000e-01 4.777016e-01 -4.209867e-06 1.104852e+00 -1.505371e-04
2.700000e+00 4.800000e-01 4.777076e-01 -1.374243e-06 1.104561e+00 -9.820544e-05
2.750000e+00 4.800000e-01 4.777114e-01 -4.343298e-07 1.104373e+00 -6.393726e-05
2.800000e+00 4.800000e-01 4.777140e-01 -1.330989e-07 1.104251e+00 -4.156994e-05
2.850000e+00 4.800000e-01 4.777156e-01 -3.966207e-08 1.104173e+00 -2.701240e-05
2.900000e+00 4.800000e-01 4.777167e-01 -1.158726e-08 1.104123e+00 -1.756183e-05
2.950000e+00 4.800000e-01 4.777173e-01 -3.409879e-09 1.104091e+00 -1.143980e-05
3.000000e+00 4.800000e-01 4.777178e-01 -1.099581e-09 1.104070e+00 -7.480396e-06
3.050000e+00 4.800000e-01 4.777181e-01 -4.662451e-10 1.104057e+00 -4.921848e-06
3.100000e+00 4.800000e-01 4.777183e-01 -2.978042e-10 1.104049e+00 -3.268138e-06
3.150000e+00 4.800000e-01 4.777184e-01 -2.544069e-10 1.104044e+00 -2.197362e-06
3.200000e+00 4.800000e-01 4.777185e-01 -2.436331e-10 1.104041e+00 -1.501312e-06
3.250000e+00 4.800000e-01 4.777186e-01 -2.411002e-10 1.104039e+00 -1.045780e-06
3.300000e+00 4.800000e-01 4.777186e-01 -2.405697e-10 1.104038e+00 -7.445511e-07
3.350000e+00 4.800000e-01 4.777186e-01 -2.404974e-10 1.104037e+00 -5.424287e-07
3.400000e+00 4.800000e-01 4.777187e-01 -2.405163e-10 1.104037e+00 -4.041862e-07
3.450000e+00 4.800000e-01 4.777187e-01 -2.405449e-10 1.104036e+00 -3.074030e-07
3.500000e+00 4.800000e-01 4.777187e-01 -2.405682e-10 1.104036e+00 -2.378358e-07
3.550000e+00 4.800000e-01 4.777187e-01 -2.405850e-10 1.104036e+00 -1.864384e-07
3.600000e+00 4.800000e-01 4.777187e-01 -2.405968e-10 1.104036e+00 -1.474528e-07
3.650000e+00 4.800000e-01 4.777187e-01 -2.406051e-10 1.104036e+00 -1.171914e-07
3.700000e+00 4.800000e-01 4.777187e-01 -2.406109e-10 1.104036e+00 -9.326435e-08
3.750000e+00 4.800000e-01 4.777187e-01 -2.406150e-10 1.104036e+00 -7.409326e-08
3.800000e+00 4.800000e-01 4.777187e-01 -2.406179e-10 1.104036e+00 -5.860626e-08
3.850000e+00 4.800000e-01 4.777187e-01 -2.406200e-10 1.104036e+00 -4.604884e-08
3.900000e+00 4.800000e-01 4.777187e-01 -2.406215e-10 1.104036e+00 -3.586744e-08
3.950000e+00 4.800000e-01 4.777187e-01 -2.406226e-10 1.104036e+00 -2.763829e-08
4.000000e+00 4.800000e-01 4.777187e-01 -2.406234e-10 1.104036e+00 -2.102435e-08
4.050000e+00 4.800000e-01 4.777187e-01 -2.406240e-10 1.104036e+00 -1.574937e-08
4.100000e+00 4.800000e-01 4.777187e-01 -2.406244e-10 1.104036e+00 -1.158210e-08
4.150000e+00 4.800000e-01 4.777187e-01 -2.406247e-10 1.104036e+00 -8.326720e-09
4.200000e+00 4.800000e-01 4.777187e-01 -2.406250e-10 1.104036e+00 -5.816584e-09
4.250000e+00 4.800000e-01 4.777187e-01 -2.406252e-10 1.104036e+00 -3.910004e-09
4.300000e+00 4.800000e-01 4.777187e-01 -2.406253e-10 1.104036e+00 -2.487079e-09
4.350000e+00 4.800000e-01 4.777187e-01 -2.406254e-10 1.104036e+00 -1.447112e-09
4.400000e+00 4.800000e-01 4.777187e-01 -2.406255e-10 1.104036e+00 -7.063167e-10
4.450000e+00 4.800000e-01 4.777187e-01 -2.406255e-10 1.104036e+00 -1.957262e-10
4.500000e+00 4.800000e-01 4.777187e-01 -2.406256e-10 1.104036e+00 1.407396e-10
4.550000e+00 4.800000e-01 4.777187e-01 -2.406256e-10 1.104036e+00 3.480971e-10
4.600000e+00 4.800000e-01 4.777187e-01 -2.406257e-10 1.104036e+00 4.619677e-10
4.650000e+00 4.800000e-01 4.777187e-01 -2.406257e-10 1.104036e+00 5.101042e-10
4.700000e+00 4.800000e-01 4.777187e-01 -2.406257e-10 1.104036e+00 5.137563e-10
4.750000e+00 4.800000e-01 4.777187e-01 -2.406257e-10 1.104036e+00 4.888856e-10
4.800000e+00 4.800000e-01 4.777187e-01 -2.406257e-10 1.104036e+00 4.472134e-10
4.850000e+00 4.800000e-01 4.777187e-01 -2.406257e-10 1.104036e+00 3.971007e-10
4.900000e+00 4.800000e-01 4.777187e-01 -2.406257e-10 1.104036e+00 3.443240e-10
4.950000e+00 4.800000e-01 4.777187e-01 -2.406257e-10 1.104036e+00 2.926859e-10
5.000000e+00 4.800000e-01 4.777187e-01 -2.406257e-10 1.104036e+00 2.445150e-10
5.050000e+00 4.800000e-01 4.777187e-01 -2.406257e-10 1.104036e+00 2.010769e-10
5.100000e+00 4.800000e-01 4.777187e-01 -2.406257e-10 1.104036e+00 1.628930e-10
5.150000e+00 4.800000e-01 4.777187e-01 -2.406257e-10 1.104036e+00 1.299794e-10
5.200000e+00 4.800000e-01 4.777187e-01 -2.406257e-10 1.104036e+00 1.020278e-10
5.250000e+00 4.800000e-01 4.777187e-01 -2.406257e-10 1.104036e+00 7.854939e-11
5.300000e+00 4.800000e-01 4.777187e-01 -2.406257e-10 1.104036e+00 5.895950e-11
5.350000e+00 4.800000e-01 4.777187e-01 -2.406257e-10 1.104036e+00 4.265255e-11
5.400000e+00 4.800000e-01 4.777187e-01 -2.406257e-10 1.104036e+00 2.904343e-11
5.450000e+00 4.800000e-01 4.777187e-01 -2.406257e-10 1.104036e+00 1.758704e-11
5.500000e+00 4.800000e-01 4.777187e-01 -2.406257e-10 1.104036e+00 7.800982e-12
5.550000e+00 4.800000e-01 4.777187e-01 -2.406257e-10 1.104036e+00 -7.288614e-13
5.600000e+00 4.800000e-01 4.777187e-01 -2.406257e-10 1.104036e+00 -8.356094e-12
5.650000e+00 4.800000e-01 4.777187e-01 -2.406257e-10 1.104036e+00 -1.537159e-11
5.700000e+00 4.800000e-01 4.777187e-01 -2.406257e-10 1.104036e+00 -2.199962e-11
5.750000e+00 4.800000e-01 4.777187e-01 -2.406257e-10 1.104036e+00 -2.841116e-11
5.800000e+00 4.800000e-01 4.777187e-01 -2.406257e-10 1.104036e+00 -3.472278e-11
5.850000e+00 4.800000e-01 4.777187e-01 -2.406257e-10 1.104036e+00 -4.098888e-11
5.900000e+00 4.800000e-01 4.777187e-01 -2.406257e-10 1.104036e+00 -4.721057e-11
5.950000e+00 4.800000e-01 4.777187e-01 -2.406257e-10 1.104036e+00 -5.331513e-11
6.000000e+00 4.800000e-01 4.777187e-01 -2.406257e-10 1.104036e+00 -5.914658e-11
6.050000e+00 4.800000e-01 4.777187e-01 -2.406257e-10 1.104036e+00 -6.444956e-11
6.100000e+00 4.800000e-01 4.777187e-01 -2.406257e-10 1.104036e+00 -6.883383e-11
6.150000e+00 4.800000e-01 4.777187e-01 -2.406257e-10 1.104036e+00 -7.173706e-11
6.200000e+00 4.800000e-01 4.777187e-01 -2.406257e-10 1.104036e+00 -7.236600e-11
6.250000e+00 4.800000e-01 4.777187e-01 -2.406257e-10 1.104036e+00 -6.962486e-11
6.300000e+00 4.800000e-01 4.777187e-01 -2.406257e-10 1.104036e+00 -6.202427e-11
6.350000e+00 4.800000e-01 4.777187e-01 -2.406257e-10 1.104036e+00 -4.755196e-11
6.400000e+00 4.800000e-01 4.777187e-01 -2.406257e-10 1.104036e+00 -2.349121e-11
6.450000e+00 4.800000e-01 4.777187e-01 -2.406257e-10 1.104036e+00 1.378619e-11
6.500000e+00 4.800000e-01 4.777187e-01 -2.406257e-10 1.104036e+00 6.910306e-11
6.550000e+00 4.800000e-01 4.777187e-01 -2.406257e-10 1.104036e+00 1.488698e-10
6.600000e+00 4.800000e-01 4.777187e-01 -2.406257e-10 1.104036e+00 2.615669e-10
6.650000e+00 4.800000e-01 4.777187e-01 -2.406257e-10 1.104036e+00 4.183792e-10
6.700000e+00 4.800000e-01 4.777187e-01 -2.406257e-10 1.104036e+00 6.340439e-10
6.750000e+00 4.800000e-01 4.777187e-01 -2.406258e-10 1.104036e+00 9.279338e-10
6.800000e+00 4.800000e-01 4.777187e-01 -2.406258e-10 1.104036e+00 1.325464e-09
6.850000e+00 4.800000e-01 4.777187e-01 -2.406258e-10 1.104036e+00 1.859945e-09
6.900000e+00 4.800000e-01 4.777187e-01 -2.406258e-10 1.104036e+00 2.574979e-09
6.950000e+00 4.800000e-01 4.777187e-01 -2.406258e-10 1.104036e+00 3.527564e-09
7.000000e+00 4.800000e-01 4.777187e-01 -2.406258e-10 1.104036e+00 4.792153e-09
7.050000e+00 4.800000e-01 4.777187e-01 -2.406258e-10 1.104036e+00 6.465914e-09
7.100000e+00 4.800000e-01 4.777187e-01 -2.406259e-10 1.104036e+00 8.675568e-09
7.150000e+00 4.800000e-01 4.777187e-01 -2.406259e-10 1.104036e+00 1.158626e-08
7.200000e+00 4.800000e-01 4.777187e-01 -2.406260e-10 1.104036e+00 1.541312e-08
7.250000e+00 4.800000e-01 4.777187e-01 -2.406260e-10 1.104036e+00 2.043618e-08
7.300000e+00 4.800000e-01 4.777187e-01 -2.406261e-10 1.104036e+00 2.701989e-08
7.350000e+00 4.800000e-01 4.777187e-01 -2.406263e-10 1.104036e+00 3.563828e-08
7.400000e+00 4.800000e-01 4.777187e-01 -2.406262e-10 1.104037e+00 4.690774e-08
7.450000e+00 4.800000e-01 4.777187e-01 -2.406276e-10 1.104037e+00 6.162948e-08
7.500000e+00 4.800000e-01 4.777187e-01 -2.406231e-10 1.104037e+00 8.084464e-08
7.550000e+00 4.800000e-01 4.777187e-01 -2.406428e-10 1.104037e+00 1.059057e-07
7.600000e+00 4.800000e-01 4.777187e-01 -2.405673e-10 1.104037e+00 1.385693e-07
7.650000e+00 4.800000e-01 4.777187e-01 -2.408569e-10 1.104038e+00 1.811159e-07
7.700000e+00 4.800000e-01 4.777187e-01 -2.397962e-10 1.104038e+00 2.365063e-07
7.750000e+00 4.800000e-01 4.777187e-01 -2.435629e-10 1.104039e+00 3.085810e-07
7.800000e+00 4.800000e-01 4.777187e-01 -2.306779e-10 1.104040e+00 4.023287e-07
7.850000e+00 4.800000e-01 4.777186e-01 -2.731762e-10 1.104041e+00 5.242004e-07
7.900000e+00 4.800000e-01 4.777186e-01 -1.382997e-10 1.104043e+00 6.826235e-07
7.950000e+00 4.800000e-01 4.777186e-01 -5.497248e-10 1.104045e+00 8.883406e-07
8.000000e+00 4.800000e-01 4.777185e-01 6.544157e-10 1.104047e+00 1.155795e-06
8.050000e+00 4.800000e-01 4.777185e-01 -2.720916e-09 1.104051e+00 1.502293e-06
8.100000e+00 4.800000e-01 4.777184e-01 6.321283e-09 1.104055e+00 1.953913e-06
8.150000e+00 4.800000e-01 4.777183e-01 -1.677164e-08 1.104060e+00 2.535388e-06
8.200000e+00 4.800000e-01 4.777181e-01 3.928923e-08 1.104068e+00 3.300016e-06
8.250000e+00 4.800000e-01 4.777179e-01 -8.962439e-08 1.104077e+00 4.269405e-06
8.300000e+00 4.800000e-01 4.777177e-01 1.899790e-07 1.104089e+00 5.571129e-06
8.350000e+00 4.800000e-01 4.777174e-01 -3.789792e-07 1.104105e+00 7.173931e-06
8.400000e+00 4.800000e-01 4.777170e-01 6.998383e-07 1.104125e+00 9.397839e-06
8.450000e+00 4.800000e-01 4.777164e-01 -1.189036e-06 1.104152e+00 1.204648e-05
8.500000e+00 4.800000e-01 4.777158e-01 1.826380e-06 1.104185e+00 1.580559e-05
8.550000e+00 4.800000e-01 4.777149e-01 -2.480779e-06 1.104231e+00 2.027472e-05
8.600000e+00 4.800000e-01 4.777138e-01 2.856392e-06 1.104287e+00 2.644400e-05
8.650000e+00 4.800000e-01 4.777122e-01 -2.551928e-06 1.104364e+00 3.420755e-05
8.700000e+00 4.800000e-01 4.777103e-01 1.302844e-06 1.104457e+00 4.415893e-05
8.750000e+00 4.800000e-01 4.777078e-01 5.600115e-07 1.104584e+00 5.747872e-05
8.800000e+00 4.800000e-01 4.777046e-01 -1.749456e-06 1.104744e+00 7.415383e-05
8.850000e+00 4.800000e-01 4.777004e-01 3.690859e-07 1.104954e+00 9.584190e-05
8.900000e+00 4.800000e-01 4.776950e-01 4.419857e-06 1.105222e+00 1.247481e-04
8.950000e+00 4.800000e-01 4.776879e-01 -1.001475e-05 1.105576e+00 1.603535e-04
9.000000e+00 4.800000e-01 4.776790e-01 9.936684e-06 1.106020e+00 2.078827e-04
9.050000e+00 4.800000e-01 4.776671e-01 1.121974e-06 1.106611e+00 2.699185e-04
9.100000e+00 4.800000e-01 4.776520e-01 -1.769413e-05 1.107365e+00 3.469705e-04
9.150000e+00 4.800000e-01 4.776324e-01 2.000665e-05 1.108338e+00 4.497055e-04
9.200000e+00 4.800000e-01 4.776070e-01 8.729113e-06 1.109603e+00 5.843048e-04
9.250000e+00 4.800000e-01 4.775740e-01 -4.922935e-05 1.111247e+00 7.512337e-04
9.300000e+00 4.800000e-01 4.775319e-01 4.151121e-05 1.113340e+00 9.730744e-04
9.350000e+00 4.800000e-01 4.774767e-01 4.493584e-05 1.116087e+00 1.267594e-03
9.400000e+00 4.800000e-01 4.774051e-01 -1.185562e-04 1.119649e+00 1.635323e-03
9.450000e+00 4.800000e-01 4.773132e-01 2.392571e-05 1.124221e+00 2.116409e-03
9.500000e+00 4.800000e-01 4.771935e-01 1.949461e-04 1.130167e+00 2.770145e-03
9.550000e+00 4.800000e-01 4.770361e-01 -1.891206e-04 1.137997e+00 3.609157e-03
9.600000e+00 4.800000e-01 4.768326e-01 -2.096317e-04 1.148116e+00 4.688703e-03
9.650000e+00 4.800000e-01 4.765673e-01 4.379644e-04 1.161289e+00 6.169359e-03
9.700000e+00 4.800000e-01 4.762156e-01 1.080902e-04 1.178757e+00 8.172178e-03
9.750000e+00 4.800000e-01 4.757501e-01 -6.784867e-04 1.201896e+00 1.078688e-02
9.800000e+00 4.800000e-01 4.751369e-01 7.783214e-05 1.232337e+00 1.429907e-02
9.850000e+00 4.800000e-01 4.743201e-01 6.950210e-04 1.272881e+00 1.912304e-02
9.900000e+00 4.800000e-01 4.732246e-01 -1.056773e-04 1.327297e+00 2.557947e-02
9.950000e+00 4.800000e-01 4.717622e-01 -2.373145e-04 1.399984e+00 3.400633e-02
1.000000e+01 4.800000e-01 4.698240e-01 -2.004565e-04 0.000000e+00 0.000000e+00
0.000000e+00 5.000000e-01 4.998000e-01 -0.000000e+00 0.000000e+00 0.000000e+00
5.000000e-02 5.000000e-01 4.997999e-01 -5.339119e-05 1.494582e+00 2.482957e-06
1.000000e-01 5.000000e-01 4.997998e-01 2.573695e-04 1.482882e+00 7.111315e-06
1.500000e-01 5.000000e-01 4.997992e-01 1.723423e-04 1.503048e+00 1.175377e-05
2.000000e-01 5.000000e-01 4.997986e-01 -4.880812e-04 1.534391e+00 1.838051e-06
2.500000e-01 5.000000e-01 4.997990e-01 -3.333672e-04 1.500306e+00 -8.248155e-06
3.000000e-01 5.000000e-01 4.997994e-01 6.494609e-04 1.445343e+00 4.890108e-06
3.500000e-01 5.000000e-01 4.997985e-01 5.644549e-04 1.483405e+00 2.073648e-05
4.000000e-01 5.000000e-01 4.997973e-01 -6.193461e-04 1.561485e+00 7.421482e-06
4.500000e-01 5.000000e-01 4.997977e-01 -7.134941e-04 1.530138e+00 -1.393956e-05
5.000000e-01 5.000000e-01 4.997987e-01 5.371250e-04 1.431031e+00 -4.576042e-06
5.500000e-01 5.000000e-01 4.997982e-01 9.368658e-04 1.440313e+00 1.967597e-05
6.000000e-01 5.000000e-01 4.997968e-01 -1.802349e-04 1.547232e+00 1.655922e-05
6.500000e-01 5.000000e-01 4.997965e-01 -8.215256e-04 1.566698e+00 -7.461660e-06
7.000000e-01 5.000000e-01 4.997975e-01 -3.331376e-05 1.463127e+00 -1.215112e-05
7.500000e-01 5.000000e-01 4.997978e-01 7.561116e-04 1.409047e+00 6.764531e-06
8.000000e-01 5.000000e-01 4.997968e-01 3.512057e-04 1.484820e+00 1.634987e-05
8.500000e-01 5.000000e-01 4.997961e-01 -4.002545e-04 1.557442e+00 4.026411e-06
9.000000e-01 5.000000e-01 4.997964e-01 -3.621617e-04 1.512286e+00 -8.015706e-06
9.500000e-01 5.000000e-01 4.997969e-01 1.721936e-04 1.427334e+00 -3.841222e-06
1.000000e+00 5.000000e-01 4.997968e-01 3.365000e-04 1.426825e+00 5.597687e-06
1.050000e+00 5.000000e-01 4.997964e-01 3.434655e-05 1.490566e+00 5.774721e-06
1.100000e+00 5.000000e-01 4.997962e-01 -1.919351e-04 1.511387e+00 -7.406620e-07
1.150000e+00 5.000000e-01 4.997964e-01 -1.074231e-04 1.462490e+00 -3.826958e-06
1.200000e+00 5.000000e-01 4.997966e-01 5.135000e-05 1.416126e+00 -1.695621e-06
1.250000e+00 5.000000e-01 4.997966e-01 6.766756e-05 1.423072e+00 3.525770e-07
1.300000e+00 5.000000e-01 4.997966e-01 -1.189225e-05 1.452015e+00 -4.531377e-07
1.350000e+00 5.000000e-01 4.997967e-01 -5.673684e-05 1.451537e+00 -2.159825e-06
1.400000e+00 5.000000e-01 4.997968e-01 -3.913398e-05 1.419108e+00 -2.681987e-06
1.450000e+00 5.000000e-01 4.997969e-01 -1.022766e-05 1.389884e+00 -2.361357e-06
1.500000e+00 5.000000e-01 4.997970e-01 -3.452856e-06 1.384185e+00 -2.341443e-06
1.550000e+00 5.000000e-01 4.997972e-01 -1.114641e-05 1.389020e+00 -2.758863e-06
1.600000e+00 5.000000e-01 4.997973e-01 -1.686881e-05 1.382843e+00 -3.043683e-06
1.650000e+00 5.000000e-01 4.997975e-01 -1.545256e-05 1.360924e+00 -2.933764e-06
1.700000e+00 5.000000e-01 4.997976e-01 -1.050056e-05 1.334546e+00 -2.669911e-06
1.750000e+00 5.000000e-01 4.997977e-01 -6.278978e-06 1.314839e+00 -2.540464e-06
1.800000e+00 5.000000e-01 4.997979e-01 -4.173351e-06 1.302742e+00 -2.558132e-06
1.850000e+00 5.000000e-01 4.997980e-01 -3.796862e-06 1.291706e+00 -2.546194e-06
1.900000e+00 5.000000e-01 4.997981e-01 -4.209514e-06 1.275452e+00 -2.367833e-06
1.950000e+00 5.000000e-01 4.997982e-01 -4.376821e-06 1.252440e+00 -2.022098e-06
2.000000e+00 5.000000e-01 4.997983e-01 -3.793411e-06 1.225293e+00 -1.598628e-06
2.050000e+00 5.000000e-01 4.997984e-01 -2.695132e-06 1.197999e+00 -1.201175e-06
2.100000e+00 5.000000e-01 4.997984e-01 -1.589931e-06 1.173688e+00 -9.005695e-07
2.150000e+00 5.000000e-01 4.997985e-01 -7.895757e-07 1.153886e+00 -7.220090e-07
2.200000e+00 5.000000e-01 4.997985e-01 -3.307714e-07 1.138773e+00 -6.543181e-07
2.250000e+00 5.000000e-01 4.997985e-01 -1.139463e-07 1.127769e+00 -6.674351e-07
2.300000e+00 5.000000e-01 4.997986e-01 -2.884663e-08 1.120019e+00 -7.278253e-07
2.350000e+00 5.000000e-01 4.997986e-01 -2.169706e-09 1.114688e+00 -8.074432e-07
2.400000e+00 5.000000e-01 4.997986e-01 3.302253e-09 1.111080e+00 -8.867182e-07
2.450000e+00 5.000000e-01 4.997987e-01 2.888510e-09 1.108667e+00 -9.539718e-07
2.500000e+00 5.000000e-01 4.997987e-01 1.655615e-09 1.107066e+00 -1.003469e-06
2.550000e+00 5.000000e-01 4.997988e-01 7.911786e-10 1.106010e+00 -1.033394e-06
2.600000e+00 5.000000e-01 4.997988e-01 3.375663e-10 1.105317e+00 -1.044258e-06
2.650000e+00 5.000000e-01 4.997989e-01 1.325220e-10 1.104864e+00 -1.037816e-06
2.700000e+00 5.000000e-01 4.997989e-01 4.866030e-11 1.104570e+00 -1.016399e-06
2.750000e+00 5.000000e-01 4.997990e-01 1.688417e-11 1.104379e+00 -9.825149e-07
2.800000e+00 5.000000e-01 4.997990e-01 5.577577e-12 1.104255e+00 -9.386440e-07
2.850000e+00 5.000000e-01 4.997991e-01 1.766733e-12 1.104175e+00 -8.871203e-07
2.900000e+00 5.000000e-01 4.997991e-01 5.425746e-13 1.104124e+00 -8.300794e-07
2.950000e+00 5.000000e-01 4.997992e-01 1.658769e-13 1.104092e+00 -7.694335e-07
3.000000e+00 5.000000e-01 4.997992e-01 5.415809e-14 1.104071e+00 -7.068633e-07
3.050000e+00 5.000000e-01 4.997992e-01 2.181994e-14 1.104058e+00 -6.438191e-07
3.100000e+00 5.000000e-01 4.997993e-01 1.234130e-14 1.104050e+00 -5.815266e-07
3.150000e+00 5.000000e-01 4.997993e-01 9.217734e-15 1.104044e+00 -5.209973e-07
3.200000e+00 5.000000e-01 4.997993e-01 7.819095e-15 1.104041e+00 -4.630403e-07
3.250000e+00 5.000000e-01 4.997994e-01 6.897466e-15 1.104039e+00 -4.082772e-07
3.300000e+00 5.000000e-01 4.997994e-01 6.131132e-15 1.104038e+00 -3.571583e-07
3.350000e+00 5.000000e-01 4.997994e-01 5.441915e-15 1.104037e+00 -3.099806e-07
3.400000e+00 5.000000e-01 4.997994e-01 4.812516e-15 1.104037e+00 -2.669058e-07
3.450000e+00 5.000000e-01 4.997994e-01 4.239502e-15 1.104037e+00 -2.279796e-07
3.500000e+00 5.000000e-01 4.997994e-01 3.721752e-15 1.104036e+00 -1.931501e-07
3.550000e+00 5.000000e-01 4.997994e-01 3.257863e-15 1.104036e+00 -1.622866e-07
3.600000e+00 5.000000e-01 4.997994e-01 2.845715e-15 1.104036e+00 -1.351964e-07
3.650000e+00 5.000000e-01 4.997994e-01 2.482539e-15 1.104036e+00 -1.116407e-07
3.700000e+00 5.000000e-01 4.997995e-01 2.165079e-15 1.104036e+00 -9.134931e-08
3.750000e+00 5.000000e-01 4.997995e-01 1.889757e-15 1.104036e+00 -7.403332e-08
3.800000e+00 5.000000e-01 4.997995e-01 1.652822e-15 1.104036e+00 -5.939583e-08
3.850000e+00 5.000000e-01 4.997995e-01 1.450470e-15 1.104036e+00 -4.714114e-08
3.900000e+00 5.000000e-01 4.997995e-01 1.278952e-15 1.104036e+00 -3.698201e-08
3.950000e+00 5.000000e-01 4.997995e-01 1.134651e-15 1.104036e+00 -2.864535e-08
4.000000e+00 5.000000e-01 4.997995e-01 1.014144e-15 1.104036e+00 -2.187626e-08
4.050000e+00 5.000000e-01 4.997995e-01 9.142452e-16 1.104036e+00 -1.644081e-08
4.100000e+00 5.000000e-01 4.997995e-01 8.320335e-16 1.104036e+00 -1.212754e-08
4.150000e+00 5.000000e-01 4.997995e-01 7.648677e-16 1.104036e+00 -8.748062e-09
4.200000e+00 5.000000e-01 4.997995e-01 7.103891e-16 1.104036e+00 -6.136823e-09
4.250000e+00 5.000000e-01 4.997995e-01 6.665171e-16 1.104036e+00 -4.150213e-09
4.300000e+00 5.000000e-01 4.997995e-01 6.314364e-16 1.104036e+00 -2.665248e-09
4.350000e+00 5.000000e-01 4.997995e-01 6.035810e-16 1.104036e+00 -1.577944e-09
4.400000e+00 5.000000e-01 4.997995e-01 5.816139e-16 1.104036e+00 -8.014900e-10
4.450000e+00 5.000000e-01 4.997995e-01 5.644054e-16 1.104036e+00 -2.643263e-10
4.500000e+00 5.000000e-01 4.997995e-01 5.510102e-16 1.104036e+00 9.175993e-11
4.550000e+00 5.000000e-01 4.997995e-01 5.406455e-16 1.104036e+00 3.134787e-10
4.600000e+00 5.000000e-01 4.997995e-01 5.326692e-16 1.104036e+00 4.377709e-10
4.650000e+00 5.000000e-01 4.997995e-01 5.265597e-16 1.104036e+00 4.934053e-10
4.700000e+00 5.000000e-01 4.997995e-01 5.218978e-16 1.104036e+00 5.024015e-10
4.750000e+00 5.000000e-01 4.997995e-01 5.183491e-16 1.104036e+00 4.812978e-10
4.800000e+00 5.000000e-01 4.997995e-01 5.156504e-16 1.104036e+00 4.422473e-10
4.850000e+00 5.000000e-01 4.997995e-01 5.135958e-16 1.104036e+00 3.939338e-10
4.900000e+00 5.000000e-01 4.997995e-01 5.120263e-16 1.104036e+00 3.423650e-10
4.950000e+00 5.000000e-01 4.997995e-01 5.108201e-16 1.104036e+00 2.915140e-10
5.000000e+00 5.000000e-01 4.997995e-01 5.098851e-16 1.104036e+00 2.438333e-10
5.050000e+00 5.000000e-01 4.997995e-01 5.091521e-16 1.104036e+00 2.006767e-10
5.100000e+00 5.000000e-01 4.997995e-01 5.085697e-16 1.104036e+00 1.626255e-10
5.150000e+00 5.000000e-01 4.997995e-01 5.081002e-16 1.104036e+00 1.297379e-10
5.200000e+00 5.000000e-01 4.997995e-01 5.077161e-16 1.104036e+00 1.017308e-10
5.250000e+00 5.000000e-01 4.997995e-01 5.073973e-16 1.104036e+00 7.813139e-11
5.300000e+00 5.000000e-01 4.997995e-01 5.071296e-16 1.104036e+00 5.836054e-11
5.350000e+00 5.000000e-01 4.997995e-01 5.069026e-16 1.104036e+00 4.180767e-11
5.400000e+00 5.000000e-01 4.997995e-01 5.067091e-16 1.104036e+00 2.787770e-11
5.450000e+00 5.000000e-01 4.997995e-01 5.065436e-16 1.104036e+00 1.600886e-11
5.500000e+00 5.000000e-01 4.997995e-01 5.064021e-16 1.104036e+00 5.695444e-12
5.550000e+00 5.000000e-01 4.997995e-01 5.062819e-16 1.104036e+00 -3.517742e-12
5.600000e+00 5.000000e-01 4.997995e-01 5.061804e-16 1.104036e+00 -1.202816e-11
5.650000e+00 5.000000e-01 4.997995e-01 5.060961e-16 1.104036e+00 -2.018441e-11
5.700000e+00 5.000000e-01 4.997995e-01 5.060274e-16 1.104036e+00 -2.829847e-11
5.750000e+00 5.000000e-01 4.997995e-01 5.059731e-16 1.104036e+00 -3.664402e-11
5.800000e+00 5.000000e-01 4.997995e-01 5.059323e-16 1.104036e+00 -4.547362e-11
5.850000e+00 5.000000e-01 4.997995e-01 5.059040e-16 1.104036e+00 -5.502432e-11
5.900000e+00 5.000000e-01 4.997995e-01 5.058877e-16 1.104036e+00 -6.552758e-11
5.950000e+00 5.000000e-01 4.997995e-01 5.058829e-16 1.104036e+00 -7.721601e-11
6.000000e+00 5.000000e-01 4.997995e-01 5.058893e-16 1.104036e+00 -9.033274e-11
6.050000e+00 5.000000e-01 4.997995e-01 5.059067e-16 1.104036e+00 -1.051365e-10
6.100000e+00 5.000000e-01 4.997995e-01 5.059353e-16 1.104036e+00 -1.219097e-10
6.150000e+00 5.000000e-01 4.997995e-01 5.059754e-16 1.104036e+00 -1.409700e-10
6.200000e+00 5.000000e-01 4.997995e-01 5.060274e-16 1.104036e+00 -1.626654e-10
6.250000e+00 5.000000e-01 4.997995e-01 5.060921e-16 1.104036e+00 -1.873929e-10
6.300000e+00 5.000000e-01 4.997995e-01 5.061705e-16 1.104036e+00 -2.156009e-10
6.350000e+00 5.000000e-01 4.997995e-01 5.062638e-16 1.104036e+00 -2.478001e-10
6.400000e+00 5.000000e-01 4.997995e-01 5.063737e-16 1.104036e+00 -2.845718e-10
6.450000e+00 5.000000e-01 4.997995e-01 5.065020e-16 1.104036e+00 -3.265699e-10
6.500000e+00 5.000000e-01 4.997995e-01 5.066510e-16 1.104036e+00 -3.745432e-10
6.550000e+00 5.000000e-01 4.997995e-01 5.068233e-16 1.104036e+00 -4.293471e-10
6.600000e+00 5.000000e-01 4.997995e-01 5.070221e-16 1.104036e+00 -4.919520e-10
6.650000e+00 5.000000e-01 4.997995e-01 5.072509e-16 1.104036e+00 -5.634621e-10
6.700000e+00 5.000000e-01 4.997995e-01 5.075138e-16 1.104036e+00 -6.451362e-10
6.750000e+00 5.000000e-01 4.997995e-01 5.078156e-16 1.104036e+00 -7.384154e-10
6.800000e+00 5.000000e-01 4.997995e-01 5.081617e-16 1.104036e+00 -8.449480e-10
6.850000e+00 5.000000e-01 4.997995e-01 5.085584e-16 1.104036e+00 -9.666201e-10
6.900000e+00 5.000000e-01 4.997995e-01 5.090129e-16 1.104036e+00 -1.105597e-09
6.950000e+00 5.000000e-01 4.997995e-01 5.095333e-16 1.104036e+00 -1.264376e-09
7.000000e+00 5.000000e-01 4.997995e-01 5.101292e-16 1.104036e+00 -1.445843e-09
7.050000e+00 5.000000e-01 4.997995e-01 5.108113e-16 1.104036e+00 -1.653338e-09
7.100000e+00 5.000000e-01 4.997995e-01 5.115922e-16 1.104036e+00 -1.890741e-09
7.150000e+00 5.000000e-01 4.997995e-01 5.124864e-16 1.104036e+00 -2.162582e-09
7.200000e+00 5.000000e-01 4.997995e-01 5.135104e-16 1.104036e+00 -2.474158e-09
7.250000e+00 5.000000e-01 4.997995e-01 5.146840e-16 1.104036e+00 -2.831674e-09
7.300000e+00 5.000000e-01 4.997995e-01 5.160289e-16 1.104037e+00 -3.242419e-09
7.350000e+00 5.000000e-01 4.997995e-01 5.175753e-16 1.104037e+00 -3.714973e-09
7.400000e+00 5.000000e-01 4.997995e-01 5.193372e-16 1.104037e+00 -4.259439e-09
7.450000e+00 5.000000e-01 4.997995e-01 5.214250e-16 1.104037e+00 -4.887718e-09
7.500000e+00 5.000000e-01 4.997995e-01 5.235674e-16 1.104037e+00 -5.613816e-09
7.550000e+00 5.000000e-01 4.997995e-01 5.271053e-16 1.104037e+00 -6.454197e-09
7.600000e+00 5.000000e-01 4.997995e-01 5.269631e-16 1.104038e+00 -7.428172e-09
7.650000e+00 5.000000e-01 4.997995e-01 5.429899e-16 1.104038e+00 -8.558318e-09
7.700000e+00 5.000000e-01 4.997995e-01 5.015820e-16 1.104039e+00 -9.870940e-09
7.750000e+00 5.000000e-01 4.997995e-01 6.681346e-16 1.104039e+00 -1.139653e-08
7.800000e+00 5.000000e-01 4.997995e-01 1.205678e-16 1.104040e+00 -1.317027e-08
7.850000e+00 5.000000e-01 4.997995e-01 1.950710e-15 1.104041e+00 -1.523244e-08
7.900000e+00 5.000000e-01 4.997995e-01 -3.826109e-15 1.104043e+00 -1.762895e-08
7.950000e+00 5.000000e-01 4.997995e-01 1.381295e-14 1.104045e+00 -2.041161e-08
8.000000e+00 5.000000e-01 4.997995e-01 -3.772128e-14 1.104047e+00 -2.363849e-08
8.050000e+00 5.000000e-01 4.997995e-01 1.065727e-13 1.104051e+00 -2.737393e-08
8.100000e+00 5.000000e-01 4.997995e-01 -2.792296e-13 1.104055e+00 -3.168881e-08
8.150000e+00 5.000000e-01 4.997995e-01 7.038093e-13 1.104061e+00 -3.665948e-08
8.200000e+00 5.000000e-01 4.997995e-01 -1.675330e-12 1.104068e+00 -4.236908e-08
8.250000e+00 5.000000e-01 4.997995e-01 3.774076e-12 1.104077e+00 -4.890261e-08
8.300000e+00 5.000000e-01 4.997995e-01 -7.984339e-12 1.104090e+00 -5.635394e-08
8.350000e+00 5.000000e-01 4.997995e-01 1.577992e-11 1.104106e+00 -6.480825e-08
8.400000e+00 5.000000e-01 4.997995e-01 -2.886822e-11 1.104126e+00 -7.436817e-08
8.450000e+00 5.000000e-01 4.997995e-01 4.832062e-11 1.104153e+00 -8.510487e-08
8.500000e+00 5.000000e-01 4.997995e-01 -7.268417e-11 1.104186e+00 -9.712305e-08
8.550000e+00 5.000000e-01 4.997995e-01 9.543815e-11 1.104232e+00 -1.104695e-07
8.600000e+00 5.000000e-01 4.997995e-01 -1.034186e-10 1.104288e+00 -1.252217e-07
8.650000e+00 5.000000e-01 4.997995e-01 8.000335e-11 1.104365e+00 -1.414161e-07
8.700000e+00 5.000000e-01 4.997995e-01 -1.704071e-11 1.104460e+00 -1.590436e-07
8.750000e+00 5.000000e-01 4.997995e-01 -6.538235e-11 1.104587e+00 -1.781389e-07
8.800000e+00 5.000000e-01 4.997995e-01 1.057595e-10 1.104748e+00 -1.986061e-07
8.850000e+00 5.000000e-01 4.997996e-01 -2.341205e-11 1.104959e+00 -2.203562e-07
8.900000e+00 5.000000e-01 4.997996e-01 -2.021359e-10 1.105229e+00 -2.433382e-07
8.950000e+00 5.000000e-01 4.997996e-01 4.310411e-10 1.105584e+00 -2.672212e-07
9.000000e+00 5.000000e-01 4.997996e-01 -3.711424e-10 1.106032e+00 -2.918552e-07
9.050000e+00 5.000000e-01 4.997996e-01 -1.648718e-10 1.106624e+00 -3.170335e-07
9.100000e+00 5.000000e-01 4.997996e-01 8.476768e-10 1.107383e+00 -3.420980e-07
9.150000e+00 5.000000e-01 4.997996e-01 -7.873574e-10 1.108361e+00 -3.668371e-07
9.200000e+00 5.000000e-01 4.997997e-01 -5.709579e-10 1.109633e+00 -3.909449e-07
9.250000e+00 5.000000e-01 4.997997e-01 2.100679e-09 1.111284e+00 -4.132464e-07
9.300000e+00 5.000000e-01 4.997997e-01 -1.289592e-09 1.113391e+00 -4.334313e-07
9.350000e+00 5.000000e-01 4.997997e-01 -2.379701e-09 1.116152e+00 -4.514716e-07
9.400000e+00 5.000000e-01 4.997998e-01 4.374019e-09 1.119732e+00 -4.655012e-07
9.450000e+00 5.000000e-01 4.997998e-01 5.471842e-10 1.124331e+00 -4.746008e-07
9.500000e+00 5.000000e-01 4.997998e-01 -7.861666e-09 1.130316e+00 -4.799884e-07
9.550000e+00 5.000000e-01 4.997998e-01 4.195932e-09 1.138184e+00 -4.800561e-07
9.600000e+00 5.000000e-01 4.997998e-01 1.037431e-08 1.148364e+00 -4.716405e-07
9.650000e+00 5.000000e-01 4.997999e-01 -1.149019e-08 1.161630e+00 -4.571999e-07
9.700000e+00 5.000000e-01 4.997999e-01 -1.069890e-08 1.179213e+00 -4.400610e-07
9.750000e+00 5.000000e-01 4.997999e-01 1.872115e-08 1.202493e+00 -4.162158e-07
9.800000e+00 5.000000e-01 4.997999e-01 8.728562e-09 1.233150e+00 -3.839238e-07
9.850000e+00 5.000000e-01 4.998000e-01 -1.924771e-08 1.273990e+00 -3.520430e-07
9.900000e+00 5.000000e-01 4.998000e-01 -6.009395e-09 1.328767e+00 -3.273657e-07
9.950000e+00 5.000000e-01 4.998000e-01 4.809401e-09 1.401889e+00 -3.098324e-07
1.000000e+01 5.000000e-01 4.998000e-01 1.776050e-09 0.000000e+00 0.000000e+00
0.000000e+00 5.200000e-01 5.297760e-01 2.400000e-01 0.000000e+00 0.000000e+00
5.000000e-02 5.200000e-01 5.296915e-01 3.913422e-01 1.491847e+00 3.186264e-03
1.000000e-01 5.200000e-01 5.294574e-01 -1.163369e-01 1.482140e+00 -1.685874e-03
1.500000e-01 5.200000e-01 5.298601e-01 -2.534602e-01 1.502966e+00 -1.029060e-02
2.000000e-01 5.200000e-01 5.304864e-01 8.857722e-01 1.529311e+00 5.498323e-04
2.500000e-01 5.200000e-01 5.298051e-01 1.095342e+00 1.493645e+00 1.780202e-02
3.000000e-01 5.200000e-01 5.287062e-01 -6.161675e-01 1.446521e+00 3.385856e-03
3.500000e-01 5.200000e-01 5.294665e-01 -1.113913e+00 1.488270e+00 -2.320819e-02
4.000000e-01 5.200000e-01 5.310271e-01 9.339544e-01 1.557224e+00 -9.340294e-03
4.500000e-01 5.200000e-01 5.304006e-01 1.853158e+00 1.519787e+00 2.607725e-02
5.000000e-01 5.200000e-01 5.284193e-01 -3.075431e-01 1.430107e+00 1.796179e-02
5.500000e-01 5.200000e-01 5.286044e-01 -1.809640e+00 1.448762e+00 -2.322060e-02
6.000000e-01 5.200000e-01 5.307414e-01 3.003097e-02 1.548538e+00 -2.526180e-02
6.500000e-01 5.200000e-01 5.311306e-01 2.001513e+00 1.556681e+00 1.681329e-02
7.000000e-01 5.200000e-01 5.290601e-01 7.616106e-01 1.456665e+00 3.151924e-02
7.500000e-01 5.200000e-01 5.279786e-01 -1.462297e+00 1.414659e+00 -4.331099e-03
8.000000e-01 5.200000e-01 5.294932e-01 -1.045438e+00 1.491303e+00 -2.966339e-02
8.500000e-01 5.200000e-01 5.309450e-01 1.046757e+00 1.553603e+00 -5.490062e-03
9.000000e-01 5.200000e-01 5.300422e-01 1.420571e+00 1.503728e+00 2.601374e-02
9.500000e-01 5.200000e-01 5.283436e-01 -1.757052e-01 1.425453e+00 1.708907e-02
1.000000e+00 5.200000e-01 5.283333e-01 -1.053933e+00 1.431372e+00 -1.264079e-02
1.050000e+00 5.200000e-01 5.296077e-01 -1.217052e-01 1.492372e+00 -1.690725e-02
1.100000e+00 5.200000e-01 5.300240e-01 9.383359e-01 1.506987e+00 5.614240e-03
1.150000e+00 5.200000e-01 5.290463e-01 6.877568e-01 1.457216e+00 1.904859e-02
1.200000e+00 5.200000e-01 5.281191e-01 -1.844454e-01 1.414880e+00 7.882037e-03
1.250000e+00 5.200000e-01 5.282580e-01 -3.750951e-01 1.424270e+00 -7.177380e-03
1.300000e+00 5.200000e-01 5.288369e-01 1.630461e-01 1.451512e+00 -5.693549e-03
1.350000e+00 5.200000e-01 5.288274e-01 5.576144e-01 1.448441e+00 6.579019e-03
1.400000e+00 5.200000e-01 5.281790e-01 3.892763e-01 1.415737e+00 1.232795e-02
1.450000e+00 5.200000e-01 5.275946e-01 3.937730e-02 1.388063e+00 6.982325e-03
1.500000e+00 5.200000e-01 5.274807e-01 -3.584190e-02 1.383433e+00 1.705783e-04
1.550000e+00 5.200000e-01 5.275775e-01 1.527667e-01 1.387913e+00 2.655461e-04
1.600000e+00 5.200000e-01 5.274542e-01 3.145315e-01 1.380846e+00 5.616090e-03
1.650000e+00 5.200000e-01 5.270159e-01 2.923802e-01 1.358586e+00 9.656659e-03
1.700000e+00 5.200000e-01 5.264885e-01 1.681884e-01 1.332574e+00 9.214341e-03
1.750000e+00 5.200000e-01 5.260945e-01 8.668270e-02 1.313411e+00 6.358150e-03
1.800000e+00 5.200000e-01 5.258527e-01 9.734705e-02 1.301577e+00 4.624026e-03
1.850000e+00 5.200000e-01 5.256321e-01 1.531355e-01 1.290478e+00 5.455383e-03
1.900000e+00 5.200000e-01 5.253072e-01 1.909837e-01 1.274056e+00 7.850710e-03
1.950000e+00 5.200000e-01 5.248470e-01 1.856807e-01 1.250973e+00 1.002980e-02
2.000000e+00 5.200000e-01 5.243042e-01 1.485537e-01 1.223919e+00 1.088675e-02
2.050000e+00 5.200000e-01 5.237584e-01 1.021708e-01 1.196834e+00 1.031988e-02
2.100000e+00 5.200000e-01 5.232722e-01 6.234757e-02 1.172776e+00 8.821669e-03
2.150000e+00 5.200000e-01 5.228762e-01 3.454197e-02 1.153211e+00 6.982203e-03
2.200000e+00 5.200000e-01 5.225740e-01 1.766991e-02 1.138294e+00 5.222765e-03
2.250000e+00 5.200000e-01 5.223539e-01 8.450106e-03 1.127438e+00 3.750235e-03
2.300000e+00 5.200000e-01 5.221989e-01 3.812248e-03 1.119794e+00 2.615482e-03
2.350000e+00 5.200000e-01 5.220924e-01 1.633416e-03 1.114537e+00 1.786923e-03
2.400000e+00 5.200000e-01 5.220203e-01 6.679741e-04 1.110980e+00 1.203279e-03
2.450000e+00 5.200000e-01 5.219720e-01 2.616858e-04 1.108600e+00 8.019352e-04
2.500000e+00 5.200000e-01 5.219401e-01 9.848814e-05 1.107022e+00 5.303916e-04
2.550000e+00 5.200000e-01 5.219190e-01 3.568811e-05 1.105981e+00 3.486975e-04
2.600000e+00 5.200000e-01 5.219052e-01 1.247260e-05 1.105298e+00 2.280749e-04
2.650000e+00 5.200000e-01 5.218962e-01 4.210233e-06 1.104852e+00 1.484669e-04
2.700000e+00 5.200000e-01 5.218903e-01 1.374374e-06 1.104562e+00 9.617802e-05
2.750000e+00 5.200000e-01 5.218866e-01 4.343745e-07 1.104373e+00 6.197751e-05
2.800000e+00 5.200000e-01 5.218841e-01 1.331135e-07 1.104252e+00 3.969778e-05
2.850000e+00 5.200000e-01 5.218826e-01 3.966668e-08 1.104173e+00 2.524308e-05
2.900000e+00 5.200000e-01 5.218816e-01 1.158870e-08 1.104123e+00 1.590635e-05
2.950000e+00 5.200000e-01 5.218810e-01 3.410341e-09 1.104091e+00 9.905347e-06
3.000000e+00 5.200000e-01 5.218806e-01 1.099754e-09 1.104071e+00 6.070781e-06
3.050000e+00 5.200000e-01 5.218804e-01 4.663335e-10 1.104058e+00 3.638008e-06
3.100000e+00 5.200000e-01 5.218803e-01 2.978658e-10 1.104049e+00 2.108564e-06
3.150000e+00 5.200000e-01 5.218802e-01 2.544578e-10 1.104044e+00 1.158528e-06
3.200000e+00 5.200000e-01 5.218802e-01 2.436779e-10 1.104041e+00 5.780798e-07
3.250000e+00 5.200000e-01 5.218801e-01 2.411401e-10 1.104039e+00 2.317725e-07
3.300000e+00 5.200000e-01 5.218801e-01 2.406053e-10 1.104038e+00 3.249435e-08
3.350000e+00 5.200000e-01 5.218801e-01 2.405290e-10 1.104037e+00 -7.554238e-08
3.400000e+00 5.200000e-01 5.218801e-01 2.405443e-10 1.104037e+00 -1.278860e-07
3.450000e+00 5.200000e-01 5.218801e-01 2.405697e-10 1.104037e+00 -1.470470e-07
3.500000e+00 5.200000e-01 5.218802e-01 2.405899e-10 1.104037e+00 -1.471650e-07
3.550000e+00 5.200000e-01 5.218802e-01 2.406040e-10 1.104036e+00 -1.370242e-07
3.600000e+00 5.200000e-01 5.218802e-01 2.406135e-10 1.104036e+00 -1.219978e-07
3.650000e+00 5.200000e-01 5.218802e-01 2.406196e-10 1.104036e+00 -1.052968e-07
3.700000e+00 5.200000e-01 5.218802e-01 2.406236e-10 1.104036e+00 -8.877175e-08
3.750000e+00 5.200000e-01 5.218802e-01 2.406261e-10 1.104036e+00 -7.342433e-08
3.800000e+00 5.200000e-01 5.218802e-01 2.406276e-10 1.104036e+00 -5.973407e-08
3.850000e+00 5.200000e-01 5.218802e-01 2.406286e-10 1.104036e+00 -4.786548e-08
3.900000e+00 5.200000e-01 5.218802e-01 2.406291e-10 1.104036e+00 -3.779920e-08
3.950000e+00 5.200000e-01 5.218802e-01 2.406293e-10 1.104036e+00 -2.941422e-08
4.000000e+00 5.200000e-01 5.218802e-01 2.406294e-10 1.104036e+00 -2.253918e-08
4.050000e+00 5.200000e-01 5.218802e-01 2.406295e-10 1.104036e+00 -1.698379e-08
4.100000e+00 5.200000e-01 5.218802e-01 2.406294e-10 1.104036e+00 -1.255758e-08
4.150000e+00 5.200000e-01 5.218802e-01 2.406294e-10 1.104036e+00 -9.080744e-09
4.200000e+00 5.200000e-01 5.218802e-01 2.406293e-10 1.104036e+00 -6.389794e-09
4.250000e+00 5.200000e-01 5.218802e-01 2.406292e-10 1.104036e+00 -4.340085e-09
4.300000e+00 5.200000e-01 5.218802e-01 2.406292e-10 1.104036e+00 -2.806337e-09
4.350000e+00 5.200000e-01 5.218802e-01 2.406291e-10 1.104036e+00 -1.681957e-09
4.400000e+00 5.200000e-01 5.218802e-01 2.406291e-10 1.104036e+00 -8.776790e-10
4.450000e+00 5.200000e-01 5.218802e-01 2.406290e-10 1.104036e+00 -3.198397e-10
4.500000e+00 5.200000e-01 5.218802e-01 2.406290e-10 1.104036e+00 5.149769e-11
4.550000e+00 5.200000e-01 5.218802e-01 2.406290e-10 1.104036e+00 2.843970e-10
4.600000e+00 5.200000e-01 5.218802e-01 2.406289e-10 1.104036e+00 4.168488e-10
4.650000e+00 5.200000e-01 5.218802e-01 2.406289e-10 1.104036e+00 4.784129e-10
4.700000e+00 5.200000e-01 5.218802e-01 2.406289e-10 1.104036e+00 4.917000e-10
4.750000e+00 5.200000e-01 5.218802e-01 2.406289e-10 1.104036e+00 4.736933e-10
4.800000e+00 5.200000e-01 5.218802e-01 2.406289e-10 1.104036e+00 4.368672e-10
4.850000e+00 5.200000e-01 5.218802e-01 2.406289e-10 1.104036e+00 3.901401e-10
4.900000e+00 5.200000e-01 5.218802e-01 2.406289e-10 1.104036e+00 3.396972e-10
4.950000e+00 5.200000e-01 5.218802e-01 2.406289e-10 1.104036e+00 2.896317e-10
5.000000e+00 5.200000e-01 5.218802e-01 2.406289e-10 1.104036e+00 2.424883e-10
5.050000e+00 5.200000e-01 5.218802e-01 2.406289e-10 1.104036e+00 1.996892e-10
5.100000e+00 5.200000e-01 5.218802e-01 2.406289e-10 1.104036e+00 1.618572e-10
5.150000e+00 5.200000e-01 5.218802e-01 2.406289e-10 1.104036e+00 1.290834e-10
5.200000e+00 5.200000e-01 5.218802e-01 2.406289e-10 1.104036e+00 1.011047e-10
5.250000e+00 5.200000e-01 5.218802e-01 2.406289e-10 1.104036e+00 7.745915e-11
5.300000e+00 5.200000e-01 5.218802e-01 2.406289e-10 1.104036e+00 5.757173e-11
5.350000e+00 5.200000e-01 5.218802e-01 2.406289e-10 1.104036e+00 4.082734e-11
5.400000e+00 5.200000e-01 5.218802e-01 2.406289e-10 1.104036e+00 2.662648e-11
5.450000e+00 5.200000e-01 5.218802e-01 2.406289e-10 1.104036e+00 1.438738e-11
5.500000e+00 5.200000e-01 5.218802e-01 2.406289e-10 1.104036e+00 3.576028e-12
5.550000e+00 5.200000e-01 5.218802e-01 2.406289e-10 1.104036e+00 -6.289413e-12
5.600000e+00 5.200000e-01 5.218802e-01 2.406289e-10 1.104036e+00 -1.565303e-11
5.650000e+00 5.200000e-01 5.218802e-01 2.406289e-10 1.104036e+00 -2.492895e-11
5.700000e+00 5.200000e-01 5.218802e-01 2.406289e-10 1.104036e+00 -3.450573e-11
5.750000e+00 5.200000e-01 5.218802e-01 2.406289e-10 1.104036e+00 -4.475975e-11
5.800000e+00 5.200000e-01 5.218802e-01 2.406289e-10 1.104036e+00 -5.608292e-11
5.850000e+00 5.200000e-01 5.218802e-01 2.406289e-10 1.104036e+00 -6.889156e-11
5.900000e+00 5.200000e-01 5.218802e-01 2.406289e-10 1.104036e+00 -8.364753e-11
5.950000e+00 5.200000e-01 5.218802e-01 2.406289e-10 1.104036e+00 -1.008860e-10
6.000000e+00 5.200000e-01 5.218802e-01 2.406289e-10 1.104036e+00 -1.212508e-10
6.050000e+00 5.200000e-01 5.218802e-01 2.406289e-10 1.104036e+00 -1.455114e-10
6.100000e+00 5.200000e-01 5.218802e-01 2.406289e-10 1.104036e+00 -1.746259e-10
6.150000e+00 5.200000e-01 5.218802e-01 2.406289e-10 1.104036e+00 -2.097889e-10
6.200000e+00 5.200000e-01 5.218802e-01 2.406289e-10 1.104036e+00 -2.524869e-10
6.250000e+00 5.200000e-01 5.218802e-01 2.406289e-10 1.104036e+00 -3.046086e-10
6.300000e+00 5.200000e-01 5.218802e-01 2.406289e-10 1.104036e+00 -3.685408e-10
6.350000e+00 5.200000e-01 5.218802e-01 2.406289e-10 1.104036e+00 -4.473222e-10
6.400000e+00 5.200000e-01 5.218802e-01 2.406289e-10 1.104036e+00 -5.448175e-10
6.450000e+00 5.200000e-01 5.218802e-01 2.406289e-10 1.104036e+00 -6.659617e-10
6.500000e+00 5.200000e-01 5.218802e-01 2.406289e-10 1.104036e+00 -8.170875e-10
6.550000e+00 5.200000e-01 5.218802e-01 2.406289e-10 1.104036e+00 -1.006305e-09
6.600000e+00 5.200000e-01 5.218802e-01 2.406289e-10 1.104036e+00 -1.244023e-09
6.650000e+00 5.200000e-01 5.218802e-01 2.406289e-10 1.104036e+00 -1.543643e-09
6.700000e+00 5.200000e-01 5.218802e-01 2.406289e-10 1.104036e+00 -1.922418e-09
6.750000e+00 5.200000e-01 5.218802e-01 2.406289e-10 1.104036e+00 -2.402593e-09
6.800000e+00 5.200000e-01 5.218802e-01 2.406289e-10 1.104036e+00 -3.012876e-09
6.850000e+00 5.200000e-01 5.218802e-01 2.406289e-10 1.104036e+00 -3.790344e-09
6.900000e+00 5.200000e-01 5.218802e-01 2.406289e-10 1.104036e+00 -4.782927e-09
6.950000e+00 5.200000e-01 5.218802e-01 2.406289e-10 1.104036e+00 -6.052608e-09
7.000000e+00 5.200000e-01 5.218802e-01 2.406290e-10 1.104036e+00 -7.679604e-09
7.050000e+00 5.200000e-01 5.218802e-01 2.406290e-10 1.104036e+00 -9.767754e-09
7.100000e+00 5.200000e-01 5.218802e-01 2.406290e-10 1.104036e+00 -1.245153e-08
7.150000e+00 5.200000e-01 5.218802e-01 2.406291e-10 1.104037e+00 -1.590514e-08
7.200000e+00 5.200000e-01 5.218802e-01 2.406291e-10 1.104037e+00 -2.035425e-08
7.250000e+00 5.200000e-01 5.218802e-01 2.406292e-10 1.104037e+00 -2.609134e-08
7.300000e+00 5.200000e-01 5.218802e-01 2.406293e-10 1.104037e+00 -3.349538e-08
7.350000e+00 5.200000e-01 5.218802e-01 2.406295e-10 1.104037e+00 -4.305755e-08
7.400000e+00 5.200000e-01 5.218802e-01 2.406294e-10 1.104037e+00 -5.541444e-08
7.450000e+00 5.200000e-01 5.218802e-01 2.406308e-10 1.104037e+00 -7.139100e-08
7.500000e+00 5.200000e-01 5.218802e-01 2.406263e-10 1.104037e+00 -9.205637e-08
7.550000e+00 5.200000e-01 5.218802e-01 2.406461e-10 1.104037e+00 -1.187959e-07
7.600000e+00 5.200000e-01 5.218802e-01 2.405705e-10 1.104038e+00 -1.534048e-07
7.650000e+00 5.200000e-01 5.218802e-01 2.408603e-10 1.104038e+00 -1.982086e-07
7.700000e+00 5.200000e-01 5.218802e-01 2.397993e-10 1.104039e+00 -2.562207e-07
7.750000e+00 5.200000e-01 5.218803e-01 2.435668e-10 1.104039e+00 -3.313424e-07
7.800000e+00 5.200000e-01 5.218803e-01 2.306795e-10 1.104040e+00 -4.286328e-07
7.850000e+00 5.200000e-01 5.218803e-01 2.731855e-10 1.104041e+00 -5.546233e-07
7.900000e+00 5.200000e-01 5.218803e-01 1.382851e-10 1.104043e+00 -7.178329e-07
7.950000e+00 5.200000e-01 5.218804e-01 5.497822e-10 1.104045e+00 -9.291077e-07
8.000000e+00 5.200000e-01 5.218804e-01 -6.545660e-10 1.104047e+00 -1.203007e-06
8.050000e+00 5.200000e-01 5.218805e-01 2.721340e-09 1.104051e+00 -1.556966e-06
8.100000e+00 5.200000e-01 5.218806e-01 -6.322376e-09 1.104055e+00 -2.017204e-06
8.150000e+00 5.200000e-01 5.218807e-01 1.677437e-08 1.104061e+00 -2.608606e-06
8.200000e+00 5.200000e-01 5.218808e-01 -3.929563e-08 1.104068e+00 -3.384637e-06
8.250000e+00 5.200000e-01 5.218810e-01 8.963862e-08 1.104077e+00 -4.367074e-06
8.300000e+00 5.200000e-01 5.218813e-01 -1.900087e-07 1.104089e+00 -5.683680e-06
8.350000e+00 5.200000e-01 5.218816e-01 3.790372e-07 1.104105e+00 -7.303364e-06
8.400000e+00 5.200000e-01 5.218820e-01 -6.999431e-07 1.104125e+00 -9.546367e-06
8.450000e+00 5.200000e-01 5.218826e-01 1.189210e-06 1.104153e+00 -1.221644e-05
8.500000e+00 5.200000e-01 5.218832e-01 -1.826637e-06 1.104186e+00 -1.599956e-05
8.550000e+00 5.200000e-01 5.218842e-01 2.481114e-06 1.104232e+00 -2.049534e-05
8.600000e+00 5.200000e-01 5.218853e-01 -2.856752e-06 1.104287e+00 -2.669408e-05
8.650000e+00 5.200000e-01 5.218868e-01 2.552208e-06 1.104364e+00 -3.448997e-05
8.700000e+00 5.200000e-01 5.218887e-01 -1.302918e-06 1.104458e+00 -4.447655e-05
8.750000e+00 5.200000e-01 5.218913e-01 -5.601968e-07 1.104584e+00 -5.783447e-05
8.800000e+00 5.200000e-01 5.218945e-01 1.749751e-06 1.104745e+00 -7.455045e-05
8.850000e+00 5.200000e-01 5.218987e-01 -3.690930e-07 1.104954e+00 -9.628194e-05
8.900000e+00 5.200000e-01 5.219041e-01 -4.420567e-06 1.105222e+00 -1.252340e-04
8.950000e+00 5.200000e-01 5.219113e-01 1.001613e-05 1.105576e+00 -1.608872e-04
9.000000e+00 5.200000e-01 5.219202e-01 -9.937796e-06 1.106020e+00 -2.084655e-04
9.050000e+00 5.200000e-01 5.219321e-01 -1.122558e-06 1.106611e+00 -2.705516e-04
9.100000e+00 5.200000e-01 5.219473e-01 1.769668e-05 1.107365e+00 -3.476536e-04
9.150000e+00 5.200000e-01 5.219669e-01 -2.000874e-05 1.108338e+00 -4.504379e-04
9.200000e+00 5.200000e-01 5.219923e-01 -8.731244e-06 1.109603e+00 -5.850855e-04
9.250000e+00 5.200000e-01 5.220254e-01 4.923561e-05 1.111248e+00 -7.520588e-04
9.300000e+00 5.200000e-01 5.220675e-01 -4.151422e-05 1.113340e+00 -9.739398e-04
9.350000e+00 5.200000e-01 5.221228e-01 -4.494374e-05 1.116087e+00 -1.268495e-03
9.400000e+00 5.200000e-01 5.221944e-01 1.185682e-04 1.119649e+00 -1.636253e-03
9.450000e+00 5.200000e-01 5.222864e-01 -2.392135e-05 1.124221e+00 -2.117356e-03
9.500000e+00 5.200000e-01 5.224061e-01 -1.949699e-04 1.130167e+00 -2.771103e-03
9.550000e+00 5.200000e-01 5.225635e-01 1.891281e-04 1.137997e+00 -3.610115e-03
9.600000e+00 5.200000e-01 5.227671e-01 2.096674e-04 1.148116e+00 -4.689644e-03
9.650000e+00 5.200000e-01 5.230325e-01 -4.379930e-04 1.161289e+00 -6.170271e-03
9.700000e+00 5.200000e-01 5.233842e-01 -1.081342e-04 1.178758e+00 -8.173056e-03
9.750000e+00 5.200000e-01 5.238498e-01 6.785408e-04 1.201897e+00 -1.078771e-02
9.800000e+00 5.200000e-01 5.244629e-01 -7.778862e-05 1.232338e+00 -1.429984e-02
9.850000e+00 5.200000e-01 5.252798e-01 -6.950829e-04 1.272882e+00 -1.912374e-02
9.900000e+00 5.200000e-01 5.263753e-01 1.056462e-04 1.327297e+00 -2.558012e-02
9.950000e+00 5.200000e-01 5.278378e-01 2.373295e-04 1.399984e+00 -3.400694e-02
1.000000e+01 5.200000e-01 5.297760e-01 2.004586e-04 0.000000e+00 0.000000e+00
0.000000e+00 5.400000e-01 5.596560e-01 4.800000e-01 0.000000e+00 0.000000e+00
5.000000e-02 5.400000e-01 5.594738e-01 7.071430e-01 1.484008e+00 5.706656e-03
1.000000e-01 5.400000e-01 5.590853e-01 -2.566177e-01 1.479935e+00 -4.440221e-03
1.500000e-01 5.400000e-01 5.599178e-01 -2.746144e-01 1.501330e+00 -1.885699e-02
2.000000e-01 5.400000e-01 5.609710e-01 1.855980e+00 1.513538e+00 3.730222e-03
2.500000e-01 5.400000e-01 5.595448e-01 1.847532e+00 1.475669e+00 3.310810e-02
3.000000e-01 5.400000e-01 5.576602e-01 -1.367483e+00 1.450851e+00 2.154682e-03
3.500000e-01 5.400000e-01 5.593293e-01 -1.737119e+00 1.499741e+00 -4.426067e-02
4.000000e-01 5.400000e-01 5.620863e-01 2.212809e+00 1.541959e+00 -1.259945e-02
4.500000e-01 5.400000e-01 5.605892e-01 3.324321e+00 1.490783e+00 5.083287e-02
5.000000e-01 5.400000e-01 5.570030e-01 -9.706939e-01 1.429502e+00 2.840561e-02
5.500000e-01 5.400000e-01 5.577487e-01 -3.149820e+00 1.471038e+00 -4.735276e-02
6.000000e-01 5.400000e-01 5.617383e-01 7.165604e-01 1.547770e+00 -4.315128e-02
6.500000e-01 5.400000e-01 5.620638e-01 3.933951e+00 1.526381e+00 3.674189e-02
7.000000e-01 5.400000e-01 5.580641e-01 1.061189e+00 1.439991e+00 5.679679e-02
7.500000e-01 5.400000e-01 5.563841e-01 -2.833989e+00 1.430962e+00 -1.384848e-02
8.000000e-01 5.400000e-01 5.594489e-01 -1.471909e+00 1.506478e+00 -5.556138e-02
8.500000e-01 5.400000e-01 5.619403e-01 2.415077e+00 1.539273e+00 -4.966095e-03
9.000000e-01 5.400000e-01 5.599455e-01 2.622956e+00 1.478930e+00 5.125202e-02
9.500000e-01 5.400000e-01 5.568151e-01 -5.614606e-01 1.421213e+00 2.893883e-02
1.000000e+00 5.400000e-01 5.570517e-01 -1.904336e+00 1.443826e+00 -2.676189e-02
1.050000e+00 5.400000e-01 5.594912e-01 9.893947e-02 1.495281e+00 -3.024036e-02
1.100000e+00 5.400000e-01 5.600757e-01 1.966301e+00 1.492672e+00 1.406177e-02
1.150000e+00 5.400000e-01 5.580851e-01 1.247471e+00 1.441980e+00 3.683893e-02
1.200000e+00 5.400000e-01 5.563918e-01 -4.361894e-01 1.411714e+00 1.317643e-02
1.250000e+00 5.400000e-01 5.567674e-01 -6.539072e-01 1.427372e+00 -1.465247e-02
1.300000e+00 5.400000e-01 5.578571e-01 4.483141e-01 1.449083e+00 -9.668623e-03
1.350000e+00 5.400000e-01 5.577343e-01 1.140419e+00 1.438741e+00 1.430793e-02
1.400000e+00 5.400000e-01 5.564263e-01 7.343991e-01 1.405798e+00 2.414843e-02
1.450000e+00 5.400000e-01 5.553194e-01 5.245622e-02 1.382836e+00 1.291904e-02
1.500000e+00 5.400000e-01 5.551344e-01 -5.059446e-02 1.381129e+00 5.778860e-05
1.550000e+00 5.400000e-01 5.553137e-01 3.395544e-01 1.384365e+00 1.032210e-03
1.600000e+00 5.400000e-01 5.550311e-01 6.415717e-01 1.374695e+00 1.172756e-02
1.650000e+00 5.400000e-01 5.541409e-01 5.758102e-01 1.351571e+00 1.930573e-02
1.700000e+00 5.400000e-01 5.531006e-01 3.246384e-01 1.326733e+00 1.806723e-02
1.750000e+00 5.400000e-01 5.523342e-01 1.708354e-01 1.309178e+00 1.239639e-02
1.800000e+00 5.400000e-01 5.518609e-01 1.998590e-01 1.298073e+00 9.171036e-03
1.850000e+00 5.400000e-01 5.514171e-01 3.120819e-01 1.286756e+00 1.100598e-02
1.900000e+00 5.400000e-01 5.507603e-01 3.840812e-01 1.269836e+00 1.579924e-02
1.950000e+00 5.400000e-01 5.498372e-01 3.698149e-01 1.246566e+00 2.005281e-02
2.000000e+00 5.400000e-01 5.487550e-01 2.939169e-01 1.219807e+00 2.165428e-02
2.050000e+00 5.400000e-01 5.476717e-01 2.012363e-01 1.193360e+00 2.045600e-02
2.100000e+00 5.400000e-01 5.467094e-01 1.224226e-01 1.170060e+00 1.744811e-02
2.150000e+00 5.400000e-01 5.459269e-01 6.768307e-02 1.151205e+00 1.379174e-02
2.200000e+00 5.400000e-01 5.453303e-01 3.457446e-02 1.136870e+00 1.030871e-02
2.250000e+00 5.400000e-01 5.448960e-01 1.651878e-02 1.126454e+00 7.399397e-03
2.300000e+00 5.400000e-01 5.445903e-01 7.447923e-03 1.119126e+00 5.159626e-03
2.350000e+00 5.400000e-01 5.443801e-01 3.189985e-03 1.114088e+00 3.524981e-03
2.400000e+00 5.400000e-01 5.442378e-01 1.304242e-03 1.110680e+00 2.373767e-03
2.450000e+00 5.400000e-01 5.441427e-01 5.108964e-04 1.108401e+00 1.582212e-03
2.500000e+00 5.400000e-01 5.440796e-01 1.922753e-04 1.106890e+00 1.046692e-03
2.550000e+00 5.400000e-01 5.440380e-01 6.967441e-05 1.105894e+00 6.883917e-04
2.600000e+00 5.400000e-01 5.440108e-01 2.435214e-05 1.105241e+00 4.505408e-04
2.650000e+00 5.400000e-01 5.439930e-01 8.221395e-06 1.104815e+00 2.935738e-04
2.700000e+00 5.400000e-01 5.439814e-01 2.684567e-06 1.104537e+00 1.904740e-04
2.750000e+00 5.400000e-01 5.439739e-01 8.491483e-07 1.104358e+00 1.230333e-04
2.800000e+00 5.400000e-01 5.439691e-01 2.608726e-07 1.104241e+00 7.908735e-05
2.850000e+00 5.400000e-01 5.439660e-01 7.838866e-08 1.104167e+00 5.055986e-05
2.900000e+00 5.400000e-01 5.439641e-01 2.355787e-08 1.104119e+00 3.211423e-05
2.950000e+00 5.400000e-01 5.439628e-01 7.589355e-09 1.104088e+00 2.023819e-05
3.000000e+00 5.400000e-01 5.439620e-01 3.080008e-09 1.104069e+00 1.262832e-05
3.050000e+00 5.400000e-01 5.439616e-01 1.845488e-09 1.104057e+00 7.778985e-06
3.100000e+00 5.400000e-01 5.439613e-01 1.518349e-09 1.104049e+00 4.709154e-06
3.150000e+00 5.400000e-01 5.439611e-01 1.434898e-09 1.104044e+00 2.781677e-06
3.200000e+00 5.400000e-01 5.439610e-01 1.414759e-09 1.104041e+00 1.584084e-06
3.250000e+00 5.400000e-01 5.439609e-01 1.410426e-09 1.104039e+00 8.502705e-07
3.300000e+00 5.400000e-01 5.439609e-01 1.409803e-09 1.104038e+00 4.091870e-07
3.350000e+00 5.400000e-01 5.439609e-01 1.409938e-09 1.104037e+00 1.513278e-07
3.400000e+00 5.400000e-01 5.439609e-01 1.410159e-09 1.104037e+00 6.909203e-09
3.450000e+00 5.400000e-01 5.439609e-01 1.410336e-09 1.104037e+00 -6.829930e-08
3.500000e+00 5.400000e-01 5.439609e-01 1.410460e-09 1.104037e+00 -1.021483e-07
3.550000e+00 5.400000e-01 5.439609e-01 1.410544e-09 1.104037e+00 -1.120292e-07
3.600000e+00 5.400000e-01 5.439609e-01 1.410599e-09 1.104037e+00 -1.086837e-07
3.650000e+00 5.400000e-01 5.439609e-01 1.410636e-09 1.104037e+00 -9.864790e-08
3.700000e+00 5.400000e-01 5.439609e-01 1.410659e-09 1.104037e+00 -8.581384e-08
3.750000e+00 5.400000e-01 5.439609e-01 1.410674e-09 1.104037e+00 -7.242484e-08
3.800000e+00 5.400000e-01 5.439609e-01 1.410683e-09 1.104037e+00 -5.970646e-08
3.850000e+00 5.400000e-01 5.439609e-01 1.410688e-09 1.104037e+00 -4.826510e-08
3.900000e+00 5.400000e-01 5.439609e-01 1.410692e-09 1.104037e+00 -3.833841e-08
3.950000e+00 5.400000e-01 5.439609e-01 1.410693e-09 1.104037e+00 -2.995141e-08
4.000000e+00 5.400000e-01 5.439609e-01 1.410694e-09 1.104037e+00 -2.301307e-08
4.050000e+00 5.400000e-01 5.439609e-01 1.410694e-09 1.104037e+00 -1.737528e-08
4.100000e+00 5.400000e-01 5.439609e-01 1.410694e-09 1.104037e+00 -1.286817e-08
4.150000e+00 5.400000e-01 5.439609e-01 1.410694e-09 1.104037e+00 -9.320656e-09
4.200000e+00 5.400000e-01 5.439609e-01 1.410694e-09 1.104037e+00 -6.571793e-09
4.250000e+00 5.400000e-01 5.439609e-01 1.410693e-09 1.104037e+00 -4.476499e-09
4.300000e+00 5.400000e-01 5.439609e-01 1.410693e-09 1.104037e+00 -2.907818e-09
4.350000e+00 5.400000e-01 5.439609e-01 1.410693e-09 1.104037e+00 -1.757154e-09
4.400000e+00 5.400000e-01 5.439609e-01 1.410692e-09 1.104037e+00 -9.333434e-10
4.450000e+00 5.400000e-01 5.439609e-01 1.410692e-09 1.104037e+00 -3.610967e-10
4.500000e+00 5.400000e-01 5.439609e-01 1.410692e-09 1.104037e+00 2.082667e-11
4.550000e+00 5.400000e-01 5.439609e-01 1.410692e-09 1.104037e+00 2.615019e-10
4.600000e+00 5.400000e-01 5.439609e-01 1.410692e-09 1.104037e+00 3.996781e-10
4.650000e+00 5.400000e-01 5.439609e-01 1.410692e-09 1.104037e+00 4.654721e-10
4.700000e+00 5.400000e-01 5.439609e-01 1.410692e-09 1.104037e+00 4.819056e-10
4.750000e+00 5.400000e-01 5.439609e-01 1.410692e-09 1.104037e+00 4.662526e-10
4.800000e+00 5.400000e-01 5.439609e-01 1.410692e-09 1.104037e+00 4.311973e-10
4.850000e+00 5.400000e-01 5.439609e-01 1.410692e-09 1.104037e+00 3.858092e-10
4.900000e+00 5.400000e-01 5.439609e-01 1.410692e-09 1.104037e+00 3.363787e-10
4.950000e+00 5.400000e-01 5.439609e-01 1.410692e-09 1.104037e+00 2.870804e-10
5.000000e+00 5.400000e-01 5.439609e-01 1.410692e-09 1.104037e+00 2.405121e-10
5.050000e+00 5.400000e-01 5.439609e-01 1.410692e-09 1.104037e+00 1.981337e-10
5.100000e+00 5.400000e-01 5.439609e-01 1.410692e-09 1.104037e+00 1.606026e-10
5.150000e+00 5.400000e-01 5.439609e-01 1.410691e-09 1.104037e+00 1.280265e-10
5.200000e+00 5.400000e-01 5.439609e-01 1.410691e-09 1.104037e+00 1.001554e-10
5.250000e+00 5.400000e-01 5.439609e-01 1.410691e-09 1.104037e+00 7.653767e-11
5.300000e+00 5.400000e-01 5.439609e-01 1.410691e-09 1.104037e+00 5.660250e-11
5.350000e+00 5.400000e-01 5.439609e-01 1.410691e-09 1.104037e+00 3.972822e-11
5.400000e+00 5.400000e-01 5.439609e-01 1.410691e-09 1.104037e+00 2.530198e-11
5.450000e+00 5.400000e-01 5.439609e-01 1.410691e-09 1.104037e+00 1.273759e-11
5.500000e+00 5.400000e-01 5.439609e-01 1.410691e-09 1.104037e+00 1.472156e-12
5.550000e+00 5.400000e-01 5.439609e-01 1.410691e-09 1.104037e+00 -9.009460e-12
5.600000e+00 5.400000e-01 5.439609e-01 1.410691e-09 1.104037e+00 -1.919354e-11
5.650000e+00 5.400000e-01 5.439609e-01 1.410691e-09 1.104037e+00 -2.954970e-11
5.700000e+00 5.400000e-01 5.439609e-01 1.410691e-09 1.104037e+00 -4.054757e-11
5.750000e+00 5.400000e-01 5.439609e-01 1.410691e-09 1.104037e+00 -5.266676e-11
5.800000e+00 5.400000e-01 5.439609e-01 1.410691e-09 1.104037e+00 -6.642797e-11
5.850000e+00 5.400000e-01 5.439609e-01 1.410691e-09 1.104037e+00 -8.243184e-11
5.900000e+00 5.400000e-01 5.439609e-01 1.410691e-09 1.104037e+00 -1.013634e-10
5.950000e+00 5.400000e-01 5.439609e-01 1.410691e-09 1.104037e+00 -1.240552e-10
6.000000e+00 5.400000e-01 5.439609e-01 1.410691e-09 1.104037e+00 -1.515454e-10
6.050000e+00 5.400000e-01 5.439609e-01 1.410691e-09 1.104037e+00 -1.851130e-10
6.100000e+00 5.400000e-01 5.439609e-01 1.410691e-09 1.104037e+00 -2.263800e-10
6.150000e+00 5.400000e-01 5.439609e-01 1.410691e-09 1.104037e+00 -2.774070e-10
6.200000e+00 5.400000e-01 5.439609e-01 1.410691e-09 1.104037e+00 -3.408074e-10
6.250000e+00 5.400000e-01 5.439609e-01 1.410691e-09 1.104037e+00 -4.199419e-10
6.300000e+00 5.400000e-01 5.439609e-01 1.410691e-09 1.104037e+00 -5.191125e-10
6.350000e+00 5.400000e-01 5.439609e-01 1.410691e-09 1.104037e+00 -6.438516e-10
6.400000e+00 5.400000e-01 5.439609e-01 1.410691e-09 1.104037e+00 -8.012768e-10
6.450000e+00 5.400000e-01 5.439609e-01 1.410692e-09 1.104037e+00 -1.000555e-09
6.500000e+00 5.400000e-01 5.439609e-01 1.410692e-09 1.104037e+00 -1.253531e-09
6.550000e+00 5.400000e-01 5.439609e-01 1.410692e-09 1.104037e+00 -1.575485e-09
6.600000e+00 5.400000e-01 5.439609e-01 1.410692e-09 1.104037e+00 -1.986167e-09
6.650000e+00 5.400000e-01 5.439609e-01 1.410692e-09 1.104037e+00 -2.511130e-09
6.700000e+00 5.400000e-01 5.439609e-01 1.410692e-09 1.104037e+00 -3.183438e-09
6.750000e+00 5.400000e-01 5.439609e-01 1.410692e-09 1.104037e+00 -4.045903e-09
6.800000e+00 5.400000e-01 5.439609e-01 1.410692e-09 1.104037e+00 -5.153991e-09
6.850000e+00 5.400000e-01 5.439609e-01 1.410692e-09 1.104037e+00 -6.579581e-09
6.900000e+00 5.400000e-01 5.439609e-01 1.410692e-09 1.104037e+00 -8.415846e-09
6.950000e+00 5.400000e-01 5.439609e-01 1.410692e-09 1.104037e+00 -1.078359e-08
7.000000e+00 5.400000e-01 5.439609e-01 1.410692e-09 1.104037e+00 -1.383951e-08
7.050000e+00 5.400000e-01 5.439609e-01 1.410692e-09 1.104037e+00 -1.778683e-08
7.100000e+00 5.400000e-01 5.439609e-01 1.410693e-09 1.104037e+00 -2.288915e-08
7.150000e+00 5.400000e-01 5.439609e-01 1.410693e-09 1.104037e+00 -2.948847e-08
7.200000e+00 5.400000e-01 5.439609e-01 1.410693e-09 1.104037e+00 -3.802845e-08
7.250000e+00 5.400000e-01 5.439609e-01 1.410694e-09 1.104037e+00 -4.908462e-08
7.300000e+00 5.400000e-01 5.439609e-01 1.410695e-09 1.104037e+00 -6.340358e-08
7.350000e+00 5.400000e-01 5.439609e-01 1.410696e-09 1.104037e+00 -8.195383e-08
7.400000e+00 5.400000e-01 5.439609e-01 1.410696e-09 1.104037e+00 -1.059915e-07
7.450000e+00 5.400000e-01 5.439610e-01 1.410703e-09 1.104037e+00 -1.371458e-07
7.500000e+00 5.400000e-01 5.439610e-01 1.410684e-09 1.104037e+00 -1.775294e-07
7.550000e+00 5.400000e-01 5.439610e-01 1.410769e-09 1.104038e+00 -2.298817e-07
7.600000e+00 5.400000e-01 5.439610e-01 1.410453e-09 1.104038e+00 -2.977543e-07
7.650000e+00 5.400000e-01 5.439610e-01 1.411659e-09 1.104038e+00 -3.857508e-07
7.700000e+00 5.400000e-01 5.439610e-01 1.407303e-09 1.104039e+00 -4.998395e-07
7.750000e+00 5.400000e-01 5.439610e-01 1.422615e-09 1.104039e+00 -6.477494e-07
7.800000e+00 5.400000e-01 5.439611e-01 1.370819e-09 1.104040e+00 -8.395129e-07
7.850000e+00 5.400000e-01 5.439611e-01 1.539845e-09 1.104042e+00 -1.088071e-06
7.900000e+00 5.400000e-01 5.439612e-01 1.009154e-09 1.104043e+00 -1.410359e-06
7.950000e+00 5.400000e-01 5.439613e-01 2.610872e-09 1.104045e+00 -1.827801e-06
8.000000e+00 5.400000e-01 5.439614e-01 -2.027738e-09 1.104047e+00 -2.369575e-06
8.050000e+00 5.400000e-01 5.439615e-01 1.083971e-08 1.104051e+00 -3.069588e-06
8.100000e+00 5.400000e-01 5.439617e-01 -2.327668e-08 1.104055e+00 -3.981704e-06
8.150000e+00 5.400000e-01 5.439619e-01 6.296992e-08 1.104060e+00 -5.151136e-06
8.200000e+00 5.400000e-01 5.439622e-01 -1.443154e-07 1.104067e+00 -6.693651e-06
8.250000e+00 5.400000e-01 5.439626e-01 3.276875e-07 1.104077e+00 -8.632297e-06
8.300000e+00 5.400000e-01 5.439631e-01 -6.863270e-07 1.104089e+00 -1.126152e-05
8.350000e+00 5.400000e-01 5.439637e-01 1.358234e-06 1.104104e+00 -1.444397e-05
8.400000e+00 5.400000e-01 5.439645e-01 -2.485183e-06 1.104124e+00 -1.894710e-05
8.450000e+00 5.400000e-01 5.439656e-01 4.191701e-06 1.104151e+00 -2.417384e-05
8.500000e+00 5.400000e-01 5.439669e-01 -6.398151e-06 1.104183e+00 -3.178288e-05
8.550000e+00 5.400000e-01 5.439688e-01 8.665202e-06 1.104230e+00 -4.061206e-05
8.600000e+00 5.400000e-01 5.439710e-01 -1.001078e-05 1.104282e+00 -5.300601e-05
8.650000e+00 5.400000e-01 5.439741e-01 9.145939e-06 1.104360e+00 -6.848306e-05
8.700000e+00 5.400000e-01 5.439778e-01 -5.254590e-06 1.104450e+00 -8.826578e-05
8.750000e+00 5.400000e-01 5.439829e-01 -5.370868e-07 1.104576e+00 -1.149402e-04
8.800000e+00 5.400000e-01 5.439893e-01 4.127396e-06 1.104733e+00 -1.481022e-04
8.850000e+00 5.400000e-01 5.439977e-01 3.408563e-07 1.104940e+00 -1.912074e-04
8.900000e+00 5.400000e-01 5.440084e-01 -1.518918e-05 1.105202e+00 -2.491121e-04
8.950000e+00 5.400000e-01 5.440226e-01 3.209822e-05 1.105554e+00 -3.196277e-04
9.000000e+00 5.400000e-01 5.440404e-01 -3.140765e-05 1.105986e+00 -4.143467e-04
9.050000e+00 5.400000e-01 5.440641e-01 -1.940636e-06 1.106572e+00 -5.382803e-04
9.100000e+00 5.400000e-01 5.440942e-01 5.013435e-05 1.107312e+00 -6.909478e-04
9.150000e+00 5.400000e-01 5.441332e-01 -5.450384e-05 1.108268e+00 -8.954754e-04
9.200000e+00 5.400000e-01 5.441838e-01 -3.068138e-05 1.109512e+00 -1.164346e-03
9.250000e+00 5.400000e-01 5.442496e-01 1.436190e-04 1.111138e+00 -1.495107e-03
9.300000e+00 5.400000e-01 5.443333e-01 -1.117668e-04 1.113185e+00 -1.936096e-03
9.350000e+00 5.400000e-01 5.444432e-01 -1.373653e-04 1.115892e+00 -2.524172e-03
9.400000e+00 5.400000e-01 5.445857e-01 3.258998e-04 1.119402e+00 -3.254017e-03
9.450000e+00 5.400000e-01 5.447686e-01 -3.009088e-05 1.123892e+00 -4.207715e-03
9.500000e+00 5.400000e-01 5.450065e-01 -5.677351e-04 1.129722e+00 -5.510980e-03
9.550000e+00 5.400000e-01 5.453197e-01 4.694246e-04 1.137438e+00 -7.180101e-03
9.600000e+00 5.400000e-01 5.457245e-01 6.801599e-04 1.147375e+00 -9.317295e-03
9.650000e+00 5.400000e-01 5.462514e-01 -1.176954e-03 1.160273e+00 -1.225696e-02
9.700000e+00 5.400000e-01 5.469502e-01 -5.107797e-04 1.177396e+00 -1.624346e-02
9.750000e+00 5.400000e-01 5.478758e-01 1.950393e-03 1.200113e+00 -2.143243e-02
9.800000e+00 5.400000e-01 5.490934e-01 5.482990e-05 1.229913e+00 -2.839439e-02
9.850000e+00 5.400000e-01 5.507152e-01 -2.113694e-03 1.269573e+00 -3.798413e-02
9.900000e+00 5.400000e-01 5.528918e-01 1.079115e-04 1.322899e+00 -5.084126e-02
9.950000e+00 5.400000e-01 5.557993e-01 7.151047e-04 1.394275e+00 -6.764150e-02
1.000000e+01 5.400000e-01 5.596560e-01 5.457859e-04 0.000000e+00 0.000000e+00
0.000000e+00 5.600000e-01 5.893440e-01 7.200000e-01 0.000000e+00 0.000000e+00
5.000000e-02 5.600000e-01 5.890518e-01 8.893977e-01 1.472008e+00 6.892258e-03
1.000000e-01 5.600000e-01 5.886548e-01 -3.698163e-01 1.475896e+00 -8.614730e-03
1.500000e-01 5.600000e-01 5.899133e-01 1.177757e-01 1.494385e+00 -2.373175e-02
2.000000e-01 5.600000e-01 5.910279e-01 2.833442e+00 1.486574e+00 1.081406e-02
2.500000e-01 5.600000e-01 5.888319e-01 1.953657e+00 1.452123e+00 4.287673e-02
3.000000e-01 5.600000e-01 5.867403e-01 -2.181840e+00 1.459371e+00 -6.243071e-03
3.500000e-01 5.600000e-01 5.894562e-01 -1.452738e+00 1.509062e+00 -5.965146e-02
4.000000e-01 5.600000e-01 5.927054e-01 3.856766e+00 1.510622e+00 -5.756960e-03
4.500000e-01 5.600000e-01 5.900319e-01 3.948753e+00 1.450007e+00 7.105999e-02
5.000000e-01 5.600000e-01 5.855994e-01 -2.108298e+00 1.434223e+00 2.585981e-02
5.500000e-01 5.600000e-01 5.874459e-01 -3.537641e+00 1.497989e+00 -7.052763e-02
6.000000e-01 5.600000e-01 5.926522e-01 2.354133e+00 1.533582e+00 -4.739911e-02
6.500000e-01 5.600000e-01 5.921858e-01 5.459071e+00 1.477235e+00 5.992498e-02
7.000000e-01 5.600000e-01 5.866597e-01 5.303100e-01 1.420839e+00 6.968684e-02
7.500000e-01 5.600000e-01 5.852171e-01 -3.887784e+00 1.455528e+00 -3.092615e-02
8.000000e-01 5.600000e-01 5.897523e-01 -8.346239e-01 1.518840e+00 -7.298774e-02
8.500000e-01 5.600000e-01 5.925159e-01 4.133517e+00 1.508301e+00 5.529223e-03
9.000000e-01 5.600000e-01 5.891994e-01 3.285621e+00 1.441544e+00 7.323772e-02
9.500000e-01 5.600000e-01 5.851921e-01 -1.277935e+00 1.418324e+00 3.113059e-02
1.000000e+00 5.600000e-01 5.860863e-01 -2.310156e+00 1.460352e+00 -4.226772e-02
1.050000e+00 5.600000e-01 5.894189e-01 8.937089e-01 1.492567e+00 -3.644535e-02
1.100000e+00 5.600000e-01 5.897309e-01 3.048728e+00 1.466137e+00 2.693435e-02
1.150000e+00 5.600000e-01 5.867255e-01 1.521449e+00 1.418918e+00 5.143155e-02
1.200000e+00 5.600000e-01 5.845877e-01 -7.847064e-01 1.408117e+00 1.372540e-02
1.250000e+00 5.600000e-01 5.853529e-01 -7.240947e-01 1.430739e+00 -2.212472e-02
1.300000e+00 5.600000e-01 5.868002e-01 9.484316e-01 1.442154e+00 -1.024116e-02
1.350000e+00 5.600000e-01 5.863770e-01 1.739016e+00 1.421500e+00 2.389278e-02
1.400000e+00 5.600000e-01 5.844109e-01 9.815495e-01 1.389952e+00 3.468977e-02
1.450000e+00 5.600000e-01 5.829081e-01 2.174166e-02 1.374873e+00 1.685000e-02
1.500000e+00 5.600000e-01 5.827259e-01 -1.630992e-02 1.377063e+00 -4.408603e-04
1.550000e+00 5.600000e-01 5.829521e-01 5.915778e-01 1.377700e+00 2.839140e-03
1.600000e+00 5.600000e-01 5.824420e-01 9.873064e-01 1.363968e+00 1.873360e-02
1.650000e+00 5.600000e-01 5.810788e-01 8.380495e-01 1.339912e+00 2.884130e-02
1.700000e+00 5.600000e-01 5.795579e-01 4.580670e-01 1.317254e+00 2.617176e-02
1.750000e+00 5.600000e-01 5.784616e-01 2.515356e-01 1.302275e+00 1.782230e-02
1.800000e+00 5.600000e-01 5.777756e-01 3.134498e-01 1.292201e+00 1.359274e-02
1.850000e+00 5.600000e-01 5.771023e-01 4.823580e-01 1.280434e+00 1.675031e-02
1.900000e+00 5.600000e-01 5.761006e-01 5.807764e-01 1.262713e+00 2.392659e-02
1.950000e+00 5.600000e-01 5.747097e-01 5.504125e-01 1.239208e+00 3.004141e-02
2.000000e+00 5.600000e-01 5.730964e-01 4.327402e-01 1.213003e+00 3.216904e-02
2.050000e+00 5.600000e-01 5.714928e-01 2.941057e-01 1.187648e+00 3.021856e-02
2.100000e+00 5.600000e-01 5.700746e-01 1.780216e-01 1.165610e+00 2.568373e-02
2.150000e+00 5.600000e-01 5.689244e-01 9.808630e-02 1.147925e+00 2.025802e-02
2.200000e+00 5.600000e-01 5.680488e-01 4.999057e-02 1.134544e+00 1.512338e-02
2.250000e+00 5.600000e-01 5.674121e-01 2.384810e-02 1.124846e+00 1.084809e-02
2.300000e+00 5.600000e-01 5.669640e-01 1.074212e-02 1.118033e+00 7.561831e-03
2.350000e+00 5.600000e-01 5.666559e-01 4.598178e-03 1.113354e+00 5.165195e-03
2.400000e+00 5.600000e-01 5.664475e-01 1.879364e-03 1.110190e+00 3.477893e-03
2.450000e+00 5.600000e-01 5.663081e-01 7.360699e-04 1.108076e+00 2.317912e-03
2.500000e+00 5.600000e-01 5.662157e-01 2.770116e-04 1.106675e+00 1.533227e-03
2.550000e+00 5.600000e-01 5.661548e-01 1.003874e-04 1.105752e+00 1.008288e-03
2.600000e+00 5.600000e-01 5.661148e-01 3.509319e-05 1.105148e+00 6.598798e-04
2.650000e+00 5.600000e-01 5.660888e-01 1.185247e-05 1.104754e+00 4.300022e-04
2.700000e+00 5.600000e-01 5.660718e-01 3.874332e-06 1.104497e+00 2.790491e-04
2.750000e+00 5.600000e-01 5.660609e-01 1.229343e-06 1.104332e+00 1.803293e-04
2.800000e+00 5.600000e-01 5.660538e-01 3.815199e-07 1.104225e+00 1.160140e-04
2.850000e+00 5.600000e-01 5.660493e-01 1.185263e-07 1.104156e+00 7.426862e-05
2.900000e+00 5.600000e-01 5.660464e-01 3.952340e-08 1.104112e+00 4.727600e-05
2.950000e+00 5.600000e-01 5.660445e-01 1.653343e-08 1.104084e+00 2.989309e-05
3.000000e+00 5.600000e-01 5.660434e-01 1.005554e-08 1.104066e+00 1.874835e-05
3.050000e+00 5.600000e-01 5.660427e-01 8.292411e-09 1.104055e+00 1.163891e-05
3.100000e+00 5.600000e-01 5.660422e-01 7.832455e-09 1.104048e+00 7.130167e-06
3.150000e+00 5.600000e-01 5.660420e-01 7.720184e-09 1.104044e+00 4.290799e-06
3.200000e+00 5.600000e-01 5.660418e-01 7.696627e-09 1.104041e+00 2.518228e-06
3.250000e+00 5.600000e-01 5.660417e-01 7.694088e-09 1.104039e+00 1.423906e-06
3.300000e+00 5.600000e-01 5.660417e-01 7.695691e-09 1.104038e+00 7.582047e-07
3.350000e+00 5.600000e-01 5.660416e-01 7.697567e-09 1.104038e+00 3.613936e-07
3.400000e+00 5.600000e-01 5.660416e-01 7.699012e-09 1.104037e+00 1.317194e-07
3.450000e+00 5.600000e-01 5.660416e-01 7.700019e-09 1.104037e+00 4.697523e-09
3.500000e+00 5.600000e-01 5.660416e-01 7.700699e-09 1.104037e+00 -6.028883e-08
3.550000e+00 5.600000e-01 5.660416e-01 7.701151e-09 1.104037e+00 -8.863107e-08
3.600000e+00 5.600000e-01 5.660416e-01 7.701448e-09 1.104037e+00 -9.605183e-08
3.650000e+00 5.600000e-01 5.660416e-01 7.701641e-09 1.104037e+00 -9.216497e-08
3.700000e+00 5.600000e-01 5.660416e-01 7.701766e-09 1.104037e+00 -8.274828e-08
3.750000e+00 5.600000e-01 5.660416e-01 7.701845e-09 1.104037e+00 -7.118851e-08
3.800000e+00 5.600000e-01 5.660416e-01 7.701894e-09 1.104037e+00 -5.939633e-08
3.850000e+00 5.600000e-01 5.660416e-01 7.701924e-09 1.104037e+00 -4.838257e-08
3.900000e+00 5.600000e-01 5.660417e-01 7.701941e-09 1.104037e+00 -3.861925e-08
3.950000e+00 5.600000e-01 5.660417e-01 7.701950e-09 1.104037e+00 -3.026405e-08
4.000000e+00 5.600000e-01 5.660417e-01 7.701954e-09 1.104037e+00 -2.329866e-08
4.050000e+00 5.600000e-01 5.660417e-01 7.701955e-09 1.104037e+00 -1.761307e-08
4.100000e+00 5.600000e-01 5.660417e-01 7.701955e-09 1.104037e+00 -1.305601e-08
4.150000e+00 5.600000e-01 5.660417e-01 7.701954e-09 1.104037e+00 -9.464370e-09
4.200000e+00 5.600000e-01 5.660417e-01 7.701952e-09 1.104037e+00 -6.679708e-09
4.250000e+00 5.600000e-01 5.660417e-01 7.701951e-09 1.104037e+00 -4.556818e-09
4.300000e+00 5.600000e-01 5.660417e-01 7.701949e-09 1.104037e+00 -2.967557e-09
4.350000e+00 5.600000e-01 5.660417e-01 7.701948e-09 1.104037e+00 -1.801865e-09
4.400000e+00 5.600000e-01 5.660417e-01 7.701947e-09 1.104037e+00 -9.672030e-10
4.450000e+00 5.600000e-01 5.660417e-01 7.701946e-09 1.104037e+00 -3.871303e-10
4.500000e+00 5.600000e-01 5.660417e-01 7.701945e-09 1.104037e+00 4.707346e-13
4.550000e+00 5.600000e-01 5.660417e-01 7.701944e-09 1.104037e+00 2.453260e-10
4.600000e+00 5.600000e-01 5.660417e-01 7.701943e-09 1.104037e+00 3.866441e-10
4.650000e+00 5.600000e-01 5.660417e-01 7.701943e-09 1.104037e+00 4.548617e-10
4.700000e+00 5.600000e-01 5.660417e-01 7.701943e-09 1.104037e+00 4.732170e-10
4.750000e+00 5.600000e-01 5.660417e-01 7.701942e-09 1.104037e+00 4.591172e-10
4.800000e+00 5.600000e-01 5.660417e-01 7.701942e-09 1.104037e+00 4.253364e-10
4.850000e+00 5.600000e-01 5.660417e-01 7.701942e-09 1.104037e+00 3.810086e-10
4.900000e+00 5.600000e-01 5.660417e-01 7.701942e-09 1.104037e+00 3.324607e-10
4.950000e+00 5.600000e-01 5.660417e-01 7.701942e-09 1.104037e+00 2.838940e-10
5.000000e+00 5.600000e-01 5.660417e-01 7.701942e-09 1.104037e+00 2.379263e-10
5.050000e+00 5.600000e-01 5.660417e-01 7.701942e-09 1.104037e+00 1.960299e-10
5.100000e+00 5.600000e-01 5.660417e-01 7.701942e-09 1.104037e+00 1.588751e-10
5.150000e+00 5.600000e-01 5.660417e-01 7.701942e-09 1.104037e+00 1.265765e-10
5.200000e+00 5.600000e-01 5.660417e-01 7.701942e-09 1.104037e+00 9.889423e-11
5.250000e+00 5.600000e-01 5.660417e-01 7.701942e-09 1.104037e+00 7.537859e-11
5.300000e+00 5.600000e-01 5.660417e-01 7.701942e-09 1.104037e+00 5.546008e-11
5.350000e+00 5.600000e-01 5.660417e-01 7.701942e-09 1.104037e+00 3.851586e-11
5.400000e+00 5.600000e-01 5.660417e-01 7.701942e-09 1.104037e+00 2.392198e-11
5.450000e+00 5.600000e-01 5.660417e-01 7.701942e-09 1.104037e+00 1.107781e-11
5.500000e+00 5.600000e-01 5.660417e-01 7.701942e-09 1.104037e+00 -5.961898e-13
5.550000e+00 5.600000e-01 5.660417e-01 7.701942e-09 1.104037e+00 -1.164624e-11
5.600000e+00 5.600000e-01 5.660417e-01 7.701942e-09 1.104037e+00 -2.260303e-11
5.650000e+00 5.600000e-01 5.660417e-01 7.701942e-09 1.104037e+00 -3.399392e-11
5.700000e+00 5.600000e-01 5.660417e-01 7.701942e-09 1.104037e+00 -4.635625e-11
5.750000e+00 5.600000e-01 5.660417e-01 7.701942e-09 1.104037e+00 -6.026957e-11
5.800000e+00 5.600000e-01 5.660417e-01 7.701942e-09 1.104037e+00 -7.639223e-11
5.850000e+00 5.600000e-01 5.660417e-01 7.701942e-09 1.104037e+00 -9.548917e-11
5.900000e+00 5.600000e-01 5.660417e-01 7.701942e-09 1.104037e+00 -1.184675e-10
5.950000e+00 5.600000e-01 5.660417e-01 7.701942e-09 1.104037e+00 -1.464540e-10
6.000000e+00 5.600000e-01 5.660417e-01 7.701942e-09 1.104037e+00 -1.808687e-10
6.050000e+00 5.600000e-01 5.660417e-01 7.701942e-09 1.104037e+00 -2.234890e-10
6.100000e+00 5.600000e-01 5.660417e-01 7.701942e-09 1.104037e+00 -2.765810e-10
6.150000e+00 5.600000e-01 5.660417e-01 7.701942e-09 1.104037e+00 -3.430500e-10
6.200000e+00 5.600000e-01 5.660417e-01 7.701942e-09 1.104037e+00 -4.266176e-10
6.250000e+00 5.600000e-01 5.660417e-01 7.701942e-09 1.104037e+00 -5.320744e-10
6.300000e+00 5.600000e-01 5.660417e-01 7.701942e-09 1.104037e+00 -6.655976e-10
6.350000e+00 5.600000e-01 5.660417e-01 7.701942e-09 1.104037e+00 -8.351553e-10
6.400000e+00 5.600000e-01 5.660417e-01 7.701942e-09 1.104037e+00 -1.051038e-09
6.450000e+00 5.600000e-01 5.660417e-01 7.701942e-09 1.104037e+00 -1.326554e-09
6.500000e+00 5.600000e-01 5.660417e-01 7.701942e-09 1.104037e+00 -1.678929e-09
6.550000e+00 5.600000e-01 5.660417e-01 7.701942e-09 1.104037e+00 -2.130455e-09
6.600000e+00 5.600000e-01 5.660417e-01 7.701942e-09 1.104037e+00 -2.710004e-09
6.650000e+00 5.600000e-01 5.660417e-01 7.701942e-09 1.104037e+00 -3.455012e-09
6.700000e+00 5.600000e-01 5.660417e-01 7.701943e-09 1.104037e+00 -4.413994e-09
6.750000e+00 5.600000e-01 5.660417e-01 7.701943e-09 1.104037e+00 -5.649866e-09
6.800000e+00 5.600000e-01 5.660417e-01 7.701943e-09 1.104037e+00 -7.244251e-09
6.850000e+00 5.600000e-01 5.660417e-01 7.701944e-09 1.104037e+00 -9.303044e-09
6.900000e+00 5.600000e-01 5.660417e-01 7.701944e-09 1.104037e+00 -1.196365e-08
6.950000e+00 5.600000e-01 5.660417e-01 7.701945e-09 1.104037e+00 -1.540441e-08
7.000000e+00 5.600000e-01 5.660417e-01 7.701946e-09 1.104037e+00 -1.985674e-08
7.050000e+00 5.600000e-01 5.660417e-01 7.701947e-09 1.104037e+00 -2.562106e-08
7.100000e+00 5.600000e-01 5.660417e-01 7.701949e-09 1.104037e+00 -3.308726e-08
7.150000e+00 5.600000e-01 5.660417e-01 7.701951e-09 1.104037e+00 -4.276139e-08
7.200000e+00 5.600000e-01 5.660417e-01 7.701954e-09 1.104037e+00 -5.530024e-08
7.250000e+00 5.600000e-01 5.660417e-01 7.701957e-09 1.104037e+00 -7.155619e-08
7.300000e+00 5.600000e-01 5.660417e-01 7.701962e-09 1.104037e+00 -9.263534e-08
7.350000e+00 5.600000e-01 5.660417e-01 7.701969e-09 1.104037e+00 -1.199730e-07
7.400000e+00 5.600000e-01 5.660417e-01 7.701972e-09 1.104037e+00 -1.554312e-07
7.450000e+00 5.600000e-01 5.660417e-01 7.702002e-09 1.104037e+00 -2.014257e-07
7.500000e+00 5.600000e-01 5.660417e-01 7.701936e-09 1.104037e+00 -2.610898e-07
7.550000e+00 5.600000e-01 5.660417e-01 7.702268e-09 1.104038e+00 -3.384874e-07
7.600000e+00 5.600000e-01 5.660417e-01 7.701088e-09 1.104038e+00 -4.388881e-07
7.650000e+00 5.600000e-01 5.660418e-01 7.705582e-09 1.104038e+00 -5.691235e-07
7.700000e+00 5.600000e-01 5.660418e-01 7.689602e-09 1.104039e+00 -7.380533e-07
7.750000e+00 5.600000e-01 5.660418e-01 7.745168e-09 1.104040e+00 -9.571477e-07
7.800000e+00 5.600000e-01 5.660419e-01 7.559600e-09 1.104040e+00 -1.241315e-06
7.850000e+00 5.600000e-01 5.660420e-01 8.157928e-09 1.104042e+00 -1.609734e-06
7.900000e+00 5.600000e-01 5.660421e-01 6.302265e-09 1.104043e+00 -2.087669e-06
7.950000e+00 5.600000e-01 5.660422e-01 1.183574e-08 1.104045e+00 -2.706625e-06
8.000000e+00 5.600000e-01 5.660423e-01 -3.997116e-09 1.104047e+00 -3.510814e-06
8.050000e+00 5.600000e-01 5.660425e-01 3.940095e-08 1.104050e+00 -4.548358e-06
8.100000e+00 5.600000e-01 5.660428e-01 -7.430577e-08 1.104055e+00 -5.904882e-06
8.150000e+00 5.600000e-01 5.660431e-01 2.097918e-07 1.104060e+00 -7.634385e-06
8.200000e+00 5.600000e-01 5.660435e-01 -4.651498e-07 1.104067e+00 -9.938415e-06
8.250000e+00 5.600000e-01 5.660441e-01 1.054378e-06 1.104076e+00 -1.278887e-05
8.300000e+00 5.600000e-01 5.660448e-01 -2.174132e-06 1.104087e+00 -1.674729e-05
8.350000e+00 5.600000e-01 5.660458e-01 4.266566e-06 1.104103e+00 -2.137960e-05
8.400000e+00 5.600000e-01 5.660470e-01 -7.719872e-06 1.104121e+00 -2.822179e-05
8.450000e+00 5.600000e-01 5.660486e-01 1.291466e-05 1.104149e+00 -3.576461e-05
8.500000e+00 5.600000e-01 5.660505e-01 -1.956618e-05 1.104177e+00 -4.735343e-05
8.550000e+00 5.600000e-01 5.660533e-01 2.641297e-05 1.104226e+00 -6.017384e-05
8.600000e+00 5.600000e-01 5.660566e-01 -3.062685e-05 1.104273e+00 -7.881945e-05
8.650000e+00 5.600000e-01 5.660612e-01 2.866831e-05 1.104354e+00 -1.017726e-04
8.700000e+00 5.600000e-01 5.660667e-01 -1.838188e-05 1.104437e+00 -1.309876e-04
8.750000e+00 5.600000e-01 5.660743e-01 3.080998e-06 1.104563e+00 -1.709675e-04
8.800000e+00 5.600000e-01 5.660838e-01 6.066583e-06 1.104713e+00 -2.200703e-04
8.850000e+00 5.600000e-01 5.660963e-01 6.357709e-06 1.104917e+00 -2.838267e-04
8.900000e+00 5.600000e-01 5.661122e-01 -4.566625e-05 1.105167e+00 -3.708489e-04
8.950000e+00 5.600000e-01 5.661334e-01 8.931946e-05 1.105518e+00 -4.745824e-04
9.000000e+00 5.600000e-01 5.661597e-01 -8.690218e-05 1.105928e+00 -6.156451e-04
9.050000e+00 5.600000e-01 5.661950e-01 2.696348e-06 1.106508e+00 -8.011061e-04
9.100000e+00 5.600000e-01 5.662398e-01 1.148725e-04 1.107224e+00 -1.026208e-03
9.150000e+00 5.600000e-01 5.662976e-01 -1.203930e-04 1.108154e+00 -1.330426e-03
9.200000e+00 5.600000e-01 5.663728e-01 -8.880032e-05 1.109361e+00 -1.732948e-03
9.250000e+00 5.600000e-01 5.664709e-01 3.497178e-04 1.110958e+00 -2.221017e-03
9.300000e+00 5.600000e-01 5.665949e-01 -2.537736e-04 1.112926e+00 -2.875575e-03
9.350000e+00 5.600000e-01 5.667585e-01 -3.321657e-04 1.115571e+00 -3.755346e-03
9.400000e+00 5.600000e-01 5.669705e-01 7.217826e-04 1.118992e+00 -4.836099e-03
9.450000e+00 5.600000e-01 5.672421e-01 1.422168e-05 1.123350e+00 -6.245360e-03
9.500000e+00 5.600000e-01 5.675950e-01 -1.317223e-03 1.128985e+00 -8.189539e-03
9.550000e+00 5.600000e-01 5.680610e-01 9.089467e-04 1.136514e+00 -1.067139e-02
9.600000e+00 5.600000e-01 5.686621e-01 1.695226e-03 1.146149e+00 -1.382378e-02
9.650000e+00 5.600000e-01 5.694434e-01 -2.426686e-03 1.158603e+00 -1.817855e-02
9.700000e+00 5.600000e-01 5.704800e-01 -1.602645e-03 1.175147e+00 -2.410899e-02
9.750000e+00 5.600000e-01 5.718543e-01 4.236958e-03 1.197160e+00 -3.179466e-02
9.800000e+00 5.600000e-01 5.736595e-01 8.593806e-04 1.225911e+00 -4.208382e-02
9.850000e+00 5.600000e-01 5.760627e-01 -4.788194e-03 1.264117e+00 -5.631815e-02
9.900000e+00 5.600000e-01 5.792913e-01 -3.707488e-04 1.315610e+00 -7.546091e-02
9.950000e+00 5.600000e-01 5.836088e-01 1.564979e-03 1.384784e+00 -1.005273e-01
1.000000e+01 5.600000e-01 5.893440e-01 1.028866e-03 0.000000e+00 0.000000e+00
0.000000e+00 5.800000e-01 6.187440e-01 9.600000e-01 0.000000e+00 0.000000e+00
5.000000e-02 5.800000e-01 6.183541e-01 9.301019e-01 1.456873e+00 6.228418e-03
1.000000e-01 5.800000e-01 6.181212e-01 -3.082881e-01 1.468348e+00 -1.339100e-02
1.500000e-01 5.800000e-01 6.196932e-01 9.581043e-01 1.477509e+00 -2.312854e-02
2.000000e-01 5.800000e-01 6.204340e-01 3.521039e+00 1.450428e+00 2.063477e-02
2.500000e-01 5.800000e-01 6.176297e-01 1.295742e+00 1.430869e+00 4.398964e-02
3.000000e-01 5.800000e-01 6.160350e-01 -2.677484e+00 1.470088e+00 -2.062076e-02
3.500000e-01 5.800000e-01 6.196918e-01 -8.513268e-02 1.504354e+00 -6.476117e-02
4.000000e-01 5.800000e-01 6.225112e-01 5.390098e+00 1.461435e+00 1.102247e-02
4.500000e-01 5.800000e-01 6.185895e-01 3.309757e+00 1.409611e+00 8.139232e-02
5.000000e-01 5.800000e-01 6.143719e-01 -3.385178e+00 1.447677e+00 9.212816e-03
5.500000e-01 5.800000e-01 6.176682e-01 -2.567257e+00 1.515288e+00 -8.709608e-02
6.000000e-01 5.800000e-01 6.230815e-01 4.629003e+00 1.495198e+00 -3.484960e-02
6.500000e-01 5.800000e-01 6.211532e-01 5.935960e+00 1.416955e+00 8.183910e-02
7.000000e-01 5.800000e-01 6.148976e-01 -8.965386e-01 1.409654e+00 6.547960e-02
7.500000e-01 5.800000e-01 6.146052e-01 -4.181449e+00 1.481901e+00 -5.304925e-02
8.000000e-01 5.800000e-01 6.202026e-01 9.696953e-01 1.513572e+00 -7.667065e-02
8.500000e-01 5.800000e-01 6.222723e-01 5.779622e+00 1.457013e+00 2.595237e-02
9.000000e-01 5.800000e-01 6.176073e-01 3.022406e+00 1.399815e+00 8.724293e-02
9.500000e-01 5.800000e-01 6.135480e-01 -2.229283e+00 1.420904e+00 2.141577e-02
1.000000e+00 5.800000e-01 6.154657e-01 -1.992910e+00 1.473909e+00 -5.645930e-02
1.050000e+00 5.800000e-01 6.191939e-01 2.275757e+00 1.475713e+00 -3.255441e-02
1.100000e+00 5.800000e-01 6.187212e-01 3.954136e+00 1.426553e+00 4.352165e-02
1.150000e+00 5.800000e-01 6.148418e-01 1.344765e+00 1.392334e+00 6.004713e-02
1.200000e+00 5.800000e-01 6.127165e-01 -1.172481e+00 1.405663e+00 8.447969e-03
1.250000e+00 5.800000e-01 6.139970e-01 -4.567824e-01 1.431230e+00 -2.826739e-02
1.300000e+00 5.800000e-01 6.155432e-01 1.690436e+00 1.427145e+00 -5.973078e-03
1.350000e+00 5.800000e-01 6.145943e-01 2.283798e+00 1.396061e+00 3.518856e-02
1.400000e+00 5.800000e-01 6.120244e-01 1.068990e+00 1.369618e+00 4.279926e-02
1.450000e+00 5.800000e-01 6.103144e-01 -4.860926e-02 1.365092e+00 1.807464e-02
1.500000e+00 5.800000e-01 6.102169e-01 1.064598e-01 1.370681e+00 -1.073137e-03
1.550000e+00 5.800000e-01 6.104217e-01 9.321532e-01 1.366822e+00 6.270391e-03
1.600000e+00 5.800000e-01 6.095898e-01 1.345392e+00 1.348117e+00 2.684262e-02
1.650000e+00 5.800000e-01 6.077374e-01 1.061536e+00 1.323778e+00 3.799140e-02
1.700000e+00 5.800000e-01 6.057907e-01 5.589909e-01 1.304532e+00 3.312225e-02
1.750000e+00 5.800000e-01 6.044252e-01 3.312191e-01 1.292894e+00 2.241762e-02
1.800000e+00 5.800000e-01 6.035489e-01 4.453223e-01 1.283879e+00 1.790750e-02
1.850000e+00 5.800000e-01 6.026344e-01 6.687416e-01 1.271329e+00 2.280096e-02
1.900000e+00 5.800000e-01 6.012689e-01 7.812831e-01 1.252568e+00 3.228957e-02
1.950000e+00 5.800000e-01 5.994055e-01 7.246582e-01 1.228895e+00 3.993694e-02
2.000000e+00 5.800000e-01 5.972752e-01 5.614166e-01 1.203590e+00 4.227819e-02
2.050000e+00 5.800000e-01 5.951777e-01 3.777511e-01 1.179815e+00 3.941291e-02
2.100000e+00 5.800000e-01 5.933339e-01 2.270946e-01 1.159542e+00 3.333732e-02
2.150000e+00 5.800000e-01 5.918439e-01 1.245466e-01 1.143464e+00 2.621840e-02
2.200000e+00 5.800000e-01 5.907120e-01 6.327993e-02 1.131383e+00 1.954031e-02
2.250000e+00 5.800000e-01 5.898899e-01 3.012652e-02 1.122662e+00 1.400353e-02
2.300000e+00 5.800000e-01 5.893117e-01 1.355266e-02 1.116549e+00 9.756551e-03
2.350000e+00 5.800000e-01 5.889142e-01 5.796740e-03 1.112356e+00 6.662351e-03
2.400000e+00 5.800000e-01 5.886454e-01 2.368248e-03 1.109523e+00 4.484935e-03
2.450000e+00 5.800000e-01 5.884657e-01 9.273895e-04 1.107633e+00 2.988359e-03
2.500000e+00 5.800000e-01 5.883466e-01 3.490196e-04 1.106381e+00 1.976165e-03
2.550000e+00 5.800000e-01 5.882681e-01 1.265090e-04 1.105559e+00 1.299177e-03
2.600000e+00 5.800000e-01 5.882167e-01 4.424846e-05 1.105020e+00 8.499831e-04
2.650000e+00 5.800000e-01 5.881831e-01 1.496556e-05 1.104670e+00 5.537131e-04
2.700000e+00 5.800000e-01 5.881613e-01 4.911966e-06 1.104443e+00 3.592414e-04
2.750000e+00 5.800000e-01 5.881472e-01 1.578636e-06 1.104296e+00 2.321168e-04
2.800000e+00 5.800000e-01 5.881381e-01 5.102547e-07 1.104202e+00 1.493323e-04
2.850000e+00 5.800000e-01 5.881323e-01 1.789999e-07 1.104141e+00 9.562165e-05
2.900000e+00 5.800000e-01 5.881285e-01 7.963281e-08 1.104103e+00 6.090513e-05
2.950000e+00 5.800000e-01 5.881262e-01 5.082537e-08 1.104078e+00 3.855447e-05
3.000000e+00 5.800000e-01 5.881247e-01 4.278668e-08 1.104062e+00 2.422685e-05
3.050000e+00 5.800000e-01 5.881238e-01 4.065397e-08 1.104053e+00 1.508638e-05
3.100000e+00 5.800000e-01 5.881232e-01 4.013625e-08 1.104047e+00 9.287258e-06
3.150000e+00 5.800000e-01 5.881228e-01 4.003709e-08 1.104043e+00 5.631972e-06
3.200000e+00 5.800000e-01 5.881226e-01 4.003612e-08 1.104040e+00 3.346188e-06
3.250000e+00 5.800000e-01 5.881225e-01 4.005231e-08 1.104039e+00 1.930927e-06
3.300000e+00 5.800000e-01 5.881224e-01 4.006738e-08 1.104038e+00 1.065836e-06
3.350000e+00 5.800000e-01 5.881224e-01 4.007850e-08 1.104038e+00 5.460608e-07
3.400000e+00 5.800000e-01 5.881224e-01 4.008617e-08 1.104037e+00 2.411930e-07
3.450000e+00 5.800000e-01 5.881224e-01 4.009135e-08 1.104037e+00 6.863590e-08
3.500000e+00 5.800000e-01 5.881224e-01 4.009480e-08 1.104037e+00 -2.361290e-08
3.550000e+00 5.800000e-01 5.881224e-01 4.009708e-08 1.104037e+00 -6.805855e-08
3.600000e+00 5.800000e-01 5.881224e-01 4.009858e-08 1.104037e+00 -8.483778e-08
3.650000e+00 5.800000e-01 5.881224e-01 4.009956e-08 1.104037e+00 -8.628176e-08
3.700000e+00 5.800000e-01 5.881224e-01 4.010018e-08 1.104037e+00 -7.982568e-08
3.750000e+00 5.800000e-01 5.881224e-01 4.010058e-08 1.104037e+00 -6.985637e-08
3.800000e+00 5.800000e-01 5.881224e-01 4.010083e-08 1.104037e+00 -5.888012e-08
3.850000e+00 5.800000e-01 5.881224e-01 4.010098e-08 1.104037e+00 -4.825702e-08
3.900000e+00 5.800000e-01 5.881224e-01 4.010106e-08 1.104037e+00 -3.865988e-08
3.950000e+00 5.800000e-01 5.881224e-01 4.010111e-08 1.104037e+00 -3.035894e-08
4.000000e+00 5.800000e-01 5.881224e-01 4.010113e-08 1.104037e+00 -2.339696e-08
4.050000e+00 5.800000e-01 5.881224e-01 4.010114e-08 1.104037e+00 -1.769549e-08
4.100000e+00 5.800000e-01 5.881224e-01 4.010114e-08 1.104037e+00 -1.311842e-08
4.150000e+00 5.800000e-01 5.881224e-01 4.010113e-08 1.104037e+00 -9.509077e-09
4.200000e+00 5.800000e-01 5.881224e-01 4.010113e-08 1.104037e+00 -6.710992e-09
4.250000e+00 5.800000e-01 5.881224e-01 4.010112e-08 1.104037e+00 -4.578906e-09
4.300000e+00 5.800000e-01 5.881224e-01 4.010111e-08 1.104037e+00 -2.983844e-09
4.350000e+00 5.800000e-01 5.881224e-01 4.010110e-08 1.104037e+00 -1.814759e-09
4.400000e+00 5.800000e-01 5.881224e-01 4.010110e-08 1.104037e+00 -9.782386e-10
4.450000e+00 5.800000e-01 5.881224e-01 4.010109e-08 1.104037e+00 -3.971845e-10
4.500000e+00 5.800000e-01 5.881224e-01 4.010109e-08 1.104037e+00 -9.019452e-12
4.550000e+00 5.800000e-01 5.881224e-01 4.010109e-08 1.104037e+00 2.362688e-10
4.600000e+00 5.800000e-01 5.881224e-01 4.010108e-08 1.104037e+00 3.780354e-10
4.650000e+00 5.800000e-01 5.881224e-01 4.010108e-08 1.104037e+00 4.467904e-10
4.700000e+00 5.800000e-01 5.881224e-01 4.010108e-08 1.104037e+00 4.657796e-10
4.750000e+00 5.800000e-01 5.881224e-01 4.010108e-08 1.104037e+00 4.523892e-10
4.800000e+00 5.800000e-01 5.881224e-01 4.010108e-08 1.104037e+00 4.193601e-10
4.850000e+00 5.800000e-01 5.881224e-01 4.010108e-08 1.104037e+00 3.757927e-10
4.900000e+00 5.800000e-01 5.881224e-01 4.010108e-08 1.104037e+00 3.279788e-10
4.950000e+00 5.800000e-01 5.881224e-01 4.010108e-08 1.104037e+00 2.800948e-10
5.000000e+00 5.800000e-01 5.881224e-01 4.010108e-08 1.104037e+00 2.347478e-10
5.050000e+00 5.800000e-01 5.881224e-01 4.010108e-08 1.104037e+00 1.933886e-10
5.100000e+00 5.800000e-01 5.881224e-01 4.010108e-08 1.104037e+00 1.566802e-10
5.150000e+00 5.800000e-01 5.881224e-01 4.010108e-08 1.104037e+00 1.247413e-10
5.200000e+00 5.800000e-01 5.881224e-01 4.010108e-08 1.104037e+00 9.732881e-11
5.250000e+00 5.800000e-01 5.881224e-01 4.010107e-08 1.104037e+00 7.399192e-11
5.300000e+00 5.800000e-01 5.881224e-01 4.010107e-08 1.104037e+00 5.415890e-11
5.350000e+00 5.800000e-01 5.881224e-01 4.010107e-08 1.104037e+00 3.720357e-11
5.400000e+00 5.800000e-01 5.881224e-01 4.010107e-08 1.104037e+00 2.249867e-11
5.450000e+00 5.800000e-01 5.881224e-01 4.010107e-08 1.104037e+00 9.429124e-12
5.500000e+00 5.800000e-01 5.881224e-01 4.010107e-08 1.104037e+00 -2.603473e-12
5.550000e+00 5.800000e-01 5.881224e-01 4.010107e-08 1.104037e+00 -1.417311e-11
5.600000e+00 5.800000e-01 5.881224e-01 4.010107e-08 1.104037e+00 -2.584710e-11
5.650000e+00 5.800000e-01 5.881224e-01 4.010107e-08 1.104037e+00 -3.820610e-11
5.700000e+00 5.800000e-01 5.881224e-01 4.010107e-08 1.104037e+00 -5.186185e-11
5.750000e+00 5.800000e-01 5.881224e-01 4.010107e-08 1.104037e+00 -6.748380e-11
5.800000e+00 5.800000e-01 5.881224e-01 4.010107e-08 1.104037e+00 -8.585577e-11
5.850000e+00 5.800000e-01 5.881224e-01 4.010107e-08 1.104037e+00 -1.079070e-10
5.900000e+00 5.800000e-01 5.881224e-01 4.010107e-08 1.104037e+00 -1.347600e-10
5.950000e+00 5.800000e-01 5.881224e-01 4.010107e-08 1.104037e+00 -1.678235e-10
6.000000e+00 5.800000e-01 5.881224e-01 4.010107e-08 1.104037e+00 -2.088807e-10
6.050000e+00 5.800000e-01 5.881224e-01 4.010107e-08 1.104037e+00 -2.601930e-10
6.100000e+00 5.800000e-01 5.881224e-01 4.010107e-08 1.104037e+00 -3.246470e-10
6.150000e+00 5.800000e-01 5.881224e-01 4.010107e-08 1.104037e+00 -4.059642e-10
6.200000e+00 5.800000e-01 5.881224e-01 4.010107e-08 1.104037e+00 -5.089329e-10
6.250000e+00 5.800000e-01 5.881224e-01 4.010107e-08 1.104037e+00 -6.397238e-10
6.300000e+00 5.800000e-01 5.881224e-01 4.010108e-08 1.104037e+00 -8.063228e-10
6.350000e+00 5.800000e-01 5.881224e-01 4.010108e-08 1.104037e+00 -1.019049e-09
6.400000e+00 5.800000e-01 5.881224e-01 4.010108e-08 1.104037e+00 -1.291259e-09
6.450000e+00 5.800000e-01 5.881224e-01 4.010108e-08 1.104037e+00 -1.640253e-09
6.500000e+00 5.800000e-01 5.881224e-01 4.010108e-08 1.104037e+00 -2.088455e-09
6.550000e+00 5.800000e-01 5.881224e-01 4.010108e-08 1.104037e+00 -2.664926e-09
6.600000e+00 5.800000e-01 5.881224e-01 4.010108e-08 1.104037e+00 -3.407352e-09
6.650000e+00 5.800000e-01 5.881224e-01 4.010108e-08 1.104037e+00 -4.364632e-09
6.700000e+00 5.800000e-01 5.881224e-01 4.010108e-08 1.104037e+00 -5.600208e-09
6.750000e+00 5.800000e-01 5.881224e-01 4.010108e-08 1.104037e+00 -7.196420e-09
6.800000e+00 5.800000e-01 5.881224e-01 4.010108e-08 1.104037e+00 -9.260150e-09
6.850000e+00 5.800000e-01 5.881224e-01 4.010109e-08 1.104037e+00 -1.193016e-08
6.900000e+00 5.800000e-01 5.881224e-01 4.010109e-08 1.104037e+00 -1.538658e-08
6.950000e+00 5.800000e-01 5.881224e-01 4.010109e-08 1.104037e+00 -1.986330e-08
7.000000e+00 5.800000e-01 5.881224e-01 4.010110e-08 1.104037e+00 -2.566400e-08
7.050000e+00 5.800000e-01 5.881224e-01 4.010111e-08 1.104037e+00 -3.318297e-08
7.100000e+00 5.800000e-01 5.881224e-01 4.010112e-08 1.104037e+00 -4.293211e-08
7.150000e+00 5.800000e-01 5.881224e-01 4.010113e-08 1.104037e+00 -5.557603e-08
7.200000e+00 5.800000e-01 5.881224e-01 4.010114e-08 1.104037e+00 -7.197749e-08
7.250000e+00 5.800000e-01 5.881224e-01 4.010117e-08 1.104037e+00 -9.325638e-08
7.300000e+00 5.800000e-01 5.881224e-01 4.010119e-08 1.104037e+00 -1.208663e-07
7.350000e+00 5.800000e-01 5.881224e-01 4.010123e-08 1.104037e+00 -1.566936e-07
7.400000e+00 5.800000e-01 5.881224e-01 4.010126e-08 1.104037e+00 -2.031862e-07
7.450000e+00 5.800000e-01 5.881224e-01 4.010139e-08 1.104037e+00 -2.635201e-07
7.500000e+00 5.800000e-01 5.881225e-01 4.010118e-08 1.104038e+00 -3.418152e-07
7.550000e+00 5.800000e-01 5.881225e-01 4.010241e-08 1.104038e+00 -4.434156e-07
7.600000e+00 5.800000e-01 5.881225e-01 4.009829e-08 1.104038e+00 -5.752523e-07
7.650000e+00 5.800000e-01 5.881225e-01 4.011403e-08 1.104038e+00 -7.463101e-07
7.700000e+00 5.800000e-01 5.881226e-01 4.005910e-08 1.104039e+00 -9.682470e-07
7.750000e+00 5.800000e-01 5.881226e-01 4.024811e-08 1.104040e+00 -1.256142e-06
7.800000e+00 5.800000e-01 5.881227e-01 3.962543e-08 1.104040e+00 -1.629645e-06
7.850000e+00 5.800000e-01 5.881228e-01 4.160861e-08 1.104041e+00 -2.113888e-06
7.900000e+00 5.800000e-01 5.881229e-01 3.553605e-08 1.104043e+00 -2.742417e-06
7.950000e+00 5.800000e-01 5.881231e-01 5.341877e-08 1.104045e+00 -3.555858e-06
8.000000e+00 5.800000e-01 5.881233e-01 2.889945e-09 1.104047e+00 -4.614643e-06
8.050000e+00 5.800000e-01 5.881235e-01 1.396763e-07 1.104050e+00 -5.976333e-06
8.100000e+00 5.800000e-01 5.881239e-01 -2.143039e-07 1.104054e+00 -7.767843e-06
8.150000e+00 5.800000e-01 5.881243e-01 6.593408e-07 1.104059e+00 -1.002702e-05
8.200000e+00 5.800000e-01 5.881249e-01 -1.391214e-06 1.104066e+00 -1.309293e-05
8.250000e+00 5.800000e-01 5.881256e-01 3.170664e-06 1.104075e+00 -1.677402e-05
8.300000e+00 5.800000e-01 5.881265e-01 -6.409937e-06 1.104085e+00 -2.211407e-05
8.350000e+00 5.800000e-01 5.881278e-01 1.249007e-05 1.104101e+00 -2.798132e-05
8.400000e+00 5.800000e-01 5.881293e-01 -2.231392e-05 1.104117e+00 -3.735291e-05
8.450000e+00 5.800000e-01 5.881316e-01 3.702840e-05 1.104147e+00 -4.675240e-05
8.500000e+00 5.800000e-01 5.881340e-01 -5.563684e-05 1.104169e+00 -6.267392e-05
8.550000e+00 5.800000e-01 5.881378e-01 7.485428e-05 1.104223e+00 -7.885089e-05
8.600000e+00 5.800000e-01 5.881419e-01 -8.705859e-05 1.104259e+00 -1.039257e-04
8.650000e+00 5.800000e-01 5.881482e-01 8.335734e-05 1.104346e+00 -1.340234e-04
8.700000e+00 5.800000e-01 5.881553e-01 -5.844377e-05 1.104417e+00 -1.720810e-04
8.750000e+00 5.800000e-01 5.881654e-01 2.139882e-05 1.104546e+00 -2.254294e-04
8.800000e+00 5.800000e-01 5.881779e-01 -2.064216e-07 1.104685e+00 -2.897103e-04
8.850000e+00 5.800000e-01 5.881944e-01 3.236834e-05 1.104887e+00 -3.728912e-04
8.900000e+00 5.800000e-01 5.882151e-01 -1.287690e-04 1.105118e+00 -4.895883e-04
8.950000e+00 5.800000e-01 5.882434e-01 2.335878e-04 1.105471e+00 -6.237882e-04
9.000000e+00 5.800000e-01 5.882775e-01 -2.281567e-04 1.105844e+00 -8.100765e-04
9.050000e+00 5.800000e-01 5.883244e-01 3.495655e-05 1.106421e+00 -1.056829e-03
9.100000e+00 5.800000e-01 5.883832e-01 2.276144e-04 1.107100e+00 -1.349441e-03
9.150000e+00 5.800000e-01 5.884593e-01 -2.317058e-04 1.107997e+00 -1.750189e-03
9.200000e+00 5.800000e-01 5.885582e-01 -2.321230e-04 1.109148e+00 -2.286050e-03
9.250000e+00 5.800000e-01 5.886879e-01 7.821625e-04 1.110713e+00 -2.921378e-03
9.300000e+00 5.800000e-01 5.888504e-01 -5.479704e-04 1.112566e+00 -3.781158e-03
9.350000e+00 5.800000e-01 5.890660e-01 -6.799302e-04 1.115129e+00 -4.950227e-03
9.400000e+00 5.800000e-01 5.893454e-01 1.407406e-03 1.118420e+00 -6.365535e-03
9.450000e+00 5.800000e-01 5.897026e-01 1.676705e-04 1.122605e+00 -8.204935e-03
9.500000e+00 5.800000e-01 5.901659e-01 -2.658366e-03 1.127964e+00 -1.077657e-02
9.550000e+00 5.800000e-01 5.907802e-01 1.549522e-03 1.135237e+00 -1.404577e-02
9.600000e+00 5.800000e-01 5.915705e-01 3.485576e-03 1.144449e+00 -1.815320e-02
9.650000e+00 5.800000e-01 5.925956e-01 -4.189289e-03 1.156315e+00 -2.385609e-02
9.700000e+00 5.800000e-01 5.939561e-01 -3.788672e-03 1.172044e+00 -3.166604e-02
9.750000e+00 5.800000e-01 5.957622e-01 7.504985e-03 1.193069e+00 -4.173831e-02
9.800000e+00 5.800000e-01 5.981299e-01 2.975548e-03 1.220384e+00 -5.517744e-02
9.850000e+00 5.800000e-01 6.012799e-01 -8.613943e-03 1.256603e+00 -7.386375e-02
9.900000e+00 5.800000e-01 6.055163e-01 -1.963652e-03 1.305501e+00 -9.910789e-02
9.950000e+00 5.800000e-01 6.111907e-01 2.627734e-03 1.371553e+00 -1.322773e-01
1.000000e+01 5.800000e-01 6.187440e-01 1.368269e-03 0.000000e+00 0.000000e+00
0.000000e+00 6.000000e-01 6.477600e-01 1.200000e+00 0.000000e+00 0.000000e+00
5.000000e-02 6.000000e-01 6.473267e-01 9.052090e-01 1.438902e+00 3.713215e-03
1.000000e-01 6.000000e-01 6.473887e-01 9.732686e-02 1.453962e+00 -1.686900e-02
1.500000e-01 6.000000e-01 6.490136e-01 2.028030e+00 1.447950e+00 -1.656400e-02
2.000000e-01 6.000000e-01 6.490451e-01 3.539083e+00 1.411222e+00 2.946985e-02
2.500000e-01 6.000000e-01 6.460667e-01 1.537675e-01 1.417885e+00 3.501299e-02
3.000000e-01 6.000000e-01 6.455438e-01 -2.302770e+00 1.475295e+00 -3.563702e-02
3.500000e-01 6.000000e-01 6.496304e-01 2.053855e+00 1.475920e+00 -5.619044e-02
4.000000e-01 6.000000e-01 6.511628e-01 5.981613e+00 1.401611e+00 3.214026e-02
4.500000e-01 6.000000e-01 6.464163e-01 1.440210e+00 1.383517e+00 7.656325e-02
5.000000e-01 6.000000e-01 6.435065e-01 -3.981487e+00 1.465685e+00 -1.641103e-02
5.500000e-01 6.000000e-01 6.480574e-01 -1.991035e-01 1.507007e+00 -8.953591e-02
6.000000e-01 6.000000e-01 6.524601e-01 6.590280e+00 1.431401e+00 -8.065930e-03
6.500000e-01 6.000000e-01 6.488640e-01 4.773605e+00 1.361570e+00 9.414232e-02
7.000000e-01 6.000000e-01 6.430459e-01 -2.691937e+00 1.413640e+00 4.370874e-02
7.500000e-01 6.000000e-01 6.444932e-01 -3.180236e+00 1.497762e+00 -7.249335e-02
8.000000e-01 6.000000e-01 6.502952e-01 3.527098e+00 1.478886e+00 -6.303268e-02
8.500000e-01 6.000000e-01 6.507964e-01 6.557601e+00 1.390585e+00 5.103199e-02
9.000000e-01 6.000000e-01 6.451920e-01 1.642676e+00 1.366134e+00 8.768149e-02
9.500000e-01 6.000000e-01 6.420283e-01 -2.983162e+00 1.429720e+00 1.493024e-03
1.000000e+00 6.000000e-01 6.450427e-01 -7.364099e-01 1.474377e+00 -6.419127e-02
1.050000e+00 6.000000e-01 6.484474e-01 3.945067e+00 1.438345e+00 -1.750279e-02
1.100000e+00 6.000000e-01 6.467930e-01 4.288129e+00 1.377599e+00 6.028591e-02
1.150000e+00 6.000000e-01 6.424188e-01 6.503400e-01 1.368410e+00 5.978750e-02
1.200000e+00 6.000000e-01 6.408142e-01 -1.409104e+00 1.404433e+00 -1.833271e-03
1.250000e+00 6.000000e-01 6.426021e-01 2.579111e-01 1.424048e+00 -3.071738e-02
1.300000e+00 6.000000e-01 6.438860e-01 2.593771e+00 1.400705e+00 3.826654e-03
1.350000e+00 6.000000e-01 6.422195e-01 2.640804e+00 1.363150e+00 4.690356e-02
1.400000e+00 6.000000e-01 6.391956e-01 9.493540e-01 1.347112e+00 4.707734e-02
1.450000e+00 6.000000e-01 6.375117e-01 -1.161779e-01 1.354249e+00 1.642450e-02
1.500000e+00 6.000000e-01 6.375532e-01 3.669685e-01 1.360839e+00 -1.132799e-03
1.550000e+00 6.000000e-01 6.376250e-01 1.367421e+00 1.350336e+00 1.186474e-02
1.600000e+00 6.000000e-01 6.363667e-01 1.691554e+00 1.326718e+00 3.595116e-02
1.650000e+00 6.000000e-01 6.340299e-01 1.223873e+00 1.303603e+00 4.627552e-02
1.700000e+00 6.000000e-01 6.317391e-01 6.225137e-01 1.289121e+00 3.852514e-02
1.750000e+00 6.000000e-01 6.301774e-01 4.174188e-01 1.281217e+00 2.608334e-02
1.800000e+00 6.000000e-01 6.291308e-01 6.039692e-01 1.272939e+00 2.221900e-02
1.850000e+00 6.000000e-01 6.279555e-01 8.744783e-01 1.259186e+00 2.927491e-02
1.900000e+00 6.000000e-01 6.262033e-01 9.838578e-01 1.239262e+00 4.090013e-02
1.950000e+00 6.000000e-01 6.238655e-01 8.886006e-01 1.215652e+00 4.963245e-02
2.000000e+00 6.000000e-01 6.212401e-01 6.760458e-01 1.191703e+00 5.180096e-02
2.050000e+00 6.000000e-01 6.186854e-01 4.492830e-01 1.170032e+00 4.783791e-02
2.100000e+00 6.000000e-01 6.164563e-01 2.678307e-01 1.152014e+00 4.022423e-02
2.150000e+00 6.000000e-01 6.146630e-01 1.460533e-01 1.137949e+00 3.152144e-02
2.200000e+00 6.000000e-01 6.133041e-01 7.392601e-02 1.127482e+00 2.344398e-02
2.250000e+00 6.000000e-01 6.123186e-01 3.510818e-02 1.119967e+00 1.678168e-02
2.300000e+00 6.000000e-01 6.116260e-01 1.576933e-02 1.114716e+00 1.168452e-02
2.350000e+00 6.000000e-01 6.111501e-01 6.738776e-03 1.111122e+00 7.975521e-03
2.400000e+00 6.000000e-01 6.108284e-01 2.751876e-03 1.108699e+00 5.367015e-03
2.450000e+00 6.000000e-01 6.106134e-01 1.077491e-03 1.107085e+00 3.574741e-03
2.500000e+00 6.000000e-01 6.104709e-01 4.055898e-04 1.106018e+00 2.362902e-03
2.550000e+00 6.000000e-01 6.103771e-01 1.471146e-04 1.105319e+00 1.552658e-03
2.600000e+00 6.000000e-01 6.103157e-01 5.155252e-05 1.104863e+00 1.015275e-03
2.650000e+00 6.000000e-01 6.102756e-01 1.753140e-05 1.104567e+00 6.610211e-04
2.700000e+00 6.000000e-01 6.102496e-01 5.850923e-06 1.104376e+00 4.286239e-04
2.750000e+00 6.000000e-01 6.102327e-01 1.979255e-06 1.104252e+00 2.768031e-04
2.800000e+00 6.000000e-01 6.102219e-01 7.395429e-07 1.104173e+00 1.780007e-04
2.850000e+00 6.000000e-01 6.102149e-01 3.561839e-07 1.104123e+00 1.139400e-04
2.900000e+00 6.000000e-01 6.102105e-01 2.419525e-07 1.104091e+00 7.256047e-05
2.950000e+00 6.000000e-01 6.102077e-01 2.093861e-07 1.104071e+00 4.593667e-05
3.000000e+00 6.000000e-01 6.102059e-01 2.006870e-07 1.104058e+00 2.887948e-05
3.050000e+00 6.000000e-01 6.102048e-01 1.986525e-07 1.104050e+00 1.800284e-05
3.100000e+00 6.000000e-01 6.102041e-01 1.983539e-07 1.104045e+00 1.110448e-05
3.150000e+00 6.000000e-01 6.102037e-01 1.984442e-07 1.104042e+00 6.756738e-06
3.200000e+00 6.000000e-01 6.102034e-01 1.985818e-07 1.104040e+00 4.037176e-06
3.250000e+00 6.000000e-01 6.102033e-01 1.986941e-07 1.104039e+00 2.351872e-06
3.300000e+00 6.000000e-01 6.102032e-01 1.987744e-07 1.104038e+00 1.319839e-06
3.350000e+00 6.000000e-01 6.102031e-01 1.988293e-07 1.104037e+00 6.976772e-07
3.400000e+00 6.000000e-01 6.102031e-01 1.988664e-07 1.104037e+00 3.305788e-07
3.450000e+00 6.000000e-01 6.102031e-01 1.988911e-07 1.104037e+00 1.205887e-07
3.500000e+00 6.000000e-01 6.102031e-01 1.989075e-07 1.104037e+00 6.092444e-09
3.550000e+00 6.000000e-01 6.102031e-01 1.989183e-07 1.104037e+00 -5.139090e-08
3.600000e+00 6.000000e-01 6.102031e-01 1.989255e-07 1.104037e+00 -7.568496e-08
3.650000e+00 6.000000e-01 6.102031e-01 1.989301e-07 1.104037e+00 -8.137564e-08
3.700000e+00 6.000000e-01 6.102031e-01 1.989330e-07 1.104037e+00 -7.726290e-08
3.750000e+00 6.000000e-01 6.102031e-01 1.989349e-07 1.104037e+00 -6.854966e-08
3.800000e+00 6.000000e-01 6.102031e-01 1.989361e-07 1.104037e+00 -5.822309e-08
3.850000e+00 6.000000e-01 6.102031e-01 1.989368e-07 1.104037e+00 -4.792160e-08
3.900000e+00 6.000000e-01 6.102031e-01 1.989372e-07 1.104037e+00 -3.847553e-08
3.950000e+00 6.000000e-01 6.102031e-01 1.989374e-07 1.104037e+00 -3.024175e-08
4.000000e+00 6.000000e-01 6.102031e-01 1.989375e-07 1.104037e+00 -2.330879e-08
4.050000e+00 6.000000e-01 6.102031e-01 1.989376e-07 1.104037e+00 -1.762115e-08
4.100000e+00 6.000000e-01 6.102031e-01 1.989376e-07 1.104037e+00 -1.305326e-08
4.150000e+00 6.000000e-01 6.102031e-01 1.989376e-07 1.104037e+00 -9.452554e-09
4.200000e+00 6.000000e-01 6.102031e-01 1.989375e-07 1.104037e+00 -6.663663e-09
4.250000e+00 6.000000e-01 6.102031e-01 1.989375e-07 1.104037e+00 -4.541126e-09
4.300000e+00 6.000000e-01 6.102031e-01 1.989375e-07 1.104037e+00 -2.955394e-09
4.350000e+00 6.000000e-01 6.102031e-01 1.989374e-07 1.104037e+00 -1.794860e-09
4.400000e+00 6.000000e-01 6.102031e-01 1.989374e-07 1.104037e+00 -9.657330e-10
4.450000e+00 6.000000e-01 6.102031e-01 1.989374e-07 1.104037e+00 -3.907374e-10
4.500000e+00 6.000000e-01 6.102031e-01 1.989374e-07 1.104037e+00 -7.266410e-12
4.550000e+00 6.000000e-01 6.102031e-01 1.989373e-07 1.104037e+00 2.345957e-10
4.600000e+00 6.000000e-01 6.102031e-01 1.989373e-07 1.104037e+00 3.740408e-10
4.650000e+00 6.000000e-01 6.102031e-01 1.989373e-07 1.104037e+00 4.413858e-10
4.700000e+00 6.000000e-01 6.102031e-01 1.989373e-07 1.104037e+00 4.596801e-10
4.750000e+00 6.000000e-01 6.102031e-01 1.989373e-07 1.104037e+00 4.461298e-10
4.800000e+00 6.000000e-01 6.102031e-01 1.989373e-07 1.104037e+00 4.133116e-10
4.850000e+00 6.000000e-01 6.102031e-01 1.989373e-07 1.104037e+00 3.701883e-10
4.900000e+00 6.000000e-01 6.102031e-01 1.989373e-07 1.104037e+00 3.229539e-10
4.950000e+00 6.000000e-01 6.102031e-01 1.989373e-07 1.104037e+00 2.757061e-10
5.000000e+00 6.000000e-01 6.102031e-01 1.989373e-07 1.104037e+00 2.309863e-10
5.050000e+00 6.000000e-01 6.102031e-01 1.989373e-07 1.104037e+00 1.902167e-10
5.100000e+00 6.000000e-01 6.102031e-01 1.989373e-07 1.104037e+00 1.540323e-10
5.150000e+00 6.000000e-01 6.102031e-01 1.989373e-07 1.104037e+00 1.225309e-10
5.200000e+00 6.000000e-01 6.102031e-01 1.989373e-07 1.104037e+00 9.546697e-11
5.250000e+00 6.000000e-01 6.102031e-01 1.989373e-07 1.104037e+00 7.238210e-11
5.300000e+00 6.000000e-01 6.102031e-01 1.989373e-07 1.104037e+00 5.270229e-11
5.350000e+00 6.000000e-01 6.102031e-01 1.989373e-07 1.104037e+00 3.580136e-11
5.400000e+00 6.000000e-01 6.102031e-01 1.989373e-07 1.104037e+00 2.104539e-11
5.450000e+00 6.000000e-01 6.102031e-01 1.989373e-07 1.104037e+00 7.807088e-12
5.500000e+00 6.000000e-01 6.102031e-01 1.989373e-07 1.104037e+00 -4.527489e-12
5.550000e+00 6.000000e-01 6.102031e-01 1.989373e-07 1.104037e+00 -1.655565e-11
5.600000e+00 6.000000e-01 6.102031e-01 1.989373e-07 1.104037e+00 -2.888467e-11
5.650000e+00 6.000000e-01 6.102031e-01 1.989373e-07 1.104037e+00 -4.213851e-11
5.700000e+00 6.000000e-01 6.102031e-01 1.989373e-07 1.104037e+00 -5.699552e-11
5.750000e+00 6.000000e-01 6.102031e-01 1.989373e-07 1.104037e+00 -7.422063e-11
5.800000e+00 6.000000e-01 6.102031e-01 1.989373e-07 1.104037e+00 -9.470758e-11
5.850000e+00 6.000000e-01 6.102031e-01 1.989373e-07 1.104037e+00 -1.195410e-10
5.900000e+00 6.000000e-01 6.102031e-01 1.989373e-07 1.104037e+00 -1.500522e-10
5.950000e+00 6.000000e-01 6.102031e-01 1.989373e-07 1.104037e+00 -1.879119e-10
6.000000e+00 6.000000e-01 6.102031e-01 1.989373e-07 1.104037e+00 -2.352529e-10
6.050000e+00 6.000000e-01 6.102031e-01 1.989373e-07 1.104037e+00 -2.947953e-10
6.100000e+00 6.000000e-01 6.102031e-01 1.989373e-07 1.104037e+00 -3.700218e-10
6.150000e+00 6.000000e-01 6.102031e-01 1.989373e-07 1.104037e+00 -4.654233e-10
6.200000e+00 6.000000e-01 6.102031e-01 1.989373e-07 1.104037e+00 -5.868006e-10
6.250000e+00 6.000000e-01 6.102031e-01 1.989373e-07 1.104037e+00 -7.416512e-10
6.300000e+00 6.000000e-01 6.102031e-01 1.989373e-07 1.104037e+00 -9.396717e-10
6.350000e+00 6.000000e-01 6.102031e-01 1.989373e-07 1.104037e+00 -1.193428e-09
6.400000e+00 6.000000e-01 6.102031e-01 1.989373e-07 1.104037e+00 -1.519197e-09
6.450000e+00 6.000000e-01 6.102031e-01 1.989373e-07 1.104037e+00 -1.938080e-09
6.500000e+00 6.000000e-01 6.102031e-01 1.989373e-07 1.104037e+00 -2.477453e-09
6.550000e+00 6.000000e-01 6.102031e-01 1.989373e-07 1.104037e+00 -3.172831e-09
6.600000e+00 6.000000e-01 6.102031e-01 1.989373e-07 1.104037e+00 -4.070304e-09
6.650000e+00 6.000000e-01 6.102031e-01 1.989373e-07 1.104037e+00 -5.229698e-09
6.700000e+00 6.000000e-01 6.102031e-01 1.989373e-07 1.104037e+00 -6.728686e-09
6.750000e+00 6.000000e-01 6.102031e-01 1.989373e-07 1.104037e+00 -8.668127e-09
6.800000e+00 6.000000e-01 6.102031e-01 1.989373e-07 1.104037e+00 -1.117900e-08
6.850000e+00 6.000000e-01 6.102031e-01 1.989373e-07 1.104037e+00 -1.443138e-08
6.900000e+00 6.000000e-01 6.102031e-01 1.989374e-07 1.104037e+00 -1.864618e-08
6.950000e+00 6.000000e-01 6.102031e-01 1.989374e-07 1.104037e+00 -2.411029e-08
7.000000e+00 6.000000e-01 6.102031e-01 1.989374e-07 1.104037e+00 -3.119628e-08
7.050000e+00 6.000000e-01 6.102031e-01 1.989375e-07 1.104037e+00 -4.038802e-08
7.100000e+00 6.000000e-01 6.102031e-01 1.989375e-07 1.104037e+00 -5.231382e-08
7.150000e+00 6.000000e-01 6.102031e-01 1.989376e-07 1.104037e+00 -6.778956e-08
7.200000e+00 6.000000e-01 6.102031e-01 1.989377e-07 1.104037e+00 -8.787453e-08
7.250000e+00 6.000000e-01 6.102032e-01 1.989378e-07 1.104037e+00 -1.139440e-07
7.300000e+00 6.000000e-01 6.102032e-01 1.989379e-07 1.104037e+00 -1.477830e-07
7.350000e+00 6.000000e-01 6.102032e-01 1.989381e-07 1.104037e+00 -1.917087e-07
7.400000e+00 6.000000e-01 6.102032e-01 1.989383e-07 1.104037e+00 -2.487279e-07
7.450000e+00 6.000000e-01 6.102032e-01 1.989389e-07 1.104037e+00 -3.227424e-07
7.500000e+00 6.000000e-01 6.102032e-01 1.989383e-07 1.104038e+00 -4.188141e-07
7.550000e+00 6.000000e-01 6.102032e-01 1.989426e-07 1.104038e+00 -5.435090e-07
7.600000e+00 6.000000e-01 6.102033e-01 1.989292e-07 1.104038e+00 -7.053450e-07
7.650000e+00 6.000000e-01 6.102033e-01 1.989812e-07 1.104038e+00 -9.153611e-07
7.700000e+00 6.000000e-01 6.102034e-01 1.988040e-07 1.104039e+00 -1.187893e-06
7.750000e+00 6.000000e-01 6.102034e-01 1.994081e-07 1.104040e+00 -1.541449e-06
7.800000e+00 6.000000e-01 6.102035e-01 1.974464e-07 1.104040e+00 -2.000261e-06
7.850000e+00 6.000000e-01 6.102036e-01 2.036174e-07 1.104041e+00 -2.594981e-06
7.900000e+00 6.000000e-01 6.102038e-01 1.849695e-07 1.104043e+00 -3.367554e-06
7.950000e+00 6.000000e-01 6.102040e-01 2.391855e-07 1.104044e+00 -4.365953e-06
8.000000e+00 6.000000e-01 6.102042e-01 8.796485e-08 1.104047e+00 -5.669747e-06
8.050000e+00 6.000000e-01 6.102045e-01 4.921207e-07 1.104049e+00 -7.336256e-06
8.100000e+00 6.000000e-01 6.102049e-01 -5.404810e-07 1.104053e+00 -9.554288e-06
8.150000e+00 6.000000e-01 6.102055e-01 1.975961e-06 1.104058e+00 -1.229450e-05
8.200000e+00 6.000000e-01 6.102062e-01 -3.856824e-06 1.104064e+00 -1.614053e-05
8.250000e+00 6.000000e-01 6.102071e-01 8.960190e-06 1.104073e+00 -2.051097e-05
8.300000e+00 6.000000e-01 6.102082e-01 -1.763440e-05 1.104082e+00 -2.736390e-05
8.350000e+00 6.000000e-01 6.102098e-01 3.422138e-05 1.104099e+00 -3.407911e-05
8.400000e+00 6.000000e-01 6.102116e-01 -6.022034e-05 1.104111e+00 -4.638981e-05
8.450000e+00 6.000000e-01 6.102145e-01 9.918909e-05 1.104145e+00 -5.682222e-05
8.500000e+00 6.000000e-01 6.102173e-01 -1.476192e-04 1.104157e+00 -7.780455e-05
8.550000e+00 6.000000e-01 6.102223e-01 1.979235e-04 1.104220e+00 -9.623858e-05
8.600000e+00 6.000000e-01 6.102269e-01 -2.305643e-04 1.104240e+00 -1.281713e-04
8.650000e+00 6.000000e-01 6.102351e-01 2.252544e-04 1.104339e+00 -1.649172e-04
8.700000e+00 6.000000e-01 6.102434e-01 -1.695471e-04 1.104390e+00 -2.109561e-04
8.750000e+00 6.000000e-01 6.102562e-01 8.705565e-05 1.104526e+00 -2.778877e-04
8.800000e+00 6.000000e-01 6.102712e-01 -4.257307e-05 1.104647e+00 -3.563566e-04
8.850000e+00 6.000000e-01 6.102918e-01 1.212121e-04 1.104851e+00 -4.570148e-04
8.900000e+00 6.000000e-01 6.103169e-01 -3.423259e-04 1.105051e+00 -6.047386e-04
8.950000e+00 6.000000e-01 6.103523e-01 5.783602e-04 1.105417e+00 -7.651998e-04
9.000000e+00 6.000000e-01 6.103934e-01 -5.702333e-04 1.105733e+00 -9.953785e-04
9.050000e+00 6.000000e-01 6.104518e-01 1.633878e-04 1.106315e+00 -1.303485e-03
9.100000e+00 6.000000e-01 6.105238e-01 3.776853e-04 1.106939e+00 -1.656762e-03
9.150000e+00 6.000000e-01 6.106175e-01 -3.721427e-04 1.107803e+00 -2.149583e-03
9.200000e+00 6.000000e-01 6.107387e-01 -5.717487e-04 1.108872e+00 -2.819291e-03
9.250000e+00 6.000000e-01 6.108994e-01 1.645186e-03 1.110410e+00 -3.588036e-03
9.300000e+00 6.000000e-01 6.110975e-01 -1.155047e-03 1.112102e+00 -4.641926e-03
9.350000e+00 6.000000e-01 6.113636e-01 -1.176315e-03 1.114576e+00 -6.097286e-03
9.400000e+00 6.000000e-01 6.117073e-01 2.428848e-03 1.117688e+00 -7.826362e-03
9.450000e+00 6.000000e-01 6.121462e-01 5.437698e-04 1.121672e+00 -1.006263e-02
9.500000e+00 6.000000e-01 6.127135e-01 -4.809959e-03 1.126668e+00 -1.324244e-02
9.550000e+00 6.000000e-01 6.134705e-01 2.448318e-03 1.133627e+00 -1.726570e-02
9.600000e+00 6.000000e-01 6.144401e-01 6.056185e-03 1.142289e+00 -2.225491e-02
9.650000e+00 6.000000e-01 6.156960e-01 -6.169813e-03 1.153455e+00 -2.921639e-02
9.700000e+00 6.000000e-01 6.173617e-01 -7.238724e-03 1.168136e+00 -3.881066e-02
9.750000e+00 6.000000e-01 6.195770e-01 1.112077e-02 1.187893e+00 -5.113062e-02
9.800000e+00 6.000000e-01 6.224748e-01 6.722643e-03 1.213394e+00 -6.749757e-02
9.850000e+00 6.000000e-01 6.263268e-01 -1.251645e-02 1.247147e+00 -9.036491e-02
9.900000e+00 6.000000e-01 6.315113e-01 -5.081904e-03 1.292677e+00 -1.214406e-01
9.950000e+00 6.000000e-01 6.384709e-01 3.395010e-03 1.354650e+00 -1.624870e-01
1.000000e+01 6.000000e-01 6.477600e-01 1.098360e-03 0.000000e+00 0.000000e+00
0.000000e+00 6.200000e-01 6.762960e-01 1.440000e+00 0.000000e+00 0.000000e+00
5.000000e-02 6.200000e-01 6.759101e-01 9.641061e-01 1.416982e+00 1.635341e-04
1.000000e-01 6.200000e-01 6.762796e-01 8.758826e-01 1.429043e+00 -1.701000e-02
1.500000e-01 6.200000e-01 6.776111e-01 2.873749e+00 1.407669e+00 -6.032302e-03
2.000000e-01 6.200000e-01 6.768829e-01 2.761494e+00 1.377262e+00 3.266058e-02
2.500000e-01 6.200000e-01 6.743451e-01 -7.507262e-01 1.411999e+00 1.836045e-02
3.000000e-01 6.200000e-01 6.750468e-01 -7.790287e-01 1.463213e+00 -4.383477e-02
3.500000e-01 6.200000e-01 6.787286e-01 4.064423e+00 1.423319e+00 -3.528783e-02
4.000000e-01 6.200000e-01 6.785756e-01 5.005262e+00 1.347281e+00 4.798363e-02
4.500000e-01 6.200000e-01 6.739302e-01 -7.923855e-01 1.378457e+00 5.576271e-02
5.000000e-01 6.200000e-01 6.729993e-01 -3.030532e+00 1.473798e+00 -4.018327e-02
5.500000e-01 6.200000e-01 6.779485e-01 2.860306e+00 1.463560e+00 -7.338228e-02
6.000000e-01 6.200000e-01 6.803376e-01 7.026090e+00 1.356159e+00 2.332538e-02
6.500000e-01 6.200000e-01 6.756160e-01 2.111065e+00 1.329371e+00 8.894333e-02
7.000000e-01 6.200000e-01 6.714432e-01 -3.705759e+00 1.428616e+00 1.100293e-02
7.500000e-01 6.200000e-01 6.745157e-01 -7.086269e-01 1.487200e+00 -7.914739e-02
8.000000e-01 6.200000e-01 6.793580e-01 5.829385e+00 1.413880e+00 -3.380004e-02
8.500000e-01 6.200000e-01 6.778957e-01 5.715414e+00 1.325266e+00 7.105305e-02
9.000000e-01 6.200000e-01 6.722527e-01 -4.494213e-01 1.351384e+00 7.158912e-02
9.500000e-01 6.200000e-01 6.707368e-01 -2.842934e+00 1.438019e+00 -2.188146e-02
1.000000e+00 6.200000e-01 6.744408e-01 1.375552e+00 1.451139e+00 -5.990941e-02
1.050000e+00 6.200000e-01 6.767277e-01 5.273521e+00 1.380981e+00 6.156937e-03
1.100000e+00 6.200000e-01 6.738251e-01 3.685363e+00 1.328686e+00 7.149556e-02
1.150000e+00 6.200000e-01 6.695782e-01 -3.682957e-01 1.352740e+00 4.931345e-02
1.200000e+00 6.200000e-01 6.688938e-01 -1.187617e+00 1.401108e+00 -1.380710e-02
1.250000e+00 6.200000e-01 6.709589e-01 1.423466e+00 1.403498e+00 -2.677644e-02
1.300000e+00 6.200000e-01 6.715714e-01 3.440938e+00 1.361562e+00 1.838618e-02
1.350000e+00 6.200000e-01 6.691203e-01 2.648124e+00 1.325770e+00 5.662603e-02
1.400000e+00 6.200000e-01 6.659088e-01 6.351181e-01 1.325248e+00 4.635945e-02
1.450000e+00 6.200000e-01 6.644843e-01 -8.865727e-02 1.342250e+00 1.258372e-02
1.500000e+00 6.200000e-01 6.646505e-01 8.101591e-01 1.345646e+00 4.921756e-04
1.550000e+00 6.200000e-01 6.644351e-01 1.873058e+00 1.326855e+00 1.991876e-02
1.600000e+00 6.200000e-01 6.626586e-01 1.981492e+00 1.299794e+00 4.553561e-02
1.650000e+00 6.200000e-01 6.598815e-01 1.302505e+00 1.280204e+00 5.303008e-02
1.700000e+00 6.200000e-01 6.573556e-01 6.527675e-01 1.271664e+00 4.207685e-02
1.750000e+00 6.200000e-01 6.556739e-01 5.240165e-01 1.267314e+00 2.889041e-02
1.800000e+00 6.200000e-01 6.544665e-01 7.982632e-01 1.259080e+00 2.672002e-02
1.850000e+00 6.200000e-01 6.530019e-01 1.100075e+00 1.243691e+00 3.627208e-02
1.900000e+00 6.200000e-01 6.508393e-01 1.184141e+00 1.222673e+00 4.970315e-02
1.950000e+00 6.200000e-01 6.480315e-01 1.037003e+00 1.199559e+00 5.896055e-02
2.000000e+00 6.200000e-01 6.449433e-01 7.725163e-01 1.177538e+00 6.052589e-02
2.050000e+00 6.200000e-01 6.419789e-01 5.060751e-01 1.158527e+00 5.528854e-02
2.100000e+00 6.200000e-01 6.394144e-01 2.987544e-01 1.143228e+00 4.617071e-02
2.150000e+00 6.200000e-01 6.373619e-01 1.618486e-01 1.131538e+00 3.603118e-02
2.200000e+00 6.200000e-01 6.358113e-01 8.156521e-02 1.122953e+00 2.673316e-02
2.250000e+00 6.200000e-01 6.346886e-01 3.862794e-02 1.116838e+00 1.910966e-02
2.300000e+00 6.200000e-01 6.339003e-01 1.732065e-02 1.112587e+00 1.329446e-02
2.350000e+00 6.200000e-01 6.333591e-01 7.394714e-03 1.109688e+00 9.069209e-03
2.400000e+00 6.200000e-01 6.329934e-01 3.018584e-03 1.107740e+00 6.099865e-03
2.450000e+00 6.200000e-01 6.327491e-01 1.182066e-03 1.106447e+00 4.060628e-03
2.500000e+00 6.200000e-01 6.325873e-01 4.453334e-04 1.105596e+00 2.682398e-03
2.550000e+00 6.200000e-01 6.324809e-01 1.619416e-04 1.105040e+00 1.761363e-03
2.600000e+00 6.200000e-01 6.324112e-01 5.717076e-05 1.104680e+00 1.150866e-03
2.650000e+00 6.200000e-01 6.323658e-01 1.987855e-05 1.104447e+00 7.486971e-04
2.700000e+00 6.200000e-01 6.323363e-01 7.084350e-06 1.104297e+00 4.850733e-04
2.750000e+00 6.200000e-01 6.323173e-01 2.852057e-06 1.104201e+00 3.129974e-04
2.800000e+00 6.200000e-01 6.323050e-01 1.503638e-06 1.104140e+00 2.011117e-04
2.850000e+00 6.200000e-01 6.322972e-01 1.091675e-06 1.104102e+00 1.286335e-04
2.900000e+00 6.200000e-01 6.322922e-01 9.725158e-07 1.104077e+00 8.185952e-05
2.950000e+00 6.200000e-01 6.322890e-01 9.410930e-07 1.104062e+00 5.179264e-05
3.000000e+00 6.200000e-01 6.322870e-01 9.345120e-07 1.104052e+00 3.254723e-05
3.050000e+00 6.200000e-01 6.322857e-01 9.342998e-07 1.104046e+00 2.028632e-05
3.100000e+00 6.200000e-01 6.322850e-01 9.353417e-07 1.104043e+00 1.251670e-05
3.150000e+00 6.200000e-01 6.322845e-01 9.363657e-07 1.104040e+00 7.623670e-06
3.200000e+00 6.200000e-01 6.322842e-01 9.371399e-07 1.104039e+00 4.564965e-06
3.250000e+00 6.200000e-01 6.322840e-01 9.376819e-07 1.104038e+00 2.670216e-06
3.300000e+00 6.200000e-01 6.322839e-01 9.380509e-07 1.104038e+00 1.509867e-06
3.350000e+00 6.200000e-01 6.322839e-01 9.382991e-07 1.104037e+00 8.098029e-07
3.400000e+00 6.200000e-01 6.322839e-01 9.384651e-07 1.104037e+00 3.958980e-07
3.450000e+00 6.200000e-01 6.322838e-01 9.385757e-07 1.104037e+00 1.581185e-07
3.500000e+00 6.200000e-01 6.322838e-01 9.386489e-07 1.104037e+00 2.734874e-08
3.550000e+00 6.200000e-01 6.322838e-01 9.386972e-07 1.104037e+00 -3.951449e-08
3.600000e+00 6.200000e-01 6.322838e-01 9.387288e-07 1.104037e+00 -6.911728e-08
3.650000e+00 6.200000e-01 6.322838e-01 9.387493e-07 1.104037e+00 -7.775089e-08
3.700000e+00 6.200000e-01 6.322839e-01 9.387625e-07 1.104037e+00 -7.523274e-08
3.750000e+00 6.200000e-01 6.322839e-01 9.387709e-07 1.104037e+00 -6.736362e-08
3.800000e+00 6.200000e-01 6.322839e-01 9.387761e-07 1.104037e+00 -5.747554e-08
3.850000e+00 6.200000e-01 6.322839e-01 9.387792e-07 1.104037e+00 -4.740122e-08
3.900000e+00 6.200000e-01 6.322839e-01 9.387810e-07 1.104037e+00 -3.807723e-08
3.950000e+00 6.200000e-01 6.322839e-01 9.387820e-07 1.104037e+00 -2.991621e-08
4.000000e+00 6.200000e-01 6.322839e-01 9.387825e-07 1.104037e+00 -2.303438e-08
4.050000e+00 6.200000e-01 6.322839e-01 9.387827e-07 1.104037e+00 -1.738879e-08
4.100000e+00 6.200000e-01 6.322839e-01 9.387827e-07 1.104037e+00 -1.285879e-08
4.150000e+00 6.200000e-01 6.322839e-01 9.387826e-07 1.104037e+00 -9.293127e-09
4.200000e+00 6.200000e-01 6.322839e-01 9.387824e-07 1.104037e+00 -6.536297e-09
4.250000e+00 6.200000e-01 6.322839e-01 9.387823e-07 1.104037e+00 -4.442360e-09
4.300000e+00 6.200000e-01 6.322839e-01 9.387821e-07 1.104037e+00 -2.881364e-09
4.350000e+00 6.200000e-01 6.322839e-01 9.387820e-07 1.104037e+00 -1.741559e-09
4.400000e+00 6.200000e-01 6.322839e-01 9.387819e-07 1.104037e+00 -9.292667e-10
4.450000e+00 6.200000e-01 6.322839e-01 9.387818e-07 1.104037e+00 -3.675027e-10
4.500000e+00 6.200000e-01 6.322839e-01 9.387817e-07 1.104037e+00 5.916378e-12
4.550000e+00 6.200000e-01 6.322839e-01 9.387817e-07 1.104037e+00 2.404232e-10
4.600000e+00 6.200000e-01 6.322839e-01 9.387816e-07 1.104037e+00 3.747358e-10
4.650000e+00 6.200000e-01 6.322839e-01 9.387816e-07 1.104037e+00 4.386980e-10
4.700000e+00 6.200000e-01 6.322839e-01 9.387815e-07 1.104037e+00 4.549505e-10
4.750000e+00 6.200000e-01 6.322839e-01 9.387815e-07 1.104037e+00 4.403600e-10
4.800000e+00 6.200000e-01 6.322839e-01 9.387815e-07 1.104037e+00 4.071987e-10
4.850000e+00 6.200000e-01 6.322839e-01 9.387815e-07 1.104037e+00 3.642031e-10
4.900000e+00 6.200000e-01 6.322839e-01 9.387815e-07 1.104037e+00 3.173917e-10
4.950000e+00 6.200000e-01 6.322839e-01 9.387815e-07 1.104037e+00 2.707268e-10
5.000000e+00 6.200000e-01 6.322839e-01 9.387815e-07 1.104037e+00 2.266520e-10
5.050000e+00 6.200000e-01 6.322839e-01 9.387815e-07 1.104037e+00 1.865230e-10
5.100000e+00 6.200000e-01 6.322839e-01 9.387815e-07 1.104037e+00 1.509315e-10
5.150000e+00 6.200000e-01 6.322839e-01 9.387815e-07 1.104037e+00 1.199496e-10
5.200000e+00 6.200000e-01 6.322839e-01 9.387815e-07 1.104037e+00 9.331536e-11
5.250000e+00 6.200000e-01 6.322839e-01 9.387814e-07 1.104037e+00 7.055689e-11
5.300000e+00 6.200000e-01 6.322839e-01 9.387814e-07 1.104037e+00 5.110357e-11
5.350000e+00 6.200000e-01 6.322839e-01 9.387814e-07 1.104037e+00 3.432477e-11
5.400000e+00 6.200000e-01 6.322839e-01 9.387814e-07 1.104037e+00 1.957545e-11
5.450000e+00 6.200000e-01 6.322839e-01 9.387814e-07 1.104037e+00 6.227241e-12
5.500000e+00 6.200000e-01 6.322839e-01 9.387814e-07 1.104037e+00 -6.346035e-12
5.550000e+00 6.200000e-01 6.322839e-01 9.387814e-07 1.104037e+00 -1.876832e-11
5.600000e+00 6.200000e-01 6.322839e-01 9.387814e-07 1.104037e+00 -3.167799e-11
5.650000e+00 6.200000e-01 6.322839e-01 9.387814e-07 1.104037e+00 -4.574341e-11
5.700000e+00 6.200000e-01 6.322839e-01 9.387814e-07 1.104037e+00 -6.170064e-11
5.750000e+00 6.200000e-01 6.322839e-01 9.387814e-07 1.104037e+00 -8.039902e-11
5.800000e+00 6.200000e-01 6.322839e-01 9.387814e-07 1.104037e+00 -1.028388e-10
5.850000e+00 6.200000e-01 6.322839e-01 9.387814e-07 1.104037e+00 -1.302503e-10
5.900000e+00 6.200000e-01 6.322839e-01 9.387814e-07 1.104037e+00 -1.641587e-10
5.950000e+00 6.200000e-01 6.322839e-01 9.387814e-07 1.104037e+00 -2.064804e-10
6.000000e+00 6.200000e-01 6.322839e-01 9.387814e-07 1.104037e+00 -2.596778e-10
6.050000e+00 6.200000e-01 6.322839e-01 9.387814e-07 1.104037e+00 -3.268941e-10
6.100000e+00 6.200000e-01 6.322839e-01 9.387814e-07 1.104037e+00 -4.121703e-10
6.150000e+00 6.200000e-01 6.322839e-01 9.387814e-07 1.104037e+00 -5.207301e-10
6.200000e+00 6.200000e-01 6.322839e-01 9.387814e-07 1.104037e+00 -6.593226e-10
6.250000e+00 6.200000e-01 6.322839e-01 9.387815e-07 1.104037e+00 -8.366774e-10
6.300000e+00 6.200000e-01 6.322839e-01 9.387815e-07 1.104037e+00 -1.064110e-09
6.350000e+00 6.200000e-01 6.322839e-01 9.387815e-07 1.104037e+00 -1.356291e-09
6.400000e+00 6.200000e-01 6.322839e-01 9.387815e-07 1.104037e+00 -1.732237e-09
6.450000e+00 6.200000e-01 6.322839e-01 9.387815e-07 1.104037e+00 -2.216624e-09
6.500000e+00 6.200000e-01 6.322839e-01 9.387815e-07 1.104037e+00 -2.841483e-09
6.550000e+00 6.200000e-01 6.322839e-01 9.387815e-07 1.104037e+00 -3.648392e-09
6.600000e+00 6.200000e-01 6.322839e-01 9.387815e-07 1.104037e+00 -4.691330e-09
6.650000e+00 6.200000e-01 6.322839e-01 9.387815e-07 1.104037e+00 -6.040403e-09
6.700000e+00 6.200000e-01 6.322839e-01 9.387816e-07 1.104037e+00 -7.786658e-09
6.750000e+00 6.200000e-01 6.322839e-01 9.387816e-07 1.104037e+00 -1.004837e-08
6.800000e+00 6.200000e-01 6.322839e-01 9.387817e-07 1.104037e+00 -1.297915e-08
6.850000e+00 6.200000e-01 6.322839e-01 9.387817e-07 1.104037e+00 -1.677857e-08
6.900000e+00 6.200000e-01 6.322839e-01 9.387818e-07 1.104037e+00 -2.170585e-08
6.950000e+00 6.200000e-01 6.322839e-01 9.387819e-07 1.104037e+00 -2.809773e-08
7.000000e+00 6.200000e-01 6.322839e-01 9.387821e-07 1.104037e+00 -3.639160e-08
7.050000e+00 6.200000e-01 6.322839e-01 9.387823e-07 1.104037e+00 -4.715560e-08
7.100000e+00 6.200000e-01 6.322839e-01 9.387825e-07 1.104037e+00 -6.112756e-08
7.150000e+00 6.200000e-01 6.322839e-01 9.387829e-07 1.104037e+00 -7.926569e-08
7.200000e+00 6.200000e-01 6.322839e-01 9.387833e-07 1.104037e+00 -1.028143e-07
7.250000e+00 6.200000e-01 6.322839e-01 9.387838e-07 1.104037e+00 -1.333888e-07
7.300000e+00 6.200000e-01 6.322839e-01 9.387845e-07 1.104037e+00 -1.730864e-07
7.350000e+00 6.200000e-01 6.322839e-01 9.387855e-07 1.104037e+00 -2.246296e-07
7.400000e+00 6.200000e-01 6.322839e-01 9.387866e-07 1.104037e+00 -2.915516e-07
7.450000e+00 6.200000e-01 6.322839e-01 9.387889e-07 1.104038e+00 -3.784371e-07
7.500000e+00 6.200000e-01 6.322840e-01 9.387879e-07 1.104038e+00 -4.912354e-07
7.550000e+00 6.200000e-01 6.322840e-01 9.388025e-07 1.104038e+00 -6.376629e-07
7.600000e+00 6.200000e-01 6.322840e-01 9.387620e-07 1.104038e+00 -8.277327e-07
7.650000e+00 6.200000e-01 6.322841e-01 9.389237e-07 1.104038e+00 -1.074415e-06
7.700000e+00 6.200000e-01 6.322841e-01 9.383876e-07 1.104039e+00 -1.394580e-06
7.750000e+00 6.200000e-01 6.322842e-01 9.402020e-07 1.104039e+00 -1.809926e-06
7.800000e+00 6.200000e-01 6.322843e-01 9.344016e-07 1.104040e+00 -2.349128e-06
7.850000e+00 6.200000e-01 6.322844e-01 9.524258e-07 1.104041e+00 -3.047665e-06
7.900000e+00 6.200000e-01 6.322846e-01 8.987003e-07 1.104042e+00 -3.956460e-06
7.950000e+00 6.200000e-01 6.322848e-01 1.052873e-06 1.104044e+00 -5.127505e-06
8.000000e+00 6.200000e-01 6.322851e-01 6.285440e-07 1.104046e+00 -6.666018e-06
8.050000e+00 6.200000e-01 6.322855e-01 1.747785e-06 1.104049e+00 -8.609995e-06
8.100000e+00 6.200000e-01 6.322860e-01 -1.074379e-06 1.104052e+00 -1.125230e-05
8.150000e+00 6.200000e-01 6.322866e-01 5.713873e-06 1.104057e+00 -1.439618e-05
8.200000e+00 6.200000e-01 6.322874e-01 -9.817462e-06 1.104062e+00 -1.908049e-05
8.250000e+00 6.200000e-01 6.322885e-01 2.387696e-05 1.104072e+00 -2.389836e-05
8.300000e+00 6.200000e-01 6.322898e-01 -4.516412e-05 1.104078e+00 -3.254685e-05
8.350000e+00 6.200000e-01 6.322918e-01 8.782572e-05 1.104098e+00 -3.943454e-05
8.400000e+00 6.200000e-01 6.322938e-01 -1.515833e-04 1.104102e+00 -5.548831e-05
8.450000e+00 6.200000e-01 6.322973e-01 2.482146e-04 1.104144e+00 -6.553513e-05
8.500000e+00 6.200000e-01 6.323003e-01 -3.651006e-04 1.104141e+00 -9.295262e-05
8.550000e+00 6.200000e-01 6.323066e-01 4.879040e-04 1.104221e+00 -1.118207e-04
8.600000e+00 6.200000e-01 6.323115e-01 -5.680233e-04 1.104212e+00 -1.514812e-04
8.650000e+00 6.200000e-01 6.323218e-01 5.648130e-04 1.104335e+00 -1.941531e-04
8.700000e+00 6.200000e-01 6.323309e-01 -4.494185e-04 1.104354e+00 -2.469984e-04
8.750000e+00 6.200000e-01 6.323465e-01 2.812318e-04 1.104507e+00 -3.279394e-04
8.800000e+00 6.200000e-01 6.323637e-01 -1.978200e-04 1.104597e+00 -4.194876e-04
8.850000e+00 6.200000e-01 6.323884e-01 3.806388e-04 1.104813e+00 -5.346022e-04
8.900000e+00 6.200000e-01 6.324172e-01 -8.558294e-04 1.104964e+00 -7.160511e-04
8.950000e+00 6.200000e-01 6.324600e-01 1.354379e-03 1.105360e+00 -8.966856e-04
9.000000e+00 6.200000e-01 6.325068e-01 -1.349304e-03 1.105591e+00 -1.169344e-03
9.050000e+00 6.200000e-01 6.325770e-01 5.611381e-04 1.106196e+00 -1.539303e-03
9.100000e+00 6.200000e-01 6.326608e-01 4.658239e-04 1.106739e+00 -1.944587e-03
9.150000e+00 6.200000e-01 6.327714e-01 -4.223282e-04 1.107579e+00 -2.523292e-03
9.200000e+00 6.200000e-01 6.329131e-01 -1.357884e-03 1.108529e+00 -3.328783e-03
9.250000e+00 6.200000e-01 6.331043e-01 3.305202e-03 1.110058e+00 -4.213280e-03
9.300000e+00 6.200000e-01 6.333344e-01 -2.392522e-03 1.111534e+00 -5.447577e-03
9.350000e+00 6.200000e-01 6.336491e-01 -1.651481e-03 1.113926e+00 -7.184935e-03
9.400000e+00 6.200000e-01 6.340529e-01 3.639595e-03 1.116794e+00 -9.203957e-03
9.450000e+00 6.200000e-01 6.345695e-01 1.413058e-03 1.120573e+00 -1.179693e-02
9.500000e+00 6.200000e-01 6.352326e-01 -8.045395e-03 1.125110e+00 -1.555845e-02
9.550000e+00 6.200000e-01 6.361253e-01 3.790062e-03 1.131711e+00 -2.029414e-02
9.600000e+00 6.200000e-01 6.372620e-01 8.995616e-03 1.139683e+00 -2.608431e-02
9.650000e+00 6.200000e-01 6.387337e-01 -7.744405e-03 1.150081e+00 -3.419454e-02
9.700000e+00 6.200000e-01 6.406815e-01 -1.178790e-02 1.163480e+00 -4.544135e-02
9.750000e+00 6.200000e-01 6.432779e-01 1.419611e-02 1.181715e+00 -5.984155e-02
9.800000e+00 6.200000e-01 6.466656e-01 1.152958e-02 1.205017e+00 -7.887912e-02
9.850000e+00 6.200000e-01 6.511658e-01 -1.481375e-02 1.235886e+00 -1.055773e-01
9.900000e+00 6.200000e-01 6.572234e-01 -9.339790e-03 1.277284e+00 -1.421089e-01
9.950000e+00 6.200000e-01 6.653767e-01 3.323256e-03 1.334182e+00 -1.907263e-01
1.000000e+01 6.200000e-01 6.762960e-01 -5.570616e-05 0.000000e+00 0.000000e+00
0.000000e+00 6.400000e-01 7.042560e-01 1.680000e+00 0.000000e+00 0.000000e+00
5.000000e-02 6.400000e-01 7.040060e-01 1.237217e+00 1.388845e+00 -2.944128e-03
1.000000e-01 6.400000e-01 7.045504e-01 1.793113e+00 1.392314e+00 -1.314409e-02
1.500000e-01 6.400000e-01 7.053204e-01 3.071938e+00 1.363591e+00 4.148373e-03
2.000000e-01 6.400000e-01 7.041356e-01 1.609740e+00 1.353177e+00 2.773783e-02
2.500000e-01 6.400000e-01 7.025466e-01 -6.495915e-01 1.403010e+00 6.328515e-04
3.000000e-01 6.400000e-01 7.040723e-01 1.432041e+00 1.425558e+00 -4.016496e-02
3.500000e-01 6.400000e-01 7.065631e-01 4.856742e+00 1.359081e+00 -9.817925e-03
4.000000e-01 6.400000e-01 7.050541e-01 2.774083e+00 1.314012e+00 5.008501e-02
4.500000e-01 6.400000e-01 7.015546e-01 -1.936495e+00 1.385275e+00 2.595655e-02
5.000000e-01 6.400000e-01 7.024584e-01 -4.613314e-01 1.453853e+00 -5.045230e-02
5.500000e-01 6.400000e-01 7.065999e-01 5.182216e+00 1.391016e+00 -4.248040e-02
6.000000e-01 6.400000e-01 7.067065e-01 5.343400e+00 1.294026e+00 4.560990e-02
6.500000e-01 6.400000e-01 7.020389e-01 -7.373009e-01 1.326995e+00 6.515986e-02
7.000000e-01 6.400000e-01 7.001905e-01 -2.827296e+00 1.436116e+00 -1.942276e-02
7.500000e-01 6.400000e-01 7.039811e-01 2.514249e+00 1.439805e+00 -6.659928e-02
8.000000e-01 6.400000e-01 7.068504e-01 6.611818e+00 1.333660e+00 1.740904e-03
8.500000e-01 6.400000e-01 7.038070e-01 3.255843e+00 1.281577e+00 7.603063e-02
9.000000e-01 6.400000e-01 6.992473e-01 -2.112044e+00 1.355365e+00 4.258022e-02
9.500000e-01 6.400000e-01 6.995490e-01 -1.296279e+00 1.431329e+00 -3.840923e-02
1.000000e+00 6.400000e-01 7.030883e-01 3.718677e+00 1.399134e+00 -4.137615e-02
1.050000e+00 6.400000e-01 7.036866e-01 5.511993e+00 1.314104e+00 3.147860e-02
1.100000e+00 6.400000e-01 6.999404e-01 2.150822e+00 1.291872e+00 7.158222e-02
1.150000e+00 6.400000e-01 6.965284e-01 -1.170781e+00 1.345848e+00 3.081873e-02
1.200000e+00 6.400000e-01 6.968585e-01 -2.380118e-01 1.388319e+00 -2.213634e-02
1.250000e+00 6.400000e-01 6.987421e-01 2.824197e+00 1.365331e+00 -1.489900e-02
1.300000e+00 6.400000e-01 6.983484e-01 3.905913e+00 1.312430e+00 3.491797e-02
1.350000e+00 6.400000e-01 6.952503e-01 2.207932e+00 1.289080e+00 6.142933e-02
1.400000e+00 6.400000e-01 6.922055e-01 2.508596e-01 1.306090e+00 4.048505e-02
1.450000e+00 6.400000e-01 6.912017e-01 1.635232e-01 1.327403e+00 8.265069e-03
1.500000e+00 6.400000e-01 6.913790e-01 1.445902e+00 1.322652e+00 5.025491e-03
1.550000e+00 6.400000e-01 6.906992e-01 2.381591e+00 1.295540e+00 3.020559e-02
1.600000e+00 6.400000e-01 6.883584e-01 2.156425e+00 1.268155e+00 5.461158e-02
1.650000e+00 6.400000e-01 6.852380e-01 1.284778e+00 1.254770e+00 5.752756e-02
1.700000e+00 6.400000e-01 6.826057e-01 6.681241e-01 1.252730e+00 4.368091e-02
1.750000e+00 6.400000e-01 6.808700e-01 6.709453e-01 1.251026e+00 3.111682e-02
1.800000e+00 6.400000e-01 6.794940e-01 1.035230e+00 1.241846e+00 3.166836e-02
1.850000e+00 6.400000e-01 6.777031e-01 1.341726e+00 1.224511e+00 4.383781e-02
1.900000e+00 6.400000e-01 6.751102e-01 1.374663e+00 1.202745e+00 5.855292e-02
1.950000e+00 6.400000e-01 6.718478e-01 1.163432e+00 1.180785e+00 6.768656e-02
2.000000e+00 6.400000e-01 6.683416e-01 8.467293e-01 1.161370e+00 6.821378e-02
2.050000e+00 6.400000e-01 6.650264e-01 5.459398e-01 1.145581e+00 6.156195e-02
2.100000e+00 6.400000e-01 6.621854e-01 3.188274e-01 1.133424e+00 5.101970e-02
2.150000e+00 6.400000e-01 6.599245e-01 1.714779e-01 1.124414e+00 3.963146e-02
2.200000e+00 6.400000e-01 6.582222e-01 8.600933e-02 1.117926e+00 2.932403e-02
2.250000e+00 6.400000e-01 6.569921e-01 4.061098e-02 1.113365e+00 2.092784e-02
2.300000e+00 6.400000e-01 6.561294e-01 1.817791e-02 1.110222e+00 1.454446e-02
2.350000e+00 6.400000e-01 6.555376e-01 7.754127e-03 1.108093e+00 9.914281e-03
2.400000e+00 6.400000e-01 6.551380e-01 3.165129e-03 1.106673e+00 6.663453e-03
2.450000e+00 6.400000e-01 6.548713e-01 1.240727e-03 1.105737e+00 4.432390e-03
2.500000e+00 6.400000e-01 6.546948e-01 4.690381e-04 1.105126e+00 2.925468e-03
2.550000e+00 6.400000e-01 6.545787e-01 1.722985e-04 1.104730e+00 1.919153e-03
2.600000e+00 6.400000e-01 6.545029e-01 6.266635e-05 1.104476e+00 1.252685e-03
2.650000e+00 6.400000e-01 6.544535e-01 2.370927e-05 1.104314e+00 8.140570e-04
2.700000e+00 6.400000e-01 6.544214e-01 1.039787e-05 1.104210e+00 5.268293e-04
2.750000e+00 6.400000e-01 6.544008e-01 6.035909e-06 1.104145e+00 3.395507e-04
2.800000e+00 6.400000e-01 6.543875e-01 4.676606e-06 1.104104e+00 2.179181e-04
2.850000e+00 6.400000e-01 6.543790e-01 4.283188e-06 1.104078e+00 1.392181e-04
2.900000e+00 6.400000e-01 6.543736e-01 4.185027e-06 1.104062e+00 8.848995e-05
2.950000e+00 6.400000e-01 6.543701e-01 4.170473e-06 1.104052e+00 5.592151e-05
3.000000e+00 6.400000e-01 6.543680e-01 4.176108e-06 1.104046e+00 3.510140e-05
3.050000e+00 6.400000e-01 6.543666e-01 4.184386e-06 1.104042e+00 2.185468e-05
3.100000e+00 6.400000e-01 6.543658e-01 4.191223e-06 1.104040e+00 1.347172e-05
3.150000e+00 6.400000e-01 6.543653e-01 4.196167e-06 1.104039e+00 8.199736e-06
3.200000e+00 6.400000e-01 6.543650e-01 4.199582e-06 1.104038e+00 4.908763e-06
3.250000e+00 6.400000e-01 6.543648e-01 4.201898e-06 1.104038e+00 2.872949e-06
3.300000e+00 6.400000e-01 6.543647e-01 4.203455e-06 1.104037e+00 1.627827e-06
3.350000e+00 6.400000e-01 6.543646e-01 4.204497e-06 1.104037e+00 8.774419e-07
3.400000e+00 6.400000e-01 6.543646e-01 4.205192e-06 1.104037e+00 4.340923e-07
3.450000e+00 6.400000e-01 6.543646e-01 4.205654e-06 1.104037e+00 1.793713e-07
3.500000e+00 6.400000e-01 6.543646e-01 4.205959e-06 1.104037e+00 3.904490e-08
3.550000e+00 6.400000e-01 6.543646e-01 4.206160e-06 1.104037e+00 -3.308598e-08
3.600000e+00 6.400000e-01 6.543646e-01 4.206292e-06 1.104037e+00 -6.551631e-08
3.650000e+00 6.400000e-01 6.543646e-01 4.206377e-06 1.104037e+00 -7.562455e-08
3.700000e+00 6.400000e-01 6.543646e-01 4.206432e-06 1.104037e+00 -7.385527e-08
3.750000e+00 6.400000e-01 6.543646e-01 4.206467e-06 1.104037e+00 -6.636221e-08
3.800000e+00 6.400000e-01 6.543646e-01 4.206488e-06 1.104037e+00 -5.666973e-08
3.850000e+00 6.400000e-01 6.543646e-01 4.206501e-06 1.104037e+00 -4.671076e-08
3.900000e+00 6.400000e-01 6.543646e-01 4.206509e-06 1.104037e+00 -3.747073e-08
3.950000e+00 6.400000e-01 6.543646e-01 4.206513e-06 1.104037e+00 -2.938361e-08
4.000000e+00 6.400000e-01 6.543646e-01 4.206515e-06 1.104037e+00 -2.257303e-08
4.050000e+00 6.400000e-01 6.543646e-01 4.206516e-06 1.104037e+00 -1.699708e-08
4.100000e+00 6.400000e-01 6.543646e-01 4.206516e-06 1.104037e+00 -1.253366e-08
4.150000e+00 6.400000e-01 6.543646e-01 4.206515e-06 1.104037e+00 -9.029649e-09
4.200000e+00 6.400000e-01 6.543646e-01 4.206515e-06 1.104037e+00 -6.328035e-09
4.250000e+00 6.400000e-01 6.543646e-01 4.206514e-06 1.104037e+00 -4.282008e-09
4.300000e+00 6.400000e-01 6.543646e-01 4.206514e-06 1.104037e+00 -2.761378e-09
4.350000e+00 6.400000e-01 6.543646e-01 4.206513e-06 1.104037e+00 -1.654650e-09
4.400000e+00 6.400000e-01 6.543646e-01 4.206513e-06 1.104037e+00 -8.687362e-10
4.450000e+00 6.400000e-01 6.543646e-01 4.206512e-06 1.104037e+00 -3.274492e-10
4.500000e+00 6.400000e-01 6.543646e-01 4.206512e-06 1.104037e+00 3.052003e-11
4.550000e+00 6.400000e-01 6.543646e-01 4.206512e-06 1.104037e+00 2.537326e-10
4.600000e+00 6.400000e-01 6.543646e-01 4.206511e-06 1.104037e+00 3.800815e-10
4.650000e+00 6.400000e-01 6.543646e-01 4.206511e-06 1.104037e+00 4.386869e-10
4.700000e+00 6.400000e-01 6.543646e-01 4.206511e-06 1.104037e+00 4.515632e-10
4.750000e+00 6.400000e-01 6.543646e-01 4.206511e-06 1.104037e+00 4.350487e-10
4.800000e+00 6.400000e-01 6.543646e-01 4.206511e-06 1.104037e+00 4.010026e-10
4.850000e+00 6.400000e-01 6.543646e-01 4.206511e-06 1.104037e+00 3.578260e-10
4.900000e+00 6.400000e-01 6.543646e-01 4.206511e-06 1.104037e+00 3.112843e-10
4.950000e+00 6.400000e-01 6.543646e-01 4.206511e-06 1.104037e+00 2.651535e-10
5.000000e+00 6.400000e-01 6.543646e-01 4.206511e-06 1.104037e+00 2.217404e-10
5.050000e+00 6.400000e-01 6.543646e-01 4.206511e-06 1.104037e+00 1.823075e-10
5.100000e+00 6.400000e-01 6.543646e-01 4.206511e-06 1.104037e+00 1.473832e-10
5.150000e+00 6.400000e-01 6.543646e-01 4.206511e-06 1.104037e+00 1.170020e-10
5.200000e+00 6.400000e-01 6.543646e-01 4.206511e-06 1.104037e+00 9.087398e-11
5.250000e+00 6.400000e-01 6.543646e-01 4.206511e-06 1.104037e+00 6.852519e-11
5.300000e+00 6.400000e-01 6.543646e-01 4.206511e-06 1.104037e+00 4.937051e-11
5.350000e+00 6.400000e-01 6.543646e-01 4.206511e-06 1.104037e+00 3.277822e-11
5.400000e+00 6.400000e-01 6.543646e-01 4.206511e-06 1.104037e+00 1.810663e-11
5.450000e+00 6.400000e-01 6.543646e-01 4.206511e-06 1.104037e+00 4.710676e-12
5.500000e+00 6.400000e-01 6.543646e-01 4.206511e-06 1.104037e+00 -8.040235e-12
5.550000e+00 6.400000e-01 6.543646e-01 4.206511e-06 1.104037e+00 -2.078671e-11
5.600000e+00 6.400000e-01 6.543646e-01 4.206511e-06 1.104037e+00 -3.419487e-11
5.650000e+00 6.400000e-01 6.543646e-01 4.206511e-06 1.104037e+00 -4.897416e-11
5.700000e+00 6.400000e-01 6.543646e-01 4.206511e-06 1.104037e+00 -6.591505e-11
5.750000e+00 6.400000e-01 6.543646e-01 4.206511e-06 1.104037e+00 -8.594125e-11
5.800000e+00 6.400000e-01 6.543646e-01 4.206511e-06 1.104037e+00 -1.101508e-10
5.850000e+00 6.400000e-01 6.543646e-01 4.206511e-06 1.104037e+00 -1.399070e-10
5.900000e+00 6.400000e-01 6.543646e-01 4.206511e-06 1.104037e+00 -1.769118e-10
5.950000e+00 6.400000e-01 6.543646e-01 4.206511e-06 1.104037e+00 -2.233091e-10
6.000000e+00 6.400000e-01 6.543646e-01 4.206511e-06 1.104037e+00 -2.818590e-10
6.050000e+00 6.400000e-01 6.543646e-01 4.206511e-06 1.104037e+00 -3.561040e-10
6.100000e+00 6.400000e-01 6.543646e-01 4.206511e-06 1.104037e+00 -4.506018e-10
6.150000e+00 6.400000e-01 6.543646e-01 4.206511e-06 1.104037e+00 -5.712408e-10
6.200000e+00 6.400000e-01 6.543646e-01 4.206511e-06 1.104037e+00 -7.256484e-10
6.250000e+00 6.400000e-01 6.543646e-01 4.206511e-06 1.104037e+00 -9.236967e-10
6.300000e+00 6.400000e-01 6.543646e-01 4.206511e-06 1.104037e+00 -1.178194e-09
6.350000e+00 6.400000e-01 6.543646e-01 4.206511e-06 1.104037e+00 -1.505752e-09
6.400000e+00 6.400000e-01 6.543646e-01 4.206511e-06 1.104037e+00 -1.927924e-09
6.450000e+00 6.400000e-01 6.543646e-01 4.206511e-06 1.104037e+00 -2.472690e-09
6.500000e+00 6.400000e-01 6.543646e-01 4.206511e-06 1.104037e+00 -3.176379e-09
6.550000e+00 6.400000e-01 6.543646e-01 4.206511e-06 1.104037e+00 -4.086175e-09
6.600000e+00 6.400000e-01 6.543646e-01 4.206511e-06 1.104037e+00 -5.263359e-09
6.650000e+00 6.400000e-01 6.543646e-01 4.206511e-06 1.104037e+00 -6.787538e-09
6.700000e+00 6.400000e-01 6.543646e-01 4.206511e-06 1.104037e+00 -8.762130e-09
6.750000e+00 6.400000e-01 6.543646e-01 4.206512e-06 1.104037e+00 -1.132151e-08
6.800000e+00 6.400000e-01 6.543646e-01 4.206512e-06 1.104037e+00 -1.464028e-08
6.850000e+00 6.400000e-01 6.543646e-01 4.206512e-06 1.104037e+00 -1.894524e-08
6.900000e+00 6.400000e-01 6.543646e-01 4.206513e-06 1.104037e+00 -2.453112e-08
6.950000e+00 6.400000e-01 6.543646e-01 4.206513e-06 1.104037e+00 -3.178079e-08
7.000000e+00 6.400000e-01 6.543646e-01 4.206514e-06 1.104037e+00 -4.119166e-08
7.050000e+00 6.400000e-01 6.543646e-01 4.206515e-06 1.104037e+00 -5.340988e-08
7.100000e+00 6.400000e-01 6.543646e-01 4.206516e-06 1.104037e+00 -6.927473e-08
7.150000e+00 6.400000e-01 6.543646e-01 4.206517e-06 1.104037e+00 -8.987626e-08
7.200000e+00 6.400000e-01 6.543646e-01 4.206519e-06 1.104037e+00 -1.166300e-07
7.250000e+00 6.400000e-01 6.543646e-01 4.206522e-06 1.104037e+00 -1.513742e-07
7.300000e+00 6.400000e-01 6.543646e-01 4.206525e-06 1.104037e+00 -1.964951e-07
7.350000e+00 6.400000e-01 6.543647e-01 4.206530e-06 1.104037e+00 -2.550908e-07
7.400000e+00 6.400000e-01 6.543647e-01 4.206535e-06 1.104037e+00 -3.311822e-07
7.450000e+00 6.400000e-01 6.543647e-01 4.206544e-06 1.104038e+00 -4.299875e-07
7.500000e+00 6.400000e-01 6.543647e-01 4.206544e-06 1.104038e+00 -5.582783e-07
7.550000e+00 6.400000e-01 6.543647e-01 4.206592e-06 1.104038e+00 -7.248369e-07
7.600000e+00 6.400000e-01 6.543648e-01 4.206480e-06 1.104038e+00 -9.410657e-07
7.650000e+00 6.400000e-01 6.543648e-01 4.206955e-06 1.104038e+00 -1.221717e-06
7.700000e+00 6.400000e-01 6.543649e-01 4.205436e-06 1.104039e+00 -1.586040e-06
7.750000e+00 6.400000e-01 6.543650e-01 4.210556e-06 1.104039e+00 -2.058605e-06
7.800000e+00 6.400000e-01 6.543651e-01 4.194471e-06 1.104040e+00 -2.672471e-06
7.850000e+00 6.400000e-01 6.543653e-01 4.243864e-06 1.104041e+00 -3.466830e-06
7.900000e+00 6.400000e-01 6.543655e-01 4.098722e-06 1.104042e+00 -4.503099e-06
7.950000e+00 6.400000e-01 6.543657e-01 4.509750e-06 1.104044e+00 -5.831137e-06
8.000000e+00 6.400000e-01 6.543660e-01 3.393900e-06 1.104045e+00 -7.595179e-06
8.050000e+00 6.400000e-01 6.543665e-01 6.297713e-06 1.104048e+00 -9.777599e-06
8.100000e+00 6.400000e-01 6.543670e-01 -9.254339e-07 1.104051e+00 -1.285689e-05
8.150000e+00 6.400000e-01 6.543678e-01 1.621598e-05 1.104056e+00 -1.628086e-05
8.200000e+00 6.400000e-01 6.543687e-01 -2.247957e-05 1.104060e+00 -2.193694e-05
8.250000e+00 6.400000e-01 6.543700e-01 6.036004e-05 1.104070e+00 -2.679579e-05
8.300000e+00 6.400000e-01 6.543713e-01 -1.071726e-04 1.104072e+00 -3.778513e-05
8.350000e+00 6.400000e-01 6.543737e-01 2.114425e-04 1.104097e+00 -4.370779e-05
8.400000e+00 6.400000e-01 6.543757e-01 -3.551432e-04 1.104090e+00 -6.495476e-05
8.450000e+00 6.400000e-01 6.543802e-01 5.802725e-04 1.104146e+00 -7.228180e-05
8.500000e+00 6.400000e-01 6.543829e-01 -8.403768e-04 1.104117e+00 -1.085174e-04
8.550000e+00 6.400000e-01 6.543911e-01 1.120469e-03 1.104227e+00 -1.249424e-04
8.600000e+00 6.400000e-01 6.543954e-01 -1.299288e-03 1.104174e+00 -1.738740e-04
8.650000e+00 6.400000e-01 6.544085e-01 1.312483e-03 1.104337e+00 -2.214468e-04
8.700000e+00 6.400000e-01 6.544176e-01 -1.089264e-03 1.104305e+00 -2.795939e-04
8.750000e+00 6.400000e-01 6.544364e-01 7.780788e-04 1.104490e+00 -3.751644e-04
8.800000e+00 6.400000e-01 6.544551e-01 -6.407833e-04 1.104533e+00 -4.788207e-04
8.850000e+00 6.400000e-01 6.544843e-01 1.046247e-03 1.104777e+00 -6.037871e-04
8.900000e+00 6.400000e-01 6.545155e-01 -2.002373e-03 1.104852e+00 -8.236420e-04
8.950000e+00 6.400000e-01 6.545667e-01 2.989935e-03 1.105306e+00 -1.016078e-03
9.000000e+00 6.400000e-01 6.546171e-01 -3.003228e-03 1.105414e+00 -1.329876e-03
9.050000e+00 6.400000e-01 6.546997e-01 1.598442e-03 1.106071e+00 -1.762523e-03
9.100000e+00 6.400000e-01 6.547933e-01 1.911104e-04 1.106494e+00 -2.209948e-03
9.150000e+00 6.400000e-01 6.549207e-01 -2.111573e-05 1.107337e+00 -2.865822e-03
9.200000e+00 6.400000e-01 6.550799e-01 -3.115663e-03 1.108114e+00 -3.810946e-03
9.250000e+00 6.400000e-01 6.553018e-01 6.408600e-03 1.109670e+00 -4.790109e-03
9.300000e+00 6.400000e-01 6.555589e-01 -4.856565e-03 1.110862e+00 -6.188882e-03
9.350000e+00 6.400000e-01 6.559206e-01 -1.583109e-03 1.113197e+00 -8.200993e-03
9.400000e+00 6.400000e-01 6.563790e-01 4.456458e-03 1.115730e+00 -1.048540e-02
9.450000e+00 6.400000e-01 6.569692e-01 3.432806e-03 1.119336e+00 -1.338929e-02
9.500000e+00 6.400000e-01 6.577179e-01 -1.287983e-02 1.123299e+00 -1.769732e-02
9.550000e+00 6.400000e-01 6.587389e-01 6.101769e-03 1.129525e+00 -2.309468e-02
9.600000e+00 6.400000e-01 6.600274e-01 1.129060e-02 1.136644e+00 -2.960301e-02
9.650000e+00 6.400000e-01 6.616992e-01 -7.869745e-03 1.146261e+00 -3.873516e-02
9.700000e+00 6.400000e-01 6.639009e-01 -1.727817e-02 1.158138e+00 -5.146417e-02
9.750000e+00 6.400000e-01 6.668456e-01 1.638179e-02 1.174653e+00 -6.774556e-02
9.800000e+00 6.400000e-01 6.706755e-01 1.579266e-02 1.195350e+00 -8.916614e-02
9.850000e+00 6.400000e-01 6.757622e-01 -1.406609e-02 1.222979e+00 -1.192717e-01
9.900000e+00 6.400000e-01 6.826027e-01 -1.363104e-02 1.259491e+00 -1.607591e-01
9.950000e+00 6.400000e-01 6.918382e-01 2.391167e-03 1.310305e+00 -2.165335e-01
1.000000e+01 6.400000e-01 7.042560e-01 -1.807627e-03 0.000000e+00 0.000000e+00
0.000000e+00 6.600000e-01 7.315440e-01 1.920000e+00 0.000000e+00 0.000000e+00
5.000000e-02 6.600000e-01 7.314640e-01 1.710138e+00 1.352630e+00 -4.281967e-03
1.000000e-01 6.600000e-01 7.319722e-01 2.454325e+00 1.346913e+00 -6.908172e-03
1.500000e-01 6.600000e-01 7.321548e-01 2.625566e+00 1.323233e+00 9.622466e-03
2.000000e-01 6.600000e-01 7.310100e-01 8.968387e-01 1.334547e+00 1.689291e-02
2.500000e-01 6.600000e-01 7.304655e-01 5.839861e-01 1.377654e+00 -1.059209e-02
3.000000e-01 6.600000e-01 7.320692e-01 3.214007e+00 1.366097e+00 -2.626311e-02
3.500000e-01 6.600000e-01 7.330918e-01 4.031136e+00 1.302505e+00 9.330488e-03
4.000000e-01 6.600000e-01 7.311361e-01 6.780229e-01 1.302908e+00 3.750615e-02
4.500000e-01 6.600000e-01 7.293412e-01 -1.064731e+00 1.381394e+00 -1.734123e-04
5.000000e-01 6.600000e-01 7.311535e-01 2.527106e+00 1.398590e+00 -4.247992e-02
5.500000e-01 6.600000e-01 7.335892e-01 5.481307e+00 1.312263e+00 -9.451462e-03
6.000000e-01 6.600000e-01 7.320986e-01 2.412853e+00 1.263304e+00 4.893371e-02
6.500000e-01 6.600000e-01 7.286958e-01 -1.914086e+00 1.338931e+00 3.210733e-02
7.000000e-01 6.600000e-01 7.288879e-01 -9.231020e-02 1.413514e+00 -3.412097e-02
7.500000e-01 6.600000e-01 7.321079e-01 4.936311e+00 1.361961e+00 -3.816498e-02
8.000000e-01 6.600000e-01 7.327044e-01 5.251403e+00 1.264314e+00 2.949126e-02
8.500000e-01 6.600000e-01 7.291588e-01 4.043824e-01 1.269138e+00 6.237100e-02
9.000000e-01 6.600000e-01 7.264673e-01 -2.070620e+00 1.361533e+00 1.168819e-02
9.500000e-01 6.600000e-01 7.279900e-01 1.349055e+00 1.395231e+00 -3.938903e-02
1.000000e+00 6.600000e-01 7.304062e-01 5.223538e+00 1.325535e+00 -1.301948e-02
1.050000e+00 6.600000e-01 7.292919e-01 4.295730e+00 1.255450e+00 4.906161e-02
1.100000e+00 6.600000e-01 7.255000e-01 3.392677e-01 1.273998e+00 5.879814e-02
1.150000e+00 6.600000e-01 7.234121e-01 -1.070038e+00 1.339677e+00 1.073456e-02
1.200000e+00 6.600000e-01 7.244265e-01 1.396833e+00 1.357277e+00 -2.160029e-02
1.250000e+00 6.600000e-01 7.255721e-01 3.988661e+00 1.310258e+00 3.579234e-03
1.300000e+00 6.600000e-01 7.240686e-01 3.693031e+00 1.260624e+00 4.888635e-02
1.350000e+00 6.600000e-01 7.206835e-01 1.415602e+00 1.258471e+00 5.916184e-02
1.400000e+00 6.600000e-01 7.181524e-01 4.568764e-02 1.289114e+00 3.103055e-02
1.450000e+00 6.600000e-01 7.175804e-01 7.495842e-01 1.306169e+00 5.959270e-03
1.500000e+00 6.600000e-01 7.175565e-01 2.208218e+00 1.289622e+00 1.323724e-02
1.550000e+00 6.600000e-01 7.162567e-01 2.781556e+00 1.256815e+00 4.171755e-02
1.600000e+00 6.600000e-01 7.133848e-01 2.161285e+00 1.233569e+00 6.184352e-02
1.650000e+00 6.600000e-01 7.100723e-01 1.182626e+00 1.228661e+00 5.919991e-02
1.700000e+00 6.600000e-01 7.074648e-01 7.046067e-01 1.232563e+00 4.357455e-02
1.750000e+00 6.600000e-01 7.057149e-01 8.808392e-01 1.231850e+00 3.324391e-02
1.800000e+00 6.600000e-01 7.041404e-01 1.316330e+00 1.220652e+00 3.732609e-02
1.850000e+00 6.600000e-01 7.019823e-01 1.589667e+00 1.201366e+00 5.191259e-02
1.900000e+00 6.600000e-01 6.989491e-01 1.544754e+00 1.179547e+00 6.719367e-02
1.950000e+00 6.600000e-01 6.952629e-01 1.260673e+00 1.159618e+00 7.551066e-02
2.000000e+00 6.600000e-01 6.913981e-01 8.949723e-01 1.143559e+00 7.460743e-02
2.050000e+00 6.600000e-01 6.878022e-01 5.673410e-01 1.131531e+00 6.646691e-02
2.100000e+00 6.600000e-01 6.847514e-01 3.275443e-01 1.122874e+00 5.463754e-02
2.150000e+00 6.600000e-01 6.823384e-01 1.748259e-01 1.116777e+00 4.223023e-02
2.200000e+00 6.600000e-01 6.805283e-01 8.725714e-02 1.112544e+00 3.115271e-02
2.250000e+00 6.600000e-01 6.792231e-01 4.107610e-02 1.109644e+00 2.219142e-02
2.300000e+00 6.600000e-01 6.783092e-01 1.835652e-02 1.107686e+00 1.540298e-02
2.350000e+00 6.600000e-01 6.776829e-01 7.827178e-03 1.106382e+00 1.048863e-02
2.400000e+00 6.600000e-01 6.772603e-01 3.198723e-03 1.105527e+00 7.042448e-03
2.450000e+00 6.600000e-01 6.769786e-01 1.259642e-03 1.104974e+00 4.679525e-03
2.500000e+00 6.600000e-01 6.767924e-01 4.828049e-04 1.104621e+00 3.085012e-03
2.550000e+00 6.600000e-01 6.766701e-01 1.845775e-04 1.104398e+00 2.021283e-03
2.600000e+00 6.600000e-01 6.765903e-01 7.478757e-05 1.104258e+00 1.317589e-03
2.650000e+00 6.600000e-01 6.765383e-01 3.608276e-05 1.104171e+00 8.550370e-04
2.700000e+00 6.600000e-01 6.765047e-01 2.309061e-05 1.104117e+00 5.525457e-04
2.750000e+00 6.600000e-01 6.764831e-01 1.900435e-05 1.104084e+00 3.555895e-04
2.800000e+00 6.600000e-01 6.764692e-01 1.785482e-05 1.104065e+00 2.278559e-04
2.850000e+00 6.600000e-01 6.764603e-01 1.761207e-05 1.104053e+00 1.453311e-04
2.900000e+00 6.600000e-01 6.764547e-01 1.761900e-05 1.104046e+00 9.221933e-05
2.950000e+00 6.600000e-01 6.764511e-01 1.767660e-05 1.104042e+00 5.817498e-05
3.000000e+00 6.600000e-01 6.764488e-01 1.773133e-05 1.104039e+00 3.644774e-05
3.050000e+00 6.600000e-01 6.764474e-01 1.777284e-05 1.104038e+00 2.264829e-05
3.100000e+00 6.600000e-01 6.764466e-01 1.780210e-05 1.104038e+00 1.393198e-05
3.150000e+00 6.600000e-01 6.764460e-01 1.782213e-05 1.104037e+00 8.461427e-06
3.200000e+00 6.600000e-01 6.764457e-01 1.783568e-05 1.104037e+00 5.053939e-06
3.250000e+00 6.600000e-01 6.764455e-01 1.784479e-05 1.104037e+00 2.951028e-06
3.300000e+00 6.600000e-01 6.764454e-01 1.785089e-05 1.104037e+00 1.668179e-06
3.350000e+00 6.600000e-01 6.764454e-01 1.785496e-05 1.104037e+00 8.972305e-07
3.400000e+00 6.600000e-01 6.764453e-01 1.785767e-05 1.104037e+00 4.431424e-07
3.450000e+00 6.600000e-01 6.764453e-01 1.785947e-05 1.104037e+00 1.831511e-07
3.500000e+00 6.600000e-01 6.764453e-01 1.786066e-05 1.104037e+00 4.048408e-08
3.550000e+00 6.600000e-01 6.764453e-01 1.786144e-05 1.104037e+00 -3.250321e-08
3.600000e+00 6.600000e-01 6.764453e-01 1.786195e-05 1.104037e+00 -6.510332e-08
3.650000e+00 6.600000e-01 6.764453e-01 1.786228e-05 1.104037e+00 -7.511548e-08
3.700000e+00 6.600000e-01 6.764453e-01 1.786249e-05 1.104037e+00 -7.319126e-08
3.750000e+00 6.600000e-01 6.764453e-01 1.786262e-05 1.104037e+00 -6.557424e-08
3.800000e+00 6.600000e-01 6.764453e-01 1.786271e-05 1.104037e+00 -5.581759e-08
3.850000e+00 6.600000e-01 6.764453e-01 1.786276e-05 1.104037e+00 -4.585376e-08
3.900000e+00 6.600000e-01 6.764453e-01 1.786279e-05 1.104037e+00 -3.665581e-08
3.950000e+00 6.600000e-01 6.764453e-01 1.786280e-05 1.104037e+00 -2.864239e-08
4.000000e+00 6.600000e-01 6.764453e-01 1.786281e-05 1.104037e+00 -2.192302e-08
4.050000e+00 6.600000e-01 6.764454e-01 1.786281e-05 1.104037e+00 -1.644455e-08
4.100000e+00 6.600000e-01 6.764454e-01 1.786281e-05 1.104037e+00 -1.207684e-08
4.150000e+00 6.600000e-01 6.764454e-01 1.786281e-05 1.104037e+00 -8.661507e-09
4.200000e+00 6.600000e-01 6.764454e-01 1.786281e-05 1.104037e+00 -6.038592e-09
4.250000e+00 6.600000e-01 6.764454e-01 1.786281e-05 1.104037e+00 -4.060029e-09
4.300000e+00 6.600000e-01 6.764454e-01 1.786280e-05 1.104037e+00 -2.595546e-09
4.350000e+00 6.600000e-01 6.764454e-01 1.786280e-05 1.104037e+00 -1.534315e-09
4.400000e+00 6.600000e-01 6.764454e-01 1.786280e-05 1.104037e+00 -7.843626e-10
4.450000e+00 6.600000e-01 6.764454e-01 1.786280e-05 1.104037e+00 -2.708012e-10
4.500000e+00 6.600000e-01 6.764454e-01 1.786280e-05 1.104037e+00 6.633694e-11
4.550000e+00 6.600000e-01 6.764454e-01 1.786280e-05 1.104037e+00 2.743317e-10
4.600000e+00 6.600000e-01 6.764454e-01 1.786280e-05 1.104037e+00 3.899248e-10
4.650000e+00 6.600000e-01 6.764454e-01 1.786280e-05 1.104037e+00 4.412315e-10
4.700000e+00 6.600000e-01 6.764454e-01 1.786279e-05 1.104037e+00 4.494161e-10
4.750000e+00 6.600000e-01 6.764454e-01 1.786279e-05 1.104037e+00 4.301293e-10
4.800000e+00 6.600000e-01 6.764454e-01 1.786279e-05 1.104037e+00 3.946754e-10
4.850000e+00 6.600000e-01 6.764454e-01 1.786279e-05 1.104037e+00 3.510192e-10
4.900000e+00 6.600000e-01 6.764454e-01 1.786279e-05 1.104037e+00 3.046075e-10
4.950000e+00 6.600000e-01 6.764454e-01 1.786279e-05 1.104037e+00 2.589717e-10
5.000000e+00 6.600000e-01 6.764454e-01 1.786279e-05 1.104037e+00 2.162437e-10
5.050000e+00 6.600000e-01 6.764454e-01 1.786279e-05 1.104037e+00 1.775657e-10
5.100000e+00 6.600000e-01 6.764454e-01 1.786279e-05 1.104037e+00 1.433875e-10
5.150000e+00 6.600000e-01 6.764454e-01 1.786279e-05 1.104037e+00 1.136902e-10
5.200000e+00 6.600000e-01 6.764454e-01 1.786279e-05 1.104037e+00 8.815393e-11
5.250000e+00 6.600000e-01 6.764454e-01 1.786279e-05 1.104037e+00 6.629253e-11
5.300000e+00 6.600000e-01 6.764454e-01 1.786279e-05 1.104037e+00 4.751088e-11
5.350000e+00 6.600000e-01 6.764454e-01 1.786279e-05 1.104037e+00 3.117395e-11
5.400000e+00 6.600000e-01 6.764454e-01 1.786279e-05 1.104037e+00 1.664335e-11
5.450000e+00 6.600000e-01 6.764454e-01 1.786279e-05 1.104037e+00 3.270717e-12
5.500000e+00 6.600000e-01 6.764454e-01 1.786279e-05 1.104037e+00 -9.587886e-12
5.550000e+00 6.600000e-01 6.764454e-01 1.786279e-05 1.104037e+00 -2.258305e-11
5.600000e+00 6.600000e-01 6.764454e-01 1.786279e-05 1.104037e+00 -3.640421e-11
5.650000e+00 6.600000e-01 6.764454e-01 1.786279e-05 1.104037e+00 -5.179190e-11
5.700000e+00 6.600000e-01 6.764454e-01 1.786279e-05 1.104037e+00 -6.958767e-11
5.750000e+00 6.600000e-01 6.764454e-01 1.786279e-05 1.104037e+00 -9.077850e-11
5.800000e+00 6.600000e-01 6.764454e-01 1.786279e-05 1.104037e+00 -1.165523e-10
5.850000e+00 6.600000e-01 6.764454e-01 1.786279e-05 1.104037e+00 -1.483913e-10
5.900000e+00 6.600000e-01 6.764454e-01 1.786279e-05 1.104037e+00 -1.881495e-10
5.950000e+00 6.600000e-01 6.764454e-01 1.786279e-05 1.104037e+00 -2.381872e-10
6.000000e+00 6.600000e-01 6.764454e-01 1.786279e-05 1.104037e+00 -3.015310e-10
6.050000e+00 6.600000e-01 6.764454e-01 1.786279e-05 1.104037e+00 -3.820810e-10
6.100000e+00 6.600000e-01 6.764454e-01 1.786279e-05 1.104037e+00 -4.848566e-10
6.150000e+00 6.600000e-01 6.764454e-01 1.786279e-05 1.104037e+00 -6.163547e-10
6.200000e+00 6.600000e-01 6.764454e-01 1.786279e-05 1.104037e+00 -7.849976e-10
6.250000e+00 6.600000e-01 6.764454e-01 1.786279e-05 1.104037e+00 -1.001690e-09
6.300000e+00 6.600000e-01 6.764454e-01 1.786279e-05 1.104037e+00 -1.280592e-09
6.350000e+00 6.600000e-01 6.764454e-01 1.786279e-05 1.104037e+00 -1.640078e-09
6.400000e+00 6.600000e-01 6.764454e-01 1.786279e-05 1.104037e+00 -2.103999e-09
6.450000e+00 6.600000e-01 6.764454e-01 1.786279e-05 1.104037e+00 -2.703328e-09
6.500000e+00 6.600000e-01 6.764454e-01 1.786279e-05 1.104037e+00 -3.478295e-09
6.550000e+00 6.600000e-01 6.764454e-01 1.786279e-05 1.104037e+00 -4.481168e-09
6.600000e+00 6.600000e-01 6.764454e-01 1.786279e-05 1.104037e+00 -5.779851e-09
6.650000e+00 6.600000e-01 6.764454e-01 1.786280e-05 1.104037e+00 -7.462582e-09
6.700000e+00 6.600000e-01 6.764454e-01 1.786280e-05 1.104037e+00 -9.644004e-09
6.750000e+00 6.600000e-01 6.764454e-01 1.786280e-05 1.104037e+00 -1.247313e-08
6.800000e+00 6.600000e-01 6.764454e-01 1.786280e-05 1.104037e+00 -1.614357e-08
6.850000e+00 6.600000e-01 6.764454e-01 1.786280e-05 1.104037e+00 -2.090692e-08
6.900000e+00 6.600000e-01 6.764454e-01 1.786280e-05 1.104037e+00 -2.709013e-08
6.950000e+00 6.600000e-01 6.764454e-01 1.786280e-05 1.104037e+00 -3.511801e-08
7.000000e+00 6.600000e-01 6.764454e-01 1.786281e-05 1.104037e+00 -4.554251e-08
7.050000e+00 6.600000e-01 6.764454e-01 1.786281e-05 1.104037e+00 -5.908070e-08
7.100000e+00 6.600000e-01 6.764454e-01 1.786281e-05 1.104037e+00 -7.666407e-08
7.150000e+00 6.600000e-01 6.764454e-01 1.786282e-05 1.104037e+00 -9.950255e-08
7.200000e+00 6.600000e-01 6.764454e-01 1.786283e-05 1.104037e+00 -1.291675e-07
7.250000e+00 6.600000e-01 6.764454e-01 1.786284e-05 1.104037e+00 -1.676996e-07
7.300000e+00 6.600000e-01 6.764454e-01 1.786285e-05 1.104037e+00 -2.177483e-07
7.350000e+00 6.600000e-01 6.764454e-01 1.786287e-05 1.104037e+00 -2.827534e-07
7.400000e+00 6.600000e-01 6.764454e-01 1.786290e-05 1.104037e+00 -3.671797e-07
7.450000e+00 6.600000e-01 6.764454e-01 1.786293e-05 1.104037e+00 -4.768217e-07
7.500000e+00 6.600000e-01 6.764455e-01 1.786295e-05 1.104038e+00 -6.192002e-07
7.550000e+00 6.600000e-01 6.764455e-01 1.786310e-05 1.104038e+00 -8.040667e-07
7.600000e+00 6.600000e-01 6.764456e-01 1.786282e-05 1.104038e+00 -1.044094e-06
7.650000e+00 6.600000e-01 6.764456e-01 1.786414e-05 1.104038e+00 -1.355640e-06
7.700000e+00 6.600000e-01 6.764457e-01 1.786012e-05 1.104039e+00 -1.760176e-06
7.750000e+00 6.600000e-01 6.764458e-01 1.787369e-05 1.104039e+00 -2.284716e-06
7.800000e+00 6.600000e-01 6.764459e-01 1.783190e-05 1.104040e+00 -2.966841e-06
7.850000e+00 6.600000e-01 6.764461e-01 1.795881e-05 1.104040e+00 -3.847599e-06
7.900000e+00 6.600000e-01 6.764463e-01 1.759143e-05 1.104041e+00 -5.002221e-06
7.950000e+00 6.600000e-01 6.764466e-01 1.861808e-05 1.104043e+00 -6.467288e-06
8.000000e+00 6.600000e-01 6.764469e-01 1.587012e-05 1.104044e+00 -8.451588e-06
8.050000e+00 6.600000e-01 6.764474e-01 2.292343e-05 1.104047e+00 -1.081597e-05
8.100000e+00 6.600000e-01 6.764480e-01 5.622254e-06 1.104049e+00 -1.437318e-05
8.150000e+00 6.600000e-01 6.764489e-01 4.611438e-05 1.104054e+00 -1.788153e-05
8.200000e+00 6.600000e-01 6.764498e-01 -4.403210e-05 1.104056e+00 -2.476896e-05
8.250000e+00 6.600000e-01 6.764513e-01 1.463124e-04 1.104069e+00 -2.900870e-05
8.300000e+00 6.600000e-01 6.764527e-01 -2.334154e-04 1.104065e+00 -4.329598e-05
8.350000e+00 6.600000e-01 6.764557e-01 4.791569e-04 1.104098e+00 -4.643006e-05
8.400000e+00 6.600000e-01 6.764574e-01 -7.716858e-04 1.104073e+00 -7.527676e-05
8.450000e+00 6.600000e-01 6.764632e-01 1.268340e-03 1.104153e+00 -7.626059e-05
8.500000e+00 6.600000e-01 6.764650e-01 -1.796090e-03 1.104084e+00 -1.250992e-04
8.550000e+00 6.600000e-01 6.764757e-01 2.396619e-03 1.104240e+00 -1.348237e-04
8.600000e+00 6.600000e-01 6.764785e-01 -2.753198e-03 1.104123e+00 -1.954442e-04
8.650000e+00 6.600000e-01 6.764953e-01 2.824903e-03 1.104346e+00 -2.465345e-04
8.700000e+00 6.600000e-01 6.765031e-01 -2.413810e-03 1.104243e+00 -3.081811e-04
8.750000e+00 6.600000e-01 6.765261e-01 1.901449e-03 1.104478e+00 -4.190330e-04
8.800000e+00 6.600000e-01 6.765450e-01 -1.705589e-03 1.104452e+00 -5.344154e-04
8.850000e+00 6.600000e-01 6.765795e-01 2.565410e-03 1.104748e+00 -6.624324e-04
8.900000e+00 6.600000e-01 6.766113e-01 -4.359359e-03 1.104713e+00 -9.278894e-04
8.950000e+00 6.600000e-01 6.766723e-01 6.196671e-03 1.105262e+00 -1.121320e-03
9.000000e+00 6.600000e-01 6.767234e-01 -6.248029e-03 1.105200e+00 -1.475062e-03
9.050000e+00 6.600000e-01 6.768198e-01 3.951229e-03 1.105945e+00 -1.971096e-03
9.100000e+00 6.600000e-01 6.769205e-01 -1.095066e-03 1.106199e+00 -2.450900e-03
9.150000e+00 6.600000e-01 6.770649e-01 1.625855e-03 1.107087e+00 -3.171535e-03
9.200000e+00 6.600000e-01 6.772377e-01 -6.816785e-03 1.107622e+00 -4.262178e-03
9.250000e+00 6.600000e-01 6.774911e-01 1.202708e-02 1.109256e+00 -5.312510e-03
9.300000e+00 6.600000e-01 6.777689e-01 -9.570552e-03 1.110086e+00 -6.858239e-03
9.350000e+00 6.600000e-01 6.781769e-01 1.498202e-04 1.112409e+00 -9.132148e-03
9.400000e+00 6.600000e-01 6.786821e-01 3.543773e-03 1.114493e+00 -1.165977e-02
9.450000e+00 6.600000e-01 6.793429e-01 7.980588e-03 1.117990e+00 -1.482444e-02
9.500000e+00 6.600000e-01 6.801646e-01 -2.038755e-02 1.121246e+00 -1.963396e-02
9.550000e+00 6.600000e-01 6.813063e-01 1.059122e-02 1.127114e+00 -2.563205e-02
9.600000e+00 6.600000e-01 6.827278e-01 1.107636e-02 1.133191e+00 -3.277851e-02
9.650000e+00 6.600000e-01 6.845842e-01 -4.777280e-03 1.142066e+00 -4.279222e-02
9.700000e+00 6.600000e-01 6.870070e-01 -2.429875e-02 1.152173e+00 -5.679837e-02
9.750000e+00 6.600000e-01 6.902640e-01 1.870852e-02 1.166858e+00 -7.472655e-02
9.800000e+00 6.600000e-01 6.944797e-01 1.711098e-02 1.184519e+00 -9.820959e-02
9.850000e+00 6.600000e-01 7.000850e-01 -9.382067e-03 1.208619e+00 -1.312334e-01
9.900000e+00 6.600000e-01 7.076030e-01 -1.708144e-02 1.239493e+00 -1.770391e-01
9.950000e+00 6.600000e-01 7.177889e-01 1.542593e-03 1.283226e+00 -2.394100e-01
1.000000e+01 6.600000e-01 7.315440e-01 -3.237177e-03 0.000000e+00 0.000000e+00
0.000000e+00 6.800000e-01 7.580640e-01 2.160000e+00 0.000000e+00 0.000000e+00
5.000000e-02 6.800000e-01 7.581112e-01 2.204446e+00 1.308640e+00 -3.629243e-03
1.000000e-01 6.800000e-01 7.584269e-01 2.639246e+00 1.298738e+00 -1.385459e-03
1.500000e-01 6.800000e-01 7.582497e-01 2.064098e+00 1.288265e+00 9.094507e-03
2.000000e-01 6.800000e-01 7.575175e-01 1.147798e+00 1.309773e+00 5.969513e-03
2.500000e-01 6.800000e-01 7.576528e-01 2.163403e+00 1.330638e+00 -1.198686e-02
3.000000e-01 6.800000e-01 7.587162e-01 3.672065e+00 1.300446e+00 -1.010535e-02
3.500000e-01 6.800000e-01 7.586633e-01 2.447210e+00 1.264684e+00 1.545765e-02
4.000000e-01 6.800000e-01 7.571704e-01 1.523907e-01 1.296308e+00 1.852932e-02
4.500000e-01 6.800000e-01 7.568104e-01 1.201728e+00 1.347703e+00 -1.231616e-02
5.000000e-01 6.800000e-01 7.584020e-01 4.211108e+00 1.321408e+00 -2.280005e-02
5.500000e-01 6.800000e-01 7.590904e-01 3.852957e+00 1.252692e+00 1.163369e-02
6.000000e-01 6.800000e-01 7.572386e-01 2.517929e-01 1.258707e+00 3.494293e-02
6.500000e-01 6.800000e-01 7.555961e-01 -6.269874e-01 1.335193e+00 5.076113e-03
7.000000e-01 6.800000e-01 7.567310e-01 2.939234e+00 1.353061e+00 -2.863492e-02
7.500000e-01 6.800000e-01 7.584596e-01 5.239402e+00 1.278077e+00 -6.919447e-03
8.000000e-01 6.800000e-01 7.574230e-01 2.612743e+00 1.225457e+00 3.887019e-02
8.500000e-01 6.800000e-01 7.545726e-01 -9.946416e-01 1.274776e+00 3.714326e-02
9.000000e-01 6.800000e-01 7.537086e-01 -7.072886e-02 1.345392e+00 -7.857187e-03
9.500000e-01 6.800000e-01 7.553583e-01 3.819944e+00 1.328017e+00 -2.401038e-02
1.000000e+00 6.800000e-01 7.561097e-01 5.037865e+00 1.249991e+00 1.453627e-02
1.050000e+00 6.800000e-01 7.539047e-01 2.175496e+00 1.219438e+00 5.209344e-02
1.100000e+00 6.800000e-01 7.509003e-01 -6.366573e-01 1.268789e+00 3.789175e-02
1.150000e+00 6.800000e-01 7.501155e-01 2.429382e-01 1.319814e+00 -2.492860e-03
1.200000e+00 6.800000e-01 7.511496e-01 3.172096e+00 1.303856e+00 -1.036876e-02
1.250000e+00 6.800000e-01 7.511524e-01 4.363753e+00 1.246312e+00 2.376230e-02
1.300000e+00 6.800000e-01 7.487734e-01 2.777620e+00 1.215624e+00 5.563252e-02
1.350000e+00 6.800000e-01 7.455891e-01 6.355688e-01 1.235977e+00 5.003320e-02
1.400000e+00 6.800000e-01 7.437701e-01 3.040540e-01 1.269918e+00 2.140595e-02
1.450000e+00 6.800000e-01 7.434485e-01 1.660341e+00 1.274150e+00 8.062172e-03
1.500000e+00 6.800000e-01 7.429639e-01 2.930882e+00 1.245900e+00 2.476695e-02
1.550000e+00 6.800000e-01 7.409718e-01 2.943993e+00 1.212928e+00 5.262646e-02
1.600000e+00 6.800000e-01 7.377012e-01 1.977092e+00 1.198536e+00 6.587331e-02
1.650000e+00 6.800000e-01 7.343845e-01 1.046735e+00 1.202916e+00 5.793018e-02
1.700000e+00 6.800000e-01 7.319082e-01 8.130433e-01 1.210778e+00 4.240547e-02
1.750000e+00 6.800000e-01 7.301439e-01 1.171343e+00 1.208903e+00 3.588126e-02
1.800000e+00 6.800000e-01 7.283201e-01 1.632731e+00 1.194879e+00 4.386187e-02
1.850000e+00 6.800000e-01 7.257578e-01 1.827103e+00 1.174137e+00 6.027955e-02
1.900000e+00 6.800000e-01 7.222921e-01 1.681139e+00 1.153341e+00 7.525221e-02
1.950000e+00 6.800000e-01 7.182325e-01 1.321523e+00 1.136491e+00 8.208184e-02
2.000000e+00 6.800000e-01 7.140839e-01 9.144195e-01 1.124554e+00 7.944855e-02
2.050000e+00 6.800000e-01 7.102877e-01 5.696211e-01 1.116759e+00 6.983613e-02
2.100000e+00 6.800000e-01 7.071003e-01 3.250086e-01 1.111871e+00 5.692119e-02
2.150000e+00 6.800000e-01 7.045956e-01 1.721321e-01 1.108840e+00 4.376324e-02
2.200000e+00 6.800000e-01 7.027240e-01 8.549328e-02 1.106955e+00 3.217708e-02
2.250000e+00 6.800000e-01 7.013778e-01 4.013348e-02 1.105778e+00 2.287136e-02
2.300000e+00 6.800000e-01 7.004369e-01 1.791708e-02 1.105047e+00 1.584941e-02
2.350000e+00 6.800000e-01 6.997929e-01 7.649349e-03 1.104600e+00 1.077759e-02
2.400000e+00 6.800000e-01 6.993591e-01 3.144825e-03 1.104333e+00 7.226515e-03
2.450000e+00 6.800000e-01 6.990703e-01 1.261683e-03 1.104180e+00 4.794888e-03
2.500000e+00 6.800000e-01 6.988796e-01 5.099286e-04 1.104095e+00 3.156180e-03
2.550000e+00 6.800000e-01 6.987546e-01 2.233922e-04 1.104051e+00 2.064517e-03
2.600000e+00 6.800000e-01 6.986732e-01 1.195024e-04 1.104030e+00 1.343450e-03
2.650000e+00 6.800000e-01 6.986203e-01 8.408179e-05 1.104022e+00 8.702535e-04
2.700000e+00 6.800000e-01 6.985861e-01 7.308202e-05 1.104020e+00 5.613307e-04
2.750000e+00 6.800000e-01 6.985642e-01 7.027630e-05 1.104021e+00 3.605430e-04
2.800000e+00 6.800000e-01 6.985501e-01 6.997592e-05 1.104024e+00 2.305618e-04
2.850000e+00 6.800000e-01 6.985411e-01 7.030413e-05 1.104026e+00 1.467427e-04
2.900000e+00 6.800000e-01 6.985354e-01 7.069679e-05 1.104028e+00 9.290291e-05
2.950000e+00 6.800000e-01 6.985318e-01 7.101513e-05 1.104030e+00 5.846231e-05
3.000000e+00 6.800000e-01 6.985296e-01 7.124590e-05 1.104032e+00 3.652972e-05
3.050000e+00 6.800000e-01 6.985282e-01 7.140607e-05 1.104033e+00 2.263214e-05
3.100000e+00 6.800000e-01 6.985273e-01 7.151516e-05 1.104034e+00 1.387597e-05
3.150000e+00 6.800000e-01 6.985268e-01 7.158882e-05 1.104035e+00 8.395627e-06
3.200000e+00 6.800000e-01 6.985265e-01 7.163831e-05 1.104035e+00 4.992583e-06
3.250000e+00 6.800000e-01 6.985263e-01 7.167147e-05 1.104036e+00 2.899743e-06
3.300000e+00 6.800000e-01 6.985262e-01 7.169362e-05 1.104036e+00 1.628158e-06
3.350000e+00 6.800000e-01 6.985261e-01 7.170840e-05 1.104036e+00 8.675801e-07
3.400000e+00 6.800000e-01 6.985261e-01 7.171821e-05 1.104036e+00 4.221582e-07
3.450000e+00 6.800000e-01 6.985261e-01 7.172472e-05 1.104036e+00 1.689763e-07
3.500000e+00 6.800000e-01 6.985261e-01 7.172901e-05 1.104036e+00 3.141848e-08
3.550000e+00 6.800000e-01 6.985261e-01 7.173183e-05 1.104036e+00 -3.788381e-08
3.600000e+00 6.800000e-01 6.985261e-01 7.173367e-05 1.104036e+00 -6.792628e-08
3.650000e+00 6.800000e-01 6.985261e-01 7.173485e-05 1.104036e+00 -7.623651e-08
3.700000e+00 6.800000e-01 6.985261e-01 7.173561e-05 1.104036e+00 -7.323753e-08
3.750000e+00 6.800000e-01 6.985261e-01 7.173609e-05 1.104036e+00 -6.499065e-08
3.800000e+00 6.800000e-01 6.985261e-01 7.173639e-05 1.104036e+00 -5.490915e-08
3.850000e+00 6.800000e-01 6.985261e-01 7.173657e-05 1.104036e+00 -4.482157e-08
3.900000e+00 6.800000e-01 6.985261e-01 7.173667e-05 1.104036e+00 -3.562586e-08
3.950000e+00 6.800000e-01 6.985261e-01 7.173673e-05 1.104036e+00 -2.768794e-08
4.000000e+00 6.800000e-01 6.985261e-01 7.173676e-05 1.104036e+00 -2.108142e-08
4.050000e+00 6.800000e-01 6.985261e-01 7.173677e-05 1.104036e+00 -1.572962e-08
4.100000e+00 6.800000e-01 6.985261e-01 7.173677e-05 1.104036e+00 -1.148766e-08
4.150000e+00 6.800000e-01 6.985261e-01 7.173676e-05 1.104036e+00 -8.188656e-09
4.200000e+00 6.800000e-01 6.985261e-01 7.173675e-05 1.104036e+00 -5.668301e-09
4.250000e+00 6.800000e-01 6.985261e-01 7.173674e-05 1.104036e+00 -3.776953e-09
4.300000e+00 6.800000e-01 6.985261e-01 7.173674e-05 1.104036e+00 -2.384470e-09
4.350000e+00 6.800000e-01 6.985261e-01 7.173673e-05 1.104036e+00 -1.381167e-09
4.400000e+00 6.800000e-01 6.985261e-01 7.173672e-05 1.104036e+00 -6.767154e-10
4.450000e+00 6.800000e-01 6.985261e-01 7.173672e-05 1.104036e+00 -1.980560e-10
4.500000e+00 6.800000e-01 6.985261e-01 7.173671e-05 1.104036e+00 1.129452e-10
4.550000e+00 6.800000e-01 6.985261e-01 7.173671e-05 1.104036e+00 3.018785e-10
4.600000e+00 6.800000e-01 6.985261e-01 7.173671e-05 1.104036e+00 4.039946e-10
4.650000e+00 6.800000e-01 6.985261e-01 7.173671e-05 1.104036e+00 4.461187e-10
4.700000e+00 6.800000e-01 6.985261e-01 7.173670e-05 1.104036e+00 4.483514e-10
4.750000e+00 6.800000e-01 6.985261e-01 7.173670e-05 1.104036e+00 4.254785e-10
4.800000e+00 6.800000e-01 6.985261e-01 7.173670e-05 1.104036e+00 3.881251e-10
4.850000e+00 6.800000e-01 6.985261e-01 7.173670e-05 1.104036e+00 3.437284e-10
4.900000e+00 6.800000e-01 6.985261e-01 7.173670e-05 1.104036e+00 2.973233e-10
4.950000e+00 6.800000e-01 6.985261e-01 7.173670e-05 1.104036e+00 2.521583e-10
5.000000e+00 6.800000e-01 6.985261e-01 7.173670e-05 1.104036e+00 2.101497e-10
5.050000e+00 6.800000e-01 6.985261e-01 7.173670e-05 1.104036e+00 1.722911e-10
5.100000e+00 6.800000e-01 6.985261e-01 7.173670e-05 1.104036e+00 1.389433e-10
5.150000e+00 6.800000e-01 6.985261e-01 7.173670e-05 1.104036e+00 1.100142e-10
5.200000e+00 6.800000e-01 6.985261e-01 7.173670e-05 1.104036e+00 8.515633e-11
5.250000e+00 6.800000e-01 6.985261e-01 7.173670e-05 1.104036e+00 6.386558e-11
5.300000e+00 6.800000e-01 6.985261e-01 7.173670e-05 1.104036e+00 4.553247e-11
5.350000e+00 6.800000e-01 6.985261e-01 7.173670e-05 1.104036e+00 2.952194e-11
5.400000e+00 6.800000e-01 6.985261e-01 7.173670e-05 1.104036e+00 1.519784e-11
5.450000e+00 6.800000e-01 6.985261e-01 7.173670e-05 1.104036e+00 1.918465e-12
5.500000e+00 6.800000e-01 6.985261e-01 7.173670e-05 1.104036e+00 -1.097233e-11
5.550000e+00 6.800000e-01 6.985261e-01 7.173670e-05 1.104036e+00 -2.413625e-11
5.600000e+00 6.800000e-01 6.985261e-01 7.173670e-05 1.104036e+00 -3.827605e-11
5.650000e+00 6.800000e-01 6.985261e-01 7.173670e-05 1.104036e+00 -5.415890e-11
5.700000e+00 6.800000e-01 6.985261e-01 7.173670e-05 1.104036e+00 -7.266632e-11
5.750000e+00 6.800000e-01 6.985261e-01 7.173670e-05 1.104036e+00 -9.484635e-11
5.800000e+00 6.800000e-01 6.985261e-01 7.173670e-05 1.104036e+00 -1.219613e-10
5.850000e+00 6.800000e-01 6.985261e-01 7.173670e-05 1.104036e+00 -1.555922e-10
5.900000e+00 6.800000e-01 6.985261e-01 7.173670e-05 1.104036e+00 -1.977385e-10
5.950000e+00 6.800000e-01 6.985261e-01 7.173670e-05 1.104036e+00 -2.509370e-10
6.000000e+00 6.800000e-01 6.985261e-01 7.173670e-05 1.104036e+00 -3.184519e-10
6.050000e+00 6.800000e-01 6.985261e-01 7.173670e-05 1.104036e+00 -4.045042e-10
6.100000e+00 6.800000e-01 6.985261e-01 7.173670e-05 1.104036e+00 -5.145218e-10
6.150000e+00 6.800000e-01 6.985261e-01 7.173670e-05 1.104036e+00 -6.555301e-10
6.200000e+00 6.800000e-01 6.985261e-01 7.173670e-05 1.104036e+00 -8.366596e-10
6.250000e+00 6.800000e-01 6.985261e-01 7.173670e-05 1.104036e+00 -1.069735e-09
6.300000e+00 6.800000e-01 6.985261e-01 7.173670e-05 1.104036e+00 -1.370102e-09
6.350000e+00 6.800000e-01 6.985261e-01 7.173670e-05 1.104036e+00 -1.757697e-09
6.400000e+00 6.800000e-01 6.985261e-01 7.173670e-05 1.104036e+00 -2.258410e-09
6.450000e+00 6.800000e-01 6.985261e-01 7.173670e-05 1.104036e+00 -2.905862e-09
6.500000e+00 6.800000e-01 6.985261e-01 7.173670e-05 1.104036e+00 -3.743740e-09
6.550000e+00 6.800000e-01 6.985261e-01 7.173670e-05 1.104036e+00 -4.828821e-09
6.600000e+00 6.800000e-01 6.985261e-01 7.173670e-05 1.104036e+00 -6.234880e-09
6.650000e+00 6.800000e-01 6.985261e-01 7.173671e-05 1.104036e+00 -8.057807e-09
6.700000e+00 6.800000e-01 6.985261e-01 7.173671e-05 1.104036e+00 -1.042222e-08
6.750000e+00 6.800000e-01 6.985261e-01 7.173671e-05 1.104036e+00 -1.349009e-08
6.800000e+00 6.800000e-01 6.985261e-01 7.173672e-05 1.104036e+00 -1.747194e-08
6.850000e+00 6.800000e-01 6.985261e-01 7.173672e-05 1.104036e+00 -2.264137e-08
6.900000e+00 6.800000e-01 6.985261e-01 7.173673e-05 1.104036e+00 -2.935394e-08
6.950000e+00 6.800000e-01 6.985261e-01 7.173674e-05 1.104036e+00 -3.807171e-08
7.000000e+00 6.800000e-01 6.985261e-01 7.173675e-05 1.104036e+00 -4.939511e-08
7.050000e+00 6.800000e-01 6.985261e-01 7.173676e-05 1.104036e+00 -6.410424e-08
7.100000e+00 6.800000e-01 6.985261e-01 7.173678e-05 1.104036e+00 -8.321257e-08
7.150000e+00 6.800000e-01 6.985261e-01 7.173681e-05 1.104036e+00 -1.080366e-07
7.200000e+00 6.800000e-01 6.985261e-01 7.173684e-05 1.104036e+00 -1.402864e-07
7.250000e+00 6.800000e-01 6.985261e-01 7.173689e-05 1.104036e+00 -1.821827e-07
7.300000e+00 6.800000e-01 6.985261e-01 7.173694e-05 1.104036e+00 -2.366090e-07
7.350000e+00 6.800000e-01 6.985261e-01 7.173702e-05 1.104037e+00 -3.073092e-07
7.400000e+00 6.800000e-01 6.985262e-01 7.173711e-05 1.104037e+00 -3.991436e-07
7.450000e+00 6.800000e-01 6.985262e-01 7.173725e-05 1.104037e+00 -5.184194e-07
7.500000e+00 6.800000e-01 6.985262e-01 7.173735e-05 1.104037e+00 -6.733256e-07
7.550000e+00 6.800000e-01 6.985263e-01 7.173782e-05 1.104037e+00 -8.744739e-07
7.600000e+00 6.800000e-01 6.985263e-01 7.173718e-05 1.104037e+00 -1.135678e-06
7.650000e+00 6.800000e-01 6.985264e-01 7.174067e-05 1.104037e+00 -1.474696e-06
7.700000e+00 6.800000e-01 6.985265e-01 7.173078e-05 1.104038e+00 -1.915088e-06
7.750000e+00 6.800000e-01 6.985266e-01 7.176454e-05 1.104038e+00 -2.485707e-06
7.800000e+00 6.800000e-01 6.985267e-01 7.166301e-05 1.104039e+00 -3.229171e-06
7.850000e+00 6.800000e-01 6.985269e-01 7.196844e-05 1.104039e+00 -4.185318e-06
7.900000e+00 6.800000e-01 6.985271e-01 7.109830e-05 1.104040e+00 -5.449572e-06
7.950000e+00 6.800000e-01 6.985274e-01 7.349818e-05 1.104041e+00 -7.025945e-06
8.000000e+00 6.800000e-01 6.985278e-01 6.716763e-05 1.104043e+00 -9.233084e-06
8.050000e+00 6.800000e-01 6.985284e-01 8.319114e-05 1.104045e+00 -1.169752e-05
8.100000e+00 6.800000e-01 6.985290e-01 4.444787e-05 1.104047e+00 -1.581926e-05
8.150000e+00 6.800000e-01 6.985299e-01 1.338432e-04 1.104052e+00 -1.911100e-05
8.200000e+00 6.800000e-01 6.985309e-01 -6.234099e-05 1.104052e+00 -2.767754e-05
8.250000e+00 6.800000e-01 6.985327e-01 3.460403e-04 1.104067e+00 -3.028064e-05
8.300000e+00 6.800000e-01 6.985339e-01 -4.571667e-04 1.104055e+00 -4.939886e-05
8.350000e+00 6.800000e-01 6.985376e-01 1.029125e-03 1.104100e+00 -4.700533e-05
8.400000e+00 6.800000e-01 6.985386e-01 -1.544454e-03 1.104051e+00 -8.710534e-05
8.450000e+00 6.800000e-01 6.985464e-01 2.598398e-03 1.104165e+00 -7.652512e-05
8.500000e+00 6.800000e-01 6.985463e-01 -3.550636e-03 1.104040e+00 -1.434223e-04
8.550000e+00 6.800000e-01 6.985607e-01 4.778478e-03 1.104262e+00 -1.406578e-04
8.600000e+00 6.800000e-01 6.985604e-01 -5.387314e-03 1.104058e+00 -2.162848e-04
8.650000e+00 6.800000e-01 6.985823e-01 5.634676e-03 1.104365e+00 -2.691914e-04
8.700000e+00 6.800000e-01 6.985873e-01 -4.883521e-03 1.104165e+00 -3.323273e-04
8.750000e+00 6.800000e-01 6.986156e-01 4.173284e-03 1.104474e+00 -4.587940e-04
8.800000e+00 6.800000e-01 6.986331e-01 -3.919217e-03 1.104351e+00 -5.867242e-04
8.850000e+00 6.800000e-01 6.986742e-01 5.671338e-03 1.104729e+00 -7.082839e-04
8.900000e+00 6.800000e-01 6.987040e-01 -8.778120e-03 1.104543e+00 -1.029126e-03
8.950000e+00 6.800000e-01 6.987771e-01 1.200759e-02 1.105227e+00 -1.210750e-03
9.000000e+00 6.800000e-01 6.988251e-01 -1.207554e-02 1.104949e+00 -1.603251e-03
9.050000e+00 6.800000e-01 6.989375e-01 8.666304e-03 1.105822e+00 -2.162326e-03
9.100000e+00 6.800000e-01 6.990413e-01 -4.481765e-03 1.105852e+00 -2.666824e-03
9.150000e+00 6.800000e-01 6.992041e-01 5.903268e-03 1.106841e+00 -3.434937e-03
9.200000e+00 6.800000e-01 6.993848e-01 -1.396964e-02 1.107052e+00 -4.678343e-03
9.250000e+00 6.800000e-01 6.996720e-01 2.173763e-02 1.108820e+00 -5.775666e-03
9.300000e+00 6.800000e-01 6.999623e-01 -1.805742e-02 1.109211e+00 -7.450234e-03
9.350000e+00 6.800000e-01 7.004170e-01 5.466264e-03 1.111580e+00 -9.963773e-03
9.400000e+00 6.800000e-01 7.009587e-01 -1.399090e-03 1.113082e+00 -1.271793e-02
9.450000e+00 6.800000e-01 7.016888e-01 1.741091e-02 1.116560e+00 -1.609051e-02
9.500000e+00 6.800000e-01 7.025678e-01 -3.247096e-02 1.118968e+00 -2.134669e-02
9.550000e+00 6.800000e-01 7.038235e-01 1.951964e-02 1.124521e+00 -2.787263e-02
9.600000e+00 6.800000e-01 7.053550e-01 5.366086e-03 1.129351e+00 -3.558386e-02
9.650000e+00 6.800000e-01 7.073819e-01 4.468487e-03 1.137567e+00 -4.632807e-02
9.700000e+00 6.800000e-01 7.099878e-01 -3.491562e-02 1.145652e+00 -6.138090e-02
9.750000e+00 6.800000e-01 7.135199e-01 2.419138e-02 1.158494e+00 -8.068395e-02
9.800000e+00 6.800000e-01 7.180562e-01 1.236132e-02 1.172679e+00 -1.058706e-01
9.850000e+00 6.800000e-01 7.241070e-01 4.919848e-04 1.193044e+00 -1.412614e-01
9.900000e+00 6.800000e-01 7.321824e-01 -2.023413e-02 1.217519e+00 -1.906020e-01
9.950000e+00 6.800000e-01 7.431672e-01 3.102098e-03 1.253222e+00 -2.588162e-01
1.000000e+01 6.800000e-01 7.580640e-01 -2.746999e-03 0.000000e+00 0.000000e+00
0.000000e+00 7.000000e-01 7.837200e-01 2.400000e+00 0.000000e+00 0.000000e+00
5.000000e-02 7.000000e-01 7.838095e-01 2.538981e+00 1.259325e+00 -2.017032e-03
1.000000e-01 7.000000e-01 7.839217e-01 2.536697e+00 1.251573e+00 1.241905e-03
1.500000e-01 7.000000e-01 7.836854e-01 1.972485e+00 1.252688e+00 5.208297e-03
2.000000e-01 7.000000e-01 7.834009e-01 2.054353e+00 1.269699e+00 -5.635067e-05
2.500000e-01 7.000000e-01 7.836910e-01 3.070552e+00 1.269777e+00 -6.861142e-03
3.000000e-01 7.000000e-01 7.840870e-01 3.040839e+00 1.243634e+00 1.183318e-04
3.500000e-01 7.000000e-01 7.836792e-01 1.554530e+00 1.238333e+00 1.098548e-02
4.000000e-01 7.000000e-01 7.829884e-01 1.273758e+00 1.271736e+00 4.298403e-03
4.500000e-01 7.000000e-01 7.832493e-01 3.119244e+00 1.285545e+00 -1.021335e-02
5.000000e-01 7.000000e-01 7.840098e-01 3.937299e+00 1.247493e+00 -4.475163e-03
5.500000e-01 7.000000e-01 7.836968e-01 1.964800e+00 1.219035e+00 1.562888e-02
6.000000e-01 7.000000e-01 7.824469e-01 2.808014e-01 1.253097e+00 1.593327e-02
6.500000e-01 7.000000e-01 7.821035e-01 1.908858e+00 1.295643e+00 -5.634056e-03
7.000000e-01 7.000000e-01 7.830103e-01 4.377227e+00 1.271512e+00 -1.127484e-02
7.500000e-01 7.000000e-01 7.832310e-01 3.663282e+00 1.214177e+00 1.287650e-02
8.000000e-01 7.000000e-01 7.817226e-01 6.819254e-01 1.212583e+00 3.081160e-02
8.500000e-01 7.000000e-01 7.801498e-01 -6.513721e-02 1.269141e+00 1.439703e-02
9.000000e-01 7.000000e-01 7.802829e-01 2.595774e+00 1.293896e+00 -9.608090e-03
9.500000e-01 7.000000e-01 7.811106e-01 4.724839e+00 1.246458e+00 -1.228476e-03
1.000000e+00 7.000000e-01 7.804058e-01 3.390097e+00 1.193206e+00 3.041221e-02
1.050000e+00 7.000000e-01 7.780694e-01 5.259942e-01 1.204567e+00 4.154233e-02
1.100000e+00 7.000000e-01 7.762516e-01 -1.945308e-02 1.257549e+00 1.864756e-02
1.150000e+00 7.000000e-01 7.762047e-01 2.246036e+00 1.274946e+00 -3.292497e-03
1.200000e+00 7.000000e-01 7.765808e-01 4.238950e+00 1.234214e+00 7.800570e-03
1.250000e+00 7.000000e-01 7.754246e-01 3.711283e+00 1.186602e+00 3.887231e-02
1.300000e+00 7.000000e-01 7.726936e-01 1.591768e+00 1.183339e+00 5.302055e-02
1.350000e+00 7.000000e-01 7.701225e-01 3.829537e-01 1.217131e+00 3.744410e-02
1.400000e+00 7.000000e-01 7.689492e-01 1.147117e+00 1.241229e+00 1.576130e-02
1.450000e+00 7.000000e-01 7.685464e-01 2.688591e+00 1.228508e+00 1.556646e-02
1.500000e+00 7.000000e-01 7.673925e-01 3.380081e+00 1.193770e+00 3.772597e-02
1.550000e+00 7.000000e-01 7.647738e-01 2.784589e+00 1.167823e+00 6.066302e-02
1.600000e+00 7.000000e-01 7.613262e-01 1.658220e+00 1.165454e+00 6.584831e-02
1.650000e+00 7.000000e-01 7.581890e-01 9.689893e-01 1.177589e+00 5.430311e-02
1.700000e+00 7.000000e-01 7.558959e-01 1.045112e+00 1.186172e+00 4.117959e-02
1.750000e+00 7.000000e-01 7.540710e-01 1.543449e+00 1.181051e+00 3.960356e-02
1.800000e+00 7.000000e-01 7.519355e-01 1.961157e+00 1.164071e+00 5.123287e-02
1.850000e+00 7.000000e-01 7.489477e-01 2.030626e+00 1.142994e+00 6.852777e-02
1.900000e+00 7.000000e-01 7.450828e-01 1.769484e+00 1.124635e+00 8.225171e-02
1.950000e+00 7.000000e-01 7.407226e-01 1.339941e+00 1.111993e+00 8.702574e-02
2.000000e+00 7.000000e-01 7.363802e-01 9.036966e-01 1.104877e+00 8.250061e-02
2.050000e+00 7.000000e-01 7.324725e-01 5.531974e-01 1.101677e+00 7.153999e-02
2.100000e+00 7.000000e-01 7.292262e-01 3.119704e-01 1.100718e+00 5.780485e-02
2.150000e+00 7.000000e-01 7.266920e-01 1.639812e-01 1.100817e+00 4.419667e-02
2.200000e+00 7.000000e-01 7.248065e-01 8.107531e-02 1.101305e+00 3.237771e-02
2.250000e+00 7.000000e-01 7.234543e-01 3.798265e-02 1.101866e+00 2.295469e-02
2.300000e+00 7.000000e-01 7.225111e-01 1.697598e-02 1.102374e+00 1.587423e-02
2.350000e+00 7.000000e-01 7.218668e-01 7.303157e-03 1.102792e+00 1.077404e-02
2.400000e+00 7.000000e-01 7.214337e-01 3.077705e-03 1.103122e+00 7.210464e-03
2.450000e+00 7.000000e-01 7.211458e-01 1.323717e-03 1.103373e+00 4.774825e-03
2.500000e+00 7.000000e-01 7.209562e-01 6.331848e-04 1.103561e+00 3.136491e-03
2.550000e+00 7.000000e-01 7.208321e-01 3.774869e-04 1.103699e+00 2.047223e-03
2.600000e+00 7.000000e-01 7.207515e-01 2.904873e-04 1.103798e+00 1.329223e-03
2.650000e+00 7.000000e-01 7.206992e-01 2.651104e-04 1.103870e+00 8.590504e-04
2.700000e+00 7.000000e-01 7.206655e-01 2.604638e-04 1.103920e+00 5.527795e-04
2.750000e+00 7.000000e-01 7.206439e-01 2.618297e-04 1.103955e+00 3.541651e-04
2.800000e+00 7.000000e-01 7.206301e-01 2.643202e-04 1.103980e+00 2.258882e-04
2.850000e+00 7.000000e-01 7.206214e-01 2.665299e-04 1.103997e+00 1.433654e-04
2.900000e+00 7.000000e-01 7.206158e-01 2.681935e-04 1.104009e+00 9.048970e-05
2.950000e+00 7.000000e-01 7.206123e-01 2.693699e-04 1.104017e+00 5.675437e-05
3.000000e+00 7.000000e-01 7.206101e-01 2.701791e-04 1.104022e+00 3.533107e-05
3.050000e+00 7.000000e-01 7.206088e-01 2.707285e-04 1.104026e+00 2.179748e-05
3.100000e+00 7.000000e-01 7.206079e-01 2.710990e-04 1.104028e+00 1.329923e-05
3.150000e+00 7.000000e-01 7.206074e-01 2.713480e-04 1.104030e+00 8.000285e-06
3.200000e+00 7.000000e-01 7.206071e-01 2.715148e-04 1.104031e+00 4.723931e-06
3.250000e+00 7.000000e-01 7.206070e-01 2.716263e-04 1.104032e+00 2.718982e-06
3.300000e+00 7.000000e-01 7.206069e-01 2.717008e-04 1.104032e+00 1.507952e-06
3.350000e+00 7.000000e-01 7.206068e-01 2.717503e-04 1.104033e+00 7.887854e-07
3.400000e+00 7.000000e-01 7.206068e-01 2.717832e-04 1.104033e+00 3.714461e-07
3.450000e+00 7.000000e-01 7.206068e-01 2.718049e-04 1.104033e+00 1.371212e-07
3.500000e+00 7.000000e-01 7.206068e-01 2.718192e-04 1.104033e+00 1.207509e-08
3.550000e+00 7.000000e-01 7.206068e-01 2.718286e-04 1.104033e+00 -4.904950e-08
3.600000e+00 7.000000e-01 7.206068e-01 2.718347e-04 1.104033e+00 -7.385042e-08
3.650000e+00 7.000000e-01 7.206068e-01 2.718386e-04 1.104033e+00 -7.888892e-08
3.700000e+00 7.000000e-01 7.206068e-01 2.718412e-04 1.104033e+00 -7.392379e-08
3.750000e+00 7.000000e-01 7.206068e-01 2.718428e-04 1.104033e+00 -6.456272e-08
3.800000e+00 7.000000e-01 7.206068e-01 2.718437e-04 1.104033e+00 -5.391168e-08
3.850000e+00 7.000000e-01 7.206068e-01 2.718443e-04 1.104033e+00 -4.359293e-08
3.900000e+00 7.000000e-01 7.206068e-01 2.718447e-04 1.104033e+00 -3.436767e-08
3.950000e+00 7.000000e-01 7.206068e-01 2.718448e-04 1.104033e+00 -2.651257e-08
4.000000e+00 7.000000e-01 7.206068e-01 2.718449e-04 1.104033e+00 -2.004423e-08
4.050000e+00 7.000000e-01 7.206068e-01 2.718449e-04 1.104033e+00 -1.485062e-08
4.100000e+00 7.000000e-01 7.206068e-01 2.718449e-04 1.104033e+00 -1.076591e-08
4.150000e+00 7.000000e-01 7.206068e-01 2.718449e-04 1.104033e+00 -7.611692e-09
4.200000e+00 7.000000e-01 7.206068e-01 2.718449e-04 1.104033e+00 -5.218170e-09
4.250000e+00 7.000000e-01 7.206068e-01 2.718449e-04 1.104033e+00 -3.433935e-09
4.300000e+00 7.000000e-01 7.206068e-01 2.718448e-04 1.104033e+00 -2.129309e-09
4.350000e+00 7.000000e-01 7.206068e-01 2.718448e-04 1.104033e+00 -1.196273e-09
4.400000e+00 7.000000e-01 7.206068e-01 2.718448e-04 1.104033e+00 -5.467227e-10
4.450000e+00 7.000000e-01 7.206068e-01 2.718448e-04 1.104033e+00 -1.100009e-10
4.500000e+00 7.000000e-01 7.206068e-01 2.718448e-04 1.104033e+00 1.697031e-10
4.550000e+00 7.000000e-01 7.206068e-01 2.718448e-04 1.104033e+00 3.358647e-10
4.600000e+00 7.000000e-01 7.206068e-01 2.718448e-04 1.104033e+00 4.218859e-10
4.650000e+00 7.000000e-01 7.206068e-01 2.718447e-04 1.104033e+00 4.530409e-10
4.700000e+00 7.000000e-01 7.206068e-01 2.718447e-04 1.104033e+00 4.481415e-10
4.750000e+00 7.000000e-01 7.206068e-01 2.718447e-04 1.104033e+00 4.209344e-10
4.800000e+00 7.000000e-01 7.206068e-01 2.718447e-04 1.104033e+00 3.812362e-10
4.850000e+00 7.000000e-01 7.206068e-01 2.718447e-04 1.104033e+00 3.358647e-10
4.900000e+00 7.000000e-01 7.206068e-01 2.718447e-04 1.104033e+00 2.893774e-10
4.950000e+00 7.000000e-01 7.206068e-01 2.718447e-04 1.104033e+00 2.446754e-10
5.000000e+00 7.000000e-01 7.206068e-01 2.718447e-04 1.104033e+00 2.034362e-10
5.050000e+00 7.000000e-01 7.206068e-01 2.718447e-04 1.104033e+00 1.664779e-10
5.100000e+00 7.000000e-01 7.206068e-01 2.718447e-04 1.104033e+00 1.340439e-10
5.150000e+00 7.000000e-01 7.206068e-01 2.718447e-04 1.104033e+00 1.059786e-10
5.200000e+00 7.000000e-01 7.206068e-01 2.718447e-04 1.104033e+00 8.188894e-11
5.250000e+00 7.000000e-01 7.206068e-01 2.718447e-04 1.104033e+00 6.124545e-11
5.300000e+00 7.000000e-01 7.206068e-01 2.718447e-04 1.104033e+00 4.343637e-11
5.350000e+00 7.000000e-01 7.206068e-01 2.718447e-04 1.104033e+00 2.783107e-11
5.400000e+00 7.000000e-01 7.206068e-01 2.718447e-04 1.104033e+00 1.379008e-11
5.450000e+00 7.000000e-01 7.206068e-01 2.718447e-04 1.104033e+00 6.683543e-13
5.500000e+00 7.000000e-01 7.206068e-01 2.718447e-04 1.104033e+00 -1.218248e-11
5.550000e+00 7.000000e-01 7.206068e-01 2.718447e-04 1.104033e+00 -2.542744e-11
5.600000e+00 7.000000e-01 7.206068e-01 2.718447e-04 1.104033e+00 -3.978262e-11
5.650000e+00 7.000000e-01 7.206068e-01 2.718447e-04 1.104033e+00 -5.604406e-11
5.700000e+00 7.000000e-01 7.206068e-01 2.718447e-04 1.104033e+00 -7.511547e-11
5.750000e+00 7.000000e-01 7.206068e-01 2.718447e-04 1.104033e+00 -9.809265e-11
5.800000e+00 7.000000e-01 7.206068e-01 2.718447e-04 1.104033e+00 -1.263067e-10
5.850000e+00 7.000000e-01 7.206068e-01 2.718447e-04 1.104033e+00 -1.614187e-10
5.900000e+00 7.000000e-01 7.206068e-01 2.718447e-04 1.104033e+00 -2.055478e-10
5.950000e+00 7.000000e-01 7.206068e-01 2.718447e-04 1.104033e+00 -2.613887e-10
6.000000e+00 7.000000e-01 7.206068e-01 2.718447e-04 1.104033e+00 -3.324097e-10
6.050000e+00 7.000000e-01 7.206068e-01 2.718447e-04 1.104033e+00 -4.230971e-10
6.100000e+00 7.000000e-01 7.206068e-01 2.718447e-04 1.104033e+00 -5.392276e-10
6.150000e+00 7.000000e-01 7.206068e-01 2.718447e-04 1.104033e+00 -6.882916e-10
6.200000e+00 7.000000e-01 7.206068e-01 2.718447e-04 1.104033e+00 -8.800183e-10
6.250000e+00 7.000000e-01 7.206068e-01 2.718447e-04 1.104033e+00 -1.127016e-09
6.300000e+00 7.000000e-01 7.206068e-01 2.718447e-04 1.104033e+00 -1.445659e-09
6.350000e+00 7.000000e-01 7.206068e-01 2.718447e-04 1.104033e+00 -1.857221e-09
6.400000e+00 7.000000e-01 7.206068e-01 2.718447e-04 1.104033e+00 -2.389342e-09
6.450000e+00 7.000000e-01 7.206068e-01 2.718447e-04 1.104033e+00 -3.077920e-09
6.500000e+00 7.000000e-01 7.206068e-01 2.718447e-04 1.104033e+00 -3.969619e-09
6.550000e+00 7.000000e-01 7.206068e-01 2.718447e-04 1.104033e+00 -5.125097e-09
6.600000e+00 7.000000e-01 7.206068e-01 2.718447e-04 1.104033e+00 -6.623186e-09
6.650000e+00 7.000000e-01 7.206068e-01 2.718447e-04 1.104033e+00 -8.566362e-09
6.700000e+00 7.000000e-01 7.206068e-01 2.718448e-04 1.104033e+00 -1.108783e-08
6.750000e+00 7.000000e-01 7.206068e-01 2.718448e-04 1.104033e+00 -1.436075e-08
6.800000e+00 7.000000e-01 7.206068e-01 2.718448e-04 1.104033e+00 -1.861023e-08
6.850000e+00 7.000000e-01 7.206068e-01 2.718448e-04 1.104033e+00 -2.412882e-08
6.900000e+00 7.000000e-01 7.206068e-01 2.718448e-04 1.104033e+00 -3.129680e-08
6.950000e+00 7.000000e-01 7.206068e-01 2.718449e-04 1.104033e+00 -4.060840e-08
7.000000e+00 7.000000e-01 7.206068e-01 2.718449e-04 1.104033e+00 -5.270587e-08
7.050000e+00 7.000000e-01 7.206068e-01 2.718450e-04 1.104033e+00 -6.842378e-08
7.100000e+00 7.000000e-01 7.206068e-01 2.718450e-04 1.104033e+00 -8.884643e-08
7.150000e+00 7.000000e-01 7.206068e-01 2.718451e-04 1.104033e+00 -1.153825e-07
7.200000e+00 7.000000e-01 7.206068e-01 2.718453e-04 1.104033e+00 -1.498618e-07
7.250000e+00 7.000000e-01 7.206068e-01 2.718454e-04 1.104033e+00 -1.946608e-07
7.300000e+00 7.000000e-01 7.206069e-01 2.718456e-04 1.104033e+00 -2.528658e-07
7.350000e+00 7.000000e-01 7.206069e-01 2.718459e-04 1.104033e+00 -3.284836e-07
7.400000e+00 7.000000e-01 7.206069e-01 2.718462e-04 1.104033e+00 -4.267170e-07
7.450000e+00 7.000000e-01 7.206069e-01 2.718468e-04 1.104033e+00 -5.543168e-07
7.500000e+00 7.000000e-01 7.206069e-01 2.718472e-04 1.104034e+00 -7.200522e-07
7.550000e+00 7.000000e-01 7.206070e-01 2.718486e-04 1.104034e+00 -9.352747e-07
7.600000e+00 7.000000e-01 7.206070e-01 2.718474e-04 1.104034e+00 -1.214808e-06
7.650000e+00 7.000000e-01 7.206071e-01 2.718562e-04 1.104034e+00 -1.577555e-06
7.700000e+00 7.000000e-01 7.206072e-01 2.718337e-04 1.104034e+00 -2.049094e-06
7.750000e+00 7.000000e-01 7.206073e-01 2.719125e-04 1.104035e+00 -2.659259e-06
7.800000e+00 7.000000e-01 7.206075e-01 2.716824e-04 1.104035e+00 -3.456836e-06
7.850000e+00 7.000000e-01 7.206077e-01 2.723698e-04 1.104036e+00 -4.475544e-06
7.900000e+00 7.000000e-01 7.206079e-01 2.704451e-04 1.104036e+00 -5.842069e-06
7.950000e+00 7.000000e-01 7.206082e-01 2.756867e-04 1.104037e+00 -7.496492e-06
8.000000e+00 7.000000e-01 7.206087e-01 2.620673e-04 1.104038e+00 -9.941454e-06
8.050000e+00 7.000000e-01 7.206092e-01 2.960598e-04 1.104041e+00 -1.238980e-05
8.100000e+00 7.000000e-01 7.206099e-01 2.150716e-04 1.104041e+00 -1.722667e-05
8.150000e+00 7.000000e-01 7.206110e-01 3.992548e-04 1.104048e+00 -1.986314e-05
8.200000e+00 7.000000e-01 7.206119e-01 9.692181e-07 1.104044e+00 -3.080081e-05
8.250000e+00 7.000000e-01 7.206140e-01 8.179772e-04 1.104064e+00 -3.030828e-05
8.300000e+00 7.000000e-01 7.206149e-01 -7.654213e-04 1.104040e+00 -5.648187e-05
8.350000e+00 7.000000e-01 7.206197e-01 2.122137e-03 1.104103e+00 -4.477816e-05
8.400000e+00 7.000000e-01 7.206194e-01 -2.806343e-03 1.104020e+00 -1.011401e-04
8.450000e+00 7.000000e-01 7.206298e-01 5.017833e-03 1.104180e+00 -7.215711e-05
8.500000e+00 7.000000e-01 7.206266e-01 -6.444944e-03 1.103986e+00 -1.641199e-04
8.550000e+00 7.000000e-01 7.206462e-01 8.907263e-03 1.104290e+00 -1.418334e-04
8.600000e+00 7.000000e-01 7.206408e-01 -9.680068e-03 1.103980e+00 -2.363314e-04
8.650000e+00 7.000000e-01 7.206698e-01 1.044222e-02 1.104387e+00 -2.892740e-04
8.700000e+00 7.000000e-01 7.206697e-01 -8.982325e-03 1.104074e+00 -3.518028e-04
8.750000e+00 7.000000e-01 7.207050e-01 8.326214e-03 1.104473e+00 -4.934104e-04
8.800000e+00 7.000000e-01 7.207191e-01 -7.916262e-03 1.104231e+00 -6.364821e-04
8.850000e+00 7.000000e-01 7.207687e-01 1.139364e-02 1.104717e+00 -7.393831e-04
8.900000e+00 7.000000e-01 7.207930e-01 -1.623953e-02 1.104347e+00 -1.127088e-03
8.950000e+00 7.000000e-01 7.208814e-01 2.169027e-02 1.105194e+00 -1.283486e-03
9.000000e+00 7.000000e-01 7.209213e-01 -2.153846e-02 1.104670e+00 -1.713112e-03
9.050000e+00 7.000000e-01 7.210527e-01 1.709233e-02 1.105695e+00 -2.332637e-03
9.100000e+00 7.000000e-01 7.211546e-01 -1.136020e-02 1.105458e+00 -2.858343e-03
9.150000e+00 7.000000e-01 7.213385e-01 1.474557e-02 1.106595e+00 -3.651409e-03
9.200000e+00 7.000000e-01 7.215197e-01 -2.638908e-02 1.106417e+00 -5.054114e-03
9.250000e+00 7.000000e-01 7.218439e-01 3.746550e-02 1.108355e+00 -6.175998e-03
9.300000e+00 7.000000e-01 7.221373e-01 -3.210532e-02 1.108255e+00 -7.961980e-03
9.350000e+00 7.000000e-01 7.226401e-01 1.701356e-02 1.110711e+00 -1.068056e-02
9.400000e+00 7.000000e-01 7.232054e-01 -1.338749e-02 1.111517e+00 -1.365168e-02
9.450000e+00 7.000000e-01 7.240053e-01 3.490227e-02 1.115047e+00 -1.717883e-02
9.500000e+00 7.000000e-01 7.249233e-01 -5.168332e-02 1.116500e+00 -2.281852e-02
9.550000e+00 7.000000e-01 7.262872e-01 3.629236e-02 1.121775e+00 -2.978535e-02
9.600000e+00 7.000000e-01 7.279018e-01 -9.818631e-03 1.125176e+00 -3.799691e-02
9.650000e+00 7.000000e-01 7.300868e-01 2.410692e-02 1.132813e+00 -4.931238e-02
9.700000e+00 7.000000e-01 7.328331e-01 -5.277428e-02 1.138660e+00 -6.516926e-02
9.750000e+00 7.000000e-01 7.366038e-01 3.807869e-02 1.149717e+00 -8.553759e-02
9.800000e+00 7.000000e-01 7.413868e-01 -2.430668e-03 1.160026e+00 -1.120296e-01
9.850000e+00 7.000000e-01 7.478067e-01 1.886544e-02 1.176535e+00 -1.491695e-01
9.900000e+00 7.000000e-01 7.563038e-01 -2.560358e-02 1.193852e+00 -2.011103e-01
9.950000e+00 7.000000e-01 7.679178e-01 1.189272e-02 1.220647e+00 -2.741623e-01
1.000000e+01 7.000000e-01 7.837200e-01 2.738776e-03 0.000000e+00 0.000000e+00
0.000000e+00 7.200000e-01 8.084160e-01 2.640000e+00 0.000000e+00 0.000000e+00
5.000000e-02 7.200000e-01 8.084842e-01 2.712824e+00 1.207019e+00 -7.383706e-04
1.000000e-01 7.200000e-01 8.084898e-01 2.535017e+00 1.203979e+00 1.269361e-03
1.500000e-01 7.200000e-01 8.083572e-01 2.396442e+00 1.208822e+00 1.843971e-03
2.000000e-01 7.200000e-01 8.083054e-01 2.824278e+00 1.215385e+00 -8.660610e-04
2.500000e-01 7.200000e-01 8.084438e-01 3.088011e+00 1.207945e+00 -1.560595e-03
3.000000e-01 7.200000e-01 8.084615e-01 2.432883e+00 1.196972e+00 2.472243e-03
3.500000e-01 7.200000e-01 8.081966e-01 1.922948e+00 1.205543e+00 4.216656e-03
4.000000e-01 7.200000e-01 8.080398e-01 2.712008e+00 1.221893e+00 -3.556989e-04
4.500000e-01 7.200000e-01 8.082322e-01 3.572899e+00 1.214151e+00 -2.618924e-03
5.000000e-01 7.200000e-01 8.083017e-01 2.811751e+00 1.191356e+00 3.804305e-03
5.500000e-01 7.200000e-01 8.078518e-01 1.479689e+00 1.193851e+00 9.391960e-03
6.000000e-01 7.200000e-01 8.073625e-01 1.888586e+00 1.221600e+00 4.299429e-03
6.500000e-01 7.200000e-01 8.074218e-01 3.602720e+00 1.227285e+00 -2.289644e-03
7.000000e-01 7.200000e-01 8.075915e-01 3.833639e+00 1.196195e+00 3.951574e-03
7.500000e-01 7.200000e-01 8.070267e-01 2.002644e+00 1.175581e+00 1.665212e-02
8.000000e-01 7.200000e-01 8.059263e-01 7.990626e-01 1.199275e+00 1.688477e-02
8.500000e-01 7.200000e-01 8.053382e-01 2.132493e+00 1.230771e+00 4.617857e-03
9.000000e-01 7.200000e-01 8.054645e-01 4.103552e+00 1.217902e+00 1.215740e-03
9.500000e-01 7.200000e-01 8.052166e-01 3.854066e+00 1.174794e+00 1.626586e-02
1.000000e+00 7.200000e-01 8.038379e-01 1.695191e+00 1.160081e+00 3.129283e-02
1.050000e+00 7.200000e-01 8.020873e-01 5.051345e-01 1.191525e+00 2.635614e-02
1.100000e+00 7.200000e-01 8.012023e-01 1.793898e+00 1.222012e+00 9.740084e-03
1.150000e+00 7.200000e-01 8.011133e-01 3.794888e+00 1.207127e+00 6.841257e-03
1.200000e+00 7.200000e-01 8.005182e-01 4.067385e+00 1.163585e+00 2.496873e-02
1.250000e+00 7.200000e-01 7.986164e-01 2.457924e+00 1.141352e+00 4.411217e-02
1.300000e+00 7.200000e-01 7.961070e-01 8.873722e-01 1.160406e+00 4.342094e-02
1.350000e+00 7.200000e-01 7.942744e-01 9.738389e-01 1.191701e+00 2.687723e-02
1.400000e+00 7.200000e-01 7.934192e-01 2.349384e+00 1.196906e+00 1.685507e-02
1.450000e+00 7.200000e-01 7.925888e-01 3.465286e+00 1.170751e+00 2.704587e-02
1.500000e+00 7.200000e-01 7.907146e-01 3.367050e+00 1.138667e+00 4.904125e-02
1.550000e+00 7.200000e-01 7.876847e-01 2.343763e+00 1.125838e+00 6.395271e-02
1.600000e+00 7.200000e-01 7.843194e-01 1.348934e+00 1.135303e+00 6.196673e-02
1.650000e+00 7.200000e-01 7.814881e-01 1.059145e+00 1.151204e+00 4.964311e-02
1.700000e+00 7.200000e-01 7.793551e-01 1.427429e+00 1.156839e+00 4.102068e-02
1.750000e+00 7.200000e-01 7.773860e-01 1.969642e+00 1.147239e+00 4.472170e-02
1.800000e+00 7.200000e-01 7.748829e-01 2.263024e+00 1.128187e+00 5.908453e-02
1.850000e+00 7.200000e-01 7.714775e-01 2.173039e+00 1.108522e+00 7.605395e-02
1.900000e+00 7.200000e-01 7.672775e-01 1.796926e+00 1.094207e+00 8.765299e-02
1.950000e+00 7.200000e-01 7.627122e-01 1.312409e+00 1.086846e+00 8.998505e-02
2.000000e+00 7.200000e-01 7.582790e-01 8.633968e-01 1.085104e+00 8.357496e-02
2.050000e+00 7.200000e-01 7.543547e-01 5.196769e-01 1.086708e+00 7.149950e-02
2.100000e+00 7.200000e-01 7.511290e-01 2.898056e-01 1.089714e+00 5.726488e-02
2.150000e+00 7.200000e-01 7.486282e-01 1.512652e-01 1.092915e+00 4.352831e-02
2.200000e+00 7.200000e-01 7.467762e-01 7.452168e-02 1.095738e+00 3.175767e-02
2.250000e+00 7.200000e-01 7.454525e-01 3.493563e-02 1.098006e+00 2.244410e-02
2.300000e+00 7.200000e-01 7.445318e-01 1.576242e-02 1.099732e+00 1.547880e-02
2.350000e+00 7.200000e-01 7.439046e-01 7.003979e-03 1.101004e+00 1.047838e-02
2.400000e+00 7.200000e-01 7.434840e-01 3.229207e-03 1.101921e+00 6.994301e-03
2.450000e+00 7.200000e-01 7.432052e-01 1.702890e-03 1.102572e+00 4.619270e-03
2.500000e+00 7.200000e-01 7.430220e-01 1.134032e-03 1.103028e+00 3.025933e-03
2.550000e+00 7.200000e-01 7.429026e-01 9.482323e-04 1.103345e+00 1.969456e-03
2.600000e+00 7.200000e-01 7.428251e-01 9.041789e-04 1.103564e+00 1.275008e-03
2.650000e+00 7.200000e-01 7.427751e-01 9.065042e-04 1.103713e+00 8.215442e-04
2.700000e+00 7.200000e-01 7.427429e-01 9.202449e-04 1.103814e+00 5.270052e-04
2.750000e+00 7.200000e-01 7.427224e-01 9.339846e-04 1.103883e+00 3.365551e-04
2.800000e+00 7.200000e-01 7.427093e-01 9.448439e-04 1.103929e+00 2.139167e-04
2.850000e+00 7.200000e-01 7.427010e-01 9.527169e-04 1.103960e+00 1.352632e-04
2.900000e+00 7.200000e-01 7.426958e-01 9.582079e-04 1.103981e+00 8.502846e-05
2.950000e+00 7.200000e-01 7.426925e-01 9.619658e-04 1.103995e+00 5.308741e-05
3.000000e+00 7.200000e-01 7.426904e-01 9.645127e-04 1.104004e+00 3.287831e-05
3.050000e+00 7.200000e-01 7.426892e-01 9.662294e-04 1.104010e+00 2.016347e-05
3.100000e+00 7.200000e-01 7.426884e-01 9.673827e-04 1.104014e+00 1.221546e-05
3.150000e+00 7.200000e-01 7.426880e-01 9.681556e-04 1.104017e+00 7.285090e-06
3.200000e+00 7.200000e-01 7.426877e-01 9.686725e-04 1.104018e+00 4.254799e-06
3.250000e+00 7.200000e-01 7.426875e-01 9.690175e-04 1.104020e+00 2.413511e-06
3.300000e+00 7.200000e-01 7.426875e-01 9.692473e-04 1.104020e+00 1.310874e-06
3.350000e+00 7.200000e-01 7.426874e-01 9.693999e-04 1.104021e+00 6.631367e-07
3.400000e+00 7.200000e-01 7.426874e-01 9.695010e-04 1.104021e+00 2.925802e-07
3.450000e+00 7.200000e-01 7.426874e-01 9.695678e-04 1.104021e+00 8.866137e-08
3.500000e+00 7.200000e-01 7.426874e-01 9.696117e-04 1.104021e+00 -1.681635e-08
3.550000e+00 7.200000e-01 7.426874e-01 9.696404e-04 1.104021e+00 -6.550890e-08
3.600000e+00 7.200000e-01 7.426874e-01 9.696590e-04 1.104021e+00 -8.254782e-08
3.650000e+00 7.200000e-01 7.426874e-01 9.696710e-04 1.104021e+00 -8.285621e-08
3.700000e+00 7.200000e-01 7.426874e-01 9.696786e-04 1.104021e+00 -7.510897e-08
3.750000e+00 7.200000e-01 7.426874e-01 9.696834e-04 1.104021e+00 -6.420013e-08
3.800000e+00 7.200000e-01 7.426874e-01 9.696864e-04 1.104021e+00 -5.276860e-08
3.850000e+00 7.200000e-01 7.426874e-01 9.696881e-04 1.104021e+00 -4.213351e-08
3.900000e+00 7.200000e-01 7.426874e-01 9.696891e-04 1.104021e+00 -3.286135e-08
3.950000e+00 7.200000e-01 7.426874e-01 9.696897e-04 1.104021e+00 -2.510557e-08
4.000000e+00 7.200000e-01 7.426874e-01 9.696899e-04 1.104021e+00 -1.880644e-08
4.050000e+00 7.200000e-01 7.426874e-01 9.696900e-04 1.104021e+00 -1.380596e-08
4.100000e+00 7.200000e-01 7.426874e-01 9.696900e-04 1.104021e+00 -9.911937e-09
4.150000e+00 7.200000e-01 7.426874e-01 9.696899e-04 1.104021e+00 -6.931985e-09
4.200000e+00 7.200000e-01 7.426874e-01 9.696898e-04 1.104021e+00 -4.689999e-09
4.250000e+00 7.200000e-01 7.426874e-01 9.696897e-04 1.104021e+00 -3.032868e-09
4.300000e+00 7.200000e-01 7.426874e-01 9.696897e-04 1.104021e+00 -1.831849e-09
4.350000e+00 7.200000e-01 7.426874e-01 9.696896e-04 1.104021e+00 -9.812129e-10
4.400000e+00 7.200000e-01 7.426874e-01 9.696895e-04 1.104021e+00 -3.957323e-10
4.450000e+00 7.200000e-01 7.426874e-01 9.696895e-04 1.104021e+00 -7.749357e-12
4.500000e+00 7.200000e-01 7.426874e-01 9.696894e-04 1.104021e+00 2.357115e-10
4.550000e+00 7.200000e-01 7.426874e-01 9.696894e-04 1.104021e+00 3.755796e-10
4.600000e+00 7.200000e-01 7.426874e-01 9.696894e-04 1.104021e+00 4.430589e-10
4.650000e+00 7.200000e-01 7.426874e-01 9.696893e-04 1.104021e+00 4.615908e-10
4.700000e+00 7.200000e-01 7.426874e-01 9.696893e-04 1.104021e+00 4.484790e-10
4.750000e+00 7.200000e-01 7.426874e-01 9.696893e-04 1.104021e+00 4.162692e-10
4.800000e+00 7.200000e-01 7.426874e-01 9.696893e-04 1.104021e+00 3.738521e-10
4.850000e+00 7.200000e-01 7.426874e-01 9.696893e-04 1.104021e+00 3.273226e-10
4.900000e+00 7.200000e-01 7.426874e-01 9.696893e-04 1.104021e+00 2.806944e-10
4.950000e+00 7.200000e-01 7.426874e-01 9.696893e-04 1.104021e+00 2.364808e-10
5.000000e+00 7.200000e-01 7.426874e-01 9.696893e-04 1.104021e+00 1.960765e-10
5.050000e+00 7.200000e-01 7.426874e-01 9.696893e-04 1.104021e+00 1.601042e-10
5.100000e+00 7.200000e-01 7.426874e-01 9.696893e-04 1.104021e+00 1.286848e-10
5.150000e+00 7.200000e-01 7.426874e-01 9.696893e-04 1.104021e+00 1.015799e-10
5.200000e+00 7.200000e-01 7.426874e-01 9.696893e-04 1.104021e+00 7.834955e-11
5.250000e+00 7.200000e-01 7.426874e-01 9.696893e-04 1.104021e+00 5.843992e-11
5.300000e+00 7.200000e-01 7.426874e-01 9.696893e-04 1.104021e+00 4.123590e-11
5.350000e+00 7.200000e-01 7.426874e-01 9.696893e-04 1.104021e+00 2.610689e-11
5.400000e+00 7.200000e-01 7.426874e-01 9.696893e-04 1.104021e+00 1.242006e-11
5.450000e+00 7.200000e-01 7.426874e-01 9.696893e-04 1.104021e+00 -4.674039e-13
5.500000e+00 7.200000e-01 7.426874e-01 9.696893e-04 1.104021e+00 -1.320166e-11
5.550000e+00 7.200000e-01 7.426874e-01 9.696893e-04 1.104021e+00 -2.644107e-11
5.600000e+00 7.200000e-01 7.426874e-01 9.696893e-04 1.104021e+00 -4.090950e-11
5.650000e+00 7.200000e-01 7.426874e-01 9.696893e-04 1.104021e+00 -5.741962e-11
5.700000e+00 7.200000e-01 7.426874e-01 9.696893e-04 1.104021e+00 -7.689627e-11
5.750000e+00 7.200000e-01 7.426874e-01 9.696893e-04 1.104021e+00 -1.004685e-10
5.800000e+00 7.200000e-01 7.426874e-01 9.696893e-04 1.104021e+00 -1.295242e-10
5.850000e+00 7.200000e-01 7.426874e-01 9.696893e-04 1.104021e+00 -1.657874e-10
5.900000e+00 7.200000e-01 7.426874e-01 9.696893e-04 1.104021e+00 -2.114731e-10
5.950000e+00 7.200000e-01 7.426874e-01 9.696893e-04 1.104021e+00 -2.694123e-10
6.000000e+00 7.200000e-01 7.426874e-01 9.696893e-04 1.104021e+00 -3.432277e-10
6.050000e+00 7.200000e-01 7.426874e-01 9.696893e-04 1.104021e+00 -4.376177e-10
6.100000e+00 7.200000e-01 7.426874e-01 9.696893e-04 1.104021e+00 -5.586631e-10
6.150000e+00 7.200000e-01 7.426874e-01 9.696893e-04 1.104021e+00 -7.142309e-10
6.200000e+00 7.200000e-01 7.426874e-01 9.696893e-04 1.104021e+00 -9.145329e-10
6.250000e+00 7.200000e-01 7.426874e-01 9.696893e-04 1.104021e+00 -1.172829e-09
6.300000e+00 7.200000e-01 7.426874e-01 9.696893e-04 1.104021e+00 -1.506343e-09
6.350000e+00 7.200000e-01 7.426874e-01 9.696893e-04 1.104021e+00 -1.937450e-09
6.400000e+00 7.200000e-01 7.426874e-01 9.696893e-04 1.104021e+00 -2.495223e-09
6.450000e+00 7.200000e-01 7.426874e-01 9.696893e-04 1.104021e+00 -3.217455e-09
6.500000e+00 7.200000e-01 7.426874e-01 9.696893e-04 1.104021e+00 -4.153268e-09
6.550000e+00 7.200000e-01 7.426874e-01 9.696893e-04 1.104021e+00 -5.366514e-09
6.600000e+00 7.200000e-01 7.426874e-01 9.696893e-04 1.104021e+00 -6.940218e-09
6.650000e+00 7.200000e-01 7.426874e-01 9.696894e-04 1.104021e+00 -8.982309e-09
6.700000e+00 7.200000e-01 7.426874e-01 9.696894e-04 1.104021e+00 -1.163311e-08
6.750000e+00 7.200000e-01 7.426874e-01 9.696894e-04 1.104021e+00 -1.507505e-08
6.800000e+00 7.200000e-01 7.426874e-01 9.696895e-04 1.104021e+00 -1.954529e-08
6.850000e+00 7.200000e-01 7.426874e-01 9.696896e-04 1.104021e+00 -2.535216e-08
6.900000e+00 7.200000e-01 7.426874e-01 9.696896e-04 1.104021e+00 -3.289643e-08
6.950000e+00 7.200000e-01 7.426874e-01 9.696898e-04 1.104021e+00 -4.269902e-08
7.000000e+00 7.200000e-01 7.426874e-01 9.696899e-04 1.104021e+00 -5.543696e-08
7.050000e+00 7.200000e-01 7.426874e-01 9.696901e-04 1.104021e+00 -7.199006e-08
7.100000e+00 7.200000e-01 7.426874e-01 9.696904e-04 1.104021e+00 -9.350154e-08
7.150000e+00 7.200000e-01 7.426874e-01 9.696907e-04 1.104021e+00 -1.214567e-07
7.200000e+00 7.200000e-01 7.426874e-01 9.696911e-04 1.104021e+00 -1.577851e-07
7.250000e+00 7.200000e-01 7.426875e-01 9.696917e-04 1.104021e+00 -2.049929e-07
7.300000e+00 7.200000e-01 7.426875e-01 9.696924e-04 1.104021e+00 -2.663351e-07
7.350000e+00 7.200000e-01 7.426875e-01 9.696933e-04 1.104021e+00 -3.460379e-07
7.400000e+00 7.200000e-01 7.426875e-01 9.696945e-04 1.104022e+00 -4.495895e-07
7.450000e+00 7.200000e-01 7.426875e-01 9.696962e-04 1.104022e+00 -5.841101e-07
7.500000e+00 7.200000e-01 7.426876e-01 9.696979e-04 1.104022e+00 -7.588561e-07
7.550000e+00 7.200000e-01 7.426876e-01 9.697020e-04 1.104022e+00 -9.857860e-07
7.600000e+00 7.200000e-01 7.426877e-01 9.697006e-04 1.104022e+00 -1.280601e-06
7.650000e+00 7.200000e-01 7.426877e-01 9.697217e-04 1.104022e+00 -1.663052e-06
7.700000e+00 7.200000e-01 7.426878e-01 9.696747e-04 1.104022e+00 -2.160747e-06
7.750000e+00 7.200000e-01 7.426879e-01 9.698472e-04 1.104023e+00 -2.803301e-06
7.800000e+00 7.200000e-01 7.426881e-01 9.693628e-04 1.104023e+00 -3.647675e-06
7.850000e+00 7.200000e-01 7.426883e-01 9.708064e-04 1.104023e+00 -4.714083e-06
7.900000e+00 7.200000e-01 7.426886e-01 9.668426e-04 1.104024e+00 -6.177762e-06
7.950000e+00 7.200000e-01 7.426889e-01 9.775120e-04 1.104025e+00 -7.868016e-06
8.000000e+00 7.200000e-01 7.426894e-01 9.502213e-04 1.104026e+00 -1.058168e-05
8.050000e+00 7.200000e-01 7.426900e-01 1.017398e-03 1.104028e+00 -1.285788e-05
8.100000e+00 7.200000e-01 7.426906e-01 8.597390e-04 1.104027e+00 -1.863466e-05
8.150000e+00 7.200000e-01 7.426919e-01 1.213089e-03 1.104035e+00 -2.002657e-05
8.200000e+00 7.200000e-01 7.426927e-01 4.604231e-04 1.104026e+00 -3.428503e-05
8.250000e+00 7.200000e-01 7.426953e-01 1.981432e-03 1.104054e+00 -2.879929e-05
8.300000e+00 7.200000e-01 7.426955e-01 -9.219436e-04 1.104015e+00 -6.489745e-05
8.350000e+00 7.200000e-01 7.427018e-01 4.293478e-03 1.104099e+00 -3.920646e-05
8.400000e+00 7.200000e-01 7.426995e-01 -4.475225e-03 1.103978e+00 -1.178745e-04
8.450000e+00 7.200000e-01 7.427136e-01 9.242583e-03 1.104189e+00 -6.260062e-05
8.500000e+00 7.200000e-01 7.427057e-01 -1.057471e-02 1.103918e+00 -1.873618e-04
8.550000e+00 7.200000e-01 7.427323e-01 1.563544e-02 1.104310e+00 -1.382711e-04
8.600000e+00 7.200000e-01 7.427195e-01 -1.579052e-02 1.103890e+00 -2.551510e-04
8.650000e+00 7.200000e-01 7.427578e-01 1.809856e-02 1.104399e+00 -3.067723e-04
8.700000e+00 7.200000e-01 7.427502e-01 -1.486243e-02 1.103972e+00 -3.666150e-04
8.750000e+00 7.200000e-01 7.427945e-01 1.529617e-02 1.104462e+00 -5.216453e-04
8.800000e+00 7.200000e-01 7.428024e-01 -1.407729e-02 1.104094e+00 -6.843133e-04
8.850000e+00 7.200000e-01 7.428629e-01 2.098329e-02 1.104696e+00 -7.547841e-04
8.900000e+00 7.200000e-01 7.428779e-01 -2.734917e-02 1.104134e+00 -1.220185e-03
8.950000e+00 7.200000e-01 7.429849e-01 3.651021e-02 1.105140e+00 -1.339805e-03
9.000000e+00 7.200000e-01 7.430118e-01 -3.514615e-02 1.104379e+00 -1.803676e-03
9.050000e+00 7.200000e-01 7.431653e-01 3.063741e-02 1.105543e+00 -2.477685e-03
9.100000e+00 7.200000e-01 7.432596e-01 -2.280751e-02 1.105030e+00 -3.026543e-03
9.150000e+00 7.200000e-01 7.434679e-01 3.026498e-02 1.106326e+00 -3.818446e-03
9.200000e+00 7.200000e-01 7.436415e-01 -4.534166e-02 1.105744e+00 -5.382341e-03
9.250000e+00 7.200000e-01 7.440062e-01 6.096374e-02 1.107825e+00 -6.511009e-03
9.300000e+00 7.200000e-01 7.442926e-01 -5.290994e-02 1.107251e+00 -8.392884e-03
9.350000e+00 7.200000e-01 7.448455e-01 3.761119e-02 1.109779e+00 -1.126832e-02
9.400000e+00 7.200000e-01 7.454194e-01 -3.498521e-02 1.109842e+00 -1.445205e-02
9.450000e+00 7.200000e-01 7.462907e-01 6.361146e-02 1.113418e+00 -1.808375e-02
9.500000e+00 7.200000e-01 7.472278e-01 -8.008576e-02 1.113900e+00 -2.403805e-02
9.550000e+00 7.200000e-01 7.486945e-01 6.484248e-02 1.118868e+00 -3.134326e-02
9.600000e+00 7.200000e-01 7.503621e-01 -3.815809e-02 1.120751e+00 -3.999908e-02
9.650000e+00 7.200000e-01 7.526944e-01 5.896745e-02 1.127809e+00 -5.172148e-02
9.700000e+00 7.200000e-01 7.555342e-01 -8.182977e-02 1.131315e+00 -6.814228e-02
9.750000e+00 7.200000e-01 7.595086e-01 6.745081e-02 1.140630e+00 -8.923049e-02
9.800000e+00 7.200000e-01 7.644573e-01 -3.135060e-02 1.146796e+00 -1.165979e-01
9.850000e+00 7.200000e-01 7.711684e-01 5.255717e-02 1.159371e+00 -1.547917e-01
9.900000e+00 7.200000e-01 7.799365e-01 -3.678903e-02 1.168849e+00 -2.082467e-01
9.950000e+00 7.200000e-01 7.919931e-01 3.780694e-02 1.185920e+00 -2.847954e-01
1.000000e+01 7.200000e-01 8.084160e-01 2.011396e-02 0.000000e+00 0.000000e+00
0.000000e+00 7.400000e-01 8.320560e-01 2.880000e+00 0.000000e+00 0.000000e+00
5.000000e-02 7.400000e-01 8.320903e-01 2.870032e+00 1.151902e+00 -2.487948e-04
1.000000e-01 7.400000e-01 8.320809e-01 2.782845e+00 1.151781e+00 5.209658e-04
1.500000e-01 7.400000e-01 8.320382e-01 2.900483e+00 1.154569e+00 6.460163e-04
2.000000e-01 7.400000e-01 8.320163e-01 3.086794e+00 1.154721e+00 2.942657e-04
2.500000e-01 7.400000e-01 8.320088e-01 2.876959e+00 1.150326e+00 5.039032e-04
3.000000e-01 7.400000e-01 8.319659e-01 2.546641e+00 1.149829e+00 1.079063e-03
3.500000e-01 7.400000e-01 8.319009e-01 2.794290e+00 1.156115e+00 1.017293e-03
4.000000e-01 7.400000e-01 8.318642e-01 3.314814e+00 1.157845e+00 8.552070e-04
4.500000e-01 7.400000e-01 8.318154e-01 3.117653e+00 1.149706e+00 2.001325e-03
5.000000e-01 7.400000e-01 8.316640e-01 2.370740e+00 1.145482e+00 3.644903e-03
5.500000e-01 7.400000e-01 8.314509e-01 2.343061e+00 1.154892e+00 3.531388e-03
6.000000e-01 7.400000e-01 8.313109e-01 3.253222e+00 1.163196e+00 2.559857e-03
6.500000e-01 7.400000e-01 8.311949e-01 3.661247e+00 1.153842e+00 4.528129e-03
7.000000e-01 7.400000e-01 8.308581e-01 2.749440e+00 1.139258e+00 9.406744e-03
7.500000e-01 7.400000e-01 8.302542e-01 1.794631e+00 1.143464e+00 1.164434e-02
8.000000e-01 7.400000e-01 8.296936e-01 2.305539e+00 1.161740e+00 8.735312e-03
8.500000e-01 7.400000e-01 8.293807e-01 3.649428e+00 1.164174e+00 6.946171e-03
9.000000e-01 7.400000e-01 8.289990e-01 3.856906e+00 1.141977e+00 1.278270e-02
9.500000e-01 7.400000e-01 8.281024e-01 2.514962e+00 1.123769e+00 2.190006e-02
1.000000e+00 7.400000e-01 8.268090e-01 1.360568e+00 1.134391e+00 2.371984e-02
1.050000e+00 7.400000e-01 8.257304e-01 1.910743e+00 1.158218e+00 1.677002e-02
1.100000e+00 7.400000e-01 8.251320e-01 3.452051e+00 1.159682e+00 1.240704e-02
1.150000e+00 7.400000e-01 8.244897e-01 4.050159e+00 1.132123e+00 2.007830e-02
1.200000e+00 7.400000e-01 8.231242e-01 3.017907e+00 1.105981e+00 3.411024e-02
1.250000e+00 7.400000e-01 8.210787e-01 1.547567e+00 1.109229e+00 4.014364e-02
1.300000e+00 7.400000e-01 8.191098e-01 1.195283e+00 1.134404e+00 3.288105e-02
1.350000e+00 7.400000e-01 8.177906e-01 2.185377e+00 1.149795e+00 2.284421e-02
1.400000e+00 7.400000e-01 8.168254e-01 3.379879e+00 1.136894e+00 2.414136e-02
1.450000e+00 7.400000e-01 8.153765e-01 3.658905e+00 1.107570e+00 3.886218e-02
1.500000e+00 7.400000e-01 8.129392e-01 2.900791e+00 1.087225e+00 5.569136e-02
1.550000e+00 7.400000e-01 8.098073e-01 1.828922e+00 1.089369e+00 6.200830e-02
1.600000e+00 7.400000e-01 8.067384e-01 1.245004e+00 1.106472e+00 5.570167e-02
1.650000e+00 7.400000e-01 8.042372e-01 1.391282e+00 1.120823e+00 4.568876e-02
1.700000e+00 7.400000e-01 8.021695e-01 1.932692e+00 1.120770e+00 4.276548e-02
1.750000e+00 7.400000e-01 7.999606e-01 2.389330e+00 1.107010e+00 5.106438e-02
1.800000e+00 7.400000e-01 7.970630e-01 2.489623e+00 1.087864e+00 6.671966e-02
1.850000e+00 7.400000e-01 7.932886e-01 2.228811e+00 1.071775e+00 8.211974e-02
1.900000e+00 7.400000e-01 7.888511e-01 1.755200e+00 1.063087e+00 9.092238e-02
1.950000e+00 7.400000e-01 7.841964e-01 1.239195e+00 1.061870e+00 9.066701e-02
2.000000e+00 7.400000e-01 7.797844e-01 7.964011e-01 1.065828e+00 8.255583e-02
2.050000e+00 7.400000e-01 7.759408e-01 4.718289e-01 1.072260e+00 6.969613e-02
2.100000e+00 7.400000e-01 7.728147e-01 2.604261e-01 1.079136e+00 5.532197e-02
2.150000e+00 7.400000e-01 7.704086e-01 1.351449e-01 1.085323e+00 4.178687e-02
2.200000e+00 7.400000e-01 7.686361e-01 6.656072e-02 1.090383e+00 3.034137e-02
2.250000e+00 7.400000e-01 7.673745e-01 3.155947e-02 1.094285e+00 2.135719e-02
2.300000e+00 7.400000e-01 7.665003e-01 1.484539e-02 1.097179e+00 1.467495e-02
2.350000e+00 7.400000e-01 7.659070e-01 7.396756e-03 1.099269e+00 9.898504e-03
2.400000e+00 7.400000e-01 7.655105e-01 4.339737e-03 1.100749e+00 6.583351e-03
2.450000e+00 7.400000e-01 7.652487e-01 3.228011e-03 1.101782e+00 4.331914e-03
2.500000e+00 7.400000e-01 7.650773e-01 2.913134e-03 1.102495e+00 2.827119e-03
2.550000e+00 7.400000e-01 7.649659e-01 2.890675e-03 1.102983e+00 1.833089e-03
2.600000e+00 7.400000e-01 7.648940e-01 2.955049e-03 1.103314e+00 1.182147e-03
2.650000e+00 7.400000e-01 7.648477e-01 3.030548e-03 1.103537e+00 7.586940e-04
2.700000e+00 7.400000e-01 7.648181e-01 3.093986e-03 1.103686e+00 4.846879e-04
2.750000e+00 7.400000e-01 7.647993e-01 3.141507e-03 1.103786e+00 3.081906e-04
2.800000e+00 7.400000e-01 7.647873e-01 3.175289e-03 1.103853e+00 1.949801e-04
2.850000e+00 7.400000e-01 7.647798e-01 3.198674e-03 1.103897e+00 1.226662e-04
2.900000e+00 7.400000e-01 7.647750e-01 3.214635e-03 1.103926e+00 7.667727e-05
2.950000e+00 7.400000e-01 7.647721e-01 3.225441e-03 1.103945e+00 4.756944e-05
3.000000e+00 7.400000e-01 7.647703e-01 3.232723e-03 1.103958e+00 2.924490e-05
3.050000e+00 7.400000e-01 7.647692e-01 3.237614e-03 1.103966e+00 1.777984e-05
3.100000e+00 7.400000e-01 7.647685e-01 3.240891e-03 1.103971e+00 1.065822e-05
3.150000e+00 7.400000e-01 7.647681e-01 3.243083e-03 1.103975e+00 6.272648e-06
3.200000e+00 7.400000e-01 7.647679e-01 3.244546e-03 1.103977e+00 3.600357e-06
3.250000e+00 7.400000e-01 7.647677e-01 3.245520e-03 1.103978e+00 1.993479e-06
3.300000e+00 7.400000e-01 7.647677e-01 3.246168e-03 1.103979e+00 1.043694e-06
3.350000e+00 7.400000e-01 7.647676e-01 3.246598e-03 1.103980e+00 4.951349e-07
3.400000e+00 7.400000e-01 7.647676e-01 3.246881e-03 1.103980e+00 1.885418e-07
3.450000e+00 7.400000e-01 7.647676e-01 3.247068e-03 1.103981e+00 2.556274e-08
3.500000e+00 7.400000e-01 7.647676e-01 3.247191e-03 1.103981e+00 -5.396599e-08
3.550000e+00 7.400000e-01 7.647676e-01 3.247271e-03 1.103981e+00 -8.642108e-08
3.600000e+00 7.400000e-01 7.647676e-01 3.247323e-03 1.103981e+00 -9.347452e-08
3.650000e+00 7.400000e-01 7.647676e-01 3.247356e-03 1.103981e+00 -8.779000e-08
3.700000e+00 7.400000e-01 7.647676e-01 3.247377e-03 1.103981e+00 -7.657282e-08
3.750000e+00 7.400000e-01 7.647676e-01 3.247390e-03 1.103981e+00 -6.376596e-08
3.800000e+00 7.400000e-01 7.647676e-01 3.247398e-03 1.103981e+00 -5.139680e-08
3.850000e+00 7.400000e-01 7.647677e-01 3.247403e-03 1.103981e+00 -4.039450e-08
3.900000e+00 7.400000e-01 7.647677e-01 3.247406e-03 1.103981e+00 -3.107968e-08
3.950000e+00 7.400000e-01 7.647677e-01 3.247407e-03 1.103981e+00 -2.345308e-08
4.000000e+00 7.400000e-01 7.647677e-01 3.247408e-03 1.103981e+00 -1.736218e-08
4.050000e+00 7.400000e-01 7.647677e-01 3.247408e-03 1.103981e+00 -1.259440e-08
4.100000e+00 7.400000e-01 7.647677e-01 3.247408e-03 1.103981e+00 -8.926999e-09
4.150000e+00 7.400000e-01 7.647677e-01 3.247408e-03 1.103981e+00 -6.151978e-09
4.200000e+00 7.400000e-01 7.647677e-01 3.247407e-03 1.103981e+00 -4.086654e-09
4.250000e+00 7.400000e-01 7.647677e-01 3.247407e-03 1.103981e+00 -2.576607e-09
4.300000e+00 7.400000e-01 7.647677e-01 3.247407e-03 1.103981e+00 -1.494698e-09
4.350000e+00 7.400000e-01 7.647677e-01 3.247407e-03 1.103981e+00 -7.382561e-10
4.400000e+00 7.400000e-01 7.647677e-01 3.247406e-03 1.103981e+00 -2.256506e-10
4.450000e+00 7.400000e-01 7.647677e-01 3.247406e-03 1.103981e+00 1.071498e-10
4.500000e+00 7.400000e-01 7.647677e-01 3.247406e-03 1.103981e+00 3.097367e-10
4.550000e+00 7.400000e-01 7.647677e-01 3.247406e-03 1.103981e+00 4.200584e-10
4.600000e+00 7.400000e-01 7.647677e-01 3.247406e-03 1.103981e+00 4.667755e-10
4.650000e+00 7.400000e-01 7.647677e-01 3.247406e-03 1.103981e+00 4.712108e-10
4.700000e+00 7.400000e-01 7.647677e-01 3.247406e-03 1.103981e+00 4.489520e-10
4.750000e+00 7.400000e-01 7.647677e-01 3.247406e-03 1.103981e+00 4.111933e-10
4.800000e+00 7.400000e-01 7.647677e-01 3.247406e-03 1.103981e+00 3.657641e-10
4.850000e+00 7.400000e-01 7.647677e-01 3.247406e-03 1.103981e+00 3.179523e-10
4.900000e+00 7.400000e-01 7.647677e-01 3.247406e-03 1.103981e+00 2.711753e-10
4.950000e+00 7.400000e-01 7.647677e-01 3.247406e-03 1.103981e+00 2.275014e-10
5.000000e+00 7.400000e-01 7.647677e-01 3.247406e-03 1.103981e+00 1.880252e-10
5.050000e+00 7.400000e-01 7.647677e-01 3.247406e-03 1.103981e+00 1.531464e-10
5.100000e+00 7.400000e-01 7.647677e-01 3.247406e-03 1.103981e+00 1.228506e-10
5.150000e+00 7.400000e-01 7.647677e-01 3.247406e-03 1.103981e+00 9.681367e-11
5.200000e+00 7.400000e-01 7.647677e-01 3.247406e-03 1.103981e+00 7.453704e-11
5.250000e+00 7.400000e-01 7.647677e-01 3.247406e-03 1.103981e+00 5.545009e-11
5.300000e+00 7.400000e-01 7.647677e-01 3.247406e-03 1.103981e+00 3.893219e-11
5.350000e+00 7.400000e-01 7.647677e-01 3.247406e-03 1.103981e+00 2.435718e-11
5.400000e+00 7.400000e-01 7.647677e-01 3.247406e-03 1.103981e+00 1.109335e-11
5.450000e+00 7.400000e-01 7.647677e-01 3.247406e-03 1.103981e+00 -1.486589e-12
5.500000e+00 7.400000e-01 7.647677e-01 3.247406e-03 1.103981e+00 -1.401990e-11
5.550000e+00 7.400000e-01 7.647677e-01 3.247406e-03 1.103981e+00 -2.716383e-11
5.600000e+00 7.400000e-01 7.647677e-01 3.247406e-03 1.103981e+00 -4.163891e-11
5.650000e+00 7.400000e-01 7.647677e-01 3.247406e-03 1.103981e+00 -5.826228e-11
5.700000e+00 7.400000e-01 7.647677e-01 3.247406e-03 1.103981e+00 -7.797873e-11
5.750000e+00 7.400000e-01 7.647677e-01 3.247406e-03 1.103981e+00 -1.019407e-10
5.800000e+00 7.400000e-01 7.647677e-01 3.247406e-03 1.103981e+00 -1.315648e-10
5.850000e+00 7.400000e-01 7.647677e-01 3.247406e-03 1.103981e+00 -1.686329e-10
5.900000e+00 7.400000e-01 7.647677e-01 3.247406e-03 1.103981e+00 -2.154310e-10
5.950000e+00 7.400000e-01 7.647677e-01 3.247406e-03 1.103981e+00 -2.748834e-10
6.000000e+00 7.400000e-01 7.647677e-01 3.247406e-03 1.103981e+00 -3.507417e-10
6.050000e+00 7.400000e-01 7.647677e-01 3.247406e-03 1.103981e+00 -4.478717e-10
6.100000e+00 7.400000e-01 7.647677e-01 3.247406e-03 1.103981e+00 -5.725731e-10
6.150000e+00 7.400000e-01 7.647677e-01 3.247406e-03 1.103981e+00 -7.329992e-10
6.200000e+00 7.400000e-01 7.647677e-01 3.247406e-03 1.103981e+00 -9.397516e-10
6.250000e+00 7.400000e-01 7.647677e-01 3.247406e-03 1.103981e+00 -1.206589e-09
6.300000e+00 7.400000e-01 7.647677e-01 3.247406e-03 1.103981e+00 -1.551382e-09
6.350000e+00 7.400000e-01 7.647677e-01 3.247406e-03 1.103981e+00 -1.997369e-09
6.400000e+00 7.400000e-01 7.647677e-01 3.247406e-03 1.103981e+00 -2.574739e-09
6.450000e+00 7.400000e-01 7.647677e-01 3.247406e-03 1.103981e+00 -3.322747e-09
6.500000e+00 7.400000e-01 7.647677e-01 3.247406e-03 1.103981e+00 -4.292426e-09
6.550000e+00 7.400000e-01 7.647677e-01 3.247406e-03 1.103981e+00 -5.550131e-09
6.600000e+00 7.400000e-01 7.647677e-01 3.247406e-03 1.103981e+00 -7.182140e-09
6.650000e+00 7.400000e-01 7.647677e-01 3.247406e-03 1.103981e+00 -9.300640e-09
6.700000e+00 7.400000e-01 7.647677e-01 3.247406e-03 1.103981e+00 -1.205151e-08
6.750000e+00 7.400000e-01 7.647677e-01 3.247406e-03 1.103981e+00 -1.562443e-08
6.800000e+00 7.400000e-01 7.647677e-01 3.247406e-03 1.103981e+00 -2.026601e-08
6.850000e+00 7.400000e-01 7.647677e-01 3.247407e-03 1.103981e+00 -2.629689e-08
6.900000e+00 7.400000e-01 7.647677e-01 3.247407e-03 1.103981e+00 -3.413392e-08
6.950000e+00 7.400000e-01 7.647677e-01 3.247407e-03 1.103981e+00 -4.431895e-08
7.000000e+00 7.400000e-01 7.647677e-01 3.247408e-03 1.103981e+00 -5.755630e-08
7.050000e+00 7.400000e-01 7.647677e-01 3.247408e-03 1.103981e+00 -7.476130e-08
7.100000e+00 7.400000e-01 7.647677e-01 3.247409e-03 1.103981e+00 -9.712348e-08
7.150000e+00 7.400000e-01 7.647677e-01 3.247410e-03 1.103981e+00 -1.261884e-07
7.200000e+00 7.400000e-01 7.647677e-01 3.247412e-03 1.103981e+00 -1.639641e-07
7.250000e+00 7.400000e-01 7.647677e-01 3.247413e-03 1.103981e+00 -2.130590e-07
7.300000e+00 7.400000e-01 7.647677e-01 3.247416e-03 1.103981e+00 -2.768609e-07
7.350000e+00 7.400000e-01 7.647677e-01 3.247419e-03 1.103981e+00 -3.597689e-07
7.400000e+00 7.400000e-01 7.647677e-01 3.247422e-03 1.103981e+00 -4.674970e-07
7.450000e+00 7.400000e-01 7.647678e-01 3.247428e-03 1.103981e+00 -6.074555e-07
7.500000e+00 7.400000e-01 7.647678e-01 3.247434e-03 1.103981e+00 -7.892909e-07
7.550000e+00 7.400000e-01 7.647679e-01 3.247445e-03 1.103981e+00 -1.025425e-06
7.600000e+00 7.400000e-01 7.647679e-01 3.247446e-03 1.103981e+00 -1.332309e-06
7.650000e+00 7.400000e-01 7.647680e-01 3.247494e-03 1.103981e+00 -1.730185e-06
7.700000e+00 7.400000e-01 7.647681e-01 3.247406e-03 1.103981e+00 -2.248826e-06
7.750000e+00 7.400000e-01 7.647682e-01 3.247760e-03 1.103982e+00 -2.916028e-06
7.800000e+00 7.400000e-01 7.647684e-01 3.246819e-03 1.103982e+00 -3.799925e-06
7.850000e+00 7.400000e-01 7.647686e-01 3.249637e-03 1.103982e+00 -4.897165e-06
7.900000e+00 7.400000e-01 7.647689e-01 3.242073e-03 1.103983e+00 -6.455334e-06
7.950000e+00 7.400000e-01 7.647692e-01 3.262233e-03 1.103984e+00 -8.130590e-06
8.000000e+00 7.400000e-01 7.647697e-01 3.211509e-03 1.103984e+00 -1.115871e-05
8.050000e+00 7.400000e-01 7.647703e-01 3.334717e-03 1.103986e+00 -1.307177e-05
8.100000e+00 7.400000e-01 7.647710e-01 3.049953e-03 1.103984e+00 -2.007369e-05
8.150000e+00 7.400000e-01 7.647724e-01 3.678997e-03 1.103994e+00 -1.951872e-05
8.200000e+00 7.400000e-01 7.647729e-01 2.359402e-03 1.103980e+00 -3.821880e-05
8.250000e+00 7.400000e-01 7.647762e-01 4.986162e-03 1.104014e+00 -2.559009e-05
8.300000e+00 7.400000e-01 7.647755e-01 4.914291e-05 1.103960e+00 -7.476812e-05
8.350000e+00 7.400000e-01 7.647837e-01 8.781916e-03 1.104066e+00 -3.015300e-05
8.400000e+00 7.400000e-01 7.647785e-01 -5.673654e-03 1.103908e+00 -1.372030e-04
8.450000e+00 7.400000e-01 7.647974e-01 1.659699e-02 1.104166e+00 -4.812406e-05
8.500000e+00 7.400000e-01 7.647833e-01 -1.509977e-02 1.103827e+00 -2.123979e-04
8.550000e+00 7.400000e-01 7.648186e-01 2.625188e-02 1.104291e+00 -1.307724e-04
8.600000e+00 7.400000e-01 7.647964e-01 -2.277091e-02 1.103784e+00 -2.717743e-04
8.650000e+00 7.400000e-01 7.648458e-01 2.977370e-02 1.104365e+00 -3.218284e-04
8.700000e+00 7.400000e-01 7.648286e-01 -2.153619e-02 1.103854e+00 -3.769603e-04
8.750000e+00 7.400000e-01 7.648835e-01 2.637406e-02 1.104406e+00 -5.423846e-04
8.800000e+00 7.400000e-01 7.648828e-01 -2.164690e-02 1.103938e+00 -7.300128e-04
8.850000e+00 7.400000e-01 7.649565e-01 3.590386e-02 1.104625e+00 -7.554573e-04
8.900000e+00 7.400000e-01 7.649584e-01 -4.123411e-02 1.103913e+00 -1.304858e-03
8.950000e+00 7.400000e-01 7.650870e-01 5.754378e-02 1.105013e+00 -1.381255e-03
9.000000e+00 7.400000e-01 7.650965e-01 -5.167986e-02 1.104089e+00 -1.874355e-03
9.050000e+00 7.400000e-01 7.652744e-01 5.055085e-02 1.105316e+00 -2.592980e-03
9.100000e+00 7.400000e-01 7.653558e-01 -3.823881e-02 1.104582e+00 -3.171445e-03
9.150000e+00 7.400000e-01 7.655916e-01 5.419812e-02 1.105975e+00 -3.937116e-03
9.200000e+00 7.400000e-01 7.657495e-01 -6.983051e-02 1.105068e+00 -5.653751e-03
9.250000e+00 7.400000e-01 7.661569e-01 9.313923e-02 1.107163e+00 -6.778922e-03
9.300000e+00 7.400000e-01 7.664274e-01 -7.933320e-02 1.106236e+00 -8.743530e-03
9.350000e+00 7.400000e-01 7.670313e-01 6.933535e-02 1.108715e+00 -1.171672e-02
9.400000e+00 7.400000e-01 7.675991e-01 -6.591959e-02 1.108120e+00 -1.510728e-02
9.450000e+00 7.400000e-01 7.685420e-01 1.053386e-01 1.111588e+00 -1.880205e-02
9.500000e+00 7.400000e-01 7.694793e-01 -1.167748e-01 1.111241e+00 -2.499880e-02
9.550000e+00 7.400000e-01 7.710419e-01 1.082922e-01 1.115734e+00 -3.252608e-02
9.600000e+00 7.400000e-01 7.727319e-01 -7.995344e-02 1.116190e+00 -4.157311e-02
9.650000e+00 7.400000e-01 7.751992e-01 1.128977e-01 1.122487e+00 -5.353779e-02
9.700000e+00 7.400000e-01 7.780857e-01 -1.229919e-01 1.123759e+00 -7.029762e-02
9.750000e+00 7.400000e-01 7.822290e-01 1.199356e-01 1.131241e+00 -9.173013e-02
9.800000e+00 7.400000e-01 7.872587e-01 -7.534553e-02 1.133252e+00 -1.195263e-01
9.850000e+00 7.400000e-01 7.941816e-01 1.124289e-01 1.141760e+00 -1.579907e-01
9.900000e+00 7.400000e-01 8.030577e-01 -5.484450e-02 1.142936e+00 -2.117299e-01
9.950000e+00 7.400000e-01 8.153546e-01 9.984754e-02 1.149470e+00 -2.899826e-01
1.000000e+01 7.400000e-01 8.320560e-01 6.428478e-02 0.000000e+00 0.000000e+00
0.000000e+00 7.600000e-01 8.545440e-01 3.120000e+00 0.000000e+00 0.000000e+00
5.000000e-02 7.600000e-01 8.545603e-01 3.097581e+00 1.092585e+00 -1.708376e-04
1.000000e-01 7.600000e-01 8.545611e-01 3.114151e+00 1.092833e+00 2.029132e-04
1.500000e-01 7.600000e-01 8.545400e-01 3.190798e+00 1.093264e+00 6.678489e-04
2.000000e-01 7.600000e-01 8.544943e-01 3.141210e+00 1.092718e+00 8.311307e-04
2.500000e-01 7.600000e-01 8.544569e-01 2.994737e+00 1.092392e+00 3.962355e-04
3.000000e-01 7.600000e-01 8.544547e-01 3.054344e+00 1.093539e+00 1.565763e-04
3.500000e-01 7.600000e-01 8.544412e-01 3.287716e+00 1.094218e+00 1.010391e-03
4.000000e-01 7.600000e-01 8.543536e-01 3.258582e+00 1.092585e+00 2.207717e-03
4.500000e-01 7.600000e-01 8.542204e-01 2.923179e+00 1.091368e+00 2.326121e-03
5.000000e-01 7.600000e-01 8.541210e-01 2.842598e+00 1.093819e+00 1.730136e-03
5.500000e-01 7.600000e-01 8.540474e-01 3.246850e+00 1.096853e+00 2.306664e-03
6.000000e-01 7.600000e-01 8.538904e-01 3.517781e+00 1.094699e+00 4.719423e-03
6.500000e-01 7.600000e-01 8.535755e-01 3.120897e+00 1.089430e+00 7.285537e-03
7.000000e-01 7.600000e-01 8.531618e-01 2.569547e+00 1.089754e+00 8.102562e-03
7.500000e-01 7.600000e-01 8.527652e-01 2.736686e+00 1.096799e+00 7.659017e-03
8.000000e-01 7.600000e-01 8.523959e-01 3.480425e+00 1.099635e+00 8.600845e-03
8.500000e-01 7.600000e-01 8.519051e-01 3.719892e+00 1.090892e+00 1.252319e-02
9.000000e-01 7.600000e-01 8.511436e-01 2.987124e+00 1.080118e+00 1.737771e-02
9.500000e-01 7.600000e-01 8.501674e-01 2.176587e+00 1.081922e+00 1.930039e-02
1.000000e+00 7.600000e-01 8.492135e-01 2.364042e+00 1.094293e+00 1.751320e-02
1.050000e+00 7.600000e-01 8.484161e-01 3.355507e+00 1.098995e+00 1.623975e-02
1.100000e+00 7.600000e-01 8.475896e-01 3.907185e+00 1.085548e+00 2.017831e-02
1.150000e+00 7.600000e-01 8.463982e-01 3.297706e+00 1.066439e+00 2.832164e-02
1.200000e+00 7.600000e-01 8.447574e-01 2.159669e+00 1.062345e+00 3.412630e-02
1.250000e+00 7.600000e-01 8.429856e-01 1.682252e+00 1.076971e+00 3.274274e-02
1.300000e+00 7.600000e-01 8.414831e-01 2.300475e+00 1.092413e+00 2.719450e-02
1.350000e+00 7.600000e-01 8.402661e-01 3.317499e+00 1.089604e+00 2.588145e-02
1.400000e+00 7.600000e-01 8.388950e-01 3.742880e+00 1.068855e+00 3.374498e-02
1.450000e+00 7.600000e-01 8.368916e-01 3.240064e+00 1.047906e+00 4.691350e-02
1.500000e+00 7.600000e-01 8.342036e-01 2.264572e+00 1.043470e+00 5.632177e-02
1.550000e+00 7.600000e-01 8.312595e-01 1.547814e+00 1.056753e+00 5.625387e-02
1.600000e+00 7.600000e-01 8.285782e-01 1.490039e+00 1.074743e+00 4.938494e-02
1.650000e+00 7.600000e-01 8.263210e-01 1.941921e+00 1.083080e+00 4.392381e-02
1.700000e+00 7.600000e-01 8.241859e-01 2.467546e+00 1.076818e+00 4.654607e-02
1.750000e+00 7.600000e-01 8.216664e-01 2.719219e+00 1.061005e+00 5.788421e-02
1.800000e+00 7.600000e-01 8.183974e-01 2.594040e+00 1.044538e+00 7.317831e-02
1.850000e+00 7.600000e-01 8.143485e-01 2.181113e+00 1.034235e+00 8.596470e-02
1.900000e+00 7.600000e-01 8.098010e-01 1.643554e+00 1.032462e+00 9.161526e-02
1.950000e+00 7.600000e-01 8.051870e-01 1.125126e+00 1.037905e+00 8.888879e-02
2.000000e+00 7.600000e-01 8.009121e-01 7.078344e-01 1.047607e+00 7.941862e-02
2.050000e+00 7.600000e-01 7.972452e-01 4.133724e-01 1.058702e+00 6.617597e-02
2.100000e+00 7.600000e-01 7.942945e-01 2.261709e-01 1.069230e+00 5.203982e-02
2.150000e+00 7.600000e-01 7.920412e-01 1.171540e-01 1.078204e+00 3.902969e-02
2.200000e+00 7.600000e-01 7.903915e-01 5.847832e-02 1.085346e+00 2.817305e-02
2.250000e+00 7.600000e-01 7.892239e-01 2.925152e-02 1.090766e+00 1.972585e-02
2.300000e+00 7.600000e-01 7.884189e-01 1.589978e-02 1.094745e+00 1.348518e-02
2.350000e+00 7.600000e-01 7.878753e-01 1.047036e-02 1.097593e+00 9.050223e-03
2.400000e+00 7.600000e-01 7.875139e-01 8.681661e-03 1.099593e+00 5.988809e-03
2.450000e+00 7.600000e-01 7.872765e-01 8.400248e-03 1.100977e+00 3.920712e-03
2.500000e+00 7.600000e-01 7.871219e-01 8.644485e-03 1.101925e+00 2.545702e-03
2.550000e+00 7.600000e-01 7.870219e-01 9.003994e-03 1.102567e+00 1.642120e-03
2.600000e+00 7.600000e-01 7.869576e-01 9.330509e-03 1.102999e+00 1.053448e-03
2.650000e+00 7.600000e-01 7.869166e-01 9.585727e-03 1.103288e+00 6.724557e-04
2.700000e+00 7.600000e-01 7.868904e-01 9.771943e-03 1.103480e+00 4.271787e-04
2.750000e+00 7.600000e-01 7.868738e-01 9.902986e-03 1.103608e+00 2.699984e-04
2.800000e+00 7.600000e-01 7.868634e-01 9.993356e-03 1.103692e+00 1.697096e-04
2.850000e+00 7.600000e-01 7.868569e-01 1.005495e-02 1.103747e+00 1.060023e-04
2.900000e+00 7.600000e-01 7.868528e-01 1.009662e-02 1.103784e+00 6.572458e-05
2.950000e+00 7.600000e-01 7.868503e-01 1.012470e-02 1.103808e+00 4.039419e-05
3.000000e+00 7.600000e-01 7.868488e-01 1.014355e-02 1.103823e+00 2.456051e-05
3.050000e+00 7.600000e-01 7.868478e-01 1.015617e-02 1.103833e+00 1.473315e-05
3.100000e+00 7.600000e-01 7.868473e-01 1.016462e-02 1.103840e+00 8.685123e-06
3.150000e+00 7.600000e-01 7.868470e-01 1.017025e-02 1.103844e+00 5.001189e-06
3.200000e+00 7.600000e-01 7.868468e-01 1.017400e-02 1.103846e+00 2.785915e-06
3.250000e+00 7.600000e-01 7.868467e-01 1.017649e-02 1.103848e+00 1.475600e-06
3.300000e+00 7.600000e-01 7.868466e-01 1.017815e-02 1.103849e+00 7.174152e-07
3.350000e+00 7.600000e-01 7.868466e-01 1.017924e-02 1.103850e+00 2.920011e-07
3.400000e+00 7.600000e-01 7.868466e-01 1.017996e-02 1.103850e+00 6.405205e-08
3.450000e+00 7.600000e-01 7.868466e-01 1.018043e-02 1.103851e+00 -4.910148e-08
3.500000e+00 7.600000e-01 7.868466e-01 1.018074e-02 1.103851e+00 -9.738403e-08
3.550000e+00 7.600000e-01 7.868466e-01 1.018095e-02 1.103851e+00 -1.105061e-07
3.600000e+00 7.600000e-01 7.868466e-01 1.018108e-02 1.103851e+00 -1.058139e-07
3.650000e+00 7.600000e-01 7.868466e-01 1.018116e-02 1.103851e+00 -9.317473e-08
3.700000e+00 7.600000e-01 7.868466e-01 1.018121e-02 1.103851e+00 -7.799428e-08
3.750000e+00 7.600000e-01 7.868466e-01 1.018124e-02 1.103851e+00 -6.306394e-08
3.800000e+00 7.600000e-01 7.868466e-01 1.018126e-02 1.103851e+00 -4.967933e-08
3.850000e+00 7.600000e-01 7.868466e-01 1.018127e-02 1.103851e+00 -3.830883e-08
3.900000e+00 7.600000e-01 7.868466e-01 1.018128e-02 1.103851e+00 -2.898644e-08
3.950000e+00 7.600000e-01 7.868466e-01 1.018128e-02 1.103851e+00 -2.153755e-08
4.000000e+00 7.600000e-01 7.868466e-01 1.018129e-02 1.103851e+00 -1.570490e-08
4.050000e+00 7.600000e-01 7.868466e-01 1.018129e-02 1.103851e+00 -1.121553e-08
4.100000e+00 7.600000e-01 7.868466e-01 1.018129e-02 1.103851e+00 -7.813877e-09
4.150000e+00 7.600000e-01 7.868466e-01 1.018128e-02 1.103851e+00 -5.275868e-09
4.200000e+00 7.600000e-01 7.868466e-01 1.018128e-02 1.103851e+00 -3.412702e-09
4.250000e+00 7.600000e-01 7.868466e-01 1.018128e-02 1.103851e+00 -2.069525e-09
4.300000e+00 7.600000e-01 7.868466e-01 1.018128e-02 1.103851e+00 -1.121777e-09
4.350000e+00 7.600000e-01 7.868466e-01 1.018128e-02 1.103851e+00 -4.707534e-10
4.400000e+00 7.600000e-01 7.868466e-01 1.018128e-02 1.103851e+00 -3.924638e-11
4.450000e+00 7.600000e-01 7.868466e-01 1.018128e-02 1.103851e+00 2.324541e-10
4.500000e+00 7.600000e-01 7.868466e-01 1.018128e-02 1.103851e+00 3.900114e-10
4.550000e+00 7.600000e-01 7.868466e-01 1.018128e-02 1.103851e+00 4.679357e-10
4.600000e+00 7.600000e-01 7.868466e-01 1.018128e-02 1.103851e+00 4.919898e-10
4.650000e+00 7.600000e-01 7.868466e-01 1.018128e-02 1.103851e+00 4.811107e-10
4.700000e+00 7.600000e-01 7.868466e-01 1.018128e-02 1.103851e+00 4.489809e-10
4.750000e+00 7.600000e-01 7.868466e-01 1.018128e-02 1.103851e+00 4.052814e-10
4.800000e+00 7.600000e-01 7.868466e-01 1.018128e-02 1.103851e+00 3.566636e-10
4.850000e+00 7.600000e-01 7.868466e-01 1.018128e-02 1.103851e+00 3.075395e-10
4.900000e+00 7.600000e-01 7.868466e-01 1.018128e-02 1.103851e+00 2.606715e-10
4.950000e+00 7.600000e-01 7.868466e-01 1.018128e-02 1.103851e+00 2.176426e-10
5.000000e+00 7.600000e-01 7.868466e-01 1.018128e-02 1.103851e+00 1.792122e-10
5.050000e+00 7.600000e-01 7.868466e-01 1.018128e-02 1.103851e+00 1.455613e-10
5.100000e+00 7.600000e-01 7.868466e-01 1.018128e-02 1.103851e+00 1.165168e-10
5.150000e+00 7.600000e-01 7.868466e-01 1.018128e-02 1.103851e+00 9.165779e-11
5.200000e+00 7.600000e-01 7.868466e-01 1.018128e-02 1.103851e+00 7.044143e-11
5.250000e+00 7.600000e-01 7.868466e-01 1.018128e-02 1.103851e+00 5.227041e-11
5.300000e+00 7.600000e-01 7.868466e-01 1.018128e-02 1.103851e+00 3.652079e-11
5.350000e+00 7.600000e-01 7.868466e-01 1.018128e-02 1.103851e+00 2.257527e-11
5.400000e+00 7.600000e-01 7.868466e-01 1.018128e-02 1.103851e+00 9.811041e-12
5.450000e+00 7.600000e-01 7.868466e-01 1.018128e-02 1.103851e+00 -2.384759e-12
5.500000e+00 7.600000e-01 7.868466e-01 1.018128e-02 1.103851e+00 -1.463274e-11
5.550000e+00 7.600000e-01 7.868466e-01 1.018128e-02 1.103851e+00 -2.758682e-11
5.600000e+00 7.600000e-01 7.868466e-01 1.018128e-02 1.103851e+00 -4.195755e-11
5.650000e+00 7.600000e-01 7.868466e-01 1.018128e-02 1.103851e+00 -5.855871e-11
5.700000e+00 7.600000e-01 7.868466e-01 1.018128e-02 1.103851e+00 -7.834511e-11
5.750000e+00 7.600000e-01 7.868466e-01 1.018128e-02 1.103851e+00 -1.024725e-10
5.800000e+00 7.600000e-01 7.868466e-01 1.018128e-02 1.103851e+00 -1.323852e-10
5.850000e+00 7.600000e-01 7.868466e-01 1.018128e-02 1.103851e+00 -1.699019e-10
5.900000e+00 7.600000e-01 7.868466e-01 1.018128e-02 1.103851e+00 -2.173484e-10
5.950000e+00 7.600000e-01 7.868466e-01 1.018128e-02 1.103851e+00 -2.777134e-10
6.000000e+00 7.600000e-01 7.868466e-01 1.018128e-02 1.103851e+00 -3.548339e-10
6.050000e+00 7.600000e-01 7.868466e-01 1.018128e-02 1.103851e+00 -4.536893e-10
6.100000e+00 7.600000e-01 7.868466e-01 1.018128e-02 1.103851e+00 -5.807310e-10
6.150000e+00 7.600000e-01 7.868466e-01 1.018128e-02 1.103851e+00 -7.443113e-10
6.200000e+00 7.600000e-01 7.868466e-01 1.018128e-02 1.103851e+00 -9.552992e-10
6.250000e+00 7.600000e-01 7.868466e-01 1.018128e-02 1.103851e+00 -1.227798e-09
6.300000e+00 7.600000e-01 7.868466e-01 1.018128e-02 1.103851e+00 -1.580130e-09
6.350000e+00 7.600000e-01 7.868466e-01 1.018128e-02 1.103851e+00 -2.036133e-09
6.400000e+00 7.600000e-01 7.868466e-01 1.018128e-02 1.103851e+00 -2.626774e-09
6.450000e+00 7.600000e-01 7.868466e-01 1.018128e-02 1.103851e+00 -3.392338e-09
6.500000e+00 7.600000e-01 7.868466e-01 1.018128e-02 1.103851e+00 -4.385198e-09
6.550000e+00 7.600000e-01 7.868466e-01 1.018128e-02 1.103851e+00 -5.673462e-09
6.600000e+00 7.600000e-01 7.868466e-01 1.018128e-02 1.103851e+00 -7.345708e-09
6.650000e+00 7.600000e-01 7.868466e-01 1.018128e-02 1.103851e+00 -9.517123e-09
6.700000e+00 7.600000e-01 7.868466e-01 1.018128e-02 1.103851e+00 -1.233751e-08
6.750000e+00 7.600000e-01 7.868466e-01 1.018128e-02 1.103851e+00 -1.600169e-08
6.800000e+00 7.600000e-01 7.868467e-01 1.018128e-02 1.103851e+00 -2.076296e-08
6.850000e+00 7.600000e-01 7.868467e-01 1.018128e-02 1.103851e+00 -2.695072e-08
6.900000e+00 7.600000e-01 7.868467e-01 1.018128e-02 1.103851e+00 -3.499325e-08
6.950000e+00 7.600000e-01 7.868467e-01 1.018128e-02 1.103851e+00 -4.544729e-08
7.000000e+00 7.600000e-01 7.868467e-01 1.018129e-02 1.103851e+00 -5.903663e-08
7.050000e+00 7.600000e-01 7.868467e-01 1.018129e-02 1.103851e+00 -7.670198e-08
7.100000e+00 7.600000e-01 7.868467e-01 1.018129e-02 1.103851e+00 -9.966595e-08
7.150000e+00 7.600000e-01 7.868467e-01 1.018129e-02 1.103851e+00 -1.295173e-07
7.200000e+00 7.600000e-01 7.868467e-01 1.018130e-02 1.103851e+00 -1.683203e-07
7.250000e+00 7.600000e-01 7.868467e-01 1.018130e-02 1.103851e+00 -2.187566e-07
7.300000e+00 7.600000e-01 7.868467e-01 1.018131e-02 1.103851e+00 -2.843097e-07
7.350000e+00 7.600000e-01 7.868467e-01 1.018132e-02 1.103851e+00 -3.695029e-07
7.400000e+00 7.600000e-01 7.868467e-01 1.018133e-02 1.103851e+00 -4.802134e-07
7.450000e+00 7.600000e-01 7.868468e-01 1.018134e-02 1.103851e+00 -6.240586e-07
7.500000e+00 7.600000e-01 7.868468e-01 1.018136e-02 1.103851e+00 -8.109745e-07
7.550000e+00 7.600000e-01 7.868468e-01 1.018139e-02 1.103851e+00 -1.053691e-06
7.600000e+00 7.600000e-01 7.868469e-01 1.018141e-02 1.103851e+00 -1.369289e-06
7.650000e+00 7.600000e-01 7.868470e-01 1.018151e-02 1.103851e+00 -1.778097e-06
7.700000e+00 7.600000e-01 7.868471e-01 1.018137e-02 1.103851e+00 -2.312276e-06
7.750000e+00 7.600000e-01 7.868472e-01 1.018204e-02 1.103851e+00 -2.995910e-06
7.800000e+00 7.600000e-01 7.868474e-01 1.018038e-02 1.103852e+00 -3.911982e-06
7.850000e+00 7.600000e-01 7.868476e-01 1.018546e-02 1.103852e+00 -5.021829e-06
7.900000e+00 7.600000e-01 7.868479e-01 1.017218e-02 1.103852e+00 -6.672806e-06
7.950000e+00 7.600000e-01 7.868483e-01 1.020734e-02 1.103853e+00 -8.278029e-06
8.000000e+00 7.600000e-01 7.868487e-01 1.012044e-02 1.103853e+00 -1.167061e-05
8.050000e+00 7.600000e-01 7.868494e-01 1.032896e-02 1.103855e+00 -1.302082e-05
8.100000e+00 7.600000e-01 7.868500e-01 9.854458e-03 1.103852e+00 -2.153510e-05
8.150000e+00 7.600000e-01 7.868516e-01 1.088808e-02 1.103862e+00 -1.834329e-05
8.200000e+00 7.600000e-01 7.868518e-01 8.752698e-03 1.103845e+00 -4.252837e-05
8.250000e+00 7.600000e-01 7.868558e-01 1.294064e-02 1.103884e+00 -2.081835e-05
8.300000e+00 7.600000e-01 7.868539e-01 5.190916e-03 1.103818e+00 -8.572207e-05
8.350000e+00 7.600000e-01 7.868644e-01 1.868874e-02 1.103939e+00 -1.824513e-05
8.400000e+00 7.600000e-01 7.868558e-01 -3.303340e-03 1.103756e+00 -1.579855e-04
8.450000e+00 7.600000e-01 7.868802e-01 3.005190e-02 1.104040e+00 -3.025826e-05
8.500000e+00 7.600000e-01 7.868588e-01 -1.668806e-02 1.103665e+00 -2.372119e-04
8.550000e+00 7.600000e-01 7.869039e-01 4.340777e-02 1.104155e+00 -1.211713e-04
8.600000e+00 7.600000e-01 7.868709e-01 -2.693808e-02 1.103619e+00 -2.847269e-04
8.650000e+00 7.600000e-01 7.869324e-01 4.785942e-02 1.104207e+00 -3.346505e-04
8.700000e+00 7.600000e-01 7.869044e-01 -2.523712e-02 1.103677e+00 -3.830772e-04
8.750000e+00 7.600000e-01 7.869707e-01 4.405604e-02 1.104227e+00 -5.551856e-04
8.800000e+00 7.600000e-01 7.869599e-01 -2.693856e-02 1.103723e+00 -7.716592e-04
8.850000e+00 7.600000e-01 7.870479e-01 5.844985e-02 1.104415e+00 -7.450037e-04
8.900000e+00 7.600000e-01 7.870344e-01 -5.352460e-02 1.103659e+00 -1.375441e-03
8.950000e+00 7.600000e-01 7.871854e-01 8.621338e-02 1.104715e+00 -1.410239e-03
9.000000e+00 7.600000e-01 7.871754e-01 -6.618884e-02 1.103778e+00 -1.924969e-03
9.050000e+00 7.600000e-01 7.873779e-01 7.842110e-02 1.104918e+00 -2.674895e-03
9.100000e+00 7.600000e-01 7.874429e-01 -5.308579e-02 1.104099e+00 -3.290169e-03
9.150000e+00 7.600000e-01 7.877069e-01 8.794668e-02 1.105429e+00 -4.012912e-03
9.200000e+00 7.600000e-01 7.878442e-01 -9.393194e-02 1.104394e+00 -5.857397e-03
9.250000e+00 7.600000e-01 7.882927e-01 1.341280e-01 1.106249e+00 -6.978137e-03
9.300000e+00 7.600000e-01 7.885420e-01 -1.051756e-01 1.105213e+00 -9.013645e-03
9.350000e+00 7.600000e-01 7.891940e-01 1.131668e-01 1.107390e+00 -1.202195e-02
9.400000e+00 7.600000e-01 7.897442e-01 -9.953593e-02 1.106389e+00 -1.560146e-02
9.450000e+00 7.600000e-01 7.907542e-01 1.598865e-01 1.109408e+00 -1.933197e-02
9.500000e+00 7.600000e-01 7.916774e-01 -1.541206e-01 1.108562e+00 -2.569648e-02
9.550000e+00 7.600000e-01 7.933238e-01 1.679809e-01 1.112221e+00 -3.332296e-02
9.600000e+00 7.600000e-01 7.950097e-01 -1.272656e-01 1.111578e+00 -4.270020e-02
9.650000e+00 7.600000e-01 7.975939e-01 1.876095e-01 1.116678e+00 -5.474893e-02
9.700000e+00 7.600000e-01 8.004846e-01 -1.684387e-01 1.116095e+00 -7.164393e-02
9.750000e+00 7.600000e-01 8.047583e-01 2.024137e-01 1.121399e+00 -9.302781e-02
9.800000e+00 7.600000e-01 8.097874e-01 -1.254240e-01 1.119602e+00 -1.208054e-01
9.850000e+00 7.600000e-01 8.168388e-01 2.134020e-01 1.123705e+00 -1.586653e-01
9.900000e+00 7.600000e-01 8.256539e-01 -7.022749e-02 1.116512e+00 -2.113306e-01
9.950000e+00 7.600000e-01 8.379719e-01 2.305193e-01 1.111568e+00 -2.889011e-01
1.000000e+01 7.600000e-01 8.545440e-01 1.636592e-01 0.000000e+00 0.000000e+00
0.000000e+00 7.800000e-01 8.757840e-01 3.360000e+00 0.000000e+00 0.000000e+00
5.000000e-02 7.800000e-01 8.757937e-01 3.357478e+00 1.028111e+00 -1.020500e-04
1.000000e-01 7.800000e-01 8.757942e-01 3.378317e+00 1.027965e+00 2.493723e-04
1.500000e-01 7.800000e-01 8.757688e-01 3.369420e+00 1.027897e+00 6.920688e-04
2.000000e-01 7.800000e-01 8.757250e-01 3.319668e+00 1.028284e+00 6.433497e-04
2.500000e-01 7.800000e-01 8.757045e-01 3.332381e+00 1.028828e+00 1.756510e-04
3.000000e-01 7.800000e-01 8.757074e-01 3.416707e+00 1.028540e+00 3.485822e-04
3.500000e-01 7.800000e-01 8.756696e-01 3.414128e+00 1.027715e+00 1.398809e-03
4.000000e-01 7.800000e-01 8.755676e-01 3.286226e+00 1.028016e+00 1.995279e-03
4.500000e-01 7.800000e-01 8.754701e-01 3.245190e+00 1.029673e+00 1.507489e-03
5.000000e-01 7.800000e-01 8.754168e-01 3.404228e+00 1.030551e+00 1.450757e-03
5.500000e-01 7.800000e-01 8.753250e-01 3.523378e+00 1.029273e+00 3.179484e-03
6.000000e-01 7.800000e-01 8.750989e-01 3.358387e+00 1.027773e+00 5.528907e-03
6.500000e-01 7.800000e-01 8.747721e-01 3.105571e+00 1.028944e+00 6.506264e-03
7.000000e-01 7.800000e-01 8.744482e-01 3.168271e+00 1.032060e+00 6.459094e-03
7.500000e-01 7.800000e-01 8.741262e-01 3.517216e+00 1.032800e+00 7.691983e-03
8.000000e-01 7.800000e-01 8.736790e-01 3.644007e+00 1.028941e+00 1.109817e-02
8.500000e-01 7.800000e-01 8.730164e-01 3.270863e+00 1.024460e+00 1.475278e-02
9.000000e-01 7.800000e-01 8.722038e-01 2.818093e+00 1.025226e+00 1.637065e-02
9.500000e-01 7.800000e-01 8.713793e-01 2.889348e+00 1.030715e+00 1.623015e-02
1.000000e+00 7.800000e-01 8.705807e-01 3.444333e+00 1.033183e+00 1.689085e-02
1.050000e+00 7.800000e-01 8.696902e-01 3.789033e+00 1.026912e+00 2.026809e-02
1.100000e+00 7.800000e-01 8.685539e-01 3.421625e+00 1.016474e+00 2.542923e-02
1.150000e+00 7.800000e-01 8.671473e-01 2.655949e+00 1.012650e+00 2.935926e-02
1.200000e+00 7.800000e-01 8.656180e-01 2.265713e+00 1.019928e+00 2.989746e-02
1.250000e+00 7.800000e-01 8.641576e-01 2.632861e+00 1.030403e+00 2.811644e-02
1.300000e+00 7.800000e-01 8.628064e-01 3.365222e+00 1.031552e+00 2.782809e-02
1.350000e+00 7.800000e-01 8.613747e-01 3.736216e+00 1.019588e+00 3.226745e-02
1.400000e+00 7.800000e-01 8.595796e-01 3.389790e+00 1.003680e+00 4.082062e-02
1.450000e+00 7.800000e-01 8.572927e-01 2.584365e+00 9.971727e-01 4.901626e-02
1.500000e+00 7.800000e-01 8.546780e-01 1.891418e+00 1.005567e+00 5.215222e-02
1.550000e+00 7.800000e-01 8.520775e-01 1.721983e+00 1.022304e+00 4.949929e-02
1.600000e+00 7.800000e-01 8.497281e-01 2.059467e+00 1.035106e+00 4.517114e-02
1.650000e+00 7.800000e-01 8.475603e-01 2.567420e+00 1.035940e+00 4.485859e-02
1.700000e+00 7.800000e-01 8.452422e-01 2.895496e+00 1.025636e+00 5.159545e-02
1.750000e+00 7.800000e-01 8.424008e-01 2.879301e+00 1.011203e+00 6.397632e-02
1.800000e+00 7.800000e-01 8.388446e-01 2.546388e+00 1.000355e+00 7.742750e-02
1.850000e+00 7.800000e-01 8.346581e-01 2.027999e+00 9.976415e-01 8.695016e-02
1.900000e+00 7.800000e-01 8.301496e-01 1.470286e+00 1.003544e+00 8.945460e-02
1.950000e+00 7.800000e-01 8.257126e-01 9.793994e-01 1.015728e+00 8.460903e-02
2.000000e+00 7.800000e-01 8.216886e-01 6.045311e-01 1.030925e+00 7.423678e-02
2.050000e+00 7.800000e-01 8.182889e-01 3.486958e-01 1.046336e+00 6.104709e-02
2.100000e+00 7.800000e-01 8.155839e-01 1.900528e-01 1.060185e+00 4.752115e-02
2.150000e+00 7.800000e-01 8.135368e-01 1.000575e-01 1.071673e+00 3.534047e-02
2.200000e+00 7.800000e-01 8.120499e-01 5.355011e-02 1.080680e+00 2.531654e-02
2.250000e+00 7.800000e-01 8.110051e-01 3.214326e-02 1.087454e+00 1.759757e-02
2.300000e+00 7.800000e-01 8.102901e-01 2.396195e-02 1.092390e+00 1.194450e-02
2.350000e+00 7.800000e-01 8.098107e-01 2.205813e-02 1.095901e+00 7.959258e-03
2.400000e+00 7.800000e-01 8.094942e-01 2.272287e-02 1.098350e+00 5.229438e-03
2.450000e+00 7.800000e-01 8.092878e-01 2.416200e-02 1.100034e+00 3.399223e-03
2.500000e+00 7.800000e-01 8.091543e-01 2.561119e-02 1.101179e+00 2.191361e-03
2.550000e+00 7.800000e-01 8.090686e-01 2.680949e-02 1.101949e+00 1.403376e-03
2.600000e+00 7.800000e-01 8.090139e-01 2.771548e-02 1.102464e+00 8.936731e-04
2.650000e+00 7.800000e-01 8.089792e-01 2.836807e-02 1.102807e+00 5.661154e-04
2.700000e+00 7.800000e-01 8.089573e-01 2.882502e-02 1.103033e+00 3.567259e-04
2.750000e+00 7.800000e-01 8.089436e-01 2.913954e-02 1.103182e+00 2.235056e-04
2.800000e+00 7.800000e-01 8.089350e-01 2.935372e-02 1.103280e+00 1.391366e-04
2.850000e+00 7.800000e-01 8.089297e-01 2.949857e-02 1.103344e+00 8.596441e-05
2.900000e+00 7.800000e-01 8.089264e-01 2.959609e-02 1.103386e+00 5.263417e-05
2.950000e+00 7.800000e-01 8.089244e-01 2.966153e-02 1.103413e+00 3.187104e-05
3.000000e+00 7.800000e-01 8.089232e-01 2.970533e-02 1.103431e+00 1.903092e-05
3.050000e+00 7.800000e-01 8.089225e-01 2.973459e-02 1.103442e+00 1.115989e-05
3.100000e+00 7.800000e-01 8.089221e-01 2.975410e-02 1.103450e+00 6.386493e-06
3.150000e+00 7.800000e-01 8.089219e-01 2.976708e-02 1.103454e+00 3.530345e-06
3.200000e+00 7.800000e-01 8.089217e-01 2.977571e-02 1.103457e+00 1.850742e-06
3.250000e+00 7.800000e-01 8.089217e-01 2.978143e-02 1.103459e+00 8.856613e-07
3.300000e+00 7.800000e-01 8.089216e-01 2.978521e-02 1.103460e+00 3.489252e-07
3.350000e+00 7.800000e-01 8.089216e-01 2.978770e-02 1.103461e+00 6.475620e-08
3.400000e+00 7.800000e-01 8.089216e-01 2.978934e-02 1.103462e+00 -7.372467e-08
3.450000e+00 7.800000e-01 8.089216e-01 2.979041e-02 1.103462e+00 -1.306957e-07
3.500000e+00 7.800000e-01 8.089217e-01 2.979111e-02 1.103462e+00 -1.440880e-07
3.550000e+00 7.800000e-01 8.089217e-01 2.979156e-02 1.103462e+00 -1.358585e-07
3.600000e+00 7.800000e-01 8.089217e-01 2.979185e-02 1.103462e+00 -1.183595e-07
3.650000e+00 7.800000e-01 8.089217e-01 2.979203e-02 1.103462e+00 -9.825509e-08
3.700000e+00 7.800000e-01 8.089217e-01 2.979215e-02 1.103462e+00 -7.890764e-08
3.750000e+00 7.800000e-01 8.089217e-01 2.979222e-02 1.103462e+00 -6.181281e-08
3.800000e+00 7.800000e-01 8.089217e-01 2.979226e-02 1.103462e+00 -4.745125e-08
3.850000e+00 7.800000e-01 8.089217e-01 2.979228e-02 1.103462e+00 -3.578399e-08
3.900000e+00 7.800000e-01 8.089217e-01 2.979230e-02 1.103462e+00 -2.653343e-08
3.950000e+00 7.800000e-01 8.089217e-01 2.979230e-02 1.103462e+00 -1.933724e-08
4.000000e+00 7.800000e-01 8.089217e-01 2.979231e-02 1.103462e+00 -1.382811e-08
4.050000e+00 7.800000e-01 8.089217e-01 2.979231e-02 1.103462e+00 -9.671181e-09
4.100000e+00 7.800000e-01 8.089217e-01 2.979230e-02 1.103462e+00 -6.578481e-09
4.150000e+00 7.800000e-01 8.089217e-01 2.979230e-02 1.103462e+00 -4.311153e-09
4.200000e+00 7.800000e-01 8.089217e-01 2.979230e-02 1.103462e+00 -2.675841e-09
4.250000e+00 7.800000e-01 8.089217e-01 2.979230e-02 1.103462e+00 -1.518778e-09
4.300000e+00 7.800000e-01 8.089217e-01 2.979230e-02 1.103462e+00 -7.193535e-10
4.350000e+00 7.800000e-01 8.089217e-01 2.979230e-02 1.103462e+00 -1.839995e-10
4.400000e+00 7.800000e-01 8.089217e-01 2.979230e-02 1.103462e+00 1.591371e-10
4.450000e+00 7.800000e-01 8.089217e-01 2.979229e-02 1.103462e+00 3.646916e-10
4.500000e+00 7.800000e-01 8.089217e-01 2.979229e-02 1.103462e+00 4.738021e-10
4.550000e+00 7.800000e-01 8.089217e-01 2.979229e-02 1.103462e+00 5.170941e-10
4.600000e+00 7.800000e-01 8.089217e-01 2.979229e-02 1.103462e+00 5.170897e-10
4.650000e+00 7.800000e-01 8.089217e-01 2.979229e-02 1.103462e+00 4.900880e-10
4.700000e+00 7.800000e-01 8.089217e-01 2.979229e-02 1.103462e+00 4.476686e-10
4.750000e+00 7.800000e-01 8.089217e-01 2.979229e-02 1.103462e+00 3.978695e-10
4.800000e+00 7.800000e-01 8.089217e-01 2.979229e-02 1.103462e+00 3.460721e-10
4.850000e+00 7.800000e-01 8.089217e-01 2.979229e-02 1.103462e+00 2.957434e-10
4.900000e+00 7.800000e-01 8.089217e-01 2.979229e-02 1.103462e+00 2.489398e-10
4.950000e+00 7.800000e-01 8.089217e-01 2.979229e-02 1.103462e+00 2.067335e-10
5.000000e+00 7.800000e-01 8.089217e-01 2.979229e-02 1.103462e+00 1.695277e-10
5.050000e+00 7.800000e-01 8.089217e-01 2.979229e-02 1.103462e+00 1.372680e-10
5.100000e+00 7.800000e-01 8.089217e-01 2.979229e-02 1.103462e+00 1.096212e-10
5.150000e+00 7.800000e-01 8.089217e-01 2.979229e-02 1.103462e+00 8.607115e-11
5.200000e+00 7.800000e-01 8.089217e-01 2.979229e-02 1.103462e+00 6.603162e-11
5.250000e+00 7.800000e-01 8.089217e-01 2.979229e-02 1.103462e+00 4.887868e-11
5.300000e+00 7.800000e-01 8.089217e-01 2.979229e-02 1.103462e+00 3.398726e-11
5.350000e+00 7.800000e-01 8.089217e-01 2.979229e-02 1.103462e+00 2.075007e-11
5.400000e+00 7.800000e-01 8.089217e-01 2.979229e-02 1.103462e+00 8.565371e-12
5.450000e+00 7.800000e-01 8.089217e-01 2.979229e-02 1.103462e+00 -3.165246e-12
5.500000e+00 7.800000e-01 8.089217e-01 2.979229e-02 1.103462e+00 -1.504352e-11
5.550000e+00 7.800000e-01 8.089217e-01 2.979229e-02 1.103462e+00 -2.771117e-11
5.600000e+00 7.800000e-01 8.089217e-01 2.979229e-02 1.103462e+00 -4.186762e-11
5.650000e+00 7.800000e-01 8.089217e-01 2.979229e-02 1.103462e+00 -5.830003e-11
5.700000e+00 7.800000e-01 8.089217e-01 2.979229e-02 1.103462e+00 -7.797207e-11
5.750000e+00 7.800000e-01 8.089217e-01 2.979229e-02 1.103462e+00 -1.020439e-10
5.800000e+00 7.800000e-01 8.089217e-01 2.979229e-02 1.103462e+00 -1.319556e-10
5.850000e+00 7.800000e-01 8.089217e-01 2.979229e-02 1.103462e+00 -1.695466e-10
5.900000e+00 7.800000e-01 8.089217e-01 2.979229e-02 1.103462e+00 -2.171607e-10
5.950000e+00 7.800000e-01 8.089217e-01 2.979229e-02 1.103462e+00 -2.778122e-10
6.000000e+00 7.800000e-01 8.089217e-01 2.979229e-02 1.103462e+00 -3.553835e-10
6.050000e+00 7.800000e-01 8.089217e-01 2.979229e-02 1.103462e+00 -4.549150e-10
6.100000e+00 7.800000e-01 8.089217e-01 2.979229e-02 1.103462e+00 -5.829370e-10
6.150000e+00 7.800000e-01 8.089217e-01 2.979229e-02 1.103462e+00 -7.479029e-10
6.200000e+00 7.800000e-01 8.089217e-01 2.979229e-02 1.103462e+00 -9.608236e-10
6.250000e+00 7.800000e-01 8.089217e-01 2.979229e-02 1.103462e+00 -1.235994e-09
6.300000e+00 7.800000e-01 8.089217e-01 2.979229e-02 1.103462e+00 -1.591981e-09
6.350000e+00 7.800000e-01 8.089217e-01 2.979229e-02 1.103462e+00 -2.052950e-09
6.400000e+00 7.800000e-01 8.089217e-01 2.979229e-02 1.103462e+00 -2.650303e-09
6.450000e+00 7.800000e-01 8.089217e-01 2.979229e-02 1.103462e+00 -3.424885e-09
6.500000e+00 7.800000e-01 8.089217e-01 2.979229e-02 1.103462e+00 -4.429820e-09
6.550000e+00 7.800000e-01 8.089217e-01 2.979229e-02 1.103462e+00 -5.734205e-09
6.600000e+00 7.800000e-01 8.089217e-01 2.979229e-02 1.103462e+00 -7.427911e-09
6.650000e+00 7.800000e-01 8.089217e-01 2.979229e-02 1.103462e+00 -9.627821e-09
6.700000e+00 7.800000e-01 8.089217e-01 2.979229e-02 1.103462e+00 -1.248598e-08
6.750000e+00 7.800000e-01 8.089217e-01 2.979230e-02 1.103462e+00 -1.620012e-08
6.800000e+00 7.800000e-01 8.089217e-01 2.979230e-02 1.103462e+00 -2.102739e-08
6.850000e+00 7.800000e-01 8.089217e-01 2.979230e-02 1.103462e+00 -2.730223e-08
6.900000e+00 7.800000e-01 8.089217e-01 2.979230e-02 1.103462e+00 -3.545949e-08
6.950000e+00 7.800000e-01 8.089217e-01 2.979230e-02 1.103462e+00 -4.606457e-08
7.000000e+00 7.800000e-01 8.089217e-01 2.979231e-02 1.103462e+00 -5.985255e-08
7.050000e+00 7.800000e-01 8.089217e-01 2.979231e-02 1.103462e+00 -7.777894e-08
7.100000e+00 7.800000e-01 8.089217e-01 2.979232e-02 1.103462e+00 -1.010857e-07
7.150000e+00 7.800000e-01 8.089217e-01 2.979233e-02 1.103462e+00 -1.313869e-07
7.200000e+00 7.800000e-01 8.089217e-01 2.979234e-02 1.103462e+00 -1.707800e-07
7.250000e+00 7.800000e-01 8.089217e-01 2.979235e-02 1.103462e+00 -2.219898e-07
7.300000e+00 7.800000e-01 8.089217e-01 2.979237e-02 1.103462e+00 -2.885565e-07
7.350000e+00 7.800000e-01 8.089218e-01 2.979239e-02 1.103462e+00 -3.750769e-07
7.400000e+00 7.800000e-01 8.089218e-01 2.979242e-02 1.103462e+00 -4.875264e-07
7.450000e+00 7.800000e-01 8.089218e-01 2.979246e-02 1.103462e+00 -6.336427e-07
7.500000e+00 7.800000e-01 8.089218e-01 2.979251e-02 1.103462e+00 -8.235464e-07
7.550000e+00 7.800000e-01 8.089219e-01 2.979259e-02 1.103462e+00 -1.070115e-06
7.600000e+00 7.800000e-01 8.089220e-01 2.979264e-02 1.103462e+00 -1.390930e-06
7.650000e+00 7.800000e-01 8.089220e-01 2.979287e-02 1.103462e+00 -1.805995e-06
7.700000e+00 7.800000e-01 8.089221e-01 2.979268e-02 1.103462e+00 -2.350045e-06
7.750000e+00 7.800000e-01 8.089223e-01 2.979388e-02 1.103462e+00 -3.041659e-06
7.800000e+00 7.800000e-01 8.089224e-01 2.979123e-02 1.103462e+00 -3.981882e-06
7.850000e+00 7.800000e-01 8.089227e-01 2.979964e-02 1.103463e+00 -5.086451e-06
7.900000e+00 7.800000e-01 8.089229e-01 2.977846e-02 1.103463e+00 -6.825234e-06
7.950000e+00 7.800000e-01 8.089233e-01 2.983450e-02 1.103463e+00 -8.311928e-06
8.000000e+00 7.800000e-01 8.089238e-01 2.969866e-02 1.103462e+00 -1.209813e-05
8.050000e+00 7.800000e-01 8.089246e-01 3.002139e-02 1.103465e+00 -1.273321e-05
8.100000e+00 7.800000e-01 8.089250e-01 2.929842e-02 1.103461e+00 -2.293081e-05
8.150000e+00 7.800000e-01 8.089268e-01 3.085326e-02 1.103471e+00 -1.665986e-05
8.200000e+00 7.800000e-01 8.089267e-01 2.768904e-02 1.103452e+00 -4.685793e-05
8.250000e+00 7.800000e-01 8.089315e-01 3.380790e-02 1.103491e+00 -1.509985e-05
8.300000e+00 7.800000e-01 8.089282e-01 2.265643e-02 1.103424e+00 -9.664776e-05
8.350000e+00 7.800000e-01 8.089412e-01 4.179104e-02 1.103541e+00 -5.153942e-06
8.400000e+00 7.800000e-01 8.089287e-01 1.109984e-02 1.103362e+00 -1.777795e-04
8.450000e+00 7.800000e-01 8.089590e-01 5.693471e-02 1.103629e+00 -1.193959e-05
8.500000e+00 7.800000e-01 8.089299e-01 -6.288828e-03 1.103279e+00 -2.585682e-04
8.550000e+00 7.800000e-01 8.089848e-01 7.379820e-02 1.103717e+00 -1.120464e-04
8.600000e+00 7.800000e-01 8.089411e-01 -1.867424e-02 1.103241e+00 -2.923955e-04
8.650000e+00 7.800000e-01 8.090141e-01 7.871343e-02 1.103740e+00 -3.452697e-04
8.700000e+00 7.800000e-01 8.089757e-01 -1.623988e-02 1.103287e+00 -3.850401e-04
8.750000e+00 7.800000e-01 8.090526e-01 7.470739e-02 1.103738e+00 -5.608391e-04
8.800000e+00 7.800000e-01 8.090317e-01 -1.995070e-02 1.103303e+00 -8.049746e-04
8.850000e+00 7.800000e-01 8.091331e-01 9.420647e-02 1.103868e+00 -7.296078e-04
8.900000e+00 7.800000e-01 8.091047e-01 -5.289180e-02 1.103232e+00 -1.424896e-03
8.950000e+00 7.800000e-01 8.092756e-01 1.268966e-01 1.104045e+00 -1.428933e-03
9.000000e+00 7.800000e-01 8.092476e-01 -6.670193e-02 1.103301e+00 -1.955713e-03
9.050000e+00 7.800000e-01 8.094711e-01 1.187742e-01 1.104150e+00 -2.721614e-03
9.100000e+00 7.800000e-01 8.095198e-01 -5.513910e-02 1.103447e+00 -3.375721e-03
9.150000e+00 7.800000e-01 8.098087e-01 1.348483e-01 1.104469e+00 -4.054901e-03
9.200000e+00 7.800000e-01 8.099253e-01 -1.030825e-01 1.103596e+00 -5.982002e-03
9.250000e+00 7.800000e-01 8.104069e-01 1.858863e-01 1.104869e+00 -7.106464e-03
9.300000e+00 7.800000e-01 8.106359e-01 -1.153634e-01 1.104050e+00 -9.199576e-03
9.350000e+00 7.800000e-01 8.113269e-01 1.711582e-01 1.105565e+00 -1.218731e-02
9.400000e+00 7.800000e-01 8.118546e-01 -1.183755e-01 1.104544e+00 -1.591467e-02
9.450000e+00 7.800000e-01 8.129183e-01 2.274207e-01 1.106622e+00 -1.967102e-02
9.500000e+00 7.800000e-01 8.138217e-01 -1.730333e-01 1.105744e+00 -2.612386e-02
9.550000e+00 7.800000e-01 8.155307e-01 2.453346e-01 1.108041e+00 -3.373255e-02
9.600000e+00 7.800000e-01 8.171950e-01 -1.579393e-01 1.106829e+00 -4.335605e-02
9.650000e+00 7.800000e-01 8.198663e-01 2.847238e-01 1.110052e+00 -5.534481e-02
9.700000e+00 7.800000e-01 8.227295e-01 -1.941159e-01 1.108228e+00 -7.218583e-02
9.750000e+00 7.800000e-01 8.270849e-01 3.224193e-01 1.110694e+00 -9.313269e-02
9.800000e+00 7.800000e-01 8.320427e-01 -1.527513e-01 1.105792e+00 -1.204490e-01
9.850000e+00 7.800000e-01 8.391298e-01 3.758834e-01 1.104823e+00 -1.567549e-01
9.900000e+00 7.800000e-01 8.477182e-01 -5.001291e-02 1.089702e+00 -2.068749e-01
9.950000e+00 7.800000e-01 8.598173e-01 4.783396e-01 1.072065e+00 -2.806577e-01
1.000000e+01 7.800000e-01 8.757840e-01 3.650540e-01 0.000000e+00 0.000000e+00
0.000000e+00 8.000000e-01 8.956800e-01 3.600000e+00 0.000000e+00 0.000000e+00
5.000000e-02 8.000000e-01 8.956847e-01 3.603205e+00 9.585539e-01 3.264122e-06
1.000000e-01 8.000000e-01 8.956797e-01 3.601966e+00 9.583475e-01 2.883670e-04
1.500000e-01 8.000000e-01 8.956559e-01 3.588547e+00 9.585052e-01 5.402566e-04
2.000000e-01 8.000000e-01 8.956256e-01 3.591740e+00 9.590182e-01 4.586793e-04
2.500000e-01 8.000000e-01 8.956100e-01 3.616879e+00 9.590734e-01 2.936887e-04
3.000000e-01 8.000000e-01 8.955963e-01 3.614539e+00 9.584871e-01 6.019956e-04
3.500000e-01 8.000000e-01 8.955498e-01 3.572025e+00 9.584707e-01 1.220159e-03
4.000000e-01 8.000000e-01 8.954743e-01 3.560333e+00 9.596331e-01 1.424501e-03
4.500000e-01 8.000000e-01 8.954074e-01 3.616169e+00 9.605744e-01 1.312030e-03
5.000000e-01 8.000000e-01 8.953431e-01 3.652483e+00 9.600749e-01 1.890102e-03
5.500000e-01 8.000000e-01 8.952183e-01 3.584540e+00 9.593909e-01 3.417876e-03
6.000000e-01 8.000000e-01 8.950013e-01 3.490449e+00 9.604767e-01 4.851110e-03
6.500000e-01 8.000000e-01 8.947332e-01 3.522154e+00 9.626859e-01 5.570727e-03
7.000000e-01 8.000000e-01 8.944442e-01 3.659425e+00 9.633022e-01 6.559984e-03
7.500000e-01 8.000000e-01 8.940772e-01 3.691722e+00 9.614522e-01 8.906697e-03
8.000000e-01 8.000000e-01 8.935535e-01 3.509068e+00 9.596776e-01 1.193685e-02
8.500000e-01 8.000000e-01 8.928835e-01 3.302434e+00 9.607200e-01 1.400897e-02
9.000000e-01 8.000000e-01 8.921526e-01 3.345890e+00 9.636496e-01 1.487552e-02
9.500000e-01 8.000000e-01 8.913960e-01 3.612784e+00 9.645816e-01 1.611753e-02
1.000000e+00 8.000000e-01 8.905409e-01 3.755706e+00 9.613469e-01 1.903476e-02
1.050000e+00 8.000000e-01 8.894925e-01 3.515476e+00 9.565569e-01 2.292363e-02
1.100000e+00 8.000000e-01 8.882485e-01 3.059996e+00 9.552674e-01 2.588301e-02
1.150000e+00 8.000000e-01 8.869042e-01 2.826883e+00 9.594922e-01 2.693973e-02
1.200000e+00 8.000000e-01 8.855545e-01 3.048504e+00 9.654749e-01 2.702499e-02
1.250000e+00 8.000000e-01 8.842017e-01 3.497911e+00 9.668457e-01 2.809342e-02
1.300000e+00 8.000000e-01 8.827452e-01 3.712163e+00 9.608716e-01 3.152039e-02
1.350000e+00 8.000000e-01 8.810497e-01 3.430435e+00 9.517278e-01 3.703028e-02
1.400000e+00 8.000000e-01 8.790422e-01 2.804007e+00 9.474054e-01 4.271124e-02
1.450000e+00 8.000000e-01 8.767786e-01 2.236178e+00 9.530068e-01 4.615855e-02
1.500000e+00 8.000000e-01 8.744263e-01 2.057069e+00 9.663214e-01 4.626909e-02
1.550000e+00 8.000000e-01 8.721516e-01 2.301510e+00 9.794120e-01 4.443846e-02
1.600000e+00 8.000000e-01 8.699825e-01 2.734133e+00 9.847177e-01 4.393061e-02
1.650000e+00 8.000000e-01 8.677586e-01 3.056666e+00 9.802441e-01 4.771144e-02
1.700000e+00 8.000000e-01 8.652113e-01 3.091487e+00 9.700020e-01 5.644084e-02
1.750000e+00 8.000000e-01 8.621145e-01 2.823661e+00 9.606798e-01 6.799663e-02
1.800000e+00 8.000000e-01 8.584117e-01 2.345563e+00 9.578228e-01 7.860305e-02
1.850000e+00 8.000000e-01 8.542542e-01 1.784802e+00 9.637220e-01 8.468927e-02
1.900000e+00 8.000000e-01 8.499427e-01 1.251865e+00 9.774049e-01 8.438084e-02
1.950000e+00 8.000000e-01 8.458161e-01 8.141954e-01 9.959675e-01 7.793624e-02
2.000000e+00 8.000000e-01 8.421491e-01 4.943921e-01 1.016146e+00 6.717524e-02
2.050000e+00 8.000000e-01 8.390986e-01 2.835586e-01 1.035366e+00 5.447231e-02
2.100000e+00 8.000000e-01 8.367019e-01 1.579743e-01 1.052094e+00 4.190504e-02
2.150000e+00 8.000000e-01 8.349081e-01 9.143262e-02 1.065727e+00 3.083147e-02
2.200000e+00 8.000000e-01 8.336187e-01 6.166413e-02 1.076296e+00 2.186061e-02
2.250000e+00 8.000000e-01 8.327220e-01 5.241755e-02 1.084178e+00 1.504176e-02
2.300000e+00 8.000000e-01 8.321146e-01 5.315947e-02 1.089877e+00 1.010649e-02
2.350000e+00 8.000000e-01 8.317114e-01 5.778718e-02 1.093899e+00 6.666228e-03
2.400000e+00 8.000000e-01 8.314479e-01 6.317915e-02 1.096685e+00 4.335410e-03
2.450000e+00 8.000000e-01 8.312778e-01 6.798929e-02 1.098586e+00 2.789395e-03
2.500000e+00 8.000000e-01 8.311690e-01 7.180716e-02 1.099868e+00 1.779767e-03
2.550000e+00 8.000000e-01 8.310999e-01 7.464850e-02 1.100726e+00 1.127862e-03
2.600000e+00 8.000000e-01 8.310562e-01 7.668228e-02 1.101295e+00 7.104461e-04
2.650000e+00 8.000000e-01 8.310288e-01 7.810267e-02 1.101671e+00 4.448988e-04
2.700000e+00 8.000000e-01 8.310117e-01 7.907908e-02 1.101918e+00 2.768811e-04
2.750000e+00 8.000000e-01 8.310011e-01 7.974337e-02 1.102080e+00 1.711097e-04
2.800000e+00 8.000000e-01 8.309946e-01 8.019221e-02 1.102186e+00 1.048709e-04
2.850000e+00 8.000000e-01 8.309906e-01 8.049406e-02 1.102255e+00 6.362914e-05
2.900000e+00 8.000000e-01 8.309882e-01 8.069638e-02 1.102300e+00 3.812367e-05
2.950000e+00 8.000000e-01 8.309868e-01 8.083162e-02 1.102328e+00 2.247690e-05
3.000000e+00 8.000000e-01 8.309860e-01 8.092185e-02 1.102347e+00 1.297228e-05
3.050000e+00 8.000000e-01 8.309855e-01 8.098192e-02 1.102359e+00 7.269170e-06
3.100000e+00 8.000000e-01 8.309853e-01 8.102185e-02 1.102366e+00 3.900316e-06
3.150000e+00 8.000000e-01 8.309851e-01 8.104833e-02 1.102371e+00 1.950956e-06
3.200000e+00 8.000000e-01 8.309851e-01 8.106587e-02 1.102374e+00 8.544950e-07
3.250000e+00 8.000000e-01 8.309851e-01 8.107745e-02 1.102376e+00 2.627361e-07
3.300000e+00 8.000000e-01 8.309851e-01 8.108507e-02 1.102377e+00 -3.626472e-08
3.350000e+00 8.000000e-01 8.309851e-01 8.109008e-02 1.102378e+00 -1.700016e-07
3.400000e+00 8.000000e-01 8.309851e-01 8.109336e-02 1.102378e+00 -2.140347e-07
3.450000e+00 8.000000e-01 8.309851e-01 8.109549e-02 1.102379e+00 -2.122880e-07
3.500000e+00 8.000000e-01 8.309851e-01 8.109688e-02 1.102379e+00 -1.896374e-07
3.550000e+00 8.000000e-01 8.309851e-01 8.109776e-02 1.102379e+00 -1.596561e-07
3.600000e+00 8.000000e-01 8.309851e-01 8.109833e-02 1.102379e+00 -1.293351e-07
3.650000e+00 8.000000e-01 8.309851e-01 8.109869e-02 1.102379e+00 -1.019280e-07
3.700000e+00 8.000000e-01 8.309851e-01 8.109891e-02 1.102379e+00 -7.863965e-08
3.750000e+00 8.000000e-01 8.309851e-01 8.109904e-02 1.102379e+00 -5.961158e-08
3.800000e+00 8.000000e-01 8.309851e-01 8.109912e-02 1.102379e+00 -4.448213e-08
3.850000e+00 8.000000e-01 8.309851e-01 8.109916e-02 1.102379e+00 -3.269477e-08
3.900000e+00 8.000000e-01 8.309851e-01 8.109918e-02 1.102379e+00 -2.365909e-08
3.950000e+00 8.000000e-01 8.309851e-01 8.109919e-02 1.102379e+00 -1.682799e-08
4.000000e+00 8.000000e-01 8.309851e-01 8.109919e-02 1.102379e+00 -1.172864e-08
4.050000e+00 8.000000e-01 8.309851e-01 8.109919e-02 1.102379e+00 -7.969138e-09
4.100000e+00 8.000000e-01 8.309851e-01 8.109919e-02 1.102379e+00 -5.233554e-09
4.150000e+00 8.000000e-01 8.309851e-01 8.109918e-02 1.102379e+00 -3.272060e-09
4.200000e+00 8.000000e-01 8.309851e-01 8.109918e-02 1.102379e+00 -1.889870e-09
4.250000e+00 8.000000e-01 8.309851e-01 8.109918e-02 1.102379e+00 -9.368006e-10
4.300000e+00 8.000000e-01 8.309851e-01 8.109917e-02 1.102379e+00 -2.981215e-10
4.350000e+00 8.000000e-01 8.309851e-01 8.109917e-02 1.102379e+00 1.131228e-10
4.400000e+00 8.000000e-01 8.309851e-01 8.109917e-02 1.102379e+00 3.622980e-10
4.450000e+00 8.000000e-01 8.309851e-01 8.109916e-02 1.102379e+00 4.981360e-10
4.500000e+00 8.000000e-01 8.309851e-01 8.109916e-02 1.102379e+00 5.566347e-10
4.550000e+00 8.000000e-01 8.309851e-01 8.109916e-02 1.102379e+00 5.640877e-10
4.600000e+00 8.000000e-01 8.309851e-01 8.109916e-02 1.102379e+00 5.394563e-10
4.650000e+00 8.000000e-01 8.309851e-01 8.109916e-02 1.102379e+00 4.961709e-10
4.700000e+00 8.000000e-01 8.309851e-01 8.109916e-02 1.102379e+00 4.435574e-10
4.750000e+00 8.000000e-01 8.309851e-01 8.109916e-02 1.102379e+00 3.878897e-10
4.800000e+00 8.000000e-01 8.309851e-01 8.109916e-02 1.102379e+00 3.332179e-10
4.850000e+00 8.000000e-01 8.309851e-01 8.109916e-02 1.102379e+00 2.820078e-10
4.900000e+00 8.000000e-01 8.309851e-01 8.109916e-02 1.102379e+00 2.355782e-10
4.950000e+00 8.000000e-01 8.309851e-01 8.109916e-02 1.102379e+00 1.944822e-10
5.000000e+00 8.000000e-01 8.309851e-01 8.109916e-02 1.102379e+00 1.587597e-10
5.050000e+00 8.000000e-01 8.309851e-01 8.109916e-02 1.102379e+00 1.281120e-10
5.100000e+00 8.000000e-01 8.309851e-01 8.109916e-02 1.102379e+00 1.020495e-10
5.150000e+00 8.000000e-01 8.309851e-01 8.109916e-02 1.102379e+00 7.997158e-11
5.200000e+00 8.000000e-01 8.309851e-01 8.109916e-02 1.102379e+00 6.124212e-11
5.250000e+00 8.000000e-01 8.309851e-01 8.109916e-02 1.102379e+00 4.522160e-11
5.300000e+00 8.000000e-01 8.309851e-01 8.109916e-02 1.102379e+00 3.129053e-11
5.350000e+00 8.000000e-01 8.309851e-01 8.109916e-02 1.102379e+00 1.885381e-11
5.400000e+00 8.000000e-01 8.309851e-01 8.109916e-02 1.102379e+00 7.329692e-12
5.450000e+00 8.000000e-01 8.309851e-01 8.109916e-02 1.102379e+00 -3.852474e-12
5.500000e+00 8.000000e-01 8.309851e-01 8.109916e-02 1.102379e+00 -1.527112e-11
5.550000e+00 8.000000e-01 8.309851e-01 8.109916e-02 1.102379e+00 -2.754796e-11
5.600000e+00 8.000000e-01 8.309851e-01 8.109916e-02 1.102379e+00 -4.136136e-11
5.650000e+00 8.000000e-01 8.309851e-01 8.109916e-02 1.102379e+00 -5.748180e-11
5.700000e+00 8.000000e-01 8.309851e-01 8.109916e-02 1.102379e+00 -7.685297e-11
5.750000e+00 8.000000e-01 8.309851e-01 8.109916e-02 1.102379e+00 -1.006273e-10
5.800000e+00 8.000000e-01 8.309851e-01 8.109916e-02 1.102379e+00 -1.302369e-10
5.850000e+00 8.000000e-01 8.309851e-01 8.109916e-02 1.102379e+00 -1.675093e-10
5.900000e+00 8.000000e-01 8.309851e-01 8.109916e-02 1.102379e+00 -2.147837e-10
5.950000e+00 8.000000e-01 8.309851e-01 8.109916e-02 1.102379e+00 -2.750677e-10
6.000000e+00 8.000000e-01 8.309851e-01 8.109916e-02 1.102379e+00 -3.522471e-10
6.050000e+00 8.000000e-01 8.309851e-01 8.109916e-02 1.102379e+00 -4.513578e-10
6.100000e+00 8.000000e-01 8.309851e-01 8.109916e-02 1.102379e+00 -5.789336e-10
6.150000e+00 8.000000e-01 8.309851e-01 8.109916e-02 1.102379e+00 -7.434398e-10
6.200000e+00 8.000000e-01 8.309851e-01 8.109916e-02 1.102379e+00 -9.558943e-10
6.250000e+00 8.000000e-01 8.309851e-01 8.109916e-02 1.102379e+00 -1.230616e-09
6.300000e+00 8.000000e-01 8.309851e-01 8.109916e-02 1.102379e+00 -1.586205e-09
6.350000e+00 8.000000e-01 8.309851e-01 8.109916e-02 1.102379e+00 -2.046863e-09
6.400000e+00 8.000000e-01 8.309851e-01 8.109916e-02 1.102379e+00 -2.644063e-09
6.450000e+00 8.000000e-01 8.309851e-01 8.109916e-02 1.102379e+00 -3.418744e-09
6.500000e+00 8.000000e-01 8.309851e-01 8.109916e-02 1.102379e+00 -4.424157e-09
6.550000e+00 8.000000e-01 8.309851e-01 8.109916e-02 1.102379e+00 -5.729575e-09
6.600000e+00 8.000000e-01 8.309851e-01 8.109916e-02 1.102379e+00 -7.425108e-09
6.650000e+00 8.000000e-01 8.309851e-01 8.109916e-02 1.102379e+00 -9.627982e-09
6.700000e+00 8.000000e-01 8.309851e-01 8.109917e-02 1.102379e+00 -1.249070e-08
6.750000e+00 8.000000e-01 8.309851e-01 8.109917e-02 1.102379e+00 -1.621161e-08
6.800000e+00 8.000000e-01 8.309851e-01 8.109917e-02 1.102379e+00 -2.104872e-08
6.850000e+00 8.000000e-01 8.309851e-01 8.109918e-02 1.102379e+00 -2.733759e-08
6.900000e+00 8.000000e-01 8.309851e-01 8.109918e-02 1.102379e+00 -3.551461e-08
6.950000e+00 8.000000e-01 8.309851e-01 8.109919e-02 1.102379e+00 -4.614724e-08
7.000000e+00 8.000000e-01 8.309851e-01 8.109920e-02 1.102379e+00 -5.997331e-08
7.050000e+00 8.000000e-01 8.309851e-01 8.109921e-02 1.102379e+00 -7.795206e-08
7.100000e+00 8.000000e-01 8.309851e-01 8.109922e-02 1.102379e+00 -1.013304e-07
7.150000e+00 8.000000e-01 8.309852e-01 8.109924e-02 1.102379e+00 -1.317290e-07
7.200000e+00 8.000000e-01 8.309852e-01 8.109927e-02 1.102379e+00 -1.712540e-07
7.250000e+00 8.000000e-01 8.309852e-01 8.109930e-02 1.102379e+00 -2.226422e-07
7.300000e+00 8.000000e-01 8.309852e-01 8.109935e-02 1.102379e+00 -2.894494e-07
7.350000e+00 8.000000e-01 8.309852e-01 8.109941e-02 1.102379e+00 -3.762928e-07
7.400000e+00 8.000000e-01 8.309852e-01 8.109948e-02 1.102379e+00 -4.891773e-07
7.450000e+00 8.000000e-01 8.309852e-01 8.109958e-02 1.102379e+00 -6.358706e-07
7.500000e+00 8.000000e-01 8.309853e-01 8.109970e-02 1.102379e+00 -8.265655e-07
7.550000e+00 8.000000e-01 8.309853e-01 8.109989e-02 1.102379e+00 -1.074127e-06
7.600000e+00 8.000000e-01 8.309854e-01 8.110005e-02 1.102379e+00 -1.396470e-06
7.650000e+00 8.000000e-01 8.309855e-01 8.110050e-02 1.102379e+00 -1.812945e-06
7.700000e+00 8.000000e-01 8.309856e-01 8.110036e-02 1.102379e+00 -2.360736e-06
7.750000e+00 8.000000e-01 8.309857e-01 8.110234e-02 1.102379e+00 -3.051986e-06
7.800000e+00 8.000000e-01 8.309859e-01 8.109867e-02 1.102379e+00 -4.006427e-06
7.850000e+00 8.000000e-01 8.309861e-01 8.111129e-02 1.102379e+00 -5.091008e-06
7.900000e+00 8.000000e-01 8.309864e-01 8.108114e-02 1.102379e+00 -6.901776e-06
7.950000e+00 8.000000e-01 8.309868e-01 8.116171e-02 1.102379e+00 -8.245099e-06
8.000000e+00 8.000000e-01 8.309872e-01 8.097086e-02 1.102378e+00 -1.239402e-05
8.050000e+00 8.000000e-01 8.309880e-01 8.142159e-02 1.102380e+00 -1.229164e-05
8.100000e+00 8.000000e-01 8.309884e-01 8.042793e-02 1.102376e+00 -2.406029e-05
8.150000e+00 8.000000e-01 8.309904e-01 8.254253e-02 1.102384e+00 -1.482899e-05
8.200000e+00 8.000000e-01 8.309899e-01 7.830070e-02 1.102368e+00 -5.049880e-05
8.250000e+00 8.000000e-01 8.309955e-01 8.640223e-02 1.102398e+00 -9.597865e-06
8.300000e+00 8.000000e-01 8.309909e-01 7.184768e-02 1.102344e+00 -1.056349e-04
8.350000e+00 8.000000e-01 8.310061e-01 9.648577e-02 1.102432e+00 6.443808e-06
8.400000e+00 8.000000e-01 8.309902e-01 5.754702e-02 1.102298e+00 -1.930186e-04
8.450000e+00 8.000000e-01 8.310254e-01 1.148718e-01 1.102487e+00 2.930349e-06
8.500000e+00 8.000000e-01 8.309899e-01 3.698809e-02 1.102242e+00 -2.726610e-04
8.550000e+00 8.000000e-01 8.310526e-01 1.342445e-01 1.102532e+00 -1.058909e-04
8.600000e+00 8.000000e-01 8.310005e-01 2.351026e-02 1.102221e+00 -2.936912e-04
8.650000e+00 8.000000e-01 8.310820e-01 1.389110e-01 1.102522e+00 -3.531659e-04
8.700000e+00 8.000000e-01 8.310359e-01 2.702096e-02 1.102250e+00 -3.826054e-04
8.750000e+00 8.000000e-01 8.311203e-01 1.347440e-01 1.102498e+00 -5.615009e-04
8.800000e+00 8.000000e-01 8.310920e-01 2.165798e-02 1.102248e+00 -8.235215e-04
8.850000e+00 8.000000e-01 8.312026e-01 1.582219e-01 1.102536e+00 -7.167178e-04
8.900000e+00 8.000000e-01 8.311637e-01 -1.524083e-02 1.102205e+00 -1.446389e-03
8.950000e+00 8.000000e-01 8.313472e-01 1.935323e-01 1.102561e+00 -1.437849e-03
9.000000e+00 8.000000e-01 8.313075e-01 -2.872238e-02 1.102219e+00 -1.966918e-03
9.050000e+00 8.000000e-01 8.315439e-01 1.857241e-01 1.102568e+00 -2.733181e-03
9.100000e+00 8.000000e-01 8.315808e-01 -1.884554e-02 1.102190e+00 -3.417457e-03
9.150000e+00 8.000000e-01 8.318857e-01 2.069759e-01 1.102637e+00 -4.072330e-03
9.200000e+00 8.000000e-01 8.319880e-01 -6.883151e-02 1.102225e+00 -6.017680e-03
9.250000e+00 8.000000e-01 8.324874e-01 2.595835e-01 1.102574e+00 -7.160002e-03
9.300000e+00 8.000000e-01 8.327040e-01 -8.058509e-02 1.102287e+00 -9.291989e-03
9.350000e+00 8.000000e-01 8.334166e-01 2.537372e-01 1.102761e+00 -1.221958e-02
9.400000e+00 8.000000e-01 8.339260e-01 -8.889383e-02 1.102119e+00 -1.602431e-02
9.450000e+00 8.000000e-01 8.350191e-01 3.166454e-01 1.102739e+00 -1.981189e-02
9.500000e+00 8.000000e-01 8.359072e-01 -1.373508e-01 1.102279e+00 -2.626380e-02
9.550000e+00 8.000000e-01 8.376455e-01 3.497581e-01 1.102632e+00 -3.375676e-02
9.600000e+00 8.000000e-01 8.392828e-01 -1.292670e-01 1.101409e+00 -4.350467e-02
9.650000e+00 8.000000e-01 8.419959e-01 4.143569e-01 1.101961e+00 -5.530885e-02
9.700000e+00 8.000000e-01 8.448137e-01 -1.515492e-01 1.099544e+00 -7.190087e-02
9.750000e+00 8.000000e-01 8.491860e-01 4.958497e-01 1.098269e+00 -9.205343e-02
9.800000e+00 8.000000e-01 8.540191e-01 -9.781956e-02 1.091113e+00 -1.184570e-01
9.850000e+00 8.000000e-01 8.610317e-01 6.312789e-01 1.084039e+00 -1.522289e-01
9.900000e+00 8.000000e-01 8.692420e-01 7.626776e-02 1.061868e+00 -1.982273e-01
9.950000e+00 8.000000e-01 8.808544e-01 9.057099e-01 1.030018e+00 -2.643804e-01
1.000000e+01 8.000000e-01 8.956800e-01 7.348418e-01 0.000000e+00 0.000000e+00
0.000000e+00 8.200000e-01 9.141360e-01 3.840000e+00 0.000000e+00 0.000000e+00
5.000000e-02 8.200000e-01 9.141359e-01 3.840133e+00 8.841912e-01 7.894597e-05
1.000000e-01 8.200000e-01 9.141281e-01 3.837205e+00 8.840970e-01 2.688188e-04
1.500000e-01 8.200000e-01 9.141090e-01 3.837917e+00 8.842845e-01 4.237948e-04
2.000000e-01 8.200000e-01 9.140857e-01 3.843810e+00 8.845405e-01 4.160984e-04
2.500000e-01 8.200000e-01 9.140674e-01 3.841802e+00 8.844773e-01 3.881014e-04
3.000000e-01 8.200000e-01 9.140469e-01 3.829622e+00 8.843238e-01 5.896525e-04
3.500000e-01 8.200000e-01 9.140084e-01 3.827794e+00 8.847001e-01 9.403780e-04
4.000000e-01 8.200000e-01 9.139529e-01 3.844048e+00 8.854768e-01 1.153794e-03
4.500000e-01 8.200000e-01 9.138930e-01 3.850145e+00 8.858600e-01 1.330799e-03
5.000000e-01 8.200000e-01 9.138198e-01 3.824095e+00 8.858434e-01 1.924153e-03
5.500000e-01 8.200000e-01 9.137006e-01 3.795778e+00 8.864184e-01 3.018747e-03
6.000000e-01 8.200000e-01 9.135179e-01 3.810602e+00 8.878687e-01 4.210908e-03
6.500000e-01 8.200000e-01 9.132795e-01 3.851468e+00 8.889929e-01 5.376084e-03
7.000000e-01 8.200000e-01 9.129803e-01 3.843636e+00 8.888576e-01 6.952587e-03
7.500000e-01 8.200000e-01 9.125843e-01 3.759829e+00 8.884199e-01 9.141828e-03
8.000000e-01 8.200000e-01 9.120661e-01 3.681308e+00 8.892602e-01 1.139106e-02
8.500000e-01 8.200000e-01 9.114452e-01 3.705804e+00 8.911349e-01 1.316396e-02
9.000000e-01 8.200000e-01 9.107497e-01 3.802890e+00 8.920228e-01 1.482598e-02
9.500000e-01 8.200000e-01 9.099626e-01 3.819290e+00 8.908426e-01 1.715123e-02
1.000000e+00 8.200000e-01 9.090346e-01 3.657522e+00 8.891650e-01 2.010074e-02
1.050000e+00 8.200000e-01 9.079525e-01 3.416302e+00 8.896059e-01 2.269989e-02
1.100000e+00 8.200000e-01 9.067646e-01 3.308732e+00 8.928169e-01 2.425513e-02
1.150000e+00 8.200000e-01 9.055270e-01 3.433110e+00 8.965460e-01 2.527627e-02
1.200000e+00 8.200000e-01 9.042370e-01 3.649786e+00 8.977265e-01 2.695606e-02
1.250000e+00 8.200000e-01 9.028314e-01 3.700160e+00 8.954176e-01 2.995777e-02
1.300000e+00 8.200000e-01 9.012412e-01 3.443935e+00 8.919578e-01 3.387522e-02
1.350000e+00 8.200000e-01 8.994439e-01 2.984552e+00 8.914450e-01 3.765393e-02
1.400000e+00 8.200000e-01 8.974758e-01 2.583072e+00 8.967228e-01 4.030905e-02
1.450000e+00 8.200000e-01 8.954130e-01 2.458297e+00 9.070450e-01 4.144987e-02
1.500000e+00 8.200000e-01 8.933308e-01 2.639092e+00 9.181634e-01 4.159011e-02
1.550000e+00 8.200000e-01 8.912539e-01 2.965628e+00 9.250091e-01 4.214075e-02
1.600000e+00 8.200000e-01 8.891168e-01 3.215138e+00 9.250744e-01 4.483832e-02
1.650000e+00 8.200000e-01 8.867701e-01 3.236074e+00 9.199526e-01 5.074487e-02
1.700000e+00 8.200000e-01 8.840423e-01 2.997316e+00 9.142222e-01 5.942117e-02
1.750000e+00 8.200000e-01 8.808280e-01 2.559079e+00 9.129224e-01 6.884800e-02
1.800000e+00 8.200000e-01 8.771575e-01 2.020994e+00 9.193156e-01 7.621060e-02
1.850000e+00 8.200000e-01 8.732069e-01 1.480742e+00 9.339105e-01 7.911731e-02
1.900000e+00 8.200000e-01 8.692457e-01 1.009543e+00 9.548397e-01 7.655640e-02
1.950000e+00 8.200000e-01 8.655513e-01 6.436696e-01 9.790363e-01 6.911245e-02
2.000000e+00 8.200000e-01 8.623345e-01 3.888750e-01 1.003448e+00 5.847736e-02
2.050000e+00 8.200000e-01 8.597036e-01 2.312153e-01 1.025794e+00 4.666798e-02
2.100000e+00 8.200000e-01 8.576677e-01 1.478212e-01 1.044793e+00 3.537671e-02
2.150000e+00 8.200000e-01 8.561659e-01 1.146940e-01 1.060035e+00 2.565957e-02
2.200000e+00 8.200000e-01 8.551017e-01 1.113039e-01 1.071704e+00 1.793637e-02
2.250000e+00 8.200000e-01 8.543723e-01 1.225598e-01 1.080308e+00 1.216540e-02
2.300000e+00 8.200000e-01 8.538852e-01 1.388459e-01 1.086463e+00 8.055758e-03
2.350000e+00 8.200000e-01 8.535667e-01 1.549378e-01 1.090761e+00 5.235884e-03
2.400000e+00 8.200000e-01 8.533616e-01 1.685714e-01 1.093708e+00 3.354782e-03
2.450000e+00 8.200000e-01 8.532312e-01 1.791813e-01 1.095699e+00 2.125973e-03
2.500000e+00 8.200000e-01 8.531490e-01 1.870129e-01 1.097029e+00 1.335502e-03
2.550000e+00 8.200000e-01 8.530976e-01 1.925974e-01 1.097912e+00 8.326795e-04
2.600000e+00 8.200000e-01 8.530658e-01 1.964891e-01 1.098493e+00 5.155096e-04
2.650000e+00 8.200000e-01 8.530461e-01 1.991596e-01 1.098874e+00 3.167895e-04
2.700000e+00 8.200000e-01 8.530341e-01 2.009732e-01 1.099123e+00 1.930314e-04
2.750000e+00 8.200000e-01 8.530268e-01 2.021964e-01 1.099284e+00 1.164256e-04
2.800000e+00 8.200000e-01 8.530224e-01 2.030173e-01 1.099389e+00 6.932799e-05
2.850000e+00 8.200000e-01 8.530199e-01 2.035663e-01 1.099457e+00 4.060481e-05
2.900000e+00 8.200000e-01 8.530184e-01 2.039325e-01 1.099501e+00 2.326098e-05
2.950000e+00 8.200000e-01 8.530175e-01 2.041763e-01 1.099529e+00 1.291918e-05
3.000000e+00 8.200000e-01 8.530171e-01 2.043382e-01 1.099546e+00 6.852133e-06
3.050000e+00 8.200000e-01 8.530168e-01 2.044456e-01 1.099558e+00 3.369332e-06
3.100000e+00 8.200000e-01 8.530167e-01 2.045166e-01 1.099565e+00 1.429493e-06
3.150000e+00 8.200000e-01 8.530167e-01 2.045636e-01 1.099569e+00 3.962287e-07
3.200000e+00 8.200000e-01 8.530167e-01 2.045945e-01 1.099572e+00 -1.156025e-07
3.250000e+00 8.200000e-01 8.530167e-01 2.046148e-01 1.099574e+00 -3.362272e-07
3.300000e+00 8.200000e-01 8.530167e-01 2.046282e-01 1.099575e+00 -4.010981e-07
3.350000e+00 8.200000e-01 8.530168e-01 2.046368e-01 1.099575e+00 -3.882557e-07
3.400000e+00 8.200000e-01 8.530168e-01 2.046425e-01 1.099576e+00 -3.413869e-07
3.450000e+00 8.200000e-01 8.530168e-01 2.046462e-01 1.099576e+00 -2.839448e-07
3.500000e+00 8.200000e-01 8.530168e-01 2.046485e-01 1.099576e+00 -2.277088e-07
3.550000e+00 8.200000e-01 8.530168e-01 2.046500e-01 1.099576e+00 -1.779104e-07
3.600000e+00 8.200000e-01 8.530168e-01 2.046509e-01 1.099576e+00 -1.362556e-07
3.650000e+00 8.200000e-01 8.530168e-01 2.046515e-01 1.099576e+00 -1.026693e-07
3.700000e+00 8.200000e-01 8.530168e-01 2.046519e-01 1.099576e+00 -7.627607e-08
3.750000e+00 8.200000e-01 8.530168e-01 2.046521e-01 1.099576e+00 -5.592901e-08
3.800000e+00 8.200000e-01 8.530168e-01 2.046522e-01 1.099576e+00 -4.047797e-08
3.850000e+00 8.200000e-01 8.530168e-01 2.046523e-01 1.099576e+00 -2.889150e-08
3.900000e+00 8.200000e-01 8.530168e-01 2.046523e-01 1.099576e+00 -2.029928e-08
3.950000e+00 8.200000e-01 8.530168e-01 2.046523e-01 1.099576e+00 -1.399437e-08
4.000000e+00 8.200000e-01 8.530168e-01 2.046523e-01 1.099576e+00 -9.417152e-09
4.050000e+00 8.200000e-01 8.530168e-01 2.046523e-01 1.099576e+00 -6.132500e-09
4.100000e+00 8.200000e-01 8.530168e-01 2.046523e-01 1.099576e+00 -3.806633e-09
4.150000e+00 8.200000e-01 8.530168e-01 2.046523e-01 1.099576e+00 -2.186112e-09
4.200000e+00 8.200000e-01 8.530168e-01 2.046523e-01 1.099576e+00 -1.080016e-09
4.250000e+00 8.200000e-01 8.530168e-01 2.046523e-01 1.099576e+00 -3.455269e-10
4.300000e+00 8.200000e-01 8.530168e-01 2.046522e-01 1.099576e+00 1.235223e-10
4.350000e+00 8.200000e-01 8.530168e-01 2.046522e-01 1.099576e+00 4.055789e-10
4.400000e+00 8.200000e-01 8.530168e-01 2.046522e-01 1.099576e+00 5.582079e-10
4.450000e+00 8.200000e-01 8.530168e-01 2.046522e-01 1.099576e+00 6.233369e-10
4.500000e+00 8.200000e-01 8.530168e-01 2.046522e-01 1.099576e+00 6.311940e-10
4.550000e+00 8.200000e-01 8.530168e-01 2.046522e-01 1.099576e+00 6.033307e-10
4.600000e+00 8.200000e-01 8.530168e-01 2.046522e-01 1.099576e+00 5.548761e-10
4.650000e+00 8.200000e-01 8.530168e-01 2.046522e-01 1.099576e+00 4.962264e-10
4.700000e+00 8.200000e-01 8.530168e-01 2.046522e-01 1.099576e+00 4.343337e-10
4.750000e+00 8.200000e-01 8.530168e-01 2.046522e-01 1.099576e+00 3.736489e-10
4.800000e+00 8.200000e-01 8.530168e-01 2.046522e-01 1.099576e+00 3.168688e-10
4.850000e+00 8.200000e-01 8.530168e-01 2.046522e-01 1.099576e+00 2.654355e-10
4.900000e+00 8.200000e-01 8.530168e-01 2.046522e-01 1.099576e+00 2.199396e-10
4.950000e+00 8.200000e-01 8.530168e-01 2.046522e-01 1.099576e+00 1.804246e-10
5.000000e+00 8.200000e-01 8.530168e-01 2.046522e-01 1.099576e+00 1.465672e-10
5.050000e+00 8.200000e-01 8.530168e-01 2.046522e-01 1.099576e+00 1.178435e-10
5.100000e+00 8.200000e-01 8.530168e-01 2.046522e-01 1.099576e+00 9.361734e-11
5.150000e+00 8.200000e-01 8.530168e-01 2.046522e-01 1.099576e+00 7.320922e-11
5.200000e+00 8.200000e-01 8.530168e-01 2.046522e-01 1.099576e+00 5.595968e-11
5.250000e+00 8.200000e-01 8.530168e-01 2.046522e-01 1.099576e+00 4.121148e-11
5.300000e+00 8.200000e-01 8.530168e-01 2.046522e-01 1.099576e+00 2.835066e-11
5.350000e+00 8.200000e-01 8.530168e-01 2.046522e-01 1.099576e+00 1.681544e-11
5.400000e+00 8.200000e-01 8.530168e-01 2.046522e-01 1.099576e+00 6.050715e-12
5.450000e+00 8.200000e-01 8.530168e-01 2.046522e-01 1.099576e+00 -4.487521e-12
5.500000e+00 8.200000e-01 8.530168e-01 2.046522e-01 1.099576e+00 -1.534550e-11
5.550000e+00 8.200000e-01 8.530168e-01 2.046522e-01 1.099576e+00 -2.711498e-11
5.600000e+00 8.200000e-01 8.530168e-01 2.046522e-01 1.099576e+00 -4.044654e-11
5.650000e+00 8.200000e-01 8.530168e-01 2.046522e-01 1.099576e+00 -5.609069e-11
5.700000e+00 8.200000e-01 8.530168e-01 2.046522e-01 1.099576e+00 -7.495893e-11
5.750000e+00 8.200000e-01 8.530168e-01 2.046522e-01 1.099576e+00 -9.817702e-11
5.800000e+00 8.200000e-01 8.530168e-01 2.046522e-01 1.099576e+00 -1.271550e-10
5.850000e+00 8.200000e-01 8.530168e-01 2.046522e-01 1.099576e+00 -1.636824e-10
5.900000e+00 8.200000e-01 8.530168e-01 2.046522e-01 1.099576e+00 -2.100753e-10
5.950000e+00 8.200000e-01 8.530168e-01 2.046522e-01 1.099576e+00 -2.692957e-10
6.000000e+00 8.200000e-01 8.530168e-01 2.046522e-01 1.099576e+00 -3.451739e-10
6.050000e+00 8.200000e-01 8.530168e-01 2.046522e-01 1.099576e+00 -4.426870e-10
6.100000e+00 8.200000e-01 8.530168e-01 2.046522e-01 1.099576e+00 -5.682910e-10
6.150000e+00 8.200000e-01 8.530168e-01 2.046522e-01 1.099576e+00 -7.303613e-10
6.200000e+00 8.200000e-01 8.530168e-01 2.046522e-01 1.099576e+00 -9.397805e-10
6.250000e+00 8.200000e-01 8.530168e-01 2.046522e-01 1.099576e+00 -1.210709e-09
6.300000e+00 8.200000e-01 8.530168e-01 2.046522e-01 1.099576e+00 -1.561554e-09
6.350000e+00 8.200000e-01 8.530168e-01 2.046522e-01 1.099576e+00 -2.016258e-09
6.400000e+00 8.200000e-01 8.530168e-01 2.046522e-01 1.099576e+00 -2.605968e-09
6.450000e+00 8.200000e-01 8.530168e-01 2.046522e-01 1.099576e+00 -3.371194e-09
6.500000e+00 8.200000e-01 8.530168e-01 2.046522e-01 1.099576e+00 -4.364656e-09
6.550000e+00 8.200000e-01 8.530168e-01 2.046522e-01 1.099576e+00 -5.654939e-09
6.600000e+00 8.200000e-01 8.530168e-01 2.046522e-01 1.099576e+00 -7.331269e-09
6.650000e+00 8.200000e-01 8.530168e-01 2.046522e-01 1.099576e+00 -9.509746e-09
6.700000e+00 8.200000e-01 8.530168e-01 2.046522e-01 1.099576e+00 -1.234143e-08
6.750000e+00 8.200000e-01 8.530168e-01 2.046522e-01 1.099576e+00 -1.602281e-08
6.800000e+00 8.200000e-01 8.530168e-01 2.046522e-01 1.099576e+00 -2.080950e-08
6.850000e+00 8.200000e-01 8.530168e-01 2.046523e-01 1.099576e+00 -2.703404e-08
6.900000e+00 8.200000e-01 8.530168e-01 2.046523e-01 1.099576e+00 -3.512890e-08
6.950000e+00 8.200000e-01 8.530169e-01 2.046523e-01 1.099576e+00 -4.565652e-08
7.000000e+00 8.200000e-01 8.530169e-01 2.046523e-01 1.099576e+00 -5.934831e-08
7.050000e+00 8.200000e-01 8.530169e-01 2.046523e-01 1.099576e+00 -7.715527e-08
7.100000e+00 8.200000e-01 8.530169e-01 2.046524e-01 1.099576e+00 -1.003137e-07
7.150000e+00 8.200000e-01 8.530169e-01 2.046524e-01 1.099576e+00 -1.304308e-07
7.200000e+00 8.200000e-01 8.530169e-01 2.046525e-01 1.099576e+00 -1.695955e-07
7.250000e+00 8.200000e-01 8.530169e-01 2.046525e-01 1.099576e+00 -2.205220e-07
7.300000e+00 8.200000e-01 8.530169e-01 2.046526e-01 1.099576e+00 -2.867381e-07
7.350000e+00 8.200000e-01 8.530169e-01 2.046528e-01 1.099576e+00 -3.728239e-07
7.400000e+00 8.200000e-01 8.530169e-01 2.046529e-01 1.099576e+00 -4.847394e-07
7.450000e+00 8.200000e-01 8.530170e-01 2.046532e-01 1.099576e+00 -6.301871e-07
7.500000e+00 8.200000e-01 8.530170e-01 2.046534e-01 1.099576e+00 -8.193029e-07
7.550000e+00 8.200000e-01 8.530170e-01 2.046538e-01 1.099576e+00 -1.064790e-06
7.600000e+00 8.200000e-01 8.530171e-01 2.046542e-01 1.099576e+00 -1.384644e-06
7.650000e+00 8.200000e-01 8.530172e-01 2.046551e-01 1.099576e+00 -1.797427e-06
7.700000e+00 8.200000e-01 8.530173e-01 2.046552e-01 1.099576e+00 -2.341978e-06
7.750000e+00 8.200000e-01 8.530174e-01 2.046583e-01 1.099576e+00 -3.024902e-06
7.800000e+00 8.200000e-01 8.530176e-01 2.046541e-01 1.099576e+00 -3.980023e-06
7.850000e+00 8.200000e-01 8.530178e-01 2.046710e-01 1.099575e+00 -5.036063e-06
7.900000e+00 8.200000e-01 8.530181e-01 2.046339e-01 1.099575e+00 -6.883490e-06
7.950000e+00 8.200000e-01 8.530185e-01 2.047363e-01 1.099575e+00 -8.099912e-06
8.000000e+00 8.200000e-01 8.530189e-01 2.045010e-01 1.099574e+00 -1.248023e-05
8.050000e+00 8.200000e-01 8.530198e-01 2.050577e-01 1.099575e+00 -1.182641e-05
8.100000e+00 8.200000e-01 8.530201e-01 2.038510e-01 1.099572e+00 -2.461807e-05
8.150000e+00 8.200000e-01 8.530222e-01 2.064030e-01 1.099575e+00 -1.337038e-05
8.200000e+00 8.200000e-01 8.530214e-01 2.013518e-01 1.099567e+00 -5.246636e-05
8.250000e+00 8.200000e-01 8.530275e-01 2.109110e-01 1.099578e+00 -5.832775e-06
8.300000e+00 8.200000e-01 8.530220e-01 1.939522e-01 1.099556e+00 -1.102973e-04
8.350000e+00 8.200000e-01 8.530385e-01 2.223568e-01 1.099586e+00 1.344849e-05
8.400000e+00 8.200000e-01 8.530207e-01 1.780336e-01 1.099538e+00 -1.998273e-04
8.450000e+00 8.200000e-01 8.530585e-01 2.425343e-01 1.099592e+00 1.060530e-05
8.500000e+00 8.200000e-01 8.530196e-01 1.560509e-01 1.099523e+00 -2.762762e-04
8.550000e+00 8.200000e-01 8.530861e-01 2.627569e-01 1.099580e+00 -1.039882e-04
8.600000e+00 8.200000e-01 8.530300e-01 1.428531e-01 1.099522e+00 -2.886821e-04
8.650000e+00 8.200000e-01 8.531150e-01 2.665261e-01 1.099542e+00 -3.568938e-04
8.700000e+00 8.200000e-01 8.530657e-01 1.477443e-01 1.099524e+00 -3.752892e-04
8.750000e+00 8.200000e-01 8.531525e-01 2.619361e-01 1.099493e+00 -5.598336e-04
8.800000e+00 8.200000e-01 8.531217e-01 1.422671e-01 1.099513e+00 -8.201850e-04
8.850000e+00 8.200000e-01 8.532345e-01 2.866523e-01 1.099408e+00 -7.124193e-04
8.900000e+00 8.200000e-01 8.531929e-01 1.054549e-01 1.099517e+00 -1.434962e-03
8.950000e+00 8.200000e-01 8.533780e-01 3.218092e-01 1.099263e+00 -1.434713e-03
9.000000e+00 8.200000e-01 8.533364e-01 9.368470e-02 1.099458e+00 -1.958327e-03
9.050000e+00 8.200000e-01 8.535738e-01 3.152697e-01 1.099164e+00 -2.709823e-03
9.100000e+00 8.200000e-01 8.536074e-01 1.033344e-01 1.099246e+00 -3.403623e-03
9.150000e+00 8.200000e-01 8.539142e-01 3.382987e-01 1.098933e+00 -4.068848e-03
9.200000e+00 8.200000e-01 8.540142e-01 5.884533e-02 1.099155e+00 -5.956734e-03
9.250000e+00 8.200000e-01 8.545099e-01 3.893636e-01 1.098369e+00 -7.131256e-03
9.300000e+00 8.200000e-01 8.547274e-01 5.045382e-02 1.098770e+00 -9.274282e-03
9.350000e+00 8.200000e-01 8.554373e-01 3.940047e-01 1.097942e+00 -1.212013e-02
9.400000e+00 8.200000e-01 8.559394e-01 4.515386e-02 1.097901e+00 -1.590599e-02
9.450000e+00 8.200000e-01 8.570279e-01 4.604315e-01 1.096709e+00 -1.973498e-02
9.500000e+00 8.200000e-01 8.579129e-01 1.287781e-02 1.096863e+00 -2.608078e-02
9.550000e+00 8.200000e-01 8.596360e-01 5.144933e-01 1.094828e+00 -3.338480e-02
9.600000e+00 8.200000e-01 8.612514e-01 2.812423e-02 1.093889e+00 -4.308762e-02
9.650000e+00 8.200000e-01 8.639447e-01 6.118470e-01 1.091084e+00 -5.459848e-02
9.700000e+00 8.200000e-01 8.667112e-01 3.920493e-02 1.088395e+00 -7.070913e-02
9.750000e+00 8.200000e-01 8.710157e-01 7.626094e-01 1.082430e+00 -8.976054e-02
9.800000e+00 8.200000e-01 8.756873e-01 1.372007e-01 1.073583e+00 -1.147569e-01
9.850000e+00 8.200000e-01 8.824914e-01 1.032194e+00 1.059137e+00 -1.450568e-01
9.900000e+00 8.200000e-01 8.901929e-01 4.240308e-01 1.030907e+00 -1.852667e-01
9.950000e+00 8.200000e-01 9.010180e-01 1.579805e+00 9.833010e-01 -2.394305e-01
1.000000e+01 8.200000e-01 9.141360e-01 1.352510e+00 0.000000e+00 0.000000e+00
0.000000e+00 8.400000e-01 9.310560e-01 4.080000e+00 0.000000e+00 0.000000e+00
5.000000e-02 8.400000e-01 9.310524e-01 4.079500e+00 8.050498e-01 1.244696e-04
1.000000e-01 8.400000e-01 9.310436e-01 4.079366e+00 8.050072e-01 2.510612e-04
1.500000e-01 8.400000e-01 9.310272e-01 4.080172e+00 8.051250e-01 3.628438e-04
2.000000e-01 8.400000e-01 9.310073e-01 4.079145e+00 8.052828e-01 3.815242e-04
2.500000e-01 8.400000e-01 9.309891e-01 4.076113e+00 8.053343e-01 3.803936e-04
3.000000e-01 8.400000e-01 9.309692e-01 4.075777e+00 8.053990e-01 5.129080e-04
3.500000e-01 8.400000e-01 9.309378e-01 4.078856e+00 8.057279e-01 7.589259e-04
4.000000e-01 8.400000e-01 9.308933e-01 4.077921e+00 8.062818e-01 9.605223e-04
4.500000e-01 8.400000e-01 9.308418e-01 4.069140e+00 8.068144e-01 1.165424e-03
5.000000e-01 8.400000e-01 9.307768e-01 4.061782e+00 8.073784e-01 1.666740e-03
5.500000e-01 8.400000e-01 9.306751e-01 4.065577e+00 8.082769e-01 2.607723e-03
6.000000e-01 8.400000e-01 9.305160e-01 4.071402e+00 8.094467e-01 3.821321e-03
6.500000e-01 8.400000e-01 9.302929e-01 4.057984e+00 8.104228e-01 5.175191e-03
7.000000e-01 8.400000e-01 9.299985e-01 4.022978e+00 8.110989e-01 6.789175e-03
7.500000e-01 8.400000e-01 9.296140e-01 3.994474e+00 8.119712e-01 8.745638e-03
8.000000e-01 8.400000e-01 9.291239e-01 3.996479e+00 8.132956e-01 1.085087e-02
8.500000e-01 8.400000e-01 9.285289e-01 4.006799e+00 8.145126e-01 1.290394e-02
9.000000e-01 8.400000e-01 9.278335e-01 3.969972e+00 8.150477e-01 1.499241e-02
9.500000e-01 8.400000e-01 9.270297e-01 3.864302e+00 8.154010e-01 1.726067e-02
1.000000e+00 8.400000e-01 9.261075e-01 3.743827e+00 8.167774e-01 1.952945e-02
1.050000e+00 8.400000e-01 9.250768e-01 3.693337e+00 8.195592e-01 2.146284e-02
1.100000e+00 8.400000e-01 9.239612e-01 3.734276e+00 8.226247e-01 2.310697e-02
1.150000e+00 8.400000e-01 9.227661e-01 3.783990e+00 8.244855e-01 2.497590e-02
1.200000e+00 8.400000e-01 9.214636e-01 3.720610e+00 8.249532e-01 2.747635e-02
1.250000e+00 8.400000e-01 9.200184e-01 3.494794e+00 8.255372e-01 3.040089e-02
1.300000e+00 8.400000e-01 9.184235e-01 3.183427e+00 8.283098e-01 3.310943e-02
1.350000e+00 8.400000e-01 9.167075e-01 2.938542e+00 8.343717e-01 3.512429e-02
1.400000e+00 8.400000e-01 9.149111e-01 2.877799e+00 8.430417e-01 3.647124e-02
1.450000e+00 8.400000e-01 9.130604e-01 3.004246e+00 8.521086e-01 3.758229e-02
1.500000e+00 8.400000e-01 9.111529e-01 3.208846e+00 8.589446e-01 3.908347e-02
1.550000e+00 8.400000e-01 9.091520e-01 3.342828e+00 8.619774e-01 4.167409e-02
1.600000e+00 8.400000e-01 9.069854e-01 3.299885e+00 8.617373e-01 4.595319e-02
1.650000e+00 8.400000e-01 9.045567e-01 3.053427e+00 8.608304e-01 5.205233e-02
1.700000e+00 8.400000e-01 9.017802e-01 2.643073e+00 8.628705e-01 5.925294e-02
1.750000e+00 8.400000e-01 8.986314e-01 2.140996e+00 8.709833e-01 6.595924e-02
1.800000e+00 8.400000e-01 8.951843e-01 1.623398e+00 8.866125e-01 7.020782e-02
1.850000e+00 8.400000e-01 8.916106e-01 1.152996e+00 9.091179e-01 7.047964e-02
1.900000e+00 8.400000e-01 8.881363e-01 7.705901e-01 9.362236e-01 6.633052e-02
1.950000e+00 8.400000e-01 8.849776e-01 4.938138e-01 9.649524e-01 5.849306e-02
2.000000e+00 8.400000e-01 8.822870e-01 3.207097e-01 9.925421e-01 4.847220e-02
2.050000e+00 8.400000e-01 8.801303e-01 2.354590e-01 1.017017e+00 3.793398e-02
2.100000e+00 8.400000e-01 8.784936e-01 2.148057e-01 1.037354e+00 2.820855e-02
2.150000e+00 8.400000e-01 8.773095e-01 2.343215e-01 1.053359e+00 2.006715e-02
2.200000e+00 8.400000e-01 8.764869e-01 2.732854e-01 1.065400e+00 1.375144e-02
2.250000e+00 8.400000e-01 8.759343e-01 3.171321e-01 1.074132e+00 9.138437e-03
2.300000e+00 8.400000e-01 8.755731e-01 3.574937e-01 1.080279e+00 5.925294e-03
2.350000e+00 8.400000e-01 8.753418e-01 3.907796e-01 1.084508e+00 3.768267e-03
2.400000e+00 8.400000e-01 8.751962e-01 4.163766e-01 1.087366e+00 2.360394e-03
2.450000e+00 8.400000e-01 8.751058e-01 4.351539e-01 1.089271e+00 1.460635e-03
2.500000e+00 8.400000e-01 8.750502e-01 4.484886e-01 1.090530e+00 8.945141e-04
2.550000e+00 8.400000e-01 8.750163e-01 4.577487e-01 1.091354e+00 5.424670e-04
2.600000e+00 8.400000e-01 8.749959e-01 4.640814e-01 1.091892e+00 3.255683e-04
2.650000e+00 8.400000e-01 8.749838e-01 4.683673e-01 1.092241e+00 1.930240e-04
2.700000e+00 8.400000e-01 8.749766e-01 4.712473e-01 1.092466e+00 1.126921e-04
2.750000e+00 8.400000e-01 8.749725e-01 4.731732e-01 1.092611e+00 6.445853e-05
2.800000e+00 8.400000e-01 8.749702e-01 4.744566e-01 1.092705e+00 3.583025e-05
2.850000e+00 8.400000e-01 8.749689e-01 4.753095e-01 1.092764e+00 1.909115e-05
2.900000e+00 8.400000e-01 8.749683e-01 4.758752e-01 1.092802e+00 9.499172e-06
2.950000e+00 8.400000e-01 8.749680e-01 4.762496e-01 1.092826e+00 4.155687e-06
3.000000e+00 8.400000e-01 8.749679e-01 4.764969e-01 1.092841e+00 1.300534e-06
3.050000e+00 8.400000e-01 8.749678e-01 4.766600e-01 1.092851e+00 -1.260791e-07
3.100000e+00 8.400000e-01 8.749679e-01 4.767673e-01 1.092856e+00 -7.551787e-07
3.150000e+00 8.400000e-01 8.749679e-01 4.768377e-01 1.092860e+00 -9.569790e-07
3.200000e+00 8.400000e-01 8.749680e-01 4.768838e-01 1.092862e+00 -9.443890e-07
3.250000e+00 8.400000e-01 8.749680e-01 4.769139e-01 1.092864e+00 -8.365017e-07
3.300000e+00 8.400000e-01 8.749680e-01 4.769334e-01 1.092864e+00 -6.972844e-07
3.350000e+00 8.400000e-01 8.749681e-01 4.769461e-01 1.092865e+00 -5.589529e-07
3.400000e+00 8.400000e-01 8.749681e-01 4.769542e-01 1.092865e+00 -4.359330e-07
3.450000e+00 8.400000e-01 8.749681e-01 4.769594e-01 1.092865e+00 -3.330747e-07
3.500000e+00 8.400000e-01 8.749681e-01 4.769627e-01 1.092865e+00 -2.503901e-07
3.550000e+00 8.400000e-01 8.749681e-01 4.769648e-01 1.092865e+00 -1.857114e-07
3.600000e+00 8.400000e-01 8.749682e-01 4.769661e-01 1.092865e+00 -1.361236e-07
3.650000e+00 8.400000e-01 8.749682e-01 4.769669e-01 1.092865e+00 -9.869096e-08
3.700000e+00 8.400000e-01 8.749682e-01 4.769673e-01 1.092865e+00 -7.078509e-08
3.750000e+00 8.400000e-01 8.749682e-01 4.769676e-01 1.092865e+00 -5.019959e-08
3.800000e+00 8.400000e-01 8.749682e-01 4.769677e-01 1.092865e+00 -3.515540e-08
3.850000e+00 8.400000e-01 8.749682e-01 4.769677e-01 1.092865e+00 -2.425688e-08
3.900000e+00 8.400000e-01 8.749682e-01 4.769678e-01 1.092865e+00 -1.643050e-08
3.950000e+00 8.400000e-01 8.749682e-01 4.769678e-01 1.092865e+00 -1.086250e-08
4.000000e+00 8.400000e-01 8.749682e-01 4.769677e-01 1.092865e+00 -6.942824e-09
4.050000e+00 8.400000e-01 8.749682e-01 4.769677e-01 1.092865e+00 -4.218113e-09
4.100000e+00 8.400000e-01 8.749682e-01 4.769677e-01 1.092865e+00 -2.353759e-09
4.150000e+00 8.400000e-01 8.749682e-01 4.769677e-01 1.092865e+00 -1.104261e-09
4.200000e+00 8.400000e-01 8.749682e-01 4.769677e-01 1.092865e+00 -2.903533e-10
4.250000e+00 8.400000e-01 8.749682e-01 4.769676e-01 1.092865e+00 2.182055e-10
4.300000e+00 8.400000e-01 8.749682e-01 4.769676e-01 1.092865e+00 5.155676e-10
4.350000e+00 8.400000e-01 8.749682e-01 4.769676e-01 1.092865e+00 6.694223e-10
4.400000e+00 8.400000e-01 8.749682e-01 4.769676e-01 1.092865e+00 7.280965e-10
4.450000e+00 8.400000e-01 8.749682e-01 4.769676e-01 1.092865e+00 7.257872e-10
4.500000e+00 8.400000e-01 8.749682e-01 4.769676e-01 1.092865e+00 6.864254e-10
4.550000e+00 8.400000e-01 8.749682e-01 4.769676e-01 1.092865e+00 6.265122e-10
4.600000e+00 8.400000e-01 8.749682e-01 4.769676e-01 1.092865e+00 5.571710e-10
4.650000e+00 8.400000e-01 8.749682e-01 4.769676e-01 1.092865e+00 4.856981e-10
4.700000e+00 8.400000e-01 8.749682e-01 4.769676e-01 1.092865e+00 4.166745e-10
4.750000e+00 8.400000e-01 8.749682e-01 4.769676e-01 1.092865e+00 3.527545e-10
4.800000e+00 8.400000e-01 8.749682e-01 4.769676e-01 1.092865e+00 2.953016e-10
4.850000e+00 8.400000e-01 8.749682e-01 4.769676e-01 1.092865e+00 2.447986e-10
4.900000e+00 8.400000e-01 8.749682e-01 4.769676e-01 1.092865e+00 2.011480e-10
4.950000e+00 8.400000e-01 8.749682e-01 4.769676e-01 1.092865e+00 1.639233e-10
5.000000e+00 8.400000e-01 8.749682e-01 4.769676e-01 1.092865e+00 1.324885e-10
5.050000e+00 8.400000e-01 8.749682e-01 4.769676e-01 1.092865e+00 1.061184e-10
5.100000e+00 8.400000e-01 8.749682e-01 4.769676e-01 1.092865e+00 8.406276e-11
5.150000e+00 8.400000e-01 8.749682e-01 4.769676e-01 1.092865e+00 6.558754e-11
5.200000e+00 8.400000e-01 8.749682e-01 4.769676e-01 1.092865e+00 5.001666e-11
5.250000e+00 8.400000e-01 8.749682e-01 4.769676e-01 1.092865e+00 3.670508e-11
5.300000e+00 8.400000e-01 8.749682e-01 4.769676e-01 1.092865e+00 2.505773e-11
5.350000e+00 8.400000e-01 8.749682e-01 4.769676e-01 1.092865e+00 1.454392e-11
5.400000e+00 8.400000e-01 8.749682e-01 4.769676e-01 1.092865e+00 4.652945e-12
5.450000e+00 8.400000e-01 8.749682e-01 4.769676e-01 1.092865e+00 -5.125900e-12
5.500000e+00 8.400000e-01 8.749682e-01 4.769676e-01 1.092865e+00 -1.529998e-11
5.550000e+00 8.400000e-01 8.749682e-01 4.769676e-01 1.092865e+00 -2.642664e-11
5.600000e+00 8.400000e-01 8.749682e-01 4.769676e-01 1.092865e+00 -3.912093e-11
5.650000e+00 8.400000e-01 8.749682e-01 4.769676e-01 1.092865e+00 -5.409451e-11
5.700000e+00 8.400000e-01 8.749682e-01 4.769676e-01 1.092865e+00 -7.222112e-11
5.750000e+00 8.400000e-01 8.749682e-01 4.769676e-01 1.092865e+00 -9.458767e-11
5.800000e+00 8.400000e-01 8.749682e-01 4.769676e-01 1.092865e+00 -1.225542e-10
5.850000e+00 8.400000e-01 8.749682e-01 4.769676e-01 1.092865e+00 -1.578593e-10
5.900000e+00 8.400000e-01 8.749682e-01 4.769676e-01 1.092865e+00 -2.027567e-10
5.950000e+00 8.400000e-01 8.749682e-01 4.769676e-01 1.092865e+00 -2.601208e-10
6.000000e+00 8.400000e-01 8.749682e-01 4.769676e-01 1.092865e+00 -3.336742e-10
6.050000e+00 8.400000e-01 8.749682e-01 4.769676e-01 1.092865e+00 -4.282652e-10
6.100000e+00 8.400000e-01 8.749682e-01 4.769676e-01 1.092865e+00 -5.501855e-10
6.150000e+00 8.400000e-01 8.749682e-01 4.769676e-01 1.092865e+00 -7.075884e-10
6.200000e+00 8.400000e-01 8.749682e-01 4.769676e-01 1.092865e+00 -9.110834e-10
6.250000e+00 8.400000e-01 8.749682e-01 4.769676e-01 1.092865e+00 -1.174471e-09
6.300000e+00 8.400000e-01 8.749682e-01 4.769676e-01 1.092865e+00 -1.515691e-09
6.350000e+00 8.400000e-01 8.749682e-01 4.769676e-01 1.092865e+00 -1.958095e-09
6.400000e+00 8.400000e-01 8.749682e-01 4.769676e-01 1.092865e+00 -2.532052e-09
6.450000e+00 8.400000e-01 8.749682e-01 4.769676e-01 1.092865e+00 -3.277086e-09
6.500000e+00 8.400000e-01 8.749682e-01 4.769676e-01 1.092865e+00 -4.244625e-09
6.550000e+00 8.400000e-01 8.749682e-01 4.769676e-01 1.092865e+00 -5.501585e-09
6.600000e+00 8.400000e-01 8.749682e-01 4.769676e-01 1.092865e+00 -7.135047e-09
6.650000e+00 8.400000e-01 8.749682e-01 4.769676e-01 1.092865e+00 -9.258335e-09
6.700000e+00 8.400000e-01 8.749682e-01 4.769676e-01 1.092865e+00 -1.201890e-08
6.750000e+00 8.400000e-01 8.749682e-01 4.769676e-01 1.092865e+00 -1.560858e-08
6.800000e+00 8.400000e-01 8.749682e-01 4.769676e-01 1.092865e+00 -2.027700e-08
6.850000e+00 8.400000e-01 8.749682e-01 4.769677e-01 1.092865e+00 -2.634888e-08
6.900000e+00 8.400000e-01 8.749682e-01 4.769677e-01 1.092865e+00 -3.424665e-08
6.950000e+00 8.400000e-01 8.749682e-01 4.769677e-01 1.092865e+00 -4.451973e-08
7.000000e+00 8.400000e-01 8.749682e-01 4.769678e-01 1.092865e+00 -5.788271e-08
7.050000e+00 8.400000e-01 8.749682e-01 4.769678e-01 1.092865e+00 -7.526480e-08
7.100000e+00 8.400000e-01 8.749682e-01 4.769679e-01 1.092865e+00 -9.787423e-08
7.150000e+00 8.400000e-01 8.749682e-01 4.769680e-01 1.092865e+00 -1.272817e-07
7.200000e+00 8.400000e-01 8.749682e-01 4.769681e-01 1.092865e+00 -1.655292e-07
7.250000e+00 8.400000e-01 8.749682e-01 4.769682e-01 1.092865e+00 -2.152702e-07
7.300000e+00 8.400000e-01 8.749682e-01 4.769684e-01 1.092865e+00 -2.799539e-07
7.350000e+00 8.400000e-01 8.749682e-01 4.769687e-01 1.092865e+00 -3.640589e-07
7.400000e+00 8.400000e-01 8.749683e-01 4.769690e-01 1.092865e+00 -4.734148e-07
7.450000e+00 8.400000e-01 8.749683e-01 4.769695e-01 1.092865e+00 -6.155523e-07
7.500000e+00 8.400000e-01 8.749683e-01 4.769701e-01 1.092865e+00 -8.003965e-07
7.550000e+00 8.400000e-01 8.749684e-01 4.769708e-01 1.092865e+00 -1.040345e-06
7.600000e+00 8.400000e-01 8.749684e-01 4.769717e-01 1.092865e+00 -1.353101e-06
7.650000e+00 8.400000e-01 8.749685e-01 4.769732e-01 1.092864e+00 -1.756547e-06
7.700000e+00 8.400000e-01 8.749686e-01 4.769742e-01 1.092864e+00 -2.289499e-06
7.750000e+00 8.400000e-01 8.749687e-01 4.769785e-01 1.092864e+00 -2.956224e-06
7.800000e+00 8.400000e-01 8.749689e-01 4.769753e-01 1.092864e+00 -3.893515e-06
7.850000e+00 8.400000e-01 8.749691e-01 4.769952e-01 1.092863e+00 -4.919116e-06
7.900000e+00 8.400000e-01 8.749694e-01 4.769576e-01 1.092863e+00 -6.744121e-06
7.950000e+00 8.400000e-01 8.749698e-01 4.770697e-01 1.092862e+00 -7.895627e-06
8.000000e+00 8.400000e-01 8.749702e-01 4.768243e-01 1.092862e+00 -1.226355e-05
8.050000e+00 8.400000e-01 8.749710e-01 4.774154e-01 1.092860e+00 -1.146423e-05
8.100000e+00 8.400000e-01 8.749713e-01 4.761601e-01 1.092860e+00 -2.427751e-05
8.150000e+00 8.400000e-01 8.749735e-01 4.788196e-01 1.092856e+00 -1.277449e-05
8.200000e+00 8.400000e-01 8.749726e-01 4.736197e-01 1.092860e+00 -5.180535e-05
8.250000e+00 8.400000e-01 8.749786e-01 4.834285e-01 1.092845e+00 -5.131710e-06
8.300000e+00 8.400000e-01 8.749731e-01 4.661955e-01 1.092865e+00 -1.085616e-04
8.350000e+00 8.400000e-01 8.749895e-01 4.949096e-01 1.092818e+00 1.349085e-05
8.400000e+00 8.400000e-01 8.749718e-01 4.505066e-01 1.092883e+00 -1.953524e-04
8.450000e+00 8.400000e-01 8.750090e-01 5.147279e-01 1.092767e+00 8.982539e-06
8.500000e+00 8.400000e-01 8.749709e-01 4.294062e-01 1.092912e+00 -2.679295e-04
8.550000e+00 8.400000e-01 8.750358e-01 5.339688e-01 1.092696e+00 -1.056185e-04
8.600000e+00 8.400000e-01 8.749814e-01 4.176783e-01 1.092923e+00 -2.786429e-04
8.650000e+00 8.400000e-01 8.750637e-01 5.366869e-01 1.092637e+00 -3.539163e-04
8.700000e+00 8.400000e-01 8.750168e-01 4.240025e-01 1.092883e+00 -3.627945e-04
8.750000e+00 8.400000e-01 8.751000e-01 5.311952e-01 1.092563e+00 -5.568896e-04
8.800000e+00 8.400000e-01 8.750725e-01 4.210268e-01 1.092857e+00 -7.897923e-04
8.850000e+00 8.400000e-01 8.751789e-01 5.532484e-01 1.092342e+00 -7.182124e-04
8.900000e+00 8.400000e-01 8.751443e-01 3.892571e-01 1.092897e+00 -1.388112e-03
8.950000e+00 8.400000e-01 8.753177e-01 5.858785e-01 1.092016e+00 -1.414459e-03
9.000000e+00 8.400000e-01 8.752858e-01 3.800556e-01 1.092736e+00 -1.927611e-03
9.050000e+00 8.400000e-01 8.755105e-01 5.821362e-01 1.091791e+00 -2.648525e-03
9.100000e+00 8.400000e-01 8.755506e-01 3.921701e-01 1.092311e+00 -3.324843e-03
9.150000e+00 8.400000e-01 8.758430e-01 6.029320e-01 1.091221e+00 -4.035883e-03
9.200000e+00 8.400000e-01 8.759542e-01 3.616570e-01 1.092008e+00 -5.792104e-03
9.250000e+00 8.400000e-01 8.764222e-01 6.507476e-01 1.090112e+00 -7.005972e-03
9.300000e+00 8.400000e-01 8.766548e-01 3.609400e-01 1.091077e+00 -9.121266e-03
9.350000e+00 8.400000e-01 8.773343e-01 6.672094e-01 1.088918e+00 -1.187195e-02
9.400000e+00 8.400000e-01 8.778420e-01 3.704843e-01 1.089345e+00 -1.553098e-02
9.450000e+00 8.400000e-01 8.788874e-01 7.363494e-01 1.086299e+00 -1.939674e-02
9.500000e+00 8.400000e-01 8.797817e-01 3.683903e-01 1.086795e+00 -2.551157e-02
9.550000e+00 8.400000e-01 8.814386e-01 8.177818e-01 1.082237e+00 -3.256699e-02
9.600000e+00 8.400000e-01 8.830384e-01 4.145348e-01 1.081296e+00 -4.200685e-02
9.650000e+00 8.400000e-01 8.856393e-01 9.589758e-01 1.074779e+00 -5.311140e-02
9.700000e+00 8.400000e-01 8.883495e-01 4.915505e-01 1.071410e+00 -6.843949e-02
9.750000e+00 8.400000e-01 8.924832e-01 1.205821e+00 1.060018e+00 -8.612866e-02
9.800000e+00 8.400000e-01 8.969624e-01 6.858100e-01 1.049196e+00 -1.091396e-01
9.850000e+00 8.400000e-01 9.033972e-01 1.662048e+00 1.026182e+00 -1.351583e-01
9.900000e+00 8.400000e-01 9.104782e-01 1.142237e+00 9.924660e-01 -1.678931e-01
9.950000e+00 8.400000e-01 9.201865e-01 2.555012e+00 9.283357e-01 -2.057778e-01
1.000000e+01 8.400000e-01 9.310560e-01 2.292706e+00 0.000000e+00 0.000000e+00
0.000000e+00 8.600000e-01 9.463440e-01 4.320000e+00 0.000000e+00 0.000000e+00
5.000000e-02 8.600000e-01 9.463379e-01 4.319778e+00 7.210916e-01 1.560600e-04
1.000000e-01 8.600000e-01 9.463284e-01 4.319593e+00 7.210660e-01 2.387442e-04
1.500000e-01 8.600000e-01 9.463140e-01 4.319059e+00 7.211581e-01 3.135712e-04
2.000000e-01 8.600000e-01 9.462970e-01 4.318165e+00 7.213047e-01 3.323942e-04
2.500000e-01 8.600000e-01 9.462808e-01 4.317715e+00 7.214119e-01 3.416153e-04
3.000000e-01 8.600000e-01 9.462629e-01 4.317552e+00 7.215369e-01 4.322223e-04
3.500000e-01 8.600000e-01 9.462375e-01 4.316100e+00 7.218612e-01 5.872486e-04
4.000000e-01 8.600000e-01 9.462042e-01 4.312977e+00 7.224358e-01 7.191596e-04
4.500000e-01 8.600000e-01 9.461656e-01 4.310371e+00 7.231390e-01 8.921823e-04
5.000000e-01 8.600000e-01 9.461149e-01 4.309720e+00 7.239389e-01 1.339168e-03
5.500000e-01 8.600000e-01 9.460317e-01 4.308068e+00 7.249677e-01 2.191421e-03
6.000000e-01 8.600000e-01 9.458958e-01 4.300606e+00 7.262540e-01 3.352556e-03
6.500000e-01 8.600000e-01 9.456964e-01 4.287257e+00 7.276139e-01 4.715177e-03
7.000000e-01 8.600000e-01 9.454243e-01 4.273219e+00 7.289232e-01 6.333232e-03
7.500000e-01 8.600000e-01 9.450631e-01 4.259609e+00 7.302861e-01 8.263179e-03
8.000000e-01 8.600000e-01 9.445980e-01 4.235654e+00 7.318146e-01 1.037447e-02
8.500000e-01 8.600000e-01 9.440257e-01 4.186795e+00 7.334658e-01 1.246311e-02
9.000000e-01 8.600000e-01 9.433516e-01 4.114136e+00 7.352689e-01 1.447064e-02
9.500000e-01 8.600000e-01 9.425786e-01 4.041084e+00 7.375065e-01 1.645933e-02
1.000000e+00 8.600000e-01 9.417057e-01 3.992327e+00 7.403920e-01 1.843746e-02
1.050000e+00 8.600000e-01 9.407349e-01 3.963009e+00 7.436588e-01 2.036099e-02
1.100000e+00 8.600000e-01 9.396696e-01 3.912886e+00 7.467821e-01 2.228462e-02
1.150000e+00 8.600000e-01 9.385064e-01 3.798572e+00 7.497097e-01 2.434486e-02
1.200000e+00 8.600000e-01 9.372351e-01 3.617124e+00 7.531870e-01 2.653536e-02
1.250000e+00 8.600000e-01 9.358529e-01 3.420002e+00 7.581980e-01 2.861514e-02
1.300000e+00 8.600000e-01 9.343736e-01 3.282359e+00 7.650848e-01 3.034142e-02
1.350000e+00 8.600000e-01 9.328187e-01 3.250702e+00 7.732033e-01 3.176117e-02
1.400000e+00 8.600000e-01 9.311975e-01 3.308578e+00 7.813146e-01 3.321430e-02
1.450000e+00 8.600000e-01 9.294973e-01 3.383600e+00 7.882681e-01 3.508871e-02
1.500000e+00 8.600000e-01 9.276886e-01 3.387236e+00 7.935479e-01 3.764259e-02
1.550000e+00 8.600000e-01 9.257330e-01 3.258190e+00 7.975775e-01 4.102365e-02
1.600000e+00 8.600000e-01 9.235863e-01 2.983322e+00 8.017764e-01 4.529712e-02
1.650000e+00 8.600000e-01 9.212033e-01 2.591099e+00 8.082979e-01 5.029160e-02
1.700000e+00 8.600000e-01 9.185571e-01 2.131829e+00 8.194160e-01 5.536000e-02
1.750000e+00 8.600000e-01 9.156673e-01 1.660232e+00 8.367182e-01 5.935119e-02
1.800000e+00 8.600000e-01 9.126220e-01 1.225340e+00 8.604476e-01 6.095679e-02
1.850000e+00 8.600000e-01 9.095716e-01 8.653923e-01 8.893301e-01 5.927289e-02
1.900000e+00 8.600000e-01 9.066947e-01 6.047636e-01 9.209653e-01 5.422258e-02
1.950000e+00 8.600000e-01 9.041494e-01 4.518275e-01 9.525632e-01 4.658505e-02
2.000000e+00 8.600000e-01 9.020362e-01 3.985047e-01 9.816783e-01 3.765170e-02
2.050000e+00 8.600000e-01 9.003842e-01 4.232147e-01 1.006680e+00 2.874328e-02
2.100000e+00 8.600000e-01 8.991619e-01 4.974958e-01 1.026876e+00 2.083972e-02
2.150000e+00 8.600000e-01 8.983002e-01 5.938198e-01 1.042359e+00 1.444093e-02
2.200000e+00 8.600000e-01 8.977178e-01 6.912471e-01 1.053721e+00 9.627233e-03
2.250000e+00 8.600000e-01 8.973375e-01 7.773293e-01 1.061768e+00 6.213938e-03
2.300000e+00 8.600000e-01 8.970964e-01 8.469659e-01 1.067307e+00 3.905422e-03
2.350000e+00 8.600000e-01 8.969470e-01 8.999329e-01 1.071039e+00 2.401305e-03
2.400000e+00 8.600000e-01 8.968562e-01 9.384875e-01 1.073511e+00 1.449381e-03
2.450000e+00 8.600000e-01 8.968020e-01 9.656851e-01 1.075131e+00 8.603487e-04
2.500000e+00 8.600000e-01 8.967702e-01 9.844522e-01 1.076182e+00 5.022646e-04
2.550000e+00 8.600000e-01 8.967518e-01 9.972054e-01 1.076860e+00 2.877511e-04
2.600000e+00 8.600000e-01 8.967414e-01 1.005782e+00 1.077295e+00 1.609664e-04
2.650000e+00 8.600000e-01 8.967357e-01 1.011509e+00 1.077573e+00 8.708986e-05
2.700000e+00 8.600000e-01 8.967327e-01 1.015316e+00 1.077750e+00 4.477209e-05
2.750000e+00 8.600000e-01 8.967312e-01 1.017837e+00 1.077862e+00 2.107655e-05
2.800000e+00 8.600000e-01 8.967306e-01 1.019503e+00 1.077932e+00 8.234455e-06
2.850000e+00 8.600000e-01 8.967304e-01 1.020601e+00 1.077977e+00 1.617876e-06
2.900000e+00 8.600000e-01 8.967305e-01 1.021324e+00 1.078005e+00 -1.505751e-06
2.950000e+00 8.600000e-01 8.967306e-01 1.021799e+00 1.078022e+00 -2.731804e-06
3.000000e+00 8.600000e-01 8.967307e-01 1.022110e+00 1.078032e+00 -2.977506e-06
3.050000e+00 8.600000e-01 8.967309e-01 1.022313e+00 1.078039e+00 -2.758800e-06
3.100000e+00 8.600000e-01 8.967310e-01 1.022446e+00 1.078042e+00 -2.356727e-06
3.150000e+00 8.600000e-01 8.967311e-01 1.022532e+00 1.078045e+00 -1.916899e-06
3.200000e+00 8.600000e-01 8.967312e-01 1.022588e+00 1.078046e+00 -1.508548e-06
3.250000e+00 8.600000e-01 8.967313e-01 1.022624e+00 1.078046e+00 -1.159184e-06
3.300000e+00 8.600000e-01 8.967313e-01 1.022647e+00 1.078047e+00 -8.746435e-07
3.350000e+00 8.600000e-01 8.967313e-01 1.022662e+00 1.078047e+00 -6.504188e-07
3.400000e+00 8.600000e-01 8.967314e-01 1.022671e+00 1.078047e+00 -4.778674e-07
3.450000e+00 8.600000e-01 8.967314e-01 1.022677e+00 1.078047e+00 -3.474435e-07
3.500000e+00 8.600000e-01 8.967314e-01 1.022680e+00 1.078047e+00 -2.502456e-07
3.550000e+00 8.600000e-01 8.967314e-01 1.022683e+00 1.078047e+00 -1.786387e-07
3.600000e+00 8.600000e-01 8.967314e-01 1.022684e+00 1.078047e+00 -1.263943e-07
3.650000e+00 8.600000e-01 8.967314e-01 1.022685e+00 1.078047e+00 -8.859825e-08
3.700000e+00 8.600000e-01 8.967314e-01 1.022685e+00 1.078047e+00 -6.146420e-08
3.750000e+00 8.600000e-01 8.967314e-01 1.022685e+00 1.078047e+00 -4.212662e-08
3.800000e+00 8.600000e-01 8.967314e-01 1.022685e+00 1.078047e+00 -2.844630e-08
3.850000e+00 8.600000e-01 8.967314e-01 1.022685e+00 1.078047e+00 -1.884352e-08
3.900000e+00 8.600000e-01 8.967314e-01 1.022685e+00 1.078047e+00 -1.216189e-08
3.950000e+00 8.600000e-01 8.967314e-01 1.022685e+00 1.078047e+00 -7.560887e-09
4.000000e+00 8.600000e-01 8.967314e-01 1.022685e+00 1.078047e+00 -4.433225e-09
4.050000e+00 8.600000e-01 8.967314e-01 1.022685e+00 1.078047e+00 -2.342330e-09
4.100000e+00 8.600000e-01 8.967314e-01 1.022685e+00 1.078047e+00 -9.757650e-10
4.150000e+00 8.600000e-01 8.967314e-01 1.022685e+00 1.078047e+00 -1.108869e-10
4.200000e+00 8.600000e-01 8.967314e-01 1.022685e+00 1.078047e+00 4.103218e-10
4.250000e+00 8.600000e-01 8.967314e-01 1.022685e+00 1.078047e+00 6.994516e-10
4.300000e+00 8.600000e-01 8.967314e-01 1.022685e+00 1.078047e+00 8.348888e-10
4.350000e+00 8.600000e-01 8.967314e-01 1.022685e+00 1.078047e+00 8.713197e-10
4.400000e+00 8.600000e-01 8.967314e-01 1.022685e+00 1.078047e+00 8.465439e-10
4.450000e+00 8.600000e-01 8.967314e-01 1.022685e+00 1.078047e+00 7.863710e-10
4.500000e+00 8.600000e-01 8.967314e-01 1.022685e+00 1.078047e+00 7.081324e-10
4.550000e+00 8.600000e-01 8.967314e-01 1.022685e+00 1.078047e+00 6.232026e-10
4.600000e+00 8.600000e-01 8.967314e-01 1.022685e+00 1.078047e+00 5.387790e-10
4.650000e+00 8.600000e-01 8.967314e-01 1.022685e+00 1.078047e+00 4.591727e-10
4.700000e+00 8.600000e-01 8.967314e-01 1.022685e+00 1.078047e+00 3.867406e-10
4.750000e+00 8.600000e-01 8.967314e-01 1.022685e+00 1.078047e+00 3.225042e-10
4.800000e+00 8.600000e-01 8.967314e-01 1.022685e+00 1.078047e+00 2.666400e-10
4.850000e+00 8.600000e-01 8.967314e-01 1.022685e+00 1.078047e+00 2.187961e-10
4.900000e+00 8.600000e-01 8.967314e-01 1.022685e+00 1.078047e+00 1.783063e-10
4.950000e+00 8.600000e-01 8.967314e-01 1.022685e+00 1.078047e+00 1.443579e-10
5.000000e+00 8.600000e-01 8.967314e-01 1.022685e+00 1.078047e+00 1.160794e-10
5.050000e+00 8.600000e-01 8.967314e-01 1.022685e+00 1.078047e+00 9.261369e-11
5.100000e+00 8.600000e-01 8.967314e-01 1.022685e+00 1.078047e+00 7.313816e-11
5.150000e+00 8.600000e-01 8.967314e-01 1.022685e+00 1.078047e+00 5.690781e-11
5.200000e+00 8.600000e-01 8.967314e-01 1.022685e+00 1.078047e+00 4.325762e-11
5.250000e+00 8.600000e-01 8.967314e-01 1.022685e+00 1.078047e+00 3.157141e-11
5.300000e+00 8.600000e-01 8.967314e-01 1.022685e+00 1.078047e+00 2.130074e-11
5.350000e+00 8.600000e-01 8.967314e-01 1.022685e+00 1.078047e+00 1.195377e-11
5.400000e+00 8.600000e-01 8.967314e-01 1.022685e+00 1.078047e+00 3.070877e-12
5.450000e+00 8.600000e-01 8.967314e-01 1.022685e+00 1.078047e+00 -5.809797e-12
5.500000e+00 8.600000e-01 8.967314e-01 1.022685e+00 1.078047e+00 -1.515565e-11
5.550000e+00 8.600000e-01 8.967314e-01 1.022685e+00 1.078047e+00 -2.547296e-11
5.600000e+00 8.600000e-01 8.967314e-01 1.022685e+00 1.078047e+00 -3.733014e-11
5.650000e+00 8.600000e-01 8.967314e-01 1.022685e+00 1.078047e+00 -5.139111e-11
5.700000e+00 8.600000e-01 8.967314e-01 1.022685e+00 1.078047e+00 -6.848633e-11
5.750000e+00 8.600000e-01 8.967314e-01 1.022685e+00 1.078047e+00 -8.963830e-11
5.800000e+00 8.600000e-01 8.967314e-01 1.022685e+00 1.078047e+00 -1.161371e-10
5.850000e+00 8.600000e-01 8.967314e-01 1.022685e+00 1.078047e+00 -1.496425e-10
5.900000e+00 8.600000e-01 8.967314e-01 1.022685e+00 1.078047e+00 -1.922984e-10
5.950000e+00 8.600000e-01 8.967314e-01 1.022685e+00 1.078047e+00 -2.468481e-10
6.000000e+00 8.600000e-01 8.967314e-01 1.022685e+00 1.078047e+00 -3.168465e-10
6.050000e+00 8.600000e-01 8.967314e-01 1.022685e+00 1.078047e+00 -4.069300e-10
6.100000e+00 8.600000e-01 8.967314e-01 1.022685e+00 1.078047e+00 -5.231082e-10
6.150000e+00 8.600000e-01 8.967314e-01 1.022685e+00 1.078047e+00 -6.731726e-10
6.200000e+00 8.600000e-01 8.967314e-01 1.022685e+00 1.078047e+00 -8.672763e-10
6.250000e+00 8.600000e-01 8.967314e-01 1.022685e+00 1.078047e+00 -1.118617e-09
6.300000e+00 8.600000e-01 8.967314e-01 1.022685e+00 1.078047e+00 -1.444364e-09
6.350000e+00 8.600000e-01 8.967314e-01 1.022685e+00 1.078047e+00 -1.866859e-09
6.400000e+00 8.600000e-01 8.967314e-01 1.022685e+00 1.078047e+00 -2.415164e-09
6.450000e+00 8.600000e-01 8.967314e-01 1.022685e+00 1.078047e+00 -3.127122e-09
6.500000e+00 8.600000e-01 8.967314e-01 1.022685e+00 1.078047e+00 -4.051971e-09
6.550000e+00 8.600000e-01 8.967314e-01 1.022685e+00 1.078047e+00 -5.253787e-09
6.600000e+00 8.600000e-01 8.967314e-01 1.022685e+00 1.078047e+00 -6.815972e-09
6.650000e+00 8.600000e-01 8.967314e-01 1.022685e+00 1.078047e+00 -8.847075e-09
6.700000e+00 8.600000e-01 8.967314e-01 1.022685e+00 1.078047e+00 -1.148836e-08
6.750000e+00 8.600000e-01 8.967314e-01 1.022685e+00 1.078047e+00 -1.492366e-08
6.800000e+00 8.600000e-01 8.967314e-01 1.022685e+00 1.078047e+00 -1.939216e-08
6.850000e+00 8.600000e-01 8.967314e-01 1.022685e+00 1.078047e+00 -2.520511e-08
6.900000e+00 8.600000e-01 8.967314e-01 1.022685e+00 1.078047e+00 -3.276743e-08
6.950000e+00 8.600000e-01 8.967314e-01 1.022685e+00 1.078047e+00 -4.260585e-08
7.000000e+00 8.600000e-01 8.967315e-01 1.022685e+00 1.078047e+00 -5.540555e-08
7.050000e+00 8.600000e-01 8.967315e-01 1.022685e+00 1.078047e+00 -7.205761e-08
7.100000e+00 8.600000e-01 8.967315e-01 1.022685e+00 1.078047e+00 -9.372083e-08
7.150000e+00 8.600000e-01 8.967315e-01 1.022686e+00 1.078047e+00 -1.219019e-07
7.200000e+00 8.600000e-01 8.967315e-01 1.022686e+00 1.078047e+00 -1.585596e-07
7.250000e+00 8.600000e-01 8.967315e-01 1.022686e+00 1.078047e+00 -2.062401e-07
7.300000e+00 8.600000e-01 8.967315e-01 1.022686e+00 1.078047e+00 -2.682530e-07
7.350000e+00 8.600000e-01 8.967315e-01 1.022687e+00 1.078047e+00 -3.488968e-07
7.400000e+00 8.600000e-01 8.967315e-01 1.022688e+00 1.078047e+00 -4.537662e-07
7.450000e+00 8.600000e-01 8.967316e-01 1.022688e+00 1.078046e+00 -5.900928e-07
7.500000e+00 8.600000e-01 8.967316e-01 1.022689e+00 1.078046e+00 -7.673981e-07
7.550000e+00 8.600000e-01 8.967316e-01 1.022691e+00 1.078046e+00 -9.976116e-07
7.600000e+00 8.600000e-01 8.967317e-01 1.022692e+00 1.078046e+00 -1.297651e-06
7.650000e+00 8.600000e-01 8.967318e-01 1.022695e+00 1.078046e+00 -1.684958e-06
7.700000e+00 8.600000e-01 8.967319e-01 1.022697e+00 1.078046e+00 -2.196006e-06
7.750000e+00 8.600000e-01 8.967320e-01 1.022703e+00 1.078045e+00 -2.837299e-06
7.800000e+00 8.600000e-01 8.967321e-01 1.022703e+00 1.078045e+00 -3.733418e-06
7.850000e+00 8.600000e-01 8.967324e-01 1.022724e+00 1.078044e+00 -4.728023e-06
7.900000e+00 8.600000e-01 8.967326e-01 1.022696e+00 1.078044e+00 -6.455065e-06
7.950000e+00 8.600000e-01 8.967330e-01 1.022798e+00 1.078042e+00 -7.623526e-06
8.000000e+00 8.600000e-01 8.967334e-01 1.022594e+00 1.078042e+00 -1.167214e-05
8.050000e+00 8.600000e-01 8.967342e-01 1.023114e+00 1.078038e+00 -1.123231e-05
8.100000e+00 8.600000e-01 8.967345e-01 1.022046e+00 1.078041e+00 -2.284784e-05
8.150000e+00 8.600000e-01 8.967364e-01 1.024350e+00 1.078029e+00 -1.318692e-05
8.200000e+00 8.600000e-01 8.967358e-01 1.019904e+00 1.078044e+00 -4.807346e-05
8.250000e+00 8.600000e-01 8.967413e-01 1.028358e+00 1.078004e+00 -7.836137e-06
8.300000e+00 8.600000e-01 8.967366e-01 1.013596e+00 1.078063e+00 -9.969982e-05
8.350000e+00 8.600000e-01 8.967512e-01 1.038303e+00 1.077945e+00 6.274616e-06
8.400000e+00 8.600000e-01 8.967360e-01 1.000225e+00 1.078111e+00 -1.790584e-04
8.450000e+00 8.600000e-01 8.967691e-01 1.055502e+00 1.077839e+00 -1.254650e-06
8.500000e+00 8.600000e-01 8.967361e-01 9.822304e-01 1.078175e+00 -2.482273e-04
8.550000e+00 8.600000e-01 8.967940e-01 1.072336e+00 1.077717e+00 -1.082670e-04
8.600000e+00 8.600000e-01 8.967469e-01 9.725400e-01 1.078183e+00 -2.650952e-04
8.650000e+00 8.600000e-01 8.968205e-01 1.074626e+00 1.077641e+00 -3.409024e-04
8.700000e+00 8.600000e-01 8.967810e-01 9.797961e-01 1.078085e+00 -3.455183e-04
8.750000e+00 8.600000e-01 8.968550e-01 1.068081e+00 1.077544e+00 -5.493936e-04
8.800000e+00 8.600000e-01 8.968360e-01 9.820103e-01 1.078014e+00 -7.318143e-04
8.850000e+00 8.600000e-01 8.969282e-01 1.083679e+00 1.077198e+00 -7.283968e-04
8.900000e+00 8.600000e-01 8.969088e-01 9.600312e-01 1.078041e+00 -1.304680e-03
8.950000e+00 8.600000e-01 8.970587e-01 1.112200e+00 1.076686e+00 -1.370377e-03
9.000000e+00 8.600000e-01 8.970458e-01 9.538195e-01 1.077743e+00 -1.867989e-03
9.050000e+00 8.600000e-01 8.972455e-01 1.113529e+00 1.076281e+00 -2.539554e-03
9.100000e+00 8.600000e-01 8.972998e-01 9.707149e-01 1.077038e+00 -3.175711e-03
9.150000e+00 8.600000e-01 8.975630e-01 1.130036e+00 1.075348e+00 -3.947869e-03
9.200000e+00 8.600000e-01 8.976946e-01 9.611823e-01 1.076354e+00 -5.513284e-03
9.250000e+00 8.600000e-01 8.981144e-01 1.174926e+00 1.073623e+00 -6.758647e-03
9.300000e+00 8.600000e-01 8.983704e-01 9.734522e-01 1.074711e+00 -8.796711e-03
9.350000e+00 8.600000e-01 8.989940e-01 1.205725e+00 1.071443e+00 -1.142760e-02
9.400000e+00 8.600000e-01 8.995132e-01 1.009310e+00 1.071796e+00 -1.485829e-02
9.450000e+00 8.600000e-01 9.004799e-01 1.281383e+00 1.067174e+00 -1.871499e-02
9.500000e+00 8.600000e-01 9.013847e-01 1.053171e+00 1.067203e+00 -2.445604e-02
9.550000e+00 8.600000e-01 9.029255e-01 1.397684e+00 1.060326e+00 -3.118523e-02
9.600000e+00 8.600000e-01 9.045032e-01 1.158322e+00 1.058378e+00 -4.010434e-02
9.650000e+00 8.600000e-01 9.069359e-01 1.596777e+00 1.048187e+00 -5.064397e-02
9.700000e+00 8.600000e-01 9.095676e-01 1.341354e+00 1.042768e+00 -6.480486e-02
9.750000e+00 8.600000e-01 9.134164e-01 1.960642e+00 1.025615e+00 -8.087477e-02
9.800000e+00 8.600000e-01 9.176551e-01 1.693030e+00 1.011286e+00 -1.012224e-01
9.850000e+00 8.600000e-01 9.235386e-01 2.630933e+00 9.790105e-01 -1.223650e-01
9.900000e+00 8.600000e-01 9.298916e-01 2.369716e+00 9.395070e-01 -1.461282e-01
9.950000e+00 8.600000e-01 9.381514e-01 3.845923e+00 8.601642e-01 -1.645241e-01
1.000000e+01 8.600000e-01 9.463440e-01 3.591967e+00 0.000000e+00 0.000000e+00
0.000000e+00 8.800000e-01 9.599040e-01 4.560000e+00 0.000000e+00 0.000000e+00
5.000000e-02 8.800000e-01 9.598960e-01 4.559767e+00 6.323171e-01 1.780736e-04
1.000000e-01 8.800000e-01 9.598862e-01 4.559362e+00 6.323078e-01 2.244441e-04
1.500000e-01 8.800000e-01 9.598736e-01 4.558791e+00 6.323972e-01 2.673575e-04
2.000000e-01 8.800000e-01 9.598595e-01 4.558262e+00 6.325377e-01 2.800038e-04
2.500000e-01 8.800000e-01 9.598456e-01 4.557726e+00 6.326680e-01 2.875117e-04
3.000000e-01 8.800000e-01 9.598307e-01 4.556644e+00 6.328409e-01 3.331889e-04
3.500000e-01 8.800000e-01 9.598123e-01 4.554782e+00 6.332022e-01 3.993771e-04
4.000000e-01 8.800000e-01 9.597908e-01 4.552907e+00 6.338112e-01 4.494034e-04
4.500000e-01 8.800000e-01 9.597673e-01 4.552129e+00 6.346025e-01 5.641865e-04
5.000000e-01 8.800000e-01 9.597343e-01 4.552578e+00 6.355575e-01 9.352617e-04
5.500000e-01 8.800000e-01 9.596738e-01 4.552971e+00 6.367669e-01 1.681659e-03
6.000000e-01 8.800000e-01 9.595662e-01 4.551151e+00 6.382599e-01 2.762822e-03
6.500000e-01 8.800000e-01 9.593975e-01 4.544239e+00 6.399178e-01 4.107535e-03
7.000000e-01 8.800000e-01 9.591554e-01 4.528042e+00 6.416562e-01 5.720320e-03
7.500000e-01 8.800000e-01 9.588255e-01 4.497558e+00 6.435862e-01 7.589062e-03
8.000000e-01 8.800000e-01 9.583965e-01 4.450102e+00 6.458973e-01 9.578996e-03
8.500000e-01 8.800000e-01 9.578676e-01 4.388778e+00 6.486645e-01 1.152222e-02
9.000000e-01 8.800000e-01 9.572443e-01 4.321221e+00 6.518625e-01 1.337613e-02
9.500000e-01 8.800000e-01 9.565300e-01 4.252128e+00 6.554929e-01 1.521145e-02
1.000000e+00 8.800000e-01 9.557232e-01 4.176153e+00 6.595838e-01 1.706852e-02
1.050000e+00 8.800000e-01 9.548231e-01 4.080224e+00 6.641225e-01 1.890678e-02
1.100000e+00 8.800000e-01 9.538325e-01 3.956286e+00 6.691318e-01 2.068662e-02
1.150000e+00 8.800000e-01 9.527544e-01 3.813919e+00 6.748174e-01 2.241392e-02
1.200000e+00 8.800000e-01 9.515911e-01 3.679877e+00 6.814880e-01 2.408100e-02
1.250000e+00 8.800000e-01 9.503463e-01 3.582108e+00 6.892226e-01 2.564177e-02
1.300000e+00 8.800000e-01 9.490269e-01 3.529076e+00 6.976533e-01 2.710732e-02
1.350000e+00 8.800000e-01 9.476356e-01 3.499549e+00 7.061542e-01 2.863237e-02
1.400000e+00 8.800000e-01 9.461637e-01 3.450275e+00 7.142794e-01 3.044531e-02
1.450000e+00 8.800000e-01 9.445911e-01 3.336091e+00 7.220619e-01 3.268899e-02
1.500000e+00 8.800000e-01 9.428948e-01 3.129613e+00 7.300235e-01 3.535972e-02
1.550000e+00 8.800000e-01 9.410551e-01 2.830182e+00 7.390561e-01 3.838270e-02
1.600000e+00 8.800000e-01 9.390565e-01 2.460190e+00 7.503287e-01 4.166504e-02
1.650000e+00 8.800000e-01 9.368886e-01 2.054778e+00 7.651622e-01 4.499647e-02
1.700000e+00 8.800000e-01 9.345569e-01 1.652562e+00 7.847260e-01 4.788482e-02
1.750000e+00 8.800000e-01 9.321001e-01 1.290679e+00 8.095629e-01 4.954661e-02
1.800000e+00 8.800000e-01 9.296022e-01 1.002321e+00 8.391736e-01 4.916305e-02
1.850000e+00 8.800000e-01 9.271838e-01 8.134540e-01 8.719378e-01 4.627256e-02
1.900000e+00 8.800000e-01 9.249749e-01 7.374779e-01 9.054714e-01 4.103724e-02
1.950000e+00 8.800000e-01 9.230801e-01 7.702275e-01 9.372648e-01 3.420785e-02
2.000000e+00 8.800000e-01 9.215542e-01 8.896227e-01 9.653098e-01 2.682556e-02
2.050000e+00 8.800000e-01 9.203975e-01 1.062004e+00 9.884689e-01 1.985504e-02
2.100000e+00 8.800000e-01 9.195686e-01 1.252344e+00 1.006505e+00 1.393693e-02
2.150000e+00 8.800000e-01 9.190038e-01 1.433022e+00 1.019859e+00 9.328858e-03
2.200000e+00 8.800000e-01 9.186358e-01 1.587706e+00 1.029339e+00 5.987879e-03
2.250000e+00 8.800000e-01 9.184051e-01 1.710506e+00 1.035843e+00 3.704129e-03
2.300000e+00 8.800000e-01 9.182654e-01 1.802652e+00 1.040187e+00 2.217010e-03
2.350000e+00 8.800000e-01 9.181834e-01 1.868959e+00 1.043030e+00 1.286601e-03
2.400000e+00 8.800000e-01 9.181367e-01 1.915231e+00 1.044864e+00 7.235661e-04
2.450000e+00 8.800000e-01 9.181110e-01 1.946823e+00 1.046033e+00 3.924815e-04
2.500000e+00 8.800000e-01 9.180974e-01 1.968065e+00 1.046773e+00 2.028890e-04
2.550000e+00 8.800000e-01 9.180907e-01 1.982202e+00 1.047238e+00 9.727006e-05
2.600000e+00 8.800000e-01 9.180877e-01 1.991547e+00 1.047529e+00 4.034639e-05
2.650000e+00 8.800000e-01 9.180867e-01 1.997696e+00 1.047710e+00 1.105239e-05
2.700000e+00 8.800000e-01 9.180866e-01 2.001729e+00 1.047822e+00 -2.932979e-06
2.750000e+00 8.800000e-01 9.180870e-01 2.004369e+00 1.047891e+00 -8.690676e-06
2.800000e+00 8.800000e-01 9.180875e-01 2.006093e+00 1.047932e+00 -1.021985e-05
2.850000e+00 8.800000e-01 9.180880e-01 2.007216e+00 1.047957e+00 -9.732810e-06
2.900000e+00 8.800000e-01 9.180885e-01 2.007947e+00 1.047972e+00 -8.419003e-06
2.950000e+00 8.800000e-01 9.180888e-01 2.008421e+00 1.047981e+00 -6.890466e-06
3.000000e+00 8.800000e-01 9.180891e-01 2.008728e+00 1.047986e+00 -5.439330e-06
3.050000e+00 8.800000e-01 9.180894e-01 2.008926e+00 1.047988e+00 -4.185278e-06
3.100000e+00 8.800000e-01 9.180896e-01 2.009053e+00 1.047990e+00 -3.158995e-06
3.150000e+00 8.800000e-01 9.180897e-01 2.009134e+00 1.047990e+00 -2.348570e-06
3.200000e+00 8.800000e-01 9.180898e-01 2.009186e+00 1.047991e+00 -1.724617e-06
3.250000e+00 8.800000e-01 9.180899e-01 2.009218e+00 1.047991e+00 -1.253289e-06
3.300000e+00 8.800000e-01 9.180899e-01 2.009239e+00 1.047991e+00 -9.025244e-07
3.350000e+00 8.800000e-01 9.180900e-01 2.009251e+00 1.047991e+00 -6.446229e-07
3.400000e+00 8.800000e-01 9.180900e-01 2.009259e+00 1.047990e+00 -4.569069e-07
3.450000e+00 8.800000e-01 9.180900e-01 2.009263e+00 1.047990e+00 -3.214558e-07
3.500000e+00 8.800000e-01 9.180900e-01 2.009266e+00 1.047990e+00 -2.244624e-07
3.550000e+00 8.800000e-01 9.180900e-01 2.009268e+00 1.047990e+00 -1.554882e-07
3.600000e+00 8.800000e-01 9.180900e-01 2.009268e+00 1.047990e+00 -1.067575e-07
3.650000e+00 8.800000e-01 9.180900e-01 2.009269e+00 1.047990e+00 -7.254706e-08
3.700000e+00 8.800000e-01 9.180900e-01 2.009269e+00 1.047990e+00 -4.868516e-08
3.750000e+00 8.800000e-01 9.180900e-01 2.009269e+00 1.047990e+00 -3.215602e-08
3.800000e+00 8.800000e-01 9.180900e-01 2.009269e+00 1.047990e+00 -2.079456e-08
3.850000e+00 8.800000e-01 9.180900e-01 2.009269e+00 1.047990e+00 -1.305582e-08
3.900000e+00 8.800000e-01 9.180900e-01 2.009268e+00 1.047990e+00 -7.843111e-09
3.950000e+00 8.800000e-01 9.180900e-01 2.009268e+00 1.047990e+00 -4.381592e-09
4.000000e+00 8.800000e-01 9.180900e-01 2.009268e+00 1.047990e+00 -2.126210e-09
4.050000e+00 8.800000e-01 9.180900e-01 2.009268e+00 1.047990e+00 -6.951117e-10
4.100000e+00 8.800000e-01 9.180900e-01 2.009268e+00 1.047990e+00 1.780820e-10
4.150000e+00 8.800000e-01 9.180900e-01 2.009268e+00 1.047990e+00 6.783540e-10
4.200000e+00 8.800000e-01 9.180900e-01 2.009268e+00 1.047990e+00 9.335288e-10
4.250000e+00 8.800000e-01 9.180900e-01 2.009268e+00 1.047990e+00 1.031352e-09
4.300000e+00 8.800000e-01 9.180900e-01 2.009268e+00 1.047990e+00 1.031577e-09
4.350000e+00 8.800000e-01 9.180900e-01 2.009268e+00 1.047990e+00 9.744705e-10
4.400000e+00 8.800000e-01 9.180900e-01 2.009268e+00 1.047990e+00 8.867651e-10
4.450000e+00 8.800000e-01 9.180900e-01 2.009268e+00 1.047990e+00 7.858503e-10
4.500000e+00 8.800000e-01 9.180900e-01 2.009268e+00 1.047990e+00 6.827006e-10
4.550000e+00 8.800000e-01 9.180900e-01 2.009268e+00 1.047990e+00 5.839351e-10
4.600000e+00 8.800000e-01 9.180900e-01 2.009268e+00 1.047990e+00 4.932299e-10
4.650000e+00 8.800000e-01 9.180900e-01 2.009268e+00 1.047990e+00 4.123202e-10
4.700000e+00 8.800000e-01 9.180900e-01 2.009268e+00 1.047990e+00 3.417089e-10
4.750000e+00 8.800000e-01 9.180900e-01 2.009268e+00 1.047990e+00 2.811029e-10
4.800000e+00 8.800000e-01 9.180900e-01 2.009268e+00 1.047990e+00 2.297751e-10
4.850000e+00 8.800000e-01 9.180900e-01 2.009268e+00 1.047990e+00 1.867695e-10
4.900000e+00 8.800000e-01 9.180900e-01 2.009268e+00 1.047990e+00 1.510281e-10
4.950000e+00 8.800000e-01 9.180900e-01 2.009268e+00 1.047990e+00 1.215139e-10
5.000000e+00 8.800000e-01 9.180900e-01 2.009268e+00 1.047990e+00 9.722667e-11
5.050000e+00 8.800000e-01 9.180900e-01 2.009268e+00 1.047990e+00 7.726153e-11
5.100000e+00 8.800000e-01 9.180900e-01 2.009268e+00 1.047990e+00 6.080580e-11
5.150000e+00 8.800000e-01 9.180900e-01 2.009268e+00 1.047990e+00 4.714118e-11
5.200000e+00 8.800000e-01 9.180900e-01 2.009268e+00 1.047990e+00 3.565259e-11
5.250000e+00 8.800000e-01 9.180900e-01 2.009268e+00 1.047990e+00 2.578604e-11
5.300000e+00 8.800000e-01 9.180900e-01 2.009268e+00 1.047990e+00 1.705747e-11
5.350000e+00 8.800000e-01 9.180900e-01 2.009268e+00 1.047990e+00 9.032775e-12
5.400000e+00 8.800000e-01 9.180900e-01 2.009268e+00 1.047990e+00 1.310063e-12
5.450000e+00 8.800000e-01 9.180900e-01 2.009268e+00 1.047990e+00 -6.512568e-12
5.500000e+00 8.800000e-01 9.180900e-01 2.009268e+00 1.047990e+00 -1.484701e-11
5.550000e+00 8.800000e-01 9.180900e-01 2.009268e+00 1.047990e+00 -2.414180e-11
5.600000e+00 8.800000e-01 9.180900e-01 2.009268e+00 1.047990e+00 -3.491429e-11
5.650000e+00 8.800000e-01 9.180900e-01 2.009268e+00 1.047990e+00 -4.777068e-11
5.700000e+00 8.800000e-01 9.180900e-01 2.009268e+00 1.047990e+00 -6.346368e-11
5.750000e+00 8.800000e-01 9.180900e-01 2.009268e+00 1.047990e+00 -8.294032e-11
5.800000e+00 8.800000e-01 9.180900e-01 2.009268e+00 1.047990e+00 -1.073930e-10
5.850000e+00 8.800000e-01 9.180900e-01 2.009268e+00 1.047990e+00 -1.383604e-10
5.900000e+00 8.800000e-01 9.180900e-01 2.009268e+00 1.047990e+00 -1.778344e-10
5.950000e+00 8.800000e-01 9.180900e-01 2.009268e+00 1.047990e+00 -2.283584e-10
6.000000e+00 8.800000e-01 9.180900e-01 2.009268e+00 1.047990e+00 -2.932465e-10
6.050000e+00 8.800000e-01 9.180900e-01 2.009268e+00 1.047990e+00 -3.768164e-10
6.100000e+00 8.800000e-01 9.180900e-01 2.009268e+00 1.047990e+00 -4.846457e-10
6.150000e+00 8.800000e-01 9.180900e-01 2.009268e+00 1.047990e+00 -6.239986e-10
6.200000e+00 8.800000e-01 9.180900e-01 2.009268e+00 1.047990e+00 -8.043310e-10
6.250000e+00 8.800000e-01 9.180900e-01 2.009268e+00 1.047990e+00 -1.037940e-09
6.300000e+00 8.800000e-01 9.180900e-01 2.009268e+00 1.047990e+00 -1.340821e-09
6.350000e+00 8.800000e-01 9.180900e-01 2.009268e+00 1.047990e+00 -1.733783e-09
6.400000e+00 8.800000e-01 9.180900e-01 2.009268e+00 1.047990e+00 -2.243924e-09
6.450000e+00 8.800000e-01 9.180900e-01 2.009268e+00 1.047990e+00 -2.906517e-09
6.500000e+00 8.800000e-01 9.180900e-01 2.009268e+00 1.047990e+00 -3.767462e-09
6.550000e+00 8.800000e-01 9.180900e-01 2.009268e+00 1.047990e+00 -4.886515e-09
6.600000e+00 8.800000e-01 9.180900e-01 2.009268e+00 1.047990e+00 -6.341458e-09
6.650000e+00 8.800000e-01 9.180900e-01 2.009268e+00 1.047990e+00 -8.233536e-09
6.700000e+00 8.800000e-01 9.180900e-01 2.009268e+00 1.047990e+00 -1.069453e-08
6.750000e+00 8.800000e-01 9.180900e-01 2.009268e+00 1.047990e+00 -1.389595e-08
6.800000e+00 8.800000e-01 9.180900e-01 2.009268e+00 1.047990e+00 -1.806099e-08
6.850000e+00 8.800000e-01 9.180900e-01 2.009268e+00 1.047990e+00 -2.348014e-08
6.900000e+00 8.800000e-01 9.180900e-01 2.009268e+00 1.047990e+00 -3.053133e-08
6.950000e+00 8.800000e-01 9.180901e-01 2.009268e+00 1.047990e+00 -3.970628e-08
7.000000e+00 8.800000e-01 9.180901e-01 2.009268e+00 1.047990e+00 -5.164466e-08
7.050000e+00 8.800000e-01 9.180901e-01 2.009269e+00 1.047990e+00 -6.717854e-08
7.100000e+00 8.800000e-01 9.180901e-01 2.009269e+00 1.047990e+00 -8.739006e-08
7.150000e+00 8.800000e-01 9.180901e-01 2.009269e+00 1.047990e+00 -1.136864e-07
7.200000e+00 8.800000e-01 9.180901e-01 2.009269e+00 1.047990e+00 -1.478974e-07
7.250000e+00 8.800000e-01 9.180901e-01 2.009270e+00 1.047990e+00 -1.924016e-07
7.300000e+00 8.800000e-01 9.180901e-01 2.009270e+00 1.047990e+00 -2.502913e-07
7.350000e+00 8.800000e-01 9.180901e-01 2.009271e+00 1.047990e+00 -3.255834e-07
7.400000e+00 8.800000e-01 9.180901e-01 2.009272e+00 1.047990e+00 -4.235052e-07
7.450000e+00 8.800000e-01 9.180901e-01 2.009273e+00 1.047989e+00 -5.508219e-07
7.500000e+00 8.800000e-01 9.180902e-01 2.009275e+00 1.047989e+00 -7.164133e-07
7.550000e+00 8.800000e-01 9.180902e-01 2.009277e+00 1.047989e+00 -9.315021e-07
7.600000e+00 8.800000e-01 9.180903e-01 2.009280e+00 1.047989e+00 -1.211684e-06
7.650000e+00 8.800000e-01 9.180903e-01 2.009284e+00 1.047989e+00 -1.573963e-06
7.700000e+00 8.800000e-01 9.180904e-01 2.009288e+00 1.047988e+00 -2.050374e-06
7.750000e+00 8.800000e-01 9.180905e-01 2.009296e+00 1.047988e+00 -2.652999e-06
7.800000e+00 8.800000e-01 9.180907e-01 2.009300e+00 1.047987e+00 -3.481718e-06
7.850000e+00 8.800000e-01 9.180909e-01 2.009320e+00 1.047986e+00 -4.434782e-06
7.900000e+00 8.800000e-01 9.180911e-01 2.009310e+00 1.047985e+00 -5.991255e-06
7.950000e+00 8.800000e-01 9.180915e-01 2.009388e+00 1.047983e+00 -7.223298e-06
8.000000e+00 8.800000e-01 9.180919e-01 2.009268e+00 1.047983e+00 -1.069113e-05
8.050000e+00 8.800000e-01 9.180926e-01 2.009629e+00 1.047978e+00 -1.097160e-05
8.100000e+00 8.800000e-01 9.180930e-01 2.008941e+00 1.047980e+00 -2.041193e-05
8.150000e+00 8.800000e-01 9.180946e-01 2.010520e+00 1.047964e+00 -1.414704e-05
8.200000e+00 8.800000e-01 9.180944e-01 2.007544e+00 1.047984e+00 -4.171773e-05
8.250000e+00 8.800000e-01 9.180988e-01 2.013380e+00 1.047928e+00 -1.272777e-05
8.300000e+00 8.800000e-01 9.180956e-01 2.003238e+00 1.048008e+00 -8.499475e-05
8.350000e+00 8.800000e-01 9.181073e-01 2.020597e+00 1.047847e+00 -5.674751e-06
8.400000e+00 8.800000e-01 9.180962e-01 1.993753e+00 1.048068e+00 -1.532108e-04
8.450000e+00 8.800000e-01 9.181226e-01 2.033545e+00 1.047705e+00 -1.652603e-05
8.500000e+00 8.800000e-01 9.180979e-01 1.980397e+00 1.048143e+00 -2.191508e-04
8.550000e+00 8.800000e-01 9.181445e-01 2.047197e+00 1.047542e+00 -1.088616e-04
8.600000e+00 8.800000e-01 9.181088e-01 1.972722e+00 1.048135e+00 -2.480520e-04
8.650000e+00 8.800000e-01 9.181693e-01 2.050236e+00 1.047441e+00 -3.147863e-04
8.700000e+00 8.800000e-01 9.181402e-01 1.979648e+00 1.047969e+00 -3.241888e-04
8.750000e+00 8.800000e-01 9.182017e-01 2.043661e+00 1.047321e+00 -5.284804e-04
8.800000e+00 8.800000e-01 9.181931e-01 1.987990e+00 1.047802e+00 -6.513694e-04
8.850000e+00 8.800000e-01 9.182669e-01 2.050920e+00 1.046884e+00 -7.290857e-04
8.900000e+00 8.800000e-01 9.182660e-01 1.979082e+00 1.047730e+00 -1.183322e-03
8.950000e+00 8.800000e-01 9.183852e-01 2.074039e+00 1.046180e+00 -1.295183e-03
9.000000e+00 8.800000e-01 9.183955e-01 1.976668e+00 1.047254e+00 -1.765588e-03
9.050000e+00 8.800000e-01 9.185618e-01 2.082789e+00 1.045508e+00 -2.366345e-03
9.100000e+00 8.800000e-01 9.186321e-01 1.998288e+00 1.046183e+00 -2.951531e-03
9.150000e+00 8.800000e-01 9.188569e-01 2.097047e+00 1.044171e+00 -3.762455e-03
9.200000e+00 8.800000e-01 9.190084e-01 2.012459e+00 1.044885e+00 -5.101962e-03
9.250000e+00 8.800000e-01 9.193671e-01 2.140826e+00 1.041716e+00 -6.348554e-03
9.300000e+00 8.800000e-01 9.196432e-01 2.042427e+00 1.042290e+00 -8.249360e-03
9.350000e+00 8.800000e-01 9.201920e-01 2.189735e+00 1.038255e+00 -1.070618e-02
9.400000e+00 8.800000e-01 9.207139e-01 2.110322e+00 1.037739e+00 -1.382359e-02
9.450000e+00 8.800000e-01 9.215744e-01 2.279988e+00 1.031946e+00 -1.755954e-02
9.500000e+00 8.800000e-01 9.224698e-01 2.211019e+00 1.030362e+00 -2.277224e-02
9.550000e+00 8.800000e-01 9.238516e-01 2.437919e+00 1.021522e+00 -2.903694e-02
9.600000e+00 8.800000e-01 9.253735e-01 2.395340e+00 1.017048e+00 -3.715105e-02
9.650000e+00 8.800000e-01 9.275667e-01 2.706143e+00 1.003435e+00 -4.686745e-02
9.700000e+00 8.800000e-01 9.300603e-01 2.712079e+00 9.938676e-01 -5.941092e-02
9.750000e+00 8.800000e-01 9.335078e-01 3.188527e+00 9.710078e-01 -7.353572e-02
9.800000e+00 8.800000e-01 9.374138e-01 3.257744e+00 9.505833e-01 -9.049771e-02
9.850000e+00 8.800000e-01 9.425576e-01 4.038430e+00 9.092732e-01 -1.064468e-01
9.900000e+00 8.800000e-01 9.480585e-01 4.149427e+00 8.628735e-01 -1.203546e-01
9.950000e+00 8.800000e-01 9.545931e-01 5.390130e+00 7.731552e-01 -1.184550e-01
1.000000e+01 8.800000e-01 9.599040e-01 5.198278e+00 0.000000e+00 0.000000e+00
0.000000e+00 9.000000e-01 9.716400e-01 4.800000e+00 0.000000e+00 0.000000e+00
5.000000e-02 9.000000e-01 9.716306e-01 4.799687e+00 5.387320e-01 1.929292e-04
1.000000e-01 9.000000e-01 9.716207e-01 4.799077e+00 5.387391e-01 2.067357e-04
1.500000e-01 9.000000e-01 9.716099e-01 4.798436e+00 5.388335e-01 2.216265e-04
2.000000e-01 9.000000e-01 9.715985e-01 4.797958e+00 5.389739e-01 2.240619e-04
2.500000e-01 9.000000e-01 9.715875e-01 4.797179e+00 5.391240e-01 2.203157e-04
3.000000e-01 9.000000e-01 9.715765e-01 4.795582e+00 5.393358e-01 2.185470e-04
3.500000e-01 9.000000e-01 9.715656e-01 4.793931e+00 5.397231e-01 1.991402e-04
4.000000e-01 9.000000e-01 9.715566e-01 4.794479e+00 5.403374e-01 1.590357e-04
4.500000e-01 9.000000e-01 9.715497e-01 4.799343e+00 5.411456e-01 1.936829e-04
5.000000e-01 9.000000e-01 9.715372e-01 4.808353e+00 5.421444e-01 4.734140e-04
5.500000e-01 9.000000e-01 9.715024e-01 4.818141e+00 5.434101e-01 1.110429e-03
6.000000e-01 9.000000e-01 9.714262e-01 4.822968e+00 5.450026e-01 2.092175e-03
6.500000e-01 9.000000e-01 9.712932e-01 4.816621e+00 5.469146e-01 3.356682e-03
7.000000e-01 9.000000e-01 9.710905e-01 4.794442e+00 5.491739e-01 4.865868e-03
7.500000e-01 9.000000e-01 9.708066e-01 4.754716e+00 5.519215e-01 6.566710e-03
8.000000e-01 9.000000e-01 9.704338e-01 4.698694e+00 5.553107e-01 8.343166e-03
8.500000e-01 9.000000e-01 9.699723e-01 4.628990e+00 5.593742e-01 1.007706e-02
9.000000e-01 9.000000e-01 9.694261e-01 4.547251e+00 5.640560e-01 1.173928e-02
9.500000e-01 9.000000e-01 9.687983e-01 4.453056e+00 5.693464e-01 1.337079e-02
1.000000e+00 9.000000e-01 9.680891e-01 4.345537e+00 5.753174e-01 1.498563e-02
1.050000e+00 9.000000e-01 9.672998e-01 4.226767e+00 5.820418e-01 1.654181e-02
1.100000e+00 9.000000e-01 9.664349e-01 4.103686e+00 5.895405e-01 1.800664e-02
1.150000e+00 9.000000e-01 9.654991e-01 3.985649e+00 5.978073e-01 1.940239e-02
1.200000e+00 9.000000e-01 9.644946e-01 3.878110e+00 6.068072e-01 2.077327e-02
1.250000e+00 9.000000e-01 9.634218e-01 3.776626e+00 6.164206e-01 2.214901e-02
1.300000e+00 9.000000e-01 9.622797e-01 3.665819e+00 6.264557e-01 2.356881e-02
1.350000e+00 9.000000e-01 9.610649e-01 3.524793e+00 6.368084e-01 2.511073e-02
1.400000e+00 9.000000e-01 9.597687e-01 3.336079e+00 6.476416e-01 2.685122e-02
1.450000e+00 9.000000e-01 9.583798e-01 3.093171e+00 6.594080e-01 2.879109e-02
1.500000e+00 9.000000e-01 9.568896e-01 2.803231e+00 6.727185e-01 3.084488e-02
1.550000e+00 9.000000e-01 9.552953e-01 2.484917e+00 6.882136e-01 3.290156e-02
1.600000e+00 9.000000e-01 9.535994e-01 2.163784e+00 7.065296e-01 3.485470e-02
1.650000e+00 9.000000e-01 9.518098e-01 1.868257e+00 7.282638e-01 3.653268e-02
1.700000e+00 9.000000e-01 9.499461e-01 1.627374e+00 7.537940e-01 3.759969e-02
1.750000e+00 9.000000e-01 9.480498e-01 1.468973e+00 7.829573e-01 3.757215e-02
1.800000e+00 9.000000e-01 9.461889e-01 1.415854e+00 8.147869e-01 3.600687e-02
1.850000e+00 9.000000e-01 9.444492e-01 1.479206e+00 8.475363e-01 3.275376e-02
1.900000e+00 9.000000e-01 9.429135e-01 1.652129e+00 8.790568e-01 2.809177e-02
1.950000e+00 9.000000e-01 9.416400e-01 1.908255e+00 9.073649e-01 2.264969e-02
2.000000e+00 9.000000e-01 9.406486e-01 2.208236e+00 9.311252e-01 1.717006e-02
2.050000e+00 9.000000e-01 9.399230e-01 2.511316e+00 9.498488e-01 1.226528e-02
2.100000e+00 9.000000e-01 9.394220e-01 2.785846e+00 9.637916e-01 8.283516e-03
2.150000e+00 9.000000e-01 9.390946e-01 3.014188e+00 9.736776e-01 5.307195e-03
2.200000e+00 9.000000e-01 9.388913e-01 3.191740e+00 9.804047e-01 3.233893e-03
2.250000e+00 9.000000e-01 9.387712e-01 3.322699e+00 9.848318e-01 1.874883e-03
2.300000e+00 9.000000e-01 9.387038e-01 3.415448e+00 9.876692e-01 1.030417e-03
2.350000e+00 9.000000e-01 9.386682e-01 3.479169e+00 9.894508e-01 5.305347e-04
2.400000e+00 9.000000e-01 9.386508e-01 3.521992e+00 9.905518e-01 2.482070e-04
2.450000e+00 9.000000e-01 9.386434e-01 3.550332e+00 9.912237e-01 9.661340e-05
2.500000e+00 9.000000e-01 9.386411e-01 3.568893e+00 9.916294e-01 2.022702e-05
2.550000e+00 9.000000e-01 9.386413e-01 3.580969e+00 9.918717e-01 -1.467884e-05
2.600000e+00 9.000000e-01 9.386426e-01 3.588791e+00 9.920147e-01 -2.774638e-05
2.650000e+00 9.000000e-01 9.386441e-01 3.593843e+00 9.920979e-01 -3.000160e-05
2.700000e+00 9.000000e-01 9.386456e-01 3.597098e+00 9.921454e-01 -2.741333e-05
2.750000e+00 9.000000e-01 9.386469e-01 3.599191e+00 9.921717e-01 -2.307910e-05
2.800000e+00 9.000000e-01 9.386479e-01 3.600533e+00 9.921857e-01 -1.851351e-05
2.850000e+00 9.000000e-01 9.386487e-01 3.601391e+00 9.921927e-01 -1.438477e-05
2.900000e+00 9.000000e-01 9.386493e-01 3.601938e+00 9.921957e-01 -1.092551e-05
2.950000e+00 9.000000e-01 9.386498e-01 3.602285e+00 9.921967e-01 -8.156927e-06
3.000000e+00 9.000000e-01 9.386502e-01 3.602504e+00 9.921966e-01 -6.007885e-06
3.050000e+00 9.000000e-01 9.386504e-01 3.602642e+00 9.921960e-01 -4.376044e-06
3.100000e+00 9.000000e-01 9.386506e-01 3.602727e+00 9.921953e-01 -3.157469e-06
3.150000e+00 9.000000e-01 9.386507e-01 3.602779e+00 9.921946e-01 -2.259479e-06
3.200000e+00 9.000000e-01 9.386508e-01 3.602811e+00 9.921940e-01 -1.604897e-06
3.250000e+00 9.000000e-01 9.386509e-01 3.602830e+00 9.921935e-01 -1.132117e-06
3.300000e+00 9.000000e-01 9.386509e-01 3.602841e+00 9.921931e-01 -7.933647e-07
3.350000e+00 9.000000e-01 9.386510e-01 3.602848e+00 9.921927e-01 -5.523639e-07
3.400000e+00 9.000000e-01 9.386510e-01 3.602851e+00 9.921925e-01 -3.820148e-07
3.450000e+00 9.000000e-01 9.386510e-01 3.602853e+00 9.921923e-01 -2.623325e-07
3.500000e+00 9.000000e-01 9.386510e-01 3.602853e+00 9.921921e-01 -1.787361e-07
3.550000e+00 9.000000e-01 9.386510e-01 3.602853e+00 9.921920e-01 -1.206820e-07
3.600000e+00 9.000000e-01 9.386510e-01 3.602853e+00 9.921920e-01 -8.060546e-08
3.650000e+00 9.000000e-01 9.386510e-01 3.602853e+00 9.921919e-01 -5.311496e-08
3.700000e+00 9.000000e-01 9.386510e-01 3.602853e+00 9.921919e-01 -3.439117e-08
3.750000e+00 9.000000e-01 9.386510e-01 3.602852e+00 9.921918e-01 -2.174296e-08
3.800000e+00 9.000000e-01 9.386510e-01 3.602852e+00 9.921918e-01 -1.328343e-08
3.850000e+00 9.000000e-01 9.386510e-01 3.602852e+00 9.921918e-01 -7.695645e-09
3.900000e+00 9.000000e-01 9.386510e-01 3.602851e+00 9.921918e-01 -4.064474e-09
3.950000e+00 9.000000e-01 9.386510e-01 3.602851e+00 9.921918e-01 -1.756695e-09
4.000000e+00 9.000000e-01 9.386510e-01 3.602851e+00 9.921918e-01 -3.360801e-10
4.050000e+00 9.000000e-01 9.386510e-01 3.602851e+00 9.921918e-01 4.965039e-10
4.100000e+00 9.000000e-01 9.386510e-01 3.602851e+00 9.921918e-01 9.450973e-10
4.150000e+00 9.000000e-01 9.386510e-01 3.602851e+00 9.921918e-01 1.147998e-09
4.200000e+00 9.000000e-01 9.386510e-01 3.602851e+00 9.921918e-01 1.198253e-09
4.250000e+00 9.000000e-01 9.386510e-01 3.602851e+00 9.921918e-01 1.157845e-09
4.300000e+00 9.000000e-01 9.386510e-01 3.602851e+00 9.921918e-01 1.067502e-09
4.350000e+00 9.000000e-01 9.386510e-01 3.602851e+00 9.921918e-01 9.535039e-10
4.400000e+00 9.000000e-01 9.386510e-01 3.602851e+00 9.921918e-01 8.323653e-10
4.450000e+00 9.000000e-01 9.386510e-01 3.602851e+00 9.921918e-01 7.140566e-10
4.500000e+00 9.000000e-01 9.386510e-01 3.602851e+00 9.921918e-01 6.042011e-10
4.550000e+00 9.000000e-01 9.386510e-01 3.602851e+00 9.921918e-01 5.055900e-10
4.600000e+00 9.000000e-01 9.386510e-01 3.602851e+00 9.921918e-01 4.192124e-10
4.650000e+00 9.000000e-01 9.386510e-01 3.602851e+00 9.921918e-01 3.449419e-10
4.700000e+00 9.000000e-01 9.386510e-01 3.602851e+00 9.921918e-01 2.820144e-10
4.750000e+00 9.000000e-01 9.386510e-01 3.602851e+00 9.921918e-01 2.293155e-10
4.800000e+00 9.000000e-01 9.386510e-01 3.602851e+00 9.921918e-01 1.855960e-10
4.850000e+00 9.000000e-01 9.386510e-01 3.602851e+00 9.921918e-01 1.496003e-10
4.900000e+00 9.000000e-01 9.386510e-01 3.602851e+00 9.921918e-01 1.201350e-10
4.950000e+00 9.000000e-01 9.386510e-01 3.602851e+00 9.921918e-01 9.610313e-11
5.000000e+00 9.000000e-01 9.386510e-01 3.602851e+00 9.921918e-01 7.652878e-11
5.050000e+00 9.000000e-01 9.386510e-01 3.602851e+00 9.921918e-01 6.055934e-11
5.100000e+00 9.000000e-01 9.386510e-01 3.602851e+00 9.921918e-01 4.745204e-11
5.150000e+00 9.000000e-01 9.386510e-01 3.602851e+00 9.921918e-01 3.659628e-11
5.200000e+00 9.000000e-01 9.386510e-01 3.602851e+00 9.921918e-01 2.745471e-11
5.250000e+00 9.000000e-01 9.386510e-01 3.602851e+00 9.921918e-01 1.955436e-11
5.300000e+00 9.000000e-01 9.386510e-01 3.602851e+00 9.921918e-01 1.250555e-11
5.350000e+00 9.000000e-01 9.386510e-01 3.602851e+00 9.921918e-01 5.943024e-12
5.400000e+00 9.000000e-01 9.386510e-01 3.602851e+00 9.921918e-01 -4.674039e-13
5.450000e+00 9.000000e-01 9.386510e-01 3.602851e+00 9.921918e-01 -7.052137e-12
5.500000e+00 9.000000e-01 9.386510e-01 3.602851e+00 9.921918e-01 -1.417311e-11
5.550000e+00 9.000000e-01 9.386510e-01 3.602851e+00 9.921918e-01 -2.220446e-11
5.600000e+00 9.000000e-01 9.386510e-01 3.602851e+00 9.921918e-01 -3.159140e-11
5.650000e+00 9.000000e-01 9.386510e-01 3.602851e+00 9.921918e-01 -4.287015e-11
5.700000e+00 9.000000e-01 9.386510e-01 3.602851e+00 9.921918e-01 -5.669798e-11
5.750000e+00 9.000000e-01 9.386510e-01 3.602851e+00 9.921918e-01 -7.392198e-11
5.800000e+00 9.000000e-01 9.386510e-01 3.602851e+00 9.921918e-01 -9.559575e-11
5.850000e+00 9.000000e-01 9.386510e-01 3.602851e+00 9.921918e-01 -1.230904e-10
5.900000e+00 9.000000e-01 9.386510e-01 3.602851e+00 9.921918e-01 -1.581868e-10
5.950000e+00 9.000000e-01 9.386510e-01 3.602851e+00 9.921918e-01 -2.031553e-10
6.000000e+00 9.000000e-01 9.386510e-01 3.602851e+00 9.921918e-01 -2.609546e-10
6.050000e+00 9.000000e-01 9.386510e-01 3.602851e+00 9.921918e-01 -3.354417e-10
6.100000e+00 9.000000e-01 9.386510e-01 3.602851e+00 9.921918e-01 -4.316081e-10
6.150000e+00 9.000000e-01 9.386510e-01 3.602851e+00 9.921918e-01 -5.559553e-10
6.200000e+00 9.000000e-01 9.386510e-01 3.602851e+00 9.921918e-01 -7.169365e-10
6.250000e+00 9.000000e-01 9.386510e-01 3.602851e+00 9.921918e-01 -9.255574e-10
6.300000e+00 9.000000e-01 9.386510e-01 3.602851e+00 9.921918e-01 -1.196139e-09
6.350000e+00 9.000000e-01 9.386510e-01 3.602851e+00 9.921918e-01 -1.547297e-09
6.400000e+00 9.000000e-01 9.386510e-01 3.602851e+00 9.921918e-01 -2.003299e-09
6.450000e+00 9.000000e-01 9.386510e-01 3.602851e+00 9.921918e-01 -2.595728e-09
6.500000e+00 9.000000e-01 9.386510e-01 3.602851e+00 9.921918e-01 -3.365681e-09
6.550000e+00 9.000000e-01 9.386510e-01 3.602851e+00 9.921918e-01 -4.366681e-09
6.600000e+00 9.000000e-01 9.386510e-01 3.602851e+00 9.921918e-01 -5.668405e-09
6.650000e+00 9.000000e-01 9.386510e-01 3.602851e+00 9.921918e-01 -7.361549e-09
6.700000e+00 9.000000e-01 9.386510e-01 3.602851e+00 9.921918e-01 -9.564182e-09
6.750000e+00 9.000000e-01 9.386510e-01 3.602851e+00 9.921918e-01 -1.242998e-08
6.800000e+00 9.000000e-01 9.386510e-01 3.602851e+00 9.921918e-01 -1.615900e-08
6.850000e+00 9.000000e-01 9.386510e-01 3.602851e+00 9.921918e-01 -2.101155e-08
6.900000e+00 9.000000e-01 9.386510e-01 3.602851e+00 9.921917e-01 -2.732642e-08
6.950000e+00 9.000000e-01 9.386510e-01 3.602851e+00 9.921917e-01 -3.554442e-08
7.000000e+00 9.000000e-01 9.386510e-01 3.602852e+00 9.921917e-01 -4.623907e-08
7.050000e+00 9.000000e-01 9.386510e-01 3.602852e+00 9.921917e-01 -6.015642e-08
7.100000e+00 9.000000e-01 9.386510e-01 3.602852e+00 9.921917e-01 -7.826692e-08
7.150000e+00 9.000000e-01 9.386511e-01 3.602852e+00 9.921916e-01 -1.018326e-07
7.200000e+00 9.000000e-01 9.386511e-01 3.602853e+00 9.921916e-01 -1.324947e-07
7.250000e+00 9.000000e-01 9.386511e-01 3.602853e+00 9.921916e-01 -1.723869e-07
7.300000e+00 9.000000e-01 9.386511e-01 3.602854e+00 9.921915e-01 -2.242832e-07
7.350000e+00 9.000000e-01 9.386511e-01 3.602855e+00 9.921914e-01 -2.917884e-07
7.400000e+00 9.000000e-01 9.386511e-01 3.602857e+00 9.921913e-01 -3.795910e-07
7.450000e+00 9.000000e-01 9.386511e-01 3.602858e+00 9.921911e-01 -4.937687e-07
7.500000e+00 9.000000e-01 9.386512e-01 3.602861e+00 9.921909e-01 -6.422688e-07
7.550000e+00 9.000000e-01 9.386512e-01 3.602864e+00 9.921907e-01 -8.352398e-07
7.600000e+00 9.000000e-01 9.386512e-01 3.602868e+00 9.921904e-01 -1.086440e-06
7.650000e+00 9.000000e-01 9.386513e-01 3.602873e+00 9.921900e-01 -1.411886e-06
7.700000e+00 9.000000e-01 9.386514e-01 3.602879e+00 9.921894e-01 -1.838093e-06
7.750000e+00 9.000000e-01 9.386515e-01 3.602889e+00 9.921887e-01 -2.382406e-06
7.800000e+00 9.000000e-01 9.386516e-01 3.602898e+00 9.921878e-01 -3.116465e-06
7.850000e+00 9.000000e-01 9.386518e-01 3.602917e+00 9.921865e-01 -3.997131e-06
7.900000e+00 9.000000e-01 9.386520e-01 3.602926e+00 9.921851e-01 -5.331023e-06
7.950000e+00 9.000000e-01 9.386523e-01 3.602978e+00 9.921827e-01 -6.588466e-06
8.000000e+00 9.000000e-01 9.386527e-01 3.602945e+00 9.921811e-01 -9.356159e-06
8.050000e+00 9.000000e-01 9.386533e-01 3.603141e+00 9.921752e-01 -1.035926e-05
8.100000e+00 9.000000e-01 9.386537e-01 3.602851e+00 9.921764e-01 -1.728911e-05
8.150000e+00 9.000000e-01 9.386550e-01 3.603663e+00 9.921586e-01 -1.467371e-05
8.200000e+00 9.000000e-01 9.386552e-01 3.602250e+00 9.921755e-01 -3.393189e-05
8.250000e+00 9.000000e-01 9.386584e-01 3.605286e+00 9.921191e-01 -1.729280e-05
8.300000e+00 9.000000e-01 9.386569e-01 3.600111e+00 9.921911e-01 -6.734448e-05
8.350000e+00 9.000000e-01 9.386651e-01 3.609519e+00 9.920310e-01 -1.761797e-05
8.400000e+00 9.000000e-01 9.386587e-01 3.594896e+00 9.922385e-01 -1.221009e-04
8.450000e+00 9.000000e-01 9.386773e-01 3.617737e+00 9.918737e-01 -3.134825e-05
8.500000e+00 9.000000e-01 9.386618e-01 3.586694e+00 9.922971e-01 -1.829891e-04
8.550000e+00 9.000000e-01 9.386956e-01 3.627865e+00 9.916810e-01 -1.050138e-04
8.600000e+00 9.000000e-01 9.386723e-01 3.580982e+00 9.922623e-01 -2.246949e-04
8.650000e+00 9.000000e-01 9.387181e-01 3.632451e+00 9.915369e-01 -2.745707e-04
8.700000e+00 9.000000e-01 9.386998e-01 3.585961e+00 9.920317e-01 -2.976573e-04
8.750000e+00 9.000000e-01 9.387479e-01 3.628204e+00 9.913770e-01 -4.825576e-04
8.800000e+00 9.000000e-01 9.387480e-01 3.598089e+00 9.917222e-01 -5.568050e-04
8.850000e+00 9.000000e-01 9.388035e-01 3.628701e+00 9.908826e-01 -6.997138e-04
8.900000e+00 9.000000e-01 9.388180e-01 3.602398e+00 9.914473e-01 -1.023284e-03
8.950000e+00 9.000000e-01 9.389059e-01 3.644923e+00 9.899933e-01 -1.180003e-03
9.000000e+00 9.000000e-01 9.389360e-01 3.605712e+00 9.907384e-01 -1.599294e-03
9.050000e+00 9.000000e-01 9.390658e-01 3.661147e+00 9.889503e-01 -2.110998e-03
9.100000e+00 9.000000e-01 9.391471e-01 3.629344e+00 9.892278e-01 -2.640652e-03
9.150000e+00 9.000000e-01 9.393299e-01 3.678397e+00 9.871222e-01 -3.428742e-03
9.200000e+00 9.000000e-01 9.394900e-01 3.663088e+00 9.870854e-01 -4.531373e-03
9.250000e+00 9.000000e-01 9.397830e-01 3.722730e+00 9.837997e-01 -5.720698e-03
9.300000e+00 9.000000e-01 9.400620e-01 3.711875e+00 9.832601e-01 -7.412424e-03
9.350000e+00 9.000000e-01 9.405242e-01 3.790719e+00 9.787246e-01 -9.607195e-03
9.400000e+00 9.000000e-01 9.410228e-01 3.807126e+00 9.766047e-01 -1.233435e-02
9.450000e+00 9.000000e-01 9.417577e-01 3.901899e+00 9.698890e-01 -1.576438e-02
9.500000e+00 9.000000e-01 9.425992e-01 3.959892e+00 9.656572e-01 -2.028681e-02
9.550000e+00 9.000000e-01 9.437864e-01 4.099507e+00 9.550646e-01 -2.585952e-02
9.600000e+00 9.000000e-01 9.451851e-01 4.217325e+00 9.466227e-01 -3.286928e-02
9.650000e+00 9.000000e-01 9.470733e-01 4.429755e+00 9.297481e-01 -4.137172e-02
9.700000e+00 9.000000e-01 9.493223e-01 4.648607e+00 9.140378e-01 -5.183406e-02
9.750000e+00 9.000000e-01 9.522567e-01 4.989858e+00 8.857437e-01 -6.356107e-02
9.800000e+00 9.000000e-01 9.556784e-01 5.340335e+00 8.567322e-01 -7.652850e-02
9.850000e+00 9.000000e-01 9.599096e-01 5.883955e+00 8.078033e-01 -8.728104e-02
9.900000e+00 9.000000e-01 9.644065e-01 6.307039e+00 7.537323e-01 -9.168104e-02
9.950000e+00 9.000000e-01 9.690777e-01 7.002993e+00 6.626658e-01 -7.233471e-02
1.000000e+01 9.000000e-01 9.716400e-01 6.910756e+00 0.000000e+00 0.000000e+00
0.000000e+00 9.200000e-01 9.814560e-01 5.040000e+00 0.000000e+00 0.000000e+00
5.000000e-02 9.200000e-01 9.814453e-01 5.039334e+00 4.403392e-01 2.024271e-04
1.000000e-01 9.200000e-01 9.814358e-01 5.038238e+00 4.403675e-01 1.838460e-04
1.500000e-01 9.200000e-01 9.814269e-01 5.037495e+00 4.404751e-01 1.734247e-04
2.000000e-01 9.200000e-01 9.814184e-01 5.036932e+00 4.406220e-01 1.638251e-04
2.500000e-01 9.200000e-01 9.814105e-01 5.035781e+00 4.407899e-01 1.427665e-04
3.000000e-01 9.200000e-01 9.814041e-01 5.034682e+00 4.410213e-01 9.354835e-05
3.500000e-01 9.200000e-01 9.814012e-01 5.036649e+00 4.413842e-01 -1.271932e-06
4.000000e-01 9.200000e-01 9.814043e-01 5.045392e+00 4.418975e-01 -1.196154e-04
4.500000e-01 9.200000e-01 9.814131e-01 5.062258e+00 4.425409e-01 -1.585908e-04
5.000000e-01 9.200000e-01 9.814201e-01 5.084429e+00 4.433504e-01 2.947718e-05
5.500000e-01 9.200000e-01 9.814102e-01 5.105647e+00 4.444559e-01 5.383637e-04
6.000000e-01 9.200000e-01 9.813663e-01 5.118654e+00 4.460082e-01 1.361028e-03
6.500000e-01 9.200000e-01 9.812741e-01 5.117642e+00 4.481207e-01 2.439020e-03
7.000000e-01 9.200000e-01 9.811224e-01 5.099580e+00 4.509031e-01 3.717543e-03
7.500000e-01 9.200000e-01 9.809023e-01 5.064146e+00 4.544926e-01 5.134324e-03
8.000000e-01 9.200000e-01 9.806090e-01 5.012706e+00 4.589939e-01 6.597898e-03
8.500000e-01 9.200000e-01 9.802425e-01 4.947136e+00 4.644159e-01 8.024099e-03
9.000000e-01 9.200000e-01 9.798065e-01 4.869233e+00 4.707102e-01 9.387273e-03
9.500000e-01 9.200000e-01 9.793038e-01 4.780897e+00 4.778611e-01 1.070690e-02
1.000000e+00 9.200000e-01 9.787359e-01 4.684521e+00 4.858977e-01 1.199036e-02
1.050000e+00 9.200000e-01 9.781048e-01 4.582740e+00 4.948254e-01 1.321754e-02
1.100000e+00 9.200000e-01 9.774141e-01 4.477220e+00 5.045921e-01 1.438042e-02
1.150000e+00 9.200000e-01 9.766667e-01 4.367068e+00 5.151314e-01 1.550724e-02
1.200000e+00 9.200000e-01 9.758634e-01 4.248085e+00 5.264121e-01 1.663570e-02
1.250000e+00 9.200000e-01 9.750032e-01 4.113768e+00 5.384412e-01 1.778239e-02
1.300000e+00 9.200000e-01 9.740851e-01 3.958030e+00 5.512650e-01 1.895218e-02
1.350000e+00 9.200000e-01 9.731080e-01 3.778531e+00 5.650156e-01 2.015802e-02
1.400000e+00 9.200000e-01 9.720693e-01 3.579050e+00 5.799505e-01 2.140548e-02
1.450000e+00 9.200000e-01 9.709674e-01 3.369942e+00 5.964126e-01 2.265824e-02
1.500000e+00 9.200000e-01 9.698035e-01 3.166858e+00 6.147300e-01 2.383747e-02
1.550000e+00 9.200000e-01 9.685837e-01 2.988773e+00 6.351474e-01 2.485824e-02
1.600000e+00 9.200000e-01 9.673177e-01 2.856354e+00 6.578240e-01 2.564494e-02
1.650000e+00 9.200000e-01 9.660192e-01 2.790782e+00 6.828169e-01 2.609070e-02
1.700000e+00 9.200000e-01 9.647086e-01 2.811894e+00 7.099586e-01 2.600742e-02
1.750000e+00 9.200000e-01 9.634184e-01 2.934192e+00 7.386609e-01 2.514947e-02
1.800000e+00 9.200000e-01 9.621937e-01 3.160824e+00 7.678053e-01 2.333148e-02
1.850000e+00 9.200000e-01 9.610853e-01 3.478334e+00 7.958693e-01 2.056459e-02
1.900000e+00 9.200000e-01 9.601372e-01 3.856372e+00 8.212835e-01 1.710578e-02
1.950000e+00 9.200000e-01 9.593747e-01 4.254403e+00 8.428487e-01 1.338050e-02
2.000000e+00 9.200000e-01 9.587992e-01 4.632757e+00 8.600029e-01 9.832016e-03
2.050000e+00 9.200000e-01 9.583915e-01 4.962374e+00 8.728383e-01 6.788457e-03
2.100000e+00 9.200000e-01 9.581203e-01 5.229040e+00 8.819204e-01 4.405410e-03
2.150000e+00 9.200000e-01 9.579510e-01 5.431845e+00 8.880353e-01 2.683615e-03
2.200000e+00 9.200000e-01 9.578520e-01 5.578491e+00 8.919781e-01 1.526182e-03
2.250000e+00 9.200000e-01 9.577983e-01 5.680359e+00 8.944269e-01 7.983453e-04
2.300000e+00 9.200000e-01 9.577721e-01 5.748966e+00 8.958989e-01 3.694419e-04
2.350000e+00 9.200000e-01 9.577614e-01 5.794120e+00 8.967579e-01 1.335656e-04
2.400000e+00 9.200000e-01 9.577588e-01 5.823352e+00 8.972449e-01 1.438075e-05
2.450000e+00 9.200000e-01 9.577600e-01 5.842062e+00 8.975124e-01 -3.854710e-05
2.500000e+00 9.200000e-01 9.577626e-01 5.853946e+00 8.976534e-01 -5.629054e-05
2.550000e+00 9.200000e-01 9.577656e-01 5.861457e+00 8.977234e-01 -5.687134e-05
2.600000e+00 9.200000e-01 9.577683e-01 5.866185e+00 8.977546e-01 -5.015729e-05
2.650000e+00 9.200000e-01 9.577706e-01 5.869152e+00 8.977655e-01 -4.121980e-05
2.700000e+00 9.200000e-01 9.577724e-01 5.871006e+00 8.977662e-01 -3.245250e-05
2.750000e+00 9.200000e-01 9.577738e-01 5.872160e+00 8.977625e-01 -2.482847e-05
2.800000e+00 9.200000e-01 9.577749e-01 5.872874e+00 8.977572e-01 -1.861060e-05
2.850000e+00 9.200000e-01 9.577757e-01 5.873312e+00 8.977518e-01 -1.373609e-05
2.900000e+00 9.200000e-01 9.577763e-01 5.873579e+00 8.977469e-01 -1.001539e-05
2.950000e+00 9.200000e-01 9.577767e-01 5.873738e+00 8.977429e-01 -7.229659e-06
3.000000e+00 9.200000e-01 9.577770e-01 5.873832e+00 8.977397e-01 -5.174378e-06
3.050000e+00 9.200000e-01 9.577772e-01 5.873887e+00 8.977371e-01 -3.675660e-06
3.100000e+00 9.200000e-01 9.577774e-01 5.873917e+00 8.977352e-01 -2.593311e-06
3.150000e+00 9.200000e-01 9.577775e-01 5.873933e+00 8.977338e-01 -1.818087e-06
3.200000e+00 9.200000e-01 9.577776e-01 5.873940e+00 8.977327e-01 -1.266849e-06
3.250000e+00 9.200000e-01 9.577776e-01 5.873943e+00 8.977319e-01 -8.774332e-07
3.300000e+00 9.200000e-01 9.577776e-01 5.873944e+00 8.977313e-01 -6.039880e-07
3.350000e+00 9.200000e-01 9.577777e-01 5.873943e+00 8.977309e-01 -4.130677e-07
3.400000e+00 9.200000e-01 9.577777e-01 5.873942e+00 8.977306e-01 -2.805012e-07
3.450000e+00 9.200000e-01 9.577777e-01 5.873941e+00 8.977304e-01 -1.889582e-07
3.500000e+00 9.200000e-01 9.577777e-01 5.873939e+00 8.977303e-01 -1.261001e-07
3.550000e+00 9.200000e-01 9.577777e-01 5.873938e+00 8.977302e-01 -8.319640e-08
3.600000e+00 9.200000e-01 9.577777e-01 5.873937e+00 8.977301e-01 -5.410458e-08
3.650000e+00 9.200000e-01 9.577777e-01 5.873936e+00 8.977301e-01 -3.452534e-08
3.700000e+00 9.200000e-01 9.577777e-01 5.873936e+00 8.977300e-01 -2.146416e-08
3.750000e+00 9.200000e-01 9.577777e-01 5.873935e+00 8.977300e-01 -1.284490e-08
3.800000e+00 9.200000e-01 9.577777e-01 5.873935e+00 8.977300e-01 -7.234617e-09
3.850000e+00 9.200000e-01 9.577777e-01 5.873935e+00 8.977300e-01 -3.648700e-09
3.900000e+00 9.200000e-01 9.577777e-01 5.873934e+00 8.977300e-01 -1.413656e-09
3.950000e+00 9.200000e-01 9.577777e-01 5.873934e+00 8.977300e-01 -7.102874e-11
4.000000e+00 9.200000e-01 9.577777e-01 5.873934e+00 8.977300e-01 6.896061e-10
4.050000e+00 9.200000e-01 9.577777e-01 5.873934e+00 8.977300e-01 1.077183e-09
4.100000e+00 9.200000e-01 9.577777e-01 5.873934e+00 8.977300e-01 1.231283e-09
4.150000e+00 9.200000e-01 9.577777e-01 5.873934e+00 8.977300e-01 1.244306e-09
4.200000e+00 9.200000e-01 9.577777e-01 5.873934e+00 8.977300e-01 1.176719e-09
4.250000e+00 9.200000e-01 9.577777e-01 5.873934e+00 8.977300e-01 1.067466e-09
4.300000e+00 9.200000e-01 9.577777e-01 5.873934e+00 8.977300e-01 9.410628e-10
4.350000e+00 9.200000e-01 9.577777e-01 5.873934e+00 8.977300e-01 8.124501e-10
4.400000e+00 9.200000e-01 9.577777e-01 5.873934e+00 8.977300e-01 6.902612e-10
4.450000e+00 9.200000e-01 9.577777e-01 5.873934e+00 8.977300e-01 5.790579e-10
4.500000e+00 9.200000e-01 9.577777e-01 5.873934e+00 8.977300e-01 4.807998e-10
4.550000e+00 9.200000e-01 9.577777e-01 5.873934e+00 8.977300e-01 3.958434e-10
4.600000e+00 9.200000e-01 9.577777e-01 5.873934e+00 8.977300e-01 3.236111e-10
4.650000e+00 9.200000e-01 9.577777e-01 5.873934e+00 8.977300e-01 2.630063e-10
4.700000e+00 9.200000e-01 9.577777e-01 5.873934e+00 8.977300e-01 2.127098e-10
4.750000e+00 9.200000e-01 9.577777e-01 5.873934e+00 8.977300e-01 1.713341e-10
4.800000e+00 9.200000e-01 9.577777e-01 5.873934e+00 8.977300e-01 1.375322e-10
4.850000e+00 9.200000e-01 9.577777e-01 5.873934e+00 8.977300e-01 1.100708e-10
4.900000e+00 9.200000e-01 9.577777e-01 5.873934e+00 8.977300e-01 8.784751e-11
4.950000e+00 9.200000e-01 9.577777e-01 5.873934e+00 8.977300e-01 6.989409e-11
5.000000e+00 9.200000e-01 9.577777e-01 5.873934e+00 8.977300e-01 5.538126e-11
5.050000e+00 9.200000e-01 9.577777e-01 5.873934e+00 8.977300e-01 4.360623e-11
5.100000e+00 9.200000e-01 9.577777e-01 5.873934e+00 8.977300e-01 3.397171e-11
5.150000e+00 9.200000e-01 9.577777e-01 5.873934e+00 8.977300e-01 2.598810e-11
5.200000e+00 9.200000e-01 9.577777e-01 5.873934e+00 8.977300e-01 1.923905e-11
5.250000e+00 9.200000e-01 9.577777e-01 5.873934e+00 8.977300e-01 1.336264e-11
5.300000e+00 9.200000e-01 9.577777e-01 5.873934e+00 8.977300e-01 8.060219e-12
5.350000e+00 9.200000e-01 9.577777e-01 5.873934e+00 8.977300e-01 3.053113e-12
5.400000e+00 9.200000e-01 9.577777e-01 5.873934e+00 8.977300e-01 -1.918465e-12
5.450000e+00 9.200000e-01 9.577777e-01 5.873934e+00 8.977300e-01 -7.108758e-12
5.500000e+00 9.200000e-01 9.577777e-01 5.873934e+00 8.977300e-01 -1.280087e-11
5.550000e+00 9.200000e-01 9.577777e-01 5.873934e+00 8.977300e-01 -1.930012e-11
5.600000e+00 9.200000e-01 9.577777e-01 5.873934e+00 8.977300e-01 -2.696621e-11
5.650000e+00 9.200000e-01 9.577777e-01 5.873934e+00 8.977300e-01 -3.624212e-11
5.700000e+00 9.200000e-01 9.577777e-01 5.873934e+00 8.977300e-01 -4.767298e-11
5.750000e+00 9.200000e-01 9.577777e-01 5.873934e+00 8.977300e-01 -6.195822e-11
5.800000e+00 9.200000e-01 9.577777e-01 5.873934e+00 8.977300e-01 -7.998269e-11
5.850000e+00 9.200000e-01 9.577777e-01 5.873934e+00 8.977300e-01 -1.028955e-10
5.900000e+00 9.200000e-01 9.577777e-01 5.873934e+00 8.977300e-01 -1.321798e-10
5.950000e+00 9.200000e-01 9.577777e-01 5.873934e+00 8.977300e-01 -1.697398e-10
6.000000e+00 9.200000e-01 9.577777e-01 5.873934e+00 8.977300e-01 -2.180600e-10
6.050000e+00 9.200000e-01 9.577777e-01 5.873934e+00 8.977300e-01 -2.803791e-10
6.100000e+00 9.200000e-01 9.577777e-01 5.873934e+00 8.977300e-01 -3.608813e-10
6.150000e+00 9.200000e-01 9.577777e-01 5.873934e+00 8.977300e-01 -4.650158e-10
6.200000e+00 9.200000e-01 9.577777e-01 5.873934e+00 8.977300e-01 -5.998890e-10
6.250000e+00 9.200000e-01 9.577777e-01 5.873934e+00 8.977300e-01 -7.747358e-10
6.300000e+00 9.200000e-01 9.577777e-01 5.873934e+00 8.977300e-01 -1.001578e-09
6.350000e+00 9.200000e-01 9.577777e-01 5.873934e+00 8.977300e-01 -1.296052e-09
6.400000e+00 9.200000e-01 9.577777e-01 5.873934e+00 8.977300e-01 -1.678537e-09
6.450000e+00 9.200000e-01 9.577777e-01 5.873934e+00 8.977300e-01 -2.175552e-09
6.500000e+00 9.200000e-01 9.577777e-01 5.873934e+00 8.977300e-01 -2.821623e-09
6.550000e+00 9.200000e-01 9.577777e-01 5.873934e+00 8.977300e-01 -3.661714e-09
6.600000e+00 9.200000e-01 9.577777e-01 5.873934e+00 8.977300e-01 -4.754352e-09
6.650000e+00 9.200000e-01 9.577777e-01 5.873934e+00 8.977300e-01 -6.175739e-09
6.700000e+00 9.200000e-01 9.577777e-01 5.873934e+00 8.977299e-01 -8.025078e-09
6.750000e+00 9.200000e-01 9.577777e-01 5.873934e+00 8.977299e-01 -1.043151e-08
6.800000e+00 9.200000e-01 9.577777e-01 5.873934e+00 8.977299e-01 -1.356313e-08
6.850000e+00 9.200000e-01 9.577777e-01 5.873934e+00 8.977299e-01 -1.763872e-08
6.900000e+00 9.200000e-01 9.577777e-01 5.873934e+00 8.977299e-01 -2.294299e-08
6.950000e+00 9.200000e-01 9.577777e-01 5.873934e+00 8.977299e-01 -2.984645e-08
7.000000e+00 9.200000e-01 9.577777e-01 5.873935e+00 8.977299e-01 -3.883115e-08
7.050000e+00 9.200000e-01 9.577777e-01 5.873935e+00 8.977299e-01 -5.052425e-08
7.100000e+00 9.200000e-01 9.577777e-01 5.873935e+00 8.977298e-01 -6.574149e-08
7.150000e+00 9.200000e-01 9.577777e-01 5.873936e+00 8.977298e-01 -8.554389e-08
7.200000e+00 9.200000e-01 9.577777e-01 5.873936e+00 8.977297e-01 -1.113112e-07
7.250000e+00 9.200000e-01 9.577777e-01 5.873937e+00 8.977297e-01 -1.448374e-07
7.300000e+00 9.200000e-01 9.577778e-01 5.873938e+00 8.977296e-01 -1.884549e-07
7.350000e+00 9.200000e-01 9.577778e-01 5.873939e+00 8.977295e-01 -2.451951e-07
7.400000e+00 9.200000e-01 9.577778e-01 5.873941e+00 8.977293e-01 -3.189993e-07
7.450000e+00 9.200000e-01 9.577778e-01 5.873943e+00 8.977291e-01 -4.149828e-07
7.500000e+00 9.200000e-01 9.577778e-01 5.873945e+00 8.977289e-01 -5.398146e-07
7.550000e+00 9.200000e-01 9.577778e-01 5.873949e+00 8.977285e-01 -7.020786e-07
7.600000e+00 9.200000e-01 9.577779e-01 5.873953e+00 8.977281e-01 -9.131886e-07
7.650000e+00 9.200000e-01 9.577779e-01 5.873959e+00 8.977275e-01 -1.187111e-06
7.700000e+00 9.200000e-01 9.577780e-01 5.873967e+00 8.977268e-01 -1.544654e-06
7.750000e+00 9.200000e-01 9.577781e-01 5.873977e+00 8.977258e-01 -2.004763e-06
7.800000e+00 9.200000e-01 9.577782e-01 5.873990e+00 8.977246e-01 -2.615497e-06
7.850000e+00 9.200000e-01 9.577784e-01 5.874008e+00 8.977230e-01 -3.373470e-06
7.900000e+00 9.200000e-01 9.577785e-01 5.874027e+00 8.977210e-01 -4.451496e-06
7.950000e+00 9.200000e-01 9.577788e-01 5.874063e+00 8.977180e-01 -5.615076e-06
8.000000e+00 9.200000e-01 9.577791e-01 5.874083e+00 8.977152e-01 -7.698548e-06
8.050000e+00 9.200000e-01 9.577796e-01 5.874175e+00 8.977089e-01 -9.079243e-06
8.100000e+00 9.200000e-01 9.577800e-01 5.874137e+00 8.977068e-01 -1.379012e-05
8.150000e+00 9.200000e-01 9.577809e-01 5.874447e+00 8.976907e-01 -1.379236e-05
8.200000e+00 9.200000e-01 9.577814e-01 5.874072e+00 8.976980e-01 -2.591509e-05
8.250000e+00 9.200000e-01 9.577835e-01 5.875190e+00 8.976513e-01 -1.897951e-05
8.300000e+00 9.200000e-01 9.577833e-01 5.873494e+00 8.976963e-01 -4.974590e-05
8.350000e+00 9.200000e-01 9.577885e-01 5.877146e+00 8.975673e-01 -2.462639e-05
8.400000e+00 9.200000e-01 9.577858e-01 5.871616e+00 8.977123e-01 -9.029497e-05
8.450000e+00 9.200000e-01 9.577975e-01 5.881374e+00 8.974141e-01 -3.996368e-05
8.500000e+00 9.200000e-01 9.577897e-01 5.867940e+00 8.977299e-01 -1.420624e-04
8.550000e+00 9.200000e-01 9.578118e-01 5.887861e+00 8.972043e-01 -9.495680e-05
8.600000e+00 9.200000e-01 9.577992e-01 5.864471e+00 8.976592e-01 -1.904115e-04
8.650000e+00 9.200000e-01 9.578308e-01 5.893281e+00 8.969998e-01 -2.225388e-04
8.700000e+00 9.200000e-01 9.578215e-01 5.866808e+00 8.973794e-01 -2.602311e-04
8.750000e+00 9.200000e-01 9.578568e-01 5.893199e+00 8.967650e-01 -4.046559e-04
8.800000e+00 9.200000e-01 9.578620e-01 5.877874e+00 8.969202e-01 -4.535919e-04
8.850000e+00 9.200000e-01 9.579022e-01 5.891622e+00 8.962204e-01 -6.191560e-04
8.900000e+00 9.200000e-01 9.579239e-01 5.890491e+00 8.963669e-01 -8.276360e-04
8.950000e+00 9.200000e-01 9.579849e-01 5.900428e+00 8.951720e-01 -1.011612e-03
9.000000e+00 9.200000e-01 9.580250e-01 5.900809e+00 8.953563e-01 -1.348372e-03
9.050000e+00 9.200000e-01 9.581198e-01 5.919174e+00 8.936965e-01 -1.762106e-03
9.100000e+00 9.200000e-01 9.582013e-01 5.923200e+00 8.933764e-01 -2.220300e-03
9.150000e+00 9.200000e-01 9.583418e-01 5.941951e+00 8.912712e-01 -2.905494e-03
9.200000e+00 9.200000e-01 9.584918e-01 5.964627e+00 8.902702e-01 -3.772947e-03
9.250000e+00 9.200000e-01 9.587191e-01 5.985509e+00 8.869778e-01 -4.818443e-03
9.300000e+00 9.200000e-01 9.589736e-01 6.024713e+00 8.850107e-01 -6.219328e-03
9.350000e+00 9.200000e-01 9.593410e-01 6.062663e+00 8.800669e-01 -8.044017e-03
9.400000e+00 9.200000e-01 9.597780e-01 6.129225e+00 8.759838e-01 -1.028936e-02
9.450000e+00 9.200000e-01 9.603700e-01 6.185509e+00 8.683502e-01 -1.318054e-02
9.500000e+00 9.200000e-01 9.610961e-01 6.301972e+00 8.610200e-01 -1.684245e-02
9.550000e+00 9.200000e-01 9.620542e-01 6.394687e+00 8.486647e-01 -2.142314e-02
9.600000e+00 9.200000e-01 9.632384e-01 6.580086e+00 8.356392e-01 -2.702447e-02
9.650000e+00 9.200000e-01 9.647567e-01 6.731639e+00 8.155713e-01 -3.383346e-02
9.700000e+00 9.200000e-01 9.666218e-01 7.021615e+00 7.930451e-01 -4.180916e-02
9.750000e+00 9.200000e-01 9.689376e-01 7.248199e+00 7.599225e-01 -5.061350e-02
9.800000e+00 9.200000e-01 9.716831e-01 7.658408e+00 7.219394e-01 -5.932155e-02
9.850000e+00 9.200000e-01 9.748697e-01 7.919746e+00 6.682331e-01 -6.524680e-02
9.900000e+00 9.200000e-01 9.782078e-01 8.343663e+00 6.084044e-01 -6.229956e-02
9.950000e+00 9.200000e-01 9.810997e-01 8.338477e+00 5.278214e-01 -3.248208e-02
1.000000e+01 9.200000e-01 9.814560e-01 8.339024e+00 0.000000e+00 0.000000e+00
0.000000e+00 9.400000e-01 9.892560e-01 5.280000e+00 0.000000e+00 0.000000e+00
5.000000e-02 9.400000e-01 9.892441e-01 5.277722e+00 3.371518e-01 2.059406e-04
1.000000e-01 9.400000e-01 9.892354e-01 5.275537e+00 3.372180e-01 1.524066e-04
1.500000e-01 9.400000e-01 9.892289e-01 5.274739e+00 3.373466e-01 1.198143e-04
2.000000e-01 9.400000e-01 9.892234e-01 5.274580e+00 3.375001e-01 9.813046e-05
2.500000e-01 9.400000e-01 9.892191e-01 5.274886e+00 3.376670e-01 6.058920e-05
3.000000e-01 9.400000e-01 9.892174e-01 5.277926e+00 3.378568e-01 -1.919256e-05
3.500000e-01 9.400000e-01 9.892210e-01 5.287550e+00 3.380730e-01 -1.513359e-04
4.000000e-01 9.400000e-01 9.892325e-01 5.306469e+00 3.382978e-01 -3.036265e-04
4.500000e-01 9.400000e-01 9.892514e-01 5.334138e+00 3.385374e-01 -3.874864e-04
5.000000e-01 9.400000e-01 9.892712e-01 5.366771e+00 3.388979e-01 -2.926024e-04
5.500000e-01 9.400000e-01 9.892806e-01 5.399048e+00 3.395923e-01 4.731190e-05
6.000000e-01 9.400000e-01 9.892665e-01 5.426115e+00 3.408606e-01 6.262803e-04
6.500000e-01 9.400000e-01 9.892180e-01 5.444816e+00 3.428994e-01 1.398716e-03
7.000000e-01 9.400000e-01 9.891266e-01 5.453919e+00 3.458621e-01 2.317106e-03
7.500000e-01 9.400000e-01 9.889863e-01 5.453671e+00 3.498742e-01 3.330393e-03
8.000000e-01 9.400000e-01 9.887936e-01 5.445112e+00 3.550071e-01 4.373823e-03
8.500000e-01 9.400000e-01 9.885489e-01 5.429524e+00 3.612518e-01 5.390557e-03
9.000000e-01 9.400000e-01 9.882546e-01 5.408127e+00 3.685533e-01 6.361191e-03
9.500000e-01 9.400000e-01 9.879128e-01 5.381964e+00 3.768710e-01 7.295784e-03
1.000000e+00 9.400000e-01 9.875250e-01 5.351770e+00 3.861891e-01 8.199921e-03
1.050000e+00 9.400000e-01 9.870928e-01 5.317754e+00 3.964811e-01 9.064059e-03
1.100000e+00 9.400000e-01 9.866186e-01 5.279491e+00 4.076989e-01 9.884262e-03
1.150000e+00 9.400000e-01 9.861044e-01 5.236218e+00 4.198091e-01 1.067436e-02
1.200000e+00 9.400000e-01 9.855511e-01 5.187631e+00 4.328247e-01 1.144934e-02
1.250000e+00 9.400000e-01 9.849594e-01 5.134896e+00 4.467953e-01 1.220786e-02
1.300000e+00 9.400000e-01 9.843303e-01 5.081518e+00 4.617849e-01 1.293903e-02
1.350000e+00 9.400000e-01 9.836655e-01 5.033777e+00 4.778739e-01 1.363654e-02
1.400000e+00 9.400000e-01 9.829667e-01 5.000587e+00 4.951662e-01 1.429243e-02
1.450000e+00 9.400000e-01 9.822363e-01 4.992820e+00 5.137589e-01 1.487930e-02
1.500000e+00 9.400000e-01 9.814788e-01 5.022262e+00 5.336863e-01 1.535099e-02
1.550000e+00 9.400000e-01 9.807012e-01 5.100553e+00 5.548869e-01 1.566395e-02
1.600000e+00 9.400000e-01 9.799124e-01 5.238168e+00 5.772090e-01 1.578686e-02
1.650000e+00 9.400000e-01 9.791225e-01 5.442979e+00 6.004050e-01 1.567884e-02
1.700000e+00 9.400000e-01 9.783445e-01 5.717748e+00 6.240705e-01 1.526211e-02
1.750000e+00 9.400000e-01 9.775963e-01 6.056753e+00 6.475615e-01 1.443347e-02
1.800000e+00 9.400000e-01 9.769011e-01 6.443321e+00 6.699903e-01 1.312350e-02
1.850000e+00 9.400000e-01 9.762839e-01 6.850778e+00 6.903658e-01 1.136249e-02
1.900000e+00 9.400000e-01 9.757649e-01 7.247791e+00 7.078389e-01 9.300007e-03
1.950000e+00 9.400000e-01 9.753539e-01 7.606158e+00 7.219236e-01 7.161930e-03
2.000000e+00 9.400000e-01 9.750487e-01 7.907229e+00 7.325860e-01 5.174224e-03
2.050000e+00 9.400000e-01 9.748365e-01 8.144224e+00 7.401766e-01 3.498291e-03
2.100000e+00 9.400000e-01 9.746989e-01 8.320417e+00 7.452711e-01 2.204717e-03
2.150000e+00 9.400000e-01 9.746160e-01 8.445176e+00 7.485023e-01 1.284102e-03
2.200000e+00 9.400000e-01 9.745705e-01 8.530011e+00 7.504409e-01 6.772691e-04
2.250000e+00 9.400000e-01 9.745483e-01 8.585837e+00 7.515385e-01 3.065724e-04
2.300000e+00 9.400000e-01 9.745398e-01 8.621634e+00 7.521199e-01 9.800497e-05
2.350000e+00 9.400000e-01 9.745385e-01 8.644134e+00 7.524011e-01 -7.887785e-06
2.400000e+00 9.400000e-01 9.745406e-01 8.658061e+00 7.525172e-01 -5.358265e-05
2.450000e+00 9.400000e-01 9.745439e-01 8.666581e+00 7.525483e-01 -6.677967e-05
2.500000e+00 9.400000e-01 9.745473e-01 8.671742e+00 7.525394e-01 -6.418854e-05
2.550000e+00 9.400000e-01 9.745503e-01 8.674841e+00 7.525146e-01 -5.517250e-05
2.600000e+00 9.400000e-01 9.745528e-01 8.676683e+00 7.524862e-01 -4.457191e-05
2.650000e+00 9.400000e-01 9.745547e-01 8.677764e+00 7.524596e-01 -3.463148e-05
2.700000e+00 9.400000e-01 9.745562e-01 8.678389e+00 7.524370e-01 -2.620407e-05
2.750000e+00 9.400000e-01 9.745574e-01 8.678741e+00 7.524188e-01 -1.945221e-05
2.800000e+00 9.400000e-01 9.745582e-01 8.678933e+00 7.524045e-01 -1.423278e-05
2.850000e+00 9.400000e-01 9.745588e-01 8.679032e+00 7.523937e-01 -1.029548e-05
2.900000e+00 9.400000e-01 9.745592e-01 8.679079e+00 7.523856e-01 -7.377625e-06
2.950000e+00 9.400000e-01 9.745595e-01 8.679096e+00 7.523796e-01 -5.244389e-06
3.000000e+00 9.400000e-01 9.745597e-01 8.679099e+00 7.523753e-01 -3.701559e-06
3.050000e+00 9.400000e-01 9.745599e-01 8.679094e+00 7.523721e-01 -2.595694e-06
3.100000e+00 9.400000e-01 9.745600e-01 8.679086e+00 7.523698e-01 -1.809114e-06
3.150000e+00 9.400000e-01 9.745601e-01 8.679078e+00 7.523682e-01 -1.253437e-06
3.200000e+00 9.400000e-01 9.745601e-01 8.679071e+00 7.523671e-01 -8.633085e-07
3.250000e+00 9.400000e-01 9.745602e-01 8.679064e+00 7.523663e-01 -5.909919e-07
3.300000e+00 9.400000e-01 9.745602e-01 8.679059e+00 7.523657e-01 -4.019622e-07
3.350000e+00 9.400000e-01 9.745602e-01 8.679054e+00 7.523654e-01 -2.714603e-07
3.400000e+00 9.400000e-01 9.745602e-01 8.679051e+00 7.523651e-01 -1.818587e-07
3.450000e+00 9.400000e-01 9.745602e-01 8.679048e+00 7.523649e-01 -1.206890e-07
3.500000e+00 9.400000e-01 9.745602e-01 8.679047e+00 7.523648e-01 -7.918316e-08
3.550000e+00 9.400000e-01 9.745602e-01 8.679045e+00 7.523647e-01 -5.120875e-08
3.600000e+00 9.400000e-01 9.745602e-01 8.679044e+00 7.523646e-01 -3.249852e-08
3.650000e+00 9.400000e-01 9.745602e-01 8.679043e+00 7.523646e-01 -2.009734e-08
3.700000e+00 9.400000e-01 9.745602e-01 8.679043e+00 7.523646e-01 -1.196836e-08
3.750000e+00 9.400000e-01 9.745602e-01 8.679042e+00 7.523646e-01 -6.714158e-09
3.800000e+00 9.400000e-01 9.745602e-01 8.679042e+00 7.523646e-01 -3.380478e-09
3.850000e+00 9.400000e-01 9.745602e-01 8.679042e+00 7.523646e-01 -1.318864e-09
3.900000e+00 9.400000e-01 9.745602e-01 8.679041e+00 7.523646e-01 -9.094059e-11
3.950000e+00 9.400000e-01 9.745602e-01 8.679041e+00 7.523646e-01 5.979295e-10
4.000000e+00 9.400000e-01 9.745602e-01 8.679041e+00 7.523646e-01 9.444734e-10
4.050000e+00 9.400000e-01 9.745602e-01 8.679041e+00 7.523646e-01 1.079011e-09
4.100000e+00 9.400000e-01 9.745602e-01 8.679041e+00 7.523646e-01 1.087014e-09
4.150000e+00 9.400000e-01 9.745602e-01 8.679041e+00 7.523646e-01 1.023828e-09
4.200000e+00 9.400000e-01 9.745602e-01 8.679041e+00 7.523646e-01 9.246914e-10
4.250000e+00 9.400000e-01 9.745602e-01 8.679041e+00 7.523646e-01 8.115109e-10
4.300000e+00 9.400000e-01 9.745602e-01 8.679041e+00 7.523646e-01 6.974199e-10
4.350000e+00 9.400000e-01 9.745602e-01 8.679041e+00 7.523646e-01 5.898548e-10
4.400000e+00 9.400000e-01 9.745602e-01 8.679041e+00 7.523646e-01 4.926137e-10
4.450000e+00 9.400000e-01 9.745602e-01 8.679041e+00 7.523646e-01 4.072120e-10
4.500000e+00 9.400000e-01 9.745602e-01 8.679041e+00 7.523646e-01 3.337830e-10
4.550000e+00 9.400000e-01 9.745602e-01 8.679041e+00 7.523646e-01 2.716816e-10
4.600000e+00 9.400000e-01 9.745602e-01 8.679041e+00 7.523646e-01 2.198464e-10
4.650000e+00 9.400000e-01 9.745602e-01 8.679041e+00 7.523646e-01 1.770339e-10
4.700000e+00 9.400000e-01 9.745602e-01 8.679041e+00 7.523646e-01 1.419842e-10
4.750000e+00 9.400000e-01 9.745602e-01 8.679041e+00 7.523646e-01 1.135003e-10
4.800000e+00 9.400000e-01 9.745602e-01 8.679041e+00 7.523646e-01 9.048207e-11
4.850000e+00 9.400000e-01 9.745602e-01 8.679041e+00 7.523646e-01 7.196022e-11
4.900000e+00 9.400000e-01 9.745602e-01 8.679041e+00 7.523646e-01 5.708878e-11
4.950000e+00 9.400000e-01 9.745602e-01 8.679041e+00 7.523646e-01 4.516054e-11
5.000000e+00 9.400000e-01 9.745602e-01 8.679041e+00 7.523646e-01 3.557599e-11
5.050000e+00 9.400000e-01 9.745602e-01 8.679041e+00 7.523646e-01 2.781775e-11
5.100000e+00 9.400000e-01 9.745602e-01 8.679041e+00 7.523646e-01 2.148504e-11
5.150000e+00 9.400000e-01 9.745602e-01 8.679041e+00 7.523646e-01 1.623257e-11
5.200000e+00 9.400000e-01 9.745602e-01 8.679041e+00 7.523646e-01 1.176725e-11
5.250000e+00 9.400000e-01 9.745602e-01 8.679041e+00 7.523646e-01 7.848167e-12
5.300000e+00 9.400000e-01 9.745602e-01 8.679041e+00 7.523646e-01 4.269918e-12
5.350000e+00 9.400000e-01 9.745602e-01 8.679041e+00 7.523646e-01 8.404388e-13
5.400000e+00 9.400000e-01 9.745602e-01 8.679041e+00 7.523646e-01 -2.624567e-12
5.450000e+00 9.400000e-01 9.745602e-01 8.679041e+00 7.523646e-01 -6.300516e-12
5.500000e+00 9.400000e-01 9.745602e-01 8.679041e+00 7.523646e-01 -1.038614e-11
5.550000e+00 9.400000e-01 9.745602e-01 8.679041e+00 7.523646e-01 -1.511125e-11
5.600000e+00 9.400000e-01 9.745602e-01 8.679041e+00 7.523646e-01 -2.073675e-11
5.650000e+00 9.400000e-01 9.745602e-01 8.679041e+00 7.523646e-01 -2.759015e-11
5.700000e+00 9.400000e-01 9.745602e-01 8.679041e+00 7.523646e-01 -3.608114e-11
5.750000e+00 9.400000e-01 9.745602e-01 8.679041e+00 7.523646e-01 -4.672929e-11
5.800000e+00 9.400000e-01 9.745602e-01 8.679041e+00 7.523646e-01 -6.020295e-11
5.850000e+00 9.400000e-01 9.745602e-01 8.679041e+00 7.523646e-01 -7.736589e-11
5.900000e+00 9.400000e-01 9.745602e-01 8.679041e+00 7.523646e-01 -9.932832e-11
5.950000e+00 9.400000e-01 9.745602e-01 8.679041e+00 7.523646e-01 -1.275302e-10
6.000000e+00 9.400000e-01 9.745602e-01 8.679041e+00 7.523646e-01 -1.638467e-10
6.050000e+00 9.400000e-01 9.745602e-01 8.679041e+00 7.523646e-01 -2.107170e-10
6.100000e+00 9.400000e-01 9.745602e-01 8.679041e+00 7.523646e-01 -2.712897e-10
6.150000e+00 9.400000e-01 9.745602e-01 8.679041e+00 7.523646e-01 -3.496747e-10
6.200000e+00 9.400000e-01 9.745602e-01 8.679041e+00 7.523646e-01 -4.512346e-10
6.250000e+00 9.400000e-01 9.745602e-01 8.679041e+00 7.523646e-01 -5.829304e-10
6.300000e+00 9.400000e-01 9.745602e-01 8.679041e+00 7.523646e-01 -7.538259e-10
6.350000e+00 9.400000e-01 9.745602e-01 8.679041e+00 7.523646e-01 -9.757162e-10
6.400000e+00 9.400000e-01 9.745602e-01 8.679041e+00 7.523646e-01 -1.263970e-09
6.450000e+00 9.400000e-01 9.745602e-01 8.679041e+00 7.523646e-01 -1.638580e-09
6.500000e+00 9.400000e-01 9.745602e-01 8.679041e+00 7.523646e-01 -2.125590e-09
6.550000e+00 9.400000e-01 9.745602e-01 8.679041e+00 7.523645e-01 -2.758906e-09
6.600000e+00 9.400000e-01 9.745602e-01 8.679041e+00 7.523645e-01 -3.582660e-09
6.650000e+00 9.400000e-01 9.745602e-01 8.679041e+00 7.523645e-01 -4.654312e-09
6.700000e+00 9.400000e-01 9.745602e-01 8.679041e+00 7.523645e-01 -6.048679e-09
6.750000e+00 9.400000e-01 9.745602e-01 8.679041e+00 7.523645e-01 -7.863133e-09
6.800000e+00 9.400000e-01 9.745602e-01 8.679041e+00 7.523645e-01 -1.022442e-08
6.850000e+00 9.400000e-01 9.745602e-01 8.679041e+00 7.523645e-01 -1.329750e-08
6.900000e+00 9.400000e-01 9.745602e-01 8.679041e+00 7.523645e-01 -1.729704e-08
6.950000e+00 9.400000e-01 9.745602e-01 8.679041e+00 7.523645e-01 -2.250238e-08
7.000000e+00 9.400000e-01 9.745602e-01 8.679042e+00 7.523645e-01 -2.927695e-08
7.050000e+00 9.400000e-01 9.745602e-01 8.679042e+00 7.523644e-01 -3.809351e-08
7.100000e+00 9.400000e-01 9.745602e-01 8.679042e+00 7.523644e-01 -4.956703e-08
7.150000e+00 9.400000e-01 9.745602e-01 8.679042e+00 7.523643e-01 -6.449728e-08
7.200000e+00 9.400000e-01 9.745602e-01 8.679043e+00 7.523643e-01 -8.392426e-08
7.250000e+00 9.400000e-01 9.745603e-01 8.679043e+00 7.523642e-01 -1.092001e-07
7.300000e+00 9.400000e-01 9.745603e-01 8.679044e+00 7.523641e-01 -1.420828e-07
7.350000e+00 9.400000e-01 9.745603e-01 8.679045e+00 7.523639e-01 -1.848568e-07
7.400000e+00 9.400000e-01 9.745603e-01 8.679046e+00 7.523638e-01 -2.404920e-07
7.450000e+00 9.400000e-01 9.745603e-01 8.679048e+00 7.523635e-01 -3.128447e-07
7.500000e+00 9.400000e-01 9.745603e-01 8.679050e+00 7.523632e-01 -4.069340e-07
7.550000e+00 9.400000e-01 9.745603e-01 8.679053e+00 7.523628e-01 -5.292480e-07
7.600000e+00 9.400000e-01 9.745604e-01 8.679056e+00 7.523623e-01 -6.883192e-07
7.650000e+00 9.400000e-01 9.745604e-01 8.679061e+00 7.523616e-01 -8.948815e-07
7.700000e+00 9.400000e-01 9.745605e-01 8.679067e+00 7.523607e-01 -1.163963e-06
7.750000e+00 9.400000e-01 9.745605e-01 8.679075e+00 7.523595e-01 -1.511743e-06
7.800000e+00 9.400000e-01 9.745606e-01 8.679086e+00 7.523580e-01 -1.969002e-06
7.850000e+00 9.400000e-01 9.745607e-01 8.679099e+00 7.523560e-01 -2.547992e-06
7.900000e+00 9.400000e-01 9.745609e-01 8.679117e+00 7.523534e-01 -3.340049e-06
7.950000e+00 9.400000e-01 9.745610e-01 8.679140e+00 7.523499e-01 -4.266164e-06
8.000000e+00 9.400000e-01 9.745613e-01 8.679169e+00 7.523460e-01 -5.719843e-06
8.050000e+00 9.400000e-01 9.745616e-01 8.679212e+00 7.523394e-01 -7.018583e-06
8.100000e+00 9.400000e-01 9.745620e-01 8.679251e+00 7.523341e-01 -1.001892e-05
8.150000e+00 9.400000e-01 9.745626e-01 8.679348e+00 7.523200e-01 -1.112005e-05
8.200000e+00 9.400000e-01 9.745631e-01 8.679360e+00 7.523173e-01 -1.817292e-05
8.250000e+00 9.400000e-01 9.745644e-01 8.679638e+00 7.522819e-01 -1.662792e-05
8.300000e+00 9.400000e-01 9.745648e-01 8.679427e+00 7.522972e-01 -3.373886e-05
8.350000e+00 9.400000e-01 9.745678e-01 8.680336e+00 7.522060e-01 -2.401386e-05
8.400000e+00 9.400000e-01 9.745672e-01 8.679211e+00 7.522771e-01 -6.079789e-05
8.450000e+00 9.400000e-01 9.745739e-01 8.681974e+00 7.520665e-01 -3.839031e-05
8.500000e+00 9.400000e-01 9.745710e-01 8.678327e+00 7.522439e-01 -9.910239e-05
8.550000e+00 9.400000e-01 9.745838e-01 8.685120e+00 7.518543e-01 -7.671917e-05
8.600000e+00 9.400000e-01 9.745787e-01 8.676980e+00 7.521305e-01 -1.428779e-04
8.650000e+00 9.400000e-01 9.745981e-01 8.689219e+00 7.515933e-01 -1.626731e-04
8.700000e+00 9.400000e-01 9.745949e-01 8.677471e+00 7.518198e-01 -2.037273e-04
8.750000e+00 9.400000e-01 9.746185e-01 8.691730e+00 7.512606e-01 -2.988753e-04
8.800000e+00 9.400000e-01 9.746248e-01 8.683568e+00 7.512553e-01 -3.389593e-04
8.850000e+00 9.400000e-01 9.746524e-01 8.691565e+00 7.506472e-01 -4.783907e-04
8.900000e+00 9.400000e-01 9.746727e-01 8.695125e+00 7.504403e-01 -6.039355e-04
8.950000e+00 9.400000e-01 9.747128e-01 8.694483e+00 7.494846e-01 -7.757523e-04
9.000000e+00 9.400000e-01 9.747502e-01 8.707607e+00 7.491061e-01 -1.009076e-03
9.050000e+00 9.400000e-01 9.748137e-01 8.706774e+00 7.476370e-01 -1.319063e-03
9.100000e+00 9.400000e-01 9.748821e-01 8.724443e+00 7.467055e-01 -1.670556e-03
9.150000e+00 9.400000e-01 9.749807e-01 8.726521e+00 7.446213e-01 -2.186262e-03
9.200000e+00 9.400000e-01 9.751008e-01 8.755453e+00 7.427546e-01 -2.814009e-03
9.250000e+00 9.400000e-01 9.752621e-01 8.758544e+00 7.394358e-01 -3.616867e-03
9.300000e+00 9.400000e-01 9.754625e-01 8.803157e+00 7.361724e-01 -4.648079e-03
9.350000e+00 9.400000e-01 9.757269e-01 8.815747e+00 7.308784e-01 -5.996446e-03
9.400000e+00 9.400000e-01 9.760621e-01 8.879045e+00 7.250512e-01 -7.647665e-03
9.450000e+00 9.400000e-01 9.764917e-01 8.905679e+00 7.165703e-01 -9.778858e-03
9.500000e+00 9.400000e-01 9.770400e-01 9.000508e+00 7.066181e-01 -1.241259e-02
9.550000e+00 9.400000e-01 9.777330e-01 9.045717e+00 6.927464e-01 -1.570721e-02
9.600000e+00 9.400000e-01 9.786107e-01 9.179218e+00 6.759833e-01 -1.963192e-02
9.650000e+00 9.400000e-01 9.796961e-01 9.243943e+00 6.534701e-01 -2.433410e-02
9.700000e+00 9.400000e-01 9.810441e-01 9.413816e+00 6.258994e-01 -2.957456e-02
9.750000e+00 9.400000e-01 9.826536e-01 9.462915e+00 5.899543e-01 -3.511877e-02
9.800000e+00 9.400000e-01 9.845560e-01 9.615696e+00 5.466914e-01 -3.985276e-02
9.850000e+00 9.400000e-01 9.866389e-01 9.506503e+00 4.932209e-01 -4.186704e-02
9.900000e+00 9.400000e-01 9.887427e-01 9.471748e+00 4.345387e-01 -3.551634e-02
9.950000e+00 9.400000e-01 9.901905e-01 8.898868e+00 3.749814e-01 -5.132959e-03
1.000000e+01 9.400000e-01 9.892560e-01 8.941831e+00 0.000000e+00 0.000000e+00
0.000000e+00 9.600000e-01 9.949440e-01 5.520000e+00 0.000000e+00 0.000000e+00
5.000000e-02 9.600000e-01 9.949314e-01 5.511503e+00 2.292239e-01 1.952136e-04
1.000000e-01 9.600000e-01 9.949245e-01 5.508482e+00 2.293551e-01 1.058919e-04
1.500000e-01 9.600000e-01 9.949208e-01 5.509404e+00 2.294935e-01 6.061393e-05
2.000000e-01 9.600000e-01 9.949184e-01 5.511951e+00 2.296229e-01 3.567376e-05
2.500000e-01 9.600000e-01 9.949172e-01 5.515838e+00 2.297343e-01 7.429766e-08
3.000000e-01 9.600000e-01 9.949184e-01 5.522548e+00 2.298000e-01 -6.884867e-05
3.500000e-01 9.600000e-01 9.949241e-01 5.534026e+00 2.297743e-01 -1.776782e-04
4.000000e-01 9.600000e-01 9.949362e-01 5.551580e+00 2.296196e-01 -3.053762e-04
4.500000e-01 9.600000e-01 9.949546e-01 5.575681e+00 2.293632e-01 -3.986388e-04
5.000000e-01 9.600000e-01 9.949760e-01 5.606388e+00 2.291482e-01 -3.924782e-04
5.500000e-01 9.600000e-01 9.949939e-01 5.643823e+00 2.292170e-01 -2.466989e-04
6.000000e-01 9.600000e-01 9.950007e-01 5.688337e+00 2.298335e-01 3.819864e-05
6.500000e-01 9.600000e-01 9.949901e-01 5.740408e+00 2.312161e-01 4.384259e-04
7.000000e-01 9.600000e-01 9.949569e-01 5.800457e+00 2.335274e-01 9.276005e-04
7.500000e-01 9.600000e-01 9.948973e-01 5.868733e+00 2.368823e-01 1.476306e-03
8.000000e-01 9.600000e-01 9.948092e-01 5.945296e+00 2.413366e-01 2.046884e-03
8.500000e-01 9.600000e-01 9.946926e-01 6.030073e+00 2.468779e-01 2.605631e-03
9.000000e-01 9.600000e-01 9.945487e-01 6.122919e+00 2.534547e-01 3.139583e-03
9.500000e-01 9.600000e-01 9.943787e-01 6.223680e+00 2.610215e-01 3.652577e-03
1.000000e+00 9.600000e-01 9.941834e-01 6.332290e+00 2.695495e-01 4.146311e-03
1.050000e+00 9.600000e-01 9.939640e-01 6.448900e+00 2.790063e-01 4.613600e-03
1.100000e+00 9.600000e-01 9.937221e-01 6.574048e+00 2.893488e-01 5.049228e-03
1.150000e+00 9.600000e-01 9.934591e-01 6.708884e+00 3.005429e-01 5.456948e-03
1.200000e+00 9.600000e-01 9.931764e-01 6.855370e+00 3.125774e-01 5.841212e-03
1.250000e+00 9.600000e-01 9.928750e-01 7.016334e+00 3.254500e-01 6.198310e-03
1.300000e+00 9.600000e-01 9.925565e-01 7.195320e+00 3.391477e-01 6.520725e-03
1.350000e+00 9.600000e-01 9.922229e-01 7.396242e+00 3.536449e-01 6.805494e-03
1.400000e+00 9.600000e-01 9.918760e-01 7.622929e+00 3.689095e-01 7.051503e-03
1.450000e+00 9.600000e-01 9.915178e-01 7.878548e+00 3.848880e-01 7.250214e-03
1.500000e+00 9.600000e-01 9.911510e-01 8.164915e+00 4.014768e-01 7.386276e-03
1.550000e+00 9.600000e-01 9.907791e-01 8.481766e+00 4.185105e-01 7.449149e-03
1.600000e+00 9.600000e-01 9.904060e-01 8.826056e+00 4.357742e-01 7.437686e-03
1.650000e+00 9.600000e-01 9.900354e-01 9.191330e+00 4.530111e-01 7.346081e-03
1.700000e+00 9.600000e-01 9.896714e-01 9.567260e+00 4.698987e-01 7.144815e-03
1.750000e+00 9.600000e-01 9.893209e-01 9.939810e+00 4.860155e-01 6.781575e-03
1.800000e+00 9.600000e-01 9.889933e-01 1.029264e+01 5.008511e-01 6.209763e-03
1.850000e+00 9.600000e-01 9.886999e-01 1.060993e+01 5.138914e-01 5.425144e-03
1.900000e+00 9.600000e-01 9.884508e-01 1.087973e+01 5.247483e-01 4.482666e-03
1.950000e+00 9.600000e-01 9.882516e-01 1.109637e+01 5.332630e-01 3.481667e-03
2.000000e+00 9.600000e-01 9.881026e-01 1.126087e+01 5.395340e-01 2.530814e-03
2.050000e+00 9.600000e-01 9.879986e-01 1.137939e+01 5.438622e-01 1.714390e-03
2.100000e+00 9.600000e-01 9.879312e-01 1.146077e+01 5.466551e-01 1.075133e-03
2.150000e+00 9.600000e-01 9.878910e-01 1.151429e+01 5.483312e-01 6.157231e-04
2.200000e+00 9.600000e-01 9.878696e-01 1.154816e+01 5.492548e-01 3.116942e-04
2.250000e+00 9.600000e-01 9.878599e-01 1.156886e+01 5.497076e-01 1.267313e-04
2.300000e+00 9.600000e-01 9.878569e-01 1.158111e+01 5.498874e-01 2.442371e-05
2.350000e+00 9.600000e-01 9.878574e-01 1.158812e+01 5.499222e-01 -2.534668e-05
2.400000e+00 9.600000e-01 9.878594e-01 1.159200e+01 5.498887e-01 -4.448629e-05
2.450000e+00 9.600000e-01 9.878619e-01 1.159406e+01 5.498299e-01 -4.741659e-05
2.500000e+00 9.600000e-01 9.878642e-01 1.159508e+01 5.497674e-01 -4.284743e-05
2.550000e+00 9.600000e-01 9.878662e-01 1.159554e+01 5.497112e-01 -3.561520e-05
2.600000e+00 9.600000e-01 9.878678e-01 1.159570e+01 5.496644e-01 -2.815758e-05
2.650000e+00 9.600000e-01 9.878690e-01 1.159571e+01 5.496274e-01 -2.153961e-05
2.700000e+00 9.600000e-01 9.878699e-01 1.159565e+01 5.495991e-01 -1.610071e-05
2.750000e+00 9.600000e-01 9.878706e-01 1.159558e+01 5.495778e-01 -1.183206e-05
2.800000e+00 9.600000e-01 9.878711e-01 1.159550e+01 5.495621e-01 -8.581961e-06
2.850000e+00 9.600000e-01 9.878714e-01 1.159543e+01 5.495506e-01 -6.159535e-06
2.900000e+00 9.600000e-01 9.878717e-01 1.159537e+01 5.495424e-01 -4.382273e-06
2.950000e+00 9.600000e-01 9.878719e-01 1.159532e+01 5.495365e-01 -3.094203e-06
3.000000e+00 9.600000e-01 9.878720e-01 1.159528e+01 5.495323e-01 -2.169869e-06
3.050000e+00 9.600000e-01 9.878721e-01 1.159525e+01 5.495294e-01 -1.512053e-06
3.100000e+00 9.600000e-01 9.878722e-01 1.159523e+01 5.495273e-01 -1.047287e-06
3.150000e+00 9.600000e-01 9.878722e-01 1.159521e+01 5.495259e-01 -7.210474e-07
3.200000e+00 9.600000e-01 9.878722e-01 1.159520e+01 5.495249e-01 -4.934208e-07
3.250000e+00 9.600000e-01 9.878723e-01 1.159519e+01 5.495242e-01 -3.355050e-07
3.300000e+00 9.600000e-01 9.878723e-01 1.159518e+01 5.495237e-01 -2.265605e-07
3.350000e+00 9.600000e-01 9.878723e-01 1.159518e+01 5.495234e-01 -1.518190e-07
3.400000e+00 9.600000e-01 9.878723e-01 1.159518e+01 5.495232e-01 -1.008358e-07
3.450000e+00 9.600000e-01 9.878723e-01 1.159517e+01 5.495230e-01 -6.626904e-08
3.500000e+00 9.600000e-01 9.878723e-01 1.159517e+01 5.495229e-01 -4.298695e-08
3.550000e+00 9.600000e-01 9.878723e-01 1.159517e+01 5.495229e-01 -2.742151e-08
3.600000e+00 9.600000e-01 9.878723e-01 1.159517e+01 5.495228e-01 -1.710444e-08
3.650000e+00 9.600000e-01 9.878723e-01 1.159517e+01 5.495228e-01 -1.033655e-08
3.700000e+00 9.600000e-01 9.878723e-01 1.159517e+01 5.495228e-01 -5.953751e-09
3.750000e+00 9.600000e-01 9.878723e-01 1.159517e+01 5.495228e-01 -3.162441e-09
3.800000e+00 9.600000e-01 9.878723e-01 1.159517e+01 5.495228e-01 -1.424322e-09
3.850000e+00 9.600000e-01 9.878723e-01 1.159517e+01 5.495228e-01 -3.762124e-10
3.900000e+00 9.600000e-01 9.878723e-01 1.159517e+01 5.495228e-01 2.254774e-10
3.950000e+00 9.600000e-01 9.878723e-01 1.159517e+01 5.495228e-01 5.430467e-10
4.000000e+00 9.600000e-01 9.878723e-01 1.159517e+01 5.495228e-01 6.837897e-10
4.050000e+00 9.600000e-01 9.878723e-01 1.159517e+01 5.495228e-01 7.179768e-10
4.100000e+00 9.600000e-01 9.878723e-01 1.159517e+01 5.495228e-01 6.910694e-10
4.150000e+00 9.600000e-01 9.878723e-01 1.159517e+01 5.495228e-01 6.320122e-10
4.200000e+00 9.600000e-01 9.878723e-01 1.159517e+01 5.495228e-01 5.588385e-10
4.250000e+00 9.600000e-01 9.878723e-01 1.159517e+01 5.495228e-01 4.824408e-10
4.300000e+00 9.600000e-01 9.878723e-01 1.159517e+01 5.495228e-01 4.090805e-10
4.350000e+00 9.600000e-01 9.878723e-01 1.159517e+01 5.495228e-01 3.420486e-10
4.400000e+00 9.600000e-01 9.878723e-01 1.159517e+01 5.495228e-01 2.828027e-10
4.450000e+00 9.600000e-01 9.878723e-01 1.159517e+01 5.495228e-01 2.316713e-10
4.500000e+00 9.600000e-01 9.878723e-01 1.159517e+01 5.495228e-01 1.883216e-10
4.550000e+00 9.600000e-01 9.878723e-01 1.159517e+01 5.495228e-01 1.520950e-10
4.600000e+00 9.600000e-01 9.878723e-01 1.159517e+01 5.495228e-01 1.221745e-10
4.650000e+00 9.600000e-01 9.878723e-01 1.159517e+01 5.495228e-01 9.769296e-11
4.700000e+00 9.600000e-01 9.878723e-01 1.159517e+01 5.495228e-01 7.781775e-11
4.750000e+00 9.600000e-01 9.878723e-01 1.159517e+01 5.495228e-01 6.178946e-11
4.800000e+00 9.600000e-01 9.878723e-01 1.159517e+01 5.495228e-01 4.892975e-11
4.850000e+00 9.600000e-01 9.878723e-01 1.159517e+01 5.495228e-01 3.865575e-11
4.900000e+00 9.600000e-01 9.878723e-01 1.159517e+01 5.495228e-01 3.045453e-11
4.950000e+00 9.600000e-01 9.878723e-01 1.159517e+01 5.495228e-01 2.391309e-11
5.000000e+00 9.600000e-01 9.878723e-01 1.159517e+01 5.495228e-01 1.868394e-11
5.050000e+00 9.600000e-01 9.878723e-01 1.159517e+01 5.495228e-01 1.446288e-11
5.100000e+00 9.600000e-01 9.878723e-01 1.159517e+01 5.495228e-01 1.102229e-11
5.150000e+00 9.600000e-01 9.878723e-01 1.159517e+01 5.495228e-01 8.170131e-12
5.200000e+00 9.600000e-01 9.878723e-01 1.159517e+01 5.495228e-01 5.736522e-12
5.250000e+00 9.600000e-01 9.878723e-01 1.159517e+01 5.495228e-01 3.582690e-12
5.300000e+00 9.600000e-01 9.878723e-01 1.159517e+01 5.495228e-01 1.599831e-12
5.350000e+00 9.600000e-01 9.878723e-01 1.159517e+01 5.495228e-01 -3.308465e-13
5.400000e+00 9.600000e-01 9.878723e-01 1.159517e+01 5.495228e-01 -2.310374e-12
5.450000e+00 9.600000e-01 9.878723e-01 1.159517e+01 5.495228e-01 -4.442002e-12
5.500000e+00 9.600000e-01 9.878723e-01 1.159517e+01 5.495228e-01 -6.847856e-12
5.550000e+00 9.600000e-01 9.878723e-01 1.159517e+01 5.495228e-01 -9.662271e-12
5.600000e+00 9.600000e-01 9.878723e-01 1.159517e+01 5.495228e-01 -1.304179e-11
5.650000e+00 9.600000e-01 9.878723e-01 1.159517e+01 5.495228e-01 -1.718514e-11
5.700000e+00 9.600000e-01 9.878723e-01 1.159517e+01 5.495228e-01 -2.234768e-11
5.750000e+00 9.600000e-01 9.878723e-01 1.159517e+01 5.495228e-01 -2.884359e-11
5.800000e+00 9.600000e-01 9.878723e-01 1.159517e+01 5.495228e-01 -3.708700e-11
5.850000e+00 9.600000e-01 9.878723e-01 1.159517e+01 5.495228e-01 -4.761080e-11
5.900000e+00 9.600000e-01 9.878723e-01 1.159517e+01 5.495228e-01 -6.109557e-11
5.950000e+00 9.600000e-01 9.878723e-01 1.159517e+01 5.495228e-01 -7.842949e-11
6.000000e+00 9.600000e-01 9.878723e-01 1.159517e+01 5.495228e-01 -1.007638e-10
6.050000e+00 9.600000e-01 9.878723e-01 1.159517e+01 5.495228e-01 -1.296108e-10
6.100000e+00 9.600000e-01 9.878723e-01 1.159517e+01 5.495228e-01 -1.669076e-10
6.150000e+00 9.600000e-01 9.878723e-01 1.159517e+01 5.495228e-01 -2.151768e-10
6.200000e+00 9.600000e-01 9.878723e-01 1.159517e+01 5.495228e-01 -2.777345e-10
6.250000e+00 9.600000e-01 9.878723e-01 1.159517e+01 5.495228e-01 -3.588707e-10
6.300000e+00 9.600000e-01 9.878723e-01 1.159517e+01 5.495228e-01 -4.641632e-10
6.350000e+00 9.600000e-01 9.878723e-01 1.159517e+01 5.495228e-01 -6.008771e-10
6.400000e+00 9.600000e-01 9.878723e-01 1.159517e+01 5.495228e-01 -7.784773e-10
6.450000e+00 9.600000e-01 9.878723e-01 1.159517e+01 5.495228e-01 -1.009278e-09
6.500000e+00 9.600000e-01 9.878723e-01 1.159517e+01 5.495228e-01 -1.309315e-09
6.550000e+00 9.600000e-01 9.878723e-01 1.159517e+01 5.495228e-01 -1.699451e-09
6.600000e+00 9.600000e-01 9.878723e-01 1.159517e+01 5.495228e-01 -2.206842e-09
6.650000e+00 9.600000e-01 9.878723e-01 1.159517e+01 5.495228e-01 -2.866850e-09
6.700000e+00 9.600000e-01 9.878723e-01 1.159517e+01 5.495228e-01 -3.725492e-09
6.750000e+00 9.600000e-01 9.878723e-01 1.159517e+01 5.495227e-01 -4.842649e-09
6.800000e+00 9.600000e-01 9.878723e-01 1.159517e+01 5.495227e-01 -6.296250e-09
6.850000e+00 9.600000e-01 9.878723e-01 1.159517e+01 5.495227e-01 -8.187696e-09
6.900000e+00 9.600000e-01 9.878723e-01 1.159517e+01 5.495227e-01 -1.064890e-08
6.950000e+00 9.600000e-01 9.878723e-01 1.159517e+01 5.495227e-01 -1.385150e-08
7.000000e+00 9.600000e-01 9.878723e-01 1.159517e+01 5.495227e-01 -1.801872e-08
7.050000e+00 9.600000e-01 9.878723e-01 1.159517e+01 5.495226e-01 -2.344088e-08
7.100000e+00 9.600000e-01 9.878723e-01 1.159517e+01 5.495226e-01 -3.049554e-08
7.150000e+00 9.600000e-01 9.878723e-01 1.159517e+01 5.495225e-01 -3.967356e-08
7.200000e+00 9.600000e-01 9.878723e-01 1.159517e+01 5.495225e-01 -5.161310e-08
7.250000e+00 9.600000e-01 9.878723e-01 1.159517e+01 5.495224e-01 -6.714366e-08
7.300000e+00 9.600000e-01 9.878723e-01 1.159517e+01 5.495223e-01 -8.734330e-08
7.350000e+00 9.600000e-01 9.878723e-01 1.159517e+01 5.495221e-01 -1.136128e-07
7.400000e+00 9.600000e-01 9.878723e-01 1.159517e+01 5.495219e-01 -1.477724e-07
7.450000e+00 9.600000e-01 9.878723e-01 1.159517e+01 5.495216e-01 -1.921858e-07
7.500000e+00 9.600000e-01 9.878723e-01 1.159517e+01 5.495213e-01 -2.499260e-07
7.550000e+00 9.600000e-01 9.878724e-01 1.159517e+01 5.495209e-01 -3.249724e-07
7.600000e+00 9.600000e-01 9.878724e-01 1.159517e+01 5.495203e-01 -4.225311e-07
7.650000e+00 9.600000e-01 9.878724e-01 1.159517e+01 5.495195e-01 -5.492302e-07
7.700000e+00 9.600000e-01 9.878724e-01 1.159516e+01 5.495186e-01 -7.140882e-07
7.750000e+00 9.600000e-01 9.878725e-01 1.159516e+01 5.495173e-01 -9.275323e-07
7.800000e+00 9.600000e-01 9.878725e-01 1.159516e+01 5.495156e-01 -1.206872e-06
7.850000e+00 9.600000e-01 9.878726e-01 1.159516e+01 5.495135e-01 -1.563778e-06
7.900000e+00 9.600000e-01 9.878727e-01 1.159516e+01 5.495107e-01 -2.042998e-06
7.950000e+00 9.600000e-01 9.878728e-01 1.159515e+01 5.495070e-01 -2.624441e-06
8.000000e+00 9.600000e-01 9.878729e-01 1.159515e+01 5.495025e-01 -3.479814e-06
8.050000e+00 9.600000e-01 9.878731e-01 1.159514e+01 5.494960e-01 -4.352245e-06
8.100000e+00 9.600000e-01 9.878734e-01 1.159513e+01 5.494890e-01 -6.020042e-06
8.150000e+00 9.600000e-01 9.878737e-01 1.159511e+01 5.494765e-01 -7.035402e-06
8.200000e+00 9.600000e-01 9.878741e-01 1.159511e+01 5.494678e-01 -1.068779e-05
8.250000e+00 9.600000e-01 9.878748e-01 1.159507e+01 5.494408e-01 -1.093795e-05
8.300000e+00 9.600000e-01 9.878752e-01 1.159506e+01 5.494365e-01 -1.937199e-05
8.350000e+00 9.600000e-01 9.878768e-01 1.159501e+01 5.493741e-01 -1.659658e-05
8.400000e+00 9.600000e-01 9.878768e-01 1.159493e+01 5.493923e-01 -3.451995e-05
8.450000e+00 9.600000e-01 9.878802e-01 1.159501e+01 5.492532e-01 -2.669063e-05
8.500000e+00 9.600000e-01 9.878795e-01 1.159455e+01 5.493219e-01 -5.715416e-05
8.550000e+00 9.600000e-01 9.878859e-01 1.159523e+01 5.490567e-01 -4.958965e-05
8.600000e+00 9.600000e-01 9.878845e-01 1.159365e+01 5.491773e-01 -8.602414e-05
8.650000e+00 9.600000e-01 9.878945e-01 1.159574e+01 5.487771e-01 -9.828043e-05
8.700000e+00 9.600000e-01 9.878943e-01 1.159233e+01 5.488618e-01 -1.271487e-04
8.750000e+00 9.600000e-01 9.879072e-01 1.159575e+01 5.483841e-01 -1.788496e-04
8.800000e+00 9.600000e-01 9.879122e-01 1.159170e+01 5.482780e-01 -2.082329e-04
8.850000e+00 9.600000e-01 9.879281e-01 1.159356e+01 5.477284e-01 -2.931343e-04
8.900000e+00 9.600000e-01 9.879415e-01 1.159265e+01 5.473491e-01 -3.625937e-04
8.950000e+00 9.600000e-01 9.879643e-01 1.158890e+01 5.465495e-01 -4.779492e-04
9.000000e+00 9.600000e-01 9.879893e-01 1.159313e+01 5.458468e-01 -6.093364e-04
9.050000e+00 9.600000e-01 9.880253e-01 1.158374e+01 5.445792e-01 -8.018824e-04
9.100000e+00 9.600000e-01 9.880695e-01 1.159020e+01 5.432797e-01 -1.014015e-03
9.150000e+00 9.600000e-01 9.881267e-01 1.157724e+01 5.413210e-01 -1.325105e-03
9.200000e+00 9.600000e-01 9.882020e-01 1.158376e+01 5.390120e-01 -1.698768e-03
9.250000e+00 9.600000e-01 9.882965e-01 1.156526e+01 5.358169e-01 -2.185591e-03
9.300000e+00 9.600000e-01 9.884205e-01 1.157077e+01 5.319326e-01 -2.796343e-03
9.350000e+00 9.600000e-01 9.885762e-01 1.154395e+01 5.266932e-01 -3.595531e-03
9.400000e+00 9.600000e-01 9.887801e-01 1.154276e+01 5.201346e-01 -4.566118e-03
9.450000e+00 9.600000e-01 9.890328e-01 1.150128e+01 5.115977e-01 -5.807274e-03
9.500000e+00 9.600000e-01 9.893608e-01 1.148372e+01 5.007543e-01 -7.312912e-03
9.550000e+00 9.600000e-01 9.897641e-01 1.140954e+01 4.868677e-01 -9.169249e-03
9.600000e+00 9.600000e-01 9.902777e-01 1.135103e+01 4.692649e-01 -1.131393e-02
9.650000e+00 9.600000e-01 9.908955e-01 1.120353e+01 4.471890e-01 -1.379987e-02
9.700000e+00 9.600000e-01 9.916577e-01 1.104440e+01 4.196000e-01 -1.640285e-02
9.750000e+00 9.600000e-01 9.925357e-01 1.073019e+01 3.860822e-01 -1.893033e-02
9.800000e+00 9.600000e-01 9.935508e-01 1.034495e+01 3.459765e-01 -2.062819e-02
9.850000e+00 9.600000e-01 9.945986e-01 9.703211e+00 3.010102e-01 -2.038571e-02
9.900000e+00 9.600000e-01 9.955893e-01 8.960549e+00 2.544944e-01 -1.500377e-02
9.950000e+00 9.600000e-01 9.960989e-01 8.175025e+00 2.202113e-01 6.453406e-03
1.000000e+01 9.600000e-01 9.949440e-01 8.209622e+00 0.000000e+00 0.000000e+00
0.000000e+00 9.800000e-01 9.984240e-01 5.760000e+00 0.000000e+00 0.000000e+00
5.000000e-02 9.800000e-01 9.984131e-01 5.733843e+00 1.167158e-01 1.439046e-04
1.000000e-01 9.800000e-01 9.984096e-01 5.735503e+00 1.168880e-01 4.453087e-05
1.500000e-01 9.800000e-01 9.984086e-01 5.740418e+00 1.169805e-01 1.269782e-05
2.000000e-01 9.800000e-01 9.984083e-01 5.744882e+00 1.170396e-01 1.837145e-06
2.500000e-01 9.800000e-01 9.984084e-01 5.748207e+00 1.170697e-01 -1.027071e-05
3.000000e-01 9.800000e-01 9.984094e-01 5.749522e+00 1.170398e-01 -3.522077e-05
3.500000e-01 9.800000e-01 9.984120e-01 5.747998e+00 1.168976e-01 -7.915741e-05
4.000000e-01 9.800000e-01 9.984173e-01 5.744124e+00 1.165956e-01 -1.391842e-04
4.500000e-01 9.800000e-01 9.984259e-01 5.740826e+00 1.161341e-01 -1.989401e-04
5.000000e-01 9.800000e-01 9.984372e-01 5.743468e+00 1.155990e-01 -2.341251e-04
5.500000e-01 9.800000e-01 9.984493e-01 5.758671e+00 1.151529e-01 -2.268051e-04
6.000000e-01 9.800000e-01 9.984599e-01 5.792802e+00 1.149822e-01 -1.733539e-04
6.500000e-01 9.800000e-01 9.984666e-01 5.850940e+00 1.152484e-01 -7.883086e-05
7.000000e-01 9.800000e-01 9.984677e-01 5.936449e+00 1.160783e-01 5.063430e-05
7.500000e-01 9.800000e-01 9.984616e-01 6.050923e+00 1.175674e-01 2.066902e-04
8.000000e-01 9.800000e-01 9.984471e-01 6.194439e+00 1.197690e-01 3.756032e-04
8.500000e-01 9.800000e-01 9.984240e-01 6.366144e+00 1.226846e-01 5.433385e-04
9.000000e-01 9.800000e-01 9.983927e-01 6.564893e+00 1.262831e-01 7.037311e-04
9.500000e-01 9.800000e-01 9.983536e-01 6.789586e+00 1.305336e-01 8.578568e-04
1.000000e+00 9.800000e-01 9.983070e-01 7.039192e+00 1.354146e-01 1.006001e-03
1.050000e+00 9.800000e-01 9.982530e-01 7.312753e+00 1.408994e-01 1.144327e-03
1.100000e+00 9.800000e-01 9.981925e-01 7.609498e+00 1.469486e-01 1.269615e-03
1.150000e+00 9.800000e-01 9.981261e-01 7.928901e+00 1.535224e-01 1.382935e-03
1.200000e+00 9.800000e-01 9.980542e-01 8.270523e+00 1.605909e-01 1.486504e-03
1.250000e+00 9.800000e-01 9.979774e-01 8.633775e+00 1.681255e-01 1.579747e-03
1.300000e+00 9.800000e-01 9.978963e-01 9.017723e+00 1.760867e-01 1.661075e-03
1.350000e+00 9.800000e-01 9.978113e-01 9.420929e+00 1.844273e-01 1.731791e-03
1.400000e+00 9.800000e-01 9.977231e-01 9.841163e+00 1.931004e-01 1.795204e-03
1.450000e+00 9.800000e-01 9.976318e-01 1.027504e+01 2.020560e-01 1.852390e-03
1.500000e+00 9.800000e-01 9.975378e-01 1.071778e+01 2.112260e-01 1.901977e-03
1.550000e+00 9.800000e-01 9.974416e-01 1.116311e+01 2.205217e-01 1.944987e-03
1.600000e+00 9.800000e-01 9.973433e-01 1.160325e+01 2.298489e-01 1.986633e-03
1.650000e+00 9.800000e-01 9.972429e-01 1.202883e+01 2.391159e-01 2.029024e-03
1.700000e+00 9.800000e-01 9.971404e-01 1.242906e+01 2.482141e-01 2.060334e-03
1.750000e+00 9.800000e-01 9.970369e-01 1.279265e+01 2.569780e-01 2.052533e-03
1.800000e+00 9.800000e-01 9.969352e-01 1.310947e+01 2.651680e-01 1.973133e-03
1.850000e+00 9.800000e-01 9.968396e-01 1.337265e+01 2.725024e-01 1.803614e-03
1.900000e+00 9.800000e-01 9.967548e-01 1.358006e+01 2.787309e-01 1.551366e-03
1.950000e+00 9.800000e-01 9.966845e-01 1.373461e+01 2.837090e-01 1.247656e-03
2.000000e+00 9.800000e-01 9.966301e-01 1.384320e+01 2.874350e-01 9.345624e-04
2.050000e+00 9.800000e-01 9.965910e-01 1.391494e+01 2.900361e-01 6.498155e-04
2.100000e+00 9.800000e-01 9.965651e-01 1.395931e+01 2.917210e-01 4.171193e-04
2.150000e+00 9.800000e-01 9.965493e-01 1.398476e+01 2.927239e-01 2.442370e-04
2.200000e+00 9.800000e-01 9.965406e-01 1.399800e+01 2.932603e-01 1.267030e-04
2.250000e+00 9.800000e-01 9.965366e-01 1.400391e+01 2.935031e-01 5.353587e-05
2.300000e+00 9.800000e-01 9.965353e-01 1.400574e+01 2.935771e-01 1.218782e-05
2.350000e+00 9.800000e-01 9.965354e-01 1.400552e+01 2.935642e-01 -8.418792e-06
2.400000e+00 9.800000e-01 9.965361e-01 1.400443e+01 2.935138e-01 -1.667601e-05
2.450000e+00 9.800000e-01 9.965371e-01 1.400308e+01 2.934530e-01 -1.826856e-05
2.500000e+00 9.800000e-01 9.965380e-01 1.400180e+01 2.933952e-01 -1.670500e-05
2.550000e+00 9.800000e-01 9.965387e-01 1.400069e+01 2.933459e-01 -1.396882e-05
2.600000e+00 9.800000e-01 9.965394e-01 1.399980e+01 2.933062e-01 -1.107709e-05
2.650000e+00 9.800000e-01 9.965398e-01 1.399910e+01 2.932755e-01 -8.484187e-06
2.700000e+00 9.800000e-01 9.965402e-01 1.399857e+01 2.932523e-01 -6.342712e-06
2.750000e+00 9.800000e-01 9.965405e-01 1.399818e+01 2.932352e-01 -4.658298e-06
2.800000e+00 9.800000e-01 9.965407e-01 1.399788e+01 2.932228e-01 -3.374981e-06
2.850000e+00 9.800000e-01 9.965408e-01 1.399767e+01 2.932138e-01 -2.418783e-06
2.900000e+00 9.800000e-01 9.965409e-01 1.399752e+01 2.932074e-01 -1.717905e-06
2.950000e+00 9.800000e-01 9.965410e-01 1.399741e+01 2.932028e-01 -1.210628e-06
3.000000e+00 9.800000e-01 9.965410e-01 1.399734e+01 2.931996e-01 -8.471942e-07
3.050000e+00 9.800000e-01 9.965411e-01 1.399728e+01 2.931974e-01 -5.890284e-07
3.100000e+00 9.800000e-01 9.965411e-01 1.399724e+01 2.931958e-01 -4.069952e-07
3.150000e+00 9.800000e-01 9.965411e-01 1.399722e+01 2.931948e-01 -2.794955e-07
3.200000e+00 9.800000e-01 9.965411e-01 1.399720e+01 2.931940e-01 -1.907414e-07
3.250000e+00 9.800000e-01 9.965411e-01 1.399719e+01 2.931935e-01 -1.293202e-07
3.300000e+00 9.800000e-01 9.965411e-01 1.399718e+01 2.931932e-01 -8.705756e-08
3.350000e+00 9.800000e-01 9.965411e-01 1.399717e+01 2.931930e-01 -5.814447e-08
3.400000e+00 9.800000e-01 9.965411e-01 1.399717e+01 2.931928e-01 -3.848113e-08
3.450000e+00 9.800000e-01 9.965411e-01 1.399716e+01 2.931927e-01 -2.519217e-08
3.500000e+00 9.800000e-01 9.965411e-01 1.399716e+01 2.931927e-01 -1.627251e-08
3.550000e+00 9.800000e-01 9.965411e-01 1.399716e+01 2.931926e-01 -1.033155e-08
3.600000e+00 9.800000e-01 9.965411e-01 1.399716e+01 2.931926e-01 -6.409874e-09
3.650000e+00 9.800000e-01 9.965411e-01 1.399716e+01 2.931926e-01 -3.848869e-09
3.700000e+00 9.800000e-01 9.965411e-01 1.399716e+01 2.931926e-01 -2.198729e-09
3.750000e+00 9.800000e-01 9.965411e-01 1.399716e+01 2.931926e-01 -1.153813e-09
3.800000e+00 9.800000e-01 9.965411e-01 1.399716e+01 2.931926e-01 -5.075473e-10
3.850000e+00 9.800000e-01 9.965411e-01 1.399716e+01 2.931926e-01 -1.211076e-10
3.900000e+00 9.800000e-01 9.965411e-01 1.399716e+01 2.931926e-01 9.821699e-11
3.950000e+00 9.800000e-01 9.965411e-01 1.399716e+01 2.931926e-01 2.119083e-10
4.000000e+00 9.800000e-01 9.965411e-01 1.399716e+01 2.931926e-01 2.603939e-10
4.050000e+00 9.800000e-01 9.965411e-01 1.399716e+01 2.931926e-01 2.699996e-10
4.100000e+00 9.800000e-01 9.965411e-01 1.399716e+01 2.931926e-01 2.576406e-10
4.150000e+00 9.800000e-01 9.965411e-01 1.399716e+01 2.931926e-01 2.339962e-10
4.200000e+00 9.800000e-01 9.965411e-01 1.399716e+01 2.931926e-01 2.056577e-10
4.250000e+00 9.800000e-01 9.965411e-01 1.399716e+01 2.931926e-01 1.765588e-10
4.300000e+00 9.800000e-01 9.965411e-01 1.399716e+01 2.931926e-01 1.489187e-10
4.350000e+00 9.800000e-01 9.965411e-01 1.399716e+01 2.931926e-01 1.238676e-10
4.400000e+00 9.800000e-01 9.965411e-01 1.399716e+01 2.931926e-01 1.018818e-10
4.450000e+00 9.800000e-01 9.965411e-01 1.399716e+01 2.931926e-01 8.301693e-11
4.500000e+00 9.800000e-01 9.965411e-01 1.399716e+01 2.931926e-01 6.710632e-11
4.550000e+00 9.800000e-01 9.965411e-01 1.399716e+01 2.931926e-01 5.388467e-11
4.600000e+00 9.800000e-01 9.965411e-01 1.399716e+01 2.931926e-01 4.302003e-11
4.650000e+00 9.800000e-01 9.965411e-01 1.399716e+01 2.931926e-01 3.417266e-11
4.700000e+00 9.800000e-01 9.965411e-01 1.399716e+01 2.931926e-01 2.702616e-11
4.750000e+00 9.800000e-01 9.965411e-01 1.399716e+01 2.931926e-01 2.129186e-11
4.800000e+00 9.800000e-01 9.965411e-01 1.399716e+01 2.931926e-01 1.671774e-11
4.850000e+00 9.800000e-01 9.965411e-01 1.399716e+01 2.931926e-01 1.308509e-11
4.900000e+00 9.800000e-01 9.965411e-01 1.399716e+01 2.931926e-01 1.020295e-11
4.950000e+00 9.800000e-01 9.965411e-01 1.399716e+01 2.931926e-01 7.919221e-12
5.000000e+00 9.800000e-01 9.965411e-01 1.399716e+01 2.931926e-01 6.106227e-12
5.050000e+00 9.800000e-01 9.965411e-01 1.399716e+01 2.931926e-01 4.650724e-12
5.100000e+00 9.800000e-01 9.965411e-01 1.399716e+01 2.931926e-01 3.470557e-12
5.150000e+00 9.800000e-01 9.965411e-01 1.399716e+01 2.931926e-01 2.496892e-12
5.200000e+00 9.800000e-01 9.965411e-01 1.399716e+01 2.931926e-01 1.664224e-12
5.250000e+00 9.800000e-01 9.965411e-01 1.399716e+01 2.931926e-01 9.292567e-13
5.300000e+00 9.800000e-01 9.965411e-01 1.399716e+01 2.931926e-01 2.453593e-13
5.350000e+00 9.800000e-01 9.965411e-01 1.399716e+01 2.931926e-01 -4.263256e-13
5.400000e+00 9.800000e-01 9.965411e-01 1.399716e+01 2.931926e-01 -1.122435e-12
5.450000e+00 9.800000e-01 9.965411e-01 1.399716e+01 2.931926e-01 -1.884048e-12
5.500000e+00 9.800000e-01 9.965411e-01 1.399716e+01 2.931926e-01 -2.757794e-12
5.550000e+00 9.800000e-01 9.965411e-01 1.399716e+01 2.931926e-01 -3.790301e-12
5.600000e+00 9.800000e-01 9.965411e-01 1.399716e+01 2.931926e-01 -5.038192e-12
5.650000e+00 9.800000e-01 9.965411e-01 1.399716e+01 2.931926e-01 -6.582512e-12
5.700000e+00 9.800000e-01 9.965411e-01 1.399716e+01 2.931926e-01 -8.515411e-12
5.750000e+00 9.800000e-01 9.965411e-01 1.399716e+01 2.931926e-01 -1.095568e-11
5.800000e+00 9.800000e-01 9.965411e-01 1.399716e+01 2.931926e-01 -1.405875e-11
5.850000e+00 9.800000e-01 9.965411e-01 1.399716e+01 2.931926e-01 -1.803113e-11
5.900000e+00 9.800000e-01 9.965411e-01 1.399716e+01 2.931926e-01 -2.312595e-11
5.950000e+00 9.800000e-01 9.965411e-01 1.399716e+01 2.931926e-01 -2.967848e-11
6.000000e+00 9.800000e-01 9.965411e-01 1.399716e+01 2.931926e-01 -3.813061e-11
6.050000e+00 9.800000e-01 9.965411e-01 1.399716e+01 2.931926e-01 -4.905076e-11
6.100000e+00 9.800000e-01 9.965411e-01 1.399716e+01 2.931926e-01 -6.317058e-11
6.150000e+00 9.800000e-01 9.965411e-01 1.399716e+01 2.931926e-01 -8.144263e-11
6.200000e+00 9.800000e-01 9.965411e-01 1.399716e+01 2.931926e-01 -1.051215e-10
6.250000e+00 9.800000e-01 9.965411e-01 1.399716e+01 2.931926e-01 -1.358280e-10
6.300000e+00 9.800000e-01 9.965411e-01 1.399716e+01 2.931926e-01 -1.756695e-10
6.350000e+00 9.800000e-01 9.965411e-01 1.399716e+01 2.931926e-01 -2.273826e-10
6.400000e+00 9.800000e-01 9.965411e-01 1.399716e+01 2.931926e-01 -2.945333e-10
6.450000e+00 9.800000e-01 9.965411e-01 1.399716e+01 2.931926e-01 -3.817680e-10
6.500000e+00 9.800000e-01 9.965411e-01 1.399716e+01 2.931926e-01 -4.951206e-10
6.550000e+00 9.800000e-01 9.965411e-01 1.399716e+01 2.931926e-01 -6.424439e-10
6.600000e+00 9.800000e-01 9.965411e-01 1.399716e+01 2.931925e-01 -8.339496e-10
6.650000e+00 9.800000e-01 9.965411e-01 1.399716e+01 2.931925e-01 -1.082928e-09
6.700000e+00 9.800000e-01 9.965411e-01 1.399716e+01 2.931925e-01 -1.406663e-09
6.750000e+00 9.800000e-01 9.965411e-01 1.399716e+01 2.931925e-01 -1.827624e-09
6.800000e+00 9.800000e-01 9.965411e-01 1.399716e+01 2.931925e-01 -2.375046e-09
6.850000e+00 9.800000e-01 9.965411e-01 1.399716e+01 2.931925e-01 -3.086928e-09
6.900000e+00 9.800000e-01 9.965411e-01 1.399716e+01 2.931925e-01 -4.012678e-09
6.950000e+00 9.800000e-01 9.965411e-01 1.399716e+01 2.931925e-01 -5.216539e-09
7.000000e+00 9.800000e-01 9.965411e-01 1.399716e+01 2.931925e-01 -6.781999e-09
7.050000e+00 9.800000e-01 9.965411e-01 1.399716e+01 2.931925e-01 -8.817553e-09
7.100000e+00 9.800000e-01 9.965411e-01 1.399716e+01 2.931924e-01 -1.146421e-08
7.150000e+00 9.800000e-01 9.965411e-01 1.399715e+01 2.931924e-01 -1.490516e-08
7.200000e+00 9.800000e-01 9.965411e-01 1.399715e+01 2.931923e-01 -1.937838e-08
7.250000e+00 9.800000e-01 9.965411e-01 1.399715e+01 2.931922e-01 -2.519297e-08
7.300000e+00 9.800000e-01 9.965412e-01 1.399715e+01 2.931921e-01 -3.275036e-08
7.350000e+00 9.800000e-01 9.965412e-01 1.399715e+01 2.931920e-01 -4.257177e-08
7.400000e+00 9.800000e-01 9.965412e-01 1.399714e+01 2.931919e-01 -5.533395e-08
7.450000e+00 9.800000e-01 9.965412e-01 1.399714e+01 2.931917e-01 -7.191505e-08
7.500000e+00 9.800000e-01 9.965412e-01 1.399713e+01 2.931914e-01 -9.345583e-08
7.550000e+00 9.800000e-01 9.965412e-01 1.399712e+01 2.931910e-01 -1.214328e-07
7.600000e+00 9.800000e-01 9.965412e-01 1.399711e+01 2.931906e-01 -1.577743e-07
7.650000e+00 9.800000e-01 9.965412e-01 1.399709e+01 2.931900e-01 -2.049396e-07
7.700000e+00 9.800000e-01 9.965412e-01 1.399707e+01 2.931892e-01 -2.662529e-07
7.750000e+00 9.800000e-01 9.965412e-01 1.399705e+01 2.931882e-01 -3.456098e-07
7.800000e+00 9.800000e-01 9.965412e-01 1.399701e+01 2.931869e-01 -4.492926e-07
7.850000e+00 9.800000e-01 9.965413e-01 1.399697e+01 2.931852e-01 -5.819228e-07
7.900000e+00 9.800000e-01 9.965413e-01 1.399691e+01 2.931830e-01 -7.591799e-07
7.950000e+00 9.800000e-01 9.965413e-01 1.399683e+01 2.931801e-01 -9.757681e-07
8.000000e+00 9.800000e-01 9.965414e-01 1.399674e+01 2.931764e-01 -1.289768e-06
8.050000e+00 9.800000e-01 9.965415e-01 1.399661e+01 2.931714e-01 -1.618753e-06
8.100000e+00 9.800000e-01 9.965415e-01 1.399645e+01 2.931655e-01 -2.221727e-06
8.150000e+00 9.800000e-01 9.965417e-01 1.399622e+01 2.931563e-01 -2.625122e-06
8.200000e+00 9.800000e-01 9.965418e-01 1.399597e+01 2.931479e-01 -3.916982e-06
8.250000e+00 9.800000e-01 9.965421e-01 1.399554e+01 2.931296e-01 -4.115014e-06
8.300000e+00 9.800000e-01 9.965422e-01 1.399518e+01 2.931206e-01 -7.034910e-06
8.350000e+00 9.800000e-01 9.965428e-01 1.399435e+01 2.930812e-01 -6.327144e-06
8.400000e+00 9.800000e-01 9.965429e-01 1.399393e+01 2.930791e-01 -1.243020e-05
8.450000e+00 9.800000e-01 9.965440e-01 1.399225e+01 2.929949e-01 -1.026145e-05
8.500000e+00 9.800000e-01 9.965439e-01 1.399190e+01 2.930124e-01 -2.050959e-05
8.550000e+00 9.800000e-01 9.965461e-01 1.398867e+01 2.928520e-01 -1.884815e-05
8.600000e+00 9.800000e-01 9.965458e-01 1.398836e+01 2.928884e-01 -3.105144e-05
8.650000e+00 9.800000e-01 9.965492e-01 1.398298e+01 2.926369e-01 -3.649788e-05
8.700000e+00 9.800000e-01 9.965494e-01 1.398179e+01 2.926427e-01 -4.653300e-05
8.750000e+00 9.800000e-01 9.965538e-01 1.397414e+01 2.923190e-01 -6.534434e-05
8.800000e+00 9.800000e-01 9.965559e-01 1.397000e+01 2.921956e-01 -7.665370e-05
8.850000e+00 9.800000e-01 9.965615e-01 1.395963e+01 2.917985e-01 -1.068393e-04
8.900000e+00 9.800000e-01 9.965666e-01 1.395034e+01 2.914627e-01 -1.324089e-04
8.950000e+00 9.800000e-01 9.965747e-01 1.393442e+01 2.908920e-01 -1.748312e-04
9.000000e+00 9.800000e-01 9.965841e-01 1.391814e+01 2.902679e-01 -2.209508e-04
9.050000e+00 9.800000e-01 9.965968e-01 1.389153e+01 2.893686e-01 -2.922283e-04
9.100000e+00 9.800000e-01 9.966133e-01 1.386354e+01 2.882632e-01 -3.672593e-04
9.150000e+00 9.800000e-01 9.966336e-01 1.382019e+01 2.868336e-01 -4.791784e-04
9.200000e+00 9.800000e-01 9.966613e-01 1.377097e+01 2.849504e-01 -6.123711e-04
9.250000e+00 9.800000e-01 9.966948e-01 1.370005e+01 2.825867e-01 -7.850874e-04
9.300000e+00 9.800000e-01 9.967398e-01 1.361551e+01 2.794864e-01 -9.986218e-04
9.350000e+00 9.800000e-01 9.967947e-01 1.349775e+01 2.755958e-01 -1.277254e-03
9.400000e+00 9.800000e-01 9.968675e-01 1.335319e+01 2.704976e-01 -1.609451e-03
9.450000e+00 9.800000e-01 9.969556e-01 1.315776e+01 2.641805e-01 -2.026739e-03
9.500000e+00 9.800000e-01 9.970702e-01 1.291209e+01 2.559794e-01 -2.520570e-03
9.550000e+00 9.800000e-01 9.972077e-01 1.258657e+01 2.458983e-01 -3.111462e-03
9.600000e+00 9.800000e-01 9.973813e-01 1.217420e+01 2.330563e-01 -3.760473e-03
9.650000e+00 9.800000e-01 9.975837e-01 1.163759e+01 2.176134e-01 -4.468123e-03
9.700000e+00 9.800000e-01 9.978281e-01 1.096253e+01 1.985566e-01 -5.131829e-03
9.750000e+00 9.800000e-01 9.980969e-01 1.011151e+01 1.766063e-01 -5.669357e-03
9.800000e+00 9.800000e-01 9.983951e-01 9.085197e+00 1.512308e-01 -5.823972e-03
9.850000e+00 9.800000e-01 9.986793e-01 7.901881e+00 1.250358e-01 -5.274196e-03
9.900000e+00 9.800000e-01 9.989225e-01 6.696148e+00 1.002665e-01 -3.196776e-03
9.950000e+00 9.800000e-01 9.989990e-01 6.002556e+00 8.752642e-02 4.984786e-03
1.000000e+01 9.800000e-01 9.984240e-01 6.014698e+00 0.000000e+00 0.000000e+00
0.000000e+00 1.000000e+00 9.996000e-01 5.847294e+00 0.000000e+00 0.000000e+00
5.000000e-02 1.000000e+00 9.996000e-01 5.934587e+00 0.000000e+00 0.000000e+00
1.000000e-01 1.000000e+00 9.996000e-01 5.951952e+00 0.000000e+00 0.000000e+00
1.500000e-01 1.000000e+00 9.996000e-01 5.956853e+00 0.000000e+00 0.000000e+00
2.000000e-01 1.000000e+00 9.996000e-01 5.958301e+00 0.000000e+00 0.000000e+00
2.500000e-01 1.000000e+00 9.996000e-01 5.957771e+00 0.000000e+00 0.000000e+00
3.000000e-01 1.000000e+00 9.996000e-01 5.953166e+00 0.000000e+00 0.000000e+00
3.500000e-01 1.000000e+00 9.996000e-01 5.940161e+00 0.000000e+00 0.000000e+00
4.000000e-01 1.000000e+00 9.996000e-01 5.913587e+00 0.000000e+00 0.000000e+00
4.500000e-01 1.000000e+00 9.996000e-01 5.870569e+00 0.000000e+00 0.000000e+00
5.000000e-01 1.000000e+00 9.996000e-01 5.814117e+00 0.000000e+00 0.000000e+00
5.500000e-01 1.000000e+00 9.996000e-01 5.753506e+00 0.000000e+00 0.000000e+00
6.000000e-01 1.000000e+00 9.996000e-01 5.700715e+00 0.000000e+00 0.000000e+00
6.500000e-01 1.000000e+00 9.996000e-01 5.666829e+00 0.000000e+00 0.000000e+00
7.000000e-01 1.000000e+00 9.996000e-01 5.661299e+00 0.000000e+00 0.000000e+00
7.500000e-01 1.000000e+00 9.996000e-01 5.692146e+00 0.000000e+00 0.000000e+00
8.000000e-01 1.000000e+00 9.996000e-01 5.764644e+00 0.000000e+00 0.000000e+00
8.500000e-01 1.000000e+00 9.996000e-01 5.879948e+00 0.000000e+00 0.000000e+00
9.000000e-01 1.000000e+00 9.996000e-01 6.036313e+00 0.000000e+00 0.000000e+00
9.500000e-01 1.000000e+00 9.996000e-01 6.231814e+00 0.000000e+00 0.000000e+00
1.000000e+00 1.000000e+00 9.996000e-01 6.465242e+00 0.000000e+00 0.000000e+00
1.050000e+00 1.000000e+00 9.996000e-01 6.734814e+00 0.000000e+00 0.000000e+00
1.100000e+00 1.000000e+00 9.996000e-01 7.037405e+00 0.000000e+00 0.000000e+00
1.150000e+00 1.000000e+00 9.996000e-01 7.369622e+00 0.000000e+00 0.000000e+00
1.200000e+00 1.000000e+00 9.996000e-01 7.728873e+00 0.000000e+00 0.000000e+00
1.250000e+00 1.000000e+00 9.996000e-01 8.112874e+00 0.000000e+00 0.000000e+00
1.300000e+00 1.000000e+00 9.996000e-01 8.518747e+00 0.000000e+00 0.000000e+00
1.350000e+00 1.000000e+00 9.996000e-01 8.943411e+00 0.000000e+00 0.000000e+00
1.400000e+00 1.000000e+00 9.996000e-01 9.384642e+00 0.000000e+00 0.000000e+00
1.450000e+00 1.000000e+00 9.996000e-01 9.841013e+00 0.000000e+00 0.000000e+00
1.500000e+00 1.000000e+00 9.996000e-01 1.031084e+01 0.000000e+00 0.000000e+00
1.550000e+00 1.000000e+00 9.996000e-01 1.079200e+01 0.000000e+00 0.000000e+00
1.600000e+00 1.000000e+00 9.996000e-01 1.128333e+01 0.000000e+00 0.000000e+00
1.650000e+00 1.000000e+00 9.996000e-01 1.178532e+01 0.000000e+00 0.000000e+00
1.700000e+00 1.000000e+00 9.996000e-01 1.229784e+01 0.000000e+00 0.000000e+00
1.750000e+00 1.000000e+00 9.996000e-01 1.281549e+01 0.000000e+00 0.000000e+00
1.800000e+00 1.000000e+00 9.996000e-01 1.332411e+01 0.000000e+00 0.000000e+00
1.850000e+00 1.000000e+00 9.996000e-01 1.380205e+01 0.000000e+00 0.000000e+00
1.900000e+00 1.000000e+00 9.996000e-01 1.422592e+01 0.000000e+00 0.000000e+00
1.950000e+00 1.000000e+00 9.996000e-01 1.457773e+01 0.000000e+00 0.000000e+00
2.000000e+00 1.000000e+00 9.996000e-01 1.484974e+01 0.000000e+00 0.000000e+00
2.050000e+00 1.000000e+00 9.996000e-01 1.504502e+01 0.000000e+00 0.000000e+00
2.100000e+00 1.000000e+00 9.996000e-01 1.517465e+01 0.000000e+00 0.000000e+00
2.150000e+00 1.000000e+00 9.996000e-01 1.525358e+01 0.000000e+00 0.000000e+00
2.200000e+00 1.000000e+00 9.996000e-01 1.529677e+01 0.000000e+00 0.000000e+00
2.250000e+00 1.000000e+00 9.996000e-01 1.531693e+01 0.000000e+00 0.000000e+00
2.300000e+00 1.000000e+00 9.996000e-01 1.532354e+01 0.000000e+00 0.000000e+00
2.350000e+00 1.000000e+00 9.996000e-01 1.532302e+01 0.000000e+00 0.000000e+00
2.400000e+00 1.000000e+00 9.996000e-01 1.531933e+01 0.000000e+00 0.000000e+00
2.450000e+00 1.000000e+00 9.996000e-01 1.531468e+01 0.000000e+00 0.000000e+00
2.500000e+00 1.000000e+00 9.996000e-01 1.531019e+01 0.000000e+00 0.000000e+00
2.550000e+00 1.000000e+00 9.996000e-01 1.530633e+01 0.000000e+00 0.000000e+00
2.600000e+00 1.000000e+00 9.996000e-01 1.530321e+01 0.000000e+00 0.000000e+00
2.650000e+00 1.000000e+00 9.996000e-01 1.530079e+01 0.000000e+00 0.000000e+00
2.700000e+00 1.000000e+00 9.996000e-01 1.529897e+01 0.000000e+00 0.000000e+00
2.750000e+00 1.000000e+00 9.996000e-01 1.529762e+01 0.000000e+00 0.000000e+00
2.800000e+00 1.000000e+00 9.996000e-01 1.529664e+01 0.000000e+00 0.000000e+00
2.850000e+00 1.000000e+00 9.996000e-01 1.529593e+01 0.000000e+00 0.000000e+00
2.900000e+00 1.000000e+00 9.996000e-01 1.529543e+01 0.000000e+00 0.000000e+00
2.950000e+00 1.000000e+00 9.996000e-01 1.529507e+01 0.000000e+00 0.000000e+00
3.000000e+00 1.000000e+00 9.996000e-01 1.529482e+01 0.000000e+00 0.000000e+00
3.050000e+00 1.000000e+00 9.996000e-01 1.529465e+01 0.000000e+00 0.000000e+00
3.100000e+00 1.000000e+00 9.996000e-01 1.529453e+01 0.000000e+00 0.000000e+00
3.150000e+00 1.000000e+00 9.996000e-01 1.529445e+01 0.000000e+00 0.000000e+00
3.200000e+00 1.000000e+00 9.996000e-01 1.529439e+01 0.000000e+00 0.000000e+00
3.250000e+00 1.000000e+00 9.996000e-01 1.529435e+01 0.000000e+00 0.000000e+00
3.300000e+00 1.000000e+00 9.996000e-01 1.529433e+01 0.000000e+00 0.000000e+00
3.350000e+00 1.000000e+00 9.996000e-01 1.529431e+01 0.000000e+00 0.000000e+00
3.400000e+00 1.000000e+00 9.996000e-01 1.529430e+01 0.000000e+00 0.000000e+00
3.450000e+00 1.000000e+00 9.996000e-01 1.529429e+01 0.000000e+00 0.000000e+00
3.500000e+00 1.000000e+00 9.996000e-01 1.529428e+01 0.000000e+00 0.000000e+00
3.550000e+00 1.000000e+00 9.996000e-01 1.529428e+01 0.000000e+00 0.000000e+00
3.600000e+00 1.000000e+00 9.996000e-01 1.529428e+01 0.000000e+00 0.000000e+00
3.650000e+00 1.000000e+00 9.996000e-01 1.529428e+01 0.000000e+00 0.000000e+00
3.700000e+00 1.000000e+00 9.996000e-01 1.529428e+01 0.000000e+00 0.000000e+00
3.750000e+00 1.000000e+00 9.996000e-01 1.529428e+01 0.000000e+00 0.000000e+00
3.800000e+00 1.000000e+00 9.996000e-01 1.529428e+01 0.000000e+00 0.000000e+00
3.850000e+00 1.000000e+00 9.996000e-01 1.529428e+01 0.000000e+00 0.000000e+00
3.900000e+00 1.000000e+00 9.996000e-01 1.529428e+01 0.000000e+00 0.000000e+00
3.950000e+00 1.000000e+00 9.996000e-01 1.529428e+01 0.000000e+00 0.000000e+00
4.000000e+00 1.000000e+00 9.996000e-01 1.529428e+01 0.000000e+00 0.000000e+00
4.050000e+00 1.000000e+00 9.996000e-01 1.529428e+01 0.000000e+00 0.000000e+00
4.100000e+00 1.000000e+00 9.996000e-01 1.529428e+01 0.000000e+00 0.000000e+00
4.150000e+00 1.000000e+00 9.996000e-01 1.529428e+01 0.000000e+00 0.000000e+00
4.200000e+00 1.000000e+00 9.996000e-01 1.529428e+01 0.000000e+00 0.000000e+00
4.250000e+00 1.000000e+00 9.996000e-01 1.529428e+01 0.000000e+00 0.000000e+00
4.300000e+00 1.000000e+00 9.996000e-01 1.529428e+01 0.000000e+00 0.000000e+00
4.350000e+00 1.000000e+00 9.996000e-01 1.529428e+01 0.000000e+00 0.000000e+00
4.400000e+00 1.000000e+00 9.996000e-01 1.529428e+01 0.000000e+00 0.000000e+00
4.450000e+00 1.000000e+00 9.996000e-01 1.529428e+01 0.000000e+00 0.000000e+00
4.500000e+00 1.000000e+00 9.996000e-01 1.529428e+01 0.000000e+00 0.000000e+00
4.550000e+00 1.000000e+00 9.996000e-01 1.529428e+01 0.000000e+00 0.000000e+00
4.600000e+00 1.000000e+00 9.996000e-01 1.529428e+01 0.000000e+00 0.000000e+00
4.650000e+00 1.000000e+00 9.996000e-01 1.529428e+01 0.000000e+00 0.000000e+00
4.700000e+00 1.000000e+00 9.996000e-01 1.529428e+01 0.000000e+00 0.000000e+00
4.750000e+00 1.000000e+00 9.996000e-01 1.529428e+01 0.000000e+00 0.000000e+00
4.800000e+00 1.000000e+00 9.996000e-01 1.529428e+01 0.000000e+00 0.000000e+00
4.850000e+00 1.000000e+00 9.996000e-01 1.529428e+01 0.000000e+00 0.000000e+00
4.900000e+00 1.000000e+00 9.996000e-01 1.529428e+01 0.000000e+00 0.000000e+00
4.950000e+00 1.000000e+00 9.996000e-01 1.529428e+01 0.000000e+00 0.000000e+00
5.000000e+00 1.000000e+00 9.996000e-01 1.529428e+01 0.000000e+00 0.000000e+00
5.050000e+00 1.000000e+00 9.996000e-01 1.529428e+01 0.000000e+00 0.000000e+00
5.100000e+00 1.000000e+00 9.996000e-01 1.529428e+01 0.000000e+00 0.000000e+00
5.150000e+00 1.000000e+00 9.996000e-01 1.529428e+01 0.000000e+00 0.000000e+00
5.200000e+00 1.000000e+00 9.996000e-01 1.529428e+01 0.000000e+00 0.000000e+00
5.250000e+00 1.000000e+00 9.996000e-01 1.529428e+01 0.000000e+00 0.000000e+00
5.300000e+00 1.000000e+00 9.996000e-01 1.529428e+01 0.000000e+00 0.000000e+00
5.350000e+00 1.000000e+00 9.996000e-01 1.529428e+01 0.000000e+00 0.000000e+00
5.400000e+00 1.000000e+00 9.996000e-01 1.529428e+01 0.000000e+00 0.000000e+00
5.450000e+00 1.000000e+00 9.996000e-01 1.529428e+01 0.000000e+00 0.000000e+00
5.500000e+00 1.000000e+00 9.996000e-01 1.529428e+01 0.000000e+00 0.000000e+00
5.550000e+00 1.000000e+00 9.996000e-01 1.529428e+01 0.000000e+00 0.000000e+00
5.600000e+00 1.000000e+00 9.996000e-01 1.529428e+01 0.000000e+00 0.000000e+00
5.650000e+00 1.000000e+00 9.996000e-01 1.529428e+01 0.000000e+00 0.000000e+00
5.700000e+00 1.000000e+00 9.996000e-01 1.529428e+01 0.000000e+00 0.000000e+00
5.750000e+00 1.000000e+00 9.996000e-01 1.529428e+01 0.000000e+00 0.000000e+00
5.800000e+00 1.000000e+00 9.996000e-01 1.529428e+01 0.000000e+00 0.000000e+00
5.850000e+00 1.000000e+00 9.996000e-01 1.529428e+01 0.000000e+00 0.000000e+00
5.900000e+00 1.000000e+00 9.996000e-01 1.529428e+01 0.000000e+00 0.000000e+00
5.950000e+00 1.000000e+00 9.996000e-01 1.529428e+01 0.000000e+00 0.000000e+00
6.000000e+00 1.000000e+00 9.996000e-01 1.529428e+01 0.000000e+00 0.000000e+00
6.050000e+00 1.000000e+00 9.996000e-01 1.529428e+01 0.000000e+00 0.000000e+00
6.100000e+00 1.000000e+00 9.996000e-01 1.529428e+01 0.000000e+00 0.000000e+00
6.150000e+00 1.000000e+00 9.996000e-01 1.529428e+01 0.000000e+00 0.000000e+00
6.200000e+00 1.000000e+00 9.996000e-01 1.529428e+01 0.000000e+00 0.000000e+00
6.250000e+00 1.000000e+00 9.996000e-01 1.529428e+01 0.000000e+00 0.000000e+00
6.300000e+00 1.000000e+00 9.996000e-01 1.529428e+01 0.000000e+00 0.000000e+00
6.350000e+00 1.000000e+00 9.996000e-01 1.529428e+01 0.000000e+00 0.000000e+00
6.400000e+00 1.000000e+00 9.996000e-01 1.529428e+01 0.000000e+00 0.000000e+00
6.450000e+00 1.000000e+00 9.996000e-01 1.529428e+01 0.000000e+00 0.000000e+00
6.500000e+00 1.000000e+00 9.996000e-01 1.529428e+01 0.000000e+00 0.000000e+00
6.550000e+00 1.000000e+00 9.996000e-01 1.529428e+01 0.000000e+00 0.000000e+00
6.600000e+00 1.000000e+00 9.996000e-01 1.529428e+01 0.000000e+00 0.000000e+00
6.650000e+00 1.000000e+00 9.996000e-01 1.529428e+01 0.000000e+00 0.000000e+00
6.700000e+00 1.000000e+00 9.996000e-01 1.529428e+01 0.000000e+00 0.000000e+00
6.750000e+00 1.000000e+00 9.996000e-01 1.529427e+01 0.000000e+00 0.000000e+00
6.800000e+00 1.000000e+00 9.996000e-01 1.529427e+01 0.000000e+00 0.000000e+00
6.850000e+00 1.000000e+00 9.996000e-01 1.529427e+01 0.000000e+00 0.000000e+00
6.900000e+00 1.000000e+00 9.996000e-01 1.529427e+01 0.000000e+00 0.000000e+00
6.950000e+00 1.000000e+00 9.996000e-01 1.529427e+01 0.000000e+00 0.000000e+00
7.000000e+00 1.000000e+00 9.996000e-01 1.529427e+01 0.000000e+00 0.000000e+00
7.050000e+00 1.000000e+00 9.996000e-01 1.529427e+01 0.000000e+00 0.000000e+00
7.100000e+00 1.000000e+00 9.996000e-01 1.529427e+01 0.000000e+00 0.000000e+00
7.150000e+00 1.000000e+00 9.996000e-01 1.529426e+01 0.000000e+00 0.000000e+00
7.200000e+00 1.000000e+00 9.996000e-01 1.529426e+01 0.000000e+00 0.000000e+00
7.250000e+00 1.000000e+00 9.996000e-01 1.529425e+01 0.000000e+00 0.000000e+00
7.300000e+00 1.000000e+00 9.996000e-01 1.529425e+01 0.000000e+00 0.000000e+00
7.350000e+00 1.000000e+00 9.996000e-01 1.529424e+01 0.000000e+00 0.000000e+00
7.400000e+00 1.000000e+00 9.996000e-01 1.529422e+01 0.000000e+00 0.000000e+00
7.450000e+00 1.000000e+00 9.996000e-01 1.529421e+01 0.000000e+00 0.000000e+00
7.500000e+00 1.000000e+00 9.996000e-01 1.529419e+01 0.000000e+00 0.000000e+00
7.550000e+00 1.000000e+00 9.996000e-01 1.529416e+01 0.000000e+00 0.000000e+00
7.600000e+00 1.000000e+00 9.996000e-01 1.529413e+01 0.000000e+00 0.000000e+00
7.650000e+00 1.000000e+00 9.996000e-01 1.529408e+01 0.000000e+00 0.000000e+00
7.700000e+00 1.000000e+00 9.996000e-01 1.529403e+01 0.000000e+00 0.000000e+00
7.750000e+00 1.000000e+00 9.996000e-01 1.529395e+01 0.000000e+00 0.000000e+00
7.800000e+00 1.000000e+00 9.996000e-01 1.529385e+01 0.000000e+00 0.000000e+00
7.850000e+00 1.000000e+00 9.996000e-01 1.529373e+01 0.000000e+00 0.000000e+00
7.900000e+00 1.000000e+00 9.996000e-01 1.529356e+01 0.000000e+00 0.000000e+00
7.950000e+00 1.000000e+00 9.996000e-01 1.529335e+01 0.000000e+00 0.000000e+00
8.000000e+00 1.000000e+00 9.996000e-01 1.529307e+01 0.000000e+00 0.000000e+00
8.050000e+00 1.000000e+00 9.996000e-01 1.529270e+01 0.000000e+00 0.000000e+00
8.100000e+00 1.000000e+00 9.996000e-01 1.529226e+01 0.000000e+00 0.000000e+00
8.150000e+00 1.000000e+00 9.996000e-01 1.529159e+01 0.000000e+00 0.000000e+00
8.200000e+00 1.000000e+00 9.996000e-01 1.529095e+01 0.000000e+00 0.000000e+00
8.250000e+00 1.000000e+00 9.996000e-01 1.528963e+01 0.000000e+00 0.000000e+00
8.300000e+00 1.000000e+00 9.996000e-01 1.528889e+01 0.000000e+00 0.000000e+00
8.350000e+00 1.000000e+00 9.996000e-01 1.528611e+01 0.000000e+00 0.000000e+00
8.400000e+00 1.000000e+00 9.996000e-01 1.528573e+01 0.000000e+00 0.000000e+00
8.450000e+00 1.000000e+00 9.996000e-01 1.527990e+01 0.000000e+00 0.000000e+00
8.500000e+00 1.000000e+00 9.996000e-01 1.528060e+01 0.000000e+00 0.000000e+00
8.550000e+00 1.000000e+00 9.996000e-01 1.526964e+01 0.000000e+00 0.000000e+00
8.600000e+00 1.000000e+00 9.996000e-01 1.527118e+01 0.000000e+00 0.000000e+00
8.650000e+00 1.000000e+00 9.996000e-01 1.525412e+01 0.000000e+00 0.000000e+00
8.700000e+00 1.000000e+00 9.996000e-01 1.525293e+01 0.000000e+00 0.000000e+00
8.750000e+00 1.000000e+00 9.996000e-01 1.523085e+01 0.000000e+00 0.000000e+00
8.800000e+00 1.000000e+00 9.996000e-01 1.522025e+01 0.000000e+00 0.000000e+00
8.850000e+00 1.000000e+00 9.996000e-01 1.519253e+01 0.000000e+00 0.000000e+00
8.900000e+00 1.000000e+00 9.996000e-01 1.516684e+01 0.000000e+00 0.000000e+00
8.950000e+00 1.000000e+00 9.996000e-01 1.512632e+01 0.000000e+00 0.000000e+00
9.000000e+00 1.000000e+00 9.996000e-01 1.507942e+01 0.000000e+00 0.000000e+00
9.050000e+00 1.000000e+00 9.996000e-01 1.501585e+01 0.000000e+00 0.000000e+00
9.100000e+00 1.000000e+00 9.996000e-01 1.493331e+01 0.000000e+00 0.000000e+00
9.150000e+00 1.000000e+00 9.996000e-01 1.483222e+01 0.000000e+00 0.000000e+00
9.200000e+00 1.000000e+00 9.996000e-01 1.469372e+01 0.000000e+00 0.000000e+00
9.250000e+00 1.000000e+00 9.996000e-01 1.452603e+01 0.000000e+00 0.000000e+00
9.300000e+00 1.000000e+00 9.996000e-01 1.430117e+01 0.000000e+00 0.000000e+00
9.350000e+00 1.000000e+00 9.996000e-01 1.402672e+01 0.000000e+00 0.000000e+00
9.400000e+00 1.000000e+00 9.996000e-01 1.366255e+01 0.000000e+00 0.000000e+00
9.450000e+00 1.000000e+00 9.996000e-01 1.322199e+01 0.000000e+00 0.000000e+00
9.500000e+00 1.000000e+00 9.996000e-01 1.264918e+01 0.000000e+00 0.000000e+00
9.550000e+00 1.000000e+00 9.996000e-01 1.196171e+01 0.000000e+00 0.000000e+00
9.600000e+00 1.000000e+00 9.996000e-01 1.109344e+01 0.000000e+00 0.000000e+00
9.650000e+00 1.000000e+00 9.996000e-01 1.008147e+01 0.000000e+00 0.000000e+00
9.700000e+00 1.000000e+00 9.996000e-01 8.859384e+00 0.000000e+00 0.000000e+00
9.750000e+00 1.000000e+00 9.996000e-01 7.515558e+00 0.000000e+00 0.000000e+00
9.800000e+00 1.000000e+00 9.996000e-01 6.024705e+00 0.000000e+00 0.000000e+00
9.850000e+00 1.000000e+00 9.996000e-01 4.603572e+00 0.000000e+00 0.000000e+00
9.900000e+00 1.000000e+00 9.996000e-01 3.387607e+00 0.000000e+00 0.000000e+00
9.950000e+00 1.000000e+00 9.996000e-01 3.005184e+00 0.000000e+00 0.000000e+00
1.000000e+01 1.000000e+00 9.996000e-01 4.509941e+00 0.000000e+00 0.000000e+00
