TITLE = "Stream-Vorticity Solution"
VARIABLES = "X", "Y", "Psi", "Omega", "U", "V"
ZONE I=201, J=51, DATAPACKING=POINT
0.000000e+00 0.000000e+00 0.000000e+00 -5.842013e+00 0.000000e+00 0.000000e+00
5.000000e-02 0.000000e+00 0.000000e+00 -5.924025e+00 0.000000e+00 0.000000e+00
1.000000e-01 0.000000e+00 0.000000e+00 -5.934218e+00 0.000000e+00 0.000000e+00
1.500000e-01 0.000000e+00 0.000000e+00 -5.933998e+00 0.000000e+00 0.000000e+00
2.000000e-01 0.000000e+00 0.000000e+00 -5.930741e+00 0.000000e+00 0.000000e+00
2.500000e-01 0.000000e+00 0.000000e+00 -5.926990e+00 0.000000e+00 0.000000e+00
3.000000e-01 0.000000e+00 0.000000e+00 -5.925086e+00 0.000000e+00 0.000000e+00
3.500000e-01 0.000000e+00 0.000000e+00 -5.925840e+00 0.000000e+00 0.000000e+00
4.000000e-01 0.000000e+00 0.000000e+00 -5.927136e+00 0.000000e+00 0.000000e+00
4.500000e-01 0.000000e+00 0.000000e+00 -5.925922e+00 0.000000e+00 0.000000e+00
5.000000e-01 0.000000e+00 0.000000e+00 -5.920475e+00 0.000000e+00 0.000000e+00
5.500000e-01 0.000000e+00 0.000000e+00 -5.909237e+00 0.000000e+00 0.000000e+00
6.000000e-01 0.000000e+00 0.000000e+00 -5.889093e+00 0.000000e+00 0.000000e+00
6.500000e-01 0.000000e+00 0.000000e+00 -5.857746e+00 0.000000e+00 0.000000e+00
7.000000e-01 0.000000e+00 0.000000e+00 -5.817871e+00 0.000000e+00 0.000000e+00
7.500000e-01 0.000000e+00 0.000000e+00 -5.776883e+00 0.000000e+00 0.000000e+00
8.000000e-01 0.000000e+00 0.000000e+00 -5.742318e+00 0.000000e+00 0.000000e+00
8.500000e-01 0.000000e+00 0.000000e+00 -5.719109e+00 0.000000e+00 0.000000e+00
9.000000e-01 0.000000e+00 0.000000e+00 -5.711491e+00 0.000000e+00 0.000000e+00
9.500000e-01 0.000000e+00 0.000000e+00 -5.724985e+00 0.000000e+00 0.000000e+00
1.000000e+00 0.000000e+00 0.000000e+00 -5.764487e+00 0.000000e+00 0.000000e+00
1.050000e+00 0.000000e+00 0.000000e+00 -5.831285e+00 0.000000e+00 0.000000e+00
1.100000e+00 0.000000e+00 0.000000e+00 -5.923747e+00 0.000000e+00 0.000000e+00
1.150000e+00 0.000000e+00 0.000000e+00 -6.040643e+00 0.000000e+00 0.000000e+00
1.200000e+00 0.000000e+00 0.000000e+00 -6.182305e+00 0.000000e+00 0.000000e+00
1.250000e+00 0.000000e+00 0.000000e+00 -6.348633e+00 0.000000e+00 0.000000e+00
1.300000e+00 0.000000e+00 0.000000e+00 -6.537789e+00 0.000000e+00 0.000000e+00
1.350000e+00 0.000000e+00 0.000000e+00 -6.747618e+00 0.000000e+00 0.000000e+00
1.400000e+00 0.000000e+00 0.000000e+00 -6.977194e+00 0.000000e+00 0.000000e+00
1.450000e+00 0.000000e+00 0.000000e+00 -7.226014e+00 0.000000e+00 0.000000e+00
1.500000e+00 0.000000e+00 0.000000e+00 -7.492380e+00 0.000000e+00 0.000000e+00
1.550000e+00 0.000000e+00 0.000000e+00 -7.773597e+00 0.000000e+00 0.000000e+00
1.600000e+00 0.000000e+00 0.000000e+00 -8.067501e+00 0.000000e+00 0.000000e+00
1.650000e+00 0.000000e+00 0.000000e+00 -8.372946e+00 0.000000e+00 0.000000e+00
1.700000e+00 0.000000e+00 0.000000e+00 -8.688924e+00 0.000000e+00 0.000000e+00
1.750000e+00 0.000000e+00 0.000000e+00 -9.014113e+00 0.000000e+00 0.000000e+00
1.800000e+00 0.000000e+00 0.000000e+00 -9.347572e+00 0.000000e+00 0.000000e+00
1.850000e+00 0.000000e+00 0.000000e+00 -9.689189e+00 0.000000e+00 0.000000e+00
1.900000e+00 0.000000e+00 0.000000e+00 -1.003886e+01 0.000000e+00 0.000000e+00
1.950000e+00 0.000000e+00 0.000000e+00 -1.039556e+01 0.000000e+00 0.000000e+00
2.000000e+00 0.000000e+00 0.000000e+00 -1.075787e+01 0.000000e+00 0.000000e+00
2.050000e+00 0.000000e+00 0.000000e+00 -1.112561e+01 0.000000e+00 0.000000e+00
2.100000e+00 0.000000e+00 0.000000e+00 -1.150024e+01 0.000000e+00 0.000000e+00
2.150000e+00 0.000000e+00 0.000000e+00 -1.188243e+01 0.000000e+00 0.000000e+00
2.200000e+00 0.000000e+00 0.000000e+00 -1.226819e+01 0.000000e+00 0.000000e+00
2.250000e+00 0.000000e+00 0.000000e+00 -1.264661e+01 0.000000e+00 0.000000e+00
2.300000e+00 0.000000e+00 0.000000e+00 -1.300129e+01 0.000000e+00 0.000000e+00
2.350000e+00 0.000000e+00 0.000000e+00 -1.331494e+01 0.000000e+00 0.000000e+00
2.400000e+00 0.000000e+00 0.000000e+00 -1.357464e+01 0.000000e+00 0.000000e+00
2.450000e+00 0.000000e+00 0.000000e+00 -1.377509e+01 0.000000e+00 0.000000e+00
2.500000e+00 0.000000e+00 0.000000e+00 -1.391883e+01 0.000000e+00 0.000000e+00
2.550000e+00 0.000000e+00 0.000000e+00 -1.401416e+01 0.000000e+00 0.000000e+00
2.600000e+00 0.000000e+00 0.000000e+00 -1.407209e+01 0.000000e+00 0.000000e+00
2.650000e+00 0.000000e+00 0.000000e+00 -1.410362e+01 0.000000e+00 0.000000e+00
2.700000e+00 0.000000e+00 0.000000e+00 -1.411811e+01 0.000000e+00 0.000000e+00
2.750000e+00 0.000000e+00 0.000000e+00 -1.412259e+01 0.000000e+00 0.000000e+00
2.800000e+00 0.000000e+00 0.000000e+00 -1.412182e+01 0.000000e+00 0.000000e+00
2.850000e+00 0.000000e+00 0.000000e+00 -1.411876e+01 0.000000e+00 0.000000e+00
2.900000e+00 0.000000e+00 0.000000e+00 -1.411507e+01 0.000000e+00 0.000000e+00
2.950000e+00 0.000000e+00 0.000000e+00 -1.411157e+01 0.000000e+00 0.000000e+00
3.000000e+00 0.000000e+00 0.000000e+00 -1.410860e+01 0.000000e+00 0.000000e+00
3.050000e+00 0.000000e+00 0.000000e+00 -1.410624e+01 0.000000e+00 0.000000e+00
3.100000e+00 0.000000e+00 0.000000e+00 -1.410443e+01 0.000000e+00 0.000000e+00
3.150000e+00 0.000000e+00 0.000000e+00 -1.410309e+01 0.000000e+00 0.000000e+00
3.200000e+00 0.000000e+00 0.000000e+00 -1.410212e+01 0.000000e+00 0.000000e+00
3.250000e+00 0.000000e+00 0.000000e+00 -1.410142e+01 0.000000e+00 0.000000e+00
3.300000e+00 0.000000e+00 0.000000e+00 -1.410093e+01 0.000000e+00 0.000000e+00
3.350000e+00 0.000000e+00 0.000000e+00 -1.410059e+01 0.000000e+00 0.000000e+00
3.400000e+00 0.000000e+00 0.000000e+00 -1.410035e+01 0.000000e+00 0.000000e+00
3.450000e+00 0.000000e+00 0.000000e+00 -1.410018e+01 0.000000e+00 0.000000e+00
3.500000e+00 0.000000e+00 0.000000e+00 -1.410007e+01 0.000000e+00 0.000000e+00
3.550000e+00 0.000000e+00 0.000000e+00 -1.410000e+01 0.000000e+00 0.000000e+00
3.600000e+00 0.000000e+00 0.000000e+00 -1.409995e+01 0.000000e+00 0.000000e+00
3.650000e+00 0.000000e+00 0.000000e+00 -1.409991e+01 0.000000e+00 0.000000e+00
3.700000e+00 0.000000e+00 0.000000e+00 -1.409989e+01 0.000000e+00 0.000000e+00
3.750000e+00 0.000000e+00 0.000000e+00 -1.409987e+01 0.000000e+00 0.000000e+00
3.800000e+00 0.000000e+00 0.000000e+00 -1.409986e+01 0.000000e+00 0.000000e+00
3.850000e+00 0.000000e+00 0.000000e+00 -1.409986e+01 0.000000e+00 0.000000e+00
3.900000e+00 0.000000e+00 0.000000e+00 -1.409985e+01 0.000000e+00 0.000000e+00
3.950000e+00 0.000000e+00 0.000000e+00 -1.409985e+01 0.000000e+00 0.000000e+00
4.000000e+00 0.000000e+00 0.000000e+00 -1.409985e+01 0.000000e+00 0.000000e+00
4.050000e+00 0.000000e+00 0.000000e+00 -1.409985e+01 0.000000e+00 0.000000e+00
4.100000e+00 0.000000e+00 0.000000e+00 -1.409985e+01 0.000000e+00 0.000000e+00
4.150000e+00 0.000000e+00 0.000000e+00 -1.409985e+01 0.000000e+00 0.000000e+00
4.200000e+00 0.000000e+00 0.000000e+00 -1.409985e+01 0.000000e+00 0.000000e+00
4.250000e+00 0.000000e+00 0.000000e+00 -1.409985e+01 0.000000e+00 0.000000e+00
4.300000e+00 0.000000e+00 0.000000e+00 -1.409985e+01 0.000000e+00 0.000000e+00
4.350000e+00 0.000000e+00 0.000000e+00 -1.409984e+01 0.000000e+00 0.000000e+00
4.400000e+00 0.000000e+00 0.000000e+00 -1.409984e+01 0.000000e+00 0.000000e+00
4.450000e+00 0.000000e+00 0.000000e+00 -1.409984e+01 0.000000e+00 0.000000e+00
4.500000e+00 0.000000e+00 0.000000e+00 -1.409984e+01 0.000000e+00 0.000000e+00
4.550000e+00 0.000000e+00 0.000000e+00 -1.409984e+01 0.000000e+00 0.000000e+00
4.600000e+00 0.000000e+00 0.000000e+00 -1.409984e+01 0.000000e+00 0.000000e+00
4.650000e+00 0.000000e+00 0.000000e+00 -1.409984e+01 0.000000e+00 0.000000e+00
4.700000e+00 0.000000e+00 0.000000e+00 -1.409984e+01 0.000000e+00 0.000000e+00
4.750000e+00 0.000000e+00 0.000000e+00 -1.409984e+01 0.000000e+00 0.000000e+00
4.800000e+00 0.000000e+00 0.000000e+00 -1.409984e+01 0.000000e+00 0.000000e+00
4.850000e+00 0.000000e+00 0.000000e+00 -1.409984e+01 0.000000e+00 0.000000e+00
4.900000e+00 0.000000e+00 0.000000e+00 -1.409984e+01 0.000000e+00 0.000000e+00
4.950000e+00 0.000000e+00 0.000000e+00 -1.409984e+01 0.000000e+00 0.000000e+00
5.000000e+00 0.000000e+00 0.000000e+00 -1.409984e+01 0.000000e+00 0.000000e+00
5.050000e+00 0.000000e+00 0.000000e+00 -1.409984e+01 0.000000e+00 0.000000e+00
5.100000e+00 0.000000e+00 0.000000e+00 -1.409984e+01 0.000000e+00 0.000000e+00
5.150000e+00 0.000000e+00 0.000000e+00 -1.409984e+01 0.000000e+00 0.000000e+00
5.200000e+00 0.000000e+00 0.000000e+00 -1.409984e+01 0.000000e+00 0.000000e+00
5.250000e+00 0.000000e+00 0.000000e+00 -1.409984e+01 0.000000e+00 0.000000e+00
5.300000e+00 0.000000e+00 0.000000e+00 -1.409984e+01 0.000000e+00 0.000000e+00
5.350000e+00 0.000000e+00 0.000000e+00 -1.409984e+01 0.000000e+00 0.000000e+00
5.400000e+00 0.000000e+00 0.000000e+00 -1.409984e+01 0.000000e+00 0.000000e+00
5.450000e+00 0.000000e+00 0.000000e+00 -1.409984e+01 0.000000e+00 0.000000e+00
5.500000e+00 0.000000e+00 0.000000e+00 -1.409984e+01 0.000000e+00 0.000000e+00
5.550000e+00 0.000000e+00 0.000000e+00 -1.409984e+01 0.000000e+00 0.000000e+00
5.600000e+00 0.000000e+00 0.000000e+00 -1.409984e+01 0.000000e+00 0.000000e+00
5.650000e+00 0.000000e+00 0.000000e+00 -1.409984e+01 0.000000e+00 0.000000e+00
5.700000e+00 0.000000e+00 0.000000e+00 -1.409984e+01 0.000000e+00 0.000000e+00
5.750000e+00 0.000000e+00 0.000000e+00 -1.409984e+01 0.000000e+00 0.000000e+00
5.800000e+00 0.000000e+00 0.000000e+00 -1.409984e+01 0.000000e+00 0.000000e+00
5.850000e+00 0.000000e+00 0.000000e+00 -1.409984e+01 0.000000e+00 0.000000e+00
5.900000e+00 0.000000e+00 0.000000e+00 -1.409984e+01 0.000000e+00 0.000000e+00
5.950000e+00 0.000000e+00 0.000000e+00 -1.409984e+01 0.000000e+00 0.000000e+00
6.000000e+00 0.000000e+00 0.000000e+00 -1.409984e+01 0.000000e+00 0.000000e+00
6.050000e+00 0.000000e+00 0.000000e+00 -1.409984e+01 0.000000e+00 0.000000e+00
6.100000e+00 0.000000e+00 0.000000e+00 -1.409984e+01 0.000000e+00 0.000000e+00
6.150000e+00 0.000000e+00 0.000000e+00 -1.409984e+01 0.000000e+00 0.000000e+00
6.200000e+00 0.000000e+00 0.000000e+00 -1.409984e+01 0.000000e+00 0.000000e+00
6.250000e+00 0.000000e+00 0.000000e+00 -1.409984e+01 0.000000e+00 0.000000e+00
6.300000e+00 0.000000e+00 0.000000e+00 -1.409984e+01 0.000000e+00 0.000000e+00
6.350000e+00 0.000000e+00 0.000000e+00 -1.409984e+01 0.000000e+00 0.000000e+00
6.400000e+00 0.000000e+00 0.000000e+00 -1.409984e+01 0.000000e+00 0.000000e+00
6.450000e+00 0.000000e+00 0.000000e+00 -1.409984e+01 0.000000e+00 0.000000e+00
6.500000e+00 0.000000e+00 0.000000e+00 -1.409984e+01 0.000000e+00 0.000000e+00
6.550000e+00 0.000000e+00 0.000000e+00 -1.409984e+01 0.000000e+00 0.000000e+00
6.600000e+00 0.000000e+00 0.000000e+00 -1.409984e+01 0.000000e+00 0.000000e+00
6.650000e+00 0.000000e+00 0.000000e+00 -1.409984e+01 0.000000e+00 0.000000e+00
6.700000e+00 0.000000e+00 0.000000e+00 -1.409984e+01 0.000000e+00 0.000000e+00
6.750000e+00 0.000000e+00 0.000000e+00 -1.409984e+01 0.000000e+00 0.000000e+00
6.800000e+00 0.000000e+00 0.000000e+00 -1.409984e+01 0.000000e+00 0.000000e+00
6.850000e+00 0.000000e+00 0.000000e+00 -1.409984e+01 0.000000e+00 0.000000e+00
6.900000e+00 0.000000e+00 0.000000e+00 -1.409984e+01 0.000000e+00 0.000000e+00
6.950000e+00 0.000000e+00 0.000000e+00 -1.409984e+01 0.000000e+00 0.000000e+00
7.000000e+00 0.000000e+00 0.000000e+00 -1.409984e+01 0.000000e+00 0.000000e+00
7.050000e+00 0.000000e+00 0.000000e+00 -1.409983e+01 0.000000e+00 0.000000e+00
7.100000e+00 0.000000e+00 0.000000e+00 -1.409983e+01 0.000000e+00 0.000000e+00
7.150000e+00 0.000000e+00 0.000000e+00 -1.409983e+01 0.000000e+00 0.000000e+00
7.200000e+00 0.000000e+00 0.000000e+00 -1.409982e+01 0.000000e+00 0.000000e+00
7.250000e+00 0.000000e+00 0.000000e+00 -1.409982e+01 0.000000e+00 0.000000e+00
7.300000e+00 0.000000e+00 0.000000e+00 -1.409981e+01 0.000000e+00 0.000000e+00
7.350000e+00 0.000000e+00 0.000000e+00 -1.409980e+01 0.000000e+00 0.000000e+00
7.400000e+00 0.000000e+00 0.000000e+00 -1.409979e+01 0.000000e+00 0.000000e+00
7.450000e+00 0.000000e+00 0.000000e+00 -1.409977e+01 0.000000e+00 0.000000e+00
7.500000e+00 0.000000e+00 0.000000e+00 -1.409975e+01 0.000000e+00 0.000000e+00
7.550000e+00 0.000000e+00 0.000000e+00 -1.409972e+01 0.000000e+00 0.000000e+00
7.600000e+00 0.000000e+00 0.000000e+00 -1.409968e+01 0.000000e+00 0.000000e+00
7.650000e+00 0.000000e+00 0.000000e+00 -1.409963e+01 0.000000e+00 0.000000e+00
7.700000e+00 0.000000e+00 0.000000e+00 -1.409958e+01 0.000000e+00 0.000000e+00
7.750000e+00 0.000000e+00 0.000000e+00 -1.409946e+01 0.000000e+00 0.000000e+00
7.800000e+00 0.000000e+00 0.000000e+00 -1.409944e+01 0.000000e+00 0.000000e+00
7.850000e+00 0.000000e+00 0.000000e+00 -1.409915e+01 0.000000e+00 0.000000e+00
7.900000e+00 0.000000e+00 0.000000e+00 -1.409926e+01 0.000000e+00 0.000000e+00
7.950000e+00 0.000000e+00 0.000000e+00 -1.409852e+01 0.000000e+00 0.000000e+00
8.000000e+00 0.000000e+00 0.000000e+00 -1.409911e+01 0.000000e+00 0.000000e+00
8.050000e+00 0.000000e+00 0.000000e+00 -1.409732e+01 0.000000e+00 0.000000e+00
8.100000e+00 0.000000e+00 0.000000e+00 -1.409896e+01 0.000000e+00 0.000000e+00
8.150000e+00 0.000000e+00 0.000000e+00 -1.409533e+01 0.000000e+00 0.000000e+00
8.200000e+00 0.000000e+00 0.000000e+00 -1.409850e+01 0.000000e+00 0.000000e+00
8.250000e+00 0.000000e+00 0.000000e+00 -1.409259e+01 0.000000e+00 0.000000e+00
8.300000e+00 0.000000e+00 0.000000e+00 -1.409677e+01 0.000000e+00 0.000000e+00
8.350000e+00 0.000000e+00 0.000000e+00 -1.408924e+01 0.000000e+00 0.000000e+00
8.400000e+00 0.000000e+00 0.000000e+00 -1.409268e+01 0.000000e+00 0.000000e+00
8.450000e+00 0.000000e+00 0.000000e+00 -1.408452e+01 0.000000e+00 0.000000e+00
8.500000e+00 0.000000e+00 0.000000e+00 -1.408573e+01 0.000000e+00 0.000000e+00
8.550000e+00 0.000000e+00 0.000000e+00 -1.407614e+01 0.000000e+00 0.000000e+00
8.600000e+00 0.000000e+00 0.000000e+00 -1.407493e+01 0.000000e+00 0.000000e+00
8.650000e+00 0.000000e+00 0.000000e+00 -1.406197e+01 0.000000e+00 0.000000e+00
8.700000e+00 0.000000e+00 0.000000e+00 -1.405644e+01 0.000000e+00 0.000000e+00
8.750000e+00 0.000000e+00 0.000000e+00 -1.403947e+01 0.000000e+00 0.000000e+00
8.800000e+00 0.000000e+00 0.000000e+00 -1.402542e+01 0.000000e+00 0.000000e+00
8.850000e+00 0.000000e+00 0.000000e+00 -1.400121e+01 0.000000e+00 0.000000e+00
8.900000e+00 0.000000e+00 0.000000e+00 -1.397593e+01 0.000000e+00 0.000000e+00
8.950000e+00 0.000000e+00 0.000000e+00 -1.393686e+01 0.000000e+00 0.000000e+00
9.000000e+00 0.000000e+00 0.000000e+00 -1.389344e+01 0.000000e+00 0.000000e+00
9.050000e+00 0.000000e+00 0.000000e+00 -1.383246e+01 0.000000e+00 0.000000e+00
9.100000e+00 0.000000e+00 0.000000e+00 -1.375714e+01 0.000000e+00 0.000000e+00
9.150000e+00 0.000000e+00 0.000000e+00 -1.365917e+01 0.000000e+00 0.000000e+00
9.200000e+00 0.000000e+00 0.000000e+00 -1.353570e+01 0.000000e+00 0.000000e+00
9.250000e+00 0.000000e+00 0.000000e+00 -1.337647e+01 0.000000e+00 0.000000e+00
9.300000e+00 0.000000e+00 0.000000e+00 -1.317337e+01 0.000000e+00 0.000000e+00
9.350000e+00 0.000000e+00 0.000000e+00 -1.291945e+01 0.000000e+00 0.000000e+00
9.400000e+00 0.000000e+00 0.000000e+00 -1.259332e+01 0.000000e+00 0.000000e+00
9.450000e+00 0.000000e+00 0.000000e+00 -1.219010e+01 0.000000e+00 0.000000e+00
9.500000e+00 0.000000e+00 0.000000e+00 -1.167929e+01 0.000000e+00 0.000000e+00
9.550000e+00 0.000000e+00 0.000000e+00 -1.106131e+01 0.000000e+00 0.000000e+00
9.600000e+00 0.000000e+00 0.000000e+00 -1.029329e+01 0.000000e+00 0.000000e+00
9.650000e+00 0.000000e+00 0.000000e+00 -9.392801e+00 0.000000e+00 0.000000e+00
9.700000e+00 0.000000e+00 0.000000e+00 -8.319833e+00 0.000000e+00 0.000000e+00
9.750000e+00 0.000000e+00 0.000000e+00 -7.137232e+00 0.000000e+00 0.000000e+00
9.800000e+00 0.000000e+00 0.000000e+00 -5.837850e+00 0.000000e+00 0.000000e+00
9.850000e+00 0.000000e+00 0.000000e+00 -4.596812e+00 0.000000e+00 0.000000e+00
9.900000e+00 0.000000e+00 0.000000e+00 -3.555293e+00 0.000000e+00 0.000000e+00
9.950000e+00 0.000000e+00 0.000000e+00 -3.279108e+00 0.000000e+00 0.000000e+00
1.000000e+01 0.000000e+00 0.000000e+00 -4.563311e+00 0.000000e+00 0.000000e+00
0.000000e+00 2.000000e-02 1.176000e-03 -5.760000e+00 0.000000e+00 0.000000e+00
5.000000e-02 2.000000e-02 1.184805e-03 -5.731288e+00 1.165822e-01 -1.084357e-04
1.000000e-01 2.000000e-02 1.186844e-03 -5.729308e+00 1.166473e-01 -1.994632e-05
1.500000e-01 2.000000e-02 1.186800e-03 -5.730339e+00 1.166509e-01 6.953474e-06
2.000000e-01 2.000000e-02 1.186148e-03 -5.731015e+00 1.166242e-01 1.401593e-05
2.500000e-01 2.000000e-02 1.185398e-03 -5.731382e+00 1.165894e-01 1.131006e-05
3.000000e-01 2.000000e-02 1.185017e-03 -5.731761e+00 1.165739e-01 2.299827e-06
3.500000e-01 2.000000e-02 1.185168e-03 -5.732062e+00 1.165858e-01 -4.100562e-06
4.000000e-01 2.000000e-02 1.185427e-03 -5.731786e+00 1.165975e-01 -1.629450e-07
4.500000e-01 2.000000e-02 1.185184e-03 -5.730282e+00 1.165702e-01 1.332232e-05
5.000000e-01 2.000000e-02 1.184095e-03 -5.727005e+00 1.164822e-01 3.337045e-05
5.500000e-01 2.000000e-02 1.181847e-03 -5.721900e+00 1.163190e-01 6.276427e-05
6.000000e-01 2.000000e-02 1.177819e-03 -5.716043e+00 1.160602e-01 1.029817e-04
6.500000e-01 2.000000e-02 1.171549e-03 -5.712085e+00 1.157080e-01 1.424439e-04
7.000000e-01 2.000000e-02 1.163574e-03 -5.713904e+00 1.153293e-01 1.617265e-04
7.500000e-01 2.000000e-02 1.155377e-03 -5.725631e+00 1.150430e-01 1.511060e-04
8.000000e-01 2.000000e-02 1.148464e-03 -5.750872e+00 1.149625e-01 1.155469e-04
8.500000e-01 2.000000e-02 1.143822e-03 -5.792489e+00 1.151641e-01 6.165471e-05
9.000000e-01 2.000000e-02 1.142298e-03 -5.852580e+00 1.157091e-01 -1.175238e-05
9.500000e-01 2.000000e-02 1.144997e-03 -5.932303e+00 1.166647e-01 -1.059915e-04
1.000000e+00 2.000000e-02 1.152897e-03 -6.031792e+00 1.180823e-01 -2.125997e-04
1.050000e+00 2.000000e-02 1.166257e-03 -6.150487e+00 1.199683e-01 -3.185200e-04
1.100000e+00 2.000000e-02 1.184749e-03 -6.287651e+00 1.222963e-01 -4.187166e-04
1.150000e+00 2.000000e-02 1.208129e-03 -6.442603e+00 1.250464e-01 -5.171166e-04
1.200000e+00 2.000000e-02 1.236461e-03 -6.614623e+00 1.282158e-01 -6.159789e-04
1.250000e+00 2.000000e-02 1.269727e-03 -6.802886e+00 1.317962e-01 -7.109686e-04
1.300000e+00 2.000000e-02 1.307558e-03 -7.006628e+00 1.357605e-01 -7.979697e-04
1.350000e+00 2.000000e-02 1.349524e-03 -7.225276e+00 1.400806e-01 -8.788094e-04
1.400000e+00 2.000000e-02 1.395439e-03 -7.458362e+00 1.447430e-01 -9.567925e-04
1.450000e+00 2.000000e-02 1.445203e-03 -7.705369e+00 1.497387e-01 -1.030371e-03
1.500000e+00 2.000000e-02 1.498476e-03 -7.965766e+00 1.550453e-01 -1.095166e-03
1.550000e+00 2.000000e-02 1.554719e-03 -8.239131e+00 1.606307e-01 -1.150243e-03
1.600000e+00 2.000000e-02 1.613500e-03 -8.525133e+00 1.664694e-01 -1.198698e-03
1.650000e+00 2.000000e-02 1.674589e-03 -8.823344e+00 1.725460e-01 -1.242846e-03
1.700000e+00 2.000000e-02 1.737785e-03 -9.133043e+00 1.788428e-01 -1.282335e-03
1.750000e+00 2.000000e-02 1.802823e-03 -9.453103e+00 1.853335e-01 -1.317296e-03
1.800000e+00 2.000000e-02 1.869514e-03 -9.781864e+00 1.919905e-01 -1.350152e-03
1.850000e+00 2.000000e-02 1.937838e-03 -1.011691e+01 1.987871e-01 -1.382586e-03
1.900000e+00 2.000000e-02 2.007773e-03 -1.045490e+01 2.056875e-01 -1.412748e-03
1.950000e+00 2.000000e-02 2.079113e-03 -1.079163e+01 2.126368e-01 -1.438005e-03
2.000000e+00 2.000000e-02 2.151574e-03 -1.112218e+01 2.195687e-01 -1.460095e-03
2.050000e+00 2.000000e-02 2.225122e-03 -1.144103e+01 2.264241e-01 -1.484746e-03
2.100000e+00 2.000000e-02 2.300048e-03 -1.174210e+01 2.331566e-01 -1.513633e-03
2.150000e+00 2.000000e-02 2.376485e-03 -1.201884e+01 2.397092e-01 -1.535896e-03
2.200000e+00 2.000000e-02 2.453638e-03 -1.226484e+01 2.459806e-01 -1.528369e-03
2.250000e+00 2.000000e-02 2.529322e-03 -1.247489e+01 2.518120e-01 -1.466199e-03
2.300000e+00 2.000000e-02 2.600258e-03 -1.264611e+01 2.570127e-01 -1.336656e-03
2.350000e+00 2.000000e-02 2.662988e-03 -1.277866e+01 2.614142e-01 -1.146709e-03
2.400000e+00 2.000000e-02 2.714929e-03 -1.287571e+01 2.649223e-01 -9.202989e-04
2.450000e+00 2.000000e-02 2.755018e-03 -1.294259e+01 2.675412e-01 -6.883767e-04
2.500000e+00 2.000000e-02 2.783766e-03 -1.298575e+01 2.693636e-01 -4.781513e-04
2.550000e+00 2.000000e-02 2.802833e-03 -1.301156e+01 2.705380e-01 -3.065145e-04
2.600000e+00 2.000000e-02 2.814418e-03 -1.302557e+01 2.712301e-01 -1.789103e-04
2.650000e+00 2.000000e-02 2.820724e-03 -1.303214e+01 2.715925e-01 -9.204389e-05
2.700000e+00 2.000000e-02 2.823622e-03 -1.303438e+01 2.717480e-01 -3.793202e-05
2.750000e+00 2.000000e-02 2.824517e-03 -1.303434e+01 2.717857e-01 -7.415934e-06
2.800000e+00 2.000000e-02 2.824364e-03 -1.303329e+01 2.717639e-01 7.651589e-06
2.850000e+00 2.000000e-02 2.823752e-03 -1.303191e+01 2.717181e-01 1.349736e-05
2.900000e+00 2.000000e-02 2.823014e-03 -1.303057e+01 2.716674e-01 1.437598e-05
2.950000e+00 2.000000e-02 2.822314e-03 -1.302941e+01 2.716210e-01 1.293167e-05
3.000000e+00 2.000000e-02 2.821721e-03 -1.302847e+01 2.715823e-01 1.066424e-05
3.050000e+00 2.000000e-02 2.821248e-03 -1.302774e+01 2.715518e-01 8.339828e-06
3.100000e+00 2.000000e-02 2.820887e-03 -1.302720e+01 2.715287e-01 6.294018e-06
3.150000e+00 2.000000e-02 2.820619e-03 -1.302680e+01 2.715117e-01 4.631039e-06
3.200000e+00 2.000000e-02 2.820424e-03 -1.302651e+01 2.714993e-01 3.343439e-06
3.250000e+00 2.000000e-02 2.820284e-03 -1.302631e+01 2.714904e-01 2.378477e-06
3.300000e+00 2.000000e-02 2.820186e-03 -1.302616e+01 2.714842e-01 1.671961e-06
3.350000e+00 2.000000e-02 2.820117e-03 -1.302606e+01 2.714799e-01 1.163648e-06
3.400000e+00 2.000000e-02 2.820069e-03 -1.302599e+01 2.714768e-01 8.029315e-07
3.450000e+00 2.000000e-02 2.820037e-03 -1.302594e+01 2.714748e-01 5.498203e-07
3.500000e+00 2.000000e-02 2.820014e-03 -1.302591e+01 2.714734e-01 3.739069e-07
3.550000e+00 2.000000e-02 2.819999e-03 -1.302588e+01 2.714724e-01 2.526703e-07
3.600000e+00 2.000000e-02 2.819989e-03 -1.302587e+01 2.714718e-01 1.697490e-07
3.650000e+00 2.000000e-02 2.819982e-03 -1.302586e+01 2.714713e-01 1.134308e-07
3.700000e+00 2.000000e-02 2.819978e-03 -1.302585e+01 2.714710e-01 7.543239e-08
3.750000e+00 2.000000e-02 2.819975e-03 -1.302585e+01 2.714708e-01 4.995440e-08
3.800000e+00 2.000000e-02 2.819973e-03 -1.302584e+01 2.714707e-01 3.297261e-08
3.850000e+00 2.000000e-02 2.819972e-03 -1.302584e+01 2.714706e-01 2.171709e-08
3.900000e+00 2.000000e-02 2.819971e-03 -1.302584e+01 2.714706e-01 1.429551e-08
3.950000e+00 2.000000e-02 2.819970e-03 -1.302584e+01 2.714705e-01 9.424387e-09
4.000000e+00 2.000000e-02 2.819970e-03 -1.302584e+01 2.714705e-01 6.239195e-09
4.050000e+00 2.000000e-02 2.819969e-03 -1.302584e+01 2.714705e-01 4.161633e-09
4.100000e+00 2.000000e-02 2.819969e-03 -1.302584e+01 2.714705e-01 2.807509e-09
4.150000e+00 2.000000e-02 2.819969e-03 -1.302584e+01 2.714705e-01 1.923345e-09
4.200000e+00 2.000000e-02 2.819969e-03 -1.302584e+01 2.714705e-01 1.343076e-09
4.250000e+00 2.000000e-02 2.819969e-03 -1.302584e+01 2.714705e-01 9.586646e-10
4.300000e+00 2.000000e-02 2.819969e-03 -1.302584e+01 2.714705e-01 7.003172e-10
4.350000e+00 2.000000e-02 2.819969e-03 -1.302584e+01 2.714705e-01 5.232480e-10
4.400000e+00 2.000000e-02 2.819969e-03 -1.302584e+01 2.714705e-01 3.988953e-10
4.450000e+00 2.000000e-02 2.819969e-03 -1.302584e+01 2.714705e-01 3.091331e-10
4.500000e+00 2.000000e-02 2.819969e-03 -1.302584e+01 2.714705e-01 2.424905e-10
4.550000e+00 2.000000e-02 2.819969e-03 -1.302584e+01 2.714705e-01 1.917020e-10
4.600000e+00 2.000000e-02 2.819969e-03 -1.302584e+01 2.714705e-01 1.521363e-10
4.650000e+00 2.000000e-02 2.819969e-03 -1.302584e+01 2.714705e-01 1.207987e-10
4.700000e+00 2.000000e-02 2.819969e-03 -1.302584e+01 2.714705e-01 9.570609e-11
4.750000e+00 2.000000e-02 2.819969e-03 -1.302584e+01 2.714705e-01 7.549818e-11
4.800000e+00 2.000000e-02 2.819969e-03 -1.302584e+01 2.714705e-01 5.920116e-11
4.850000e+00 2.000000e-02 2.819969e-03 -1.302584e+01 2.714705e-01 4.608491e-11
4.900000e+00 2.000000e-02 2.819969e-03 -1.302584e+01 2.714705e-01 3.557792e-11
4.950000e+00 2.000000e-02 2.819969e-03 -1.302584e+01 2.714705e-01 2.721772e-11
5.000000e+00 2.000000e-02 2.819969e-03 -1.302584e+01 2.714705e-01 2.062148e-11
5.050000e+00 2.000000e-02 2.819969e-03 -1.302584e+01 2.714705e-01 1.546868e-11
5.100000e+00 2.000000e-02 2.819969e-03 -1.302584e+01 2.714705e-01 1.149057e-11
5.150000e+00 2.000000e-02 2.819969e-03 -1.302584e+01 2.714705e-01 8.462649e-12
5.200000e+00 2.000000e-02 2.819969e-03 -1.302584e+01 2.714705e-01 6.199750e-12
5.250000e+00 2.000000e-02 2.819969e-03 -1.302584e+01 2.714705e-01 4.551854e-12
5.300000e+00 2.000000e-02 2.819969e-03 -1.302584e+01 2.714705e-01 3.400379e-12
5.350000e+00 2.000000e-02 2.819969e-03 -1.302584e+01 2.714705e-01 2.655480e-12
5.400000e+00 2.000000e-02 2.819969e-03 -1.302584e+01 2.714705e-01 2.253336e-12
5.450000e+00 2.000000e-02 2.819969e-03 -1.302584e+01 2.714705e-01 2.154570e-12
5.500000e+00 2.000000e-02 2.819969e-03 -1.302584e+01 2.714705e-01 2.343091e-12
5.550000e+00 2.000000e-02 2.819969e-03 -1.302584e+01 2.714705e-01 2.825934e-12
5.600000e+00 2.000000e-02 2.819969e-03 -1.302584e+01 2.714705e-01 3.634653e-12
5.650000e+00 2.000000e-02 2.819969e-03 -1.302584e+01 2.714705e-01 4.827271e-12
5.700000e+00 2.000000e-02 2.819969e-03 -1.302584e+01 2.714705e-01 6.492376e-12
5.750000e+00 2.000000e-02 2.819969e-03 -1.302584e+01 2.714705e-01 8.755271e-12
5.800000e+00 2.000000e-02 2.819969e-03 -1.302584e+01 2.714705e-01 1.178645e-11
5.850000e+00 2.000000e-02 2.819969e-03 -1.302584e+01 2.714705e-01 1.581307e-11
5.900000e+00 2.000000e-02 2.819969e-03 -1.302584e+01 2.714705e-01 2.113447e-11
5.950000e+00 2.000000e-02 2.819969e-03 -1.302584e+01 2.714705e-01 2.814288e-11
6.000000e+00 2.000000e-02 2.819969e-03 -1.302584e+01 2.714705e-01 3.734991e-11
6.050000e+00 2.000000e-02 2.819969e-03 -1.302584e+01 2.714705e-01 4.942155e-11
6.100000e+00 2.000000e-02 2.819969e-03 -1.302584e+01 2.714705e-01 6.522405e-11
6.150000e+00 2.000000e-02 2.819969e-03 -1.302584e+01 2.714705e-01 8.588310e-11
6.200000e+00 2.000000e-02 2.819969e-03 -1.302584e+01 2.714705e-01 1.128603e-10
6.250000e+00 2.000000e-02 2.819969e-03 -1.302584e+01 2.714705e-01 1.480527e-10
6.300000e+00 2.000000e-02 2.819969e-03 -1.302584e+01 2.714705e-01 1.939219e-10
6.350000e+00 2.000000e-02 2.819969e-03 -1.302584e+01 2.714705e-01 2.536603e-10
6.400000e+00 2.000000e-02 2.819969e-03 -1.302584e+01 2.714705e-01 3.314076e-10
6.450000e+00 2.000000e-02 2.819969e-03 -1.302584e+01 2.714705e-01 4.325299e-10
6.500000e+00 2.000000e-02 2.819969e-03 -1.302584e+01 2.714704e-01 5.639812e-10
6.550000e+00 2.000000e-02 2.819969e-03 -1.302584e+01 2.714704e-01 7.347714e-10
6.600000e+00 2.000000e-02 2.819969e-03 -1.302584e+01 2.714704e-01 9.565708e-10
6.650000e+00 2.000000e-02 2.819969e-03 -1.302583e+01 2.714704e-01 1.244493e-09
6.700000e+00 2.000000e-02 2.819969e-03 -1.302583e+01 2.714704e-01 1.618105e-09
6.750000e+00 2.000000e-02 2.819968e-03 -1.302583e+01 2.714704e-01 2.102736e-09
6.800000e+00 2.000000e-02 2.819968e-03 -1.302583e+01 2.714704e-01 2.731168e-09
6.850000e+00 2.000000e-02 2.819968e-03 -1.302583e+01 2.714704e-01 3.545814e-09
6.900000e+00 2.000000e-02 2.819968e-03 -1.302583e+01 2.714704e-01 4.601557e-09
6.950000e+00 2.000000e-02 2.819968e-03 -1.302583e+01 2.714704e-01 5.969342e-09
7.000000e+00 2.000000e-02 2.819967e-03 -1.302583e+01 2.714704e-01 7.741064e-09
7.050000e+00 2.000000e-02 2.819967e-03 -1.302583e+01 2.714703e-01 1.003504e-08
7.100000e+00 2.000000e-02 2.819966e-03 -1.302583e+01 2.714703e-01 1.300588e-08
7.150000e+00 2.000000e-02 2.819966e-03 -1.302583e+01 2.714702e-01 1.684818e-08
7.200000e+00 2.000000e-02 2.819965e-03 -1.302583e+01 2.714702e-01 2.182954e-08
7.250000e+00 2.000000e-02 2.819963e-03 -1.302583e+01 2.714701e-01 2.824755e-08
7.300000e+00 2.000000e-02 2.819962e-03 -1.302582e+01 2.714700e-01 3.662664e-08
7.350000e+00 2.000000e-02 2.819960e-03 -1.302582e+01 2.714698e-01 4.724991e-08
7.400000e+00 2.000000e-02 2.819957e-03 -1.302581e+01 2.714697e-01 6.155846e-08
7.450000e+00 2.000000e-02 2.819954e-03 -1.302581e+01 2.714694e-01 7.857602e-08
7.500000e+00 2.000000e-02 2.819949e-03 -1.302580e+01 2.714691e-01 1.042737e-07
7.550000e+00 2.000000e-02 2.819943e-03 -1.302579e+01 2.714687e-01 1.285721e-07
7.600000e+00 2.000000e-02 2.819936e-03 -1.302577e+01 2.714682e-01 1.806270e-07
7.650000e+00 2.000000e-02 2.819925e-03 -1.302575e+01 2.714675e-01 2.018817e-07
7.700000e+00 2.000000e-02 2.819916e-03 -1.302573e+01 2.714669e-01 3.275517e-07
7.750000e+00 2.000000e-02 2.819892e-03 -1.302570e+01 2.714652e-01 2.892246e-07
7.800000e+00 2.000000e-02 2.819887e-03 -1.302567e+01 2.714649e-01 6.308780e-07
7.850000e+00 2.000000e-02 2.819829e-03 -1.302559e+01 2.714607e-01 3.465111e-07
7.900000e+00 2.000000e-02 2.819853e-03 -1.302558e+01 2.714628e-01 1.255031e-06
7.950000e+00 2.000000e-02 2.819704e-03 -1.302539e+01 2.714518e-01 3.109162e-07
8.000000e+00 2.000000e-02 2.819822e-03 -1.302546e+01 2.714612e-01 2.389107e-06
8.050000e+00 2.000000e-02 2.819465e-03 -1.302502e+01 2.714345e-01 2.864339e-07
8.100000e+00 2.000000e-02 2.819793e-03 -1.302530e+01 2.714604e-01 3.980711e-06
8.150000e+00 2.000000e-02 2.819067e-03 -1.302437e+01 2.714055e-01 9.349013e-07
8.200000e+00 2.000000e-02 2.819699e-03 -1.302501e+01 2.714558e-01 5.493050e-06
8.250000e+00 2.000000e-02 2.818518e-03 -1.302339e+01 2.713655e-01 3.447891e-06
8.300000e+00 2.000000e-02 2.819355e-03 -1.302431e+01 2.714339e-01 6.690511e-06
8.350000e+00 2.000000e-02 2.817849e-03 -1.302208e+01 2.713180e-01 8.184827e-06
8.400000e+00 2.000000e-02 2.818536e-03 -1.302274e+01 2.713774e-01 9.451028e-06
8.450000e+00 2.000000e-02 2.816903e-03 -1.302023e+01 2.712535e-01 1.389367e-05
8.500000e+00 2.000000e-02 2.817147e-03 -1.301996e+01 2.712796e-01 1.675422e-05
8.550000e+00 2.000000e-02 2.815228e-03 -1.301702e+01 2.711386e-01 2.160284e-05
8.600000e+00 2.000000e-02 2.814987e-03 -1.301572e+01 2.711295e-01 2.833947e-05
8.650000e+00 2.000000e-02 2.812394e-03 -1.301122e+01 2.709400e-01 3.697947e-05
8.700000e+00 2.000000e-02 2.811289e-03 -1.300883e+01 2.708757e-01 4.500163e-05
8.750000e+00 2.000000e-02 2.807894e-03 -1.300176e+01 2.706237e-01 6.204851e-05
8.800000e+00 2.000000e-02 2.805084e-03 -1.299686e+01 2.704451e-01 7.651442e-05
8.850000e+00 2.000000e-02 2.800242e-03 -1.298638e+01 2.700906e-01 9.897082e-05
8.900000e+00 2.000000e-02 2.795187e-03 -1.297693e+01 2.697536e-01 1.287142e-04
8.950000e+00 2.000000e-02 2.787371e-03 -1.296041e+01 2.691902e-01 1.649919e-04
9.000000e+00 2.000000e-02 2.778687e-03 -1.294399e+01 2.686023e-01 2.087801e-04
9.050000e+00 2.000000e-02 2.766493e-03 -1.291740e+01 2.677239e-01 2.725862e-04
9.100000e+00 2.000000e-02 2.751429e-03 -1.288857e+01 2.666894e-01 3.465929e-04
9.150000e+00 2.000000e-02 2.731834e-03 -1.284615e+01 2.652872e-01 4.428863e-04
9.200000e+00 2.000000e-02 2.707140e-03 -1.279659e+01 2.635649e-01 5.653885e-04
9.250000e+00 2.000000e-02 2.675295e-03 -1.272721e+01 2.612850e-01 7.246583e-04
9.300000e+00 2.000000e-02 2.634674e-03 -1.264353e+01 2.584223e-01 9.140437e-04
9.350000e+00 2.000000e-02 2.583890e-03 -1.252993e+01 2.547628e-01 1.160096e-03
9.400000e+00 2.000000e-02 2.518665e-03 -1.238903e+01 2.500950e-01 1.458696e-03
9.450000e+00 2.000000e-02 2.438021e-03 -1.220218e+01 2.442165e-01 1.828072e-03
9.500000e+00 2.000000e-02 2.335858e-03 -1.196750e+01 2.367580e-01 2.257584e-03
9.550000e+00 2.000000e-02 2.212263e-03 -1.166090e+01 2.275415e-01 2.771996e-03
9.600000e+00 2.000000e-02 2.058658e-03 -1.127423e+01 2.159738e-01 3.337024e-03
9.650000e+00 2.000000e-02 1.878560e-03 -1.077810e+01 2.020299e-01 3.946914e-03
9.700000e+00 2.000000e-02 1.663967e-03 -1.015950e+01 1.850504e-01 4.511138e-03
9.750000e+00 2.000000e-02 1.427446e-03 -9.391102e+00 1.655269e-01 4.963967e-03
9.800000e+00 2.000000e-02 1.167570e-03 -8.475105e+00 1.432080e-01 5.080840e-03
9.850000e+00 2.000000e-02 9.193624e-04 -7.437895e+00 1.202808e-01 4.565113e-03
9.900000e+00 2.000000e-02 7.110586e-04 -6.400594e+00 9.900402e-02 2.635407e-03
9.950000e+00 2.000000e-02 6.558217e-04 -5.837503e+00 8.889559e-02 -4.649414e-03
1.000000e+01 2.000000e-02 1.176000e-03 -5.847514e+00 0.000000e+00 0.000000e+00
0.000000e+00 4.000000e-02 4.656000e-03 -5.520000e+00 0.000000e+00 0.000000e+00
5.000000e-02 4.000000e-02 4.663288e-03 -5.511124e+00 2.290541e-01 -9.893558e-05
1.000000e-01 4.000000e-02 4.665894e-03 -5.506219e+00 2.290248e-01 -2.748069e-05
1.500000e-01 4.000000e-02 4.666036e-03 -5.504503e+00 2.290124e-01 9.270896e-06
2.000000e-01 4.000000e-02 4.664966e-03 -5.504476e+00 2.289884e-01 2.459718e-05
2.500000e-01 4.000000e-02 4.663576e-03 -5.505233e+00 2.289601e-01 2.010026e-05
3.000000e-01 4.000000e-02 4.662956e-03 -5.506210e+00 2.289571e-01 1.425165e-06
3.500000e-01 4.000000e-02 4.663433e-03 -5.507289e+00 2.289892e-01 -9.446118e-06
4.000000e-01 4.000000e-02 4.663901e-03 -5.508927e+00 2.290234e-01 6.236441e-06
4.500000e-01 4.000000e-02 4.662810e-03 -5.511991e+00 2.290172e-01 4.614152e-05
5.000000e-01 4.000000e-02 4.659287e-03 -5.517423e+00 2.289553e-01 1.004816e-04
5.500000e-01 4.000000e-02 4.652762e-03 -5.525991e+00 2.288345e-01 1.687734e-04
6.000000e-01 4.000000e-02 4.642410e-03 -5.538299e+00 2.286461e-01 2.443971e-04
6.500000e-01 4.000000e-02 4.628322e-03 -5.554938e+00 2.284170e-01 2.923852e-04
7.000000e-01 4.000000e-02 4.613171e-03 -5.576602e+00 2.282628e-01 2.660219e-04
7.500000e-01 4.000000e-02 4.601720e-03 -5.604084e+00 2.283649e-01 1.467178e-04
8.000000e-01 4.000000e-02 4.598499e-03 -5.638187e+00 2.288874e-01 -4.843750e-05
8.500000e-01 4.000000e-02 4.606563e-03 -5.679598e+00 2.299369e-01 -2.986533e-04
9.000000e-01 4.000000e-02 4.628365e-03 -5.728780e+00 2.315947e-01 -6.002559e-04
9.500000e-01 4.000000e-02 4.666589e-03 -5.785932e+00 2.339451e-01 -9.492879e-04
1.000000e+00 4.000000e-02 4.723293e-03 -5.851038e+00 2.370464e-01 -1.321414e-03
1.050000e+00 4.000000e-02 4.798730e-03 -5.923944e+00 2.408945e-01 -1.685579e-03
1.100000e+00 4.000000e-02 4.891851e-03 -6.004420e+00 2.454450e-01 -2.031252e-03
1.150000e+00 4.000000e-02 5.001856e-03 -6.092209e+00 2.506656e-01 -2.367813e-03
1.200000e+00 4.000000e-02 5.128633e-03 -6.187085e+00 2.565491e-01 -2.699914e-03
1.250000e+00 4.000000e-02 5.271847e-03 -6.288894e+00 2.630804e-01 -3.017879e-03
1.300000e+00 4.000000e-02 5.430420e-03 -6.397568e+00 2.702204e-01 -3.313762e-03
1.350000e+00 4.000000e-02 5.603223e-03 -6.513128e+00 2.779322e-01 -3.592992e-03
1.400000e+00 4.000000e-02 5.789720e-03 -6.635709e+00 2.862015e-01 -3.863243e-03
1.450000e+00 4.000000e-02 5.989547e-03 -6.765610e+00 2.950213e-01 -4.120917e-03
1.500000e+00 4.000000e-02 6.201811e-03 -6.903360e+00 3.043693e-01 -4.356792e-03
1.550000e+00 4.000000e-02 6.425227e-03 -7.049815e+00 3.142149e-01 -4.569661e-03
1.600000e+00 4.000000e-02 6.658778e-03 -7.206248e+00 3.245424e-01 -4.766154e-03
1.650000e+00 4.000000e-02 6.901842e-03 -7.374365e+00 3.353519e-01 -4.949330e-03
1.700000e+00 4.000000e-02 7.153711e-03 -7.556172e+00 3.466399e-01 -5.114993e-03
1.750000e+00 4.000000e-02 7.413341e-03 -7.753712e+00 3.583868e-01 -5.259091e-03
1.800000e+00 4.000000e-02 7.679620e-03 -7.968745e+00 3.705628e-01 -5.381410e-03
1.850000e+00 4.000000e-02 7.951482e-03 -8.202361e+00 3.831268e-01 -5.478794e-03
1.900000e+00 4.000000e-02 8.227499e-03 -8.454545e+00 3.960074e-01 -5.539906e-03
1.950000e+00 4.000000e-02 8.505473e-03 -8.723719e+00 4.090844e-01 -5.552477e-03
2.000000e+00 4.000000e-02 8.782747e-03 -9.006396e+00 4.221971e-01 -5.514911e-03
2.050000e+00 4.000000e-02 9.056964e-03 -9.297007e+00 4.351684e-01 -5.435160e-03
2.100000e+00 4.000000e-02 9.326263e-03 -9.587972e+00 4.478141e-01 -5.314032e-03
2.150000e+00 4.000000e-02 9.588367e-03 -9.870072e+00 4.599236e-01 -5.129616e-03
2.200000e+00 4.000000e-02 9.839224e-03 -1.013331e+01 4.712351e-01 -4.841115e-03
2.250000e+00 4.000000e-02 1.007248e-02 -1.036836e+01 4.814447e-01 -4.412817e-03
2.300000e+00 4.000000e-02 1.028051e-02 -1.056824e+01 4.902625e-01 -3.840901e-03
2.350000e+00 4.000000e-02 1.045657e-02 -1.072963e+01 4.974908e-01 -3.163876e-03
2.400000e+00 4.000000e-02 1.059689e-02 -1.085324e+01 5.030812e-01 -2.450789e-03
2.450000e+00 4.000000e-02 1.070165e-02 -1.094310e+01 5.071424e-01 -1.776497e-03
2.500000e+00 4.000000e-02 1.077454e-02 -1.100520e+01 5.099026e-01 -1.198722e-03
2.550000e+00 4.000000e-02 1.082152e-02 -1.104606e+01 5.116473e-01 -7.466059e-04
2.600000e+00 4.000000e-02 1.084920e-02 -1.107169e+01 5.126613e-01 -4.217951e-04
2.650000e+00 4.000000e-02 1.086370e-02 -1.108701e+01 5.131892e-01 -2.071747e-04
2.700000e+00 4.000000e-02 1.086992e-02 -1.109569e+01 5.134186e-01 -7.727160e-05
2.750000e+00 4.000000e-02 1.087143e-02 -1.110031e+01 5.134805e-01 -6.358617e-06
2.800000e+00 4.000000e-02 1.087056e-02 -1.110257e+01 5.134585e-01 2.702663e-05
2.850000e+00 4.000000e-02 1.086872e-02 -1.110351e+01 5.134022e-01 3.862236e-05
2.900000e+00 4.000000e-02 1.086670e-02 -1.110377e+01 5.133380e-01 3.885438e-05
2.950000e+00 4.000000e-02 1.086484e-02 -1.110371e+01 5.132788e-01 3.403415e-05
3.000000e+00 4.000000e-02 1.086329e-02 -1.110353e+01 5.132291e-01 2.764923e-05
3.050000e+00 4.000000e-02 1.086207e-02 -1.110331e+01 5.131898e-01 2.142443e-05
3.100000e+00 4.000000e-02 1.086115e-02 -1.110310e+01 5.131599e-01 1.607396e-05
3.150000e+00 4.000000e-02 1.086047e-02 -1.110293e+01 5.131377e-01 1.178208e-05
3.200000e+00 4.000000e-02 1.085997e-02 -1.110279e+01 5.131216e-01 8.485681e-06
3.250000e+00 4.000000e-02 1.085962e-02 -1.110268e+01 5.131100e-01 6.027778e-06
3.300000e+00 4.000000e-02 1.085937e-02 -1.110260e+01 5.131018e-01 4.233966e-06
3.350000e+00 4.000000e-02 1.085919e-02 -1.110254e+01 5.130960e-01 2.945973e-06
3.400000e+00 4.000000e-02 1.085907e-02 -1.110250e+01 5.130921e-01 2.033047e-06
3.450000e+00 4.000000e-02 1.085899e-02 -1.110247e+01 5.130893e-01 1.392838e-06
3.500000e+00 4.000000e-02 1.085893e-02 -1.110244e+01 5.130874e-01 9.479622e-07
3.550000e+00 4.000000e-02 1.085890e-02 -1.110243e+01 5.130861e-01 6.413065e-07
3.600000e+00 4.000000e-02 1.085887e-02 -1.110242e+01 5.130852e-01 4.314675e-07
3.650000e+00 4.000000e-02 1.085885e-02 -1.110241e+01 5.130847e-01 2.888461e-07
3.700000e+00 4.000000e-02 1.085884e-02 -1.110240e+01 5.130843e-01 1.925231e-07
3.750000e+00 4.000000e-02 1.085883e-02 -1.110240e+01 5.130840e-01 1.278566e-07
3.800000e+00 4.000000e-02 1.085883e-02 -1.110240e+01 5.130838e-01 8.468626e-08
3.850000e+00 4.000000e-02 1.085883e-02 -1.110239e+01 5.130837e-01 5.601679e-08
3.900000e+00 4.000000e-02 1.085882e-02 -1.110239e+01 5.130836e-01 3.706702e-08
3.950000e+00 4.000000e-02 1.085882e-02 -1.110239e+01 5.130836e-01 2.459192e-08
4.000000e+00 4.000000e-02 1.085882e-02 -1.110239e+01 5.130835e-01 1.640399e-08
4.050000e+00 4.000000e-02 1.085882e-02 -1.110239e+01 5.130835e-01 1.103850e-08
4.100000e+00 4.000000e-02 1.085882e-02 -1.110239e+01 5.130835e-01 7.521160e-09
4.150000e+00 4.000000e-02 1.085882e-02 -1.110239e+01 5.130835e-01 5.208273e-09
4.200000e+00 4.000000e-02 1.085882e-02 -1.110239e+01 5.130835e-01 3.677372e-09
4.250000e+00 4.000000e-02 1.085882e-02 -1.110239e+01 5.130835e-01 2.653029e-09
4.300000e+00 4.000000e-02 1.085882e-02 -1.110239e+01 5.130835e-01 1.956837e-09
4.350000e+00 4.000000e-02 1.085882e-02 -1.110239e+01 5.130835e-01 1.473931e-09
4.400000e+00 4.000000e-02 1.085882e-02 -1.110239e+01 5.130835e-01 1.130735e-09
4.450000e+00 4.000000e-02 1.085882e-02 -1.110239e+01 5.130835e-01 8.802931e-10
4.500000e+00 4.000000e-02 1.085882e-02 -1.110239e+01 5.130835e-01 6.926699e-10
4.550000e+00 4.000000e-02 1.085882e-02 -1.110239e+01 5.130835e-01 5.487229e-10
4.600000e+00 4.000000e-02 1.085882e-02 -1.110239e+01 5.130835e-01 4.361016e-10
4.650000e+00 4.000000e-02 1.085882e-02 -1.110239e+01 5.130835e-01 3.467042e-10
4.700000e+00 4.000000e-02 1.085882e-02 -1.110239e+01 5.130835e-01 2.750751e-10
4.750000e+00 4.000000e-02 1.085882e-02 -1.110239e+01 5.130835e-01 2.174092e-10
4.800000e+00 4.000000e-02 1.085882e-02 -1.110239e+01 5.130835e-01 1.709411e-10
4.850000e+00 4.000000e-02 1.085882e-02 -1.110239e+01 5.130835e-01 1.335739e-10
4.900000e+00 4.000000e-02 1.085882e-02 -1.110239e+01 5.130835e-01 1.036561e-10
4.950000e+00 4.000000e-02 1.085882e-02 -1.110239e+01 5.130835e-01 7.984925e-11
5.000000e+00 4.000000e-02 1.085882e-02 -1.110239e+01 5.130835e-01 6.104698e-11
5.050000e+00 4.000000e-02 1.085882e-02 -1.110239e+01 5.130835e-01 4.632707e-11
5.100000e+00 4.000000e-02 1.085882e-02 -1.110239e+01 5.130835e-01 3.491983e-11
5.150000e+00 4.000000e-02 1.085882e-02 -1.110239e+01 5.130835e-01 2.618572e-11
5.200000e+00 4.000000e-02 1.085882e-02 -1.110239e+01 5.130835e-01 1.959983e-11
5.250000e+00 4.000000e-02 1.085882e-02 -1.110239e+01 5.130835e-01 1.473821e-11
5.300000e+00 4.000000e-02 1.085882e-02 -1.110239e+01 5.130835e-01 1.126668e-11
5.350000e+00 4.000000e-02 1.085882e-02 -1.110239e+01 5.130835e-01 8.932091e-12
5.400000e+00 4.000000e-02 1.085882e-02 -1.110239e+01 5.130835e-01 7.554183e-12
5.450000e+00 4.000000e-02 1.085882e-02 -1.110239e+01 5.130835e-01 7.020096e-12
5.500000e+00 4.000000e-02 1.085882e-02 -1.110239e+01 5.130835e-01 7.281207e-12
5.550000e+00 4.000000e-02 1.085882e-02 -1.110239e+01 5.130835e-01 8.352034e-12
5.600000e+00 4.000000e-02 1.085882e-02 -1.110239e+01 5.130835e-01 1.031343e-11
5.650000e+00 4.000000e-02 1.085882e-02 -1.110239e+01 5.130835e-01 1.331815e-11
5.700000e+00 4.000000e-02 1.085882e-02 -1.110239e+01 5.130835e-01 1.760155e-11
5.750000e+00 4.000000e-02 1.085882e-02 -1.110239e+01 5.130835e-01 2.349806e-11
5.800000e+00 4.000000e-02 1.085882e-02 -1.110239e+01 5.130835e-01 3.146388e-11
5.850000e+00 4.000000e-02 1.085882e-02 -1.110239e+01 5.130835e-01 4.210845e-11
5.900000e+00 4.000000e-02 1.085882e-02 -1.110239e+01 5.130835e-01 5.623630e-11
5.950000e+00 4.000000e-02 1.085882e-02 -1.110239e+01 5.130835e-01 7.490269e-11
6.000000e+00 4.000000e-02 1.085882e-02 -1.110239e+01 5.130835e-01 9.948584e-11
6.050000e+00 4.000000e-02 1.085882e-02 -1.110239e+01 5.130835e-01 1.317823e-10
6.100000e+00 4.000000e-02 1.085882e-02 -1.110239e+01 5.130835e-01 1.741308e-10
6.150000e+00 4.000000e-02 1.085882e-02 -1.110239e+01 5.130835e-01 2.295727e-10
6.200000e+00 4.000000e-02 1.085882e-02 -1.110239e+01 5.130835e-01 3.020612e-10
6.250000e+00 4.000000e-02 1.085882e-02 -1.110239e+01 5.130835e-01 3.967312e-10
6.300000e+00 4.000000e-02 1.085882e-02 -1.110239e+01 5.130835e-01 5.202504e-10
6.350000e+00 4.000000e-02 1.085882e-02 -1.110239e+01 5.130835e-01 6.812735e-10
6.400000e+00 4.000000e-02 1.085882e-02 -1.110239e+01 5.130835e-01 8.910308e-10
6.450000e+00 4.000000e-02 1.085882e-02 -1.110239e+01 5.130835e-01 1.164091e-09
6.500000e+00 4.000000e-02 1.085882e-02 -1.110239e+01 5.130835e-01 1.519348e-09
6.550000e+00 4.000000e-02 1.085882e-02 -1.110239e+01 5.130834e-01 1.981297e-09
6.600000e+00 4.000000e-02 1.085882e-02 -1.110239e+01 5.130834e-01 2.581689e-09
6.650000e+00 4.000000e-02 1.085882e-02 -1.110239e+01 5.130834e-01 3.361675e-09
6.700000e+00 4.000000e-02 1.085882e-02 -1.110239e+01 5.130834e-01 4.374565e-09
6.750000e+00 4.000000e-02 1.085882e-02 -1.110239e+01 5.130834e-01 5.689418e-09
6.800000e+00 4.000000e-02 1.085882e-02 -1.110239e+01 5.130834e-01 7.395673e-09
6.850000e+00 4.000000e-02 1.085882e-02 -1.110239e+01 5.130834e-01 9.609126e-09
6.900000e+00 4.000000e-02 1.085882e-02 -1.110239e+01 5.130834e-01 1.247973e-08
6.950000e+00 4.000000e-02 1.085882e-02 -1.110239e+01 5.130834e-01 1.620142e-08
7.000000e+00 4.000000e-02 1.085881e-02 -1.110239e+01 5.130833e-01 2.102566e-08
7.050000e+00 4.000000e-02 1.085881e-02 -1.110239e+01 5.130833e-01 2.727625e-08
7.100000e+00 4.000000e-02 1.085881e-02 -1.110239e+01 5.130832e-01 3.537711e-08
7.150000e+00 4.000000e-02 1.085881e-02 -1.110239e+01 5.130832e-01 4.586059e-08
7.200000e+00 4.000000e-02 1.085881e-02 -1.110239e+01 5.130831e-01 5.946434e-08
7.250000e+00 4.000000e-02 1.085880e-02 -1.110239e+01 5.130830e-01 7.699501e-08
7.300000e+00 4.000000e-02 1.085880e-02 -1.110239e+01 5.130829e-01 9.992220e-08
7.350000e+00 4.000000e-02 1.085879e-02 -1.110239e+01 5.130827e-01 1.289457e-07
7.400000e+00 4.000000e-02 1.085879e-02 -1.110239e+01 5.130824e-01 1.682365e-07
7.450000e+00 4.000000e-02 1.085878e-02 -1.110239e+01 5.130821e-01 2.145800e-07
7.500000e+00 4.000000e-02 1.085876e-02 -1.110239e+01 5.130818e-01 2.857254e-07
7.550000e+00 4.000000e-02 1.085875e-02 -1.110239e+01 5.130812e-01 3.507862e-07
7.600000e+00 4.000000e-02 1.085873e-02 -1.110238e+01 5.130806e-01 4.973321e-07
7.650000e+00 4.000000e-02 1.085870e-02 -1.110238e+01 5.130795e-01 5.478510e-07
7.700000e+00 4.000000e-02 1.085868e-02 -1.110238e+01 5.130790e-01 9.098222e-07
7.750000e+00 4.000000e-02 1.085861e-02 -1.110237e+01 5.130763e-01 7.713367e-07
7.800000e+00 4.000000e-02 1.085860e-02 -1.110237e+01 5.130770e-01 1.775462e-06
7.850000e+00 4.000000e-02 1.085843e-02 -1.110236e+01 5.130697e-01 8.752554e-07
7.900000e+00 4.000000e-02 1.085851e-02 -1.110236e+01 5.130757e-01 3.584497e-06
7.950000e+00 4.000000e-02 1.085807e-02 -1.110235e+01 5.130557e-01 6.395469e-07
8.000000e+00 4.000000e-02 1.085845e-02 -1.110232e+01 5.130773e-01 6.911881e-06
8.050000e+00 4.000000e-02 1.085738e-02 -1.110237e+01 5.130280e-01 3.131163e-07
8.100000e+00 4.000000e-02 1.085842e-02 -1.110217e+01 5.130830e-01 1.161189e-05
8.150000e+00 4.000000e-02 1.085622e-02 -1.110251e+01 5.129827e-01 1.815305e-06
8.200000e+00 4.000000e-02 1.085823e-02 -1.110178e+01 5.130845e-01 1.599264e-05
8.250000e+00 4.000000e-02 1.085462e-02 -1.110290e+01 5.129254e-01 8.791591e-06
8.300000e+00 4.000000e-02 1.085735e-02 -1.110105e+01 5.130576e-01 1.899064e-05
8.350000e+00 4.000000e-02 1.085272e-02 -1.110344e+01 5.128667e-01 2.257500e-05
8.400000e+00 4.000000e-02 1.085510e-02 -1.110027e+01 5.129774e-01 2.582350e-05
8.450000e+00 4.000000e-02 1.085014e-02 -1.110349e+01 5.127901e-01 3.914403e-05
8.500000e+00 4.000000e-02 1.085118e-02 -1.110011e+01 5.128461e-01 4.593458e-05
8.550000e+00 4.000000e-02 1.084555e-02 -1.110242e+01 5.126370e-01 6.000987e-05
8.600000e+00 4.000000e-02 1.084518e-02 -1.110057e+01 5.126608e-01 7.945868e-05
8.650000e+00 4.000000e-02 1.083760e-02 -1.110069e+01 5.123648e-01 1.015541e-04
8.700000e+00 4.000000e-02 1.083503e-02 -1.110038e+01 5.123382e-01 1.265205e-04
8.750000e+00 4.000000e-02 1.082495e-02 -1.109920e+01 5.119499e-01 1.722352e-04
8.800000e+00 4.000000e-02 1.081780e-02 -1.109898e+01 5.117717e-01 2.132325e-04
8.850000e+00 4.000000e-02 1.080362e-02 -1.109686e+01 5.112525e-01 2.766007e-04
8.900000e+00 4.000000e-02 1.079014e-02 -1.109711e+01 5.108727e-01 3.601386e-04
8.950000e+00 4.000000e-02 1.076761e-02 -1.109255e+01 5.100592e-01 4.605188e-04
9.000000e+00 4.000000e-02 1.074409e-02 -1.109335e+01 5.093690e-01 5.865553e-04
9.050000e+00 4.000000e-02 1.070895e-02 -1.108649e+01 5.081307e-01 7.651419e-04
9.100000e+00 4.000000e-02 1.066758e-02 -1.108586e+01 5.068443e-01 9.746673e-04
9.150000e+00 4.000000e-02 1.061149e-02 -1.107598e+01 5.049130e-01 1.249812e-03
9.200000e+00 4.000000e-02 1.054260e-02 -1.107350e+01 5.027173e-01 1.600897e-03
9.250000e+00 4.000000e-02 1.045140e-02 -1.105734e+01 4.995922e-01 2.057036e-03
9.300000e+00 4.000000e-02 1.033689e-02 -1.105059e+01 4.958670e-01 2.608880e-03
9.350000e+00 4.000000e-02 1.019051e-02 -1.102481e+01 4.908630e-01 3.330921e-03
9.400000e+00 4.000000e-02 1.000380e-02 -1.100809e+01 4.846565e-01 4.218518e-03
9.450000e+00 4.000000e-02 9.768658e-03 -1.096388e+01 4.765496e-01 5.334788e-03
9.500000e+00 4.000000e-02 9.470321e-03 -1.092638e+01 4.663979e-01 6.669988e-03
9.550000e+00 4.000000e-02 9.101660e-03 -1.084580e+01 4.534349e-01 8.313672e-03
9.600000e+00 4.000000e-02 8.638954e-03 -1.076201e+01 4.371502e-01 1.020464e-02
9.650000e+00 4.000000e-02 8.081196e-03 -1.060569e+01 4.168109e-01 1.236939e-02
9.700000e+00 4.000000e-02 7.402014e-03 -1.042070e+01 3.916566e-01 1.460119e-02
9.750000e+00 4.000000e-02 6.621077e-03 -1.010655e+01 3.613333e-01 1.673693e-02
9.800000e+00 4.000000e-02 5.728322e-03 -9.714806e+00 3.254205e-01 1.809846e-02
9.850000e+00 4.000000e-02 4.811231e-03 -9.118398e+00 2.856395e-01 1.768161e-02
9.900000e+00 4.000000e-02 3.960161e-03 -8.437962e+00 2.451577e-01 1.255407e-02
9.950000e+00 4.000000e-02 3.555824e-03 -7.776032e+00 2.168271e-01 -6.958393e-03
1.000000e+01 4.000000e-02 4.656000e-03 -7.804737e+00 0.000000e+00 0.000000e+00
0.000000e+00 6.000000e-02 1.034400e-02 -5.280000e+00 0.000000e+00 0.000000e+00
5.000000e-02 6.000000e-02 1.034697e-02 -5.278057e+00 3.369729e-01 -3.835041e-05
1.000000e-01 6.000000e-02 1.034784e-02 -5.275467e+00 3.368572e-01 -3.292639e-06
1.500000e-01 6.000000e-02 1.034730e-02 -5.273454e+00 3.368020e-01 2.151569e-05
2.000000e-01 6.000000e-02 1.034568e-02 -5.272433e+00 3.367617e-01 3.494460e-05
2.500000e-01 6.000000e-02 1.034380e-02 -5.272313e+00 3.367297e-01 2.382803e-05
3.000000e-01 6.000000e-02 1.034330e-02 -5.272593e+00 3.367363e-01 -9.332658e-06
3.500000e-01 6.000000e-02 1.034474e-02 -5.272881e+00 3.367942e-01 -3.062314e-05
4.000000e-01 6.000000e-02 1.034636e-02 -5.273625e+00 3.368698e-01 -1.137993e-05
4.500000e-01 6.000000e-02 1.034587e-02 -5.276361e+00 3.369337e-01 4.055143e-05
5.000000e-01 6.000000e-02 1.034231e-02 -5.283139e+00 3.370057e-01 1.064524e-04
5.500000e-01 6.000000e-02 1.033523e-02 -5.295441e+00 3.371108e-01 1.864329e-04
6.000000e-01 6.000000e-02 1.032366e-02 -5.313337e+00 3.372326e-01 2.700090e-04
6.500000e-01 6.000000e-02 1.030823e-02 -5.335384e+00 3.373694e-01 2.957799e-04
7.000000e-01 6.000000e-02 1.029409e-02 -5.359230e+00 3.376256e-01 1.825529e-04
7.500000e-01 6.000000e-02 1.028997e-02 -5.382435e+00 3.381920e-01 -9.873748e-05
8.000000e-01 6.000000e-02 1.030396e-02 -5.403100e+00 3.392358e-01 -5.132644e-04
8.500000e-01 6.000000e-02 1.034130e-02 -5.420133e+00 3.408496e-01 -1.021274e-03
9.000000e-01 6.000000e-02 1.040609e-02 -5.433220e+00 3.431071e-01 -1.615033e-03
9.500000e-01 6.000000e-02 1.050280e-02 -5.442629e+00 3.461073e-01 -2.286645e-03
1.000000e+00 6.000000e-02 1.063475e-02 -5.448946e+00 3.499270e-01 -2.992364e-03
1.050000e+00 6.000000e-02 1.080204e-02 -5.452825e+00 3.545612e-01 -3.677968e-03
1.100000e+00 6.000000e-02 1.100255e-02 -5.454835e+00 3.599513e-01 -4.327158e-03
1.150000e+00 6.000000e-02 1.123475e-02 -5.455432e+00 3.660626e-01 -4.958779e-03
1.200000e+00 6.000000e-02 1.149843e-02 -5.454986e+00 3.728995e-01 -5.581866e-03
1.250000e+00 6.000000e-02 1.179294e-02 -5.453820e+00 3.804546e-01 -6.179485e-03
1.300000e+00 6.000000e-02 1.211638e-02 -5.452247e+00 3.886836e-01 -6.738710e-03
1.350000e+00 6.000000e-02 1.246681e-02 -5.450615e+00 3.975462e-01 -7.271222e-03
1.400000e+00 6.000000e-02 1.284350e-02 -5.449285e+00 4.070380e-01 -7.792431e-03
1.450000e+00 6.000000e-02 1.324606e-02 -5.448491e+00 4.171651e-01 -8.297509e-03
1.500000e+00 6.000000e-02 1.367325e-02 -5.448209e+00 4.279084e-01 -8.772617e-03
1.550000e+00 6.000000e-02 1.412332e-02 -5.448310e+00 4.392380e-01 -9.219469e-03
1.600000e+00 6.000000e-02 1.459520e-02 -5.449046e+00 4.511549e-01 -9.653501e-03
1.650000e+00 6.000000e-02 1.508867e-02 -5.451673e+00 4.636987e-01 -1.008185e-02
1.700000e+00 6.000000e-02 1.560338e-02 -5.458930e+00 4.769203e-01 -1.049628e-02
1.750000e+00 6.000000e-02 1.613829e-02 -5.475218e+00 4.908661e-01 -1.088645e-02
1.800000e+00 6.000000e-02 1.669203e-02 -5.506472e+00 5.055850e-01 -1.124616e-02
1.850000e+00 6.000000e-02 1.726291e-02 -5.559709e+00 5.211233e-01 -1.156042e-02
1.900000e+00 6.000000e-02 1.784807e-02 -5.642264e+00 5.374854e-01 -1.179577e-02
1.950000e+00 6.000000e-02 1.844249e-02 -5.760864e+00 5.545952e-01 -1.191391e-02
2.000000e+00 6.000000e-02 1.903946e-02 -5.920753e+00 5.722940e-01 -1.189370e-02
2.050000e+00 6.000000e-02 1.963186e-02 -6.124825e+00 5.903656e-01 -1.173156e-02
2.100000e+00 6.000000e-02 2.021261e-02 -6.372474e+00 6.085400e-01 -1.141573e-02
2.150000e+00 6.000000e-02 2.077343e-02 -6.658076e+00 6.264549e-01 -1.090429e-02
2.200000e+00 6.000000e-02 2.130304e-02 -6.969822e+00 6.436182e-01 -1.013678e-02
2.250000e+00 6.000000e-02 2.178711e-02 -7.290175e+00 6.594344e-01 -9.077139e-03
2.300000e+00 6.000000e-02 2.221076e-02 -7.598735e+00 6.733181e-01 -7.755116e-03
2.350000e+00 6.000000e-02 2.256262e-02 -7.876763e+00 6.848442e-01 -6.274185e-03
2.400000e+00 6.000000e-02 2.283817e-02 -8.111323e+00 6.938558e-01 -4.780935e-03
2.450000e+00 6.000000e-02 2.304071e-02 -8.297224e+00 7.004786e-01 -3.416943e-03
2.500000e+00 6.000000e-02 2.317987e-02 -8.436329e+00 7.050505e-01 -2.280096e-03
2.550000e+00 6.000000e-02 2.326872e-02 -8.535171e+00 7.080127e-01 -1.409987e-03
2.600000e+00 6.000000e-02 2.332087e-02 -8.602256e+00 7.098087e-01 -7.956728e-04
2.650000e+00 6.000000e-02 2.334829e-02 -8.645986e+00 7.108193e-01 -3.949914e-04
2.700000e+00 6.000000e-02 2.336037e-02 -8.673495e+00 7.113366e-01 -1.544441e-04
2.750000e+00 6.000000e-02 2.336374e-02 -8.690259e+00 7.115648e-01 -2.336543e-05
2.800000e+00 6.000000e-02 2.336270e-02 -8.700179e+00 7.116361e-01 3.896447e-05
2.850000e+00 6.000000e-02 2.335984e-02 -8.705884e+00 7.116303e-01 6.167631e-05
2.900000e+00 6.000000e-02 2.335654e-02 -8.709067e+00 7.115924e-01 6.374185e-05
2.950000e+00 6.000000e-02 2.335346e-02 -8.710780e+00 7.115460e-01 5.651833e-05
3.000000e+00 6.000000e-02 2.335088e-02 -8.711657e+00 7.115018e-01 4.624675e-05
3.050000e+00 6.000000e-02 2.334884e-02 -8.712072e+00 7.114644e-01 3.601898e-05
3.100000e+00 6.000000e-02 2.334728e-02 -8.712241e+00 7.114345e-01 2.713650e-05
3.150000e+00 6.000000e-02 2.334613e-02 -8.712284e+00 7.114115e-01 1.996450e-05
3.200000e+00 6.000000e-02 2.334529e-02 -8.712268e+00 7.113943e-01 1.442859e-05
3.250000e+00 6.000000e-02 2.334468e-02 -8.712229e+00 7.113818e-01 1.028349e-05
3.300000e+00 6.000000e-02 2.334426e-02 -8.712185e+00 7.113727e-01 7.246844e-06
3.350000e+00 6.000000e-02 2.334396e-02 -8.712144e+00 7.113662e-01 5.058680e-06
3.400000e+00 6.000000e-02 2.334375e-02 -8.712109e+00 7.113617e-01 3.502389e-06
3.450000e+00 6.000000e-02 2.334361e-02 -8.712080e+00 7.113585e-01 2.407349e-06
3.500000e+00 6.000000e-02 2.334351e-02 -8.712058e+00 7.113562e-01 1.643898e-06
3.550000e+00 6.000000e-02 2.334344e-02 -8.712041e+00 7.113547e-01 1.115914e-06
3.600000e+00 6.000000e-02 2.334340e-02 -8.712029e+00 7.113537e-01 7.534285e-07
3.650000e+00 6.000000e-02 2.334337e-02 -8.712020e+00 7.113529e-01 5.062319e-07
3.700000e+00 6.000000e-02 2.334335e-02 -8.712013e+00 7.113525e-01 3.387093e-07
3.750000e+00 6.000000e-02 2.334333e-02 -8.712008e+00 7.113521e-01 2.258459e-07
3.800000e+00 6.000000e-02 2.334333e-02 -8.712005e+00 7.113519e-01 1.502241e-07
3.850000e+00 6.000000e-02 2.334332e-02 -8.712003e+00 7.113518e-01 9.981133e-08
3.900000e+00 6.000000e-02 2.334332e-02 -8.712001e+00 7.113517e-01 6.635576e-08
3.950000e+00 6.000000e-02 2.334331e-02 -8.712000e+00 7.113516e-01 4.423765e-08
4.000000e+00 6.000000e-02 2.334331e-02 -8.711999e+00 7.113515e-01 2.965552e-08
4.050000e+00 6.000000e-02 2.334331e-02 -8.711999e+00 7.113515e-01 2.005474e-08
4.100000e+00 6.000000e-02 2.334331e-02 -8.711998e+00 7.113515e-01 1.372982e-08
4.150000e+00 6.000000e-02 2.334331e-02 -8.711998e+00 7.113515e-01 9.549530e-09
4.200000e+00 6.000000e-02 2.334331e-02 -8.711998e+00 7.113515e-01 6.768377e-09
4.250000e+00 6.000000e-02 2.334331e-02 -8.711998e+00 7.113515e-01 4.898222e-09
4.300000e+00 6.000000e-02 2.334331e-02 -8.711998e+00 7.113515e-01 3.621395e-09
4.350000e+00 6.000000e-02 2.334331e-02 -8.711998e+00 7.113515e-01 2.732336e-09
4.400000e+00 6.000000e-02 2.334331e-02 -8.711998e+00 7.113514e-01 2.098666e-09
4.450000e+00 6.000000e-02 2.334331e-02 -8.711998e+00 7.113514e-01 1.635412e-09
4.500000e+00 6.000000e-02 2.334331e-02 -8.711998e+00 7.113514e-01 1.288070e-09
4.550000e+00 6.000000e-02 2.334331e-02 -8.711998e+00 7.113514e-01 1.021568e-09
4.600000e+00 6.000000e-02 2.334331e-02 -8.711998e+00 7.113514e-01 8.131405e-10
4.650000e+00 6.000000e-02 2.334331e-02 -8.711998e+00 7.113514e-01 6.477711e-10
4.700000e+00 6.000000e-02 2.334331e-02 -8.711998e+00 7.113514e-01 5.153075e-10
4.750000e+00 6.000000e-02 2.334331e-02 -8.711998e+00 7.113514e-01 4.086538e-10
4.800000e+00 6.000000e-02 2.334331e-02 -8.711998e+00 7.113514e-01 3.226548e-10
4.850000e+00 6.000000e-02 2.334331e-02 -8.711998e+00 7.113514e-01 2.534101e-10
4.900000e+00 6.000000e-02 2.334331e-02 -8.711998e+00 7.113514e-01 1.978599e-10
4.950000e+00 6.000000e-02 2.334331e-02 -8.711998e+00 7.113514e-01 1.535338e-10
5.000000e+00 6.000000e-02 2.334331e-02 -8.711998e+00 7.113514e-01 1.183980e-10
5.050000e+00 6.000000e-02 2.334331e-02 -8.711998e+00 7.113514e-01 9.076198e-11
5.100000e+00 6.000000e-02 2.334331e-02 -8.711998e+00 7.113514e-01 6.921713e-11
5.150000e+00 6.000000e-02 2.334331e-02 -8.711998e+00 7.113514e-01 5.259397e-11
5.200000e+00 6.000000e-02 2.334331e-02 -8.711998e+00 7.113514e-01 3.993150e-11
5.250000e+00 6.000000e-02 2.334331e-02 -8.711998e+00 7.113514e-01 3.045123e-11
5.300000e+00 6.000000e-02 2.334331e-02 -8.711998e+00 7.113514e-01 2.353666e-11
5.350000e+00 6.000000e-02 2.334331e-02 -8.711998e+00 7.113514e-01 1.871611e-11
5.400000e+00 6.000000e-02 2.334331e-02 -8.711998e+00 7.113514e-01 1.564724e-11
5.450000e+00 6.000000e-02 2.334331e-02 -8.711998e+00 7.113514e-01 1.410747e-11
5.500000e+00 6.000000e-02 2.334331e-02 -8.711998e+00 7.113514e-01 1.398614e-11
5.550000e+00 6.000000e-02 2.334331e-02 -8.711998e+00 7.113514e-01 1.528253e-11
5.600000e+00 6.000000e-02 2.334331e-02 -8.711998e+00 7.113514e-01 1.810940e-11
5.650000e+00 6.000000e-02 2.334331e-02 -8.711998e+00 7.113514e-01 2.270129e-11
5.700000e+00 6.000000e-02 2.334331e-02 -8.711998e+00 7.113514e-01 2.943219e-11
5.750000e+00 6.000000e-02 2.334331e-02 -8.711998e+00 7.113514e-01 3.884112e-11
5.800000e+00 6.000000e-02 2.334331e-02 -8.711998e+00 7.113514e-01 5.166943e-11
5.850000e+00 6.000000e-02 2.334331e-02 -8.711998e+00 7.113514e-01 6.891220e-11
5.900000e+00 6.000000e-02 2.334331e-02 -8.711998e+00 7.113514e-01 9.188667e-11
5.950000e+00 6.000000e-02 2.334331e-02 -8.711998e+00 7.113514e-01 1.223239e-10
6.000000e+00 6.000000e-02 2.334331e-02 -8.711998e+00 7.113514e-01 1.624874e-10
6.050000e+00 6.000000e-02 2.334331e-02 -8.711998e+00 7.113514e-01 2.153306e-10
6.100000e+00 6.000000e-02 2.334331e-02 -8.711998e+00 7.113514e-01 2.847006e-10
6.150000e+00 6.000000e-02 2.334331e-02 -8.711998e+00 7.113514e-01 3.756034e-10
6.200000e+00 6.000000e-02 2.334331e-02 -8.711998e+00 7.113514e-01 4.945483e-10
6.250000e+00 6.000000e-02 2.334331e-02 -8.711998e+00 7.113514e-01 6.499943e-10
6.300000e+00 6.000000e-02 2.334331e-02 -8.711998e+00 7.113514e-01 8.529292e-10
6.350000e+00 6.000000e-02 2.334331e-02 -8.711998e+00 7.113514e-01 1.117620e-09
6.400000e+00 6.000000e-02 2.334331e-02 -8.711998e+00 7.113514e-01 1.462587e-09
6.450000e+00 6.000000e-02 2.334331e-02 -8.711998e+00 7.113514e-01 1.911862e-09
6.500000e+00 6.000000e-02 2.334331e-02 -8.711998e+00 7.113514e-01 2.496621e-09
6.550000e+00 6.000000e-02 2.334331e-02 -8.711998e+00 7.113514e-01 3.257295e-09
6.600000e+00 6.000000e-02 2.334331e-02 -8.711998e+00 7.113514e-01 4.246311e-09
6.650000e+00 6.000000e-02 2.334331e-02 -8.711998e+00 7.113514e-01 5.531626e-09
6.700000e+00 6.000000e-02 2.334331e-02 -8.711998e+00 7.113514e-01 7.201314e-09
6.750000e+00 6.000000e-02 2.334331e-02 -8.711998e+00 7.113514e-01 9.369492e-09
6.800000e+00 6.000000e-02 2.334331e-02 -8.711998e+00 7.113514e-01 1.218400e-08
6.850000e+00 6.000000e-02 2.334330e-02 -8.711998e+00 7.113514e-01 1.583630e-08
6.900000e+00 6.000000e-02 2.334330e-02 -8.711998e+00 7.113514e-01 2.057440e-08
6.950000e+00 6.000000e-02 2.334330e-02 -8.711998e+00 7.113513e-01 2.671907e-08
7.000000e+00 6.000000e-02 2.334330e-02 -8.711998e+00 7.113513e-01 3.468674e-08
7.050000e+00 6.000000e-02 2.334330e-02 -8.711998e+00 7.113513e-01 4.501229e-08
7.100000e+00 6.000000e-02 2.334330e-02 -8.711999e+00 7.113512e-01 5.840110e-08
7.150000e+00 6.000000e-02 2.334329e-02 -8.711999e+00 7.113512e-01 7.572403e-08
7.200000e+00 6.000000e-02 2.334329e-02 -8.711999e+00 7.113511e-01 9.823550e-08
7.250000e+00 6.000000e-02 2.334328e-02 -8.712000e+00 7.113510e-01 1.271776e-07
7.300000e+00 6.000000e-02 2.334328e-02 -8.712001e+00 7.113509e-01 1.652534e-07
7.350000e+00 6.000000e-02 2.334327e-02 -8.712002e+00 7.113507e-01 2.128923e-07
7.400000e+00 6.000000e-02 2.334325e-02 -8.712003e+00 7.113505e-01 2.789455e-07
7.450000e+00 6.000000e-02 2.334324e-02 -8.712005e+00 7.113502e-01 3.531344e-07
7.500000e+00 6.000000e-02 2.334322e-02 -8.712007e+00 7.113498e-01 4.771200e-07
7.550000e+00 6.000000e-02 2.334319e-02 -8.712009e+00 7.113492e-01 5.705844e-07
7.600000e+00 6.000000e-02 2.334316e-02 -8.712012e+00 7.113489e-01 8.454515e-07
7.650000e+00 6.000000e-02 2.334311e-02 -8.712019e+00 7.113475e-01 8.605189e-07
7.700000e+00 6.000000e-02 2.334308e-02 -8.712019e+00 7.113477e-01 1.601575e-06
7.750000e+00 6.000000e-02 2.334295e-02 -8.712040e+00 7.113437e-01 1.096050e-06
7.800000e+00 6.000000e-02 2.334297e-02 -8.712019e+00 7.113471e-01 3.275435e-06
7.850000e+00 6.000000e-02 2.334262e-02 -8.712101e+00 7.113350e-01 8.757365e-07
7.900000e+00 6.000000e-02 2.334288e-02 -8.711969e+00 7.113501e-01 6.878596e-06
7.950000e+00 6.000000e-02 2.334193e-02 -8.712291e+00 7.113149e-01 -3.551355e-07
8.000000e+00 6.000000e-02 2.334291e-02 -8.711741e+00 7.113614e-01 1.344847e-05
8.050000e+00 6.000000e-02 2.334059e-02 -8.712826e+00 7.112756e-01 -1.996927e-06
8.100000e+00 6.000000e-02 2.334311e-02 -8.711074e+00 7.113826e-01 2.210844e-05
8.150000e+00 6.000000e-02 2.333838e-02 -8.714023e+00 7.112162e-01 3.349897e-07
8.200000e+00 6.000000e-02 2.334308e-02 -8.709761e+00 7.113973e-01 2.842900e-05
8.250000e+00 6.000000e-02 2.333553e-02 -8.715911e+00 7.111558e-01 1.421900e-05
8.300000e+00 6.000000e-02 2.334166e-02 -8.708266e+00 7.113668e-01 3.017377e-05
8.350000e+00 6.000000e-02 2.333251e-02 -8.717541e+00 7.111151e-01 4.028253e-05
8.400000e+00 6.000000e-02 2.333763e-02 -8.708147e+00 7.112712e-01 4.008634e-05
8.450000e+00 6.000000e-02 2.332851e-02 -8.717399e+00 7.110548e-01 6.638512e-05
8.500000e+00 6.000000e-02 2.333099e-02 -8.710470e+00 7.111512e-01 7.799250e-05
8.550000e+00 6.000000e-02 2.332071e-02 -8.716054e+00 7.108833e-01 9.571702e-05
8.600000e+00 6.000000e-02 2.332142e-02 -8.713296e+00 7.110124e-01 1.372193e-04
8.650000e+00 6.000000e-02 2.330699e-02 -8.716777e+00 7.105941e-01 1.660336e-04
8.700000e+00 6.000000e-02 2.330482e-02 -8.714594e+00 7.107112e-01 2.109648e-04
8.750000e+00 6.000000e-02 2.328589e-02 -8.719784e+00 7.102156e-01 2.886551e-04
8.800000e+00 6.000000e-02 2.327595e-02 -8.717730e+00 7.101541e-01 3.554454e-04
8.850000e+00 6.000000e-02 2.325034e-02 -8.721983e+00 7.095431e-01 4.585776e-04
8.900000e+00 6.000000e-02 2.323009e-02 -8.724833e+00 7.093335e-01 6.060388e-04
8.950000e+00 6.000000e-02 2.318974e-02 -8.726904e+00 7.083658e-01 7.664698e-04
9.000000e+00 6.000000e-02 2.315345e-02 -8.732796e+00 7.079076e-01 9.802074e-04
9.050000e+00 6.000000e-02 2.309172e-02 -8.737973e+00 7.065444e-01 1.282446e-03
9.100000e+00 6.000000e-02 2.302520e-02 -8.746689e+00 7.054778e-01 1.633651e-03
9.150000e+00 6.000000e-02 2.292835e-02 -8.752868e+00 7.034449e-01 2.093711e-03
9.200000e+00 6.000000e-02 2.281583e-02 -8.771160e+00 7.015614e-01 2.693709e-03
9.250000e+00 6.000000e-02 2.265898e-02 -8.779372e+00 6.983135e-01 3.464774e-03
9.300000e+00 6.000000e-02 2.246935e-02 -8.807230e+00 6.949545e-01 4.405721e-03
9.350000e+00 6.000000e-02 2.221841e-02 -8.822814e+00 6.898874e-01 5.644277e-03
9.400000e+00 6.000000e-02 2.190493e-02 -8.866414e+00 6.841027e-01 7.184056e-03
9.450000e+00 6.000000e-02 2.150001e-02 -8.889735e+00 6.758964e-01 9.131527e-03
9.500000e+00 6.000000e-02 2.099177e-02 -8.955225e+00 6.661851e-01 1.150348e-02
9.550000e+00 6.000000e-02 2.034966e-02 -8.990622e+00 6.529849e-01 1.447109e-02
9.600000e+00 6.000000e-02 1.954466e-02 -9.081011e+00 6.368857e-01 1.798660e-02
9.650000e+00 6.000000e-02 1.855100e-02 -9.121581e+00 6.156556e-01 2.214432e-02
9.700000e+00 6.000000e-02 1.733023e-02 -9.228399e+00 5.896634e-01 2.670221e-02
9.750000e+00 6.000000e-02 1.588078e-02 -9.237241e+00 5.564074e-01 3.145842e-02
9.800000e+00 6.000000e-02 1.418439e-02 -9.306206e+00 5.165156e-01 3.535834e-02
9.850000e+00 6.000000e-02 1.234494e-02 -9.156709e+00 4.682905e-01 3.667023e-02
9.900000e+00 6.000000e-02 1.051737e-02 -9.052409e+00 4.159243e-01 3.016036e-02
9.950000e+00 6.000000e-02 9.328907e-03 -8.530952e+00 3.652335e-01 1.733672e-03
1.000000e+01 6.000000e-02 1.034400e-02 -8.569043e+00 0.000000e+00 0.000000e+00
0.000000e+00 8.000000e-02 1.814400e-02 -5.040000e+00 0.000000e+00 0.000000e+00
5.000000e-02 8.000000e-02 1.814220e-02 -5.039691e+00 4.401593e-01 3.816909e-05
1.000000e-01 8.000000e-02 1.814018e-02 -5.038924e+00 4.400067e-01 4.087153e-05
1.500000e-01 8.000000e-02 1.813811e-02 -5.037899e+00 4.399221e-01 4.749870e-05
2.000000e-01 8.000000e-02 1.813543e-02 -5.036937e+00 4.398567e-01 5.349246e-05
2.500000e-01 8.000000e-02 1.813277e-02 -5.036349e+00 4.398025e-01 3.024917e-05
3.000000e-01 8.000000e-02 1.813241e-02 -5.036114e+00 4.398041e-01 -2.436249e-05
3.500000e-01 8.000000e-02 1.813520e-02 -5.035860e+00 4.398791e-01 -6.282769e-05
4.000000e-01 8.000000e-02 1.813869e-02 -5.035430e+00 4.399788e-01 -4.955621e-05
4.500000e-01 8.000000e-02 1.814016e-02 -5.035635e+00 4.400799e-01 -8.223753e-06
5.000000e-01 8.000000e-02 1.813951e-02 -5.038376e+00 4.402547e-01 2.962700e-05
5.500000e-01 8.000000e-02 1.813719e-02 -5.045763e+00 4.405773e-01 7.800231e-05
6.000000e-01 8.000000e-02 1.813171e-02 -5.058737e+00 4.410162e-01 1.409696e-04
6.500000e-01 8.000000e-02 1.812310e-02 -5.076170e+00 4.415077e-01 1.351791e-04
7.000000e-01 8.000000e-02 1.811820e-02 -5.094989e+00 4.421086e-01 -6.303251e-05
7.500000e-01 8.000000e-02 1.812940e-02 -5.111130e+00 4.429872e-01 -4.973514e-04
8.000000e-01 8.000000e-02 1.816793e-02 -5.120698e+00 4.442749e-01 -1.111455e-03
8.500000e-01 8.000000e-02 1.824055e-02 -5.120866e+00 4.460077e-01 -1.847191e-03
9.000000e-01 8.000000e-02 1.835265e-02 -5.110249e+00 4.482277e-01 -2.703340e-03
9.500000e-01 8.000000e-02 1.851088e-02 -5.088773e+00 4.510544e-01 -3.677230e-03
1.000000e+00 8.000000e-02 1.872037e-02 -5.057224e+00 4.546019e-01 -4.702997e-03
1.050000e+00 8.000000e-02 1.898118e-02 -5.016772e+00 4.588734e-01 -5.695328e-03
1.100000e+00 8.000000e-02 1.928991e-02 -4.968690e+00 4.637990e-01 -6.631777e-03
1.150000e+00 8.000000e-02 1.964436e-02 -4.914197e+00 4.693535e-01 -7.547083e-03
1.200000e+00 8.000000e-02 2.004461e-02 -4.854279e+00 4.755737e-01 -8.456733e-03
1.250000e+00 8.000000e-02 2.049003e-02 -4.789522e+00 4.824699e-01 -9.331529e-03
1.300000e+00 8.000000e-02 2.097777e-02 -4.720215e+00 4.899896e-01 -1.015040e-02
1.350000e+00 8.000000e-02 2.150507e-02 -4.646790e+00 4.980891e-01 -1.093474e-02
1.400000e+00 8.000000e-02 2.207124e-02 -4.570226e+00 5.067874e-01 -1.171082e-02
1.450000e+00 8.000000e-02 2.267615e-02 -4.491857e+00 5.161193e-01 -1.246907e-02
1.500000e+00 8.000000e-02 2.331815e-02 -4.412506e+00 5.260665e-01 -1.318595e-02
1.550000e+00 8.000000e-02 2.399475e-02 -4.331509e+00 5.365734e-01 -1.386828e-02
1.600000e+00 8.000000e-02 2.470497e-02 -4.246393e+00 5.476145e-01 -1.455041e-02
1.650000e+00 8.000000e-02 2.544979e-02 -4.153611e+00 5.592184e-01 -1.525546e-02
1.700000e+00 8.000000e-02 2.623052e-02 -4.050187e+00 5.714461e-01 -1.598196e-02
1.750000e+00 8.000000e-02 2.704798e-02 -3.935650e+00 5.843903e-01 -1.672500e-02
1.800000e+00 8.000000e-02 2.790302e-02 -3.813481e+00 5.982065e-01 -1.748428e-02
1.850000e+00 8.000000e-02 2.879641e-02 -3.691485e+00 6.131116e-01 -1.823894e-02
1.900000e+00 8.000000e-02 2.972692e-02 -3.581038e+00 6.293157e-01 -1.892869e-02
1.950000e+00 8.000000e-02 3.068928e-02 -3.495716e+00 6.469455e-01 -1.947591e-02
2.000000e+00 8.000000e-02 3.167451e-02 -3.449986e+00 6.660258e-01 -1.982306e-02
2.050000e+00 8.000000e-02 3.267159e-02 -3.458188e+00 6.865046e-01 -1.993355e-02
2.100000e+00 8.000000e-02 3.366786e-02 -3.533195e+00 7.082366e-01 -1.974978e-02
2.150000e+00 8.000000e-02 3.464656e-02 -3.683828e+00 7.308865e-01 -1.916092e-02
2.200000e+00 8.000000e-02 3.558395e-02 -3.910921e+00 7.538159e-01 -1.803290e-02
2.250000e+00 8.000000e-02 3.644985e-02 -4.203717e+00 7.760770e-01 -1.629275e-02
2.300000e+00 8.000000e-02 3.721323e-02 -4.539376e+00 7.965779e-01 -1.400484e-02
2.350000e+00 8.000000e-02 3.785034e-02 -4.887263e+00 8.143589e-01 -1.137898e-02
2.400000e+00 8.000000e-02 3.835113e-02 -5.216654e+00 8.288376e-01 -8.704530e-03
2.450000e+00 8.000000e-02 3.872079e-02 -5.504187e+00 8.399082e-01 -6.254382e-03
2.500000e+00 8.000000e-02 3.897657e-02 -5.737718e+00 8.478749e-01 -4.212384e-03
2.550000e+00 8.000000e-02 3.914203e-02 -5.915834e+00 8.532892e-01 -2.649855e-03
2.600000e+00 8.000000e-02 3.924155e-02 -6.044573e+00 8.567759e-01 -1.544428e-03
2.650000e+00 8.000000e-02 3.929647e-02 -6.133502e+00 8.589090e-01 -8.183570e-04
2.700000e+00 8.000000e-02 3.932339e-02 -6.192670e+00 8.601491e-01 -3.754604e-04
2.750000e+00 8.000000e-02 3.933402e-02 -6.230844e+00 8.608317e-01 -1.261378e-04
2.800000e+00 8.000000e-02 3.933600e-02 -6.254869e+00 8.611833e-01 8.270629e-07
2.850000e+00 8.000000e-02 3.933394e-02 -6.269687e+00 8.613480e-01 5.607639e-05
2.900000e+00 8.000000e-02 3.933039e-02 -6.278677e+00 8.614125e-01 7.259090e-05
2.950000e+00 8.000000e-02 3.932668e-02 -6.284053e+00 8.614268e-01 7.027158e-05
3.000000e+00 8.000000e-02 3.932337e-02 -6.287225e+00 8.614183e-01 6.027648e-05
3.050000e+00 8.000000e-02 3.932065e-02 -6.289070e+00 8.614014e-01 4.837151e-05
3.100000e+00 8.000000e-02 3.931853e-02 -6.290126e+00 8.613832e-01 3.722243e-05
3.150000e+00 8.000000e-02 3.931693e-02 -6.290717e+00 8.613666e-01 2.783208e-05
3.200000e+00 8.000000e-02 3.931575e-02 -6.291038e+00 8.613528e-01 2.038095e-05
3.250000e+00 8.000000e-02 3.931489e-02 -6.291205e+00 8.613419e-01 1.468901e-05
3.300000e+00 8.000000e-02 3.931428e-02 -6.291285e+00 8.613336e-01 1.045359e-05
3.350000e+00 8.000000e-02 3.931384e-02 -6.291318e+00 8.613274e-01 7.362159e-06
3.400000e+00 8.000000e-02 3.931354e-02 -6.291328e+00 8.613228e-01 5.139086e-06
3.450000e+00 8.000000e-02 3.931333e-02 -6.291325e+00 8.613195e-01 3.559559e-06
3.500000e+00 8.000000e-02 3.931318e-02 -6.291318e+00 8.613171e-01 2.448540e-06
3.550000e+00 8.000000e-02 3.931308e-02 -6.291309e+00 8.613155e-01 1.673858e-06
3.600000e+00 8.000000e-02 3.931302e-02 -6.291301e+00 8.613143e-01 1.137876e-06
3.650000e+00 8.000000e-02 3.931297e-02 -6.291295e+00 8.613135e-01 7.696541e-07
3.700000e+00 8.000000e-02 3.931294e-02 -6.291289e+00 8.613129e-01 5.183241e-07
3.750000e+00 8.000000e-02 3.931292e-02 -6.291285e+00 8.613125e-01 3.478128e-07
3.800000e+00 8.000000e-02 3.931290e-02 -6.291282e+00 8.613122e-01 2.327795e-07
3.850000e+00 8.000000e-02 3.931290e-02 -6.291279e+00 8.613121e-01 1.555731e-07
3.900000e+00 8.000000e-02 3.931289e-02 -6.291278e+00 8.613119e-01 1.039935e-07
3.950000e+00 8.000000e-02 3.931289e-02 -6.291276e+00 8.613118e-01 6.966930e-08
4.000000e+00 8.000000e-02 3.931288e-02 -6.291276e+00 8.613118e-01 4.689566e-08
4.050000e+00 8.000000e-02 3.931288e-02 -6.291275e+00 8.613117e-01 3.181091e-08
4.100000e+00 8.000000e-02 3.931288e-02 -6.291275e+00 8.613117e-01 2.181813e-08
4.150000e+00 8.000000e-02 3.931288e-02 -6.291274e+00 8.613117e-01 1.518215e-08
4.200000e+00 8.000000e-02 3.931288e-02 -6.291274e+00 8.613117e-01 1.075102e-08
4.250000e+00 8.000000e-02 3.931288e-02 -6.291274e+00 8.613117e-01 7.764746e-09
4.300000e+00 8.000000e-02 3.931288e-02 -6.291274e+00 8.613117e-01 5.724970e-09
4.350000e+00 8.000000e-02 3.931288e-02 -6.291274e+00 8.613117e-01 4.306737e-09
4.400000e+00 8.000000e-02 3.931288e-02 -6.291274e+00 8.613117e-01 3.299199e-09
4.450000e+00 8.000000e-02 3.931288e-02 -6.291274e+00 8.613117e-01 2.566030e-09
4.500000e+00 8.000000e-02 3.931288e-02 -6.291274e+00 8.613117e-01 2.019222e-09
4.550000e+00 8.000000e-02 3.931288e-02 -6.291274e+00 8.613117e-01 1.601851e-09
4.600000e+00 8.000000e-02 3.931288e-02 -6.291274e+00 8.613117e-01 1.276857e-09
4.650000e+00 8.000000e-02 3.931288e-02 -6.291274e+00 8.613117e-01 1.019796e-09
4.700000e+00 8.000000e-02 3.931288e-02 -6.291274e+00 8.613117e-01 8.142082e-10
4.750000e+00 8.000000e-02 3.931288e-02 -6.291274e+00 8.613117e-01 6.486809e-10
4.800000e+00 8.000000e-02 3.931288e-02 -6.291274e+00 8.613117e-01 5.150175e-10
4.850000e+00 8.000000e-02 3.931288e-02 -6.291274e+00 8.613117e-01 4.070981e-10
4.900000e+00 8.000000e-02 3.931288e-02 -6.291274e+00 8.613117e-01 3.201819e-10
4.950000e+00 8.000000e-02 3.931288e-02 -6.291274e+00 8.613117e-01 2.504810e-10
5.000000e+00 8.000000e-02 3.931288e-02 -6.291274e+00 8.613117e-01 1.949008e-10
5.050000e+00 8.000000e-02 3.931288e-02 -6.291274e+00 8.613117e-01 1.508783e-10
5.100000e+00 8.000000e-02 3.931288e-02 -6.291274e+00 8.613117e-01 1.162798e-10
5.150000e+00 8.000000e-02 3.931288e-02 -6.291274e+00 8.613117e-01 8.933104e-11
5.200000e+00 8.000000e-02 3.931288e-02 -6.291274e+00 8.613117e-01 6.856710e-11
5.250000e+00 8.000000e-02 3.931288e-02 -6.291274e+00 8.613117e-01 5.279346e-11
5.300000e+00 8.000000e-02 3.931288e-02 -6.291274e+00 8.613117e-01 4.105452e-11
5.350000e+00 8.000000e-02 3.931288e-02 -6.291274e+00 8.613117e-01 3.260787e-11
5.400000e+00 8.000000e-02 3.931288e-02 -6.291274e+00 8.613117e-01 2.690223e-11
5.450000e+00 8.000000e-02 3.931288e-02 -6.291274e+00 8.613117e-01 2.356060e-11
5.500000e+00 8.000000e-02 3.931288e-02 -6.291274e+00 8.613117e-01 2.236974e-11
5.550000e+00 8.000000e-02 3.931288e-02 -6.291274e+00 8.613117e-01 2.327569e-11
5.600000e+00 8.000000e-02 3.931288e-02 -6.291274e+00 8.613117e-01 2.638563e-11
5.650000e+00 8.000000e-02 3.931288e-02 -6.291274e+00 8.613117e-01 3.197845e-11
5.700000e+00 8.000000e-02 3.931288e-02 -6.291274e+00 8.613117e-01 4.052696e-11
5.750000e+00 8.000000e-02 3.931288e-02 -6.291274e+00 8.613117e-01 5.273115e-11
5.800000e+00 8.000000e-02 3.931288e-02 -6.291274e+00 8.613117e-01 6.956685e-11
5.850000e+00 8.000000e-02 3.931288e-02 -6.291274e+00 8.613117e-01 9.235376e-11
5.900000e+00 8.000000e-02 3.931288e-02 -6.291274e+00 8.613117e-01 1.228469e-10
5.950000e+00 8.000000e-02 3.931288e-02 -6.291274e+00 8.613117e-01 1.633584e-10
6.000000e+00 8.000000e-02 3.931288e-02 -6.291274e+00 8.613117e-01 2.169174e-10
6.050000e+00 8.000000e-02 3.931288e-02 -6.291274e+00 8.613117e-01 2.874793e-10
6.100000e+00 8.000000e-02 3.931288e-02 -6.291274e+00 8.613117e-01 3.802008e-10
6.150000e+00 8.000000e-02 3.931288e-02 -6.291274e+00 8.613117e-01 5.017944e-10
6.200000e+00 8.000000e-02 3.931288e-02 -6.291274e+00 8.613117e-01 6.609913e-10
6.250000e+00 8.000000e-02 3.931288e-02 -6.291274e+00 8.613117e-01 8.691405e-10
6.300000e+00 8.000000e-02 3.931288e-02 -6.291274e+00 8.613116e-01 1.140987e-09
6.350000e+00 8.000000e-02 3.931288e-02 -6.291274e+00 8.613116e-01 1.495681e-09
6.400000e+00 8.000000e-02 3.931288e-02 -6.291274e+00 8.613116e-01 1.958082e-09
6.450000e+00 8.000000e-02 3.931288e-02 -6.291274e+00 8.613116e-01 2.560454e-09
6.500000e+00 8.000000e-02 3.931288e-02 -6.291274e+00 8.613116e-01 3.344658e-09
6.550000e+00 8.000000e-02 3.931287e-02 -6.291274e+00 8.613116e-01 4.364990e-09
6.600000e+00 8.000000e-02 3.931287e-02 -6.291274e+00 8.613116e-01 5.691858e-09
6.650000e+00 8.000000e-02 3.931287e-02 -6.291274e+00 8.613116e-01 7.416543e-09
6.700000e+00 8.000000e-02 3.931287e-02 -6.291274e+00 8.613116e-01 9.657356e-09
6.750000e+00 8.000000e-02 3.931287e-02 -6.291274e+00 8.613116e-01 1.256761e-08
6.800000e+00 8.000000e-02 3.931287e-02 -6.291274e+00 8.613116e-01 1.634594e-08
6.850000e+00 8.000000e-02 3.931287e-02 -6.291274e+00 8.613116e-01 2.124959e-08
6.900000e+00 8.000000e-02 3.931287e-02 -6.291274e+00 8.613116e-01 2.761194e-08
6.950000e+00 8.000000e-02 3.931287e-02 -6.291274e+00 8.613116e-01 3.586379e-08
7.000000e+00 8.000000e-02 3.931287e-02 -6.291275e+00 8.613116e-01 4.656590e-08
7.050000e+00 8.000000e-02 3.931286e-02 -6.291275e+00 8.613115e-01 6.043380e-08
7.100000e+00 8.000000e-02 3.931286e-02 -6.291275e+00 8.613115e-01 7.842674e-08
7.150000e+00 8.000000e-02 3.931286e-02 -6.291276e+00 8.613114e-01 1.016818e-07
7.200000e+00 8.000000e-02 3.931285e-02 -6.291276e+00 8.613114e-01 1.319862e-07
7.250000e+00 8.000000e-02 3.931284e-02 -6.291277e+00 8.613113e-01 1.707194e-07
7.300000e+00 8.000000e-02 3.931283e-02 -6.291278e+00 8.613112e-01 2.223312e-07
7.350000e+00 8.000000e-02 3.931282e-02 -6.291280e+00 8.613110e-01 2.851889e-07
7.400000e+00 8.000000e-02 3.931281e-02 -6.291281e+00 8.613109e-01 3.769953e-07
7.450000e+00 8.000000e-02 3.931278e-02 -6.291284e+00 8.613106e-01 4.692354e-07
7.500000e+00 8.000000e-02 3.931276e-02 -6.291285e+00 8.613104e-01 6.538516e-07
7.550000e+00 8.000000e-02 3.931272e-02 -6.291293e+00 8.613097e-01 7.382849e-07
7.600000e+00 8.000000e-02 3.931268e-02 -6.291289e+00 8.613097e-01 1.198951e-06
7.650000e+00 8.000000e-02 3.931260e-02 -6.291316e+00 8.613079e-01 1.026616e-06
7.700000e+00 8.000000e-02 3.931258e-02 -6.291278e+00 8.613094e-01 2.412446e-06
7.750000e+00 8.000000e-02 3.931236e-02 -6.291390e+00 8.613034e-01 9.835220e-07
7.800000e+00 8.000000e-02 3.931248e-02 -6.291192e+00 8.613115e-01 5.282819e-06
7.850000e+00 8.000000e-02 3.931183e-02 -6.291632e+00 8.612916e-01 -3.042586e-07
7.900000e+00 8.000000e-02 3.931251e-02 -6.290850e+00 8.613214e-01 1.159108e-05
7.950000e+00 8.000000e-02 3.931067e-02 -6.292345e+00 8.612637e-01 -3.900599e-06
8.000000e+00 8.000000e-02 3.931290e-02 -6.289852e+00 8.613467e-01 2.266852e-05
8.050000e+00 8.000000e-02 3.930840e-02 -6.294046e+00 8.612108e-01 -8.159770e-06
8.100000e+00 8.000000e-02 3.931372e-02 -6.287721e+00 8.613868e-01 3.536360e-05
8.150000e+00 8.000000e-02 3.930487e-02 -6.297049e+00 8.611408e-01 -4.044946e-06
8.200000e+00 8.000000e-02 3.931412e-02 -6.284703e+00 8.614118e-01 4.012622e-05
8.250000e+00 8.000000e-02 3.930085e-02 -6.300365e+00 8.610913e-01 2.097669e-05
8.300000e+00 8.000000e-02 3.931203e-02 -6.282835e+00 8.613703e-01 3.529913e-05
8.350000e+00 8.000000e-02 3.929732e-02 -6.301396e+00 8.610838e-01 6.081721e-05
8.400000e+00 8.000000e-02 3.930594e-02 -6.284702e+00 8.612687e-01 4.992207e-05
8.450000e+00 8.000000e-02 3.929233e-02 -6.299243e+00 8.610338e-01 8.713777e-05
8.500000e+00 8.000000e-02 3.929723e-02 -6.288783e+00 8.612031e-01 1.145591e-04
8.550000e+00 8.000000e-02 3.928088e-02 -6.298572e+00 8.608297e-01 1.155527e-04
8.600000e+00 8.000000e-02 3.928568e-02 -6.289746e+00 8.611498e-01 1.951132e-04
8.650000e+00 8.000000e-02 3.926136e-02 -6.303152e+00 8.605625e-01 2.220352e-04
8.700000e+00 8.000000e-02 3.926347e-02 -6.289583e+00 8.608780e-01 2.779476e-04
8.750000e+00 8.000000e-02 3.923357e-02 -6.306908e+00 8.602948e-01 3.950639e-04
8.800000e+00 8.000000e-02 3.922397e-02 -6.296429e+00 8.603980e-01 4.821992e-04
8.850000e+00 8.000000e-02 3.918535e-02 -6.308508e+00 8.596909e-01 6.048364e-04
8.900000e+00 8.000000e-02 3.916348e-02 -6.305546e+00 8.598050e-01 8.310672e-04
8.950000e+00 8.000000e-02 3.910224e-02 -6.319055e+00 8.586552e-01 1.030874e-03
9.000000e+00 8.000000e-02 3.906039e-02 -6.314441e+00 8.586061e-01 1.315128e-03
9.050000e+00 8.000000e-02 3.897073e-02 -6.334840e+00 8.571996e-01 1.737052e-03
9.100000e+00 8.000000e-02 3.888669e-02 -6.337492e+00 8.565808e-01 2.214474e-03
9.150000e+00 8.000000e-02 3.874928e-02 -6.355340e+00 8.545499e-01 2.816387e-03
9.200000e+00 8.000000e-02 3.860505e-02 -6.372283e+00 8.534165e-01 3.653445e-03
9.250000e+00 8.000000e-02 3.838394e-02 -6.397994e+00 8.502590e-01 4.699808e-03
9.300000e+00 8.000000e-02 3.813507e-02 -6.426271e+00 8.478730e-01 5.979315e-03
9.350000e+00 8.000000e-02 3.778601e-02 -6.463513e+00 8.432186e-01 7.671621e-03
9.400000e+00 8.000000e-02 3.736791e-02 -6.520582e+00 8.388630e-01 9.814930e-03
9.450000e+00 8.000000e-02 3.680451e-02 -6.573053e+00 8.313768e-01 1.250184e-02
9.500000e+00 8.000000e-02 3.611772e-02 -6.667868e+00 8.237499e-01 1.583458e-02
9.550000e+00 8.000000e-02 3.522106e-02 -6.752486e+00 8.118718e-01 2.003343e-02
9.600000e+00 8.000000e-02 3.411438e-02 -6.906149e+00 7.986909e-01 2.513634e-02
9.650000e+00 8.000000e-02 3.270742e-02 -7.033393e+00 7.793516e-01 3.125831e-02
9.700000e+00 8.000000e-02 3.098855e-02 -7.268856e+00 7.571352e-01 3.830048e-02
9.750000e+00 8.000000e-02 2.887737e-02 -7.446947e+00 7.257810e-01 4.599605e-02
9.800000e+00 8.000000e-02 2.638895e-02 -7.769250e+00 6.893421e-01 5.334525e-02
9.850000e+00 8.000000e-02 2.354285e-02 -7.943143e+00 6.397346e-01 5.791813e-02
9.900000e+00 8.000000e-02 2.059713e-02 -8.254897e+00 5.845146e-01 5.377684e-02
9.950000e+00 8.000000e-02 1.816517e-02 -8.162257e+00 5.138397e-01 2.453132e-02
1.000000e+01 8.000000e-02 1.814400e-02 -8.171777e+00 0.000000e+00 0.000000e+00
0.000000e+00 1.000000e-01 2.796000e-02 -4.800000e+00 0.000000e+00 0.000000e+00
5.000000e-02 1.000000e-01 2.795334e-02 -4.799948e+00 5.385505e-01 1.189866e-04
1.000000e-01 1.000000e-01 2.794810e-02 -4.799799e+00 5.383885e-01 9.159892e-05
1.500000e-01 1.000000e-01 2.794418e-02 -4.799494e+00 5.382992e-01 8.151349e-05
2.000000e-01 1.000000e-01 2.793995e-02 -4.798998e+00 5.382147e-01 8.279521e-05
2.500000e-01 1.000000e-01 2.793590e-02 -4.798441e+00 5.381264e-01 4.483975e-05
3.000000e-01 1.000000e-01 2.793547e-02 -4.798004e+00 5.381133e-01 -4.000561e-05
3.500000e-01 1.000000e-01 2.793990e-02 -4.797646e+00 5.382066e-01 -1.004806e-04
4.000000e-01 1.000000e-01 2.794551e-02 -4.797077e+00 5.383196e-01 -9.170023e-05
4.500000e-01 1.000000e-01 2.794907e-02 -4.796252e+00 5.384081e-01 -6.981807e-05
5.000000e-01 1.000000e-01 2.795250e-02 -4.795936e+00 5.385991e-01 -9.247625e-05
5.500000e-01 1.000000e-01 2.795832e-02 -4.797634e+00 5.390342e-01 -1.181559e-04
6.000000e-01 1.000000e-01 2.796431e-02 -4.802729e+00 5.396696e-01 -1.021696e-04
6.500000e-01 1.000000e-01 2.796854e-02 -4.811420e+00 5.403714e-01 -1.411718e-04
7.000000e-01 1.000000e-01 2.797843e-02 -4.822123e+00 5.411568e-01 -4.092296e-04
7.500000e-01 1.000000e-01 2.800946e-02 -4.831622e+00 5.421867e-01 -9.652903e-04
8.000000e-01 1.000000e-01 2.807496e-02 -4.835846e+00 5.435431e-01 -1.721488e-03
8.500000e-01 1.000000e-01 2.818161e-02 -4.830991e+00 5.451616e-01 -2.602374e-03
9.000000e-01 1.000000e-01 2.833520e-02 -4.814557e+00 5.470204e-01 -3.633703e-03
9.500000e-01 1.000000e-01 2.854498e-02 -4.785705e+00 5.492632e-01 -4.836334e-03
1.000000e+00 1.000000e-01 2.881883e-02 -4.744784e+00 5.520558e-01 -6.119958e-03
1.050000e+00 1.000000e-01 2.915697e-02 -4.692577e+00 5.554047e-01 -7.356786e-03
1.100000e+00 1.000000e-01 2.955451e-02 -4.630046e+00 5.592146e-01 -8.519212e-03
1.150000e+00 1.000000e-01 3.000890e-02 -4.558624e+00 5.634789e-01 -9.668677e-03
1.200000e+00 1.000000e-01 3.052137e-02 -4.480268e+00 5.682965e-01 -1.082841e-02
1.250000e+00 1.000000e-01 3.109174e-02 -4.396666e+00 5.737137e-01 -1.194586e-02
1.300000e+00 1.000000e-01 3.171596e-02 -4.308112e+00 5.796550e-01 -1.298639e-02
1.350000e+00 1.000000e-01 3.239037e-02 -4.213387e+00 5.860467e-01 -1.399033e-02
1.400000e+00 1.000000e-01 3.311499e-02 -4.111330e+00 5.929271e-01 -1.500452e-02
1.450000e+00 1.000000e-01 3.389083e-02 -4.003071e+00 6.003864e-01 -1.600913e-02
1.500000e+00 1.000000e-01 3.471591e-02 -3.892880e+00 6.084538e-01 -1.695428e-02
1.550000e+00 1.000000e-01 3.558625e-02 -3.786260e+00 6.170920e-01 -1.783869e-02
1.600000e+00 1.000000e-01 3.649978e-02 -3.686005e+00 6.262586e-01 -1.871147e-02
1.650000e+00 1.000000e-01 3.745740e-02 -3.588800e+00 6.359120e-01 -1.961448e-02
1.700000e+00 1.000000e-01 3.846122e-02 -3.484863e+00 6.459834e-01 -2.056504e-02
1.750000e+00 1.000000e-01 3.951391e-02 -3.361331e+00 6.564291e-01 -2.159062e-02
1.800000e+00 1.000000e-01 4.062029e-02 -3.207706e+00 6.673540e-01 -2.273469e-02
1.850000e+00 1.000000e-01 4.178737e-02 -3.020555e+00 6.790672e-01 -2.400410e-02
1.900000e+00 1.000000e-01 4.302070e-02 -2.805424e+00 6.919966e-01 -2.532933e-02
1.950000e+00 1.000000e-01 4.432031e-02 -2.575807e+00 7.065577e-01 -2.659796e-02
2.000000e+00 1.000000e-01 4.568049e-02 -2.350520e+00 7.231029e-01 -2.771733e-02
2.050000e+00 1.000000e-01 4.709204e-02 -2.151139e+00 7.419429e-01 -2.861585e-02
2.100000e+00 1.000000e-01 4.854208e-02 -2.000295e+00 7.633157e-01 -2.916851e-02
2.150000e+00 1.000000e-01 5.000889e-02 -1.920010e+00 7.872164e-01 -2.913603e-02
2.200000e+00 1.000000e-01 5.145568e-02 -1.928437e+00 8.131620e-01 -2.821297e-02
2.250000e+00 1.000000e-01 5.283019e-02 -2.034493e+00 8.400757e-01 -2.618193e-02
2.300000e+00 1.000000e-01 5.407387e-02 -2.232407e+00 8.664303e-01 -2.306786e-02
2.350000e+00 1.000000e-01 5.513697e-02 -2.500081e+00 8.906207e-01 -1.917807e-02
2.400000e+00 1.000000e-01 5.599168e-02 -2.803743e+00 9.113871e-01 -1.500066e-02
2.450000e+00 1.000000e-01 5.663704e-02 -3.107328e+00 9.280845e-01 -1.103186e-02
2.500000e+00 1.000000e-01 5.709487e-02 -3.381812e+00 9.407105e-01 -7.632498e-03
2.550000e+00 1.000000e-01 5.740029e-02 -3.610307e+00 9.497391e-01 -4.970394e-03
2.600000e+00 1.000000e-01 5.759190e-02 -3.787979e+00 9.558823e-01 -3.043616e-03
2.650000e+00 1.000000e-01 5.770465e-02 -3.918623e+00 9.598842e-01 -1.744253e-03
2.700000e+00 1.000000e-01 5.776633e-02 -4.010442e+00 9.623944e-01 -9.234988e-04
2.750000e+00 1.000000e-01 5.779700e-02 -4.072695e+00 9.639172e-01 -4.370647e-04
2.800000e+00 1.000000e-01 5.781004e-02 -4.113737e+00 9.648135e-01 -1.675866e-04
2.850000e+00 1.000000e-01 5.781376e-02 -4.140220e+00 9.653260e-01 -3.000798e-05
2.900000e+00 1.000000e-01 5.781304e-02 -4.157036e+00 9.656101e-01 3.223091e-05
2.950000e+00 1.000000e-01 5.781054e-02 -4.167585e+00 9.657617e-01 5.421048e-05
3.000000e+00 1.000000e-01 5.780762e-02 -4.174143e+00 9.658386e-01 5.640473e-05
3.050000e+00 1.000000e-01 5.780490e-02 -4.178190e+00 9.658745e-01 5.008335e-05
3.100000e+00 1.000000e-01 5.780261e-02 -4.180671e+00 9.658886e-01 4.106115e-05
3.150000e+00 1.000000e-01 5.780079e-02 -4.182181e+00 9.658917e-01 3.209015e-05
3.200000e+00 1.000000e-01 5.779940e-02 -4.183094e+00 9.658899e-01 2.429239e-05
3.250000e+00 1.000000e-01 5.779836e-02 -4.183641e+00 9.658861e-01 1.797511e-05
3.300000e+00 1.000000e-01 5.779760e-02 -4.183965e+00 9.658820e-01 1.307356e-05
3.350000e+00 1.000000e-01 5.779705e-02 -4.184154e+00 9.658782e-01 9.379980e-06
3.400000e+00 1.000000e-01 5.779666e-02 -4.184262e+00 9.658750e-01 6.655077e-06
3.450000e+00 1.000000e-01 5.779639e-02 -4.184323e+00 9.658724e-01 4.677261e-06
3.500000e+00 1.000000e-01 5.779620e-02 -4.184356e+00 9.658705e-01 3.260344e-06
3.550000e+00 1.000000e-01 5.779606e-02 -4.184373e+00 9.658690e-01 2.256269e-06
3.600000e+00 1.000000e-01 5.779597e-02 -4.184381e+00 9.658679e-01 1.551398e-06
3.650000e+00 1.000000e-01 5.779591e-02 -4.184384e+00 9.658671e-01 1.060654e-06
3.700000e+00 1.000000e-01 5.779586e-02 -4.184384e+00 9.658665e-01 7.215304e-07
3.750000e+00 1.000000e-01 5.779584e-02 -4.184384e+00 9.658661e-01 4.887699e-07
3.800000e+00 1.000000e-01 5.779582e-02 -4.184383e+00 9.658659e-01 3.300059e-07
3.850000e+00 1.000000e-01 5.779580e-02 -4.184382e+00 9.658657e-01 2.223296e-07
3.900000e+00 1.000000e-01 5.779579e-02 -4.184382e+00 9.658655e-01 1.496756e-07
3.950000e+00 1.000000e-01 5.779579e-02 -4.184381e+00 9.658654e-01 1.008708e-07
4.000000e+00 1.000000e-01 5.779578e-02 -4.184381e+00 9.658654e-01 6.820454e-08
4.050000e+00 1.000000e-01 5.779578e-02 -4.184380e+00 9.658653e-01 4.639439e-08
4.100000e+00 1.000000e-01 5.779578e-02 -4.184380e+00 9.658653e-01 3.184653e-08
4.150000e+00 1.000000e-01 5.779578e-02 -4.184380e+00 9.658653e-01 2.213256e-08
4.200000e+00 1.000000e-01 5.779578e-02 -4.184380e+00 9.658652e-01 1.562241e-08
4.250000e+00 1.000000e-01 5.779578e-02 -4.184380e+00 9.658652e-01 1.122901e-08
4.300000e+00 1.000000e-01 5.779578e-02 -4.184379e+00 9.658652e-01 8.231898e-09
4.350000e+00 1.000000e-01 5.779577e-02 -4.184379e+00 9.658652e-01 6.156477e-09
4.400000e+00 1.000000e-01 5.779577e-02 -4.184379e+00 9.658652e-01 4.691773e-09
4.450000e+00 1.000000e-01 5.779577e-02 -4.184379e+00 9.658652e-01 3.634936e-09
4.500000e+00 1.000000e-01 5.779577e-02 -4.184379e+00 9.658652e-01 2.854021e-09
4.550000e+00 1.000000e-01 5.779577e-02 -4.184379e+00 9.658652e-01 2.263241e-09
4.600000e+00 1.000000e-01 5.779577e-02 -4.184379e+00 9.658652e-01 1.806624e-09
4.650000e+00 1.000000e-01 5.779577e-02 -4.184379e+00 9.658652e-01 1.447344e-09
4.700000e+00 1.000000e-01 5.779577e-02 -4.184379e+00 9.658652e-01 1.160792e-09
4.750000e+00 1.000000e-01 5.779577e-02 -4.184379e+00 9.658652e-01 9.301377e-10
4.800000e+00 1.000000e-01 5.779577e-02 -4.184379e+00 9.658652e-01 7.435135e-10
4.850000e+00 1.000000e-01 5.779577e-02 -4.184379e+00 9.658652e-01 5.922408e-10
4.900000e+00 1.000000e-01 5.779577e-02 -4.184379e+00 9.658652e-01 4.697312e-10
4.950000e+00 1.000000e-01 5.779577e-02 -4.184379e+00 9.658652e-01 3.708088e-10
5.000000e+00 1.000000e-01 5.779577e-02 -4.184379e+00 9.658652e-01 2.912935e-10
5.050000e+00 1.000000e-01 5.779577e-02 -4.184379e+00 9.658652e-01 2.277439e-10
5.100000e+00 1.000000e-01 5.779577e-02 -4.184379e+00 9.658652e-01 1.772985e-10
5.150000e+00 1.000000e-01 5.779577e-02 -4.184379e+00 9.658652e-01 1.375709e-10
5.200000e+00 1.000000e-01 5.779577e-02 -4.184379e+00 9.658652e-01 1.065768e-10
5.250000e+00 1.000000e-01 5.779577e-02 -4.184379e+00 9.658652e-01 8.268296e-11
5.300000e+00 1.000000e-01 5.779577e-02 -4.184379e+00 9.658652e-01 6.456544e-11
5.350000e+00 1.000000e-01 5.779577e-02 -4.184379e+00 9.658652e-01 5.117698e-11
5.400000e+00 1.000000e-01 5.779577e-02 -4.184379e+00 9.658652e-01 4.171961e-11
5.450000e+00 1.000000e-01 5.779577e-02 -4.184379e+00 9.658652e-01 3.562352e-11
5.500000e+00 1.000000e-01 5.779577e-02 -4.184379e+00 9.658652e-01 3.253196e-11
5.550000e+00 1.000000e-01 5.779577e-02 -4.184379e+00 9.658652e-01 3.229500e-11
5.600000e+00 1.000000e-01 5.779577e-02 -4.184379e+00 9.658652e-01 3.497078e-11
5.650000e+00 1.000000e-01 5.779577e-02 -4.184379e+00 9.658652e-01 4.083602e-11
5.700000e+00 1.000000e-01 5.779577e-02 -4.184379e+00 9.658652e-01 5.041099e-11
5.750000e+00 1.000000e-01 5.779577e-02 -4.184379e+00 9.658652e-01 6.449861e-11
5.800000e+00 1.000000e-01 5.779577e-02 -4.184379e+00 9.658652e-01 8.424046e-11
5.850000e+00 1.000000e-01 5.779577e-02 -4.184379e+00 9.658652e-01 1.111980e-10
5.900000e+00 1.000000e-01 5.779577e-02 -4.184379e+00 9.658652e-01 1.474611e-10
5.950000e+00 1.000000e-01 5.779577e-02 -4.184379e+00 9.658652e-01 1.957936e-10
6.000000e+00 1.000000e-01 5.779577e-02 -4.184379e+00 9.658652e-01 2.598242e-10
6.050000e+00 1.000000e-01 5.779577e-02 -4.184379e+00 9.658652e-01 3.442981e-10
6.100000e+00 1.000000e-01 5.779577e-02 -4.184379e+00 9.658652e-01 4.554063e-10
6.150000e+00 1.000000e-01 5.779577e-02 -4.184379e+00 9.658652e-01 6.012118e-10
6.200000e+00 1.000000e-01 5.779577e-02 -4.184379e+00 9.658652e-01 7.922059e-10
6.250000e+00 1.000000e-01 5.779577e-02 -4.184379e+00 9.658652e-01 1.042028e-09
6.300000e+00 1.000000e-01 5.779577e-02 -4.184379e+00 9.658652e-01 1.368401e-09
6.350000e+00 1.000000e-01 5.779577e-02 -4.184379e+00 9.658652e-01 1.794344e-09
6.400000e+00 1.000000e-01 5.779577e-02 -4.184379e+00 9.658652e-01 2.349742e-09
6.450000e+00 1.000000e-01 5.779577e-02 -4.184379e+00 9.658652e-01 3.073384e-09
6.500000e+00 1.000000e-01 5.779577e-02 -4.184379e+00 9.658652e-01 4.015596e-09
6.550000e+00 1.000000e-01 5.779577e-02 -4.184379e+00 9.658652e-01 5.241657e-09
6.600000e+00 1.000000e-01 5.779577e-02 -4.184379e+00 9.658652e-01 6.836218e-09
6.650000e+00 1.000000e-01 5.779577e-02 -4.184379e+00 9.658652e-01 8.909025e-09
6.700000e+00 1.000000e-01 5.779577e-02 -4.184380e+00 9.658652e-01 1.160233e-08
6.750000e+00 1.000000e-01 5.779577e-02 -4.184380e+00 9.658652e-01 1.510046e-08
6.800000e+00 1.000000e-01 5.779577e-02 -4.184380e+00 9.658652e-01 1.964226e-08
6.850000e+00 1.000000e-01 5.779577e-02 -4.184380e+00 9.658652e-01 2.553696e-08
6.900000e+00 1.000000e-01 5.779577e-02 -4.184380e+00 9.658652e-01 3.318563e-08
6.950000e+00 1.000000e-01 5.779577e-02 -4.184380e+00 9.658651e-01 4.310545e-08
7.000000e+00 1.000000e-01 5.779576e-02 -4.184380e+00 9.658651e-01 5.597321e-08
7.050000e+00 1.000000e-01 5.779576e-02 -4.184380e+00 9.658651e-01 7.264102e-08
7.100000e+00 1.000000e-01 5.779576e-02 -4.184381e+00 9.658651e-01 9.428776e-08
7.150000e+00 1.000000e-01 5.779575e-02 -4.184381e+00 9.658650e-01 1.222029e-07
7.200000e+00 1.000000e-01 5.779574e-02 -4.184382e+00 9.658650e-01 1.587643e-07
7.250000e+00 1.000000e-01 5.779573e-02 -4.184383e+00 9.658649e-01 2.049753e-07
7.300000e+00 1.000000e-01 5.779572e-02 -4.184383e+00 9.658648e-01 2.680009e-07
7.350000e+00 1.000000e-01 5.779571e-02 -4.184385e+00 9.658647e-01 3.410127e-07
7.400000e+00 1.000000e-01 5.779569e-02 -4.184386e+00 9.658646e-01 4.578986e-07
7.450000e+00 1.000000e-01 5.779566e-02 -4.184390e+00 9.658644e-01 5.528540e-07
7.500000e+00 1.000000e-01 5.779563e-02 -4.184387e+00 9.658643e-01 8.124126e-07
7.550000e+00 1.000000e-01 5.779558e-02 -4.184406e+00 9.658636e-01 8.287222e-07
7.600000e+00 1.000000e-01 5.779555e-02 -4.184375e+00 9.658640e-01 1.567718e-06
7.650000e+00 1.000000e-01 5.779542e-02 -4.184461e+00 9.658617e-01 9.755944e-07
7.700000e+00 1.000000e-01 5.779545e-02 -4.184295e+00 9.658648e-01 3.405136e-06
7.750000e+00 1.000000e-01 5.779508e-02 -4.184665e+00 9.658564e-01 2.476723e-07
7.800000e+00 1.000000e-01 5.779543e-02 -4.183965e+00 9.658699e-01 7.986303e-06
7.850000e+00 1.000000e-01 5.779428e-02 -4.185334e+00 9.658414e-01 -3.051100e-06
7.900000e+00 1.000000e-01 5.779573e-02 -4.182912e+00 9.658868e-01 1.804207e-05
7.950000e+00 1.000000e-01 5.779248e-02 -4.187138e+00 9.658062e-01 -1.047265e-05
8.000000e+00 1.000000e-01 5.779678e-02 -4.180350e+00 9.659249e-01 3.461930e-05
8.050000e+00 1.000000e-01 5.778902e-02 -4.190863e+00 9.657432e-01 -1.804887e-05
8.100000e+00 1.000000e-01 5.779859e-02 -4.175868e+00 9.659788e-01 5.011833e-05
8.150000e+00 1.000000e-01 5.778401e-02 -4.196154e+00 9.656714e-01 -9.688477e-06
8.200000e+00 1.000000e-01 5.779955e-02 -4.171151e+00 9.660049e-01 4.821334e-05
8.250000e+00 1.000000e-01 5.777919e-02 -4.199937e+00 9.656426e-01 3.082585e-05
8.300000e+00 1.000000e-01 5.779647e-02 -4.170334e+00 9.659502e-01 3.319326e-05
8.350000e+00 1.000000e-01 5.777587e-02 -4.198604e+00 9.656627e-01 8.094950e-05
8.400000e+00 1.000000e-01 5.778838e-02 -4.174698e+00 9.658637e-01 6.008476e-05
8.450000e+00 1.000000e-01 5.776986e-02 -4.195341e+00 9.655981e-01 9.259662e-05
8.500000e+00 1.000000e-01 5.777912e-02 -4.176993e+00 9.658798e-01 1.596303e-04
8.550000e+00 1.000000e-01 5.775389e-02 -4.199165e+00 9.653595e-01 1.170640e-04
8.600000e+00 1.000000e-01 5.776741e-02 -4.172380e+00 9.658976e-01 2.440922e-04
8.650000e+00 1.000000e-01 5.772949e-02 -4.207082e+00 9.651590e-01 2.747573e-04
8.700000e+00 1.000000e-01 5.773994e-02 -4.172732e+00 9.656331e-01 3.180470e-04
8.750000e+00 1.000000e-01 5.769768e-02 -4.206859e+00 9.650122e-01 4.806226e-04
8.800000e+00 1.000000e-01 5.769187e-02 -4.182507e+00 9.652847e-01 5.970014e-04
8.850000e+00 1.000000e-01 5.763798e-02 -4.209448e+00 9.644478e-01 6.958101e-04
8.900000e+00 1.000000e-01 5.762229e-02 -4.185571e+00 9.649613e-01 1.020321e-03
8.950000e+00 1.000000e-01 5.753595e-02 -4.225216e+00 9.636182e-01 1.246025e-03
9.000000e+00 1.000000e-01 5.749769e-02 -4.193039e+00 9.639868e-01 1.562435e-03
9.050000e+00 1.000000e-01 5.737970e-02 -4.236316e+00 9.625894e-01 2.092542e-03
9.100000e+00 1.000000e-01 5.728844e-02 -4.218548e+00 9.624925e-01 2.693564e-03
9.150000e+00 1.000000e-01 5.711035e-02 -4.257626e+00 9.604225e-01 3.359420e-03
9.200000e+00 1.000000e-01 5.695249e-02 -4.246183e+00 9.602168e-01 4.410030e-03
9.250000e+00 1.000000e-01 5.666935e-02 -4.302110e+00 9.571768e-01 5.682199e-03
9.300000e+00 1.000000e-01 5.638427e-02 -4.299700e+00 9.559371e-01 7.221896e-03
9.350000e+00 1.000000e-01 5.594716e-02 -4.362740e+00 9.517695e-01 9.248291e-03
9.400000e+00 1.000000e-01 5.545944e-02 -4.390754e+00 9.492307e-01 1.192076e-02
9.450000e+00 1.000000e-01 5.475508e-02 -4.474562e+00 9.425871e-01 1.517675e-02
9.500000e+00 1.000000e-01 5.394177e-02 -4.534175e+00 9.376398e-01 1.930551e-02
9.550000e+00 1.000000e-01 5.282453e-02 -4.656608e+00 9.274869e-01 2.449467e-02
9.600000e+00 1.000000e-01 5.149230e-02 -4.778015e+00 9.183012e-01 3.099465e-02
9.650000e+00 1.000000e-01 4.972506e-02 -4.959944e+00 9.017414e-01 3.876663e-02
9.700000e+00 1.000000e-01 4.761564e-02 -5.168509e+00 8.853130e-01 4.813045e-02
9.750000e+00 1.000000e-01 4.491202e-02 -5.454284e+00 8.579864e-01 5.857565e-02
9.800000e+00 1.000000e-01 4.175807e-02 -5.777231e+00 8.288256e-01 6.977693e-02
9.850000e+00 1.000000e-01 3.793433e-02 -6.204053e+00 7.824073e-01 7.860125e-02
9.900000e+00 1.000000e-01 3.389795e-02 -6.576002e+00 7.306732e-01 8.051830e-02
9.950000e+00 1.000000e-01 2.988250e-02 -7.057315e+00 6.480667e-01 5.937950e-02
1.000000e+01 1.000000e-01 2.796000e-02 -6.994930e+00 0.000000e+00 0.000000e+00
0.000000e+00 1.200000e-01 3.969600e-02 -4.560000e+00 0.000000e+00 0.000000e+00
5.000000e-02 1.200000e-01 3.968422e-02 -4.560004e+00 6.321308e-01 2.027877e-04
1.000000e-01 1.200000e-01 3.967572e-02 -4.559989e+00 6.319693e-01 1.413865e-04
1.500000e-01 1.200000e-01 3.967008e-02 -4.559946e+00 6.318961e-01 1.169807e-04
2.000000e-01 1.200000e-01 3.966402e-02 -4.559763e+00 6.318015e-01 1.226132e-04
2.500000e-01 1.200000e-01 3.965782e-02 -4.559395e+00 6.316683e-01 7.082558e-05
3.000000e-01 1.200000e-01 3.965694e-02 -4.558955e+00 6.316333e-01 -5.642229e-05
3.500000e-01 1.200000e-01 3.966346e-02 -4.558570e+00 6.317577e-01 -1.453583e-04
4.000000e-01 1.200000e-01 3.967148e-02 -4.558116e+00 6.318908e-01 -1.301686e-04
4.500000e-01 1.200000e-01 3.967648e-02 -4.557334e+00 6.319349e-01 -1.199965e-04
5.000000e-01 1.200000e-01 3.968348e-02 -4.556286e+00 6.320785e-01 -2.208245e-04
5.500000e-01 1.200000e-01 3.969856e-02 -4.555568e+00 6.325482e-01 -3.502181e-04
6.000000e-01 1.200000e-01 3.971850e-02 -4.555942e+00 6.332711e-01 -3.938902e-04
6.500000e-01 1.200000e-01 3.973795e-02 -4.557790e+00 6.340216e-01 -4.597086e-04
7.000000e-01 1.200000e-01 3.976447e-02 -4.560801e+00 6.348077e-01 -7.891571e-04
7.500000e-01 1.200000e-01 3.981687e-02 -4.563791e+00 6.358471e-01 -1.451857e-03
8.000000e-01 1.200000e-01 3.990965e-02 -4.564467e+00 6.371974e-01 -2.301398e-03
8.500000e-01 1.200000e-01 4.004701e-02 -4.559491e+00 6.386560e-01 -3.238113e-03
9.000000e-01 1.200000e-01 4.023347e-02 -4.545501e+00 6.400978e-01 -4.343994e-03
9.500000e-01 1.200000e-01 4.048141e-02 -4.520688e+00 6.416977e-01 -5.691385e-03
1.000000e+00 1.200000e-01 4.080260e-02 -4.485419e+00 6.437001e-01 -7.159598e-03
1.050000e+00 1.200000e-01 4.119737e-02 -4.440928e+00 6.461042e-01 -8.558868e-03
1.100000e+00 1.200000e-01 4.165849e-02 -4.387274e+00 6.487430e-01 -9.861441e-03
1.150000e+00 1.200000e-01 4.218351e-02 -4.323215e+00 6.516003e-01 -1.117982e-02
1.200000e+00 1.200000e-01 4.277647e-02 -4.248725e+00 6.548597e-01 -1.255069e-02
1.250000e+00 1.200000e-01 4.343858e-02 -4.167332e+00 6.586514e-01 -1.387493e-02
1.300000e+00 1.200000e-01 4.416397e-02 -4.084508e+00 6.629070e-01 -1.508357e-02
1.350000e+00 1.200000e-01 4.494694e-02 -4.002322e+00 6.675083e-01 -1.624359e-02
1.400000e+00 1.200000e-01 4.578832e-02 -3.915676e+00 6.724465e-01 -1.744672e-02
1.450000e+00 1.200000e-01 4.669161e-02 -3.815330e+00 6.777805e-01 -1.867976e-02
1.500000e+00 1.200000e-01 4.765630e-02 -3.696757e+00 6.835565e-01 -1.986817e-02
1.550000e+00 1.200000e-01 4.867843e-02 -3.567413e+00 6.898573e-01 -2.099019e-02
1.600000e+00 1.200000e-01 4.975532e-02 -3.445081e+00 6.968407e-01 -2.207840e-02
1.650000e+00 1.200000e-01 5.088627e-02 -3.347088e+00 7.045929e-01 -2.314537e-02
1.700000e+00 1.200000e-01 5.206986e-02 -3.277673e+00 7.129397e-01 -2.418880e-02
1.750000e+00 1.200000e-01 5.330515e-02 -3.222247e+00 7.214959e-01 -2.527325e-02
1.800000e+00 1.200000e-01 5.459718e-02 -3.152404e+00 7.299621e-01 -2.653952e-02
1.850000e+00 1.200000e-01 5.595910e-02 -3.038297e+00 7.383785e-01 -2.809596e-02
1.900000e+00 1.200000e-01 5.740678e-02 -2.861028e+00 7.471340e-01 -2.992491e-02
1.950000e+00 1.200000e-01 5.895159e-02 -2.619049e+00 7.568223e-01 -3.191844e-02
2.000000e+00 1.200000e-01 6.059862e-02 -2.327022e+00 7.681475e-01 -3.397711e-02
2.050000e+00 1.200000e-01 6.234930e-02 -2.009958e+00 7.819104e-01 -3.601867e-02
2.100000e+00 1.200000e-01 6.420049e-02 -1.697168e+00 7.989330e-01 -3.785919e-02
2.150000e+00 1.200000e-01 6.613522e-02 -1.418669e+00 8.198021e-01 -3.909943e-02
2.200000e+00 1.200000e-01 6.811043e-02 -1.203157e+00 8.445035e-01 -3.917662e-02
2.250000e+00 1.200000e-01 7.005288e-02 -1.074908e+00 8.721710e-01 -3.760008e-02
2.300000e+00 1.200000e-01 7.187044e-02 -1.048319e+00 9.011492e-01 -3.422284e-02
2.350000e+00 1.200000e-01 7.347517e-02 -1.122149e+00 9.293873e-01 -2.936171e-02
2.400000e+00 1.200000e-01 7.480661e-02 -1.277717e+00 9.549851e-01 -2.369005e-02
2.450000e+00 1.200000e-01 7.584417e-02 -1.483676e+00 9.766393e-01 -1.798376e-02
2.500000e+00 1.200000e-01 7.660499e-02 -1.705472e+00 9.938256e-01 -1.287420e-02
2.550000e+00 1.200000e-01 7.713159e-02 -1.914546e+00 1.006709e+00 -8.718547e-03
2.600000e+00 1.200000e-01 7.747684e-02 -2.093268e+00 1.015897e+00 -5.602498e-03
2.650000e+00 1.200000e-01 7.769184e-02 -2.234955e+00 1.022178e+00 -3.423198e-03
2.700000e+00 1.200000e-01 7.781916e-02 -2.340859e+00 1.026323e+00 -1.988636e-03
2.750000e+00 1.200000e-01 7.789071e-02 -2.416468e+00 1.028980e+00 -1.093811e-03
2.800000e+00 1.200000e-01 7.792854e-02 -2.468575e+00 1.030644e+00 -5.627099e-04
2.850000e+00 1.200000e-01 7.794698e-02 -2.503538e+00 1.031666e+00 -2.625366e-04
2.900000e+00 1.200000e-01 7.795480e-02 -2.526538e+00 1.032283e+00 -1.017017e-04
2.950000e+00 1.200000e-01 7.795715e-02 -2.541451e+00 1.032651e+00 -2.115668e-05
3.000000e+00 1.200000e-01 7.795691e-02 -2.551021e+00 1.032866e+00 1.518268e-05
3.050000e+00 1.200000e-01 7.795563e-02 -2.557118e+00 1.032991e+00 2.839896e-05
3.100000e+00 1.200000e-01 7.795407e-02 -2.560979e+00 1.033061e+00 3.031918e-05
3.150000e+00 1.200000e-01 7.795260e-02 -2.563414e+00 1.033100e+00 2.730994e-05
3.200000e+00 1.200000e-01 7.795134e-02 -2.564943e+00 1.033121e+00 2.263478e-05
3.250000e+00 1.200000e-01 7.795033e-02 -2.565899e+00 1.033131e+00 1.785389e-05
3.300000e+00 1.200000e-01 7.794955e-02 -2.566495e+00 1.033136e+00 1.362632e-05
3.350000e+00 1.200000e-01 7.794897e-02 -2.566863e+00 1.033137e+00 1.015638e-05
3.400000e+00 1.200000e-01 7.794854e-02 -2.567091e+00 1.033137e+00 7.434855e-06
3.450000e+00 1.200000e-01 7.794823e-02 -2.567230e+00 1.033137e+00 5.365121e-06
3.500000e+00 1.200000e-01 7.794800e-02 -2.567314e+00 1.033136e+00 3.826116e-06
3.550000e+00 1.200000e-01 7.794784e-02 -2.567365e+00 1.033136e+00 2.701467e-06
3.600000e+00 1.200000e-01 7.794773e-02 -2.567395e+00 1.033135e+00 1.891060e-06
3.650000e+00 1.200000e-01 7.794765e-02 -2.567413e+00 1.033134e+00 1.313896e-06
3.700000e+00 1.200000e-01 7.794760e-02 -2.567423e+00 1.033134e+00 9.069678e-07
3.750000e+00 1.200000e-01 7.794756e-02 -2.567429e+00 1.033134e+00 6.225924e-07
3.800000e+00 1.200000e-01 7.794754e-02 -2.567432e+00 1.033133e+00 4.254238e-07
3.850000e+00 1.200000e-01 7.794752e-02 -2.567434e+00 1.033133e+00 2.896856e-07
3.900000e+00 1.200000e-01 7.794751e-02 -2.567435e+00 1.033133e+00 1.968311e-07
3.950000e+00 1.200000e-01 7.794750e-02 -2.567435e+00 1.033133e+00 1.336685e-07
4.000000e+00 1.200000e-01 7.794750e-02 -2.567436e+00 1.033133e+00 9.090872e-08
4.050000e+00 1.200000e-01 7.794749e-02 -2.567436e+00 1.033133e+00 6.207036e-08
4.100000e+00 1.200000e-01 7.794749e-02 -2.567436e+00 1.033133e+00 4.266906e-08
4.150000e+00 1.200000e-01 7.794749e-02 -2.567436e+00 1.033133e+00 2.962659e-08
4.200000e+00 1.200000e-01 7.794749e-02 -2.567436e+00 1.033133e+00 2.084588e-08
4.250000e+00 1.200000e-01 7.794749e-02 -2.567436e+00 1.033133e+00 1.490873e-08
4.300000e+00 1.200000e-01 7.794749e-02 -2.567436e+00 1.033133e+00 1.086272e-08
4.350000e+00 1.200000e-01 7.794749e-02 -2.567436e+00 1.033133e+00 8.072639e-09
4.400000e+00 1.200000e-01 7.794749e-02 -2.567436e+00 1.033133e+00 6.117489e-09
4.450000e+00 1.200000e-01 7.794748e-02 -2.567436e+00 1.033133e+00 4.719866e-09
4.500000e+00 1.200000e-01 7.794748e-02 -2.567436e+00 1.033133e+00 3.697827e-09
4.550000e+00 1.200000e-01 7.794748e-02 -2.567436e+00 1.033133e+00 2.932392e-09
4.600000e+00 1.200000e-01 7.794748e-02 -2.567436e+00 1.033133e+00 2.345767e-09
4.650000e+00 1.200000e-01 7.794748e-02 -2.567436e+00 1.033133e+00 1.886892e-09
4.700000e+00 1.200000e-01 7.794748e-02 -2.567436e+00 1.033133e+00 1.521933e-09
4.750000e+00 1.200000e-01 7.794748e-02 -2.567436e+00 1.033133e+00 1.228094e-09
4.800000e+00 1.200000e-01 7.794748e-02 -2.567436e+00 1.033133e+00 9.896249e-10
4.850000e+00 1.200000e-01 7.794748e-02 -2.567436e+00 1.033133e+00 7.952888e-10
4.900000e+00 1.200000e-01 7.794748e-02 -2.567436e+00 1.033133e+00 6.367609e-10
4.950000e+00 1.200000e-01 7.794748e-02 -2.567436e+00 1.033133e+00 5.076380e-10
5.000000e+00 1.200000e-01 7.794748e-02 -2.567436e+00 1.033133e+00 4.028228e-10
5.050000e+00 1.200000e-01 7.794748e-02 -2.567436e+00 1.033133e+00 3.181519e-10
5.100000e+00 1.200000e-01 7.794748e-02 -2.567436e+00 1.033133e+00 2.501664e-10
5.150000e+00 1.200000e-01 7.794748e-02 -2.567436e+00 1.033133e+00 1.959680e-10
5.200000e+00 1.200000e-01 7.794748e-02 -2.567436e+00 1.033133e+00 1.531265e-10
5.250000e+00 1.200000e-01 7.794748e-02 -2.567436e+00 1.033133e+00 1.196157e-10
5.300000e+00 1.200000e-01 7.794748e-02 -2.567436e+00 1.033133e+00 9.376777e-11
5.350000e+00 1.200000e-01 7.794748e-02 -2.567436e+00 1.033133e+00 7.423756e-11
5.400000e+00 1.200000e-01 7.794748e-02 -2.567436e+00 1.033133e+00 5.997300e-11
5.450000e+00 1.200000e-01 7.794748e-02 -2.567436e+00 1.033133e+00 5.019388e-11
5.500000e+00 1.200000e-01 7.794748e-02 -2.567436e+00 1.033133e+00 4.437548e-11
5.550000e+00 1.200000e-01 7.794748e-02 -2.567436e+00 1.033133e+00 4.223982e-11
5.600000e+00 1.200000e-01 7.794748e-02 -2.567436e+00 1.033133e+00 4.375889e-11
5.650000e+00 1.200000e-01 7.794748e-02 -2.567436e+00 1.033133e+00 4.916470e-11
5.700000e+00 1.200000e-01 7.794748e-02 -2.567436e+00 1.033133e+00 5.897616e-11
5.750000e+00 1.200000e-01 7.794748e-02 -2.567436e+00 1.033133e+00 7.404147e-11
5.800000e+00 1.200000e-01 7.794748e-02 -2.567436e+00 1.033133e+00 9.560006e-11
5.850000e+00 1.200000e-01 7.794748e-02 -2.567436e+00 1.033133e+00 1.253719e-10
5.900000e+00 1.200000e-01 7.794748e-02 -2.567436e+00 1.033133e+00 1.656783e-10
5.950000e+00 1.200000e-01 7.794748e-02 -2.567436e+00 1.033133e+00 2.196048e-10
6.000000e+00 1.200000e-01 7.794748e-02 -2.567436e+00 1.033133e+00 2.912137e-10
6.050000e+00 1.200000e-01 7.794748e-02 -2.567436e+00 1.033133e+00 3.858280e-10
6.100000e+00 1.200000e-01 7.794748e-02 -2.567436e+00 1.033133e+00 5.103980e-10
6.150000e+00 1.200000e-01 7.794748e-02 -2.567436e+00 1.033133e+00 6.739816e-10
6.200000e+00 1.200000e-01 7.794748e-02 -2.567436e+00 1.033133e+00 8.883701e-10
6.250000e+00 1.200000e-01 7.794748e-02 -2.567436e+00 1.033133e+00 1.168895e-09
6.300000e+00 1.200000e-01 7.794748e-02 -2.567436e+00 1.033133e+00 1.535480e-09
6.350000e+00 1.200000e-01 7.794748e-02 -2.567436e+00 1.033133e+00 2.014005e-09
6.400000e+00 1.200000e-01 7.794748e-02 -2.567436e+00 1.033133e+00 2.638071e-09
6.450000e+00 1.200000e-01 7.794748e-02 -2.567436e+00 1.033133e+00 3.451286e-09
6.500000e+00 1.200000e-01 7.794748e-02 -2.567436e+00 1.033133e+00 4.510233e-09
6.550000e+00 1.200000e-01 7.794748e-02 -2.567436e+00 1.033133e+00 5.888302e-09
6.600000e+00 1.200000e-01 7.794748e-02 -2.567436e+00 1.033133e+00 7.680662e-09
6.650000e+00 1.200000e-01 7.794748e-02 -2.567436e+00 1.033133e+00 1.001069e-08
6.700000e+00 1.200000e-01 7.794748e-02 -2.567436e+00 1.033133e+00 1.303830e-08
6.750000e+00 1.200000e-01 7.794748e-02 -2.567436e+00 1.033133e+00 1.697069e-08
6.800000e+00 1.200000e-01 7.794748e-02 -2.567436e+00 1.033133e+00 2.207637e-08
6.850000e+00 1.200000e-01 7.794748e-02 -2.567436e+00 1.033133e+00 2.870281e-08
6.900000e+00 1.200000e-01 7.794748e-02 -2.567436e+00 1.033133e+00 3.730119e-08
6.950000e+00 1.200000e-01 7.794747e-02 -2.567436e+00 1.033133e+00 4.845143e-08
7.000000e+00 1.200000e-01 7.794747e-02 -2.567437e+00 1.033133e+00 6.291855e-08
7.050000e+00 1.200000e-01 7.794747e-02 -2.567437e+00 1.033133e+00 8.164605e-08
7.100000e+00 1.200000e-01 7.794746e-02 -2.567437e+00 1.033133e+00 1.060024e-07
7.150000e+00 1.200000e-01 7.794746e-02 -2.567437e+00 1.033133e+00 1.373049e-07
7.200000e+00 1.200000e-01 7.794745e-02 -2.567438e+00 1.033133e+00 1.786097e-07
7.250000e+00 1.200000e-01 7.794744e-02 -2.567439e+00 1.033133e+00 2.299562e-07
7.300000e+00 1.200000e-01 7.794743e-02 -2.567439e+00 1.033133e+00 3.023743e-07
7.350000e+00 1.200000e-01 7.794741e-02 -2.567441e+00 1.033132e+00 3.802955e-07
7.400000e+00 1.200000e-01 7.794739e-02 -2.567440e+00 1.033132e+00 5.220080e-07
7.450000e+00 1.200000e-01 7.794736e-02 -2.567448e+00 1.033132e+00 6.036375e-07
7.500000e+00 1.200000e-01 7.794733e-02 -2.567434e+00 1.033132e+00 9.536222e-07
7.550000e+00 1.200000e-01 7.794726e-02 -2.567476e+00 1.033132e+00 8.415740e-07
7.600000e+00 1.200000e-01 7.794724e-02 -2.567390e+00 1.033132e+00 1.950984e-06
7.650000e+00 1.200000e-01 7.794707e-02 -2.567590e+00 1.033130e+00 7.144958e-07
7.700000e+00 1.200000e-01 7.794717e-02 -2.567186e+00 1.033134e+00 4.557699e-06
7.750000e+00 1.200000e-01 7.794661e-02 -2.568019e+00 1.033124e+00 -1.051120e-06
7.800000e+00 1.200000e-01 7.794728e-02 -2.566442e+00 1.033141e+00 1.124801e-05
7.850000e+00 1.200000e-01 7.794549e-02 -2.569371e+00 1.033108e+00 -7.075311e-06
7.900000e+00 1.200000e-01 7.794799e-02 -2.564296e+00 1.033161e+00 2.568923e-05
7.950000e+00 1.200000e-01 7.794292e-02 -2.572749e+00 1.033070e+00 -1.913989e-05
8.000000e+00 1.200000e-01 7.794990e-02 -2.559601e+00 1.033205e+00 4.787107e-05
8.050000e+00 1.200000e-01 7.793813e-02 -2.578993e+00 1.033007e+00 -2.970640e-05
8.100000e+00 1.200000e-01 7.795287e-02 -2.552480e+00 1.033261e+00 6.409347e-05
8.150000e+00 1.200000e-01 7.793172e-02 -2.586379e+00 1.032944e+00 -1.449660e-05
8.200000e+00 1.200000e-01 7.795432e-02 -2.546755e+00 1.033280e+00 5.163498e-05
8.250000e+00 1.200000e-01 7.792656e-02 -2.589462e+00 1.032935e+00 4.287246e-05
8.300000e+00 1.200000e-01 7.795003e-02 -2.547981e+00 1.033222e+00 2.724888e-05
8.350000e+00 1.200000e-01 7.792383e-02 -2.585550e+00 1.032963e+00 9.540734e-05
8.400000e+00 1.200000e-01 7.794049e-02 -2.553295e+00 1.033170e+00 7.577694e-05
8.450000e+00 1.200000e-01 7.791626e-02 -2.584246e+00 1.032873e+00 8.067675e-05
8.500000e+00 1.200000e-01 7.793242e-02 -2.549784e+00 1.033256e+00 2.099873e-04
8.550000e+00 1.200000e-01 7.789526e-02 -2.595067e+00 1.032630e+00 1.084543e-04
8.600000e+00 1.200000e-01 7.792158e-02 -2.539642e+00 1.033301e+00 2.753366e-04
8.650000e+00 1.200000e-01 7.786772e-02 -2.602777e+00 1.032519e+00 3.278173e-04
8.700000e+00 1.200000e-01 7.788880e-02 -2.543925e+00 1.033046e+00 3.366447e-04
8.750000e+00 1.200000e-01 7.783406e-02 -2.597336e+00 1.032451e+00 5.344360e-04
8.800000e+00 1.200000e-01 7.783535e-02 -2.551918e+00 1.032860e+00 7.079772e-04
8.850000e+00 1.200000e-01 7.776326e-02 -2.606672e+00 1.031911e+00 7.341890e-04
8.900000e+00 1.200000e-01 7.776193e-02 -2.543876e+00 1.032756e+00 1.162884e-03
8.950000e+00 1.200000e-01 7.764697e-02 -2.624538e+00 1.031321e+00 1.420676e-03
9.000000e+00 1.200000e-01 7.761987e-02 -2.552866e+00 1.031971e+00 1.726677e-03
9.050000e+00 1.200000e-01 7.747430e-02 -2.627389e+00 1.030656e+00 2.334773e-03
9.100000e+00 1.200000e-01 7.738639e-02 -2.572298e+00 1.031023e+00 3.081204e-03
9.150000e+00 1.200000e-01 7.716618e-02 -2.653537e+00 1.028920e+00 3.726682e-03
9.200000e+00 1.200000e-01 7.701372e-02 -2.584390e+00 1.029540e+00 4.951742e-03
9.250000e+00 1.200000e-01 7.667101e-02 -2.690804e+00 1.026695e+00 6.411661e-03
9.300000e+00 1.200000e-01 7.637256e-02 -2.630132e+00 1.026446e+00 8.142230e-03
9.350000e+00 1.200000e-01 7.585679e-02 -2.739938e+00 1.022770e+00 1.035417e-02
9.400000e+00 1.200000e-01 7.533714e-02 -2.694694e+00 1.021944e+00 1.348789e-02
9.450000e+00 1.200000e-01 7.450800e-02 -2.839199e+00 1.016132e+00 1.713820e-02
9.500000e+00 1.200000e-01 7.362332e-02 -2.805472e+00 1.013669e+00 2.187467e-02
9.550000e+00 1.200000e-01 7.232053e-02 -2.992111e+00 1.005285e+00 2.776886e-02
9.600000e+00 1.200000e-01 7.084643e-02 -2.997916e+00 9.999354e-01 3.543455e-02
9.650000e+00 1.200000e-01 6.877708e-02 -3.261225e+00 9.863149e-01 4.445359e-02
9.700000e+00 1.200000e-01 6.640107e-02 -3.314992e+00 9.756037e-01 5.580247e-02
9.750000e+00 1.200000e-01 6.319683e-02 -3.719709e+00 9.531272e-01 6.859103e-02
9.800000e+00 1.200000e-01 5.954197e-02 -3.844792e+00 9.317120e-01 8.357688e-02
9.850000e+00 1.200000e-01 5.483914e-02 -4.493286e+00 8.913285e-01 9.717911e-02
9.900000e+00 1.200000e-01 4.982406e-02 -4.651762e+00 8.456075e-01 1.075131e-01
9.950000e+00 1.200000e-01 4.408783e-02 -5.631026e+00 7.611561e-01 1.012806e-01
1.000000e+01 1.200000e-01 3.969600e-02 -5.481952e+00 0.000000e+00 0.000000e+00
0.000000e+00 1.400000e-01 5.325600e-02 -4.320000e+00 0.000000e+00 0.000000e+00
5.000000e-02 1.400000e-01 5.323857e-02 -4.320047e+00 7.208947e-01 2.912860e-04
1.000000e-01 1.400000e-01 5.322687e-02 -4.320081e+00 7.207387e-01 1.854677e-04
1.500000e-01 1.400000e-01 5.322002e-02 -4.320086e+00 7.207024e-01 1.486251e-04
2.000000e-01 1.400000e-01 5.321201e-02 -4.320027e+00 7.206047e-01 1.739244e-04
2.500000e-01 1.400000e-01 5.320263e-02 -4.319856e+00 7.204084e-01 1.120966e-04
3.000000e-01 1.400000e-01 5.320080e-02 -4.319479e+00 7.203421e-01 -7.576149e-05
3.500000e-01 1.400000e-01 5.321021e-02 -4.318991e+00 7.205206e-01 -2.034624e-04
4.000000e-01 1.400000e-01 5.322115e-02 -4.318589e+00 7.206916e-01 -1.625942e-04
4.500000e-01 1.400000e-01 5.322647e-02 -4.318126e+00 7.206646e-01 -1.449143e-04
5.000000e-01 1.400000e-01 5.323564e-02 -4.317166e+00 7.207164e-01 -3.377939e-04
5.500000e-01 1.400000e-01 5.326025e-02 -4.315728e+00 7.211987e-01 -5.952041e-04
6.000000e-01 1.400000e-01 5.329516e-02 -4.314532e+00 7.219805e-01 -6.915207e-04
6.500000e-01 1.400000e-01 5.332940e-02 -4.313997e+00 7.226836e-01 -7.557995e-04
7.000000e-01 1.400000e-01 5.337074e-02 -4.313310e+00 7.233188e-01 -1.139428e-03
7.500000e-01 1.400000e-01 5.344334e-02 -4.311219e+00 7.242427e-01 -1.921163e-03
8.000000e-01 1.400000e-01 5.356285e-02 -4.307510e+00 7.255469e-01 -2.845072e-03
8.500000e-01 1.400000e-01 5.372785e-02 -4.302373e+00 7.268739e-01 -3.762519e-03
9.000000e-01 1.400000e-01 5.393911e-02 -4.293664e+00 7.279543e-01 -4.850362e-03
9.500000e-01 1.400000e-01 5.421289e-02 -4.276423e+00 7.289869e-01 -6.277270e-03
1.000000e+00 1.400000e-01 5.456683e-02 -4.247348e+00 7.303174e-01 -7.882581e-03
1.050000e+00 1.400000e-01 5.500114e-02 -4.209518e+00 7.319599e-01 -9.373946e-03
1.100000e+00 1.400000e-01 5.550423e-02 -4.169579e+00 7.336768e-01 -1.071762e-02
1.150000e+00 1.400000e-01 5.607291e-02 -4.128330e+00 7.354066e-01 -1.211535e-02
1.200000e+00 1.400000e-01 5.671576e-02 -4.076697e+00 7.373344e-01 -1.364887e-02
1.250000e+00 1.400000e-01 5.743779e-02 -4.005299e+00 7.396064e-01 -1.516481e-02
1.300000e+00 1.400000e-01 5.823224e-02 -3.918755e+00 7.422199e-01 -1.652915e-02
1.350000e+00 1.400000e-01 5.909071e-02 -3.836344e+00 7.452062e-01 -1.780613e-02
1.400000e+00 1.400000e-01 6.001286e-02 -3.773749e+00 7.486474e-01 -1.911339e-02
1.450000e+00 1.400000e-01 6.100205e-02 -3.723196e+00 7.524327e-01 -2.045314e-02
1.500000e+00 1.400000e-01 6.205817e-02 -3.654352e+00 7.562431e-01 -2.178501e-02
1.550000e+00 1.400000e-01 6.318055e-02 -3.539119e+00 7.599802e-01 -2.315234e-02
1.600000e+00 1.400000e-01 6.437340e-02 -3.379329e+00 7.641034e-01 -2.460571e-02
1.650000e+00 1.400000e-01 6.564112e-02 -3.212280e+00 7.693334e-01 -2.605408e-02
1.700000e+00 1.400000e-01 6.697881e-02 -3.088466e+00 7.759857e-01 -2.732622e-02
1.750000e+00 1.400000e-01 6.837374e-02 -3.038001e+00 7.836455e-01 -2.839957e-02
1.800000e+00 1.400000e-01 6.981877e-02 -3.049446e+00 7.914594e-01 -2.948774e-02
1.850000e+00 1.400000e-01 7.132251e-02 -3.074183e+00 7.986744e-01 -3.087286e-02
1.900000e+00 1.400000e-01 7.290605e-02 -3.051092e+00 8.049839e-01 -3.270684e-02
1.950000e+00 1.400000e-01 7.459320e-02 -2.934727e+00 8.106260e-01 -3.500338e-02
2.000000e+00 1.400000e-01 7.640639e-02 -2.711218e+00 8.163906e-01 -3.775257e-02
2.050000e+00 1.400000e-01 7.836846e-02 -2.396788e+00 8.235723e-01 -4.093002e-02
2.100000e+00 1.400000e-01 8.049939e-02 -2.025692e+00 8.337563e-01 -4.432520e-02
2.150000e+00 1.400000e-01 8.280098e-02 -1.638140e+00 8.483693e-01 -4.736425e-02
2.200000e+00 1.400000e-01 8.523582e-02 -1.273314e+00 8.681240e-01 -4.916051e-02
2.250000e+00 1.400000e-01 8.771703e-02 -9.659477e-01 8.926263e-01 -4.884019e-02
2.300000e+00 1.400000e-01 9.011984e-02 -7.430430e-01 9.203704e-01 -4.595440e-02
2.350000e+00 1.400000e-01 9.231247e-02 -6.193948e-01 9.491407e-01 -4.071245e-02
2.400000e+00 1.400000e-01 9.419108e-02 -5.937429e-01 9.766292e-01 -3.390147e-02
2.450000e+00 1.400000e-01 9.570261e-02 -6.488785e-01 1.001000e+00 -2.656805e-02
2.500000e+00 1.400000e-01 9.684789e-02 -7.571273e-01 1.021201e+00 -1.966017e-02
2.550000e+00 1.400000e-01 9.766863e-02 -8.888921e-01 1.036981e+00 -1.379886e-02
2.600000e+00 1.400000e-01 9.822777e-02 -1.020056e+00 1.048692e+00 -9.231401e-03
2.650000e+00 1.400000e-01 9.859177e-02 -1.135490e+00 1.057014e+00 -5.914758e-03
2.700000e+00 1.400000e-01 9.881925e-02 -1.228701e+00 1.062718e+00 -3.644383e-03
2.750000e+00 1.400000e-01 9.895621e-02 -1.299348e+00 1.066517e+00 -2.165441e-03
2.800000e+00 1.400000e-01 9.903579e-02 -1.350414e+00 1.068988e+00 -1.241789e-03
2.850000e+00 1.400000e-01 9.908039e-02 -1.386044e+00 1.070567e+00 -6.856455e-04
2.900000e+00 1.400000e-01 9.910436e-02 -1.410260e+00 1.071562e+00 -3.617042e-04
2.950000e+00 1.400000e-01 9.911656e-02 -1.426410e+00 1.072181e+00 -1.790370e-04
3.000000e+00 1.400000e-01 9.912226e-02 -1.437033e+00 1.072563e+00 -7.962305e-05
3.050000e+00 1.400000e-01 9.912452e-02 -1.443954e+00 1.072797e+00 -2.787800e-05
3.100000e+00 1.400000e-01 9.912505e-02 -1.448431e+00 1.072938e+00 -2.651504e-06
3.150000e+00 1.400000e-01 9.912479e-02 -1.451314e+00 1.073023e+00 8.301999e-06
3.200000e+00 1.400000e-01 9.912422e-02 -1.453162e+00 1.073073e+00 1.190352e-05
3.250000e+00 1.400000e-01 9.912360e-02 -1.454344e+00 1.073103e+00 1.196673e-05
3.300000e+00 1.400000e-01 9.912302e-02 -1.455096e+00 1.073120e+00 1.052879e-05
3.350000e+00 1.400000e-01 9.912254e-02 -1.455575e+00 1.073129e+00 8.631199e-06
3.400000e+00 1.400000e-01 9.912216e-02 -1.455877e+00 1.073135e+00 6.769844e-06
3.450000e+00 1.400000e-01 9.912187e-02 -1.456068e+00 1.073137e+00 5.150430e-06
3.500000e+00 1.400000e-01 9.912165e-02 -1.456189e+00 1.073139e+00 3.831058e-06
3.550000e+00 1.400000e-01 9.912148e-02 -1.456264e+00 1.073139e+00 2.800181e-06
3.600000e+00 1.400000e-01 9.912137e-02 -1.456311e+00 1.073139e+00 2.017984e-06
3.650000e+00 1.400000e-01 9.912128e-02 -1.456340e+00 1.073139e+00 1.437365e-06
3.700000e+00 1.400000e-01 9.912122e-02 -1.456358e+00 1.073139e+00 1.013766e-06
3.750000e+00 1.400000e-01 9.912118e-02 -1.456369e+00 1.073139e+00 7.090657e-07
3.800000e+00 1.400000e-01 9.912115e-02 -1.456376e+00 1.073139e+00 4.924922e-07
3.850000e+00 1.400000e-01 9.912113e-02 -1.456380e+00 1.073139e+00 3.401336e-07
3.900000e+00 1.400000e-01 9.912112e-02 -1.456383e+00 1.073139e+00 2.339104e-07
3.950000e+00 1.400000e-01 9.912111e-02 -1.456384e+00 1.073139e+00 1.604351e-07
4.000000e+00 1.400000e-01 9.912110e-02 -1.456385e+00 1.073139e+00 1.099597e-07
4.050000e+00 1.400000e-01 9.912110e-02 -1.456386e+00 1.073139e+00 7.548455e-08
4.100000e+00 1.400000e-01 9.912109e-02 -1.456386e+00 1.073139e+00 5.204442e-08
4.150000e+00 1.400000e-01 9.912109e-02 -1.456387e+00 1.073139e+00 3.615478e-08
4.200000e+00 1.400000e-01 9.912109e-02 -1.456387e+00 1.073139e+00 2.539437e-08
4.250000e+00 1.400000e-01 9.912109e-02 -1.456387e+00 1.073139e+00 1.809620e-08
4.300000e+00 1.400000e-01 9.912109e-02 -1.456387e+00 1.073139e+00 1.312259e-08
4.350000e+00 1.400000e-01 9.912109e-02 -1.456387e+00 1.073139e+00 9.703572e-09
4.400000e+00 1.400000e-01 9.912109e-02 -1.456387e+00 1.073139e+00 7.322246e-09
4.450000e+00 1.400000e-01 9.912109e-02 -1.456387e+00 1.073139e+00 5.634203e-09
4.500000e+00 1.400000e-01 9.912109e-02 -1.456387e+00 1.073139e+00 4.411543e-09
4.550000e+00 1.400000e-01 9.912109e-02 -1.456387e+00 1.073139e+00 3.504325e-09
4.600000e+00 1.400000e-01 9.912109e-02 -1.456387e+00 1.073139e+00 2.814276e-09
4.650000e+00 1.400000e-01 9.912109e-02 -1.456387e+00 1.073139e+00 2.277046e-09
4.700000e+00 1.400000e-01 9.912109e-02 -1.456387e+00 1.073139e+00 1.850338e-09
4.750000e+00 1.400000e-01 9.912109e-02 -1.456387e+00 1.073139e+00 1.506066e-09
4.800000e+00 1.400000e-01 9.912109e-02 -1.456387e+00 1.073139e+00 1.225236e-09
4.850000e+00 1.400000e-01 9.912109e-02 -1.456387e+00 1.073139e+00 9.946369e-10
4.900000e+00 1.400000e-01 9.912109e-02 -1.456387e+00 1.073139e+00 8.047404e-10
4.950000e+00 1.400000e-01 9.912109e-02 -1.456387e+00 1.073139e+00 6.483884e-10
5.000000e+00 1.400000e-01 9.912109e-02 -1.456387e+00 1.073139e+00 5.199755e-10
5.050000e+00 1.400000e-01 9.912109e-02 -1.456387e+00 1.073139e+00 4.149557e-10
5.100000e+00 1.400000e-01 9.912109e-02 -1.456387e+00 1.073139e+00 3.295507e-10
5.150000e+00 1.400000e-01 9.912109e-02 -1.456387e+00 1.073139e+00 2.605699e-10
5.200000e+00 1.400000e-01 9.912109e-02 -1.456387e+00 1.073139e+00 2.053031e-10
5.250000e+00 1.400000e-01 9.912109e-02 -1.456387e+00 1.073139e+00 1.614545e-10
5.300000e+00 1.400000e-01 9.912109e-02 -1.456387e+00 1.073139e+00 1.270985e-10
5.350000e+00 1.400000e-01 9.912109e-02 -1.456387e+00 1.073139e+00 1.006478e-10
5.400000e+00 1.400000e-01 9.912109e-02 -1.456387e+00 1.073139e+00 8.082951e-11
5.450000e+00 1.400000e-01 9.912109e-02 -1.456387e+00 1.073139e+00 6.666612e-11
5.500000e+00 1.400000e-01 9.912109e-02 -1.456387e+00 1.073139e+00 5.746417e-11
5.550000e+00 1.400000e-01 9.912109e-02 -1.456387e+00 1.073139e+00 5.280623e-11
5.600000e+00 1.400000e-01 9.912109e-02 -1.456387e+00 1.073139e+00 5.255657e-11
5.650000e+00 1.400000e-01 9.912109e-02 -1.456387e+00 1.073139e+00 5.687326e-11
5.700000e+00 1.400000e-01 9.912109e-02 -1.456387e+00 1.073139e+00 6.623563e-11
5.750000e+00 1.400000e-01 9.912109e-02 -1.456387e+00 1.073139e+00 8.148940e-11
5.800000e+00 1.400000e-01 9.912109e-02 -1.456387e+00 1.073139e+00 1.039151e-10
5.850000e+00 1.400000e-01 9.912109e-02 -1.456387e+00 1.073139e+00 1.353191e-10
5.900000e+00 1.400000e-01 9.912109e-02 -1.456387e+00 1.073139e+00 1.781640e-10
5.950000e+00 1.400000e-01 9.912109e-02 -1.456387e+00 1.073139e+00 2.357434e-10
6.000000e+00 1.400000e-01 9.912109e-02 -1.456387e+00 1.073139e+00 3.124088e-10
6.050000e+00 1.400000e-01 9.912109e-02 -1.456387e+00 1.073139e+00 4.138744e-10
6.100000e+00 1.400000e-01 9.912108e-02 -1.456387e+00 1.073139e+00 5.476089e-10
6.150000e+00 1.400000e-01 9.912108e-02 -1.456387e+00 1.073139e+00 7.233576e-10
6.200000e+00 1.400000e-01 9.912108e-02 -1.456387e+00 1.073139e+00 9.538086e-10
6.250000e+00 1.400000e-01 9.912108e-02 -1.456387e+00 1.073139e+00 1.255462e-09
6.300000e+00 1.400000e-01 9.912108e-02 -1.456387e+00 1.073139e+00 1.649768e-09
6.350000e+00 1.400000e-01 9.912108e-02 -1.456387e+00 1.073139e+00 2.164588e-09
6.400000e+00 1.400000e-01 9.912108e-02 -1.456387e+00 1.073139e+00 2.836093e-09
6.450000e+00 1.400000e-01 9.912108e-02 -1.456387e+00 1.073139e+00 3.711235e-09
6.500000e+00 1.400000e-01 9.912108e-02 -1.456387e+00 1.073139e+00 4.850926e-09
6.550000e+00 1.400000e-01 9.912108e-02 -1.456387e+00 1.073139e+00 6.334169e-09
6.600000e+00 1.400000e-01 9.912108e-02 -1.456387e+00 1.073139e+00 8.263411e-09
6.650000e+00 1.400000e-01 9.912108e-02 -1.456387e+00 1.073139e+00 1.077145e-08
6.700000e+00 1.400000e-01 9.912108e-02 -1.456387e+00 1.073139e+00 1.403042e-08
6.750000e+00 1.400000e-01 9.912108e-02 -1.456387e+00 1.073139e+00 1.826330e-08
6.800000e+00 1.400000e-01 9.912108e-02 -1.456387e+00 1.073139e+00 2.375912e-08
6.850000e+00 1.400000e-01 9.912108e-02 -1.456387e+00 1.073139e+00 3.089163e-08
6.900000e+00 1.400000e-01 9.912108e-02 -1.456388e+00 1.073139e+00 4.014684e-08
6.950000e+00 1.400000e-01 9.912108e-02 -1.456388e+00 1.073139e+00 5.214707e-08
7.000000e+00 1.400000e-01 9.912107e-02 -1.456388e+00 1.073139e+00 6.772075e-08
7.050000e+00 1.400000e-01 9.912107e-02 -1.456388e+00 1.073139e+00 8.786601e-08
7.100000e+00 1.400000e-01 9.912106e-02 -1.456388e+00 1.073139e+00 1.141070e-07
7.150000e+00 1.400000e-01 9.912106e-02 -1.456388e+00 1.073139e+00 1.477050e-07
7.200000e+00 1.400000e-01 9.912105e-02 -1.456389e+00 1.073139e+00 1.923981e-07
7.250000e+00 1.400000e-01 9.912104e-02 -1.456389e+00 1.073139e+00 2.469620e-07
7.300000e+00 1.400000e-01 9.912102e-02 -1.456389e+00 1.073138e+00 3.267036e-07
7.350000e+00 1.400000e-01 9.912101e-02 -1.456392e+00 1.073138e+00 4.058172e-07
7.400000e+00 1.400000e-01 9.912098e-02 -1.456388e+00 1.073138e+00 5.700093e-07
7.450000e+00 1.400000e-01 9.912095e-02 -1.456401e+00 1.073138e+00 6.296389e-07
7.500000e+00 1.400000e-01 9.912092e-02 -1.456373e+00 1.073138e+00 1.071084e-06
7.550000e+00 1.400000e-01 9.912084e-02 -1.456444e+00 1.073138e+00 8.066267e-07
7.600000e+00 1.400000e-01 9.912084e-02 -1.456291e+00 1.073138e+00 2.304957e-06
7.650000e+00 1.400000e-01 9.912061e-02 -1.456629e+00 1.073136e+00 3.570962e-07
7.700000e+00 1.400000e-01 9.912080e-02 -1.455941e+00 1.073140e+00 5.681467e-06
7.750000e+00 1.400000e-01 9.912004e-02 -1.457318e+00 1.073131e+00 -2.528308e-06
7.800000e+00 1.400000e-01 9.912106e-02 -1.454731e+00 1.073147e+00 1.445407e-05
7.850000e+00 1.400000e-01 9.911860e-02 -1.459417e+00 1.073117e+00 -1.132514e-05
7.900000e+00 1.400000e-01 9.912219e-02 -1.451421e+00 1.073165e+00 3.303694e-05
7.950000e+00 1.400000e-01 9.911529e-02 -1.464412e+00 1.073086e+00 -2.776559e-05
8.000000e+00 1.400000e-01 9.912497e-02 -1.444622e+00 1.073202e+00 5.993566e-05
8.050000e+00 1.400000e-01 9.910930e-02 -1.472998e+00 1.073035e+00 -4.040314e-05
8.100000e+00 1.400000e-01 9.912901e-02 -1.435233e+00 1.073248e+00 7.527579e-05
8.150000e+00 1.400000e-01 9.910177e-02 -1.481907e+00 1.072989e+00 -1.758420e-05
8.200000e+00 1.400000e-01 9.913076e-02 -1.429132e+00 1.073259e+00 5.182940e-05
8.250000e+00 1.400000e-01 9.909659e-02 -1.483861e+00 1.072990e+00 5.404666e-05
8.300000e+00 1.400000e-01 9.912536e-02 -1.432196e+00 1.073212e+00 2.191454e-05
8.350000e+00 1.400000e-01 9.909440e-02 -1.478494e+00 1.073010e+00 1.017853e-04
8.400000e+00 1.400000e-01 9.911518e-02 -1.436402e+00 1.073196e+00 9.632419e-05
8.450000e+00 1.400000e-01 9.908477e-02 -1.481452e+00 1.072908e+00 5.821339e-05
8.500000e+00 1.400000e-01 9.910936e-02 -1.425585e+00 1.073309e+00 2.569068e-04
8.550000e+00 1.400000e-01 9.905907e-02 -1.498812e+00 1.072702e+00 9.890367e-05
8.600000e+00 1.400000e-01 9.909947e-02 -1.412254e+00 1.073348e+00 2.884454e-04
8.650000e+00 1.400000e-01 9.903023e-02 -1.503375e+00 1.072665e+00 3.768650e-04
8.700000e+00 1.400000e-01 9.906178e-02 -1.421351e+00 1.073130e+00 3.452042e-04
8.750000e+00 1.400000e-01 9.899571e-02 -1.495186e+00 1.072630e+00 5.552708e-04
8.800000e+00 1.400000e-01 9.900626e-02 -1.422383e+00 1.073082e+00 8.127530e-04
8.850000e+00 1.400000e-01 9.891443e-02 -1.515103e+00 1.072149e+00 7.373758e-04
8.900000e+00 1.400000e-01 9.893252e-02 -1.403292e+00 1.073108e+00 1.256330e-03
8.950000e+00 1.400000e-01 9.878880e-02 -1.530914e+00 1.071784e+00 1.560081e-03
9.000000e+00 1.400000e-01 9.877651e-02 -1.416165e+00 1.072499e+00 1.828383e-03
9.050000e+00 1.400000e-01 9.860596e-02 -1.527912e+00 1.071388e+00 2.471454e-03
9.100000e+00 1.400000e-01 9.852937e-02 -1.421697e+00 1.072013e+00 3.388007e-03
9.150000e+00 1.400000e-01 9.826716e-02 -1.563344e+00 1.070048e+00 3.952706e-03
9.200000e+00 1.400000e-01 9.813409e-02 -1.418148e+00 1.071141e+00 5.300047e-03
9.250000e+00 1.400000e-01 9.773716e-02 -1.588440e+00 1.068697e+00 6.919953e-03
9.300000e+00 1.400000e-01 9.744210e-02 -1.452973e+00 1.069044e+00 8.791845e-03
9.350000e+00 1.400000e-01 9.685797e-02 -1.630906e+00 1.066003e+00 1.104893e-02
9.400000e+00 1.400000e-01 9.633721e-02 -1.480779e+00 1.066370e+00 1.457605e-02
9.450000e+00 1.400000e-01 9.540037e-02 -1.713811e+00 1.061556e+00 1.848693e-02
9.500000e+00 1.400000e-01 9.448851e-02 -1.552790e+00 1.060826e+00 2.364436e-02
9.550000e+00 1.400000e-01 9.303593e-02 -1.831258e+00 1.054353e+00 2.998796e-02
9.600000e+00 1.400000e-01 9.148972e-02 -1.673275e+00 1.051844e+00 3.858273e-02
9.650000e+00 1.400000e-01 8.917766e-02 -2.047988e+00 1.041304e+00 4.849930e-02
9.700000e+00 1.400000e-01 8.663979e-02 -1.885484e+00 1.034923e+00 6.140553e-02
9.750000e+00 1.400000e-01 8.303711e-02 -2.418254e+00 1.017724e+00 7.613233e-02
9.800000e+00 1.400000e-01 7.902656e-02 -2.267002e+00 1.002486e+00 9.449642e-02
9.850000e+00 1.400000e-01 7.358746e-02 -3.079430e+00 9.698147e-01 1.130431e-01
9.900000e+00 1.400000e-01 6.772225e-02 -2.935595e+00 9.302561e-01 1.325872e-01
9.950000e+00 1.400000e-01 6.032874e-02 -4.192955e+00 8.526210e-01 1.446625e-01
1.000000e+01 1.400000e-01 5.325600e-02 -3.978545e+00 0.000000e+00 0.000000e+00
0.000000e+00 1.600000e-01 6.854400e-02 -4.080000e+00 0.000000e+00 0.000000e+00
5.000000e-02 1.600000e-01 6.852001e-02 -4.080030e+00 8.048351e-01 3.873129e-04
1.000000e-01 1.600000e-01 6.850527e-02 -4.080282e+00 8.046921e-01 2.183294e-04
1.500000e-01 1.600000e-01 6.849818e-02 -4.080334e+00 8.047216e-01 1.705631e-04
2.000000e-01 1.600000e-01 6.848821e-02 -4.079899e+00 8.046247e-01 2.401797e-04
2.500000e-01 1.600000e-01 6.847416e-02 -4.079807e+00 8.043331e-01 1.758585e-04
3.000000e-01 1.600000e-01 6.847063e-02 -4.080211e+00 8.042251e-01 -1.012732e-04
3.500000e-01 1.600000e-01 6.848429e-02 -4.079800e+00 8.044951e-01 -2.851431e-04
4.000000e-01 1.600000e-01 6.849914e-02 -4.078314e+00 8.047246e-01 -1.877620e-04
4.500000e-01 1.600000e-01 6.850306e-02 -4.077637e+00 8.045870e-01 -1.299103e-04
5.000000e-01 1.600000e-01 6.851213e-02 -4.078363e+00 8.045089e-01 -4.344755e-04
5.500000e-01 1.600000e-01 6.854651e-02 -4.077788e+00 8.050201e-01 -8.558471e-04
6.000000e-01 1.600000e-01 6.859772e-02 -4.074248e+00 8.058785e-01 -9.878436e-04
6.500000e-01 1.600000e-01 6.864530e-02 -4.071039e+00 8.064878e-01 -9.950404e-04
7.000000e-01 1.600000e-01 6.869722e-02 -4.071562e+00 8.068957e-01 -1.412796e-03
7.500000e-01 1.600000e-01 6.878658e-02 -4.072056e+00 8.076565e-01 -2.343087e-03
8.000000e-01 1.600000e-01 6.893153e-02 -4.065155e+00 8.088839e-01 -3.353887e-03
8.500000e-01 1.600000e-01 6.912196e-02 -4.051734e+00 8.100472e-01 -4.201068e-03
9.000000e-01 1.600000e-01 6.935164e-02 -4.041957e+00 8.108082e-01 -5.189201e-03
9.500000e-01 1.600000e-01 6.964088e-02 -4.039095e+00 8.114553e-01 -6.636633e-03
1.000000e+00 1.600000e-01 7.001530e-02 -4.028526e+00 8.123342e-01 -8.348780e-03
1.050000e+00 1.600000e-01 7.047576e-02 -3.993447e+00 8.133125e-01 -9.902634e-03
1.100000e+00 1.600000e-01 7.100556e-02 -3.941314e+00 8.141500e-01 -1.124013e-02
1.150000e+00 1.600000e-01 7.159977e-02 -3.901278e+00 8.150369e-01 -1.264285e-02
1.200000e+00 1.600000e-01 7.226985e-02 -3.886979e+00 8.162612e-01 -1.423060e-02
1.250000e+00 1.600000e-01 7.302284e-02 -3.870441e+00 8.176101e-01 -1.582915e-02
1.300000e+00 1.600000e-01 7.385276e-02 -3.807547e+00 8.186562e-01 -1.732349e-02
1.350000e+00 1.600000e-01 7.475518e-02 -3.692804e+00 8.196345e-01 -1.881459e-02
1.400000e+00 1.600000e-01 7.573422e-02 -3.577671e+00 8.214143e-01 -2.033735e-02
1.450000e+00 1.600000e-01 7.678892e-02 -3.523742e+00 8.243617e-01 -2.171802e-02
1.500000e+00 1.600000e-01 7.790602e-02 -3.535911e+00 8.276393e-01 -2.288717e-02
1.550000e+00 1.600000e-01 7.907764e-02 -3.545929e+00 8.300271e-01 -2.413432e-02
1.600000e+00 1.600000e-01 8.031946e-02 -3.467328e+00 8.313339e-01 -2.581965e-02
1.650000e+00 1.600000e-01 8.165960e-02 -3.271393e+00 8.327508e-01 -2.789829e-02
1.700000e+00 1.600000e-01 8.310928e-02 -3.016907e+00 8.358725e-01 -2.991366e-02
1.750000e+00 1.600000e-01 8.465097e-02 -2.811646e+00 8.414886e-01 -3.146275e-02
1.800000e+00 1.600000e-01 8.625556e-02 -2.739062e+00 8.491179e-01 -3.255109e-02
1.850000e+00 1.600000e-01 8.790608e-02 -2.804939e+00 8.573259e-01 -3.350574e-02
1.900000e+00 1.600000e-01 8.960613e-02 -2.936693e+00 8.644053e-01 -3.470553e-02
1.950000e+00 1.600000e-01 9.137663e-02 -3.028225e+00 8.691509e-01 -3.648110e-02
2.000000e+00 1.600000e-01 9.325424e-02 -2.995708e+00 8.715243e-01 -3.915564e-02
2.050000e+00 1.600000e-01 9.529219e-02 -2.808872e+00 8.728953e-01 -4.296496e-02
2.100000e+00 1.600000e-01 9.755074e-02 -2.487574e+00 8.756647e-01 -4.777798e-02
2.150000e+00 1.600000e-01 1.000700e-01 -2.080000e+00 8.824040e-01 -5.284652e-02
2.200000e+00 1.600000e-01 1.028354e-01 -1.642149e+00 8.948956e-01 -5.687942e-02
2.250000e+00 1.600000e-01 1.057579e-01 -1.225484e+00 9.134886e-01 -5.849863e-02
2.300000e+00 1.600000e-01 1.086853e-01 -8.704812e-01 9.370238e-01 -5.682860e-02
2.350000e+00 1.600000e-01 1.114408e-01 -6.030636e-01 9.632961e-01 -5.186522e-02
2.400000e+00 1.600000e-01 1.138718e-01 -4.328198e-01 9.897790e-01 -4.443365e-02
2.450000e+00 1.600000e-01 1.158842e-01 -3.534492e-01 1.014288e+00 -3.581246e-02
2.500000e+00 1.600000e-01 1.174530e-01 -3.463109e-01 1.035379e+00 -2.726693e-02
2.550000e+00 1.600000e-01 1.186109e-01 -3.867182e-01 1.052429e+00 -1.971509e-02
2.600000e+00 1.600000e-01 1.194245e-01 -4.507470e-01 1.065500e+00 -1.361540e-02
2.650000e+00 1.600000e-01 1.199724e-01 -5.199818e-01 1.075080e+00 -9.033614e-03
2.700000e+00 1.600000e-01 1.203279e-01 -5.831086e-01 1.081845e+00 -5.789862e-03
2.750000e+00 1.600000e-01 1.205514e-01 -6.350198e-01 1.086481e+00 -3.601806e-03
2.800000e+00 1.600000e-01 1.206881e-01 -6.748168e-01 1.089581e+00 -2.182935e-03
2.850000e+00 1.600000e-01 1.207697e-01 -7.038418e-01 1.091616e+00 -1.292004e-03
2.900000e+00 1.600000e-01 1.208173e-01 -7.242616e-01 1.092931e+00 -7.472527e-04
2.950000e+00 1.600000e-01 1.208444e-01 -7.382585e-01 1.093772e+00 -4.216342e-04
3.000000e+00 1.600000e-01 1.208594e-01 -7.476758e-01 1.094305e+00 -2.309574e-04
3.050000e+00 1.600000e-01 1.208675e-01 -7.539288e-01 1.094639e+00 -1.215636e-04
3.100000e+00 1.600000e-01 1.208716e-01 -7.580421e-01 1.094848e+00 -6.022551e-05
3.150000e+00 1.600000e-01 1.208735e-01 -7.607301e-01 1.094978e+00 -2.681098e-05
3.200000e+00 1.600000e-01 1.208743e-01 -7.624782e-01 1.095058e+00 -9.330168e-06
3.250000e+00 1.600000e-01 1.208744e-01 -7.636110e-01 1.095107e+00 -7.474732e-07
3.300000e+00 1.600000e-01 1.208743e-01 -7.643428e-01 1.095137e+00 3.006035e-06
3.350000e+00 1.600000e-01 1.208741e-01 -7.648144e-01 1.095154e+00 4.245331e-06
3.400000e+00 1.600000e-01 1.208739e-01 -7.651175e-01 1.095165e+00 4.260393e-06
3.450000e+00 1.600000e-01 1.208737e-01 -7.653119e-01 1.095171e+00 3.749635e-06
3.500000e+00 1.600000e-01 1.208735e-01 -7.654363e-01 1.095175e+00 3.075247e-06
3.550000e+00 1.600000e-01 1.208734e-01 -7.655157e-01 1.095177e+00 2.412217e-06
3.600000e+00 1.600000e-01 1.208733e-01 -7.655662e-01 1.095178e+00 1.834338e-06
3.650000e+00 1.600000e-01 1.208732e-01 -7.655983e-01 1.095179e+00 1.363100e-06
3.700000e+00 1.600000e-01 1.208732e-01 -7.656187e-01 1.095179e+00 9.949097e-07
3.750000e+00 1.600000e-01 1.208731e-01 -7.656316e-01 1.095179e+00 7.157936e-07
3.800000e+00 1.600000e-01 1.208731e-01 -7.656397e-01 1.095179e+00 5.089708e-07
3.850000e+00 1.600000e-01 1.208731e-01 -7.656449e-01 1.095179e+00 3.584583e-07
3.900000e+00 1.600000e-01 1.208731e-01 -7.656482e-01 1.095179e+00 2.505365e-07
3.950000e+00 1.600000e-01 1.208731e-01 -7.656503e-01 1.095179e+00 1.741129e-07
4.000000e+00 1.600000e-01 1.208730e-01 -7.656516e-01 1.095179e+00 1.205676e-07
4.050000e+00 1.600000e-01 1.208730e-01 -7.656524e-01 1.095179e+00 8.339090e-08
4.100000e+00 1.600000e-01 1.208730e-01 -7.656530e-01 1.095179e+00 5.777356e-08
4.150000e+00 1.600000e-01 1.208730e-01 -7.656534e-01 1.095179e+00 4.022593e-08
4.200000e+00 1.600000e-01 1.208730e-01 -7.656536e-01 1.095179e+00 2.825389e-08
4.250000e+00 1.600000e-01 1.208730e-01 -7.656538e-01 1.095179e+00 2.009855e-08
4.300000e+00 1.600000e-01 1.208730e-01 -7.656539e-01 1.095179e+00 1.453448e-08
4.350000e+00 1.600000e-01 1.208730e-01 -7.656540e-01 1.095179e+00 1.071748e-08
4.400000e+00 1.600000e-01 1.208730e-01 -7.656541e-01 1.095179e+00 8.072214e-09
4.450000e+00 1.600000e-01 1.208730e-01 -7.656541e-01 1.095179e+00 6.210560e-09
4.500000e+00 1.600000e-01 1.208730e-01 -7.656541e-01 1.095179e+00 4.873236e-09
4.550000e+00 1.600000e-01 1.208730e-01 -7.656542e-01 1.095179e+00 3.888590e-09
4.600000e+00 1.600000e-01 1.208730e-01 -7.656542e-01 1.095179e+00 3.143864e-09
4.650000e+00 1.600000e-01 1.208730e-01 -7.656542e-01 1.095179e+00 2.565423e-09
4.700000e+00 1.600000e-01 1.208730e-01 -7.656542e-01 1.095179e+00 2.105282e-09
4.750000e+00 1.600000e-01 1.208730e-01 -7.656542e-01 1.095179e+00 1.732072e-09
4.800000e+00 1.600000e-01 1.208730e-01 -7.656542e-01 1.095179e+00 1.425053e-09
4.850000e+00 1.600000e-01 1.208730e-01 -7.656542e-01 1.095179e+00 1.170203e-09
4.900000e+00 1.600000e-01 1.208730e-01 -7.656542e-01 1.095179e+00 9.577078e-10
4.950000e+00 1.600000e-01 1.208730e-01 -7.656542e-01 1.095179e+00 7.803883e-10
5.000000e+00 1.600000e-01 1.208730e-01 -7.656542e-01 1.095179e+00 6.327194e-10
5.050000e+00 1.600000e-01 1.208730e-01 -7.656542e-01 1.095179e+00 5.102489e-10
5.100000e+00 1.600000e-01 1.208730e-01 -7.656542e-01 1.095179e+00 4.092549e-10
5.150000e+00 1.600000e-01 1.208730e-01 -7.656542e-01 1.095179e+00 3.265492e-10
5.200000e+00 1.600000e-01 1.208730e-01 -7.656542e-01 1.095179e+00 2.593714e-10
5.250000e+00 1.600000e-01 1.208730e-01 -7.656542e-01 1.095179e+00 2.053306e-10
5.300000e+00 1.600000e-01 1.208730e-01 -7.656542e-01 1.095179e+00 1.623716e-10
5.350000e+00 1.600000e-01 1.208730e-01 -7.656542e-01 1.095179e+00 1.287577e-10
5.400000e+00 1.600000e-01 1.208730e-01 -7.656542e-01 1.095179e+00 1.030571e-10
5.450000e+00 1.600000e-01 1.208730e-01 -7.656542e-01 1.095179e+00 8.413520e-11
5.500000e+00 1.600000e-01 1.208730e-01 -7.656542e-01 1.095179e+00 7.115156e-11
5.550000e+00 1.600000e-01 1.208730e-01 -7.656542e-01 1.095179e+00 6.355610e-11
5.600000e+00 1.600000e-01 1.208730e-01 -7.656542e-01 1.095179e+00 6.110071e-11
5.650000e+00 1.600000e-01 1.208730e-01 -7.656542e-01 1.095179e+00 6.385448e-11
5.700000e+00 1.600000e-01 1.208730e-01 -7.656542e-01 1.095179e+00 7.223278e-11
5.750000e+00 1.600000e-01 1.208730e-01 -7.656542e-01 1.095179e+00 8.704690e-11
5.800000e+00 1.600000e-01 1.208730e-01 -7.656542e-01 1.095179e+00 1.095719e-10
5.850000e+00 1.600000e-01 1.208730e-01 -7.656542e-01 1.095179e+00 1.416453e-10
5.900000e+00 1.600000e-01 1.208730e-01 -7.656542e-01 1.095179e+00 1.858001e-10
5.950000e+00 1.600000e-01 1.208730e-01 -7.656542e-01 1.095179e+00 2.454439e-10
6.000000e+00 1.600000e-01 1.208730e-01 -7.656542e-01 1.095179e+00 3.251002e-10
6.050000e+00 1.600000e-01 1.208730e-01 -7.656542e-01 1.095179e+00 4.307230e-10
6.100000e+00 1.600000e-01 1.208730e-01 -7.656542e-01 1.095179e+00 5.701047e-10
6.150000e+00 1.600000e-01 1.208730e-01 -7.656542e-01 1.095179e+00 7.534215e-10
6.200000e+00 1.600000e-01 1.208730e-01 -7.656542e-01 1.095179e+00 9.939316e-10
6.250000e+00 1.600000e-01 1.208730e-01 -7.656542e-01 1.095179e+00 1.308881e-09
6.300000e+00 1.600000e-01 1.208730e-01 -7.656542e-01 1.095179e+00 1.720690e-09
6.350000e+00 1.600000e-01 1.208730e-01 -7.656542e-01 1.095179e+00 2.258486e-09
6.400000e+00 1.600000e-01 1.208730e-01 -7.656542e-01 1.095179e+00 2.960085e-09
6.450000e+00 1.600000e-01 1.208730e-01 -7.656542e-01 1.095179e+00 3.874570e-09
6.500000e+00 1.600000e-01 1.208730e-01 -7.656542e-01 1.095179e+00 5.065618e-09
6.550000e+00 1.600000e-01 1.208730e-01 -7.656543e-01 1.095179e+00 6.615817e-09
6.600000e+00 1.600000e-01 1.208730e-01 -7.656543e-01 1.095179e+00 8.632253e-09
6.650000e+00 1.600000e-01 1.208730e-01 -7.656543e-01 1.095179e+00 1.125374e-08
6.700000e+00 1.600000e-01 1.208730e-01 -7.656543e-01 1.095179e+00 1.466017e-08
6.750000e+00 1.600000e-01 1.208730e-01 -7.656543e-01 1.095179e+00 1.908460e-08
6.800000e+00 1.600000e-01 1.208730e-01 -7.656543e-01 1.095179e+00 2.482908e-08
6.850000e+00 1.600000e-01 1.208730e-01 -7.656544e-01 1.095179e+00 3.228407e-08
6.900000e+00 1.600000e-01 1.208730e-01 -7.656544e-01 1.095179e+00 4.195776e-08
6.950000e+00 1.600000e-01 1.208730e-01 -7.656545e-01 1.095179e+00 5.449913e-08
7.000000e+00 1.600000e-01 1.208730e-01 -7.656545e-01 1.095179e+00 7.077758e-08
7.050000e+00 1.600000e-01 1.208730e-01 -7.656546e-01 1.095179e+00 9.182328e-08
7.100000e+00 1.600000e-01 1.208730e-01 -7.656547e-01 1.095179e+00 1.192668e-07
7.150000e+00 1.600000e-01 1.208730e-01 -7.656549e-01 1.095179e+00 1.543102e-07
7.200000e+00 1.600000e-01 1.208730e-01 -7.656550e-01 1.095179e+00 2.011915e-07
7.250000e+00 1.600000e-01 1.208730e-01 -7.656556e-01 1.095179e+00 2.576937e-07
7.300000e+00 1.600000e-01 1.208730e-01 -7.656549e-01 1.095179e+00 3.423511e-07
7.350000e+00 1.600000e-01 1.208729e-01 -7.656579e-01 1.095179e+00 4.215131e-07
7.400000e+00 1.600000e-01 1.208729e-01 -7.656519e-01 1.095179e+00 6.016860e-07
7.450000e+00 1.600000e-01 1.208729e-01 -7.656691e-01 1.095179e+00 6.432010e-07
7.500000e+00 1.600000e-01 1.208729e-01 -7.656304e-01 1.095179e+00 1.152084e-06
7.550000e+00 1.600000e-01 1.208728e-01 -7.657235e-01 1.095179e+00 7.701353e-07
7.600000e+00 1.600000e-01 1.208728e-01 -7.655200e-01 1.095179e+00 2.558557e-06
7.650000e+00 1.600000e-01 1.208725e-01 -7.659615e-01 1.095178e+00 7.247412e-08
7.700000e+00 1.600000e-01 1.208728e-01 -7.650607e-01 1.095180e+00 6.500679e-06
7.750000e+00 1.600000e-01 1.208719e-01 -7.668416e-01 1.095175e+00 -3.653549e-06
7.800000e+00 1.600000e-01 1.208731e-01 -7.635073e-01 1.095184e+00 1.679276e-05
7.850000e+00 1.600000e-01 1.208702e-01 -7.694838e-01 1.095167e+00 -1.448643e-05
7.900000e+00 1.600000e-01 1.208746e-01 -7.593586e-01 1.095195e+00 3.833239e-05
7.950000e+00 1.600000e-01 1.208664e-01 -7.756239e-01 1.095148e+00 -3.401892e-05
8.000000e+00 1.600000e-01 1.208780e-01 -7.510943e-01 1.095216e+00 6.837910e-05
8.050000e+00 1.600000e-01 1.208595e-01 -7.857932e-01 1.095119e+00 -4.779755e-05
8.100000e+00 1.600000e-01 1.208828e-01 -7.402216e-01 1.095241e+00 8.249733e-05
8.150000e+00 1.600000e-01 1.208513e-01 -7.956075e-01 1.095094e+00 -1.908261e-05
8.200000e+00 1.600000e-01 1.208847e-01 -7.339897e-01 1.095245e+00 5.101586e-05
8.250000e+00 1.600000e-01 1.208462e-01 -7.967690e-01 1.095097e+00 6.171396e-05
8.300000e+00 1.600000e-01 1.208785e-01 -7.380073e-01 1.095218e+00 1.944877e-05
8.350000e+00 1.600000e-01 1.208442e-01 -7.911454e-01 1.095102e+00 1.019509e-04
8.400000e+00 1.600000e-01 1.208683e-01 -7.402069e-01 1.095224e+00 1.162522e-04
8.450000e+00 1.600000e-01 1.208326e-01 -7.984112e-01 1.095018e+00 3.542676e-05
8.500000e+00 1.600000e-01 1.208648e-01 -7.233089e-01 1.095319e+00 2.926806e-04
8.550000e+00 1.600000e-01 1.208033e-01 -8.202872e-01 1.094877e+00 9.254063e-05
8.600000e+00 1.600000e-01 1.208555e-01 -7.087398e-01 1.095342e+00 2.900509e-04
8.650000e+00 1.600000e-01 1.207743e-01 -8.212543e-01 1.094880e+00 4.152400e-04
8.700000e+00 1.600000e-01 1.208140e-01 -7.213442e-01 1.095186e+00 3.505032e-04
8.750000e+00 1.600000e-01 1.207393e-01 -8.129510e-01 1.094860e+00 5.537489e-04
8.800000e+00 1.600000e-01 1.207586e-01 -7.137182e-01 1.095213e+00 9.005921e-04
8.850000e+00 1.600000e-01 1.206492e-01 -8.432743e-01 1.094490e+00 7.235489e-04
8.900000e+00 1.600000e-01 1.206863e-01 -6.862133e-01 1.095294e+00 1.308708e-03
8.950000e+00 1.600000e-01 1.205183e-01 -8.550111e-01 1.094301e+00 1.664416e-03
9.000000e+00 1.600000e-01 1.205198e-01 -7.032496e-01 1.094861e+00 1.885096e-03
9.050000e+00 1.600000e-01 1.203298e-01 -8.496448e-01 1.094107e+00 2.529174e-03
9.100000e+00 1.600000e-01 1.202669e-01 -6.921857e-01 1.094689e+00 3.617206e-03
9.150000e+00 1.600000e-01 1.199681e-01 -8.957497e-01 1.093156e+00 4.075246e-03
9.200000e+00 1.600000e-01 1.198594e-01 -6.768441e-01 1.094264e+00 5.492123e-03
9.250000e+00 1.600000e-01 1.194189e-01 -9.074407e-01 1.092491e+00 7.250540e-03
9.300000e+00 1.600000e-01 1.191343e-01 -7.011943e-01 1.092951e+00 9.220023e-03
9.350000e+00 1.600000e-01 1.184969e-01 -9.497169e-01 1.090821e+00 1.142376e-02
9.400000e+00 1.600000e-01 1.179919e-01 -6.930594e-01 1.091659e+00 1.526668e-02
9.450000e+00 1.600000e-01 1.169702e-01 -1.016388e+00 1.088165e+00 1.935591e-02
9.500000e+00 1.600000e-01 1.160564e-01 -7.342869e-01 1.088227e+00 2.475572e-02
9.550000e+00 1.600000e-01 1.144947e-01 -1.102746e+00 1.083935e+00 3.136176e-02
9.600000e+00 1.600000e-01 1.129202e-01 -7.871803e-01 1.082974e+00 4.065410e-02
9.650000e+00 1.600000e-01 1.104292e-01 -1.266561e+00 1.075730e+00 5.122192e-02
9.700000e+00 1.600000e-01 1.077980e-01 -9.076934e-01 1.071926e+00 6.523474e-02
9.750000e+00 1.600000e-01 1.039058e-01 -1.535120e+00 1.060192e+00 8.156583e-02
9.800000e+00 1.600000e-01 9.964141e-02 -1.145507e+00 1.049071e+00 1.027404e-01
9.850000e+00 1.600000e-01 9.363173e-02 -2.026719e+00 1.024745e+00 1.260711e-01
9.900000e+00 1.600000e-01 8.703430e-02 -1.638256e+00 9.908472e-01 1.543905e-01
9.950000e+00 1.600000e-01 7.819268e-02 -2.927163e+00 9.256158e-01 1.849030e-01
1.000000e+01 1.600000e-01 6.854400e-02 -2.688556e+00 0.000000e+00 0.000000e+00
0.000000e+00 1.800000e-01 8.546400e-02 -3.840000e+00 0.000000e+00 0.000000e+00
5.000000e-02 1.800000e-01 8.543198e-02 -3.839683e+00 8.839362e-01 4.944489e-04
1.000000e-01 1.800000e-01 8.541456e-02 -3.839994e+00 8.838194e-01 2.308654e-04
1.500000e-01 1.800000e-01 8.540889e-02 -3.841573e+00 8.839768e-01 1.755723e-04
2.000000e-01 1.800000e-01 8.539700e-02 -3.840896e+00 8.838795e-01 3.293619e-04
2.500000e-01 1.800000e-01 8.537595e-02 -3.838013e+00 8.834078e-01 2.719617e-04
3.000000e-01 1.800000e-01 8.536980e-02 -3.838651e+00 8.832472e-01 -1.405789e-04
3.500000e-01 1.800000e-01 8.539001e-02 -3.842768e+00 8.837186e-01 -4.032746e-04
4.000000e-01 1.800000e-01 8.541013e-02 -3.841828e+00 8.840378e-01 -1.993592e-04
4.500000e-01 1.800000e-01 8.540995e-02 -3.834684e+00 8.836559e-01 -5.865002e-05
5.000000e-01 1.800000e-01 8.541599e-02 -3.832994e+00 8.833785e-01 -5.110201e-04
5.500000e-01 1.800000e-01 8.546105e-02 -3.841026e+00 8.840568e-01 -1.143018e-03
6.000000e-01 1.800000e-01 8.553030e-02 -3.843891e+00 8.850975e-01 -1.278612e-03
6.500000e-01 1.800000e-01 8.558891e-02 -3.830852e+00 8.854619e-01 -1.162710e-03
7.000000e-01 1.800000e-01 8.564657e-02 -3.817984e+00 8.854663e-01 -1.606898e-03
7.500000e-01 1.800000e-01 8.574960e-02 -3.825999e+00 8.861883e-01 -2.716440e-03
8.000000e-01 1.800000e-01 8.591821e-02 -3.841929e+00 8.875932e-01 -3.801360e-03
8.500000e-01 1.800000e-01 8.612974e-02 -3.830336e+00 8.885103e-01 -4.532235e-03
9.000000e-01 1.800000e-01 8.637143e-02 -3.789409e+00 8.885833e-01 -5.413608e-03
9.500000e-01 1.800000e-01 8.667110e-02 -3.765274e+00 8.888271e-01 -6.887641e-03
1.000000e+00 1.800000e-01 8.706020e-02 -3.787644e+00 8.898701e-01 -8.625442e-03
1.050000e+00 1.800000e-01 8.753364e-02 -3.812885e+00 8.907709e-01 -1.010030e-02
1.100000e+00 1.800000e-01 8.807023e-02 -3.770597e+00 8.905104e-01 -1.140739e-02
1.150000e+00 1.800000e-01 8.867438e-02 -3.666580e+00 8.898658e-01 -1.295981e-02
1.200000e+00 1.800000e-01 8.936621e-02 -3.595068e+00 8.904335e-01 -1.467815e-02
1.250000e+00 1.800000e-01 9.014220e-02 -3.624135e+00 8.921454e-01 -1.612282e-02
1.300000e+00 1.800000e-01 9.097849e-02 -3.693626e+00 8.930763e-01 -1.733891e-02
1.350000e+00 1.800000e-01 9.187609e-02 -3.667529e+00 8.921338e-01 -1.890937e-02
1.400000e+00 1.800000e-01 9.286943e-02 -3.492735e+00 8.908129e-01 -2.100427e-02
1.450000e+00 1.800000e-01 9.397651e-02 -3.276479e+00 8.915312e-01 -2.294314e-02
1.500000e+00 1.800000e-01 9.516374e-02 -3.187180e+00 8.947259e-01 -2.405115e-02
1.550000e+00 1.800000e-01 9.638163e-02 -3.280629e+00 8.982661e-01 -2.463017e-02
1.600000e+00 1.800000e-01 9.762676e-02 -3.433853e+00 8.996441e-01 -2.569522e-02
1.650000e+00 1.800000e-01 9.895115e-02 -3.451227e+00 8.983476e-01 -2.786953e-02
1.700000e+00 1.800000e-01 1.004137e-01 -3.233773e+00 8.962946e-01 -3.082133e-02
1.750000e+00 1.800000e-01 1.020333e-01 -2.859559e+00 8.964355e-01 -3.369772e-02
1.800000e+00 1.800000e-01 1.037835e-01 -2.520485e+00 9.008139e-01 -3.582265e-02
1.850000e+00 1.800000e-01 1.056155e-01 -2.383361e+00 9.092168e-01 -3.698780e-02
1.900000e+00 1.800000e-01 1.074823e-01 -2.484351e+00 9.190665e-01 -3.743686e-02
1.950000e+00 1.800000e-01 1.093592e-01 -2.720112e+00 9.267569e-01 -3.785101e-02
2.000000e+00 1.800000e-01 1.112674e-01 -2.925709e+00 9.297948e-01 -3.925033e-02
2.050000e+00 1.800000e-01 1.132843e-01 -2.971964e+00 9.283306e-01 -4.258615e-02
2.100000e+00 1.800000e-01 1.155260e-01 -2.814238e+00 9.250813e-01 -4.812865e-02
2.150000e+00 1.800000e-01 1.180971e-01 -2.481842e+00 9.239172e-01 -5.505665e-02
2.200000e+00 1.800000e-01 1.210316e-01 -2.042533e+00 9.281269e-01 -6.159437e-02
2.250000e+00 1.800000e-01 1.242566e-01 -1.571570e+00 9.392244e-01 -6.569146e-02
2.300000e+00 1.800000e-01 1.276008e-01 -1.132610e+00 9.566754e-01 -6.587741e-02
2.350000e+00 1.800000e-01 1.308443e-01 -7.683402e-01 9.784314e-01 -6.181451e-02
2.400000e+00 1.800000e-01 1.337822e-01 -4.985829e-01 1.001841e+00 -5.429833e-02
2.450000e+00 1.800000e-01 1.362741e-01 -3.235311e-01 1.024475e+00 -4.480792e-02
2.500000e+00 1.800000e-01 1.382630e-01 -2.295607e-01 1.044610e+00 -3.491663e-02
2.550000e+00 1.800000e-01 1.397658e-01 -1.958249e-01 1.061352e+00 -2.584740e-02
2.600000e+00 1.800000e-01 1.408478e-01 -2.003732e-01 1.074518e+00 -1.829164e-02
2.650000e+00 1.800000e-01 1.415950e-01 -2.246083e-01 1.084402e+00 -1.245293e-02
2.700000e+00 1.800000e-01 1.420931e-01 -2.553841e-01 1.091544e+00 -8.204714e-03
2.750000e+00 1.800000e-01 1.424154e-01 -2.849840e-01 1.096546e+00 -5.259700e-03
2.800000e+00 1.800000e-01 1.426190e-01 -3.098776e-01 1.099961e+00 -3.295679e-03
2.850000e+00 1.800000e-01 1.427450e-01 -3.291760e-01 1.102247e+00 -2.025651e-03
2.900000e+00 1.800000e-01 1.428216e-01 -3.433479e-01 1.103753e+00 -1.224265e-03
2.950000e+00 1.800000e-01 1.428674e-01 -3.533723e-01 1.104733e+00 -7.284245e-04
3.000000e+00 1.800000e-01 1.428944e-01 -3.602793e-01 1.105364e+00 -4.265693e-04
3.050000e+00 1.800000e-01 1.429101e-01 -3.649516e-01 1.105768e+00 -2.454013e-04
3.100000e+00 1.800000e-01 1.429190e-01 -3.680717e-01 1.106025e+00 -1.381393e-04
3.150000e+00 1.800000e-01 1.429239e-01 -3.701367e-01 1.106187e+00 -7.554873e-05
3.200000e+00 1.800000e-01 1.429265e-01 -3.714946e-01 1.106289e+00 -3.964239e-05
3.250000e+00 1.800000e-01 1.429279e-01 -3.723834e-01 1.106353e+00 -1.948628e-05
3.300000e+00 1.800000e-01 1.429285e-01 -3.729633e-01 1.106392e+00 -8.501668e-06
3.350000e+00 1.800000e-01 1.429287e-01 -3.733405e-01 1.106417e+00 -2.769210e-06
3.400000e+00 1.800000e-01 1.429288e-01 -3.735853e-01 1.106432e+00 2.101224e-08
3.450000e+00 1.800000e-01 1.429287e-01 -3.737438e-01 1.106441e+00 1.212763e-06
3.500000e+00 1.800000e-01 1.429286e-01 -3.738463e-01 1.106447e+00 1.574774e-06
3.550000e+00 1.800000e-01 1.429286e-01 -3.739125e-01 1.106450e+00 1.536998e-06
3.600000e+00 1.800000e-01 1.429285e-01 -3.739551e-01 1.106452e+00 1.332356e-06
3.650000e+00 1.800000e-01 1.429284e-01 -3.739825e-01 1.106453e+00 1.081121e-06
3.700000e+00 1.800000e-01 1.429284e-01 -3.740001e-01 1.106454e+00 8.406470e-07
3.750000e+00 1.800000e-01 1.429283e-01 -3.740114e-01 1.106454e+00 6.342900e-07
3.800000e+00 1.800000e-01 1.429283e-01 -3.740187e-01 1.106454e+00 4.679442e-07
3.850000e+00 1.800000e-01 1.429283e-01 -3.740233e-01 1.106454e+00 3.392624e-07
3.900000e+00 1.800000e-01 1.429283e-01 -3.740263e-01 1.106455e+00 2.426263e-07
3.950000e+00 1.800000e-01 1.429283e-01 -3.740283e-01 1.106455e+00 1.716865e-07
4.000000e+00 1.800000e-01 1.429283e-01 -3.740295e-01 1.106455e+00 1.205490e-07
4.050000e+00 1.800000e-01 1.429283e-01 -3.740304e-01 1.106455e+00 8.423388e-08
4.100000e+00 1.800000e-01 1.429283e-01 -3.740309e-01 1.106455e+00 5.876375e-08
4.150000e+00 1.800000e-01 1.429283e-01 -3.740313e-01 1.106455e+00 4.108144e-08
4.200000e+00 1.800000e-01 1.429283e-01 -3.740315e-01 1.106455e+00 2.890288e-08
4.250000e+00 1.800000e-01 1.429283e-01 -3.740317e-01 1.106455e+00 2.055974e-08
4.300000e+00 1.800000e-01 1.429283e-01 -3.740318e-01 1.106455e+00 1.485626e-08
4.350000e+00 1.800000e-01 1.429283e-01 -3.740319e-01 1.106455e+00 1.094958e-08
4.400000e+00 1.800000e-01 1.429283e-01 -3.740319e-01 1.106455e+00 8.254524e-09
4.450000e+00 1.800000e-01 1.429283e-01 -3.740320e-01 1.106455e+00 6.370567e-09
4.500000e+00 1.800000e-01 1.429283e-01 -3.740320e-01 1.106455e+00 5.027316e-09
4.550000e+00 1.800000e-01 1.429283e-01 -3.740320e-01 1.106455e+00 4.044608e-09
4.600000e+00 1.800000e-01 1.429283e-01 -3.740320e-01 1.106455e+00 3.303906e-09
4.650000e+00 1.800000e-01 1.429283e-01 -3.740320e-01 1.106455e+00 2.728106e-09
4.700000e+00 1.800000e-01 1.429283e-01 -3.740321e-01 1.106455e+00 2.267507e-09
4.750000e+00 1.800000e-01 1.429283e-01 -3.740321e-01 1.106455e+00 1.890223e-09
4.800000e+00 1.800000e-01 1.429283e-01 -3.740321e-01 1.106455e+00 1.575751e-09
4.850000e+00 1.800000e-01 1.429283e-01 -3.740321e-01 1.106455e+00 1.310712e-09
4.900000e+00 1.800000e-01 1.429283e-01 -3.740321e-01 1.106455e+00 1.086096e-09
4.950000e+00 1.800000e-01 1.429283e-01 -3.740321e-01 1.106455e+00 8.955364e-10
5.000000e+00 1.800000e-01 1.429283e-01 -3.740321e-01 1.106455e+00 7.342341e-10
5.050000e+00 1.800000e-01 1.429283e-01 -3.740321e-01 1.106455e+00 5.983330e-10
5.100000e+00 1.800000e-01 1.429283e-01 -3.740321e-01 1.106455e+00 4.845616e-10
5.150000e+00 1.800000e-01 1.429283e-01 -3.740321e-01 1.106455e+00 3.900427e-10
5.200000e+00 1.800000e-01 1.429283e-01 -3.740321e-01 1.106455e+00 3.122050e-10
5.250000e+00 1.800000e-01 1.429283e-01 -3.740321e-01 1.106455e+00 2.487444e-10
5.300000e+00 1.800000e-01 1.429283e-01 -3.740321e-01 1.106455e+00 1.976147e-10
5.350000e+00 1.800000e-01 1.429283e-01 -3.740321e-01 1.106455e+00 1.570341e-10
5.400000e+00 1.800000e-01 1.429283e-01 -3.740321e-01 1.106455e+00 1.254855e-10
5.450000e+00 1.800000e-01 1.429283e-01 -3.740321e-01 1.106455e+00 1.017289e-10
5.500000e+00 1.800000e-01 1.429283e-01 -3.740321e-01 1.106455e+00 8.481049e-11
5.550000e+00 1.800000e-01 1.429283e-01 -3.740321e-01 1.106455e+00 7.406659e-11
5.600000e+00 1.800000e-01 1.429283e-01 -3.740321e-01 1.106455e+00 6.914219e-11
5.650000e+00 1.800000e-01 1.429283e-01 -3.740321e-01 1.106455e+00 7.001372e-11
5.700000e+00 1.800000e-01 1.429283e-01 -3.740321e-01 1.106455e+00 7.702061e-11
5.750000e+00 1.800000e-01 1.429283e-01 -3.740321e-01 1.106455e+00 9.091672e-11
5.800000e+00 1.800000e-01 1.429283e-01 -3.740321e-01 1.106455e+00 1.129410e-10
5.850000e+00 1.800000e-01 1.429283e-01 -3.740321e-01 1.106455e+00 1.449191e-10
5.900000e+00 1.800000e-01 1.429283e-01 -3.740321e-01 1.106455e+00 1.893985e-10
5.950000e+00 1.800000e-01 1.429283e-01 -3.740321e-01 1.106455e+00 2.498285e-10
6.000000e+00 1.800000e-01 1.429283e-01 -3.740321e-01 1.106455e+00 3.308109e-10
6.050000e+00 1.800000e-01 1.429283e-01 -3.740321e-01 1.106455e+00 4.384179e-10
6.100000e+00 1.800000e-01 1.429283e-01 -3.740321e-01 1.106455e+00 5.806097e-10
6.150000e+00 1.800000e-01 1.429282e-01 -3.740321e-01 1.106455e+00 7.677911e-10
6.200000e+00 1.800000e-01 1.429282e-01 -3.740321e-01 1.106455e+00 1.013526e-09
6.250000e+00 1.800000e-01 1.429282e-01 -3.740321e-01 1.106455e+00 1.335467e-09
6.300000e+00 1.800000e-01 1.429282e-01 -3.740321e-01 1.106455e+00 1.756563e-09
6.350000e+00 1.800000e-01 1.429282e-01 -3.740321e-01 1.106455e+00 2.306635e-09
6.400000e+00 1.800000e-01 1.429282e-01 -3.740321e-01 1.106455e+00 3.024398e-09
6.450000e+00 1.800000e-01 1.429282e-01 -3.740321e-01 1.106455e+00 3.960105e-09
6.500000e+00 1.800000e-01 1.429282e-01 -3.740321e-01 1.106455e+00 5.178947e-09
6.550000e+00 1.800000e-01 1.429282e-01 -3.740321e-01 1.106455e+00 6.765474e-09
6.600000e+00 1.800000e-01 1.429282e-01 -3.740321e-01 1.106455e+00 8.829315e-09
6.650000e+00 1.800000e-01 1.429282e-01 -3.740321e-01 1.106455e+00 1.151256e-08
6.700000e+00 1.800000e-01 1.429282e-01 -3.740321e-01 1.106455e+00 1.499937e-08
6.750000e+00 1.800000e-01 1.429282e-01 -3.740321e-01 1.106455e+00 1.952825e-08
6.800000e+00 1.800000e-01 1.429282e-01 -3.740321e-01 1.106455e+00 2.540838e-08
6.850000e+00 1.800000e-01 1.429282e-01 -3.740321e-01 1.106455e+00 3.303932e-08
6.900000e+00 1.800000e-01 1.429282e-01 -3.740322e-01 1.106455e+00 4.294118e-08
6.950000e+00 1.800000e-01 1.429282e-01 -3.740322e-01 1.106455e+00 5.577779e-08
7.000000e+00 1.800000e-01 1.429282e-01 -3.740322e-01 1.106455e+00 7.243950e-08
7.050000e+00 1.800000e-01 1.429282e-01 -3.740323e-01 1.106455e+00 9.397759e-08
7.100000e+00 1.800000e-01 1.429282e-01 -3.740323e-01 1.106455e+00 1.220685e-07
7.150000e+00 1.800000e-01 1.429282e-01 -3.740325e-01 1.106455e+00 1.579160e-07
7.200000e+00 1.800000e-01 1.429282e-01 -3.740324e-01 1.106455e+00 2.059323e-07
7.250000e+00 1.800000e-01 1.429282e-01 -3.740330e-01 1.106455e+00 2.636251e-07
7.300000e+00 1.800000e-01 1.429282e-01 -3.740321e-01 1.106455e+00 3.505781e-07
7.350000e+00 1.800000e-01 1.429282e-01 -3.740351e-01 1.106455e+00 4.306789e-07
7.400000e+00 1.800000e-01 1.429281e-01 -3.740283e-01 1.106454e+00 6.172685e-07
7.450000e+00 1.800000e-01 1.429281e-01 -3.740464e-01 1.106454e+00 6.541452e-07
7.500000e+00 1.800000e-01 1.429281e-01 -3.740045e-01 1.106454e+00 1.187865e-06
7.550000e+00 1.800000e-01 1.429280e-01 -3.741034e-01 1.106454e+00 7.672820e-07
7.600000e+00 1.800000e-01 1.429280e-01 -3.738851e-01 1.106454e+00 2.661127e-06
7.650000e+00 1.800000e-01 1.429277e-01 -3.743561e-01 1.106454e+00 -1.516122e-08
7.700000e+00 1.800000e-01 1.429280e-01 -3.733918e-01 1.106454e+00 6.820790e-06
7.750000e+00 1.800000e-01 1.429270e-01 -3.752933e-01 1.106454e+00 -4.049586e-06
7.800000e+00 1.800000e-01 1.429284e-01 -3.717295e-01 1.106454e+00 1.770609e-05
7.850000e+00 1.800000e-01 1.429253e-01 -3.781053e-01 1.106453e+00 -1.565857e-05
7.900000e+00 1.800000e-01 1.429300e-01 -3.673071e-01 1.106455e+00 4.042043e-05
7.950000e+00 1.800000e-01 1.429212e-01 -3.846156e-01 1.106451e+00 -3.638364e-05
8.000000e+00 1.800000e-01 1.429336e-01 -3.585534e-01 1.106456e+00 7.171446e-05
8.050000e+00 1.800000e-01 1.429141e-01 -3.953045e-01 1.106448e+00 -5.050322e-05
8.100000e+00 1.800000e-01 1.429387e-01 -3.471794e-01 1.106457e+00 8.522729e-05
8.150000e+00 1.800000e-01 1.429055e-01 -4.054047e-01 1.106445e+00 -1.915639e-05
8.200000e+00 1.800000e-01 1.429406e-01 -3.408864e-01 1.106454e+00 5.048502e-05
8.250000e+00 1.800000e-01 1.429005e-01 -4.063366e-01 1.106447e+00 6.501820e-05
8.300000e+00 1.800000e-01 1.429341e-01 -3.449959e-01 1.106447e+00 1.983269e-05
8.350000e+00 1.800000e-01 1.428985e-01 -4.010876e-01 1.106440e+00 9.939685e-05
8.400000e+00 1.800000e-01 1.429241e-01 -3.455867e-01 1.106460e+00 1.300026e-04
8.450000e+00 1.800000e-01 1.428855e-01 -4.110071e-01 1.106394e+00 2.019751e-05
8.500000e+00 1.800000e-01 1.429221e-01 -3.252686e-01 1.106509e+00 3.133403e-04
8.550000e+00 1.800000e-01 1.428542e-01 -4.351147e-01 1.106330e+00 8.983519e-05
8.600000e+00 1.800000e-01 1.429131e-01 -3.103514e-01 1.106514e+00 2.873050e-04
8.650000e+00 1.800000e-01 1.428254e-01 -4.337047e-01 1.106345e+00 4.391964e-04
8.700000e+00 1.800000e-01 1.428692e-01 -3.247317e-01 1.106431e+00 3.533961e-04
8.750000e+00 1.800000e-01 1.427901e-01 -4.261037e-01 1.106339e+00 5.442804e-04
8.800000e+00 1.800000e-01 1.428148e-01 -3.105036e-01 1.106473e+00 9.606214e-04
8.850000e+00 1.800000e-01 1.426940e-01 -4.637851e-01 1.106123e+00 7.052497e-04
8.900000e+00 1.800000e-01 1.427443e-01 -2.775085e-01 1.106558e+00 1.331954e-03
8.950000e+00 1.800000e-01 1.425608e-01 -4.718098e-01 1.106057e+00 1.733170e-03
9.000000e+00 1.800000e-01 1.425709e-01 -2.981102e-01 1.106302e+00 1.905898e-03
9.050000e+00 1.800000e-01 1.423702e-01 -4.652439e-01 1.106030e+00 2.540118e-03
9.100000e+00 1.800000e-01 1.423169e-01 -2.733773e-01 1.106302e+00 3.768263e-03
9.150000e+00 1.800000e-01 1.419934e-01 -5.205976e-01 1.105471e+00 4.122693e-03
9.200000e+00 1.800000e-01 1.419047e-01 -2.504252e-01 1.106207e+00 5.566206e-03
9.250000e+00 1.800000e-01 1.414368e-01 -5.197122e-01 1.105317e+00 7.445336e-03
9.300000e+00 1.800000e-01 1.411601e-01 -2.685275e-01 1.105498e+00 9.459764e-03
9.350000e+00 1.800000e-01 1.404908e-01 -5.645816e-01 1.104538e+00 1.156565e-02
9.400000e+00 1.800000e-01 1.400036e-01 -2.316637e-01 1.105207e+00 1.563852e-02
9.450000e+00 1.800000e-01 1.389270e-01 -6.166244e-01 1.103314e+00 1.985970e-02
9.500000e+00 1.800000e-01 1.380176e-01 -2.563257e-01 1.103412e+00 2.533638e-02
9.550000e+00 1.800000e-01 1.363933e-01 -6.779194e-01 1.101494e+00 3.208902e-02
9.600000e+00 1.800000e-01 1.348087e-01 -2.580972e-01 1.101022e+00 4.186460e-02
9.650000e+00 1.800000e-01 1.322069e-01 -7.961377e-01 1.097154e+00 5.291843e-02
9.700000e+00 1.800000e-01 1.295168e-01 -3.187737e-01 1.094583e+00 6.762100e-02
9.750000e+00 1.800000e-01 1.254448e-01 -9.720665e-01 1.088145e+00 8.527457e-02
9.800000e+00 1.800000e-01 1.209894e-01 -4.485310e-01 1.079634e+00 1.086751e-01
9.850000e+00 1.800000e-01 1.145773e-01 -1.294067e+00 1.063389e+00 1.363325e-01
9.900000e+00 1.800000e-01 1.073561e-01 -7.853416e-01 1.034983e+00 1.722389e-01
9.950000e+00 1.800000e-01 9.735337e-02 -1.916283e+00 9.846675e-01 2.189214e-01
1.000000e+01 1.800000e-01 8.546400e-02 -1.693563e+00 0.000000e+00 0.000000e+00
0.000000e+00 2.000000e-01 1.039200e-01 -3.600000e+00 0.000000e+00 0.000000e+00
5.000000e-02 2.000000e-01 1.038775e-01 -3.600240e+00 9.581793e-01 6.195350e-04
1.000000e-01 2.000000e-01 1.038580e-01 -3.597176e+00 9.580714e-01 2.020646e-04
1.500000e-01 2.000000e-01 1.038573e-01 -3.599596e+00 9.584796e-01 1.465413e-04
2.000000e-01 2.000000e-01 1.038434e-01 -3.607029e+00 9.584685e-01 4.678048e-04
2.500000e-01 2.000000e-01 1.038105e-01 -3.602823e+00 9.576375e-01 4.287983e-04
3.000000e-01 2.000000e-01 1.038005e-01 -3.589661e+00 9.572531e-01 -2.255996e-04
3.500000e-01 2.000000e-01 1.038330e-01 -3.593871e+00 9.581445e-01 -6.013975e-04
4.000000e-01 2.000000e-01 1.038607e-01 -3.613644e+00 9.588390e-01 -1.626891e-04
4.500000e-01 2.000000e-01 1.038493e-01 -3.611107e+00 9.579949e-01 1.338157e-04
5.000000e-01 2.000000e-01 1.038473e-01 -3.581468e+00 9.570802e-01 -5.948551e-04
5.500000e-01 2.000000e-01 1.039088e-01 -3.574583e+00 9.580556e-01 -1.543463e-03
6.000000e-01 2.000000e-01 1.040016e-01 -3.610947e+00 9.598739e-01 -1.549858e-03
6.500000e-01 2.000000e-01 1.040638e-01 -3.630867e+00 9.600529e-01 -1.142538e-03
7.000000e-01 2.000000e-01 1.041159e-01 -3.586278e+00 9.589402e-01 -1.703371e-03
7.500000e-01 2.000000e-01 1.042341e-01 -3.535131e+00 9.592347e-01 -3.193864e-03
8.000000e-01 2.000000e-01 1.044353e-01 -3.564848e+00 9.615516e-01 -4.282686e-03
8.500000e-01 2.000000e-01 1.046624e-01 -3.640803e+00 9.631051e-01 -4.597123e-03
9.000000e-01 2.000000e-01 1.048950e-01 -3.632197e+00 9.620642e-01 -5.315912e-03
9.500000e-01 2.000000e-01 1.051940e-01 -3.513068e+00 9.605694e-01 -7.151323e-03
1.000000e+00 2.000000e-01 1.056101e-01 -3.433103e+00 9.615512e-01 -9.126295e-03
1.050000e+00 2.000000e-01 1.061066e-01 -3.515171e+00 9.640197e-01 -1.015878e-02
1.100000e+00 2.000000e-01 1.066260e-01 -3.649886e+00 9.642225e-01 -1.087808e-02
1.150000e+00 2.000000e-01 1.071944e-01 -3.614505e+00 9.613179e-01 -1.261209e-02
1.200000e+00 2.000000e-01 1.078872e-01 -3.384598e+00 9.589062e-01 -1.514247e-02
1.250000e+00 2.000000e-01 1.087087e-01 -3.204021e+00 9.601395e-01 -1.688625e-02
1.300000e+00 2.000000e-01 1.095758e-01 -3.288867e+00 9.632451e-01 -1.731885e-02
1.350000e+00 2.000000e-01 1.104405e-01 -3.533677e+00 9.637376e-01 -1.790925e-02
1.400000e+00 2.000000e-01 1.113667e-01 -3.609950e+00 9.601107e-01 -2.009631e-02
1.450000e+00 2.000000e-01 1.124502e-01 -3.345593e+00 9.557041e-01 -2.328318e-02
1.500000e+00 2.000000e-01 1.136951e-01 -2.934494e+00 9.549956e-01 -2.558112e-02
1.550000e+00 2.000000e-01 1.150083e-01 -2.741438e+00 9.589181e-01 -2.610162e-02
1.600000e+00 2.000000e-01 1.163052e-01 -2.926738e+00 9.639672e-01 -2.585227e-02
1.650000e+00 2.000000e-01 1.175935e-01 -3.290329e+00 9.653750e-01 -2.655847e-02
1.700000e+00 2.000000e-01 1.189611e-01 -3.466073e+00 9.612565e-01 -2.914881e-02
1.750000e+00 2.000000e-01 1.205084e-01 -3.246194e+00 9.544475e-01 -3.327051e-02
1.800000e+00 2.000000e-01 1.222881e-01 -2.734564e+00 9.506384e-01 -3.766359e-02
1.850000e+00 2.000000e-01 1.242747e-01 -2.235740e+00 9.541670e-01 -4.080676e-02
1.900000e+00 2.000000e-01 1.263688e-01 -2.020612e+00 9.646167e-01 -4.172161e-02
1.950000e+00 2.000000e-01 1.284469e-01 -2.153903e+00 9.768567e-01 -4.077240e-02
2.000000e+00 2.000000e-01 1.304460e-01 -2.485146e+00 9.846177e-01 -3.978512e-02
2.050000e+00 2.000000e-01 1.324254e-01 -2.781237e+00 9.847197e-01 -4.107958e-02
2.100000e+00 2.000000e-01 1.345540e-01 -2.873833e+00 9.786919e-01 -4.601261e-02
2.150000e+00 2.000000e-01 1.370267e-01 -2.716589e+00 9.712381e-01 -5.406475e-02
2.200000e+00 2.000000e-01 1.399605e-01 -2.358199e+00 9.674056e-01 -6.300229e-02
2.250000e+00 2.000000e-01 1.433269e-01 -1.890294e+00 9.703731e-01 -6.991803e-02
2.300000e+00 2.000000e-01 1.469523e-01 -1.405714e+00 9.806673e-01 -7.251141e-02
2.350000e+00 2.000000e-01 1.505781e-01 -9.739884e-01 9.966582e-01 -6.993151e-02
2.400000e+00 2.000000e-01 1.539454e-01 -6.325660e-01 1.015685e+00 -6.285109e-02
2.450000e+00 2.000000e-01 1.568632e-01 -3.901866e-01 1.035126e+00 -5.291982e-02
2.500000e+00 2.000000e-01 1.592374e-01 -2.363587e-01 1.053030e+00 -4.201754e-02
2.550000e+00 2.000000e-01 1.610649e-01 -1.512967e-01 1.068294e+00 -3.167827e-02
2.600000e+00 2.000000e-01 1.624052e-01 -1.134657e-01 1.080545e+00 -2.283566e-02
2.650000e+00 2.000000e-01 1.633485e-01 -1.041674e-01 1.089913e+00 -1.584441e-02
2.700000e+00 2.000000e-01 1.639897e-01 -1.095335e-01 1.096799e+00 -1.064737e-02
2.750000e+00 2.000000e-01 1.644132e-01 -1.206265e-01 1.101701e+00 -6.968460e-03
2.800000e+00 2.000000e-01 1.646865e-01 -1.324826e-01 1.105102e+00 -4.463237e-03
2.850000e+00 2.000000e-01 1.648595e-01 -1.428356e-01 1.107412e+00 -2.808588e-03
2.900000e+00 2.000000e-01 1.649674e-01 -1.509903e-01 1.108955e+00 -1.741568e-03
2.950000e+00 2.000000e-01 1.650337e-01 -1.570249e-01 1.109973e+00 -1.066265e-03
3.000000e+00 2.000000e-01 1.650740e-01 -1.613128e-01 1.110637e+00 -6.451872e-04
3.050000e+00 2.000000e-01 1.650982e-01 -1.642775e-01 1.111068e+00 -3.858266e-04
3.100000e+00 2.000000e-01 1.651126e-01 -1.662896e-01 1.111344e+00 -2.277844e-04
3.150000e+00 2.000000e-01 1.651210e-01 -1.676378e-01 1.111521e+00 -1.324687e-04
3.200000e+00 2.000000e-01 1.651258e-01 -1.685334e-01 1.111634e+00 -7.560395e-05
3.250000e+00 2.000000e-01 1.651286e-01 -1.691246e-01 1.111705e+00 -4.209650e-05
3.300000e+00 2.000000e-01 1.651300e-01 -1.695132e-01 1.111750e+00 -2.264743e-05
3.350000e+00 2.000000e-01 1.651308e-01 -1.697679e-01 1.111778e+00 -1.157351e-05
3.400000e+00 2.000000e-01 1.651312e-01 -1.699343e-01 1.111796e+00 -5.428367e-06
3.450000e+00 2.000000e-01 1.651314e-01 -1.700428e-01 1.111807e+00 -2.139806e-06
3.500000e+00 2.000000e-01 1.651314e-01 -1.701135e-01 1.111814e+00 -4.742580e-07
3.550000e+00 2.000000e-01 1.651314e-01 -1.701594e-01 1.111818e+00 2.936290e-07
3.600000e+00 2.000000e-01 1.651314e-01 -1.701892e-01 1.111820e+00 5.837338e-07
3.650000e+00 2.000000e-01 1.651314e-01 -1.702085e-01 1.111822e+00 6.341479e-07
3.700000e+00 2.000000e-01 1.651313e-01 -1.702211e-01 1.111823e+00 5.761302e-07
3.750000e+00 2.000000e-01 1.651313e-01 -1.702292e-01 1.111823e+00 4.791634e-07
3.800000e+00 2.000000e-01 1.651313e-01 -1.702344e-01 1.111824e+00 3.777652e-07
3.850000e+00 2.000000e-01 1.651313e-01 -1.702378e-01 1.111824e+00 2.872369e-07
3.900000e+00 2.000000e-01 1.651312e-01 -1.702400e-01 1.111824e+00 2.127619e-07
3.950000e+00 2.000000e-01 1.651312e-01 -1.702415e-01 1.111824e+00 1.545463e-07
4.000000e+00 2.000000e-01 1.651312e-01 -1.702424e-01 1.111824e+00 1.106359e-07
4.050000e+00 2.000000e-01 1.651312e-01 -1.702430e-01 1.111824e+00 7.839196e-08
4.100000e+00 2.000000e-01 1.651312e-01 -1.702434e-01 1.111824e+00 5.520969e-08
4.150000e+00 2.000000e-01 1.651312e-01 -1.702437e-01 1.111824e+00 3.882418e-08
4.200000e+00 2.000000e-01 1.651312e-01 -1.702439e-01 1.111824e+00 2.740022e-08
4.250000e+00 2.000000e-01 1.651312e-01 -1.702440e-01 1.111824e+00 1.951824e-08
4.300000e+00 2.000000e-01 1.651312e-01 -1.702441e-01 1.111824e+00 1.411686e-08
4.350000e+00 2.000000e-01 1.651312e-01 -1.702442e-01 1.111824e+00 1.042367e-08
4.400000e+00 2.000000e-01 1.651312e-01 -1.702442e-01 1.111824e+00 7.889324e-09
4.450000e+00 2.000000e-01 1.651312e-01 -1.702443e-01 1.111824e+00 6.131057e-09
4.500000e+00 2.000000e-01 1.651312e-01 -1.702443e-01 1.111824e+00 4.887309e-09
4.550000e+00 2.000000e-01 1.651312e-01 -1.702443e-01 1.111824e+00 3.982662e-09
4.600000e+00 2.000000e-01 1.651312e-01 -1.702443e-01 1.111824e+00 3.301646e-09
4.650000e+00 2.000000e-01 1.651312e-01 -1.702443e-01 1.111824e+00 2.769644e-09
4.700000e+00 2.000000e-01 1.651312e-01 -1.702443e-01 1.111824e+00 2.339297e-09
4.750000e+00 2.000000e-01 1.651312e-01 -1.702443e-01 1.111824e+00 1.981009e-09
4.800000e+00 2.000000e-01 1.651312e-01 -1.702443e-01 1.111824e+00 1.676483e-09
4.850000e+00 2.000000e-01 1.651312e-01 -1.702443e-01 1.111824e+00 1.414391e-09
4.900000e+00 2.000000e-01 1.651312e-01 -1.702443e-01 1.111824e+00 1.187559e-09
4.950000e+00 2.000000e-01 1.651312e-01 -1.702443e-01 1.111824e+00 9.911977e-10
5.000000e+00 2.000000e-01 1.651312e-01 -1.702443e-01 1.111824e+00 8.218137e-10
5.050000e+00 2.000000e-01 1.651312e-01 -1.702443e-01 1.111824e+00 6.765885e-10
5.100000e+00 2.000000e-01 1.651312e-01 -1.702443e-01 1.111824e+00 5.530429e-10
5.150000e+00 2.000000e-01 1.651312e-01 -1.702443e-01 1.111824e+00 4.488770e-10
5.200000e+00 2.000000e-01 1.651312e-01 -1.702443e-01 1.111824e+00 3.619130e-10
5.250000e+00 2.000000e-01 1.651312e-01 -1.702443e-01 1.111824e+00 2.900927e-10
5.300000e+00 2.000000e-01 1.651312e-01 -1.702443e-01 1.111824e+00 2.315031e-10
5.350000e+00 2.000000e-01 1.651312e-01 -1.702443e-01 1.111824e+00 1.844086e-10
5.400000e+00 2.000000e-01 1.651312e-01 -1.702443e-01 1.111824e+00 1.472764e-10
5.450000e+00 2.000000e-01 1.651312e-01 -1.702443e-01 1.111824e+00 1.188113e-10
5.500000e+00 2.000000e-01 1.651312e-01 -1.702443e-01 1.111824e+00 9.797996e-11
5.550000e+00 2.000000e-01 1.651312e-01 -1.702443e-01 1.111824e+00 8.402667e-11
5.600000e+00 2.000000e-01 1.651312e-01 -1.702443e-01 1.111824e+00 7.650214e-11
5.650000e+00 2.000000e-01 1.651312e-01 -1.702443e-01 1.111824e+00 7.529255e-11
5.700000e+00 2.000000e-01 1.651312e-01 -1.702443e-01 1.111824e+00 8.065409e-11
5.750000e+00 2.000000e-01 1.651312e-01 -1.702443e-01 1.111824e+00 9.326873e-11
5.800000e+00 2.000000e-01 1.651312e-01 -1.702443e-01 1.111824e+00 1.143180e-10
5.850000e+00 2.000000e-01 1.651312e-01 -1.702443e-01 1.111824e+00 1.455827e-10
5.900000e+00 2.000000e-01 1.651312e-01 -1.702443e-01 1.111824e+00 1.895789e-10
5.950000e+00 2.000000e-01 1.651312e-01 -1.702443e-01 1.111824e+00 2.497427e-10
6.000000e+00 2.000000e-01 1.651312e-01 -1.702443e-01 1.111824e+00 3.306777e-10
6.050000e+00 2.000000e-01 1.651312e-01 -1.702443e-01 1.111824e+00 4.384748e-10
6.100000e+00 2.000000e-01 1.651312e-01 -1.702443e-01 1.111824e+00 5.811354e-10
6.150000e+00 2.000000e-01 1.651312e-01 -1.702443e-01 1.111824e+00 7.691264e-10
6.200000e+00 2.000000e-01 1.651312e-01 -1.702443e-01 1.111824e+00 1.016104e-09
6.250000e+00 2.000000e-01 1.651312e-01 -1.702443e-01 1.111824e+00 1.339846e-09
6.300000e+00 2.000000e-01 1.651312e-01 -1.702443e-01 1.111824e+00 1.763473e-09
6.350000e+00 2.000000e-01 1.651312e-01 -1.702443e-01 1.111824e+00 2.317027e-09
6.400000e+00 2.000000e-01 1.651312e-01 -1.702443e-01 1.111824e+00 3.039519e-09
6.450000e+00 2.000000e-01 1.651312e-01 -1.702444e-01 1.111824e+00 3.981583e-09
6.500000e+00 2.000000e-01 1.651312e-01 -1.702444e-01 1.111824e+00 5.208906e-09
6.550000e+00 2.000000e-01 1.651312e-01 -1.702444e-01 1.111824e+00 6.806678e-09
6.600000e+00 2.000000e-01 1.651312e-01 -1.702444e-01 1.111824e+00 8.885356e-09
6.650000e+00 2.000000e-01 1.651312e-01 -1.702444e-01 1.111824e+00 1.158810e-08
6.700000e+00 2.000000e-01 1.651312e-01 -1.702444e-01 1.111824e+00 1.510044e-08
6.750000e+00 2.000000e-01 1.651312e-01 -1.702444e-01 1.111824e+00 1.966265e-08
6.800000e+00 2.000000e-01 1.651312e-01 -1.702444e-01 1.111824e+00 2.558617e-08
6.850000e+00 2.000000e-01 1.651312e-01 -1.702444e-01 1.111824e+00 3.327355e-08
6.900000e+00 2.000000e-01 1.651312e-01 -1.702444e-01 1.111824e+00 4.324841e-08
6.950000e+00 2.000000e-01 1.651312e-01 -1.702444e-01 1.111824e+00 5.618006e-08
7.000000e+00 2.000000e-01 1.651312e-01 -1.702444e-01 1.111824e+00 7.296282e-08
7.050000e+00 2.000000e-01 1.651312e-01 -1.702445e-01 1.111824e+00 9.466259e-08
7.100000e+00 2.000000e-01 1.651312e-01 -1.702445e-01 1.111824e+00 1.229455e-07
7.150000e+00 2.000000e-01 1.651312e-01 -1.702446e-01 1.111824e+00 1.590877e-07
7.200000e+00 2.000000e-01 1.651312e-01 -1.702445e-01 1.111824e+00 2.073493e-07
7.250000e+00 2.000000e-01 1.651312e-01 -1.702449e-01 1.111824e+00 2.657213e-07
7.300000e+00 2.000000e-01 1.651311e-01 -1.702441e-01 1.111824e+00 3.525869e-07
7.350000e+00 2.000000e-01 1.651311e-01 -1.702466e-01 1.111824e+00 4.350154e-07
7.400000e+00 2.000000e-01 1.651311e-01 -1.702405e-01 1.111824e+00 6.186018e-07
7.450000e+00 2.000000e-01 1.651311e-01 -1.702565e-01 1.111824e+00 6.657773e-07
7.500000e+00 2.000000e-01 1.651310e-01 -1.702187e-01 1.111824e+00 1.180537e-06
7.550000e+00 2.000000e-01 1.651309e-01 -1.703076e-01 1.111824e+00 8.057936e-07
7.600000e+00 2.000000e-01 1.651310e-01 -1.701097e-01 1.111824e+00 2.611826e-06
7.650000e+00 2.000000e-01 1.651307e-01 -1.705373e-01 1.111825e+00 1.155821e-07
7.700000e+00 2.000000e-01 1.651309e-01 -1.696564e-01 1.111823e+00 6.625529e-06
7.750000e+00 2.000000e-01 1.651300e-01 -1.713990e-01 1.111827e+00 -3.656363e-06
7.800000e+00 2.000000e-01 1.651313e-01 -1.681164e-01 1.111820e+00 1.713188e-05
7.850000e+00 2.000000e-01 1.651283e-01 -1.740113e-01 1.111833e+00 -1.469772e-05
7.900000e+00 2.000000e-01 1.651328e-01 -1.639808e-01 1.111811e+00 3.915727e-05
7.950000e+00 2.000000e-01 1.651244e-01 -1.801217e-01 1.111845e+00 -3.460696e-05
8.000000e+00 2.000000e-01 1.651362e-01 -1.557104e-01 1.111794e+00 6.975486e-05
8.050000e+00 2.000000e-01 1.651174e-01 -1.902635e-01 1.111866e+00 -4.825184e-05
8.100000e+00 2.000000e-01 1.651411e-01 -1.448328e-01 1.111772e+00 8.341210e-05
8.150000e+00 2.000000e-01 1.651091e-01 -1.999844e-01 1.111885e+00 -1.764015e-05
8.200000e+00 2.000000e-01 1.651428e-01 -1.386477e-01 1.111760e+00 5.025965e-05
8.250000e+00 2.000000e-01 1.651041e-01 -2.010610e-01 1.111887e+00 6.456974e-05
8.300000e+00 2.000000e-01 1.651364e-01 -1.422994e-01 1.111768e+00 2.213767e-05
8.350000e+00 2.000000e-01 1.651018e-01 -1.963676e-01 1.111873e+00 9.654700e-05
8.400000e+00 2.000000e-01 1.651267e-01 -1.422095e-01 1.111782e+00 1.350174e-04
8.450000e+00 2.000000e-01 1.650883e-01 -2.068031e-01 1.111868e+00 1.584165e-05
8.500000e+00 2.000000e-01 1.651251e-01 -1.213689e-01 1.111779e+00 3.181530e-04
8.550000e+00 2.000000e-01 1.650565e-01 -2.309903e-01 1.111880e+00 9.053934e-05
8.600000e+00 2.000000e-01 1.651161e-01 -1.065659e-01 1.111767e+00 2.840181e-04
8.650000e+00 2.000000e-01 1.650281e-01 -2.287194e-01 1.111897e+00 4.483884e-04
8.700000e+00 2.000000e-01 1.650712e-01 -1.213606e-01 1.111753e+00 3.529336e-04
8.750000e+00 2.000000e-01 1.649928e-01 -2.212851e-01 1.111907e+00 5.369182e-04
8.800000e+00 2.000000e-01 1.650176e-01 -1.044153e-01 1.111778e+00 9.868808e-04
8.850000e+00 2.000000e-01 1.648941e-01 -2.620049e-01 1.111860e+00 6.897418e-04
8.900000e+00 2.000000e-01 1.649486e-01 -6.865465e-02 1.111840e+00 1.335282e-03
8.950000e+00 2.000000e-01 1.647606e-01 -2.677358e-01 1.111882e+00 1.766757e-03
9.000000e+00 2.000000e-01 1.647719e-01 -9.200626e-02 1.111757e+00 1.895928e-03
9.050000e+00 2.000000e-01 1.645710e-01 -2.589833e-01 1.111994e+00 2.529104e-03
9.100000e+00 2.000000e-01 1.645190e-01 -5.981718e-02 1.111838e+00 3.840600e-03
9.150000e+00 2.000000e-01 1.641870e-01 -3.202733e-01 1.111825e+00 4.113478e-03
9.200000e+00 2.000000e-01 1.641076e-01 -3.242924e-02 1.111996e+00 5.553780e-03
9.250000e+00 2.000000e-01 1.636316e-01 -3.085978e-01 1.112047e+00 7.534114e-03
9.300000e+00 2.000000e-01 1.633542e-01 -5.036992e-02 1.111782e+00 9.531811e-03
9.350000e+00 2.000000e-01 1.626784e-01 -3.545454e-01 1.112065e+00 1.154012e-02
9.400000e+00 2.000000e-01 1.622002e-01 6.128323e-03 1.112224e+00 1.575592e-02
9.450000e+00 2.000000e-01 1.611028e-01 -3.944930e-01 1.111999e+00 2.007393e-02
9.500000e+00 2.000000e-01 1.601928e-01 -1.585060e-02 1.111782e+00 2.548394e-02
9.550000e+00 2.000000e-01 1.585544e-01 -4.347030e-01 1.112169e+00 3.231768e-02
9.600000e+00 2.000000e-01 1.569611e-01 1.530458e-02 1.111652e+00 4.238992e-02
9.650000e+00 2.000000e-01 1.543154e-01 -5.180170e-01 1.110950e+00 5.379763e-02
9.700000e+00 2.000000e-01 1.515813e-01 -1.747484e-02 1.109008e+00 6.883831e-02
9.750000e+00 2.000000e-01 1.474316e-01 -6.202795e-01 1.107320e+00 8.754545e-02
9.800000e+00 2.000000e-01 1.428267e-01 -7.770999e-02 1.100816e+00 1.126431e-01
9.850000e+00 2.000000e-01 1.361673e-01 -8.047657e-01 1.091804e+00 1.439314e-01
9.900000e+00 2.000000e-01 1.284336e-01 -2.993396e-01 1.069292e+00 1.858790e-01
9.950000e+00 2.000000e-01 1.175794e-01 -1.173285e+00 1.034190e+00 2.451361e-01
1.000000e+01 2.000000e-01 1.039200e-01 -9.925199e-01 0.000000e+00 0.000000e+00
0.000000e+00 2.200000e-01 1.238160e-01 -3.360000e+00 0.000000e+00 0.000000e+00
5.000000e-02 2.200000e-01 1.237591e-01 -3.364930e+00 1.027593e+00 7.859040e-04
1.000000e-01 2.200000e-01 1.237374e-01 -3.361292e+00 1.027423e+00 1.107450e-04
1.500000e-01 2.200000e-01 1.237481e-01 -3.344779e+00 1.028079e+00 1.671186e-05
2.000000e-01 2.200000e-01 1.237357e-01 -3.356777e+00 1.028414e+00 6.661883e-04
2.500000e-01 2.200000e-01 1.236815e-01 -3.388587e+00 1.027314e+00 7.581250e-04
3.000000e-01 2.200000e-01 1.236599e-01 -3.371073e+00 1.026273e+00 -3.433685e-04
3.500000e-01 2.200000e-01 1.237158e-01 -3.319041e+00 1.027325e+00 -1.037630e-03
4.000000e-01 2.200000e-01 1.237637e-01 -3.335254e+00 1.028966e+00 -1.395480e-04
4.500000e-01 2.200000e-01 1.237297e-01 -3.411280e+00 1.028204e+00 6.448649e-04
5.000000e-01 2.200000e-01 1.236992e-01 -3.406790e+00 1.026043e+00 -5.352705e-04
5.500000e-01 2.200000e-01 1.237833e-01 -3.301142e+00 1.026340e+00 -2.260497e-03
6.000000e-01 2.200000e-01 1.239253e-01 -3.271921e+00 1.029366e+00 -2.077554e-03
6.500000e-01 2.200000e-01 1.239910e-01 -3.398089e+00 1.030827e+00 -7.892315e-04
7.000000e-01 2.200000e-01 1.240042e-01 -3.480455e+00 1.028713e+00 -1.279627e-03
7.500000e-01 2.200000e-01 1.241190e-01 -3.346982e+00 1.026725e+00 -3.760986e-03
8.000000e-01 2.200000e-01 1.243803e-01 -3.174722e+00 1.028882e+00 -5.349483e-03
8.500000e-01 2.200000e-01 1.246539e-01 -3.255169e+00 1.032896e+00 -4.737288e-03
9.000000e-01 2.200000e-01 1.248540e-01 -3.503128e+00 1.033149e+00 -4.399333e-03
9.500000e-01 2.200000e-01 1.250939e-01 -3.524571e+00 1.029070e+00 -6.682423e-03
1.000000e+00 2.200000e-01 1.255222e-01 -3.213596e+00 1.026494e+00 -1.000556e-02
1.050000e+00 2.200000e-01 1.260944e-01 -2.978628e+00 1.029349e+00 -1.116885e-02
1.100000e+00 2.200000e-01 1.266391e-01 -3.181076e+00 1.033514e+00 -1.032670e-02
1.150000e+00 2.200000e-01 1.271271e-01 -3.568243e+00 1.032354e+00 -1.083328e-02
1.200000e+00 2.200000e-01 1.277225e-01 -3.573373e+00 1.025927e+00 -1.420679e-02
1.250000e+00 2.200000e-01 1.285478e-01 -3.094481e+00 1.021282e+00 -1.785836e-02
1.300000e+00 2.200000e-01 1.295083e-01 -2.679371e+00 1.023416e+00 -1.877812e-02
1.350000e+00 2.200000e-01 1.304256e-01 -2.837856e+00 1.028904e+00 -1.765562e-02
1.400000e+00 2.200000e-01 1.312739e-01 -3.383988e+00 1.029869e+00 -1.779087e-02
1.450000e+00 2.200000e-01 1.322047e-01 -3.646846e+00 1.023057e+00 -2.089710e-02
1.500000e+00 2.200000e-01 1.333636e-01 -3.255010e+00 1.013768e+00 -2.533679e-02
1.550000e+00 2.200000e-01 1.347384e-01 -2.551140e+00 1.010566e+00 -2.821880e-02
1.600000e+00 2.200000e-01 1.361854e-01 -2.201176e+00 1.016409e+00 -2.827798e-02
1.650000e+00 2.200000e-01 1.375662e-01 -2.504718e+00 1.025247e+00 -2.678527e-02
1.700000e+00 2.200000e-01 1.388640e-01 -3.135101e+00 1.027476e+00 -2.645030e-02
1.750000e+00 2.200000e-01 1.402112e-01 -3.494884e+00 1.019167e+00 -2.945046e-02
1.800000e+00 2.200000e-01 1.418090e-01 -3.261637e+00 1.006073e+00 -3.571048e-02
1.850000e+00 2.200000e-01 1.437822e-01 -2.599324e+00 9.986477e-01 -4.257914e-02
1.900000e+00 2.200000e-01 1.460669e-01 -1.952914e+00 1.003187e+00 -4.651274e-02
1.950000e+00 2.200000e-01 1.484335e-01 -1.693300e+00 1.016922e+00 -4.585140e-02
2.000000e+00 2.200000e-01 1.506521e-01 -1.881899e+00 1.030704e+00 -4.239549e-02
2.050000e+00 2.200000e-01 1.526731e-01 -2.294836e+00 1.036301e+00 -4.021582e-02
2.100000e+00 2.200000e-01 1.546737e-01 -2.635683e+00 1.031717e+00 -4.273604e-02
2.150000e+00 2.200000e-01 1.569467e-01 -2.721536e+00 1.021037e+00 -5.054213e-02
2.200000e+00 2.200000e-01 1.597279e-01 -2.526319e+00 1.010716e+00 -6.124836e-02
2.250000e+00 2.200000e-01 1.630715e-01 -2.128539e+00 1.005900e+00 -7.099615e-02
2.300000e+00 2.200000e-01 1.668275e-01 -1.642814e+00 1.008654e+00 -7.639143e-02
2.350000e+00 2.200000e-01 1.707106e-01 -1.170445e+00 1.018157e+00 -7.582160e-02
2.400000e+00 2.200000e-01 1.744096e-01 -7.751775e-01 1.031966e+00 -6.968543e-02
2.450000e+00 2.200000e-01 1.776792e-01 -4.809548e-01 1.047366e+00 -5.974591e-02
2.500000e+00 2.200000e-01 1.803842e-01 -2.830373e-01 1.062218e+00 -4.818373e-02
2.550000e+00 2.200000e-01 1.824976e-01 -1.622780e-01 1.075234e+00 -3.685329e-02
2.600000e+00 2.200000e-01 1.840696e-01 -9.611392e-02 1.085881e+00 -2.693926e-02
2.650000e+00 2.200000e-01 1.851915e-01 -6.469013e-02 1.094146e+00 -1.895471e-02
2.700000e+00 2.200000e-01 1.859650e-01 -5.315406e-02 1.100302e+00 -1.292022e-02
2.750000e+00 2.200000e-01 1.864835e-01 -5.167623e-02 1.104741e+00 -8.580727e-03
2.800000e+00 2.200000e-01 1.868231e-01 -5.443639e-02 1.107856e+00 -5.579725e-03
2.850000e+00 2.200000e-01 1.870415e-01 -5.837027e-02 1.109998e+00 -3.566938e-03
2.900000e+00 2.200000e-01 1.871798e-01 -6.208877e-02 1.111444e+00 -2.248775e-03
2.950000e+00 2.200000e-01 1.872664e-01 -6.510794e-02 1.112409e+00 -1.401372e-03
3.000000e+00 2.200000e-01 1.873199e-01 -6.737180e-02 1.113045e+00 -8.644467e-04
3.050000e+00 2.200000e-01 1.873528e-01 -6.899054e-02 1.113460e+00 -5.281721e-04
3.100000e+00 2.200000e-01 1.873728e-01 -7.011367e-02 1.113730e+00 -3.196068e-04
3.150000e+00 2.200000e-01 1.873848e-01 -7.087780e-02 1.113904e+00 -1.913798e-04
3.200000e+00 2.200000e-01 1.873919e-01 -7.139098e-02 1.114016e+00 -1.132192e-04
3.250000e+00 2.200000e-01 1.873961e-01 -7.173265e-02 1.114088e+00 -6.600795e-05
3.300000e+00 2.200000e-01 1.873985e-01 -7.195879e-02 1.114133e+00 -3.778295e-05
3.350000e+00 2.200000e-01 1.873999e-01 -7.210784e-02 1.114162e+00 -2.111351e-05
3.400000e+00 2.200000e-01 1.874006e-01 -7.220579e-02 1.114181e+00 -1.141563e-05
3.450000e+00 2.200000e-01 1.874010e-01 -7.227001e-02 1.114192e+00 -5.880771e-06
3.500000e+00 2.200000e-01 1.874012e-01 -7.231204e-02 1.114199e+00 -2.801027e-06
3.550000e+00 2.200000e-01 1.874013e-01 -7.233950e-02 1.114204e+00 -1.146795e-06
3.600000e+00 2.200000e-01 1.874013e-01 -7.235742e-02 1.114207e+00 -3.037971e-07
3.650000e+00 2.200000e-01 1.874013e-01 -7.236911e-02 1.114208e+00 8.978357e-08
3.700000e+00 2.200000e-01 1.874013e-01 -7.237673e-02 1.114209e+00 2.436423e-07
3.750000e+00 2.200000e-01 1.874013e-01 -7.238169e-02 1.114210e+00 2.767790e-07
3.800000e+00 2.200000e-01 1.874013e-01 -7.238492e-02 1.114210e+00 2.548310e-07
3.850000e+00 2.200000e-01 1.874013e-01 -7.238703e-02 1.114211e+00 2.125615e-07
3.900000e+00 2.200000e-01 1.874013e-01 -7.238840e-02 1.114211e+00 1.672599e-07
3.950000e+00 2.200000e-01 1.874012e-01 -7.238930e-02 1.114211e+00 1.266173e-07
4.000000e+00 2.200000e-01 1.874012e-01 -7.238990e-02 1.114211e+00 9.327732e-08
4.050000e+00 2.200000e-01 1.874012e-01 -7.239029e-02 1.114211e+00 6.740458e-08
4.100000e+00 2.200000e-01 1.874012e-01 -7.239055e-02 1.114211e+00 4.809032e-08
4.150000e+00 2.200000e-01 1.874012e-01 -7.239073e-02 1.114211e+00 3.408667e-08
4.200000e+00 2.200000e-01 1.874012e-01 -7.239084e-02 1.114211e+00 2.416289e-08
4.250000e+00 2.200000e-01 1.874012e-01 -7.239093e-02 1.114211e+00 1.725538e-08
4.300000e+00 2.200000e-01 1.874012e-01 -7.239098e-02 1.114211e+00 1.251069e-08
4.350000e+00 2.200000e-01 1.874012e-01 -7.239102e-02 1.114211e+00 9.277165e-09
4.400000e+00 2.200000e-01 1.874012e-01 -7.239105e-02 1.114211e+00 7.075564e-09
4.450000e+00 2.200000e-01 1.874012e-01 -7.239107e-02 1.114211e+00 5.564216e-09
4.500000e+00 2.200000e-01 1.874012e-01 -7.239108e-02 1.114211e+00 4.506236e-09
4.550000e+00 2.200000e-01 1.874012e-01 -7.239110e-02 1.114211e+00 3.741702e-09
4.600000e+00 2.200000e-01 1.874012e-01 -7.239110e-02 1.114211e+00 3.165511e-09
4.650000e+00 2.200000e-01 1.874012e-01 -7.239111e-02 1.114211e+00 2.710521e-09
4.700000e+00 2.200000e-01 1.874012e-01 -7.239111e-02 1.114211e+00 2.335121e-09
4.750000e+00 2.200000e-01 1.874012e-01 -7.239112e-02 1.114211e+00 2.014360e-09
4.800000e+00 2.200000e-01 1.874012e-01 -7.239112e-02 1.114211e+00 1.733790e-09
4.850000e+00 2.200000e-01 1.874012e-01 -7.239112e-02 1.114211e+00 1.485292e-09
4.900000e+00 2.200000e-01 1.874012e-01 -7.239112e-02 1.114211e+00 1.264362e-09
4.950000e+00 2.200000e-01 1.874012e-01 -7.239112e-02 1.114211e+00 1.068390e-09
5.000000e+00 2.200000e-01 1.874012e-01 -7.239112e-02 1.114211e+00 8.956411e-10
5.050000e+00 2.200000e-01 1.874012e-01 -7.239112e-02 1.114211e+00 7.446738e-10
5.100000e+00 2.200000e-01 1.874012e-01 -7.239112e-02 1.114211e+00 6.140577e-10
5.150000e+00 2.200000e-01 1.874012e-01 -7.239112e-02 1.114211e+00 5.022699e-10
5.200000e+00 2.200000e-01 1.874012e-01 -7.239112e-02 1.114211e+00 4.076814e-10
5.250000e+00 2.200000e-01 1.874012e-01 -7.239112e-02 1.114211e+00 3.286008e-10
5.300000e+00 2.200000e-01 1.874012e-01 -7.239112e-02 1.114211e+00 2.633418e-10
5.350000e+00 2.200000e-01 1.874012e-01 -7.239112e-02 1.114211e+00 2.102862e-10
5.400000e+00 2.200000e-01 1.874012e-01 -7.239112e-02 1.114211e+00 1.679420e-10
5.450000e+00 2.200000e-01 1.874012e-01 -7.239112e-02 1.114211e+00 1.350020e-10
5.500000e+00 2.200000e-01 1.874012e-01 -7.239112e-02 1.114211e+00 1.103800e-10
5.550000e+00 2.200000e-01 1.874012e-01 -7.239112e-02 1.114211e+00 9.324874e-11
5.600000e+00 2.200000e-01 1.874012e-01 -7.239112e-02 1.114211e+00 8.307743e-11
5.650000e+00 2.200000e-01 1.874012e-01 -7.239112e-02 1.114211e+00 7.966516e-11
5.700000e+00 2.200000e-01 1.874012e-01 -7.239112e-02 1.114211e+00 8.318207e-11
5.750000e+00 2.200000e-01 1.874012e-01 -7.239112e-02 1.114211e+00 9.422935e-11
5.800000e+00 2.200000e-01 1.874012e-01 -7.239112e-02 1.114211e+00 1.139114e-10
5.850000e+00 2.200000e-01 1.874012e-01 -7.239112e-02 1.114211e+00 1.439387e-10
5.900000e+00 2.200000e-01 1.874012e-01 -7.239112e-02 1.114211e+00 1.867617e-10
5.950000e+00 2.200000e-01 1.874012e-01 -7.239112e-02 1.114211e+00 2.457520e-10
6.000000e+00 2.200000e-01 1.874012e-01 -7.239112e-02 1.114211e+00 3.254524e-10
6.050000e+00 2.200000e-01 1.874012e-01 -7.239112e-02 1.114211e+00 4.318895e-10
6.100000e+00 2.200000e-01 1.874012e-01 -7.239112e-02 1.114211e+00 5.729953e-10
6.150000e+00 2.200000e-01 1.874012e-01 -7.239112e-02 1.114211e+00 7.591580e-10
6.200000e+00 2.200000e-01 1.874012e-01 -7.239112e-02 1.114211e+00 1.003942e-09
6.250000e+00 2.200000e-01 1.874012e-01 -7.239112e-02 1.114211e+00 1.325014e-09
6.300000e+00 2.200000e-01 1.874012e-01 -7.239112e-02 1.114211e+00 1.745353e-09
6.350000e+00 2.200000e-01 1.874012e-01 -7.239112e-02 1.114211e+00 2.294825e-09
6.400000e+00 2.200000e-01 1.874012e-01 -7.239112e-02 1.114211e+00 3.012217e-09
6.450000e+00 2.200000e-01 1.874012e-01 -7.239113e-02 1.114211e+00 3.947871e-09
6.500000e+00 2.200000e-01 1.874012e-01 -7.239113e-02 1.114211e+00 5.167097e-09
6.550000e+00 2.200000e-01 1.874012e-01 -7.239113e-02 1.114211e+00 6.754600e-09
6.600000e+00 2.200000e-01 1.874012e-01 -7.239113e-02 1.114211e+00 8.820203e-09
6.650000e+00 2.200000e-01 1.874012e-01 -7.239113e-02 1.114211e+00 1.150624e-08
6.700000e+00 2.200000e-01 1.874012e-01 -7.239113e-02 1.114211e+00 1.499716e-08
6.750000e+00 2.200000e-01 1.874012e-01 -7.239113e-02 1.114211e+00 1.953186e-08
6.800000e+00 2.200000e-01 1.874012e-01 -7.239114e-02 1.114211e+00 2.541990e-08
6.850000e+00 2.200000e-01 1.874012e-01 -7.239114e-02 1.114211e+00 3.306155e-08
6.900000e+00 2.200000e-01 1.874012e-01 -7.239115e-02 1.114211e+00 4.297693e-08
6.950000e+00 2.200000e-01 1.874012e-01 -7.239115e-02 1.114211e+00 5.583257e-08
7.000000e+00 2.200000e-01 1.874012e-01 -7.239116e-02 1.114211e+00 7.251320e-08
7.050000e+00 2.200000e-01 1.874012e-01 -7.239118e-02 1.114211e+00 9.409112e-08
7.100000e+00 2.200000e-01 1.874012e-01 -7.239118e-02 1.114211e+00 1.221824e-07
7.150000e+00 2.200000e-01 1.874012e-01 -7.239123e-02 1.114211e+00 1.581729e-07
7.200000e+00 2.200000e-01 1.874012e-01 -7.239117e-02 1.114211e+00 2.059565e-07
7.250000e+00 2.200000e-01 1.874012e-01 -7.239145e-02 1.114211e+00 2.644822e-07
7.300000e+00 2.200000e-01 1.874012e-01 -7.239081e-02 1.114211e+00 3.494636e-07
7.350000e+00 2.200000e-01 1.874011e-01 -7.239272e-02 1.114211e+00 4.348380e-07
7.400000e+00 2.200000e-01 1.874011e-01 -7.238795e-02 1.114211e+00 6.087431e-07
7.450000e+00 2.200000e-01 1.874011e-01 -7.240026e-02 1.114211e+00 6.759058e-07
7.500000e+00 2.200000e-01 1.874010e-01 -7.237067e-02 1.114211e+00 1.141020e-06
7.550000e+00 2.200000e-01 1.874010e-01 -7.244050e-02 1.114211e+00 8.703675e-07
7.600000e+00 2.200000e-01 1.874010e-01 -7.228351e-02 1.114211e+00 2.451130e-06
7.650000e+00 2.200000e-01 1.874007e-01 -7.262465e-02 1.114212e+00 3.994890e-07
7.700000e+00 2.200000e-01 1.874009e-01 -7.191617e-02 1.114209e+00 6.048507e-06
7.750000e+00 2.200000e-01 1.874001e-01 -7.332724e-02 1.114216e+00 -2.683113e-06
7.800000e+00 2.200000e-01 1.874012e-01 -7.064797e-02 1.114204e+00 1.542957e-05
7.850000e+00 2.200000e-01 1.873986e-01 -7.549506e-02 1.114226e+00 -1.210918e-05
7.900000e+00 2.200000e-01 1.874024e-01 -6.718114e-02 1.114189e+00 3.527107e-05
7.950000e+00 2.200000e-01 1.873950e-01 -8.066400e-02 1.114249e+00 -2.953994e-05
8.000000e+00 2.200000e-01 1.874054e-01 -6.010473e-02 1.114159e+00 6.346983e-05
8.050000e+00 2.200000e-01 1.873887e-01 -8.944057e-02 1.114287e+00 -4.182235e-05
8.100000e+00 2.200000e-01 1.874095e-01 -5.054669e-02 1.114120e+00 7.756073e-05
8.150000e+00 2.200000e-01 1.873809e-01 -9.814208e-02 1.114324e+00 -1.435612e-05
8.200000e+00 2.200000e-01 1.874110e-01 -4.479008e-02 1.114100e+00 4.969533e-05
8.250000e+00 2.200000e-01 1.873760e-01 -9.943574e-02 1.114329e+00 6.160867e-05
8.300000e+00 2.200000e-01 1.874048e-01 -4.774415e-02 1.114118e+00 2.545353e-05
8.350000e+00 2.200000e-01 1.873734e-01 -9.532486e-02 1.114311e+00 9.402180e-05
8.400000e+00 2.200000e-01 1.873954e-01 -4.773629e-02 1.114131e+00 1.320003e-04
8.450000e+00 2.200000e-01 1.873602e-01 -1.045739e-01 1.114340e+00 2.153000e-05
8.500000e+00 2.200000e-01 1.873933e-01 -2.874295e-02 1.114086e+00 3.086861e-04
8.550000e+00 2.200000e-01 1.873294e-01 -1.269476e-01 1.114415e+00 9.462758e-05
8.600000e+00 2.200000e-01 1.873838e-01 -1.463897e-02 1.114058e+00 2.806089e-04
8.650000e+00 2.200000e-01 1.873013e-01 -1.248617e-01 1.114436e+00 4.444387e-04
8.700000e+00 2.200000e-01 1.873393e-01 -2.884662e-02 1.114104e+00 3.492283e-04
8.750000e+00 2.200000e-01 1.872664e-01 -1.169205e-01 1.114459e+00 5.344850e-04
8.800000e+00 2.200000e-01 1.872859e-01 -1.287233e-02 1.114111e+00 9.795404e-04
8.850000e+00 2.200000e-01 1.871684e-01 -1.563672e-01 1.114567e+00 6.804377e-04
8.900000e+00 2.200000e-01 1.872179e-01 2.297013e-02 1.114142e+00 1.323033e-03
8.950000e+00 2.200000e-01 1.870361e-01 -1.611067e-01 1.114665e+00 1.766380e-03
9.000000e+00 2.200000e-01 1.870412e-01 -1.985008e-03 1.114223e+00 1.860990e-03
9.050000e+00 2.200000e-01 1.868500e-01 -1.488678e-01 1.114885e+00 2.507835e-03
9.100000e+00 2.200000e-01 1.867904e-01 3.101654e-02 1.114355e+00 3.835885e-03
9.150000e+00 2.200000e-01 1.864664e-01 -2.117383e-01 1.115088e+00 4.059446e-03
9.200000e+00 2.200000e-01 1.863845e-01 6.057217e-02 1.114718e+00 5.477319e-03
9.250000e+00 2.200000e-01 1.859187e-01 -1.917922e-01 1.115596e+00 7.530654e-03
9.300000e+00 2.200000e-01 1.856314e-01 3.772093e-02 1.114962e+00 9.452883e-03
9.350000e+00 2.200000e-01 1.849734e-01 -2.349151e-01 1.116323e+00 1.138904e-02
9.400000e+00 2.200000e-01 1.844925e-01 1.053648e-01 1.115974e+00 1.566461e-02
9.450000e+00 2.200000e-01 1.834069e-01 -2.659344e-01 1.117232e+00 2.003666e-02
9.500000e+00 2.200000e-01 1.824889e-01 7.665628e-02 1.116756e+00 2.526859e-02
9.550000e+00 2.200000e-01 1.808801e-01 -2.868957e-01 1.119088e+00 3.214098e-02
9.600000e+00 2.200000e-01 1.792748e-01 1.261224e-01 1.118525e+00 4.235218e-02
9.650000e+00 2.200000e-01 1.766449e-01 -3.468306e-01 1.120504e+00 5.397603e-02
9.700000e+00 2.200000e-01 1.738772e-01 9.841780e-02 1.119260e+00 6.907305e-02
9.750000e+00 2.200000e-01 1.697376e-01 -3.953382e-01 1.121516e+00 8.855133e-02
9.800000e+00 2.200000e-01 1.650220e-01 7.926178e-02 1.117176e+00 1.148816e-01
9.850000e+00 2.200000e-01 1.582494e-01 -4.853975e-01 1.114336e+00 1.489422e-01
9.900000e+00 2.200000e-01 1.501278e-01 -6.729540e-02 1.098493e+00 1.952845e-01
9.950000e+00 2.200000e-01 1.387210e-01 -6.690296e-01 1.077714e+00 2.631180e-01
1.000000e+01 2.200000e-01 1.238160e-01 -5.393301e-01 0.000000e+00 0.000000e+00
0.000000e+00 2.400000e-01 1.450560e-01 -3.120000e+00 0.000000e+00 0.000000e+00
5.000000e-02 2.400000e-01 1.449812e-01 -3.120604e+00 1.092153e+00 1.010250e-03
1.000000e-01 2.400000e-01 1.449550e-01 -3.151502e+00 1.092175e+00 7.404617e-06
1.500000e-01 2.400000e-01 1.449804e-01 -3.121013e+00 1.092798e+00 -2.496312e-04
2.000000e-01 2.400000e-01 1.449799e-01 -3.054317e+00 1.093071e+00 7.737190e-04
2.500000e-01 2.400000e-01 1.449031e-01 -3.112027e+00 1.092336e+00 1.284954e-03
3.000000e-01 2.400000e-01 1.448514e-01 -3.225950e+00 1.091347e+00 -2.296961e-04
3.500000e-01 2.400000e-01 1.449260e-01 -3.152204e+00 1.091606e+00 -1.678586e-03
4.000000e-01 2.400000e-01 1.450193e-01 -2.976377e+00 1.092989e+00 -5.142881e-04
4.500000e-01 2.400000e-01 1.449774e-01 -3.042596e+00 1.093454e+00 1.303113e-03
5.000000e-01 2.400000e-01 1.448890e-01 -3.291732e+00 1.092009e+00 1.506310e-04
5.500000e-01 2.400000e-01 1.449624e-01 -3.269637e+00 1.090560e+00 -2.872613e-03
6.000000e-01 2.400000e-01 1.451763e-01 -2.938743e+00 1.091820e+00 -3.344503e-03
6.500000e-01 2.400000e-01 1.452968e-01 -2.857740e+00 1.094976e+00 -8.812800e-04
7.000000e-01 2.400000e-01 1.452644e-01 -3.237022e+00 1.095895e+00 -6.267166e-05
7.500000e-01 2.400000e-01 1.453031e-01 -3.478872e+00 1.092708e+00 -3.261539e-03
8.000000e-01 2.400000e-01 1.455905e-01 -3.104518e+00 1.090038e+00 -6.751302e-03
8.500000e-01 2.400000e-01 1.459782e-01 -2.635713e+00 1.092980e+00 -6.303966e-03
9.000000e-01 2.400000e-01 1.462209e-01 -2.851112e+00 1.098521e+00 -3.785208e-03
9.500000e-01 2.400000e-01 1.463568e-01 -3.497517e+00 1.098255e+00 -4.489492e-03
1.000000e+00 2.400000e-01 1.466699e-01 -3.571516e+00 1.090913e+00 -9.238050e-03
1.050000e+00 2.400000e-01 1.472806e-01 -2.841964e+00 1.085854e+00 -1.296670e-02
1.100000e+00 2.400000e-01 1.479665e-01 -2.305037e+00 1.090216e+00 -1.208002e-02
1.150000e+00 2.400000e-01 1.484886e-01 -2.759087e+00 1.097812e+00 -9.577178e-03
1.200000e+00 2.400000e-01 1.489243e-01 -3.612780e+00 1.096450e+00 -1.071379e-02
1.250000e+00 2.400000e-01 1.495599e-01 -3.663039e+00 1.084707e+00 -1.588174e-02
1.300000e+00 2.400000e-01 1.505124e-01 -2.745719e+00 1.075076e+00 -2.036770e-02
1.350000e+00 2.400000e-01 1.515967e-01 -1.972098e+00 1.078449e+00 -2.049055e-02
1.400000e+00 2.400000e-01 1.525615e-01 -2.279039e+00 1.089623e+00 -1.775726e-02
1.450000e+00 2.400000e-01 1.533724e-01 -3.277211e+00 1.092707e+00 -1.684281e-02
1.500000e+00 2.400000e-01 1.542458e-01 -3.767123e+00 1.080212e+00 -2.058476e-02
1.550000e+00 2.400000e-01 1.554309e-01 -3.168601e+00 1.062834e+00 -2.715806e-02
1.600000e+00 2.400000e-01 1.569616e-01 -2.102189e+00 1.057667e+00 -3.172469e-02
1.650000e+00 2.400000e-01 1.586034e-01 -1.617202e+00 1.069053e+00 -3.098535e-02
1.700000e+00 2.400000e-01 1.600601e-01 -2.112301e+00 1.083754e+00 -2.671701e-02
1.750000e+00 2.400000e-01 1.612751e-01 -3.034489e+00 1.085010e+00 -2.470930e-02
1.800000e+00 2.400000e-01 1.625310e-01 -3.525861e+00 1.069685e+00 -2.945574e-02
1.850000e+00 2.400000e-01 1.642207e-01 -3.212907e+00 1.050282e+00 -3.965224e-02
1.900000e+00 2.400000e-01 1.664963e-01 -2.388961e+00 1.042178e+00 -4.903133e-02
1.950000e+00 2.400000e-01 1.691238e-01 -1.653758e+00 1.050410e+00 -5.177909e-02
2.000000e+00 2.400000e-01 1.716742e-01 -1.429955e+00 1.067040e+00 -4.753655e-02
2.050000e+00 2.400000e-01 1.738774e-01 -1.709879e+00 1.079313e+00 -4.148489e-02
2.100000e+00 2.400000e-01 1.758227e-01 -2.175788e+00 1.079717e+00 -3.990699e-02
2.150000e+00 2.400000e-01 1.778681e-01 -2.497649e+00 1.069498e+00 -4.566453e-02
2.200000e+00 2.400000e-01 1.803891e-01 -2.517546e+00 1.055314e+00 -5.694783e-02
2.250000e+00 2.400000e-01 1.835629e-01 -2.253015e+00 1.044057e+00 -6.909304e-02
2.300000e+00 2.400000e-01 1.872984e-01 -1.816586e+00 1.039625e+00 -7.741393e-02
2.350000e+00 2.400000e-01 1.913043e-01 -1.335994e+00 1.042412e+00 -7.925639e-02
2.400000e+00 2.400000e-01 1.952241e-01 -9.054683e-01 1.050517e+00 -7.453498e-02
2.450000e+00 2.400000e-01 1.987578e-01 -5.707083e-01 1.061315e+00 -6.502073e-02
2.500000e+00 2.400000e-01 2.017261e-01 -3.375705e-01 1.072566e+00 -5.316469e-02
2.550000e+00 2.400000e-01 2.040743e-01 -1.896343e-01 1.082827e+00 -4.114335e-02
2.600000e+00 2.400000e-01 2.058405e-01 -1.034540e-01 1.091419e+00 -3.040023e-02
2.650000e+00 2.400000e-01 2.071143e-01 -5.744759e-02 1.098194e+00 -2.161297e-02
2.700000e+00 2.400000e-01 2.080018e-01 -3.528829e-02 1.103303e+00 -1.488537e-02
2.750000e+00 2.400000e-01 2.086028e-01 -2.609581e-02 1.107027e+00 -9.990020e-03
2.800000e+00 2.400000e-01 2.090008e-01 -2.330738e-02 1.109667e+00 -6.566025e-03
2.850000e+00 2.400000e-01 2.092594e-01 -2.330623e-02 1.111500e+00 -4.243785e-03
2.900000e+00 2.400000e-01 2.094252e-01 -2.427643e-02 1.112751e+00 -2.705996e-03
2.950000e+00 2.400000e-01 2.095300e-01 -2.540344e-02 1.113592e+00 -1.706357e-03
3.000000e+00 2.400000e-01 2.095958e-01 -2.638050e-02 1.114152e+00 -1.065838e-03
3.050000e+00 2.400000e-01 2.096366e-01 -2.713281e-02 1.114521e+00 -6.600769e-04
3.100000e+00 2.400000e-01 2.096618e-01 -2.767711e-02 1.114763e+00 -4.054265e-04
3.150000e+00 2.400000e-01 2.096772e-01 -2.805689e-02 1.114920e+00 -2.469055e-04
3.200000e+00 2.400000e-01 2.096865e-01 -2.831604e-02 1.115022e+00 -1.489725e-04
3.250000e+00 2.400000e-01 2.096921e-01 -2.849044e-02 1.115088e+00 -8.893155e-05
3.300000e+00 2.400000e-01 2.096954e-01 -2.860675e-02 1.115130e+00 -5.242276e-05
3.350000e+00 2.400000e-01 2.096973e-01 -2.868387e-02 1.115157e+00 -3.042807e-05
3.400000e+00 2.400000e-01 2.096984e-01 -2.873479e-02 1.115174e+00 -1.732054e-05
3.450000e+00 2.400000e-01 2.096990e-01 -2.876833e-02 1.115185e+00 -9.610871e-06
3.500000e+00 2.400000e-01 2.096994e-01 -2.879038e-02 1.115192e+00 -5.149145e-06
3.550000e+00 2.400000e-01 2.096996e-01 -2.880484e-02 1.115196e+00 -2.620019e-06
3.600000e+00 2.400000e-01 2.096996e-01 -2.881432e-02 1.115199e+00 -1.225249e-06
3.650000e+00 2.400000e-01 2.096997e-01 -2.882052e-02 1.115201e+00 -4.850117e-07
3.700000e+00 2.400000e-01 2.096997e-01 -2.882459e-02 1.115202e+00 -1.141953e-07
3.750000e+00 2.400000e-01 2.096997e-01 -2.882724e-02 1.115202e+00 5.422018e-08
3.800000e+00 2.400000e-01 2.096997e-01 -2.882898e-02 1.115203e+00 1.163307e-07
3.850000e+00 2.400000e-01 2.096997e-01 -2.883012e-02 1.115203e+00 1.261406e-07
3.900000e+00 2.400000e-01 2.096997e-01 -2.883087e-02 1.115203e+00 1.130413e-07
3.950000e+00 2.400000e-01 2.096997e-01 -2.883136e-02 1.115203e+00 9.230068e-08
4.000000e+00 2.400000e-01 2.096997e-01 -2.883169e-02 1.115203e+00 7.128207e-08
4.050000e+00 2.400000e-01 2.096997e-01 -2.883190e-02 1.115204e+00 5.307493e-08
4.100000e+00 2.400000e-01 2.096997e-01 -2.883205e-02 1.115204e+00 3.857302e-08
4.150000e+00 2.400000e-01 2.096997e-01 -2.883214e-02 1.115204e+00 2.763321e-08
4.200000e+00 2.400000e-01 2.096997e-01 -2.883221e-02 1.115204e+00 1.969828e-08
4.250000e+00 2.400000e-01 2.096997e-01 -2.883226e-02 1.115204e+00 1.411345e-08
4.300000e+00 2.400000e-01 2.096997e-01 -2.883229e-02 1.115204e+00 1.027268e-08
4.350000e+00 2.400000e-01 2.096997e-01 -2.883231e-02 1.115204e+00 7.674121e-09
4.400000e+00 2.400000e-01 2.096997e-01 -2.883232e-02 1.115204e+00 5.929658e-09
4.450000e+00 2.400000e-01 2.096997e-01 -2.883234e-02 1.115204e+00 4.753757e-09
4.500000e+00 2.400000e-01 2.096997e-01 -2.883234e-02 1.115204e+00 3.944876e-09
4.550000e+00 2.400000e-01 2.096997e-01 -2.883235e-02 1.115204e+00 3.366092e-09
4.600000e+00 2.400000e-01 2.096997e-01 -2.883235e-02 1.115204e+00 2.927923e-09
4.650000e+00 2.400000e-01 2.096997e-01 -2.883236e-02 1.115204e+00 2.574344e-09
4.700000e+00 2.400000e-01 2.096997e-01 -2.883236e-02 1.115204e+00 2.272031e-09
4.750000e+00 2.400000e-01 2.096997e-01 -2.883236e-02 1.115204e+00 2.002437e-09
4.800000e+00 2.400000e-01 2.096997e-01 -2.883236e-02 1.115204e+00 1.756187e-09
4.850000e+00 2.400000e-01 2.096997e-01 -2.883236e-02 1.115204e+00 1.529233e-09
4.900000e+00 2.400000e-01 2.096997e-01 -2.883236e-02 1.115204e+00 1.320342e-09
4.950000e+00 2.400000e-01 2.096997e-01 -2.883236e-02 1.115204e+00 1.129528e-09
5.000000e+00 2.400000e-01 2.096997e-01 -2.883236e-02 1.115204e+00 9.571266e-10
5.050000e+00 2.400000e-01 2.096997e-01 -2.883237e-02 1.115204e+00 8.033083e-10
5.100000e+00 2.400000e-01 2.096997e-01 -2.883237e-02 1.115204e+00 6.678691e-10
5.150000e+00 2.400000e-01 2.096997e-01 -2.883237e-02 1.115204e+00 5.501974e-10
5.200000e+00 2.400000e-01 2.096997e-01 -2.883237e-02 1.115204e+00 4.493225e-10
5.250000e+00 2.400000e-01 2.096997e-01 -2.883237e-02 1.115204e+00 3.640019e-10
5.300000e+00 2.400000e-01 2.096997e-01 -2.883237e-02 1.115204e+00 2.928396e-10
5.350000e+00 2.400000e-01 2.096997e-01 -2.883237e-02 1.115204e+00 2.343886e-10
5.400000e+00 2.400000e-01 2.096997e-01 -2.883237e-02 1.115204e+00 1.872391e-10
5.450000e+00 2.400000e-01 2.096997e-01 -2.883237e-02 1.115204e+00 1.501005e-10
5.500000e+00 2.400000e-01 2.096997e-01 -2.883237e-02 1.115204e+00 1.218586e-10
5.550000e+00 2.400000e-01 2.096997e-01 -2.883237e-02 1.115204e+00 1.016306e-10
5.600000e+00 2.400000e-01 2.096997e-01 -2.883237e-02 1.115204e+00 8.881507e-11
5.650000e+00 2.400000e-01 2.096997e-01 -2.883237e-02 1.115204e+00 8.312462e-11
5.700000e+00 2.400000e-01 2.096997e-01 -2.883237e-02 1.115204e+00 8.464340e-11
5.750000e+00 2.400000e-01 2.096997e-01 -2.883237e-02 1.115204e+00 9.388462e-11
5.800000e+00 2.400000e-01 2.096997e-01 -2.883237e-02 1.115204e+00 1.118580e-10
5.850000e+00 2.400000e-01 2.096997e-01 -2.883237e-02 1.115204e+00 1.401831e-10
5.900000e+00 2.400000e-01 2.096997e-01 -2.883237e-02 1.115204e+00 1.812131e-10
5.950000e+00 2.400000e-01 2.096997e-01 -2.883237e-02 1.115204e+00 2.382117e-10
6.000000e+00 2.400000e-01 2.096997e-01 -2.883237e-02 1.115204e+00 3.156037e-10
6.050000e+00 2.400000e-01 2.096997e-01 -2.883237e-02 1.115204e+00 4.192782e-10
6.100000e+00 2.400000e-01 2.096997e-01 -2.883237e-02 1.115204e+00 5.569978e-10
6.150000e+00 2.400000e-01 2.096997e-01 -2.883237e-02 1.115204e+00 7.389472e-10
6.200000e+00 2.400000e-01 2.096997e-01 -2.883237e-02 1.115204e+00 9.784323e-10
6.250000e+00 2.400000e-01 2.096997e-01 -2.883237e-02 1.115204e+00 1.292793e-09
6.300000e+00 2.400000e-01 2.096997e-01 -2.883237e-02 1.115204e+00 1.704593e-09
6.350000e+00 2.400000e-01 2.096997e-01 -2.883237e-02 1.115204e+00 2.243162e-09
6.400000e+00 2.400000e-01 2.096997e-01 -2.883237e-02 1.115204e+00 2.946593e-09
6.450000e+00 2.400000e-01 2.096997e-01 -2.883237e-02 1.115204e+00 3.864333e-09
6.500000e+00 2.400000e-01 2.096997e-01 -2.883237e-02 1.115204e+00 5.060537e-09
6.550000e+00 2.400000e-01 2.096997e-01 -2.883237e-02 1.115204e+00 6.618411e-09
6.600000e+00 2.400000e-01 2.096997e-01 -2.883237e-02 1.115204e+00 8.645828e-09
6.650000e+00 2.400000e-01 2.096997e-01 -2.883237e-02 1.115204e+00 1.128261e-08
6.700000e+00 2.400000e-01 2.096997e-01 -2.883237e-02 1.115204e+00 1.470992e-08
6.750000e+00 2.400000e-01 2.096997e-01 -2.883237e-02 1.115204e+00 1.916244e-08
6.800000e+00 2.400000e-01 2.096997e-01 -2.883237e-02 1.115204e+00 2.494418e-08
6.850000e+00 2.400000e-01 2.096996e-01 -2.883237e-02 1.115204e+00 3.244840e-08
6.900000e+00 2.400000e-01 2.096996e-01 -2.883238e-02 1.115204e+00 4.218552e-08
6.950000e+00 2.400000e-01 2.096996e-01 -2.883238e-02 1.115204e+00 5.481148e-08
7.000000e+00 2.400000e-01 2.096996e-01 -2.883238e-02 1.115204e+00 7.119073e-08
7.050000e+00 2.400000e-01 2.096996e-01 -2.883239e-02 1.115204e+00 9.239018e-08
7.100000e+00 2.400000e-01 2.096996e-01 -2.883239e-02 1.115204e+00 1.199538e-07
7.150000e+00 2.400000e-01 2.096996e-01 -2.883242e-02 1.115204e+00 1.553707e-07
7.200000e+00 2.400000e-01 2.096996e-01 -2.883237e-02 1.115204e+00 2.020908e-07
7.250000e+00 2.400000e-01 2.096996e-01 -2.883255e-02 1.115204e+00 2.601330e-07
7.300000e+00 2.400000e-01 2.096996e-01 -2.883211e-02 1.115204e+00 3.420608e-07
7.350000e+00 2.400000e-01 2.096996e-01 -2.883340e-02 1.115204e+00 4.298277e-07
7.400000e+00 2.400000e-01 2.096995e-01 -2.883010e-02 1.115204e+00 5.907767e-07
7.450000e+00 2.400000e-01 2.096995e-01 -2.883860e-02 1.115204e+00 6.802728e-07
7.500000e+00 2.400000e-01 2.096995e-01 -2.881790e-02 1.115204e+00 1.082531e-06
7.550000e+00 2.400000e-01 2.096994e-01 -2.886705e-02 1.115204e+00 9.373826e-07
7.600000e+00 2.400000e-01 2.096994e-01 -2.875541e-02 1.115203e+00 2.233223e-06
7.650000e+00 2.400000e-01 2.096992e-01 -2.899999e-02 1.115205e+00 7.384863e-07
7.700000e+00 2.400000e-01 2.096993e-01 -2.848709e-02 1.115202e+00 5.280174e-06
7.750000e+00 2.400000e-01 2.096987e-01 -2.951789e-02 1.115209e+00 -1.450267e-06
7.800000e+00 2.400000e-01 2.096995e-01 -2.754145e-02 1.115196e+00 1.313831e-05
7.850000e+00 2.400000e-01 2.096973e-01 -3.115147e-02 1.115221e+00 -8.696656e-06
7.900000e+00 2.400000e-01 2.097003e-01 -2.489677e-02 1.115179e+00 2.991308e-05
7.950000e+00 2.400000e-01 2.096943e-01 -3.514276e-02 1.115249e+00 -2.261996e-05
8.000000e+00 2.400000e-01 2.097026e-01 -1.935533e-02 1.115143e+00 5.450757e-05
8.050000e+00 2.400000e-01 2.096889e-01 -4.211900e-02 1.115296e+00 -3.272515e-05
8.100000e+00 2.400000e-01 2.097059e-01 -1.161527e-02 1.115095e+00 6.876370e-05
8.150000e+00 2.400000e-01 2.096820e-01 -4.933228e-02 1.115343e+00 -9.507953e-06
8.200000e+00 2.400000e-01 2.097068e-01 -6.636321e-03 1.115069e+00 4.819026e-05
8.250000e+00 2.400000e-01 2.096772e-01 -5.070857e-02 1.115354e+00 5.735401e-05
8.300000e+00 2.400000e-01 2.097011e-01 -8.867693e-03 1.115091e+00 2.909502e-05
8.350000e+00 2.400000e-01 2.096743e-01 -4.720468e-02 1.115336e+00 9.131370e-05
8.400000e+00 2.400000e-01 2.096919e-01 -9.274329e-03 1.115107e+00 1.235521e-04
8.450000e+00 2.400000e-01 2.096619e-01 -5.437396e-02 1.115385e+00 3.385959e-05
8.500000e+00 2.400000e-01 2.096886e-01 6.410546e-03 1.115039e+00 2.881433e-04
8.550000e+00 2.400000e-01 2.096331e-01 -7.351724e-02 1.115505e+00 1.017536e-04
8.600000e+00 2.400000e-01 2.096784e-01 1.907344e-02 1.114999e+00 2.757828e-04
8.650000e+00 2.400000e-01 2.096055e-01 -7.204615e-02 1.115536e+00 4.297957e-04
8.700000e+00 2.400000e-01 2.096354e-01 6.219358e-03 1.115092e+00 3.435088e-04
8.750000e+00 2.400000e-01 2.095712e-01 -6.349911e-02 1.115567e+00 5.342161e-04
8.800000e+00 2.400000e-01 2.095820e-01 1.890153e-02 1.115100e+00 9.438139e-04
8.850000e+00 2.400000e-01 2.094768e-01 -9.831408e-02 1.115796e+00 6.774250e-04
8.900000e+00 2.400000e-01 2.095142e-01 5.229188e-02 1.115107e+00 1.295983e-03
8.950000e+00 2.400000e-01 2.093472e-01 -1.027476e-01 1.115970e+00 1.734140e-03
9.000000e+00 2.400000e-01 2.093408e-01 2.727272e-02 1.115340e+00 1.808121e-03
9.050000e+00 2.400000e-01 2.091664e-01 -8.683581e-02 1.116264e+00 2.476202e-03
9.100000e+00 2.400000e-01 2.090932e-01 5.608507e-02 1.115541e+00 3.759396e-03
9.150000e+00 2.400000e-01 2.087905e-01 -1.468304e-01 1.116803e+00 3.968457e-03
9.200000e+00 2.400000e-01 2.086964e-01 8.596957e-02 1.116076e+00 5.350528e-03
9.250000e+00 2.400000e-01 2.082554e-01 -1.217358e-01 1.117547e+00 7.436354e-03
9.300000e+00 2.400000e-01 2.079527e-01 5.608570e-02 1.116784e+00 9.240872e-03
9.350000e+00 2.400000e-01 2.073313e-01 -1.581499e-01 1.118891e+00 1.113535e-02
9.400000e+00 2.400000e-01 2.068392e-01 1.278270e-01 1.118284e+00 1.539237e-02
9.450000e+00 2.400000e-01 2.057921e-01 -1.834774e-01 1.120669e+00 1.976108e-02
9.500000e+00 2.400000e-01 2.048631e-01 8.876853e-02 1.120250e+00 2.474165e-02
9.550000e+00 2.400000e-01 2.033179e-01 -1.864283e-01 1.123984e+00 3.161028e-02
9.600000e+00 2.400000e-01 2.017021e-01 1.466517e-01 1.123725e+00 4.182358e-02
9.650000e+00 2.400000e-01 1.991356e-01 -2.335636e-01 1.127768e+00 5.350368e-02
9.700000e+00 2.400000e-01 1.963517e-01 1.122273e-01 1.127675e+00 6.843328e-02
9.750000e+00 2.400000e-01 1.922922e-01 -2.446845e-01 1.133014e+00 8.837892e-02
9.800000e+00 2.400000e-01 1.875138e-01 1.178973e-01 1.131384e+00 1.155152e-01
9.850000e+00 2.400000e-01 1.807407e-01 -2.808114e-01 1.133750e+00 1.514048e-01
9.900000e+00 2.400000e-01 1.723733e-01 1.596361e-02 1.125376e+00 2.005278e-01
9.950000e+00 2.400000e-01 1.606879e-01 -3.537731e-01 1.117639e+00 2.731732e-01
1.000000e+01 2.400000e-01 1.450560e-01 -2.711266e-01 0.000000e+00 0.000000e+00
0.000000e+00 2.600000e-01 1.675440e-01 -2.880000e+00 0.000000e+00 0.000000e+00
5.000000e-02 2.600000e-01 1.674453e-01 -2.841119e+00 1.151351e+00 1.195792e-03
1.000000e-01 2.600000e-01 1.674244e-01 -2.903477e+00 1.152494e+00 -1.472541e-04
1.500000e-01 2.600000e-01 1.674600e-01 -3.005655e+00 1.154048e+00 -3.414252e-04
2.000000e-01 2.600000e-01 1.674586e-01 -2.843798e+00 1.152239e+00 8.509430e-04
2.500000e-01 2.600000e-01 1.673749e-01 -2.657092e+00 1.150248e+00 1.447508e-03
3.000000e-01 2.600000e-01 1.673138e-01 -2.904116e+00 1.152399e+00 -5.131066e-05
3.500000e-01 2.600000e-01 1.673800e-01 -3.212089e+00 1.154543e+00 -1.694390e-03
4.000000e-01 2.600000e-01 1.674833e-01 -2.909026e+00 1.151698e+00 -8.790126e-04
4.500000e-01 2.600000e-01 1.674679e-01 -2.436696e+00 1.149112e+00 1.036963e-03
5.000000e-01 2.600000e-01 1.673796e-01 -2.720698e+00 1.152640e+00 6.226324e-04
5.500000e-01 2.600000e-01 1.674057e-01 -3.392097e+00 1.155890e+00 -2.184854e-03
6.000000e-01 2.600000e-01 1.675980e-01 -3.213423e+00 1.151659e+00 -3.844200e-03
6.500000e-01 2.600000e-01 1.677901e-01 -2.331245e+00 1.147463e+00 -2.419308e-03
7.000000e-01 2.600000e-01 1.678400e-01 -2.241530e+00 1.152922e+00 -3.723591e-04
7.500000e-01 2.600000e-01 1.678273e-01 -3.244266e+00 1.159851e+00 -1.418282e-03
8.000000e-01 2.600000e-01 1.679818e-01 -3.724495e+00 1.154864e+00 -5.458338e-03
8.500000e-01 2.600000e-01 1.683732e-01 -2.735745e+00 1.144401e+00 -8.130340e-03
9.000000e-01 2.600000e-01 1.687948e-01 -1.739881e+00 1.146786e+00 -6.509053e-03
9.500000e-01 2.600000e-01 1.690241e-01 -2.355843e+00 1.160149e+00 -3.639157e-03
1.000000e+00 2.600000e-01 1.691587e-01 -3.743882e+00 1.162490e+00 -5.045454e-03
1.050000e+00 2.600000e-01 1.695286e-01 -3.751568e+00 1.146221e+00 -1.089024e-02
1.100000e+00 2.600000e-01 1.702478e-01 -2.228213e+00 1.133095e+00 -1.510986e-02
1.150000e+00 2.600000e-01 1.710396e-01 -1.314115e+00 1.142317e+00 -1.332701e-02
1.200000e+00 2.600000e-01 1.715805e-01 -2.313133e+00 1.160142e+00 -8.964676e-03
1.250000e+00 2.600000e-01 1.719361e-01 -3.849562e+00 1.158008e+00 -9.308483e-03
1.300000e+00 2.600000e-01 1.725113e-01 -3.800458e+00 1.133621e+00 -1.627476e-02
1.350000e+00 2.600000e-01 1.735635e-01 -2.206405e+00 1.116141e+00 -2.347443e-02
1.400000e+00 2.600000e-01 1.748588e-01 -1.071682e+00 1.126437e+00 -2.349438e-02
1.450000e+00 2.600000e-01 1.759130e-01 -1.734072e+00 1.149050e+00 -1.713273e-02
1.500000e+00 2.600000e-01 1.765720e-01 -3.309532e+00 1.151888e+00 -1.338745e-02
1.550000e+00 2.600000e-01 1.772517e-01 -3.932291e+00 1.127368e+00 -1.920095e-02
1.600000e+00 2.600000e-01 1.784921e-01 -2.989009e+00 1.101034e+00 -3.076559e-02
1.650000e+00 2.600000e-01 1.803283e-01 -1.565478e+00 1.099640e+00 -3.722001e-02
1.700000e+00 2.600000e-01 1.822141e-01 -1.089464e+00 1.121315e+00 -3.283299e-02
1.750000e+00 2.600000e-01 1.836116e-01 -1.887677e+00 1.139875e+00 -2.382301e-02
1.800000e+00 2.600000e-01 1.845964e-01 -3.049503e+00 1.134729e+00 -2.181932e-02
1.850000e+00 2.600000e-01 1.857935e-01 -3.519446e+00 1.110515e+00 -3.157613e-02
1.900000e+00 2.600000e-01 1.877540e-01 -3.019447e+00 1.088301e+00 -4.656392e-02
1.950000e+00 2.600000e-01 1.904499e-01 -2.053308e+00 1.084203e+00 -5.579641e-02
2.000000e+00 2.600000e-01 1.933337e-01 -1.343533e+00 1.097182e+00 -5.395666e-02
2.050000e+00 2.600000e-01 1.958456e-01 -1.258000e+00 1.113513e+00 -4.528661e-02
2.100000e+00 2.600000e-01 1.978624e-01 -1.646160e+00 1.120120e+00 -3.881001e-02
2.150000e+00 2.600000e-01 1.997266e-01 -2.110479e+00 1.113405e+00 -4.078069e-02
2.200000e+00 2.600000e-01 2.019404e-01 -2.342521e+00 1.098376e+00 -5.107216e-02
2.250000e+00 2.600000e-01 2.048338e-01 -2.250646e+00 1.082777e+00 -6.472056e-02
2.300000e+00 2.600000e-01 2.084125e-01 -1.909104e+00 1.072229e+00 -7.573352e-02
2.350000e+00 2.600000e-01 2.124071e-01 -1.455615e+00 1.068603e+00 -8.017836e-02
2.400000e+00 2.600000e-01 2.164303e-01 -1.012135e+00 1.070863e+00 -7.724666e-02
2.450000e+00 2.600000e-01 2.201318e-01 -6.495358e-01 1.076732e+00 -6.856549e-02
2.500000e+00 2.600000e-01 2.232869e-01 -3.886922e-01 1.084009e+00 -5.678835e-02
2.550000e+00 2.600000e-01 2.258106e-01 -2.189760e-01 1.091168e+00 -4.439466e-02
2.600000e+00 2.600000e-01 2.277263e-01 -1.174457e-01 1.097402e+00 -3.308608e-02
2.650000e+00 2.600000e-01 2.291192e-01 -6.109766e-02 1.102434e+00 -2.370843e-02
2.700000e+00 2.600000e-01 2.300972e-01 -3.202141e-02 1.106290e+00 -1.645321e-02
2.750000e+00 2.600000e-01 2.307646e-01 -1.815523e-02 1.109136e+00 -1.112626e-02
2.800000e+00 2.600000e-01 2.312098e-01 -1.216955e-02 1.111178e+00 -7.369174e-03
2.850000e+00 2.600000e-01 2.315015e-01 -9.966068e-03 1.112611e+00 -4.800309e-03
2.900000e+00 2.600000e-01 2.316898e-01 -9.418765e-03 1.113598e+00 -3.085519e-03
2.950000e+00 2.600000e-01 2.318100e-01 -9.504656e-03 1.114270e+00 -1.961866e-03
3.000000e+00 2.600000e-01 2.318860e-01 -9.772094e-03 1.114721e+00 -1.236076e-03
3.050000e+00 2.600000e-01 2.319336e-01 -1.004414e-02 1.115021e+00 -7.725489e-04
3.100000e+00 2.600000e-01 2.319633e-01 -1.026556e-02 1.115220e+00 -4.792217e-04
3.150000e+00 2.600000e-01 2.319816e-01 -1.042951e-02 1.115350e+00 -2.950466e-04
3.200000e+00 2.600000e-01 2.319928e-01 -1.054510e-02 1.115435e+00 -1.802252e-04
3.250000e+00 2.600000e-01 2.319996e-01 -1.062436e-02 1.115490e+00 -1.091348e-04
3.300000e+00 2.600000e-01 2.320037e-01 -1.067784e-02 1.115526e+00 -6.543405e-05
3.350000e+00 2.600000e-01 2.320061e-01 -1.071357e-02 1.115549e+00 -3.877896e-05
3.400000e+00 2.600000e-01 2.320076e-01 -1.073730e-02 1.115564e+00 -2.266339e-05
3.450000e+00 2.600000e-01 2.320084e-01 -1.075299e-02 1.115574e+00 -1.301920e-05
3.500000e+00 2.600000e-01 2.320089e-01 -1.076334e-02 1.115580e+00 -7.317573e-06
3.550000e+00 2.600000e-01 2.320091e-01 -1.077016e-02 1.115584e+00 -3.996331e-06
3.600000e+00 2.600000e-01 2.320093e-01 -1.077464e-02 1.115586e+00 -2.097097e-06
3.650000e+00 2.600000e-01 2.320093e-01 -1.077759e-02 1.115588e+00 -1.036554e-06
3.700000e+00 2.600000e-01 2.320094e-01 -1.077952e-02 1.115589e+00 -4.629357e-07
3.750000e+00 2.600000e-01 2.320094e-01 -1.078079e-02 1.115590e+00 -1.664393e-07
3.800000e+00 2.600000e-01 2.320094e-01 -1.078162e-02 1.115590e+00 -2.360350e-08
3.850000e+00 2.600000e-01 2.320094e-01 -1.078217e-02 1.115590e+00 3.701918e-08
3.900000e+00 2.600000e-01 2.320094e-01 -1.078253e-02 1.115591e+00 5.589835e-08
3.950000e+00 2.600000e-01 2.320094e-01 -1.078277e-02 1.115591e+00 5.531161e-08
4.000000e+00 2.600000e-01 2.320094e-01 -1.078293e-02 1.115591e+00 4.704052e-08
4.050000e+00 2.600000e-01 2.320094e-01 -1.078304e-02 1.115591e+00 3.694838e-08
4.100000e+00 2.600000e-01 2.320094e-01 -1.078311e-02 1.115591e+00 2.766376e-08
4.150000e+00 2.600000e-01 2.320094e-01 -1.078315e-02 1.115591e+00 2.012462e-08
4.200000e+00 2.600000e-01 2.320094e-01 -1.078319e-02 1.115591e+00 1.444548e-08
4.250000e+00 2.600000e-01 2.320094e-01 -1.078321e-02 1.115591e+00 1.038813e-08
4.300000e+00 2.600000e-01 2.320094e-01 -1.078322e-02 1.115591e+00 7.604943e-09
4.350000e+00 2.600000e-01 2.320094e-01 -1.078324e-02 1.115591e+00 5.754837e-09
4.400000e+00 2.600000e-01 2.320094e-01 -1.078324e-02 1.115591e+00 4.550457e-09
4.450000e+00 2.600000e-01 2.320094e-01 -1.078325e-02 1.115591e+00 3.770263e-09
4.500000e+00 2.600000e-01 2.320094e-01 -1.078325e-02 1.115591e+00 3.254177e-09
4.550000e+00 2.600000e-01 2.320094e-01 -1.078326e-02 1.115591e+00 2.892894e-09
4.600000e+00 2.600000e-01 2.320094e-01 -1.078326e-02 1.115591e+00 2.615944e-09
4.650000e+00 2.600000e-01 2.320094e-01 -1.078326e-02 1.115591e+00 2.380881e-09
4.700000e+00 2.600000e-01 2.320094e-01 -1.078326e-02 1.115591e+00 2.164414e-09
4.750000e+00 2.600000e-01 2.320094e-01 -1.078326e-02 1.115591e+00 1.955632e-09
4.800000e+00 2.600000e-01 2.320094e-01 -1.078326e-02 1.115591e+00 1.751095e-09
4.850000e+00 2.600000e-01 2.320094e-01 -1.078326e-02 1.115591e+00 1.551426e-09
4.900000e+00 2.600000e-01 2.320094e-01 -1.078326e-02 1.115591e+00 1.359088e-09
4.950000e+00 2.600000e-01 2.320094e-01 -1.078326e-02 1.115591e+00 1.177012e-09
5.000000e+00 2.600000e-01 2.320094e-01 -1.078326e-02 1.115591e+00 1.007812e-09
5.050000e+00 2.600000e-01 2.320094e-01 -1.078326e-02 1.115591e+00 8.534257e-10
5.100000e+00 2.600000e-01 2.320094e-01 -1.078326e-02 1.115591e+00 7.149928e-10
5.150000e+00 2.600000e-01 2.320094e-01 -1.078326e-02 1.115591e+00 5.929005e-10
5.200000e+00 2.600000e-01 2.320094e-01 -1.078326e-02 1.115591e+00 4.868991e-10
5.250000e+00 2.600000e-01 2.320094e-01 -1.078326e-02 1.115591e+00 3.962516e-10
5.300000e+00 2.600000e-01 2.320094e-01 -1.078326e-02 1.115591e+00 3.198986e-10
5.350000e+00 2.600000e-01 2.320094e-01 -1.078326e-02 1.115591e+00 2.565981e-10
5.400000e+00 2.600000e-01 2.320094e-01 -1.078326e-02 1.115591e+00 2.050504e-10
5.450000e+00 2.600000e-01 2.320094e-01 -1.078326e-02 1.115591e+00 1.640035e-10
5.500000e+00 2.600000e-01 2.320094e-01 -1.078326e-02 1.115591e+00 1.323347e-10
5.550000e+00 2.600000e-01 2.320094e-01 -1.078326e-02 1.115591e+00 1.091183e-10
5.600000e+00 2.600000e-01 2.320094e-01 -1.078326e-02 1.115591e+00 9.368478e-11
5.650000e+00 2.600000e-01 2.320094e-01 -1.078326e-02 1.115591e+00 8.566925e-11
5.700000e+00 2.600000e-01 2.320094e-01 -1.078326e-02 1.115591e+00 8.506640e-11
5.750000e+00 2.600000e-01 2.320094e-01 -1.078326e-02 1.115591e+00 9.229062e-11
5.800000e+00 2.600000e-01 2.320094e-01 -1.078326e-02 1.115591e+00 1.082487e-10
5.850000e+00 2.600000e-01 2.320094e-01 -1.078326e-02 1.115591e+00 1.344447e-10
5.900000e+00 2.600000e-01 2.320094e-01 -1.078326e-02 1.115591e+00 1.731071e-10
5.950000e+00 2.600000e-01 2.320094e-01 -1.078326e-02 1.115591e+00 2.273548e-10
6.000000e+00 2.600000e-01 2.320094e-01 -1.078326e-02 1.115591e+00 3.014369e-10
6.050000e+00 2.600000e-01 2.320094e-01 -1.078326e-02 1.115591e+00 4.010373e-10
6.100000e+00 2.600000e-01 2.320094e-01 -1.078326e-02 1.115591e+00 5.336612e-10
6.150000e+00 2.600000e-01 2.320094e-01 -1.078326e-02 1.115591e+00 7.091699e-10
6.200000e+00 2.600000e-01 2.320094e-01 -1.078326e-02 1.115591e+00 9.404588e-10
6.250000e+00 2.600000e-01 2.320094e-01 -1.078326e-02 1.115591e+00 1.244340e-09
6.300000e+00 2.600000e-01 2.320094e-01 -1.078326e-02 1.115591e+00 1.642703e-09
6.350000e+00 2.600000e-01 2.320094e-01 -1.078326e-02 1.115591e+00 2.164008e-09
6.400000e+00 2.600000e-01 2.320094e-01 -1.078326e-02 1.115591e+00 2.845221e-09
6.450000e+00 2.600000e-01 2.320094e-01 -1.078326e-02 1.115591e+00 3.734333e-09
6.500000e+00 2.600000e-01 2.320094e-01 -1.078326e-02 1.115591e+00 4.893614e-09
6.550000e+00 2.600000e-01 2.320094e-01 -1.078326e-02 1.115591e+00 6.403829e-09
6.600000e+00 2.600000e-01 2.320094e-01 -1.078326e-02 1.115591e+00 8.369692e-09
6.650000e+00 2.600000e-01 2.320094e-01 -1.078326e-02 1.115591e+00 1.092692e-08
6.700000e+00 2.600000e-01 2.320094e-01 -1.078326e-02 1.115591e+00 1.425139e-08
6.750000e+00 2.600000e-01 2.320094e-01 -1.078327e-02 1.115591e+00 1.857088e-08
6.800000e+00 2.600000e-01 2.320094e-01 -1.078327e-02 1.115591e+00 2.418048e-08
6.850000e+00 2.600000e-01 2.320094e-01 -1.078327e-02 1.115591e+00 3.146200e-08
6.900000e+00 2.600000e-01 2.320094e-01 -1.078327e-02 1.115591e+00 4.091054e-08
6.950000e+00 2.600000e-01 2.320094e-01 -1.078327e-02 1.115591e+00 5.316386e-08
7.000000e+00 2.600000e-01 2.320094e-01 -1.078327e-02 1.115591e+00 6.905728e-08
7.050000e+00 2.600000e-01 2.320094e-01 -1.078327e-02 1.115591e+00 8.963804e-08
7.100000e+00 2.600000e-01 2.320093e-01 -1.078327e-02 1.115591e+00 1.163678e-07
7.150000e+00 2.600000e-01 2.320093e-01 -1.078329e-02 1.115591e+00 1.508025e-07
7.200000e+00 2.600000e-01 2.320093e-01 -1.078326e-02 1.115591e+00 1.959653e-07
7.250000e+00 2.600000e-01 2.320093e-01 -1.078336e-02 1.115591e+00 2.527953e-07
7.300000e+00 2.600000e-01 2.320093e-01 -1.078309e-02 1.115591e+00 3.309523e-07
7.350000e+00 2.600000e-01 2.320093e-01 -1.078388e-02 1.115591e+00 4.196519e-07
7.400000e+00 2.600000e-01 2.320093e-01 -1.078182e-02 1.115591e+00 5.669629e-07
7.450000e+00 2.600000e-01 2.320092e-01 -1.078716e-02 1.115591e+00 6.753356e-07
7.500000e+00 2.600000e-01 2.320092e-01 -1.077399e-02 1.115591e+00 1.015442e-06
7.550000e+00 2.600000e-01 2.320091e-01 -1.080552e-02 1.115591e+00 9.870971e-07
7.600000e+00 2.600000e-01 2.320091e-01 -1.073312e-02 1.115591e+00 2.002964e-06
7.650000e+00 2.600000e-01 2.320089e-01 -1.089326e-02 1.115593e+00 1.047976e-06
7.700000e+00 2.600000e-01 2.320090e-01 -1.055384e-02 1.115590e+00 4.486096e-06
7.750000e+00 2.600000e-01 2.320085e-01 -1.124309e-02 1.115596e+00 -2.462435e-07
7.800000e+00 2.600000e-01 2.320090e-01 -9.907092e-03 1.115584e+00 1.075160e-05
7.850000e+00 2.600000e-01 2.320074e-01 -1.237393e-02 1.115608e+00 -5.222809e-06
7.900000e+00 2.600000e-01 2.320095e-01 -8.051720e-03 1.115568e+00 2.420365e-05
7.950000e+00 2.600000e-01 2.320050e-01 -1.521249e-02 1.115635e+00 -1.531193e-05
8.000000e+00 2.600000e-01 2.320111e-01 -4.050424e-03 1.115533e+00 4.461935e-05
8.050000e+00 2.600000e-01 2.320005e-01 -2.033295e-02 1.115683e+00 -2.271206e-05
8.100000e+00 2.600000e-01 2.320133e-01 1.742266e-03 1.115485e+00 5.845851e-05
8.150000e+00 2.600000e-01 2.319947e-01 -2.586285e-02 1.115735e+00 -3.755826e-06
8.200000e+00 2.600000e-01 2.320137e-01 5.711136e-03 1.115456e+00 4.555152e-05
8.250000e+00 2.600000e-01 2.319901e-01 -2.713188e-02 1.115751e+00 5.268265e-05
8.300000e+00 2.600000e-01 2.320085e-01 4.110838e-03 1.115479e+00 3.252169e-05
8.350000e+00 2.600000e-01 2.319869e-01 -2.426746e-02 1.115735e+00 8.771480e-05
8.400000e+00 2.600000e-01 2.319997e-01 3.318788e-03 1.115500e+00 1.125838e-04
8.450000e+00 2.600000e-01 2.319756e-01 -2.921374e-02 1.115791e+00 4.861510e-05
8.500000e+00 2.600000e-01 2.319948e-01 1.518688e-02 1.115429e+00 2.606096e-04
8.550000e+00 2.600000e-01 2.319496e-01 -4.438664e-02 1.115936e+00 1.107142e-04
8.600000e+00 2.600000e-01 2.319837e-01 2.576687e-02 1.115385e+00 2.681339e-04
8.650000e+00 2.600000e-01 2.319227e-01 -4.352517e-02 1.115983e+00 4.071364e-04
8.700000e+00 2.600000e-01 2.319430e-01 1.480680e-02 1.115512e+00 3.369092e-04
8.750000e+00 2.600000e-01 2.318890e-01 -3.486640e-02 1.116018e+00 5.311378e-04
8.800000e+00 2.600000e-01 2.318899e-01 2.345981e-02 1.115545e+00 8.876853e-04
8.850000e+00 2.600000e-01 2.318003e-01 -6.315302e-02 1.116329e+00 6.778683e-04
8.900000e+00 2.600000e-01 2.318221e-01 5.240605e-02 1.115546e+00 1.253668e-03
8.950000e+00 2.600000e-01 2.316749e-01 -6.738392e-02 1.116579e+00 1.673327e-03
9.000000e+00 2.600000e-01 2.316548e-01 2.898482e-02 1.115911e+00 1.743535e-03
9.050000e+00 2.600000e-01 2.315006e-01 -4.900435e-02 1.116922e+00 2.427390e-03
9.100000e+00 2.600000e-01 2.314121e-01 5.110123e-02 1.116218e+00 3.620093e-03
9.150000e+00 2.600000e-01 2.311385e-01 -1.024951e-01 1.117748e+00 3.845331e-03
9.200000e+00 2.600000e-01 2.310275e-01 7.964228e-02 1.116909e+00 5.179746e-03
9.250000e+00 2.600000e-01 2.306206e-01 -7.554504e-02 1.118709e+00 7.247604e-03
9.300000e+00 2.600000e-01 2.303028e-01 4.381016e-02 1.118093e+00 8.915416e-03
9.350000e+00 2.600000e-01 2.297290e-01 -1.030571e-01 1.120572e+00 1.078891e-02
9.400000e+00 2.600000e-01 2.292239e-01 1.141793e-01 1.120052e+00 1.495329e-02
9.450000e+00 2.600000e-01 2.282337e-01 -1.253138e-01 1.123169e+00 1.925024e-02
9.500000e+00 2.600000e-01 2.272989e-01 6.603009e-02 1.123185e+00 2.394247e-02
9.550000e+00 2.600000e-01 2.258395e-01 -1.124251e-01 1.127769e+00 3.075088e-02
9.600000e+00 2.600000e-01 2.242238e-01 1.262945e-01 1.128274e+00 4.083876e-02
9.650000e+00 2.600000e-01 2.217556e-01 -1.550871e-01 1.133804e+00 5.239609e-02
9.700000e+00 2.600000e-01 2.189842e-01 8.214872e-02 1.135385e+00 6.697473e-02
9.750000e+00 2.600000e-01 2.150581e-01 -1.405952e-01 1.143069e+00 8.706759e-02
9.800000e+00 2.600000e-01 2.102774e-01 1.050875e-01 1.144730e+00 1.145869e-01
9.850000e+00 2.600000e-01 2.035994e-01 -1.541539e-01 1.151608e+00 1.513455e-01
9.900000e+00 2.600000e-01 1.951428e-01 2.764235e-02 1.151236e+00 2.017288e-01
9.950000e+00 2.600000e-01 1.834265e-01 -1.731033e-01 1.155302e+00 2.759885e-01
1.000000e+01 2.600000e-01 1.675440e-01 -1.267190e-01 0.000000e+00 0.000000e+00
0.000000e+00 2.800000e-01 1.911840e-01 -2.640000e+00 0.000000e+00 0.000000e+00
5.000000e-02 2.800000e-01 1.910352e-01 -2.581100e+00 1.204457e+00 1.292549e-03
1.000000e-01 2.800000e-01 1.910547e-01 -2.487220e+00 1.206502e+00 -1.071586e-03
1.500000e-01 2.800000e-01 1.911424e-01 -2.813810e+00 1.213481e+00 -1.476613e-04
2.000000e-01 2.800000e-01 1.910695e-01 -2.973930e+00 1.209875e+00 2.293983e-03
2.500000e-01 2.800000e-01 1.909130e-01 -2.376110e+00 1.198799e+00 1.221100e-03
3.000000e-01 2.800000e-01 1.909474e-01 -2.068942e+00 1.202857e+00 -1.947790e-03
3.500000e-01 2.800000e-01 1.911077e-01 -2.909985e+00 1.217977e+00 -1.398047e-03
4.000000e-01 2.800000e-01 1.910872e-01 -3.446960e+00 1.214136e+00 1.658146e-03
4.500000e-01 2.800000e-01 1.909419e-01 -2.419937e+00 1.194592e+00 9.260228e-04
5.000000e-01 2.800000e-01 1.909946e-01 -1.497710e+00 1.195791e+00 -2.560580e-03
5.500000e-01 2.800000e-01 1.911980e-01 -2.532676e+00 1.218924e+00 -2.480080e-03
6.000000e-01 2.800000e-01 1.912426e-01 -3.908109e+00 1.221791e+00 2.635167e-05
6.500000e-01 2.800000e-01 1.911953e-01 -3.030953e+00 1.195773e+00 -1.386415e-03
7.000000e-01 2.800000e-01 1.913813e-01 -1.140164e+00 1.186471e+00 -5.018130e-03
7.500000e-01 2.800000e-01 1.916972e-01 -1.444525e+00 1.212781e+00 -4.038463e-03
8.000000e-01 2.800000e-01 1.917851e-01 -3.680467e+00 1.230638e+00 -5.712808e-04
8.500000e-01 2.800000e-01 1.917543e-01 -4.139641e+00 1.205913e+00 -3.072701e-03
9.000000e-01 2.800000e-01 1.920924e-01 -1.859927e+00 1.177419e+00 -1.008441e-02
9.500000e-01 2.800000e-01 1.927627e-01 -3.172322e-01 1.192216e+00 -1.077108e-02
1.000000e+00 2.800000e-01 1.931695e-01 -1.975552e+00 1.227704e+00 -3.666890e-03
1.050000e+00 2.800000e-01 1.931294e-01 -4.363200e+00 1.224570e+00 -1.208848e-03
1.100000e+00 2.800000e-01 1.932904e-01 -3.808445e+00 1.182545e+00 -1.051845e-02
1.150000e+00 2.800000e-01 1.941813e-01 -1.092353e+00 1.162638e+00 -2.039603e-02
1.200000e+00 2.800000e-01 1.953300e-01 -5.551123e-02 1.192624e+00 -1.699021e-02
1.250000e+00 2.800000e-01 1.958803e-01 -2.102911e+00 1.226216e+00 -5.273110e-03
1.300000e+00 2.800000e-01 1.958573e-01 -4.329168e+00 1.210432e+00 -3.620624e-03
1.350000e+00 2.800000e-01 1.962423e-01 -3.786434e+00 1.163581e+00 -1.761694e-02
1.400000e+00 2.800000e-01 1.976190e-01 -1.347871e+00 1.145832e+00 -3.092090e-02
1.450000e+00 2.800000e-01 1.993344e-01 -1.171806e-01 1.176065e+00 -2.702322e-02
1.500000e+00 2.800000e-01 2.003213e-01 -1.471774e+00 1.209982e+00 -1.191193e-02
1.550000e+00 2.800000e-01 2.005256e-01 -3.589008e+00 1.201302e+00 -6.816390e-03
1.600000e+00 2.800000e-01 2.010029e-01 -4.051552e+00 1.159890e+00 -2.063377e-02
1.650000e+00 2.800000e-01 2.025890e-01 -2.607225e+00 1.132292e+00 -3.909792e-02
1.700000e+00 2.800000e-01 2.049127e-01 -9.683801e-01 1.144219e+00 -4.281076e-02
1.750000e+00 2.800000e-01 2.068701e-01 -7.632208e-01 1.175822e+00 -3.007492e-02
1.800000e+00 2.800000e-01 2.079202e-01 -1.933557e+00 1.189824e+00 -1.771181e-02
1.850000e+00 2.800000e-01 2.086413e-01 -3.155253e+00 1.172762e+00 -2.108081e-02
1.900000e+00 2.800000e-01 2.100283e-01 -3.380650e+00 1.142290e+00 -3.850661e-02
1.950000e+00 2.800000e-01 2.124919e-01 -2.615734e+00 1.123652e+00 -5.533155e-02
2.000000e+00 2.800000e-01 2.155615e-01 -1.605649e+00 1.126634e+00 -5.926033e-02
2.050000e+00 2.800000e-01 2.184180e-01 -1.075759e+00 1.141737e+00 -5.066029e-02
2.100000e+00 2.800000e-01 2.206275e-01 -1.200997e+00 1.152850e+00 -3.986396e-02
2.150000e+00 2.800000e-01 2.224043e-01 -1.662784e+00 1.150958e+00 -3.696674e-02
2.200000e+00 2.800000e-01 2.243242e-01 -2.047622e+00 1.137631e+00 -4.469659e-02
2.250000e+00 2.800000e-01 2.268740e-01 -2.131711e+00 1.120061e+00 -5.863418e-02
2.300000e+00 2.800000e-01 2.301876e-01 -1.914557e+00 1.104987e+00 -7.174417e-02
2.350000e+00 2.800000e-01 2.340484e-01 -1.519615e+00 1.095737e+00 -7.871001e-02
2.400000e+00 2.800000e-01 2.380586e-01 -1.086797e+00 1.092374e+00 -7.778655e-02
2.450000e+00 2.800000e-01 2.418271e-01 -7.112391e-01 1.093223e+00 -7.027917e-02
2.500000e+00 2.800000e-01 2.450865e-01 -4.313212e-01 1.096315e+00 -5.893906e-02
2.550000e+00 2.800000e-01 2.477210e-01 -2.449333e-01 1.100140e+00 -4.650067e-02
2.600000e+00 2.800000e-01 2.497366e-01 -1.314542e-01 1.103812e+00 -3.490690e-02
2.650000e+00 2.800000e-01 2.512117e-01 -6.735040e-02 1.106933e+00 -2.516826e-02
2.700000e+00 2.800000e-01 2.522534e-01 -3.345507e-02 1.109403e+00 -1.756623e-02
2.750000e+00 2.800000e-01 2.529683e-01 -1.661373e-02 1.111270e+00 -1.194509e-02
2.800000e+00 2.800000e-01 2.534479e-01 -8.761774e-03 1.112636e+00 -7.955706e-03
2.850000e+00 2.800000e-01 2.537639e-01 -5.358940e-03 1.113611e+00 -5.211854e-03
2.900000e+00 2.800000e-01 2.539691e-01 -4.023844e-03 1.114294e+00 -3.369578e-03
2.950000e+00 2.800000e-01 2.541008e-01 -3.584598e-03 1.114766e+00 -2.155349e-03
3.000000e+00 2.800000e-01 2.541846e-01 -3.499401e-03 1.115088e+00 -1.366451e-03
3.050000e+00 2.800000e-01 2.542375e-01 -3.534205e-03 1.115305e+00 -8.596273e-04
3.100000e+00 2.800000e-01 2.542706e-01 -3.596230e-03 1.115451e+00 -5.369607e-04
3.150000e+00 2.800000e-01 2.542912e-01 -3.653405e-03 1.115547e+00 -3.331015e-04
3.200000e+00 2.800000e-01 2.543039e-01 -3.697713e-03 1.115611e+00 -2.051804e-04
3.250000e+00 2.800000e-01 2.543117e-01 -3.729559e-03 1.115654e+00 -1.254297e-04
3.300000e+00 2.800000e-01 2.543164e-01 -3.751589e-03 1.115681e+00 -7.603509e-05
3.350000e+00 2.800000e-01 2.543193e-01 -3.766514e-03 1.115699e+00 -4.565381e-05
3.400000e+00 2.800000e-01 2.543210e-01 -3.776509e-03 1.115711e+00 -2.710947e-05
3.450000e+00 2.800000e-01 2.543220e-01 -3.783156e-03 1.115719e+00 -1.588772e-05
3.500000e+00 2.800000e-01 2.543226e-01 -3.787559e-03 1.115724e+00 -9.164624e-06
3.550000e+00 2.800000e-01 2.543229e-01 -3.790468e-03 1.115727e+00 -5.183863e-06
3.600000e+00 2.800000e-01 2.543231e-01 -3.792387e-03 1.115729e+00 -2.859898e-06
3.650000e+00 2.800000e-01 2.543232e-01 -3.793652e-03 1.115730e+00 -1.526452e-06
3.700000e+00 2.800000e-01 2.543233e-01 -3.794485e-03 1.115731e+00 -7.778211e-07
3.750000e+00 2.800000e-01 2.543233e-01 -3.795033e-03 1.115732e+00 -3.692543e-07
3.800000e+00 2.800000e-01 2.543233e-01 -3.795395e-03 1.115732e+00 -1.547111e-07
3.850000e+00 2.800000e-01 2.543233e-01 -3.795633e-03 1.115732e+00 -4.820252e-08
3.900000e+00 2.800000e-01 2.543233e-01 -3.795791e-03 1.115733e+00 7.847223e-11
3.950000e+00 2.800000e-01 2.543233e-01 -3.795895e-03 1.115733e+00 1.838725e-08
4.000000e+00 2.800000e-01 2.543233e-01 -3.795965e-03 1.115733e+00 2.232112e-08
4.050000e+00 2.800000e-01 2.543233e-01 -3.796011e-03 1.115733e+00 2.017222e-08
4.100000e+00 2.800000e-01 2.543233e-01 -3.796042e-03 1.115733e+00 1.611128e-08
4.150000e+00 2.800000e-01 2.543233e-01 -3.796063e-03 1.115733e+00 1.205345e-08
4.200000e+00 2.800000e-01 2.543233e-01 -3.796077e-03 1.115733e+00 8.731744e-09
4.250000e+00 2.800000e-01 2.543233e-01 -3.796087e-03 1.115733e+00 6.299488e-09
4.300000e+00 2.800000e-01 2.543233e-01 -3.796094e-03 1.115733e+00 4.657481e-09
4.350000e+00 2.800000e-01 2.543233e-01 -3.796099e-03 1.115733e+00 3.623043e-09
4.400000e+00 2.800000e-01 2.543233e-01 -3.796102e-03 1.115733e+00 3.010738e-09
4.450000e+00 2.800000e-01 2.543233e-01 -3.796105e-03 1.115733e+00 2.665484e-09
4.500000e+00 2.800000e-01 2.543233e-01 -3.796107e-03 1.115733e+00 2.471366e-09
4.550000e+00 2.800000e-01 2.543233e-01 -3.796108e-03 1.115733e+00 2.349120e-09
4.600000e+00 2.800000e-01 2.543233e-01 -3.796109e-03 1.115733e+00 2.249291e-09
4.650000e+00 2.800000e-01 2.543233e-01 -3.796110e-03 1.115733e+00 2.144556e-09
4.700000e+00 2.800000e-01 2.543233e-01 -3.796110e-03 1.115733e+00 2.022809e-09
4.750000e+00 2.800000e-01 2.543233e-01 -3.796110e-03 1.115733e+00 1.881609e-09
4.800000e+00 2.800000e-01 2.543233e-01 -3.796111e-03 1.115733e+00 1.724038e-09
4.850000e+00 2.800000e-01 2.543233e-01 -3.796111e-03 1.115733e+00 1.555805e-09
4.900000e+00 2.800000e-01 2.543233e-01 -3.796111e-03 1.115733e+00 1.383355e-09
4.950000e+00 2.800000e-01 2.543233e-01 -3.796111e-03 1.115733e+00 1.212725e-09
5.000000e+00 2.800000e-01 2.543233e-01 -3.796111e-03 1.115733e+00 1.048949e-09
5.050000e+00 2.800000e-01 2.543233e-01 -3.796111e-03 1.115733e+00 8.958262e-10
5.100000e+00 2.800000e-01 2.543233e-01 -3.796111e-03 1.115733e+00 7.559092e-10
5.150000e+00 2.800000e-01 2.543233e-01 -3.796111e-03 1.115733e+00 6.306378e-10
5.200000e+00 2.800000e-01 2.543233e-01 -3.796111e-03 1.115733e+00 5.205258e-10
5.250000e+00 2.800000e-01 2.543233e-01 -3.796111e-03 1.115733e+00 4.253753e-10
5.300000e+00 2.800000e-01 2.543233e-01 -3.796111e-03 1.115733e+00 3.444911e-10
5.350000e+00 2.800000e-01 2.543233e-01 -3.796111e-03 1.115733e+00 2.768596e-10
5.400000e+00 2.800000e-01 2.543233e-01 -3.796111e-03 1.115733e+00 2.213130e-10
5.450000e+00 2.800000e-01 2.543233e-01 -3.796111e-03 1.115733e+00 1.766520e-10
5.500000e+00 2.800000e-01 2.543233e-01 -3.796111e-03 1.115733e+00 1.417583e-10
5.550000e+00 2.800000e-01 2.543233e-01 -3.796111e-03 1.115733e+00 1.156758e-10
5.600000e+00 2.800000e-01 2.543233e-01 -3.796111e-03 1.115733e+00 9.767132e-11
5.650000e+00 2.800000e-01 2.543233e-01 -3.796111e-03 1.115733e+00 8.730128e-11
5.700000e+00 2.800000e-01 2.543233e-01 -3.796111e-03 1.115733e+00 8.447132e-11
5.750000e+00 2.800000e-01 2.543233e-01 -3.796111e-03 1.115733e+00 8.949175e-11
5.800000e+00 2.800000e-01 2.543233e-01 -3.796111e-03 1.115733e+00 1.031525e-10
5.850000e+00 2.800000e-01 2.543233e-01 -3.796111e-03 1.115733e+00 1.268224e-10
5.900000e+00 2.800000e-01 2.543233e-01 -3.796111e-03 1.115733e+00 1.625772e-10
5.950000e+00 2.800000e-01 2.543233e-01 -3.796111e-03 1.115733e+00 2.133543e-10
6.000000e+00 2.800000e-01 2.543233e-01 -3.796111e-03 1.115733e+00 2.831824e-10
6.050000e+00 2.800000e-01 2.543233e-01 -3.796111e-03 1.115733e+00 3.774703e-10
6.100000e+00 2.800000e-01 2.543233e-01 -3.796111e-03 1.115733e+00 5.033785e-10
6.150000e+00 2.800000e-01 2.543233e-01 -3.796111e-03 1.115733e+00 6.703377e-10
6.200000e+00 2.800000e-01 2.543233e-01 -3.796111e-03 1.115733e+00 8.906859e-10
6.250000e+00 2.800000e-01 2.543233e-01 -3.796111e-03 1.115733e+00 1.180520e-09
6.300000e+00 2.800000e-01 2.543233e-01 -3.796111e-03 1.115733e+00 1.560810e-09
6.350000e+00 2.800000e-01 2.543233e-01 -3.796111e-03 1.115733e+00 2.058829e-09
6.400000e+00 2.800000e-01 2.543233e-01 -3.796111e-03 1.115733e+00 2.710008e-09
6.450000e+00 2.800000e-01 2.543233e-01 -3.796112e-03 1.115733e+00 3.560351e-09
6.500000e+00 2.800000e-01 2.543233e-01 -3.796112e-03 1.115733e+00 4.669555e-09
6.550000e+00 2.800000e-01 2.543233e-01 -3.796112e-03 1.115733e+00 6.115056e-09
6.600000e+00 2.800000e-01 2.543233e-01 -3.796112e-03 1.115733e+00 7.997254e-09
6.650000e+00 2.800000e-01 2.543233e-01 -3.796112e-03 1.115733e+00 1.044629e-08
6.700000e+00 2.800000e-01 2.543233e-01 -3.796112e-03 1.115733e+00 1.363078e-08
6.750000e+00 2.800000e-01 2.543233e-01 -3.796112e-03 1.115733e+00 1.776917e-08
6.800000e+00 2.800000e-01 2.543233e-01 -3.796112e-03 1.115733e+00 2.314439e-08
6.850000e+00 2.800000e-01 2.543233e-01 -3.796113e-03 1.115733e+00 3.012259e-08
6.900000e+00 2.800000e-01 2.543233e-01 -3.796113e-03 1.115733e+00 3.917829e-08
6.950000e+00 2.800000e-01 2.543233e-01 -3.796113e-03 1.115733e+00 5.092378e-08
7.000000e+00 2.800000e-01 2.543233e-01 -3.796114e-03 1.115733e+00 6.615734e-08
7.050000e+00 2.800000e-01 2.543233e-01 -3.796115e-03 1.115733e+00 8.589157e-08
7.100000e+00 2.800000e-01 2.543233e-01 -3.796114e-03 1.115733e+00 1.115010e-07
7.150000e+00 2.800000e-01 2.543233e-01 -3.796122e-03 1.115733e+00 1.445592e-07
7.200000e+00 2.800000e-01 2.543233e-01 -3.796104e-03 1.115733e+00 1.877225e-07
7.250000e+00 2.800000e-01 2.543232e-01 -3.796162e-03 1.115733e+00 2.425835e-07
7.300000e+00 2.800000e-01 2.543232e-01 -3.796005e-03 1.115733e+00 3.164823e-07
7.350000e+00 2.800000e-01 2.543232e-01 -3.796452e-03 1.115733e+00 4.042316e-07
7.400000e+00 2.800000e-01 2.543232e-01 -3.795267e-03 1.115733e+00 5.385548e-07
7.450000e+00 2.800000e-01 2.543232e-01 -3.798358e-03 1.115733e+00 6.593510e-07
7.500000e+00 2.800000e-01 2.543231e-01 -3.790644e-03 1.115733e+00 9.455346e-07
7.550000e+00 2.800000e-01 2.543231e-01 -3.809294e-03 1.115734e+00 1.008590e-06
7.600000e+00 2.800000e-01 2.543230e-01 -3.765984e-03 1.115733e+00 1.786561e-06
7.650000e+00 2.800000e-01 2.543229e-01 -3.862802e-03 1.115735e+00 1.277432e-06
7.700000e+00 2.800000e-01 2.543229e-01 -3.655286e-03 1.115732e+00 3.769188e-06
7.750000e+00 2.800000e-01 2.543225e-01 -4.081364e-03 1.115738e+00 7.439091e-07
7.800000e+00 2.800000e-01 2.543228e-01 -3.245990e-03 1.115728e+00 8.598365e-06
7.850000e+00 2.800000e-01 2.543216e-01 -4.806266e-03 1.115748e+00 -2.215778e-06
7.900000e+00 2.800000e-01 2.543230e-01 -2.040170e-03 1.115715e+00 1.895221e-05
7.950000e+00 2.800000e-01 2.543198e-01 -6.677423e-03 1.115772e+00 -8.726946e-06
8.000000e+00 2.800000e-01 2.543239e-01 6.383745e-04 1.115685e+00 3.521053e-05
8.050000e+00 2.800000e-01 2.543162e-01 -1.016231e-02 1.115816e+00 -1.330380e-05
8.100000e+00 2.800000e-01 2.543252e-01 4.656099e-03 1.115642e+00 4.804696e-05
8.150000e+00 2.800000e-01 2.543114e-01 -1.408560e-02 1.115865e+00 2.010725e-06
8.200000e+00 2.800000e-01 2.543250e-01 7.566847e-03 1.115615e+00 4.198537e-05
8.250000e+00 2.800000e-01 2.543072e-01 -1.511100e-02 1.115884e+00 4.806849e-05
8.300000e+00 2.800000e-01 2.543202e-01 6.464237e-03 1.115638e+00 3.527907e-05
8.350000e+00 2.800000e-01 2.543037e-01 -1.289092e-02 1.115873e+00 8.285500e-05
8.400000e+00 2.800000e-01 2.543120e-01 5.487931e-03 1.115665e+00 1.012847e-04
8.450000e+00 2.800000e-01 2.542936e-01 -1.595056e-02 1.115928e+00 6.214040e-05
8.500000e+00 2.800000e-01 2.543057e-01 1.377656e-02 1.115607e+00 2.301248e-04
8.550000e+00 2.800000e-01 2.542706e-01 -2.711232e-02 1.116079e+00 1.195784e-04
8.600000e+00 2.800000e-01 2.542938e-01 2.196159e-02 1.115568e+00 2.569512e-04
8.650000e+00 2.800000e-01 2.542449e-01 -2.667037e-02 1.116144e+00 3.790068e-04
8.700000e+00 2.800000e-01 2.542559e-01 1.316806e-02 1.115717e+00 3.295704e-04
8.750000e+00 2.800000e-01 2.542119e-01 -1.863844e-02 1.116185e+00 5.209357e-04
8.800000e+00 2.800000e-01 2.542038e-01 1.822867e-02 1.115791e+00 8.194116e-04
8.850000e+00 2.800000e-01 2.541300e-01 -3.996598e-02 1.116540e+00 6.770352e-04
8.900000e+00 2.800000e-01 2.541361e-01 4.161706e-02 1.115811e+00 1.196092e-03
8.950000e+00 2.800000e-01 2.540104e-01 -4.379167e-02 1.116863e+00 1.588306e-03
9.000000e+00 2.800000e-01 2.539773e-01 2.117759e-02 1.116285e+00 1.670590e-03
9.050000e+00 2.800000e-01 2.538433e-01 -2.496276e-02 1.117249e+00 2.353411e-03
9.100000e+00 2.800000e-01 2.537419e-01 3.635853e-02 1.116731e+00 3.429295e-03
9.150000e+00 2.800000e-01 2.535004e-01 -6.974148e-02 1.118303e+00 3.692092e-03
9.200000e+00 2.800000e-01 2.533727e-01 6.209345e-02 1.117573e+00 4.966147e-03
9.250000e+00 2.800000e-01 2.530038e-01 -4.382196e-02 1.119481e+00 6.962477e-03
9.300000e+00 2.800000e-01 2.526765e-01 2.355533e-02 1.119232e+00 8.495449e-03
9.350000e+00 2.800000e-01 2.521542e-01 -6.240677e-02 1.121779e+00 1.035176e-02
9.400000e+00 2.800000e-01 2.516413e-01 8.861516e-02 1.121649e+00 1.435358e-02
9.450000e+00 2.800000e-01 2.507189e-01 -8.311998e-02 1.125170e+00 1.850787e-02
9.500000e+00 2.800000e-01 2.497905e-01 3.546127e-02 1.125916e+00 2.290173e-02
9.550000e+00 2.800000e-01 2.484287e-01 -5.807794e-02 1.130920e+00 2.957476e-02
9.600000e+00 2.800000e-01 2.468330e-01 9.461734e-02 1.132569e+00 3.940961e-02
9.650000e+00 2.800000e-01 2.444877e-01 -1.015442e-01 1.139169e+00 5.065947e-02
9.700000e+00 2.800000e-01 2.417671e-01 4.285988e-02 1.142797e+00 6.472712e-02
9.750000e+00 2.800000e-01 2.380150e-01 -6.930492e-02 1.152323e+00 8.464068e-02
9.800000e+00 2.800000e-01 2.333030e-01 7.949782e-02 1.157656e+00 1.120996e-01
9.850000e+00 2.800000e-01 2.268050e-01 -8.100275e-02 1.168664e+00 1.488024e-01
9.900000e+00 2.800000e-01 2.184228e-01 1.399029e-02 1.176415e+00 1.990504e-01
9.950000e+00 2.800000e-01 2.069000e-01 -7.860187e-02 1.191212e+00 2.723876e-01
1.000000e+01 2.800000e-01 1.911840e-01 -5.654249e-02 0.000000e+00 0.000000e+00
0.000000e+00 3.000000e-01 2.158800e-01 -2.400000e+00 0.000000e+00 0.000000e+00
5.000000e-02 3.000000e-01 2.156236e-01 -2.475989e+00 1.252408e+00 1.954928e-03
1.000000e-01 3.000000e-01 2.156845e-01 -2.049639e+00 1.250680e+00 -3.756530e-03
1.500000e-01 3.000000e-01 2.159992e-01 -2.130229e+00 1.267550e+00 -1.690678e-03
2.000000e-01 3.000000e-01 2.158536e-01 -3.092938e+00 1.272398e+00 6.723434e-03
2.500000e-01 3.000000e-01 2.153269e-01 -2.924820e+00 1.244865e+00 4.254832e-03
3.000000e-01 3.000000e-01 2.154281e-01 -1.365832e+00 1.233872e+00 -7.722524e-03
3.500000e-01 3.000000e-01 2.160991e-01 -1.405438e+00 1.269995e+00 -6.205959e-03
4.000000e-01 3.000000e-01 2.160487e-01 -3.525388e+00 1.288985e+00 8.475080e-03
4.500000e-01 3.000000e-01 2.152516e-01 -3.763168e+00 1.246257e+00 8.374778e-03
5.000000e-01 3.000000e-01 2.152112e-01 -1.130796e+00 1.213923e+00 -9.110248e-03
5.500000e-01 3.000000e-01 2.161626e-01 -1.369114e-01 1.255852e+00 -1.258459e-02
6.000000e-01 3.000000e-01 2.164697e-01 -3.002967e+00 1.302084e+00 5.416192e-03
6.500000e-01 3.000000e-01 2.156210e-01 -4.798847e+00 1.264774e+00 1.170842e-02
7.000000e-01 3.000000e-01 2.152988e-01 -2.062318e+00 1.203633e+00 -7.175382e-03
7.500000e-01 3.000000e-01 2.163386e-01 9.320564e-01 1.223445e+00 -1.908493e-02
8.000000e-01 3.000000e-01 2.172073e-01 -9.624375e-01 1.295050e+00 -2.710975e-03
8.500000e-01 3.000000e-01 2.166097e-01 -4.813209e+00 1.294530e+00 1.315744e-02
9.000000e-01 3.000000e-01 2.158916e-01 -4.198381e+00 1.218614e+00 -1.030426e-03
9.500000e-01 3.000000e-01 2.167127e-01 2.656194e-02 1.187899e+00 -2.375323e-02
1.000000e+00 3.000000e-01 2.182669e-01 1.398513e+00 1.250731e+00 -1.798719e-02
1.050000e+00 3.000000e-01 2.185114e-01 -2.265279e+00 1.305424e+00 7.173368e-03
1.100000e+00 3.000000e-01 2.175496e-01 -5.287852e+00 1.262002e+00 9.663030e-03
1.150000e+00 3.000000e-01 2.175451e-01 -3.292242e+00 1.186002e+00 -1.735874e-02
1.200000e+00 3.000000e-01 2.192854e-01 6.610107e-01 1.186806e+00 -3.439594e-02
1.250000e+00 3.000000e-01 2.209847e-01 1.007198e+00 1.257630e+00 -1.643151e-02
1.300000e+00 3.000000e-01 2.209286e-01 -2.557593e+00 1.289748e+00 8.779377e-03
1.350000e+00 3.000000e-01 2.201068e-01 -4.982701e+00 1.237357e+00 2.365607e-03
1.400000e+00 3.000000e-01 2.206920e-01 -3.390743e+00 1.174311e+00 -2.848818e-02
1.450000e+00 3.000000e-01 2.229556e-01 -2.056651e-01 1.179789e+00 -4.279288e-02
1.500000e+00 3.000000e-01 2.249713e-01 5.277919e-01 1.236951e+00 -2.348225e-02
1.550000e+00 3.000000e-01 2.253038e-01 -1.785855e+00 1.265668e+00 8.358315e-04
1.600000e+00 3.000000e-01 2.248877e-01 -4.079740e+00 1.232421e+00 -3.161220e-03
1.650000e+00 3.000000e-01 2.256199e-01 -3.933849e+00 1.181124e+00 -3.095165e-02
1.700000e+00 3.000000e-01 2.279829e-01 -1.940327e+00 1.167459e+00 -5.024516e-02
1.750000e+00 3.000000e-01 2.306445e-01 -4.284835e-01 1.196618e+00 -4.206516e-02
1.800000e+00 3.000000e-01 2.321894e-01 -7.752476e-01 1.227967e+00 -2.059527e-02
1.850000e+00 3.000000e-01 2.327040e-01 -2.222245e+00 1.227331e+00 -1.256253e-02
1.900000e+00 3.000000e-01 2.334457e-01 -3.205933e+00 1.198680e+00 -2.691993e-02
1.950000e+00 3.000000e-01 2.353960e-01 -2.996779e+00 1.169280e+00 -4.953390e-02
2.000000e+00 3.000000e-01 2.383991e-01 -2.015125e+00 1.159398e+00 -6.119091e-02
2.050000e+00 3.000000e-01 2.415151e-01 -1.148166e+00 1.167898e+00 -5.577304e-02
2.100000e+00 3.000000e-01 2.439764e-01 -9.275356e-01 1.179768e+00 -4.249827e-02
2.150000e+00 3.000000e-01 2.457649e-01 -1.251278e+00 1.181973e+00 -3.469321e-02
2.200000e+00 3.000000e-01 2.474457e-01 -1.696510e+00 1.171763e+00 -3.871318e-02
2.250000e+00 3.000000e-01 2.496362e-01 -1.925027e+00 1.154318e+00 -5.166261e-02
2.300000e+00 3.000000e-01 2.526119e-01 -1.839758e+00 1.136513e+00 -6.600424e-02
2.350000e+00 3.000000e-01 2.562366e-01 -1.525046e+00 1.122782e+00 -7.513343e-02
2.400000e+00 3.000000e-01 2.601253e-01 -1.124110e+00 1.114339e+00 -7.624101e-02
2.450000e+00 3.000000e-01 2.638607e-01 -7.511709e-01 1.110317e+00 -7.014173e-02
2.500000e+00 3.000000e-01 2.671395e-01 -4.620648e-01 1.109173e+00 -5.955501e-02
2.550000e+00 3.000000e-01 2.698162e-01 -2.648492e-01 1.109544e+00 -4.739340e-02
2.600000e+00 3.000000e-01 2.718788e-01 -1.428561e-01 1.110529e+00 -3.580321e-02
2.650000e+00 3.000000e-01 2.733966e-01 -7.312144e-02 1.111634e+00 -2.594508e-02
2.700000e+00 3.000000e-01 2.744733e-01 -3.582568e-02 1.112639e+00 -1.818820e-02
2.750000e+00 3.000000e-01 2.752154e-01 -1.701558e-02 1.113466e+00 -1.241930e-02
2.800000e+00 3.000000e-01 2.757152e-01 -8.030876e-03 1.114112e+00 -8.305479e-03
2.850000e+00 3.000000e-01 2.760459e-01 -3.963526e-03 1.114597e+00 -5.463685e-03
2.900000e+00 3.000000e-01 2.762616e-01 -2.225485e-03 1.114952e+00 -3.547545e-03
2.950000e+00 3.000000e-01 2.764007e-01 -1.533285e-03 1.115208e+00 -2.279253e-03
3.000000e+00 3.000000e-01 2.764895e-01 -1.284789e-03 1.115388e+00 -1.451669e-03
3.050000e+00 3.000000e-01 2.765458e-01 -1.212205e-03 1.115514e+00 -9.176501e-04
3.100000e+00 3.000000e-01 2.765813e-01 -1.202902e-03 1.115601e+00 -5.761399e-04
3.150000e+00 3.000000e-01 2.766035e-01 -1.212506e-03 1.115660e+00 -3.593754e-04
3.200000e+00 3.000000e-01 2.766172e-01 -1.225075e-03 1.115700e+00 -2.227001e-04
3.250000e+00 3.000000e-01 2.766257e-01 -1.235772e-03 1.115727e+00 -1.370575e-04
3.300000e+00 3.000000e-01 2.766309e-01 -1.243738e-03 1.115746e+00 -8.372282e-05
3.350000e+00 3.000000e-01 2.766341e-01 -1.249332e-03 1.115758e+00 -5.072059e-05
3.400000e+00 3.000000e-01 2.766360e-01 -1.253148e-03 1.115766e+00 -3.044045e-05
3.450000e+00 3.000000e-01 2.766371e-01 -1.255713e-03 1.115771e+00 -1.807332e-05
3.500000e+00 3.000000e-01 2.766378e-01 -1.257422e-03 1.115775e+00 -1.059677e-05
3.550000e+00 3.000000e-01 2.766382e-01 -1.258556e-03 1.115777e+00 -6.121631e-06
3.600000e+00 3.000000e-01 2.766384e-01 -1.259306e-03 1.115779e+00 -3.473972e-06
3.650000e+00 3.000000e-01 2.766386e-01 -1.259802e-03 1.115780e+00 -1.928931e-06
3.700000e+00 3.000000e-01 2.766386e-01 -1.260129e-03 1.115781e+00 -1.042138e-06
3.750000e+00 3.000000e-01 2.766387e-01 -1.260346e-03 1.115781e+00 -5.433994e-07
3.800000e+00 3.000000e-01 2.766387e-01 -1.260489e-03 1.115781e+00 -2.699864e-07
3.850000e+00 3.000000e-01 2.766387e-01 -1.260583e-03 1.115782e+00 -1.249920e-07
3.900000e+00 3.000000e-01 2.766387e-01 -1.260646e-03 1.115782e+00 -5.148484e-08
3.950000e+00 3.000000e-01 2.766387e-01 -1.260687e-03 1.115782e+00 -1.657139e-08
4.000000e+00 3.000000e-01 2.766387e-01 -1.260715e-03 1.115782e+00 -1.641253e-09
4.050000e+00 3.000000e-01 2.766387e-01 -1.260734e-03 1.115782e+00 3.551663e-09
4.100000e+00 3.000000e-01 2.766387e-01 -1.260746e-03 1.115782e+00 4.443462e-09
4.150000e+00 3.000000e-01 2.766387e-01 -1.260755e-03 1.115782e+00 3.768290e-09
4.200000e+00 3.000000e-01 2.766387e-01 -1.260760e-03 1.115782e+00 2.789395e-09
4.250000e+00 3.000000e-01 2.766387e-01 -1.260764e-03 1.115782e+00 2.004079e-09
4.300000e+00 3.000000e-01 2.766387e-01 -1.260767e-03 1.115782e+00 1.537121e-09
4.350000e+00 3.000000e-01 2.766387e-01 -1.260769e-03 1.115782e+00 1.352635e-09
4.400000e+00 3.000000e-01 2.766387e-01 -1.260771e-03 1.115782e+00 1.362325e-09
4.450000e+00 3.000000e-01 2.766387e-01 -1.260772e-03 1.115782e+00 1.476248e-09
4.500000e+00 3.000000e-01 2.766387e-01 -1.260772e-03 1.115782e+00 1.622914e-09
4.550000e+00 3.000000e-01 2.766387e-01 -1.260773e-03 1.115782e+00 1.753982e-09
4.600000e+00 3.000000e-01 2.766387e-01 -1.260773e-03 1.115782e+00 1.841995e-09
4.650000e+00 3.000000e-01 2.766387e-01 -1.260773e-03 1.115782e+00 1.875648e-09
4.700000e+00 3.000000e-01 2.766387e-01 -1.260774e-03 1.115782e+00 1.854745e-09
4.750000e+00 3.000000e-01 2.766387e-01 -1.260774e-03 1.115782e+00 1.785862e-09
4.800000e+00 3.000000e-01 2.766387e-01 -1.260774e-03 1.115782e+00 1.679001e-09
4.850000e+00 3.000000e-01 2.766387e-01 -1.260774e-03 1.115782e+00 1.545231e-09
4.900000e+00 3.000000e-01 2.766387e-01 -1.260774e-03 1.115782e+00 1.395160e-09
4.950000e+00 3.000000e-01 2.766387e-01 -1.260774e-03 1.115782e+00 1.238064e-09
5.000000e+00 3.000000e-01 2.766387e-01 -1.260774e-03 1.115782e+00 1.081479e-09
5.050000e+00 3.000000e-01 2.766387e-01 -1.260774e-03 1.115782e+00 9.311207e-10
5.100000e+00 3.000000e-01 2.766387e-01 -1.260774e-03 1.115782e+00 7.909956e-10
5.150000e+00 3.000000e-01 2.766387e-01 -1.260774e-03 1.115782e+00 6.636236e-10
5.200000e+00 3.000000e-01 2.766387e-01 -1.260774e-03 1.115782e+00 5.503059e-10
5.250000e+00 3.000000e-01 2.766387e-01 -1.260774e-03 1.115782e+00 4.514061e-10
5.300000e+00 3.000000e-01 2.766387e-01 -1.260774e-03 1.115782e+00 3.666079e-10
5.350000e+00 3.000000e-01 2.766387e-01 -1.260774e-03 1.115782e+00 2.951428e-10
5.400000e+00 3.000000e-01 2.766387e-01 -1.260774e-03 1.115782e+00 2.359840e-10
5.450000e+00 3.000000e-01 2.766387e-01 -1.260774e-03 1.115782e+00 1.880035e-10
5.500000e+00 3.000000e-01 2.766387e-01 -1.260774e-03 1.115782e+00 1.500966e-10
5.550000e+00 3.000000e-01 2.766387e-01 -1.260774e-03 1.115782e+00 1.212780e-10
5.600000e+00 3.000000e-01 2.766387e-01 -1.260774e-03 1.115782e+00 1.007605e-10
5.650000e+00 3.000000e-01 2.766387e-01 -1.260774e-03 1.115782e+00 8.802570e-11
5.700000e+00 3.000000e-01 2.766387e-01 -1.260774e-03 1.115782e+00 8.288203e-11
5.750000e+00 3.000000e-01 2.766387e-01 -1.260774e-03 1.115782e+00 8.553047e-11
5.800000e+00 3.000000e-01 2.766387e-01 -1.260774e-03 1.115782e+00 9.663215e-11
5.850000e+00 3.000000e-01 2.766387e-01 -1.260774e-03 1.115782e+00 1.174055e-10
5.900000e+00 3.000000e-01 2.766387e-01 -1.260774e-03 1.115782e+00 1.497474e-10
5.950000e+00 3.000000e-01 2.766387e-01 -1.260774e-03 1.115782e+00 1.963779e-10
6.000000e+00 3.000000e-01 2.766387e-01 -1.260774e-03 1.115782e+00 2.610578e-10
6.050000e+00 3.000000e-01 2.766387e-01 -1.260774e-03 1.115782e+00 3.488593e-10
6.100000e+00 3.000000e-01 2.766387e-01 -1.260774e-03 1.115782e+00 4.665207e-10
6.150000e+00 3.000000e-01 2.766387e-01 -1.260774e-03 1.115782e+00 6.229312e-10
6.200000e+00 3.000000e-01 2.766387e-01 -1.260774e-03 1.115782e+00 8.297352e-10
6.250000e+00 3.000000e-01 2.766387e-01 -1.260774e-03 1.115782e+00 1.102138e-09
6.300000e+00 3.000000e-01 2.766387e-01 -1.260774e-03 1.115782e+00 1.459960e-09
6.350000e+00 3.000000e-01 2.766387e-01 -1.260774e-03 1.115782e+00 1.928985e-09
6.400000e+00 3.000000e-01 2.766387e-01 -1.260774e-03 1.115782e+00 2.542719e-09
6.450000e+00 3.000000e-01 2.766387e-01 -1.260774e-03 1.115782e+00 3.344675e-09
6.500000e+00 3.000000e-01 2.766387e-01 -1.260774e-03 1.115782e+00 4.391328e-09
6.550000e+00 3.000000e-01 2.766387e-01 -1.260774e-03 1.115782e+00 5.755943e-09
6.600000e+00 3.000000e-01 2.766387e-01 -1.260774e-03 1.115782e+00 7.533514e-09
6.650000e+00 3.000000e-01 2.766387e-01 -1.260774e-03 1.115782e+00 9.847181e-09
6.700000e+00 3.000000e-01 2.766387e-01 -1.260774e-03 1.115782e+00 1.285652e-08
6.750000e+00 3.000000e-01 2.766387e-01 -1.260774e-03 1.115782e+00 1.676823e-08
6.800000e+00 3.000000e-01 2.766387e-01 -1.260775e-03 1.115782e+00 2.185004e-08
6.850000e+00 3.000000e-01 2.766387e-01 -1.260775e-03 1.115782e+00 2.844852e-08
6.900000e+00 3.000000e-01 2.766387e-01 -1.260775e-03 1.115782e+00 3.701255e-08
6.950000e+00 3.000000e-01 2.766387e-01 -1.260775e-03 1.115782e+00 4.812208e-08
7.000000e+00 3.000000e-01 2.766387e-01 -1.260775e-03 1.115782e+00 6.253085e-08
7.050000e+00 3.000000e-01 2.766387e-01 -1.260776e-03 1.115782e+00 8.120260e-08
7.100000e+00 3.000000e-01 2.766387e-01 -1.260775e-03 1.115782e+00 1.054206e-07
7.150000e+00 3.000000e-01 2.766387e-01 -1.260779e-03 1.115782e+00 1.367274e-07
7.200000e+00 3.000000e-01 2.766387e-01 -1.260769e-03 1.115782e+00 1.774764e-07
7.250000e+00 3.000000e-01 2.766386e-01 -1.260799e-03 1.115782e+00 2.296384e-07
7.300000e+00 3.000000e-01 2.766386e-01 -1.260717e-03 1.115782e+00 2.988582e-07
7.350000e+00 3.000000e-01 2.766386e-01 -1.260952e-03 1.115782e+00 3.837511e-07
7.400000e+00 3.000000e-01 2.766386e-01 -1.260320e-03 1.115782e+00 5.060519e-07
7.450000e+00 3.000000e-01 2.766386e-01 -1.261982e-03 1.115783e+00 6.322120e-07
7.500000e+00 3.000000e-01 2.766385e-01 -1.257784e-03 1.115783e+00 8.747143e-07
7.550000e+00 3.000000e-01 2.766385e-01 -1.268039e-03 1.115783e+00 9.990916e-07
7.600000e+00 3.000000e-01 2.766384e-01 -1.243950e-03 1.115783e+00 1.593113e-06
7.650000e+00 3.000000e-01 2.766383e-01 -1.298397e-03 1.115784e+00 1.409568e-06
7.700000e+00 3.000000e-01 2.766383e-01 -1.180353e-03 1.115782e+00 3.170020e-06
7.750000e+00 3.000000e-01 2.766380e-01 -1.425505e-03 1.115787e+00 1.444052e-06
7.800000e+00 3.000000e-01 2.766381e-01 -9.392218e-04 1.115779e+00 6.827474e-06
7.850000e+00 3.000000e-01 2.766373e-01 -1.858179e-03 1.115794e+00 7.120588e-08
7.900000e+00 3.000000e-01 2.766381e-01 -2.095501e-04 1.115770e+00 1.457978e-05
7.950000e+00 3.000000e-01 2.766359e-01 -3.006610e-03 1.115814e+00 -3.482597e-06
8.000000e+00 3.000000e-01 2.766385e-01 1.459375e-03 1.115747e+00 2.713136e-05
8.050000e+00 3.000000e-01 2.766331e-01 -5.212977e-03 1.115850e+00 -5.503065e-06
8.100000e+00 3.000000e-01 2.766390e-01 4.048602e-03 1.115714e+00 3.857318e-05
8.150000e+00 3.000000e-01 2.766293e-01 -7.793330e-03 1.115894e+00 6.984074e-06
8.200000e+00 3.000000e-01 2.766383e-01 6.015169e-03 1.115692e+00 3.789140e-05
8.250000e+00 3.000000e-01 2.766255e-01 -8.529112e-03 1.115915e+00 4.367000e-05
8.300000e+00 3.000000e-01 2.766340e-01 5.280448e-03 1.115713e+00 3.701292e-05
8.350000e+00 3.000000e-01 2.766218e-01 -6.909050e-03 1.115909e+00 7.678937e-05
8.400000e+00 3.000000e-01 2.766263e-01 4.330589e-03 1.115746e+00 9.079441e-05
8.450000e+00 3.000000e-01 2.766127e-01 -8.605986e-03 1.115959e+00 7.205140e-05
8.500000e+00 3.000000e-01 2.766191e-01 9.702818e-03 1.115708e+00 1.998845e-04
8.550000e+00 3.000000e-01 2.765927e-01 -1.624604e-02 1.116105e+00 1.262814e-04
8.600000e+00 3.000000e-01 2.766065e-01 1.556432e-02 1.115684e+00 2.422835e-04
8.650000e+00 3.000000e-01 2.765685e-01 -1.602739e-02 1.116185e+00 3.475562e-04
8.700000e+00 3.000000e-01 2.765717e-01 8.935432e-03 1.115846e+00 3.205713e-04
8.750000e+00 3.000000e-01 2.765364e-01 -9.242673e-03 1.116238e+00 5.013555e-04
8.800000e+00 3.000000e-01 2.765216e-01 1.139744e-02 1.115967e+00 7.456531e-04
8.850000e+00 3.000000e-01 2.764619e-01 -2.426890e-02 1.116610e+00 6.697826e-04
8.900000e+00 3.000000e-01 2.764546e-01 2.905345e-02 1.116030e+00 1.124319e-03
8.950000e+00 3.000000e-01 2.763494e-01 -2.745321e-02 1.117000e+00 1.483931e-03
9.000000e+00 3.000000e-01 2.763062e-01 1.241698e-02 1.116589e+00 1.589253e-03
9.050000e+00 3.000000e-01 2.761905e-01 -1.018038e-02 1.117434e+00 2.248866e-03
9.100000e+00 3.000000e-01 2.760813e-01 2.185400e-02 1.117192e+00 3.198623e-03
9.150000e+00 3.000000e-01 2.758707e-01 -4.554741e-02 1.118661e+00 3.508426e-03
9.200000e+00 3.000000e-01 2.757305e-01 4.371264e-02 1.118190e+00 4.708276e-03
9.250000e+00 3.000000e-01 2.753998e-01 -2.270494e-02 1.120066e+00 6.584268e-03
9.300000e+00 3.000000e-01 2.750720e-01 6.339604e-03 1.120292e+00 7.996289e-03
9.350000e+00 3.000000e-01 2.746002e-01 -3.397940e-02 1.122734e+00 9.822229e-03
9.400000e+00 3.000000e-01 2.740898e-01 6.355699e-02 1.123177e+00 1.359706e-02
9.450000e+00 3.000000e-01 2.732405e-01 -5.351057e-02 1.126895e+00 1.754338e-02
9.500000e+00 3.000000e-01 2.723355e-01 1.020140e-02 1.128516e+00 2.164243e-02
9.550000e+00 3.000000e-01 2.710763e-01 -2.107440e-02 1.133697e+00 2.808936e-02
9.600000e+00 3.000000e-01 2.695265e-01 6.620059e-02 1.136695e+00 3.753896e-02
9.650000e+00 3.000000e-01 2.673224e-01 -6.743984e-02 1.144143e+00 4.830514e-02
9.700000e+00 3.000000e-01 2.646960e-01 1.078905e-02 1.149957e+00 6.171347e-02
9.750000e+00 3.000000e-01 2.611510e-01 -2.260985e-02 1.161057e+00 8.112393e-02
9.800000e+00 3.000000e-01 2.565836e-01 5.812765e-02 1.170174e+00 1.080505e-01
9.850000e+00 3.000000e-01 2.503460e-01 -4.389082e-02 1.185169e+00 1.438420e-01
9.900000e+00 3.000000e-01 2.421994e-01 -2.871102e-03 1.200765e+00 1.927093e-01
9.950000e+00 3.000000e-01 2.310750e-01 -3.334105e-02 1.225346e+00 2.631944e-01
1.000000e+01 3.000000e-01 2.158800e-01 -2.587381e-02 0.000000e+00 0.000000e+00
0.000000e+00 3.200000e-01 2.415360e-01 -2.160000e+00 0.000000e+00 0.000000e+00
5.000000e-02 3.200000e-01 2.411315e-01 -2.488861e+00 1.298579e+00 4.540431e-03
1.000000e-01 3.200000e-01 2.410820e-01 -2.072545e+00 1.285543e+00 -7.128687e-03
1.500000e-01 3.200000e-01 2.418444e-01 -1.110274e+00 1.306720e+00 -8.834921e-03
2.000000e-01 3.200000e-01 2.419654e-01 -2.232419e+00 1.337227e+00 1.136792e-02
2.500000e-01 3.200000e-01 2.407076e-01 -3.907834e+00 1.303829e+00 1.663167e-02
3.000000e-01 3.200000e-01 2.403023e-01 -2.221603e+00 1.251983e+00 -1.199978e-02
3.500000e-01 3.200000e-01 2.419075e-01 4.684308e-01 1.289568e+00 -2.344328e-02
4.000000e-01 3.200000e-01 2.426466e-01 -1.440415e+00 1.362671e+00 1.115357e-02
4.500000e-01 3.200000e-01 2.407922e-01 -5.037841e+00 1.326064e+00 3.095085e-02
5.000000e-01 3.200000e-01 2.395515e-01 -3.324020e+00 1.228567e+00 -6.398446e-03
5.500000e-01 3.200000e-01 2.414320e-01 1.513564e+00 1.244570e+00 -3.774440e-02
6.000000e-01 3.200000e-01 2.433260e-01 7.686252e-01 1.359120e+00 -3.542525e-03
6.500000e-01 3.200000e-01 2.417863e-01 -4.776756e+00 1.365721e+00 3.799404e-02
7.000000e-01 3.200000e-01 2.395266e-01 -5.323648e+00 1.242816e+00 1.151350e-02
7.500000e-01 3.200000e-01 2.406349e-01 4.844302e-01 1.192271e+00 -4.060554e-02
8.000000e-01 3.200000e-01 2.435871e-01 3.298923e+00 1.303933e+00 -2.900533e-02
8.500000e-01 3.200000e-01 2.435355e-01 -1.902543e+00 1.389016e+00 2.750194e-02
9.000000e-01 3.200000e-01 2.408369e-01 -6.417823e+00 1.302425e+00 3.256799e-02
9.500000e-01 3.200000e-01 2.402787e-01 -3.147274e+00 1.183262e+00 -2.361815e-02
1.000000e+00 3.200000e-01 2.431987e-01 2.857235e+00 1.215886e+00 -5.067697e-02
1.050000e+00 3.200000e-01 2.453464e-01 2.301737e+00 1.344545e+00 -5.717041e-03
1.100000e+00 3.200000e-01 2.437704e-01 -3.805513e+00 1.361497e+00 3.725037e-02
1.150000e+00 3.200000e-01 2.416213e-01 -6.146206e+00 1.247693e+00 9.682518e-03
1.200000e+00 3.200000e-01 2.428022e-01 -1.918536e+00 1.174803e+00 -4.564165e-02
1.250000e+00 3.200000e-01 2.461855e-01 2.575043e+00 1.240781e+00 -4.644992e-02
1.300000e+00 3.200000e-01 2.474472e-01 1.006036e+00 1.337505e+00 4.488614e-03
1.350000e+00 3.200000e-01 2.457366e-01 -3.910751e+00 1.325777e+00 2.855772e-02
1.400000e+00 3.200000e-01 2.445914e-01 -5.503908e+00 1.234336e+00 -7.893349e-03
1.450000e+00 3.200000e-01 2.465260e-01 -2.408418e+00 1.188788e+00 -5.207913e-02
1.500000e+00 3.200000e-01 2.497993e-01 9.372010e-01 1.237268e+00 -4.626381e-02
1.550000e+00 3.200000e-01 2.511524e-01 4.084729e-01 1.302779e+00 -5.004455e-03
1.600000e+00 3.200000e-01 2.502998e-01 -2.702362e+00 1.301869e+00 1.318384e-02
1.650000e+00 3.200000e-01 2.498340e-01 -4.456703e+00 1.246134e+00 -1.311311e-02
1.700000e+00 3.200000e-01 2.516111e-01 -3.314945e+00 1.204457e+00 -4.900844e-02
1.750000e+00 3.200000e-01 2.547348e-01 -1.044615e+00 1.214697e+00 -5.427820e-02
1.800000e+00 3.200000e-01 2.570389e-01 -1.610493e-01 1.251335e+00 -2.999670e-02
1.850000e+00 3.200000e-01 2.577345e-01 -1.149675e+00 1.268031e+00 -9.365832e-03
1.900000e+00 3.200000e-01 2.579755e-01 -2.556976e+00 1.249874e+00 -1.528640e-02
1.950000e+00 3.200000e-01 2.592631e-01 -3.003059e+00 1.217217e+00 -3.961911e-02
2.000000e+00 3.200000e-01 2.619374e-01 -2.340818e+00 1.196117e+00 -5.870750e-02
2.050000e+00 3.200000e-01 2.651339e-01 -1.353290e+00 1.194860e+00 -5.880801e-02
2.100000e+00 3.200000e-01 2.678182e-01 -8.253742e-01 1.203382e+00 -4.549406e-02
2.150000e+00 3.200000e-01 2.696833e-01 -9.337911e-01 1.207456e+00 -3.376501e-02
2.200000e+00 3.200000e-01 2.711947e-01 -1.348019e+00 1.200451e+00 -3.363437e-02
2.250000e+00 3.200000e-01 2.730467e-01 -1.667679e+00 1.184557e+00 -4.453397e-02
2.300000e+00 3.200000e-01 2.756481e-01 -1.700876e+00 1.165692e+00 -5.913000e-02
2.350000e+00 3.200000e-01 2.789597e-01 -1.475454e+00 1.148778e+00 -6.984056e-02
2.400000e+00 3.200000e-01 2.826321e-01 -1.122284e+00 1.136032e+00 -7.280053e-02
2.450000e+00 3.200000e-01 2.862398e-01 -7.663671e-01 1.127499e+00 -6.821253e-02
2.500000e+00 3.200000e-01 2.894534e-01 -4.784268e-01 1.122227e+00 -5.862978e-02
2.550000e+00 3.200000e-01 2.921027e-01 -2.769444e-01 1.119138e+00 -4.704307e-02
2.600000e+00 3.200000e-01 2.941577e-01 -1.503065e-01 1.117391e+00 -3.574302e-02
2.650000e+00 3.200000e-01 2.956770e-01 -7.715331e-02 1.116435e+00 -2.601227e-02
2.700000e+00 3.200000e-01 2.967589e-01 -3.772819e-02 1.115937e+00 -1.829901e-02
2.750000e+00 3.200000e-01 2.975070e-01 -1.770324e-02 1.115698e+00 -1.253426e-02
2.800000e+00 3.200000e-01 2.980124e-01 -8.053120e-03 1.115604e+00 -8.407937e-03
2.850000e+00 3.200000e-01 2.983477e-01 -3.622974e-03 1.115585e+00 -5.548187e-03
2.900000e+00 3.200000e-01 2.985672e-01 -1.682401e-03 1.115603e+00 -3.613927e-03
2.950000e+00 3.200000e-01 2.987091e-01 -8.724100e-04 1.115634e+00 -2.329634e-03
3.000000e+00 3.200000e-01 2.988001e-01 -5.522579e-04 1.115668e+00 -1.488922e-03
3.050000e+00 3.200000e-01 2.988580e-01 -4.343938e-04 1.115699e+00 -9.446414e-04
3.100000e+00 3.200000e-01 2.988946e-01 -3.957086e-04 1.115724e+00 -5.953830e-04
3.150000e+00 3.200000e-01 2.989176e-01 -3.859512e-04 1.115744e+00 -3.729198e-04
3.200000e+00 3.200000e-01 2.989319e-01 -3.856642e-04 1.115759e+00 -2.321368e-04
3.250000e+00 3.200000e-01 2.989408e-01 -3.878030e-04 1.115770e+00 -1.435796e-04
3.300000e+00 3.200000e-01 2.989463e-01 -3.900726e-04 1.115778e+00 -8.820211e-05
3.350000e+00 3.200000e-01 2.989496e-01 -3.918800e-04 1.115784e+00 -5.378190e-05
3.400000e+00 3.200000e-01 2.989516e-01 -3.931829e-04 1.115788e+00 -3.252491e-05
3.450000e+00 3.200000e-01 2.989529e-01 -3.940817e-04 1.115791e+00 -1.948886e-05
3.500000e+00 3.200000e-01 2.989536e-01 -3.946888e-04 1.115793e+00 -1.155639e-05
3.550000e+00 3.200000e-01 2.989540e-01 -3.950946e-04 1.115795e+00 -6.771658e-06
3.600000e+00 3.200000e-01 2.989543e-01 -3.953644e-04 1.115796e+00 -3.914336e-06
3.650000e+00 3.200000e-01 2.989544e-01 -3.955432e-04 1.115797e+00 -2.227589e-06
3.700000e+00 3.200000e-01 2.989545e-01 -3.956617e-04 1.115797e+00 -1.245132e-06
3.750000e+00 3.200000e-01 2.989545e-01 -3.957402e-04 1.115797e+00 -6.818314e-07
3.800000e+00 3.200000e-01 2.989545e-01 -3.957921e-04 1.115798e+00 -3.648193e-07
3.850000e+00 3.200000e-01 2.989546e-01 -3.958266e-04 1.115798e+00 -1.903319e-07
3.900000e+00 3.200000e-01 2.989546e-01 -3.958494e-04 1.115798e+00 -9.681531e-08
3.950000e+00 3.200000e-01 2.989546e-01 -3.958647e-04 1.115798e+00 -4.826800e-08
4.000000e+00 3.200000e-01 2.989546e-01 -3.958749e-04 1.115798e+00 -2.399410e-08
4.050000e+00 3.200000e-01 2.989546e-01 -3.958817e-04 1.115798e+00 -1.235051e-08
4.100000e+00 3.200000e-01 2.989546e-01 -3.958863e-04 1.115798e+00 -6.966172e-09
4.150000e+00 3.200000e-01 2.989546e-01 -3.958895e-04 1.115798e+00 -4.481243e-09
4.200000e+00 3.200000e-01 2.989546e-01 -3.958916e-04 1.115798e+00 -3.213300e-09
4.250000e+00 3.200000e-01 2.989546e-01 -3.958931e-04 1.115798e+00 -2.383513e-09
4.300000e+00 3.200000e-01 2.989546e-01 -3.958941e-04 1.115798e+00 -1.677208e-09
4.350000e+00 3.200000e-01 2.989546e-01 -3.958949e-04 1.115798e+00 -1.001348e-09
4.400000e+00 3.200000e-01 2.989546e-01 -3.958954e-04 1.115798e+00 -3.559225e-10
4.450000e+00 3.200000e-01 2.989546e-01 -3.958958e-04 1.115798e+00 2.303169e-10
4.500000e+00 3.200000e-01 2.989546e-01 -3.958960e-04 1.115798e+00 7.288686e-10
4.550000e+00 3.200000e-01 2.989546e-01 -3.958962e-04 1.115798e+00 1.122072e-09
4.600000e+00 3.200000e-01 2.989546e-01 -3.958964e-04 1.115798e+00 1.404744e-09
4.650000e+00 3.200000e-01 2.989546e-01 -3.958965e-04 1.115798e+00 1.582011e-09
4.700000e+00 3.200000e-01 2.989546e-01 -3.958966e-04 1.115798e+00 1.665993e-09
4.750000e+00 3.200000e-01 2.989546e-01 -3.958966e-04 1.115798e+00 1.672618e-09
4.800000e+00 3.200000e-01 2.989546e-01 -3.958967e-04 1.115798e+00 1.619060e-09
4.850000e+00 3.200000e-01 2.989546e-01 -3.958967e-04 1.115798e+00 1.521916e-09
4.900000e+00 3.200000e-01 2.989546e-01 -3.958967e-04 1.115798e+00 1.396079e-09
4.950000e+00 3.200000e-01 2.989546e-01 -3.958967e-04 1.115798e+00 1.254128e-09
5.000000e+00 3.200000e-01 2.989546e-01 -3.958967e-04 1.115798e+00 1.106148e-09
5.050000e+00 3.200000e-01 2.989546e-01 -3.958967e-04 1.115798e+00 9.598006e-10
5.100000e+00 3.200000e-01 2.989546e-01 -3.958967e-04 1.115798e+00 8.205586e-10
5.150000e+00 3.200000e-01 2.989546e-01 -3.958968e-04 1.115798e+00 6.920353e-10
5.200000e+00 3.200000e-01 2.989546e-01 -3.958968e-04 1.115798e+00 5.763318e-10
5.250000e+00 3.200000e-01 2.989546e-01 -3.958968e-04 1.115798e+00 4.743766e-10
5.300000e+00 3.200000e-01 2.989546e-01 -3.958968e-04 1.115798e+00 3.862438e-10
5.350000e+00 3.200000e-01 2.989546e-01 -3.958968e-04 1.115798e+00 3.114203e-10
5.400000e+00 3.200000e-01 2.989546e-01 -3.958968e-04 1.115798e+00 2.490336e-10
5.450000e+00 3.200000e-01 2.989546e-01 -3.958968e-04 1.115798e+00 1.980288e-10
5.500000e+00 3.200000e-01 2.989546e-01 -3.958968e-04 1.115798e+00 1.573219e-10
5.550000e+00 3.200000e-01 2.989546e-01 -3.958968e-04 1.115798e+00 1.259082e-10
5.600000e+00 3.200000e-01 2.989546e-01 -3.958968e-04 1.115798e+00 1.029488e-10
5.650000e+00 3.200000e-01 2.989546e-01 -3.958968e-04 1.115798e+00 8.785028e-11
5.700000e+00 3.200000e-01 2.989546e-01 -3.958968e-04 1.115798e+00 8.032353e-11
5.750000e+00 3.200000e-01 2.989546e-01 -3.958968e-04 1.115798e+00 8.045342e-11
5.800000e+00 3.200000e-01 2.989546e-01 -3.958968e-04 1.115798e+00 8.876011e-11
5.850000e+00 3.200000e-01 2.989546e-01 -3.958968e-04 1.115798e+00 1.062944e-10
5.900000e+00 3.200000e-01 2.989546e-01 -3.958968e-04 1.115798e+00 1.347528e-10
5.950000e+00 3.200000e-01 2.989546e-01 -3.958968e-04 1.115798e+00 1.766043e-10
6.000000e+00 3.200000e-01 2.989546e-01 -3.958968e-04 1.115798e+00 2.352973e-10
6.050000e+00 3.200000e-01 2.989546e-01 -3.958968e-04 1.115798e+00 3.155110e-10
6.100000e+00 3.200000e-01 2.989546e-01 -3.958968e-04 1.115798e+00 4.234846e-10
6.150000e+00 3.200000e-01 2.989546e-01 -3.958968e-04 1.115798e+00 5.674655e-10
6.200000e+00 3.200000e-01 2.989546e-01 -3.958968e-04 1.115798e+00 7.582768e-10
6.250000e+00 3.200000e-01 2.989546e-01 -3.958968e-04 1.115798e+00 1.010066e-09
6.300000e+00 3.200000e-01 2.989546e-01 -3.958968e-04 1.115798e+00 1.341280e-09
6.350000e+00 3.200000e-01 2.989546e-01 -3.958968e-04 1.115798e+00 1.775933e-09
6.400000e+00 3.200000e-01 2.989546e-01 -3.958968e-04 1.115798e+00 2.345241e-09
6.450000e+00 3.200000e-01 2.989546e-01 -3.958968e-04 1.115798e+00 3.089753e-09
6.500000e+00 3.200000e-01 2.989546e-01 -3.958968e-04 1.115798e+00 4.062110e-09
6.550000e+00 3.200000e-01 2.989546e-01 -3.958968e-04 1.115798e+00 5.330603e-09
6.600000e+00 3.200000e-01 2.989546e-01 -3.958968e-04 1.115798e+00 6.983797e-09
6.650000e+00 3.200000e-01 2.989546e-01 -3.958968e-04 1.115798e+00 9.136512e-09
6.700000e+00 3.200000e-01 2.989546e-01 -3.958968e-04 1.115798e+00 1.193754e-08
6.750000e+00 3.200000e-01 2.989546e-01 -3.958968e-04 1.115798e+00 1.557963e-08
6.800000e+00 3.200000e-01 2.989546e-01 -3.958969e-04 1.115798e+00 2.031245e-08
6.850000e+00 3.200000e-01 2.989546e-01 -3.958969e-04 1.115798e+00 2.645922e-08
6.900000e+00 3.200000e-01 2.989546e-01 -3.958969e-04 1.115798e+00 3.443848e-08
6.950000e+00 3.200000e-01 2.989546e-01 -3.958970e-04 1.115798e+00 4.479140e-08
7.000000e+00 3.200000e-01 2.989546e-01 -3.958970e-04 1.115798e+00 5.821992e-08
7.050000e+00 3.200000e-01 2.989546e-01 -3.958972e-04 1.115798e+00 7.562609e-08
7.100000e+00 3.200000e-01 2.989546e-01 -3.958969e-04 1.115798e+00 9.819625e-08
7.150000e+00 3.200000e-01 2.989546e-01 -3.958985e-04 1.115798e+00 1.274014e-07
7.200000e+00 3.200000e-01 2.989545e-01 -3.958941e-04 1.115798e+00 1.653387e-07
7.250000e+00 3.200000e-01 2.989545e-01 -3.959082e-04 1.115798e+00 2.141306e-07
7.300000e+00 3.200000e-01 2.989545e-01 -3.958679e-04 1.115798e+00 2.782363e-07
7.350000e+00 3.200000e-01 2.989545e-01 -3.959833e-04 1.115799e+00 3.585663e-07
7.400000e+00 3.200000e-01 2.989545e-01 -3.956687e-04 1.115799e+00 4.695649e-07
7.450000e+00 3.200000e-01 2.989545e-01 -3.965041e-04 1.115799e+00 5.948158e-07
7.500000e+00 3.200000e-01 2.989544e-01 -3.943693e-04 1.115799e+00 8.026123e-07
7.550000e+00 3.200000e-01 2.989544e-01 -3.996407e-04 1.115799e+00 9.610113e-07
7.600000e+00 3.200000e-01 2.989543e-01 -3.871164e-04 1.115799e+00 1.420754e-06
7.650000e+00 3.200000e-01 2.989542e-01 -4.157430e-04 1.115800e+00 1.449562e-06
7.700000e+00 3.200000e-01 2.989542e-01 -3.529622e-04 1.115799e+00 2.685891e-06
7.750000e+00 3.200000e-01 2.989540e-01 -4.848490e-04 1.115802e+00 1.857356e-06
7.800000e+00 3.200000e-01 2.989540e-01 -2.201745e-04 1.115798e+00 5.451642e-06
7.850000e+00 3.200000e-01 2.989534e-01 -7.262241e-04 1.115808e+00 1.603965e-06
7.900000e+00 3.200000e-01 2.989538e-01 1.923972e-04 1.115792e+00 1.118188e-05
7.950000e+00 3.200000e-01 2.989523e-01 -1.384600e-03 1.115823e+00 2.467850e-07
8.000000e+00 3.200000e-01 2.989538e-01 1.163097e-03 1.115776e+00 2.069191e-05
8.050000e+00 3.200000e-01 2.989502e-01 -2.687469e-03 1.115851e+00 2.603031e-07
8.100000e+00 3.200000e-01 2.989538e-01 2.717100e-03 1.115753e+00 3.058785e-05
8.150000e+00 3.200000e-01 2.989472e-01 -4.263958e-03 1.115887e+00 1.064823e-05
8.200000e+00 3.200000e-01 2.989527e-01 3.943999e-03 1.115738e+00 3.365075e-05
8.250000e+00 3.200000e-01 2.989438e-01 -4.737731e-03 1.115908e+00 3.946400e-05
8.300000e+00 3.200000e-01 2.989488e-01 3.470141e-03 1.115759e+00 3.750506e-05
8.350000e+00 3.200000e-01 2.989401e-01 -3.628788e-03 1.115909e+00 6.983558e-05
8.400000e+00 3.200000e-01 2.989418e-01 2.683456e-03 1.115795e+00 8.136994e-05
8.450000e+00 3.200000e-01 2.989319e-01 -4.466409e-03 1.115954e+00 7.732378e-05
8.500000e+00 3.200000e-01 2.989341e-01 5.929399e-03 1.115780e+00 1.718412e-04
8.550000e+00 3.200000e-01 2.989147e-01 -9.345802e-03 1.116087e+00 1.292239e-04
8.600000e+00 3.200000e-01 2.989211e-01 9.822677e-03 1.115777e+00 2.246330e-04
8.650000e+00 3.200000e-01 2.988923e-01 -9.222592e-03 1.116181e+00 3.143766e-04
8.700000e+00 3.200000e-01 2.988897e-01 5.133362e-03 1.115944e+00 3.084419e-04
8.750000e+00 3.200000e-01 2.988614e-01 -3.991443e-03 1.116253e+00 4.722414e-04
8.800000e+00 3.200000e-01 2.988425e-01 6.033540e-03 1.116111e+00 6.706538e-04
8.850000e+00 3.200000e-01 2.987944e-01 -1.394451e-02 1.116626e+00 6.518992e-04
8.900000e+00 3.200000e-01 2.987773e-01 1.851979e-02 1.116233e+00 1.040243e-03
8.950000e+00 3.200000e-01 2.986903e-01 -1.636939e-02 1.117072e+00 1.364802e-03
9.000000e+00 3.200000e-01 2.986408e-01 5.874736e-03 1.116856e+00 1.497038e-03
9.050000e+00 3.200000e-01 2.985406e-01 -2.035123e-03 1.117568e+00 2.112303e-03
9.100000e+00 3.200000e-01 2.984296e-01 1.126768e-02 1.117614e+00 2.938217e-03
9.150000e+00 3.200000e-01 2.982468e-01 -2.849327e-02 1.118925e+00 3.292620e-03
9.200000e+00 3.200000e-01 2.981003e-01 2.871696e-02 1.118778e+00 4.404340e-03
9.250000e+00 3.200000e-01 2.978064e-01 -9.796067e-03 1.120562e+00 6.121688e-03
9.300000e+00 3.200000e-01 2.974881e-01 -4.279454e-03 1.121272e+00 7.428186e-03
9.350000e+00 3.200000e-01 2.970636e-01 -1.604720e-02 1.123560e+00 9.198080e-03
9.400000e+00 3.200000e-01 2.965683e-01 4.376242e-02 1.124631e+00 1.268926e-02
9.450000e+00 3.200000e-01 2.957946e-01 -3.391801e-02 1.128454e+00 1.637224e-02
9.500000e+00 3.200000e-01 2.949311e-01 -5.735509e-03 1.130955e+00 2.018078e-02
9.550000e+00 3.200000e-01 2.937766e-01 1.057644e-03 1.136240e+00 2.630294e-02
9.600000e+00 3.200000e-01 2.923008e-01 4.573319e-02 1.140610e+00 3.523104e-02
9.650000e+00 3.200000e-01 2.902535e-01 -4.766755e-02 1.148842e+00 4.535484e-02
9.700000e+00 3.200000e-01 2.877653e-01 -9.444416e-03 1.156770e+00 5.796178e-02
9.750000e+00 3.200000e-01 2.844573e-01 6.106848e-03 1.169350e+00 7.655357e-02
9.800000e+00 3.200000e-01 2.801100e-01 4.462727e-02 1.182134e+00 1.024547e-01
9.850000e+00 3.200000e-01 2.742118e-01 -2.945313e-02 1.201086e+00 1.365664e-01
9.900000e+00 3.200000e-01 2.664533e-01 -1.518700e-02 1.223949e+00 1.829796e-01
9.950000e+00 3.200000e-01 2.559138e-01 -1.287025e-02 1.257399e+00 2.491734e-01
1.000000e+01 3.200000e-01 2.415360e-01 -1.345287e-02 0.000000e+00 0.000000e+00
0.000000e+00 3.400000e-01 2.680560e-01 -1.920000e+00 0.000000e+00 0.000000e+00
5.000000e-02 3.400000e-01 2.675667e-01 -2.301718e+00 1.345483e+00 9.497565e-03
1.000000e-01 3.400000e-01 2.671062e-01 -2.696358e+00 1.319204e+00 -7.012925e-03
1.500000e-01 3.400000e-01 2.682680e-01 -7.684159e-01 1.326482e+00 -2.236407e-02
2.000000e-01 3.400000e-01 2.693427e-01 -2.176568e-01 1.387710e+00 7.879769e-03
2.500000e-01 3.400000e-01 2.674800e-01 -3.635283e+00 1.380512e+00 3.835226e-02
3.000000e-01 3.400000e-01 2.655074e-01 -4.653261e+00 1.283682e+00 -2.017831e-03
3.500000e-01 3.400000e-01 2.676818e-01 2.100613e-01 1.275478e+00 -5.048120e-02
4.000000e-01 3.400000e-01 2.705555e-01 2.274313e+00 1.400879e+00 -6.123607e-03
4.500000e-01 3.400000e-01 2.682942e-01 -3.482909e+00 1.428089e+00 6.201673e-02
5.000000e-01 3.400000e-01 2.643539e-01 -6.823014e+00 1.280457e+00 2.348751e-02
5.500000e-01 3.400000e-01 2.659454e-01 -8.297692e-01 1.205546e+00 -6.480614e-02
6.000000e-01 3.400000e-01 2.708345e-01 4.775235e+00 1.353172e+00 -4.304426e-02
6.500000e-01 3.400000e-01 2.702499e-01 -6.583727e-01 1.465914e+00 5.823014e-02
7.000000e-01 3.400000e-01 2.650115e-01 -7.669840e+00 1.336085e+00 6.220465e-02
7.500000e-01 3.400000e-01 2.640294e-01 -4.377548e+00 1.171028e+00 -4.353157e-02
8.000000e-01 3.400000e-01 2.693646e-01 4.462479e+00 1.246074e+00 -8.140912e-02
8.500000e-01 3.400000e-01 2.721703e-01 3.915185e+00 1.436594e+00 1.376053e-02
9.000000e-01 3.400000e-01 2.679886e-01 -4.975258e+00 1.420115e+00 8.127126e-02
9.500000e-01 3.400000e-01 2.640432e-01 -7.808036e+00 1.230900e+00 1.086237e-02
1.000000e+00 3.400000e-01 2.669023e-01 -6.433836e-01 1.164052e+00 -8.250023e-02
1.050000e+00 3.400000e-01 2.722932e-01 5.457214e+00 1.316979e+00 -5.107119e-02
1.100000e+00 3.400000e-01 2.720095e-01 9.036381e-01 1.437212e+00 4.840376e-02
1.150000e+00 3.400000e-01 2.674528e-01 -6.528726e+00 1.350491e+00 5.731886e-02
1.200000e+00 3.400000e-01 2.662776e-01 -6.354286e+00 1.204302e+00 -3.163133e-02
1.250000e+00 3.400000e-01 2.706160e-01 3.630371e-01 1.207599e+00 -8.151213e-02
1.300000e+00 3.400000e-01 2.744288e-01 3.628135e+00 1.337291e+00 -2.521879e-02
1.350000e+00 3.400000e-01 2.731378e-01 -7.050294e-01 1.396869e+00 4.363314e-02
1.400000e+00 3.400000e-01 2.700655e-01 -5.732112e+00 1.321010e+00 2.630744e-02
1.450000e+00 3.400000e-01 2.705071e-01 -5.216718e+00 1.229337e+00 -4.396578e-02
1.500000e+00 3.400000e-01 2.744620e-01 -7.523444e-01 1.236445e+00 -6.907877e-02
1.550000e+00 3.400000e-01 2.774150e-01 1.518561e+00 1.313041e+00 -2.500431e-02
1.600000e+00 3.400000e-01 2.769625e-01 -6.635523e-01 1.351158e+00 1.949689e-02
1.650000e+00 3.400000e-01 2.754653e-01 -3.754329e+00 1.313952e+00 8.013214e-03
1.700000e+00 3.400000e-01 2.761612e-01 -4.187950e+00 1.256911e+00 -3.767060e-02
1.750000e+00 3.400000e-01 2.792323e-01 -2.119050e+00 1.241300e+00 -6.081650e-02
1.800000e+00 3.400000e-01 2.822428e-01 -2.485837e-01 1.268464e+00 -4.192890e-02
1.850000e+00 3.400000e-01 2.834252e-01 -3.508097e-01 1.295070e+00 -1.197798e-02
1.900000e+00 3.400000e-01 2.834406e-01 -1.703723e+00 1.290566e+00 -6.593966e-03
1.950000e+00 3.400000e-01 2.840846e-01 -2.650478e+00 1.262057e+00 -2.803111e-02
2.000000e+00 3.400000e-01 2.862437e-01 -2.444549e+00 1.234539e+00 -5.224828e-02
2.050000e+00 3.400000e-01 2.893095e-01 -1.550738e+00 1.223437e+00 -5.867917e-02
2.100000e+00 3.400000e-01 2.921116e-01 -8.342587e-01 1.225657e+00 -4.753679e-02
2.150000e+00 3.400000e-01 2.940631e-01 -7.218360e-01 1.228869e+00 -3.352102e-02
2.200000e+00 3.400000e-01 2.954637e-01 -1.041372e+00 1.224113e+00 -2.955356e-02
2.250000e+00 3.400000e-01 2.970185e-01 -1.394603e+00 1.210391e+00 -3.775897e-02
2.300000e+00 3.400000e-01 2.992396e-01 -1.518367e+00 1.191771e+00 -5.169268e-02
2.350000e+00 3.400000e-01 3.021878e-01 -1.379122e+00 1.172932e+00 -6.326940e-02
2.400000e+00 3.400000e-01 3.055666e-01 -1.082822e+00 1.156778e+00 -6.772919e-02
2.450000e+00 3.400000e-01 3.089607e-01 -7.557184e-01 1.144250e+00 -6.461973e-02
2.500000e+00 3.400000e-01 3.120285e-01 -4.788525e-01 1.135104e+00 -5.621072e-02
2.550000e+00 3.400000e-01 3.145818e-01 -2.799785e-01 1.128658e+00 -4.545900e-02
2.600000e+00 3.400000e-01 3.165744e-01 -1.529473e-01 1.124217e+00 -3.472218e-02
2.650000e+00 3.400000e-01 3.180540e-01 -7.881352e-02 1.121213e+00 -2.536321e-02
2.700000e+00 3.400000e-01 3.191108e-01 -3.859280e-02 1.119216e+00 -1.789319e-02
2.750000e+00 3.400000e-01 3.198433e-01 -1.806671e-02 1.117914e+00 -1.228610e-02
2.800000e+00 3.400000e-01 3.203394e-01 -8.133722e-03 1.117083e+00 -8.260388e-03
2.850000e+00 3.400000e-01 3.206693e-01 -3.550642e-03 1.116563e+00 -5.463425e-03
2.900000e+00 3.400000e-01 3.208857e-01 -1.527197e-03 1.116244e+00 -3.567267e-03
2.950000e+00 3.400000e-01 3.210261e-01 -6.707404e-04 1.116052e+00 -2.305368e-03
3.000000e+00 3.400000e-01 3.211163e-01 -3.232116e-04 1.115939e+00 -1.477340e-03
3.050000e+00 3.400000e-01 3.211738e-01 -1.884182e-04 1.115874e+00 -9.399339e-04
3.100000e+00 3.400000e-01 3.212102e-01 -1.388742e-04 1.115838e+00 -5.941885e-04
3.150000e+00 3.400000e-01 3.212332e-01 -1.219919e-04 1.115818e+00 -3.733649e-04
3.200000e+00 3.400000e-01 3.212476e-01 -1.169755e-04 1.115807e+00 -2.332229e-04
3.250000e+00 3.400000e-01 3.212565e-01 -1.159607e-04 1.115802e+00 -1.448054e-04
3.300000e+00 3.400000e-01 3.212621e-01 -1.161259e-04 1.115800e+00 -8.933897e-05
3.350000e+00 3.400000e-01 3.212655e-01 -1.165305e-04 1.115800e+00 -5.474448e-05
3.400000e+00 3.400000e-01 3.212675e-01 -1.168999e-04 1.115800e+00 -3.329853e-05
3.450000e+00 3.400000e-01 3.212688e-01 -1.171785e-04 1.115800e+00 -2.009025e-05
3.500000e+00 3.400000e-01 3.212695e-01 -1.173743e-04 1.115801e+00 -1.201344e-05
3.550000e+00 3.400000e-01 3.212700e-01 -1.175076e-04 1.115801e+00 -7.113529e-06
3.600000e+00 3.400000e-01 3.212703e-01 -1.175971e-04 1.115802e+00 -4.167176e-06
3.650000e+00 3.400000e-01 3.212704e-01 -1.176567e-04 1.115802e+00 -2.413103e-06
3.700000e+00 3.400000e-01 3.212705e-01 -1.176964e-04 1.115802e+00 -1.380522e-06
3.750000e+00 3.400000e-01 3.212706e-01 -1.177227e-04 1.115803e+00 -7.803241e-07
3.800000e+00 3.400000e-01 3.212706e-01 -1.177402e-04 1.115803e+00 -4.363681e-07
3.850000e+00 3.400000e-01 3.212706e-01 -1.177518e-04 1.115803e+00 -2.423115e-07
3.900000e+00 3.400000e-01 3.212706e-01 -1.177595e-04 1.115803e+00 -1.346274e-07
3.950000e+00 3.400000e-01 3.212706e-01 -1.177647e-04 1.115803e+00 -7.583624e-08
4.000000e+00 3.400000e-01 3.212706e-01 -1.177681e-04 1.115803e+00 -4.415206e-08
4.050000e+00 3.400000e-01 3.212706e-01 -1.177705e-04 1.115803e+00 -2.713732e-08
4.100000e+00 3.400000e-01 3.212706e-01 -1.177720e-04 1.115803e+00 -1.784708e-08
4.150000e+00 3.400000e-01 3.212706e-01 -1.177731e-04 1.115803e+00 -1.250963e-08
4.200000e+00 3.400000e-01 3.212706e-01 -1.177739e-04 1.115803e+00 -9.148181e-09
4.250000e+00 3.400000e-01 3.212706e-01 -1.177744e-04 1.115803e+00 -6.774000e-09
4.300000e+00 3.400000e-01 3.212706e-01 -1.177747e-04 1.115803e+00 -4.922716e-09
4.350000e+00 3.400000e-01 3.212706e-01 -1.177750e-04 1.115803e+00 -3.394323e-09
4.400000e+00 3.400000e-01 3.212706e-01 -1.177752e-04 1.115803e+00 -2.112041e-09
4.450000e+00 3.400000e-01 3.212706e-01 -1.177753e-04 1.115803e+00 -1.049190e-09
4.500000e+00 3.400000e-01 3.212706e-01 -1.177754e-04 1.115803e+00 -1.939204e-10
4.550000e+00 3.400000e-01 3.212706e-01 -1.177754e-04 1.115803e+00 4.657519e-10
4.600000e+00 3.400000e-01 3.212706e-01 -1.177755e-04 1.115803e+00 9.466389e-10
4.650000e+00 3.400000e-01 3.212706e-01 -1.177755e-04 1.115803e+00 1.270358e-09
4.700000e+00 3.400000e-01 3.212706e-01 -1.177756e-04 1.115803e+00 1.461503e-09
4.750000e+00 3.400000e-01 3.212706e-01 -1.177756e-04 1.115803e+00 1.545516e-09
4.800000e+00 3.400000e-01 3.212706e-01 -1.177756e-04 1.115803e+00 1.546869e-09
4.850000e+00 3.400000e-01 3.212706e-01 -1.177756e-04 1.115803e+00 1.487783e-09
4.900000e+00 3.400000e-01 3.212706e-01 -1.177756e-04 1.115803e+00 1.387480e-09
4.950000e+00 3.400000e-01 3.212706e-01 -1.177756e-04 1.115803e+00 1.261878e-09
5.000000e+00 3.400000e-01 3.212706e-01 -1.177756e-04 1.115803e+00 1.123615e-09
5.050000e+00 3.400000e-01 3.212706e-01 -1.177756e-04 1.115803e+00 9.823009e-10
5.100000e+00 3.400000e-01 3.212706e-01 -1.177756e-04 1.115803e+00 8.448753e-10
5.150000e+00 3.400000e-01 3.212706e-01 -1.177756e-04 1.115803e+00 7.160389e-10
5.200000e+00 3.400000e-01 3.212706e-01 -1.177756e-04 1.115803e+00 5.986883e-10
5.250000e+00 3.400000e-01 3.212706e-01 -1.177756e-04 1.115803e+00 4.943213e-10
5.300000e+00 3.400000e-01 3.212706e-01 -1.177756e-04 1.115803e+00 4.034045e-10
5.350000e+00 3.400000e-01 3.212706e-01 -1.177756e-04 1.115803e+00 3.256823e-10
5.400000e+00 3.400000e-01 3.212706e-01 -1.177756e-04 1.115803e+00 2.604378e-10
5.450000e+00 3.400000e-01 3.212706e-01 -1.177756e-04 1.115803e+00 2.067024e-10
5.500000e+00 3.400000e-01 3.212706e-01 -1.177756e-04 1.115803e+00 1.634165e-10
5.550000e+00 3.400000e-01 3.212706e-01 -1.177756e-04 1.115803e+00 1.295580e-10
5.600000e+00 3.400000e-01 3.212706e-01 -1.177756e-04 1.115803e+00 1.042394e-10
5.650000e+00 3.400000e-01 3.212706e-01 -1.177756e-04 1.115803e+00 8.679224e-11
5.700000e+00 3.400000e-01 3.212706e-01 -1.177756e-04 1.115803e+00 7.683132e-11
5.750000e+00 3.400000e-01 3.212706e-01 -1.177756e-04 1.115803e+00 7.431500e-11
5.800000e+00 3.400000e-01 3.212706e-01 -1.177756e-04 1.115803e+00 7.961576e-11
5.850000e+00 3.400000e-01 3.212706e-01 -1.177756e-04 1.115803e+00 9.360346e-11
5.900000e+00 3.400000e-01 3.212706e-01 -1.177756e-04 1.115803e+00 1.177458e-10
5.950000e+00 3.400000e-01 3.212706e-01 -1.177756e-04 1.115803e+00 1.542350e-10
6.000000e+00 3.400000e-01 3.212706e-01 -1.177756e-04 1.115803e+00 2.061662e-10
6.050000e+00 3.400000e-01 3.212706e-01 -1.177756e-04 1.115803e+00 2.777711e-10
6.100000e+00 3.400000e-01 3.212706e-01 -1.177756e-04 1.115803e+00 3.747197e-10
6.150000e+00 3.400000e-01 3.212706e-01 -1.177756e-04 1.115803e+00 5.045259e-10
6.200000e+00 3.400000e-01 3.212706e-01 -1.177756e-04 1.115803e+00 6.770695e-10
6.250000e+00 3.400000e-01 3.212706e-01 -1.177756e-04 1.115803e+00 9.052820e-10
6.300000e+00 3.400000e-01 3.212706e-01 -1.177756e-04 1.115803e+00 1.206040e-09
6.350000e+00 3.400000e-01 3.212706e-01 -1.177756e-04 1.115803e+00 1.601320e-09
6.400000e+00 3.400000e-01 3.212706e-01 -1.177756e-04 1.115803e+00 2.119707e-09
6.450000e+00 3.400000e-01 3.212706e-01 -1.177756e-04 1.115803e+00 2.798348e-09
6.500000e+00 3.400000e-01 3.212706e-01 -1.177756e-04 1.115803e+00 3.685473e-09
6.550000e+00 3.400000e-01 3.212706e-01 -1.177756e-04 1.115803e+00 4.843665e-09
6.600000e+00 3.400000e-01 3.212706e-01 -1.177756e-04 1.115803e+00 6.354104e-09
6.650000e+00 3.400000e-01 3.212706e-01 -1.177756e-04 1.115803e+00 8.322045e-09
6.700000e+00 3.400000e-01 3.212706e-01 -1.177757e-04 1.115803e+00 1.088390e-08
6.750000e+00 3.400000e-01 3.212706e-01 -1.177757e-04 1.115803e+00 1.421640e-08
6.800000e+00 3.400000e-01 3.212706e-01 -1.177757e-04 1.115803e+00 1.854847e-08
6.850000e+00 3.400000e-01 3.212706e-01 -1.177757e-04 1.115803e+00 2.417652e-08
6.900000e+00 3.400000e-01 3.212706e-01 -1.177757e-04 1.115803e+00 3.148434e-08
6.950000e+00 3.400000e-01 3.212706e-01 -1.177757e-04 1.115803e+00 4.096835e-08
7.000000e+00 3.400000e-01 3.212706e-01 -1.177757e-04 1.115803e+00 5.327177e-08
7.050000e+00 3.400000e-01 3.212706e-01 -1.177758e-04 1.115803e+00 6.922366e-08
7.100000e+00 3.400000e-01 3.212706e-01 -1.177756e-04 1.115803e+00 8.990627e-08
7.150000e+00 3.400000e-01 3.212706e-01 -1.177763e-04 1.115803e+00 1.166867e-07
7.200000e+00 3.400000e-01 3.212706e-01 -1.177743e-04 1.115803e+00 1.514335e-07
7.250000e+00 3.400000e-01 3.212706e-01 -1.177807e-04 1.115803e+00 1.962546e-07
7.300000e+00 3.400000e-01 3.212706e-01 -1.177622e-04 1.115804e+00 2.547784e-07
7.350000e+00 3.400000e-01 3.212706e-01 -1.178154e-04 1.115804e+00 3.291142e-07
7.400000e+00 3.400000e-01 3.212705e-01 -1.176685e-04 1.115804e+00 4.291042e-07
7.450000e+00 3.400000e-01 3.212705e-01 -1.180625e-04 1.115804e+00 5.484736e-07
7.500000e+00 3.400000e-01 3.212705e-01 -1.170442e-04 1.115804e+00 7.280146e-07
7.550000e+00 3.400000e-01 3.212704e-01 -1.195861e-04 1.115804e+00 8.990086e-07
7.600000e+00 3.400000e-01 3.212704e-01 -1.134780e-04 1.115804e+00 1.262807e-06
7.650000e+00 3.400000e-01 3.212703e-01 -1.275967e-04 1.115805e+00 1.413345e-06
7.700000e+00 3.400000e-01 3.212702e-01 -9.627798e-05 1.115805e+00 2.292557e-06
7.750000e+00 3.400000e-01 3.212701e-01 -1.628249e-04 1.115807e+00 2.029217e-06
7.800000e+00 3.400000e-01 3.212700e-01 -2.773248e-05 1.115804e+00 4.407471e-06
7.850000e+00 3.400000e-01 3.212696e-01 -2.890138e-04 1.115811e+00 2.478751e-06
7.900000e+00 3.400000e-01 3.212698e-01 1.907840e-04 1.115801e+00 8.648922e-06
7.950000e+00 3.400000e-01 3.212688e-01 -6.423856e-04 1.115822e+00 2.586100e-06
8.000000e+00 3.400000e-01 3.212695e-01 7.189847e-04 1.115792e+00 1.581052e-05
8.050000e+00 3.400000e-01 3.212672e-01 -1.361427e-03 1.115844e+00 4.013497e-06
8.100000e+00 3.400000e-01 3.212691e-01 1.589340e-03 1.115778e+00 2.419497e-05
8.150000e+00 3.400000e-01 3.212648e-01 -2.257972e-03 1.115872e+00 1.282717e-05
8.200000e+00 3.400000e-01 3.212679e-01 2.297993e-03 1.115770e+00 2.950886e-05
8.250000e+00 3.400000e-01 3.212618e-01 -2.533764e-03 1.115892e+00 3.535835e-05
8.300000e+00 3.400000e-01 3.212643e-01 2.003475e-03 1.115791e+00 3.668689e-05
8.350000e+00 3.400000e-01 3.212582e-01 -1.823156e-03 1.115900e+00 6.236731e-05
8.400000e+00 3.400000e-01 3.212581e-01 1.428798e-03 1.115829e+00 7.275032e-05
8.450000e+00 3.400000e-01 3.212509e-01 -2.184135e-03 1.115942e+00 7.798300e-05
8.500000e+00 3.400000e-01 3.212503e-01 3.264288e-03 1.115835e+00 1.467463e-04
8.550000e+00 3.400000e-01 3.212362e-01 -5.099911e-03 1.116060e+00 1.275791e-04
8.600000e+00 3.400000e-01 3.212375e-01 5.669777e-03 1.115855e+00 2.046141e-04
8.650000e+00 3.400000e-01 3.212157e-01 -5.013415e-03 1.116165e+00 2.804701e-04
8.700000e+00 3.400000e-01 3.212095e-01 2.560150e-03 1.116025e+00 2.918038e-04
8.750000e+00 3.400000e-01 3.211866e-01 -1.316484e-03 1.116261e+00 4.348204e-04
8.800000e+00 3.400000e-01 3.211660e-01 2.695440e-03 1.116229e+00 5.963723e-04
8.850000e+00 3.400000e-01 3.211269e-01 -7.546152e-03 1.116630e+00 6.208615e-04
8.900000e+00 3.400000e-01 3.211039e-01 1.098746e-02 1.116419e+00 9.460382e-04
8.950000e+00 3.400000e-01 3.210323e-01 -9.239349e-03 1.117122e+00 1.234715e-03
9.000000e+00 3.400000e-01 3.209804e-01 2.001601e-03 1.117090e+00 1.390634e-03
9.050000e+00 3.400000e-01 3.208933e-01 1.613133e-03 1.117696e+00 1.945665e-03
9.100000e+00 3.400000e-01 3.207859e-01 4.899560e-03 1.117988e+00 2.655826e-03
9.150000e+00 3.400000e-01 3.206277e-01 -1.717499e-02 1.119149e+00 3.042745e-03
9.200000e+00 3.400000e-01 3.204816e-01 1.796541e-02 1.119326e+00 4.053749e-03
9.250000e+00 3.400000e-01 3.202223e-01 -2.842203e-03 1.121016e+00 5.586961e-03
9.300000e+00 3.400000e-01 3.199229e-01 -8.784803e-03 1.122146e+00 6.796863e-03
9.350000e+00 3.400000e-01 3.195426e-01 -6.160435e-03 1.124323e+00 8.478479e-03
9.400000e+00 3.400000e-01 3.190751e-01 2.971439e-02 1.125979e+00 1.163947e-02
9.450000e+00 3.400000e-01 3.183787e-01 -2.160004e-02 1.129893e+00 1.501392e-02
9.500000e+00 3.400000e-01 3.175737e-01 -1.322038e-02 1.133186e+00 1.852806e-02
9.550000e+00 3.400000e-01 3.165259e-01 1.188728e-02 1.138612e+00 2.422734e-02
9.600000e+00 3.400000e-01 3.151509e-01 3.255563e-02 1.144245e+00 3.249811e-02
9.650000e+00 3.400000e-01 3.132761e-01 -3.701073e-02 1.153281e+00 4.184092e-02
9.700000e+00 3.400000e-01 3.109668e-01 -1.911919e-02 1.163120e+00 5.351047e-02
9.750000e+00 3.400000e-01 3.079250e-01 2.250242e-02 1.177163e+00 7.097840e-02
9.800000e+00 3.400000e-01 3.038690e-01 3.652331e-02 1.193355e+00 9.535617e-02
9.850000e+00 3.400000e-01 2.983894e-01 -2.746638e-02 1.216222e+00 1.271161e-01
9.900000e+00 3.400000e-01 2.911574e-01 -2.153871e-02 1.245598e+00 1.701841e-01
9.950000e+00 3.400000e-01 2.813710e-01 -3.207079e-03 1.286975e+00 2.310139e-01
1.000000e+01 3.400000e-01 2.680560e-01 -7.925549e-03 0.000000e+00 0.000000e+00
0.000000e+00 3.600000e-01 2.953440e-01 -1.680000e+00 0.000000e+00 0.000000e+00
5.000000e-02 3.600000e-01 2.949508e-01 -1.665822e+00 1.390816e+00 1.493885e-02
1.000000e-01 3.600000e-01 2.938501e-01 -3.273975e+00 1.360656e+00 4.718150e-04
1.500000e-01 3.600000e-01 2.949037e-01 -1.844575e+00 1.337425e+00 -3.623723e-02
2.000000e-01 3.600000e-01 2.974738e-01 1.558297e+00 1.408372e+00 -1.024413e-02
2.500000e-01 3.600000e-01 2.959281e-01 -1.101402e+00 1.455519e+00 5.824285e-02
3.000000e-01 3.600000e-01 2.916496e-01 -6.443320e+00 1.349826e+00 3.001380e-02
3.500000e-01 3.600000e-01 2.929267e-01 -3.328449e+00 1.261757e+00 -7.032207e-02
4.000000e-01 3.600000e-01 2.986818e-01 4.373018e+00 1.385826e+00 -4.989085e-02
4.500000e-01 3.600000e-01 2.979158e-01 1.405722e+00 1.511099e+00 7.911949e-02
5.000000e-01 3.600000e-01 2.907698e-01 -7.946409e+00 1.384169e+00 8.261888e-02
5.500000e-01 3.600000e-01 2.896539e-01 -6.964490e+00 1.199980e+00 -6.683030e-02
6.000000e-01 3.600000e-01 2.974528e-01 4.357777e+00 1.292424e+00 -1.076896e-01
6.500000e-01 3.600000e-01 3.004228e-01 5.674020e+00 1.511818e+00 4.482893e-02
7.000000e-01 3.600000e-01 2.929699e-01 -5.598724e+00 1.465496e+00 1.294678e-01
7.500000e-01 3.600000e-01 2.874761e-01 -1.058150e+01 1.221873e+00 -4.601083e-03
8.000000e-01 3.600000e-01 2.934301e-01 -6.702661e-01 1.178039e+00 -1.352316e-01
8.500000e-01 3.600000e-01 3.009992e-01 7.964375e+00 1.409639e+00 -4.211455e-02
9.000000e-01 3.600000e-01 2.976415e-01 6.065974e-01 1.520501e+00 1.148454e-01
9.500000e-01 3.600000e-01 2.895147e-01 -9.782865e+00 1.345120e+00 7.880715e-02
1.000000e+00 3.600000e-01 2.897608e-01 -7.695509e+00 1.167082e+00 -8.510854e-02
1.050000e+00 3.600000e-01 2.980255e-01 3.472521e+00 1.256324e+00 -1.149814e-01
1.100000e+00 3.600000e-01 3.012589e-01 5.681898e+00 1.454520e+00 2.384564e-02
1.150000e+00 3.600000e-01 2.956410e-01 -3.312396e+00 1.457449e+00 1.028468e-01
1.200000e+00 3.600000e-01 2.909743e-01 -9.267106e+00 1.293062e+00 1.151500e-02
1.250000e+00 3.600000e-01 2.944895e-01 -4.594274e+00 1.210011e+00 -9.964582e-02
1.300000e+00 3.600000e-01 3.009388e-01 3.065075e+00 1.310958e+00 -7.121909e-02
1.350000e+00 3.600000e-01 3.016114e-01 2.606876e+00 1.428297e+00 3.507012e-02
1.400000e+00 3.600000e-01 2.974318e-01 -3.698908e+00 1.406583e+00 5.911929e-02
1.450000e+00 3.600000e-01 2.956995e-01 -6.691712e+00 1.302742e+00 -1.825304e-02
1.500000e+00 3.600000e-01 2.992571e-01 -3.374706e+00 1.259361e+00 -7.974546e-02
1.550000e+00 3.600000e-01 3.036740e-01 9.944132e-01 1.313827e+00 -5.088941e-02
1.600000e+00 3.600000e-01 3.043461e-01 9.507553e-01 1.375664e+00 1.281966e-02
1.650000e+00 3.600000e-01 3.023920e-01 -2.236348e+00 1.369067e+00 2.458565e-02
1.700000e+00 3.600000e-01 3.018875e-01 -4.127096e+00 1.315459e+00 -1.994784e-02
1.750000e+00 3.600000e-01 3.043868e-01 -2.991156e+00 1.279296e+00 -5.889930e-02
1.800000e+00 3.600000e-01 3.077774e-01 -7.678378e-01 1.287587e+00 -5.150486e-02
1.850000e+00 3.600000e-01 3.095373e-01 1.339425e-02 1.313158e+00 -1.820698e-02
1.900000e+00 3.600000e-01 3.095981e-01 -9.202757e-01 1.319546e+00 -2.080975e-03
1.950000e+00 3.600000e-01 3.097454e-01 -2.086462e+00 1.299633e+00 -1.720809e-02
2.000000e+00 3.600000e-01 3.113189e-01 -2.309239e+00 1.271274e+00 -4.325949e-02
2.050000e+00 3.600000e-01 3.140714e-01 -1.645975e+00 1.252663e+00 -5.525510e-02
2.100000e+00 3.600000e-01 3.168445e-01 -8.784709e-01 1.247449e+00 -4.766677e-02
2.150000e+00 3.600000e-01 3.188380e-01 -5.940196e-01 1.247488e+00 -3.314757e-02
2.200000e+00 3.600000e-01 3.201592e-01 -7.928254e-01 1.243519e+00 -2.624321e-02
2.250000e+00 3.600000e-01 3.214623e-01 -1.131859e+00 1.231897e+00 -3.159713e-02
2.300000e+00 3.600000e-01 3.233189e-01 -1.312215e+00 1.214356e+00 -4.414664e-02
2.350000e+00 3.600000e-01 3.258770e-01 -1.246729e+00 1.194663e+00 -5.584344e-02
2.400000e+00 3.600000e-01 3.289033e-01 -1.009700e+00 1.175999e+00 -6.132773e-02
2.450000e+00 3.600000e-01 3.320098e-01 -7.198322e-01 1.160086e+00 -5.954275e-02
2.500000e+00 3.600000e-01 3.348575e-01 -4.627854e-01 1.147429e+00 -5.239284e-02
2.550000e+00 3.600000e-01 3.372491e-01 -2.732520e-01 1.137833e+00 -4.268853e-02
2.600000e+00 3.600000e-01 3.391264e-01 -1.502449e-01 1.130816e+00 -3.276483e-02
2.650000e+00 3.600000e-01 3.405256e-01 -7.774004e-02 1.125834e+00 -2.401169e-02
2.700000e+00 3.600000e-01 3.415276e-01 -3.815388e-02 1.122388e+00 -1.697975e-02
2.750000e+00 3.600000e-01 3.422235e-01 -1.786946e-02 1.120057e+00 -1.168118e-02
2.800000e+00 3.600000e-01 3.426957e-01 -8.026005e-03 1.118512e+00 -7.867376e-03
2.850000e+00 3.600000e-01 3.430103e-01 -3.473598e-03 1.117507e+00 -5.212532e-03
2.900000e+00 3.600000e-01 3.432169e-01 -1.458167e-03 1.116863e+00 -3.409633e-03
2.950000e+00 3.600000e-01 3.433512e-01 -6.014246e-04 1.116455e+00 -2.207750e-03
3.000000e+00 3.600000e-01 3.434377e-01 -2.510750e-04 1.116200e+00 -1.417697e-03
3.050000e+00 3.600000e-01 3.434930e-01 -1.131669e-04 1.116042e+00 -9.039669e-04
3.100000e+00 3.600000e-01 3.435281e-01 -6.097606e-05 1.115945e+00 -5.727920e-04
3.150000e+00 3.600000e-01 3.435503e-01 -4.207268e-05 1.115887e+00 -3.608282e-04
3.200000e+00 3.600000e-01 3.435642e-01 -3.559717e-05 1.115852e+00 -2.260104e-04
3.250000e+00 3.600000e-01 3.435729e-01 -3.356274e-05 1.115831e+00 -1.407525e-04
3.300000e+00 3.600000e-01 3.435783e-01 -3.302947e-05 1.115819e+00 -8.713440e-05
3.350000e+00 3.600000e-01 3.435816e-01 -3.296150e-05 1.115812e+00 -5.360223e-05
3.400000e+00 3.600000e-01 3.435836e-01 -3.301360e-05 1.115808e+00 -3.275294e-05
3.450000e+00 3.600000e-01 3.435849e-01 -3.308034e-05 1.115806e+00 -1.986922e-05
3.500000e+00 3.600000e-01 3.435856e-01 -3.313500e-05 1.115805e+00 -1.196070e-05
3.550000e+00 3.600000e-01 3.435861e-01 -3.317455e-05 1.115804e+00 -7.141353e-06
3.600000e+00 3.600000e-01 3.435863e-01 -3.320180e-05 1.115804e+00 -4.227871e-06
3.650000e+00 3.600000e-01 3.435865e-01 -3.322020e-05 1.115804e+00 -2.481942e-06
3.700000e+00 3.600000e-01 3.435866e-01 -3.323252e-05 1.115804e+00 -1.445664e-06
3.750000e+00 3.600000e-01 3.435866e-01 -3.324072e-05 1.115804e+00 -8.369251e-07
3.800000e+00 3.600000e-01 3.435867e-01 -3.324619e-05 1.115804e+00 -4.832064e-07
3.850000e+00 3.600000e-01 3.435867e-01 -3.324984e-05 1.115805e+00 -2.798967e-07
3.900000e+00 3.600000e-01 3.435867e-01 -3.325227e-05 1.115805e+00 -1.641757e-07
3.950000e+00 3.600000e-01 3.435867e-01 -3.325390e-05 1.115805e+00 -9.874076e-08
4.000000e+00 3.600000e-01 3.435867e-01 -3.325499e-05 1.115805e+00 -6.173155e-08
4.050000e+00 3.600000e-01 3.435867e-01 -3.325573e-05 1.115805e+00 -4.053414e-08
4.100000e+00 3.600000e-01 3.435867e-01 -3.325623e-05 1.115805e+00 -2.800254e-08
4.150000e+00 3.600000e-01 3.435867e-01 -3.325657e-05 1.115805e+00 -2.017568e-08
4.200000e+00 3.600000e-01 3.435867e-01 -3.325681e-05 1.115805e+00 -1.491363e-08
4.250000e+00 3.600000e-01 3.435867e-01 -3.325697e-05 1.115805e+00 -1.109396e-08
4.300000e+00 3.600000e-01 3.435867e-01 -3.325709e-05 1.115805e+00 -8.146126e-09
4.350000e+00 3.600000e-01 3.435867e-01 -3.325717e-05 1.115805e+00 -5.787442e-09
4.400000e+00 3.600000e-01 3.435867e-01 -3.325723e-05 1.115805e+00 -3.877570e-09
4.450000e+00 3.600000e-01 3.435867e-01 -3.325727e-05 1.115805e+00 -2.341328e-09
4.500000e+00 3.600000e-01 3.435867e-01 -3.325730e-05 1.115805e+00 -1.129980e-09
4.550000e+00 3.600000e-01 3.435867e-01 -3.325732e-05 1.115805e+00 -2.035205e-10
4.600000e+00 3.600000e-01 3.435867e-01 -3.325734e-05 1.115805e+00 4.761774e-10
4.650000e+00 3.600000e-01 3.435867e-01 -3.325735e-05 1.115805e+00 9.469892e-10
4.700000e+00 3.600000e-01 3.435867e-01 -3.325736e-05 1.115805e+00 1.245937e-09
4.750000e+00 3.600000e-01 3.435867e-01 -3.325737e-05 1.115805e+00 1.407988e-09
4.800000e+00 3.600000e-01 3.435867e-01 -3.325737e-05 1.115805e+00 1.464942e-09
4.850000e+00 3.600000e-01 3.435867e-01 -3.325737e-05 1.115805e+00 1.444652e-09
4.900000e+00 3.600000e-01 3.435867e-01 -3.325738e-05 1.115805e+00 1.370669e-09
4.950000e+00 3.600000e-01 3.435867e-01 -3.325738e-05 1.115805e+00 1.262233e-09
5.000000e+00 3.600000e-01 3.435867e-01 -3.325738e-05 1.115805e+00 1.134515e-09
5.050000e+00 3.600000e-01 3.435867e-01 -3.325738e-05 1.115805e+00 9.990520e-10
5.100000e+00 3.600000e-01 3.435867e-01 -3.325738e-05 1.115805e+00 8.642237e-10
5.150000e+00 3.600000e-01 3.435867e-01 -3.325738e-05 1.115805e+00 7.358025e-10
5.200000e+00 3.600000e-01 3.435867e-01 -3.325738e-05 1.115805e+00 6.174711e-10
5.250000e+00 3.600000e-01 3.435867e-01 -3.325738e-05 1.115805e+00 5.112849e-10
5.300000e+00 3.600000e-01 3.435867e-01 -3.325738e-05 1.115805e+00 4.181011e-10
5.350000e+00 3.600000e-01 3.435867e-01 -3.325738e-05 1.115805e+00 3.379219e-10
5.400000e+00 3.600000e-01 3.435867e-01 -3.325738e-05 1.115805e+00 2.701861e-10
5.450000e+00 3.600000e-01 3.435867e-01 -3.325738e-05 1.115805e+00 2.140116e-10
5.500000e+00 3.600000e-01 3.435867e-01 -3.325738e-05 1.115805e+00 1.683709e-10
5.550000e+00 3.600000e-01 3.435867e-01 -3.325738e-05 1.115805e+00 1.322265e-10
5.600000e+00 3.600000e-01 3.435867e-01 -3.325738e-05 1.115805e+00 1.046413e-10
5.650000e+00 3.600000e-01 3.435867e-01 -3.325738e-05 1.115805e+00 8.487822e-11
5.700000e+00 3.600000e-01 3.435867e-01 -3.325738e-05 1.115805e+00 7.244927e-11
5.750000e+00 3.600000e-01 3.435867e-01 -3.325738e-05 1.115805e+00 6.718126e-11
5.800000e+00 3.600000e-01 3.435867e-01 -3.325738e-05 1.115805e+00 6.929568e-11
5.850000e+00 3.600000e-01 3.435867e-01 -3.325738e-05 1.115805e+00 7.946088e-11
5.900000e+00 3.600000e-01 3.435867e-01 -3.325738e-05 1.115805e+00 9.889922e-11
5.950000e+00 3.600000e-01 3.435867e-01 -3.325738e-05 1.115805e+00 1.294986e-10
6.000000e+00 3.600000e-01 3.435867e-01 -3.325738e-05 1.115805e+00 1.739636e-10
6.050000e+00 3.600000e-01 3.435867e-01 -3.325738e-05 1.115805e+00 2.360317e-10
6.100000e+00 3.600000e-01 3.435867e-01 -3.325738e-05 1.115805e+00 3.207351e-10
6.150000e+00 3.600000e-01 3.435867e-01 -3.325738e-05 1.115805e+00 4.347717e-10
6.200000e+00 3.600000e-01 3.435867e-01 -3.325738e-05 1.115805e+00 5.869694e-10
6.250000e+00 3.600000e-01 3.435867e-01 -3.325738e-05 1.115805e+00 7.888962e-10
6.300000e+00 3.600000e-01 3.435867e-01 -3.325738e-05 1.115805e+00 1.055674e-09
6.350000e+00 3.600000e-01 3.435867e-01 -3.325738e-05 1.115805e+00 1.407006e-09
6.400000e+00 3.600000e-01 3.435867e-01 -3.325738e-05 1.115805e+00 1.868527e-09
6.450000e+00 3.600000e-01 3.435867e-01 -3.325738e-05 1.115805e+00 2.473579e-09
6.500000e+00 3.600000e-01 3.435867e-01 -3.325738e-05 1.115805e+00 3.265458e-09
6.550000e+00 3.600000e-01 3.435867e-01 -3.325738e-05 1.115805e+00 4.300360e-09
6.600000e+00 3.600000e-01 3.435867e-01 -3.325739e-05 1.115805e+00 5.651204e-09
6.650000e+00 3.600000e-01 3.435867e-01 -3.325739e-05 1.115805e+00 7.412544e-09
6.700000e+00 3.600000e-01 3.435867e-01 -3.325739e-05 1.115805e+00 9.706945e-09
6.750000e+00 3.600000e-01 3.435867e-01 -3.325739e-05 1.115805e+00 1.269323e-08
6.800000e+00 3.600000e-01 3.435867e-01 -3.325739e-05 1.115805e+00 1.657712e-08
6.850000e+00 3.600000e-01 3.435867e-01 -3.325739e-05 1.115805e+00 2.162505e-08
6.900000e+00 3.600000e-01 3.435867e-01 -3.325740e-05 1.115805e+00 2.818195e-08
6.950000e+00 3.600000e-01 3.435867e-01 -3.325740e-05 1.115805e+00 3.669416e-08
7.000000e+00 3.600000e-01 3.435867e-01 -3.325740e-05 1.115805e+00 4.773963e-08
7.050000e+00 3.600000e-01 3.435867e-01 -3.325743e-05 1.115805e+00 6.206458e-08
7.100000e+00 3.600000e-01 3.435867e-01 -3.325736e-05 1.115805e+00 8.063900e-08
7.150000e+00 3.600000e-01 3.435867e-01 -3.325764e-05 1.115805e+00 1.047013e-07
7.200000e+00 3.600000e-01 3.435867e-01 -3.325679e-05 1.115805e+00 1.359027e-07
7.250000e+00 3.600000e-01 3.435867e-01 -3.325948e-05 1.115805e+00 1.762238e-07
7.300000e+00 3.600000e-01 3.435867e-01 -3.325154e-05 1.115805e+00 2.286801e-07
7.350000e+00 3.600000e-01 3.435866e-01 -3.327461e-05 1.115805e+00 2.958565e-07
7.400000e+00 3.600000e-01 3.435866e-01 -3.321015e-05 1.115805e+00 3.847431e-07
7.450000e+00 3.600000e-01 3.435866e-01 -3.338487e-05 1.115805e+00 4.945406e-07
7.500000e+00 3.600000e-01 3.435866e-01 -3.292809e-05 1.115806e+00 6.497572e-07
7.550000e+00 3.600000e-01 3.435865e-01 -3.408085e-05 1.115806e+00 8.180419e-07
7.600000e+00 3.600000e-01 3.435865e-01 -3.127962e-05 1.115806e+00 1.111981e-06
7.650000e+00 3.600000e-01 3.435864e-01 -3.782694e-05 1.115807e+00 1.319168e-06
7.700000e+00 3.600000e-01 3.435864e-01 -2.313945e-05 1.115807e+00 1.960492e-06
7.750000e+00 3.600000e-01 3.435862e-01 -5.469990e-05 1.115808e+00 2.017912e-06
7.800000e+00 3.600000e-01 3.435862e-01 1.009413e-05 1.115807e+00 3.605481e-06
7.850000e+00 3.600000e-01 3.435859e-01 -1.166391e-04 1.115812e+00 2.843125e-06
7.900000e+00 3.600000e-01 3.435859e-01 1.187047e-04 1.115806e+00 6.782189e-06
7.950000e+00 3.600000e-01 3.435852e-01 -2.945231e-04 1.115820e+00 3.805436e-06
8.000000e+00 3.600000e-01 3.435855e-01 3.880577e-04 1.115802e+00 1.219656e-05
8.050000e+00 3.600000e-01 3.435840e-01 -6.660341e-04 1.115836e+00 6.055544e-06
8.100000e+00 3.600000e-01 3.435849e-01 8.437418e-04 1.115795e+00 1.920084e-05
8.150000e+00 3.600000e-01 3.435821e-01 -1.141543e-03 1.115858e+00 1.361233e-05
8.200000e+00 3.600000e-01 3.435835e-01 1.223652e-03 1.115794e+00 2.555967e-05
8.250000e+00 3.600000e-01 3.435795e-01 -1.287424e-03 1.115877e+00 3.125876e-05
8.300000e+00 3.600000e-01 3.435804e-01 1.048525e-03 1.115815e+00 3.462033e-05
8.350000e+00 3.600000e-01 3.435760e-01 -8.616133e-04 1.115890e+00 5.467644e-05
8.400000e+00 3.600000e-01 3.435749e-01 6.709443e-04 1.115853e+00 6.449991e-05
8.450000e+00 3.600000e-01 3.435696e-01 -9.912111e-04 1.115932e+00 7.466116e-05
8.500000e+00 3.600000e-01 3.435675e-01 1.645815e-03 1.115878e+00 1.244768e-04
8.550000e+00 3.600000e-01 3.435571e-01 -2.625806e-03 1.116037e+00 1.212748e-04
8.600000e+00 3.600000e-01 3.435553e-01 3.032759e-03 1.115920e+00 1.827461e-04
8.650000e+00 3.600000e-01 3.435389e-01 -2.558631e-03 1.116150e+00 2.463270e-04
8.700000e+00 3.600000e-01 3.435307e-01 1.101473e-03 1.116091e+00 2.698123e-04
8.750000e+00 3.600000e-01 3.435119e-01 -1.536486e-04 1.116274e+00 3.908489e-04
8.800000e+00 3.600000e-01 3.434916e-01 9.599898e-04 1.116323e+00 5.231499e-04
8.850000e+00 3.600000e-01 3.434596e-01 -3.851426e-03 1.116639e+00 5.759373e-04
8.900000e+00 3.600000e-01 3.434340e-01 6.140402e-03 1.116580e+00 8.437030e-04
8.950000e+00 3.600000e-01 3.433752e-01 -4.941326e-03 1.117167e+00 1.096429e-03
9.000000e+00 3.600000e-01 3.433244e-01 1.659619e-04 1.117288e+00 1.267379e-03
9.050000e+00 3.600000e-01 3.432485e-01 2.605383e-03 1.117828e+00 1.752878e-03
9.100000e+00 3.600000e-01 3.431491e-01 1.676853e-03 1.118306e+00 2.356794e-03
9.150000e+00 3.600000e-01 3.430128e-01 -1.005776e-02 1.119356e+00 2.757709e-03
9.200000e+00 3.600000e-01 3.428733e-01 1.084246e-02 1.119818e+00 3.657764e-03
9.250000e+00 3.600000e-01 3.426470e-01 2.720306e-04 1.121442e+00 4.993334e-03
9.300000e+00 3.600000e-01 3.423740e-01 -9.200707e-03 1.122902e+00 6.105425e-03
9.350000e+00 3.600000e-01 3.420365e-01 -1.551528e-03 1.125043e+00 7.664961e-03
9.400000e+00 3.600000e-01 3.416075e-01 2.014070e-02 1.127194e+00 1.046091e-02
9.450000e+00 3.600000e-01 3.409904e-01 -1.400523e-02 1.131218e+00 1.348969e-02
9.500000e+00 3.600000e-01 3.402585e-01 -1.485361e-02 1.135176e+00 1.669331e-02
9.550000e+00 3.600000e-01 3.393210e-01 1.529874e-02 1.140822e+00 2.187898e-02
9.600000e+00 3.600000e-01 3.380706e-01 2.408803e-02 1.147548e+00 2.936334e-02
9.650000e+00 3.600000e-01 3.363847e-01 -3.095155e-02 1.157415e+00 3.780523e-02
9.700000e+00 3.600000e-01 3.342901e-01 -2.125425e-02 1.168904e+00 4.840926e-02
9.750000e+00 3.600000e-01 3.315438e-01 3.065379e-02 1.184399e+00 6.445918e-02
9.800000e+00 3.600000e-01 3.278442e-01 3.007413e-02 1.203682e+00 8.683085e-02
9.850000e+00 3.600000e-01 3.228607e-01 -3.035187e-02 1.230321e+00 1.156695e-01
9.900000e+00 3.600000e-01 3.162773e-01 -2.236882e-02 1.265368e+00 1.546784e-01
9.950000e+00 3.600000e-01 3.073929e-01 2.287697e-03 1.313701e+00 2.093325e-01
1.000000e+01 3.600000e-01 2.953440e-01 -4.190563e-03 0.000000e+00 0.000000e+00
0.000000e+00 3.800000e-01 3.233040e-01 -1.440000e+00 0.000000e+00 0.000000e+00
5.000000e-02 3.800000e-01 3.231994e-01 -7.494216e-01 1.428639e+00 1.771507e-02
1.000000e-01 3.800000e-01 3.215325e-01 -2.990424e+00 1.409552e+00 1.434322e-02
1.500000e-01 3.800000e-01 3.217650e-01 -3.741004e+00 1.358181e+00 -4.145046e-02
2.000000e-01 3.800000e-01 3.256775e-01 1.490808e+00 1.403931e+00 -3.935788e-02
2.500000e-01 3.800000e-01 3.257008e-01 2.539781e+00 1.499881e+00 6.177070e-02
3.000000e-01 3.800000e-01 3.195005e-01 -5.408475e+00 1.439202e+00 7.548696e-02
3.500000e-01 3.800000e-01 3.181521e-01 -8.030129e+00 1.290356e+00 -6.488115e-02
4.000000e-01 3.800000e-01 3.259886e-01 2.301088e+00 1.344273e+00 -1.058602e-01
4.500000e-01 3.800000e-01 3.287381e-01 6.706640e+00 1.535699e+00 6.267940e-02
5.000000e-01 3.800000e-01 3.197206e-01 -4.591342e+00 1.504414e+00 1.479349e-01
5.500000e-01 3.800000e-01 3.139447e-01 -1.257717e+01 1.273198e+00 -2.810818e-02
6.000000e-01 3.800000e-01 3.225315e-01 -1.767919e+00 1.241606e+00 -1.677793e-01
6.500000e-01 3.800000e-01 3.307226e-01 9.508454e+00 1.485061e+00 -1.099840e-02
7.000000e-01 3.800000e-01 3.236313e-01 6.623480e-01 1.572347e+00 1.781827e-01
7.500000e-01 3.800000e-01 3.129043e-01 -1.314399e+01 1.353555e+00 7.145102e-02
8.000000e-01 3.800000e-01 3.164862e-01 -9.474964e+00 1.182006e+00 -1.565155e-01
8.500000e-01 3.800000e-01 3.285559e-01 6.336000e+00 1.343975e+00 -1.232241e-01
9.000000e-01 3.800000e-01 3.288086e-01 6.944547e+00 1.557156e+00 1.070786e-01
9.500000e-01 3.800000e-01 3.178480e-01 -6.981172e+00 1.483755e+00 1.522300e-01
1.000000e+00 3.800000e-01 3.135856e-01 -1.335218e+01 1.260720e+00 -4.698158e-02
1.050000e+00 3.800000e-01 3.225462e-01 -2.907410e+00 1.231415e+00 -1.660466e-01
1.100000e+00 3.800000e-01 3.301903e-01 7.090746e+00 1.423535e+00 -3.204640e-02
1.150000e+00 3.800000e-01 3.257508e-01 1.654987e+00 1.524935e+00 1.219023e-01
1.200000e+00 3.800000e-01 3.180000e-01 -8.578358e+00 1.412571e+00 6.734395e-02
1.250000e+00 3.800000e-01 3.190164e-01 -8.936647e+00 1.273649e+00 -8.867064e-02
1.300000e+00 3.800000e-01 3.268671e-01 -2.025592e-01 1.299658e+00 -1.125331e-01
1.350000e+00 3.800000e-01 3.302697e-01 4.125934e+00 1.425151e+00 5.383333e-03
1.400000e+00 3.800000e-01 3.263288e-01 -6.272449e-01 1.464100e+00 7.652954e-02
1.450000e+00 3.800000e-01 3.226168e-01 -6.081016e+00 1.386850e+00 1.492276e-02
1.500000e+00 3.800000e-01 3.248365e-01 -5.286973e+00 1.311182e+00 -7.351278e-02
1.550000e+00 3.800000e-01 3.299680e-01 -5.041311e-01 1.323915e+00 -7.152534e-02
1.600000e+00 3.800000e-01 3.319890e-01 1.582502e+00 1.383344e+00 -2.599375e-03
1.650000e+00 3.800000e-01 3.302280e-01 -6.337065e-01 1.403533e+00 3.209506e-02
1.700000e+00 3.800000e-01 3.287795e-01 -3.292435e+00 1.367723e+00 -1.762146e-03
1.750000e+00 3.800000e-01 3.304042e-01 -3.285676e+00 1.323519e+00 -4.966763e-02
1.800000e+00 3.800000e-01 3.337463e-01 -1.316272e+00 1.312051e+00 -5.547377e-02
1.850000e+00 3.800000e-01 3.359516e-01 3.113282e-02 1.327604e+00 -2.476166e-02
1.900000e+00 3.800000e-01 3.362225e-01 -3.570729e-01 1.338761e+00 -1.183763e-03
1.950000e+00 3.800000e-01 3.360699e-01 -1.479254e+00 1.328212e+00 -8.722097e-03
2.000000e+00 3.800000e-01 3.370947e-01 -1.998782e+00 1.303420e+00 -3.346019e-02
2.050000e+00 3.800000e-01 3.394160e-01 -1.607049e+00 1.280719e+00 -4.914923e-02
2.100000e+00 3.800000e-01 3.420096e-01 -8.990006e-01 1.268590e+00 -4.546694e-02
2.150000e+00 3.800000e-01 3.439627e-01 -5.160671e-01 1.264078e+00 -3.194912e-02
2.200000e+00 3.800000e-01 3.452045e-01 -6.008303e-01 1.259458e+00 -2.331729e-02
2.250000e+00 3.800000e-01 3.462944e-01 -8.945987e-01 1.249431e+00 -2.609372e-02
2.300000e+00 3.800000e-01 3.478139e-01 -1.098742e+00 1.233351e+00 -3.679894e-02
2.350000e+00 3.800000e-01 3.499743e-01 -1.089194e+00 1.213601e+00 -4.792649e-02
2.400000e+00 3.800000e-01 3.526065e-01 -9.083300e-01 1.193237e+00 -5.389848e-02
2.450000e+00 3.800000e-01 3.553641e-01 -6.606799e-01 1.174576e+00 -5.319183e-02
2.500000e+00 3.800000e-01 3.579257e-01 -4.306118e-01 1.158851e+00 -4.730940e-02
2.550000e+00 3.800000e-01 3.600951e-01 -2.566252e-01 1.146397e+00 -3.881377e-02
2.600000e+00 3.800000e-01 3.618071e-01 -1.419795e-01 1.136996e+00 -2.992272e-02
2.650000e+00 3.800000e-01 3.630873e-01 -7.375946e-02 1.130168e+00 -2.199192e-02
2.700000e+00 3.800000e-01 3.640063e-01 -3.628945e-02 1.125362e+00 -1.558225e-02
2.750000e+00 3.800000e-01 3.646456e-01 -1.701717e-02 1.122065e+00 -1.073604e-02
2.800000e+00 3.800000e-01 3.650799e-01 -7.642819e-03 1.119851e+00 -7.240445e-03
2.850000e+00 3.800000e-01 3.653696e-01 -3.300641e-03 1.118391e+00 -4.803446e-03
2.900000e+00 3.800000e-01 3.655602e-01 -1.375917e-03 1.117442e+00 -3.146361e-03
2.950000e+00 3.800000e-01 3.656842e-01 -5.565763e-04 1.116832e+00 -2.040293e-03
3.000000e+00 3.800000e-01 3.657642e-01 -2.207613e-04 1.116444e+00 -1.312257e-03
3.050000e+00 3.800000e-01 3.658155e-01 -8.801464e-05 1.116199e+00 -8.381759e-04
3.100000e+00 3.800000e-01 3.658481e-01 -3.736015e-05 1.116046e+00 -5.320902e-04
3.150000e+00 3.800000e-01 3.658687e-01 -1.870652e-05 1.115951e+00 -3.358629e-04
3.200000e+00 3.800000e-01 3.658817e-01 -1.209275e-05 1.115893e+00 -2.108366e-04
3.250000e+00 3.800000e-01 3.658898e-01 -9.849964e-06 1.115857e+00 -1.316245e-04
3.300000e+00 3.800000e-01 3.658948e-01 -9.134840e-06 1.115835e+00 -8.170983e-05
3.350000e+00 3.800000e-01 3.658979e-01 -8.930262e-06 1.115822e+00 -5.042671e-05
3.400000e+00 3.800000e-01 3.658999e-01 -8.885998e-06 1.115815e+00 -3.092968e-05
3.450000e+00 3.800000e-01 3.659010e-01 -8.886763e-06 1.115810e+00 -1.884941e-05
3.500000e+00 3.800000e-01 3.659017e-01 -8.896938e-06 1.115808e+00 -1.141127e-05
3.550000e+00 3.800000e-01 3.659022e-01 -8.906718e-06 1.115806e+00 -6.862117e-06
3.600000e+00 3.800000e-01 3.659024e-01 -8.914139e-06 1.115806e+00 -4.099928e-06
3.650000e+00 3.800000e-01 3.659026e-01 -8.919349e-06 1.115805e+00 -2.435689e-06
3.700000e+00 3.800000e-01 3.659027e-01 -8.922895e-06 1.115805e+00 -1.441114e-06
3.750000e+00 3.800000e-01 3.659027e-01 -8.925279e-06 1.115805e+00 -8.516749e-07
3.800000e+00 3.800000e-01 3.659028e-01 -8.926875e-06 1.115805e+00 -5.051416e-07
3.850000e+00 3.800000e-01 3.659028e-01 -8.927942e-06 1.115805e+00 -3.028129e-07
3.900000e+00 3.800000e-01 3.659028e-01 -8.928657e-06 1.115805e+00 -1.851790e-07
3.950000e+00 3.800000e-01 3.659028e-01 -8.929136e-06 1.115805e+00 -1.167282e-07
4.000000e+00 3.800000e-01 3.659028e-01 -8.929459e-06 1.115805e+00 -7.651886e-08
4.050000e+00 3.800000e-01 3.659028e-01 -8.929678e-06 1.115805e+00 -5.236778e-08
4.100000e+00 3.800000e-01 3.659028e-01 -8.929827e-06 1.115805e+00 -3.729579e-08
4.150000e+00 3.800000e-01 3.659028e-01 -8.929929e-06 1.115805e+00 -2.737330e-08
4.200000e+00 3.800000e-01 3.659028e-01 -8.929999e-06 1.115805e+00 -2.042832e-08
4.250000e+00 3.800000e-01 3.659028e-01 -8.930048e-06 1.115805e+00 -1.528157e-08
4.300000e+00 3.800000e-01 3.659028e-01 -8.930083e-06 1.115805e+00 -1.130069e-08
4.350000e+00 3.800000e-01 3.659028e-01 -8.930107e-06 1.115805e+00 -8.145490e-09
4.400000e+00 3.800000e-01 3.659028e-01 -8.930125e-06 1.115805e+00 -5.626045e-09
4.450000e+00 3.800000e-01 3.659028e-01 -8.930137e-06 1.115805e+00 -3.626237e-09
4.500000e+00 3.800000e-01 3.659028e-01 -8.930147e-06 1.115805e+00 -2.064428e-09
4.550000e+00 3.800000e-01 3.659028e-01 -8.930153e-06 1.115805e+00 -8.746076e-10
4.600000e+00 3.800000e-01 3.659028e-01 -8.930158e-06 1.115805e+00 1.681433e-12
4.650000e+00 3.800000e-01 3.659028e-01 -8.930162e-06 1.115805e+00 6.181045e-10
4.700000e+00 3.800000e-01 3.659028e-01 -8.930165e-06 1.115805e+00 1.023893e-09
4.750000e+00 3.800000e-01 3.659028e-01 -8.930167e-06 1.115805e+00 1.263430e-09
4.800000e+00 3.800000e-01 3.659028e-01 -8.930168e-06 1.115805e+00 1.375770e-09
4.850000e+00 3.800000e-01 3.659028e-01 -8.930169e-06 1.115805e+00 1.394335e-09
4.900000e+00 3.800000e-01 3.659028e-01 -8.930170e-06 1.115805e+00 1.346949e-09
4.950000e+00 3.800000e-01 3.659028e-01 -8.930171e-06 1.115805e+00 1.256117e-09
5.000000e+00 3.800000e-01 3.659028e-01 -8.930171e-06 1.115805e+00 1.139493e-09
5.050000e+00 3.800000e-01 3.659028e-01 -8.930171e-06 1.115805e+00 1.010487e-09
5.100000e+00 3.800000e-01 3.659028e-01 -8.930172e-06 1.115805e+00 8.788881e-10
5.150000e+00 3.800000e-01 3.659028e-01 -8.930172e-06 1.115805e+00 7.515083e-10
5.200000e+00 3.800000e-01 3.659028e-01 -8.930172e-06 1.115805e+00 6.327866e-10
5.250000e+00 3.800000e-01 3.659028e-01 -8.930172e-06 1.115805e+00 5.253270e-10
5.300000e+00 3.800000e-01 3.659028e-01 -8.930172e-06 1.115805e+00 4.303619e-10
5.350000e+00 3.800000e-01 3.659028e-01 -8.930172e-06 1.115805e+00 3.481443e-10
5.400000e+00 3.800000e-01 3.659028e-01 -8.930172e-06 1.115805e+00 2.782741e-10
5.450000e+00 3.800000e-01 3.659028e-01 -8.930172e-06 1.115805e+00 2.199529e-10
5.500000e+00 3.800000e-01 3.659028e-01 -8.930172e-06 1.115805e+00 1.721834e-10
5.550000e+00 3.800000e-01 3.659028e-01 -8.930172e-06 1.115805e+00 1.339173e-10
5.600000e+00 3.800000e-01 3.659028e-01 -8.930172e-06 1.115805e+00 1.041739e-10
5.650000e+00 3.800000e-01 3.659028e-01 -8.930172e-06 1.115805e+00 8.214207e-11
5.700000e+00 3.800000e-01 3.659028e-01 -8.930172e-06 1.115805e+00 6.722956e-11
5.750000e+00 3.800000e-01 3.659028e-01 -8.930172e-06 1.115805e+00 5.913159e-11
5.800000e+00 3.800000e-01 3.659028e-01 -8.930172e-06 1.115805e+00 5.790590e-11
5.850000e+00 3.800000e-01 3.659028e-01 -8.930172e-06 1.115805e+00 6.401213e-11
5.900000e+00 3.800000e-01 3.659028e-01 -8.930172e-06 1.115805e+00 7.840784e-11
5.950000e+00 3.800000e-01 3.659028e-01 -8.930172e-06 1.115805e+00 1.026523e-10
6.000000e+00 3.800000e-01 3.659028e-01 -8.930172e-06 1.115805e+00 1.390266e-10
6.050000e+00 3.800000e-01 3.659028e-01 -8.930172e-06 1.115805e+00 1.907269e-10
6.100000e+00 3.800000e-01 3.659028e-01 -8.930172e-06 1.115805e+00 2.620953e-10
6.150000e+00 3.800000e-01 3.659028e-01 -8.930172e-06 1.115805e+00 3.589368e-10
6.200000e+00 3.800000e-01 3.659028e-01 -8.930172e-06 1.115805e+00 4.889267e-10
6.250000e+00 3.800000e-01 3.659028e-01 -8.930172e-06 1.115805e+00 6.621437e-10
6.300000e+00 3.800000e-01 3.659028e-01 -8.930172e-06 1.115805e+00 8.917839e-10
6.350000e+00 3.800000e-01 3.659028e-01 -8.930172e-06 1.115805e+00 1.195058e-09
6.400000e+00 3.800000e-01 3.659028e-01 -8.930172e-06 1.115805e+00 1.594380e-09
6.450000e+00 3.800000e-01 3.659028e-01 -8.930172e-06 1.115805e+00 2.118914e-09
6.500000e+00 3.800000e-01 3.659028e-01 -8.930173e-06 1.115805e+00 2.806557e-09
6.550000e+00 3.800000e-01 3.659028e-01 -8.930173e-06 1.115805e+00 3.706508e-09
6.600000e+00 3.800000e-01 3.659028e-01 -8.930173e-06 1.115805e+00 4.882632e-09
6.650000e+00 3.800000e-01 3.659028e-01 -8.930173e-06 1.115805e+00 6.417767e-09
6.700000e+00 3.800000e-01 3.659028e-01 -8.930173e-06 1.115805e+00 8.419310e-09
6.750000e+00 3.800000e-01 3.659028e-01 -8.930174e-06 1.115805e+00 1.102646e-08
6.800000e+00 3.800000e-01 3.659028e-01 -8.930174e-06 1.115805e+00 1.441956e-08
6.850000e+00 3.800000e-01 3.659028e-01 -8.930175e-06 1.115805e+00 1.883218e-08
6.900000e+00 3.800000e-01 3.659028e-01 -8.930175e-06 1.115805e+00 2.456675e-08
6.950000e+00 3.800000e-01 3.659028e-01 -8.930177e-06 1.115805e+00 3.201469e-08
7.000000e+00 3.800000e-01 3.659028e-01 -8.930176e-06 1.115805e+00 4.168274e-08
7.050000e+00 3.800000e-01 3.659028e-01 -8.930187e-06 1.115805e+00 5.422574e-08
7.100000e+00 3.800000e-01 3.659028e-01 -8.930157e-06 1.115805e+00 7.049303e-08
7.150000e+00 3.800000e-01 3.659028e-01 -8.930267e-06 1.115805e+00 9.157541e-08
7.200000e+00 3.800000e-01 3.659028e-01 -8.929928e-06 1.115806e+00 1.189069e-07
7.250000e+00 3.800000e-01 3.659028e-01 -8.931000e-06 1.115806e+00 1.542676e-07
7.300000e+00 3.800000e-01 3.659028e-01 -8.927784e-06 1.115806e+00 2.001785e-07
7.350000e+00 3.800000e-01 3.659028e-01 -8.937216e-06 1.115806e+00 2.592563e-07
7.400000e+00 3.800000e-01 3.659027e-01 -8.910553e-06 1.115806e+00 3.366808e-07
7.450000e+00 3.800000e-01 3.659027e-01 -8.983586e-06 1.115806e+00 4.342554e-07
7.500000e+00 3.800000e-01 3.659027e-01 -8.790528e-06 1.115806e+00 5.671232e-07
7.550000e+00 3.800000e-01 3.659027e-01 -9.283046e-06 1.115806e+00 7.224354e-07
7.600000e+00 3.800000e-01 3.659026e-01 -8.072983e-06 1.115807e+00 9.624706e-07
7.650000e+00 3.800000e-01 3.659026e-01 -1.093239e-05 1.115807e+00 1.183135e-06
7.700000e+00 3.800000e-01 3.659025e-01 -4.446979e-06 1.115807e+00 1.663922e-06
7.750000e+00 3.800000e-01 3.659024e-01 -1.853664e-05 1.115809e+00 1.877326e-06
7.800000e+00 3.800000e-01 3.659023e-01 1.070878e-05 1.115808e+00 2.961170e-06
7.850000e+00 3.800000e-01 3.659021e-01 -4.712130e-05 1.115812e+00 2.843742e-06
7.900000e+00 3.800000e-01 3.659020e-01 6.143840e-05 1.115809e+00 5.375243e-06
7.950000e+00 3.800000e-01 3.659016e-01 -1.312186e-04 1.115818e+00 4.203558e-06
8.000000e+00 3.800000e-01 3.659016e-01 1.903388e-04 1.115808e+00 9.501020e-06
8.050000e+00 3.800000e-01 3.659006e-01 -3.111789e-04 1.115830e+00 6.785995e-06
8.100000e+00 3.800000e-01 3.659009e-01 4.137116e-04 1.115807e+00 1.527801e-05
8.150000e+00 3.800000e-01 3.658991e-01 -5.468117e-04 1.115848e+00 1.324362e-05
8.200000e+00 3.800000e-01 3.658996e-01 6.032037e-04 1.115811e+00 2.178968e-05
8.250000e+00 3.800000e-01 3.658969e-01 -6.171658e-04 1.115866e+00 2.709581e-05
8.300000e+00 3.800000e-01 3.658969e-01 5.043493e-04 1.115832e+00 3.145723e-05
8.350000e+00 3.800000e-01 3.658938e-01 -3.786965e-04 1.115884e+00 4.692717e-05
8.400000e+00 3.800000e-01 3.658922e-01 2.785300e-04 1.115871e+00 5.622853e-05
8.450000e+00 3.800000e-01 3.658881e-01 -4.120867e-04 1.115926e+00 6.821051e-05
8.500000e+00 3.800000e-01 3.658854e-01 7.664370e-04 1.115909e+00 1.044427e-04
8.550000e+00 3.800000e-01 3.658777e-01 -1.273823e-03 1.116023e+00 1.107749e-04
8.600000e+00 3.800000e-01 3.658743e-01 1.515092e-03 1.115970e+00 1.593955e-04
8.650000e+00 3.800000e-01 3.658618e-01 -1.223881e-03 1.116143e+00 2.120719e-04
8.700000e+00 3.800000e-01 3.658531e-01 3.924846e-04 1.116142e+00 2.422980e-04
8.750000e+00 3.800000e-01 3.658375e-01 2.219483e-04 1.116293e+00 3.419991e-04
8.800000e+00 3.800000e-01 3.658189e-01 2.113111e-04 1.116395e+00 4.504871e-04
8.850000e+00 3.800000e-01 3.657925e-01 -1.863155e-03 1.116657e+00 5.178423e-04
8.900000e+00 3.800000e-01 3.657671e-01 3.259633e-03 1.116714e+00 7.348320e-04
8.950000e+00 3.800000e-01 3.657190e-01 -2.514876e-03 1.117214e+00 9.517582e-04
9.000000e+00 3.800000e-01 3.656719e-01 -4.572570e-04 1.117451e+00 1.126126e-03
9.050000e+00 3.800000e-01 3.656064e-01 2.332299e-03 1.117964e+00 1.538456e-03
9.100000e+00 3.800000e-01 3.655181e-01 3.290828e-04 1.118566e+00 2.044585e-03
9.150000e+00 3.800000e-01 3.654019e-01 -5.750974e-03 1.119553e+00 2.437939e-03
9.200000e+00 3.800000e-01 3.652743e-01 6.353115e-03 1.120247e+00 3.219450e-03
9.250000e+00 3.800000e-01 3.650800e-01 1.242839e-03 1.121839e+00 4.353122e-03
9.300000e+00 3.800000e-01 3.648390e-01 -7.590023e-03 1.123538e+00 5.356571e-03
9.350000e+00 3.800000e-01 3.645443e-01 1.574470e-04 1.125717e+00 6.761722e-03
9.400000e+00 3.800000e-01 3.641628e-01 1.354535e-02 1.128262e+00 9.169563e-03
9.450000e+00 3.800000e-01 3.636274e-01 -9.229718e-03 1.132412e+00 1.182137e-02
9.500000e+00 3.800000e-01 3.629807e-01 -1.317871e-02 1.136909e+00 1.468612e-02
9.550000e+00 3.800000e-01 3.621588e-01 1.455974e-02 1.142849e+00 1.927847e-02
9.600000e+00 3.800000e-01 3.610528e-01 1.790850e-02 1.150481e+00 2.586116e-02
9.650000e+00 3.800000e-01 3.595726e-01 -2.633048e-02 1.161167e+00 3.329856e-02
9.700000e+00 3.800000e-01 3.577230e-01 -1.864597e-02 1.174044e+00 4.271679e-02
9.750000e+00 3.800000e-01 3.553010e-01 3.280463e-02 1.190948e+00 5.706716e-02
9.800000e+00 3.800000e-01 3.520163e-01 2.285682e-02 1.212982e+00 7.698757e-02
9.850000e+00 3.800000e-01 3.476022e-01 -3.267491e-02 1.243103e+00 1.024414e-01
9.900000e+00 3.800000e-01 3.417721e-01 -1.868368e-02 1.282962e+00 1.368318e-01
9.950000e+00 3.800000e-01 3.339190e-01 5.813940e-03 1.337274e+00 1.846813e-01
1.000000e+01 3.800000e-01 3.233040e-01 -7.380679e-04 0.000000e+00 0.000000e+00
0.000000e+00 4.000000e-01 3.518400e-01 -1.200000e+00 0.000000e+00 0.000000e+00
5.000000e-02 4.000000e-01 3.520964e-01 1.375397e-02 1.454661e+00 1.607806e-02
1.000000e-01 4.000000e-01 3.502322e-01 -1.744905e+00 1.455519e+00 2.865492e-02
1.500000e-01 4.000000e-01 3.492309e-01 -5.063716e+00 1.398163e+00 -3.398901e-02
2.000000e-01 4.000000e-01 3.536311e-01 -4.817955e-01 1.397214e+00 -6.692410e-02
2.500000e-01 4.000000e-01 3.559233e-01 5.084275e+00 1.501851e+00 4.413460e-02
3.000000e-01 4.000000e-01 3.492176e-01 -1.725594e+00 1.515648e+00 1.138241e-01
3.500000e-01 4.000000e-01 3.445409e-01 -1.053713e+01 1.370393e+00 -3.235059e-02
4.000000e-01 4.000000e-01 3.524527e-01 -2.829331e+00 1.326835e+00 -1.480281e-01
4.500000e-01 4.000000e-01 3.593437e-01 8.997644e+00 1.502064e+00 1.506311e-02
5.000000e-01 4.000000e-01 3.509464e-01 1.600134e+00 1.584828e+00 1.876190e-01
5.500000e-01 4.000000e-01 3.405818e-01 -1.354923e+01 1.408081e+00 3.829294e-02
6.000000e-01 4.000000e-01 3.471171e-01 -9.541936e+00 1.264018e+00 -1.924346e-01
6.500000e-01 4.000000e-01 3.598253e-01 8.226335e+00 1.422459e+00 -8.746756e-02
7.000000e-01 4.000000e-01 3.558638e-01 7.449733e+00 1.608304e+00 1.820701e-01
7.500000e-01 4.000000e-01 3.416183e-01 -1.008389e+01 1.509547e+00 1.515353e-01
8.000000e-01 4.000000e-01 3.407103e-01 -1.579789e+01 1.287050e+00 -1.313996e-01
8.500000e-01 4.000000e-01 3.547582e-01 2.756159e-01 1.307575e+00 -1.921744e-01
9.000000e-01 4.000000e-01 3.599277e-01 1.025666e+01 1.528233e+00 5.893349e-02
9.500000e-01 4.000000e-01 3.488649e-01 -1.069199e+00 1.584445e+00 1.973815e-01
1.000000e+00 4.000000e-01 3.401896e-01 -1.399090e+01 1.411517e+00 1.582734e-02
1.050000e+00 4.000000e-01 3.472821e-01 -9.128689e+00 1.282679e+00 -1.801075e-01
1.100000e+00 4.000000e-01 3.582003e-01 4.801243e+00 1.386688e+00 -9.356230e-02
1.150000e+00 4.000000e-01 3.566384e-01 5.614843e+00 1.536283e+00 1.072325e-01
1.200000e+00 4.000000e-01 3.474771e-01 -4.961618e+00 1.514073e+00 1.120295e-01
1.250000e+00 4.000000e-01 3.454354e-01 -1.019753e+01 1.378763e+00 -5.448063e-02
1.300000e+00 4.000000e-01 3.529252e-01 -3.726254e+00 1.327672e+00 -1.318201e-01
1.350000e+00 4.000000e-01 3.586174e-01 3.624324e+00 1.410111e+00 -3.070676e-02
1.400000e+00 4.000000e-01 3.559958e-01 1.978958e+00 1.484414e+00 7.443993e-02
1.450000e+00 4.000000e-01 3.511734e-01 -4.005609e+00 1.455096e+00 4.291424e-02
1.500000e+00 4.000000e-01 3.517044e-01 -5.668886e+00 1.377593e+00 -5.457172e-02
1.550000e+00 4.000000e-01 3.566306e-01 -1.906937e+00 1.350260e+00 -7.975411e-02
1.600000e+00 4.000000e-01 3.596798e-01 1.394142e+00 1.385778e+00 -1.902740e-02
1.650000e+00 4.000000e-01 3.585333e-01 5.330928e-01 1.418575e+00 3.083409e-02
1.700000e+00 4.000000e-01 3.565964e-01 -2.132344e+00 1.405518e+00 1.205756e-02
1.750000e+00 4.000000e-01 3.573276e-01 -3.006375e+00 1.365881e+00 -3.663080e-02
1.800000e+00 4.000000e-01 3.602595e-01 -1.621534e+00 1.340196e+00 -5.313863e-02
1.850000e+00 4.000000e-01 3.626415e-01 -1.070046e-01 1.341573e+00 -2.889081e-02
1.900000e+00 4.000000e-01 3.631486e-01 -3.223283e-02 1.351285e+00 -2.324450e-03
1.950000e+00 4.000000e-01 3.628739e-01 -9.479019e-01 1.348209e+00 -3.071791e-03
2.000000e+00 4.000000e-01 3.634558e-01 -1.602393e+00 1.329373e+00 -2.426193e-02
2.050000e+00 4.000000e-01 3.653001e-01 -1.448671e+00 1.305825e+00 -4.132287e-02
2.100000e+00 4.000000e-01 3.675880e-01 -8.648417e-01 1.288304e+00 -4.101047e-02
2.150000e+00 4.000000e-01 3.694011e-01 -4.563082e-01 1.278863e+00 -2.949494e-02
2.200000e+00 4.000000e-01 3.705375e-01 -4.541966e-01 1.272538e+00 -2.038434e-02
2.250000e+00 4.000000e-01 3.714396e-01 -6.884652e-01 1.263444e+00 -2.115412e-02
2.300000e+00 4.000000e-01 3.726529e-01 -8.892411e-01 1.248859e+00 -2.981496e-02
2.350000e+00 4.000000e-01 3.744211e-01 -9.161195e-01 1.229562e+00 -3.979782e-02
2.400000e+00 4.000000e-01 3.766327e-01 -7.845976e-01 1.208158e+00 -4.571773e-02
2.450000e+00 4.000000e-01 3.789928e-01 -5.811616e-01 1.187361e+00 -4.578858e-02
2.500000e+00 4.000000e-01 3.812116e-01 -3.835183e-01 1.169054e+00 -4.112103e-02
2.550000e+00 4.000000e-01 3.831049e-01 -2.304953e-01 1.154101e+00 -3.394657e-02
2.600000e+00 4.000000e-01 3.846062e-01 -1.282470e-01 1.142576e+00 -2.627325e-02
2.650000e+00 4.000000e-01 3.857323e-01 -6.687401e-02 1.134086e+00 -1.935785e-02
2.700000e+00 4.000000e-01 3.865420e-01 -3.297971e-02 1.128050e+00 -1.373850e-02
2.750000e+00 4.000000e-01 3.871061e-01 -1.548650e-02 1.123880e+00 -9.477118e-03
2.800000e+00 4.000000e-01 3.874897e-01 -6.959408e-03 1.121061e+00 -6.397927e-03
2.850000e+00 4.000000e-01 3.877459e-01 -3.004592e-03 1.119190e+00 -4.248688e-03
2.900000e+00 4.000000e-01 3.879146e-01 -1.250174e-03 1.117965e+00 -2.785872e-03
2.950000e+00 4.000000e-01 3.880245e-01 -5.028917e-04 1.117172e+00 -1.808572e-03
3.000000e+00 4.000000e-01 3.880955e-01 -1.964045e-04 1.116664e+00 -1.164662e-03
3.050000e+00 4.000000e-01 3.881410e-01 -7.511241e-05 1.116341e+00 -7.449109e-04
3.100000e+00 4.000000e-01 3.881700e-01 -2.872402e-05 1.116137e+00 -4.735844e-04
3.150000e+00 4.000000e-01 3.881883e-01 -1.156247e-05 1.116009e+00 -2.994196e-04
3.200000e+00 4.000000e-01 3.881999e-01 -5.419746e-06 1.115930e+00 -1.882992e-04
3.250000e+00 4.000000e-01 3.882072e-01 -3.294819e-06 1.115880e+00 -1.177945e-04
3.300000e+00 4.000000e-01 3.882117e-01 -2.587093e-06 1.115850e+00 -7.329668e-05
3.350000e+00 4.000000e-01 3.882145e-01 -2.362407e-06 1.115832e+00 -4.536041e-05
3.400000e+00 4.000000e-01 3.882162e-01 -2.296187e-06 1.115821e+00 -2.791585e-05
3.450000e+00 4.000000e-01 3.882173e-01 -2.279483e-06 1.115814e+00 -1.708361e-05
3.500000e+00 4.000000e-01 3.882179e-01 -2.277106e-06 1.115810e+00 -1.039681e-05
3.550000e+00 4.000000e-01 3.882183e-01 -2.278241e-06 1.115808e+00 -6.294585e-06
3.600000e+00 4.000000e-01 3.882186e-01 -2.279819e-06 1.115807e+00 -3.794296e-06
3.650000e+00 4.000000e-01 3.882187e-01 -2.281115e-06 1.115806e+00 -2.280604e-06
3.700000e+00 4.000000e-01 3.882188e-01 -2.282048e-06 1.115806e+00 -1.370352e-06
3.750000e+00 4.000000e-01 3.882188e-01 -2.282691e-06 1.115805e+00 -8.264320e-07
3.800000e+00 4.000000e-01 3.882189e-01 -2.283126e-06 1.115805e+00 -5.031058e-07
3.850000e+00 4.000000e-01 3.882189e-01 -2.283419e-06 1.115805e+00 -3.114768e-07
3.900000e+00 4.000000e-01 3.882189e-01 -2.283616e-06 1.115805e+00 -1.977783e-07
3.950000e+00 4.000000e-01 3.882189e-01 -2.283748e-06 1.115805e+00 -1.298007e-07
4.000000e+00 4.000000e-01 3.882189e-01 -2.283838e-06 1.115805e+00 -8.845358e-08
4.050000e+00 4.000000e-01 3.882189e-01 -2.283898e-06 1.115805e+00 -6.255612e-08
4.100000e+00 4.000000e-01 3.882189e-01 -2.283940e-06 1.115806e+00 -4.564357e-08
4.150000e+00 4.000000e-01 3.882189e-01 -2.283968e-06 1.115806e+00 -3.402740e-08
4.200000e+00 4.000000e-01 3.882189e-01 -2.283988e-06 1.115806e+00 -2.562862e-08
4.250000e+00 4.000000e-01 3.882189e-01 -2.284002e-06 1.115806e+00 -1.928493e-08
4.300000e+00 4.000000e-01 3.882189e-01 -2.284012e-06 1.115806e+00 -1.434511e-08
4.350000e+00 4.000000e-01 3.882189e-01 -2.284019e-06 1.115806e+00 -1.043616e-08
4.400000e+00 4.000000e-01 3.882189e-01 -2.284023e-06 1.115806e+00 -7.332501e-09
4.450000e+00 4.000000e-01 3.882189e-01 -2.284027e-06 1.115806e+00 -4.884804e-09
4.500000e+00 4.000000e-01 3.882189e-01 -2.284030e-06 1.115806e+00 -2.982733e-09
4.550000e+00 4.000000e-01 3.882189e-01 -2.284032e-06 1.115806e+00 -1.536524e-09
4.600000e+00 4.000000e-01 3.882189e-01 -2.284033e-06 1.115806e+00 -4.685846e-10
4.650000e+00 4.000000e-01 3.882189e-01 -2.284034e-06 1.115806e+00 2.898892e-10
4.700000e+00 4.000000e-01 3.882189e-01 -2.284035e-06 1.115806e+00 7.999756e-10
4.750000e+00 4.000000e-01 3.882189e-01 -2.284035e-06 1.115806e+00 1.115253e-09
4.800000e+00 4.000000e-01 3.882189e-01 -2.284036e-06 1.115806e+00 1.281856e-09
4.850000e+00 4.000000e-01 3.882189e-01 -2.284036e-06 1.115806e+00 1.338655e-09
4.900000e+00 4.000000e-01 3.882189e-01 -2.284036e-06 1.115806e+00 1.317635e-09
4.950000e+00 4.000000e-01 3.882189e-01 -2.284037e-06 1.115806e+00 1.244466e-09
5.000000e+00 4.000000e-01 3.882189e-01 -2.284037e-06 1.115806e+00 1.139202e-09
5.050000e+00 4.000000e-01 3.882189e-01 -2.284037e-06 1.115806e+00 1.017058e-09
5.100000e+00 4.000000e-01 3.882189e-01 -2.284037e-06 1.115806e+00 8.891698e-10
5.150000e+00 4.000000e-01 3.882189e-01 -2.284037e-06 1.115806e+00 7.633472e-10
5.200000e+00 4.000000e-01 3.882189e-01 -2.284037e-06 1.115806e+00 6.447570e-10
5.250000e+00 4.000000e-01 3.882189e-01 -2.284037e-06 1.115806e+00 5.365164e-10
5.300000e+00 4.000000e-01 3.882189e-01 -2.284037e-06 1.115806e+00 4.402206e-10
5.350000e+00 4.000000e-01 3.882189e-01 -2.284037e-06 1.115806e+00 3.563683e-10
5.400000e+00 4.000000e-01 3.882189e-01 -2.284037e-06 1.115806e+00 2.847089e-10
5.450000e+00 4.000000e-01 3.882189e-01 -2.284037e-06 1.115806e+00 2.245287e-10
5.500000e+00 4.000000e-01 3.882189e-01 -2.284037e-06 1.115806e+00 1.748596e-10
5.550000e+00 4.000000e-01 3.882189e-01 -2.284037e-06 1.115806e+00 1.346451e-10
5.600000e+00 4.000000e-01 3.882189e-01 -2.284037e-06 1.115806e+00 1.028622e-10
5.650000e+00 4.000000e-01 3.882189e-01 -2.284037e-06 1.115806e+00 7.862266e-11
5.700000e+00 4.000000e-01 3.882189e-01 -2.284037e-06 1.115806e+00 6.123269e-11
5.750000e+00 4.000000e-01 3.882189e-01 -2.284037e-06 1.115806e+00 5.025480e-11
5.800000e+00 4.000000e-01 3.882189e-01 -2.284037e-06 1.115806e+00 4.556799e-11
5.850000e+00 4.000000e-01 3.882189e-01 -2.284037e-06 1.115806e+00 4.741763e-11
5.900000e+00 4.000000e-01 3.882189e-01 -2.284037e-06 1.115806e+00 5.648537e-11
5.950000e+00 4.000000e-01 3.882189e-01 -2.284037e-06 1.115806e+00 7.397527e-11
6.000000e+00 4.000000e-01 3.882189e-01 -2.284037e-06 1.115806e+00 1.017203e-10
6.050000e+00 4.000000e-01 3.882189e-01 -2.284037e-06 1.115806e+00 1.423356e-10
6.100000e+00 4.000000e-01 3.882189e-01 -2.284037e-06 1.115806e+00 1.994221e-10
6.150000e+00 4.000000e-01 3.882189e-01 -2.284037e-06 1.115806e+00 2.778261e-10
6.200000e+00 4.000000e-01 3.882189e-01 -2.284037e-06 1.115806e+00 3.839823e-10
6.250000e+00 4.000000e-01 3.882189e-01 -2.284037e-06 1.115806e+00 5.263717e-10
6.300000e+00 4.000000e-01 3.882189e-01 -2.284037e-06 1.115806e+00 7.161155e-10
6.350000e+00 4.000000e-01 3.882189e-01 -2.284037e-06 1.115806e+00 9.677426e-10
6.400000e+00 4.000000e-01 3.882189e-01 -2.284037e-06 1.115806e+00 1.300198e-09
6.450000e+00 4.000000e-01 3.882189e-01 -2.284037e-06 1.115806e+00 1.738152e-09
6.500000e+00 4.000000e-01 3.882189e-01 -2.284037e-06 1.115806e+00 2.313686e-09
6.550000e+00 4.000000e-01 3.882189e-01 -2.284037e-06 1.115806e+00 3.068473e-09
6.600000e+00 4.000000e-01 3.882189e-01 -2.284037e-06 1.115806e+00 4.056629e-09
6.650000e+00 4.000000e-01 3.882189e-01 -2.284037e-06 1.115806e+00 5.348380e-09
6.700000e+00 4.000000e-01 3.882189e-01 -2.284037e-06 1.115806e+00 7.034802e-09
6.750000e+00 4.000000e-01 3.882189e-01 -2.284037e-06 1.115806e+00 9.233972e-09
6.800000e+00 4.000000e-01 3.882189e-01 -2.284037e-06 1.115806e+00 1.209891e-08
6.850000e+00 4.000000e-01 3.882189e-01 -2.284038e-06 1.115806e+00 1.582783e-08
6.900000e+00 4.000000e-01 3.882189e-01 -2.284038e-06 1.115806e+00 2.067745e-08
6.950000e+00 4.000000e-01 3.882189e-01 -2.284038e-06 1.115806e+00 2.698007e-08
7.000000e+00 4.000000e-01 3.882189e-01 -2.284038e-06 1.115806e+00 3.516587e-08
7.050000e+00 4.000000e-01 3.882189e-01 -2.284041e-06 1.115806e+00 4.579112e-08
7.100000e+00 4.000000e-01 3.882189e-01 -2.284030e-06 1.115806e+00 5.957643e-08
7.150000e+00 4.000000e-01 3.882189e-01 -2.284070e-06 1.115806e+00 7.745030e-08
7.200000e+00 4.000000e-01 3.882189e-01 -2.283943e-06 1.115806e+00 1.006242e-07
7.250000e+00 4.000000e-01 3.882189e-01 -2.284348e-06 1.115806e+00 1.306299e-07
7.300000e+00 4.000000e-01 3.882189e-01 -2.283118e-06 1.115806e+00 1.695503e-07
7.350000e+00 4.000000e-01 3.882189e-01 -2.286759e-06 1.115806e+00 2.197746e-07
7.400000e+00 4.000000e-01 3.882189e-01 -2.276352e-06 1.115806e+00 2.852454e-07
7.450000e+00 4.000000e-01 3.882189e-01 -2.305158e-06 1.115806e+00 3.687099e-07
7.500000e+00 4.000000e-01 3.882188e-01 -2.228180e-06 1.115806e+00 4.799186e-07
7.550000e+00 4.000000e-01 3.882188e-01 -2.426671e-06 1.115807e+00 6.156386e-07
7.600000e+00 4.000000e-01 3.882188e-01 -1.933716e-06 1.115807e+00 8.105537e-07
7.650000e+00 4.000000e-01 3.882187e-01 -3.111150e-06 1.115807e+00 1.017716e-06
7.700000e+00 4.000000e-01 3.882187e-01 -4.117594e-07 1.115808e+00 1.384153e-06
7.750000e+00 4.000000e-01 3.882186e-01 -6.339362e-06 1.115809e+00 1.649895e-06
7.800000e+00 4.000000e-01 3.882185e-01 6.096327e-06 1.115809e+00 2.408808e-06
7.850000e+00 4.000000e-01 3.882183e-01 -1.875567e-05 1.115811e+00 2.601081e-06
7.900000e+00 4.000000e-01 3.882182e-01 2.838718e-05 1.115811e+00 4.256537e-06
7.950000e+00 4.000000e-01 3.882179e-01 -5.613672e-05 1.115817e+00 4.041719e-06
8.000000e+00 4.000000e-01 3.882178e-01 8.634415e-05 1.115812e+00 7.409341e-06
8.050000e+00 4.000000e-01 3.882172e-01 -1.379677e-04 1.115826e+00 6.588895e-06
8.100000e+00 4.000000e-01 3.882172e-01 1.890074e-04 1.115815e+00 1.208919e-05
8.150000e+00 4.000000e-01 3.882160e-01 -2.472494e-04 1.115841e+00 1.200337e-05
8.200000e+00 4.000000e-01 3.882160e-01 2.771458e-04 1.115823e+00 1.813605e-05
8.250000e+00 4.000000e-01 3.882142e-01 -2.782492e-04 1.115859e+00 2.282904e-05
8.300000e+00 4.000000e-01 3.882137e-01 2.245226e-04 1.115844e+00 2.739371e-05
8.350000e+00 4.000000e-01 3.882114e-01 -1.534484e-04 1.115881e+00 3.917524e-05
8.400000e+00 4.000000e-01 3.882098e-01 1.005964e-04 1.115883e+00 4.768330e-05
8.450000e+00 4.000000e-01 3.882066e-01 -1.545945e-04 1.115925e+00 5.945478e-05
8.500000e+00 4.000000e-01 3.882038e-01 3.313363e-04 1.115931e+00 8.592640e-05
8.550000e+00 4.000000e-01 3.881981e-01 -5.826904e-04 1.116015e+00 9.681386e-05
8.600000e+00 4.000000e-01 3.881942e-01 7.108598e-04 1.116007e+00 1.348085e-04
8.650000e+00 4.000000e-01 3.881846e-01 -5.493526e-04 1.116141e+00 1.776274e-04
8.700000e+00 4.000000e-01 3.881764e-01 1.004059e-04 1.116180e+00 2.096686e-04
8.750000e+00 4.000000e-01 3.881636e-01 2.568392e-04 1.116315e+00 2.895831e-04
8.800000e+00 4.000000e-01 3.881474e-01 -3.781757e-05 1.116449e+00 3.776548e-04
8.850000e+00 4.000000e-01 3.881258e-01 -8.596563e-04 1.116681e+00 4.482192e-04
8.900000e+00 4.000000e-01 3.881026e-01 1.652779e-03 1.116821e+00 6.206204e-04
8.950000e+00 4.000000e-01 3.880638e-01 -1.225648e-03 1.117263e+00 8.018321e-04
9.000000e+00 4.000000e-01 3.880224e-01 -5.095072e-04 1.117582e+00 9.674026e-04
9.050000e+00 4.000000e-01 3.879670e-01 1.663882e-03 1.118096e+00 1.306635e-03
9.100000e+00 4.000000e-01 3.878918e-01 -1.005667e-04 1.118775e+00 1.721468e-03
9.150000e+00 4.000000e-01 3.877949e-01 -3.204126e-03 1.119734e+00 2.085621e-03
9.200000e+00 4.000000e-01 3.876832e-01 3.616142e-03 1.120609e+00 2.743261e-03
9.250000e+00 4.000000e-01 3.875206e-01 1.219164e-03 1.122196e+00 3.676714e-03
9.300000e+00 4.000000e-01 3.873155e-01 -5.413646e-03 1.124060e+00 4.554228e-03
9.350000e+00 4.000000e-01 3.870651e-01 5.726279e-04 1.126327e+00 5.775570e-03
9.400000e+00 4.000000e-01 3.867380e-01 8.853967e-03 1.129175e+00 7.782693e-03
9.450000e+00 4.000000e-01 3.862869e-01 -6.097407e-03 1.133457e+00 1.003091e-02
9.500000e+00 4.000000e-01 3.857349e-01 -1.006565e-02 1.138378e+00 1.251872e-02
9.550000e+00 4.000000e-01 3.850350e-01 1.192052e-02 1.144654e+00 1.644998e-02
9.600000e+00 4.000000e-01 3.840899e-01 1.264189e-02 1.153022e+00 2.203611e-02
9.650000e+00 4.000000e-01 3.828314e-01 -2.148152e-02 1.164455e+00 2.838023e-02
9.700000e+00 4.000000e-01 3.812519e-01 -1.357197e-02 1.178477e+00 3.649665e-02
9.750000e+00 4.000000e-01 3.791817e-01 3.007513e-02 1.196711e+00 4.888377e-02
9.800000e+00 4.000000e-01 3.763635e-01 1.468631e-02 1.221137e+00 6.596917e-02
9.850000e+00 4.000000e-01 3.725848e-01 -3.113860e-02 1.254300e+00 8.767746e-02
9.900000e+00 4.000000e-01 3.675957e-01 -1.231865e-02 1.298137e+00 1.170098e-01
9.950000e+00 4.000000e-01 3.608838e-01 7.463552e-03 1.357476e+00 1.575574e-01
1.000000e+01 4.000000e-01 3.518400e-01 2.092778e-03 0.000000e+00 0.000000e+00
0.000000e+00 4.200000e-01 3.808560e-01 -9.600000e-01 0.000000e+00 0.000000e+00
5.000000e-02 4.200000e-01 3.813858e-01 3.441354e-01 1.469460e+00 1.102736e-02
1.000000e-01 4.200000e-01 3.797533e-01 -1.932936e-01 1.487419e+00 3.694268e-02
1.500000e-01 4.200000e-01 3.776915e-01 -4.980266e+00 1.450271e+00 -1.812831e-02
2.000000e-01 4.200000e-01 3.815661e-01 -2.902713e+00 1.408717e+00 -8.083335e-02
2.500000e-01 4.200000e-01 3.857749e-01 5.382767e+00 1.474852e+00 1.439705e-02
3.000000e-01 4.200000e-01 3.801264e-01 2.459943e+00 1.549020e+00 1.280701e-01
3.500000e-01 4.200000e-01 3.729679e-01 -9.488246e+00 1.471681e+00 1.064389e-02
4.000000e-01 4.200000e-01 3.790620e-01 -7.472506e+00 1.362182e+00 -1.585286e-01
4.500000e-01 4.200000e-01 3.888207e-01 7.590325e+00 1.445251e+00 -4.051776e-02
5.000000e-01 4.200000e-01 3.831138e-01 7.161444e+00 1.593457e+00 1.855284e-01
5.500000e-01 4.200000e-01 3.702679e-01 -9.696573e+00 1.542108e+00 1.002160e-01
6.000000e-01 4.200000e-01 3.730922e-01 -1.388519e+01 1.364111e+00 -1.735307e-01
6.500000e-01 4.200000e-01 3.876210e-01 3.669767e+00 1.377732e+00 -1.487128e-01
7.000000e-01 4.200000e-01 3.879635e-01 1.137029e+01 1.569294e+00 1.433475e-01
7.500000e-01 4.200000e-01 3.732862e-01 -3.620907e+00 1.617522e+00 1.999526e-01
8.000000e-01 4.200000e-01 3.679682e-01 -1.621653e+01 1.446493e+00 -7.572665e-02
8.500000e-01 4.200000e-01 3.808589e-01 -5.547879e+00 1.336665e+00 -2.196974e-01
9.000000e-01 4.200000e-01 3.899379e-01 9.754627e+00 1.467740e+00 -3.669496e-03
9.500000e-01 4.200000e-01 3.812258e-01 4.697261e+00 1.610907e+00 1.989167e-01
1.000000e+00 4.200000e-01 3.700463e-01 -1.006766e+01 1.550710e+00 7.372519e-02
1.050000e+00 4.200000e-01 3.738533e-01 -1.161462e+01 1.391353e+00 -1.561151e-01
1.100000e+00 4.200000e-01 3.856578e-01 1.254671e+00 1.377332e+00 -1.334883e-01
1.150000e+00 4.200000e-01 3.872021e-01 7.239385e+00 1.504515e+00 7.094844e-02
1.200000e+00 4.200000e-01 3.785629e-01 -5.689709e-01 1.564127e+00 1.303521e-01
1.250000e+00 4.200000e-01 3.741669e-01 -8.420969e+00 1.482749e+00 -1.411058e-02
1.300000e+00 4.200000e-01 3.799740e-01 -5.546474e+00 1.387636e+00 -1.250722e-01
1.350000e+00 4.200000e-01 3.866741e-01 2.177217e+00 1.401988e+00 -5.731326e-02
1.400000e+00 4.200000e-01 3.857053e-01 3.369178e+00 1.475139e+00 5.853536e-02
1.450000e+00 4.200000e-01 3.808206e-01 -1.606248e+00 1.492701e+00 5.765120e-02
1.500000e+00 4.200000e-01 3.799402e-01 -4.742372e+00 1.438780e+00 -3.157855e-02
1.550000e+00 4.200000e-01 3.839785e-01 -2.565031e+00 1.387242e+00 -7.479948e-02
1.600000e+00 4.200000e-01 3.874202e-01 8.709628e-01 1.390173e+00 -2.992510e-02
1.650000e+00 4.200000e-01 3.869710e-01 1.115821e+00 1.420437e+00 2.419928e-02
1.700000e+00 4.200000e-01 3.850002e-01 -1.059703e+00 1.427109e+00 1.931537e-02
1.750000e+00 4.200000e-01 3.850394e-01 -2.375292e+00 1.400159e+00 -2.353892e-02
1.800000e+00 4.200000e-01 3.873541e-01 -1.612205e+00 1.367986e+00 -4.575072e-02
1.850000e+00 4.200000e-01 3.896145e-01 -2.413517e-01 1.355617e+00 -2.919750e-02
1.900000e+00 4.200000e-01 3.902739e-01 1.102133e-01 1.359741e+00 -3.837884e-03
1.950000e+00 4.200000e-01 3.899983e-01 -5.462574e-01 1.361221e+00 4.286467e-05
2.000000e+00 4.200000e-01 3.902696e-01 -1.195878e+00 1.348834e+00 -1.650665e-02
2.050000e+00 4.200000e-01 3.916490e-01 -1.207018e+00 1.326745e+00 -3.272145e-02
2.100000e+00 4.200000e-01 3.935417e-01 -7.693419e-01 1.305650e+00 -3.468241e-02
2.150000e+00 4.200000e-01 3.951172e-01 -3.930606e-01 1.291684e+00 -2.564284e-02
2.200000e+00 4.200000e-01 3.961060e-01 -3.391185e-01 1.283125e+00 -1.714946e-02
2.250000e+00 4.200000e-01 3.968321e-01 -5.124998e-01 1.274368e+00 -1.662223e-02
2.300000e+00 4.200000e-01 3.977682e-01 -6.900332e-01 1.261093e+00 -2.324605e-02
2.350000e+00 4.200000e-01 3.991567e-01 -7.349490e-01 1.242493e+00 -3.164606e-02
2.400000e+00 4.200000e-01 4.009328e-01 -6.441270e-01 1.220540e+00 -3.701845e-02
2.450000e+00 4.200000e-01 4.028586e-01 -4.846909e-01 1.198156e+00 -3.755016e-02
2.500000e+00 4.200000e-01 4.046879e-01 -3.233129e-01 1.177766e+00 -3.400535e-02
2.550000e+00 4.200000e-01 4.062591e-01 -1.957370e-01 1.160724e+00 -2.822264e-02
2.600000e+00 4.200000e-01 4.075101e-01 -1.094452e-01 1.147389e+00 -2.191646e-02
2.650000e+00 4.200000e-01 4.084508e-01 -5.725667e-02 1.137470e+00 -1.618164e-02
2.700000e+00 4.200000e-01 4.091283e-01 -2.829649e-02 1.130373e+00 -1.149977e-02
2.750000e+00 4.200000e-01 4.096007e-01 -1.330463e-02 1.125447e+00 -7.940283e-03
2.800000e+00 4.200000e-01 4.099223e-01 -5.983127e-03 1.122105e+00 -5.364551e-03
2.850000e+00 4.200000e-01 4.101372e-01 -2.583631e-03 1.119879e+00 -3.565070e-03
2.900000e+00 4.200000e-01 4.102788e-01 -1.074587e-03 1.118417e+00 -2.339441e-03
2.950000e+00 4.200000e-01 4.103711e-01 -4.315868e-04 1.117467e+00 -1.520059e-03
3.000000e+00 4.200000e-01 4.104308e-01 -1.678065e-04 1.116855e+00 -9.798103e-04
3.050000e+00 4.200000e-01 4.104691e-01 -6.338611e-05 1.116464e+00 -6.273532e-04
3.100000e+00 4.200000e-01 4.104936e-01 -2.342850e-05 1.116216e+00 -3.993239e-04
3.150000e+00 4.200000e-01 4.105091e-01 -8.628409e-06 1.116060e+00 -2.528094e-04
3.200000e+00 4.200000e-01 4.105188e-01 -3.317306e-06 1.115962e+00 -1.592316e-04
3.250000e+00 4.200000e-01 4.105250e-01 -1.469977e-06 1.115901e+00 -9.978914e-05
3.300000e+00 4.200000e-01 4.105288e-01 -8.474515e-07 1.115863e+00 -6.222593e-05
3.350000e+00 4.200000e-01 4.105312e-01 -6.446456e-07 1.115840e+00 -3.861018e-05
3.400000e+00 4.200000e-01 4.105327e-01 -5.811647e-07 1.115826e+00 -2.383993e-05
3.450000e+00 4.200000e-01 4.105336e-01 -5.623813e-07 1.115817e+00 -1.465108e-05
3.500000e+00 4.200000e-01 4.105341e-01 -5.573661e-07 1.115812e+00 -8.965879e-06
3.550000e+00 4.200000e-01 4.105345e-01 -5.563519e-07 1.115809e+00 -5.468235e-06
3.600000e+00 4.200000e-01 4.105347e-01 -5.563796e-07 1.115808e+00 -3.328690e-06
3.650000e+00 4.200000e-01 4.105348e-01 -5.566055e-07 1.115807e+00 -2.027199e-06
3.700000e+00 4.200000e-01 4.105349e-01 -5.568161e-07 1.115806e+00 -1.239523e-06
3.750000e+00 4.200000e-01 4.105349e-01 -5.569737e-07 1.115806e+00 -7.647147e-07
3.800000e+00 4.200000e-01 4.105350e-01 -5.570838e-07 1.115806e+00 -4.790585e-07
3.850000e+00 4.200000e-01 4.105350e-01 -5.571589e-07 1.115806e+00 -3.069369e-07
3.900000e+00 4.200000e-01 4.105350e-01 -5.572098e-07 1.115806e+00 -2.025006e-07
3.950000e+00 4.200000e-01 4.105350e-01 -5.572442e-07 1.115806e+00 -1.381943e-07
4.000000e+00 4.200000e-01 4.105350e-01 -5.572675e-07 1.115806e+00 -9.761595e-08
4.050000e+00 4.200000e-01 4.105350e-01 -5.572834e-07 1.115806e+00 -7.110073e-08
4.100000e+00 4.200000e-01 4.105350e-01 -5.572942e-07 1.115806e+00 -5.301187e-08
4.150000e+00 4.200000e-01 4.105350e-01 -5.573017e-07 1.115806e+00 -4.009149e-08
4.200000e+00 4.200000e-01 4.105350e-01 -5.573069e-07 1.115806e+00 -3.046729e-08
4.250000e+00 4.200000e-01 4.105350e-01 -5.573106e-07 1.115806e+00 -2.306133e-08
4.300000e+00 4.200000e-01 4.105350e-01 -5.573132e-07 1.115806e+00 -1.724316e-08
4.350000e+00 4.200000e-01 4.105350e-01 -5.573150e-07 1.115806e+00 -1.262989e-08
4.400000e+00 4.200000e-01 4.105350e-01 -5.573163e-07 1.115806e+00 -8.973418e-09
4.450000e+00 4.200000e-01 4.105350e-01 -5.573173e-07 1.115806e+00 -6.098649e-09
4.500000e+00 4.200000e-01 4.105350e-01 -5.573180e-07 1.115806e+00 -3.870719e-09
4.550000e+00 4.200000e-01 4.105350e-01 -5.573185e-07 1.115806e+00 -2.178450e-09
4.600000e+00 4.200000e-01 4.105350e-01 -5.573189e-07 1.115806e+00 -9.264345e-10
4.650000e+00 4.200000e-01 4.105350e-01 -5.573192e-07 1.115806e+00 -3.150424e-11
4.700000e+00 4.200000e-01 4.105350e-01 -5.573194e-07 1.115806e+00 5.787804e-10
4.750000e+00 4.200000e-01 4.105350e-01 -5.573195e-07 1.115806e+00 9.668566e-10
4.800000e+00 4.200000e-01 4.105350e-01 -5.573197e-07 1.115806e+00 1.185704e-09
4.850000e+00 4.200000e-01 4.105350e-01 -5.573197e-07 1.115806e+00 1.279442e-09
4.900000e+00 4.200000e-01 4.105350e-01 -5.573198e-07 1.115806e+00 1.284047e-09
4.950000e+00 4.200000e-01 4.105350e-01 -5.573198e-07 1.115806e+00 1.228221e-09
5.000000e+00 4.200000e-01 4.105350e-01 -5.573199e-07 1.115806e+00 1.134304e-09
5.050000e+00 4.200000e-01 4.105350e-01 -5.573199e-07 1.115806e+00 1.019221e-09
5.100000e+00 4.200000e-01 4.105350e-01 -5.573199e-07 1.115806e+00 8.953804e-10
5.150000e+00 4.200000e-01 4.105350e-01 -5.573199e-07 1.115806e+00 7.715267e-10
5.200000e+00 4.200000e-01 4.105350e-01 -5.573199e-07 1.115806e+00 6.535084e-10
5.250000e+00 4.200000e-01 4.105350e-01 -5.573199e-07 1.115806e+00 5.449308e-10
5.300000e+00 4.200000e-01 4.105350e-01 -5.573200e-07 1.115806e+00 4.477246e-10
5.350000e+00 4.200000e-01 4.105350e-01 -5.573200e-07 1.115806e+00 3.626177e-10
5.400000e+00 4.200000e-01 4.105350e-01 -5.573200e-07 1.115806e+00 2.895045e-10
5.450000e+00 4.200000e-01 4.105350e-01 -5.573200e-07 1.115806e+00 2.277500e-10
5.500000e+00 4.200000e-01 4.105350e-01 -5.573200e-07 1.115806e+00 1.764155e-10
5.550000e+00 4.200000e-01 4.105350e-01 -5.573200e-07 1.115806e+00 1.344330e-10
5.600000e+00 4.200000e-01 4.105350e-01 -5.573200e-07 1.115806e+00 1.007405e-10
5.650000e+00 4.200000e-01 4.105350e-01 -5.573200e-07 1.115806e+00 7.437162e-11
5.700000e+00 4.200000e-01 4.105350e-01 -5.573200e-07 1.115806e+00 5.453138e-11
5.750000e+00 4.200000e-01 4.105350e-01 -5.573200e-07 1.115806e+00 4.064526e-11
5.800000e+00 4.200000e-01 4.105350e-01 -5.573200e-07 1.115806e+00 3.241241e-11
5.850000e+00 4.200000e-01 4.105350e-01 -5.573200e-07 1.115806e+00 2.985556e-11
5.900000e+00 4.200000e-01 4.105350e-01 -5.573200e-07 1.115806e+00 3.336276e-11
5.950000e+00 4.200000e-01 4.105350e-01 -5.573200e-07 1.115806e+00 4.376999e-11
6.000000e+00 4.200000e-01 4.105350e-01 -5.573200e-07 1.115806e+00 6.243728e-11
6.050000e+00 4.200000e-01 4.105350e-01 -5.573200e-07 1.115806e+00 9.136913e-11
6.100000e+00 4.200000e-01 4.105350e-01 -5.573200e-07 1.115806e+00 1.333800e-10
6.150000e+00 4.200000e-01 4.105350e-01 -5.573200e-07 1.115806e+00 1.923012e-10
6.200000e+00 4.200000e-01 4.105350e-01 -5.573200e-07 1.115806e+00 2.732586e-10
6.250000e+00 4.200000e-01 4.105350e-01 -5.573200e-07 1.115806e+00 3.830314e-10
6.300000e+00 4.200000e-01 4.105350e-01 -5.573200e-07 1.115806e+00 5.305467e-10
6.350000e+00 4.200000e-01 4.105350e-01 -5.573200e-07 1.115806e+00 7.274931e-10
6.400000e+00 4.200000e-01 4.105350e-01 -5.573200e-07 1.115806e+00 9.891349e-10
6.450000e+00 4.200000e-01 4.105350e-01 -5.573200e-07 1.115806e+00 1.335379e-09
6.500000e+00 4.200000e-01 4.105350e-01 -5.573200e-07 1.115806e+00 1.792138e-09
6.550000e+00 4.200000e-01 4.105350e-01 -5.573200e-07 1.115806e+00 2.393105e-09
6.600000e+00 4.200000e-01 4.105350e-01 -5.573200e-07 1.115806e+00 3.182063e-09
6.650000e+00 4.200000e-01 4.105350e-01 -5.573200e-07 1.115806e+00 4.215864e-09
6.700000e+00 4.200000e-01 4.105350e-01 -5.573200e-07 1.115806e+00 5.568280e-09
6.750000e+00 4.200000e-01 4.105350e-01 -5.573200e-07 1.115806e+00 7.334997e-09
6.800000e+00 4.200000e-01 4.105350e-01 -5.573201e-07 1.115806e+00 9.640063e-09
6.850000e+00 4.200000e-01 4.105350e-01 -5.573201e-07 1.115806e+00 1.264423e-08
6.900000e+00 4.200000e-01 4.105350e-01 -5.573201e-07 1.115806e+00 1.655573e-08
6.950000e+00 4.200000e-01 4.105350e-01 -5.573203e-07 1.115806e+00 2.164420e-08
7.000000e+00 4.200000e-01 4.105350e-01 -5.573200e-07 1.115806e+00 2.825874e-08
7.050000e+00 4.200000e-01 4.105350e-01 -5.573213e-07 1.115806e+00 3.685095e-08
7.100000e+00 4.200000e-01 4.105350e-01 -5.573173e-07 1.115806e+00 4.800558e-08
7.150000e+00 4.200000e-01 4.105350e-01 -5.573313e-07 1.115806e+00 6.247742e-08
7.200000e+00 4.200000e-01 4.105350e-01 -5.572861e-07 1.115806e+00 8.124735e-08
7.250000e+00 4.200000e-01 4.105350e-01 -5.574306e-07 1.115806e+00 1.055681e-07
7.300000e+00 4.200000e-01 4.105350e-01 -5.569866e-07 1.115806e+00 1.371055e-07
7.350000e+00 4.200000e-01 4.105350e-01 -5.583142e-07 1.115806e+00 1.778742e-07
7.400000e+00 4.200000e-01 4.105350e-01 -5.544773e-07 1.115806e+00 2.308714e-07
7.450000e+00 4.200000e-01 4.105350e-01 -5.652087e-07 1.115806e+00 2.988788e-07
7.500000e+00 4.200000e-01 4.105350e-01 -5.362262e-07 1.115807e+00 3.883958e-07
7.550000e+00 4.200000e-01 4.105349e-01 -6.117473e-07 1.115807e+00 5.003349e-07
7.600000e+00 4.200000e-01 4.105349e-01 -4.222016e-07 1.115807e+00 6.544022e-07
7.650000e+00 4.200000e-01 4.105349e-01 -8.797133e-07 1.115808e+00 8.319187e-07
7.700000e+00 4.200000e-01 4.105348e-01 1.802330e-07 1.115808e+00 1.109520e-06
7.750000e+00 4.200000e-01 4.105348e-01 -2.171702e-06 1.115809e+00 1.365953e-06
7.800000e+00 4.200000e-01 4.105347e-01 2.813874e-06 1.115810e+00 1.903773e-06
7.850000e+00 4.200000e-01 4.105346e-01 -7.252146e-06 1.115812e+00 2.203247e-06
7.900000e+00 4.200000e-01 4.105345e-01 1.203615e-05 1.115812e+00 3.302487e-06
7.950000e+00 4.200000e-01 4.105342e-01 -2.288851e-05 1.115816e+00 3.519260e-06
8.000000e+00 4.200000e-01 4.105341e-01 3.654358e-05 1.115815e+00 5.680864e-06
8.050000e+00 4.200000e-01 4.105337e-01 -5.785613e-05 1.115824e+00 5.776448e-06
8.100000e+00 4.200000e-01 4.105335e-01 8.084011e-05 1.115820e+00 9.355300e-06
8.150000e+00 4.200000e-01 4.105327e-01 -1.053656e-04 1.115837e+00 1.014931e-05
8.200000e+00 4.200000e-01 4.105325e-01 1.191538e-04 1.115830e+00 1.453102e-05
8.250000e+00 4.200000e-01 4.105313e-01 -1.178585e-04 1.115855e+00 1.844253e-05
8.300000e+00 4.200000e-01 4.105307e-01 9.286630e-05 1.115853e+00 2.263255e-05
8.350000e+00 4.200000e-01 4.105290e-01 -5.682051e-05 1.115880e+00 3.141378e-05
8.400000e+00 4.200000e-01 4.105275e-01 3.010605e-05 1.115892e+00 3.875327e-05
8.450000e+00 4.200000e-01 4.105251e-01 -5.106723e-05 1.115926e+00 4.907580e-05
8.500000e+00 4.200000e-01 4.105226e-01 1.334185e-04 1.115946e+00 6.829362e-05
8.550000e+00 4.200000e-01 4.105183e-01 -2.517789e-04 1.116013e+00 8.018417e-05
8.600000e+00 4.200000e-01 4.105146e-01 3.146254e-04 1.116034e+00 1.091714e-04
8.650000e+00 4.200000e-01 4.105074e-01 -2.321510e-04 1.116143e+00 1.428566e-04
8.700000e+00 4.200000e-01 4.105003e-01 4.220326e-06 1.116209e+00 1.726984e-04
8.750000e+00 4.200000e-01 4.104901e-01 1.861401e-04 1.116337e+00 2.345370e-04
8.800000e+00 4.200000e-01 4.104769e-01 -8.129878e-05 1.116489e+00 3.040555e-04
8.850000e+00 4.200000e-01 4.104597e-01 -3.801585e-04 1.116708e+00 3.691501e-04
8.900000e+00 4.200000e-01 4.104400e-01 8.024558e-04 1.116903e+00 5.019906e-04
8.950000e+00 4.200000e-01 4.104095e-01 -5.759489e-04 1.117310e+00 6.474155e-04
9.000000e+00 4.200000e-01 4.103752e-01 -3.717067e-04 1.117684e+00 7.931035e-04
9.050000e+00 4.200000e-01 4.103302e-01 1.029129e-03 1.118213e+00 1.061059e-03
9.100000e+00 4.200000e-01 4.102691e-01 -1.678583e-04 1.118939e+00 1.389113e-03
9.150000e+00 4.200000e-01 4.101913e-01 -1.722392e-03 1.119894e+00 1.704520e-03
9.200000e+00 4.200000e-01 4.100987e-01 1.991655e-03 1.120904e+00 2.234587e-03
9.250000e+00 4.200000e-01 4.099678e-01 8.644900e-04 1.122504e+00 2.972463e-03
9.300000e+00 4.200000e-01 4.098014e-01 -3.454271e-03 1.124478e+00 3.704253e-03
9.350000e+00 4.200000e-01 4.095974e-01 5.473600e-04 1.126854e+00 4.715785e-03
9.400000e+00 4.200000e-01 4.093298e-01 5.475452e-03 1.129932e+00 6.317577e-03
9.450000e+00 4.200000e-01 4.089657e-01 -3.960723e-03 1.134333e+00 8.140333e-03
9.500000e+00 4.200000e-01 4.085158e-01 -6.733760e-03 1.139581e+00 1.020723e-02
9.550000e+00 4.200000e-01 4.079449e-01 8.722437e-03 1.146199e+00 1.342095e-02
9.600000e+00 4.200000e-01 4.071737e-01 7.999386e-03 1.155149e+00 1.794079e-02
9.650000e+00 4.200000e-01 4.061509e-01 -1.604311e-02 1.167208e+00 2.311649e-02
9.700000e+00 4.200000e-01 4.048621e-01 -8.026523e-03 1.182157e+00 2.981443e-02
9.750000e+00 4.200000e-01 4.031694e-01 2.371337e-02 1.201602e+00 4.000324e-02
9.800000e+00 4.200000e-01 4.008617e-01 7.131620e-03 1.228023e+00 5.395189e-02
9.850000e+00 4.200000e-01 3.977742e-01 -2.514561e-02 1.263681e+00 7.164149e-02
9.900000e+00 4.200000e-01 3.936976e-01 -5.862154e-03 1.310716e+00 9.556153e-02
9.950000e+00 4.200000e-01 3.882181e-01 7.053829e-03 1.374164e+00 1.284159e-01
1.000000e+01 4.200000e-01 3.808560e-01 3.504094e-03 0.000000e+00 0.000000e+00
0.000000e+00 4.400000e-01 4.102560e-01 -7.200000e-01 0.000000e+00 0.000000e+00
5.000000e-02 4.400000e-01 4.108748e-01 3.002186e-01 1.476972e+00 5.270604e-03
1.000000e-01 4.400000e-01 4.097289e-01 9.035585e-01 1.501710e+00 3.633050e-02
1.500000e-01 4.400000e-01 4.072418e-01 -3.755220e+00 1.499341e+00 -2.508496e-03
2.000000e-01 4.400000e-01 4.099798e-01 -4.240295e+00 1.441262e+00 -7.675647e-02
2.500000e-01 4.400000e-01 4.149174e-01 3.992489e+00 1.442225e+00 -1.198648e-02
3.000000e-01 4.400000e-01 4.111784e-01 5.051487e+00 1.535749e+00 1.150926e-01
3.500000e-01 4.400000e-01 4.034082e-01 -6.172511e+00 1.554730e+00 4.238482e-02
4.000000e-01 4.400000e-01 4.069400e-01 -9.113782e+00 1.438066e+00 -1.374559e-01
4.500000e-01 4.400000e-01 4.171537e-01 4.430339e+00 1.400341e+00 -7.744724e-02
5.000000e-01 4.400000e-01 4.146847e-01 9.786935e+00 1.538494e+00 1.488761e-01
5.500000e-01 4.400000e-01 4.022661e-01 -3.961036e+00 1.621790e+00 1.300316e-01
6.000000e-01 4.400000e-01 4.016815e-01 -1.330574e+01 1.494750e+00 -1.266843e-01
6.500000e-01 4.400000e-01 4.149346e-01 -5.690066e-01 1.374694e+00 -1.695407e-01
7.000000e-01 4.400000e-01 4.186356e-01 1.171454e+01 1.484300e+00 8.615440e-02
7.500000e-01 4.400000e-01 4.063191e-01 2.628795e+00 1.640943e+00 2.006554e-01
8.000000e-01 4.400000e-01 3.985701e-01 -1.203391e+01 1.589051e+00 -1.905688e-02
8.500000e-01 4.400000e-01 4.082248e-01 -8.023062e+00 1.413961e+00 -2.006729e-01
9.000000e-01 4.400000e-01 4.186373e-01 7.221181e+00 1.408917e+00 -5.076334e-02
9.500000e-01 4.400000e-01 4.133012e-01 8.141826e+00 1.566349e+00 1.641934e-01
1.000000e+00 4.400000e-01 4.022180e-01 -4.459747e+00 1.628642e+00 1.036488e-01
1.050000e+00 4.400000e-01 4.029363e-01 -1.022756e+01 1.507882e+00 -1.107561e-01
1.100000e+00 4.400000e-01 4.132936e-01 -1.232204e+00 1.397669e+00 -1.388272e-01
1.150000e+00 4.400000e-01 4.168190e-01 6.856542e+00 1.452972e+00 3.251437e-02
1.200000e+00 4.400000e-01 4.100422e-01 2.733565e+00 1.558749e+00 1.207362e-01
1.250000e+00 4.400000e-01 4.047454e-01 -5.207542e+00 1.553285e+00 1.611569e-02
1.300000e+00 4.400000e-01 4.084306e-01 -5.347299e+00 1.454990e+00 -9.951567e-02
1.350000e+00 4.400000e-01 4.146969e-01 8.738173e-01 1.405271e+00 -6.570773e-02
1.400000e+00 4.400000e-01 4.150014e-01 3.561980e+00 1.450302e+00 3.815443e-02
1.450000e+00 4.400000e-01 4.108815e-01 2.128999e-01 1.500309e+00 5.745770e-02
1.500000e+00 4.400000e-01 4.092556e-01 -3.223852e+00 1.481996e+00 -1.238785e-02
1.550000e+00 4.400000e-01 4.121203e-01 -2.429535e+00 1.424372e+00 -6.031128e-02
1.600000e+00 4.400000e-01 4.152867e-01 3.974653e-01 1.397621e+00 -3.230538e-02
1.650000e+00 4.400000e-01 4.153508e-01 1.207215e+00 1.415803e+00 1.605971e-02
1.700000e+00 4.400000e-01 4.136808e-01 -3.085019e-01 1.435619e+00 2.016845e-02
1.750000e+00 4.400000e-01 4.133340e-01 -1.643250e+00 1.423940e+00 -1.298175e-02
1.800000e+00 4.400000e-01 4.149789e-01 -1.352068e+00 1.391669e+00 -3.532158e-02
1.850000e+00 4.400000e-01 4.168661e-01 -2.933813e-01 1.368650e+00 -2.559257e-02
1.900000e+00 4.400000e-01 4.175382e-01 1.408659e-01 1.365708e+00 -4.566141e-03
1.950000e+00 4.400000e-01 4.173227e-01 -2.786218e-01 1.369142e+00 1.290936e-03
2.000000e+00 4.400000e-01 4.174091e-01 -8.258237e-01 1.362400e+00 -1.047148e-02
2.050000e+00 4.400000e-01 4.183699e-01 -9.196032e-01 1.342895e+00 -2.404919e-02
2.100000e+00 4.400000e-01 4.198140e-01 -6.207933e-01 1.319816e+00 -2.698630e-02
2.150000e+00 4.400000e-01 4.210685e-01 -3.155601e-01 1.302192e+00 -2.048532e-02
2.200000e+00 4.400000e-01 4.218626e-01 -2.434376e-01 1.291380e+00 -1.345784e-02
2.250000e+00 4.400000e-01 4.224143e-01 -3.620345e-01 1.282552e+00 -1.234121e-02
2.300000e+00 4.400000e-01 4.230967e-01 -5.033005e-01 1.270297e+00 -1.706476e-02
2.350000e+00 4.400000e-01 4.241208e-01 -5.507334e-01 1.252429e+00 -2.357666e-02
2.400000e+00 4.400000e-01 4.254543e-01 -4.918264e-01 1.230249e+00 -2.798314e-02
2.450000e+00 4.400000e-01 4.269191e-01 -3.748612e-01 1.206746e+00 -2.867893e-02
2.500000e+00 4.400000e-01 4.283222e-01 -2.522456e-01 1.184767e+00 -2.614824e-02
2.550000e+00 4.400000e-01 4.295339e-01 -1.536225e-01 1.166077e+00 -2.179575e-02
2.600000e+00 4.400000e-01 4.305018e-01 -8.624279e-02 1.151291e+00 -1.697142e-02
2.650000e+00 4.400000e-01 4.312311e-01 -4.523923e-02 1.140217e+00 -1.255151e-02
2.700000e+00 4.400000e-01 4.317570e-01 -2.239656e-02 1.132259e+00 -8.929338e-03
2.750000e+00 4.400000e-01 4.321240e-01 -1.054218e-02 1.126719e+00 -6.169893e-03
2.800000e+00 4.400000e-01 4.323739e-01 -4.743907e-03 1.122953e+00 -4.170831e-03
2.850000e+00 4.400000e-01 4.325411e-01 -2.049140e-03 1.120438e+00 -2.773268e-03
2.900000e+00 4.400000e-01 4.326513e-01 -8.522825e-04 1.118783e+00 -1.820906e-03
2.950000e+00 4.400000e-01 4.327232e-01 -3.421616e-04 1.117705e+00 -1.183916e-03
3.000000e+00 4.400000e-01 4.327697e-01 -1.328657e-04 1.117010e+00 -7.637130e-04
3.050000e+00 4.400000e-01 4.327995e-01 -5.000836e-05 1.116564e+00 -4.894168e-04
3.100000e+00 4.400000e-01 4.328186e-01 -1.829915e-05 1.116280e+00 -3.118400e-04
3.150000e+00 4.400000e-01 4.328307e-01 -6.551319e-06 1.116101e+00 -1.976594e-04
3.200000e+00 4.400000e-01 4.328384e-01 -2.332897e-06 1.115988e+00 -1.246738e-04
3.250000e+00 4.400000e-01 4.328432e-01 -8.635014e-07 1.115917e+00 -7.826995e-05
3.300000e+00 4.400000e-01 4.328462e-01 -3.667427e-07 1.115874e+00 -4.891601e-05
3.350000e+00 4.400000e-01 4.328481e-01 -2.037621e-07 1.115847e+00 -3.043935e-05
3.400000e+00 4.400000e-01 4.328492e-01 -1.519351e-07 1.115830e+00 -1.886674e-05
3.450000e+00 4.400000e-01 4.328500e-01 -1.360255e-07 1.115820e+00 -1.165441e-05
3.500000e+00 4.400000e-01 4.328504e-01 -1.313619e-07 1.115814e+00 -7.181897e-06
3.550000e+00 4.400000e-01 4.328507e-01 -1.300957e-07 1.115810e+00 -4.422001e-06
3.600000e+00 4.400000e-01 4.328509e-01 -1.298078e-07 1.115808e+00 -2.726809e-06
3.650000e+00 4.400000e-01 4.328510e-01 -1.297796e-07 1.115807e+00 -1.689760e-06
3.700000e+00 4.400000e-01 4.328510e-01 -1.298078e-07 1.115806e+00 -1.057131e-06
3.750000e+00 4.400000e-01 4.328511e-01 -1.298399e-07 1.115806e+00 -6.715130e-07
3.800000e+00 4.400000e-01 4.328511e-01 -1.298651e-07 1.115806e+00 -4.358719e-07
3.850000e+00 4.400000e-01 4.328511e-01 -1.298830e-07 1.115806e+00 -2.908043e-07
3.900000e+00 4.400000e-01 4.328511e-01 -1.298954e-07 1.115806e+00 -2.002170e-07
3.950000e+00 4.400000e-01 4.328511e-01 -1.299038e-07 1.115806e+00 -1.423547e-07
4.000000e+00 4.400000e-01 4.328511e-01 -1.299095e-07 1.115806e+00 -1.042124e-07
4.050000e+00 4.400000e-01 4.328511e-01 -1.299134e-07 1.115806e+00 -7.807863e-08
4.100000e+00 4.400000e-01 4.328511e-01 -1.299161e-07 1.115806e+00 -5.941133e-08
4.150000e+00 4.400000e-01 4.328511e-01 -1.299180e-07 1.115806e+00 -4.554524e-08
4.200000e+00 4.400000e-01 4.328511e-01 -1.299193e-07 1.115806e+00 -3.491219e-08
4.250000e+00 4.400000e-01 4.328511e-01 -1.299202e-07 1.115806e+00 -2.657673e-08
4.300000e+00 4.400000e-01 4.328511e-01 -1.299208e-07 1.115806e+00 -1.996351e-08
4.350000e+00 4.400000e-01 4.328511e-01 -1.299213e-07 1.115806e+00 -1.469982e-08
4.400000e+00 4.400000e-01 4.328511e-01 -1.299216e-07 1.115806e+00 -1.052677e-08
4.450000e+00 4.400000e-01 4.328511e-01 -1.299219e-07 1.115806e+00 -7.250210e-09
4.500000e+00 4.400000e-01 4.328511e-01 -1.299220e-07 1.115806e+00 -4.714663e-09
4.550000e+00 4.400000e-01 4.328511e-01 -1.299222e-07 1.115806e+00 -2.789816e-09
4.600000e+00 4.400000e-01 4.328512e-01 -1.299223e-07 1.115806e+00 -1.363823e-09
4.650000e+00 4.400000e-01 4.328512e-01 -1.299224e-07 1.115806e+00 -3.400108e-10
4.700000e+00 4.400000e-01 4.328512e-01 -1.299224e-07 1.115806e+00 3.648387e-10
4.750000e+00 4.400000e-01 4.328512e-01 -1.299224e-07 1.115806e+00 8.216067e-10
4.800000e+00 4.400000e-01 4.328512e-01 -1.299225e-07 1.115806e+00 1.089794e-09
4.850000e+00 4.400000e-01 4.328511e-01 -1.299225e-07 1.115806e+00 1.218498e-09
4.900000e+00 4.400000e-01 4.328511e-01 -1.299225e-07 1.115806e+00 1.247489e-09
4.950000e+00 4.400000e-01 4.328511e-01 -1.299225e-07 1.115806e+00 1.208319e-09
5.000000e+00 4.400000e-01 4.328511e-01 -1.299225e-07 1.115806e+00 1.125462e-09
5.050000e+00 4.400000e-01 4.328511e-01 -1.299225e-07 1.115806e+00 1.017437e-09
5.100000e+00 4.400000e-01 4.328511e-01 -1.299225e-07 1.115806e+00 8.978324e-10
5.150000e+00 4.400000e-01 4.328511e-01 -1.299225e-07 1.115806e+00 7.762552e-10
5.200000e+00 4.400000e-01 4.328511e-01 -1.299225e-07 1.115806e+00 6.591788e-10
5.250000e+00 4.400000e-01 4.328511e-01 -1.299225e-07 1.115806e+00 5.506551e-10
5.300000e+00 4.400000e-01 4.328511e-01 -1.299225e-07 1.115806e+00 4.529244e-10
5.350000e+00 4.400000e-01 4.328511e-01 -1.299226e-07 1.115806e+00 3.669248e-10
5.400000e+00 4.400000e-01 4.328511e-01 -1.299226e-07 1.115806e+00 2.926831e-10
5.450000e+00 4.400000e-01 4.328511e-01 -1.299226e-07 1.115806e+00 2.296369e-10
5.500000e+00 4.400000e-01 4.328511e-01 -1.299226e-07 1.115806e+00 1.768713e-10
5.550000e+00 4.400000e-01 4.328511e-01 -1.299226e-07 1.115806e+00 1.333084e-10
5.600000e+00 4.400000e-01 4.328511e-01 -1.299226e-07 1.115806e+00 9.784673e-11
5.650000e+00 4.400000e-01 4.328511e-01 -1.299226e-07 1.115806e+00 6.944501e-11
5.700000e+00 4.400000e-01 4.328511e-01 -1.299226e-07 1.115806e+00 4.720335e-11
5.750000e+00 4.400000e-01 4.328511e-01 -1.299226e-07 1.115806e+00 3.040956e-11
5.800000e+00 4.400000e-01 4.328511e-01 -1.299226e-07 1.115806e+00 1.858069e-11
5.850000e+00 4.400000e-01 4.328511e-01 -1.299226e-07 1.115806e+00 1.150968e-11
5.900000e+00 4.400000e-01 4.328511e-01 -1.299226e-07 1.115806e+00 9.285350e-12
5.950000e+00 4.400000e-01 4.328511e-01 -1.299226e-07 1.115806e+00 1.235845e-11
6.000000e+00 4.400000e-01 4.328511e-01 -1.299226e-07 1.115806e+00 2.159828e-11
6.050000e+00 4.400000e-01 4.328511e-01 -1.299226e-07 1.115806e+00 3.837208e-11
6.100000e+00 4.400000e-01 4.328511e-01 -1.299226e-07 1.115806e+00 6.467493e-11
6.150000e+00 4.400000e-01 4.328511e-01 -1.299226e-07 1.115806e+00 1.032807e-10
6.200000e+00 4.400000e-01 4.328511e-01 -1.299226e-07 1.115806e+00 1.579409e-10
6.250000e+00 4.400000e-01 4.328511e-01 -1.299226e-07 1.115806e+00 2.336586e-10
6.300000e+00 4.400000e-01 4.328511e-01 -1.299226e-07 1.115806e+00 3.370709e-10
6.350000e+00 4.400000e-01 4.328511e-01 -1.299226e-07 1.115806e+00 4.768924e-10
6.400000e+00 4.400000e-01 4.328511e-01 -1.299226e-07 1.115806e+00 6.645351e-10
6.450000e+00 4.400000e-01 4.328511e-01 -1.299226e-07 1.115806e+00 9.149226e-10
6.500000e+00 4.400000e-01 4.328511e-01 -1.299226e-07 1.115806e+00 1.247518e-09
6.550000e+00 4.400000e-01 4.328511e-01 -1.299226e-07 1.115806e+00 1.687663e-09
6.600000e+00 4.400000e-01 4.328511e-01 -1.299226e-07 1.115806e+00 2.268333e-09
6.650000e+00 4.400000e-01 4.328511e-01 -1.299226e-07 1.115806e+00 3.032385e-09
6.700000e+00 4.400000e-01 4.328511e-01 -1.299226e-07 1.115806e+00 4.035493e-09
6.750000e+00 4.400000e-01 4.328511e-01 -1.299226e-07 1.115806e+00 5.349919e-09
6.800000e+00 4.400000e-01 4.328511e-01 -1.299226e-07 1.115806e+00 7.069403e-09
6.850000e+00 4.400000e-01 4.328511e-01 -1.299226e-07 1.115806e+00 9.315499e-09
6.900000e+00 4.400000e-01 4.328511e-01 -1.299226e-07 1.115806e+00 1.224575e-08
6.950000e+00 4.400000e-01 4.328511e-01 -1.299226e-07 1.115806e+00 1.606422e-08
7.000000e+00 4.400000e-01 4.328511e-01 -1.299225e-07 1.115806e+00 2.103523e-08
7.050000e+00 4.400000e-01 4.328511e-01 -1.299229e-07 1.115806e+00 2.750085e-08
7.100000e+00 4.400000e-01 4.328511e-01 -1.299216e-07 1.115806e+00 3.590396e-08
7.150000e+00 4.400000e-01 4.328511e-01 -1.299262e-07 1.115806e+00 4.681690e-08
7.200000e+00 4.400000e-01 4.328511e-01 -1.299111e-07 1.115806e+00 6.098198e-08
7.250000e+00 4.400000e-01 4.328511e-01 -1.299599e-07 1.115806e+00 7.935233e-08
7.300000e+00 4.400000e-01 4.328511e-01 -1.298083e-07 1.115806e+00 1.031806e-07
7.350000e+00 4.400000e-01 4.328511e-01 -1.302660e-07 1.115806e+00 1.340246e-07
7.400000e+00 4.400000e-01 4.328511e-01 -1.289293e-07 1.115806e+00 1.740732e-07
7.450000e+00 4.400000e-01 4.328511e-01 -1.327062e-07 1.115807e+00 2.256632e-07
7.500000e+00 4.400000e-01 4.328511e-01 -1.223999e-07 1.115807e+00 2.931334e-07
7.550000e+00 4.400000e-01 4.328511e-01 -1.495326e-07 1.115807e+00 3.786605e-07
7.600000e+00 4.400000e-01 4.328511e-01 -8.073049e-08 1.115807e+00 4.936109e-07
7.650000e+00 4.400000e-01 4.328510e-01 -2.485069e-07 1.115808e+00 6.321165e-07
7.700000e+00 4.400000e-01 4.328510e-01 1.441720e-07 1.115808e+00 8.339003e-07
7.750000e+00 4.400000e-01 4.328509e-01 -7.360130e-07 1.115809e+00 1.046002e-06
7.800000e+00 4.400000e-01 4.328509e-01 1.148595e-06 1.115810e+00 1.419227e-06
7.850000e+00 4.400000e-01 4.328508e-01 -2.694349e-06 1.115812e+00 1.709940e-06
7.900000e+00 4.400000e-01 4.328507e-01 4.741343e-06 1.115813e+00 2.433608e-06
7.950000e+00 4.400000e-01 4.328506e-01 -8.850052e-06 1.115816e+00 2.775070e-06
8.000000e+00 4.400000e-01 4.328504e-01 1.448894e-05 1.115817e+00 4.152432e-06
8.050000e+00 4.400000e-01 4.328501e-01 -2.289532e-05 1.115823e+00 4.576739e-06
8.100000e+00 4.400000e-01 4.328500e-01 3.243946e-05 1.115823e+00 6.876955e-06
8.150000e+00 4.400000e-01 4.328495e-01 -4.227087e-05 1.115835e+00 7.886627e-06
8.200000e+00 4.400000e-01 4.328492e-01 4.802669e-05 1.115835e+00 1.092522e-05
8.250000e+00 4.400000e-01 4.328484e-01 -4.687536e-05 1.115853e+00 1.393923e-05
8.300000e+00 4.400000e-01 4.328478e-01 3.575972e-05 1.115858e+00 1.735960e-05
8.350000e+00 4.400000e-01 4.328466e-01 -1.900260e-05 1.115881e+00 2.361673e-05
8.400000e+00 4.400000e-01 4.328454e-01 6.340049e-06 1.115897e+00 2.943464e-05
8.450000e+00 4.400000e-01 4.328437e-01 -1.409799e-05 1.115928e+00 3.759295e-05
8.500000e+00 4.400000e-01 4.328417e-01 5.013382e-05 1.115956e+00 5.108394e-05
8.550000e+00 4.400000e-01 4.328386e-01 -1.028908e-04 1.116014e+00 6.161257e-05
8.600000e+00 4.400000e-01 4.328355e-01 1.317198e-04 1.116053e+00 8.265865e-05
8.650000e+00 4.400000e-01 4.328303e-01 -9.275041e-05 1.116148e+00 1.076610e-04
8.700000e+00 4.400000e-01 4.328248e-01 -1.559748e-05 1.116230e+00 1.323191e-04
8.750000e+00 4.400000e-01 4.328171e-01 1.094570e-04 1.116356e+00 1.775300e-04
8.800000e+00 4.400000e-01 4.328070e-01 -6.219024e-05 1.116518e+00 2.293741e-04
8.850000e+00 4.400000e-01 4.327941e-01 -1.611311e-04 1.116732e+00 2.828031e-04
8.900000e+00 4.400000e-01 4.327787e-01 3.723158e-04 1.116963e+00 3.797485e-04
8.950000e+00 4.400000e-01 4.327562e-01 -2.621242e-04 1.117351e+00 4.891764e-04
9.000000e+00 4.400000e-01 4.327298e-01 -2.202256e-04 1.117762e+00 6.059876e-04
9.050000e+00 4.400000e-01 4.326956e-01 5.694174e-04 1.118310e+00 8.048479e-04
9.100000e+00 4.400000e-01 4.326493e-01 -1.300257e-04 1.119063e+00 1.049030e-03
9.150000e+00 4.400000e-01 4.325907e-01 -8.788073e-04 1.120026e+00 1.299578e-03
9.200000e+00 4.400000e-01 4.325194e-01 1.051968e-03 1.121133e+00 1.699412e-03
9.250000e+00 4.400000e-01 4.324207e-01 4.999346e-04 1.122752e+00 2.247108e-03
9.300000e+00 4.400000e-01 4.322946e-01 -1.993176e-03 1.124798e+00 2.814351e-03
9.350000e+00 4.400000e-01 4.321393e-01 4.220169e-04 1.127279e+00 3.593935e-03
9.400000e+00 4.400000e-01 4.319353e-01 3.115485e-03 1.130528e+00 4.790921e-03
9.450000e+00 4.400000e-01 4.316602e-01 -2.466062e-03 1.135026e+00 6.171421e-03
9.500000e+00 4.400000e-01 4.313181e-01 -3.913173e-03 1.140516e+00 7.772236e-03
9.550000e+00 4.400000e-01 4.308830e-01 5.706729e-03 1.147447e+00 1.022280e-02
9.600000e+00 4.400000e-01 4.302958e-01 4.303019e-03 1.156839e+00 1.363271e-02
9.650000e+00 4.400000e-01 4.295197e-01 -1.056912e-02 1.169373e+00 1.757711e-02
9.700000e+00 4.400000e-01 4.285381e-01 -3.596457e-03 1.185050e+00 2.273889e-02
9.750000e+00 4.400000e-01 4.272458e-01 1.579501e-02 1.205540e+00 3.053707e-02
9.800000e+00 4.400000e-01 4.254844e-01 1.953175e-03 1.233519e+00 4.113765e-02
9.850000e+00 4.400000e-01 4.231320e-01 -1.673947e-02 1.271074e+00 5.460044e-02
9.900000e+00 4.400000e-01 4.200244e-01 -1.461648e-03 1.320589e+00 7.281681e-02
9.950000e+00 4.400000e-01 4.158504e-01 5.150577e-03 1.387242e+00 9.768370e-02
1.000000e+01 4.400000e-01 4.102560e-01 3.316026e-03 0.000000e+00 0.000000e+00
0.000000e+00 4.600000e-01 4.399440e-01 -4.800000e-01 0.000000e+00 0.000000e+00
5.000000e-02 4.600000e-01 4.404647e-01 1.265911e-01 1.481016e+00 1.223179e-03
1.000000e-01 4.600000e-01 4.398217e-01 1.198030e+00 1.503041e+00 2.799478e-02
1.500000e-01 4.600000e-01 4.376652e-01 -2.203861e+00 1.534410e+00 6.051023e-03
2.000000e-01 4.600000e-01 4.392166e-01 -3.931396e+00 1.482118e+00 -5.798669e-02
2.500000e-01 4.600000e-01 4.434639e-01 2.195367e+00 1.419275e+00 -2.339752e-02
3.000000e-01 4.600000e-01 4.415563e-01 5.208683e+00 1.495487e+00 8.306795e-02
3.500000e-01 4.600000e-01 4.351571e-01 -2.797966e+00 1.600589e+00 4.971699e-02
4.000000e-01 4.600000e-01 4.365846e-01 -7.644151e+00 1.520600e+00 -9.677298e-02
4.500000e-01 4.600000e-01 4.448344e-01 1.709956e+00 1.379123e+00 -8.068921e-02
5.000000e-01 4.600000e-01 4.446536e-01 9.046136e+00 1.453402e+00 9.694895e-02
5.500000e-01 4.600000e-01 4.351395e-01 4.155389e-01 1.636741e+00 1.177138e-01
6.000000e-01 4.600000e-01 4.328822e-01 -9.510809e+00 1.605610e+00 -7.469235e-02
6.500000e-01 4.600000e-01 4.426087e-01 -2.478013e+00 1.400699e+00 -1.445326e-01
7.000000e-01 4.600000e-01 4.473354e-01 9.438128e+00 1.388093e+00 3.684784e-02
7.500000e-01 4.600000e-01 4.389239e-01 5.933234e+00 1.592481e+00 1.580519e-01
8.000000e-01 4.600000e-01 4.315302e-01 -6.521824e+00 1.674426e+00 1.506591e-02
8.500000e-01 4.600000e-01 4.374173e-01 -7.094432e+00 1.498792e+00 -1.476438e-01
9.000000e-01 4.600000e-01 4.462946e-01 4.456477e+00 1.365042e+00 -6.462445e-02
9.500000e-01 4.600000e-01 4.438798e-01 8.484130e+00 1.480643e+00 1.110270e-01
1.000000e+00 4.600000e-01 4.351919e-01 -5.686471e-02 1.639489e+00 9.711183e-02
1.050000e+00 4.600000e-01 4.341686e-01 -6.800640e+00 1.594384e+00 -6.372598e-02
1.100000e+00 4.600000e-01 4.415645e-01 -1.960685e+00 1.429885e+00 -1.115240e-01
1.150000e+00 4.600000e-01 4.453210e-01 5.238535e+00 1.400753e+00 6.516156e-03
1.200000e+00 4.600000e-01 4.409129e-01 3.935796e+00 1.517515e+00 9.022688e-02
1.250000e+00 4.600000e-01 4.362983e-01 -2.260120e+00 1.583451e+00 2.739335e-02
1.300000e+00 4.600000e-01 4.381736e-01 -3.860610e+00 1.508797e+00 -6.586670e-02
1.350000e+00 4.600000e-01 4.428850e-01 1.545552e-01 1.414516e+00 -5.543842e-02
1.400000e+00 4.600000e-01 4.437174e-01 2.867094e+00 1.422725e+00 2.052000e-02
1.450000e+00 4.600000e-01 4.408330e-01 1.020402e+00 1.489133e+00 4.497388e-02
1.500000e+00 4.600000e-01 4.392200e-01 -1.774338e+00 1.505320e+00 -1.203460e-03
1.550000e+00 4.600000e-01 4.409533e-01 -1.778811e+00 1.453480e+00 -4.104941e-02
1.600000e+00 4.600000e-01 4.433250e-01 1.194719e-01 1.405754e+00 -2.649744e-02
1.650000e+00 4.600000e-01 4.436031e-01 9.656862e-01 1.409602e+00 8.999737e-03
1.700000e+00 4.600000e-01 4.424250e-01 6.289042e-02 1.436302e+00 1.606025e-02
1.750000e+00 4.600000e-01 4.419970e-01 -9.803146e-01 1.438074e+00 -5.958849e-03
1.800000e+00 4.600000e-01 4.430209e-01 -9.466596e-01 1.409045e+00 -2.363464e-02
1.850000e+00 4.600000e-01 4.443605e-01 -2.525487e-01 1.379156e+00 -1.881289e-02
1.900000e+00 4.600000e-01 4.449022e-01 1.139069e-01 1.369866e+00 -4.034515e-03
1.950000e+00 4.600000e-01 4.447640e-01 -1.219274e-01 1.373618e+00 1.365983e-03
2.000000e+00 4.600000e-01 4.447656e-01 -5.093959e-01 1.371064e+00 -6.007776e-03
2.050000e+00 4.600000e-01 4.453647e-01 -6.143290e-01 1.354195e+00 -1.568781e-02
2.100000e+00 4.600000e-01 4.463344e-01 -4.335590e-01 1.330238e+00 -1.840155e-02
2.150000e+00 4.600000e-01 4.472049e-01 -2.215998e-01 1.310010e+00 -1.426869e-02
2.200000e+00 4.600000e-01 4.477612e-01 -1.583176e-01 1.297327e+00 -9.293312e-03
2.250000e+00 4.600000e-01 4.481342e-01 -2.308271e-01 1.288244e+00 -8.188676e-03
2.300000e+00 4.600000e-01 4.485801e-01 -3.281771e-01 1.276694e+00 -1.119687e-02
2.350000e+00 4.600000e-01 4.492539e-01 -3.663192e-01 1.259445e+00 -1.562687e-02
2.400000e+00 4.600000e-01 4.501428e-01 -3.317085e-01 1.237211e+00 -1.874527e-02
2.450000e+00 4.600000e-01 4.511284e-01 -2.552255e-01 1.212979e+00 -1.935748e-02
2.500000e+00 4.600000e-01 4.520785e-01 -1.728532e-01 1.189886e+00 -1.773770e-02
2.550000e+00 4.600000e-01 4.529022e-01 -1.057339e-01 1.170010e+00 -1.483237e-02
2.600000e+00 4.600000e-01 4.535618e-01 -5.953489e-02 1.154165e+00 -1.157229e-02
2.650000e+00 4.600000e-01 4.540594e-01 -3.129153e-02 1.142242e+00 -8.568936e-03
2.700000e+00 4.600000e-01 4.544187e-01 -1.551172e-02 1.133650e+00 -6.100717e-03
2.750000e+00 4.600000e-01 4.546695e-01 -7.307535e-03 1.127657e+00 -4.217570e-03
2.800000e+00 4.600000e-01 4.548404e-01 -3.289999e-03 1.123577e+00 -2.852230e-03
2.850000e+00 4.600000e-01 4.549547e-01 -1.421506e-03 1.120850e+00 -1.897255e-03
2.900000e+00 4.600000e-01 4.550301e-01 -5.912891e-04 1.119053e+00 -1.246273e-03
2.950000e+00 4.600000e-01 4.550794e-01 -2.373604e-04 1.117881e+00 -8.107289e-04
3.000000e+00 4.600000e-01 4.551112e-01 -9.213508e-05 1.117124e+00 -5.233176e-04
3.050000e+00 4.600000e-01 4.551317e-01 -3.464133e-05 1.116638e+00 -3.356304e-04
3.100000e+00 4.600000e-01 4.551448e-01 -1.263889e-05 1.116328e+00 -2.140675e-04
3.150000e+00 4.600000e-01 4.551531e-01 -4.487169e-06 1.116131e+00 -1.358612e-04
3.200000e+00 4.600000e-01 4.551584e-01 -1.559722e-06 1.116007e+00 -8.583901e-05
3.250000e+00 4.600000e-01 4.551617e-01 -5.396636e-07 1.115930e+00 -5.401102e-05
3.300000e+00 4.600000e-01 4.551638e-01 -1.945214e-07 1.115881e+00 -3.385858e-05
3.350000e+00 4.600000e-01 4.551651e-01 -8.106409e-08 1.115852e+00 -2.115863e-05
3.400000e+00 4.600000e-01 4.551659e-01 -4.482656e-08 1.115833e+00 -1.319165e-05
3.450000e+00 4.600000e-01 4.551664e-01 -3.359059e-08 1.115822e+00 -8.215746e-06
3.500000e+00 4.600000e-01 4.551667e-01 -3.021847e-08 1.115815e+00 -5.120794e-06
3.550000e+00 4.600000e-01 4.551669e-01 -2.924700e-08 1.115811e+00 -3.202764e-06
3.600000e+00 4.600000e-01 4.551670e-01 -2.898451e-08 1.115809e+00 -2.017385e-06
3.650000e+00 4.600000e-01 4.551671e-01 -2.892272e-08 1.115807e+00 -1.285741e-06
3.700000e+00 4.600000e-01 4.551672e-01 -2.891400e-08 1.115807e+00 -8.336738e-07
3.750000e+00 4.600000e-01 4.551672e-01 -2.891730e-08 1.115806e+00 -5.530609e-07
3.800000e+00 4.600000e-01 4.551672e-01 -2.892202e-08 1.115806e+00 -3.771905e-07
3.850000e+00 4.600000e-01 4.551672e-01 -2.892587e-08 1.115806e+00 -2.651674e-07
3.900000e+00 4.600000e-01 4.551672e-01 -2.892865e-08 1.115806e+00 -1.920921e-07
3.950000e+00 4.600000e-01 4.551672e-01 -2.893058e-08 1.115806e+00 -1.429059e-07
4.000000e+00 4.600000e-01 4.551672e-01 -2.893191e-08 1.115806e+00 -1.085577e-07
4.050000e+00 4.600000e-01 4.551673e-01 -2.893282e-08 1.115806e+00 -8.363188e-08
4.100000e+00 4.600000e-01 4.551673e-01 -2.893345e-08 1.115806e+00 -6.489137e-08
4.150000e+00 4.600000e-01 4.551673e-01 -2.893389e-08 1.115806e+00 -5.039127e-08
4.200000e+00 4.600000e-01 4.551673e-01 -2.893419e-08 1.115806e+00 -3.894469e-08
4.250000e+00 4.600000e-01 4.551673e-01 -2.893441e-08 1.115806e+00 -2.980497e-08
4.300000e+00 4.600000e-01 4.551673e-01 -2.893456e-08 1.115806e+00 -2.247938e-08
4.350000e+00 4.600000e-01 4.551673e-01 -2.893467e-08 1.115806e+00 -1.662178e-08
4.400000e+00 4.600000e-01 4.551673e-01 -2.893475e-08 1.115806e+00 -1.197208e-08
4.450000e+00 4.600000e-01 4.551673e-01 -2.893481e-08 1.115806e+00 -8.322845e-09
4.500000e+00 4.600000e-01 4.551673e-01 -2.893485e-08 1.115806e+00 -5.501399e-09
4.550000e+00 4.600000e-01 4.551673e-01 -2.893489e-08 1.115806e+00 -3.360409e-09
4.600000e+00 4.600000e-01 4.551673e-01 -2.893491e-08 1.115806e+00 -1.772941e-09
4.650000e+00 4.600000e-01 4.551673e-01 -2.893493e-08 1.115806e+00 -6.297296e-10
4.700000e+00 4.600000e-01 4.551673e-01 -2.893494e-08 1.115806e+00 1.625700e-10
4.750000e+00 4.600000e-01 4.551673e-01 -2.893495e-08 1.115806e+00 6.827811e-10
4.800000e+00 4.600000e-01 4.551673e-01 -2.893496e-08 1.115806e+00 9.965317e-10
4.850000e+00 4.600000e-01 4.551673e-01 -2.893496e-08 1.115806e+00 1.157590e-09
4.900000e+00 4.600000e-01 4.551673e-01 -2.893497e-08 1.115806e+00 1.209239e-09
4.950000e+00 4.600000e-01 4.551673e-01 -2.893497e-08 1.115806e+00 1.185668e-09
5.000000e+00 4.600000e-01 4.551673e-01 -2.893497e-08 1.115806e+00 1.113320e-09
5.050000e+00 4.600000e-01 4.551673e-01 -2.893497e-08 1.115806e+00 1.012159e-09
5.100000e+00 4.600000e-01 4.551673e-01 -2.893497e-08 1.115806e+00 8.968365e-10
5.150000e+00 4.600000e-01 4.551673e-01 -2.893497e-08 1.115806e+00 7.777412e-10
5.200000e+00 4.600000e-01 4.551673e-01 -2.893498e-08 1.115806e+00 6.619066e-10
5.250000e+00 4.600000e-01 4.551673e-01 -2.893498e-08 1.115806e+00 5.537809e-10
5.300000e+00 4.600000e-01 4.551673e-01 -2.893498e-08 1.115806e+00 4.558826e-10
5.350000e+00 4.600000e-01 4.551673e-01 -2.893498e-08 1.115806e+00 3.693312e-10
5.400000e+00 4.600000e-01 4.551673e-01 -2.893498e-08 1.115806e+00 2.942735e-10
5.450000e+00 4.600000e-01 4.551673e-01 -2.893498e-08 1.115806e+00 2.302120e-10
5.500000e+00 4.600000e-01 4.551673e-01 -2.893498e-08 1.115806e+00 1.762523e-10
5.550000e+00 4.600000e-01 4.551673e-01 -2.893498e-08 1.115806e+00 1.313066e-10
5.600000e+00 4.600000e-01 4.551673e-01 -2.893498e-08 1.115806e+00 9.422740e-11
5.650000e+00 4.600000e-01 4.551673e-01 -2.893498e-08 1.115806e+00 6.390333e-11
5.700000e+00 4.600000e-01 4.551673e-01 -2.893498e-08 1.115806e+00 3.933187e-11
5.750000e+00 4.600000e-01 4.551673e-01 -2.893498e-08 1.115806e+00 1.965983e-11
5.800000e+00 4.600000e-01 4.551673e-01 -2.893498e-08 1.115806e+00 4.223843e-12
5.850000e+00 4.600000e-01 4.551673e-01 -2.893498e-08 1.115806e+00 -7.420731e-12
5.900000e+00 4.600000e-01 4.551673e-01 -2.893498e-08 1.115806e+00 -1.548872e-11
5.950000e+00 4.600000e-01 4.551673e-01 -2.893498e-08 1.115806e+00 -1.992406e-11
6.000000e+00 4.600000e-01 4.551673e-01 -2.893498e-08 1.115806e+00 -2.036260e-11
6.050000e+00 4.600000e-01 4.551673e-01 -2.893498e-08 1.115806e+00 -1.608824e-11
6.100000e+00 4.600000e-01 4.551673e-01 -2.893498e-08 1.115806e+00 -5.953016e-12
6.150000e+00 4.600000e-01 4.551673e-01 -2.893498e-08 1.115806e+00 1.172007e-11
6.200000e+00 4.600000e-01 4.551673e-01 -2.893498e-08 1.115806e+00 3.926692e-11
6.250000e+00 4.600000e-01 4.551673e-01 -2.893498e-08 1.115806e+00 7.986611e-11
6.300000e+00 4.600000e-01 4.551673e-01 -2.893498e-08 1.115806e+00 1.377765e-10
6.350000e+00 4.600000e-01 4.551673e-01 -2.893498e-08 1.115806e+00 2.186396e-10
6.400000e+00 4.600000e-01 4.551673e-01 -2.893498e-08 1.115806e+00 3.298933e-10
6.450000e+00 4.600000e-01 4.551673e-01 -2.893498e-08 1.115806e+00 4.813122e-10
6.500000e+00 4.600000e-01 4.551673e-01 -2.893498e-08 1.115806e+00 6.856921e-10
6.550000e+00 4.600000e-01 4.551673e-01 -2.893498e-08 1.115806e+00 9.597428e-10
6.600000e+00 4.600000e-01 4.551673e-01 -2.893498e-08 1.115806e+00 1.325269e-09
6.650000e+00 4.600000e-01 4.551673e-01 -2.893498e-08 1.115806e+00 1.810675e-09
6.700000e+00 4.600000e-01 4.551673e-01 -2.893498e-08 1.115806e+00 2.452921e-09
6.750000e+00 4.600000e-01 4.551673e-01 -2.893498e-08 1.115806e+00 3.300062e-09
6.800000e+00 4.600000e-01 4.551673e-01 -2.893498e-08 1.115806e+00 4.414525e-09
6.850000e+00 4.600000e-01 4.551673e-01 -2.893498e-08 1.115806e+00 5.877356e-09
6.900000e+00 4.600000e-01 4.551673e-01 -2.893498e-08 1.115806e+00 7.793701e-09
6.950000e+00 4.600000e-01 4.551673e-01 -2.893499e-08 1.115806e+00 1.029990e-08
7.000000e+00 4.600000e-01 4.551673e-01 -2.893496e-08 1.115806e+00 1.357264e-08
7.050000e+00 4.600000e-01 4.551673e-01 -2.893508e-08 1.115806e+00 1.784079e-08
7.100000e+00 4.600000e-01 4.551673e-01 -2.893467e-08 1.115806e+00 2.340078e-08
7.150000e+00 4.600000e-01 4.551673e-01 -2.893611e-08 1.115806e+00 3.063604e-08
7.200000e+00 4.600000e-01 4.551673e-01 -2.893134e-08 1.115806e+00 4.004355e-08
7.250000e+00 4.600000e-01 4.551673e-01 -2.894683e-08 1.115806e+00 5.226339e-08
7.300000e+00 4.600000e-01 4.551673e-01 -2.889815e-08 1.115806e+00 6.813189e-08
7.350000e+00 4.600000e-01 4.551673e-01 -2.904659e-08 1.115806e+00 8.870427e-08
7.400000e+00 4.600000e-01 4.551672e-01 -2.860867e-08 1.115807e+00 1.154197e-07
7.450000e+00 4.600000e-01 4.551672e-01 -2.985831e-08 1.115807e+00 1.499263e-07
7.500000e+00 4.600000e-01 4.551672e-01 -2.641432e-08 1.115807e+00 1.949261e-07
7.550000e+00 4.600000e-01 4.551672e-01 -3.557073e-08 1.115807e+00 2.524113e-07
7.600000e+00 4.600000e-01 4.551672e-01 -1.212318e-08 1.115808e+00 3.287225e-07
7.650000e+00 4.600000e-01 4.551672e-01 -6.986161e-08 1.115808e+00 4.229329e-07
7.700000e+00 4.600000e-01 4.551672e-01 6.659206e-08 1.115809e+00 5.549848e-07
7.750000e+00 4.600000e-01 4.551671e-01 -2.422234e-07 1.115809e+00 7.036877e-07
7.800000e+00 4.600000e-01 4.551671e-01 4.253177e-07 1.115810e+00 9.411113e-07
7.850000e+00 4.600000e-01 4.551670e-01 -9.486942e-07 1.115812e+00 1.159947e-06
7.900000e+00 4.600000e-01 4.551670e-01 1.734375e-06 1.115813e+00 1.603930e-06
7.950000e+00 4.600000e-01 4.551669e-01 -3.213702e-06 1.115816e+00 1.900527e-06
8.000000e+00 4.600000e-01 4.551668e-01 5.355446e-06 1.115818e+00 2.724307e-06
8.050000e+00 4.600000e-01 4.551666e-01 -8.478744e-06 1.115823e+00 3.145481e-06
8.100000e+00 4.600000e-01 4.551665e-01 1.213857e-05 1.115825e+00 4.527888e-06
8.150000e+00 4.600000e-01 4.551662e-01 -1.584004e-05 1.115835e+00 5.366535e-06
8.200000e+00 4.600000e-01 4.551659e-01 1.803738e-05 1.115838e+00 7.293890e-06
8.250000e+00 4.600000e-01 4.551654e-01 -1.738499e-05 1.115853e+00 9.336344e-06
8.300000e+00 4.600000e-01 4.551650e-01 1.276207e-05 1.115861e+00 1.173423e-05
8.350000e+00 4.600000e-01 4.551642e-01 -5.628991e-06 1.115881e+00 1.576654e-05
8.400000e+00 4.600000e-01 4.551634e-01 1.031853e-07 1.115901e+00 1.978972e-05
8.450000e+00 4.600000e-01 4.551623e-01 -2.809432e-06 1.115930e+00 2.538952e-05
8.500000e+00 4.600000e-01 4.551609e-01 1.750143e-05 1.115963e+00 3.401910e-05
8.550000e+00 4.600000e-01 4.551589e-01 -3.947400e-05 1.116016e+00 4.171403e-05
8.600000e+00 4.600000e-01 4.551567e-01 5.179035e-05 1.116064e+00 5.546012e-05
8.650000e+00 4.600000e-01 4.551533e-01 -3.492711e-05 1.116153e+00 7.202883e-05
8.700000e+00 4.600000e-01 4.551495e-01 -1.263010e-05 1.116243e+00 8.947293e-05
8.750000e+00 4.600000e-01 4.551444e-01 5.513569e-05 1.116371e+00 1.190904e-04
8.800000e+00 4.600000e-01 4.551376e-01 -3.546300e-05 1.116538e+00 1.535925e-04
8.850000e+00 4.600000e-01 4.551290e-01 -6.454332e-05 1.116752e+00 1.912351e-04
8.900000e+00 4.600000e-01 4.551185e-01 1.623590e-04 1.117004e+00 2.547031e-04
8.950000e+00 4.600000e-01 4.551035e-01 -1.141511e-04 1.117382e+00 3.278605e-04
9.000000e+00 4.600000e-01 4.550857e-01 -1.108564e-04 1.117816e+00 4.092173e-04
9.050000e+00 4.600000e-01 4.550626e-01 2.817467e-04 1.118382e+00 5.407941e-04
9.100000e+00 4.600000e-01 4.550316e-01 -7.905364e-05 1.119150e+00 7.028307e-04
9.150000e+00 4.600000e-01 4.549923e-01 -4.132094e-04 1.120124e+00 8.764451e-04
9.200000e+00 4.600000e-01 4.549440e-01 5.187284e-04 1.121296e+00 1.144103e-03
9.250000e+00 4.600000e-01 4.548779e-01 2.397677e-04 1.122934e+00 1.506380e-03
9.300000e+00 4.600000e-01 4.547933e-01 -1.025929e-03 1.125025e+00 1.893589e-03
9.350000e+00 4.600000e-01 4.546886e-01 2.849793e-04 1.127590e+00 2.423615e-03
9.400000e+00 4.600000e-01 4.545510e-01 1.574566e-03 1.130959e+00 3.218766e-03
9.450000e+00 4.600000e-01 4.543667e-01 -1.404106e-03 1.135526e+00 4.145190e-03
9.500000e+00 4.600000e-01 4.541365e-01 -1.926633e-03 1.141184e+00 5.238931e-03
9.550000e+00 4.600000e-01 4.538428e-01 3.246551e-03 1.148364e+00 6.891799e-03
9.600000e+00 4.600000e-01 4.534473e-01 1.862734e-03 1.158068e+00 9.170229e-03
9.650000e+00 4.600000e-01 4.529258e-01 -5.905652e-03 1.170924e+00 1.183205e-02
9.700000e+00 4.600000e-01 4.522641e-01 -1.020203e-03 1.187136e+00 1.534744e-02
9.750000e+00 4.600000e-01 4.513910e-01 8.635599e-03 1.208441e+00 2.061591e-02
9.800000e+00 4.600000e-01 4.502025e-01 -3.474641e-04 1.237515e+00 2.773860e-02
9.850000e+00 4.600000e-01 4.486172e-01 -8.942404e-03 1.276382e+00 3.681334e-02
9.900000e+00 4.600000e-01 4.465211e-01 3.629973e-04 1.327689e+00 4.909432e-02
9.950000e+00 4.600000e-01 4.437077e-01 2.901555e-03 1.396641e+00 6.577143e-02
1.000000e+01 4.600000e-01 4.399440e-01 2.192465e-03 0.000000e+00 0.000000e+00
0.000000e+00 4.800000e-01 4.698240e-01 -2.400000e-01 0.000000e+00 0.000000e+00
5.000000e-02 4.800000e-01 4.701155e-01 1.664903e-02 1.483384e+00 -2.656922e-04
1.000000e-01 4.800000e-01 4.698506e-01 7.887559e-01 1.499444e+00 1.497292e-02
1.500000e-01 4.800000e-01 4.686182e-01 -9.317161e-01 1.553326e+00 5.860574e-03
2.000000e-01 4.800000e-01 4.692645e-01 -2.299437e+00 1.514560e+00 -3.070215e-02
2.500000e-01 4.800000e-01 4.716884e-01 8.493653e-01 1.408427e+00 -1.733387e-02
3.000000e-01 4.800000e-01 4.709979e-01 3.218549e+00 1.456086e+00 4.256672e-02
3.500000e-01 4.800000e-01 4.674317e-01 -7.702694e-01 1.615985e+00 3.233945e-02
4.000000e-01 4.800000e-01 4.677640e-01 -4.225447e+00 1.580312e+00 -4.886946e-02
4.500000e-01 4.800000e-01 4.723187e-01 3.449146e-01 1.374163e+00 -5.056796e-02
5.000000e-01 4.800000e-01 4.728207e-01 5.427155e+00 1.378679e+00 4.582892e-02
5.500000e-01 4.800000e-01 4.677358e-01 1.579061e+00 1.616419e+00 6.914807e-02
6.000000e-01 4.800000e-01 4.659059e-01 -4.709104e+00 1.672821e+00 -3.226761e-02
6.500000e-01 4.800000e-01 4.709625e-01 -1.975666e+00 1.429755e+00 -8.253362e-02
7.000000e-01 4.800000e-01 4.741593e-01 5.323803e+00 1.311637e+00 9.441554e-03
7.500000e-01 4.800000e-01 4.700184e-01 4.805146e+00 1.521840e+00 8.612214e-02
8.000000e-01 4.800000e-01 4.655471e-01 -2.335764e+00 1.706605e+00 1.841898e-02
8.500000e-01 4.800000e-01 4.681765e-01 -4.016216e+00 1.559469e+00 -7.691931e-02
9.000000e-01 4.800000e-01 4.732390e-01 2.085096e+00 1.337609e+00 -4.350371e-02
9.500000e-01 4.800000e-01 4.725269e-01 5.498404e+00 1.397965e+00 5.441441e-02
1.000000e+00 4.800000e-01 4.677976e-01 1.327407e+00 1.615094e+00 5.815216e-02
1.050000e+00 4.800000e-01 4.667116e-01 -3.153578e+00 1.640661e+00 -2.691418e-02
1.100000e+00 4.800000e-01 4.704890e-01 -1.321091e+00 1.455801e+00 -6.137463e-02
1.150000e+00 4.800000e-01 4.728491e-01 2.846761e+00 1.361912e+00 -2.537643e-03
1.200000e+00 4.800000e-01 4.707428e-01 2.790414e+00 1.472095e+00 4.765689e-02
1.250000e+00 4.800000e-01 4.680834e-01 -5.698046e-01 1.587437e+00 1.960279e-02
1.300000e+00 4.800000e-01 4.687825e-01 -1.933437e+00 1.540557e+00 -3.194157e-02
1.350000e+00 4.800000e-01 4.712776e-01 -5.264825e-02 1.422785e+00 -3.127890e-02
1.400000e+00 4.800000e-01 4.719104e-01 1.586369e+00 1.401979e+00 8.307528e-03
1.450000e+00 4.800000e-01 4.704468e-01 8.230232e-01 1.474086e+00 2.441969e-02
1.500000e+00 4.800000e-01 4.694684e-01 -7.212218e-01 1.514408e+00 1.873442e-03
1.550000e+00 4.800000e-01 4.702595e-01 -9.130254e-01 1.471078e+00 -2.048503e-02
1.600000e+00 4.800000e-01 4.715169e-01 1.483419e-02 1.411790e+00 -1.475420e-02
1.650000e+00 4.800000e-01 4.717349e-01 5.280917e-01 1.404841e+00 3.840628e-03
1.700000e+00 4.800000e-01 4.711328e-01 1.192447e-01 1.434296e+00 8.779868e-03
1.750000e+00 4.800000e-01 4.708569e-01 -4.448632e-01 1.444999e+00 -2.078744e-03
1.800000e+00 4.800000e-01 4.713407e-01 -4.811482e-01 1.419406e+00 -1.175443e-02
1.850000e+00 4.800000e-01 4.720324e-01 -1.433305e-01 1.385918e+00 -9.921176e-03
1.900000e+00 4.800000e-01 4.723328e-01 6.147534e-02 1.372379e+00 -2.351007e-03
1.950000e+00 4.800000e-01 4.722675e-01 -4.169464e-02 1.375839e+00 8.116317e-04
2.000000e+00 4.800000e-01 4.722517e-01 -2.409286e-01 1.375803e+00 -2.702241e-03
2.050000e+00 4.800000e-01 4.725377e-01 -3.063419e-01 1.360828e+00 -7.718712e-03
2.100000e+00 4.800000e-01 4.730235e-01 -2.223635e-01 1.336591e+00 -9.312559e-03
2.150000e+00 4.800000e-01 4.734689e-01 -1.143965e-01 1.314831e+00 -7.320683e-03
2.200000e+00 4.800000e-01 4.737556e-01 -7.821565e-02 1.300925e+00 -4.751380e-03
2.250000e+00 4.800000e-01 4.739441e-01 -1.122919e-01 1.291603e+00 -4.088089e-03
2.300000e+00 4.800000e-01 4.741644e-01 -1.617713e-01 1.280459e+00 -5.544893e-03
2.350000e+00 4.800000e-01 4.744986e-01 -1.827852e-01 1.263616e+00 -7.783715e-03
2.400000e+00 4.800000e-01 4.749428e-01 -1.669310e-01 1.241397e+00 -9.397059e-03
2.450000e+00 4.800000e-01 4.754383e-01 -1.291890e-01 1.216756e+00 -9.748862e-03
2.500000e+00 4.800000e-01 4.759177e-01 -8.784078e-02 1.193005e+00 -8.960383e-03
2.550000e+00 4.800000e-01 4.763343e-01 -5.387680e-02 1.172413e+00 -7.507313e-03
2.600000e+00 4.800000e-01 4.766684e-01 -3.039136e-02 1.155925e+00 -5.864357e-03
2.650000e+00 4.800000e-01 4.769207e-01 -1.599320e-02 1.143483e+00 -4.345641e-03
2.700000e+00 4.800000e-01 4.771030e-01 -7.934474e-03 1.134503e+00 -3.095393e-03
2.750000e+00 4.800000e-01 4.772303e-01 -3.739841e-03 1.128232e+00 -2.140655e-03
2.800000e+00 4.800000e-01 4.773170e-01 -1.684284e-03 1.123960e+00 -1.448115e-03
2.850000e+00 4.800000e-01 4.773751e-01 -7.278547e-04 1.121103e+00 -9.635973e-04
2.900000e+00 4.800000e-01 4.774134e-01 -3.027809e-04 1.119219e+00 -6.332561e-04
2.950000e+00 4.800000e-01 4.774384e-01 -1.215437e-04 1.117989e+00 -4.122022e-04
3.000000e+00 4.800000e-01 4.774546e-01 -4.717363e-05 1.117194e+00 -2.663025e-04
3.050000e+00 4.800000e-01 4.774650e-01 -1.773082e-05 1.116683e+00 -1.710016e-04
3.100000e+00 4.800000e-01 4.774717e-01 -6.463498e-06 1.116357e+00 -1.092548e-04
3.150000e+00 4.800000e-01 4.774760e-01 -2.289155e-06 1.116150e+00 -6.951176e-05
3.200000e+00 4.800000e-01 4.774787e-01 -7.900723e-07 1.116019e+00 -4.407453e-05
3.250000e+00 4.800000e-01 4.774804e-01 -2.676925e-07 1.115938e+00 -2.787401e-05
3.300000e+00 4.800000e-01 4.774815e-01 -9.090741e-08 1.115886e+00 -1.760214e-05
3.350000e+00 4.800000e-01 4.774821e-01 -3.276371e-08 1.115855e+00 -1.111551e-05
3.400000e+00 4.800000e-01 4.774826e-01 -1.417048e-08 1.115835e+00 -7.033706e-06
3.450000e+00 4.800000e-01 4.774828e-01 -8.389226e-09 1.115823e+00 -4.472464e-06
3.500000e+00 4.800000e-01 4.774830e-01 -6.642826e-09 1.115816e+00 -2.868229e-06
3.550000e+00 4.800000e-01 4.774831e-01 -6.131789e-09 1.115812e+00 -1.863607e-06
3.600000e+00 4.800000e-01 4.774832e-01 -5.988130e-09 1.115809e+00 -1.233082e-06
3.650000e+00 4.800000e-01 4.774833e-01 -5.950243e-09 1.115808e+00 -8.350818e-07
3.700000e+00 4.800000e-01 4.774833e-01 -5.941568e-09 1.115807e+00 -5.812077e-07
3.750000e+00 4.800000e-01 4.774833e-01 -5.940425e-09 1.115806e+00 -4.165670e-07
3.800000e+00 4.800000e-01 4.774833e-01 -5.940937e-09 1.115806e+00 -3.072657e-07
3.850000e+00 4.800000e-01 4.774833e-01 -5.941627e-09 1.115806e+00 -2.324900e-07
3.900000e+00 4.800000e-01 4.774834e-01 -5.942185e-09 1.115806e+00 -1.795211e-07
3.950000e+00 4.800000e-01 4.774834e-01 -5.942588e-09 1.115806e+00 -1.406136e-07
4.000000e+00 4.800000e-01 4.774834e-01 -5.942870e-09 1.115806e+00 -1.110527e-07
4.050000e+00 4.800000e-01 4.774834e-01 -5.943066e-09 1.115806e+00 -8.795478e-08
4.100000e+00 4.800000e-01 4.774834e-01 -5.943202e-09 1.115806e+00 -6.953292e-08
4.150000e+00 4.800000e-01 4.774834e-01 -5.943297e-09 1.115806e+00 -5.465111e-08
4.200000e+00 4.800000e-01 4.774834e-01 -5.943364e-09 1.115806e+00 -4.255748e-08
4.250000e+00 4.800000e-01 4.774834e-01 -5.943412e-09 1.115806e+00 -3.272664e-08
4.300000e+00 4.800000e-01 4.774834e-01 -5.943446e-09 1.115806e+00 -2.476809e-08
4.350000e+00 4.800000e-01 4.774834e-01 -5.943471e-09 1.115806e+00 -1.837406e-08
4.400000e+00 4.800000e-01 4.774834e-01 -5.943489e-09 1.115806e+00 -1.329043e-08
4.450000e+00 4.800000e-01 4.774834e-01 -5.943502e-09 1.115806e+00 -9.300910e-09
4.500000e+00 4.800000e-01 4.774834e-01 -5.943512e-09 1.115806e+00 -6.218425e-09
4.550000e+00 4.800000e-01 4.774834e-01 -5.943519e-09 1.115806e+00 -3.880471e-09
4.600000e+00 4.800000e-01 4.774834e-01 -5.943525e-09 1.115806e+00 -2.146305e-09
4.650000e+00 4.800000e-01 4.774834e-01 -5.943529e-09 1.115806e+00 -8.949969e-10
4.700000e+00 4.800000e-01 4.774834e-01 -5.943532e-09 1.115806e+00 -2.378875e-11
4.750000e+00 4.800000e-01 4.774834e-01 -5.943534e-09 1.115806e+00 5.535239e-10
4.800000e+00 4.800000e-01 4.774834e-01 -5.943536e-09 1.115806e+00 9.082352e-10
4.850000e+00 4.800000e-01 4.774834e-01 -5.943537e-09 1.115806e+00 1.098401e-09
4.900000e+00 4.800000e-01 4.774834e-01 -5.943538e-09 1.115806e+00 1.170514e-09
4.950000e+00 4.800000e-01 4.774834e-01 -5.943539e-09 1.115806e+00 1.161147e-09
5.000000e+00 4.800000e-01 4.774834e-01 -5.943539e-09 1.115806e+00 1.098498e-09
5.050000e+00 4.800000e-01 4.774834e-01 -5.943540e-09 1.115806e+00 1.003820e-09
5.100000e+00 4.800000e-01 4.774834e-01 -5.943540e-09 1.115806e+00 8.926970e-10
5.150000e+00 4.800000e-01 4.774834e-01 -5.943540e-09 1.115806e+00 7.761947e-10
5.200000e+00 4.800000e-01 4.774834e-01 -5.943540e-09 1.115806e+00 6.618328e-10
5.250000e+00 4.800000e-01 4.774834e-01 -5.943540e-09 1.115806e+00 5.544026e-10
5.300000e+00 4.800000e-01 4.774834e-01 -5.943540e-09 1.115806e+00 4.566580e-10
5.350000e+00 4.800000e-01 4.774834e-01 -5.943540e-09 1.115806e+00 3.698780e-10
5.400000e+00 4.800000e-01 4.774834e-01 -5.943540e-09 1.115806e+00 2.943090e-10
5.450000e+00 4.800000e-01 4.774834e-01 -5.943541e-09 1.115806e+00 2.295070e-10
5.500000e+00 4.800000e-01 4.774834e-01 -5.943541e-09 1.115806e+00 1.745931e-10
5.550000e+00 4.800000e-01 4.774834e-01 -5.943541e-09 1.115806e+00 1.284628e-10
5.600000e+00 4.800000e-01 4.774834e-01 -5.943541e-09 1.115806e+00 8.993195e-11
5.650000e+00 4.800000e-01 4.774834e-01 -5.943541e-09 1.115806e+00 5.781597e-11
5.700000e+00 4.800000e-01 4.774834e-01 -5.943541e-09 1.115806e+00 3.100686e-11
5.750000e+00 4.800000e-01 4.774834e-01 -5.943541e-09 1.115806e+00 8.515411e-12
5.800000e+00 4.800000e-01 4.774834e-01 -5.943541e-09 1.115806e+00 -1.050326e-11
5.850000e+00 4.800000e-01 4.774834e-01 -5.943541e-09 1.115806e+00 -2.673306e-11
5.900000e+00 4.800000e-01 4.774834e-01 -5.943541e-09 1.115806e+00 -4.069467e-11
5.950000e+00 4.800000e-01 4.774834e-01 -5.943541e-09 1.115806e+00 -5.272893e-11
6.000000e+00 4.800000e-01 4.774834e-01 -5.943541e-09 1.115806e+00 -6.298850e-11
6.050000e+00 4.800000e-01 4.774834e-01 -5.943541e-09 1.115806e+00 -7.142287e-11
6.100000e+00 4.800000e-01 4.774834e-01 -5.943541e-09 1.115806e+00 -7.774392e-11
6.150000e+00 4.800000e-01 4.774834e-01 -5.943541e-09 1.115806e+00 -8.139378e-11
6.200000e+00 4.800000e-01 4.774834e-01 -5.943541e-09 1.115806e+00 -8.147760e-11
6.250000e+00 4.800000e-01 4.774834e-01 -5.943541e-09 1.115806e+00 -7.668643e-11
6.300000e+00 4.800000e-01 4.774834e-01 -5.943541e-09 1.115806e+00 -6.518897e-11
6.350000e+00 4.800000e-01 4.774834e-01 -5.943541e-09 1.115806e+00 -4.447775e-11
6.400000e+00 4.800000e-01 4.774834e-01 -5.943541e-09 1.115806e+00 -1.117550e-11
6.450000e+00 4.800000e-01 4.774834e-01 -5.943541e-09 1.115806e+00 3.922918e-11
6.500000e+00 4.800000e-01 4.774834e-01 -5.943541e-09 1.115806e+00 1.127193e-10
6.550000e+00 4.800000e-01 4.774834e-01 -5.943541e-09 1.115806e+00 2.171913e-10
6.600000e+00 4.800000e-01 4.774834e-01 -5.943541e-09 1.115806e+00 3.630352e-10
6.650000e+00 4.800000e-01 4.774834e-01 -5.943541e-09 1.115806e+00 5.638862e-10
6.700000e+00 4.800000e-01 4.774834e-01 -5.943541e-09 1.115806e+00 8.375883e-10
6.750000e+00 4.800000e-01 4.774834e-01 -5.943541e-09 1.115806e+00 1.207463e-09
6.800000e+00 4.800000e-01 4.774834e-01 -5.943541e-09 1.115806e+00 1.703947e-09
6.850000e+00 4.800000e-01 4.774834e-01 -5.943541e-09 1.115806e+00 2.366697e-09
6.900000e+00 4.800000e-01 4.774834e-01 -5.943541e-09 1.115806e+00 3.247333e-09
6.950000e+00 4.800000e-01 4.774834e-01 -5.943544e-09 1.115806e+00 4.412977e-09
7.000000e+00 4.800000e-01 4.774834e-01 -5.943536e-09 1.115806e+00 5.950824e-09
7.050000e+00 4.800000e-01 4.774834e-01 -5.943568e-09 1.115806e+00 7.974064e-09
7.100000e+00 4.800000e-01 4.774834e-01 -5.943455e-09 1.115806e+00 1.062955e-08
7.150000e+00 4.800000e-01 4.774834e-01 -5.943850e-09 1.115806e+00 1.410757e-08
7.200000e+00 4.800000e-01 4.774834e-01 -5.942522e-09 1.115806e+00 1.865499e-08
7.250000e+00 4.800000e-01 4.774834e-01 -5.946873e-09 1.115806e+00 2.459052e-08
7.300000e+00 4.800000e-01 4.774834e-01 -5.933078e-09 1.115806e+00 3.232983e-08
7.350000e+00 4.800000e-01 4.774834e-01 -5.975493e-09 1.115807e+00 4.240135e-08
7.400000e+00 4.800000e-01 4.774834e-01 -5.849287e-09 1.115807e+00 5.551620e-08
7.450000e+00 4.800000e-01 4.774834e-01 -6.212475e-09 1.115807e+00 7.251604e-08
7.500000e+00 4.800000e-01 4.774834e-01 -5.203059e-09 1.115807e+00 9.470098e-08
7.550000e+00 4.800000e-01 4.774834e-01 -7.909272e-09 1.115807e+00 1.231938e-07
7.600000e+00 4.800000e-01 4.774834e-01 -9.214479e-10 1.115808e+00 1.608551e-07
7.650000e+00 4.800000e-01 4.774834e-01 -1.827091e-08 1.115808e+00 2.079510e-07
7.700000e+00 4.800000e-01 4.774833e-01 2.306720e-08 1.115809e+00 2.728234e-07
7.750000e+00 4.800000e-01 4.774833e-01 -7.124500e-08 1.115810e+00 3.483875e-07
7.800000e+00 4.800000e-01 4.774833e-01 1.342501e-07 1.115811e+00 4.635341e-07
7.850000e+00 4.800000e-01 4.774833e-01 -2.920403e-07 1.115812e+00 5.784888e-07
7.900000e+00 4.800000e-01 4.774832e-01 5.467558e-07 1.115814e+00 7.897894e-07
7.950000e+00 4.800000e-01 4.774832e-01 -1.011570e-06 1.115816e+00 9.547127e-07
8.000000e+00 4.800000e-01 4.774832e-01 1.706106e-06 1.115818e+00 1.341123e-06
8.050000e+00 4.800000e-01 4.774831e-01 -2.709738e-06 1.115823e+00 1.586225e-06
8.100000e+00 4.800000e-01 4.774830e-01 3.908067e-06 1.115826e+00 2.236589e-06
8.150000e+00 4.800000e-01 4.774828e-01 -5.109381e-06 1.115834e+00 2.697663e-06
8.200000e+00 4.800000e-01 4.774827e-01 5.823250e-06 1.115840e+00 3.633592e-06
8.250000e+00 4.800000e-01 4.774825e-01 -5.553291e-06 1.115853e+00 4.661412e-06
8.300000e+00 4.800000e-01 4.774823e-01 3.927429e-06 1.115863e+00 5.890030e-06
8.350000e+00 4.800000e-01 4.774819e-01 -1.388388e-06 1.115882e+00 7.865220e-06
8.400000e+00 4.800000e-01 4.774815e-01 -6.206591e-07 1.115903e+00 9.915393e-06
8.450000e+00 4.800000e-01 4.774809e-01 -2.022450e-07 1.115932e+00 1.275304e-05
8.500000e+00 4.800000e-01 4.774802e-01 5.289147e-06 1.115967e+00 1.696882e-05
8.550000e+00 4.800000e-01 4.774792e-01 -1.304233e-05 1.116017e+00 2.099623e-05
8.600000e+00 4.800000e-01 4.774781e-01 1.748559e-05 1.116071e+00 2.778828e-05
8.650000e+00 4.800000e-01 4.774764e-01 -1.141525e-05 1.116156e+00 3.604253e-05
8.700000e+00 4.800000e-01 4.774745e-01 -5.997040e-06 1.116252e+00 4.504295e-05
8.750000e+00 4.800000e-01 4.774719e-01 2.195550e-05 1.116380e+00 5.969726e-05
8.800000e+00 4.800000e-01 4.774685e-01 -1.510735e-05 1.116550e+00 7.693795e-05
8.850000e+00 4.800000e-01 4.774642e-01 -2.213573e-05 1.116765e+00 9.632322e-05
8.900000e+00 4.800000e-01 4.774589e-01 5.967618e-05 1.117028e+00 1.277268e-04
8.950000e+00 4.800000e-01 4.774514e-01 -4.245024e-05 1.117402e+00 1.643668e-04
9.000000e+00 4.800000e-01 4.774425e-01 -4.378104e-05 1.117849e+00 2.060536e-04
9.050000e+00 4.800000e-01 4.774308e-01 1.122700e-04 1.118426e+00 2.715429e-04
9.100000e+00 4.800000e-01 4.774153e-01 -3.622312e-05 1.119201e+00 3.523553e-04
9.150000e+00 4.800000e-01 4.773956e-01 -1.591834e-04 1.120184e+00 4.411046e-04
9.200000e+00 4.800000e-01 4.773712e-01 2.098285e-04 1.121393e+00 5.752631e-04
9.250000e+00 4.800000e-01 4.773381e-01 8.834098e-05 1.123045e+00 7.555205e-04
9.300000e+00 4.800000e-01 4.772956e-01 -4.201127e-04 1.125160e+00 9.518785e-04
9.350000e+00 4.800000e-01 4.772429e-01 1.444801e-04 1.127780e+00 1.220049e-03
9.400000e+00 4.800000e-01 4.771736e-01 6.291912e-04 1.131220e+00 1.616613e-03
9.450000e+00 4.800000e-01 4.770812e-01 -6.277935e-04 1.135828e+00 2.081582e-03
9.500000e+00 4.800000e-01 4.769655e-01 -7.299998e-04 1.141584e+00 2.636944e-03
9.550000e+00 4.800000e-01 4.768175e-01 1.416191e-03 1.148926e+00 3.469089e-03
9.600000e+00 4.800000e-01 4.766186e-01 5.904020e-04 1.158815e+00 4.608836e-03
9.650000e+00 4.800000e-01 4.763567e-01 -2.493785e-03 1.171853e+00 5.950104e-03
9.700000e+00 4.800000e-01 4.760236e-01 -7.590520e-05 1.188396e+00 7.731964e-03
9.750000e+00 4.800000e-01 4.755835e-01 3.510752e-03 1.210222e+00 1.038559e-02
9.800000e+00 4.800000e-01 4.749850e-01 -6.076537e-04 1.239937e+00 1.396134e-02
9.850000e+00 4.800000e-01 4.741873e-01 -3.511664e-03 1.279570e+00 1.853062e-02
9.900000e+00 4.800000e-01 4.731319e-01 4.939365e-04 1.331971e+00 2.471318e-02
9.950000e+00 4.800000e-01 4.717160e-01 1.169263e-03 1.402306e+00 3.307932e-02
1.000000e+01 4.800000e-01 4.698240e-01 9.798601e-04 0.000000e+00 0.000000e+00
0.000000e+00 5.000000e-01 4.998000e-01 -0.000000e+00 0.000000e+00 0.000000e+00
5.000000e-02 5.000000e-01 4.998000e-01 2.834189e-04 1.484227e+00 5.556425e-06
1.000000e-01 5.000000e-01 4.997994e-01 6.213207e-04 1.497442e+00 1.820303e-05
1.500000e-01 5.000000e-01 4.997982e-01 -7.963370e-04 1.559004e+00 4.735860e-06
2.000000e-01 5.000000e-01 4.997990e-01 -1.247014e-03 1.526727e+00 -2.727360e-05
2.500000e-01 5.000000e-01 4.998010e-01 1.298944e-03 1.405623e+00 -7.810747e-06
3.000000e-01 5.000000e-01 4.997998e-01 2.231868e-03 1.440084e+00 4.471860e-05
3.500000e-01 5.000000e-01 4.997965e-01 -1.047714e-03 1.618238e+00 2.652455e-05
4.000000e-01 5.000000e-01 4.997971e-01 -2.487125e-03 1.601665e+00 -4.410600e-05
4.500000e-01 5.000000e-01 4.998009e-01 1.241303e-03 1.374106e+00 -3.622627e-05
5.000000e-01 5.000000e-01 4.998007e-01 3.896499e-03 1.348981e+00 4.672263e-05
5.500000e-01 5.000000e-01 4.997962e-01 3.983108e-04 1.603014e+00 5.705868e-05
6.000000e-01 5.000000e-01 4.997950e-01 -2.884011e-03 1.694461e+00 -2.678593e-05
6.500000e-01 5.000000e-01 4.997989e-01 -2.888366e-04 1.441819e+00 -5.896519e-05
7.000000e-01 5.000000e-01 4.998009e-01 3.832380e-03 1.282062e+00 1.369153e-05
7.500000e-01 5.000000e-01 4.997975e-01 2.547024e-03 1.488940e+00 6.469605e-05
8.000000e-01 5.000000e-01 4.997944e-01 -1.472692e-03 1.712368e+00 1.416043e-05
8.500000e-01 5.000000e-01 4.997961e-01 -1.585547e-03 1.580987e+00 -4.550093e-05
9.000000e-01 5.000000e-01 4.997990e-01 1.589958e-03 1.327992e+00 -2.271552e-05
9.500000e-01 5.000000e-01 4.997984e-01 2.762825e-03 1.363560e+00 3.289579e-05
1.000000e+00 5.000000e-01 4.997957e-01 5.292564e-04 1.599898e+00 3.327697e-05
1.050000e+00 5.000000e-01 4.997951e-01 -1.103870e-03 1.654173e+00 -8.646961e-06
1.100000e+00 5.000000e-01 4.997966e-01 -2.356939e-04 1.465380e+00 -2.408117e-05
1.150000e+00 5.000000e-01 4.997975e-01 1.110040e-03 1.347412e+00 -1.343808e-06
1.200000e+00 5.000000e-01 4.997967e-01 9.543350e-04 1.452690e+00 1.668339e-05
1.250000e+00 5.000000e-01 4.997958e-01 -3.456156e-05 1.585617e+00 8.375938e-06
1.300000e+00 5.000000e-01 4.997959e-01 -3.649823e-04 1.550671e+00 -5.965659e-06
1.350000e+00 5.000000e-01 4.997964e-01 7.827933e-06 1.425941e+00 -7.095771e-06
1.400000e+00 5.000000e-01 4.997966e-01 2.979624e-04 1.394308e+00 -4.672635e-07
1.450000e+00 5.000000e-01 4.997964e-01 1.977800e-04 1.467479e+00 2.102074e-06
1.500000e+00 5.000000e-01 4.997964e-01 -1.031008e-05 1.516398e+00 -2.085841e-07
1.550000e+00 5.000000e-01 4.997965e-01 -7.454697e-05 1.476850e+00 -2.189015e-06
1.600000e+00 5.000000e-01 4.997966e-01 -3.059145e-05 1.413984e+00 -2.359603e-06
1.650000e+00 5.000000e-01 4.997967e-01 9.234378e-06 1.403090e+00 -2.502648e-06
1.700000e+00 5.000000e-01 4.997968e-01 1.728026e-05 1.433199e+00 -3.013117e-06
1.750000e+00 5.000000e-01 4.997970e-01 6.613065e-06 1.447005e+00 -2.946065e-06
1.800000e+00 5.000000e-01 4.997971e-01 -1.055741e-05 1.422821e+00 -2.361929e-06
1.850000e+00 5.000000e-01 4.997972e-01 -2.327541e-05 1.388244e+00 -2.243761e-06
1.900000e+00 5.000000e-01 4.997974e-01 -2.311980e-05 1.373226e+00 -2.896893e-06
1.950000e+00 5.000000e-01 4.997975e-01 -1.145631e-05 1.376504e+00 -3.568643e-06
2.000000e+00 5.000000e-01 4.997977e-01 -1.058952e-06 1.377302e+00 -3.556673e-06
2.050000e+00 5.000000e-01 4.997979e-01 -1.322983e-07 1.363010e+00 -2.990944e-06
2.100000e+00 5.000000e-01 4.997980e-01 -4.355144e-06 1.338724e+00 -2.449218e-06
2.150000e+00 5.000000e-01 4.997981e-01 -6.313296e-06 1.316460e+00 -2.266822e-06
2.200000e+00 5.000000e-01 4.997982e-01 -3.773198e-06 1.302131e+00 -2.336224e-06
2.250000e+00 5.000000e-01 4.997984e-01 4.325186e-07 1.292714e+00 -2.362384e-06
2.300000e+00 5.000000e-01 4.997985e-01 2.812901e-06 1.281703e+00 -2.165767e-06
2.350000e+00 5.000000e-01 4.997986e-01 2.580931e-06 1.265001e+00 -1.764655e-06
2.400000e+00 5.000000e-01 4.997986e-01 1.195881e-06 1.242793e+00 -1.280590e-06
2.450000e+00 5.000000e-01 4.997987e-01 1.115718e-07 1.218022e+00 -8.326562e-07
2.500000e+00 5.000000e-01 4.997987e-01 -2.750968e-07 1.194053e+00 -4.939289e-07
2.550000e+00 5.000000e-01 4.997987e-01 -2.339876e-07 1.173222e+00 -2.905125e-07
2.600000e+00 5.000000e-01 4.997988e-01 -8.892394e-08 1.156518e+00 -2.138351e-07
2.650000e+00 5.000000e-01 4.997988e-01 1.030714e-08 1.143902e+00 -2.351400e-07
2.700000e+00 5.000000e-01 4.997988e-01 4.591150e-08 1.134791e+00 -3.188505e-07
2.750000e+00 5.000000e-01 4.997988e-01 4.464667e-08 1.128426e+00 -4.322759e-07
2.800000e+00 5.000000e-01 4.997988e-01 3.136342e-08 1.124089e+00 -5.505261e-07
2.850000e+00 5.000000e-01 4.997989e-01 1.853106e-08 1.121188e+00 -6.574489e-07
2.900000e+00 5.000000e-01 4.997989e-01 9.742708e-09 1.119275e+00 -7.443032e-07
2.950000e+00 5.000000e-01 4.997989e-01 4.689492e-09 1.118026e+00 -8.076783e-07
3.000000e+00 5.000000e-01 4.997990e-01 2.101733e-09 1.117218e+00 -8.475429e-07
3.050000e+00 5.000000e-01 4.997990e-01 8.868694e-10 1.116699e+00 -8.657634e-07
3.100000e+00 5.000000e-01 4.997991e-01 3.551593e-10 1.116367e+00 -8.651140e-07
3.150000e+00 5.000000e-01 4.997991e-01 1.358401e-10 1.116157e+00 -8.486758e-07
3.200000e+00 5.000000e-01 4.997991e-01 4.993650e-11 1.116024e+00 -8.195016e-07
3.250000e+00 5.000000e-01 4.997992e-01 1.780519e-11 1.115940e+00 -7.804444e-07
3.300000e+00 5.000000e-01 4.997992e-01 6.273878e-12 1.115888e+00 -7.340807e-07
3.350000e+00 5.000000e-01 4.997993e-01 2.282919e-12 1.115856e+00 -6.826838e-07
3.400000e+00 5.000000e-01 4.997993e-01 9.394711e-13 1.115836e+00 -6.282227e-07
3.450000e+00 5.000000e-01 4.997993e-01 4.905191e-13 1.115824e+00 -5.723742e-07
3.500000e+00 5.000000e-01 4.997993e-01 3.332971e-13 1.115817e+00 -5.165396e-07
3.550000e+00 5.000000e-01 4.997994e-01 2.684228e-13 1.115812e+00 -4.618644e-07
3.600000e+00 5.000000e-01 4.997994e-01 2.323930e-13 1.115810e+00 -4.092596e-07
3.650000e+00 5.000000e-01 4.997994e-01 2.057666e-13 1.115808e+00 -3.594229e-07
3.700000e+00 5.000000e-01 4.997994e-01 1.828652e-13 1.115807e+00 -3.128610e-07
3.750000e+00 5.000000e-01 4.997994e-01 1.621374e-13 1.115807e+00 -2.699122e-07
3.800000e+00 5.000000e-01 4.997995e-01 1.432026e-13 1.115806e+00 -2.307682e-07
3.850000e+00 5.000000e-01 4.997995e-01 1.259779e-13 1.115806e+00 -1.954964e-07
3.900000e+00 5.000000e-01 4.997995e-01 1.104329e-13 1.115806e+00 -1.640610e-07
3.950000e+00 5.000000e-01 4.997995e-01 9.652600e-14 1.115806e+00 -1.363431e-07
4.000000e+00 5.000000e-01 4.997995e-01 8.419370e-14 1.115806e+00 -1.121593e-07
4.050000e+00 5.000000e-01 4.997995e-01 7.335182e-14 1.115806e+00 -9.127905e-08
4.100000e+00 5.000000e-01 4.997995e-01 6.390073e-14 1.115806e+00 -7.343984e-08
4.150000e+00 5.000000e-01 4.997995e-01 5.573048e-14 1.115806e+00 -5.836037e-08
4.200000e+00 5.000000e-01 4.997995e-01 4.872547e-14 1.115806e+00 -4.575196e-08
4.250000e+00 5.000000e-01 4.997995e-01 4.276841e-14 1.115806e+00 -3.532782e-08
4.300000e+00 5.000000e-01 4.997995e-01 3.774358e-14 1.115806e+00 -2.681045e-08
4.350000e+00 5.000000e-01 4.997995e-01 3.353942e-14 1.115806e+00 -1.993722e-08
4.400000e+00 5.000000e-01 4.997995e-01 3.005041e-14 1.115806e+00 -1.446441e-08
4.450000e+00 5.000000e-01 4.997995e-01 2.717852e-14 1.115806e+00 -1.016980e-08
4.500000e+00 5.000000e-01 4.997995e-01 2.483402e-14 1.115806e+00 -6.853981e-09
4.550000e+00 5.000000e-01 4.997995e-01 2.293596e-14 1.115806e+00 -4.340791e-09
4.600000e+00 5.000000e-01 4.997995e-01 2.141225e-14 1.115806e+00 -2.476838e-09
4.650000e+00 5.000000e-01 4.997995e-01 2.019950e-14 1.115806e+00 -1.130459e-09
4.700000e+00 5.000000e-01 4.997995e-01 1.924266e-14 1.115806e+00 -1.902339e-10
4.750000e+00 5.000000e-01 4.997995e-01 1.849439e-14 1.115806e+00 4.367978e-10
4.800000e+00 5.000000e-01 4.997995e-01 1.791452e-14 1.115806e+00 8.270756e-10
4.850000e+00 5.000000e-01 4.997995e-01 1.746927e-14 1.115806e+00 1.042513e-09
4.900000e+00 5.000000e-01 4.997995e-01 1.713060e-14 1.115806e+00 1.132457e-09
4.950000e+00 5.000000e-01 4.997995e-01 1.687542e-14 1.115806e+00 1.135572e-09
5.000000e+00 5.000000e-01 4.997995e-01 1.668499e-14 1.115806e+00 1.081580e-09
5.050000e+00 5.000000e-01 4.997995e-01 1.654421e-14 1.115806e+00 9.928297e-10
5.100000e+00 5.000000e-01 4.997995e-01 1.644109e-14 1.115806e+00 8.856960e-10
5.150000e+00 5.000000e-01 4.997995e-01 1.636619e-14 1.115806e+00 7.718104e-10
5.200000e+00 5.000000e-01 4.997995e-01 1.631220e-14 1.115806e+00 6.590928e-10
5.250000e+00 5.000000e-01 4.997995e-01 1.627348e-14 1.115806e+00 5.526118e-10
5.300000e+00 5.000000e-01 4.997995e-01 1.624580e-14 1.115806e+00 4.553163e-10
5.350000e+00 5.000000e-01 4.997995e-01 1.622597e-14 1.115806e+00 3.686140e-10
5.400000e+00 5.000000e-01 4.997995e-01 1.621167e-14 1.115806e+00 2.928280e-10
5.450000e+00 5.000000e-01 4.997995e-01 1.620121e-14 1.115806e+00 2.275546e-10
5.500000e+00 5.000000e-01 4.997995e-01 1.619338e-14 1.115806e+00 1.719275e-10
5.550000e+00 5.000000e-01 4.997995e-01 1.618737e-14 1.115806e+00 1.248257e-10
5.600000e+00 5.000000e-01 4.997995e-01 1.618261e-14 1.115806e+00 8.501810e-11
5.650000e+00 5.000000e-01 4.997995e-01 1.617874e-14 1.115806e+00 5.125123e-11
5.700000e+00 5.000000e-01 4.997995e-01 1.617550e-14 1.115806e+00 2.231937e-11
5.750000e+00 5.000000e-01 4.997995e-01 1.617277e-14 1.115806e+00 -2.901568e-12
5.800000e+00 5.000000e-01 4.997995e-01 1.617047e-14 1.115806e+00 -2.544076e-11
5.850000e+00 5.000000e-01 4.997995e-01 1.616855e-14 1.115806e+00 -4.621692e-11
5.900000e+00 5.000000e-01 4.997995e-01 1.616700e-14 1.115806e+00 -6.605605e-11
5.950000e+00 5.000000e-01 4.997995e-01 1.616582e-14 1.115806e+00 -8.570089e-11
6.000000e+00 5.000000e-01 4.997995e-01 1.616502e-14 1.115806e+00 -1.058187e-10
6.050000e+00 5.000000e-01 4.997995e-01 1.616461e-14 1.115806e+00 -1.270317e-10
6.100000e+00 5.000000e-01 4.997995e-01 1.616461e-14 1.115806e+00 -1.499206e-10
6.150000e+00 5.000000e-01 4.997995e-01 1.616504e-14 1.115806e+00 -1.750494e-10
6.200000e+00 5.000000e-01 4.997995e-01 1.616592e-14 1.115806e+00 -2.029843e-10
6.250000e+00 5.000000e-01 4.997995e-01 1.616727e-14 1.115806e+00 -2.343048e-10
6.300000e+00 5.000000e-01 4.997995e-01 1.616913e-14 1.115806e+00 -2.696254e-10
6.350000e+00 5.000000e-01 4.997995e-01 1.617152e-14 1.115806e+00 -3.096084e-10
6.400000e+00 5.000000e-01 4.997995e-01 1.617449e-14 1.115806e+00 -3.549822e-10
6.450000e+00 5.000000e-01 4.997995e-01 1.617809e-14 1.115806e+00 -4.065503e-10
6.500000e+00 5.000000e-01 4.997995e-01 1.618238e-14 1.115806e+00 -4.652106e-10
6.550000e+00 5.000000e-01 4.997995e-01 1.618744e-14 1.115806e+00 -5.319756e-10
6.600000e+00 5.000000e-01 4.997995e-01 1.619333e-14 1.115806e+00 -6.079892e-10
6.650000e+00 5.000000e-01 4.997995e-01 1.620018e-14 1.115806e+00 -6.945450e-10
6.700000e+00 5.000000e-01 4.997995e-01 1.620808e-14 1.115806e+00 -7.931106e-10
6.750000e+00 5.000000e-01 4.997995e-01 1.621719e-14 1.115806e+00 -9.053608e-10
6.800000e+00 5.000000e-01 4.997995e-01 1.622765e-14 1.115806e+00 -1.033196e-09
6.850000e+00 5.000000e-01 4.997995e-01 1.623965e-14 1.115806e+00 -1.178780e-09
6.900000e+00 5.000000e-01 4.997995e-01 1.625335e-14 1.115806e+00 -1.344587e-09
6.950000e+00 5.000000e-01 4.997995e-01 1.626919e-14 1.115806e+00 -1.533446e-09
7.000000e+00 5.000000e-01 4.997995e-01 1.628671e-14 1.115806e+00 -1.748605e-09
7.050000e+00 5.000000e-01 4.997995e-01 1.630888e-14 1.115806e+00 -1.993788e-09
7.100000e+00 5.000000e-01 4.997995e-01 1.632655e-14 1.115806e+00 -2.273287e-09
7.150000e+00 5.000000e-01 4.997995e-01 1.637342e-14 1.115806e+00 -2.592049e-09
7.200000e+00 5.000000e-01 4.997995e-01 1.633672e-14 1.115806e+00 -2.955801e-09
7.250000e+00 5.000000e-01 4.997995e-01 1.659114e-14 1.115807e+00 -3.371181e-09
7.300000e+00 5.000000e-01 4.997995e-01 1.593788e-14 1.115807e+00 -3.845890e-09
7.350000e+00 5.000000e-01 4.997995e-01 1.810558e-14 1.115807e+00 -4.388881e-09
7.400000e+00 5.000000e-01 4.997995e-01 1.187225e-14 1.115807e+00 -5.010574e-09
7.450000e+00 5.000000e-01 4.997995e-01 2.993175e-14 1.115807e+00 -5.723093e-09
7.500000e+00 5.000000e-01 4.997995e-01 -1.976665e-14 1.115807e+00 -6.540569e-09
7.550000e+00 5.000000e-01 4.997995e-01 1.129865e-13 1.115807e+00 -7.479388e-09
7.600000e+00 5.000000e-01 4.997995e-01 -2.274286e-13 1.115808e+00 -8.558674e-09
7.650000e+00 5.000000e-01 4.997995e-01 6.124777e-13 1.115808e+00 -9.800333e-09
7.700000e+00 5.000000e-01 4.997995e-01 -1.373755e-12 1.115809e+00 -1.123022e-08
7.750000e+00 5.000000e-01 4.997995e-01 3.121299e-12 1.115810e+00 -1.287683e-08
7.800000e+00 5.000000e-01 4.997995e-01 -6.582435e-12 1.115811e+00 -1.477529e-08
7.850000e+00 5.000000e-01 4.997995e-01 1.333618e-11 1.115812e+00 -1.696074e-08
7.900000e+00 5.000000e-01 4.997995e-01 -2.537562e-11 1.115814e+00 -1.948180e-08
7.950000e+00 5.000000e-01 4.997995e-01 4.549399e-11 1.115816e+00 -2.237778e-08
8.000000e+00 5.000000e-01 4.997995e-01 -7.589467e-11 1.115819e+00 -2.571676e-08
8.050000e+00 5.000000e-01 4.997995e-01 1.169038e-10 1.115823e+00 -2.953865e-08
8.100000e+00 5.000000e-01 4.997995e-01 -1.634657e-10 1.115827e+00 -3.393256e-08
8.150000e+00 5.000000e-01 4.997995e-01 2.027757e-10 1.115834e+00 -3.894466e-08
8.200000e+00 5.000000e-01 4.997995e-01 -2.134686e-10 1.115840e+00 -4.466590e-08
8.250000e+00 5.000000e-01 4.997995e-01 1.730628e-10 1.115853e+00 -5.117707e-08
8.300000e+00 5.000000e-01 4.997995e-01 -7.429768e-11 1.115864e+00 -5.853185e-08
8.350000e+00 5.000000e-01 4.997995e-01 -5.106073e-11 1.115883e+00 -6.686054e-08
8.400000e+00 5.000000e-01 4.997995e-01 1.208130e-10 1.115904e+00 -7.619807e-08
8.450000e+00 5.000000e-01 4.997995e-01 -2.924990e-11 1.115932e+00 -8.662540e-08
8.500000e+00 5.000000e-01 4.997995e-01 -2.665587e-10 1.115968e+00 -9.828438e-08
8.550000e+00 5.000000e-01 4.997996e-01 6.370949e-10 1.116018e+00 -1.110962e-07
8.600000e+00 5.000000e-01 4.997996e-01 -7.560239e-10 1.116073e+00 -1.252324e-07
8.650000e+00 5.000000e-01 4.997996e-01 3.005841e-10 1.116157e+00 -1.407294e-07
8.700000e+00 5.000000e-01 4.997996e-01 6.395315e-10 1.116254e+00 -1.573771e-07
8.750000e+00 5.000000e-01 4.997996e-01 -1.286802e-09 1.116383e+00 -1.754521e-07
8.800000e+00 5.000000e-01 4.997996e-01 6.001737e-10 1.116554e+00 -1.947969e-07
8.850000e+00 5.000000e-01 4.997996e-01 1.479164e-09 1.116769e+00 -2.149636e-07
8.900000e+00 5.000000e-01 4.997996e-01 -3.044361e-09 1.117036e+00 -2.364256e-07
8.950000e+00 5.000000e-01 4.997996e-01 1.414906e-09 1.117409e+00 -2.587511e-07
9.000000e+00 5.000000e-01 4.997996e-01 3.229403e-09 1.117859e+00 -2.810114e-07
9.050000e+00 5.000000e-01 4.997997e-01 -5.638246e-09 1.118441e+00 -3.040177e-07
9.100000e+00 5.000000e-01 4.997997e-01 2.203425e-10 1.119219e+00 -3.272752e-07
9.150000e+00 5.000000e-01 4.997997e-01 9.162625e-09 1.120204e+00 -3.487371e-07
9.200000e+00 5.000000e-01 4.997997e-01 -8.359920e-09 1.121426e+00 -3.695369e-07
9.250000e+00 5.000000e-01 4.997997e-01 -8.338174e-09 1.123082e+00 -3.902186e-07
9.300000e+00 5.000000e-01 4.997997e-01 1.965325e-08 1.125205e+00 -4.068017e-07
9.350000e+00 5.000000e-01 4.997998e-01 1.035679e-09 1.127844e+00 -4.191578e-07
9.400000e+00 5.000000e-01 4.997998e-01 -3.308817e-08 1.131308e+00 -4.313859e-07
9.450000e+00 5.000000e-01 4.997998e-01 1.556576e-08 1.135929e+00 -4.393666e-07
9.500000e+00 5.000000e-01 4.997998e-01 4.697652e-08 1.141718e+00 -4.364146e-07
9.550000e+00 5.000000e-01 4.997999e-01 -4.388646e-08 1.149116e+00 -4.294545e-07
9.600000e+00 5.000000e-01 4.997999e-01 -5.920838e-08 1.159066e+00 -4.248609e-07
9.650000e+00 5.000000e-01 4.997999e-01 8.376822e-08 1.172162e+00 -4.090461e-07
9.700000e+00 5.000000e-01 4.997999e-01 6.625093e-08 1.188818e+00 -3.747083e-07
9.750000e+00 5.000000e-01 4.997999e-01 -1.223184e-07 1.210824e+00 -3.432250e-07
9.800000e+00 5.000000e-01 4.997999e-01 -6.453261e-08 1.240748e+00 -3.244088e-07
9.850000e+00 5.000000e-01 4.998000e-01 1.208294e-07 1.280632e+00 -2.969421e-07
9.900000e+00 5.000000e-01 4.998000e-01 4.965291e-08 1.333402e+00 -2.579762e-07
9.950000e+00 5.000000e-01 4.998000e-01 -2.688038e-08 1.404199e+00 -2.291101e-07
1.000000e+01 5.000000e-01 4.998000e-01 -5.386782e-09 0.000000e+00 0.000000e+00
0.000000e+00 5.200000e-01 5.297760e-01 2.400000e-01 0.000000e+00 0.000000e+00
5.000000e-02 5.200000e-01 5.294846e-01 -1.606257e-02 1.483381e+00 2.775034e-04
1.000000e-01 5.200000e-01 5.297482e-01 -7.876900e-01 1.499438e+00 -1.493773e-02
1.500000e-01 5.200000e-01 5.309783e-01 9.300330e-01 1.553335e+00 -5.853359e-03
2.000000e-01 5.200000e-01 5.303336e-01 2.297243e+00 1.514574e+00 3.065011e-02
2.500000e-01 5.200000e-01 5.279133e-01 -8.466784e-01 1.408411e+00 1.732338e-02
3.000000e-01 5.200000e-01 5.286012e-01 -3.214745e+00 1.456054e+00 -4.247923e-02
3.500000e-01 5.200000e-01 5.321613e-01 7.677019e-01 1.615992e+00 -3.229296e-02
4.000000e-01 5.200000e-01 5.318305e-01 4.220861e+00 1.580340e+00 4.878336e-02
4.500000e-01 5.200000e-01 5.272829e-01 -3.422022e-01 1.374145e+00 5.050545e-02
5.000000e-01 5.200000e-01 5.267800e-01 -5.420541e+00 1.378619e+00 -4.573434e-02
5.500000e-01 5.200000e-01 5.318564e-01 -1.579563e+00 1.616399e+00 -6.904386e-02
6.000000e-01 5.200000e-01 5.336844e-01 4.703357e+00 1.672851e+00 3.221075e-02
6.500000e-01 5.200000e-01 5.286353e-01 1.975569e+00 1.429757e+00 8.242586e-02
7.000000e-01 5.200000e-01 5.254418e-01 -5.317127e+00 1.311574e+00 -9.406916e-03
7.500000e-01 5.200000e-01 5.295760e-01 -4.802002e+00 1.521786e+00 -8.600001e-02
8.000000e-01 5.200000e-01 5.340418e-01 2.331989e+00 1.706612e+00 -1.839980e-02
8.500000e-01 5.200000e-01 5.314160e-01 4.013344e+00 1.559491e+00 7.683117e-02
9.000000e-01 5.200000e-01 5.263587e-01 -2.082029e+00 1.337584e+00 4.346692e-02
9.500000e-01 5.200000e-01 5.270693e-01 -5.494154e+00 1.397912e+00 -5.434830e-02
1.000000e+00 5.200000e-01 5.317935e-01 -1.327520e+00 1.615072e+00 -5.809300e-02
1.050000e+00 5.200000e-01 5.328786e-01 3.151104e+00 1.640674e+00 2.689311e-02
1.100000e+00 5.200000e-01 5.291042e-01 1.320749e+00 1.455807e+00 6.132963e-02
1.150000e+00 5.200000e-01 5.267456e-01 -2.844769e+00 1.361892e+00 2.538301e-03
1.200000e+00 5.200000e-01 5.288504e-01 -2.789068e+00 1.472072e+00 -4.762496e-02
1.250000e+00 5.200000e-01 5.315081e-01 5.693575e-01 1.587433e+00 -1.958937e-02
1.300000e+00 5.200000e-01 5.308093e-01 1.932647e+00 1.540564e+00 3.192870e-02
1.350000e+00 5.200000e-01 5.283152e-01 5.269147e-02 1.422787e+00 3.126600e-02
1.400000e+00 5.200000e-01 5.276827e-01 -1.585848e+00 1.401973e+00 -8.307628e-03
1.450000e+00 5.200000e-01 5.291460e-01 -8.227652e-01 1.474081e+00 -2.441612e-02
1.500000e+00 5.200000e-01 5.301243e-01 7.211165e-01 1.514409e+00 -1.874806e-03
1.550000e+00 5.200000e-01 5.293335e-01 9.128649e-01 1.471082e+00 2.048046e-02
1.600000e+00 5.200000e-01 5.280763e-01 -1.488784e-02 1.411792e+00 1.474981e-02
1.650000e+00 5.200000e-01 5.278585e-01 -5.280858e-01 1.404840e+00 -3.845447e-03
1.700000e+00 5.200000e-01 5.284608e-01 -1.192354e-01 1.434296e+00 -8.786049e-03
1.750000e+00 5.200000e-01 5.287371e-01 4.448606e-01 1.445000e+00 2.072638e-03
1.800000e+00 5.200000e-01 5.282536e-01 4.811260e-01 1.419408e+00 1.174967e-02
1.850000e+00 5.200000e-01 5.275621e-01 1.432873e-01 1.385920e+00 9.916781e-03
1.900000e+00 5.200000e-01 5.272619e-01 -6.152253e-02 1.372381e+00 2.345273e-03
1.950000e+00 5.200000e-01 5.273276e-01 4.166706e-02 1.375840e+00 -8.188013e-04
2.000000e+00 5.200000e-01 5.273438e-01 2.409229e-01 1.375805e+00 2.695065e-03
2.050000e+00 5.200000e-01 5.270581e-01 3.063415e-01 1.360830e+00 7.712712e-03
2.100000e+00 5.200000e-01 5.265725e-01 2.223566e-01 1.336593e+00 9.307697e-03
2.150000e+00 5.200000e-01 5.261273e-01 1.143852e-01 1.314832e+00 7.316199e-03
2.200000e+00 5.200000e-01 5.258409e-01 7.820792e-02 1.300926e+00 4.746730e-03
2.250000e+00 5.200000e-01 5.256526e-01 1.122917e-01 1.291604e+00 4.083353e-03
2.300000e+00 5.200000e-01 5.254325e-01 1.617761e-01 1.280461e+00 5.540536e-03
2.350000e+00 5.200000e-01 5.250986e-01 1.827903e-01 1.263618e+00 7.780168e-03
2.400000e+00 5.200000e-01 5.246545e-01 1.669340e-01 1.241398e+00 9.394499e-03
2.450000e+00 5.200000e-01 5.241591e-01 1.291900e-01 1.216758e+00 9.747216e-03
2.500000e+00 5.200000e-01 5.236798e-01 8.784106e-02 1.193006e+00 8.959423e-03
2.550000e+00 5.200000e-01 5.232632e-01 5.387697e-02 1.172415e+00 7.506761e-03
2.600000e+00 5.200000e-01 5.229291e-01 3.039160e-02 1.155926e+00 5.863954e-03
2.650000e+00 5.200000e-01 5.226768e-01 1.599347e-02 1.143484e+00 4.345190e-03
2.700000e+00 5.200000e-01 5.224946e-01 7.934702e-03 1.134504e+00 3.094768e-03
2.750000e+00 5.200000e-01 5.223673e-01 3.739999e-03 1.128233e+00 2.139800e-03
2.800000e+00 5.200000e-01 5.222806e-01 1.684379e-03 1.123961e+00 1.447021e-03
2.850000e+00 5.200000e-01 5.222226e-01 7.279069e-04 1.121104e+00 9.622881e-04
2.900000e+00 5.200000e-01 5.221844e-01 3.028070e-04 1.119219e+00 6.317725e-04
2.950000e+00 5.200000e-01 5.221595e-01 1.215558e-04 1.117990e+00 4.105917e-04
3.000000e+00 5.200000e-01 5.221433e-01 4.717894e-05 1.117195e+00 2.646122e-04
3.050000e+00 5.200000e-01 5.221330e-01 1.773303e-05 1.116684e+00 1.692749e-04
3.100000e+00 5.200000e-01 5.221264e-01 6.464371e-06 1.116358e+00 1.075295e-04
3.150000e+00 5.200000e-01 5.221222e-01 2.289487e-06 1.116151e+00 6.781929e-05
3.200000e+00 5.200000e-01 5.221196e-01 7.901937e-07 1.116020e+00 4.244034e-05
3.250000e+00 5.200000e-01 5.221180e-01 2.677362e-07 1.115938e+00 2.631780e-05
3.300000e+00 5.200000e-01 5.221170e-01 9.092330e-08 1.115887e+00 1.613847e-05
3.350000e+00 5.200000e-01 5.221164e-01 3.277000e-08 1.115855e+00 9.754402e-06
3.400000e+00 5.200000e-01 5.221160e-01 1.417350e-08 1.115836e+00 5.781248e-06
3.450000e+00 5.200000e-01 5.221158e-01 8.391123e-09 1.115824e+00 3.331413e-06
3.500000e+00 5.200000e-01 5.221157e-01 6.644290e-09 1.115816e+00 1.838544e-06
3.550000e+00 5.200000e-01 5.221156e-01 6.133038e-09 1.115812e+00 9.429650e-07
3.600000e+00 5.200000e-01 5.221156e-01 5.989235e-09 1.115810e+00 4.173444e-07
3.650000e+00 5.200000e-01 5.221156e-01 5.951230e-09 1.115808e+00 1.187211e-07
3.700000e+00 5.200000e-01 5.221156e-01 5.942447e-09 1.115807e+00 -4.231301e-08
3.750000e+00 5.200000e-01 5.221156e-01 5.941206e-09 1.115807e+00 -1.213235e-07
3.800000e+00 5.200000e-01 5.221156e-01 5.941628e-09 1.115807e+00 -1.525859e-07
3.850000e+00 5.200000e-01 5.221156e-01 5.942235e-09 1.115806e+00 -1.570472e-07
3.900000e+00 5.200000e-01 5.221156e-01 5.942718e-09 1.115806e+00 -1.473536e-07
3.950000e+00 5.200000e-01 5.221156e-01 5.943055e-09 1.115806e+00 -1.310128e-07
4.000000e+00 5.200000e-01 5.221156e-01 5.943278e-09 1.115806e+00 -1.123730e-07
4.050000e+00 5.200000e-01 5.221156e-01 5.943422e-09 1.115806e+00 -9.385763e-08
4.100000e+00 5.200000e-01 5.221156e-01 5.943513e-09 1.115806e+00 -7.672951e-08
4.150000e+00 5.200000e-01 5.221156e-01 5.943569e-09 1.115806e+00 -6.156342e-08
4.200000e+00 5.200000e-01 5.221156e-01 5.943602e-09 1.115806e+00 -4.853530e-08
4.250000e+00 5.200000e-01 5.221156e-01 5.943622e-09 1.115806e+00 -3.759847e-08
4.300000e+00 5.200000e-01 5.221156e-01 5.943632e-09 1.115806e+00 -2.858994e-08
4.350000e+00 5.200000e-01 5.221156e-01 5.943636e-09 1.115806e+00 -2.129376e-08
4.400000e+00 5.200000e-01 5.221156e-01 5.943638e-09 1.115806e+00 -1.547804e-08
4.450000e+00 5.200000e-01 5.221156e-01 5.943637e-09 1.115806e+00 -1.091598e-08
4.500000e+00 5.200000e-01 5.221156e-01 5.943636e-09 1.115806e+00 -7.397121e-09
4.550000e+00 5.200000e-01 5.221156e-01 5.943634e-09 1.115806e+00 -4.732784e-09
4.600000e+00 5.200000e-01 5.221156e-01 5.943632e-09 1.115806e+00 -2.757956e-09
4.650000e+00 5.200000e-01 5.221156e-01 5.943631e-09 1.115806e+00 -1.331146e-09
4.700000e+00 5.200000e-01 5.221156e-01 5.943629e-09 1.115806e+00 -3.330602e-10
4.750000e+00 5.200000e-01 5.221156e-01 5.943628e-09 1.115806e+00 3.353351e-10
4.800000e+00 5.200000e-01 5.221156e-01 5.943627e-09 1.115806e+00 7.550527e-10
4.850000e+00 5.200000e-01 5.221156e-01 5.943626e-09 1.115806e+00 9.913803e-10
4.900000e+00 5.200000e-01 5.221156e-01 5.943625e-09 1.115806e+00 1.096114e-09
4.950000e+00 5.200000e-01 5.221156e-01 5.943625e-09 1.115806e+00 1.109692e-09
5.000000e+00 5.200000e-01 5.221156e-01 5.943624e-09 1.115806e+00 1.063096e-09
5.050000e+00 5.200000e-01 5.221156e-01 5.943624e-09 1.115806e+00 9.795631e-10
5.100000e+00 5.200000e-01 5.221156e-01 5.943624e-09 1.115806e+00 8.760992e-10
5.150000e+00 5.200000e-01 5.221156e-01 5.943623e-09 1.115806e+00 7.647727e-10
5.200000e+00 5.200000e-01 5.221156e-01 5.943623e-09 1.115806e+00 6.538114e-10
5.250000e+00 5.200000e-01 5.221156e-01 5.943623e-09 1.115806e+00 5.484990e-10
5.300000e+00 5.200000e-01 5.221156e-01 5.943623e-09 1.115806e+00 4.519241e-10
5.350000e+00 5.200000e-01 5.221156e-01 5.943623e-09 1.115806e+00 3.655876e-10
5.400000e+00 5.200000e-01 5.221156e-01 5.943623e-09 1.115806e+00 2.898692e-10
5.450000e+00 5.200000e-01 5.221156e-01 5.943623e-09 1.115806e+00 2.243938e-10
5.500000e+00 5.200000e-01 5.221156e-01 5.943623e-09 1.115806e+00 1.682965e-10
5.550000e+00 5.200000e-01 5.221156e-01 5.943623e-09 1.115806e+00 1.204370e-10
5.600000e+00 5.200000e-01 5.221156e-01 5.943623e-09 1.115806e+00 7.954193e-11
5.650000e+00 5.200000e-01 5.221156e-01 5.943623e-09 1.115806e+00 4.428680e-11
5.700000e+00 5.200000e-01 5.221156e-01 5.943623e-09 1.115806e+00 1.336931e-11
5.750000e+00 5.200000e-01 5.221156e-01 5.943623e-09 1.115806e+00 -1.446621e-11
5.800000e+00 5.200000e-01 5.221156e-01 5.943623e-09 1.115806e+00 -4.042433e-11
5.850000e+00 5.200000e-01 5.221156e-01 5.943623e-09 1.115806e+00 -6.565859e-11
5.900000e+00 5.200000e-01 5.221156e-01 5.943623e-09 1.115806e+00 -9.129808e-11
5.950000e+00 5.200000e-01 5.221156e-01 5.943623e-09 1.115806e+00 -1.184797e-10
6.000000e+00 5.200000e-01 5.221156e-01 5.943623e-09 1.115806e+00 -1.483880e-10
6.050000e+00 5.200000e-01 5.221156e-01 5.943623e-09 1.115806e+00 -1.823108e-10
6.100000e+00 5.200000e-01 5.221156e-01 5.943623e-09 1.115806e+00 -2.216938e-10
6.150000e+00 5.200000e-01 5.221156e-01 5.943623e-09 1.115806e+00 -2.682266e-10
6.200000e+00 5.200000e-01 5.221156e-01 5.943623e-09 1.115806e+00 -3.239309e-10
6.250000e+00 5.200000e-01 5.221156e-01 5.943623e-09 1.115806e+00 -3.912748e-10
6.300000e+00 5.200000e-01 5.221156e-01 5.943623e-09 1.115806e+00 -4.733136e-10
6.350000e+00 5.200000e-01 5.221156e-01 5.943623e-09 1.115806e+00 -5.738776e-10
6.400000e+00 5.200000e-01 5.221156e-01 5.943623e-09 1.115806e+00 -6.978007e-10
6.450000e+00 5.200000e-01 5.221156e-01 5.943623e-09 1.115806e+00 -8.511969e-10
6.500000e+00 5.200000e-01 5.221156e-01 5.943623e-09 1.115806e+00 -1.041843e-09
6.550000e+00 5.200000e-01 5.221156e-01 5.943623e-09 1.115806e+00 -1.279661e-09
6.600000e+00 5.200000e-01 5.221156e-01 5.943623e-09 1.115806e+00 -1.577319e-09
6.650000e+00 5.200000e-01 5.221156e-01 5.943623e-09 1.115806e+00 -1.951037e-09
6.700000e+00 5.200000e-01 5.221156e-01 5.943624e-09 1.115806e+00 -2.421600e-09
6.750000e+00 5.200000e-01 5.221156e-01 5.943624e-09 1.115806e+00 -3.015665e-09
6.800000e+00 5.200000e-01 5.221156e-01 5.943624e-09 1.115806e+00 -3.767464e-09
6.850000e+00 5.200000e-01 5.221156e-01 5.943624e-09 1.115806e+00 -4.720978e-09
6.900000e+00 5.200000e-01 5.221156e-01 5.943624e-09 1.115806e+00 -5.932771e-09
6.950000e+00 5.200000e-01 5.221156e-01 5.943627e-09 1.115806e+00 -7.475613e-09
7.000000e+00 5.200000e-01 5.221156e-01 5.943618e-09 1.115806e+00 -9.443185e-09
7.050000e+00 5.200000e-01 5.221156e-01 5.943651e-09 1.115806e+00 -1.195612e-08
7.100000e+00 5.200000e-01 5.221156e-01 5.943538e-09 1.115806e+00 -1.516985e-08
7.150000e+00 5.200000e-01 5.221156e-01 5.943934e-09 1.115807e+00 -1.928452e-08
7.200000e+00 5.200000e-01 5.221156e-01 5.942606e-09 1.115807e+00 -2.455847e-08
7.250000e+00 5.200000e-01 5.221156e-01 5.946957e-09 1.115807e+00 -3.132364e-08
7.300000e+00 5.200000e-01 5.221156e-01 5.933160e-09 1.115807e+00 -4.001109e-08
7.350000e+00 5.200000e-01 5.221156e-01 5.975583e-09 1.115807e+00 -5.116715e-08
7.400000e+00 5.200000e-01 5.221157e-01 5.849354e-09 1.115807e+00 -6.552375e-08
7.450000e+00 5.200000e-01 5.221157e-01 6.212608e-09 1.115807e+00 -8.394674e-08
7.500000e+00 5.200000e-01 5.221157e-01 5.203013e-09 1.115807e+00 -1.077645e-07
7.550000e+00 5.200000e-01 5.221157e-01 7.909698e-09 1.115808e+00 -1.381325e-07
7.600000e+00 5.200000e-01 5.221157e-01 9.206772e-10 1.115808e+00 -1.779496e-07
7.650000e+00 5.200000e-01 5.221157e-01 1.827306e-08 1.115808e+00 -2.275255e-07
7.700000e+00 5.200000e-01 5.221157e-01 -2.307189e-08 1.115809e+00 -2.952541e-07
7.750000e+00 5.200000e-01 5.221157e-01 7.125564e-08 1.115810e+00 -3.741069e-07
7.800000e+00 5.200000e-01 5.221157e-01 -1.342722e-07 1.115811e+00 -4.930460e-07
7.850000e+00 5.200000e-01 5.221158e-01 2.920847e-07 1.115812e+00 -6.123651e-07
7.900000e+00 5.200000e-01 5.221158e-01 -5.468392e-07 1.115814e+00 -8.287026e-07
7.950000e+00 5.200000e-01 5.221158e-01 1.011718e-06 1.115816e+00 -9.994084e-07
8.000000e+00 5.200000e-01 5.221159e-01 -1.706350e-06 1.115819e+00 -1.392491e-06
8.050000e+00 5.200000e-01 5.221160e-01 2.710110e-06 1.115823e+00 -1.645223e-06
8.100000e+00 5.200000e-01 5.221161e-01 -3.908581e-06 1.115827e+00 -2.304366e-06
8.150000e+00 5.200000e-01 5.221162e-01 5.110012e-06 1.115835e+00 -2.775450e-06
8.200000e+00 5.200000e-01 5.221163e-01 -5.823907e-06 1.115840e+00 -3.722805e-06
8.250000e+00 5.200000e-01 5.221166e-01 5.553821e-06 1.115853e+00 -4.763634e-06
8.300000e+00 5.200000e-01 5.221168e-01 -3.927663e-06 1.115864e+00 -6.006935e-06
8.350000e+00 5.200000e-01 5.221172e-01 1.388265e-06 1.115882e+00 -7.998764e-06
8.400000e+00 5.200000e-01 5.221176e-01 6.209564e-07 1.115903e+00 -1.006759e-05
8.450000e+00 5.200000e-01 5.221182e-01 2.022562e-07 1.115932e+00 -1.292604e-05
8.500000e+00 5.200000e-01 5.221189e-01 -5.290040e-06 1.115967e+00 -1.716513e-05
8.550000e+00 5.200000e-01 5.221199e-01 1.304427e-05 1.116017e+00 -2.121812e-05
8.600000e+00 5.200000e-01 5.221210e-01 -1.748778e-05 1.116071e+00 -2.803839e-05
8.650000e+00 5.200000e-01 5.221227e-01 1.141606e-05 1.116156e+00 -3.632362e-05
8.700000e+00 5.200000e-01 5.221247e-01 5.998860e-06 1.116252e+00 -4.535725e-05
8.750000e+00 5.200000e-01 5.221273e-01 -2.195893e-05 1.116380e+00 -6.004766e-05
8.800000e+00 5.200000e-01 5.221307e-01 1.510861e-05 1.116550e+00 -7.732703e-05
8.850000e+00 5.200000e-01 5.221350e-01 2.214021e-05 1.116765e+00 -9.675250e-05
8.900000e+00 5.200000e-01 5.221403e-01 -5.968448e-05 1.117029e+00 -1.281989e-04
8.950000e+00 5.200000e-01 5.221478e-01 4.245351e-05 1.117402e+00 -1.648836e-04
9.000000e+00 5.200000e-01 5.221568e-01 4.379020e-05 1.117849e+00 -2.066148e-04
9.050000e+00 5.200000e-01 5.221685e-01 -1.122844e-04 1.118426e+00 -2.721500e-04
9.100000e+00 5.200000e-01 5.221840e-01 3.622191e-05 1.119202e+00 -3.530090e-04
9.150000e+00 5.200000e-01 5.222038e-01 1.592082e-04 1.120184e+00 -4.418010e-04
9.200000e+00 5.200000e-01 5.222282e-01 -2.098479e-04 1.121394e+00 -5.760008e-04
9.250000e+00 5.200000e-01 5.222614e-01 -8.836595e-05 1.123045e+00 -7.562999e-04
9.300000e+00 5.200000e-01 5.223039e-01 4.201612e-04 1.125160e+00 -9.526910e-04
9.350000e+00 5.200000e-01 5.223566e-01 -1.444690e-04 1.127780e+00 -1.220886e-03
9.400000e+00 5.200000e-01 5.224259e-01 -6.292775e-04 1.131221e+00 -1.617474e-03
9.450000e+00 5.200000e-01 5.225184e-01 6.278178e-04 1.135828e+00 -2.082460e-03
9.500000e+00 5.200000e-01 5.226342e-01 7.301318e-04 1.141585e+00 -2.637816e-03
9.550000e+00 5.200000e-01 5.227822e-01 -1.416280e-03 1.148926e+00 -3.469945e-03
9.600000e+00 5.200000e-01 5.229812e-01 -5.905880e-04 1.158815e+00 -4.609684e-03
9.650000e+00 5.200000e-01 5.232431e-01 2.493975e-03 1.171853e+00 -5.950921e-03
9.700000e+00 5.200000e-01 5.235763e-01 7.614319e-05 1.188396e+00 -7.732711e-03
9.750000e+00 5.200000e-01 5.240164e-01 -3.511055e-03 1.210223e+00 -1.038627e-02
9.800000e+00 5.200000e-01 5.246149e-01 6.073942e-04 1.239937e+00 -1.396198e-02
9.850000e+00 5.200000e-01 5.254126e-01 3.511986e-03 1.279570e+00 -1.853121e-02
9.900000e+00 5.200000e-01 5.264680e-01 -4.937386e-04 1.331971e+00 -2.471370e-02
9.950000e+00 5.200000e-01 5.278840e-01 -1.169329e-03 1.402306e+00 -3.307977e-02
1.000000e+01 5.200000e-01 5.297760e-01 -9.798519e-04 0.000000e+00 0.000000e+00
0.000000e+00 5.400000e-01 5.596560e-01 4.800000e-01 0.000000e+00 0.000000e+00
5.000000e-02 5.400000e-01 5.591353e-01 -1.259881e-01 1.481010e+00 -1.209674e-03
1.000000e-01 5.400000e-01 5.597770e-01 -1.197451e+00 1.503032e+00 -2.796345e-02
1.500000e-01 5.400000e-01 5.619316e-01 2.202050e+00 1.534430e+00 -6.049550e-03
2.000000e-01 5.400000e-01 5.603819e-01 3.930065e+00 1.482140e+00 5.794239e-02
2.500000e-01 5.400000e-01 5.561374e-01 -2.192578e+00 1.419242e+00 2.340001e-02
3.000000e-01 5.400000e-01 5.580419e-01 -5.206571e+00 1.495439e+00 -8.298768e-02
3.500000e-01 5.400000e-01 5.644361e-01 2.794490e+00 1.600612e+00 -4.968775e-02
4.000000e-01 5.400000e-01 5.630107e-01 7.640763e+00 1.520649e+00 9.669453e-02
4.500000e-01 5.400000e-01 5.547667e-01 -1.706754e+00 1.379087e+00 8.065221e-02
5.000000e-01 5.400000e-01 5.549455e-01 -9.042247e+00 1.453310e+00 -9.685471e-02
5.500000e-01 5.400000e-01 5.644522e-01 -4.186376e-01 1.636729e+00 -1.176360e-01
6.000000e-01 5.400000e-01 5.667091e-01 9.505535e+00 1.605672e+00 7.462986e-02
6.500000e-01 5.400000e-01 5.569892e-01 2.479074e+00 1.400699e+00 1.444519e-01
7.000000e-01 5.400000e-01 5.522639e-01 -9.433594e+00 1.387995e+00 -3.679782e-02
7.500000e-01 5.400000e-01 5.606690e-01 -5.933958e+00 1.592416e+00 -1.579505e-01
8.000000e-01 5.400000e-01 5.680589e-01 6.516743e+00 1.674459e+00 -1.506799e-02
8.500000e-01 5.400000e-01 5.621758e-01 7.092500e+00 1.498832e+00 1.475659e-01
9.000000e-01 5.400000e-01 5.533023e-01 -4.453652e+00 1.365000e+00 6.460909e-02
9.500000e-01 5.400000e-01 5.557148e-01 -8.482535e+00 1.480567e+00 -1.109625e-01
1.000000e+00 5.400000e-01 5.643986e-01 5.447954e-02 1.639472e+00 -9.707177e-02
1.050000e+00 5.400000e-01 5.654220e-01 6.797883e+00 1.594417e+00 6.369730e-02
1.100000e+00 5.400000e-01 5.580289e-01 1.960765e+00 1.429896e+00 1.114887e-01
1.150000e+00 5.400000e-01 5.542732e-01 -5.237079e+00 1.400721e+00 -6.507289e-03
1.200000e+00 5.400000e-01 5.586796e-01 -3.935721e+00 1.517484e+00 -9.019961e-02
1.250000e+00 5.400000e-01 5.632931e-01 2.258896e+00 1.583453e+00 -2.738849e-02
1.300000e+00 5.400000e-01 5.614184e-01 3.859791e+00 1.508814e+00 6.585230e-02
1.350000e+00 5.400000e-01 5.567079e-01 -1.544052e-01 1.414520e+00 5.542949e-02
1.400000e+00 5.400000e-01 5.558755e-01 -2.866773e+00 1.422715e+00 -2.051803e-02
1.450000e+00 5.400000e-01 5.587597e-01 -1.020492e+00 1.489127e+00 -4.497228e-02
1.500000e+00 5.400000e-01 5.603727e-01 1.774043e+00 1.505324e+00 1.199616e-03
1.550000e+00 5.400000e-01 5.586397e-01 1.778649e+00 1.453487e+00 4.104455e-02
1.600000e+00 5.400000e-01 5.562683e-01 -1.194974e-01 1.405758e+00 2.649411e-02
1.650000e+00 5.400000e-01 5.559903e-01 -9.657181e-01 1.409602e+00 -9.004087e-03
1.700000e+00 5.400000e-01 5.571687e-01 -6.295052e-02 1.436303e+00 -1.606692e-02
1.750000e+00 5.400000e-01 5.575970e-01 9.802735e-01 1.438077e+00 5.952168e-03
1.800000e+00 5.400000e-01 5.565735e-01 9.466393e-01 1.409049e+00 2.362983e-02
1.850000e+00 5.400000e-01 5.552340e-01 2.525161e-01 1.379159e+00 1.880879e-02
1.900000e+00 5.400000e-01 5.546926e-01 -1.139577e-01 1.369868e+00 4.028939e-03
1.950000e+00 5.400000e-01 5.548311e-01 1.218861e-01 1.373620e+00 -1.373263e-03
2.000000e+00 5.400000e-01 5.548299e-01 5.093807e-01 1.371067e+00 6.000421e-03
2.050000e+00 5.400000e-01 5.542311e-01 6.143291e-01 1.354198e+00 1.568178e-02
2.100000e+00 5.400000e-01 5.532617e-01 4.335578e-01 1.330241e+00 1.839681e-02
2.150000e+00 5.400000e-01 5.523914e-01 2.215921e-01 1.310013e+00 1.426435e-02
2.200000e+00 5.400000e-01 5.518353e-01 1.583091e-01 1.297329e+00 9.288722e-03
2.250000e+00 5.400000e-01 5.514625e-01 2.308238e-01 1.288247e+00 8.183903e-03
2.300000e+00 5.400000e-01 5.510169e-01 3.281796e-01 1.276696e+00 1.119244e-02
2.350000e+00 5.400000e-01 5.503433e-01 3.663243e-01 1.259447e+00 1.562328e-02
2.400000e+00 5.400000e-01 5.494546e-01 3.317133e-01 1.237214e+00 1.874272e-02
2.450000e+00 5.400000e-01 5.484690e-01 2.552292e-01 1.212982e+00 1.935589e-02
2.500000e+00 5.400000e-01 5.475190e-01 1.728559e-01 1.189889e+00 1.773683e-02
2.550000e+00 5.400000e-01 5.466953e-01 1.057360e-01 1.170012e+00 1.483190e-02
2.600000e+00 5.400000e-01 5.460358e-01 5.953635e-02 1.154167e+00 1.157196e-02
2.650000e+00 5.400000e-01 5.455381e-01 3.129252e-02 1.142244e+00 8.568540e-03
2.700000e+00 5.400000e-01 5.451789e-01 1.551235e-02 1.133652e+00 6.100133e-03
2.750000e+00 5.400000e-01 5.449281e-01 7.307894e-03 1.127659e+00 4.216743e-03
2.800000e+00 5.400000e-01 5.447573e-01 3.290191e-03 1.123579e+00 2.851156e-03
2.850000e+00 5.400000e-01 5.446430e-01 1.421602e-03 1.120852e+00 1.895962e-03
2.900000e+00 5.400000e-01 5.445677e-01 5.913344e-04 1.119054e+00 1.244805e-03
2.950000e+00 5.400000e-01 5.445185e-01 2.373805e-04 1.117883e+00 8.091325e-04
3.000000e+00 5.400000e-01 5.444868e-01 9.214362e-05 1.117125e+00 5.216416e-04
3.050000e+00 5.400000e-01 5.444664e-01 3.464479e-05 1.116639e+00 3.339182e-04
3.100000e+00 5.400000e-01 5.444534e-01 1.264024e-05 1.116329e+00 2.123568e-04
3.150000e+00 5.400000e-01 5.444451e-01 4.487676e-06 1.116132e+00 1.341833e-04
3.200000e+00 5.400000e-01 5.444399e-01 1.559909e-06 1.116008e+00 8.421924e-05
3.250000e+00 5.400000e-01 5.444367e-01 5.397335e-07 1.115931e+00 5.246883e-05
3.300000e+00 5.400000e-01 5.444347e-01 1.945496e-07 1.115882e+00 3.240837e-05
3.350000e+00 5.400000e-01 5.444335e-01 8.107790e-08 1.115852e+00 1.981027e-05
3.400000e+00 5.400000e-01 5.444327e-01 4.483528e-08 1.115834e+00 1.195114e-05
3.450000e+00 5.400000e-01 5.444323e-01 3.359734e-08 1.115823e+00 7.085771e-06
3.500000e+00 5.400000e-01 5.444320e-01 3.022425e-08 1.115816e+00 4.101277e-06
3.550000e+00 5.400000e-01 5.444319e-01 2.925214e-08 1.115812e+00 2.291368e-06
3.600000e+00 5.400000e-01 5.444318e-01 2.898913e-08 1.115810e+00 1.209981e-06
3.650000e+00 5.400000e-01 5.444317e-01 2.892687e-08 1.115808e+00 5.768256e-07
3.700000e+00 5.400000e-01 5.444317e-01 2.891770e-08 1.115807e+00 2.167477e-07
3.750000e+00 5.400000e-01 5.444317e-01 2.892059e-08 1.115807e+00 2.096307e-08
3.800000e+00 5.400000e-01 5.444317e-01 2.892493e-08 1.115807e+00 -7.761489e-08
3.850000e+00 5.400000e-01 5.444317e-01 2.892844e-08 1.115807e+00 -1.200100e-07
3.900000e+00 5.400000e-01 5.444317e-01 2.893091e-08 1.115806e+00 -1.310473e-07
3.950000e+00 5.400000e-01 5.444317e-01 2.893256e-08 1.115806e+00 -1.255467e-07
4.000000e+00 5.400000e-01 5.444317e-01 2.893364e-08 1.115806e+00 -1.121943e-07
4.050000e+00 5.400000e-01 5.444317e-01 2.893434e-08 1.115806e+00 -9.594762e-08
4.100000e+00 5.400000e-01 5.444318e-01 2.893478e-08 1.115806e+00 -7.952294e-08
4.150000e+00 5.400000e-01 5.444318e-01 2.893505e-08 1.115806e+00 -6.430776e-08
4.200000e+00 5.400000e-01 5.444318e-01 2.893522e-08 1.115806e+00 -5.091734e-08
4.250000e+00 5.400000e-01 5.444318e-01 2.893531e-08 1.115806e+00 -3.953080e-08
4.300000e+00 5.400000e-01 5.444318e-01 2.893537e-08 1.115806e+00 -3.009196e-08
4.350000e+00 5.400000e-01 5.444318e-01 2.893539e-08 1.115806e+00 -2.242775e-08
4.400000e+00 5.400000e-01 5.444318e-01 2.893540e-08 1.115806e+00 -1.631662e-08
4.450000e+00 5.400000e-01 5.444318e-01 2.893540e-08 1.115806e+00 -1.152699e-08
4.500000e+00 5.400000e-01 5.444318e-01 2.893540e-08 1.115806e+00 -7.837782e-09
4.550000e+00 5.400000e-01 5.444318e-01 2.893539e-08 1.115806e+00 -5.048580e-09
4.600000e+00 5.400000e-01 5.444318e-01 2.893539e-08 1.115806e+00 -2.983644e-09
4.650000e+00 5.400000e-01 5.444318e-01 2.893538e-08 1.115806e+00 -1.492537e-09
4.700000e+00 5.400000e-01 5.444318e-01 2.893537e-08 1.115806e+00 -4.489142e-10
4.750000e+00 5.400000e-01 5.444318e-01 2.893537e-08 1.115806e+00 2.515987e-10
4.800000e+00 5.400000e-01 5.444318e-01 2.893536e-08 1.115806e+00 6.939560e-10
4.850000e+00 5.400000e-01 5.444318e-01 2.893536e-08 1.115806e+00 9.462897e-10
4.900000e+00 5.400000e-01 5.444318e-01 2.893536e-08 1.115806e+00 1.062417e-09
4.950000e+00 5.400000e-01 5.444318e-01 2.893536e-08 1.115806e+00 1.084173e-09
5.000000e+00 5.400000e-01 5.444318e-01 2.893535e-08 1.115806e+00 1.043516e-09
5.050000e+00 5.400000e-01 5.444318e-01 2.893535e-08 1.115806e+00 9.643553e-10
5.100000e+00 5.400000e-01 5.444318e-01 2.893535e-08 1.115806e+00 8.641399e-10
5.150000e+00 5.400000e-01 5.444318e-01 2.893535e-08 1.115806e+00 7.552481e-10
5.200000e+00 5.400000e-01 5.444318e-01 2.893535e-08 1.115806e+00 6.461098e-10
5.250000e+00 5.400000e-01 5.444318e-01 2.893535e-08 1.115806e+00 5.421463e-10
5.300000e+00 5.400000e-01 5.444318e-01 2.893535e-08 1.115806e+00 4.465406e-10
5.350000e+00 5.400000e-01 5.444318e-01 2.893535e-08 1.115806e+00 3.608480e-10
5.400000e+00 5.400000e-01 5.444318e-01 2.893535e-08 1.115806e+00 2.854761e-10
5.450000e+00 5.400000e-01 5.444318e-01 2.893535e-08 1.115806e+00 2.200640e-10
5.500000e+00 5.400000e-01 5.444318e-01 2.893535e-08 1.115806e+00 1.637435e-10
5.550000e+00 5.400000e-01 5.444318e-01 2.893535e-08 1.115806e+00 1.153500e-10
5.600000e+00 5.400000e-01 5.444318e-01 2.893535e-08 1.115806e+00 7.356449e-11
5.650000e+00 5.400000e-01 5.444318e-01 2.893535e-08 1.115806e+00 3.699596e-11
5.700000e+00 5.400000e-01 5.444318e-01 2.893535e-08 1.115806e+00 4.252154e-12
5.750000e+00 5.400000e-01 5.444318e-01 2.893535e-08 1.115806e+00 -2.604916e-11
5.800000e+00 5.400000e-01 5.444318e-01 2.893535e-08 1.115806e+00 -5.529022e-11
5.850000e+00 5.400000e-01 5.444318e-01 2.893535e-08 1.115806e+00 -8.484546e-11
5.900000e+00 5.400000e-01 5.444318e-01 2.893535e-08 1.115806e+00 -1.161393e-10
5.950000e+00 5.400000e-01 5.444318e-01 2.893535e-08 1.115806e+00 -1.507061e-10
6.000000e+00 5.400000e-01 5.444318e-01 2.893535e-08 1.115806e+00 -1.902289e-10
6.050000e+00 5.400000e-01 5.444318e-01 2.893535e-08 1.115806e+00 -2.366529e-10
6.100000e+00 5.400000e-01 5.444318e-01 2.893535e-08 1.115806e+00 -2.922806e-10
6.150000e+00 5.400000e-01 5.444318e-01 2.893535e-08 1.115806e+00 -3.599088e-10
6.200000e+00 5.400000e-01 5.444318e-01 2.893535e-08 1.115806e+00 -4.429990e-10
6.250000e+00 5.400000e-01 5.444318e-01 2.893535e-08 1.115806e+00 -5.458833e-10
6.300000e+00 5.400000e-01 5.444318e-01 2.893535e-08 1.115806e+00 -6.740331e-10
6.350000e+00 5.400000e-01 5.444318e-01 2.893535e-08 1.115806e+00 -8.344125e-10
6.400000e+00 5.400000e-01 5.444318e-01 2.893535e-08 1.115806e+00 -1.035907e-09
6.450000e+00 5.400000e-01 5.444318e-01 2.893535e-08 1.115806e+00 -1.289886e-09
6.500000e+00 5.400000e-01 5.444318e-01 2.893535e-08 1.115806e+00 -1.610929e-09
6.550000e+00 5.400000e-01 5.444318e-01 2.893535e-08 1.115806e+00 -2.017766e-09
6.600000e+00 5.400000e-01 5.444318e-01 2.893535e-08 1.115806e+00 -2.534473e-09
6.650000e+00 5.400000e-01 5.444318e-01 2.893535e-08 1.115807e+00 -3.192022e-09
6.700000e+00 5.400000e-01 5.444318e-01 2.893535e-08 1.115807e+00 -4.030308e-09
6.750000e+00 5.400000e-01 5.444318e-01 2.893535e-08 1.115807e+00 -5.100705e-09
6.800000e+00 5.400000e-01 5.444318e-01 2.893535e-08 1.115807e+00 -6.469422e-09
6.850000e+00 5.400000e-01 5.444318e-01 2.893536e-08 1.115807e+00 -8.221810e-09
6.900000e+00 5.400000e-01 5.444318e-01 2.893536e-08 1.115807e+00 -1.046794e-08
6.950000e+00 5.400000e-01 5.444318e-01 2.893537e-08 1.115807e+00 -1.334978e-08
7.000000e+00 5.400000e-01 5.444318e-01 2.893534e-08 1.115807e+00 -1.705047e-08
7.050000e+00 5.400000e-01 5.444318e-01 2.893546e-08 1.115807e+00 -2.180631e-08
7.100000e+00 5.400000e-01 5.444318e-01 2.893505e-08 1.115807e+00 -2.792226e-08
7.150000e+00 5.400000e-01 5.444318e-01 2.893648e-08 1.115807e+00 -3.579158e-08
7.200000e+00 5.400000e-01 5.444318e-01 2.893172e-08 1.115807e+00 -4.592267e-08
7.250000e+00 5.400000e-01 5.444318e-01 2.894721e-08 1.115807e+00 -5.896880e-08
7.300000e+00 5.400000e-01 5.444318e-01 2.889852e-08 1.115807e+00 -7.578165e-08
7.350000e+00 5.400000e-01 5.444318e-01 2.904699e-08 1.115807e+00 -9.743423e-08
7.400000e+00 5.400000e-01 5.444318e-01 2.860900e-08 1.115807e+00 -1.253865e-07
7.450000e+00 5.400000e-01 5.444318e-01 2.985883e-08 1.115807e+00 -1.613106e-07
7.500000e+00 5.400000e-01 5.444318e-01 2.641433e-08 1.115807e+00 -2.079368e-07
7.550000e+00 5.400000e-01 5.444318e-01 3.557209e-08 1.115808e+00 -2.672898e-07
7.600000e+00 5.400000e-01 5.444318e-01 1.212117e-08 1.115808e+00 -3.457485e-07
7.650000e+00 5.400000e-01 5.444319e-01 6.986771e-08 1.115809e+00 -4.424291e-07
7.700000e+00 5.400000e-01 5.444319e-01 -6.660469e-08 1.115809e+00 -5.773264e-07
7.750000e+00 5.400000e-01 5.444319e-01 2.422521e-07 1.115810e+00 -7.293045e-07
7.800000e+00 5.400000e-01 5.444320e-01 -4.253760e-07 1.115811e+00 -9.705074e-07
7.850000e+00 5.400000e-01 5.444320e-01 9.488100e-07 1.115812e+00 -1.193688e-06
7.900000e+00 5.400000e-01 5.444321e-01 -1.734589e-06 1.115814e+00 -1.642692e-06
7.950000e+00 5.400000e-01 5.444322e-01 3.214076e-06 1.115816e+00 -1.945043e-06
8.000000e+00 5.400000e-01 5.444323e-01 -5.356052e-06 1.115818e+00 -2.775478e-06
8.050000e+00 5.400000e-01 5.444325e-01 8.479653e-06 1.115823e+00 -3.204242e-06
8.100000e+00 5.400000e-01 5.444326e-01 -1.213980e-05 1.115826e+00 -4.595403e-06
8.150000e+00 5.400000e-01 5.444329e-01 1.584152e-05 1.115835e+00 -5.444013e-06
8.200000e+00 5.400000e-01 5.444331e-01 -1.803891e-05 1.115839e+00 -7.382746e-06
8.250000e+00 5.400000e-01 5.444336e-01 1.738620e-05 1.115853e+00 -9.438170e-06
8.300000e+00 5.400000e-01 5.444341e-01 -1.276263e-05 1.115862e+00 -1.185066e-05
8.350000e+00 5.400000e-01 5.444348e-01 5.628816e-06 1.115882e+00 -1.589956e-05
8.400000e+00 5.400000e-01 5.444357e-01 -1.027455e-07 1.115901e+00 -1.994131e-05
8.450000e+00 5.400000e-01 5.444368e-01 2.809797e-06 1.115931e+00 -2.556180e-05
8.500000e+00 5.400000e-01 5.444382e-01 -1.750375e-05 1.115963e+00 -3.421464e-05
8.550000e+00 5.400000e-01 5.444402e-01 3.947841e-05 1.116016e+00 -4.193499e-05
8.600000e+00 5.400000e-01 5.444424e-01 -5.179500e-05 1.116065e+00 -5.570916e-05
8.650000e+00 5.400000e-01 5.444458e-01 3.492865e-05 1.116153e+00 -7.230882e-05
8.700000e+00 5.400000e-01 5.444496e-01 1.263379e-05 1.116244e+00 -8.978586e-05
8.750000e+00 5.400000e-01 5.444548e-01 -5.514194e-05 1.116371e+00 -1.194393e-04
8.800000e+00 5.400000e-01 5.444616e-01 3.546413e-05 1.116539e+00 -1.539801e-04
8.850000e+00 5.400000e-01 5.444702e-01 6.455340e-05 1.116752e+00 -1.916624e-04
8.900000e+00 5.400000e-01 5.444808e-01 -1.623750e-04 1.117005e+00 -2.551731e-04
8.950000e+00 5.400000e-01 5.444957e-01 1.141556e-04 1.117383e+00 -3.283753e-04
9.000000e+00 5.400000e-01 5.445136e-01 1.108747e-04 1.117817e+00 -4.097758e-04
9.050000e+00 5.400000e-01 5.445367e-01 -2.817709e-04 1.118382e+00 -5.413982e-04
9.100000e+00 5.400000e-01 5.445677e-01 7.904602e-05 1.119150e+00 -7.034819e-04
9.150000e+00 5.400000e-01 5.446070e-01 4.132559e-04 1.120124e+00 -8.771382e-04
9.200000e+00 5.400000e-01 5.446554e-01 -5.187555e-04 1.121296e+00 -1.144837e-03
9.250000e+00 5.400000e-01 5.447215e-01 -2.398200e-04 1.122934e+00 -1.507156e-03
9.300000e+00 5.400000e-01 5.448062e-01 1.026005e-03 1.125025e+00 -1.894398e-03
9.350000e+00 5.400000e-01 5.449110e-01 -2.849374e-04 1.127591e+00 -2.424446e-03
9.400000e+00 5.400000e-01 5.450486e-01 -1.574712e-03 1.130960e+00 -3.219623e-03
9.450000e+00 5.400000e-01 5.452329e-01 1.404103e-03 1.135526e+00 -4.146065e-03
9.500000e+00 5.400000e-01 5.454632e-01 1.926879e-03 1.141184e+00 -5.239797e-03
9.550000e+00 5.400000e-01 5.457569e-01 -3.246627e-03 1.148364e+00 -6.892647e-03
9.600000e+00 5.400000e-01 5.461525e-01 -1.863124e-03 1.158069e+00 -9.171072e-03
9.650000e+00 5.400000e-01 5.466740e-01 5.905873e-03 1.170924e+00 -1.183286e-02
9.700000e+00 5.400000e-01 5.473358e-01 1.020768e-03 1.187136e+00 -1.534818e-02
9.750000e+00 5.400000e-01 5.482088e-01 -8.636017e-03 1.208441e+00 -2.061657e-02
9.800000e+00 5.400000e-01 5.493974e-01 3.467810e-04 1.237515e+00 -2.773923e-02
9.850000e+00 5.400000e-01 5.509828e-01 8.942893e-03 1.276382e+00 -3.681392e-02
9.900000e+00 5.400000e-01 5.530788e-01 -3.624710e-04 1.327689e+00 -4.909482e-02
9.950000e+00 5.400000e-01 5.558922e-01 -2.901626e-03 1.396641e+00 -6.577186e-02
1.000000e+01 5.400000e-01 5.596560e-01 -2.192368e-03 0.000000e+00 0.000000e+00
0.000000e+00 5.600000e-01 5.893440e-01 7.200000e-01 0.000000e+00 0.000000e+00
5.000000e-02 5.600000e-01 5.887250e-01 -2.996948e-01 1.476963e+00 -5.255459e-03
1.000000e-01 5.600000e-01 5.898695e-01 -9.036291e-01 1.501705e+00 -3.630575e-02
1.500000e-01 5.600000e-01 5.923555e-01 3.753562e+00 1.499370e+00 2.503556e-03
2.000000e-01 5.600000e-01 5.896192e-01 4.240199e+00 1.441282e+00 7.672522e-02
2.500000e-01 5.600000e-01 5.846830e-01 -3.989977e+00 1.442179e+00 1.200381e-02
3.000000e-01 5.600000e-01 5.884188e-01 -5.051456e+00 1.535707e+00 -1.150272e-01
3.500000e-01 5.600000e-01 5.961857e-01 6.168721e+00 1.554777e+00 -4.237709e-02
4.000000e-01 5.600000e-01 5.926565e-01 9.112398e+00 1.438121e+00 1.373933e-01
4.500000e-01 5.600000e-01 5.824464e-01 -4.426893e+00 1.400288e+00 7.744131e-02
5.000000e-01 5.600000e-01 5.849124e-01 -9.786040e+00 1.538409e+00 -1.487911e-01
5.500000e-01 5.600000e-01 5.973255e-01 3.956231e+00 1.621815e+00 -1.299889e-01
6.000000e-01 5.600000e-01 5.979113e-01 1.330208e+01 1.494836e+00 1.266226e-01
6.500000e-01 5.600000e-01 5.846633e-01 5.714058e-01 1.374683e+00 1.694966e-01
7.000000e-01 5.600000e-01 5.809616e-01 -1.171226e+01 1.484201e+00 -8.609362e-02
7.500000e-01 5.600000e-01 5.932726e-01 -2.632424e+00 1.640914e+00 -2.005855e-01
8.000000e-01 5.600000e-01 6.010202e-01 1.202887e+01 1.589125e+00 1.903397e-02
8.500000e-01 5.600000e-01 5.913692e-01 8.022773e+00 1.414009e+00 2.006150e-01
9.000000e-01 5.600000e-01 5.809587e-01 -7.218673e+00 1.408866e+00 5.077273e-02
9.500000e-01 5.600000e-01 5.862920e-01 -8.142620e+00 1.566288e+00 -1.641374e-01
1.000000e+00 5.600000e-01 5.973724e-01 4.455935e+00 1.628659e+00 -1.036330e-01
1.050000e+00 5.600000e-01 5.966553e-01 1.022534e+01 1.507938e+00 1.107236e-01
1.100000e+00 5.600000e-01 5.863001e-01 1.233012e+00 1.397681e+00 1.388080e-01
1.150000e+00 5.600000e-01 5.827745e-01 -6.855743e+00 1.452938e+00 -3.249684e-02
1.200000e+00 5.600000e-01 5.895497e-01 -2.734750e+00 1.558730e+00 -1.207176e-01
1.250000e+00 5.600000e-01 5.948462e-01 5.205822e+00 1.553304e+00 -1.612115e-02
1.300000e+00 5.600000e-01 5.911619e-01 5.346766e+00 1.455016e+00 9.950197e-02
1.350000e+00 5.600000e-01 5.848960e-01 -8.734648e-01 1.405275e+00 6.570535e-02
1.400000e+00 5.600000e-01 5.845913e-01 -3.561950e+00 1.450292e+00 -3.815039e-02
1.450000e+00 5.600000e-01 5.887111e-01 -2.134007e-01 1.500307e+00 -5.745952e-02
1.500000e+00 5.600000e-01 5.903373e-01 3.223412e+00 1.482006e+00 1.238096e-02
1.550000e+00 5.600000e-01 5.874730e-01 2.429450e+00 1.424383e+00 6.030684e-02
1.600000e+00 5.600000e-01 5.843066e-01 -3.974384e-01 1.397625e+00 3.230384e-02
1.650000e+00 5.600000e-01 5.842426e-01 -1.207313e+00 1.415804e+00 -1.606359e-02
1.700000e+00 5.600000e-01 5.859129e-01 3.083461e-01 1.435623e+00 -2.017600e-02
1.750000e+00 5.600000e-01 5.862602e-01 1.643173e+00 1.423947e+00 1.297433e-02
1.800000e+00 5.600000e-01 5.846155e-01 1.352065e+00 1.391676e+00 3.531692e-02
1.850000e+00 5.600000e-01 5.827285e-01 2.933669e-01 1.368655e+00 2.558898e-02
1.900000e+00 5.600000e-01 5.820566e-01 -1.409256e-01 1.365711e+00 4.560753e-03
1.950000e+00 5.600000e-01 5.822724e-01 2.785588e-01 1.369146e+00 -1.298439e-03
2.000000e+00 5.600000e-01 5.821865e-01 8.257968e-01 1.362405e+00 1.046386e-02
2.050000e+00 5.600000e-01 5.812260e-01 9.196075e-01 1.342900e+00 2.404315e-02
2.100000e+00 5.600000e-01 5.797821e-01 6.208022e-01 1.319821e+00 2.698178e-02
2.150000e+00 5.600000e-01 5.785278e-01 3.155577e-01 1.302196e+00 2.048121e-02
2.200000e+00 5.600000e-01 5.777340e-01 2.434269e-01 1.291384e+00 1.345332e-02
2.250000e+00 5.600000e-01 5.771825e-01 3.620261e-01 1.282556e+00 1.233636e-02
2.300000e+00 5.600000e-01 5.765004e-01 5.032996e-01 1.270300e+00 1.706021e-02
2.350000e+00 5.600000e-01 5.754765e-01 5.507388e-01 1.252433e+00 2.357299e-02
2.400000e+00 5.600000e-01 5.741431e-01 4.918346e-01 1.230253e+00 2.798061e-02
2.450000e+00 5.600000e-01 5.726784e-01 3.748693e-01 1.206750e+00 2.867744e-02
2.500000e+00 5.600000e-01 5.712753e-01 2.522523e-01 1.184770e+00 2.614750e-02
2.550000e+00 5.600000e-01 5.700637e-01 1.536276e-01 1.166080e+00 2.179542e-02
2.600000e+00 5.600000e-01 5.690958e-01 8.624621e-02 1.151294e+00 1.697121e-02
2.650000e+00 5.600000e-01 5.683666e-01 4.524137e-02 1.140219e+00 1.255120e-02
2.700000e+00 5.600000e-01 5.678407e-01 2.239781e-02 1.132262e+00 8.928816e-03
2.750000e+00 5.600000e-01 5.674737e-01 1.054285e-02 1.126721e+00 6.169111e-03
2.800000e+00 5.600000e-01 5.672238e-01 4.744250e-03 1.122955e+00 4.169791e-03
2.850000e+00 5.600000e-01 5.670567e-01 2.049305e-03 1.120440e+00 2.772002e-03
2.900000e+00 5.600000e-01 5.669466e-01 8.523578e-04 1.118785e+00 1.819462e-03
2.950000e+00 5.600000e-01 5.668748e-01 3.421943e-04 1.117707e+00 1.182343e-03
3.000000e+00 5.600000e-01 5.668283e-01 1.328793e-04 1.117012e+00 7.620606e-04
3.050000e+00 5.600000e-01 5.667985e-01 5.001380e-05 1.116566e+00 4.877286e-04
3.100000e+00 5.600000e-01 5.667796e-01 1.830125e-05 1.116282e+00 3.101536e-04
3.150000e+00 5.600000e-01 5.667675e-01 6.552115e-06 1.116103e+00 1.960059e-04
3.200000e+00 5.600000e-01 5.667600e-01 2.333202e-06 1.115990e+00 1.230780e-04
3.250000e+00 5.600000e-01 5.667552e-01 8.636276e-07 1.115919e+00 7.675109e-05
3.300000e+00 5.600000e-01 5.667523e-01 3.668051e-07 1.115875e+00 4.748817e-05
3.350000e+00 5.600000e-01 5.667505e-01 2.038016e-07 1.115848e+00 2.911219e-05
3.400000e+00 5.600000e-01 5.667494e-01 1.519657e-07 1.115831e+00 1.764610e-05
3.450000e+00 5.600000e-01 5.667487e-01 1.360518e-07 1.115821e+00 1.054285e-05
3.500000e+00 5.600000e-01 5.667483e-01 1.313855e-07 1.115815e+00 6.179286e-06
3.550000e+00 5.600000e-01 5.667481e-01 1.301170e-07 1.115811e+00 3.525977e-06
3.600000e+00 5.600000e-01 5.667480e-01 1.298270e-07 1.115809e+00 1.933256e-06
3.650000e+00 5.600000e-01 5.667479e-01 1.297969e-07 1.115808e+00 9.932173e-07
3.700000e+00 5.600000e-01 5.667479e-01 1.298233e-07 1.115807e+00 4.511640e-07
3.750000e+00 5.600000e-01 5.667479e-01 1.298537e-07 1.115807e+00 1.490408e-07
3.800000e+00 5.600000e-01 5.667479e-01 1.298773e-07 1.115807e+00 -1.054908e-08
3.850000e+00 5.600000e-01 5.667479e-01 1.298938e-07 1.115807e+00 -8.713014e-08
3.900000e+00 5.600000e-01 5.667479e-01 1.299049e-07 1.115807e+00 -1.167172e-07
3.950000e+00 5.600000e-01 5.667479e-01 1.299121e-07 1.115807e+00 -1.208264e-07
4.000000e+00 5.600000e-01 5.667479e-01 1.299168e-07 1.115807e+00 -1.120993e-07
4.050000e+00 5.600000e-01 5.667479e-01 1.299198e-07 1.115807e+00 -9.779332e-08
4.100000e+00 5.600000e-01 5.667479e-01 1.299217e-07 1.115807e+00 -8.193487e-08
4.150000e+00 5.600000e-01 5.667479e-01 1.299229e-07 1.115807e+00 -6.663834e-08
4.200000e+00 5.600000e-01 5.667479e-01 1.299236e-07 1.115807e+00 -5.290746e-08
4.250000e+00 5.600000e-01 5.667479e-01 1.299241e-07 1.115807e+00 -4.111763e-08
4.300000e+00 5.600000e-01 5.667479e-01 1.299243e-07 1.115807e+00 -3.130298e-08
4.350000e+00 5.600000e-01 5.667479e-01 1.299244e-07 1.115807e+00 -2.332450e-08
4.400000e+00 5.600000e-01 5.667479e-01 1.299244e-07 1.115807e+00 -1.696669e-08
4.450000e+00 5.600000e-01 5.667479e-01 1.299245e-07 1.115807e+00 -1.199145e-08
4.500000e+00 5.600000e-01 5.667479e-01 1.299244e-07 1.115807e+00 -8.166827e-09
4.550000e+00 5.600000e-01 5.667479e-01 1.299244e-07 1.115807e+00 -5.281089e-09
4.600000e+00 5.600000e-01 5.667479e-01 1.299244e-07 1.115807e+00 -3.148523e-09
4.650000e+00 5.600000e-01 5.667479e-01 1.299244e-07 1.115807e+00 -1.610623e-09
4.700000e+00 5.600000e-01 5.667479e-01 1.299243e-07 1.115807e+00 -5.348511e-10
4.750000e+00 5.600000e-01 5.667479e-01 1.299243e-07 1.115807e+00 1.877309e-10
4.800000e+00 5.600000e-01 5.667479e-01 1.299243e-07 1.115807e+00 6.453338e-10
4.850000e+00 5.600000e-01 5.667479e-01 1.299243e-07 1.115807e+00 9.083567e-10
4.900000e+00 5.600000e-01 5.667479e-01 1.299243e-07 1.115807e+00 1.032151e-09
4.950000e+00 5.600000e-01 5.667479e-01 1.299242e-07 1.115807e+00 1.059575e-09
5.000000e+00 5.600000e-01 5.667479e-01 1.299242e-07 1.115807e+00 1.023245e-09
5.050000e+00 5.600000e-01 5.667479e-01 1.299242e-07 1.115807e+00 9.474865e-10
5.100000e+00 5.600000e-01 5.667479e-01 1.299242e-07 1.115807e+00 8.500189e-10
5.150000e+00 5.600000e-01 5.667479e-01 1.299242e-07 1.115807e+00 7.433809e-10
5.200000e+00 5.600000e-01 5.667479e-01 1.299242e-07 1.115807e+00 6.360923e-10
5.250000e+00 5.600000e-01 5.667479e-01 1.299242e-07 1.115807e+00 5.336342e-10
5.300000e+00 5.600000e-01 5.667479e-01 1.299242e-07 1.115807e+00 4.392275e-10
5.350000e+00 5.600000e-01 5.667479e-01 1.299242e-07 1.115807e+00 3.544409e-10
5.400000e+00 5.600000e-01 5.667479e-01 1.299242e-07 1.115807e+00 2.796907e-10
5.450000e+00 5.600000e-01 5.667479e-01 1.299242e-07 1.115807e+00 2.146094e-10
5.500000e+00 5.600000e-01 5.667479e-01 1.299242e-07 1.115807e+00 1.583145e-10
5.550000e+00 5.600000e-01 5.667479e-01 1.299242e-07 1.115807e+00 1.096156e-10
5.600000e+00 5.600000e-01 5.667479e-01 1.299242e-07 1.115807e+00 6.714740e-11
5.650000e+00 5.600000e-01 5.667479e-01 1.299242e-07 1.115807e+00 2.945866e-11
5.700000e+00 5.600000e-01 5.667479e-01 1.299242e-07 1.115807e+00 -4.930500e-12
5.750000e+00 5.600000e-01 5.667479e-01 1.299242e-07 1.115807e+00 -3.752554e-11
5.800000e+00 5.600000e-01 5.667479e-01 1.299242e-07 1.115807e+00 -6.987300e-11
5.850000e+00 5.600000e-01 5.667479e-01 1.299242e-07 1.115807e+00 -1.035649e-10
5.900000e+00 5.600000e-01 5.667479e-01 1.299242e-07 1.115807e+00 -1.403111e-10
5.950000e+00 5.600000e-01 5.667479e-01 1.299242e-07 1.115807e+00 -1.820233e-10
6.000000e+00 5.600000e-01 5.667479e-01 1.299242e-07 1.115807e+00 -2.308786e-10
6.050000e+00 5.600000e-01 5.667479e-01 1.299242e-07 1.115807e+00 -2.894596e-10
6.100000e+00 5.600000e-01 5.667479e-01 1.299242e-07 1.115807e+00 -3.609035e-10
6.150000e+00 5.600000e-01 5.667479e-01 1.299242e-07 1.115807e+00 -4.490897e-10
6.200000e+00 5.600000e-01 5.667479e-01 1.299242e-07 1.115807e+00 -5.588829e-10
6.250000e+00 5.600000e-01 5.667479e-01 1.299242e-07 1.115807e+00 -6.964407e-10
6.300000e+00 5.600000e-01 5.667479e-01 1.299242e-07 1.115807e+00 -8.695944e-10
6.350000e+00 5.600000e-01 5.667479e-01 1.299242e-07 1.115807e+00 -1.088369e-09
6.400000e+00 5.600000e-01 5.667479e-01 1.299242e-07 1.115807e+00 -1.365618e-09
6.450000e+00 5.600000e-01 5.667479e-01 1.299242e-07 1.115807e+00 -1.717846e-09
6.500000e+00 5.600000e-01 5.667479e-01 1.299242e-07 1.115807e+00 -2.166289e-09
6.550000e+00 5.600000e-01 5.667479e-01 1.299242e-07 1.115807e+00 -2.738290e-09
6.600000e+00 5.600000e-01 5.667479e-01 1.299242e-07 1.115807e+00 -3.469081e-09
6.650000e+00 5.600000e-01 5.667479e-01 1.299242e-07 1.115807e+00 -4.404079e-09
6.700000e+00 5.600000e-01 5.667479e-01 1.299242e-07 1.115807e+00 -5.601862e-09
6.750000e+00 5.600000e-01 5.667479e-01 1.299242e-07 1.115807e+00 -7.137988e-09
6.800000e+00 5.600000e-01 5.667479e-01 1.299242e-07 1.115807e+00 -9.109959e-09
6.850000e+00 5.600000e-01 5.667479e-01 1.299243e-07 1.115807e+00 -1.164361e-08
6.900000e+00 5.600000e-01 5.667479e-01 1.299243e-07 1.115807e+00 -1.490135e-08
6.950000e+00 5.600000e-01 5.667479e-01 1.299243e-07 1.115807e+00 -1.909288e-08
7.000000e+00 5.600000e-01 5.667479e-01 1.299242e-07 1.115807e+00 -2.448890e-08
7.050000e+00 5.600000e-01 5.667479e-01 1.299246e-07 1.115807e+00 -3.143886e-08
7.100000e+00 5.600000e-01 5.667479e-01 1.299233e-07 1.115807e+00 -4.039413e-08
7.150000e+00 5.600000e-01 5.667479e-01 1.299279e-07 1.115807e+00 -5.193683e-08
7.200000e+00 5.600000e-01 5.667479e-01 1.299128e-07 1.115807e+00 -6.682058e-08
7.250000e+00 5.600000e-01 5.667479e-01 1.299615e-07 1.115807e+00 -8.601165e-08
7.300000e+00 5.600000e-01 5.667479e-01 1.298100e-07 1.115807e+00 -1.107780e-07
7.350000e+00 5.600000e-01 5.667479e-01 1.302677e-07 1.115807e+00 -1.426949e-07
7.400000e+00 5.600000e-01 5.667479e-01 1.289309e-07 1.115807e+00 -1.839721e-07
7.450000e+00 5.600000e-01 5.667479e-01 1.327083e-07 1.115807e+00 -2.369703e-07
7.500000e+00 5.600000e-01 5.667480e-01 1.224005e-07 1.115808e+00 -3.060562e-07
7.550000e+00 5.600000e-01 5.667480e-01 1.495371e-07 1.115808e+00 -3.934387e-07
7.600000e+00 5.600000e-01 5.667480e-01 8.072536e-08 1.115808e+00 -5.105228e-07
7.650000e+00 5.600000e-01 5.667480e-01 2.485247e-07 1.115809e+00 -6.514820e-07
7.700000e+00 5.600000e-01 5.667481e-01 -1.442064e-07 1.115809e+00 -8.560938e-07
7.750000e+00 5.600000e-01 5.667481e-01 7.360924e-07 1.115810e+00 -1.071448e-06
7.800000e+00 5.600000e-01 5.667482e-01 -1.148751e-06 1.115811e+00 -1.448431e-06
7.850000e+00 5.600000e-01 5.667483e-01 2.694658e-06 1.115812e+00 -1.743454e-06
7.900000e+00 5.600000e-01 5.667483e-01 -4.741903e-06 1.115813e+00 -2.472121e-06
7.950000e+00 5.600000e-01 5.667485e-01 8.851018e-06 1.115817e+00 -2.819284e-06
8.000000e+00 5.600000e-01 5.667486e-01 -1.449048e-05 1.115817e+00 -4.203278e-06
8.050000e+00 5.600000e-01 5.667489e-01 2.289759e-05 1.115824e+00 -4.635102e-06
8.100000e+00 5.600000e-01 5.667491e-01 -3.244249e-05 1.115824e+00 -6.944036e-06
8.150000e+00 5.600000e-01 5.667496e-01 4.227447e-05 1.115836e+00 -7.963592e-06
8.200000e+00 5.600000e-01 5.667499e-01 -4.803032e-05 1.115836e+00 -1.101348e-05
8.250000e+00 5.600000e-01 5.667507e-01 4.687822e-05 1.115854e+00 -1.404041e-05
8.300000e+00 5.600000e-01 5.667513e-01 -3.576108e-05 1.115859e+00 -1.747523e-05
8.350000e+00 5.600000e-01 5.667525e-01 1.900240e-05 1.115881e+00 -2.374886e-05
8.400000e+00 5.600000e-01 5.667537e-01 -6.339507e-06 1.115898e+00 -2.958523e-05
8.450000e+00 5.600000e-01 5.667554e-01 1.409955e-05 1.115929e+00 -3.776401e-05
8.500000e+00 5.600000e-01 5.667574e-01 -5.013984e-05 1.115957e+00 -5.127822e-05
8.550000e+00 5.600000e-01 5.667606e-01 1.029012e-04 1.116015e+00 -6.183199e-05
8.600000e+00 5.600000e-01 5.667636e-01 -1.317301e-04 1.116053e+00 -8.290591e-05
8.650000e+00 5.600000e-01 5.667688e-01 9.275356e-05 1.116149e+00 -1.079392e-04
8.700000e+00 5.600000e-01 5.667744e-01 1.560511e-05 1.116230e+00 -1.326297e-04
8.750000e+00 5.600000e-01 5.667821e-01 -1.094686e-04 1.116357e+00 -1.778763e-04
8.800000e+00 5.600000e-01 5.667922e-01 6.218972e-05 1.116519e+00 -2.297591e-04
8.850000e+00 5.600000e-01 5.668051e-01 1.611543e-04 1.116733e+00 -2.832271e-04
8.900000e+00 5.600000e-01 5.668205e-01 -3.723480e-04 1.116964e+00 -3.802150e-04
8.950000e+00 5.600000e-01 5.668431e-01 2.621306e-04 1.117351e+00 -4.896878e-04
9.000000e+00 5.600000e-01 5.668695e-01 2.202629e-04 1.117763e+00 -6.065417e-04
9.050000e+00 5.600000e-01 5.669038e-01 -5.694591e-04 1.118311e+00 -8.054470e-04
9.100000e+00 5.600000e-01 5.669500e-01 1.300020e-04 1.119063e+00 -1.049677e-03
9.150000e+00 5.600000e-01 5.670087e-01 8.788971e-04 1.120027e+00 -1.300266e-03
9.200000e+00 5.600000e-01 5.670801e-01 -1.052007e-03 1.121133e+00 -1.700139e-03
9.250000e+00 5.600000e-01 5.671787e-01 -5.000400e-04 1.122753e+00 -2.247879e-03
9.300000e+00 5.600000e-01 5.673049e-01 1.993297e-03 1.124799e+00 -2.815155e-03
9.350000e+00 5.600000e-01 5.674603e-01 -4.219115e-04 1.127279e+00 -3.594758e-03
9.400000e+00 5.600000e-01 5.676643e-01 -3.115734e-03 1.130529e+00 -4.791770e-03
9.450000e+00 5.600000e-01 5.679394e-01 2.465997e-03 1.135026e+00 -6.172292e-03
9.500000e+00 5.600000e-01 5.682816e-01 3.913603e-03 1.140517e+00 -7.773096e-03
9.550000e+00 5.600000e-01 5.687167e-01 -5.706742e-03 1.147447e+00 -1.022364e-02
9.600000e+00 5.600000e-01 5.693039e-01 -4.303739e-03 1.156840e+00 -1.363354e-02
9.650000e+00 5.600000e-01 5.700801e-01 1.056930e-02 1.169373e+00 -1.757792e-02
9.700000e+00 5.600000e-01 5.710617e-01 3.597564e-03 1.185051e+00 -2.273962e-02
9.750000e+00 5.600000e-01 5.723541e-01 -1.579544e-02 1.205541e+00 -3.053771e-02
9.800000e+00 5.600000e-01 5.741155e-01 -1.954590e-03 1.233519e+00 -4.113827e-02
9.850000e+00 5.600000e-01 5.764679e-01 1.674001e-02 1.271074e+00 -5.460101e-02
9.900000e+00 5.600000e-01 5.795756e-01 1.462749e-03 1.320589e+00 -7.281729e-02
9.950000e+00 5.600000e-01 5.837496e-01 -5.150565e-03 1.387242e+00 -9.768410e-02
1.000000e+01 5.600000e-01 5.893440e-01 -3.315712e-03 0.000000e+00 0.000000e+00
0.000000e+00 5.800000e-01 6.187440e-01 9.600000e-01 0.000000e+00 0.000000e+00
5.000000e-02 5.800000e-01 6.182138e-01 -3.438441e-01 1.469452e+00 -1.101185e-02
1.000000e-01 5.800000e-01 6.198452e-01 1.926841e-01 1.487422e+00 -3.692633e-02
1.500000e-01 5.800000e-01 6.219064e-01 4.979264e+00 1.450304e+00 1.811989e-02
2.000000e-01 5.800000e-01 6.180332e-01 2.903760e+00 1.408724e+00 8.081880e-02
2.500000e-01 5.800000e-01 6.138245e-01 -5.381242e+00 1.474803e+00 -1.437012e-02
3.000000e-01 5.800000e-01 6.194702e-01 -2.461622e+00 1.549004e+00 -1.280270e-01
3.500000e-01 5.800000e-01 6.266272e-01 9.485473e+00 1.471748e+00 -1.065341e-02
4.000000e-01 5.800000e-01 6.205355e-01 7.473525e+00 1.362222e+00 1.584905e-01
4.500000e-01 5.800000e-01 6.107782e-01 -7.587560e+00 1.445186e+00 4.053732e-02
5.000000e-01 5.800000e-01 6.164818e-01 -7.163117e+00 1.593408e+00 -1.854659e-01
5.500000e-01 5.800000e-01 6.293248e-01 9.692117e+00 1.542179e+00 -1.002071e-01
6.000000e-01 5.800000e-01 6.265025e-01 1.388450e+01 1.364199e+00 1.734829e-01
6.500000e-01 5.800000e-01 6.119765e-01 -3.666534e+00 1.377702e+00 1.487061e-01
7.000000e-01 5.800000e-01 6.116319e-01 -1.137037e+01 1.569220e+00 -1.432904e-01
7.500000e-01 5.800000e-01 6.263055e-01 3.616330e+00 1.617552e+00 -1.999201e-01
8.000000e-01 5.800000e-01 6.316239e-01 1.621360e+01 1.446598e+00 7.569408e-02
8.500000e-01 5.800000e-01 6.187361e-01 5.549732e+00 1.336701e+00 2.196693e-01
9.000000e-01 5.800000e-01 6.096570e-01 -9.752915e+00 1.467687e+00 3.697448e-03
9.500000e-01 5.800000e-01 6.183664e-01 -4.699734e+00 1.610885e+00 -1.988795e-01
1.000000e+00 5.800000e-01 6.295449e-01 1.006410e+01 1.550771e+00 -7.373181e-02
1.050000e+00 5.800000e-01 6.257396e-01 1.161411e+01 1.391421e+00 1.560885e-01
1.100000e+00 5.800000e-01 6.139361e-01 -1.253072e+00 1.377335e+00 1.334890e-01
1.150000e+00 5.800000e-01 6.123907e-01 -7.239427e+00 1.504488e+00 -7.092691e-02
1.200000e+00 5.800000e-01 6.210288e-01 5.669772e-01 1.564132e+00 -1.303460e-01
1.250000e+00 5.800000e-01 6.254253e-01 8.419502e+00 1.482788e+00 1.409708e-02
1.300000e+00 5.800000e-01 6.196191e-01 5.546672e+00 1.387666e+00 1.250637e-01
1.350000e+00 5.800000e-01 6.129189e-01 -2.176670e+00 1.401989e+00 5.731884e-02
1.400000e+00 5.800000e-01 6.138872e-01 -3.369531e+00 1.475133e+00 -5.853100e-02
1.450000e+00 5.800000e-01 6.187720e-01 1.605434e+00 1.492709e+00 -5.765767e-02
1.500000e+00 5.800000e-01 6.196530e-01 4.741987e+00 1.438798e+00 3.156945e-02
1.550000e+00 5.800000e-01 6.156150e-01 2.565146e+00 1.387255e+00 7.479693e-02
1.600000e+00 5.800000e-01 6.121733e-01 -8.708853e-01 1.390177e+00 2.992583e-02
1.650000e+00 5.800000e-01 6.126225e-01 -1.116021e+00 1.420440e+00 -2.420315e-02
1.700000e+00 5.800000e-01 6.145936e-01 1.059454e+00 1.427116e+00 -1.932418e-02
1.750000e+00 5.800000e-01 6.145549e-01 2.375212e+00 1.400169e+00 2.353092e-02
1.800000e+00 5.800000e-01 6.122405e-01 1.612249e+00 1.367994e+00 4.574659e-02
1.850000e+00 5.800000e-01 6.099802e-01 2.413579e-01 1.355622e+00 2.919460e-02
1.900000e+00 5.800000e-01 6.093210e-01 -1.102922e-01 1.359745e+00 3.832588e-03
1.950000e+00 5.800000e-01 6.095970e-01 5.461673e-01 1.361227e+00 -5.074041e-05
2.000000e+00 5.800000e-01 6.093261e-01 1.195843e+00 1.348841e+00 1.649874e-02
2.050000e+00 5.800000e-01 6.079471e-01 1.207034e+00 1.326752e+00 3.271551e-02
2.100000e+00 5.800000e-01 6.060545e-01 7.693652e-01 1.305656e+00 3.467824e-02
2.150000e+00 5.800000e-01 6.044793e-01 3.930631e-01 1.291689e+00 2.563902e-02
2.200000e+00 5.800000e-01 6.034906e-01 3.391033e-01 1.283130e+00 1.714500e-02
2.250000e+00 5.800000e-01 6.027648e-01 5.124843e-01 1.274373e+00 1.661726e-02
2.300000e+00 5.800000e-01 6.018289e-01 6.900288e-01 1.261099e+00 2.324134e-02
2.350000e+00 5.800000e-01 6.004406e-01 7.349560e-01 1.242498e+00 3.164233e-02
2.400000e+00 5.800000e-01 5.986647e-01 6.441403e-01 1.220546e+00 3.701598e-02
2.450000e+00 5.800000e-01 5.967390e-01 4.847052e-01 1.198162e+00 3.754883e-02
2.500000e+00 5.800000e-01 5.949098e-01 3.233251e-01 1.177771e+00 3.400480e-02
2.550000e+00 5.800000e-01 5.933385e-01 1.957460e-01 1.160728e+00 2.822250e-02
2.600000e+00 5.800000e-01 5.920876e-01 1.094512e-01 1.147393e+00 2.191640e-02
2.650000e+00 5.800000e-01 5.911469e-01 5.726029e-02 1.137473e+00 1.618145e-02
2.700000e+00 5.800000e-01 5.904694e-01 2.829853e-02 1.130376e+00 1.149933e-02
2.750000e+00 5.800000e-01 5.899970e-01 1.330571e-02 1.125450e+00 7.939560e-03
2.800000e+00 5.800000e-01 5.896755e-01 5.983663e-03 1.122108e+00 5.363555e-03
2.850000e+00 5.800000e-01 5.894606e-01 2.583883e-03 1.119882e+00 3.563840e-03
2.900000e+00 5.800000e-01 5.893191e-01 1.074700e-03 1.118419e+00 2.338030e-03
2.950000e+00 5.800000e-01 5.892268e-01 4.316354e-04 1.117469e+00 1.518518e-03
3.000000e+00 5.800000e-01 5.891672e-01 1.678265e-04 1.116857e+00 9.781907e-04
3.050000e+00 5.800000e-01 5.891290e-01 6.339410e-05 1.116467e+00 6.256985e-04
3.100000e+00 5.800000e-01 5.891046e-01 2.343162e-05 1.116218e+00 3.976714e-04
3.150000e+00 5.800000e-01 5.890892e-01 8.629641e-06 1.116062e+00 2.511898e-04
3.200000e+00 5.800000e-01 5.890795e-01 3.317829e-06 1.115964e+00 1.576692e-04
3.250000e+00 5.800000e-01 5.890735e-01 1.470240e-06 1.115903e+00 9.830282e-05
3.300000e+00 5.800000e-01 5.890697e-01 8.476196e-07 1.115865e+00 6.082930e-05
3.350000e+00 5.800000e-01 5.890674e-01 6.447767e-07 1.115842e+00 3.731260e-05
3.400000e+00 5.800000e-01 5.890660e-01 5.812781e-07 1.115827e+00 2.264700e-05
3.450000e+00 5.800000e-01 5.890651e-01 5.624835e-07 1.115819e+00 1.356521e-05
3.500000e+00 5.800000e-01 5.890646e-01 5.574591e-07 1.115814e+00 7.986845e-06
3.550000e+00 5.800000e-01 5.890643e-01 5.564363e-07 1.115811e+00 4.593648e-06
3.600000e+00 5.800000e-01 5.890641e-01 5.564560e-07 1.115809e+00 2.554451e-06
3.650000e+00 5.800000e-01 5.890641e-01 5.566743e-07 1.115808e+00 1.347907e-06
3.700000e+00 5.800000e-01 5.890640e-01 5.568777e-07 1.115807e+00 6.488326e-07
3.750000e+00 5.800000e-01 5.890640e-01 5.570286e-07 1.115807e+00 2.556581e-07
3.800000e+00 5.800000e-01 5.890640e-01 5.571325e-07 1.115807e+00 4.432137e-08
3.850000e+00 5.800000e-01 5.890640e-01 5.572020e-07 1.115807e+00 -6.090620e-08
3.900000e+00 5.800000e-01 5.890640e-01 5.572478e-07 1.115807e+00 -1.057900e-07
3.950000e+00 5.800000e-01 5.890640e-01 5.572776e-07 1.115807e+00 -1.176451e-07
4.000000e+00 5.800000e-01 5.890640e-01 5.572969e-07 1.115807e+00 -1.125131e-07
4.050000e+00 5.800000e-01 5.890640e-01 5.573092e-07 1.115807e+00 -9.960992e-08
4.100000e+00 5.800000e-01 5.890640e-01 5.573170e-07 1.115807e+00 -8.406428e-08
4.150000e+00 5.800000e-01 5.890640e-01 5.573218e-07 1.115807e+00 -6.859222e-08
4.200000e+00 5.800000e-01 5.890640e-01 5.573247e-07 1.115807e+00 -5.451157e-08
4.250000e+00 5.800000e-01 5.890640e-01 5.573264e-07 1.115807e+00 -4.235079e-08
4.300000e+00 5.800000e-01 5.890640e-01 5.573274e-07 1.115807e+00 -3.220975e-08
4.350000e+00 5.800000e-01 5.890640e-01 5.573278e-07 1.115807e+00 -2.397017e-08
4.400000e+00 5.800000e-01 5.890640e-01 5.573280e-07 1.115807e+00 -1.741582e-08
4.450000e+00 5.800000e-01 5.890640e-01 5.573280e-07 1.115807e+00 -1.229907e-08
4.500000e+00 5.800000e-01 5.890640e-01 5.573280e-07 1.115807e+00 -8.376115e-09
4.550000e+00 5.800000e-01 5.890640e-01 5.573279e-07 1.115807e+00 -5.424069e-09
4.600000e+00 5.800000e-01 5.890640e-01 5.573277e-07 1.115807e+00 -3.247925e-09
4.650000e+00 5.800000e-01 5.890640e-01 5.573276e-07 1.115807e+00 -1.681972e-09
4.700000e+00 5.800000e-01 5.890640e-01 5.573275e-07 1.115807e+00 -5.883782e-10
4.750000e+00 5.800000e-01 5.890640e-01 5.573274e-07 1.115807e+00 1.455225e-10
4.800000e+00 5.800000e-01 5.890640e-01 5.573274e-07 1.115807e+00 6.104617e-10
4.850000e+00 5.800000e-01 5.890640e-01 5.573273e-07 1.115807e+00 8.784828e-10
4.900000e+00 5.800000e-01 5.890640e-01 5.573273e-07 1.115807e+00 1.005961e-09
4.950000e+00 5.800000e-01 5.890640e-01 5.573272e-07 1.115807e+00 1.036350e-09
5.000000e+00 5.800000e-01 5.890640e-01 5.573272e-07 1.115807e+00 1.002597e-09
5.050000e+00 5.800000e-01 5.890640e-01 5.573272e-07 1.115807e+00 9.291856e-10
5.100000e+00 5.800000e-01 5.890640e-01 5.573272e-07 1.115807e+00 8.339018e-10
5.150000e+00 5.800000e-01 5.890640e-01 5.573271e-07 1.115807e+00 7.292866e-10
5.200000e+00 5.800000e-01 5.890640e-01 5.573271e-07 1.115807e+00 6.238432e-10
5.250000e+00 5.800000e-01 5.890640e-01 5.573271e-07 1.115807e+00 5.230305e-10
5.300000e+00 5.800000e-01 5.890640e-01 5.573271e-07 1.115807e+00 4.300393e-10
5.350000e+00 5.800000e-01 5.890640e-01 5.573271e-07 1.115807e+00 3.464173e-10
5.400000e+00 5.800000e-01 5.890640e-01 5.573271e-07 1.115807e+00 2.725564e-10
5.450000e+00 5.800000e-01 5.890640e-01 5.573271e-07 1.115807e+00 2.080702e-10
5.500000e+00 5.800000e-01 5.890640e-01 5.573271e-07 1.115807e+00 1.520561e-10
5.550000e+00 5.800000e-01 5.890640e-01 5.573271e-07 1.115807e+00 1.032863e-10
5.600000e+00 5.800000e-01 5.890640e-01 5.573271e-07 1.115807e+00 6.035505e-11
5.650000e+00 5.800000e-01 5.890640e-01 5.573271e-07 1.115807e+00 2.175482e-11
5.700000e+00 5.800000e-01 5.890640e-01 5.573271e-07 1.115807e+00 -1.407985e-11
5.750000e+00 5.800000e-01 5.890640e-01 5.573271e-07 1.115807e+00 -4.876988e-11
5.800000e+00 5.800000e-01 5.890640e-01 5.573271e-07 1.115807e+00 -8.401280e-11
5.850000e+00 5.800000e-01 5.890640e-01 5.573271e-07 1.115807e+00 -1.216083e-10
5.900000e+00 5.800000e-01 5.890640e-01 5.573271e-07 1.115807e+00 -1.635436e-10
5.950000e+00 5.800000e-01 5.890640e-01 5.573271e-07 1.115807e+00 -2.120848e-10
6.000000e+00 5.800000e-01 5.890640e-01 5.573271e-07 1.115807e+00 -2.698863e-10
6.050000e+00 5.800000e-01 5.890640e-01 5.573271e-07 1.115807e+00 -3.401457e-10
6.100000e+00 5.800000e-01 5.890640e-01 5.573271e-07 1.115807e+00 -4.268030e-10
6.150000e+00 5.800000e-01 5.890640e-01 5.573271e-07 1.115807e+00 -5.347844e-10
6.200000e+00 5.800000e-01 5.890640e-01 5.573271e-07 1.115807e+00 -6.703094e-10
6.250000e+00 5.800000e-01 5.890640e-01 5.573271e-07 1.115807e+00 -8.412937e-10
6.300000e+00 5.800000e-01 5.890640e-01 5.573271e-07 1.115807e+00 -1.057855e-09
6.350000e+00 5.800000e-01 5.890640e-01 5.573271e-07 1.115807e+00 -1.332974e-09
6.400000e+00 5.800000e-01 5.890640e-01 5.573271e-07 1.115807e+00 -1.683333e-09
6.450000e+00 5.800000e-01 5.890640e-01 5.573271e-07 1.115807e+00 -2.130414e-09
6.500000e+00 5.800000e-01 5.890640e-01 5.573271e-07 1.115807e+00 -2.701879e-09
6.550000e+00 5.800000e-01 5.890640e-01 5.573272e-07 1.115807e+00 -3.433404e-09
6.600000e+00 5.800000e-01 5.890640e-01 5.573272e-07 1.115807e+00 -4.371011e-09
6.650000e+00 5.800000e-01 5.890640e-01 5.573272e-07 1.115807e+00 -5.574080e-09
6.700000e+00 5.800000e-01 5.890640e-01 5.573272e-07 1.115807e+00 -7.119263e-09
6.750000e+00 5.800000e-01 5.890640e-01 5.573272e-07 1.115807e+00 -9.105512e-09
6.800000e+00 5.800000e-01 5.890640e-01 5.573272e-07 1.115807e+00 -1.166060e-08
6.850000e+00 5.800000e-01 5.890640e-01 5.573273e-07 1.115807e+00 -1.494951e-08
6.900000e+00 5.800000e-01 5.890640e-01 5.573273e-07 1.115807e+00 -1.918532e-08
6.950000e+00 5.800000e-01 5.890640e-01 5.573275e-07 1.115807e+00 -2.464323e-08
7.000000e+00 5.800000e-01 5.890640e-01 5.573272e-07 1.115807e+00 -3.167866e-08
7.050000e+00 5.800000e-01 5.890640e-01 5.573285e-07 1.115807e+00 -4.075055e-08
7.100000e+00 5.800000e-01 5.890640e-01 5.573245e-07 1.115807e+00 -5.245203e-08
7.150000e+00 5.800000e-01 5.890640e-01 5.573385e-07 1.115807e+00 -6.754760e-08
7.200000e+00 5.800000e-01 5.890640e-01 5.572934e-07 1.115807e+00 -8.702936e-08
7.250000e+00 5.800000e-01 5.890641e-01 5.574379e-07 1.115807e+00 -1.121630e-07
7.300000e+00 5.800000e-01 5.890641e-01 5.569938e-07 1.115807e+00 -1.446296e-07
7.350000e+00 5.800000e-01 5.890641e-01 5.583217e-07 1.115807e+00 -1.864613e-07
7.400000e+00 5.800000e-01 5.890641e-01 5.544842e-07 1.115807e+00 -2.406756e-07
7.450000e+00 5.800000e-01 5.890641e-01 5.652172e-07 1.115807e+00 -3.100780e-07
7.500000e+00 5.800000e-01 5.890641e-01 5.362304e-07 1.115808e+00 -4.011959e-07
7.550000e+00 5.800000e-01 5.890641e-01 6.117624e-07 1.115808e+00 -5.149731e-07
7.600000e+00 5.800000e-01 5.890642e-01 4.221904e-07 1.115808e+00 -6.711549e-07
7.650000e+00 5.800000e-01 5.890642e-01 8.797638e-07 1.115809e+00 -8.511017e-07
7.700000e+00 5.800000e-01 5.890642e-01 -1.803210e-07 1.115809e+00 -1.131507e-06
7.750000e+00 5.800000e-01 5.890643e-01 2.171912e-06 1.115810e+00 -1.391159e-06
7.800000e+00 5.800000e-01 5.890644e-01 -2.814274e-06 1.115811e+00 -1.932710e-06
7.850000e+00 5.800000e-01 5.890645e-01 7.252931e-06 1.115813e+00 -2.236443e-06
7.900000e+00 5.800000e-01 5.890646e-01 -1.203754e-05 1.115813e+00 -3.340656e-06
7.950000e+00 5.800000e-01 5.890648e-01 2.289089e-05 1.115817e+00 -3.563050e-06
8.000000e+00 5.800000e-01 5.890650e-01 -3.654730e-05 1.115816e+00 -5.731261e-06
8.050000e+00 5.800000e-01 5.890654e-01 5.786154e-05 1.115825e+00 -5.834249e-06
8.100000e+00 5.800000e-01 5.890655e-01 -8.084720e-05 1.115821e+00 -9.421778e-06
8.150000e+00 5.800000e-01 5.890664e-01 1.053739e-04 1.115838e+00 -1.022556e-05
8.200000e+00 5.800000e-01 5.890666e-01 -1.191619e-04 1.115831e+00 -1.461844e-05
8.250000e+00 5.800000e-01 5.890678e-01 1.178649e-04 1.115856e+00 -1.854280e-05
8.300000e+00 5.800000e-01 5.890684e-01 -9.286933e-05 1.115854e+00 -2.274705e-05
8.350000e+00 5.800000e-01 5.890701e-01 5.682047e-05 1.115881e+00 -3.154469e-05
8.400000e+00 5.800000e-01 5.890716e-01 -3.010585e-05 1.115892e+00 -3.890249e-05
8.450000e+00 5.800000e-01 5.890740e-01 5.107220e-05 1.115927e+00 -4.924512e-05
8.500000e+00 5.800000e-01 5.890765e-01 -1.334332e-04 1.115947e+00 -6.848617e-05
8.550000e+00 5.800000e-01 5.890808e-01 2.518021e-04 1.116014e+00 -8.040144e-05
8.600000e+00 5.800000e-01 5.890845e-01 -3.146473e-04 1.116035e+00 -1.094161e-04
8.650000e+00 5.800000e-01 5.890918e-01 2.321572e-04 1.116144e+00 -1.431323e-04
8.700000e+00 5.800000e-01 5.890989e-01 -4.205443e-06 1.116210e+00 -1.730058e-04
8.750000e+00 5.800000e-01 5.891091e-01 -1.861601e-04 1.116338e+00 -2.348798e-04
8.800000e+00 5.800000e-01 5.891223e-01 8.129178e-05 1.116490e+00 -3.044371e-04
8.850000e+00 5.800000e-01 5.891395e-01 3.802093e-04 1.116708e+00 -3.695695e-04
8.900000e+00 5.800000e-01 5.891593e-01 -8.025188e-04 1.116904e+00 -5.024520e-04
8.950000e+00 5.800000e-01 5.891898e-01 5.759573e-04 1.117311e+00 -6.479225e-04
9.000000e+00 5.800000e-01 5.892241e-01 3.717776e-04 1.117685e+00 -7.936514e-04
9.050000e+00 5.800000e-01 5.892691e-01 -1.029197e-03 1.118214e+00 -1.061651e-03
9.100000e+00 5.800000e-01 5.893303e-01 1.677989e-04 1.118940e+00 -1.389755e-03
9.150000e+00 5.800000e-01 5.894081e-01 1.722558e-03 1.119895e+00 -1.705200e-03
9.200000e+00 5.800000e-01 5.895008e-01 -1.991709e-03 1.120905e+00 -2.235304e-03
9.250000e+00 5.800000e-01 5.896316e-01 -8.646844e-04 1.122505e+00 -2.973227e-03
9.300000e+00 5.800000e-01 5.897981e-01 3.454452e-03 1.124479e+00 -3.705050e-03
9.350000e+00 5.800000e-01 5.900021e-01 -5.471418e-04 1.126854e+00 -4.716596e-03
9.400000e+00 5.800000e-01 5.902698e-01 -5.475847e-03 1.129933e+00 -6.318414e-03
9.450000e+00 5.800000e-01 5.906340e-01 3.960544e-03 1.134334e+00 -8.141199e-03
9.500000e+00 5.800000e-01 5.910839e-01 6.734433e-03 1.139581e+00 -1.020808e-02
9.550000e+00 5.800000e-01 5.916548e-01 -8.722304e-03 1.146200e+00 -1.342176e-02
9.600000e+00 5.800000e-01 5.924261e-01 -8.000525e-03 1.155149e+00 -1.794161e-02
9.650000e+00 5.800000e-01 5.934489e-01 1.604310e-02 1.167208e+00 -2.311730e-02
9.700000e+00 5.800000e-01 5.947378e-01 8.028297e-03 1.182157e+00 -2.981515e-02
9.750000e+00 5.800000e-01 5.964305e-01 -2.371355e-02 1.201603e+00 -4.000385e-02
9.800000e+00 5.800000e-01 5.987382e-01 -7.133936e-03 1.228024e+00 -5.395249e-02
9.850000e+00 5.800000e-01 6.018257e-01 2.514586e-02 1.263681e+00 -7.164205e-02
9.900000e+00 5.800000e-01 6.059024e-01 5.863943e-03 1.310716e+00 -9.556198e-02
9.950000e+00 5.800000e-01 6.113819e-01 -7.053582e-03 1.374164e+00 -1.284162e-01
1.000000e+01 5.800000e-01 6.187440e-01 -3.503423e-03 0.000000e+00 0.000000e+00
0.000000e+00 6.000000e-01 6.477600e-01 1.200000e+00 0.000000e+00 0.000000e+00
5.000000e-02 6.000000e-01 6.475030e-01 -1.378567e-02 1.454656e+00 -1.606411e-02
1.000000e-01 6.000000e-01 6.493664e-01 1.744161e+00 1.455531e+00 -2.864645e-02
1.500000e-01 6.000000e-01 6.503677e-01 5.063715e+00 1.398189e+00 3.398248e-02
2.000000e-01 6.000000e-01 6.459682e-01 4.832530e-01 1.397204e+00 6.692565e-02
2.500000e-01 6.000000e-01 6.436751e-01 -5.084282e+00 1.501812e+00 -4.410796e-02
3.000000e-01 6.000000e-01 6.503790e-01 1.723342e+00 1.515662e+00 -1.138053e-01
3.500000e-01 6.000000e-01 6.550557e-01 1.053657e+01 1.370459e+00 3.233560e-02
4.000000e-01 6.000000e-01 6.471454e-01 2.831964e+00 1.326844e+00 1.480183e-01
4.500000e-01 6.000000e-01 6.402538e-01 -8.996814e+00 1.502004e+00 -1.503295e-02
5.000000e-01 6.000000e-01 6.486487e-01 -1.603219e+00 1.584828e+00 -1.875884e-01
5.500000e-01 6.000000e-01 6.590127e-01 1.354727e+01 1.408173e+00 -3.830537e-02
6.000000e-01 6.000000e-01 6.524792e-01 9.544515e+00 1.264074e+00 1.924134e-01
6.500000e-01 6.000000e-01 6.397713e-01 -8.223863e+00 1.422411e+00 8.748824e-02
7.000000e-01 6.000000e-01 6.437304e-01 -7.452064e+00 1.608274e+00 -1.820337e-01
7.500000e-01 6.000000e-01 6.579747e-01 1.008055e+01 1.509625e+00 -1.515367e-01
8.000000e-01 6.000000e-01 6.588841e-01 1.579866e+01 1.287148e+00 1.313745e-01
8.500000e-01 6.000000e-01 6.448372e-01 -2.722793e-01 1.307580e+00 1.921792e-01
9.000000e-01 6.000000e-01 6.396662e-01 -1.025668e+01 1.528192e+00 -5.890119e-02
9.500000e-01 6.000000e-01 6.507274e-01 1.066042e+00 1.584471e+00 -1.973708e-01
1.000000e+00 6.000000e-01 6.594032e-01 1.398936e+01 1.411603e+00 -1.584724e-02
1.050000e+00 6.000000e-01 6.523121e-01 9.130553e+00 1.282733e+00 1.800977e-01
1.100000e+00 6.000000e-01 6.413935e-01 -4.799500e+00 1.386677e+00 9.358112e-02
1.150000e+00 6.000000e-01 6.429540e-01 -5.615969e+00 1.536272e+00 -1.072156e-01
1.200000e+00 6.000000e-01 6.521150e-01 4.959576e+00 1.514106e+00 -1.120377e-01
1.250000e+00 6.000000e-01 6.541577e-01 1.019719e+01 1.378814e+00 5.446518e-02
1.300000e+00 6.000000e-01 6.466685e-01 3.727395e+00 1.327696e+00 1.318217e-01
1.350000e+00 6.000000e-01 6.409756e-01 -3.623858e+00 1.410108e+00 3.071889e-02
1.400000e+00 6.000000e-01 6.435966e-01 -1.979763e+00 1.484417e+00 -7.443851e-02
1.450000e+00 6.000000e-01 6.484194e-01 4.004745e+00 1.455116e+00 -4.292564e-02
1.500000e+00 6.000000e-01 6.478892e-01 5.668839e+00 1.377616e+00 5.456267e-02
1.550000e+00 6.000000e-01 6.429632e-01 1.907326e+00 1.350273e+00 7.975507e-02
1.600000e+00 6.000000e-01 6.399137e-01 -1.394086e+00 1.385782e+00 1.903007e-02
1.650000e+00 6.000000e-01 6.410602e-01 -5.334339e-01 1.418581e+00 -3.083890e-02
1.700000e+00 6.000000e-01 6.429976e-01 2.132046e+00 1.405529e+00 -1.206781e-02
1.750000e+00 6.000000e-01 6.422669e-01 3.006358e+00 1.365894e+00 3.662282e-02
1.800000e+00 6.000000e-01 6.393353e-01 1.621649e+00 1.340205e+00 5.313556e-02
1.850000e+00 6.000000e-01 6.369534e-01 1.070193e-01 1.341579e+00 2.888863e-02
1.900000e+00 6.000000e-01 6.364464e-01 3.211939e-02 1.351292e+00 2.318986e-03
1.950000e+00 6.000000e-01 6.367215e-01 9.477856e-01 1.348217e+00 3.063389e-03
2.000000e+00 6.000000e-01 6.361401e-01 1.602363e+00 1.329382e+00 2.425383e-02
2.050000e+00 6.000000e-01 6.342961e-01 1.448709e+00 1.305833e+00 4.131722e-02
2.100000e+00 6.000000e-01 6.320084e-01 8.648819e-01 1.288311e+00 4.100677e-02
2.150000e+00 6.000000e-01 6.301954e-01 4.563127e-01 1.278869e+00 2.949141e-02
2.200000e+00 6.000000e-01 6.290592e-01 4.541733e-01 1.272544e+00 2.037988e-02
2.250000e+00 6.000000e-01 6.281574e-01 6.884415e-01 1.263450e+00 2.114897e-02
2.300000e+00 6.000000e-01 6.269443e-01 8.892343e-01 1.248866e+00 2.981007e-02
2.350000e+00 6.000000e-01 6.251764e-01 9.161304e-01 1.229569e+00 3.979404e-02
2.400000e+00 6.000000e-01 6.229649e-01 7.846184e-01 1.208165e+00 4.571536e-02
2.450000e+00 6.000000e-01 6.206049e-01 5.811839e-01 1.187368e+00 4.578745e-02
2.500000e+00 6.000000e-01 6.183862e-01 3.835371e-01 1.169060e+00 4.112073e-02
2.550000e+00 6.000000e-01 6.164928e-01 2.305089e-01 1.154106e+00 3.394665e-02
2.600000e+00 6.000000e-01 6.149915e-01 1.282559e-01 1.142581e+00 2.627337e-02
2.650000e+00 6.000000e-01 6.138655e-01 6.687933e-02 1.134090e+00 1.935779e-02
2.700000e+00 6.000000e-01 6.130557e-01 3.298266e-02 1.128054e+00 1.373816e-02
2.750000e+00 6.000000e-01 6.124917e-01 1.548803e-02 1.123883e+00 9.476463e-03
2.800000e+00 6.000000e-01 6.121081e-01 6.960161e-03 1.121064e+00 6.396983e-03
2.850000e+00 6.000000e-01 6.118520e-01 3.004943e-03 1.119193e+00 4.247502e-03
2.900000e+00 6.000000e-01 6.116833e-01 1.250330e-03 1.117968e+00 2.784501e-03
2.950000e+00 6.000000e-01 6.115735e-01 5.029583e-04 1.117176e+00 1.807072e-03
3.000000e+00 6.000000e-01 6.115026e-01 1.964320e-04 1.116667e+00 1.163084e-03
3.050000e+00 6.000000e-01 6.114572e-01 7.512350e-05 1.116344e+00 7.432988e-04
3.100000e+00 6.000000e-01 6.114283e-01 2.872854e-05 1.116140e+00 4.719752e-04
3.150000e+00 6.000000e-01 6.114100e-01 1.156445e-05 1.116012e+00 2.978434e-04
3.200000e+00 6.000000e-01 6.113985e-01 5.420771e-06 1.115932e+00 1.867797e-04
3.250000e+00 6.000000e-01 6.113913e-01 3.295485e-06 1.115883e+00 1.163498e-04
3.300000e+00 6.000000e-01 6.113869e-01 2.587619e-06 1.115852e+00 7.194002e-05
3.350000e+00 6.000000e-01 6.113841e-01 2.362866e-06 1.115834e+00 4.410070e-05
3.400000e+00 6.000000e-01 6.113825e-01 2.296604e-06 1.115823e+00 2.675839e-05
3.450000e+00 6.000000e-01 6.113815e-01 2.279865e-06 1.115816e+00 1.603061e-05
3.500000e+00 6.000000e-01 6.113809e-01 2.277455e-06 1.115812e+00 9.447940e-06
3.550000e+00 6.000000e-01 6.113805e-01 2.278559e-06 1.115810e+00 5.447415e-06
3.600000e+00 6.000000e-01 6.113803e-01 2.280108e-06 1.115808e+00 3.044756e-06
3.650000e+00 6.000000e-01 6.113802e-01 2.281375e-06 1.115808e+00 1.623367e-06
3.700000e+00 6.000000e-01 6.113802e-01 2.282281e-06 1.115807e+00 7.991903e-07
3.750000e+00 6.000000e-01 6.113801e-01 2.282899e-06 1.115807e+00 3.345210e-07
3.800000e+00 6.000000e-01 6.113801e-01 2.283311e-06 1.115807e+00 8.329756e-08
3.850000e+00 6.000000e-01 6.113801e-01 2.283583e-06 1.115807e+00 -4.347502e-08
3.900000e+00 6.000000e-01 6.113801e-01 2.283760e-06 1.115807e+00 -9.947299e-08
3.950000e+00 6.000000e-01 6.113801e-01 2.283876e-06 1.115807e+00 -1.166649e-07
4.000000e+00 6.000000e-01 6.113801e-01 2.283950e-06 1.115807e+00 -1.137838e-07
4.050000e+00 6.000000e-01 6.113801e-01 2.283998e-06 1.115807e+00 -1.015686e-07
4.100000e+00 6.000000e-01 6.113802e-01 2.284027e-06 1.115807e+00 -8.598582e-08
4.150000e+00 6.000000e-01 6.113802e-01 2.284046e-06 1.115807e+00 -7.019366e-08
4.200000e+00 6.000000e-01 6.113802e-01 2.284057e-06 1.115807e+00 -5.572951e-08
4.250000e+00 6.000000e-01 6.113802e-01 2.284064e-06 1.115807e+00 -4.321974e-08
4.300000e+00 6.000000e-01 6.113802e-01 2.284067e-06 1.115807e+00 -3.279865e-08
4.350000e+00 6.000000e-01 6.113802e-01 2.284069e-06 1.115807e+00 -2.435155e-08
4.400000e+00 6.000000e-01 6.113802e-01 2.284070e-06 1.115807e+00 -1.765262e-08
4.450000e+00 6.000000e-01 6.113802e-01 2.284070e-06 1.115807e+00 -1.244066e-08
4.500000e+00 6.000000e-01 6.113802e-01 2.284069e-06 1.115807e+00 -8.458552e-09
4.550000e+00 6.000000e-01 6.113802e-01 2.284069e-06 1.115807e+00 -5.472210e-09
4.600000e+00 6.000000e-01 6.113802e-01 2.284069e-06 1.115807e+00 -3.277961e-09
4.650000e+00 6.000000e-01 6.113802e-01 2.284068e-06 1.115807e+00 -1.703785e-09
4.700000e+00 6.000000e-01 6.113802e-01 2.284068e-06 1.115807e+00 -6.075129e-10
4.750000e+00 6.000000e-01 6.113802e-01 2.284067e-06 1.115807e+00 1.263645e-10
4.800000e+00 6.000000e-01 6.113802e-01 2.284067e-06 1.115807e+00 5.903145e-10
4.850000e+00 6.000000e-01 6.113802e-01 2.284067e-06 1.115807e+00 8.573464e-10
4.900000e+00 6.000000e-01 6.113802e-01 2.284067e-06 1.115807e+00 9.843115e-10
4.950000e+00 6.000000e-01 6.113802e-01 2.284067e-06 1.115807e+00 1.014824e-09
5.000000e+00 6.000000e-01 6.113802e-01 2.284067e-06 1.115807e+00 9.818035e-10
5.050000e+00 6.000000e-01 6.113802e-01 2.284066e-06 1.115807e+00 9.096202e-10
5.100000e+00 6.000000e-01 6.113802e-01 2.284066e-06 1.115807e+00 8.159073e-10
5.150000e+00 6.000000e-01 6.113802e-01 2.284066e-06 1.115807e+00 7.130563e-10
5.200000e+00 6.000000e-01 6.113802e-01 2.284066e-06 1.115807e+00 6.094369e-10
5.250000e+00 6.000000e-01 6.113802e-01 2.284066e-06 1.115807e+00 5.103928e-10
5.300000e+00 6.000000e-01 6.113802e-01 2.284066e-06 1.115807e+00 4.190270e-10
5.350000e+00 6.000000e-01 6.113802e-01 2.284066e-06 1.115807e+00 3.368217e-10
5.400000e+00 6.000000e-01 6.113802e-01 2.284066e-06 1.115807e+00 2.641176e-10
5.450000e+00 6.000000e-01 6.113802e-01 2.284066e-06 1.115807e+00 2.004941e-10
5.500000e+00 6.000000e-01 6.113802e-01 2.284066e-06 1.115807e+00 1.450151e-10
5.550000e+00 6.000000e-01 6.113802e-01 2.284066e-06 1.115807e+00 9.641732e-11
5.600000e+00 6.000000e-01 6.113802e-01 2.284066e-06 1.115807e+00 5.325296e-11
5.650000e+00 6.000000e-01 6.113802e-01 2.284066e-06 1.115807e+00 1.395994e-11
5.700000e+00 6.000000e-01 6.113802e-01 2.284066e-06 1.115807e+00 -2.309930e-11
5.750000e+00 6.000000e-01 6.113802e-01 2.284066e-06 1.115807e+00 -5.965672e-11
5.800000e+00 6.000000e-01 6.113802e-01 2.284066e-06 1.115807e+00 -9.755086e-11
5.850000e+00 6.000000e-01 6.113802e-01 2.284066e-06 1.115807e+00 -1.387745e-10
5.900000e+00 6.000000e-01 6.113802e-01 2.284066e-06 1.115807e+00 -1.855749e-10
5.950000e+00 6.000000e-01 6.113802e-01 2.284066e-06 1.115807e+00 -2.405531e-10
6.000000e+00 6.000000e-01 6.113802e-01 2.284066e-06 1.115807e+00 -3.068157e-10
6.050000e+00 6.000000e-01 6.113802e-01 2.284066e-06 1.115807e+00 -3.881484e-10
6.100000e+00 6.000000e-01 6.113802e-01 2.284066e-06 1.115807e+00 -4.892498e-10
6.150000e+00 6.000000e-01 6.113802e-01 2.284066e-06 1.115807e+00 -6.160450e-10
6.200000e+00 6.000000e-01 6.113802e-01 2.284066e-06 1.115807e+00 -7.760470e-10
6.250000e+00 6.000000e-01 6.113802e-01 2.284066e-06 1.115807e+00 -9.788470e-10
6.300000e+00 6.000000e-01 6.113802e-01 2.284066e-06 1.115807e+00 -1.236743e-09
6.350000e+00 6.000000e-01 6.113802e-01 2.284066e-06 1.115807e+00 -1.565539e-09
6.400000e+00 6.000000e-01 6.113802e-01 2.284066e-06 1.115807e+00 -1.985578e-09
6.450000e+00 6.000000e-01 6.113802e-01 2.284066e-06 1.115807e+00 -2.523082e-09
6.500000e+00 6.000000e-01 6.113802e-01 2.284066e-06 1.115807e+00 -3.211859e-09
6.550000e+00 6.000000e-01 6.113802e-01 2.284066e-06 1.115807e+00 -4.095545e-09
6.600000e+00 6.000000e-01 6.113802e-01 2.284066e-06 1.115807e+00 -5.230463e-09
6.650000e+00 6.000000e-01 6.113802e-01 2.284066e-06 1.115807e+00 -6.689330e-09
6.700000e+00 6.000000e-01 6.113802e-01 2.284067e-06 1.115807e+00 -8.566076e-09
6.750000e+00 6.000000e-01 6.113802e-01 2.284067e-06 1.115807e+00 -1.098200e-08
6.800000e+00 6.000000e-01 6.113802e-01 2.284067e-06 1.115807e+00 -1.409380e-08
6.850000e+00 6.000000e-01 6.113802e-01 2.284067e-06 1.115807e+00 -1.810387e-08
6.900000e+00 6.000000e-01 6.113802e-01 2.284067e-06 1.115807e+00 -2.327372e-08
6.950000e+00 6.000000e-01 6.113802e-01 2.284068e-06 1.115807e+00 -2.994114e-08
7.000000e+00 6.000000e-01 6.113802e-01 2.284067e-06 1.115807e+00 -3.854256e-08
7.050000e+00 6.000000e-01 6.113802e-01 2.284071e-06 1.115807e+00 -4.964150e-08
7.100000e+00 6.000000e-01 6.113802e-01 2.284060e-06 1.115807e+00 -6.396686e-08
7.150000e+00 6.000000e-01 6.113802e-01 2.284100e-06 1.115807e+00 -8.245674e-08
7.200000e+00 6.000000e-01 6.113802e-01 2.283973e-06 1.115807e+00 -1.063337e-07
7.250000e+00 6.000000e-01 6.113802e-01 2.284378e-06 1.115807e+00 -1.371423e-07
7.300000e+00 6.000000e-01 6.113802e-01 2.283148e-06 1.115807e+00 -1.769805e-07
7.350000e+00 6.000000e-01 6.113802e-01 2.286789e-06 1.115807e+00 -2.282549e-07
7.400000e+00 6.000000e-01 6.113802e-01 2.276380e-06 1.115807e+00 -2.949281e-07
7.450000e+00 6.000000e-01 6.113802e-01 2.305191e-06 1.115807e+00 -3.797708e-07
7.500000e+00 6.000000e-01 6.113803e-01 2.228202e-06 1.115808e+00 -4.925614e-07
7.550000e+00 6.000000e-01 6.113803e-01 2.426721e-06 1.115808e+00 -6.300973e-07
7.600000e+00 6.000000e-01 6.113803e-01 1.933699e-06 1.115808e+00 -8.271026e-07
7.650000e+00 6.000000e-01 6.113804e-01 3.111289e-06 1.115809e+00 -1.036664e-06
7.700000e+00 6.000000e-01 6.113804e-01 4.115515e-07 1.115809e+00 -1.405877e-06
7.750000e+00 6.000000e-01 6.113805e-01 6.339890e-06 1.115810e+00 -1.674792e-06
7.800000e+00 6.000000e-01 6.113806e-01 -6.097284e-06 1.115810e+00 -2.437405e-06
7.850000e+00 6.000000e-01 6.113808e-01 1.875756e-05 1.115813e+00 -2.633865e-06
7.900000e+00 6.000000e-01 6.113809e-01 -2.839045e-05 1.115812e+00 -4.294270e-06
7.950000e+00 6.000000e-01 6.113812e-01 5.614224e-05 1.115818e+00 -4.084954e-06
8.000000e+00 6.000000e-01 6.113813e-01 -8.635261e-05 1.115814e+00 -7.459173e-06
8.050000e+00 6.000000e-01 6.113819e-01 1.379799e-04 1.115827e+00 -6.645969e-06
8.100000e+00 6.000000e-01 6.113819e-01 -1.890230e-04 1.115816e+00 -1.215490e-05
8.150000e+00 6.000000e-01 6.113831e-01 2.472672e-04 1.115842e+00 -1.207871e-05
8.200000e+00 6.000000e-01 6.113831e-01 -2.771629e-04 1.115824e+00 -1.822239e-05
8.250000e+00 6.000000e-01 6.113850e-01 2.782623e-04 1.115860e+00 -2.292817e-05
8.300000e+00 6.000000e-01 6.113854e-01 -2.245289e-04 1.115846e+00 -2.750676e-05
8.350000e+00 6.000000e-01 6.113877e-01 1.534491e-04 1.115882e+00 -3.930458e-05
8.400000e+00 6.000000e-01 6.113894e-01 -1.005980e-04 1.115884e+00 -4.783078e-05
8.450000e+00 6.000000e-01 6.113925e-01 1.546079e-04 1.115926e+00 -5.962184e-05
8.500000e+00 6.000000e-01 6.113953e-01 -3.313695e-04 1.115932e+00 -8.611675e-05
8.550000e+00 6.000000e-01 6.114011e-01 5.827393e-04 1.116016e+00 -9.702839e-05
8.600000e+00 6.000000e-01 6.114050e-01 -7.109032e-04 1.116009e+00 -1.350500e-04
8.650000e+00 6.000000e-01 6.114146e-01 5.493640e-04 1.116142e+00 -1.778999e-04
8.700000e+00 6.000000e-01 6.114228e-01 -1.003788e-04 1.116182e+00 -2.099719e-04
8.750000e+00 6.000000e-01 6.114356e-01 -2.568698e-04 1.116316e+00 -2.899211e-04
8.800000e+00 6.000000e-01 6.114518e-01 3.779220e-05 1.116450e+00 -3.780321e-04
8.850000e+00 6.000000e-01 6.114734e-01 8.597611e-04 1.116682e+00 -4.486327e-04
8.900000e+00 6.000000e-01 6.114967e-01 -1.652895e-03 1.116822e+00 -6.210752e-04
8.950000e+00 6.000000e-01 6.115355e-01 1.225658e-03 1.117264e+00 -8.023335e-04
9.000000e+00 6.000000e-01 6.115769e-01 5.096325e-04 1.117583e+00 -9.679427e-04
9.050000e+00 6.000000e-01 6.116323e-01 -1.663980e-03 1.118097e+00 -1.307218e-03
9.100000e+00 6.000000e-01 6.117076e-01 1.004345e-04 1.118776e+00 -1.722102e-03
9.150000e+00 6.000000e-01 6.118045e-01 3.204417e-03 1.119735e+00 -2.086292e-03
9.200000e+00 6.000000e-01 6.119163e-01 -3.616210e-03 1.120610e+00 -2.743966e-03
9.250000e+00 6.000000e-01 6.120789e-01 -1.219494e-03 1.122197e+00 -3.677469e-03
9.300000e+00 6.000000e-01 6.122840e-01 5.413895e-03 1.124061e+00 -4.555017e-03
9.350000e+00 6.000000e-01 6.125344e-01 -5.722248e-04 1.126328e+00 -5.776366e-03
9.400000e+00 6.000000e-01 6.128616e-01 -8.854555e-03 1.129176e+00 -7.783514e-03
9.450000e+00 6.000000e-01 6.133128e-01 6.097056e-03 1.133458e+00 -1.003176e-02
9.500000e+00 6.000000e-01 6.138648e-01 1.006661e-02 1.138379e+00 -1.251956e-02
9.550000e+00 6.000000e-01 6.145647e-01 -1.192014e-02 1.144655e+00 -1.645077e-02
9.600000e+00 6.000000e-01 6.155099e-01 -1.264348e-02 1.153022e+00 -2.203691e-02
9.650000e+00 6.000000e-01 6.167684e-01 2.148118e-02 1.164456e+00 -2.838104e-02
9.700000e+00 6.000000e-01 6.183480e-01 1.357437e-02 1.178477e+00 -3.649735e-02
9.750000e+00 6.000000e-01 6.204182e-01 -3.007475e-02 1.196712e+00 -4.888435e-02
9.800000e+00 6.000000e-01 6.232364e-01 -1.468940e-02 1.221137e+00 -6.596973e-02
9.850000e+00 6.000000e-01 6.270151e-01 3.113815e-02 1.254301e+00 -8.767800e-02
9.900000e+00 6.000000e-01 6.320042e-01 1.232096e-02 1.298137e+00 -1.170103e-01
9.950000e+00 6.000000e-01 6.387162e-01 -7.462944e-03 1.357476e+00 -1.575577e-01
1.000000e+01 6.000000e-01 6.477600e-01 -2.091709e-03 0.000000e+00 0.000000e+00
0.000000e+00 6.200000e-01 6.762960e-01 1.440000e+00 0.000000e+00 0.000000e+00
5.000000e-02 6.200000e-01 6.764000e-01 7.491553e-01 1.428639e+00 -1.770409e-02
1.000000e-01 6.200000e-01 6.780664e-01 2.990030e+00 1.409567e+00 -1.433938e-02
1.500000e-01 6.200000e-01 6.778340e-01 3.741787e+00 1.358194e+00 4.145037e-02
2.000000e-01 6.200000e-01 6.739214e-01 -1.489959e+00 1.403913e+00 3.936951e-02
2.500000e-01 6.200000e-01 6.738970e-01 -2.541044e+00 1.499865e+00 -6.175329e-02
3.000000e-01 6.200000e-01 6.800967e-01 5.407105e+00 1.439235e+00 -7.548578e-02
3.500000e-01 6.200000e-01 6.814456e-01 8.031735e+00 1.290396e+00 6.487390e-02
4.000000e-01 6.200000e-01 6.736093e-01 -2.298855e+00 1.344253e+00 1.058725e-01
4.500000e-01 6.200000e-01 6.708584e-01 -6.708096e+00 1.535665e+00 -6.265609e-02
5.000000e-01 6.200000e-01 6.798749e-01 4.588815e+00 1.504452e+00 -1.479336e-01
5.500000e-01 6.200000e-01 6.856517e-01 1.257859e+01 1.273272e+00 2.809424e-02
6.000000e-01 6.200000e-01 6.770655e-01 1.771738e+00 1.241612e+00 1.677876e-01
6.500000e-01 6.200000e-01 6.688729e-01 -9.508484e+00 1.485018e+00 1.102642e-02
7.000000e-01 6.200000e-01 6.759629e-01 -6.655568e-01 1.572365e+00 -1.781759e-01
7.500000e-01 6.200000e-01 6.866905e-01 1.314370e+01 1.353642e+00 -7.147006e-02
8.000000e-01 6.200000e-01 6.831099e-01 9.478893e+00 1.182057e+00 1.565123e-01
8.500000e-01 6.200000e-01 6.710393e-01 -6.333490e+00 1.343949e+00 1.232519e-01
9.000000e-01 6.200000e-01 6.707847e-01 -6.946624e+00 1.557143e+00 -1.070589e-01
9.500000e-01 6.200000e-01 6.817452e-01 6.978923e+00 1.483813e+00 -1.522440e-01
1.000000e+00 6.200000e-01 6.860091e-01 1.335365e+01 1.260795e+00 4.696342e-02
1.050000e+00 6.200000e-01 6.770489e-01 2.910743e+00 1.231432e+00 1.660588e-01
1.100000e+00 6.200000e-01 6.694032e-01 -7.090154e+00 1.423517e+00 3.207309e-02
1.150000e+00 6.200000e-01 6.738415e-01 -1.656987e+00 1.524949e+00 -1.218985e-01
1.200000e+00 6.200000e-01 6.815930e-01 8.577275e+00 1.412623e+00 -6.736259e-02
1.250000e+00 6.200000e-01 6.805778e-01 8.937902e+00 1.273691e+00 8.866135e-02
1.300000e+00 6.200000e-01 6.727269e-01 2.041849e-01 1.299665e+00 1.125460e-01
1.350000e+00 6.200000e-01 6.693232e-01 -4.126042e+00 1.425148e+00 -5.369680e-03
1.400000e+00 6.200000e-01 6.732639e-01 6.261007e-01 1.464117e+00 -7.653436e-02
1.450000e+00 6.200000e-01 6.769766e-01 6.080506e+00 1.386880e+00 -1.493737e-02
1.500000e+00 6.200000e-01 6.747576e-01 5.287475e+00 1.311205e+00 7.350694e-02
1.550000e+00 6.200000e-01 6.696259e-01 5.046939e-01 1.323923e+00 7.153053e-02
1.600000e+00 6.200000e-01 6.676046e-01 -1.582617e+00 1.383348e+00 2.602481e-03
1.650000e+00 6.200000e-01 6.693657e-01 6.332243e-01 1.403545e+00 -3.210197e-02
1.700000e+00 6.200000e-01 6.708147e-01 3.292186e+00 1.367739e+00 1.750813e-03
1.750000e+00 6.200000e-01 6.691906e-01 3.285795e+00 1.323534e+00 4.966064e-02
1.800000e+00 6.200000e-01 6.658487e-01 1.316457e+00 1.312060e+00 5.547221e-02
1.850000e+00 6.200000e-01 6.636434e-01 -3.114412e-02 1.327611e+00 2.475993e-02
1.900000e+00 6.200000e-01 6.633727e-01 3.569093e-01 1.338769e+00 1.177718e-03
1.950000e+00 6.200000e-01 6.635256e-01 1.479123e+00 1.328223e+00 8.713094e-03
2.000000e+00 6.200000e-01 6.625014e-01 1.998775e+00 1.303431e+00 3.345213e-02
2.050000e+00 6.200000e-01 6.601804e-01 1.607118e+00 1.280728e+00 4.914414e-02
2.100000e+00 6.200000e-01 6.575870e-01 8.990560e-01 1.268597e+00 4.546381e-02
2.150000e+00 6.200000e-01 6.556340e-01 5.160672e-01 1.264085e+00 3.194583e-02
2.200000e+00 6.200000e-01 6.543924e-01 6.007951e-01 1.259465e+00 2.331272e-02
2.250000e+00 6.200000e-01 6.533028e-01 8.945669e-01 1.249438e+00 2.608832e-02
2.300000e+00 6.200000e-01 6.517836e-01 1.098735e+00 1.233359e+00 3.679389e-02
2.350000e+00 6.200000e-01 6.496234e-01 1.089212e+00 1.213610e+00 4.792272e-02
2.400000e+00 6.200000e-01 6.469913e-01 9.083606e-01 1.193244e+00 5.389629e-02
2.450000e+00 6.200000e-01 6.442337e-01 6.607117e-01 1.174584e+00 5.319098e-02
2.500000e+00 6.200000e-01 6.416722e-01 4.306382e-01 1.158858e+00 4.730939e-02
2.550000e+00 6.200000e-01 6.395028e-01 2.566440e-01 1.146403e+00 3.881412e-02
2.600000e+00 6.200000e-01 6.377908e-01 1.419915e-01 1.137001e+00 2.992304e-02
2.650000e+00 6.200000e-01 6.365105e-01 7.376656e-02 1.130173e+00 2.199201e-02
2.700000e+00 6.200000e-01 6.355916e-01 3.629334e-02 1.125366e+00 1.558201e-02
2.750000e+00 6.200000e-01 6.349523e-01 1.701917e-02 1.122069e+00 1.073546e-02
2.800000e+00 6.200000e-01 6.345180e-01 7.643792e-03 1.119855e+00 7.239558e-03
2.850000e+00 6.200000e-01 6.342283e-01 3.301092e-03 1.118395e+00 4.802310e-03
2.900000e+00 6.200000e-01 6.340378e-01 1.376117e-03 1.117446e+00 3.145038e-03
2.950000e+00 6.200000e-01 6.339138e-01 5.566619e-04 1.116835e+00 2.038841e-03
3.000000e+00 6.200000e-01 6.338339e-01 2.207972e-04 1.116447e+00 1.310729e-03
3.050000e+00 6.200000e-01 6.337828e-01 8.802979e-05 1.116203e+00 8.366154e-04
3.100000e+00 6.200000e-01 6.337502e-01 3.736703e-05 1.116049e+00 5.305336e-04
3.150000e+00 6.200000e-01 6.337297e-01 1.871020e-05 1.115954e+00 3.343394e-04
3.200000e+00 6.200000e-01 6.337168e-01 1.209521e-05 1.115896e+00 2.093692e-04
3.250000e+00 6.200000e-01 6.337088e-01 9.851934e-06 1.115860e+00 1.302304e-04
3.300000e+00 6.200000e-01 6.337038e-01 9.136581e-06 1.115838e+00 8.040174e-05
3.350000e+00 6.200000e-01 6.337007e-01 8.931858e-06 1.115825e+00 4.921301e-05
3.400000e+00 6.200000e-01 6.336989e-01 8.887473e-06 1.115817e+00 2.981531e-05
3.450000e+00 6.200000e-01 6.336978e-01 8.888124e-06 1.115813e+00 1.783634e-05
3.500000e+00 6.200000e-01 6.336971e-01 8.898186e-06 1.115810e+00 1.049903e-05
3.550000e+00 6.200000e-01 6.336967e-01 8.907857e-06 1.115808e+00 6.048238e-06
3.600000e+00 6.200000e-01 6.336965e-01 8.915172e-06 1.115808e+00 3.380371e-06
3.650000e+00 6.200000e-01 6.336964e-01 8.920280e-06 1.115807e+00 1.805221e-06
3.700000e+00 6.200000e-01 6.336963e-01 8.923730e-06 1.115807e+00 8.936468e-07
3.750000e+00 6.200000e-01 6.336963e-01 8.926025e-06 1.115807e+00 3.805623e-07
3.800000e+00 6.200000e-01 6.336963e-01 8.927539e-06 1.115807e+00 1.034379e-07
3.850000e+00 6.200000e-01 6.336963e-01 8.928532e-06 1.115807e+00 -3.650994e-08
3.900000e+00 6.200000e-01 6.336963e-01 8.929179e-06 1.115807e+00 -9.869295e-08
3.950000e+00 6.200000e-01 6.336963e-01 8.929598e-06 1.115807e+00 -1.183803e-07
4.000000e+00 6.200000e-01 6.336963e-01 8.929868e-06 1.115807e+00 -1.161606e-07
4.050000e+00 6.200000e-01 6.336963e-01 8.930039e-06 1.115807e+00 -1.037837e-07
4.100000e+00 6.200000e-01 6.336963e-01 8.930147e-06 1.115807e+00 -8.774238e-08
4.150000e+00 6.200000e-01 6.336963e-01 8.930213e-06 1.115807e+00 -7.145005e-08
4.200000e+00 6.200000e-01 6.336963e-01 8.930253e-06 1.115807e+00 -5.655279e-08
4.250000e+00 6.200000e-01 6.336963e-01 8.930276e-06 1.115807e+00 -4.371043e-08
4.300000e+00 6.200000e-01 6.336963e-01 8.930289e-06 1.115807e+00 -3.305514e-08
4.350000e+00 6.200000e-01 6.336963e-01 8.930295e-06 1.115807e+00 -2.445580e-08
4.400000e+00 6.200000e-01 6.336963e-01 8.930298e-06 1.115807e+00 -1.766669e-08
4.450000e+00 6.200000e-01 6.336963e-01 8.930298e-06 1.115807e+00 -1.240819e-08
4.500000e+00 6.200000e-01 6.336963e-01 8.930297e-06 1.115807e+00 -8.408171e-09
4.550000e+00 6.200000e-01 6.336963e-01 8.930296e-06 1.115807e+00 -5.421205e-09
4.600000e+00 6.200000e-01 6.336963e-01 8.930294e-06 1.115807e+00 -3.235590e-09
4.650000e+00 6.200000e-01 6.336963e-01 8.930293e-06 1.115807e+00 -1.673957e-09
4.700000e+00 6.200000e-01 6.336963e-01 8.930291e-06 1.115807e+00 -5.908152e-10
4.750000e+00 6.200000e-01 6.336963e-01 8.930290e-06 1.115807e+00 1.312261e-10
4.800000e+00 6.200000e-01 6.336963e-01 8.930289e-06 1.115807e+00 5.855327e-10
4.850000e+00 6.200000e-01 6.336963e-01 8.930288e-06 1.115807e+00 8.453749e-10
4.900000e+00 6.200000e-01 6.336963e-01 8.930288e-06 1.115807e+00 9.674939e-10
4.950000e+00 6.200000e-01 6.336963e-01 8.930287e-06 1.115807e+00 9.951928e-10
5.000000e+00 6.200000e-01 6.336963e-01 8.930287e-06 1.115807e+00 9.610002e-10
5.050000e+00 6.200000e-01 6.336963e-01 8.930287e-06 1.115807e+00 8.888856e-10
5.100000e+00 6.200000e-01 6.336963e-01 8.930286e-06 1.115807e+00 7.961121e-10
5.150000e+00 6.200000e-01 6.336963e-01 8.930286e-06 1.115807e+00 6.947543e-10
5.200000e+00 6.200000e-01 6.336963e-01 8.930286e-06 1.115807e+00 5.929246e-10
5.250000e+00 6.200000e-01 6.336963e-01 8.930286e-06 1.115807e+00 4.957668e-10
5.300000e+00 6.200000e-01 6.336963e-01 8.930286e-06 1.115807e+00 4.062317e-10
5.350000e+00 6.200000e-01 6.336963e-01 8.930286e-06 1.115807e+00 3.256939e-10
5.400000e+00 6.200000e-01 6.336963e-01 8.930286e-06 1.115807e+00 2.544176e-10
5.450000e+00 6.200000e-01 6.336963e-01 8.930286e-06 1.115807e+00 1.919243e-10
5.500000e+00 6.200000e-01 6.336963e-01 8.930286e-06 1.115807e+00 1.372413e-10
5.550000e+00 6.200000e-01 6.336963e-01 8.930286e-06 1.115807e+00 8.906431e-11
5.600000e+00 6.200000e-01 6.336963e-01 8.930286e-06 1.115807e+00 4.590550e-11
5.650000e+00 6.200000e-01 6.336963e-01 8.930286e-06 1.115807e+00 6.155076e-12
5.700000e+00 6.200000e-01 6.336963e-01 8.930286e-06 1.115807e+00 -3.189560e-11
5.750000e+00 6.200000e-01 6.336963e-01 8.930286e-06 1.115807e+00 -7.006951e-11
5.800000e+00 6.200000e-01 6.336963e-01 8.930286e-06 1.115807e+00 -1.103373e-10
5.850000e+00 6.200000e-01 6.336963e-01 8.930286e-06 1.115807e+00 -1.548706e-10
5.900000e+00 6.200000e-01 6.336963e-01 8.930286e-06 1.115807e+00 -2.061540e-10
5.950000e+00 6.200000e-01 6.336963e-01 8.930286e-06 1.115807e+00 -2.671063e-10
6.000000e+00 6.200000e-01 6.336963e-01 8.930286e-06 1.115807e+00 -3.412537e-10
6.050000e+00 6.200000e-01 6.336963e-01 8.930286e-06 1.115807e+00 -4.329281e-10
6.100000e+00 6.200000e-01 6.336963e-01 8.930286e-06 1.115807e+00 -5.475442e-10
6.150000e+00 6.200000e-01 6.336963e-01 8.930286e-06 1.115807e+00 -6.919654e-10
6.200000e+00 6.200000e-01 6.336963e-01 8.930286e-06 1.115807e+00 -8.749190e-10
6.250000e+00 6.200000e-01 6.336963e-01 8.930286e-06 1.115807e+00 -1.107576e-09
6.300000e+00 6.200000e-01 6.336963e-01 8.930286e-06 1.115807e+00 -1.404286e-09
6.350000e+00 6.200000e-01 6.336963e-01 8.930286e-06 1.115807e+00 -1.783506e-09
6.400000e+00 6.200000e-01 6.336963e-01 8.930286e-06 1.115807e+00 -2.269031e-09
6.450000e+00 6.200000e-01 6.336963e-01 8.930286e-06 1.115807e+00 -2.891549e-09
6.500000e+00 6.200000e-01 6.336963e-01 8.930286e-06 1.115807e+00 -3.690657e-09
6.550000e+00 6.200000e-01 6.336963e-01 8.930287e-06 1.115807e+00 -4.717486e-09
6.600000e+00 6.200000e-01 6.336963e-01 8.930287e-06 1.115807e+00 -6.038076e-09
6.650000e+00 6.200000e-01 6.336963e-01 8.930287e-06 1.115807e+00 -7.737715e-09
6.700000e+00 6.200000e-01 6.336963e-01 8.930287e-06 1.115807e+00 -9.926605e-09
6.750000e+00 6.200000e-01 6.336963e-01 8.930288e-06 1.115807e+00 -1.274713e-08
6.800000e+00 6.200000e-01 6.336963e-01 8.930288e-06 1.115807e+00 -1.638324e-08
6.850000e+00 6.200000e-01 6.336963e-01 8.930289e-06 1.115807e+00 -2.107264e-08
6.900000e+00 6.200000e-01 6.336963e-01 8.930290e-06 1.115807e+00 -2.712247e-08
6.950000e+00 6.200000e-01 6.336963e-01 8.930291e-06 1.115807e+00 -3.492957e-08
7.000000e+00 6.200000e-01 6.336963e-01 8.930290e-06 1.115807e+00 -4.500683e-08
7.050000e+00 6.200000e-01 6.336963e-01 8.930302e-06 1.115807e+00 -5.801624e-08
7.100000e+00 6.200000e-01 6.336963e-01 8.930271e-06 1.115807e+00 -7.481530e-08
7.150000e+00 6.200000e-01 6.336963e-01 8.930382e-06 1.115807e+00 -9.650429e-08
7.200000e+00 6.200000e-01 6.336963e-01 8.930042e-06 1.115807e+00 -1.245282e-07
7.250000e+00 6.200000e-01 6.336963e-01 8.931116e-06 1.115807e+00 -1.606797e-07
7.300000e+00 6.200000e-01 6.336963e-01 8.927899e-06 1.115807e+00 -2.074946e-07
7.350000e+00 6.200000e-01 6.336964e-01 8.937332e-06 1.115807e+00 -2.676066e-07
7.400000e+00 6.200000e-01 6.336964e-01 8.910666e-06 1.115807e+00 -3.462157e-07
7.450000e+00 6.200000e-01 6.336964e-01 8.983710e-06 1.115807e+00 -4.451479e-07
7.500000e+00 6.200000e-01 6.336964e-01 8.790625e-06 1.115808e+00 -5.795745e-07
7.550000e+00 6.200000e-01 6.336964e-01 9.283212e-06 1.115808e+00 -7.366753e-07
7.600000e+00 6.200000e-01 6.336965e-01 8.072985e-06 1.115808e+00 -9.787719e-07
7.650000e+00 6.200000e-01 6.336965e-01 1.093277e-05 1.115809e+00 -1.201797e-06
7.700000e+00 6.200000e-01 6.336966e-01 4.446536e-06 1.115809e+00 -1.685326e-06
7.750000e+00 6.200000e-01 6.336967e-01 1.853791e-05 1.115810e+00 -1.901844e-06
7.800000e+00 6.200000e-01 6.336968e-01 -1.071092e-05 1.115810e+00 -2.989359e-06
7.850000e+00 6.200000e-01 6.336970e-01 4.712560e-05 1.115813e+00 -2.876016e-06
7.900000e+00 6.200000e-01 6.336971e-01 -6.144558e-05 1.115810e+00 -5.412458e-06
7.950000e+00 6.200000e-01 6.336976e-01 1.312306e-04 1.115819e+00 -4.246105e-06
8.000000e+00 6.200000e-01 6.336975e-01 -1.903569e-04 1.115810e+00 -9.550181e-06
8.050000e+00 6.200000e-01 6.336985e-01 3.112045e-04 1.115831e+00 -6.842170e-06
8.100000e+00 6.200000e-01 6.336982e-01 -4.137436e-04 1.115808e+00 -1.534279e-05
8.150000e+00 6.200000e-01 6.337000e-01 5.468476e-04 1.115849e+00 -1.331786e-05
8.200000e+00 6.200000e-01 6.336995e-01 -6.032373e-04 1.115812e+00 -2.187468e-05
8.250000e+00 6.200000e-01 6.337022e-01 6.171908e-04 1.115868e+00 -2.719358e-05
8.300000e+00 6.200000e-01 6.337022e-01 -5.043610e-04 1.115834e+00 -3.156850e-05
8.350000e+00 6.200000e-01 6.337054e-01 3.786989e-04 1.115886e+00 -4.705459e-05
8.400000e+00 6.200000e-01 6.337070e-01 -2.785369e-04 1.115872e+00 -5.637396e-05
8.450000e+00 6.200000e-01 6.337110e-01 4.121189e-04 1.115928e+00 -6.837474e-05
8.500000e+00 6.200000e-01 6.337138e-01 -7.665069e-04 1.115910e+00 -1.046304e-04
8.550000e+00 6.200000e-01 6.337215e-01 1.273919e-03 1.116024e+00 -1.109862e-04
8.600000e+00 6.200000e-01 6.337249e-01 -1.515172e-03 1.115971e+00 -1.596328e-04
8.650000e+00 6.200000e-01 6.337375e-01 1.223900e-03 1.116144e+00 -2.123408e-04
8.700000e+00 6.200000e-01 6.337461e-01 -3.924385e-04 1.116143e+00 -2.425964e-04
8.750000e+00 6.200000e-01 6.337617e-01 -2.219886e-04 1.116294e+00 -3.423311e-04
8.800000e+00 6.200000e-01 6.337804e-01 -2.113794e-04 1.116396e+00 -4.508595e-04
8.850000e+00 6.200000e-01 6.338068e-01 1.863358e-03 1.116658e+00 -5.182486e-04
8.900000e+00 6.200000e-01 6.338322e-01 -3.259836e-03 1.116716e+00 -7.352785e-04
8.950000e+00 6.200000e-01 6.338803e-01 2.514882e-03 1.117216e+00 -9.522531e-04
9.000000e+00 6.200000e-01 6.339274e-01 4.574626e-04 1.117452e+00 -1.126657e-03
9.050000e+00 6.200000e-01 6.339930e-01 -2.332421e-03 1.117966e+00 -1.539027e-03
9.100000e+00 6.200000e-01 6.340813e-01 -3.293513e-04 1.118568e+00 -2.045211e-03
9.150000e+00 6.200000e-01 6.341975e-01 5.751457e-03 1.119554e+00 -2.438600e-03
9.200000e+00 6.200000e-01 6.343252e-01 -6.353194e-03 1.120248e+00 -3.220139e-03
9.250000e+00 6.200000e-01 6.345195e-01 -1.243358e-03 1.121840e+00 -4.353864e-03
9.300000e+00 6.200000e-01 6.347606e-01 7.590327e-03 1.123539e+00 -5.357351e-03
9.350000e+00 6.200000e-01 6.350553e-01 -1.567581e-04 1.125718e+00 -6.762499e-03
9.400000e+00 6.200000e-01 6.354368e-01 -1.354618e-02 1.128263e+00 -9.170365e-03
9.450000e+00 6.200000e-01 6.359723e-01 9.229139e-03 1.132413e+00 -1.182222e-02
9.500000e+00 6.200000e-01 6.366190e-01 1.317995e-02 1.136909e+00 -1.468695e-02
9.550000e+00 6.200000e-01 6.374410e-01 -1.455902e-02 1.142850e+00 -1.927924e-02
9.600000e+00 6.200000e-01 6.385470e-01 -1.791053e-02 1.150482e+00 -2.586194e-02
9.650000e+00 6.200000e-01 6.400272e-01 2.632971e-02 1.161168e+00 -3.329935e-02
9.700000e+00 6.200000e-01 6.418769e-01 1.864880e-02 1.174044e+00 -4.271747e-02
9.750000e+00 6.200000e-01 6.442989e-01 -3.280350e-02 1.190949e+00 -5.706770e-02
9.800000e+00 6.200000e-01 6.475837e-01 -2.286031e-02 1.212983e+00 -7.698807e-02
9.850000e+00 6.200000e-01 6.519977e-01 3.267356e-02 1.243103e+00 -1.024419e-01
9.900000e+00 6.200000e-01 6.578279e-01 1.868608e-02 1.282962e+00 -1.368322e-01
9.950000e+00 6.200000e-01 6.656810e-01 -5.812970e-03 1.337274e+00 -1.846815e-01
1.000000e+01 6.200000e-01 6.762960e-01 7.394214e-04 0.000000e+00 0.000000e+00
0.000000e+00 6.400000e-01 7.042560e-01 1.680000e+00 0.000000e+00 0.000000e+00
5.000000e-02 6.400000e-01 7.046486e-01 1.665558e+00 1.390820e+00 -1.493079e-02
1.000000e-01 6.400000e-01 7.057491e-01 3.274113e+00 1.360667e+00 -4.682767e-04
1.500000e-01 6.400000e-01 7.046955e-01 1.845403e+00 1.337425e+00 3.624404e-02
2.000000e-01 6.400000e-01 7.021247e-01 -1.558525e+00 1.408358e+00 1.025720e-02
2.500000e-01 6.400000e-01 7.036697e-01 1.100003e+00 1.455526e+00 -5.823684e-02
3.000000e-01 6.400000e-01 7.079484e-01 6.443555e+00 1.349856e+00 -3.001748e-02
3.500000e-01 6.400000e-01 7.066715e-01 3.330613e+00 1.261763e+00 7.032836e-02
4.000000e-01 6.400000e-01 7.009155e-01 -4.372780e+00 1.385800e+00 4.991053e-02
4.500000e-01 6.400000e-01 7.016804e-01 -1.408106e+00 1.511101e+00 -7.911246e-02
5.000000e-01 6.400000e-01 7.088268e-01 7.946013e+00 1.384215e+00 -8.263101e-02
5.500000e-01 6.400000e-01 7.099435e-01 6.967719e+00 1.200006e+00 6.683044e-02
6.000000e-01 6.400000e-01 7.021437e-01 -4.355813e+00 1.292398e+00 1.077150e-01
6.500000e-01 6.400000e-01 6.991720e-01 -5.676363e+00 1.511805e+00 -4.481275e-02
7.000000e-01 6.400000e-01 7.066250e-01 5.596816e+00 1.465541e+00 -1.294833e-01
7.500000e-01 6.400000e-01 7.121204e-01 1.058411e+01 1.221924e+00 4.586303e-03
8.000000e-01 6.400000e-01 7.061664e-01 6.742128e-01 1.178032e+00 1.352514e-01
8.500000e-01 6.400000e-01 6.985952e-01 -7.964662e+00 1.409610e+00 4.214505e-02
9.000000e-01 6.400000e-01 7.019519e-01 -6.094157e-01 1.520523e+00 -1.148469e-01
9.500000e-01 6.400000e-01 7.100799e-01 9.782868e+00 1.345181e+00 -7.883170e-02
1.000000e+00 6.400000e-01 7.098350e-01 7.698987e+00 1.167112e+00 8.510535e-02
1.050000e+00 6.400000e-01 7.015694e-01 -3.470123e+00 1.256306e+00 1.150090e-01
1.100000e+00 6.400000e-01 6.983341e-01 -5.683161e+00 1.454512e+00 -2.382558e-02
1.150000e+00 6.400000e-01 7.039519e-01 3.310536e+00 1.457486e+00 -1.028581e-01
1.200000e+00 6.400000e-01 7.086200e-01 9.267686e+00 1.293110e+00 -1.153470e-02
1.250000e+00 6.400000e-01 7.051054e-01 4.596547e+00 1.210028e+00 9.964846e-02
1.300000e+00 6.400000e-01 6.986551e-01 -3.064047e+00 1.310950e+00 7.123880e-02
1.350000e+00 6.400000e-01 6.979815e-01 -2.607825e+00 1.428302e+00 -3.506182e-02
1.400000e+00 6.400000e-01 7.021613e-01 3.697867e+00 1.406612e+00 -5.913105e-02
1.450000e+00 6.400000e-01 7.038946e-01 6.691925e+00 1.302773e+00 1.823919e-02
1.500000e+00 6.400000e-01 7.003374e-01 3.375665e+00 1.259375e+00 7.974536e-02
1.550000e+00 6.400000e-01 6.959201e-01 -9.939968e-01 1.313830e+00 5.089748e-02
1.600000e+00 6.400000e-01 6.952476e-01 -9.511739e-01 1.375672e+00 -1.281857e-02
1.650000e+00 6.400000e-01 6.972019e-01 2.235822e+00 1.369086e+00 -2.459526e-02
1.700000e+00 6.400000e-01 6.977071e-01 4.127031e+00 1.315479e+00 1.993656e-02
1.750000e+00 6.400000e-01 6.952083e-01 2.991445e+00 1.279310e+00 5.889440e-02
1.800000e+00 6.400000e-01 6.918177e-01 7.680388e-01 1.287595e+00 5.150482e-02
1.850000e+00 6.400000e-01 6.900578e-01 -1.348324e-02 1.313166e+00 1.820503e-02
1.900000e+00 6.400000e-01 6.899972e-01 9.200598e-01 1.319557e+00 2.073914e-03
1.950000e+00 6.400000e-01 6.898504e-01 2.086345e+00 1.299646e+00 1.719860e-02
2.000000e+00 6.400000e-01 6.882773e-01 2.309281e+00 1.271286e+00 4.325185e-02
2.050000e+00 6.400000e-01 6.855252e-01 1.646081e+00 1.252673e+00 5.525083e-02
2.100000e+00 6.400000e-01 6.827523e-01 8.785324e-01 1.247457e+00 4.766422e-02
2.150000e+00 6.400000e-01 6.807588e-01 5.940059e-01 1.247496e+00 3.314436e-02
2.200000e+00 6.400000e-01 6.794378e-01 7.927751e-01 1.243527e+00 2.623839e-02
2.250000e+00 6.400000e-01 6.781350e-01 1.131822e+00 1.231907e+00 3.159144e-02
2.300000e+00 6.400000e-01 6.762787e-01 1.312213e+00 1.214366e+00 4.414146e-02
2.350000e+00 6.400000e-01 6.737208e-01 1.246758e+00 1.194673e+00 5.583978e-02
2.400000e+00 6.400000e-01 6.706947e-01 1.009743e+00 1.176007e+00 6.132581e-02
2.450000e+00 6.400000e-01 6.675882e-01 7.198748e-01 1.160094e+00 5.954223e-02
2.500000e+00 6.400000e-01 6.647405e-01 4.628197e-01 1.147436e+00 5.239316e-02
2.550000e+00 6.400000e-01 6.623489e-01 2.732759e-01 1.137839e+00 4.268915e-02
2.600000e+00 6.400000e-01 6.604716e-01 1.502600e-01 1.130822e+00 3.276536e-02
2.650000e+00 6.400000e-01 6.590724e-01 7.774886e-02 1.125840e+00 2.401193e-02
2.700000e+00 6.400000e-01 6.580704e-01 3.815866e-02 1.122393e+00 1.697961e-02
2.750000e+00 6.400000e-01 6.573744e-01 1.787190e-02 1.120062e+00 1.168068e-02
2.800000e+00 6.400000e-01 6.569023e-01 8.027186e-03 1.118517e+00 7.866549e-03
2.850000e+00 6.400000e-01 6.565878e-01 3.474144e-03 1.117512e+00 5.211450e-03
2.900000e+00 6.400000e-01 6.563812e-01 1.458410e-03 1.116867e+00 3.408363e-03
2.950000e+00 6.400000e-01 6.562469e-01 6.015303e-04 1.116459e+00 2.206354e-03
3.000000e+00 6.400000e-01 6.561605e-01 2.511214e-04 1.116204e+00 1.416227e-03
3.050000e+00 6.400000e-01 6.561053e-01 1.131888e-04 1.116046e+00 9.024666e-04
3.100000e+00 6.400000e-01 6.560703e-01 6.098828e-05 1.115949e+00 5.712970e-04
3.150000e+00 6.400000e-01 6.560482e-01 4.208110e-05 1.115890e+00 3.593667e-04
3.200000e+00 6.400000e-01 6.560343e-01 3.560406e-05 1.115855e+00 2.246041e-04
3.250000e+00 6.400000e-01 6.560257e-01 3.356892e-05 1.115834e+00 1.394179e-04
3.300000e+00 6.400000e-01 6.560204e-01 3.303520e-05 1.115822e+00 8.588334e-05
3.350000e+00 6.400000e-01 6.560171e-01 3.296684e-05 1.115815e+00 5.244255e-05
3.400000e+00 6.400000e-01 6.560152e-01 3.301857e-05 1.115811e+00 3.168914e-05
3.450000e+00 6.400000e-01 6.560140e-01 3.308493e-05 1.115809e+00 1.890300e-05
3.500000e+00 6.400000e-01 6.560133e-01 3.313922e-05 1.115807e+00 1.109143e-05
3.550000e+00 6.400000e-01 6.560129e-01 3.317840e-05 1.115807e+00 6.366510e-06
3.600000e+00 6.400000e-01 6.560126e-01 3.320530e-05 1.115807e+00 3.543459e-06
3.650000e+00 6.400000e-01 6.560125e-01 3.322336e-05 1.115806e+00 1.882842e-06
3.700000e+00 6.400000e-01 6.560124e-01 3.323535e-05 1.115806e+00 9.259549e-07
3.750000e+00 6.400000e-01 6.560124e-01 3.324326e-05 1.115806e+00 3.901704e-07
3.800000e+00 6.400000e-01 6.560124e-01 3.324845e-05 1.115806e+00 1.026985e-07
3.850000e+00 6.400000e-01 6.560124e-01 3.325185e-05 1.115806e+00 -4.113525e-08
3.900000e+00 6.400000e-01 6.560124e-01 3.325405e-05 1.115807e+00 -1.040441e-07
3.950000e+00 6.400000e-01 6.560124e-01 3.325548e-05 1.115807e+00 -1.230869e-07
4.000000e+00 6.400000e-01 6.560124e-01 3.325639e-05 1.115807e+00 -1.197760e-07
4.050000e+00 6.400000e-01 6.560124e-01 3.325697e-05 1.115807e+00 -1.063023e-07
4.100000e+00 6.400000e-01 6.560124e-01 3.325734e-05 1.115807e+00 -8.933926e-08
4.150000e+00 6.400000e-01 6.560124e-01 3.325756e-05 1.115807e+00 -7.234864e-08
4.200000e+00 6.400000e-01 6.560124e-01 3.325770e-05 1.115807e+00 -5.696294e-08
4.250000e+00 6.400000e-01 6.560124e-01 3.325777e-05 1.115807e+00 -4.380455e-08
4.300000e+00 6.400000e-01 6.560124e-01 3.325782e-05 1.115807e+00 -3.296348e-08
4.350000e+00 6.400000e-01 6.560124e-01 3.325784e-05 1.115807e+00 -2.427043e-08
4.400000e+00 6.400000e-01 6.560124e-01 3.325784e-05 1.115807e+00 -1.744861e-08
4.450000e+00 6.400000e-01 6.560124e-01 3.325784e-05 1.115807e+00 -1.219486e-08
4.500000e+00 6.400000e-01 6.560124e-01 3.325784e-05 1.115807e+00 -8.220217e-09
4.550000e+00 6.400000e-01 6.560124e-01 3.325784e-05 1.115807e+00 -5.267826e-09
4.600000e+00 6.400000e-01 6.560124e-01 3.325783e-05 1.115807e+00 -3.118689e-09
4.650000e+00 6.400000e-01 6.560124e-01 3.325783e-05 1.115807e+00 -1.591133e-09
4.700000e+00 6.400000e-01 6.560124e-01 3.325782e-05 1.115807e+00 -5.374456e-10
4.750000e+00 6.400000e-01 6.560124e-01 3.325782e-05 1.115807e+00 1.606137e-10
4.800000e+00 6.400000e-01 6.560124e-01 3.325781e-05 1.115807e+00 5.964096e-10
4.850000e+00 6.400000e-01 6.560124e-01 3.325781e-05 1.115807e+00 8.427326e-10
4.900000e+00 6.400000e-01 6.560124e-01 3.325781e-05 1.115807e+00 9.555967e-10
4.950000e+00 6.400000e-01 6.560124e-01 3.325781e-05 1.115807e+00 9.775070e-10
5.000000e+00 6.400000e-01 6.560124e-01 3.325781e-05 1.115807e+00 9.402212e-10
5.050000e+00 6.400000e-01 6.560124e-01 3.325781e-05 1.115807e+00 8.670120e-10
5.100000e+00 6.400000e-01 6.560124e-01 3.325781e-05 1.115807e+00 7.745438e-10
5.150000e+00 6.400000e-01 6.560124e-01 3.325780e-05 1.115807e+00 6.744072e-10
5.200000e+00 6.400000e-01 6.560124e-01 3.325780e-05 1.115807e+00 5.743384e-10
5.250000e+00 6.400000e-01 6.560124e-01 3.325780e-05 1.115807e+00 4.791878e-10
5.300000e+00 6.400000e-01 6.560124e-01 3.325780e-05 1.115807e+00 3.916922e-10
5.350000e+00 6.400000e-01 6.560124e-01 3.325780e-05 1.115807e+00 3.130751e-10
5.400000e+00 6.400000e-01 6.560124e-01 3.325780e-05 1.115807e+00 2.434974e-10
5.450000e+00 6.400000e-01 6.560124e-01 3.325780e-05 1.115807e+00 1.824074e-10
5.500000e+00 6.400000e-01 6.560124e-01 3.325780e-05 1.115807e+00 1.287825e-10
5.550000e+00 6.400000e-01 6.560124e-01 3.325780e-05 1.115807e+00 8.128054e-11
5.600000e+00 6.400000e-01 6.560124e-01 3.325780e-05 1.115807e+00 3.837486e-11
5.650000e+00 6.400000e-01 6.560124e-01 3.325780e-05 1.115807e+00 -1.585398e-12
5.700000e+00 6.400000e-01 6.560124e-01 3.325780e-05 1.115807e+00 -4.037215e-11
5.750000e+00 6.400000e-01 6.560124e-01 3.325780e-05 1.115807e+00 -7.989276e-11
5.800000e+00 6.400000e-01 6.560124e-01 3.325780e-05 1.115807e+00 -1.222289e-10
5.850000e+00 6.400000e-01 6.560124e-01 3.325780e-05 1.115807e+00 -1.697131e-10
5.900000e+00 6.400000e-01 6.560124e-01 3.325780e-05 1.115807e+00 -2.250489e-10
5.950000e+00 6.400000e-01 6.560124e-01 3.325780e-05 1.115807e+00 -2.914435e-10
6.000000e+00 6.400000e-01 6.560124e-01 3.325780e-05 1.115807e+00 -3.728051e-10
6.050000e+00 6.400000e-01 6.560124e-01 3.325780e-05 1.115807e+00 -4.739753e-10
6.100000e+00 6.400000e-01 6.560124e-01 3.325780e-05 1.115807e+00 -6.010314e-10
6.150000e+00 6.400000e-01 6.560124e-01 3.325780e-05 1.115807e+00 -7.616952e-10
6.200000e+00 6.400000e-01 6.560124e-01 3.325780e-05 1.115807e+00 -9.658230e-10
6.250000e+00 6.400000e-01 6.560124e-01 3.325780e-05 1.115807e+00 -1.226051e-09
6.300000e+00 6.400000e-01 6.560124e-01 3.325780e-05 1.115807e+00 -1.558622e-09
6.350000e+00 6.400000e-01 6.560124e-01 3.325780e-05 1.115807e+00 -1.984465e-09
6.400000e+00 6.400000e-01 6.560124e-01 3.325780e-05 1.115807e+00 -2.530569e-09
6.450000e+00 6.400000e-01 6.560124e-01 3.325780e-05 1.115807e+00 -3.231763e-09
6.500000e+00 6.400000e-01 6.560124e-01 3.325781e-05 1.115807e+00 -4.133019e-09
6.550000e+00 6.400000e-01 6.560124e-01 3.325781e-05 1.115807e+00 -5.292426e-09
6.600000e+00 6.400000e-01 6.560124e-01 3.325781e-05 1.115807e+00 -6.785033e-09
6.650000e+00 6.400000e-01 6.560124e-01 3.325781e-05 1.115807e+00 -8.707806e-09
6.700000e+00 6.400000e-01 6.560124e-01 3.325781e-05 1.115807e+00 -1.118606e-08
6.750000e+00 6.400000e-01 6.560124e-01 3.325781e-05 1.115807e+00 -1.438174e-08
6.800000e+00 6.400000e-01 6.560124e-01 3.325781e-05 1.115807e+00 -1.850413e-08
6.850000e+00 6.400000e-01 6.560124e-01 3.325781e-05 1.115807e+00 -2.382370e-08
6.900000e+00 6.400000e-01 6.560124e-01 3.325782e-05 1.115807e+00 -3.069002e-08
6.950000e+00 6.400000e-01 6.560124e-01 3.325782e-05 1.115807e+00 -3.955474e-08
7.000000e+00 6.400000e-01 6.560125e-01 3.325782e-05 1.115807e+00 -5.100189e-08
7.050000e+00 6.400000e-01 6.560125e-01 3.325785e-05 1.115807e+00 -6.578467e-08
7.100000e+00 6.400000e-01 6.560125e-01 3.325778e-05 1.115807e+00 -8.488114e-08
7.150000e+00 6.400000e-01 6.560125e-01 3.325806e-05 1.115807e+00 -1.095390e-07
7.200000e+00 6.400000e-01 6.560125e-01 3.325721e-05 1.115807e+00 -1.414202e-07
7.250000e+00 6.400000e-01 6.560125e-01 3.325990e-05 1.115807e+00 -1.825179e-07
7.300000e+00 6.400000e-01 6.560125e-01 3.325196e-05 1.115807e+00 -2.358619e-07
7.350000e+00 6.400000e-01 6.560125e-01 3.327503e-05 1.115807e+00 -3.040540e-07
7.400000e+00 6.400000e-01 6.560125e-01 3.321057e-05 1.115807e+00 -3.941042e-07
7.450000e+00 6.400000e-01 6.560125e-01 3.338532e-05 1.115807e+00 -5.052351e-07
7.500000e+00 6.400000e-01 6.560126e-01 3.292847e-05 1.115807e+00 -6.619836e-07
7.550000e+00 6.400000e-01 6.560126e-01 3.408139e-05 1.115808e+00 -8.320241e-07
7.600000e+00 6.400000e-01 6.560127e-01 3.127979e-05 1.115808e+00 -1.127992e-06
7.650000e+00 6.400000e-01 6.560127e-01 3.782796e-05 1.115808e+00 -1.337492e-06
7.700000e+00 6.400000e-01 6.560128e-01 2.313865e-05 1.115808e+00 -1.981523e-06
7.750000e+00 6.400000e-01 6.560129e-01 5.470286e-05 1.115810e+00 -2.041979e-06
7.800000e+00 6.400000e-01 6.560130e-01 -1.009855e-05 1.115809e+00 -3.633197e-06
7.850000e+00 6.400000e-01 6.560133e-01 1.166484e-04 1.115813e+00 -2.874787e-06
7.900000e+00 6.400000e-01 6.560133e-01 -1.187195e-04 1.115808e+00 -6.818813e-06
7.950000e+00 6.400000e-01 6.560140e-01 2.945480e-04 1.115822e+00 -3.847150e-06
8.000000e+00 6.400000e-01 6.560137e-01 -3.880937e-04 1.115804e+00 -1.224496e-05
8.050000e+00 6.400000e-01 6.560152e-01 6.660846e-04 1.115837e+00 -6.110643e-06
8.100000e+00 6.400000e-01 6.560143e-01 -8.438030e-04 1.115797e+00 -1.926453e-05
8.150000e+00 6.400000e-01 6.560171e-01 1.141611e-03 1.115860e+00 -1.368529e-05
8.200000e+00 6.400000e-01 6.560156e-01 -1.223713e-03 1.115796e+00 -2.564305e-05
8.250000e+00 6.400000e-01 6.560197e-01 1.287468e-03 1.115879e+00 -3.135499e-05
8.300000e+00 6.400000e-01 6.560188e-01 -1.048544e-03 1.115816e+00 -3.472948e-05
8.350000e+00 6.400000e-01 6.560231e-01 8.616195e-04 1.115892e+00 -5.480157e-05
8.400000e+00 6.400000e-01 6.560243e-01 -6.709631e-04 1.115855e+00 -6.464303e-05
8.450000e+00 6.400000e-01 6.560296e-01 9.912808e-04 1.115933e+00 -7.482197e-05
8.500000e+00 6.400000e-01 6.560317e-01 -1.645951e-03 1.115879e+00 -1.246615e-04
8.550000e+00 6.400000e-01 6.560421e-01 2.625983e-03 1.116039e+00 -1.214822e-04
8.600000e+00 6.400000e-01 6.560439e-01 -3.032897e-03 1.115921e+00 -1.829784e-04
8.650000e+00 6.400000e-01 6.560604e-01 2.558659e-03 1.116152e+00 -2.465917e-04
8.700000e+00 6.400000e-01 6.560685e-01 -1.101398e-03 1.116092e+00 -2.701050e-04
8.750000e+00 6.400000e-01 6.560874e-01 1.536070e-04 1.116276e+00 -3.911737e-04
8.800000e+00 6.400000e-01 6.561077e-01 -9.601451e-04 1.116324e+00 -5.235167e-04
8.850000e+00 6.400000e-01 6.561397e-01 3.851793e-03 1.116641e+00 -5.763354e-04
8.900000e+00 6.400000e-01 6.561653e-01 -6.140732e-03 1.116582e+00 -8.441393e-04
8.950000e+00 6.400000e-01 6.562242e-01 4.941319e-03 1.117168e+00 -1.096917e-03
9.000000e+00 6.400000e-01 6.562750e-01 -1.656479e-04 1.117289e+00 -1.267899e-03
9.050000e+00 6.400000e-01 6.563509e-01 -2.605500e-03 1.117830e+00 -1.753434e-03
9.100000e+00 6.400000e-01 6.564503e-01 -1.677355e-03 1.118307e+00 -2.357410e-03
9.150000e+00 6.400000e-01 6.565867e-01 1.005852e-02 1.119358e+00 -2.758358e-03
9.200000e+00 6.400000e-01 6.567262e-01 -1.084253e-02 1.119819e+00 -3.658434e-03
9.250000e+00 6.400000e-01 6.569525e-01 -2.727861e-04 1.121443e+00 -4.994061e-03
9.300000e+00 6.400000e-01 6.572256e-01 9.201020e-03 1.122904e+00 -6.106194e-03
9.350000e+00 6.400000e-01 6.575631e-01 1.552633e-03 1.125044e+00 -7.665718e-03
9.400000e+00 6.400000e-01 6.579921e-01 -2.014183e-02 1.127195e+00 -1.046169e-02
9.450000e+00 6.400000e-01 6.586093e-01 1.400438e-02 1.131219e+00 -1.349053e-02
9.500000e+00 6.400000e-01 6.593412e-01 1.485511e-02 1.135177e+00 -1.669413e-02
9.550000e+00 6.400000e-01 6.602787e-01 -1.529759e-02 1.140823e+00 -2.187972e-02
9.600000e+00 6.400000e-01 6.615292e-01 -2.409046e-02 1.147549e+00 -2.936409e-02
9.650000e+00 6.400000e-01 6.632151e-01 3.095037e-02 1.157416e+00 -3.780601e-02
9.700000e+00 6.400000e-01 6.653098e-01 2.125723e-02 1.168905e+00 -4.840992e-02
9.750000e+00 6.400000e-01 6.680561e-01 -3.065191e-02 1.184400e+00 -6.445968e-02
9.800000e+00 6.400000e-01 6.717557e-01 -3.007757e-02 1.203682e+00 -8.683130e-02
9.850000e+00 6.400000e-01 6.767393e-01 3.034974e-02 1.230321e+00 -1.156699e-01
9.900000e+00 6.400000e-01 6.833227e-01 2.237086e-02 1.265369e+00 -1.546788e-01
9.950000e+00 6.400000e-01 6.922071e-01 -2.286489e-03 1.313701e+00 -2.093327e-01
1.000000e+01 6.400000e-01 7.042560e-01 4.191991e-03 0.000000e+00 0.000000e+00
0.000000e+00 6.600000e-01 7.315440e-01 1.920000e+00 0.000000e+00 0.000000e+00
5.000000e-02 6.600000e-01 7.320328e-01 2.301642e+00 1.345488e+00 -9.491034e-03
1.000000e-01 6.600000e-01 7.324931e-01 2.696750e+00 1.319208e+00 7.018742e-03
1.500000e-01 6.600000e-01 7.313310e-01 7.686700e-01 1.326477e+00 2.237410e-02
2.000000e-01 6.600000e-01 7.302557e-01 2.168539e-01 1.387708e+00 -7.871077e-03
2.500000e-01 6.600000e-01 7.321181e-01 3.634772e+00 1.380529e+00 -3.835238e-02
3.000000e-01 6.600000e-01 7.340909e-01 4.654438e+00 1.283693e+00 2.019302e-03
3.500000e-01 6.600000e-01 7.319161e-01 -2.090827e-01 1.275466e+00 5.049605e-02
4.000000e-01 6.600000e-01 7.290413e-01 -2.275662e+00 1.400871e+00 6.137373e-03
4.500000e-01 6.600000e-01 7.313024e-01 3.481533e+00 1.428114e+00 -6.202184e-02
5.000000e-01 6.600000e-01 7.352435e-01 6.824465e+00 1.280482e+00 -2.349544e-02
5.500000e-01 6.600000e-01 7.336519e-01 8.320400e-01 1.205533e+00 6.482109e-02
6.000000e-01 6.600000e-01 7.287614e-01 -4.776086e+00 1.353150e+00 4.306811e-02
6.500000e-01 6.600000e-01 7.293451e-01 6.559282e-01 1.465934e+00 -5.823110e-02
7.000000e-01 6.600000e-01 7.345845e-01 7.670265e+00 1.336125e+00 -6.222379e-02
7.500000e-01 6.600000e-01 7.355675e-01 4.380692e+00 1.171030e+00 4.353353e-02
8.000000e-01 6.600000e-01 7.302312e-01 -4.461351e+00 1.246041e+00 8.143809e-02
8.500000e-01 6.600000e-01 7.274237e-01 -3.917551e+00 1.436591e+00 -1.374422e-02
9.000000e-01 6.600000e-01 7.316056e-01 4.973720e+00 1.420157e+00 -8.128750e-02
9.500000e-01 6.600000e-01 7.355525e-01 7.810002e+00 1.230934e+00 -1.087975e-02
1.000000e+00 6.600000e-01 7.326936e-01 6.462505e-01 1.164038e+00 8.251373e-02
1.050000e+00 6.600000e-01 7.273011e-01 -5.457359e+00 1.316955e+00 5.109886e-02
1.100000e+00 6.600000e-01 7.275837e-01 -9.058070e-01 1.437229e+00 -4.839905e-02
1.150000e+00 6.600000e-01 7.321410e-01 6.528165e+00 1.350535e+00 -5.733776e-02
1.200000e+00 6.600000e-01 7.333174e-01 6.356139e+00 1.204327e+00 3.162058e-02
1.250000e+00 6.600000e-01 7.289789e-01 -3.612436e-01 1.207591e+00 8.152540e-02
1.300000e+00 6.600000e-01 7.251649e-01 -3.628484e+00 1.337284e+00 2.523631e-02
1.350000e+00 6.600000e-01 7.264553e-01 7.036686e-01 1.396889e+00 -4.363439e-02
1.400000e+00 6.600000e-01 7.295283e-01 5.731756e+00 1.321046e+00 -2.632263e-02
1.450000e+00 6.600000e-01 7.290876e-01 5.217646e+00 1.229360e+00 4.395722e-02
1.500000e+00 6.600000e-01 7.251326e-01 7.532700e-01 1.236449e+00 6.908435e-02
1.550000e+00 6.600000e-01 7.221791e-01 -1.518644e+00 1.313044e+00 2.501188e-02
1.600000e+00 6.600000e-01 7.226314e-01 6.628806e-01 1.351173e+00 -1.949994e-02
1.650000e+00 6.600000e-01 7.241291e-01 3.753967e+00 1.313975e+00 -8.024792e-03
1.700000e+00 6.600000e-01 7.234339e-01 4.188170e+00 1.256931e+00 3.766111e-02
1.750000e+00 6.600000e-01 7.203630e-01 2.119448e+00 1.241311e+00 6.081435e-02
1.800000e+00 6.600000e-01 7.173525e-01 2.486937e-01 1.268471e+00 4.192968e-02
1.850000e+00 6.600000e-01 7.161700e-01 3.506032e-01 1.295081e+00 1.197490e-02
1.900000e+00 6.600000e-01 7.161550e-01 1.703484e+00 1.290581e+00 6.585664e-03
1.950000e+00 6.600000e-01 7.155115e-01 2.650419e+00 1.262073e+00 2.802154e-02
2.000000e+00 6.600000e-01 7.133528e-01 2.444657e+00 1.234552e+00 5.224156e-02
2.050000e+00 6.600000e-01 7.102873e-01 1.550873e+00 1.223447e+00 5.867591e-02
2.100000e+00 6.600000e-01 7.074852e-01 8.343091e-01 1.225665e+00 4.753467e-02
2.150000e+00 6.600000e-01 7.055339e-01 7.217980e-01 1.228877e+00 3.351765e-02
2.200000e+00 6.600000e-01 7.041335e-01 1.041307e+00 1.224123e+00 2.954835e-02
2.250000e+00 6.600000e-01 7.025790e-01 1.394566e+00 1.210402e+00 3.775300e-02
2.300000e+00 6.600000e-01 7.003582e-01 1.518377e+00 1.191782e+00 5.168749e-02
2.350000e+00 6.600000e-01 6.974103e-01 1.379167e+00 1.172943e+00 6.326595e-02
2.400000e+00 6.600000e-01 6.940316e-01 1.082880e+00 1.156788e+00 6.772762e-02
2.450000e+00 6.600000e-01 6.906375e-01 7.557724e-01 1.144259e+00 6.461960e-02
2.500000e+00 6.600000e-01 6.875696e-01 4.788945e-01 1.135111e+00 5.621138e-02
2.550000e+00 6.600000e-01 6.850164e-01 2.800073e-01 1.128665e+00 4.545989e-02
2.600000e+00 6.600000e-01 6.830236e-01 1.529652e-01 1.124223e+00 3.472291e-02
2.650000e+00 6.600000e-01 6.815441e-01 7.882384e-02 1.121218e+00 2.536359e-02
2.700000e+00 6.600000e-01 6.804873e-01 3.859835e-02 1.119221e+00 1.789315e-02
2.750000e+00 6.600000e-01 6.797548e-01 1.806953e-02 1.117920e+00 1.228566e-02
2.800000e+00 6.600000e-01 6.792587e-01 8.135082e-03 1.117088e+00 8.259620e-03
2.850000e+00 6.600000e-01 6.789288e-01 3.551273e-03 1.116568e+00 5.462399e-03
2.900000e+00 6.600000e-01 6.787125e-01 1.527482e-03 1.116249e+00 3.566055e-03
2.950000e+00 6.600000e-01 6.785722e-01 6.708710e-04 1.116057e+00 2.304033e-03
3.000000e+00 6.600000e-01 6.784821e-01 3.232761e-04 1.115944e+00 1.475936e-03
3.050000e+00 6.600000e-01 6.784246e-01 1.884557e-04 1.115879e+00 9.385021e-04
3.100000e+00 6.600000e-01 6.783882e-01 1.389009e-04 1.115842e+00 5.927639e-04
3.150000e+00 6.600000e-01 6.783653e-01 1.220143e-04 1.115822e+00 3.719741e-04
3.200000e+00 6.600000e-01 6.783510e-01 1.169959e-04 1.115811e+00 2.318866e-04
3.250000e+00 6.600000e-01 6.783421e-01 1.159799e-04 1.115806e+00 1.435389e-04
3.300000e+00 6.600000e-01 6.783367e-01 1.161440e-04 1.115804e+00 8.815322e-05
3.350000e+00 6.600000e-01 6.783333e-01 1.165475e-04 1.115803e+00 5.364663e-05
3.400000e+00 6.600000e-01 6.783313e-01 1.169157e-04 1.115803e+00 3.229260e-05
3.450000e+00 6.600000e-01 6.783301e-01 1.171932e-04 1.115803e+00 1.917762e-05
3.500000e+00 6.600000e-01 6.783294e-01 1.173878e-04 1.115804e+00 1.119330e-05
3.550000e+00 6.600000e-01 6.783290e-01 1.175199e-04 1.115804e+00 6.383311e-06
3.600000e+00 6.600000e-01 6.783287e-01 1.176082e-04 1.115804e+00 3.522930e-06
3.650000e+00 6.600000e-01 6.783286e-01 1.176668e-04 1.115805e+00 1.849839e-06
3.700000e+00 6.600000e-01 6.783286e-01 1.177054e-04 1.115805e+00 8.925133e-07
3.750000e+00 6.600000e-01 6.783285e-01 1.177308e-04 1.115805e+00 3.613757e-07
3.800000e+00 6.600000e-01 6.783285e-01 1.177474e-04 1.115805e+00 8.004727e-08
3.850000e+00 6.600000e-01 6.783285e-01 1.177582e-04 1.115805e+00 -5.785721e-08
3.900000e+00 6.600000e-01 6.783285e-01 1.177653e-04 1.115805e+00 -1.157471e-07
3.950000e+00 6.600000e-01 6.783285e-01 1.177698e-04 1.115805e+00 -1.308571e-07
4.000000e+00 6.600000e-01 6.783285e-01 1.177727e-04 1.115805e+00 -1.246313e-07
4.050000e+00 6.600000e-01 6.783285e-01 1.177745e-04 1.115805e+00 -1.090959e-07
4.100000e+00 6.600000e-01 6.783286e-01 1.177757e-04 1.115805e+00 -9.073968e-08
4.150000e+00 6.600000e-01 6.783286e-01 1.177764e-04 1.115805e+00 -7.285426e-08
4.200000e+00 6.600000e-01 6.783286e-01 1.177768e-04 1.115805e+00 -5.693033e-08
4.250000e+00 6.600000e-01 6.783286e-01 1.177770e-04 1.115805e+00 -4.347896e-08
4.300000e+00 6.600000e-01 6.783286e-01 1.177772e-04 1.115805e+00 -3.250654e-08
4.350000e+00 6.600000e-01 6.783286e-01 1.177772e-04 1.115805e+00 -2.378328e-08
4.400000e+00 6.600000e-01 6.783286e-01 1.177772e-04 1.115805e+00 -1.699008e-08
4.450000e+00 6.600000e-01 6.783286e-01 1.177772e-04 1.115805e+00 -1.179522e-08
4.500000e+00 6.600000e-01 6.783286e-01 1.177772e-04 1.115805e+00 -7.891268e-09
4.550000e+00 6.600000e-01 6.783286e-01 1.177772e-04 1.115805e+00 -5.010039e-09
4.600000e+00 6.600000e-01 6.783286e-01 1.177772e-04 1.115805e+00 -2.926133e-09
4.650000e+00 6.600000e-01 6.783286e-01 1.177772e-04 1.115805e+00 -1.454764e-09
4.700000e+00 6.600000e-01 6.783286e-01 1.177772e-04 1.115805e+00 -4.472078e-10
4.750000e+00 6.600000e-01 6.783286e-01 1.177772e-04 1.115805e+00 2.145295e-10
4.800000e+00 6.600000e-01 6.783286e-01 1.177771e-04 1.115805e+00 6.228629e-10
4.850000e+00 6.600000e-01 6.783286e-01 1.177771e-04 1.115805e+00 8.493017e-10
4.900000e+00 6.600000e-01 6.783286e-01 1.177771e-04 1.115805e+00 9.485035e-10
4.950000e+00 6.600000e-01 6.783286e-01 1.177771e-04 1.115805e+00 9.616707e-10
5.000000e+00 6.600000e-01 6.783286e-01 1.177771e-04 1.115805e+00 9.193935e-10
5.050000e+00 6.600000e-01 6.783286e-01 1.177771e-04 1.115805e+00 8.439471e-10
5.100000e+00 6.600000e-01 6.783286e-01 1.177771e-04 1.115805e+00 7.511758e-10
5.150000e+00 6.600000e-01 6.783286e-01 1.177771e-04 1.115805e+00 6.520129e-10
5.200000e+00 6.600000e-01 6.783286e-01 1.177771e-04 1.115805e+00 5.536893e-10
5.250000e+00 6.600000e-01 6.783286e-01 1.177771e-04 1.115805e+00 4.606771e-10
5.300000e+00 6.600000e-01 6.783286e-01 1.177771e-04 1.115805e+00 3.754375e-10
5.350000e+00 6.600000e-01 6.783286e-01 1.177771e-04 1.115805e+00 2.990042e-10
5.400000e+00 6.600000e-01 6.783286e-01 1.177771e-04 1.115805e+00 2.313982e-10
5.450000e+00 6.600000e-01 6.783286e-01 1.177771e-04 1.115805e+00 1.719880e-10
5.500000e+00 6.600000e-01 6.783286e-01 1.177771e-04 1.115805e+00 1.196898e-10
5.550000e+00 6.600000e-01 6.783286e-01 1.177771e-04 1.115805e+00 7.311929e-11
5.600000e+00 6.600000e-01 6.783286e-01 1.177771e-04 1.115805e+00 3.072320e-11
5.650000e+00 6.600000e-01 6.783286e-01 1.177771e-04 1.115805e+00 -9.191536e-12
5.700000e+00 6.600000e-01 6.783286e-01 1.177771e-04 1.115805e+00 -4.844569e-11
5.750000e+00 6.600000e-01 6.783286e-01 1.177771e-04 1.115805e+00 -8.901768e-11
5.800000e+00 6.600000e-01 6.783286e-01 1.177771e-04 1.115805e+00 -1.330891e-10
5.850000e+00 6.600000e-01 6.783286e-01 1.177771e-04 1.115805e+00 -1.831313e-10
5.900000e+00 6.600000e-01 6.783286e-01 1.177771e-04 1.115805e+00 -2.420397e-10
5.950000e+00 6.600000e-01 6.783286e-01 1.177771e-04 1.115805e+00 -3.132827e-10
6.000000e+00 6.600000e-01 6.783286e-01 1.177771e-04 1.115805e+00 -4.011103e-10
6.050000e+00 6.600000e-01 6.783286e-01 1.177771e-04 1.115805e+00 -5.108247e-10
6.100000e+00 6.600000e-01 6.783286e-01 1.177771e-04 1.115805e+00 -6.491019e-10
6.150000e+00 6.600000e-01 6.783286e-01 1.177771e-04 1.115805e+00 -8.244416e-10
6.200000e+00 6.600000e-01 6.783286e-01 1.177771e-04 1.115805e+00 -1.047736e-09
6.250000e+00 6.600000e-01 6.783286e-01 1.177771e-04 1.115805e+00 -1.332943e-09
6.300000e+00 6.600000e-01 6.783286e-01 1.177771e-04 1.115805e+00 -1.698032e-09
6.350000e+00 6.600000e-01 6.783286e-01 1.177771e-04 1.115805e+00 -2.166183e-09
6.400000e+00 6.600000e-01 6.783286e-01 1.177771e-04 1.115805e+00 -2.767293e-09
6.450000e+00 6.600000e-01 6.783286e-01 1.177771e-04 1.115805e+00 -3.539968e-09
6.500000e+00 6.600000e-01 6.783286e-01 1.177771e-04 1.115805e+00 -4.534074e-09
6.550000e+00 6.600000e-01 6.783286e-01 1.177771e-04 1.115805e+00 -5.814050e-09
6.600000e+00 6.600000e-01 6.783286e-01 1.177771e-04 1.115805e+00 -7.463156e-09
6.650000e+00 6.600000e-01 6.783286e-01 1.177771e-04 1.115805e+00 -9.589002e-09
6.700000e+00 6.600000e-01 6.783286e-01 1.177771e-04 1.115805e+00 -1.233070e-08
6.750000e+00 6.600000e-01 6.783286e-01 1.177771e-04 1.115805e+00 -1.586805e-08
6.800000e+00 6.600000e-01 6.783286e-01 1.177771e-04 1.115805e+00 -2.043343e-08
6.850000e+00 6.600000e-01 6.783286e-01 1.177771e-04 1.115805e+00 -2.632723e-08
6.900000e+00 6.600000e-01 6.783286e-01 1.177772e-04 1.115805e+00 -3.393777e-08
6.950000e+00 6.600000e-01 6.783286e-01 1.177772e-04 1.115805e+00 -4.376668e-08
7.000000e+00 6.600000e-01 6.783286e-01 1.177772e-04 1.115805e+00 -5.646313e-08
7.050000e+00 6.600000e-01 6.783286e-01 1.177773e-04 1.115805e+00 -7.286303e-08
7.100000e+00 6.600000e-01 6.783286e-01 1.177771e-04 1.115805e+00 -9.405652e-08
7.150000e+00 6.600000e-01 6.783286e-01 1.177778e-04 1.115805e+00 -1.214198e-07
7.200000e+00 6.600000e-01 6.783286e-01 1.177758e-04 1.115805e+00 -1.568320e-07
7.250000e+00 6.600000e-01 6.783286e-01 1.177821e-04 1.115805e+00 -2.024132e-07
7.300000e+00 6.600000e-01 6.783286e-01 1.177637e-04 1.115805e+00 -2.618062e-07
7.350000e+00 6.600000e-01 6.783286e-01 1.178169e-04 1.115806e+00 -3.371364e-07
7.400000e+00 6.600000e-01 6.783287e-01 1.176700e-04 1.115806e+00 -4.382660e-07
7.450000e+00 6.600000e-01 6.783287e-01 1.180640e-04 1.115806e+00 -5.589406e-07
7.500000e+00 6.600000e-01 6.783287e-01 1.170456e-04 1.115806e+00 -7.399832e-07
7.550000e+00 6.600000e-01 6.783288e-01 1.195878e-04 1.115806e+00 -9.126945e-07
7.600000e+00 6.600000e-01 6.783288e-01 1.134789e-04 1.115806e+00 -1.278485e-06
7.650000e+00 6.600000e-01 6.783289e-01 1.275995e-04 1.115807e+00 -1.431279e-06
7.700000e+00 6.600000e-01 6.783289e-01 9.627691e-05 1.115807e+00 -2.313165e-06
7.750000e+00 6.600000e-01 6.783291e-01 1.628317e-04 1.115809e+00 -2.052759e-06
7.800000e+00 6.600000e-01 6.783291e-01 2.772419e-05 1.115806e+00 -4.434659e-06
7.850000e+00 6.600000e-01 6.783296e-01 2.890329e-04 1.115813e+00 -2.509690e-06
7.900000e+00 6.600000e-01 6.783294e-01 -1.908122e-04 1.115803e+00 -8.684894e-06
7.950000e+00 6.600000e-01 6.783304e-01 6.424342e-04 1.115824e+00 -2.626828e-06
8.000000e+00 6.600000e-01 6.783297e-01 -7.190519e-04 1.115794e+00 -1.585807e-05
8.050000e+00 6.600000e-01 6.783320e-01 1.361521e-03 1.115846e+00 -4.067344e-06
8.100000e+00 6.600000e-01 6.783301e-01 -1.589449e-03 1.115780e+00 -2.425741e-05
8.150000e+00 6.600000e-01 6.783344e-01 2.258090e-03 1.115874e+00 -1.289871e-05
8.200000e+00 6.600000e-01 6.783314e-01 -2.298095e-03 1.115772e+00 -2.959032e-05
8.250000e+00 6.600000e-01 6.783374e-01 2.533835e-03 1.115894e+00 -3.545288e-05
8.300000e+00 6.600000e-01 6.783349e-01 -2.003503e-03 1.115793e+00 -3.679359e-05
8.350000e+00 6.600000e-01 6.783411e-01 1.823169e-03 1.115901e+00 -6.248975e-05
8.400000e+00 6.600000e-01 6.783412e-01 -1.428840e-03 1.115831e+00 -7.289092e-05
8.450000e+00 6.600000e-01 6.783484e-01 2.184272e-03 1.115944e+00 -7.813974e-05
8.500000e+00 6.600000e-01 6.783490e-01 -3.264534e-03 1.115837e+00 -1.469276e-04
8.550000e+00 6.600000e-01 6.783631e-01 5.100211e-03 1.116062e+00 -1.277824e-04
8.600000e+00 6.600000e-01 6.783617e-01 -5.669994e-03 1.115857e+00 -2.048405e-04
8.650000e+00 6.600000e-01 6.783835e-01 5.013449e-03 1.116167e+00 -2.807302e-04
8.700000e+00 6.600000e-01 6.783898e-01 -2.560036e-03 1.116027e+00 -2.920900e-04
8.750000e+00 6.600000e-01 6.784127e-01 1.316463e-03 1.116263e+00 -4.351366e-04
8.800000e+00 6.600000e-01 6.784333e-01 -2.695749e-03 1.116231e+00 -5.967331e-04
8.850000e+00 6.600000e-01 6.784724e-01 7.546769e-03 1.116632e+00 -6.212503e-04
8.900000e+00 6.600000e-01 6.784955e-01 -1.098795e-02 1.116420e+00 -9.464625e-04
8.950000e+00 6.600000e-01 6.785671e-01 9.239309e-03 1.117123e+00 -1.235194e-03
9.000000e+00 6.600000e-01 6.786190e-01 -2.001153e-03 1.117091e+00 -1.391142e-03
9.050000e+00 6.600000e-01 6.787062e-01 -1.613187e-03 1.117697e+00 -1.946205e-03
9.100000e+00 6.600000e-01 6.788136e-01 -4.900423e-03 1.117990e+00 -2.656431e-03
9.150000e+00 6.600000e-01 6.789718e-01 1.717611e-02 1.119151e+00 -3.043382e-03
9.200000e+00 6.600000e-01 6.791179e-01 -1.796546e-02 1.119327e+00 -4.054397e-03
9.250000e+00 6.600000e-01 6.793773e-01 2.841182e-03 1.121017e+00 -5.587671e-03
9.300000e+00 6.600000e-01 6.796767e-01 8.785032e-03 1.122148e+00 -6.797620e-03
9.350000e+00 6.600000e-01 6.800570e-01 6.162104e-03 1.124324e+00 -8.479213e-03
9.400000e+00 6.600000e-01 6.805246e-01 -2.971584e-02 1.125981e+00 -1.164022e-02
9.450000e+00 6.600000e-01 6.812210e-01 2.159890e-02 1.129895e+00 -1.501473e-02
9.500000e+00 6.600000e-01 6.820261e-01 1.322204e-02 1.133187e+00 -1.852886e-02
9.550000e+00 6.600000e-01 6.830739e-01 -1.188559e-02 1.138613e+00 -2.422805e-02
9.600000e+00 6.600000e-01 6.844489e-01 -3.255840e-02 1.144247e+00 -3.249882e-02
9.650000e+00 6.600000e-01 6.863238e-01 3.700921e-02 1.153282e+00 -4.184168e-02
9.700000e+00 6.600000e-01 6.886331e-01 1.912203e-02 1.163120e+00 -5.351112e-02
9.750000e+00 6.600000e-01 6.916749e-01 -2.249988e-02 1.177164e+00 -7.097886e-02
9.800000e+00 6.600000e-01 6.957310e-01 -3.652635e-02 1.193356e+00 -9.535657e-02
9.850000e+00 6.600000e-01 7.012106e-01 2.746386e-02 1.216223e+00 -1.271164e-01
9.900000e+00 6.600000e-01 7.084426e-01 2.154008e-02 1.245598e+00 -1.701844e-01
9.950000e+00 6.600000e-01 7.182290e-01 3.208379e-03 1.286975e+00 -2.310140e-01
1.000000e+01 6.600000e-01 7.315440e-01 7.926868e-03 0.000000e+00 0.000000e+00
0.000000e+00 6.800000e-01 7.580640e-01 2.160000e+00 0.000000e+00 0.000000e+00
5.000000e-02 6.800000e-01 7.584682e-01 2.488944e+00 1.298582e+00 -4.533995e-03
1.000000e-01 6.800000e-01 7.585174e-01 2.072779e+00 1.285543e+00 7.136377e-03
1.500000e-01 6.800000e-01 7.577545e-01 1.110012e+00 1.306718e+00 8.843935e-03
2.000000e-01 6.800000e-01 7.576330e-01 2.231891e+00 1.337235e+00 -1.136360e-02
2.500000e-01 6.800000e-01 7.588909e-01 3.908200e+00 1.303841e+00 -1.663091e-02
3.000000e-01 6.800000e-01 7.592961e-01 2.222441e+00 1.251980e+00 1.200769e-02
3.500000e-01 6.800000e-01 7.576901e-01 -4.688586e-01 1.289559e+00 2.345739e-02
4.000000e-01 6.800000e-01 7.569504e-01 1.439167e+00 1.362684e+00 -1.114888e-02
4.500000e-01 6.800000e-01 7.588050e-01 5.038069e+00 1.326088e+00 -3.095689e-02
5.000000e-01 6.800000e-01 7.600460e-01 3.325549e+00 1.228566e+00 6.401627e-03
5.500000e-01 6.800000e-01 7.581648e-01 -1.513489e+00 1.244550e+00 3.776316e-02
6.000000e-01 6.800000e-01 7.562697e-01 -7.704913e-01 1.359125e+00 3.554299e-03
6.500000e-01 6.800000e-01 7.578094e-01 4.776033e+00 1.365754e+00 -3.800286e-02
7.000000e-01 6.800000e-01 7.600700e-01 5.325309e+00 1.242831e+00 -1.152173e-02
7.500000e-01 6.800000e-01 7.589616e-01 -4.830956e-01 1.192248e+00 4.061998e-02
8.000000e-01 6.800000e-01 7.560080e-01 -3.300332e+00 1.303916e+00 2.902719e-02
8.500000e-01 6.800000e-01 7.560589e-01 1.900543e+00 1.389042e+00 -2.750141e-02
9.000000e-01 6.800000e-01 7.587582e-01 6.418273e+00 1.302461e+00 -3.258389e-02
9.500000e-01 6.800000e-01 7.593172e-01 3.149370e+00 1.183262e+00 2.361611e-02
1.000000e+00 6.800000e-01 7.563965e-01 -2.856724e+00 1.215859e+00 5.069679e-02
1.050000e+00 6.800000e-01 7.542476e-01 -2.303572e+00 1.344542e+00 5.732619e-03
1.100000e+00 6.800000e-01 7.558233e-01 3.804158e+00 1.361532e+00 -3.725775e-02
1.150000e+00 6.800000e-01 7.579733e-01 6.147095e+00 1.247725e+00 -9.697418e-03
1.200000e+00 6.800000e-01 7.567930e-01 1.920262e+00 1.174803e+00 4.564304e-02
1.250000e+00 6.800000e-01 7.534090e-01 -2.574834e+00 1.240767e+00 4.646574e-02
1.300000e+00 6.800000e-01 7.521465e-01 -1.007361e+00 1.337512e+00 -4.480416e-03
1.350000e+00 6.800000e-01 7.538571e-01 3.909863e+00 1.325809e+00 -2.856659e-02
1.400000e+00 6.800000e-01 7.550031e-01 5.504437e+00 1.234366e+00 7.880769e-03
1.450000e+00 6.800000e-01 7.530690e-01 2.409507e+00 1.188797e+00 5.207788e-02
1.500000e+00 6.800000e-01 7.497953e-01 -9.368930e-01 1.237267e+00 4.627169e-02
1.550000e+00 6.800000e-01 7.484418e-01 -4.090925e-01 1.302788e+00 5.007821e-03
1.600000e+00 6.800000e-01 7.492945e-01 2.701734e+00 1.301892e+00 -1.319123e-02
1.650000e+00 6.800000e-01 7.497610e-01 4.456708e+00 1.246159e+00 1.310174e-02
1.700000e+00 6.800000e-01 7.479844e-01 3.315404e+00 1.204473e+00 4.900232e-02
1.750000e+00 6.800000e-01 7.448607e-01 1.044949e+00 1.214705e+00 5.427841e-02
1.800000e+00 6.800000e-01 7.425565e-01 1.609625e-01 1.251343e+00 2.999695e-02
1.850000e+00 6.800000e-01 7.418610e-01 1.149368e+00 1.268045e+00 9.360854e-03
1.900000e+00 6.800000e-01 7.416204e-01 2.556781e+00 1.249891e+00 1.527711e-02
1.950000e+00 6.800000e-01 7.403333e-01 3.003102e+00 1.217233e+00 3.961016e-02
2.000000e+00 6.800000e-01 7.376594e-01 2.340994e+00 1.196129e+00 5.870215e-02
2.050000e+00 6.800000e-01 7.344631e-01 1.353427e+00 1.194870e+00 5.880573e-02
2.100000e+00 6.800000e-01 7.317789e-01 8.253908e-01 1.203391e+00 4.549208e-02
2.150000e+00 6.800000e-01 7.299139e-01 9.337226e-01 1.207466e+00 3.376122e-02
2.200000e+00 6.800000e-01 7.284027e-01 1.347945e+00 1.200463e+00 3.362869e-02
2.250000e+00 6.800000e-01 7.265510e-01 1.667653e+00 1.184569e+00 4.452782e-02
2.300000e+00 6.800000e-01 7.239500e-01 1.700905e+00 1.165704e+00 5.912495e-02
2.350000e+00 6.800000e-01 7.206385e-01 1.475518e+00 1.148789e+00 6.983747e-02
2.400000e+00 6.800000e-01 7.169662e-01 1.122357e+00 1.136042e+00 7.279941e-02
2.450000e+00 6.800000e-01 7.133586e-01 7.664321e-01 1.127507e+00 6.821283e-02
2.500000e+00 6.800000e-01 7.101449e-01 4.784759e-01 1.122235e+00 5.863079e-02
2.550000e+00 6.800000e-01 7.074955e-01 2.769773e-01 1.119145e+00 4.704422e-02
2.600000e+00 6.800000e-01 7.054405e-01 1.503267e-01 1.117398e+00 3.574393e-02
2.650000e+00 6.800000e-01 7.039211e-01 7.716480e-02 1.116442e+00 2.601276e-02
2.700000e+00 6.800000e-01 7.028392e-01 3.773432e-02 1.115943e+00 1.829905e-02
2.750000e+00 6.800000e-01 7.020912e-01 1.770634e-02 1.115704e+00 1.253389e-02
2.800000e+00 6.800000e-01 7.015858e-01 8.054620e-03 1.115609e+00 8.407224e-03
2.850000e+00 6.800000e-01 7.012505e-01 3.623682e-03 1.115591e+00 5.547218e-03
2.900000e+00 6.800000e-01 7.010311e-01 1.682739e-03 1.115608e+00 3.612776e-03
2.950000e+00 6.800000e-01 7.008892e-01 8.725841e-04 1.115640e+00 2.328367e-03
3.000000e+00 6.800000e-01 7.007983e-01 5.523636e-04 1.115673e+00 1.487590e-03
3.050000e+00 6.800000e-01 7.007405e-01 4.344722e-04 1.115704e+00 9.432865e-04
3.100000e+00 6.800000e-01 7.007039e-01 3.957763e-04 1.115729e+00 5.940374e-04
3.150000e+00 6.800000e-01 7.006811e-01 3.860140e-04 1.115748e+00 3.716086e-04
3.200000e+00 6.800000e-01 7.006668e-01 3.857240e-04 1.115763e+00 2.308792e-04
3.250000e+00 6.800000e-01 7.006580e-01 3.878600e-04 1.115774e+00 1.423897e-04
3.300000e+00 6.800000e-01 7.006525e-01 3.901267e-04 1.115782e+00 8.708972e-05
3.350000e+00 6.800000e-01 7.006493e-01 3.919308e-04 1.115788e+00 5.275349e-05
3.400000e+00 6.800000e-01 7.006473e-01 3.932303e-04 1.115792e+00 3.158395e-05
3.450000e+00 6.800000e-01 7.006461e-01 3.941256e-04 1.115795e+00 1.863637e-05
3.500000e+00 6.800000e-01 7.006454e-01 3.947292e-04 1.115797e+00 1.079137e-05
3.550000e+00 6.800000e-01 7.006450e-01 3.951315e-04 1.115798e+00 6.091475e-06
3.600000e+00 6.800000e-01 7.006448e-01 3.953979e-04 1.115799e+00 3.315107e-06
3.650000e+00 6.800000e-01 7.006447e-01 3.955736e-04 1.115799e+00 1.704473e-06
3.700000e+00 6.800000e-01 7.006446e-01 3.956890e-04 1.115800e+00 7.926234e-07
3.750000e+00 6.800000e-01 7.006446e-01 3.957647e-04 1.115800e+00 2.940084e-07
3.800000e+00 6.800000e-01 7.006446e-01 3.958140e-04 1.115800e+00 3.555973e-08
3.850000e+00 6.800000e-01 7.006446e-01 3.958461e-04 1.115800e+00 -8.650599e-08
3.900000e+00 6.800000e-01 7.006446e-01 3.958669e-04 1.115800e+00 -1.336140e-07
3.950000e+00 6.800000e-01 7.006446e-01 3.958803e-04 1.115800e+00 -1.415200e-07
4.000000e+00 6.800000e-01 7.006446e-01 3.958888e-04 1.115800e+00 -1.305850e-07
4.050000e+00 6.800000e-01 7.006446e-01 3.958942e-04 1.115800e+00 -1.120543e-07
4.100000e+00 6.800000e-01 7.006446e-01 3.958975e-04 1.115800e+00 -9.186127e-08
4.150000e+00 6.800000e-01 7.006446e-01 3.958995e-04 1.115800e+00 -7.290750e-08
4.200000e+00 6.800000e-01 7.006446e-01 3.959008e-04 1.115800e+00 -5.641345e-08
4.250000e+00 6.800000e-01 7.006446e-01 3.959014e-04 1.115800e+00 -4.270550e-08
4.300000e+00 6.800000e-01 7.006446e-01 3.959018e-04 1.115800e+00 -3.166584e-08
4.350000e+00 6.800000e-01 7.006446e-01 3.959020e-04 1.115800e+00 -2.298267e-08
4.400000e+00 6.800000e-01 7.006446e-01 3.959020e-04 1.115800e+00 -1.628407e-08
4.450000e+00 6.800000e-01 7.006446e-01 3.959020e-04 1.115800e+00 -1.120535e-08
4.500000e+00 6.800000e-01 7.006446e-01 3.959020e-04 1.115800e+00 -7.419384e-09
4.550000e+00 6.800000e-01 7.006447e-01 3.959020e-04 1.115800e+00 -4.647123e-09
4.600000e+00 6.800000e-01 7.006447e-01 3.959019e-04 1.115800e+00 -2.657907e-09
4.650000e+00 6.800000e-01 7.006447e-01 3.959019e-04 1.115800e+00 -1.265206e-09
4.700000e+00 6.800000e-01 7.006447e-01 3.959018e-04 1.115800e+00 -3.206047e-10
4.750000e+00 6.800000e-01 7.006447e-01 3.959018e-04 1.115800e+00 2.924405e-10
4.800000e+00 6.800000e-01 7.006447e-01 3.959017e-04 1.115800e+00 6.643885e-10
4.850000e+00 6.800000e-01 7.006447e-01 3.959017e-04 1.115800e+00 8.646517e-10
4.900000e+00 6.800000e-01 7.006447e-01 3.959017e-04 1.115800e+00 9.458678e-10
4.950000e+00 6.800000e-01 7.006447e-01 3.959017e-04 1.115800e+00 9.474210e-10
5.000000e+00 6.800000e-01 7.006447e-01 3.959017e-04 1.115800e+00 8.983281e-10
5.050000e+00 6.800000e-01 7.006447e-01 3.959017e-04 1.115800e+00 8.195655e-10
5.100000e+00 6.800000e-01 7.006447e-01 3.959017e-04 1.115800e+00 7.259282e-10
5.150000e+00 6.800000e-01 7.006447e-01 3.959017e-04 1.115800e+00 6.275258e-10
5.200000e+00 6.800000e-01 7.006447e-01 3.959016e-04 1.115800e+00 5.309642e-10
5.250000e+00 6.800000e-01 7.006447e-01 3.959016e-04 1.115800e+00 4.402456e-10
5.300000e+00 6.800000e-01 7.006446e-01 3.959016e-04 1.115800e+00 3.574918e-10
5.350000e+00 6.800000e-01 7.006446e-01 3.959016e-04 1.115800e+00 2.835077e-10
5.400000e+00 6.800000e-01 7.006446e-01 3.959016e-04 1.115800e+00 2.181599e-10
5.450000e+00 6.800000e-01 7.006446e-01 3.959016e-04 1.115800e+00 1.607092e-10
5.500000e+00 6.800000e-01 7.006446e-01 3.959016e-04 1.115800e+00 1.100098e-10
5.550000e+00 6.800000e-01 7.006446e-01 3.959016e-04 1.115800e+00 6.463940e-11
5.600000e+00 6.800000e-01 7.006446e-01 3.959016e-04 1.115800e+00 2.301159e-11
5.650000e+00 6.800000e-01 7.006446e-01 3.959016e-04 1.115800e+00 -1.659117e-11
5.700000e+00 6.800000e-01 7.006446e-01 3.959016e-04 1.115800e+00 -5.602963e-11
5.750000e+00 6.800000e-01 7.006446e-01 3.959016e-04 1.115800e+00 -9.734435e-11
5.800000e+00 6.800000e-01 7.006446e-01 3.959016e-04 1.115800e+00 -1.427958e-10
5.850000e+00 6.800000e-01 7.006446e-01 3.959016e-04 1.115800e+00 -1.949696e-10
5.900000e+00 6.800000e-01 7.006446e-01 3.959016e-04 1.115800e+00 -2.569289e-10
5.950000e+00 6.800000e-01 7.006446e-01 3.959016e-04 1.115800e+00 -3.323686e-10
6.000000e+00 6.800000e-01 7.006447e-01 3.959016e-04 1.115800e+00 -4.258394e-10
6.050000e+00 6.800000e-01 7.006447e-01 3.959016e-04 1.115800e+00 -5.430478e-10
6.100000e+00 6.800000e-01 7.006447e-01 3.959016e-04 1.115800e+00 -6.911993e-10
6.150000e+00 6.800000e-01 7.006447e-01 3.959016e-04 1.115800e+00 -8.794931e-10
6.200000e+00 6.800000e-01 7.006447e-01 3.959016e-04 1.115800e+00 -1.119727e-09
6.250000e+00 6.800000e-01 7.006447e-01 3.959016e-04 1.115800e+00 -1.427040e-09
6.300000e+00 6.800000e-01 7.006447e-01 3.959016e-04 1.115800e+00 -1.820945e-09
6.350000e+00 6.800000e-01 7.006447e-01 3.959017e-04 1.115800e+00 -2.326622e-09
6.400000e+00 6.800000e-01 7.006447e-01 3.959017e-04 1.115800e+00 -2.976563e-09
6.450000e+00 6.800000e-01 7.006447e-01 3.959017e-04 1.115800e+00 -3.812735e-09
6.500000e+00 6.800000e-01 7.006447e-01 3.959017e-04 1.115800e+00 -4.889380e-09
6.550000e+00 6.800000e-01 7.006447e-01 3.959017e-04 1.115800e+00 -6.276596e-09
6.600000e+00 6.800000e-01 7.006447e-01 3.959017e-04 1.115800e+00 -8.064975e-09
6.650000e+00 6.800000e-01 7.006447e-01 3.959017e-04 1.115800e+00 -1.037163e-08
6.700000e+00 6.800000e-01 7.006447e-01 3.959017e-04 1.115800e+00 -1.334799e-08
6.750000e+00 6.800000e-01 7.006447e-01 3.959017e-04 1.115800e+00 -1.718980e-08
6.800000e+00 6.800000e-01 7.006447e-01 3.959017e-04 1.115800e+00 -2.215010e-08
6.850000e+00 6.800000e-01 7.006447e-01 3.959018e-04 1.115800e+00 -2.855598e-08
6.900000e+00 6.800000e-01 7.006447e-01 3.959018e-04 1.115800e+00 -3.683044e-08
6.950000e+00 6.800000e-01 7.006447e-01 3.959019e-04 1.115800e+00 -4.751969e-08
7.000000e+00 6.800000e-01 7.006447e-01 3.959019e-04 1.115800e+00 -6.133150e-08
7.050000e+00 6.800000e-01 7.006447e-01 3.959021e-04 1.115800e+00 -7.917462e-08
7.100000e+00 6.800000e-01 7.006447e-01 3.959018e-04 1.115800e+00 -1.022431e-07
7.150000e+00 6.800000e-01 7.006447e-01 3.959034e-04 1.115800e+00 -1.320168e-07
7.200000e+00 6.800000e-01 7.006447e-01 3.958990e-04 1.115801e+00 -1.706032e-07
7.250000e+00 6.800000e-01 7.006447e-01 3.959131e-04 1.115801e+00 -2.201368e-07
7.300000e+00 6.800000e-01 7.006447e-01 3.958728e-04 1.115801e+00 -2.850907e-07
7.350000e+00 6.800000e-01 7.006447e-01 3.959882e-04 1.115801e+00 -3.663911e-07
7.400000e+00 6.800000e-01 7.006447e-01 3.956736e-04 1.115801e+00 -4.785024e-07
7.450000e+00 6.800000e-01 7.006448e-01 3.965092e-04 1.115801e+00 -6.050266e-07
7.500000e+00 6.800000e-01 7.006448e-01 3.943740e-04 1.115801e+00 -8.142911e-07
7.550000e+00 6.800000e-01 7.006449e-01 3.996462e-04 1.115801e+00 -9.743627e-07
7.600000e+00 6.800000e-01 7.006449e-01 3.871203e-04 1.115801e+00 -1.436060e-06
7.650000e+00 6.800000e-01 7.006450e-01 4.157505e-04 1.115802e+00 -1.467053e-06
7.700000e+00 6.800000e-01 7.006450e-01 3.529621e-04 1.115801e+00 -2.706028e-06
7.750000e+00 6.800000e-01 7.006453e-01 4.848640e-04 1.115804e+00 -1.880295e-06
7.800000e+00 6.800000e-01 7.006452e-01 2.201609e-04 1.115800e+00 -5.478253e-06
7.850000e+00 6.800000e-01 7.006458e-01 7.262622e-04 1.115810e+00 -1.634064e-06
7.900000e+00 6.800000e-01 7.006454e-01 -1.924466e-04 1.115794e+00 -1.121715e-05
7.950000e+00 6.800000e-01 7.006469e-01 1.384690e-03 1.115825e+00 -2.863658e-07
8.000000e+00 6.800000e-01 7.006454e-01 -1.163213e-03 1.115779e+00 -2.073854e-05
8.050000e+00 6.800000e-01 7.006490e-01 2.687633e-03 1.115853e+00 -3.127294e-07
8.100000e+00 6.800000e-01 7.006455e-01 -2.717280e-03 1.115755e+00 -3.064886e-05
8.150000e+00 6.800000e-01 7.006521e-01 4.264152e-03 1.115889e+00 -1.071822e-05
8.200000e+00 6.800000e-01 7.006465e-01 -3.944153e-03 1.115740e+00 -3.372996e-05
8.250000e+00 6.800000e-01 7.006554e-01 4.737836e-03 1.115910e+00 -3.955670e-05
8.300000e+00 6.800000e-01 7.006505e-01 -3.470172e-03 1.115761e+00 -3.760900e-05
8.350000e+00 6.800000e-01 7.006592e-01 3.628811e-03 1.115911e+00 -6.995492e-05
8.400000e+00 6.800000e-01 7.006575e-01 -2.683536e-03 1.115797e+00 -8.150789e-05
8.450000e+00 6.800000e-01 7.006674e-01 4.466658e-03 1.115956e+00 -7.747579e-05
8.500000e+00 6.800000e-01 7.006652e-01 -5.929807e-03 1.115782e+00 -1.720187e-04
8.550000e+00 6.800000e-01 7.006846e-01 9.346277e-03 1.116089e+00 -1.294227e-04
8.600000e+00 6.800000e-01 7.006782e-01 -9.822985e-03 1.115779e+00 -2.248524e-04
8.650000e+00 6.800000e-01 7.007070e-01 9.222617e-03 1.116183e+00 -3.146316e-04
8.700000e+00 6.800000e-01 7.007096e-01 -5.133190e-03 1.115946e+00 -3.087212e-04
8.750000e+00 6.800000e-01 7.007379e-01 3.991479e-03 1.116255e+00 -4.725476e-04
8.800000e+00 6.800000e-01 7.007569e-01 -6.034088e-03 1.116113e+00 -6.710079e-04
8.850000e+00 6.800000e-01 7.008050e-01 1.394547e-02 1.116628e+00 -6.522780e-04
8.900000e+00 6.800000e-01 7.008221e-01 -1.852048e-02 1.116235e+00 -1.040653e-03
8.950000e+00 6.800000e-01 7.009091e-01 1.636928e-02 1.117074e+00 -1.365272e-03
9.000000e+00 6.800000e-01 7.009586e-01 -5.874137e-03 1.116858e+00 -1.497534e-03
9.050000e+00 6.800000e-01 7.010588e-01 2.035229e-03 1.117570e+00 -2.112823e-03
9.100000e+00 6.800000e-01 7.011699e-01 -1.126904e-02 1.117616e+00 -2.938809e-03
9.150000e+00 6.800000e-01 7.013527e-01 2.849481e-02 1.118927e+00 -3.293243e-03
9.200000e+00 6.800000e-01 7.014993e-01 -2.871692e-02 1.118780e+00 -4.404964e-03
9.250000e+00 6.800000e-01 7.017932e-01 9.794792e-03 1.120563e+00 -6.122378e-03
9.300000e+00 6.800000e-01 7.021115e-01 4.279466e-03 1.121273e+00 -7.428930e-03
9.350000e+00 6.800000e-01 7.025361e-01 1.604956e-02 1.123562e+00 -9.198791e-03
9.400000e+00 6.800000e-01 7.030314e-01 -4.376416e-02 1.124632e+00 -1.268998e-02
9.450000e+00 6.800000e-01 7.038051e-01 3.391659e-02 1.128456e+00 -1.637304e-02
9.500000e+00 6.800000e-01 7.046687e-01 5.737175e-03 1.130956e+00 -2.018157e-02
9.550000e+00 6.800000e-01 7.058233e-01 -1.055322e-03 1.136242e+00 -2.630362e-02
9.600000e+00 6.800000e-01 7.072990e-01 -4.573618e-02 1.140611e+00 -3.523172e-02
9.650000e+00 6.800000e-01 7.093464e-01 4.766587e-02 1.148843e+00 -4.535557e-02
9.700000e+00 6.800000e-01 7.118346e-01 9.446830e-03 1.156771e+00 -5.796240e-02
9.750000e+00 6.800000e-01 7.151427e-01 -6.103801e-03 1.169351e+00 -7.655400e-02
9.800000e+00 6.800000e-01 7.194900e-01 -4.462975e-02 1.182135e+00 -1.024550e-01
9.850000e+00 6.800000e-01 7.253882e-01 2.945075e-02 1.201086e+00 -1.365667e-01
9.900000e+00 6.800000e-01 7.331467e-01 1.518764e-02 1.223949e+00 -1.829798e-01
9.950000e+00 6.800000e-01 7.436862e-01 1.287161e-02 1.257399e+00 -2.491734e-01
1.000000e+01 6.800000e-01 7.580640e-01 1.345404e-02 0.000000e+00 0.000000e+00
0.000000e+00 7.000000e-01 7.837200e-01 2.400000e+00 0.000000e+00 0.000000e+00
5.000000e-02 7.000000e-01 7.839761e-01 2.476073e+00 1.252408e+00 -1.948180e-03
1.000000e-01 7.000000e-01 7.839148e-01 2.049609e+00 1.250680e+00 3.764241e-03
1.500000e-01 7.000000e-01 7.835997e-01 2.129941e+00 1.267554e+00 1.697286e-03
2.000000e-01 7.000000e-01 7.837451e-01 3.092951e+00 1.272407e+00 -6.720149e-03
2.500000e-01 7.000000e-01 7.842717e-01 2.925286e+00 1.244869e+00 -4.250490e-03
3.000000e-01 7.000000e-01 7.841701e-01 1.365833e+00 1.233867e+00 7.732144e-03
3.500000e-01 7.000000e-01 7.834985e-01 1.404699e+00 1.269999e+00 6.214697e-03
4.000000e-01 7.000000e-01 7.835487e-01 3.525172e+00 1.289003e+00 -8.474157e-03
4.500000e-01 7.000000e-01 7.843459e-01 3.763972e+00 1.246267e+00 -8.374831e-03
5.000000e-01 7.000000e-01 7.843862e-01 1.131155e+00 1.213914e+00 9.119603e-03
5.500000e-01 7.000000e-01 7.834339e-01 1.358724e-01 1.255848e+00 1.259754e-02
6.000000e-01 7.000000e-01 7.831264e-01 3.002073e+00 1.302105e+00 -5.413607e-03
6.500000e-01 7.000000e-01 7.839753e-01 4.799549e+00 1.264796e+00 -1.171359e-02
7.000000e-01 7.000000e-01 7.842978e-01 2.063353e+00 1.203628e+00 7.178815e-03
7.500000e-01 7.000000e-01 7.832574e-01 -9.326703e-01 1.223429e+00 1.909971e-02
8.000000e-01 7.000000e-01 7.823878e-01 9.608036e-01 1.295061e+00 2.720325e-03
8.500000e-01 7.000000e-01 7.829854e-01 4.812927e+00 1.294562e+00 -1.316252e-02
9.000000e-01 7.000000e-01 7.837040e-01 4.199643e+00 1.218629e+00 1.024635e-03
9.500000e-01 7.000000e-01 7.828829e-01 -2.591440e-02 1.187885e+00 2.376125e-02
1.000000e+00 7.000000e-01 7.813279e-01 -1.399731e+00 1.250722e+00 1.800150e-02
1.050000e+00 7.000000e-01 7.810828e-01 2.263795e+00 1.305446e+00 -7.170474e-03
1.100000e+00 7.000000e-01 7.820450e-01 5.288002e+00 1.262036e+00 -9.672093e-03
1.150000e+00 7.000000e-01 7.820500e-01 3.293499e+00 1.186014e+00 1.735401e-02
1.200000e+00 7.000000e-01 7.803096e-01 -6.605671e-01 1.186796e+00 3.440398e-02
1.250000e+00 7.000000e-01 7.786096e-01 -1.008234e+00 1.257629e+00 1.644155e-02
1.300000e+00 7.000000e-01 7.786654e-01 2.556469e+00 1.289772e+00 -8.780657e-03
1.350000e+00 7.000000e-01 7.794877e-01 4.982778e+00 1.237390e+00 -2.375651e-03
1.400000e+00 7.000000e-01 7.789030e-01 3.391665e+00 1.174328e+00 2.848230e-02
1.450000e+00 7.000000e-01 7.766394e-01 2.061846e-01 1.179789e+00 4.279658e-02
1.500000e+00 7.000000e-01 7.746233e-01 -5.282399e-01 1.236955e+00 2.348770e-02
1.550000e+00 7.000000e-01 7.742907e-01 1.785097e+00 1.265688e+00 -8.381007e-04
1.600000e+00 7.000000e-01 7.747071e-01 4.079505e+00 1.232448e+00 3.151755e-03
1.650000e+00 7.000000e-01 7.739755e-01 3.934227e+00 1.181146e+00 3.094304e-02
1.700000e+00 7.000000e-01 7.716128e-01 1.940796e+00 1.167470e+00 5.024267e-02
1.750000e+00 7.000000e-01 7.689512e-01 4.285606e-01 1.196626e+00 4.206616e-02
1.800000e+00 7.000000e-01 7.674062e-01 7.749534e-01 1.227979e+00 2.059358e-02
1.850000e+00 7.000000e-01 7.668919e-01 2.221935e+00 1.227349e+00 1.255554e-02
1.900000e+00 7.000000e-01 7.661506e-01 3.205865e+00 1.198700e+00 2.691045e-02
1.950000e+00 7.000000e-01 7.642008e-01 2.996940e+00 1.169297e+00 4.952634e-02
2.000000e+00 7.000000e-01 7.611980e-01 2.015335e+00 1.159410e+00 6.118712e-02
2.050000e+00 7.000000e-01 7.580821e-01 1.148265e+00 1.167907e+00 5.577142e-02
2.100000e+00 7.000000e-01 7.556209e-01 9.274995e-01 1.179777e+00 4.249600e-02
2.150000e+00 7.000000e-01 7.538325e-01 1.251183e+00 1.181985e+00 3.468876e-02
2.200000e+00 7.000000e-01 7.521520e-01 1.696441e+00 1.171777e+00 3.870705e-02
2.250000e+00 7.000000e-01 7.499618e-01 1.925023e+00 1.154331e+00 5.165644e-02
2.300000e+00 7.000000e-01 7.469864e-01 1.839813e+00 1.136526e+00 6.599953e-02
2.350000e+00 7.000000e-01 7.433618e-01 1.525132e+00 1.122794e+00 7.513086e-02
2.400000e+00 7.000000e-01 7.394733e-01 1.124199e+00 1.114349e+00 7.624041e-02
2.450000e+00 7.000000e-01 7.357378e-01 7.512456e-01 1.110326e+00 7.014246e-02
2.500000e+00 7.000000e-01 7.324590e-01 4.621193e-01 1.109180e+00 5.955635e-02
2.550000e+00 7.000000e-01 7.297822e-01 2.648851e-01 1.109551e+00 4.739476e-02
2.600000e+00 7.000000e-01 7.277195e-01 1.428778e-01 1.110535e+00 3.580426e-02
2.650000e+00 7.000000e-01 7.262017e-01 7.313365e-02 1.111641e+00 2.594566e-02
2.700000e+00 7.000000e-01 7.251250e-01 3.583216e-02 1.112645e+00 1.818829e-02
2.750000e+00 7.000000e-01 7.243829e-01 1.701886e-02 1.113473e+00 1.241897e-02
2.800000e+00 7.000000e-01 7.238831e-01 8.032489e-03 1.114118e+00 8.304814e-03
2.850000e+00 7.000000e-01 7.235524e-01 3.964328e-03 1.114603e+00 5.462771e-03
2.900000e+00 7.000000e-01 7.233368e-01 2.225917e-03 1.114958e+00 3.546458e-03
2.950000e+00 7.000000e-01 7.231978e-01 1.533559e-03 1.115214e+00 2.278058e-03
3.000000e+00 7.000000e-01 7.231090e-01 1.285001e-03 1.115394e+00 1.450416e-03
3.050000e+00 7.000000e-01 7.230527e-01 1.212394e-03 1.115519e+00 9.163797e-04
3.100000e+00 7.000000e-01 7.230174e-01 1.203081e-03 1.115606e+00 5.748816e-04
3.150000e+00 7.000000e-01 7.229953e-01 1.212680e-03 1.115665e+00 3.581523e-04
3.200000e+00 7.000000e-01 7.229815e-01 1.225242e-03 1.115705e+00 2.215296e-04
3.250000e+00 7.000000e-01 7.229731e-01 1.235932e-03 1.115732e+00 1.359523e-04
3.300000e+00 7.000000e-01 7.229679e-01 1.243890e-03 1.115750e+00 8.269161e-05
3.350000e+00 7.000000e-01 7.229648e-01 1.249475e-03 1.115762e+00 4.976898e-05
3.400000e+00 7.000000e-01 7.229630e-01 1.253282e-03 1.115770e+00 2.957130e-05
3.450000e+00 7.000000e-01 7.229619e-01 1.255836e-03 1.115775e+00 1.728727e-05
3.500000e+00 7.000000e-01 7.229612e-01 1.257535e-03 1.115778e+00 9.892607e-06
3.550000e+00 7.000000e-01 7.229609e-01 1.258659e-03 1.115781e+00 5.496684e-06
3.600000e+00 7.000000e-01 7.229607e-01 1.259400e-03 1.115782e+00 2.924414e-06
3.650000e+00 7.000000e-01 7.229606e-01 1.259887e-03 1.115783e+00 1.450092e-06
3.700000e+00 7.000000e-01 7.229605e-01 1.260207e-03 1.115784e+00 6.287604e-07
3.750000e+00 7.000000e-01 7.229605e-01 1.260415e-03 1.115784e+00 1.898672e-07
3.800000e+00 7.000000e-01 7.229605e-01 1.260551e-03 1.115784e+00 -2.947634e-08
3.850000e+00 7.000000e-01 7.229605e-01 1.260639e-03 1.115784e+00 -1.261718e-07
3.900000e+00 7.000000e-01 7.229605e-01 1.260696e-03 1.115784e+00 -1.570102e-07
3.950000e+00 7.000000e-01 7.229605e-01 1.260732e-03 1.115784e+00 -1.546381e-07
4.000000e+00 7.000000e-01 7.229606e-01 1.260755e-03 1.115784e+00 -1.373393e-07
4.050000e+00 7.000000e-01 7.229606e-01 1.260770e-03 1.115785e+00 -1.149776e-07
4.100000e+00 7.000000e-01 7.229606e-01 1.260779e-03 1.115785e+00 -9.257187e-08
4.150000e+00 7.000000e-01 7.229606e-01 1.260784e-03 1.115785e+00 -7.242258e-08
4.200000e+00 7.000000e-01 7.229606e-01 1.260787e-03 1.115785e+00 -5.535785e-08
4.250000e+00 7.000000e-01 7.229606e-01 1.260789e-03 1.115784e+00 -4.145063e-08
4.300000e+00 7.000000e-01 7.229606e-01 1.260790e-03 1.115784e+00 -3.042154e-08
4.350000e+00 7.000000e-01 7.229606e-01 1.260791e-03 1.115784e+00 -2.185761e-08
4.400000e+00 7.000000e-01 7.229606e-01 1.260791e-03 1.115784e+00 -1.532513e-08
4.450000e+00 7.000000e-01 7.229606e-01 1.260791e-03 1.115784e+00 -1.042310e-08
4.500000e+00 7.000000e-01 7.229606e-01 1.260791e-03 1.115784e+00 -6.804354e-09
4.550000e+00 7.000000e-01 7.229606e-01 1.260790e-03 1.115784e+00 -4.179888e-09
4.600000e+00 7.000000e-01 7.229606e-01 1.260790e-03 1.115784e+00 -2.315280e-09
4.650000e+00 7.000000e-01 7.229606e-01 1.260790e-03 1.115784e+00 -1.023847e-09
4.700000e+00 7.000000e-01 7.229606e-01 1.260790e-03 1.115784e+00 -1.589717e-10
4.750000e+00 7.000000e-01 7.229606e-01 1.260790e-03 1.115784e+00 3.931677e-10
4.800000e+00 7.000000e-01 7.229606e-01 1.260790e-03 1.115784e+00 7.200085e-10
4.850000e+00 7.000000e-01 7.229606e-01 1.260790e-03 1.115784e+00 8.879986e-10
4.900000e+00 7.000000e-01 7.229606e-01 1.260790e-03 1.115784e+00 9.470835e-10
4.950000e+00 7.000000e-01 7.229606e-01 1.260790e-03 1.115784e+00 9.343015e-10
5.000000e+00 7.000000e-01 7.229606e-01 1.260790e-03 1.115784e+00 8.766954e-10
5.050000e+00 7.000000e-01 7.229606e-01 1.260790e-03 1.115784e+00 7.936463e-10
5.100000e+00 7.000000e-01 7.229606e-01 1.260790e-03 1.115784e+00 6.986611e-10
5.150000e+00 7.000000e-01 7.229606e-01 1.260790e-03 1.115784e+00 6.008660e-10
5.200000e+00 7.000000e-01 7.229606e-01 1.260790e-03 1.115784e+00 5.061251e-10
5.250000e+00 7.000000e-01 7.229606e-01 1.260790e-03 1.115784e+00 4.178835e-10
5.300000e+00 7.000000e-01 7.229606e-01 1.260790e-03 1.115784e+00 3.378697e-10
5.350000e+00 7.000000e-01 7.229606e-01 1.260790e-03 1.115784e+00 2.666156e-10
5.400000e+00 7.000000e-01 7.229606e-01 1.260790e-03 1.115784e+00 2.038136e-10
5.450000e+00 7.000000e-01 7.229606e-01 1.260790e-03 1.115784e+00 1.486122e-10
5.500000e+00 7.000000e-01 7.229606e-01 1.260790e-03 1.115784e+00 9.979129e-11
5.550000e+00 7.000000e-01 7.229606e-01 1.260790e-03 1.115784e+00 5.589307e-11
5.600000e+00 7.000000e-01 7.229606e-01 1.260790e-03 1.115784e+00 1.530331e-11
5.650000e+00 7.000000e-01 7.229606e-01 1.260790e-03 1.115784e+00 -2.371769e-11
5.700000e+00 7.000000e-01 7.229606e-01 1.260790e-03 1.115784e+00 -6.305290e-11
5.750000e+00 7.000000e-01 7.229606e-01 1.260790e-03 1.115784e+00 -1.047840e-10
5.800000e+00 7.000000e-01 7.229606e-01 1.260790e-03 1.115784e+00 -1.512335e-10
5.850000e+00 7.000000e-01 7.229606e-01 1.260790e-03 1.115784e+00 -2.050859e-10
5.900000e+00 7.000000e-01 7.229606e-01 1.260790e-03 1.115784e+00 -2.695388e-10
5.950000e+00 7.000000e-01 7.229606e-01 1.260790e-03 1.115784e+00 -3.484701e-10
6.000000e+00 7.000000e-01 7.229606e-01 1.260790e-03 1.115784e+00 -4.466938e-10
6.050000e+00 7.000000e-01 7.229606e-01 1.260790e-03 1.115784e+00 -5.702649e-10
6.100000e+00 7.000000e-01 7.229606e-01 1.260790e-03 1.115784e+00 -7.268353e-10
6.150000e+00 7.000000e-01 7.229606e-01 1.260790e-03 1.115784e+00 -9.262013e-10
6.200000e+00 7.000000e-01 7.229606e-01 1.260790e-03 1.115784e+00 -1.180956e-09
6.250000e+00 7.000000e-01 7.229606e-01 1.260790e-03 1.115784e+00 -1.507261e-09
6.300000e+00 7.000000e-01 7.229606e-01 1.260790e-03 1.115784e+00 -1.925957e-09
6.350000e+00 7.000000e-01 7.229606e-01 1.260790e-03 1.115784e+00 -2.463961e-09
6.400000e+00 7.000000e-01 7.229606e-01 1.260790e-03 1.115784e+00 -3.156010e-09
6.450000e+00 7.000000e-01 7.229606e-01 1.260790e-03 1.115784e+00 -4.046997e-09
6.500000e+00 7.000000e-01 7.229606e-01 1.260790e-03 1.115784e+00 -5.194957e-09
6.550000e+00 7.000000e-01 7.229606e-01 1.260790e-03 1.115784e+00 -6.674897e-09
6.600000e+00 7.000000e-01 7.229606e-01 1.260790e-03 1.115784e+00 -8.583787e-09
6.650000e+00 7.000000e-01 7.229606e-01 1.260790e-03 1.115784e+00 -1.104701e-08
6.700000e+00 7.000000e-01 7.229606e-01 1.260790e-03 1.115784e+00 -1.422668e-08
6.750000e+00 7.000000e-01 7.229606e-01 1.260790e-03 1.115784e+00 -1.833242e-08
6.800000e+00 7.000000e-01 7.229606e-01 1.260790e-03 1.115784e+00 -2.363524e-08
6.850000e+00 7.000000e-01 7.229606e-01 1.260790e-03 1.115784e+00 -3.048548e-08
6.900000e+00 7.000000e-01 7.229606e-01 1.260790e-03 1.115785e+00 -3.933634e-08
6.950000e+00 7.000000e-01 7.229606e-01 1.260790e-03 1.115785e+00 -5.077270e-08
7.000000e+00 7.000000e-01 7.229606e-01 1.260790e-03 1.115785e+00 -6.555396e-08
7.050000e+00 7.000000e-01 7.229606e-01 1.260791e-03 1.115785e+00 -8.465038e-08
7.100000e+00 7.000000e-01 7.229606e-01 1.260790e-03 1.115785e+00 -1.093527e-07
7.150000e+00 7.000000e-01 7.229606e-01 1.260794e-03 1.115785e+00 -1.412123e-07
7.200000e+00 7.000000e-01 7.229606e-01 1.260785e-03 1.115785e+00 -1.825924e-07
7.250000e+00 7.000000e-01 7.229606e-01 1.260814e-03 1.115785e+00 -2.354756e-07
7.300000e+00 7.000000e-01 7.229606e-01 1.260732e-03 1.115785e+00 -3.055203e-07
7.350000e+00 7.000000e-01 7.229607e-01 1.260967e-03 1.115785e+00 -3.913567e-07
7.400000e+00 7.000000e-01 7.229607e-01 1.260335e-03 1.115785e+00 -5.147405e-07
7.450000e+00 7.000000e-01 7.229607e-01 1.261997e-03 1.115785e+00 -6.421382e-07
7.500000e+00 7.000000e-01 7.229607e-01 1.257799e-03 1.115785e+00 -8.860720e-07
7.550000e+00 7.000000e-01 7.229608e-01 1.268056e-03 1.115785e+00 -1.012070e-06
7.600000e+00 7.000000e-01 7.229608e-01 1.243963e-03 1.115785e+00 -1.608009e-06
7.650000e+00 7.000000e-01 7.229610e-01 1.298418e-03 1.115786e+00 -1.426561e-06
7.700000e+00 7.000000e-01 7.229610e-01 1.180359e-03 1.115785e+00 -3.189644e-06
7.750000e+00 7.000000e-01 7.229613e-01 1.425539e-03 1.115789e+00 -1.466307e-06
7.800000e+00 7.000000e-01 7.229611e-01 9.392044e-04 1.115782e+00 -6.853467e-06
7.850000e+00 7.000000e-01 7.229620e-01 1.858253e-03 1.115797e+00 -1.003421e-07
7.900000e+00 7.000000e-01 7.229611e-01 2.094724e-04 1.115772e+00 -1.461431e-05
7.950000e+00 7.000000e-01 7.229634e-01 3.006768e-03 1.115816e+00 3.444327e-06
8.000000e+00 7.000000e-01 7.229608e-01 -1.459558e-03 1.115750e+00 -2.717699e-05
8.050000e+00 7.000000e-01 7.229661e-01 5.213247e-03 1.115852e+00 5.452208e-06
8.100000e+00 7.000000e-01 7.229603e-01 -4.048874e-03 1.115716e+00 -3.863254e-05
8.150000e+00 7.000000e-01 7.229700e-01 7.793629e-03 1.115896e+00 -7.052457e-06
8.200000e+00 7.000000e-01 7.229610e-01 -6.015376e-03 1.115694e+00 -3.796800e-05
8.250000e+00 7.000000e-01 7.229738e-01 8.529254e-03 1.115917e+00 -4.376074e-05
8.300000e+00 7.000000e-01 7.229653e-01 -5.280464e-03 1.115716e+00 -3.711382e-05
8.350000e+00 7.000000e-01 7.229775e-01 6.909090e-03 1.115911e+00 -7.690513e-05
8.400000e+00 7.000000e-01 7.229730e-01 -4.330721e-03 1.115748e+00 -9.092963e-05
8.450000e+00 7.000000e-01 7.229866e-01 8.606404e-03 1.115961e+00 -7.219806e-05
8.500000e+00 7.000000e-01 7.229802e-01 -9.703437e-03 1.115710e+00 -2.000577e-04
8.550000e+00 7.000000e-01 7.230066e-01 1.624673e-02 1.116107e+00 -1.264755e-04
8.600000e+00 7.000000e-01 7.229929e-01 -1.556470e-02 1.115686e+00 -2.424949e-04
8.650000e+00 7.000000e-01 7.230309e-01 1.602738e-02 1.116188e+00 -3.478056e-04
8.700000e+00 7.000000e-01 7.230277e-01 -8.935176e-03 1.115848e+00 -3.208433e-04
8.750000e+00 7.000000e-01 7.230629e-01 9.242821e-03 1.116240e+00 -5.016500e-04
8.800000e+00 7.000000e-01 7.230778e-01 -1.139831e-02 1.115969e+00 -7.459997e-04
8.850000e+00 7.000000e-01 7.231375e-01 2.427029e-02 1.116612e+00 -6.701510e-04
8.900000e+00 7.000000e-01 7.231449e-01 -2.905430e-02 1.116032e+00 -1.124713e-03
8.950000e+00 7.000000e-01 7.232500e-01 2.745298e-02 1.117002e+00 -1.484390e-03
9.000000e+00 7.000000e-01 7.232933e-01 -1.241621e-02 1.116591e+00 -1.589736e-03
9.050000e+00 7.000000e-01 7.234090e-01 1.018076e-02 1.117436e+00 -2.249365e-03
9.100000e+00 7.000000e-01 7.235182e-01 -2.185595e-02 1.117194e+00 -3.199199e-03
9.150000e+00 7.000000e-01 7.237289e-01 4.554937e-02 1.118663e+00 -3.509035e-03
9.200000e+00 7.000000e-01 7.238691e-01 -4.371242e-02 1.118192e+00 -4.708874e-03
9.250000e+00 7.000000e-01 7.241998e-01 2.270347e-02 1.120068e+00 -6.584933e-03
9.300000e+00 7.000000e-01 7.245276e-01 -6.339937e-03 1.120294e+00 -7.997017e-03
9.350000e+00 7.000000e-01 7.249995e-01 3.398250e-02 1.122736e+00 -9.822916e-03
9.400000e+00 7.000000e-01 7.255099e-01 -6.355890e-02 1.123178e+00 -1.359774e-02
9.450000e+00 7.000000e-01 7.263593e-01 5.350893e-02 1.126896e+00 -1.754416e-02
9.500000e+00 7.000000e-01 7.272643e-01 -1.019990e-02 1.128517e+00 -2.164319e-02
9.550000e+00 7.000000e-01 7.285236e-01 2.107739e-02 1.133698e+00 -2.809002e-02
9.600000e+00 7.000000e-01 7.300733e-01 -6.620363e-02 1.136696e+00 -3.753960e-02
9.650000e+00 7.000000e-01 7.322776e-01 6.743818e-02 1.144145e+00 -4.830583e-02
9.700000e+00 7.000000e-01 7.349039e-01 -1.078724e-02 1.149958e+00 -6.171406e-02
9.750000e+00 7.000000e-01 7.384490e-01 2.261328e-02 1.161058e+00 -8.112434e-02
9.800000e+00 7.000000e-01 7.430164e-01 -5.812953e-02 1.170175e+00 -1.080508e-01
9.850000e+00 7.000000e-01 7.492540e-01 4.388910e-02 1.185170e+00 -1.438422e-01
9.900000e+00 7.000000e-01 7.574006e-01 2.871146e-03 1.200765e+00 -1.927094e-01
9.950000e+00 7.000000e-01 7.685250e-01 3.334267e-02 1.225346e+00 -2.631943e-01
1.000000e+01 7.000000e-01 7.837200e-01 2.587503e-02 0.000000e+00 0.000000e+00
0.000000e+00 7.200000e-01 8.084160e-01 2.640000e+00 0.000000e+00 0.000000e+00
5.000000e-02 7.200000e-01 8.085645e-01 2.581110e+00 1.204458e+00 -1.285906e-03
1.000000e-01 7.200000e-01 8.085446e-01 2.487117e+00 1.206504e+00 1.078271e-03
1.500000e-01 7.200000e-01 8.084567e-01 2.813755e+00 1.213486e+00 1.529840e-04
2.000000e-01 7.200000e-01 8.085293e-01 2.974117e+00 1.209880e+00 -2.289601e-03
2.500000e-01 7.200000e-01 8.086856e-01 2.376197e+00 1.198800e+00 -1.214955e-03
3.000000e-01 7.200000e-01 8.086508e-01 2.068617e+00 1.202858e+00 1.955415e-03
3.500000e-01 7.200000e-01 8.084901e-01 2.909748e+00 1.217988e+00 1.403184e-03
4.000000e-01 7.200000e-01 8.085105e-01 3.447297e+00 1.214148e+00 -1.655794e-03
4.500000e-01 7.200000e-01 8.086557e-01 2.420249e+00 1.194594e+00 -9.213830e-04
5.000000e-01 7.200000e-01 8.086026e-01 1.497268e+00 1.195790e+00 2.569035e-03
5.500000e-01 7.200000e-01 8.083988e-01 2.532048e+00 1.218936e+00 2.486617e-03
6.000000e-01 7.200000e-01 8.083539e-01 3.908325e+00 1.221811e+00 -2.506381e-05
6.500000e-01 7.200000e-01 8.084013e-01 3.031614e+00 1.195782e+00 1.387983e-03
7.000000e-01 7.200000e-01 8.082151e-01 1.140005e+00 1.186467e+00 5.025317e-03
7.500000e-01 7.200000e-01 8.078987e-01 1.443527e+00 1.212785e+00 4.046950e-03
8.000000e-01 7.200000e-01 8.078105e-01 3.680039e+00 1.230661e+00 5.737610e-04
8.500000e-01 7.200000e-01 8.078414e-01 4.140327e+00 1.205934e+00 3.071149e-03
9.000000e-01 7.200000e-01 8.075033e-01 1.860492e+00 1.177421e+00 1.008713e-02
9.500000e-01 7.200000e-01 8.068326e-01 3.165826e-01 1.192212e+00 1.077925e-02
1.000000e+00 7.200000e-01 8.064254e-01 1.974405e+00 1.227717e+00 3.672409e-03
1.050000e+00 7.200000e-01 8.064654e-01 4.363028e+00 1.224599e+00 1.206890e-03
1.100000e+00 7.200000e-01 8.063047e-01 3.809257e+00 1.182565e+00 1.051500e-02
1.150000e+00 7.200000e-01 8.054139e-01 1.092807e+00 1.162640e+00 2.039866e-02
1.200000e+00 7.200000e-01 8.042649e-01 5.482901e-02 1.192624e+00 1.699687e-02
1.250000e+00 7.200000e-01 8.037142e-01 2.101883e+00 1.226234e+00 5.275255e-03
1.300000e+00 7.200000e-01 8.037373e-01 4.328977e+00 1.210461e+00 3.615538e-03
1.350000e+00 7.200000e-01 8.033527e-01 3.787086e+00 1.163604e+00 1.761114e-02
1.400000e+00 7.200000e-01 8.019762e-01 1.348398e+00 1.145839e+00 3.092083e-02
1.450000e+00 7.200000e-01 8.002606e-01 1.169033e-01 1.176070e+00 2.702698e-02
1.500000e+00 7.200000e-01 7.992735e-01 1.471040e+00 1.209997e+00 1.191235e-02
1.550000e+00 7.200000e-01 7.990693e-01 3.588617e+00 1.201329e+00 6.810390e-03
1.600000e+00 7.200000e-01 7.985925e-01 4.051789e+00 1.159915e+00 2.062553e-02
1.650000e+00 7.200000e-01 7.970068e-01 2.607706e+00 1.132307e+00 3.909322e-02
1.700000e+00 7.200000e-01 7.946832e-01 9.685772e-01 1.144227e+00 4.281045e-02
1.750000e+00 7.200000e-01 7.927257e-01 7.629917e-01 1.175832e+00 3.007471e-02
1.800000e+00 7.200000e-01 7.916757e-01 1.933188e+00 1.189842e+00 1.770755e-02
1.850000e+00 7.200000e-01 7.909550e-01 3.155076e+00 1.172783e+00 2.107264e-02
1.900000e+00 7.200000e-01 7.895684e-01 3.380753e+00 1.142310e+00 3.849809e-02
1.950000e+00 7.200000e-01 7.871052e-01 2.615975e+00 1.123666e+00 5.532593e-02
2.000000e+00 7.200000e-01 7.840358e-01 1.605828e+00 1.126644e+00 5.925788e-02
2.050000e+00 7.200000e-01 7.811794e-01 1.075782e+00 1.141747e+00 5.065878e-02
2.100000e+00 7.200000e-01 7.789700e-01 1.200906e+00 1.152862e+00 3.986097e-02
2.150000e+00 7.200000e-01 7.771933e-01 1.662680e+00 1.150972e+00 3.696154e-02
2.200000e+00 7.200000e-01 7.752738e-01 2.047577e+00 1.137646e+00 4.469018e-02
2.250000e+00 7.200000e-01 7.727243e-01 2.131743e+00 1.120075e+00 5.862824e-02
2.300000e+00 7.200000e-01 7.694110e-01 1.914644e+00 1.104999e+00 7.174001e-02
2.350000e+00 7.200000e-01 7.655503e-01 1.519723e+00 1.095749e+00 7.870807e-02
2.400000e+00 7.200000e-01 7.615402e-01 1.086899e+00 1.092384e+00 7.778651e-02
2.450000e+00 7.200000e-01 7.577716e-01 7.113210e-01 1.093232e+00 7.028032e-02
2.500000e+00 7.200000e-01 7.545121e-01 4.313792e-01 1.096322e+00 5.894068e-02
2.550000e+00 7.200000e-01 7.518776e-01 2.449707e-01 1.100147e+00 4.650220e-02
2.600000e+00 7.200000e-01 7.498619e-01 1.314764e-01 1.103819e+00 3.490804e-02
2.650000e+00 7.200000e-01 7.483868e-01 6.736282e-02 1.106940e+00 2.516889e-02
2.700000e+00 7.200000e-01 7.473450e-01 3.346164e-02 1.109410e+00 1.756636e-02
2.750000e+00 7.200000e-01 7.466301e-01 1.661710e-02 1.111277e+00 1.194479e-02
2.800000e+00 7.200000e-01 7.461505e-01 8.763515e-03 1.112643e+00 7.955082e-03
2.850000e+00 7.200000e-01 7.458346e-01 5.359918e-03 1.113618e+00 5.210993e-03
2.900000e+00 7.200000e-01 7.456294e-01 4.024495e-03 1.114301e+00 3.368558e-03
2.950000e+00 7.200000e-01 7.454978e-01 3.585122e-03 1.114772e+00 2.154232e-03
3.000000e+00 7.200000e-01 7.454140e-01 3.499884e-03 1.115094e+00 1.365286e-03
3.050000e+00 7.200000e-01 7.453612e-01 3.534676e-03 1.115311e+00 8.584492e-04
3.100000e+00 7.200000e-01 7.453282e-01 3.596694e-03 1.115456e+00 5.357979e-04
3.150000e+00 7.200000e-01 7.453076e-01 3.653859e-03 1.115553e+00 3.319748e-04
3.200000e+00 7.200000e-01 7.452950e-01 3.698154e-03 1.115616e+00 2.041051e-04
3.250000e+00 7.200000e-01 7.452872e-01 3.729982e-03 1.115658e+00 1.244170e-04
3.300000e+00 7.200000e-01 7.452825e-01 3.751990e-03 1.115686e+00 7.509258e-05
3.350000e+00 7.200000e-01 7.452797e-01 3.766891e-03 1.115704e+00 4.478606e-05
3.400000e+00 7.200000e-01 7.452781e-01 3.776860e-03 1.115715e+00 2.631869e-05
3.450000e+00 7.200000e-01 7.452771e-01 3.783481e-03 1.115723e+00 1.517414e-05
3.500000e+00 7.200000e-01 7.452765e-01 3.787858e-03 1.115727e+00 8.526811e-06
3.550000e+00 7.200000e-01 7.452762e-01 3.790741e-03 1.115731e+00 4.619087e-06
3.600000e+00 7.200000e-01 7.452761e-01 3.792636e-03 1.115732e+00 2.364420e-06
3.650000e+00 7.200000e-01 7.452760e-01 3.793877e-03 1.115734e+00 1.095791e-06
3.700000e+00 7.200000e-01 7.452760e-01 3.794689e-03 1.115734e+00 4.069961e-07
3.750000e+00 7.200000e-01 7.452760e-01 3.795217e-03 1.115735e+00 5.298727e-08
3.800000e+00 7.200000e-01 7.452760e-01 3.795560e-03 1.115735e+00 -1.123921e-07
3.850000e+00 7.200000e-01 7.452760e-01 3.795782e-03 1.115735e+00 -1.750992e-07
3.900000e+00 7.200000e-01 7.452760e-01 3.795924e-03 1.115735e+00 -1.847880e-07
3.950000e+00 7.200000e-01 7.452760e-01 3.796015e-03 1.115736e+00 -1.694669e-07
4.000000e+00 7.200000e-01 7.452760e-01 3.796073e-03 1.115736e+00 -1.444159e-07
4.050000e+00 7.200000e-01 7.452760e-01 3.796109e-03 1.115736e+00 -1.175618e-07
4.100000e+00 7.200000e-01 7.452760e-01 3.796131e-03 1.115736e+00 -9.268136e-08
4.150000e+00 7.200000e-01 7.452760e-01 3.796144e-03 1.115736e+00 -7.128295e-08
4.200000e+00 7.200000e-01 7.452760e-01 3.796152e-03 1.115736e+00 -5.369409e-08
4.250000e+00 7.200000e-01 7.452760e-01 3.796156e-03 1.115736e+00 -3.967466e-08
4.300000e+00 7.200000e-01 7.452760e-01 3.796158e-03 1.115736e+00 -2.875243e-08
4.350000e+00 7.200000e-01 7.452760e-01 3.796159e-03 1.115736e+00 -2.039804e-08
4.400000e+00 7.200000e-01 7.452760e-01 3.796159e-03 1.115736e+00 -1.410975e-08
4.450000e+00 7.200000e-01 7.452760e-01 3.796159e-03 1.115736e+00 -9.448644e-09
4.500000e+00 7.200000e-01 7.452760e-01 3.796159e-03 1.115736e+00 -6.048173e-09
4.550000e+00 7.200000e-01 7.452760e-01 3.796159e-03 1.115736e+00 -3.611090e-09
4.600000e+00 7.200000e-01 7.452760e-01 3.796158e-03 1.115736e+00 -1.901160e-09
4.650000e+00 7.200000e-01 7.452760e-01 3.796158e-03 1.115736e+00 -7.334156e-10
4.700000e+00 7.200000e-01 7.452760e-01 3.796157e-03 1.115736e+00 3.530842e-11
4.750000e+00 7.200000e-01 7.452760e-01 3.796157e-03 1.115736e+00 5.147205e-10
4.800000e+00 7.200000e-01 7.452760e-01 3.796157e-03 1.115736e+00 7.881118e-10
4.850000e+00 7.200000e-01 7.452760e-01 3.796157e-03 1.115736e+00 9.180856e-10
4.900000e+00 7.200000e-01 7.452760e-01 3.796157e-03 1.115736e+00 9.511947e-10
4.950000e+00 7.200000e-01 7.452760e-01 3.796157e-03 1.115736e+00 9.216050e-10
5.000000e+00 7.200000e-01 7.452760e-01 3.796156e-03 1.115736e+00 8.539958e-10
5.050000e+00 7.200000e-01 7.452760e-01 3.796156e-03 1.115736e+00 7.658385e-10
5.100000e+00 7.200000e-01 7.452760e-01 3.796156e-03 1.115736e+00 6.691436e-10
5.150000e+00 7.200000e-01 7.452760e-01 3.796156e-03 1.115736e+00 5.718981e-10
5.200000e+00 7.200000e-01 7.452760e-01 3.796156e-03 1.115736e+00 4.790968e-10
5.250000e+00 7.200000e-01 7.452760e-01 3.796156e-03 1.115736e+00 3.935563e-10
5.300000e+00 7.200000e-01 7.452760e-01 3.796156e-03 1.115736e+00 3.165679e-10
5.350000e+00 7.200000e-01 7.452760e-01 3.796156e-03 1.115736e+00 2.483513e-10
5.400000e+00 7.200000e-01 7.452760e-01 3.796156e-03 1.115736e+00 1.884015e-10
5.450000e+00 7.200000e-01 7.452760e-01 3.796156e-03 1.115736e+00 1.357403e-10
5.500000e+00 7.200000e-01 7.452760e-01 3.796156e-03 1.115736e+00 8.907874e-11
5.550000e+00 7.200000e-01 7.452760e-01 3.796156e-03 1.115736e+00 4.692802e-11
5.600000e+00 7.200000e-01 7.452760e-01 3.796156e-03 1.115736e+00 7.649437e-12
5.650000e+00 7.200000e-01 7.452760e-01 3.796156e-03 1.115736e+00 -3.050893e-11
5.700000e+00 7.200000e-01 7.452760e-01 3.796156e-03 1.115736e+00 -6.944112e-11
5.750000e+00 7.200000e-01 7.452760e-01 3.796156e-03 1.115736e+00 -1.112510e-10
5.800000e+00 7.200000e-01 7.452760e-01 3.796156e-03 1.115736e+00 -1.583045e-10
5.850000e+00 7.200000e-01 7.452760e-01 3.796156e-03 1.115736e+00 -2.133560e-10
5.900000e+00 7.200000e-01 7.452760e-01 3.796156e-03 1.115736e+00 -2.797074e-10
5.950000e+00 7.200000e-01 7.452760e-01 3.796156e-03 1.115736e+00 -3.613887e-10
6.000000e+00 7.200000e-01 7.452760e-01 3.796156e-03 1.115736e+00 -4.634182e-10
6.050000e+00 7.200000e-01 7.452760e-01 3.796156e-03 1.115736e+00 -5.921341e-10
6.100000e+00 7.200000e-01 7.452760e-01 3.796156e-03 1.115736e+00 -7.555656e-10
6.150000e+00 7.200000e-01 7.452760e-01 3.796156e-03 1.115736e+00 -9.640078e-10
6.200000e+00 7.200000e-01 7.452760e-01 3.796156e-03 1.115736e+00 -1.230701e-09
6.250000e+00 7.200000e-01 7.452760e-01 3.796156e-03 1.115736e+00 -1.572653e-09
6.300000e+00 7.200000e-01 7.452760e-01 3.796156e-03 1.115736e+00 -2.011827e-09
6.350000e+00 7.200000e-01 7.452760e-01 3.796156e-03 1.115736e+00 -2.576585e-09
6.400000e+00 7.200000e-01 7.452760e-01 3.796156e-03 1.115736e+00 -3.303545e-09
6.450000e+00 7.200000e-01 7.452760e-01 3.796156e-03 1.115736e+00 -4.240041e-09
6.500000e+00 7.200000e-01 7.452760e-01 3.796156e-03 1.115736e+00 -5.447277e-09
6.550000e+00 7.200000e-01 7.452760e-01 3.796156e-03 1.115736e+00 -7.004386e-09
6.600000e+00 7.200000e-01 7.452760e-01 3.796157e-03 1.115736e+00 -9.013668e-09
6.650000e+00 7.200000e-01 7.452760e-01 3.796157e-03 1.115736e+00 -1.160744e-08
6.700000e+00 7.200000e-01 7.452760e-01 3.796157e-03 1.115736e+00 -1.495680e-08
6.750000e+00 7.200000e-01 7.452760e-01 3.796157e-03 1.115736e+00 -1.928298e-08
6.800000e+00 7.200000e-01 7.452760e-01 3.796157e-03 1.115736e+00 -2.487211e-08
6.850000e+00 7.200000e-01 7.452760e-01 3.796157e-03 1.115736e+00 -3.209402e-08
6.900000e+00 7.200000e-01 7.452760e-01 3.796158e-03 1.115736e+00 -4.142738e-08
6.950000e+00 7.200000e-01 7.452760e-01 3.796158e-03 1.115736e+00 -5.348928e-08
7.000000e+00 7.200000e-01 7.452760e-01 3.796159e-03 1.115736e+00 -6.908349e-08
7.050000e+00 7.200000e-01 7.452760e-01 3.796160e-03 1.115736e+00 -8.922893e-08
7.100000e+00 7.200000e-01 7.452761e-01 3.796159e-03 1.115736e+00 -1.153075e-07
7.150000e+00 7.200000e-01 7.452761e-01 3.796167e-03 1.115736e+00 -1.489009e-07
7.200000e+00 7.200000e-01 7.452761e-01 3.796149e-03 1.115736e+00 -1.926757e-07
7.250000e+00 7.200000e-01 7.452761e-01 3.796208e-03 1.115736e+00 -2.482353e-07
7.300000e+00 7.200000e-01 7.452761e-01 3.796050e-03 1.115736e+00 -3.229335e-07
7.350000e+00 7.200000e-01 7.452761e-01 3.796498e-03 1.115736e+00 -4.115969e-07
7.400000e+00 7.200000e-01 7.452761e-01 3.795312e-03 1.115736e+00 -5.469706e-07
7.450000e+00 7.200000e-01 7.452762e-01 3.798404e-03 1.115736e+00 -6.689646e-07
7.500000e+00 7.200000e-01 7.452762e-01 3.790689e-03 1.115736e+00 -9.565407e-07
7.550000e+00 7.200000e-01 7.452763e-01 3.809341e-03 1.115736e+00 -1.021158e-06
7.600000e+00 7.200000e-01 7.452763e-01 3.766026e-03 1.115736e+00 -1.801009e-06
7.650000e+00 7.200000e-01 7.452764e-01 3.862855e-03 1.115737e+00 -1.293874e-06
7.700000e+00 7.200000e-01 7.452764e-01 3.655316e-03 1.115735e+00 -3.788259e-06
7.750000e+00 7.200000e-01 7.452768e-01 4.081440e-03 1.115741e+00 -7.653981e-07
7.800000e+00 7.200000e-01 7.452765e-01 3.245981e-03 1.115731e+00 -8.623701e-06
7.850000e+00 7.200000e-01 7.452777e-01 4.806407e-03 1.115750e+00 2.187727e-06
7.900000e+00 7.200000e-01 7.452763e-01 2.040067e-03 1.115717e+00 -1.898596e-05
7.950000e+00 7.200000e-01 7.452796e-01 6.677694e-03 1.115774e+00 8.690137e-06
8.000000e+00 7.200000e-01 7.452754e-01 -6.386318e-04 1.115688e+00 -3.525506e-05
8.050000e+00 7.200000e-01 7.452831e-01 1.016273e-02 1.115818e+00 1.325463e-05
8.100000e+00 7.200000e-01 7.452741e-01 -4.656465e-03 1.115645e+00 -4.810445e-05
8.150000e+00 7.200000e-01 7.452879e-01 1.408603e-02 1.115868e+00 -2.077466e-06
8.200000e+00 7.200000e-01 7.452743e-01 -7.567080e-03 1.115618e+00 -4.205900e-05
8.250000e+00 7.200000e-01 7.452921e-01 1.511118e-02 1.115887e+00 -4.815715e-05
8.300000e+00 7.200000e-01 7.452791e-01 -6.464194e-03 1.115640e+00 -3.537669e-05
8.350000e+00 7.200000e-01 7.452957e-01 1.289099e-02 1.115876e+00 -8.296667e-05
8.400000e+00 7.200000e-01 7.452874e-01 -5.488113e-03 1.115668e+00 -1.014170e-04
8.450000e+00 7.200000e-01 7.453058e-01 1.595121e-02 1.115930e+00 -6.228120e-05
8.500000e+00 7.200000e-01 7.452936e-01 -1.377740e-02 1.115609e+00 -2.302930e-04
8.550000e+00 7.200000e-01 7.453288e-01 2.711327e-02 1.116082e+00 -1.197677e-04
8.600000e+00 7.200000e-01 7.453056e-01 -2.196197e-02 1.115570e+00 -2.571537e-04
8.650000e+00 7.200000e-01 7.453545e-01 2.667029e-02 1.116147e+00 -3.792499e-04
8.700000e+00 7.200000e-01 7.453435e-01 -1.316766e-02 1.115719e+00 -3.298350e-04
8.750000e+00 7.200000e-01 7.453875e-01 1.863877e-02 1.116187e+00 -5.212174e-04
8.800000e+00 7.200000e-01 7.453957e-01 -1.822990e-02 1.115794e+00 -8.197498e-04
8.850000e+00 7.200000e-01 7.454695e-01 3.996783e-02 1.116542e+00 -6.773930e-04
8.900000e+00 7.200000e-01 7.454634e-01 -4.161796e-02 1.115814e+00 -1.196468e-03
8.950000e+00 7.200000e-01 7.455892e-01 4.379127e-02 1.116866e+00 -1.588753e-03
9.000000e+00 7.200000e-01 7.456223e-01 -2.117663e-02 1.116287e+00 -1.671060e-03
9.050000e+00 7.200000e-01 7.457563e-01 2.496354e-02 1.117251e+00 -2.353886e-03
9.100000e+00 7.200000e-01 7.458577e-01 -3.636103e-02 1.116733e+00 -3.429853e-03
9.150000e+00 7.200000e-01 7.460992e-01 6.974377e-02 1.118305e+00 -3.692687e-03
9.200000e+00 7.200000e-01 7.462269e-01 -6.209289e-02 1.117575e+00 -4.966718e-03
9.250000e+00 7.200000e-01 7.465959e-01 4.382040e-02 1.119483e+00 -6.963115e-03
9.300000e+00 7.200000e-01 7.469232e-01 -2.355604e-02 1.119234e+00 -8.496159e-03
9.350000e+00 7.200000e-01 7.474455e-01 6.241056e-02 1.121781e+00 -1.035242e-02
9.400000e+00 7.200000e-01 7.479585e-01 -8.861696e-02 1.121650e+00 -1.435424e-02
9.450000e+00 7.200000e-01 7.488810e-01 8.311825e-02 1.125172e+00 -1.850861e-02
9.500000e+00 7.200000e-01 7.498094e-01 -3.546004e-02 1.125917e+00 -2.290247e-02
9.550000e+00 7.200000e-01 7.511712e-01 5.808153e-02 1.130922e+00 -2.957539e-02
9.600000e+00 7.200000e-01 7.527669e-01 -9.462010e-02 1.132571e+00 -3.941022e-02
9.650000e+00 7.200000e-01 7.551122e-01 1.015428e-01 1.139171e+00 -5.066012e-02
9.700000e+00 7.200000e-01 7.578329e-01 -4.285865e-02 1.142798e+00 -6.472768e-02
9.750000e+00 7.200000e-01 7.615850e-01 6.930863e-02 1.152324e+00 -8.464106e-02
9.800000e+00 7.200000e-01 7.662970e-01 -7.949902e-02 1.157657e+00 -1.120998e-01
9.850000e+00 7.200000e-01 7.727950e-01 8.100218e-02 1.168665e+00 -1.488026e-01
9.900000e+00 7.200000e-01 7.811773e-01 -1.399043e-02 1.176416e+00 -1.990504e-01
9.950000e+00 7.200000e-01 7.927000e-01 7.860425e-02 1.191213e+00 -2.723873e-01
1.000000e+01 7.200000e-01 8.084160e-01 5.654425e-02 0.000000e+00 0.000000e+00
0.000000e+00 7.400000e-01 8.320560e-01 2.880000e+00 0.000000e+00 0.000000e+00
5.000000e-02 7.400000e-01 8.321544e-01 2.841097e+00 1.151352e+00 -1.189637e-03
1.000000e-01 7.400000e-01 8.321750e-01 2.903443e+00 1.152497e+00 1.530950e-04
1.500000e-01 7.400000e-01 8.321391e-01 3.005707e+00 1.154052e+00 3.466068e-04
2.000000e-01 7.400000e-01 8.321403e-01 2.843851e+00 1.152242e+00 -8.457881e-04
2.500000e-01 7.400000e-01 8.322237e-01 2.656976e+00 1.150250e+00 -1.441721e-03
3.000000e-01 7.400000e-01 8.322845e-01 2.903976e+00 1.152405e+00 5.696887e-05
3.500000e-01 7.400000e-01 8.322180e-01 3.212193e+00 1.154552e+00 1.698957e-03
4.000000e-01 7.400000e-01 8.321146e-01 2.909193e+00 1.151704e+00 8.833007e-04
4.500000e-01 7.400000e-01 8.321297e-01 2.436540e+00 1.149115e+00 -1.031645e-03
5.000000e-01 7.400000e-01 8.322177e-01 2.720371e+00 1.152648e+00 -6.169808e-04
5.500000e-01 7.400000e-01 8.321914e-01 3.392125e+00 1.155903e+00 2.189202e-03
6.000000e-01 7.400000e-01 8.319988e-01 3.213755e+00 1.151671e+00 3.847667e-03
6.500000e-01 7.400000e-01 8.318066e-01 2.331239e+00 1.147468e+00 2.423757e-03
7.000000e-01 7.400000e-01 8.317564e-01 2.241034e+00 1.152928e+00 3.776932e-04
7.500000e-01 7.400000e-01 8.317688e-01 3.243958e+00 1.159866e+00 1.422386e-03
8.000000e-01 7.400000e-01 8.316142e-01 3.724814e+00 1.154883e+00 5.460718e-03
8.500000e-01 7.400000e-01 8.312228e-01 2.736114e+00 1.144413e+00 8.133183e-03
9.000000e-01 7.400000e-01 8.308009e-01 1.739582e+00 1.146792e+00 6.513543e-03
9.500000e-01 7.400000e-01 8.305714e-01 2.355145e+00 1.160161e+00 3.643159e-03
1.000000e+00 7.400000e-01 8.304366e-01 3.743678e+00 1.162512e+00 5.046682e-03
1.050000e+00 7.400000e-01 8.300667e-01 3.752039e+00 1.146243e+00 1.089003e-02
1.100000e+00 7.400000e-01 8.293476e-01 2.228560e+00 1.133107e+00 1.511142e-02
1.150000e+00 7.400000e-01 8.285556e-01 1.313716e+00 1.142324e+00 1.333048e-02
1.200000e+00 7.400000e-01 8.280145e-01 2.312387e+00 1.160158e+00 8.966622e-03
1.250000e+00 7.400000e-01 8.276589e-01 3.849317e+00 1.158034e+00 9.306650e-03
1.300000e+00 7.400000e-01 8.270839e-01 3.800875e+00 1.133645e+00 1.627138e-02
1.350000e+00 7.400000e-01 8.260318e-01 2.206827e+00 1.116155e+00 2.347330e-02
1.400000e+00 7.400000e-01 8.247365e-01 1.071517e+00 1.126446e+00 2.349585e-02
1.450000e+00 7.400000e-01 8.236822e-01 1.733468e+00 1.149064e+00 1.713321e-02
1.500000e+00 7.400000e-01 8.230232e-01 3.309119e+00 1.151912e+00 1.338398e-02
1.550000e+00 7.400000e-01 8.223438e-01 3.932412e+00 1.127394e+00 1.919476e-02
1.600000e+00 7.400000e-01 8.211037e-01 2.989421e+00 1.101053e+00 3.076053e-02
1.650000e+00 7.400000e-01 8.192678e-01 1.565711e+00 1.099652e+00 3.721816e-02
1.700000e+00 7.400000e-01 8.173819e-01 1.089302e+00 1.121326e+00 3.283252e-02
1.750000e+00 7.400000e-01 8.159845e-01 1.887311e+00 1.139891e+00 2.382042e-02
1.800000e+00 7.400000e-01 8.149999e-01 3.049262e+00 1.134751e+00 2.181315e-02
1.850000e+00 7.400000e-01 8.138032e-01 3.519484e+00 1.110537e+00 3.156819e-02
1.900000e+00 7.400000e-01 8.118431e-01 3.019680e+00 1.088318e+00 4.655727e-02
1.950000e+00 7.400000e-01 8.091475e-01 2.053536e+00 1.084216e+00 5.579266e-02
2.000000e+00 7.400000e-01 8.062638e-01 1.343616e+00 1.097192e+00 5.395489e-02
2.050000e+00 7.400000e-01 8.037520e-01 1.257934e+00 1.113524e+00 4.528457e-02
2.100000e+00 7.400000e-01 8.017353e-01 1.646039e+00 1.120134e+00 3.880608e-02
2.150000e+00 7.400000e-01 7.998714e-01 2.110396e+00 1.113421e+00 4.077489e-02
2.200000e+00 7.400000e-01 7.976578e-01 2.342521e+00 1.098391e+00 5.106578e-02
2.250000e+00 7.400000e-01 7.947648e-01 2.250721e+00 1.082791e+00 6.471514e-02
2.300000e+00 7.400000e-01 7.911863e-01 1.909223e+00 1.072241e+00 7.573009e-02
2.350000e+00 7.400000e-01 7.871918e-01 1.455743e+00 1.068613e+00 8.017712e-02
2.400000e+00 7.400000e-01 7.831686e-01 1.012247e+00 1.070872e+00 7.724716e-02
2.450000e+00 7.400000e-01 7.794671e-01 6.496214e-01 1.076739e+00 6.856700e-02
2.500000e+00 7.400000e-01 7.763119e-01 3.887512e-01 1.084016e+00 5.679017e-02
2.550000e+00 7.400000e-01 7.737881e-01 2.190133e-01 1.091175e+00 4.439628e-02
2.600000e+00 7.400000e-01 7.718723e-01 1.174676e-01 1.097409e+00 3.308725e-02
2.650000e+00 7.400000e-01 7.704793e-01 6.110976e-02 1.102441e+00 2.370906e-02
2.700000e+00 7.400000e-01 7.695014e-01 3.202785e-02 1.106297e+00 1.645333e-02
2.750000e+00 7.400000e-01 7.688340e-01 1.815867e-02 1.109144e+00 1.112598e-02
2.800000e+00 7.400000e-01 7.683888e-01 1.217157e-02 1.111185e+00 7.368582e-03
2.850000e+00 7.400000e-01 7.680971e-01 9.967470e-03 1.112618e+00 4.799499e-03
2.900000e+00 7.400000e-01 7.679088e-01 9.419951e-03 1.113605e+00 3.084567e-03
2.950000e+00 7.400000e-01 7.677887e-01 9.505790e-03 1.114276e+00 1.960831e-03
3.000000e+00 7.400000e-01 7.677128e-01 9.773231e-03 1.114727e+00 1.235003e-03
3.050000e+00 7.400000e-01 7.676652e-01 1.004529e-02 1.115027e+00 7.714705e-04
3.100000e+00 7.400000e-01 7.676356e-01 1.026670e-02 1.115225e+00 4.781623e-04
3.150000e+00 7.400000e-01 7.676174e-01 1.043063e-02 1.115356e+00 2.940242e-04
3.200000e+00 7.400000e-01 7.676062e-01 1.054618e-02 1.115440e+00 1.792531e-04
3.250000e+00 7.400000e-01 7.675994e-01 1.062540e-02 1.115496e+00 1.082223e-04
3.300000e+00 7.400000e-01 7.675954e-01 1.067882e-02 1.115531e+00 6.458736e-05
3.350000e+00 7.400000e-01 7.675930e-01 1.071449e-02 1.115554e+00 3.800173e-05
3.400000e+00 7.400000e-01 7.675916e-01 1.073816e-02 1.115569e+00 2.195715e-05
3.450000e+00 7.400000e-01 7.675908e-01 1.075378e-02 1.115578e+00 1.238372e-05
3.500000e+00 7.400000e-01 7.675903e-01 1.076407e-02 1.115584e+00 6.751213e-06
3.550000e+00 7.400000e-01 7.675901e-01 1.077083e-02 1.115588e+00 3.496309e-06
3.600000e+00 7.400000e-01 7.675900e-01 1.077525e-02 1.115590e+00 1.659774e-06
3.650000e+00 7.400000e-01 7.675899e-01 1.077814e-02 1.115592e+00 6.576639e-07
3.700000e+00 7.400000e-01 7.675899e-01 1.078002e-02 1.115592e+00 1.378004e-07
3.750000e+00 7.400000e-01 7.675899e-01 1.078124e-02 1.115593e+00 -1.098476e-07
3.800000e+00 7.400000e-01 7.675899e-01 1.078203e-02 1.115593e+00 -2.088123e-07
3.850000e+00 7.400000e-01 7.675899e-01 1.078254e-02 1.115593e+00 -2.304814e-07
3.900000e+00 7.400000e-01 7.675900e-01 1.078287e-02 1.115594e+00 -2.151590e-07
3.950000e+00 7.400000e-01 7.675900e-01 1.078307e-02 1.115594e+00 -1.848759e-07
4.000000e+00 7.400000e-01 7.675900e-01 1.078320e-02 1.115594e+00 -1.511075e-07
4.050000e+00 7.400000e-01 7.675900e-01 1.078329e-02 1.115594e+00 -1.193708e-07
4.100000e+00 7.400000e-01 7.675900e-01 1.078333e-02 1.115594e+00 -9.192545e-08
4.150000e+00 7.400000e-01 7.675900e-01 1.078336e-02 1.115594e+00 -6.933254e-08
4.200000e+00 7.400000e-01 7.675900e-01 1.078338e-02 1.115594e+00 -5.133340e-08
4.250000e+00 7.400000e-01 7.675900e-01 1.078339e-02 1.115594e+00 -3.733004e-08
4.300000e+00 7.400000e-01 7.675900e-01 1.078339e-02 1.115594e+00 -2.663563e-08
4.350000e+00 7.400000e-01 7.675900e-01 1.078340e-02 1.115594e+00 -1.859544e-08
4.400000e+00 7.400000e-01 7.675900e-01 1.078340e-02 1.115594e+00 -1.263733e-08
4.450000e+00 7.400000e-01 7.675900e-01 1.078339e-02 1.115594e+00 -8.285402e-09
4.500000e+00 7.400000e-01 7.675900e-01 1.078339e-02 1.115594e+00 -5.156008e-09
4.550000e+00 7.400000e-01 7.675900e-01 1.078339e-02 1.115594e+00 -2.946317e-09
4.600000e+00 7.400000e-01 7.675900e-01 1.078339e-02 1.115594e+00 -1.420845e-09
4.650000e+00 7.400000e-01 7.675900e-01 1.078339e-02 1.115594e+00 -3.985900e-10
4.700000e+00 7.400000e-01 7.675900e-01 1.078339e-02 1.115594e+00 2.582912e-10
4.750000e+00 7.400000e-01 7.675900e-01 1.078339e-02 1.115594e+00 6.538925e-10
4.800000e+00 7.400000e-01 7.675900e-01 1.078339e-02 1.115594e+00 8.661649e-10
4.850000e+00 7.400000e-01 7.675900e-01 1.078339e-02 1.115594e+00 9.529544e-10
4.900000e+00 7.400000e-01 7.675900e-01 1.078339e-02 1.115594e+00 9.567303e-10
4.950000e+00 7.400000e-01 7.675900e-01 1.078339e-02 1.115594e+00 9.082579e-10
5.000000e+00 7.400000e-01 7.675900e-01 1.078339e-02 1.115594e+00 8.294565e-10
5.050000e+00 7.400000e-01 7.675900e-01 1.078339e-02 1.115594e+00 7.356060e-10
5.100000e+00 7.400000e-01 7.675900e-01 1.078339e-02 1.115594e+00 6.370182e-10
5.150000e+00 7.400000e-01 7.675900e-01 1.078339e-02 1.115594e+00 5.403888e-10
5.200000e+00 7.400000e-01 7.675900e-01 1.078339e-02 1.115594e+00 4.497425e-10
5.250000e+00 7.400000e-01 7.675900e-01 1.078339e-02 1.115594e+00 3.672018e-10
5.300000e+00 7.400000e-01 7.675900e-01 1.078339e-02 1.115594e+00 2.935641e-10
5.350000e+00 7.400000e-01 7.675900e-01 1.078339e-02 1.115594e+00 2.287193e-10
5.400000e+00 7.400000e-01 7.675900e-01 1.078339e-02 1.115594e+00 1.719458e-10
5.450000e+00 7.400000e-01 7.675900e-01 1.078339e-02 1.115594e+00 1.221312e-10
5.500000e+00 7.400000e-01 7.675900e-01 1.078339e-02 1.115594e+00 7.792211e-11
5.550000e+00 7.400000e-01 7.675900e-01 1.078339e-02 1.115594e+00 3.779199e-11
5.600000e+00 7.400000e-01 7.675900e-01 1.078339e-02 1.115594e+00 9.992007e-14
5.650000e+00 7.400000e-01 7.675900e-01 1.078339e-02 1.115594e+00 -3.690714e-11
5.700000e+00 7.400000e-01 7.675900e-01 1.078339e-02 1.115594e+00 -7.512768e-11
5.750000e+00 7.400000e-01 7.675900e-01 1.078339e-02 1.115594e+00 -1.166722e-10
5.800000e+00 7.400000e-01 7.675900e-01 1.078339e-02 1.115594e+00 -1.639200e-10
5.850000e+00 7.400000e-01 7.675900e-01 1.078339e-02 1.115594e+00 -2.196676e-10
5.900000e+00 7.400000e-01 7.675900e-01 1.078339e-02 1.115594e+00 -2.872957e-10
5.950000e+00 7.400000e-01 7.675900e-01 1.078339e-02 1.115594e+00 -3.709399e-10
6.000000e+00 7.400000e-01 7.675900e-01 1.078339e-02 1.115594e+00 -4.757794e-10
6.050000e+00 7.400000e-01 7.675900e-01 1.078339e-02 1.115594e+00 -6.083622e-10
6.100000e+00 7.400000e-01 7.675900e-01 1.078339e-02 1.115594e+00 -7.770096e-10
6.150000e+00 7.400000e-01 7.675900e-01 1.078339e-02 1.115594e+00 -9.924062e-10
6.200000e+00 7.400000e-01 7.675900e-01 1.078339e-02 1.115594e+00 -1.268299e-09
6.250000e+00 7.400000e-01 7.675900e-01 1.078339e-02 1.115594e+00 -1.622369e-09
6.300000e+00 7.400000e-01 7.675900e-01 1.078339e-02 1.115594e+00 -2.077457e-09
6.350000e+00 7.400000e-01 7.675900e-01 1.078339e-02 1.115594e+00 -2.663066e-09
6.400000e+00 7.400000e-01 7.675900e-01 1.078339e-02 1.115594e+00 -3.417310e-09
6.450000e+00 7.400000e-01 7.675900e-01 1.078339e-02 1.115594e+00 -4.389451e-09
6.500000e+00 7.400000e-01 7.675900e-01 1.078339e-02 1.115594e+00 -5.643209e-09
6.550000e+00 7.400000e-01 7.675900e-01 1.078339e-02 1.115594e+00 -7.260993e-09
6.600000e+00 7.400000e-01 7.675900e-01 1.078339e-02 1.115594e+00 -9.349344e-09
6.650000e+00 7.400000e-01 7.675900e-01 1.078339e-02 1.115594e+00 -1.204609e-08
6.700000e+00 7.400000e-01 7.675900e-01 1.078339e-02 1.115594e+00 -1.552946e-08
6.750000e+00 7.400000e-01 7.675900e-01 1.078339e-02 1.115594e+00 -2.002998e-08
6.800000e+00 7.400000e-01 7.675900e-01 1.078339e-02 1.115594e+00 -2.584580e-08
6.850000e+00 7.400000e-01 7.675900e-01 1.078339e-02 1.115594e+00 -3.336226e-08
6.900000e+00 7.400000e-01 7.675900e-01 1.078339e-02 1.115594e+00 -4.307851e-08
6.950000e+00 7.400000e-01 7.675900e-01 1.078339e-02 1.115594e+00 -5.563691e-08
7.000000e+00 7.400000e-01 7.675900e-01 1.078339e-02 1.115594e+00 -7.187812e-08
7.050000e+00 7.400000e-01 7.675900e-01 1.078340e-02 1.115594e+00 -9.285545e-08
7.100000e+00 7.400000e-01 7.675900e-01 1.078340e-02 1.115594e+00 -1.200376e-07
7.150000e+00 7.400000e-01 7.675900e-01 1.078341e-02 1.115594e+00 -1.549888e-07
7.200000e+00 7.400000e-01 7.675900e-01 1.078338e-02 1.115594e+00 -2.007415e-07
7.250000e+00 7.400000e-01 7.675901e-01 1.078349e-02 1.115594e+00 -2.582455e-07
7.300000e+00 7.400000e-01 7.675901e-01 1.078321e-02 1.115594e+00 -3.371743e-07
7.350000e+00 7.400000e-01 7.675901e-01 1.078400e-02 1.115594e+00 -4.267558e-07
7.400000e+00 7.400000e-01 7.675901e-01 1.078194e-02 1.115594e+00 -5.750823e-07
7.450000e+00 7.400000e-01 7.675901e-01 1.078728e-02 1.115594e+00 -6.846089e-07
7.500000e+00 7.400000e-01 7.675902e-01 1.077411e-02 1.115594e+00 -1.026067e-06
7.550000e+00 7.400000e-01 7.675902e-01 1.080565e-02 1.115594e+00 -9.992173e-07
7.600000e+00 7.400000e-01 7.675903e-01 1.073324e-02 1.115594e+00 -2.016928e-06
7.650000e+00 7.400000e-01 7.675904e-01 1.089340e-02 1.115595e+00 -1.063814e-06
7.700000e+00 7.400000e-01 7.675904e-01 1.055394e-02 1.115592e+00 -4.504573e-06
7.750000e+00 7.400000e-01 7.675909e-01 1.124327e-02 1.115599e+00 2.256001e-07
7.800000e+00 7.400000e-01 7.675904e-01 9.907134e-03 1.115587e+00 -1.077624e-05
7.850000e+00 7.400000e-01 7.675920e-01 1.237421e-02 1.115610e+00 5.195956e-06
7.900000e+00 7.400000e-01 7.675898e-01 8.051625e-03 1.115571e+00 -2.423657e-05
7.950000e+00 7.400000e-01 7.675944e-01 1.521294e-02 1.115638e+00 1.527671e-05
8.000000e+00 7.400000e-01 7.675883e-01 4.050122e-03 1.115536e+00 -4.466266e-05
8.050000e+00 7.400000e-01 7.675989e-01 2.033360e-02 1.115686e+00 2.266464e-05
8.100000e+00 7.400000e-01 7.675860e-01 -1.742681e-03 1.115487e+00 -5.851384e-05
8.150000e+00 7.400000e-01 7.676047e-01 2.586346e-02 1.115738e+00 3.690742e-06
8.200000e+00 7.400000e-01 7.675857e-01 -5.711314e-03 1.115458e+00 -4.562182e-05
8.250000e+00 7.400000e-01 7.676093e-01 2.713212e-02 1.115753e+00 -5.276905e-05
8.300000e+00 7.400000e-01 7.675910e-01 -4.110646e-03 1.115482e+00 -3.261586e-05
8.350000e+00 7.400000e-01 7.676125e-01 2.426760e-02 1.115738e+00 -8.782191e-05
8.400000e+00 7.400000e-01 7.675997e-01 -3.318974e-03 1.115503e+00 -1.127132e-04
8.450000e+00 7.400000e-01 7.676238e-01 2.921471e-02 1.115794e+00 -4.874967e-05
8.500000e+00 7.400000e-01 7.676046e-01 -1.518790e-02 1.115432e+00 -2.607722e-04
8.550000e+00 7.400000e-01 7.676499e-01 4.438785e-02 1.115939e+00 -1.108987e-04
8.600000e+00 7.400000e-01 7.676157e-01 -2.576712e-02 1.115388e+00 -2.683267e-04
8.650000e+00 7.400000e-01 7.676767e-01 4.352500e-02 1.115986e+00 -4.073723e-04
8.700000e+00 7.400000e-01 7.676564e-01 -1.480617e-02 1.115514e+00 -3.371660e-04
8.750000e+00 7.400000e-01 7.677104e-01 3.486701e-02 1.116020e+00 -5.314057e-04
8.800000e+00 7.400000e-01 7.677096e-01 -2.346133e-02 1.115548e+00 -8.880136e-04
8.850000e+00 7.400000e-01 7.677992e-01 6.315532e-02 1.116331e+00 -6.782152e-04
8.900000e+00 7.400000e-01 7.677774e-01 -5.240676e-02 1.115548e+00 -1.254026e-03
8.950000e+00 7.400000e-01 7.679246e-01 6.738331e-02 1.116581e+00 -1.673760e-03
9.000000e+00 7.400000e-01 7.679448e-01 -2.898358e-02 1.115913e+00 -1.743992e-03
9.050000e+00 7.400000e-01 7.680990e-01 4.900563e-02 1.116925e+00 -2.427842e-03
9.100000e+00 7.400000e-01 7.681876e-01 -5.110405e-02 1.116220e+00 -3.620629e-03
9.150000e+00 7.400000e-01 7.684611e-01 1.024976e-01 1.117750e+00 -3.845910e-03
9.200000e+00 7.400000e-01 7.685722e-01 -7.964115e-02 1.116911e+00 -5.180292e-03
9.250000e+00 7.400000e-01 7.689791e-01 7.554356e-02 1.118711e+00 -7.248212e-03
9.300000e+00 7.400000e-01 7.692970e-01 -4.381108e-02 1.118095e+00 -8.916103e-03
9.350000e+00 7.400000e-01 7.698707e-01 1.030614e-01 1.120574e+00 -1.078955e-02
9.400000e+00 7.400000e-01 7.703759e-01 -1.141806e-01 1.120054e+00 -1.495392e-02
9.450000e+00 7.400000e-01 7.713661e-01 1.253122e-01 1.123171e+00 -1.925095e-02
9.500000e+00 7.400000e-01 7.723010e-01 -6.602897e-02 1.123187e+00 -2.394318e-02
9.550000e+00 7.400000e-01 7.737605e-01 1.124291e-01 1.127771e+00 -3.075148e-02
9.600000e+00 7.400000e-01 7.753762e-01 -1.262965e-01 1.128276e+00 -4.083933e-02
9.650000e+00 7.400000e-01 7.778444e-01 1.550862e-01 1.133805e+00 -5.239670e-02
9.700000e+00 7.400000e-01 7.806158e-01 -8.214769e-02 1.135386e+00 -6.697526e-02
9.750000e+00 7.400000e-01 7.845419e-01 1.405991e-01 1.143071e+00 -8.706794e-02
9.800000e+00 7.400000e-01 7.893226e-01 -1.050878e-01 1.144731e+00 -1.145871e-01
9.850000e+00 7.400000e-01 7.960006e-01 1.541549e-01 1.151609e+00 -1.513456e-01
9.900000e+00 7.400000e-01 8.044572e-01 -2.764192e-02 1.151237e+00 -2.017286e-01
9.950000e+00 7.400000e-01 8.161735e-01 1.731073e-01 1.155302e+00 -2.759881e-01
1.000000e+01 7.400000e-01 8.320560e-01 1.267221e-01 0.000000e+00 0.000000e+00
0.000000e+00 7.600000e-01 8.545440e-01 3.120000e+00 0.000000e+00 0.000000e+00
5.000000e-02 7.600000e-01 8.546186e-01 3.120594e+00 1.092154e+00 -1.004617e-03
1.000000e-01 7.600000e-01 8.546445e-01 3.151510e+00 1.092178e+00 -2.002883e-06
1.500000e-01 7.600000e-01 8.546188e-01 3.121029e+00 1.092801e+00 2.547671e-04
2.000000e-01 7.600000e-01 8.546190e-01 3.054278e+00 1.093074e+00 -7.686962e-04
2.500000e-01 7.600000e-01 8.546956e-01 3.111964e+00 1.092340e+00 -1.279935e-03
3.000000e-01 7.600000e-01 8.547470e-01 3.225968e+00 1.091354e+00 2.346496e-04
3.500000e-01 7.600000e-01 8.546722e-01 3.152262e+00 1.091613e+00 1.683367e-03
4.000000e-01 7.600000e-01 8.545786e-01 2.976319e+00 1.092996e+00 5.188708e-04
4.500000e-01 7.600000e-01 8.546203e-01 3.042452e+00 1.093462e+00 -1.298664e-03
5.000000e-01 7.600000e-01 8.547085e-01 3.291713e+00 1.092019e+00 -1.461995e-04
5.500000e-01 7.600000e-01 8.546349e-01 3.269759e+00 1.090571e+00 2.877104e-03
6.000000e-01 7.600000e-01 8.544208e-01 2.938742e+00 1.091829e+00 3.348920e-03
6.500000e-01 7.600000e-01 8.543000e-01 2.857517e+00 1.094986e+00 8.853025e-04
7.000000e-01 7.600000e-01 8.543323e-01 3.236856e+00 1.095907e+00 6.620128e-05
7.500000e-01 7.600000e-01 8.542934e-01 3.478989e+00 1.092723e+00 3.264979e-03
8.000000e-01 7.600000e-01 8.540058e-01 3.104685e+00 1.090052e+00 6.755063e-03
8.500000e-01 7.600000e-01 8.536179e-01 2.635567e+00 1.092992e+00 6.307717e-03
9.000000e-01 7.600000e-01 8.533750e-01 2.850748e+00 1.098534e+00 3.788073e-03
9.500000e-01 7.600000e-01 8.532391e-01 3.497381e+00 1.098273e+00 4.491208e-03
1.000000e+00 7.600000e-01 8.529259e-01 3.571747e+00 1.090932e+00 9.239493e-03
1.050000e+00 7.600000e-01 8.523151e-01 2.842152e+00 1.085870e+00 1.296879e-02
1.100000e+00 7.600000e-01 8.516290e-01 2.304805e+00 1.090229e+00 1.208236e-02
1.150000e+00 7.600000e-01 8.511069e-01 2.758629e+00 1.097829e+00 9.578348e-03
1.200000e+00 7.600000e-01 8.506712e-01 3.612602e+00 1.096473e+00 1.071313e-02
1.250000e+00 7.600000e-01 8.500356e-01 3.663284e+00 1.084730e+00 1.588030e-02
1.300000e+00 7.600000e-01 8.490831e-01 2.745990e+00 1.075094e+00 2.036709e-02
1.350000e+00 7.600000e-01 8.479989e-01 1.971983e+00 1.078463e+00 2.049092e-02
1.400000e+00 7.600000e-01 8.470340e-01 2.278600e+00 1.089639e+00 1.775702e-02
1.450000e+00 7.600000e-01 8.462232e-01 3.276881e+00 1.092730e+00 1.684040e-02
1.500000e+00 7.600000e-01 8.453500e-01 3.767187e+00 1.080237e+00 2.058052e-02
1.550000e+00 7.600000e-01 8.441651e-01 3.168915e+00 1.062855e+00 2.715395e-02
1.600000e+00 7.600000e-01 8.426346e-01 2.102389e+00 1.057683e+00 3.172224e-02
1.650000e+00 7.600000e-01 8.409929e-01 1.617083e+00 1.069066e+00 3.098405e-02
1.700000e+00 7.600000e-01 8.395362e-01 2.111979e+00 1.083771e+00 2.671484e-02
1.750000e+00 7.600000e-01 8.383214e-01 3.034244e+00 1.085031e+00 2.470472e-02
1.800000e+00 7.600000e-01 8.370657e-01 3.525862e+00 1.069708e+00 2.944920e-02
1.850000e+00 7.600000e-01 8.353765e-01 3.213113e+00 1.050302e+00 3.964577e-02
1.900000e+00 7.600000e-01 8.331012e-01 2.389201e+00 1.042193e+00 4.902673e-02
1.950000e+00 7.600000e-01 8.304738e-01 1.653878e+00 1.050421e+00 5.177655e-02
2.000000e+00 7.600000e-01 8.279235e-01 1.429917e+00 1.067051e+00 4.753465e-02
2.050000e+00 7.600000e-01 8.257203e-01 1.709756e+00 1.079326e+00 4.148192e-02
2.100000e+00 7.600000e-01 8.237753e-01 2.175680e+00 1.079733e+00 3.990219e-02
2.150000e+00 7.600000e-01 8.217301e-01 2.497619e+00 1.069514e+00 4.565847e-02
2.200000e+00 7.600000e-01 8.192095e-01 2.517604e+00 1.055330e+00 5.694184e-02
2.250000e+00 7.600000e-01 8.160359e-01 2.253136e+00 1.044071e+00 6.908841e-02
2.300000e+00 7.600000e-01 8.123006e-01 1.816732e+00 1.039636e+00 7.741136e-02
2.350000e+00 7.600000e-01 8.082948e-01 1.336135e+00 1.042422e+00 7.925586e-02
2.400000e+00 7.600000e-01 8.043750e-01 9.055842e-01 1.050525e+00 7.453596e-02
2.450000e+00 7.600000e-01 8.008412e-01 5.707936e-01 1.061323e+00 6.502250e-02
2.500000e+00 7.600000e-01 7.978728e-01 3.376276e-01 1.072573e+00 5.316660e-02
2.550000e+00 7.600000e-01 7.955245e-01 1.896696e-01 1.082834e+00 4.114498e-02
2.600000e+00 7.600000e-01 7.937583e-01 1.034744e-01 1.091426e+00 3.040136e-02
2.650000e+00 7.600000e-01 7.924844e-01 5.745882e-02 1.098201e+00 2.161356e-02
2.700000e+00 7.600000e-01 7.915969e-01 3.529448e-02 1.103311e+00 1.488547e-02
2.750000e+00 7.600000e-01 7.909959e-01 2.609955e-02 1.107034e+00 9.989732e-03
2.800000e+00 7.600000e-01 7.905980e-01 2.331010e-02 1.109675e+00 6.565455e-03
2.850000e+00 7.600000e-01 7.903393e-01 2.330866e-02 1.111508e+00 4.243024e-03
2.900000e+00 7.600000e-01 7.901737e-01 2.427886e-02 1.112758e+00 2.705115e-03
2.950000e+00 7.600000e-01 7.900688e-01 2.540596e-02 1.113599e+00 1.705411e-03
3.000000e+00 7.600000e-01 7.900031e-01 2.638310e-02 1.114159e+00 1.064864e-03
3.050000e+00 7.600000e-01 7.899623e-01 2.713545e-02 1.114528e+00 6.591056e-04
3.100000e+00 7.600000e-01 7.899372e-01 2.767973e-02 1.114769e+00 4.044781e-04
3.150000e+00 7.600000e-01 7.899219e-01 2.805945e-02 1.114926e+00 2.459951e-04
3.200000e+00 7.600000e-01 7.899126e-01 2.831852e-02 1.115028e+00 1.481109e-04
3.250000e+00 7.600000e-01 7.899071e-01 2.849281e-02 1.115093e+00 8.812618e-05
3.300000e+00 7.600000e-01 7.899038e-01 2.860899e-02 1.115135e+00 5.167845e-05
3.350000e+00 7.600000e-01 7.899019e-01 2.868597e-02 1.115162e+00 2.974744e-05
3.400000e+00 7.600000e-01 7.899008e-01 2.873675e-02 1.115179e+00 1.670440e-05
3.450000e+00 7.600000e-01 7.899002e-01 2.877014e-02 1.115189e+00 9.058560e-06
3.500000e+00 7.600000e-01 7.898999e-01 2.879204e-02 1.115196e+00 4.658789e-06
3.550000e+00 7.600000e-01 7.898998e-01 2.880636e-02 1.115200e+00 2.188807e-06
3.600000e+00 7.600000e-01 7.898997e-01 2.881571e-02 1.115203e+00 8.496588e-07
3.650000e+00 7.600000e-01 7.898997e-01 2.882179e-02 1.115204e+00 1.610197e-07
3.700000e+00 7.600000e-01 7.898997e-01 2.882574e-02 1.115205e+00 -1.625411e-07
3.750000e+00 7.600000e-01 7.898997e-01 2.882829e-02 1.115206e+00 -2.882028e-07
3.800000e+00 7.600000e-01 7.898997e-01 2.882993e-02 1.115206e+00 -3.120849e-07
3.850000e+00 7.600000e-01 7.898997e-01 2.883098e-02 1.115206e+00 -2.881033e-07
3.900000e+00 7.600000e-01 7.898997e-01 2.883165e-02 1.115207e+00 -2.454720e-07
3.950000e+00 7.600000e-01 7.898997e-01 2.883207e-02 1.115207e+00 -1.992136e-07
4.000000e+00 7.600000e-01 7.898997e-01 2.883233e-02 1.115207e+00 -1.563976e-07
4.050000e+00 7.600000e-01 7.898998e-01 2.883249e-02 1.115207e+00 -1.197888e-07
4.100000e+00 7.600000e-01 7.898998e-01 2.883259e-02 1.115207e+00 -8.993963e-08
4.150000e+00 7.600000e-01 7.898998e-01 2.883265e-02 1.115207e+00 -6.636244e-08
4.200000e+00 7.600000e-01 7.898998e-01 2.883268e-02 1.115207e+00 -4.816191e-08
4.250000e+00 7.600000e-01 7.898998e-01 2.883269e-02 1.115207e+00 -3.435985e-08
4.300000e+00 7.600000e-01 7.898998e-01 2.883270e-02 1.115207e+00 -2.404743e-08
4.350000e+00 7.600000e-01 7.898998e-01 2.883270e-02 1.115207e+00 -1.644466e-08
4.400000e+00 7.600000e-01 7.898998e-01 2.883270e-02 1.115207e+00 -1.091243e-08
4.450000e+00 7.600000e-01 7.898998e-01 2.883270e-02 1.115207e+00 -6.942367e-09
4.500000e+00 7.600000e-01 7.898998e-01 2.883270e-02 1.115207e+00 -4.138280e-09
4.550000e+00 7.600000e-01 7.898998e-01 2.883270e-02 1.115207e+00 -2.195782e-09
4.600000e+00 7.600000e-01 7.898998e-01 2.883269e-02 1.115207e+00 -8.835321e-10
4.650000e+00 7.600000e-01 7.898998e-01 2.883269e-02 1.115207e+00 -2.722933e-11
4.700000e+00 7.600000e-01 7.898998e-01 2.883269e-02 1.115207e+00 5.035006e-10
4.750000e+00 7.600000e-01 7.898998e-01 2.883269e-02 1.115207e+00 8.054957e-10
4.800000e+00 7.600000e-01 7.898998e-01 2.883269e-02 1.115207e+00 9.501233e-10
4.850000e+00 7.600000e-01 7.898998e-01 2.883269e-02 1.115207e+00 9.895229e-10
4.900000e+00 7.600000e-01 7.898998e-01 2.883269e-02 1.115207e+00 9.613843e-10
4.950000e+00 7.600000e-01 7.898998e-01 2.883269e-02 1.115207e+00 8.925660e-10
5.000000e+00 7.600000e-01 7.898998e-01 2.883269e-02 1.115207e+00 8.018641e-10
5.050000e+00 7.600000e-01 7.898998e-01 2.883269e-02 1.115207e+00 7.021095e-10
5.100000e+00 7.600000e-01 7.898998e-01 2.883268e-02 1.115207e+00 6.017253e-10
5.150000e+00 7.600000e-01 7.898998e-01 2.883268e-02 1.115207e+00 5.059742e-10
5.200000e+00 7.600000e-01 7.898998e-01 2.883268e-02 1.115207e+00 4.178424e-10
5.250000e+00 7.600000e-01 7.898998e-01 2.883268e-02 1.115207e+00 3.386957e-10
5.300000e+00 7.600000e-01 7.898998e-01 2.883268e-02 1.115207e+00 2.688072e-10
5.350000e+00 7.600000e-01 7.898998e-01 2.883268e-02 1.115207e+00 2.077116e-10
5.400000e+00 7.600000e-01 7.898998e-01 2.883268e-02 1.115207e+00 1.544620e-10
5.450000e+00 7.600000e-01 7.898998e-01 2.883268e-02 1.115207e+00 1.078193e-10
5.500000e+00 7.600000e-01 7.898998e-01 2.883268e-02 1.115207e+00 6.636136e-11
5.550000e+00 7.600000e-01 7.898998e-01 2.883268e-02 1.115207e+00 2.853828e-11
5.600000e+00 7.600000e-01 7.898998e-01 2.883268e-02 1.115207e+00 -7.290835e-12
5.650000e+00 7.600000e-01 7.898998e-01 2.883268e-02 1.115207e+00 -4.286016e-11
5.700000e+00 7.600000e-01 7.898998e-01 2.883268e-02 1.115207e+00 -8.005596e-11
5.750000e+00 7.600000e-01 7.898998e-01 2.883268e-02 1.115207e+00 -1.209732e-10
5.800000e+00 7.600000e-01 7.898998e-01 2.883268e-02 1.115207e+00 -1.679856e-10
5.850000e+00 7.600000e-01 7.898998e-01 2.883268e-02 1.115207e+00 -2.239153e-10
5.900000e+00 7.600000e-01 7.898998e-01 2.883268e-02 1.115207e+00 -2.921718e-10
5.950000e+00 7.600000e-01 7.898998e-01 2.883268e-02 1.115207e+00 -3.769562e-10
6.000000e+00 7.600000e-01 7.898998e-01 2.883268e-02 1.115207e+00 -4.835610e-10
6.050000e+00 7.600000e-01 7.898998e-01 2.883268e-02 1.115207e+00 -6.186684e-10
6.100000e+00 7.600000e-01 7.898998e-01 2.883268e-02 1.115207e+00 -7.907996e-10
6.150000e+00 7.600000e-01 7.898998e-01 2.883268e-02 1.115207e+00 -1.010924e-09
6.200000e+00 7.600000e-01 7.898998e-01 2.883268e-02 1.115207e+00 -1.293138e-09
6.250000e+00 7.600000e-01 7.898998e-01 2.883268e-02 1.115207e+00 -1.655606e-09
6.300000e+00 7.600000e-01 7.898998e-01 2.883268e-02 1.115207e+00 -2.121804e-09
6.350000e+00 7.600000e-01 7.898998e-01 2.883269e-02 1.115207e+00 -2.722051e-09
6.400000e+00 7.600000e-01 7.898998e-01 2.883269e-02 1.115207e+00 -3.495542e-09
6.450000e+00 7.600000e-01 7.898998e-01 2.883269e-02 1.115207e+00 -4.492939e-09
6.500000e+00 7.600000e-01 7.898998e-01 2.883269e-02 1.115207e+00 -5.779791e-09
6.550000e+00 7.600000e-01 7.898998e-01 2.883269e-02 1.115207e+00 -7.440872e-09
6.600000e+00 7.600000e-01 7.898998e-01 2.883269e-02 1.115207e+00 -9.585814e-09
6.650000e+00 7.600000e-01 7.898998e-01 2.883269e-02 1.115207e+00 -1.235646e-08
6.700000e+00 7.600000e-01 7.898998e-01 2.883269e-02 1.115207e+00 -1.593627e-08
6.750000e+00 7.600000e-01 7.898998e-01 2.883269e-02 1.115207e+00 -2.056251e-08
6.800000e+00 7.600000e-01 7.898998e-01 2.883269e-02 1.115207e+00 -2.654215e-08
6.850000e+00 7.600000e-01 7.898998e-01 2.883269e-02 1.115207e+00 -3.427186e-08
6.900000e+00 7.600000e-01 7.898998e-01 2.883270e-02 1.115207e+00 -4.426593e-08
6.950000e+00 7.600000e-01 7.898998e-01 2.883270e-02 1.115207e+00 -5.718475e-08
7.000000e+00 7.600000e-01 7.898998e-01 2.883270e-02 1.115207e+00 -7.389789e-08
7.050000e+00 7.600000e-01 7.898998e-01 2.883271e-02 1.115207e+00 -9.547811e-08
7.100000e+00 7.600000e-01 7.898998e-01 2.883271e-02 1.115207e+00 -1.234762e-07
7.150000e+00 7.600000e-01 7.898998e-01 2.883274e-02 1.115207e+00 -1.593891e-07
7.200000e+00 7.600000e-01 7.898998e-01 2.883269e-02 1.115207e+00 -2.066759e-07
7.250000e+00 7.600000e-01 7.898998e-01 2.883287e-02 1.115207e+00 -2.653655e-07
7.300000e+00 7.600000e-01 7.898998e-01 2.883243e-02 1.115207e+00 -3.480353e-07
7.350000e+00 7.600000e-01 7.898999e-01 2.883372e-02 1.115207e+00 -4.366492e-07
7.400000e+00 7.600000e-01 7.898999e-01 2.883042e-02 1.115207e+00 -5.985760e-07
7.450000e+00 7.600000e-01 7.898999e-01 2.883892e-02 1.115207e+00 -6.891781e-07
7.500000e+00 7.600000e-01 7.899000e-01 2.881822e-02 1.115207e+00 -1.092744e-06
7.550000e+00 7.600000e-01 7.899000e-01 2.886738e-02 1.115207e+00 -9.490175e-07
7.600000e+00 7.600000e-01 7.899000e-01 2.875572e-02 1.115206e+00 -2.246666e-06
7.650000e+00 7.600000e-01 7.899003e-01 2.900033e-02 1.115208e+00 -7.536678e-07
7.700000e+00 7.600000e-01 7.899001e-01 2.848738e-02 1.115205e+00 -5.298011e-06
7.750000e+00 7.600000e-01 7.899008e-01 2.951829e-02 1.115212e+00 1.430540e-06
7.800000e+00 7.600000e-01 7.899000e-01 2.754165e-02 1.115199e+00 -1.316220e-05
7.850000e+00 7.600000e-01 7.899021e-01 3.115201e-02 1.115224e+00 8.671089e-06
7.900000e+00 7.600000e-01 7.898991e-01 2.489679e-02 1.115181e+00 -2.994507e-05
7.950000e+00 7.600000e-01 7.899051e-01 3.514353e-02 1.115251e+00 2.258640e-05
8.000000e+00 7.600000e-01 7.898969e-01 1.935509e-02 1.115146e+00 -5.454947e-05
8.050000e+00 7.600000e-01 7.899105e-01 4.212000e-02 1.115299e+00 3.267952e-05
8.100000e+00 7.600000e-01 7.898936e-01 1.161494e-02 1.115098e+00 -6.881657e-05
8.150000e+00 7.600000e-01 7.899174e-01 4.933317e-02 1.115346e+00 9.444573e-06
8.200000e+00 7.600000e-01 7.898926e-01 6.636373e-03 1.115072e+00 -4.825696e-05
8.250000e+00 7.600000e-01 7.899223e-01 5.070894e-02 1.115357e+00 -5.743790e-05
8.300000e+00 7.600000e-01 7.898984e-01 8.868207e-03 1.115094e+00 -2.918557e-05
8.350000e+00 7.600000e-01 7.899252e-01 4.720501e-02 1.115339e+00 -9.141583e-05
8.400000e+00 7.600000e-01 7.899075e-01 9.274283e-03 1.115110e+00 -1.236781e-04
8.450000e+00 7.600000e-01 7.899375e-01 5.437536e-02 1.115387e+00 -3.398775e-05
8.500000e+00 7.600000e-01 7.899109e-01 -6.411543e-03 1.115042e+00 -2.882995e-04
8.550000e+00 7.600000e-01 7.899664e-01 7.351875e-02 1.115508e+00 -1.019330e-04
8.600000e+00 7.600000e-01 7.899211e-01 -1.907329e-02 1.115002e+00 -2.759655e-04
8.650000e+00 7.600000e-01 7.899940e-01 7.204596e-02 1.115539e+00 -4.300234e-04
8.700000e+00 7.600000e-01 7.899641e-01 -6.218310e-03 1.115095e+00 -3.437574e-04
8.750000e+00 7.600000e-01 7.900283e-01 6.350011e-02 1.115570e+00 -5.344699e-04
8.800000e+00 7.600000e-01 7.900176e-01 -1.890306e-02 1.115103e+00 -9.441305e-04
8.850000e+00 7.600000e-01 7.901228e-01 9.831680e-02 1.115799e+00 -6.777605e-04
8.900000e+00 7.600000e-01 7.900853e-01 -5.229202e-02 1.115109e+00 -1.296321e-03
8.950000e+00 7.600000e-01 7.902524e-01 1.027469e-01 1.115972e+00 -1.734557e-03
9.000000e+00 7.600000e-01 7.902588e-01 -2.727098e-02 1.115342e+00 -1.808563e-03
9.050000e+00 7.600000e-01 7.904332e-01 8.683768e-02 1.116266e+00 -2.476631e-03
9.100000e+00 7.600000e-01 7.905065e-01 -5.608767e-02 1.115543e+00 -3.759908e-03
9.150000e+00 7.600000e-01 7.908092e-01 1.468329e-01 1.116805e+00 -3.969016e-03
9.200000e+00 7.600000e-01 7.909034e-01 -8.596754e-02 1.116078e+00 -5.351048e-03
9.250000e+00 7.600000e-01 7.913443e-01 1.217347e-01 1.117549e+00 -7.436931e-03
9.300000e+00 7.600000e-01 7.916471e-01 -5.608632e-02 1.116786e+00 -9.241531e-03
9.350000e+00 7.600000e-01 7.922685e-01 1.581544e-01 1.118893e+00 -1.113596e-02
9.400000e+00 7.600000e-01 7.927607e-01 -1.278271e-01 1.118286e+00 -1.539296e-02
9.450000e+00 7.600000e-01 7.938078e-01 1.834762e-01 1.120671e+00 -1.976175e-02
9.500000e+00 7.600000e-01 7.947368e-01 -8.876698e-02 1.120252e+00 -2.474233e-02
9.550000e+00 7.600000e-01 7.962820e-01 1.864326e-01 1.123986e+00 -3.161086e-02
9.600000e+00 7.600000e-01 7.978979e-01 -1.466522e-01 1.123727e+00 -4.182412e-02
9.650000e+00 7.600000e-01 8.004644e-01 2.335637e-01 1.127769e+00 -5.350424e-02
9.700000e+00 7.600000e-01 8.032483e-01 -1.122256e-01 1.127676e+00 -6.843376e-02
9.750000e+00 7.600000e-01 8.073078e-01 2.446889e-01 1.133015e+00 -8.837924e-02
9.800000e+00 7.600000e-01 8.120863e-01 -1.178958e-01 1.131386e+00 -1.155153e-01
9.850000e+00 7.600000e-01 8.188593e-01 2.808146e-01 1.133751e+00 -1.514048e-01
9.900000e+00 7.600000e-01 8.272267e-01 -1.596131e-02 1.125377e+00 -2.005276e-01
9.950000e+00 7.600000e-01 8.389121e-01 3.537798e-01 1.117640e+00 -2.731726e-01
1.000000e+01 7.600000e-01 8.545440e-01 2.711323e-01 0.000000e+00 0.000000e+00
0.000000e+00 7.800000e-01 8.757840e-01 3.360000e+00 0.000000e+00 0.000000e+00
5.000000e-02 7.800000e-01 8.758406e-01 3.364929e+00 1.027594e+00 -7.807242e-04
1.000000e-01 7.800000e-01 8.758621e-01 3.361293e+00 1.027425e+00 -1.057072e-04
1.500000e-01 7.800000e-01 8.758512e-01 3.344765e+00 1.028082e+00 -1.188594e-05
2.000000e-01 7.800000e-01 8.758633e-01 3.356751e+00 1.028418e+00 -6.615674e-04
2.500000e-01 7.800000e-01 8.759173e-01 3.388581e+00 1.027320e+00 -7.535440e-04
3.000000e-01 7.800000e-01 8.759386e-01 3.371081e+00 1.026279e+00 3.480247e-04
3.500000e-01 7.800000e-01 8.758825e-01 3.319012e+00 1.027332e+00 1.042158e-03
4.000000e-01 7.800000e-01 8.758344e-01 3.335192e+00 1.028974e+00 1.436930e-04
4.500000e-01 7.800000e-01 8.758681e-01 3.411255e+00 1.028213e+00 -6.409073e-04
5.000000e-01 7.800000e-01 8.758985e-01 3.406813e+00 1.026053e+00 5.394781e-04
5.500000e-01 7.800000e-01 8.758142e-01 3.301122e+00 1.026350e+00 2.264892e-03
6.000000e-01 7.800000e-01 8.756720e-01 3.271819e+00 1.029377e+00 2.081539e-03
6.500000e-01 7.800000e-01 8.756060e-01 3.398006e+00 1.030839e+00 7.925633e-04
7.000000e-01 7.800000e-01 8.755927e-01 3.480477e+00 1.028726e+00 1.282858e-03
7.500000e-01 7.800000e-01 8.754778e-01 3.347021e+00 1.026738e+00 3.764655e-03
8.000000e-01 7.800000e-01 8.752163e-01 3.174633e+00 1.028896e+00 5.353198e-03
8.500000e-01 7.800000e-01 8.749424e-01 3.254991e+00 1.032912e+00 4.740170e-03
9.000000e-01 7.800000e-01 8.747423e-01 3.503052e+00 1.033166e+00 4.401238e-03
9.500000e-01 7.800000e-01 8.745023e-01 3.524652e+00 1.029087e+00 6.684165e-03
1.000000e+00 7.800000e-01 8.740738e-01 3.213649e+00 1.026511e+00 1.000776e-02
1.050000e+00 7.800000e-01 8.735015e-01 2.978480e+00 1.029366e+00 1.117100e-02
1.100000e+00 7.800000e-01 8.729567e-01 3.180824e+00 1.033533e+00 1.032781e-02
1.150000e+00 7.800000e-01 8.724688e-01 3.568144e+00 1.032375e+00 1.083314e-02
1.200000e+00 7.800000e-01 8.718734e-01 3.573495e+00 1.025949e+00 1.420625e-02
1.250000e+00 7.800000e-01 8.710481e-01 3.094609e+00 1.021302e+00 1.785826e-02
1.300000e+00 7.800000e-01 8.700876e-01 2.679271e+00 1.023434e+00 1.877827e-02
1.350000e+00 7.800000e-01 8.691703e-01 2.837569e+00 1.028924e+00 1.765505e-02
1.400000e+00 7.800000e-01 8.683221e-01 3.383778e+00 1.029891e+00 1.778891e-02
1.450000e+00 7.800000e-01 8.673914e-01 3.646893e+00 1.023081e+00 2.089411e-02
1.500000e+00 7.800000e-01 8.662327e-01 3.255222e+00 1.013790e+00 2.533379e-02
1.550000e+00 7.800000e-01 8.648580e-01 2.551269e+00 1.010584e+00 2.821653e-02
1.600000e+00 7.800000e-01 8.634110e-01 2.201074e+00 1.016426e+00 2.827619e-02
1.650000e+00 7.800000e-01 8.620304e-01 2.504465e+00 1.025265e+00 2.678296e-02
1.700000e+00 7.800000e-01 8.607327e-01 3.134903e+00 1.027498e+00 2.644657e-02
1.750000e+00 7.800000e-01 8.593858e-01 3.494885e+00 1.019190e+00 2.944532e-02
1.800000e+00 7.800000e-01 8.577882e-01 3.261816e+00 1.006094e+00 3.570497e-02
1.850000e+00 7.800000e-01 8.558153e-01 2.599544e+00 9.986644e-01 4.257452e-02
1.900000e+00 7.800000e-01 8.535308e-01 1.953039e+00 1.003200e+00 4.650959e-02
1.950000e+00 7.800000e-01 8.511643e-01 1.693281e+00 1.016934e+00 4.584914e-02
2.000000e+00 7.800000e-01 8.489458e-01 1.881785e+00 1.030717e+00 4.239288e-02
2.050000e+00 7.800000e-01 8.469250e-01 2.294721e+00 1.036316e+00 4.021190e-02
2.100000e+00 7.800000e-01 8.449247e-01 2.635636e+00 1.031734e+00 4.273074e-02
2.150000e+00 7.800000e-01 8.426519e-01 2.721580e+00 1.021053e+00 5.053628e-02
2.200000e+00 7.800000e-01 8.398710e-01 2.526437e+00 1.010731e+00 6.124311e-02
2.250000e+00 7.800000e-01 8.365276e-01 2.128697e+00 1.005913e+00 7.099248e-02
2.300000e+00 7.800000e-01 8.327718e-01 1.642977e+00 1.008664e+00 7.638975e-02
2.350000e+00 7.800000e-01 8.288887e-01 1.170590e+00 1.018165e+00 7.582172e-02
2.400000e+00 7.800000e-01 8.251896e-01 7.752909e-01 1.031973e+00 6.968679e-02
2.450000e+00 7.800000e-01 8.219200e-01 4.810352e-01 1.047373e+00 5.974784e-02
2.500000e+00 7.800000e-01 8.192148e-01 2.830895e-01 1.062225e+00 4.818565e-02
2.550000e+00 7.800000e-01 8.171014e-01 1.623093e-01 1.075241e+00 3.685483e-02
2.600000e+00 7.800000e-01 8.155293e-01 9.613172e-02 1.085888e+00 2.694028e-02
2.650000e+00 7.800000e-01 8.144074e-01 6.470014e-02 1.094153e+00 1.895520e-02
2.700000e+00 7.800000e-01 8.136338e-01 5.316025e-02 1.100310e+00 1.292025e-02
2.750000e+00 7.800000e-01 8.131154e-01 5.168096e-02 1.104749e+00 8.580418e-03
2.800000e+00 7.800000e-01 8.127758e-01 5.444088e-02 1.107864e+00 5.579172e-03
2.850000e+00 7.800000e-01 8.125574e-01 5.837502e-02 1.110005e+00 3.566226e-03
2.900000e+00 7.800000e-01 8.124192e-01 6.209389e-02 1.111452e+00 2.247969e-03
2.950000e+00 7.800000e-01 8.123326e-01 6.511336e-02 1.112416e+00 1.400518e-03
3.000000e+00 7.800000e-01 8.122791e-01 6.737740e-02 1.113052e+00 8.635799e-04
3.050000e+00 7.800000e-01 8.122463e-01 6.899620e-02 1.113467e+00 5.273153e-04
3.100000e+00 7.800000e-01 8.122264e-01 7.011927e-02 1.113737e+00 3.187767e-04
3.150000e+00 7.800000e-01 8.122144e-01 7.088325e-02 1.113911e+00 1.905883e-04
3.200000e+00 7.800000e-01 8.122073e-01 7.139622e-02 1.114022e+00 1.124746e-04
3.250000e+00 7.800000e-01 8.122032e-01 7.173764e-02 1.114094e+00 6.531585e-05
3.300000e+00 7.800000e-01 8.122008e-01 7.196350e-02 1.114139e+00 3.714667e-05
3.350000e+00 7.800000e-01 8.121994e-01 7.211225e-02 1.114167e+00 2.053462e-05
3.400000e+00 7.800000e-01 8.121987e-01 7.220990e-02 1.114185e+00 1.089423e-05
3.450000e+00 7.800000e-01 8.121984e-01 7.227381e-02 1.114197e+00 5.415751e-06
3.500000e+00 7.800000e-01 8.121982e-01 7.231554e-02 1.114204e+00 2.390321e-06
3.550000e+00 7.800000e-01 8.121981e-01 7.234271e-02 1.114208e+00 7.875835e-07
3.600000e+00 7.800000e-01 8.121981e-01 7.236036e-02 1.114211e+00 -7.292426e-09
3.650000e+00 7.800000e-01 8.121981e-01 7.237179e-02 1.114212e+00 -3.565023e-07
3.700000e+00 7.800000e-01 8.121981e-01 7.237916e-02 1.114213e+00 -4.699639e-07
3.750000e+00 7.800000e-01 8.121982e-01 7.238390e-02 1.114214e+00 -4.667657e-07
3.800000e+00 7.800000e-01 8.121982e-01 7.238693e-02 1.114214e+00 -4.125209e-07
3.850000e+00 7.800000e-01 8.121982e-01 7.238886e-02 1.114214e+00 -3.418769e-07
3.900000e+00 7.800000e-01 8.121982e-01 7.239008e-02 1.114214e+00 -2.719346e-07
3.950000e+00 7.800000e-01 8.121982e-01 7.239084e-02 1.114214e+00 -2.101433e-07
4.000000e+00 7.800000e-01 8.121982e-01 7.239130e-02 1.114214e+00 -1.588678e-07
4.050000e+00 7.800000e-01 8.121982e-01 7.239159e-02 1.114214e+00 -1.179718e-07
4.100000e+00 7.800000e-01 8.121983e-01 7.239175e-02 1.114214e+00 -8.623570e-08
4.150000e+00 7.800000e-01 8.121983e-01 7.239185e-02 1.114214e+00 -6.210214e-08
4.200000e+00 7.800000e-01 8.121983e-01 7.239190e-02 1.114214e+00 -4.404004e-08
4.250000e+00 7.800000e-01 8.121983e-01 7.239193e-02 1.114214e+00 -3.070133e-08
4.300000e+00 7.800000e-01 8.121983e-01 7.239193e-02 1.114214e+00 -2.096857e-08
4.350000e+00 7.800000e-01 8.121983e-01 7.239194e-02 1.114214e+00 -1.394970e-08
4.400000e+00 7.800000e-01 8.121983e-01 7.239193e-02 1.114214e+00 -8.950239e-09
4.450000e+00 7.800000e-01 8.121983e-01 7.239193e-02 1.114214e+00 -5.438986e-09
4.500000e+00 7.800000e-01 8.121983e-01 7.239192e-02 1.114214e+00 -3.014828e-09
4.550000e+00 7.800000e-01 8.121983e-01 7.239191e-02 1.114214e+00 -1.377765e-09
4.600000e+00 7.800000e-01 8.121983e-01 7.239191e-02 1.114214e+00 -3.050882e-10
4.650000e+00 7.800000e-01 8.121983e-01 7.239190e-02 1.114214e+00 3.674461e-10
4.700000e+00 7.800000e-01 8.121983e-01 7.239190e-02 1.114214e+00 7.602630e-10
4.750000e+00 7.800000e-01 8.121983e-01 7.239190e-02 1.114214e+00 9.611156e-10
4.800000e+00 7.800000e-01 8.121983e-01 7.239190e-02 1.114214e+00 1.033484e-09
4.850000e+00 7.800000e-01 8.121983e-01 7.239189e-02 1.114214e+00 1.022870e-09
4.900000e+00 7.800000e-01 8.121983e-01 7.239189e-02 1.114214e+00 9.615087e-10
4.950000e+00 7.800000e-01 8.121983e-01 7.239189e-02 1.114214e+00 8.718870e-10
5.000000e+00 7.800000e-01 8.121983e-01 7.239189e-02 1.114214e+00 7.693501e-10
5.050000e+00 7.800000e-01 8.121983e-01 7.239189e-02 1.114214e+00 6.640488e-10
5.100000e+00 7.800000e-01 8.121983e-01 7.239189e-02 1.114214e+00 5.623846e-10
5.150000e+00 7.800000e-01 8.121983e-01 7.239189e-02 1.114214e+00 4.680967e-10
5.200000e+00 7.800000e-01 8.121983e-01 7.239189e-02 1.114214e+00 3.830558e-10
5.250000e+00 7.800000e-01 8.121983e-01 7.239189e-02 1.114214e+00 3.078482e-10
5.300000e+00 7.800000e-01 8.121983e-01 7.239189e-02 1.114214e+00 2.422074e-10
5.350000e+00 7.800000e-01 8.121983e-01 7.239189e-02 1.114214e+00 1.853029e-10
5.400000e+00 7.800000e-01 8.121983e-01 7.239189e-02 1.114214e+00 1.359646e-10
5.450000e+00 7.800000e-01 8.121983e-01 7.239189e-02 1.114214e+00 9.283685e-11
5.500000e+00 7.800000e-01 8.121983e-01 7.239189e-02 1.114214e+00 5.444201e-11
5.550000e+00 7.800000e-01 8.121983e-01 7.239189e-02 1.114214e+00 1.921907e-11
5.600000e+00 7.800000e-01 8.121983e-01 7.239189e-02 1.114214e+00 -1.445954e-11
5.650000e+00 7.800000e-01 8.121983e-01 7.239189e-02 1.114214e+00 -4.830136e-11
5.700000e+00 7.800000e-01 8.121983e-01 7.239189e-02 1.114214e+00 -8.415380e-11
5.750000e+00 7.800000e-01 8.121983e-01 7.239189e-02 1.114214e+00 -1.240730e-10
5.800000e+00 7.800000e-01 8.121983e-01 7.239189e-02 1.114214e+00 -1.704115e-10
5.850000e+00 7.800000e-01 8.121983e-01 7.239189e-02 1.114214e+00 -2.259803e-10
5.900000e+00 7.800000e-01 8.121983e-01 7.239189e-02 1.114214e+00 -2.941891e-10
5.950000e+00 7.800000e-01 8.121983e-01 7.239189e-02 1.114214e+00 -3.792544e-10
6.000000e+00 7.800000e-01 8.121983e-01 7.239189e-02 1.114214e+00 -4.865153e-10
6.050000e+00 7.800000e-01 8.121983e-01 7.239189e-02 1.114214e+00 -6.227330e-10
6.100000e+00 7.800000e-01 8.121983e-01 7.239189e-02 1.114214e+00 -7.965295e-10
6.150000e+00 7.800000e-01 8.121983e-01 7.239189e-02 1.114214e+00 -1.019023e-09
6.200000e+00 7.800000e-01 8.121983e-01 7.239189e-02 1.114214e+00 -1.304519e-09
6.250000e+00 7.800000e-01 8.121983e-01 7.239189e-02 1.114214e+00 -1.671460e-09
6.300000e+00 7.800000e-01 8.121983e-01 7.239189e-02 1.114214e+00 -2.143694e-09
6.350000e+00 7.800000e-01 8.121983e-01 7.239189e-02 1.114214e+00 -2.752024e-09
6.400000e+00 7.800000e-01 8.121983e-01 7.239189e-02 1.114214e+00 -3.536276e-09
6.450000e+00 7.800000e-01 8.121983e-01 7.239189e-02 1.114214e+00 -4.547954e-09
6.500000e+00 7.800000e-01 8.121983e-01 7.239189e-02 1.114214e+00 -5.853701e-09
6.550000e+00 7.800000e-01 8.121983e-01 7.239189e-02 1.114214e+00 -7.539717e-09
6.600000e+00 7.800000e-01 8.121983e-01 7.239189e-02 1.114214e+00 -9.717507e-09
6.650000e+00 7.800000e-01 8.121983e-01 7.239190e-02 1.114214e+00 -1.253134e-08
6.700000e+00 7.800000e-01 8.121983e-01 7.239190e-02 1.114214e+00 -1.616784e-08
6.750000e+00 7.800000e-01 8.121983e-01 7.239190e-02 1.114214e+00 -2.086838e-08
6.800000e+00 7.800000e-01 8.121983e-01 7.239190e-02 1.114214e+00 -2.694538e-08
6.850000e+00 7.800000e-01 8.121983e-01 7.239191e-02 1.114214e+00 -3.480234e-08
6.900000e+00 7.800000e-01 8.121983e-01 7.239191e-02 1.114214e+00 -4.496309e-08
6.950000e+00 7.800000e-01 8.121983e-01 7.239192e-02 1.114214e+00 -5.809841e-08
7.000000e+00 7.800000e-01 8.121983e-01 7.239193e-02 1.114214e+00 -7.509795e-08
7.050000e+00 7.800000e-01 8.121983e-01 7.239195e-02 1.114214e+00 -9.703960e-08
7.100000e+00 7.800000e-01 8.121983e-01 7.239195e-02 1.114214e+00 -1.255460e-07
7.150000e+00 7.800000e-01 8.121983e-01 7.239200e-02 1.114214e+00 -1.620103e-07
7.200000e+00 7.800000e-01 8.121983e-01 7.239194e-02 1.114214e+00 -2.103357e-07
7.250000e+00 7.800000e-01 8.121983e-01 7.239222e-02 1.114214e+00 -2.694802e-07
7.300000e+00 7.800000e-01 8.121983e-01 7.239158e-02 1.114214e+00 -3.551713e-07
7.350000e+00 7.800000e-01 8.121984e-01 7.239350e-02 1.114214e+00 -4.413550e-07
7.400000e+00 7.800000e-01 8.121984e-01 7.238872e-02 1.114214e+00 -6.161971e-07
7.450000e+00 7.800000e-01 8.121984e-01 7.240104e-02 1.114214e+00 -6.844143e-07
7.500000e+00 7.800000e-01 8.121984e-01 7.237145e-02 1.114214e+00 -1.150788e-06
7.550000e+00 7.800000e-01 8.121985e-01 7.244129e-02 1.114214e+00 -8.814795e-07
7.600000e+00 7.800000e-01 8.121985e-01 7.228427e-02 1.114214e+00 -2.464008e-06
7.650000e+00 7.800000e-01 8.121988e-01 7.262545e-02 1.114215e+00 -4.139662e-07
7.700000e+00 7.800000e-01 8.121986e-01 7.191690e-02 1.114212e+00 -6.065647e-06
7.750000e+00 7.800000e-01 8.121994e-01 7.332812e-02 1.114219e+00 2.664360e-06
7.800000e+00 7.800000e-01 8.121983e-01 7.064860e-02 1.114207e+00 -1.545261e-05
7.850000e+00 7.800000e-01 8.122009e-01 7.549611e-02 1.114229e+00 1.208495e-05
7.900000e+00 7.800000e-01 8.121971e-01 6.718155e-02 1.114192e+00 -3.530197e-05
7.950000e+00 7.800000e-01 8.122045e-01 8.066534e-02 1.114252e+00 2.950808e-05
8.000000e+00 7.800000e-01 8.121941e-01 6.010485e-02 1.114162e+00 -6.351011e-05
8.050000e+00 7.800000e-01 8.122108e-01 8.944214e-02 1.114290e+00 4.177854e-05
8.100000e+00 7.800000e-01 8.121900e-01 5.054677e-02 1.114123e+00 -7.761090e-05
8.150000e+00 7.800000e-01 8.122186e-01 9.814344e-02 1.114327e+00 1.429459e-05
8.200000e+00 7.800000e-01 8.121885e-01 4.479069e-02 1.114103e+00 -4.975825e-05
8.250000e+00 7.800000e-01 8.122235e-01 9.943644e-02 1.114332e+00 -6.168973e-05
8.300000e+00 7.800000e-01 8.121947e-01 4.774531e-02 1.114121e+00 -2.554027e-05
8.350000e+00 7.800000e-01 8.122261e-01 9.532561e-02 1.114314e+00 -9.411869e-05
8.400000e+00 7.800000e-01 8.122041e-01 4.773672e-02 1.114134e+00 -1.321224e-04
8.450000e+00 7.800000e-01 8.122393e-01 1.045760e-01 1.114343e+00 -2.165171e-05
8.500000e+00 7.800000e-01 8.122063e-01 2.874238e-02 1.114089e+00 -3.088351e-04
8.550000e+00 7.800000e-01 8.122702e-01 1.269496e-01 1.114418e+00 -9.480118e-05
8.600000e+00 7.800000e-01 8.122158e-01 1.463995e-02 1.114060e+00 -2.807814e-04
8.650000e+00 7.800000e-01 8.122983e-01 1.248617e-01 1.114438e+00 -4.446571e-04
8.700000e+00 7.800000e-01 8.122602e-01 2.884845e-02 1.114107e+00 -3.494677e-04
8.750000e+00 7.800000e-01 8.123332e-01 1.169221e-01 1.114462e+00 -5.347249e-04
8.800000e+00 7.800000e-01 8.123137e-01 1.287135e-02 1.114114e+00 -9.798435e-04
8.850000e+00 7.800000e-01 8.124312e-01 1.563704e-01 1.114570e+00 -6.807606e-04
8.900000e+00 7.800000e-01 8.123818e-01 -2.296918e-02 1.114144e+00 -1.323353e-03
8.950000e+00 7.800000e-01 8.125635e-01 1.611062e-01 1.114668e+00 -1.766777e-03
9.000000e+00 7.800000e-01 8.125585e-01 1.987668e-03 1.114226e+00 -1.861414e-03
9.050000e+00 7.800000e-01 8.127497e-01 1.488704e-01 1.114887e+00 -2.508242e-03
9.100000e+00 7.800000e-01 8.128093e-01 -3.101808e-02 1.114358e+00 -3.836371e-03
9.150000e+00 7.800000e-01 8.131333e-01 2.117411e-01 1.115090e+00 -4.059982e-03
9.200000e+00 7.800000e-01 8.132153e-01 -6.056872e-02 1.114720e+00 -5.477815e-03
9.250000e+00 7.800000e-01 8.136811e-01 1.917919e-01 1.115598e+00 -7.531199e-03
9.300000e+00 7.800000e-01 8.139684e-01 -3.772032e-02 1.114965e+00 -9.453509e-03
9.350000e+00 7.800000e-01 8.146265e-01 2.349200e-01 1.116325e+00 -1.138963e-02
9.400000e+00 7.800000e-01 8.151074e-01 -1.053630e-01 1.115976e+00 -1.566517e-02
9.450000e+00 7.800000e-01 8.161930e-01 2.659343e-01 1.117234e+00 -2.003729e-02
9.500000e+00 7.800000e-01 8.171111e-01 -7.665325e-02 1.116758e+00 -2.526923e-02
9.550000e+00 7.800000e-01 8.187199e-01 2.869004e-01 1.119089e+00 -3.214153e-02
9.600000e+00 7.800000e-01 8.203252e-01 -1.261203e-01 1.118527e+00 -4.235269e-02
9.650000e+00 7.800000e-01 8.229552e-01 3.468324e-01 1.120505e+00 -5.397655e-02
9.700000e+00 7.800000e-01 8.257229e-01 -9.841388e-02 1.119261e+00 -6.907350e-02
9.750000e+00 7.800000e-01 8.298625e-01 3.953437e-01 1.121518e+00 -8.855161e-02
9.800000e+00 7.800000e-01 8.345781e-01 -7.925711e-02 1.117177e+00 -1.148817e-01
9.850000e+00 7.800000e-01 8.413507e-01 4.854036e-01 1.114337e+00 -1.489421e-01
9.900000e+00 7.800000e-01 8.494723e-01 6.730152e-02 1.098494e+00 -1.952841e-01
9.950000e+00 7.800000e-01 8.608791e-01 6.690402e-01 1.077715e+00 -2.631173e-01
1.000000e+01 7.800000e-01 8.757840e-01 5.393397e-01 0.000000e+00 0.000000e+00
0.000000e+00 8.000000e-01 8.956800e-01 3.600000e+00 0.000000e+00 0.000000e+00
5.000000e-02 8.000000e-01 8.957223e-01 3.600238e+00 9.581804e-01 -6.147981e-04
1.000000e-01 8.000000e-01 8.957415e-01 3.597169e+00 9.580736e-01 -1.974498e-04
1.500000e-01 8.000000e-01 8.957420e-01 3.599584e+00 9.584829e-01 -1.421204e-04
2.000000e-01 8.000000e-01 8.957557e-01 3.607020e+00 9.584728e-01 -4.635491e-04
2.500000e-01 8.000000e-01 8.957884e-01 3.602815e+00 9.576427e-01 -4.245653e-04
3.000000e-01 8.000000e-01 8.957981e-01 3.589641e+00 9.572593e-01 2.298408e-04
3.500000e-01 8.000000e-01 8.957654e-01 3.593841e+00 9.581519e-01 6.054567e-04
4.000000e-01 8.000000e-01 8.957376e-01 3.613622e+00 9.588475e-01 1.664637e-04
4.500000e-01 8.000000e-01 8.957488e-01 3.611096e+00 9.580041e-01 -1.300960e-04
5.000000e-01 8.000000e-01 8.957506e-01 3.581440e+00 9.570901e-01 5.987495e-04
5.500000e-01 8.000000e-01 8.956889e-01 3.574530e+00 9.580667e-01 1.547335e-03
6.000000e-01 8.000000e-01 8.955959e-01 3.610900e+00 9.598864e-01 1.553333e-03
6.500000e-01 8.000000e-01 8.955336e-01 3.630851e+00 9.600662e-01 1.145661e-03
7.000000e-01 8.000000e-01 8.954813e-01 3.586260e+00 9.589537e-01 1.706555e-03
7.500000e-01 8.000000e-01 8.953629e-01 3.535067e+00 9.592489e-01 3.197206e-03
8.000000e-01 8.000000e-01 8.951616e-01 3.564757e+00 9.615672e-01 4.285718e-03
8.500000e-01 8.000000e-01 8.949343e-01 3.640753e+00 9.631221e-01 4.599452e-03
9.000000e-01 8.000000e-01 8.947016e-01 3.632200e+00 9.620818e-01 5.317786e-03
9.500000e-01 8.000000e-01 8.944026e-01 3.513049e+00 9.605868e-01 7.153235e-03
1.000000e+00 8.000000e-01 8.939863e-01 3.433002e+00 9.615691e-01 9.128201e-03
1.050000e+00 8.000000e-01 8.934897e-01 3.515040e+00 9.640392e-01 1.016010e-02
1.100000e+00 8.000000e-01 8.929703e-01 3.649832e+00 9.642437e-01 1.087851e-02
1.150000e+00 8.000000e-01 8.924019e-01 3.614544e+00 9.613393e-01 1.261205e-02
1.200000e+00 8.000000e-01 8.917091e-01 3.384624e+00 9.589267e-01 1.514250e-02
1.250000e+00 8.000000e-01 8.908876e-01 3.203930e+00 9.601597e-01 1.688632e-02
1.300000e+00 8.000000e-01 8.900205e-01 3.288698e+00 9.632663e-01 1.731834e-02
1.350000e+00 8.000000e-01 8.891558e-01 3.533569e+00 9.637605e-01 1.790778e-02
1.400000e+00 8.000000e-01 8.882297e-01 3.609989e+00 9.601343e-01 2.009414e-02
1.450000e+00 8.000000e-01 8.871464e-01 3.345714e+00 9.557264e-01 2.328096e-02
1.500000e+00 8.000000e-01 8.859016e-01 2.934550e+00 9.550159e-01 2.557920e-02
1.550000e+00 8.000000e-01 8.845885e-01 2.741347e+00 9.589374e-01 2.609975e-02
1.600000e+00 8.000000e-01 8.832916e-01 2.926563e+00 9.639873e-01 2.584990e-02
1.650000e+00 8.000000e-01 8.820035e-01 3.290207e+00 9.653968e-01 2.655521e-02
1.700000e+00 8.000000e-01 8.806361e-01 3.466099e+00 9.612791e-01 2.914473e-02
1.750000e+00 8.000000e-01 8.790890e-01 3.246349e+00 9.544686e-01 3.326611e-02
1.800000e+00 8.000000e-01 8.773095e-01 2.734744e+00 9.506563e-01 3.765956e-02
1.850000e+00 8.000000e-01 8.753231e-01 2.235842e+00 9.541819e-01 4.080350e-02
1.900000e+00 8.000000e-01 8.732291e-01 2.020595e+00 9.646301e-01 4.171896e-02
1.950000e+00 8.000000e-01 8.711512e-01 2.153803e+00 9.768707e-01 4.076974e-02
2.000000e+00 8.000000e-01 8.691522e-01 2.485040e+00 9.846334e-01 3.978170e-02
2.050000e+00 8.000000e-01 8.671730e-01 2.781191e+00 9.847367e-01 4.107509e-02
2.100000e+00 8.000000e-01 8.650447e-01 2.873873e+00 9.787090e-01 4.600736e-02
2.150000e+00 8.000000e-01 8.625722e-01 2.716705e+00 9.712537e-01 5.405955e-02
2.200000e+00 8.000000e-01 8.596387e-01 2.358363e+00 9.674187e-01 6.299804e-02
2.250000e+00 8.000000e-01 8.562724e-01 1.890474e+00 9.703835e-01 6.991539e-02
2.300000e+00 8.000000e-01 8.526472e-01 1.405882e+00 9.806754e-01 7.251056e-02
2.350000e+00 8.000000e-01 8.490214e-01 9.741274e-01 9.966647e-01 6.993217e-02
2.400000e+00 8.000000e-01 8.456540e-01 6.326698e-01 1.015691e+00 6.285268e-02
2.450000e+00 8.000000e-01 8.427361e-01 3.902571e-01 1.035132e+00 5.292176e-02
2.500000e+00 8.000000e-01 8.403618e-01 2.364025e-01 1.053036e+00 4.201933e-02
2.550000e+00 8.000000e-01 8.385342e-01 1.513221e-01 1.068300e+00 3.167964e-02
2.600000e+00 8.000000e-01 8.371938e-01 1.134800e-01 1.080552e+00 2.283651e-02
2.650000e+00 8.000000e-01 8.362505e-01 1.041764e-01 1.089920e+00 1.584476e-02
2.700000e+00 8.000000e-01 8.356093e-01 1.095407e-01 1.096807e+00 1.064732e-02
2.750000e+00 8.000000e-01 8.351858e-01 1.206339e-01 1.101710e+00 6.968119e-03
2.800000e+00 8.000000e-01 8.349125e-01 1.324910e-01 1.105110e+00 4.462698e-03
2.850000e+00 8.000000e-01 8.347395e-01 1.428451e-01 1.107420e+00 2.807928e-03
2.900000e+00 8.000000e-01 8.346317e-01 1.510007e-01 1.108963e+00 1.740843e-03
2.950000e+00 8.000000e-01 8.345654e-01 1.570359e-01 1.109981e+00 1.065512e-03
3.000000e+00 8.000000e-01 8.345252e-01 1.613240e-01 1.110645e+00 6.444341e-04
3.050000e+00 8.000000e-01 8.345010e-01 1.642887e-01 1.111075e+00 3.850911e-04
3.100000e+00 8.000000e-01 8.344867e-01 1.663005e-01 1.111351e+00 2.270790e-04
3.150000e+00 8.000000e-01 8.344783e-01 1.676484e-01 1.111528e+00 1.318020e-04
3.200000e+00 8.000000e-01 8.344735e-01 1.685435e-01 1.111640e+00 7.498167e-05
3.250000e+00 8.000000e-01 8.344708e-01 1.691343e-01 1.111711e+00 4.152229e-05
3.300000e+00 8.000000e-01 8.344693e-01 1.695223e-01 1.111756e+00 2.212322e-05
3.350000e+00 8.000000e-01 8.344686e-01 1.697764e-01 1.111784e+00 1.109986e-05
3.400000e+00 8.000000e-01 8.344682e-01 1.699422e-01 1.111801e+00 5.004708e-06
3.450000e+00 8.000000e-01 8.344681e-01 1.700501e-01 1.111812e+00 1.764634e-06
3.500000e+00 8.000000e-01 8.344681e-01 1.701202e-01 1.111818e+00 1.453431e-07
3.550000e+00 8.000000e-01 8.344681e-01 1.701656e-01 1.111822e+00 -5.790743e-07
3.600000e+00 8.000000e-01 8.344681e-01 1.701949e-01 1.111825e+00 -8.288937e-07
3.650000e+00 8.000000e-01 8.344682e-01 1.702137e-01 1.111826e+00 -8.424604e-07
3.700000e+00 8.000000e-01 8.344682e-01 1.702258e-01 1.111827e+00 -7.511611e-07
3.750000e+00 8.000000e-01 8.344682e-01 1.702335e-01 1.111827e+00 -6.244990e-07
3.800000e+00 8.000000e-01 8.344683e-01 1.702384e-01 1.111828e+00 -4.969222e-07
3.850000e+00 8.000000e-01 8.344683e-01 1.702415e-01 1.111828e+00 -3.835909e-07
3.900000e+00 8.000000e-01 8.344683e-01 1.702434e-01 1.111828e+00 -2.894924e-07
3.950000e+00 8.000000e-01 8.344683e-01 1.702446e-01 1.111828e+00 -2.145975e-07
4.000000e+00 8.000000e-01 8.344683e-01 1.702453e-01 1.111828e+00 -1.566913e-07
4.050000e+00 8.000000e-01 8.344683e-01 1.702457e-01 1.111828e+00 -1.128608e-07
4.100000e+00 8.000000e-01 8.344683e-01 1.702459e-01 1.111828e+00 -8.022392e-08
4.150000e+00 8.000000e-01 8.344683e-01 1.702461e-01 1.111828e+00 -5.624402e-08
4.200000e+00 8.000000e-01 8.344683e-01 1.702461e-01 1.111828e+00 -3.882589e-08
4.250000e+00 8.000000e-01 8.344683e-01 1.702462e-01 1.111828e+00 -2.630671e-08
4.300000e+00 8.000000e-01 8.344683e-01 1.702462e-01 1.111828e+00 -1.740199e-08
4.350000e+00 8.000000e-01 8.344683e-01 1.702461e-01 1.111828e+00 -1.113834e-08
4.400000e+00 8.000000e-01 8.344683e-01 1.702461e-01 1.111828e+00 -6.788436e-09
4.450000e+00 8.000000e-01 8.344683e-01 1.702461e-01 1.111828e+00 -3.814511e-09
4.500000e+00 8.000000e-01 8.344683e-01 1.702461e-01 1.111828e+00 -1.822211e-09
4.550000e+00 8.000000e-01 8.344683e-01 1.702461e-01 1.111828e+00 -5.242029e-10
4.600000e+00 8.000000e-01 8.344683e-01 1.702461e-01 1.111828e+00 2.877376e-10
4.650000e+00 8.000000e-01 8.344683e-01 1.702461e-01 1.111828e+00 7.637113e-10
4.700000e+00 8.000000e-01 8.344683e-01 1.702461e-01 1.111828e+00 1.011365e-09
4.750000e+00 8.000000e-01 8.344683e-01 1.702461e-01 1.111828e+00 1.107417e-09
4.800000e+00 8.000000e-01 8.344683e-01 1.702461e-01 1.111828e+00 1.106122e-09
4.850000e+00 8.000000e-01 8.344683e-01 1.702461e-01 1.111828e+00 1.045444e-09
4.900000e+00 8.000000e-01 8.344683e-01 1.702461e-01 1.111828e+00 9.515821e-10
4.950000e+00 8.000000e-01 8.344683e-01 1.702461e-01 1.111828e+00 8.422651e-10
5.000000e+00 8.000000e-01 8.344683e-01 1.702461e-01 1.111828e+00 7.291412e-10
5.050000e+00 8.000000e-01 8.344683e-01 1.702461e-01 1.111828e+00 6.195455e-10
5.100000e+00 8.000000e-01 8.344683e-01 1.702461e-01 1.111828e+00 5.177636e-10
5.150000e+00 8.000000e-01 8.344683e-01 1.702461e-01 1.111828e+00 4.259737e-10
5.200000e+00 8.000000e-01 8.344683e-01 1.702461e-01 1.111828e+00 3.449241e-10
5.250000e+00 8.000000e-01 8.344683e-01 1.702461e-01 1.111828e+00 2.744183e-10
5.300000e+00 8.000000e-01 8.344683e-01 1.702461e-01 1.111828e+00 2.136546e-10
5.350000e+00 8.000000e-01 8.344683e-01 1.702461e-01 1.111828e+00 1.614708e-10
5.400000e+00 8.000000e-01 8.344683e-01 1.702461e-01 1.111828e+00 1.164935e-10
5.450000e+00 8.000000e-01 8.344683e-01 1.702461e-01 1.111828e+00 7.725376e-11
5.500000e+00 8.000000e-01 8.344683e-01 1.702461e-01 1.111828e+00 4.224399e-11
5.550000e+00 8.000000e-01 8.344683e-01 1.702461e-01 1.111828e+00 9.917622e-12
5.600000e+00 8.000000e-01 8.344683e-01 1.702461e-01 1.111828e+00 -2.132294e-11
5.650000e+00 8.000000e-01 8.344683e-01 1.702461e-01 1.111828e+00 -5.314083e-11
5.700000e+00 8.000000e-01 8.344683e-01 1.702461e-01 1.111828e+00 -8.731682e-11
5.750000e+00 8.000000e-01 8.344683e-01 1.702461e-01 1.111828e+00 -1.258571e-10
5.800000e+00 8.000000e-01 8.344683e-01 1.702461e-01 1.111828e+00 -1.710665e-10
5.850000e+00 8.000000e-01 8.344683e-01 1.702461e-01 1.111828e+00 -2.256983e-10
5.900000e+00 8.000000e-01 8.344683e-01 1.702461e-01 1.111828e+00 -2.931277e-10
5.950000e+00 8.000000e-01 8.344683e-01 1.702461e-01 1.111828e+00 -3.775580e-10
6.000000e+00 8.000000e-01 8.344683e-01 1.702461e-01 1.111828e+00 -4.842982e-10
6.050000e+00 8.000000e-01 8.344683e-01 1.702461e-01 1.111828e+00 -6.201017e-10
6.100000e+00 8.000000e-01 8.344683e-01 1.702461e-01 1.111828e+00 -7.936074e-10
6.150000e+00 8.000000e-01 8.344683e-01 1.702461e-01 1.111828e+00 -1.015947e-09
6.200000e+00 8.000000e-01 8.344683e-01 1.702461e-01 1.111828e+00 -1.301460e-09
6.250000e+00 8.000000e-01 8.344683e-01 1.702461e-01 1.111828e+00 -1.668659e-09
6.300000e+00 8.000000e-01 8.344683e-01 1.702461e-01 1.111828e+00 -2.141480e-09
6.350000e+00 8.000000e-01 8.344683e-01 1.702461e-01 1.111828e+00 -2.750841e-09
6.400000e+00 8.000000e-01 8.344683e-01 1.702461e-01 1.111828e+00 -3.536733e-09
6.450000e+00 8.000000e-01 8.344683e-01 1.702461e-01 1.111828e+00 -4.550904e-09
6.500000e+00 8.000000e-01 8.344683e-01 1.702461e-01 1.111828e+00 -5.860290e-09
6.550000e+00 8.000000e-01 8.344683e-01 1.702461e-01 1.111828e+00 -7.551504e-09
6.600000e+00 8.000000e-01 8.344683e-01 1.702461e-01 1.111828e+00 -9.736606e-09
6.650000e+00 8.000000e-01 8.344683e-01 1.702461e-01 1.111828e+00 -1.256058e-08
6.700000e+00 8.000000e-01 8.344683e-01 1.702461e-01 1.111828e+00 -1.621103e-08
6.750000e+00 8.000000e-01 8.344683e-01 1.702461e-01 1.111828e+00 -2.093059e-08
6.800000e+00 8.000000e-01 8.344683e-01 1.702461e-01 1.111828e+00 -2.703340e-08
6.850000e+00 8.000000e-01 8.344683e-01 1.702461e-01 1.111828e+00 -3.492508e-08
6.900000e+00 8.000000e-01 8.344683e-01 1.702461e-01 1.111828e+00 -4.513280e-08
6.950000e+00 8.000000e-01 8.344683e-01 1.702461e-01 1.111828e+00 -5.832990e-08
7.000000e+00 8.000000e-01 8.344684e-01 1.702461e-01 1.111828e+00 -7.541538e-08
7.050000e+00 8.000000e-01 8.344684e-01 1.702462e-01 1.111828e+00 -9.746045e-08
7.100000e+00 8.000000e-01 8.344684e-01 1.702462e-01 1.111828e+00 -1.261375e-07
7.150000e+00 8.000000e-01 8.344684e-01 1.702463e-01 1.111828e+00 -1.627298e-07
7.200000e+00 8.000000e-01 8.344684e-01 1.702462e-01 1.111828e+00 -2.115059e-07
7.250000e+00 8.000000e-01 8.344684e-01 1.702466e-01 1.111828e+00 -2.704657e-07
7.300000e+00 8.000000e-01 8.344684e-01 1.702458e-01 1.111828e+00 -3.580061e-07
7.350000e+00 8.000000e-01 8.344684e-01 1.702484e-01 1.111828e+00 -4.412032e-07
7.400000e+00 8.000000e-01 8.344684e-01 1.702422e-01 1.111828e+00 -6.256821e-07
7.450000e+00 8.000000e-01 8.344685e-01 1.702582e-01 1.111828e+00 -6.738570e-07
7.500000e+00 8.000000e-01 8.344685e-01 1.702204e-01 1.111827e+00 -1.189823e-06
7.550000e+00 8.000000e-01 8.344686e-01 1.703093e-01 1.111828e+00 -8.163427e-07
7.600000e+00 8.000000e-01 8.344686e-01 1.701114e-01 1.111827e+00 -2.624087e-06
7.650000e+00 8.000000e-01 8.344689e-01 1.705391e-01 1.111828e+00 -1.293092e-07
7.700000e+00 8.000000e-01 8.344686e-01 1.696581e-01 1.111826e+00 -6.641889e-06
7.750000e+00 8.000000e-01 8.344695e-01 1.714008e-01 1.111830e+00 3.638625e-06
7.800000e+00 8.000000e-01 8.344682e-01 1.681180e-01 1.111823e+00 -1.715394e-05
7.850000e+00 8.000000e-01 8.344713e-01 1.740134e-01 1.111836e+00 1.467485e-05
7.900000e+00 8.000000e-01 8.344668e-01 1.639821e-01 1.111814e+00 -3.918689e-05
7.950000e+00 8.000000e-01 8.344752e-01 1.801241e-01 1.111849e+00 3.457680e-05
8.000000e+00 8.000000e-01 8.344633e-01 1.557114e-01 1.111797e+00 -6.979324e-05
8.050000e+00 8.000000e-01 8.344821e-01 1.902661e-01 1.111869e+00 4.820995e-05
8.100000e+00 8.000000e-01 8.344585e-01 1.448338e-01 1.111775e+00 -8.345938e-05
8.150000e+00 8.000000e-01 8.344905e-01 1.999867e-01 1.111888e+00 1.758080e-05
8.200000e+00 8.000000e-01 8.344567e-01 1.386495e-01 1.111763e+00 -5.031873e-05
8.250000e+00 8.000000e-01 8.344955e-01 2.010625e-01 1.111890e+00 -6.464751e-05
8.300000e+00 8.000000e-01 8.344632e-01 1.423018e-01 1.111772e+00 -2.222025e-05
8.350000e+00 8.000000e-01 8.344977e-01 1.963693e-01 1.111876e+00 -9.663859e-05
8.400000e+00 8.000000e-01 8.344729e-01 1.422110e-01 1.111785e+00 -1.351347e-04
8.450000e+00 8.000000e-01 8.345113e-01 2.068062e-01 1.111871e+00 -1.595689e-05
8.500000e+00 8.000000e-01 8.344745e-01 1.213695e-01 1.111782e+00 -3.182944e-04
8.550000e+00 8.000000e-01 8.345431e-01 2.309932e-01 1.111883e+00 -9.070593e-05
8.600000e+00 8.000000e-01 8.344835e-01 1.065683e-01 1.111770e+00 -2.841806e-04
8.650000e+00 8.000000e-01 8.345715e-01 2.287203e-01 1.111900e+00 -4.485965e-04
8.700000e+00 8.000000e-01 8.345284e-01 1.213638e-01 1.111756e+00 -3.531621e-04
8.750000e+00 8.000000e-01 8.346068e-01 2.212879e-01 1.111910e+00 -5.371448e-04
8.800000e+00 8.000000e-01 8.345821e-01 1.044158e-01 1.111781e+00 -9.871687e-04
8.850000e+00 8.000000e-01 8.347055e-01 2.620092e-01 1.111863e+00 -6.900500e-04
8.900000e+00 8.000000e-01 8.346511e-01 6.865744e-02 1.111843e+00 -1.335584e-03
8.950000e+00 8.000000e-01 8.348391e-01 2.677364e-01 1.111885e+00 -1.767133e-03
9.000000e+00 8.000000e-01 8.348278e-01 9.201065e-02 1.111760e+00 -1.896331e-03
9.050000e+00 8.000000e-01 8.350287e-01 2.589872e-01 1.111997e+00 -2.529489e-03
9.100000e+00 8.000000e-01 8.350808e-01 5.981793e-02 1.111840e+00 -3.841057e-03
9.150000e+00 8.000000e-01 8.354128e-01 3.202771e-01 1.111828e+00 -4.113985e-03
9.200000e+00 8.000000e-01 8.354922e-01 3.243489e-02 1.111998e+00 -5.554251e-03
9.250000e+00 8.000000e-01 8.359683e-01 3.085992e-01 1.112050e+00 -7.534628e-03
9.300000e+00 8.000000e-01 8.362456e-01 5.037316e-02 1.111785e+00 -9.532398e-03
9.350000e+00 8.000000e-01 8.369215e-01 3.545513e-01 1.112067e+00 -1.154068e-02
9.400000e+00 8.000000e-01 8.373997e-01 -6.123462e-03 1.112226e+00 -1.575645e-02
9.450000e+00 8.000000e-01 8.384971e-01 3.944951e-01 1.112001e+00 -2.007452e-02
9.500000e+00 8.000000e-01 8.394072e-01 1.585669e-02 1.111783e+00 -2.548453e-02
9.550000e+00 8.000000e-01 8.410456e-01 4.347091e-01 1.112171e+00 -3.231821e-02
9.600000e+00 8.000000e-01 8.426390e-01 -1.529837e-02 1.111653e+00 -4.239040e-02
9.650000e+00 8.000000e-01 8.452846e-01 5.180217e-01 1.110952e+00 -5.379810e-02
9.700000e+00 8.000000e-01 8.480188e-01 1.748304e-02 1.109009e+00 -6.883871e-02
9.750000e+00 8.000000e-01 8.521685e-01 6.202874e-01 1.107321e+00 -8.754569e-02
9.800000e+00 8.000000e-01 8.567734e-01 7.771992e-02 1.100817e+00 -1.126432e-01
9.850000e+00 8.000000e-01 8.634328e-01 8.047758e-01 1.091805e+00 -1.439312e-01
9.900000e+00 8.000000e-01 8.711665e-01 2.993520e-01 1.069293e+00 -1.858786e-01
9.950000e+00 8.000000e-01 8.820207e-01 1.173300e+00 1.034190e+00 -2.451352e-01
1.000000e+01 8.000000e-01 8.956800e-01 9.925346e-01 0.000000e+00 0.000000e+00
0.000000e+00 8.200000e-01 9.141360e-01 3.840000e+00 0.000000e+00 0.000000e+00
5.000000e-02 8.200000e-01 9.141678e-01 3.839680e+00 8.839373e-01 -4.901728e-04
1.000000e-01 8.200000e-01 9.141850e-01 3.839988e+00 8.838218e-01 -2.267008e-04
1.500000e-01 8.200000e-01 9.141905e-01 3.841565e+00 8.839803e-01 -1.715669e-04
2.000000e-01 8.200000e-01 9.142022e-01 3.840886e+00 8.838840e-01 -3.254880e-04
2.500000e-01 8.200000e-01 9.142230e-01 3.837998e+00 8.834132e-01 -2.681399e-04
3.000000e-01 8.200000e-01 9.142290e-01 3.838632e+00 8.832538e-01 1.443497e-04
3.500000e-01 8.200000e-01 9.142086e-01 3.842748e+00 8.837264e-01 4.068923e-04
4.000000e-01 8.200000e-01 9.141883e-01 3.841808e+00 8.840466e-01 2.027947e-04
4.500000e-01 8.200000e-01 9.141883e-01 3.834657e+00 8.836656e-01 6.203765e-05
5.000000e-01 8.200000e-01 9.141821e-01 3.832959e+00 8.833892e-01 5.144593e-04
5.500000e-01 8.200000e-01 9.141369e-01 3.840991e+00 8.840688e-01 1.146388e-03
6.000000e-01 8.200000e-01 9.140675e-01 3.843862e+00 8.851106e-01 1.281735e-03
6.500000e-01 8.200000e-01 9.140087e-01 3.830818e+00 8.854757e-01 1.165624e-03
7.000000e-01 8.200000e-01 9.139509e-01 3.817935e+00 8.854807e-01 1.609776e-03
7.500000e-01 8.200000e-01 9.138477e-01 3.825943e+00 8.862038e-01 2.719274e-03
8.000000e-01 8.200000e-01 9.136790e-01 3.841885e+00 8.876100e-01 3.803906e-03
8.500000e-01 8.200000e-01 9.134673e-01 3.830305e+00 8.885280e-01 4.534336e-03
9.000000e-01 8.200000e-01 9.132255e-01 3.789365e+00 8.886014e-01 5.415383e-03
9.500000e-01 8.200000e-01 9.129258e-01 3.765203e+00 8.888457e-01 6.889246e-03
1.000000e+00 8.200000e-01 9.125366e-01 3.787571e+00 8.898898e-01 8.626782e-03
1.050000e+00 8.200000e-01 9.120631e-01 3.812845e+00 8.907919e-01 1.010115e-02
1.100000e+00 8.200000e-01 9.115265e-01 3.770587e+00 8.905319e-01 1.140776e-02
1.150000e+00 8.200000e-01 9.109223e-01 3.666556e+00 8.898872e-01 1.295992e-02
1.200000e+00 8.200000e-01 9.102305e-01 3.594997e+00 8.904551e-01 1.467810e-02
1.250000e+00 8.200000e-01 9.094545e-01 3.624045e+00 8.921677e-01 1.612243e-02
1.300000e+00 8.200000e-01 9.086183e-01 3.693580e+00 8.930996e-01 1.733794e-02
1.350000e+00 8.200000e-01 9.077207e-01 3.667554e+00 8.921573e-01 1.890788e-02
1.400000e+00 8.200000e-01 9.067275e-01 3.492787e+00 8.908357e-01 2.100259e-02
1.450000e+00 8.200000e-01 9.056205e-01 3.276485e+00 8.915529e-01 2.294148e-02
1.500000e+00 8.200000e-01 9.044333e-01 3.187111e+00 8.947471e-01 2.404938e-02
1.550000e+00 8.200000e-01 9.032155e-01 3.280531e+00 8.982877e-01 2.462797e-02
1.600000e+00 8.200000e-01 9.019705e-01 3.433807e+00 8.996664e-01 2.569242e-02
1.650000e+00 8.200000e-01 9.006463e-01 3.451280e+00 8.983699e-01 2.786624e-02
1.700000e+00 8.200000e-01 8.991839e-01 3.233901e+00 8.963155e-01 3.081787e-02
1.750000e+00 8.200000e-01 8.975645e-01 2.859690e+00 8.964543e-01 3.369441e-02
1.800000e+00 8.200000e-01 8.958145e-01 2.520552e+00 9.008305e-01 3.581964e-02
1.850000e+00 8.200000e-01 8.939825e-01 2.383339e+00 9.092320e-01 3.698504e-02
1.900000e+00 8.200000e-01 8.921160e-01 2.484272e+00 9.190817e-01 3.743407e-02
1.950000e+00 8.200000e-01 8.902391e-01 2.720034e+00 9.267731e-01 3.784781e-02
2.000000e+00 8.200000e-01 8.883312e-01 2.925684e+00 9.298118e-01 3.924647e-02
2.050000e+00 8.200000e-01 8.863145e-01 2.972015e+00 9.283477e-01 4.258167e-02
2.100000e+00 8.200000e-01 8.840730e-01 2.814360e+00 9.250970e-01 4.812396e-02
2.150000e+00 8.200000e-01 8.815021e-01 2.482011e+00 9.239306e-01 5.505239e-02
2.200000e+00 8.200000e-01 8.785678e-01 2.042722e+00 9.281376e-01 6.159120e-02
2.250000e+00 8.200000e-01 8.753430e-01 1.571753e+00 9.392325e-01 6.568979e-02
2.300000e+00 8.200000e-01 8.719988e-01 1.132768e+00 9.566816e-01 6.587724e-02
2.350000e+00 8.200000e-01 8.687552e-01 7.684630e-01 9.784366e-01 6.181551e-02
2.400000e+00 8.200000e-01 8.658172e-01 4.986694e-01 1.001846e+00 5.429999e-02
2.450000e+00 8.200000e-01 8.633252e-01 3.235863e-01 1.024480e+00 4.480972e-02
2.500000e+00 8.200000e-01 8.613363e-01 2.295927e-01 1.044615e+00 3.491818e-02
2.550000e+00 8.200000e-01 8.598334e-01 1.958427e-01 1.061358e+00 2.584851e-02
2.600000e+00 8.200000e-01 8.587514e-01 2.003843e-01 1.074525e+00 1.829226e-02
2.650000e+00 8.200000e-01 8.580042e-01 2.246181e-01 1.084410e+00 1.245312e-02
2.700000e+00 8.200000e-01 8.575061e-01 2.553953e-01 1.091553e+00 8.204572e-03
2.750000e+00 8.200000e-01 8.571837e-01 2.849977e-01 1.096554e+00 5.259328e-03
2.800000e+00 8.200000e-01 8.569802e-01 3.098938e-01 1.099969e+00 3.295162e-03
2.850000e+00 8.200000e-01 8.568542e-01 3.291942e-01 1.102255e+00 2.025052e-03
2.900000e+00 8.200000e-01 8.567777e-01 3.433674e-01 1.103761e+00 1.223629e-03
2.950000e+00 8.200000e-01 8.567319e-01 3.533925e-01 1.104740e+00 7.277809e-04
3.000000e+00 8.200000e-01 8.567049e-01 3.602997e-01 1.105372e+00 4.259372e-04
3.050000e+00 8.200000e-01 8.566893e-01 3.649718e-01 1.105775e+00 2.447931e-04
3.100000e+00 8.200000e-01 8.566804e-01 3.680914e-01 1.106032e+00 1.375634e-04
3.150000e+00 8.200000e-01 8.566755e-01 3.701556e-01 1.106193e+00 7.501054e-05
3.200000e+00 8.200000e-01 8.566729e-01 3.715126e-01 1.106295e+00 3.914523e-05
3.250000e+00 8.200000e-01 8.566716e-01 3.724005e-01 1.106359e+00 1.903201e-05
3.300000e+00 8.200000e-01 8.566710e-01 3.729793e-01 1.106398e+00 8.090934e-06
3.350000e+00 8.200000e-01 8.566708e-01 3.733555e-01 1.106422e+00 2.401663e-06
3.400000e+00 8.200000e-01 8.566708e-01 3.735992e-01 1.106437e+00 -3.465322e-07
3.450000e+00 8.200000e-01 8.566708e-01 3.737567e-01 1.106446e+00 -1.498067e-06
3.500000e+00 8.200000e-01 8.566709e-01 3.738582e-01 1.106451e+00 -1.822179e-06
3.550000e+00 8.200000e-01 8.566710e-01 3.739234e-01 1.106454e+00 -1.749195e-06
3.600000e+00 8.200000e-01 8.566711e-01 3.739652e-01 1.106456e+00 -1.512284e-06
3.650000e+00 8.200000e-01 8.566712e-01 3.739917e-01 1.106457e+00 -1.231855e-06
3.700000e+00 8.200000e-01 8.566712e-01 3.740086e-01 1.106458e+00 -9.653018e-07
3.750000e+00 8.200000e-01 8.566713e-01 3.740192e-01 1.106458e+00 -7.359383e-07
3.800000e+00 8.200000e-01 8.566713e-01 3.740259e-01 1.106458e+00 -5.495501e-07
3.850000e+00 8.200000e-01 8.566713e-01 3.740300e-01 1.106458e+00 -4.036293e-07
3.900000e+00 8.200000e-01 8.566713e-01 3.740325e-01 1.106458e+00 -2.923590e-07
3.950000e+00 8.200000e-01 8.566713e-01 3.740340e-01 1.106458e+00 -2.091655e-07
4.000000e+00 8.200000e-01 8.566713e-01 3.740349e-01 1.106458e+00 -1.479164e-07
4.050000e+00 8.200000e-01 8.566714e-01 3.740354e-01 1.106458e+00 -1.033880e-07
4.100000e+00 8.200000e-01 8.566714e-01 3.740356e-01 1.106458e+00 -7.136259e-08
4.150000e+00 8.200000e-01 8.566714e-01 3.740358e-01 1.106458e+00 -4.855159e-08
4.200000e+00 8.200000e-01 8.566714e-01 3.740358e-01 1.106458e+00 -3.245345e-08
4.250000e+00 8.200000e-01 8.566714e-01 3.740358e-01 1.106458e+00 -2.119956e-08
4.300000e+00 8.200000e-01 8.566714e-01 3.740358e-01 1.106458e+00 -1.341324e-08
4.350000e+00 8.200000e-01 8.566714e-01 3.740358e-01 1.106458e+00 -8.091037e-09
4.400000e+00 8.200000e-01 8.566714e-01 3.740357e-01 1.106458e+00 -4.507675e-09
4.450000e+00 8.200000e-01 8.566714e-01 3.740357e-01 1.106458e+00 -2.142494e-09
4.500000e+00 8.200000e-01 8.566714e-01 3.740357e-01 1.106458e+00 -6.238343e-10
4.550000e+00 8.200000e-01 8.566714e-01 3.740357e-01 1.106458e+00 3.122913e-10
4.600000e+00 8.200000e-01 8.566714e-01 3.740356e-01 1.106458e+00 8.525214e-10
4.650000e+00 8.200000e-01 8.566714e-01 3.740356e-01 1.106458e+00 1.128154e-09
4.700000e+00 8.200000e-01 8.566714e-01 3.740356e-01 1.106458e+00 1.231021e-09
4.750000e+00 8.200000e-01 8.566714e-01 3.740356e-01 1.106458e+00 1.224865e-09
4.800000e+00 8.200000e-01 8.566714e-01 3.740356e-01 1.106458e+00 1.153505e-09
4.850000e+00 8.200000e-01 8.566714e-01 3.740356e-01 1.106458e+00 1.046648e-09
4.900000e+00 8.200000e-01 8.566714e-01 3.740356e-01 1.106458e+00 9.240353e-10
4.950000e+00 8.200000e-01 8.566714e-01 3.740356e-01 1.106458e+00 7.984180e-10
5.000000e+00 8.200000e-01 8.566714e-01 3.740356e-01 1.106458e+00 6.776602e-10
5.050000e+00 8.200000e-01 8.566714e-01 3.740356e-01 1.106458e+00 5.662526e-10
5.100000e+00 8.200000e-01 8.566714e-01 3.740356e-01 1.106458e+00 4.663925e-10
5.150000e+00 8.200000e-01 8.566714e-01 3.740356e-01 1.106458e+00 3.787470e-10
5.200000e+00 8.200000e-01 8.566714e-01 3.740356e-01 1.106458e+00 3.029998e-10
5.250000e+00 8.200000e-01 8.566714e-01 3.740356e-01 1.106458e+00 2.382261e-10
5.300000e+00 8.200000e-01 8.566714e-01 3.740356e-01 1.106458e+00 1.831435e-10
5.350000e+00 8.200000e-01 8.566714e-01 3.740356e-01 1.106458e+00 1.363043e-10
5.400000e+00 8.200000e-01 8.566714e-01 3.740356e-01 1.106458e+00 9.617418e-11
5.450000e+00 8.200000e-01 8.566714e-01 3.740356e-01 1.106458e+00 6.122103e-11
5.500000e+00 8.200000e-01 8.566714e-01 3.740356e-01 1.106458e+00 2.993050e-11
5.550000e+00 8.200000e-01 8.566714e-01 3.740356e-01 1.106458e+00 7.915890e-13
5.600000e+00 8.200000e-01 8.566714e-01 3.740356e-01 1.106458e+00 -2.772449e-11
5.650000e+00 8.200000e-01 8.566714e-01 3.740356e-01 1.106458e+00 -5.721423e-11
5.700000e+00 8.200000e-01 8.566714e-01 3.740356e-01 1.106458e+00 -8.937739e-11
5.750000e+00 8.200000e-01 8.566714e-01 3.740356e-01 1.106458e+00 -1.261324e-10
5.800000e+00 8.200000e-01 8.566714e-01 3.740356e-01 1.106458e+00 -1.697076e-10
5.850000e+00 8.200000e-01 8.566714e-01 3.740356e-01 1.106458e+00 -2.227818e-10
5.900000e+00 8.200000e-01 8.566714e-01 3.740356e-01 1.106458e+00 -2.886447e-10
5.950000e+00 8.200000e-01 8.566714e-01 3.740356e-01 1.106458e+00 -3.714140e-10
6.000000e+00 8.200000e-01 8.566714e-01 3.740356e-01 1.106458e+00 -4.763223e-10
6.050000e+00 8.200000e-01 8.566714e-01 3.740356e-01 1.106458e+00 -6.100265e-10
6.100000e+00 8.200000e-01 8.566714e-01 3.740356e-01 1.106458e+00 -7.810619e-10
6.150000e+00 8.200000e-01 8.566714e-01 3.740356e-01 1.106458e+00 -1.000434e-09
6.200000e+00 8.200000e-01 8.566714e-01 3.740356e-01 1.106458e+00 -1.282340e-09
6.250000e+00 8.200000e-01 8.566714e-01 3.740356e-01 1.106458e+00 -1.645107e-09
6.300000e+00 8.200000e-01 8.566714e-01 3.740356e-01 1.106458e+00 -2.112442e-09
6.350000e+00 8.200000e-01 8.566714e-01 3.740356e-01 1.106458e+00 -2.714987e-09
6.400000e+00 8.200000e-01 8.566714e-01 3.740356e-01 1.106458e+00 -3.492380e-09
6.450000e+00 8.200000e-01 8.566714e-01 3.740356e-01 1.106458e+00 -4.495916e-09
6.500000e+00 8.200000e-01 8.566714e-01 3.740356e-01 1.106458e+00 -5.791955e-09
6.550000e+00 8.200000e-01 8.566714e-01 3.740356e-01 1.106458e+00 -7.466392e-09
6.600000e+00 8.200000e-01 8.566714e-01 3.740356e-01 1.106458e+00 -9.630367e-09
6.650000e+00 8.200000e-01 8.566714e-01 3.740356e-01 1.106458e+00 -1.242768e-08
6.700000e+00 8.200000e-01 8.566714e-01 3.740356e-01 1.106458e+00 -1.604445e-08
6.750000e+00 8.200000e-01 8.566714e-01 3.740356e-01 1.106458e+00 -2.072140e-08
6.800000e+00 8.200000e-01 8.566714e-01 3.740356e-01 1.106458e+00 -2.677026e-08
6.850000e+00 8.200000e-01 8.566714e-01 3.740357e-01 1.106458e+00 -3.459351e-08
6.900000e+00 8.200000e-01 8.566714e-01 3.740357e-01 1.106458e+00 -4.471456e-08
6.950000e+00 8.200000e-01 8.566714e-01 3.740357e-01 1.106458e+00 -5.780107e-08
7.000000e+00 8.200000e-01 8.566714e-01 3.740358e-01 1.106458e+00 -7.474780e-08
7.050000e+00 8.200000e-01 8.566714e-01 3.740358e-01 1.106458e+00 -9.661107e-08
7.100000e+00 8.200000e-01 8.566714e-01 3.740359e-01 1.106458e+00 -1.250732e-07
7.150000e+00 8.200000e-01 8.566714e-01 3.740360e-01 1.106458e+00 -1.613447e-07
7.200000e+00 8.200000e-01 8.566714e-01 3.740360e-01 1.106458e+00 -2.098458e-07
7.250000e+00 8.200000e-01 8.566714e-01 3.740365e-01 1.106458e+00 -2.680926e-07
7.300000e+00 8.200000e-01 8.566714e-01 3.740356e-01 1.106458e+00 -3.556818e-07
7.350000e+00 8.200000e-01 8.566715e-01 3.740386e-01 1.106458e+00 -4.365071e-07
7.400000e+00 8.200000e-01 8.566715e-01 3.740319e-01 1.106458e+00 -6.239394e-07
7.450000e+00 8.200000e-01 8.566715e-01 3.740499e-01 1.106458e+00 -6.617572e-07
7.500000e+00 8.200000e-01 8.566715e-01 3.740080e-01 1.106458e+00 -1.196619e-06
7.550000e+00 8.200000e-01 8.566716e-01 3.741070e-01 1.106458e+00 -7.772207e-07
7.600000e+00 8.200000e-01 8.566716e-01 3.738887e-01 1.106458e+00 -2.672699e-06
7.650000e+00 8.200000e-01 8.566719e-01 3.743597e-01 1.106458e+00 2.234289e-09
7.700000e+00 8.200000e-01 8.566716e-01 3.733953e-01 1.106457e+00 -6.836257e-06
7.750000e+00 8.200000e-01 8.566726e-01 3.752970e-01 1.106457e+00 4.032898e-06
7.800000e+00 8.200000e-01 8.566712e-01 3.717329e-01 1.106457e+00 -1.772698e-05
7.850000e+00 8.200000e-01 8.566744e-01 3.781092e-01 1.106456e+00 1.563706e-05
7.900000e+00 8.200000e-01 8.566697e-01 3.673103e-01 1.106458e+00 -4.044848e-05
7.950000e+00 8.200000e-01 8.566784e-01 3.846198e-01 1.106454e+00 3.635519e-05
8.000000e+00 8.200000e-01 8.566660e-01 3.585563e-01 1.106459e+00 -7.175067e-05
8.050000e+00 8.200000e-01 8.566856e-01 3.953090e-01 1.106451e+00 5.046344e-05
8.100000e+00 8.200000e-01 8.566610e-01 3.471824e-01 1.106461e+00 -8.527160e-05
8.150000e+00 8.200000e-01 8.566941e-01 4.054088e-01 1.106449e+00 1.909979e-05
8.200000e+00 8.200000e-01 8.566591e-01 3.408902e-01 1.106457e+00 -5.054028e-05
8.250000e+00 8.200000e-01 8.566992e-01 4.063399e-01 1.106450e+00 -6.509214e-05
8.300000e+00 8.200000e-01 8.566656e-01 3.450004e-01 1.106450e+00 -1.991056e-05
8.350000e+00 8.200000e-01 8.567012e-01 4.010911e-01 1.106444e+00 -9.948321e-05
8.400000e+00 8.200000e-01 8.566755e-01 3.455904e-01 1.106463e+00 -1.301137e-04
8.450000e+00 8.200000e-01 8.567142e-01 4.110121e-01 1.106397e+00 -2.030612e-05
8.500000e+00 8.200000e-01 8.566775e-01 3.252714e-01 1.106512e+00 -3.134737e-04
8.550000e+00 8.200000e-01 8.567455e-01 4.351195e-01 1.106333e+00 -8.999293e-05
8.600000e+00 8.200000e-01 8.566865e-01 3.103562e-01 1.106517e+00 -2.874578e-04
8.650000e+00 8.200000e-01 8.567743e-01 4.337076e-01 1.106348e+00 -4.393930e-04
8.700000e+00 8.200000e-01 8.567305e-01 3.247374e-01 1.106434e+00 -3.536115e-04
8.750000e+00 8.200000e-01 8.568096e-01 4.261084e-01 1.106342e+00 -5.444942e-04
8.800000e+00 8.200000e-01 8.567849e-01 3.105069e-01 1.106476e+00 -9.608921e-04
8.850000e+00 8.200000e-01 8.569057e-01 4.637913e-01 1.106126e+00 -7.055399e-04
8.900000e+00 8.200000e-01 8.568555e-01 2.775142e-01 1.106561e+00 -1.332238e-03
8.950000e+00 8.200000e-01 8.570389e-01 4.718129e-01 1.106060e+00 -1.733524e-03
9.000000e+00 8.200000e-01 8.570288e-01 2.981176e-01 1.106305e+00 -1.906275e-03
9.050000e+00 8.200000e-01 8.572296e-01 4.652500e-01 1.106032e+00 -2.540482e-03
9.100000e+00 8.200000e-01 8.572829e-01 2.733819e-01 1.106305e+00 -3.768692e-03
9.150000e+00 8.200000e-01 8.576064e-01 5.206039e-01 1.105474e+00 -4.123166e-03
9.200000e+00 8.200000e-01 8.576952e-01 2.504343e-01 1.106209e+00 -5.566650e-03
9.250000e+00 8.200000e-01 8.581631e-01 5.197168e-01 1.105319e+00 -7.445818e-03
9.300000e+00 8.200000e-01 8.584398e-01 2.685352e-01 1.105500e+00 -9.460307e-03
9.350000e+00 8.200000e-01 8.591091e-01 5.645900e-01 1.104540e+00 -1.156618e-02
9.400000e+00 8.200000e-01 8.595964e-01 2.316731e-01 1.105209e+00 -1.563902e-02
9.450000e+00 8.200000e-01 8.606730e-01 6.166306e-01 1.103316e+00 -1.986025e-02
9.500000e+00 8.200000e-01 8.615824e-01 2.563369e-01 1.103414e+00 -2.533692e-02
9.550000e+00 8.200000e-01 8.632067e-01 6.779288e-01 1.101496e+00 -3.208951e-02
9.600000e+00 8.200000e-01 8.647914e-01 2.581094e-01 1.101024e+00 -4.186504e-02
9.650000e+00 8.200000e-01 8.673932e-01 7.961472e-01 1.097156e+00 -5.291885e-02
9.700000e+00 8.200000e-01 8.700833e-01 3.187886e-01 1.094584e+00 -6.762133e-02
9.750000e+00 8.200000e-01 8.741554e-01 9.720790e-01 1.088147e+00 -8.527477e-02
9.800000e+00 8.200000e-01 8.786107e-01 4.485487e-01 1.079635e+00 -1.086752e-01
9.850000e+00 8.200000e-01 8.850229e-01 1.294083e+00 1.063390e+00 -1.363323e-01
9.900000e+00 8.200000e-01 8.922440e-01 7.853626e-01 1.034984e+00 -1.722383e-01
9.950000e+00 8.200000e-01 9.022467e-01 1.916303e+00 9.846679e-01 -2.189202e-01
1.000000e+01 8.200000e-01 9.141360e-01 1.693583e+00 0.000000e+00 0.000000e+00
0.000000e+00 8.400000e-01 9.310560e-01 4.080000e+00 0.000000e+00 0.000000e+00
5.000000e-02 8.400000e-01 9.310798e-01 4.080027e+00 8.048364e-01 -3.835116e-04
1.000000e-01 8.400000e-01 9.310944e-01 4.080277e+00 8.046945e-01 -2.146279e-04
1.500000e-01 8.400000e-01 9.311013e-01 4.080326e+00 8.047252e-01 -1.669969e-04
2.000000e-01 8.400000e-01 9.311111e-01 4.079888e+00 8.046294e-01 -2.367332e-04
2.500000e-01 8.400000e-01 9.311249e-01 4.079793e+00 8.043388e-01 -1.724861e-04
3.000000e-01 8.400000e-01 9.311283e-01 4.080194e+00 8.042320e-01 1.045739e-04
3.500000e-01 8.400000e-01 9.311145e-01 4.079781e+00 8.045033e-01 2.883184e-04
4.000000e-01 8.400000e-01 9.310995e-01 4.078291e+00 8.047339e-01 1.907987e-04
4.500000e-01 8.400000e-01 9.310954e-01 4.077610e+00 8.045973e-01 1.328870e-04
5.000000e-01 8.400000e-01 9.310862e-01 4.078333e+00 8.045203e-01 4.374550e-04
5.500000e-01 8.400000e-01 9.310517e-01 4.077758e+00 8.050327e-01 8.587659e-04
6.000000e-01 8.400000e-01 9.310003e-01 4.074214e+00 8.058921e-01 9.905929e-04
6.500000e-01 8.400000e-01 9.309526e-01 4.070999e+00 8.065024e-01 9.976210e-04
7.000000e-01 8.400000e-01 9.309005e-01 4.071520e+00 8.069112e-01 1.415292e-03
7.500000e-01 8.400000e-01 9.308111e-01 4.072015e+00 8.076730e-01 2.345493e-03
8.000000e-01 8.400000e-01 9.306660e-01 4.065114e+00 8.089015e-01 3.356056e-03
8.500000e-01 8.400000e-01 9.304755e-01 4.051688e+00 8.100656e-01 4.202878e-03
9.000000e-01 8.400000e-01 9.302457e-01 4.041903e+00 8.108274e-01 5.190677e-03
9.500000e-01 8.400000e-01 9.299564e-01 4.039044e+00 8.114753e-01 6.637859e-03
1.000000e+00 8.400000e-01 9.295819e-01 4.028487e+00 8.123550e-01 8.349748e-03
1.050000e+00 8.400000e-01 9.291214e-01 3.993417e+00 8.133341e-01 9.903260e-03
1.100000e+00 8.400000e-01 9.285916e-01 3.941279e+00 8.141721e-01 1.124038e-02
1.150000e+00 8.400000e-01 9.279974e-01 3.901232e+00 8.150593e-01 1.264280e-02
1.200000e+00 8.400000e-01 9.273273e-01 3.886937e+00 8.162841e-01 1.423028e-02
1.250000e+00 8.400000e-01 9.265743e-01 3.870424e+00 8.176335e-01 1.582851e-02
1.300000e+00 8.400000e-01 9.257445e-01 3.807558e+00 8.186798e-01 1.732251e-02
1.350000e+00 8.400000e-01 9.248421e-01 3.692820e+00 8.196577e-01 1.881333e-02
1.400000e+00 8.400000e-01 9.238631e-01 3.577664e+00 8.214370e-01 2.033592e-02
1.450000e+00 8.400000e-01 9.228085e-01 3.523708e+00 8.243841e-01 2.171640e-02
1.500000e+00 8.400000e-01 9.216915e-01 3.535881e+00 8.276619e-01 2.288525e-02
1.550000e+00 8.400000e-01 9.205200e-01 3.545940e+00 8.300496e-01 2.413202e-02
1.600000e+00 8.400000e-01 9.192783e-01 3.467394e+00 8.313560e-01 2.581704e-02
1.650000e+00 8.400000e-01 9.179383e-01 3.271491e+00 8.327717e-01 2.789556e-02
1.700000e+00 8.400000e-01 9.164887e-01 3.016992e+00 8.358919e-01 2.991098e-02
1.750000e+00 8.400000e-01 9.149472e-01 2.811683e+00 8.415064e-01 3.146014e-02
1.800000e+00 8.400000e-01 9.133427e-01 2.739044e+00 8.491348e-01 3.254847e-02
1.850000e+00 8.400000e-01 9.116923e-01 2.804892e+00 8.573425e-01 3.350299e-02
1.900000e+00 8.400000e-01 9.099924e-01 2.936658e+00 8.644221e-01 3.470252e-02
1.950000e+00 8.400000e-01 9.082221e-01 3.028237e+00 8.691679e-01 3.647771e-02
2.000000e+00 8.400000e-01 9.063446e-01 2.995783e+00 8.715409e-01 3.915188e-02
2.050000e+00 8.400000e-01 9.043069e-01 2.809005e+00 8.729107e-01 4.296099e-02
2.100000e+00 8.400000e-01 9.020485e-01 2.487748e+00 8.756779e-01 4.777417e-02
2.150000e+00 8.400000e-01 8.995295e-01 2.080191e+00 8.824146e-01 5.284334e-02
2.200000e+00 8.400000e-01 8.967642e-01 1.642336e+00 8.949037e-01 5.687730e-02
2.250000e+00 8.400000e-01 8.938417e-01 1.225650e+00 9.134945e-01 5.849778e-02
2.300000e+00 8.400000e-01 8.909144e-01 8.706137e-01 9.370283e-01 5.682892e-02
2.350000e+00 8.400000e-01 8.881589e-01 6.031589e-01 9.633001e-01 5.186638e-02
2.400000e+00 8.400000e-01 8.857278e-01 4.328807e-01 9.897832e-01 4.443520e-02
2.450000e+00 8.400000e-01 8.837153e-01 3.534836e-01 1.014293e+00 3.581398e-02
2.500000e+00 8.400000e-01 8.821464e-01 3.463291e-01 1.035384e+00 2.726814e-02
2.550000e+00 8.400000e-01 8.809885e-01 3.867295e-01 1.052436e+00 1.971588e-02
2.600000e+00 8.400000e-01 8.801748e-01 4.507584e-01 1.065507e+00 1.361577e-02
2.650000e+00 8.400000e-01 8.796269e-01 5.199971e-01 1.075088e+00 9.033638e-03
2.700000e+00 8.400000e-01 8.792714e-01 5.831293e-01 1.081854e+00 5.789635e-03
2.750000e+00 8.400000e-01 8.790480e-01 6.350455e-01 1.086489e+00 3.601419e-03
2.800000e+00 8.400000e-01 8.789113e-01 6.748464e-01 1.089589e+00 2.182456e-03
2.850000e+00 8.400000e-01 8.788297e-01 7.038741e-01 1.091624e+00 1.291481e-03
2.900000e+00 8.400000e-01 8.787822e-01 7.242953e-01 1.092939e+00 7.467183e-04
2.950000e+00 8.400000e-01 8.787551e-01 7.382927e-01 1.093779e+00 4.211082e-04
3.000000e+00 8.400000e-01 8.787400e-01 7.477098e-01 1.094312e+00 2.304521e-04
3.050000e+00 8.400000e-01 8.787320e-01 7.539620e-01 1.094646e+00 1.210863e-04
3.100000e+00 8.400000e-01 8.787279e-01 7.580741e-01 1.094855e+00 5.978074e-05
3.150000e+00 8.400000e-01 8.787260e-01 7.607607e-01 1.094984e+00 2.640133e-05
3.200000e+00 8.400000e-01 8.787253e-01 7.625073e-01 1.095064e+00 8.956970e-06
3.250000e+00 8.400000e-01 8.787251e-01 7.636384e-01 1.095113e+00 4.110791e-07
3.300000e+00 8.400000e-01 8.787253e-01 7.643685e-01 1.095142e+00 -3.306049e-06
3.350000e+00 8.400000e-01 8.787255e-01 7.648384e-01 1.095160e+00 -4.510024e-06
3.400000e+00 8.400000e-01 8.787257e-01 7.651398e-01 1.095170e+00 -4.491346e-06
3.450000e+00 8.400000e-01 8.787259e-01 7.653326e-01 1.095176e+00 -3.948840e-06
3.500000e+00 8.400000e-01 8.787261e-01 7.654554e-01 1.095179e+00 -3.245000e-06
3.550000e+00 8.400000e-01 8.787262e-01 7.655333e-01 1.095181e+00 -2.555022e-06
3.600000e+00 8.400000e-01 8.787264e-01 7.655824e-01 1.095182e+00 -1.952814e-06
3.650000e+00 8.400000e-01 8.787264e-01 7.656133e-01 1.095183e+00 -1.459901e-06
3.700000e+00 8.400000e-01 8.787265e-01 7.656325e-01 1.095183e+00 -1.072653e-06
3.750000e+00 8.400000e-01 8.787265e-01 7.656444e-01 1.095183e+00 -7.770068e-07
3.800000e+00 8.400000e-01 8.787266e-01 7.656516e-01 1.095183e+00 -5.560421e-07
3.850000e+00 8.400000e-01 8.787266e-01 7.656560e-01 1.095183e+00 -3.936055e-07
3.900000e+00 8.400000e-01 8.787266e-01 7.656585e-01 1.095183e+00 -2.757837e-07
3.950000e+00 8.400000e-01 8.787266e-01 7.656600e-01 1.095183e+00 -1.912782e-07
4.000000e+00 8.400000e-01 8.787266e-01 7.656608e-01 1.095183e+00 -1.312580e-07
4.050000e+00 8.400000e-01 8.787266e-01 7.656611e-01 1.095183e+00 -8.900475e-08
4.100000e+00 8.400000e-01 8.787266e-01 7.656613e-01 1.095183e+00 -5.950851e-08
4.150000e+00 8.400000e-01 8.787266e-01 7.656614e-01 1.095183e+00 -3.909099e-08
4.200000e+00 8.400000e-01 8.787267e-01 7.656613e-01 1.095182e+00 -2.508452e-08
4.250000e+00 8.400000e-01 8.787267e-01 7.656613e-01 1.095182e+00 -1.557358e-08
4.300000e+00 8.400000e-01 8.787267e-01 7.656612e-01 1.095182e+00 -9.194053e-09
4.350000e+00 8.400000e-01 8.787267e-01 7.656611e-01 1.095182e+00 -4.981148e-09
4.400000e+00 8.400000e-01 8.787267e-01 7.656611e-01 1.095182e+00 -2.256511e-09
4.450000e+00 8.400000e-01 8.787267e-01 7.656610e-01 1.095182e+00 -5.456802e-10
4.500000e+00 8.400000e-01 8.787267e-01 7.656610e-01 1.095182e+00 4.815892e-10
4.550000e+00 8.400000e-01 8.787267e-01 7.656610e-01 1.095182e+00 1.054046e-09
4.600000e+00 8.400000e-01 8.787267e-01 7.656609e-01 1.095182e+00 1.329303e-09
4.650000e+00 8.400000e-01 8.787267e-01 7.656609e-01 1.095182e+00 1.415299e-09
4.700000e+00 8.400000e-01 8.787267e-01 7.656609e-01 1.095182e+00 1.385325e-09
4.750000e+00 8.400000e-01 8.787267e-01 7.656609e-01 1.095182e+00 1.288625e-09
4.800000e+00 8.400000e-01 8.787267e-01 7.656609e-01 1.095182e+00 1.157803e-09
4.850000e+00 8.400000e-01 8.787267e-01 7.656609e-01 1.095182e+00 1.013958e-09
4.900000e+00 8.400000e-01 8.787267e-01 7.656609e-01 1.095182e+00 8.702983e-10
4.950000e+00 8.400000e-01 8.787267e-01 7.656609e-01 1.095182e+00 7.346701e-10
5.000000e+00 8.400000e-01 8.787267e-01 7.656609e-01 1.095182e+00 6.113021e-10
5.050000e+00 8.400000e-01 8.787267e-01 7.656609e-01 1.095182e+00 5.020262e-10
5.100000e+00 8.400000e-01 8.787267e-01 7.656609e-01 1.095182e+00 4.071266e-10
5.150000e+00 8.400000e-01 8.787267e-01 7.656609e-01 1.095182e+00 3.259315e-10
5.200000e+00 8.400000e-01 8.787267e-01 7.656609e-01 1.095182e+00 2.572120e-10
5.250000e+00 8.400000e-01 8.787267e-01 7.656609e-01 1.095182e+00 1.994416e-10
5.300000e+00 8.400000e-01 8.787267e-01 7.656609e-01 1.095182e+00 1.509748e-10
5.350000e+00 8.400000e-01 8.787267e-01 7.656609e-01 1.095182e+00 1.101574e-10
5.400000e+00 8.400000e-01 8.787267e-01 7.656609e-01 1.095182e+00 7.537970e-11
5.450000e+00 8.400000e-01 8.787267e-01 7.656609e-01 1.095182e+00 4.509282e-11
5.500000e+00 8.400000e-01 8.787267e-01 7.656609e-01 1.095182e+00 1.782685e-11
5.550000e+00 8.400000e-01 8.787267e-01 7.656609e-01 1.095182e+00 -7.847056e-12
5.600000e+00 8.400000e-01 8.787267e-01 7.656609e-01 1.095182e+00 -3.337108e-11
5.650000e+00 8.400000e-01 8.787267e-01 7.656609e-01 1.095182e+00 -6.023071e-11
5.700000e+00 8.400000e-01 8.787267e-01 7.656609e-01 1.095182e+00 -9.002465e-11
5.750000e+00 8.400000e-01 8.787267e-01 7.656609e-01 1.095182e+00 -1.245548e-10
5.800000e+00 8.400000e-01 8.787267e-01 7.656609e-01 1.095182e+00 -1.659395e-10
5.850000e+00 8.400000e-01 8.787267e-01 7.656609e-01 1.095182e+00 -2.167400e-10
5.900000e+00 8.400000e-01 8.787267e-01 7.656609e-01 1.095182e+00 -2.801148e-10
5.950000e+00 8.400000e-01 8.787267e-01 7.656609e-01 1.095182e+00 -3.600464e-10
6.000000e+00 8.400000e-01 8.787267e-01 7.656609e-01 1.095182e+00 -4.615930e-10
6.050000e+00 8.400000e-01 8.787267e-01 7.656609e-01 1.095182e+00 -5.912271e-10
6.100000e+00 8.400000e-01 8.787267e-01 7.656609e-01 1.095182e+00 -7.572520e-10
6.150000e+00 8.400000e-01 8.787267e-01 7.656609e-01 1.095182e+00 -9.703760e-10
6.200000e+00 8.400000e-01 8.787267e-01 7.656609e-01 1.095182e+00 -1.244429e-09
6.250000e+00 8.400000e-01 8.787267e-01 7.656609e-01 1.095182e+00 -1.597280e-09
6.300000e+00 8.400000e-01 8.787267e-01 7.656609e-01 1.095182e+00 -2.052045e-09
6.350000e+00 8.400000e-01 8.787267e-01 7.656609e-01 1.095182e+00 -2.638609e-09
6.400000e+00 8.400000e-01 8.787267e-01 7.656609e-01 1.095182e+00 -3.395643e-09
6.450000e+00 8.400000e-01 8.787267e-01 7.656609e-01 1.095182e+00 -4.373193e-09
6.500000e+00 8.400000e-01 8.787267e-01 7.656609e-01 1.095182e+00 -5.636027e-09
6.550000e+00 8.400000e-01 8.787267e-01 7.656609e-01 1.095182e+00 -7.267986e-09
6.600000e+00 8.400000e-01 8.787267e-01 7.656609e-01 1.095182e+00 -9.377561e-09
6.650000e+00 8.400000e-01 8.787267e-01 7.656609e-01 1.095182e+00 -1.210515e-08
6.700000e+00 8.400000e-01 8.787267e-01 7.656609e-01 1.095182e+00 -1.563248e-08
6.750000e+00 8.400000e-01 8.787267e-01 7.656609e-01 1.095182e+00 -2.019467e-08
6.800000e+00 8.400000e-01 8.787267e-01 7.656610e-01 1.095182e+00 -2.609614e-08
6.850000e+00 8.400000e-01 8.787267e-01 7.656610e-01 1.095182e+00 -3.373007e-08
6.900000e+00 8.400000e-01 8.787267e-01 7.656610e-01 1.095182e+00 -4.360774e-08
6.950000e+00 8.400000e-01 8.787267e-01 7.656611e-01 1.095182e+00 -5.638171e-08
7.000000e+00 8.400000e-01 8.787267e-01 7.656612e-01 1.095182e+00 -7.292548e-08
7.050000e+00 8.400000e-01 8.787267e-01 7.656613e-01 1.095182e+00 -9.427392e-08
7.100000e+00 8.400000e-01 8.787267e-01 7.656614e-01 1.095182e+00 -1.220631e-07
7.150000e+00 8.400000e-01 8.787267e-01 7.656616e-01 1.095182e+00 -1.575014e-07
7.200000e+00 8.400000e-01 8.787267e-01 7.656616e-01 1.095182e+00 -2.048344e-07
7.250000e+00 8.400000e-01 8.787267e-01 7.656622e-01 1.095182e+00 -2.618528e-07
7.300000e+00 8.400000e-01 8.787267e-01 7.656616e-01 1.095182e+00 -3.471032e-07
7.350000e+00 8.400000e-01 8.787267e-01 7.656646e-01 1.095182e+00 -4.269408e-07
7.400000e+00 8.400000e-01 8.787268e-01 7.656585e-01 1.095182e+00 -6.078997e-07
7.450000e+00 8.400000e-01 8.787268e-01 7.656758e-01 1.095182e+00 -6.502927e-07
7.500000e+00 8.400000e-01 8.787268e-01 7.656370e-01 1.095182e+00 -1.160241e-06
7.550000e+00 8.400000e-01 8.787269e-01 7.657302e-01 1.095182e+00 -7.793995e-07
7.600000e+00 8.400000e-01 8.787269e-01 7.655267e-01 1.095182e+00 -2.569344e-06
7.650000e+00 8.400000e-01 8.787272e-01 7.659683e-01 1.095181e+00 -8.453188e-08
7.700000e+00 8.400000e-01 8.787269e-01 7.650674e-01 1.095183e+00 -6.515103e-06
7.750000e+00 8.400000e-01 8.787278e-01 7.668485e-01 1.095178e+00 3.637967e-06
7.800000e+00 8.400000e-01 8.787265e-01 7.635139e-01 1.095187e+00 -1.681224e-05
7.850000e+00 8.400000e-01 8.787295e-01 7.694908e-01 1.095170e+00 1.446632e-05
7.900000e+00 8.400000e-01 8.787251e-01 7.593650e-01 1.095198e+00 -3.835854e-05
7.950000e+00 8.400000e-01 8.787333e-01 7.756313e-01 1.095152e+00 3.399228e-05
8.000000e+00 8.400000e-01 8.787217e-01 7.511005e-01 1.095219e+00 -6.841283e-05
8.050000e+00 8.400000e-01 8.787402e-01 7.858008e-01 1.095122e+00 4.776026e-05
8.100000e+00 8.400000e-01 8.787169e-01 7.402280e-01 1.095245e+00 -8.253859e-05
8.150000e+00 8.400000e-01 8.787484e-01 7.956148e-01 1.095097e+00 1.902954e-05
8.200000e+00 8.400000e-01 8.787150e-01 7.339969e-01 1.095249e+00 -5.106729e-05
8.250000e+00 8.400000e-01 8.787535e-01 7.967755e-01 1.095101e+00 -6.178335e-05
8.300000e+00 8.400000e-01 8.787212e-01 7.380152e-01 1.095221e+00 -1.952117e-05
8.350000e+00 8.400000e-01 8.787555e-01 7.911521e-01 1.095106e+00 -1.020321e-04
8.400000e+00 8.400000e-01 8.787314e-01 7.402143e-01 1.095227e+00 -1.163557e-04
8.450000e+00 8.400000e-01 8.787671e-01 7.984193e-01 1.095021e+00 -3.552833e-05
8.500000e+00 8.400000e-01 8.787350e-01 7.233156e-01 1.095322e+00 -2.928055e-04
8.550000e+00 8.400000e-01 8.787964e-01 8.202954e-01 1.094880e+00 -9.268720e-05
8.600000e+00 8.400000e-01 8.787442e-01 7.087483e-01 1.095345e+00 -2.901942e-04
8.650000e+00 8.400000e-01 8.788254e-01 8.212609e-01 1.094883e+00 -4.154237e-04
8.700000e+00 8.400000e-01 8.787858e-01 7.213540e-01 1.095189e+00 -3.507027e-04
8.750000e+00 8.400000e-01 8.788605e-01 8.129591e-01 1.094863e+00 -5.539498e-04
8.800000e+00 8.400000e-01 8.788412e-01 7.137262e-01 1.095216e+00 -9.008437e-04
8.850000e+00 8.400000e-01 8.789506e-01 8.432842e-01 1.094493e+00 -7.238175e-04
8.900000e+00 8.400000e-01 8.789135e-01 6.862233e-01 1.095296e+00 -1.308975e-03
8.950000e+00 8.400000e-01 8.790815e-01 8.550188e-01 1.094304e+00 -1.664745e-03
9.000000e+00 8.400000e-01 8.790800e-01 7.032617e-01 1.094863e+00 -1.885444e-03
9.050000e+00 8.400000e-01 8.792700e-01 8.496549e-01 1.094110e+00 -2.529515e-03
9.100000e+00 8.400000e-01 8.793330e-01 6.921961e-01 1.094692e+00 -3.617602e-03
9.150000e+00 8.400000e-01 8.796318e-01 8.957607e-01 1.093159e+00 -4.075680e-03
9.200000e+00 8.400000e-01 8.797405e-01 6.768582e-01 1.094267e+00 -5.492537e-03
9.250000e+00 8.400000e-01 8.801810e-01 9.074508e-01 1.092493e+00 -7.250988e-03
9.300000e+00 8.400000e-01 8.804656e-01 7.012085e-01 1.092953e+00 -9.220517e-03
9.350000e+00 8.400000e-01 8.811031e-01 9.497303e-01 1.090823e+00 -1.142424e-02
9.400000e+00 8.400000e-01 8.816081e-01 6.930754e-01 1.091661e+00 -1.526715e-02
9.450000e+00 8.400000e-01 8.826298e-01 1.016401e+00 1.088167e+00 -1.935641e-02
9.500000e+00 8.400000e-01 8.835437e-01 7.343054e-01 1.088229e+00 -2.475621e-02
9.550000e+00 8.400000e-01 8.851054e-01 1.102762e+00 1.083937e+00 -3.136220e-02
9.600000e+00 8.400000e-01 8.866799e-01 7.872007e-01 1.082976e+00 -4.065450e-02
9.650000e+00 8.400000e-01 8.891709e-01 1.266579e+00 1.075732e+00 -5.122228e-02
9.700000e+00 8.400000e-01 8.918022e-01 9.077172e-01 1.071928e+00 -6.523502e-02
9.750000e+00 8.400000e-01 8.956944e-01 1.535140e+00 1.060193e+00 -8.156597e-02
9.800000e+00 8.400000e-01 8.999587e-01 1.145535e+00 1.049072e+00 -1.027404e-01
9.850000e+00 8.400000e-01 9.059684e-01 2.026743e+00 1.024746e+00 -1.260708e-01
9.900000e+00 8.400000e-01 9.125658e-01 1.638287e+00 9.908477e-01 -1.543899e-01
9.950000e+00 8.400000e-01 9.214074e-01 2.927188e+00 9.256161e-01 -1.849017e-01
1.000000e+01 8.400000e-01 9.310560e-01 2.688583e+00 0.000000e+00 0.000000e+00
0.000000e+00 8.600000e-01 9.463440e-01 4.320000e+00 0.000000e+00 0.000000e+00
5.000000e-02 8.600000e-01 9.463613e-01 4.320044e+00 7.208960e-01 -2.879723e-04
1.000000e-01 8.600000e-01 9.463728e-01 4.320076e+00 7.207412e-01 -1.822466e-04
1.500000e-01 8.600000e-01 9.463795e-01 4.320078e+00 7.207060e-01 -1.455263e-04
2.000000e-01 8.600000e-01 9.463873e-01 4.320016e+00 7.206096e-01 -1.709397e-04
2.500000e-01 8.600000e-01 9.463966e-01 4.319842e+00 7.204145e-01 -1.091971e-04
3.000000e-01 8.600000e-01 9.463983e-01 4.319463e+00 7.203494e-01 7.857894e-05
3.500000e-01 8.600000e-01 9.463887e-01 4.318972e+00 7.205291e-01 2.061685e-04
4.000000e-01 8.600000e-01 9.463777e-01 4.318567e+00 7.207013e-01 1.651858e-04
4.500000e-01 8.600000e-01 9.463722e-01 4.318101e+00 7.206754e-01 1.474454e-04
5.000000e-01 8.600000e-01 9.463629e-01 4.317139e+00 7.207284e-01 3.403074e-04
5.500000e-01 8.600000e-01 9.463382e-01 4.315698e+00 7.212119e-01 5.976628e-04
6.000000e-01 8.600000e-01 9.463031e-01 4.314499e+00 7.219948e-01 6.938545e-04
6.500000e-01 8.600000e-01 9.462688e-01 4.313962e+00 7.226989e-01 7.580009e-04
7.000000e-01 8.600000e-01 9.462273e-01 4.313274e+00 7.233351e-01 1.141538e-03
7.500000e-01 8.600000e-01 9.461546e-01 4.311181e+00 7.242600e-01 1.923163e-03
8.000000e-01 8.600000e-01 9.460350e-01 4.307470e+00 7.255652e-01 2.846851e-03
8.500000e-01 8.600000e-01 9.458699e-01 4.302331e+00 7.268932e-01 3.763981e-03
9.000000e-01 8.600000e-01 9.456586e-01 4.293624e+00 7.279743e-01 4.851517e-03
9.500000e-01 8.600000e-01 9.453848e-01 4.276388e+00 7.290077e-01 6.278183e-03
1.000000e+00 8.600000e-01 9.450308e-01 4.247318e+00 7.303389e-01 7.883259e-03
1.050000e+00 8.600000e-01 9.445965e-01 4.209491e+00 7.319821e-01 9.374331e-03
1.100000e+00 8.600000e-01 9.440934e-01 4.169555e+00 7.336995e-01 1.071768e-02
1.150000e+00 8.600000e-01 9.435247e-01 4.128315e+00 7.354297e-01 1.211513e-02
1.200000e+00 8.600000e-01 9.428819e-01 4.076696e+00 7.373577e-01 1.364842e-02
1.250000e+00 8.600000e-01 9.421599e-01 4.005310e+00 7.396298e-01 1.516414e-02
1.300000e+00 8.600000e-01 9.413654e-01 3.918768e+00 7.422433e-01 1.652824e-02
1.350000e+00 8.600000e-01 9.405070e-01 3.836352e+00 7.452294e-01 1.780498e-02
1.400000e+00 8.600000e-01 9.395850e-01 3.773756e+00 7.486704e-01 1.911202e-02
1.450000e+00 8.600000e-01 9.385958e-01 3.723216e+00 7.524555e-01 2.045154e-02
1.500000e+00 8.600000e-01 9.375398e-01 3.654397e+00 7.562655e-01 2.178318e-02
1.550000e+00 8.600000e-01 9.364175e-01 3.539188e+00 7.600021e-01 2.315032e-02
1.600000e+00 8.600000e-01 9.352248e-01 3.379405e+00 7.641243e-01 2.460357e-02
1.650000e+00 8.600000e-01 9.339572e-01 3.212340e+00 7.693531e-01 2.605189e-02
1.700000e+00 8.600000e-01 9.326196e-01 3.088497e+00 7.760044e-01 2.732399e-02
1.750000e+00 8.600000e-01 9.312248e-01 3.038006e+00 7.836635e-01 2.839724e-02
1.800000e+00 8.600000e-01 9.297799e-01 3.049447e+00 7.914770e-01 2.948523e-02
1.850000e+00 8.600000e-01 9.282762e-01 3.074204e+00 7.986916e-01 3.087013e-02
1.900000e+00 8.600000e-01 9.266928e-01 3.051154e+00 8.050006e-01 3.270390e-02
1.950000e+00 8.600000e-01 9.250058e-01 2.934836e+00 8.106419e-01 3.500026e-02
2.000000e+00 8.600000e-01 9.231928e-01 2.711368e+00 8.164051e-01 3.774935e-02
2.050000e+00 8.600000e-01 9.212309e-01 2.396966e+00 8.235849e-01 4.092687e-02
2.100000e+00 8.600000e-01 9.191001e-01 2.025880e+00 8.337666e-01 4.432238e-02
2.150000e+00 8.600000e-01 9.167987e-01 1.638322e+00 8.483771e-01 4.736210e-02
2.200000e+00 8.600000e-01 9.143639e-01 1.273475e+00 8.681296e-01 4.915927e-02
2.250000e+00 8.600000e-01 9.118827e-01 9.660769e-01 8.926303e-01 4.883993e-02
2.300000e+00 8.600000e-01 9.094799e-01 7.431353e-01 9.203736e-01 4.595499e-02
2.350000e+00 8.600000e-01 9.072872e-01 6.194521e-01 9.491440e-01 4.071357e-02
2.400000e+00 8.600000e-01 9.054086e-01 5.937729e-01 9.766331e-01 3.390275e-02
2.450000e+00 8.600000e-01 9.038970e-01 6.488924e-01 1.001005e+00 2.656920e-02
2.500000e+00 8.600000e-01 9.027516e-01 7.571362e-01 1.021207e+00 1.966100e-02
2.550000e+00 8.600000e-01 9.019309e-01 8.889044e-01 1.036988e+00 1.379933e-02
2.600000e+00 8.600000e-01 9.013717e-01 1.020076e+00 1.048700e+00 9.231541e-03
2.650000e+00 8.600000e-01 9.010077e-01 1.135520e+00 1.057022e+00 5.914647e-03
2.700000e+00 8.600000e-01 9.007803e-01 1.228739e+00 1.062726e+00 3.644106e-03
2.750000e+00 8.600000e-01 9.006433e-01 1.299393e+00 1.066525e+00 2.165068e-03
2.800000e+00 8.600000e-01 9.005637e-01 1.350463e+00 1.068996e+00 1.241371e-03
2.850000e+00 8.600000e-01 9.005192e-01 1.386095e+00 1.070575e+00 6.852159e-04
2.900000e+00 8.600000e-01 9.004952e-01 1.410313e+00 1.071569e+00 3.612825e-04
2.950000e+00 8.600000e-01 9.004830e-01 1.426462e+00 1.072188e+00 1.786347e-04
3.000000e+00 8.600000e-01 9.004774e-01 1.437084e+00 1.072570e+00 7.924629e-05
3.050000e+00 8.600000e-01 9.004751e-01 1.444003e+00 1.072803e+00 2.753000e-05
3.100000e+00 8.600000e-01 9.004746e-01 1.448478e+00 1.072944e+00 2.333798e-06
3.150000e+00 8.600000e-01 9.004749e-01 1.451358e+00 1.073029e+00 -8.588932e-06
3.200000e+00 8.600000e-01 9.004755e-01 1.453204e+00 1.073079e+00 -1.215988e-05
3.250000e+00 8.600000e-01 9.004761e-01 1.454383e+00 1.073108e+00 -1.219325e-05
3.300000e+00 8.600000e-01 9.004767e-01 1.455133e+00 1.073125e+00 -1.072663e-05
3.350000e+00 8.600000e-01 9.004772e-01 1.455609e+00 1.073134e+00 -8.801857e-06
3.400000e+00 8.600000e-01 9.004776e-01 1.455909e+00 1.073139e+00 -6.915104e-06
3.450000e+00 8.600000e-01 9.004779e-01 1.456098e+00 1.073142e+00 -5.272288e-06
3.500000e+00 8.600000e-01 9.004781e-01 1.456216e+00 1.073143e+00 -3.931648e-06
3.550000e+00 8.600000e-01 9.004783e-01 1.456290e+00 1.073143e+00 -2.881711e-06
3.600000e+00 8.600000e-01 9.004784e-01 1.456335e+00 1.073143e+00 -2.082670e-06
3.650000e+00 8.600000e-01 9.004785e-01 1.456362e+00 1.073143e+00 -1.487382e-06
3.700000e+00 8.600000e-01 9.004785e-01 1.456379e+00 1.073143e+00 -1.051198e-06
3.750000e+00 8.600000e-01 9.004786e-01 1.456388e+00 1.073143e+00 -7.358736e-07
3.800000e+00 8.600000e-01 9.004786e-01 1.456394e+00 1.073143e+00 -5.104847e-07
3.850000e+00 8.600000e-01 9.004786e-01 1.456397e+00 1.073142e+00 -3.509515e-07
3.900000e+00 8.600000e-01 9.004786e-01 1.456399e+00 1.073142e+00 -2.390164e-07
3.950000e+00 8.600000e-01 9.004786e-01 1.456400e+00 1.073142e+00 -1.611115e-07
4.000000e+00 8.600000e-01 9.004787e-01 1.456400e+00 1.073142e+00 -1.073113e-07
4.050000e+00 8.600000e-01 9.004787e-01 1.456400e+00 1.073142e+00 -7.044657e-08
4.100000e+00 8.600000e-01 9.004787e-01 1.456400e+00 1.073142e+00 -4.539340e-08
4.150000e+00 8.600000e-01 9.004787e-01 1.456400e+00 1.073142e+00 -2.852240e-08
4.200000e+00 8.600000e-01 9.004787e-01 1.456399e+00 1.073142e+00 -1.728241e-08
4.250000e+00 8.600000e-01 9.004787e-01 1.456399e+00 1.073142e+00 -9.892318e-09
4.300000e+00 8.600000e-01 9.004787e-01 1.456399e+00 1.073142e+00 -5.116119e-09
4.350000e+00 8.600000e-01 9.004787e-01 1.456399e+00 1.073142e+00 -2.100818e-09
4.400000e+00 8.600000e-01 9.004787e-01 1.456399e+00 1.073142e+00 -2.608158e-10
4.450000e+00 8.600000e-01 9.004787e-01 1.456399e+00 1.073142e+00 8.038203e-10
4.500000e+00 8.600000e-01 9.004787e-01 1.456399e+00 1.073142e+00 1.364705e-09
4.550000e+00 8.600000e-01 9.004787e-01 1.456399e+00 1.073142e+00 1.605164e-09
4.600000e+00 8.600000e-01 9.004787e-01 1.456399e+00 1.073142e+00 1.648019e-09
4.650000e+00 8.600000e-01 9.004787e-01 1.456399e+00 1.073142e+00 1.574749e-09
4.700000e+00 8.600000e-01 9.004787e-01 1.456399e+00 1.073142e+00 1.438692e-09
4.750000e+00 8.600000e-01 9.004787e-01 1.456399e+00 1.073142e+00 1.274132e-09
4.800000e+00 8.600000e-01 9.004787e-01 1.456399e+00 1.073142e+00 1.102513e-09
4.850000e+00 8.600000e-01 9.004787e-01 1.456399e+00 1.073142e+00 9.366874e-10
4.900000e+00 8.600000e-01 9.004787e-01 1.456399e+00 1.073142e+00 7.838097e-10
4.950000e+00 8.600000e-01 9.004787e-01 1.456399e+00 1.073142e+00 6.473189e-10
5.000000e+00 8.600000e-01 9.004787e-01 1.456399e+00 1.073142e+00 5.282952e-10
5.050000e+00 8.600000e-01 9.004787e-01 1.456399e+00 1.073142e+00 4.263423e-10
5.100000e+00 8.600000e-01 9.004787e-01 1.456399e+00 1.073142e+00 3.402068e-10
5.150000e+00 8.600000e-01 9.004787e-01 1.456399e+00 1.073142e+00 2.682043e-10
5.200000e+00 8.600000e-01 9.004787e-01 1.456399e+00 1.073142e+00 2.084488e-10
5.250000e+00 8.600000e-01 9.004787e-01 1.456399e+00 1.073142e+00 1.590206e-10
5.300000e+00 8.600000e-01 9.004787e-01 1.456399e+00 1.073142e+00 1.180755e-10
5.350000e+00 8.600000e-01 9.004787e-01 1.456399e+00 1.073142e+00 8.389511e-11
5.400000e+00 8.600000e-01 9.004787e-01 1.456399e+00 1.073142e+00 5.487943e-11
5.450000e+00 8.600000e-01 9.004787e-01 1.456399e+00 1.073142e+00 2.954859e-11
5.500000e+00 8.600000e-01 9.004787e-01 1.456399e+00 1.073142e+00 6.538103e-12
5.550000e+00 8.600000e-01 9.004787e-01 1.456399e+00 1.073142e+00 -1.546430e-11
5.600000e+00 8.600000e-01 9.004787e-01 1.456399e+00 1.073142e+00 -3.775869e-11
5.650000e+00 8.600000e-01 9.004787e-01 1.456399e+00 1.073142e+00 -6.169842e-11
5.700000e+00 8.600000e-01 9.004787e-01 1.456399e+00 1.073142e+00 -8.874901e-11
5.750000e+00 8.600000e-01 9.004787e-01 1.456399e+00 1.073142e+00 -1.205602e-10
5.800000e+00 8.600000e-01 9.004787e-01 1.456399e+00 1.073142e+00 -1.591027e-10
5.850000e+00 8.600000e-01 9.004787e-01 1.456399e+00 1.073142e+00 -2.067779e-10
5.900000e+00 8.600000e-01 9.004787e-01 1.456399e+00 1.073142e+00 -2.665612e-10
5.950000e+00 8.600000e-01 9.004787e-01 1.456399e+00 1.073142e+00 -3.422129e-10
6.000000e+00 8.600000e-01 9.004787e-01 1.456399e+00 1.073142e+00 -4.385414e-10
6.050000e+00 8.600000e-01 9.004787e-01 1.456399e+00 1.073142e+00 -5.617051e-10
6.100000e+00 8.600000e-01 9.004787e-01 1.456399e+00 1.073142e+00 -7.196066e-10
6.150000e+00 8.600000e-01 9.004787e-01 1.456399e+00 1.073142e+00 -9.224677e-10
6.200000e+00 8.600000e-01 9.004787e-01 1.456399e+00 1.073142e+00 -1.183486e-09
6.250000e+00 8.600000e-01 9.004787e-01 1.456399e+00 1.073142e+00 -1.519711e-09
6.300000e+00 8.600000e-01 9.004787e-01 1.456399e+00 1.073142e+00 -1.953230e-09
6.350000e+00 8.600000e-01 9.004787e-01 1.456399e+00 1.073142e+00 -2.512593e-09
6.400000e+00 8.600000e-01 9.004787e-01 1.456399e+00 1.073142e+00 -3.234749e-09
6.450000e+00 8.600000e-01 9.004787e-01 1.456399e+00 1.073142e+00 -4.167530e-09
6.500000e+00 8.600000e-01 9.004787e-01 1.456399e+00 1.073142e+00 -5.372841e-09
6.550000e+00 8.600000e-01 9.004787e-01 1.456399e+00 1.073142e+00 -6.930831e-09
6.600000e+00 8.600000e-01 9.004787e-01 1.456399e+00 1.073142e+00 -8.945232e-09
6.650000e+00 8.600000e-01 9.004787e-01 1.456399e+00 1.073142e+00 -1.155030e-08
6.700000e+00 8.600000e-01 9.004787e-01 1.456399e+00 1.073142e+00 -1.491984e-08
6.750000e+00 8.600000e-01 9.004787e-01 1.456399e+00 1.073142e+00 -1.927872e-08
6.800000e+00 8.600000e-01 9.004787e-01 1.456399e+00 1.073142e+00 -2.491814e-08
6.850000e+00 8.600000e-01 9.004787e-01 1.456399e+00 1.073142e+00 -3.221433e-08
6.900000e+00 8.600000e-01 9.004787e-01 1.456399e+00 1.073142e+00 -4.165616e-08
6.950000e+00 8.600000e-01 9.004787e-01 1.456399e+00 1.073142e+00 -5.386923e-08
7.000000e+00 8.600000e-01 9.004787e-01 1.456399e+00 1.073142e+00 -6.968570e-08
7.050000e+00 8.600000e-01 9.004787e-01 1.456399e+00 1.073142e+00 -9.010807e-08
7.100000e+00 8.600000e-01 9.004787e-01 1.456399e+00 1.073142e+00 -1.166655e-07
7.150000e+00 8.600000e-01 9.004787e-01 1.456400e+00 1.073142e+00 -1.506251e-07
7.200000e+00 8.600000e-01 9.004787e-01 1.456400e+00 1.073142e+00 -1.957319e-07
7.250000e+00 8.600000e-01 9.004787e-01 1.456401e+00 1.073142e+00 -2.507687e-07
7.300000e+00 8.600000e-01 9.004787e-01 1.456400e+00 1.073142e+00 -3.310536e-07
7.350000e+00 8.600000e-01 9.004787e-01 1.456403e+00 1.073142e+00 -4.107869e-07
7.400000e+00 8.600000e-01 9.004788e-01 1.456399e+00 1.073142e+00 -5.756988e-07
7.450000e+00 8.600000e-01 9.004788e-01 1.456413e+00 1.073141e+00 -6.361361e-07
7.500000e+00 8.600000e-01 9.004788e-01 1.456384e+00 1.073142e+00 -1.078555e-06
7.550000e+00 8.600000e-01 9.004789e-01 1.456456e+00 1.073141e+00 -8.151228e-07
7.600000e+00 8.600000e-01 9.004789e-01 1.456303e+00 1.073142e+00 -2.314834e-06
7.650000e+00 8.600000e-01 9.004791e-01 1.456641e+00 1.073139e+00 -3.681750e-07
7.700000e+00 8.600000e-01 9.004789e-01 1.455953e+00 1.073143e+00 -5.694657e-06
7.750000e+00 8.600000e-01 9.004797e-01 1.457329e+00 1.073135e+00 2.513949e-06
7.800000e+00 8.600000e-01 9.004787e-01 1.454742e+00 1.073150e+00 -1.447185e-05
7.850000e+00 8.600000e-01 9.004812e-01 1.459429e+00 1.073121e+00 1.130655e-05
7.900000e+00 8.600000e-01 9.004776e-01 1.451432e+00 1.073168e+00 -3.306080e-05
7.950000e+00 8.600000e-01 9.004845e-01 1.464425e+00 1.073089e+00 2.774097e-05
8.000000e+00 8.600000e-01 9.004748e-01 1.444633e+00 1.073205e+00 -5.996655e-05
8.050000e+00 8.600000e-01 9.004905e-01 1.473011e+00 1.073038e+00 4.036888e-05
8.100000e+00 8.600000e-01 9.004708e-01 1.435244e+00 1.073251e+00 -7.531384e-05
8.150000e+00 8.600000e-01 9.004980e-01 1.481919e+00 1.072992e+00 1.753564e-05
8.200000e+00 8.600000e-01 9.004690e-01 1.429145e+00 1.073262e+00 -5.187685e-05
8.250000e+00 8.600000e-01 9.005032e-01 1.483873e+00 1.072993e+00 -5.411052e-05
8.300000e+00 8.600000e-01 9.004744e-01 1.432209e+00 1.073215e+00 -2.198053e-05
8.350000e+00 8.600000e-01 9.005054e-01 1.478506e+00 1.073013e+00 -1.018608e-04
8.400000e+00 8.600000e-01 9.004846e-01 1.436415e+00 1.073199e+00 -9.641817e-05
8.450000e+00 8.600000e-01 9.005150e-01 1.481465e+00 1.072912e+00 -5.830712e-05
8.500000e+00 8.600000e-01 9.004904e-01 1.425597e+00 1.073312e+00 -2.570222e-04
8.550000e+00 8.600000e-01 9.005407e-01 1.498826e+00 1.072705e+00 -9.903650e-05
8.600000e+00 8.600000e-01 9.005003e-01 1.412268e+00 1.073351e+00 -2.885784e-04
8.650000e+00 8.600000e-01 9.005696e-01 1.503388e+00 1.072668e+00 -3.770334e-04
8.700000e+00 8.600000e-01 9.005380e-01 1.421367e+00 1.073133e+00 -3.453848e-04
8.750000e+00 8.600000e-01 9.006041e-01 1.495199e+00 1.072633e+00 -5.554577e-04
8.800000e+00 8.600000e-01 9.005936e-01 1.422397e+00 1.073084e+00 -8.129824e-04
8.850000e+00 8.600000e-01 9.006854e-01 1.515119e+00 1.072151e+00 -7.376189e-04
8.900000e+00 8.600000e-01 9.006673e-01 1.403308e+00 1.073111e+00 -1.256578e-03
8.950000e+00 8.600000e-01 9.008111e-01 1.530929e+00 1.071787e+00 -1.560380e-03
9.000000e+00 8.600000e-01 9.008234e-01 1.416184e+00 1.072501e+00 -1.828697e-03
9.050000e+00 8.600000e-01 9.009939e-01 1.527928e+00 1.071391e+00 -2.471769e-03
9.100000e+00 8.600000e-01 9.010706e-01 1.421715e+00 1.072015e+00 -3.388368e-03
9.150000e+00 8.600000e-01 9.013328e-01 1.563363e+00 1.070050e+00 -3.953095e-03
9.200000e+00 8.600000e-01 9.014659e-01 1.418169e+00 1.071144e+00 -5.300425e-03
9.250000e+00 8.600000e-01 9.018628e-01 1.588458e+00 1.068699e+00 -6.920362e-03
9.300000e+00 8.600000e-01 9.021579e-01 1.452996e+00 1.069046e+00 -8.792286e-03
9.350000e+00 8.600000e-01 9.027421e-01 1.630927e+00 1.066004e+00 -1.104936e-02
9.400000e+00 8.600000e-01 9.032628e-01 1.480804e+00 1.066372e+00 -1.457647e-02
9.450000e+00 8.600000e-01 9.041997e-01 1.713833e+00 1.061557e+00 -1.848737e-02
9.500000e+00 8.600000e-01 9.051116e-01 1.552818e+00 1.060827e+00 -2.364478e-02
9.550000e+00 8.600000e-01 9.065642e-01 1.831283e+00 1.054354e+00 -2.998835e-02
9.600000e+00 8.600000e-01 9.081104e-01 1.673305e+00 1.051845e+00 -3.858308e-02
9.650000e+00 8.600000e-01 9.104225e-01 2.048015e+00 1.041305e+00 -4.849960e-02
9.700000e+00 8.600000e-01 9.129604e-01 1.885518e+00 1.034924e+00 -6.140574e-02
9.750000e+00 8.600000e-01 9.165631e-01 2.418284e+00 1.017724e+00 -7.613241e-02
9.800000e+00 8.600000e-01 9.205736e-01 2.267040e+00 1.002486e+00 -9.449631e-02
9.850000e+00 8.600000e-01 9.260127e-01 3.079461e+00 9.698149e-01 -1.130427e-01
9.900000e+00 8.600000e-01 9.318779e-01 2.935634e+00 9.302561e-01 -1.325865e-01
9.950000e+00 8.600000e-01 9.392713e-01 4.192983e+00 8.526210e-01 -1.446611e-01
1.000000e+01 8.600000e-01 9.463440e-01 3.978575e+00 0.000000e+00 0.000000e+00
0.000000e+00 8.800000e-01 9.599040e-01 4.560000e+00 0.000000e+00 0.000000e+00
5.000000e-02 8.800000e-01 9.599156e-01 4.560001e+00 6.321321e-01 -1.999752e-04
1.000000e-01 8.800000e-01 9.599240e-01 4.559984e+00 6.319718e-01 -1.386644e-04
1.500000e-01 8.800000e-01 9.599295e-01 4.559938e+00 6.318999e-01 -1.143748e-04
2.000000e-01 8.800000e-01 9.599354e-01 4.559753e+00 6.318065e-01 -1.201188e-04
2.500000e-01 8.800000e-01 9.599415e-01 4.559382e+00 6.316746e-01 -6.842340e-05
3.000000e-01 8.800000e-01 9.599423e-01 4.558940e+00 6.316409e-01 5.873622e-05
3.500000e-01 8.800000e-01 9.599356e-01 4.558552e+00 6.317666e-01 1.475700e-04
4.000000e-01 8.800000e-01 9.599275e-01 4.558096e+00 6.319009e-01 1.322826e-04
4.500000e-01 8.800000e-01 9.599224e-01 4.557312e+00 6.319462e-01 1.220526e-04
5.000000e-01 8.800000e-01 9.599153e-01 4.556263e+00 6.320911e-01 2.228549e-04
5.500000e-01 8.800000e-01 9.599001e-01 4.555544e+00 6.325620e-01 3.522036e-04
6.000000e-01 8.800000e-01 9.598801e-01 4.555917e+00 6.332861e-01 3.957876e-04
6.500000e-01 8.800000e-01 9.598605e-01 4.557764e+00 6.340376e-01 4.615062e-04
7.000000e-01 8.800000e-01 9.598339e-01 4.560773e+00 6.348247e-01 7.908655e-04
7.500000e-01 8.800000e-01 9.597815e-01 4.563763e+00 6.358651e-01 1.453446e-03
8.000000e-01 8.800000e-01 9.596886e-01 4.564438e+00 6.372164e-01 2.302784e-03
8.500000e-01 8.800000e-01 9.595512e-01 4.559465e+00 6.386760e-01 3.239230e-03
9.000000e-01 8.800000e-01 9.593647e-01 4.545480e+00 6.401184e-01 4.344846e-03
9.500000e-01 8.800000e-01 9.591167e-01 4.520672e+00 6.417190e-01 5.692015e-03
1.000000e+00 8.800000e-01 9.587955e-01 4.485411e+00 6.437221e-01 7.160014e-03
1.050000e+00 8.800000e-01 9.584007e-01 4.440927e+00 6.461268e-01 8.559038e-03
1.100000e+00 8.800000e-01 9.579396e-01 4.387284e+00 6.487659e-01 9.861354e-03
1.150000e+00 8.800000e-01 9.574146e-01 4.323234e+00 6.516233e-01 1.117951e-02
1.200000e+00 8.800000e-01 9.568216e-01 4.248753e+00 6.548828e-01 1.255020e-02
1.250000e+00 8.800000e-01 9.561595e-01 4.167366e+00 6.586746e-01 1.387426e-02
1.300000e+00 8.800000e-01 9.554342e-01 4.084547e+00 6.629301e-01 1.508271e-02
1.350000e+00 8.800000e-01 9.546513e-01 4.002368e+00 6.675311e-01 1.624251e-02
1.400000e+00 8.800000e-01 9.538099e-01 3.915733e+00 6.724690e-01 1.744546e-02
1.450000e+00 8.800000e-01 9.529067e-01 3.815400e+00 6.778025e-01 1.867834e-02
1.500000e+00 8.800000e-01 9.519421e-01 3.696835e+00 6.835780e-01 1.986662e-02
1.550000e+00 8.800000e-01 9.509201e-01 3.567490e+00 6.898780e-01 2.098852e-02
1.600000e+00 8.800000e-01 9.498433e-01 3.445149e+00 6.968605e-01 2.207663e-02
1.650000e+00 8.800000e-01 9.487124e-01 3.347146e+00 7.046119e-01 2.314351e-02
1.700000e+00 8.800000e-01 9.475289e-01 3.277728e+00 7.129580e-01 2.418682e-02
1.750000e+00 8.800000e-01 9.462937e-01 3.222311e+00 7.215135e-01 2.527112e-02
1.800000e+00 8.800000e-01 9.450018e-01 3.152490e+00 7.299790e-01 2.653722e-02
1.850000e+00 8.800000e-01 9.436400e-01 3.038413e+00 7.383946e-01 2.809353e-02
1.900000e+00 8.800000e-01 9.421924e-01 2.861175e+00 7.471488e-01 2.992241e-02
1.950000e+00 8.800000e-01 9.406478e-01 2.619219e+00 7.568357e-01 3.191592e-02
2.000000e+00 8.800000e-01 9.390008e-01 2.327204e+00 7.681591e-01 3.397466e-02
2.050000e+00 8.800000e-01 9.372503e-01 2.010141e+00 7.819199e-01 3.601642e-02
2.100000e+00 8.800000e-01 9.353992e-01 1.697338e+00 7.989403e-01 3.785731e-02
2.150000e+00 8.800000e-01 9.334646e-01 1.418815e+00 8.198074e-01 3.909813e-02
2.200000e+00 8.800000e-01 9.314894e-01 1.203271e+00 8.445073e-01 3.917601e-02
2.250000e+00 8.800000e-01 9.295470e-01 1.074987e+00 8.721738e-01 3.760016e-02
2.300000e+00 8.800000e-01 9.277294e-01 1.048364e+00 9.011518e-01 3.422345e-02
2.350000e+00 8.800000e-01 9.261246e-01 1.122169e+00 9.293905e-01 2.936260e-02
2.400000e+00 8.800000e-01 9.247931e-01 1.277725e+00 9.549891e-01 2.369096e-02
2.450000e+00 8.800000e-01 9.237555e-01 1.483683e+00 9.766444e-01 1.798449e-02
2.500000e+00 8.800000e-01 9.229947e-01 1.705487e+00 9.938315e-01 1.287467e-02
2.550000e+00 8.800000e-01 9.224680e-01 1.914574e+00 1.006715e+00 8.718742e-03
2.600000e+00 8.800000e-01 9.221228e-01 2.093310e+00 1.015904e+00 5.602471e-03
2.650000e+00 8.800000e-01 9.219078e-01 2.235009e+00 1.022185e+00 3.423015e-03
2.700000e+00 8.800000e-01 9.217805e-01 2.340922e+00 1.026330e+00 1.988361e-03
2.750000e+00 8.800000e-01 9.217090e-01 2.416537e+00 1.028987e+00 1.093492e-03
2.800000e+00 8.800000e-01 9.216711e-01 2.468647e+00 1.030651e+00 5.623799e-04
2.850000e+00 8.800000e-01 9.216527e-01 2.503611e+00 1.031672e+00 2.622147e-04
2.900000e+00 8.800000e-01 9.216449e-01 2.526609e+00 1.032289e+00 1.013984e-04
2.950000e+00 8.800000e-01 9.216426e-01 2.541521e+00 1.032657e+00 2.087692e-05
3.000000e+00 8.800000e-01 9.216428e-01 2.551089e+00 1.032872e+00 -1.543688e-05
3.050000e+00 8.800000e-01 9.216441e-01 2.557182e+00 1.032996e+00 -2.862719e-05
3.100000e+00 8.800000e-01 9.216457e-01 2.561040e+00 1.033066e+00 -3.052183e-05
3.150000e+00 8.800000e-01 9.216472e-01 2.563471e+00 1.033105e+00 -2.748783e-05
3.200000e+00 8.800000e-01 9.216484e-01 2.564997e+00 1.033125e+00 -2.278903e-05
3.250000e+00 8.800000e-01 9.216495e-01 2.565950e+00 1.033135e+00 -1.798580e-05
3.300000e+00 8.800000e-01 9.216502e-01 2.566542e+00 1.033140e+00 -1.373738e-05
3.350000e+00 8.800000e-01 9.216508e-01 2.566908e+00 1.033141e+00 -1.024823e-05
3.400000e+00 8.800000e-01 9.216513e-01 2.567132e+00 1.033141e+00 -7.509229e-06
3.450000e+00 8.800000e-01 9.216516e-01 2.567268e+00 1.033141e+00 -5.423827e-06
3.500000e+00 8.800000e-01 9.216518e-01 2.567350e+00 1.033140e+00 -3.870979e-06
3.550000e+00 8.800000e-01 9.216520e-01 2.567398e+00 1.033139e+00 -2.734292e-06
3.600000e+00 8.800000e-01 9.216521e-01 2.567426e+00 1.033138e+00 -1.913592e-06
3.650000e+00 8.800000e-01 9.216522e-01 2.567442e+00 1.033138e+00 -1.327790e-06
3.700000e+00 8.800000e-01 9.216522e-01 2.567451e+00 1.033137e+00 -9.137629e-07
3.750000e+00 8.800000e-01 9.216523e-01 2.567455e+00 1.033137e+00 -6.236920e-07
3.800000e+00 8.800000e-01 9.216523e-01 2.567457e+00 1.033137e+00 -4.220856e-07
3.850000e+00 8.800000e-01 9.216523e-01 2.567457e+00 1.033136e+00 -2.830157e-07
3.900000e+00 8.800000e-01 9.216523e-01 2.567457e+00 1.033136e+00 -1.877844e-07
3.950000e+00 8.800000e-01 9.216523e-01 2.567457e+00 1.033136e+00 -1.230526e-07
4.000000e+00 8.800000e-01 9.216523e-01 2.567456e+00 1.033136e+00 -7.939219e-08
4.050000e+00 8.800000e-01 9.216523e-01 2.567456e+00 1.033136e+00 -5.019350e-08
4.100000e+00 8.800000e-01 9.216523e-01 2.567456e+00 1.033136e+00 -3.085603e-08
4.150000e+00 8.800000e-01 9.216523e-01 2.567455e+00 1.033136e+00 -1.819882e-08
4.200000e+00 8.800000e-01 9.216523e-01 2.567455e+00 1.033136e+00 -1.003587e-08
4.250000e+00 8.800000e-01 9.216523e-01 2.567455e+00 1.033136e+00 -4.873485e-09
4.300000e+00 8.800000e-01 9.216523e-01 2.567454e+00 1.033136e+00 -1.696812e-09
4.350000e+00 8.800000e-01 9.216523e-01 2.567454e+00 1.033136e+00 1.798217e-10
4.400000e+00 8.800000e-01 9.216523e-01 2.567454e+00 1.033136e+00 1.216933e-09
4.450000e+00 8.800000e-01 9.216523e-01 2.567454e+00 1.033136e+00 1.721806e-09
4.500000e+00 8.800000e-01 9.216523e-01 2.567454e+00 1.033136e+00 1.897908e-09
4.550000e+00 8.800000e-01 9.216523e-01 2.567454e+00 1.033136e+00 1.878703e-09
4.600000e+00 8.800000e-01 9.216523e-01 2.567454e+00 1.033136e+00 1.750688e-09
4.650000e+00 8.800000e-01 9.216523e-01 2.567454e+00 1.033136e+00 1.568982e-09
4.700000e+00 8.800000e-01 9.216523e-01 2.567454e+00 1.033136e+00 1.367857e-09
4.750000e+00 8.800000e-01 9.216523e-01 2.567454e+00 1.033136e+00 1.167890e-09
4.800000e+00 8.800000e-01 9.216523e-01 2.567454e+00 1.033136e+00 9.807122e-10
4.850000e+00 8.800000e-01 9.216523e-01 2.567454e+00 1.033136e+00 8.122036e-10
4.900000e+00 8.800000e-01 9.216523e-01 2.567454e+00 1.033136e+00 6.646173e-10
4.950000e+00 8.800000e-01 9.216523e-01 2.567454e+00 1.033136e+00 5.379885e-10
5.000000e+00 8.800000e-01 9.216523e-01 2.567454e+00 1.033136e+00 4.310818e-10
5.050000e+00 8.800000e-01 9.216523e-01 2.567454e+00 1.033136e+00 3.419731e-10
5.100000e+00 8.800000e-01 9.216523e-01 2.567454e+00 1.033136e+00 2.684375e-10
5.150000e+00 8.800000e-01 9.216523e-01 2.567454e+00 1.033136e+00 2.082012e-10
5.200000e+00 8.800000e-01 9.216523e-01 2.567454e+00 1.033136e+00 1.590794e-10
5.250000e+00 8.800000e-01 9.216523e-01 2.567454e+00 1.033136e+00 1.190326e-10
5.300000e+00 8.800000e-01 9.216523e-01 2.567454e+00 1.033136e+00 8.621992e-11
5.350000e+00 8.800000e-01 9.216523e-01 2.567454e+00 1.033136e+00 5.900613e-11
5.400000e+00 8.800000e-01 9.216523e-01 2.567454e+00 1.033136e+00 3.591794e-11
5.450000e+00 8.800000e-01 9.216523e-01 2.567454e+00 1.033136e+00 1.563416e-11
5.500000e+00 8.800000e-01 9.216523e-01 2.567454e+00 1.033136e+00 -3.043121e-12
5.550000e+00 8.800000e-01 9.216523e-01 2.567454e+00 1.033136e+00 -2.126632e-11
5.600000e+00 8.800000e-01 9.216523e-01 2.567454e+00 1.033136e+00 -4.016676e-11
5.650000e+00 8.800000e-01 9.216523e-01 2.567454e+00 1.033136e+00 -6.091683e-11
5.700000e+00 8.800000e-01 9.216523e-01 2.567454e+00 1.033136e+00 -8.481771e-11
5.750000e+00 8.800000e-01 9.216523e-01 2.567454e+00 1.033136e+00 -1.133427e-10
5.800000e+00 8.800000e-01 9.216523e-01 2.567454e+00 1.033136e+00 -1.482703e-10
5.850000e+00 8.800000e-01 9.216523e-01 2.567454e+00 1.033136e+00 -1.917855e-10
5.900000e+00 8.800000e-01 9.216523e-01 2.567454e+00 1.033136e+00 -2.466072e-10
5.950000e+00 8.800000e-01 9.216523e-01 2.567454e+00 1.033136e+00 -3.162026e-10
6.000000e+00 8.800000e-01 9.216523e-01 2.567454e+00 1.033136e+00 -4.050016e-10
6.050000e+00 8.800000e-01 9.216523e-01 2.567454e+00 1.033136e+00 -5.186906e-10
6.100000e+00 8.800000e-01 9.216523e-01 2.567454e+00 1.033136e+00 -6.645995e-10
6.150000e+00 8.800000e-01 9.216523e-01 2.567454e+00 1.033136e+00 -8.521872e-10
6.200000e+00 8.800000e-01 9.216523e-01 2.567454e+00 1.033136e+00 -1.093687e-09
6.250000e+00 8.800000e-01 9.216523e-01 2.567454e+00 1.033136e+00 -1.404918e-09
6.300000e+00 8.800000e-01 9.216523e-01 2.567454e+00 1.033136e+00 -1.806353e-09
6.350000e+00 8.800000e-01 9.216523e-01 2.567454e+00 1.033136e+00 -2.324495e-09
6.400000e+00 8.800000e-01 9.216523e-01 2.567454e+00 1.033136e+00 -2.993631e-09
6.450000e+00 8.800000e-01 9.216523e-01 2.567454e+00 1.033136e+00 -3.858149e-09
6.500000e+00 8.800000e-01 9.216523e-01 2.567454e+00 1.033136e+00 -4.975516e-09
6.550000e+00 8.800000e-01 9.216523e-01 2.567454e+00 1.033136e+00 -6.420140e-09
6.600000e+00 8.800000e-01 9.216523e-01 2.567454e+00 1.033136e+00 -8.288344e-09
6.650000e+00 8.800000e-01 9.216523e-01 2.567454e+00 1.033136e+00 -1.070479e-08
6.700000e+00 8.800000e-01 9.216523e-01 2.567454e+00 1.033136e+00 -1.383089e-08
6.750000e+00 8.800000e-01 9.216523e-01 2.567454e+00 1.033136e+00 -1.787552e-08
6.800000e+00 8.800000e-01 9.216523e-01 2.567454e+00 1.033136e+00 -2.310915e-08
6.850000e+00 8.800000e-01 9.216523e-01 2.567454e+00 1.033136e+00 -2.988143e-08
6.900000e+00 8.800000e-01 9.216523e-01 2.567454e+00 1.033136e+00 -3.864613e-08
6.950000e+00 8.800000e-01 9.216523e-01 2.567454e+00 1.033136e+00 -4.998605e-08
7.000000e+00 8.800000e-01 9.216523e-01 2.567455e+00 1.033136e+00 -6.466959e-08
7.050000e+00 8.800000e-01 9.216523e-01 2.567455e+00 1.033136e+00 -8.364412e-08
7.100000e+00 8.800000e-01 9.216523e-01 2.567455e+00 1.033136e+00 -1.082826e-07
7.150000e+00 8.800000e-01 9.216524e-01 2.567455e+00 1.033136e+00 -1.399076e-07
7.200000e+00 8.800000e-01 9.216524e-01 2.567456e+00 1.033136e+00 -1.815814e-07
7.250000e+00 8.800000e-01 9.216524e-01 2.567457e+00 1.033136e+00 -2.333501e-07
7.300000e+00 8.800000e-01 9.216524e-01 2.567457e+00 1.033136e+00 -3.062529e-07
7.350000e+00 8.800000e-01 9.216524e-01 2.567459e+00 1.033135e+00 -3.847279e-07
7.400000e+00 8.800000e-01 9.216524e-01 2.567458e+00 1.033135e+00 -5.270822e-07
7.450000e+00 8.800000e-01 9.216525e-01 2.567466e+00 1.033135e+00 -6.094363e-07
7.500000e+00 8.800000e-01 9.216525e-01 2.567452e+00 1.033135e+00 -9.602849e-07
7.550000e+00 8.800000e-01 9.216526e-01 2.567494e+00 1.033135e+00 -8.491672e-07
7.600000e+00 8.800000e-01 9.216526e-01 2.567408e+00 1.033135e+00 -1.959785e-06
7.650000e+00 8.800000e-01 9.216527e-01 2.567608e+00 1.033133e+00 -7.244234e-07
7.700000e+00 8.800000e-01 9.216526e-01 2.567204e+00 1.033137e+00 -4.569428e-06
7.750000e+00 8.800000e-01 9.216532e-01 2.568037e+00 1.033127e+00 1.038197e-06
7.800000e+00 8.800000e-01 9.216525e-01 2.566460e+00 1.033144e+00 -1.126378e-05
7.850000e+00 8.800000e-01 9.216543e-01 2.569389e+00 1.033111e+00 7.058513e-06
7.900000e+00 8.800000e-01 9.216518e-01 2.564314e+00 1.033164e+00 -2.571037e-05
7.950000e+00 8.800000e-01 9.216569e-01 2.572768e+00 1.033073e+00 1.911768e-05
8.000000e+00 8.800000e-01 9.216499e-01 2.559619e+00 1.033208e+00 -4.789862e-05
8.050000e+00 8.800000e-01 9.216617e-01 2.579012e+00 1.033010e+00 2.967582e-05
8.100000e+00 8.800000e-01 9.216470e-01 2.552498e+00 1.033263e+00 -6.412785e-05
8.150000e+00 8.800000e-01 9.216681e-01 2.586398e+00 1.032947e+00 1.445364e-05
8.200000e+00 8.800000e-01 9.216455e-01 2.546774e+00 1.033283e+00 -5.167795e-05
8.250000e+00 8.800000e-01 9.216733e-01 2.589481e+00 1.032938e+00 -4.292948e-05
8.300000e+00 8.800000e-01 9.216498e-01 2.548001e+00 1.033225e+00 -2.730744e-05
8.350000e+00 8.800000e-01 9.216760e-01 2.585568e+00 1.032966e+00 -9.547617e-05
8.400000e+00 8.800000e-01 9.216593e-01 2.553315e+00 1.033173e+00 -7.585956e-05
8.450000e+00 8.800000e-01 9.216836e-01 2.584266e+00 1.032876e+00 -8.076141e-05
8.500000e+00 8.800000e-01 9.216674e-01 2.549804e+00 1.033259e+00 -2.100910e-04
8.550000e+00 8.800000e-01 9.217046e-01 2.595087e+00 1.032632e+00 -1.085709e-04
8.600000e+00 8.800000e-01 9.216783e-01 2.539663e+00 1.033304e+00 -2.754576e-04
8.650000e+00 8.800000e-01 9.217321e-01 2.602797e+00 1.032521e+00 -3.279671e-04
8.700000e+00 8.800000e-01 9.217111e-01 2.543947e+00 1.033049e+00 -3.368036e-04
8.750000e+00 8.800000e-01 9.217658e-01 2.597357e+00 1.032453e+00 -5.346059e-04
8.800000e+00 8.800000e-01 9.217645e-01 2.551940e+00 1.032862e+00 -7.081802e-04
8.850000e+00 8.800000e-01 9.218366e-01 2.606696e+00 1.031914e+00 -7.344026e-04
8.900000e+00 8.800000e-01 9.218380e-01 2.543900e+00 1.032758e+00 -1.163108e-03
8.950000e+00 8.800000e-01 9.219530e-01 2.624561e+00 1.031324e+00 -1.420939e-03
9.000000e+00 8.800000e-01 9.219801e-01 2.552892e+00 1.031973e+00 -1.726951e-03
9.050000e+00 8.800000e-01 9.221256e-01 2.627414e+00 1.030659e+00 -2.335056e-03
9.100000e+00 8.800000e-01 9.222136e-01 2.572326e+00 1.031025e+00 -3.081523e-03
9.150000e+00 8.800000e-01 9.224338e-01 2.653565e+00 1.028922e+00 -3.727020e-03
9.200000e+00 8.800000e-01 9.225863e-01 2.584419e+00 1.029542e+00 -4.952078e-03
9.250000e+00 8.800000e-01 9.229290e-01 2.690832e+00 1.026697e+00 -6.412022e-03
9.300000e+00 8.800000e-01 9.232275e-01 2.630164e+00 1.026447e+00 -8.142610e-03
9.350000e+00 8.800000e-01 9.237433e-01 2.739970e+00 1.022772e+00 -1.035455e-02
9.400000e+00 8.800000e-01 9.242629e-01 2.694728e+00 1.021945e+00 -1.348826e-02
9.450000e+00 8.800000e-01 9.250921e-01 2.839232e+00 1.016133e+00 -1.713858e-02
9.500000e+00 8.800000e-01 9.259768e-01 2.805509e+00 1.013669e+00 -2.187503e-02
9.550000e+00 8.800000e-01 9.272796e-01 2.992147e+00 1.005286e+00 -2.776919e-02
9.600000e+00 8.800000e-01 9.287537e-01 2.997956e+00 9.999358e-01 -3.543483e-02
9.650000e+00 8.800000e-01 9.308231e-01 3.261263e+00 9.863152e-01 -4.445382e-02
9.700000e+00 8.800000e-01 9.331991e-01 3.315035e+00 9.756038e-01 -5.580261e-02
9.750000e+00 8.800000e-01 9.364033e-01 3.719749e+00 9.531271e-01 -6.859104e-02
9.800000e+00 8.800000e-01 9.400582e-01 3.844837e+00 9.317117e-01 -8.357671e-02
9.850000e+00 8.800000e-01 9.447610e-01 4.493324e+00 8.913281e-01 -9.717870e-02
9.900000e+00 8.800000e-01 9.497761e-01 4.651805e+00 8.456070e-01 -1.075123e-01
9.950000e+00 8.800000e-01 9.555122e-01 5.631053e+00 7.611557e-01 -1.012793e-01
1.000000e+01 8.800000e-01 9.599040e-01 5.481981e+00 0.000000e+00 0.000000e+00
0.000000e+00 9.000000e-01 9.716400e-01 4.800000e+00 0.000000e+00 0.000000e+00
5.000000e-02 9.000000e-01 9.716465e-01 4.799945e+00 5.385518e-01 -1.166885e-04
1.000000e-01 9.000000e-01 9.716517e-01 4.799794e+00 5.383911e-01 -8.939412e-05
1.500000e-01 9.000000e-01 9.716555e-01 4.799487e+00 5.383032e-01 -7.942375e-05
2.000000e-01 9.000000e-01 9.716596e-01 4.798989e+00 5.382200e-01 -8.081636e-05
2.500000e-01 9.000000e-01 9.716636e-01 4.798430e+00 5.381330e-01 -4.295709e-05
3.000000e-01 9.000000e-01 9.716639e-01 4.797992e+00 5.381212e-01 4.179776e-05
3.500000e-01 9.000000e-01 9.716594e-01 4.797634e+00 5.382158e-01 1.021785e-04
4.000000e-01 9.000000e-01 9.716537e-01 4.797065e+00 5.383301e-01 9.331371e-05
4.500000e-01 9.000000e-01 9.716501e-01 4.796241e+00 5.384198e-01 7.138008e-05
5.000000e-01 9.000000e-01 9.716466e-01 4.795927e+00 5.386120e-01 9.401449e-05
5.500000e-01 9.000000e-01 9.716407e-01 4.797625e+00 5.390483e-01 1.196638e-04
6.000000e-01 9.000000e-01 9.716346e-01 4.802722e+00 5.396849e-01 1.036201e-04
6.500000e-01 9.000000e-01 9.716303e-01 4.811414e+00 5.403877e-01 1.425496e-04
7.000000e-01 9.000000e-01 9.716203e-01 4.822118e+00 5.411742e-01 4.105279e-04
7.500000e-01 9.000000e-01 9.715892e-01 4.831618e+00 5.422050e-01 9.664770e-04
8.000000e-01 9.000000e-01 9.715237e-01 4.835845e+00 5.435624e-01 1.722502e-03
8.500000e-01 9.000000e-01 9.714170e-01 4.830996e+00 5.451817e-01 2.603169e-03
9.000000e-01 9.000000e-01 9.712634e-01 4.814569e+00 5.470412e-01 3.634284e-03
9.500000e-01 9.000000e-01 9.710536e-01 4.785726e+00 5.492845e-01 4.836727e-03
1.000000e+00 9.000000e-01 9.707797e-01 4.744815e+00 5.520776e-01 6.120175e-03
1.050000e+00 9.000000e-01 9.704415e-01 4.692619e+00 5.554268e-01 7.356811e-03
1.100000e+00 9.000000e-01 9.700440e-01 4.630097e+00 5.592369e-01 8.519044e-03
1.150000e+00 9.000000e-01 9.695896e-01 4.558684e+00 5.635012e-01 9.668341e-03
1.200000e+00 9.000000e-01 9.690772e-01 4.480337e+00 5.683188e-01 1.082793e-02
1.250000e+00 9.000000e-01 9.685068e-01 4.396743e+00 5.737359e-01 1.194524e-02
1.300000e+00 9.000000e-01 9.678827e-01 4.308196e+00 5.796769e-01 1.298561e-02
1.350000e+00 9.000000e-01 9.672083e-01 4.213480e+00 5.860682e-01 1.398941e-02
1.400000e+00 9.000000e-01 9.664837e-01 4.111430e+00 5.929481e-01 1.500346e-02
1.450000e+00 9.000000e-01 9.657079e-01 4.003175e+00 6.004069e-01 1.600796e-02
1.500000e+00 9.000000e-01 9.648829e-01 3.892987e+00 6.084736e-01 1.695300e-02
1.550000e+00 9.000000e-01 9.640126e-01 3.786367e+00 6.171111e-01 1.783731e-02
1.600000e+00 9.000000e-01 9.630992e-01 3.686114e+00 6.262769e-01 1.870999e-02
1.650000e+00 9.000000e-01 9.621416e-01 3.588916e+00 6.359295e-01 1.961290e-02
1.700000e+00 9.000000e-01 9.611379e-01 3.484992e+00 6.460001e-01 2.056335e-02
1.750000e+00 9.000000e-01 9.600853e-01 3.361476e+00 6.564448e-01 2.158883e-02
1.800000e+00 9.000000e-01 9.589790e-01 3.207868e+00 6.673686e-01 2.273282e-02
1.850000e+00 9.000000e-01 9.578120e-01 3.020732e+00 6.790805e-01 2.400219e-02
1.900000e+00 9.000000e-01 9.565788e-01 2.805609e+00 6.920084e-01 2.532745e-02
1.950000e+00 9.000000e-01 9.552793e-01 2.575991e+00 7.065679e-01 2.659615e-02
2.000000e+00 9.000000e-01 9.539192e-01 2.350694e+00 7.231113e-01 2.771566e-02
2.050000e+00 9.000000e-01 9.525077e-01 2.151294e+00 7.419495e-01 2.861439e-02
2.100000e+00 9.000000e-01 9.510577e-01 2.000423e+00 7.633207e-01 2.916738e-02
2.150000e+00 9.000000e-01 9.495910e-01 1.920106e+00 7.872200e-01 2.913531e-02
2.200000e+00 9.000000e-01 9.481442e-01 1.928500e+00 8.131647e-01 2.821272e-02
2.250000e+00 9.000000e-01 9.467697e-01 2.034527e+00 8.400781e-01 2.618210e-02
2.300000e+00 9.000000e-01 9.455260e-01 2.232422e+00 8.664329e-01 2.306833e-02
2.350000e+00 9.000000e-01 9.444629e-01 2.500089e+00 8.906240e-01 1.917865e-02
2.400000e+00 9.000000e-01 9.436081e-01 2.803756e+00 9.113912e-01 1.500119e-02
2.450000e+00 9.000000e-01 9.429627e-01 3.107354e+00 9.280894e-01 1.103225e-02
2.500000e+00 9.000000e-01 9.425049e-01 3.381854e+00 9.407160e-01 7.632698e-03
2.550000e+00 9.000000e-01 9.421995e-01 3.610366e+00 9.497450e-01 4.970423e-03
2.600000e+00 9.000000e-01 9.420079e-01 3.788051e+00 9.558883e-01 3.043516e-03
2.650000e+00 9.000000e-01 9.418951e-01 3.918705e+00 9.598903e-01 1.744071e-03
2.700000e+00 9.000000e-01 9.418335e-01 4.010529e+00 9.624003e-01 9.232764e-04
2.750000e+00 9.000000e-01 9.418028e-01 4.072785e+00 9.639229e-01 4.368305e-04
2.800000e+00 9.000000e-01 9.417898e-01 4.113827e+00 9.648190e-01 1.673588e-04
2.850000e+00 9.000000e-01 9.417861e-01 4.140308e+00 9.653312e-01 2.979621e-05
2.900000e+00 9.000000e-01 9.417868e-01 4.157121e+00 9.656150e-01 -3.242228e-05
2.950000e+00 9.000000e-01 9.417893e-01 4.167667e+00 9.657665e-01 -5.438019e-05
3.000000e+00 9.000000e-01 9.417922e-01 4.174221e+00 9.658431e-01 -5.655303e-05
3.050000e+00 9.000000e-01 9.417950e-01 4.178264e+00 9.658787e-01 -5.021122e-05
3.100000e+00 9.000000e-01 9.417973e-01 4.180741e+00 9.658926e-01 -4.116985e-05
3.150000e+00 9.000000e-01 9.417991e-01 4.182247e+00 9.658956e-01 -3.218103e-05
3.200000e+00 9.000000e-01 9.418005e-01 4.183156e+00 9.658936e-01 -2.436683e-05
3.250000e+00 9.000000e-01 9.418015e-01 4.183699e+00 9.658896e-01 -1.803457e-05
3.300000e+00 9.000000e-01 9.418023e-01 4.184019e+00 9.658853e-01 -1.311948e-05
3.350000e+00 9.000000e-01 9.418028e-01 4.184205e+00 9.658814e-01 -9.413828e-06
3.400000e+00 9.000000e-01 9.418032e-01 4.184310e+00 9.658781e-01 -6.678331e-06
3.450000e+00 9.000000e-01 9.418035e-01 4.184368e+00 9.658755e-01 -4.691371e-06
3.500000e+00 9.000000e-01 9.418037e-01 4.184398e+00 9.658734e-01 -3.266715e-06
3.550000e+00 9.000000e-01 9.418038e-01 4.184412e+00 9.658719e-01 -2.256235e-06
3.600000e+00 9.000000e-01 9.418039e-01 4.184418e+00 9.658708e-01 -1.546203e-06
3.650000e+00 9.000000e-01 9.418040e-01 4.184419e+00 9.658699e-01 -1.051440e-06
3.700000e+00 9.000000e-01 9.418040e-01 4.184418e+00 9.658693e-01 -7.093201e-07
3.750000e+00 9.000000e-01 9.418040e-01 4.184416e+00 9.658689e-01 -4.744656e-07
3.800000e+00 9.000000e-01 9.418041e-01 4.184414e+00 9.658686e-01 -3.143851e-07
3.850000e+00 9.000000e-01 9.418041e-01 4.184412e+00 9.658684e-01 -2.060479e-07
3.900000e+00 9.000000e-01 9.418041e-01 4.184411e+00 9.658682e-01 -1.332719e-07
3.950000e+00 9.000000e-01 9.418041e-01 4.184409e+00 9.658681e-01 -8.477519e-08
4.000000e+00 9.000000e-01 9.418041e-01 4.184408e+00 9.658680e-01 -5.274803e-08
4.050000e+00 9.000000e-01 9.418041e-01 4.184407e+00 9.658680e-01 -3.181960e-08
4.100000e+00 9.000000e-01 9.418041e-01 4.184406e+00 9.658679e-01 -1.831926e-08
4.150000e+00 9.000000e-01 9.418041e-01 4.184406e+00 9.658679e-01 -9.753280e-09
4.200000e+00 9.000000e-01 9.418041e-01 4.184405e+00 9.658679e-01 -4.437465e-09
4.250000e+00 9.000000e-01 9.418041e-01 4.184405e+00 9.658679e-01 -1.241108e-09
4.300000e+00 9.000000e-01 9.418041e-01 4.184405e+00 9.658679e-01 5.901335e-10
4.350000e+00 9.000000e-01 9.418041e-01 4.184405e+00 9.658679e-01 1.556123e-09
4.400000e+00 9.000000e-01 9.418041e-01 4.184405e+00 9.658679e-01 1.985550e-09
4.450000e+00 9.000000e-01 9.418041e-01 4.184405e+00 9.658679e-01 2.092545e-09
4.500000e+00 9.000000e-01 9.418041e-01 4.184404e+00 9.658679e-01 2.015027e-09
4.550000e+00 9.000000e-01 9.418041e-01 4.184404e+00 9.658679e-01 1.840490e-09
4.600000e+00 9.000000e-01 9.418041e-01 4.184404e+00 9.658679e-01 1.623306e-09
4.650000e+00 9.000000e-01 9.418041e-01 4.184404e+00 9.658679e-01 1.396241e-09
4.700000e+00 9.000000e-01 9.418041e-01 4.184404e+00 9.658679e-01 1.178094e-09
4.750000e+00 9.000000e-01 9.418041e-01 4.184404e+00 9.658679e-01 9.788126e-10
4.800000e+00 9.000000e-01 9.418041e-01 4.184404e+00 9.658679e-01 8.027989e-10
4.850000e+00 9.000000e-01 9.418041e-01 4.184404e+00 9.658679e-01 6.510648e-10
4.900000e+00 9.000000e-01 9.418041e-01 4.184404e+00 9.658679e-01 5.226775e-10
4.950000e+00 9.000000e-01 9.418041e-01 4.184404e+00 9.658679e-01 4.156453e-10
5.000000e+00 9.000000e-01 9.418041e-01 4.184404e+00 9.658679e-01 3.274836e-10
5.050000e+00 9.000000e-01 9.418041e-01 4.184404e+00 9.658679e-01 2.555667e-10
5.100000e+00 9.000000e-01 9.418041e-01 4.184404e+00 9.658679e-01 1.973466e-10
5.150000e+00 9.000000e-01 9.418041e-01 4.184404e+00 9.658679e-01 1.504630e-10
5.200000e+00 9.000000e-01 9.418041e-01 4.184404e+00 9.658679e-01 1.127876e-10
5.250000e+00 9.000000e-01 9.418041e-01 4.184404e+00 9.658679e-01 8.243517e-11
5.300000e+00 9.000000e-01 9.418041e-01 4.184404e+00 9.658679e-01 5.777379e-11
5.350000e+00 9.000000e-01 9.418041e-01 4.184404e+00 9.658679e-01 3.738343e-11
5.400000e+00 9.000000e-01 9.418041e-01 4.184404e+00 9.658679e-01 2.001843e-11
5.450000e+00 9.000000e-01 9.418041e-01 4.184404e+00 9.658679e-01 4.589662e-12
5.500000e+00 9.000000e-01 9.418041e-01 4.184404e+00 9.658679e-01 -9.888756e-12
5.550000e+00 9.000000e-01 9.418041e-01 4.184404e+00 9.658679e-01 -2.436273e-11
5.600000e+00 9.000000e-01 9.418041e-01 4.184404e+00 9.658679e-01 -3.976375e-11
5.650000e+00 9.000000e-01 9.418041e-01 4.184404e+00 9.658679e-01 -5.707435e-11
5.700000e+00 9.000000e-01 9.418041e-01 4.184404e+00 9.658679e-01 -7.739254e-11
5.750000e+00 9.000000e-01 9.418041e-01 4.184404e+00 9.658679e-01 -1.019751e-10
5.800000e+00 9.000000e-01 9.418041e-01 4.184404e+00 9.658679e-01 -1.323652e-10
5.850000e+00 9.000000e-01 9.418041e-01 4.184404e+00 9.658679e-01 -1.704714e-10
5.900000e+00 9.000000e-01 9.418041e-01 4.184404e+00 9.658679e-01 -2.186817e-10
5.950000e+00 9.000000e-01 9.418041e-01 4.184404e+00 9.658679e-01 -2.800515e-10
6.000000e+00 9.000000e-01 9.418041e-01 4.184404e+00 9.658679e-01 -3.585010e-10
6.050000e+00 9.000000e-01 9.418041e-01 4.184404e+00 9.658679e-01 -4.590617e-10
6.100000e+00 9.000000e-01 9.418041e-01 4.184404e+00 9.658679e-01 -5.882372e-10
6.150000e+00 9.000000e-01 9.418041e-01 4.184404e+00 9.658679e-01 -7.544254e-10
6.200000e+00 9.000000e-01 9.418041e-01 4.184404e+00 9.658679e-01 -9.684842e-10
6.250000e+00 9.000000e-01 9.418041e-01 4.184404e+00 9.658679e-01 -1.244460e-09
6.300000e+00 9.000000e-01 9.418041e-01 4.184404e+00 9.658679e-01 -1.600544e-09
6.350000e+00 9.000000e-01 9.418041e-01 4.184404e+00 9.658679e-01 -2.060290e-09
6.400000e+00 9.000000e-01 9.418041e-01 4.184404e+00 9.658679e-01 -2.654157e-09
6.450000e+00 9.000000e-01 9.418041e-01 4.184404e+00 9.658679e-01 -3.421609e-09
6.500000e+00 9.000000e-01 9.418041e-01 4.184404e+00 9.658679e-01 -4.413725e-09
6.550000e+00 9.000000e-01 9.418041e-01 4.184404e+00 9.658679e-01 -5.696644e-09
6.600000e+00 9.000000e-01 9.418041e-01 4.184405e+00 9.658679e-01 -7.356009e-09
6.650000e+00 9.000000e-01 9.418041e-01 4.184405e+00 9.658679e-01 -9.502669e-09
6.700000e+00 9.000000e-01 9.418041e-01 4.184405e+00 9.658679e-01 -1.228014e-08
6.750000e+00 9.000000e-01 9.418041e-01 4.184405e+00 9.658679e-01 -1.587421e-08
6.800000e+00 9.000000e-01 9.418041e-01 4.184405e+00 9.658679e-01 -2.052538e-08
6.850000e+00 9.000000e-01 9.418041e-01 4.184405e+00 9.658679e-01 -2.654476e-08
6.900000e+00 9.000000e-01 9.418041e-01 4.184405e+00 9.658679e-01 -3.433562e-08
6.950000e+00 9.000000e-01 9.418041e-01 4.184405e+00 9.658678e-01 -4.441763e-08
7.000000e+00 9.000000e-01 9.418041e-01 4.184405e+00 9.658678e-01 -5.747044e-08
7.050000e+00 9.000000e-01 9.418041e-01 4.184406e+00 9.658678e-01 -7.434953e-08
7.100000e+00 9.000000e-01 9.418041e-01 4.184406e+00 9.658678e-01 -9.623764e-08
7.150000e+00 9.000000e-01 9.418041e-01 4.184406e+00 9.658677e-01 -1.244287e-07
7.200000e+00 9.000000e-01 9.418041e-01 4.184407e+00 9.658677e-01 -1.613059e-07
7.250000e+00 9.000000e-01 9.418041e-01 4.184408e+00 9.658676e-01 -2.078783e-07
7.300000e+00 9.000000e-01 9.418041e-01 4.184409e+00 9.658675e-01 -2.713187e-07
7.350000e+00 9.000000e-01 9.418042e-01 4.184410e+00 9.658674e-01 -3.448054e-07
7.400000e+00 9.000000e-01 9.418042e-01 4.184411e+00 9.658673e-01 -4.622400e-07
7.450000e+00 9.000000e-01 9.418042e-01 4.184416e+00 9.658670e-01 -5.578193e-07
7.500000e+00 9.000000e-01 9.418042e-01 4.184412e+00 9.658669e-01 -8.181130e-07
7.550000e+00 9.000000e-01 9.418043e-01 4.184431e+00 9.658663e-01 -8.352329e-07
7.600000e+00 9.000000e-01 9.418043e-01 4.184400e+00 9.658667e-01 -1.575241e-06
7.650000e+00 9.000000e-01 9.418044e-01 4.184486e+00 9.658644e-01 -9.841305e-07
7.700000e+00 9.000000e-01 9.418044e-01 4.184321e+00 9.658674e-01 -3.415137e-06
7.750000e+00 9.000000e-01 9.418048e-01 4.184690e+00 9.658590e-01 -2.588350e-07
7.800000e+00 9.000000e-01 9.418044e-01 4.183990e+00 9.658725e-01 -7.999699e-06
7.850000e+00 9.000000e-01 9.418056e-01 4.185360e+00 9.658441e-01 3.036523e-06
7.900000e+00 9.000000e-01 9.418041e-01 4.182938e+00 9.658894e-01 -1.806001e-05
7.950000e+00 9.000000e-01 9.418074e-01 4.187164e+00 9.658088e-01 1.045341e-05
8.000000e+00 9.000000e-01 9.418031e-01 4.180376e+00 9.659275e-01 -3.464286e-05
8.050000e+00 9.000000e-01 9.418109e-01 4.190889e+00 9.657458e-01 1.802271e-05
8.100000e+00 9.000000e-01 9.418013e-01 4.175894e+00 9.659814e-01 -5.014819e-05
8.150000e+00 9.000000e-01 9.418159e-01 4.196180e+00 9.656740e-01 9.652184e-06
8.200000e+00 9.000000e-01 9.418003e-01 4.171177e+00 9.660075e-01 -4.825088e-05
8.250000e+00 9.000000e-01 9.418207e-01 4.199964e+00 9.656452e-01 -3.087440e-05
8.300000e+00 9.000000e-01 9.418034e-01 4.170361e+00 9.659527e-01 -3.324328e-05
8.350000e+00 9.000000e-01 9.418240e-01 4.198630e+00 9.656652e-01 -8.100956e-05
8.400000e+00 9.000000e-01 9.418115e-01 4.174725e+00 9.658661e-01 -6.015413e-05
8.450000e+00 9.000000e-01 9.418300e-01 4.195368e+00 9.656005e-01 -9.267030e-05
8.500000e+00 9.000000e-01 9.418208e-01 4.177020e+00 9.658822e-01 -1.597193e-04
8.550000e+00 9.000000e-01 9.418460e-01 4.199193e+00 9.653619e-01 -1.171622e-04
8.600000e+00 9.000000e-01 9.418325e-01 4.172408e+00 9.658999e-01 -2.441980e-04
8.650000e+00 9.000000e-01 9.418704e-01 4.207110e+00 9.651612e-01 -2.748842e-04
8.700000e+00 9.000000e-01 9.418600e-01 4.172761e+00 9.656353e-01 -3.181815e-04
8.750000e+00 9.000000e-01 9.419023e-01 4.206888e+00 9.650144e-01 -4.807702e-04
8.800000e+00 9.000000e-01 9.419081e-01 4.182538e+00 9.652867e-01 -5.971726e-04
8.850000e+00 9.000000e-01 9.419620e-01 4.209479e+00 9.644497e-01 -6.959904e-04
8.900000e+00 9.000000e-01 9.419777e-01 4.185603e+00 9.649632e-01 -1.020515e-03
8.950000e+00 9.000000e-01 9.420640e-01 4.225248e+00 9.636200e-01 -1.246246e-03
9.000000e+00 9.000000e-01 9.421023e-01 4.193073e+00 9.639885e-01 -1.562666e-03
9.050000e+00 9.000000e-01 9.422203e-01 4.236349e+00 9.625909e-01 -2.092785e-03
9.100000e+00 9.000000e-01 9.423116e-01 4.218584e+00 9.624939e-01 -2.693832e-03
9.150000e+00 9.000000e-01 9.424897e-01 4.257662e+00 9.604238e-01 -3.359700e-03
9.200000e+00 9.000000e-01 9.426475e-01 4.246221e+00 9.602179e-01 -4.410314e-03
9.250000e+00 9.000000e-01 9.429307e-01 4.302148e+00 9.571778e-01 -5.682501e-03
9.300000e+00 9.000000e-01 9.432158e-01 4.299740e+00 9.559379e-01 -7.222207e-03
9.350000e+00 9.000000e-01 9.436529e-01 4.362781e+00 9.517701e-01 -9.248598e-03
9.400000e+00 9.000000e-01 9.441406e-01 4.390796e+00 9.492312e-01 -1.192107e-02
9.450000e+00 9.000000e-01 9.448450e-01 4.474605e+00 9.425874e-01 -1.517705e-02
9.500000e+00 9.000000e-01 9.456584e-01 4.534220e+00 9.376399e-01 -1.930579e-02
9.550000e+00 9.000000e-01 9.467756e-01 4.656653e+00 9.274868e-01 -2.449491e-02
9.600000e+00 9.000000e-01 9.481078e-01 4.778061e+00 9.183009e-01 -3.099486e-02
9.650000e+00 9.000000e-01 9.498751e-01 4.959989e+00 9.017408e-01 -3.876678e-02
9.700000e+00 9.000000e-01 9.519845e-01 5.168556e+00 8.853123e-01 -4.813051e-02
9.750000e+00 9.000000e-01 9.546881e-01 5.454328e+00 8.579855e-01 -5.857559e-02
9.800000e+00 9.000000e-01 9.578421e-01 5.777276e+00 8.288245e-01 -6.977670e-02
9.850000e+00 9.000000e-01 9.616658e-01 6.204091e+00 7.824062e-01 -7.860082e-02
9.900000e+00 9.000000e-01 9.657022e-01 6.576038e+00 7.306721e-01 -8.051756e-02
9.950000e+00 9.000000e-01 9.697176e-01 7.057336e+00 6.480660e-01 -5.937836e-02
1.000000e+01 9.000000e-01 9.716400e-01 6.994953e+00 0.000000e+00 0.000000e+00
0.000000e+00 9.200000e-01 9.814560e-01 5.040000e+00 0.000000e+00 0.000000e+00
5.000000e-02 9.200000e-01 9.814577e-01 5.039688e+00 4.401606e-01 -3.639777e-05
1.000000e-01 9.200000e-01 9.814596e-01 5.038920e+00 4.400093e-01 -3.920115e-05
1.500000e-01 9.200000e-01 9.814616e-01 5.037894e+00 4.399261e-01 -4.594456e-05
2.000000e-01 9.200000e-01 9.814642e-01 5.036932e+00 4.398620e-01 -5.204723e-05
2.500000e-01 9.200000e-01 9.814668e-01 5.036345e+00 4.398091e-01 -2.889870e-05
3.000000e-01 9.200000e-01 9.814671e-01 5.036113e+00 4.398121e-01 2.562640e-05
3.500000e-01 9.200000e-01 9.814643e-01 5.035863e+00 4.398884e-01 6.400855e-05
4.000000e-01 9.200000e-01 9.814607e-01 5.035439e+00 4.399892e-01 5.066806e-05
4.500000e-01 9.200000e-01 9.814592e-01 5.035650e+00 4.400916e-01 9.295778e-06
5.000000e-01 9.200000e-01 9.814598e-01 5.038397e+00 4.402675e-01 -2.857004e-05
5.500000e-01 9.200000e-01 9.814621e-01 5.045789e+00 4.405912e-01 -7.696019e-05
6.000000e-01 9.200000e-01 9.814675e-01 5.058768e+00 4.410312e-01 -1.399599e-04
6.500000e-01 9.200000e-01 9.814761e-01 5.076205e+00 4.415238e-01 -1.342168e-04
7.000000e-01 9.200000e-01 9.814809e-01 5.095030e+00 4.421256e-01 6.393479e-05
7.500000e-01 9.200000e-01 9.814697e-01 5.111175e+00 4.430051e-01 4.981661e-04
8.000000e-01 9.200000e-01 9.814311e-01 5.120751e+00 4.442937e-01 1.112140e-03
8.500000e-01 9.200000e-01 9.813584e-01 5.120927e+00 4.460271e-01 1.847715e-03
9.000000e-01 9.200000e-01 9.812463e-01 5.110318e+00 4.482476e-01 2.703705e-03
9.500000e-01 9.200000e-01 9.810881e-01 5.088851e+00 4.510747e-01 3.677456e-03
1.000000e+00 9.200000e-01 9.808786e-01 5.057311e+00 4.546225e-01 4.703092e-03
1.050000e+00 9.200000e-01 9.806178e-01 5.016868e+00 4.588941e-01 5.695285e-03
1.100000e+00 9.200000e-01 9.803090e-01 4.968794e+00 4.638197e-01 6.631597e-03
1.150000e+00 9.200000e-01 9.799546e-01 4.914309e+00 4.693742e-01 7.546780e-03
1.200000e+00 9.200000e-01 9.795544e-01 4.854399e+00 4.755942e-01 8.456324e-03
1.250000e+00 9.200000e-01 9.791090e-01 4.789649e+00 4.824901e-01 9.331016e-03
1.300000e+00 9.200000e-01 9.786213e-01 4.720348e+00 4.900095e-01 1.014978e-02
1.350000e+00 9.200000e-01 9.780940e-01 4.646928e+00 4.981084e-01 1.093401e-02
1.400000e+00 9.200000e-01 9.775279e-01 4.570370e+00 5.068062e-01 1.170999e-02
1.450000e+00 9.200000e-01 9.769230e-01 4.492005e+00 5.161374e-01 1.246816e-02
1.500000e+00 9.200000e-01 9.762811e-01 4.412658e+00 5.260838e-01 1.318495e-02
1.550000e+00 9.200000e-01 9.756045e-01 4.331668e+00 5.365900e-01 1.386720e-02
1.600000e+00 9.200000e-01 9.748943e-01 4.246559e+00 5.476302e-01 1.454926e-02
1.650000e+00 9.200000e-01 9.741496e-01 4.153785e+00 5.592331e-01 1.525424e-02
1.700000e+00 9.200000e-01 9.733689e-01 4.050369e+00 5.714598e-01 1.598068e-02
1.750000e+00 9.200000e-01 9.725515e-01 3.935837e+00 5.844029e-01 1.672368e-02
1.800000e+00 9.200000e-01 9.716965e-01 3.813670e+00 5.982179e-01 1.748295e-02
1.850000e+00 9.200000e-01 9.708032e-01 3.691670e+00 6.131216e-01 1.823762e-02
1.900000e+00 9.200000e-01 9.698728e-01 3.581214e+00 6.293243e-01 1.892743e-02
1.950000e+00 9.200000e-01 9.689105e-01 3.495875e+00 6.469526e-01 1.947474e-02
2.000000e+00 9.200000e-01 9.679253e-01 3.450124e+00 6.660316e-01 1.982202e-02
2.050000e+00 9.200000e-01 9.669283e-01 3.458300e+00 6.865091e-01 1.993268e-02
2.100000e+00 9.200000e-01 9.659320e-01 3.533280e+00 7.082400e-01 1.974912e-02
2.150000e+00 9.200000e-01 9.649534e-01 3.683887e+00 7.308892e-01 1.916053e-02
2.200000e+00 9.200000e-01 9.640160e-01 3.910960e+00 7.538182e-01 1.803278e-02
2.250000e+00 9.200000e-01 9.631501e-01 4.203743e+00 7.760793e-01 1.629287e-02
2.300000e+00 9.200000e-01 9.623867e-01 4.539401e+00 7.965805e-01 1.400510e-02
2.350000e+00 9.200000e-01 9.617496e-01 4.887295e+00 8.143620e-01 1.137929e-02
2.400000e+00 9.200000e-01 9.612488e-01 5.216701e+00 8.288413e-01 8.704797e-03
2.450000e+00 9.200000e-01 9.608791e-01 5.504250e+00 8.399123e-01 6.254557e-03
2.500000e+00 9.200000e-01 9.606233e-01 5.737795e+00 8.478794e-01 4.212453e-03
2.550000e+00 9.200000e-01 9.604578e-01 5.915923e+00 8.532937e-01 2.649830e-03
2.600000e+00 9.200000e-01 9.603583e-01 6.044668e+00 8.567805e-01 1.544338e-03
2.650000e+00 9.200000e-01 9.603034e-01 6.133602e+00 8.589135e-01 8.182289e-04
2.700000e+00 9.200000e-01 9.602765e-01 6.192770e+00 8.601533e-01 3.753175e-04
2.750000e+00 9.200000e-01 9.602659e-01 6.230943e+00 8.608357e-01 1.259960e-04
2.800000e+00 9.200000e-01 9.602639e-01 6.254965e+00 8.611872e-01 -9.584270e-07
2.850000e+00 9.200000e-01 9.602660e-01 6.269779e+00 8.613517e-01 -5.619287e-05
2.900000e+00 9.200000e-01 9.602695e-01 6.278764e+00 8.614160e-01 -7.269110e-05
2.950000e+00 9.200000e-01 9.602732e-01 6.284136e+00 8.614301e-01 -7.035573e-05
3.000000e+00 9.200000e-01 9.602766e-01 6.287303e+00 8.614214e-01 -6.034559e-05
3.050000e+00 9.200000e-01 9.602793e-01 6.289144e+00 8.614044e-01 -4.842684e-05
3.100000e+00 9.200000e-01 9.602814e-01 6.290196e+00 8.613860e-01 -3.726533e-05
3.150000e+00 9.200000e-01 9.602830e-01 6.290783e+00 8.613693e-01 -2.786384e-05
3.200000e+00 9.200000e-01 9.602842e-01 6.291100e+00 8.613554e-01 -2.040281e-05
3.250000e+00 9.200000e-01 9.602850e-01 6.291263e+00 8.613444e-01 -1.470217e-05
3.300000e+00 9.200000e-01 9.602857e-01 6.291340e+00 8.613360e-01 -1.045921e-05
3.350000e+00 9.200000e-01 9.602861e-01 6.291370e+00 8.613297e-01 -7.361352e-06
3.400000e+00 9.200000e-01 9.602864e-01 6.291377e+00 8.613251e-01 -5.132920e-06
3.450000e+00 9.200000e-01 9.602866e-01 6.291371e+00 8.613217e-01 -3.549047e-06
3.500000e+00 9.200000e-01 9.602868e-01 6.291362e+00 8.613193e-01 -2.434625e-06
3.550000e+00 9.200000e-01 9.602868e-01 6.291351e+00 8.613176e-01 -1.657407e-06
3.600000e+00 9.200000e-01 9.602869e-01 6.291342e+00 8.613164e-01 -1.119671e-06
3.650000e+00 9.200000e-01 9.602870e-01 6.291333e+00 8.613156e-01 -7.503837e-07
3.700000e+00 9.200000e-01 9.602870e-01 6.291326e+00 8.613150e-01 -4.985840e-07
3.750000e+00 9.200000e-01 9.602870e-01 6.291321e+00 8.613146e-01 -3.281044e-07
3.800000e+00 9.200000e-01 9.602870e-01 6.291317e+00 8.613144e-01 -2.135133e-07
3.850000e+00 9.200000e-01 9.602870e-01 6.291314e+00 8.613142e-01 -1.370733e-07
3.900000e+00 9.200000e-01 9.602870e-01 6.291311e+00 8.613141e-01 -8.650530e-08
3.950000e+00 9.200000e-01 9.602870e-01 6.291310e+00 8.613140e-01 -5.336631e-08
4.000000e+00 9.200000e-01 9.602870e-01 6.291308e+00 8.613139e-01 -3.188883e-08
4.050000e+00 9.200000e-01 9.602870e-01 6.291307e+00 8.613139e-01 -1.815746e-08
4.100000e+00 9.200000e-01 9.602870e-01 6.291307e+00 8.613139e-01 -9.530425e-09
4.150000e+00 9.200000e-01 9.602870e-01 6.291306e+00 8.613139e-01 -4.236357e-09
4.200000e+00 9.200000e-01 9.602870e-01 6.291306e+00 8.613139e-01 -1.095086e-09
4.250000e+00 9.200000e-01 9.602870e-01 6.291306e+00 8.613138e-01 6.743262e-10
4.300000e+00 9.200000e-01 9.602870e-01 6.291305e+00 8.613138e-01 1.584718e-09
4.350000e+00 9.200000e-01 9.602870e-01 6.291305e+00 8.613138e-01 1.969971e-09
4.400000e+00 9.200000e-01 9.602870e-01 6.291305e+00 8.613138e-01 2.045210e-09
4.450000e+00 9.200000e-01 9.602870e-01 6.291305e+00 8.613138e-01 1.947225e-09
4.500000e+00 9.200000e-01 9.602870e-01 6.291305e+00 8.613138e-01 1.761530e-09
4.550000e+00 9.200000e-01 9.602870e-01 6.291305e+00 8.613138e-01 1.540319e-09
4.600000e+00 9.200000e-01 9.602870e-01 6.291305e+00 8.613138e-01 1.314345e-09
4.650000e+00 9.200000e-01 9.602870e-01 6.291305e+00 8.613139e-01 1.100732e-09
4.700000e+00 9.200000e-01 9.602870e-01 6.291305e+00 8.613139e-01 9.080603e-10
4.750000e+00 9.200000e-01 9.602870e-01 6.291305e+00 8.613139e-01 7.397072e-10
4.800000e+00 9.200000e-01 9.602870e-01 6.291305e+00 8.613139e-01 5.959733e-10
4.850000e+00 9.200000e-01 9.602870e-01 6.291305e+00 8.613139e-01 4.754219e-10
4.900000e+00 9.200000e-01 9.602870e-01 6.291305e+00 8.613139e-01 3.757572e-10
4.950000e+00 9.200000e-01 9.602870e-01 6.291305e+00 8.613139e-01 2.943346e-10
5.000000e+00 9.200000e-01 9.602870e-01 6.291305e+00 8.613139e-01 2.284661e-10
5.050000e+00 9.200000e-01 9.602870e-01 6.291305e+00 8.613139e-01 1.756006e-10
5.100000e+00 9.200000e-01 9.602870e-01 6.291305e+00 8.613139e-01 1.334355e-10
5.150000e+00 9.200000e-01 9.602870e-01 6.291305e+00 8.613139e-01 9.993228e-11
5.200000e+00 9.200000e-01 9.602870e-01 6.291305e+00 8.613139e-01 7.330914e-11
5.250000e+00 9.200000e-01 9.602870e-01 6.291305e+00 8.613139e-01 5.204837e-11
5.300000e+00 9.200000e-01 9.602870e-01 6.291305e+00 8.613139e-01 3.485545e-11
5.350000e+00 9.200000e-01 9.602870e-01 6.291305e+00 8.613139e-01 2.063016e-11
5.400000e+00 9.200000e-01 9.602870e-01 6.291305e+00 8.613139e-01 8.423262e-12
5.450000e+00 9.200000e-01 9.602870e-01 6.291305e+00 8.613139e-01 -2.599032e-12
5.500000e+00 9.200000e-01 9.602870e-01 6.291305e+00 8.613139e-01 -1.317835e-11
5.550000e+00 9.200000e-01 9.602870e-01 6.291305e+00 8.613139e-01 -2.403966e-11
5.600000e+00 9.200000e-01 9.602870e-01 6.291305e+00 8.613139e-01 -3.590017e-11
5.650000e+00 9.200000e-01 9.602870e-01 6.291305e+00 8.613139e-01 -4.952483e-11
5.700000e+00 9.200000e-01 9.602870e-01 6.291305e+00 8.613139e-01 -6.578627e-11
5.750000e+00 9.200000e-01 9.602870e-01 6.291305e+00 8.613139e-01 -8.569701e-11
5.800000e+00 9.200000e-01 9.602870e-01 6.291305e+00 8.613139e-01 -1.105149e-10
5.850000e+00 9.200000e-01 9.602870e-01 6.291305e+00 8.613139e-01 -1.417988e-10
5.900000e+00 9.200000e-01 9.602870e-01 6.291305e+00 8.613139e-01 -1.815170e-10
5.950000e+00 9.200000e-01 9.602870e-01 6.291305e+00 8.613139e-01 -2.321987e-10
6.000000e+00 9.200000e-01 9.602870e-01 6.291305e+00 8.613139e-01 -2.970812e-10
6.050000e+00 9.200000e-01 9.602870e-01 6.291305e+00 8.613139e-01 -3.803413e-10
6.100000e+00 9.200000e-01 9.602870e-01 6.291305e+00 8.613139e-01 -4.873801e-10
6.150000e+00 9.200000e-01 9.602870e-01 6.291305e+00 8.613139e-01 -6.251666e-10
6.200000e+00 9.200000e-01 9.602870e-01 6.291305e+00 8.613139e-01 -8.027234e-10
6.250000e+00 9.200000e-01 9.602870e-01 6.291305e+00 8.613139e-01 -1.031717e-09
6.300000e+00 9.200000e-01 9.602870e-01 6.291305e+00 8.613139e-01 -1.327261e-09
6.350000e+00 9.200000e-01 9.602870e-01 6.291305e+00 8.613139e-01 -1.708939e-09
6.400000e+00 9.200000e-01 9.602870e-01 6.291305e+00 8.613138e-01 -2.202065e-09
6.450000e+00 9.200000e-01 9.602870e-01 6.291305e+00 8.613138e-01 -2.839440e-09
6.500000e+00 9.200000e-01 9.602870e-01 6.291305e+00 8.613138e-01 -3.663531e-09
6.550000e+00 9.200000e-01 9.602870e-01 6.291305e+00 8.613138e-01 -4.729312e-09
6.600000e+00 9.200000e-01 9.602870e-01 6.291305e+00 8.613138e-01 -6.107990e-09
6.650000e+00 9.200000e-01 9.602870e-01 6.291305e+00 8.613138e-01 -7.891724e-09
6.700000e+00 9.200000e-01 9.602870e-01 6.291305e+00 8.613138e-01 -1.019984e-08
6.750000e+00 9.200000e-01 9.602870e-01 6.291305e+00 8.613138e-01 -1.318680e-08
6.800000e+00 9.200000e-01 9.602870e-01 6.291305e+00 8.613138e-01 -1.705259e-08
6.850000e+00 9.200000e-01 9.602870e-01 6.291306e+00 8.613138e-01 -2.205595e-08
6.900000e+00 9.200000e-01 9.602870e-01 6.291306e+00 8.613138e-01 -2.853202e-08
6.950000e+00 9.200000e-01 9.602871e-01 6.291306e+00 8.613138e-01 -3.691358e-08
7.000000e+00 9.200000e-01 9.602871e-01 6.291306e+00 8.613137e-01 -4.776372e-08
7.050000e+00 9.200000e-01 9.602871e-01 6.291306e+00 8.613137e-01 -6.180064e-08
7.100000e+00 9.200000e-01 9.602871e-01 6.291307e+00 8.613137e-01 -7.998669e-08
7.150000e+00 9.200000e-01 9.602871e-01 6.291307e+00 8.613136e-01 -1.034626e-07
7.200000e+00 9.200000e-01 9.602871e-01 6.291308e+00 8.613136e-01 -1.340197e-07
7.250000e+00 9.200000e-01 9.602871e-01 6.291309e+00 8.613135e-01 -1.730423e-07
7.300000e+00 9.200000e-01 9.602871e-01 6.291310e+00 8.613134e-01 -2.249863e-07
7.350000e+00 9.200000e-01 9.602871e-01 6.291311e+00 8.613132e-01 -2.882246e-07
7.400000e+00 9.200000e-01 9.602871e-01 6.291313e+00 8.613130e-01 -3.804701e-07
7.450000e+00 9.200000e-01 9.602871e-01 6.291315e+00 8.613128e-01 -4.732119e-07
7.500000e+00 9.200000e-01 9.602872e-01 6.291317e+00 8.613125e-01 -6.584140e-07
7.550000e+00 9.200000e-01 9.602872e-01 6.291324e+00 8.613119e-01 -7.435048e-07
7.600000e+00 9.200000e-01 9.602872e-01 6.291320e+00 8.613119e-01 -1.204968e-06
7.650000e+00 9.200000e-01 9.602873e-01 6.291347e+00 8.613101e-01 -1.033475e-06
7.700000e+00 9.200000e-01 9.602873e-01 6.291309e+00 8.613116e-01 -2.420428e-06
7.750000e+00 9.200000e-01 9.602876e-01 6.291421e+00 8.613056e-01 -9.925271e-07
7.800000e+00 9.200000e-01 9.602874e-01 6.291224e+00 8.613137e-01 -5.293476e-06
7.850000e+00 9.200000e-01 9.602881e-01 6.291664e+00 8.612938e-01 2.924500e-07
7.900000e+00 9.200000e-01 9.602874e-01 6.290882e+00 8.613235e-01 -1.160533e-05
7.950000e+00 9.200000e-01 9.602893e-01 6.292377e+00 8.612659e-01 3.885024e-06
8.000000e+00 9.200000e-01 9.602870e-01 6.289884e+00 8.613488e-01 -2.268734e-05
8.050000e+00 9.200000e-01 9.602915e-01 6.294079e+00 8.612129e-01 8.138828e-06
8.100000e+00 9.200000e-01 9.602862e-01 6.287753e+00 8.613889e-01 -3.538780e-05
8.150000e+00 9.200000e-01 9.602951e-01 6.297081e+00 8.611429e-01 4.016283e-06
8.200000e+00 9.200000e-01 9.602858e-01 6.284736e+00 8.614139e-01 -4.015690e-05
8.250000e+00 9.200000e-01 9.602991e-01 6.300398e+00 8.610934e-01 -2.101514e-05
8.300000e+00 9.200000e-01 9.602879e-01 6.282867e+00 8.613723e-01 -3.533929e-05
8.350000e+00 9.200000e-01 9.603026e-01 6.301428e+00 8.610858e-01 -6.086584e-05
8.400000e+00 9.200000e-01 9.602940e-01 6.284736e+00 8.612706e-01 -4.997658e-05
8.450000e+00 9.200000e-01 9.603076e-01 6.299276e+00 8.610357e-01 -8.719775e-05
8.500000e+00 9.200000e-01 9.603027e-01 6.288817e+00 8.612050e-01 -1.146300e-04
8.550000e+00 9.200000e-01 9.603191e-01 6.298606e+00 8.608315e-01 -1.156304e-04
8.600000e+00 9.200000e-01 9.603143e-01 6.289781e+00 8.611515e-01 -1.951991e-04
8.650000e+00 9.200000e-01 9.603386e-01 6.303186e+00 8.605642e-01 -2.221351e-04
8.700000e+00 9.200000e-01 9.603365e-01 6.289618e+00 8.608796e-01 -2.780544e-04
8.750000e+00 9.200000e-01 9.603664e-01 6.306943e+00 8.602963e-01 -3.951827e-04
8.800000e+00 9.200000e-01 9.603760e-01 6.296465e+00 8.603995e-01 -4.823335e-04
8.850000e+00 9.200000e-01 9.604146e-01 6.308544e+00 8.596923e-01 -6.049789e-04
8.900000e+00 9.200000e-01 9.604365e-01 6.305583e+00 8.598062e-01 -8.312227e-04
8.950000e+00 9.200000e-01 9.604978e-01 6.319093e+00 8.586563e-01 -1.031047e-03
9.000000e+00 9.200000e-01 9.605396e-01 6.314480e+00 8.586071e-01 -1.315309e-03
9.050000e+00 9.200000e-01 9.606293e-01 6.334880e+00 8.572005e-01 -1.737244e-03
9.100000e+00 9.200000e-01 9.607133e-01 6.337532e+00 8.565815e-01 -2.214682e-03
9.150000e+00 9.200000e-01 9.608508e-01 6.355381e+00 8.545504e-01 -2.816603e-03
9.200000e+00 9.200000e-01 9.609950e-01 6.372325e+00 8.534169e-01 -3.653667e-03
9.250000e+00 9.200000e-01 9.612161e-01 6.398036e+00 8.502593e-01 -4.700039e-03
9.300000e+00 9.200000e-01 9.614650e-01 6.426314e+00 8.478730e-01 -5.979550e-03
9.350000e+00 9.200000e-01 9.618141e-01 6.463557e+00 8.432184e-01 -7.671852e-03
9.400000e+00 9.200000e-01 9.622322e-01 6.520627e+00 8.388626e-01 -9.815156e-03
9.450000e+00 9.200000e-01 9.627956e-01 6.573098e+00 8.313763e-01 -1.250205e-02
9.500000e+00 9.200000e-01 9.634824e-01 6.667913e+00 8.237491e-01 -1.583478e-02
9.550000e+00 9.200000e-01 9.643791e-01 6.752530e+00 8.118708e-01 -2.003359e-02
9.600000e+00 9.200000e-01 9.654858e-01 6.906193e+00 7.986897e-01 -2.513646e-02
9.650000e+00 9.200000e-01 9.668927e-01 7.033436e+00 7.793503e-01 -3.125838e-02
9.700000e+00 9.200000e-01 9.686116e-01 7.268897e+00 7.571336e-01 -3.830047e-02
9.750000e+00 9.200000e-01 9.707228e-01 7.446985e+00 7.257794e-01 -4.599593e-02
9.800000e+00 9.200000e-01 9.732112e-01 7.769283e+00 6.893404e-01 -5.334500e-02
9.850000e+00 9.200000e-01 9.760573e-01 7.943170e+00 6.397329e-01 -5.791772e-02
9.900000e+00 9.200000e-01 9.790030e-01 8.254916e+00 5.845131e-01 -5.377622e-02
9.950000e+00 9.200000e-01 9.814349e-01 8.162267e+00 5.138388e-01 -2.453046e-02
1.000000e+01 9.200000e-01 9.814560e-01 8.171788e+00 0.000000e+00 0.000000e+00
0.000000e+00 9.400000e-01 9.892560e-01 5.280000e+00 0.000000e+00 0.000000e+00
5.000000e-02 9.400000e-01 9.892530e-01 5.278055e+00 3.369742e-01 3.958590e-05
1.000000e-01 9.400000e-01 9.892520e-01 5.275466e+00 3.368599e-01 4.418697e-06
1.500000e-01 9.400000e-01 9.892525e-01 5.273458e+00 3.368060e-01 -2.050167e-05
2.000000e-01 9.400000e-01 9.892541e-01 5.272444e+00 3.367669e-01 -3.402852e-05
2.500000e-01 9.400000e-01 9.892559e-01 5.272332e+00 3.367362e-01 -2.299407e-05
3.000000e-01 9.400000e-01 9.892564e-01 5.272622e+00 3.367440e-01 1.009499e-05
3.500000e-01 9.400000e-01 9.892549e-01 5.272922e+00 3.368030e-01 3.132166e-05
4.000000e-01 9.400000e-01 9.892533e-01 5.273678e+00 3.368796e-01 1.202957e-05
4.500000e-01 9.400000e-01 9.892537e-01 5.276427e+00 3.369445e-01 -3.992667e-05
5.000000e-01 9.400000e-01 9.892573e-01 5.283216e+00 3.370175e-01 -1.058325e-04
5.500000e-01 9.400000e-01 9.892643e-01 5.295529e+00 3.371236e-01 -1.858150e-04
6.000000e-01 9.400000e-01 9.892758e-01 5.313435e+00 3.372463e-01 -2.694030e-04
6.500000e-01 9.400000e-01 9.892912e-01 5.335492e+00 3.373840e-01 -2.951966e-04
7.000000e-01 9.400000e-01 9.893054e-01 5.359346e+00 3.376411e-01 -1.820025e-04
7.500000e-01 9.400000e-01 9.893094e-01 5.382560e+00 3.382083e-01 9.923549e-05
8.000000e-01 9.400000e-01 9.892954e-01 5.403233e+00 3.392527e-01 5.136823e-04
8.500000e-01 9.400000e-01 9.892581e-01 5.420273e+00 3.408670e-01 1.021592e-03
9.000000e-01 9.400000e-01 9.891933e-01 5.433367e+00 3.431249e-01 1.615250e-03
9.500000e-01 9.400000e-01 9.890965e-01 5.442783e+00 3.461253e-01 2.286772e-03
1.000000e+00 9.400000e-01 9.889646e-01 5.449106e+00 3.499451e-01 2.992406e-03
1.050000e+00 9.400000e-01 9.887973e-01 5.452990e+00 3.545794e-01 3.677922e-03
1.100000e+00 9.400000e-01 9.885968e-01 5.455005e+00 3.599694e-01 4.327023e-03
1.150000e+00 9.400000e-01 9.883646e-01 5.455605e+00 3.660804e-01 4.958564e-03
1.200000e+00 9.400000e-01 9.881009e-01 5.455162e+00 3.729171e-01 5.581580e-03
1.250000e+00 9.400000e-01 9.878064e-01 5.453999e+00 3.804718e-01 6.179130e-03
1.300000e+00 9.400000e-01 9.874830e-01 5.452428e+00 3.887004e-01 6.738284e-03
1.350000e+00 9.400000e-01 9.871326e-01 5.450798e+00 3.975624e-01 7.270724e-03
1.400000e+00 9.400000e-01 9.867560e-01 5.449470e+00 4.070536e-01 7.791869e-03
1.450000e+00 9.400000e-01 9.863534e-01 5.448677e+00 4.171800e-01 8.296890e-03
1.500000e+00 9.400000e-01 9.859263e-01 5.448397e+00 4.279225e-01 8.771946e-03
1.550000e+00 9.400000e-01 9.854762e-01 5.448499e+00 4.392513e-01 9.218749e-03
1.600000e+00 9.400000e-01 9.850044e-01 5.449234e+00 4.511672e-01 9.652738e-03
1.650000e+00 9.400000e-01 9.845110e-01 5.451860e+00 4.637100e-01 1.008106e-02
1.700000e+00 9.400000e-01 9.839963e-01 5.459113e+00 4.769305e-01 1.049546e-02
1.750000e+00 9.400000e-01 9.834614e-01 5.475394e+00 4.908752e-01 1.088562e-02
1.800000e+00 9.400000e-01 9.829077e-01 5.506638e+00 5.055931e-01 1.124534e-02
1.850000e+00 9.400000e-01 9.823369e-01 5.559862e+00 5.211301e-01 1.155962e-02
1.900000e+00 9.400000e-01 9.817518e-01 5.642401e+00 5.374912e-01 1.179502e-02
1.950000e+00 9.400000e-01 9.811574e-01 5.760983e+00 5.545999e-01 1.191322e-02
2.000000e+00 9.400000e-01 9.805604e-01 5.920853e+00 5.722977e-01 1.189309e-02
2.050000e+00 9.400000e-01 9.799681e-01 6.124907e+00 5.903685e-01 1.173104e-02
2.100000e+00 9.400000e-01 9.793873e-01 6.372541e+00 6.085423e-01 1.141534e-02
2.150000e+00 9.400000e-01 9.788265e-01 6.658132e+00 6.264568e-01 1.090403e-02
2.200000e+00 9.400000e-01 9.782969e-01 6.969873e+00 6.436199e-01 1.013667e-02
2.250000e+00 9.400000e-01 9.778129e-01 7.290227e+00 6.594362e-01 9.077167e-03
2.300000e+00 9.400000e-01 9.773892e-01 7.598794e+00 6.733201e-01 7.755230e-03
2.350000e+00 9.400000e-01 9.770373e-01 7.876831e+00 6.848466e-01 6.274331e-03
2.400000e+00 9.400000e-01 9.767618e-01 8.111401e+00 6.938584e-01 4.781067e-03
2.450000e+00 9.400000e-01 9.765592e-01 8.297311e+00 7.004814e-01 3.417032e-03
2.500000e+00 9.400000e-01 9.764201e-01 8.436422e+00 7.050534e-01 2.280132e-03
2.550000e+00 9.400000e-01 9.763312e-01 8.535267e+00 7.080156e-01 1.409976e-03
2.600000e+00 9.400000e-01 9.762791e-01 8.602352e+00 7.098115e-01 7.956285e-04
2.650000e+00 9.400000e-01 9.762517e-01 8.646081e+00 7.108220e-01 3.949285e-04
2.700000e+00 9.400000e-01 9.762396e-01 8.673587e+00 7.113391e-01 1.543750e-04
2.750000e+00 9.400000e-01 9.762362e-01 8.690347e+00 7.115672e-01 2.329884e-05
2.800000e+00 9.400000e-01 9.762373e-01 8.700263e+00 7.116383e-01 -3.902363e-05
2.850000e+00 9.400000e-01 9.762401e-01 8.705964e+00 7.116324e-01 -6.172586e-05
2.900000e+00 9.400000e-01 9.762434e-01 8.709142e+00 7.115944e-01 -6.378133e-05
2.950000e+00 9.400000e-01 9.762465e-01 8.710851e+00 7.115478e-01 -5.654821e-05
3.000000e+00 9.400000e-01 9.762491e-01 8.711724e+00 7.115036e-01 -4.626792e-05
3.050000e+00 9.400000e-01 9.762511e-01 8.712136e+00 7.114661e-01 -3.603243e-05
3.100000e+00 9.400000e-01 9.762527e-01 8.712301e+00 7.114361e-01 -2.714322e-05
3.150000e+00 9.400000e-01 9.762538e-01 8.712341e+00 7.114131e-01 -1.996542e-05
3.200000e+00 9.400000e-01 9.762547e-01 8.712322e+00 7.113959e-01 -1.442458e-05
3.250000e+00 9.400000e-01 9.762553e-01 8.712281e+00 7.113833e-01 -1.027534e-05
3.300000e+00 9.400000e-01 9.762557e-01 8.712234e+00 7.113742e-01 -7.235290e-06
3.350000e+00 9.400000e-01 9.762560e-01 8.712190e+00 7.113677e-01 -5.044424e-06
3.400000e+00 9.400000e-01 9.762562e-01 8.712153e+00 7.113631e-01 -3.486075e-06
3.450000e+00 9.400000e-01 9.762564e-01 8.712123e+00 7.113599e-01 -2.389569e-06
3.500000e+00 9.400000e-01 9.762565e-01 8.712099e+00 7.113577e-01 -1.625189e-06
3.550000e+00 9.400000e-01 9.762565e-01 8.712081e+00 7.113561e-01 -1.096752e-06
3.600000e+00 9.400000e-01 9.762566e-01 8.712068e+00 7.113551e-01 -7.342284e-07
3.650000e+00 9.400000e-01 9.762566e-01 8.712057e+00 7.113544e-01 -4.873469e-07
3.700000e+00 9.400000e-01 9.762566e-01 8.712050e+00 7.113539e-01 -3.204304e-07
3.750000e+00 9.400000e-01 9.762566e-01 8.712045e+00 7.113536e-01 -2.084047e-07
3.800000e+00 9.400000e-01 9.762566e-01 8.712041e+00 7.113534e-01 -1.337960e-07
3.850000e+00 9.400000e-01 9.762566e-01 8.712038e+00 7.113532e-01 -8.452015e-08
3.900000e+00 9.400000e-01 9.762566e-01 8.712036e+00 7.113532e-01 -5.227926e-08
3.950000e+00 9.400000e-01 9.762566e-01 8.712035e+00 7.113531e-01 -3.141327e-08
4.000000e+00 9.400000e-01 9.762567e-01 8.712034e+00 7.113531e-01 -1.808643e-08
4.050000e+00 9.400000e-01 9.762567e-01 8.712033e+00 7.113530e-01 -9.715860e-09
4.100000e+00 9.400000e-01 9.762567e-01 8.712033e+00 7.113530e-01 -4.573606e-09
4.150000e+00 9.400000e-01 9.762567e-01 8.712033e+00 7.113530e-01 -1.511385e-09
4.200000e+00 9.400000e-01 9.762567e-01 8.712032e+00 7.113530e-01 2.284184e-10
4.250000e+00 9.400000e-01 9.762567e-01 8.712032e+00 7.113530e-01 1.141759e-09
4.300000e+00 9.400000e-01 9.762567e-01 8.712032e+00 7.113530e-01 1.550358e-09
4.350000e+00 9.400000e-01 9.762567e-01 8.712032e+00 7.113530e-01 1.660715e-09
4.400000e+00 9.400000e-01 9.762567e-01 8.712032e+00 7.113530e-01 1.603633e-09
4.450000e+00 9.400000e-01 9.762567e-01 8.712032e+00 7.113530e-01 1.460523e-09
4.500000e+00 9.400000e-01 9.762567e-01 8.712032e+00 7.113530e-01 1.280904e-09
4.550000e+00 9.400000e-01 9.762567e-01 8.712032e+00 7.113530e-01 1.093874e-09
4.600000e+00 9.400000e-01 9.762567e-01 8.712032e+00 7.113530e-01 9.156254e-10
4.650000e+00 9.400000e-01 9.762567e-01 8.712032e+00 7.113530e-01 7.543344e-10
4.700000e+00 9.400000e-01 9.762567e-01 8.712032e+00 7.113530e-01 6.132961e-10
4.750000e+00 9.400000e-01 9.762567e-01 8.712032e+00 7.113530e-01 4.929601e-10
4.800000e+00 9.400000e-01 9.762567e-01 8.712032e+00 7.113530e-01 3.921974e-10
4.850000e+00 9.400000e-01 9.762567e-01 8.712032e+00 7.113530e-01 3.090828e-10
4.900000e+00 9.400000e-01 9.762567e-01 8.712032e+00 7.113530e-01 2.413669e-10
4.950000e+00 9.400000e-01 9.762567e-01 8.712032e+00 7.113530e-01 1.867673e-10
5.000000e+00 9.400000e-01 9.762567e-01 8.712032e+00 7.113530e-01 1.431355e-10
5.050000e+00 9.400000e-01 9.762567e-01 8.712032e+00 7.113530e-01 1.085132e-10
5.100000e+00 9.400000e-01 9.762567e-01 8.712032e+00 7.113530e-01 8.118506e-11
5.150000e+00 9.400000e-01 9.762567e-01 8.712032e+00 7.113530e-01 5.967893e-11
5.200000e+00 9.400000e-01 9.762567e-01 8.712032e+00 7.113530e-01 4.272360e-11
5.250000e+00 9.400000e-01 9.762567e-01 8.712032e+00 7.113530e-01 2.925660e-11
5.300000e+00 9.400000e-01 9.762567e-01 8.712032e+00 7.113530e-01 1.838862e-11
5.350000e+00 9.400000e-01 9.762567e-01 8.712032e+00 7.113530e-01 9.365841e-12
5.400000e+00 9.400000e-01 9.762567e-01 8.712032e+00 7.113530e-01 1.543210e-12
5.450000e+00 9.400000e-01 9.762567e-01 8.712032e+00 7.113530e-01 -5.639933e-12
5.500000e+00 9.400000e-01 9.762567e-01 8.712032e+00 7.113530e-01 -1.270317e-11
5.550000e+00 9.400000e-01 9.762567e-01 8.712032e+00 7.113530e-01 -2.013500e-11
5.600000e+00 9.400000e-01 9.762567e-01 8.712032e+00 7.113530e-01 -2.842948e-11
5.650000e+00 9.400000e-01 9.762567e-01 8.712032e+00 7.113530e-01 -3.814060e-11
5.700000e+00 9.400000e-01 9.762567e-01 8.712032e+00 7.113530e-01 -4.989009e-11
5.750000e+00 9.400000e-01 9.762567e-01 8.712032e+00 7.113530e-01 -6.441625e-11
5.800000e+00 9.400000e-01 9.762567e-01 8.712032e+00 7.113530e-01 -8.263723e-11
5.850000e+00 9.400000e-01 9.762567e-01 8.712032e+00 7.113530e-01 -1.057032e-10
5.900000e+00 9.400000e-01 9.762567e-01 8.712032e+00 7.113530e-01 -1.350686e-10
5.950000e+00 9.400000e-01 9.762567e-01 8.712032e+00 7.113530e-01 -1.726119e-10
6.000000e+00 9.400000e-01 9.762567e-01 8.712032e+00 7.113530e-01 -2.207412e-10
6.050000e+00 9.400000e-01 9.762567e-01 8.712032e+00 7.113530e-01 -2.825551e-10
6.100000e+00 9.400000e-01 9.762567e-01 8.712032e+00 7.113530e-01 -3.620726e-10
6.150000e+00 9.400000e-01 9.762567e-01 8.712032e+00 7.113530e-01 -4.644796e-10
6.200000e+00 9.400000e-01 9.762567e-01 8.712032e+00 7.113530e-01 -5.964917e-10
6.250000e+00 9.400000e-01 9.762567e-01 8.712032e+00 7.113530e-01 -7.667933e-10
6.300000e+00 9.400000e-01 9.762567e-01 8.712032e+00 7.113530e-01 -9.866297e-10
6.350000e+00 9.400000e-01 9.762567e-01 8.712032e+00 7.113530e-01 -1.270580e-09
6.400000e+00 9.400000e-01 9.762567e-01 8.712032e+00 7.113530e-01 -1.637488e-09
6.450000e+00 9.400000e-01 9.762567e-01 8.712032e+00 7.113530e-01 -2.111761e-09
6.500000e+00 9.400000e-01 9.762567e-01 8.712032e+00 7.113530e-01 -2.725015e-09
6.550000e+00 9.400000e-01 9.762567e-01 8.712032e+00 7.113530e-01 -3.518166e-09
6.600000e+00 9.400000e-01 9.762567e-01 8.712032e+00 7.113530e-01 -4.544197e-09
6.650000e+00 9.400000e-01 9.762567e-01 8.712032e+00 7.113530e-01 -5.871705e-09
6.700000e+00 9.400000e-01 9.762567e-01 8.712032e+00 7.113530e-01 -7.589486e-09
6.750000e+00 9.400000e-01 9.762567e-01 8.712032e+00 7.113530e-01 -9.812483e-09
6.800000e+00 9.400000e-01 9.762567e-01 8.712032e+00 7.113530e-01 -1.268948e-08
6.850000e+00 9.400000e-01 9.762567e-01 8.712032e+00 7.113530e-01 -1.641302e-08
6.900000e+00 9.400000e-01 9.762567e-01 8.712032e+00 7.113530e-01 -2.123237e-08
6.950000e+00 9.400000e-01 9.762567e-01 8.712032e+00 7.113529e-01 -2.746972e-08
7.000000e+00 9.400000e-01 9.762567e-01 8.712033e+00 7.113529e-01 -3.554317e-08
7.050000e+00 9.400000e-01 9.762567e-01 8.712033e+00 7.113529e-01 -4.598950e-08
7.100000e+00 9.400000e-01 9.762567e-01 8.712033e+00 7.113528e-01 -5.951632e-08
7.150000e+00 9.400000e-01 9.762567e-01 8.712033e+00 7.113528e-01 -7.699707e-08
7.200000e+00 9.400000e-01 9.762567e-01 8.712034e+00 7.113527e-01 -9.968920e-08
7.250000e+00 9.400000e-01 9.762567e-01 8.712034e+00 7.113526e-01 -1.288383e-07
7.300000e+00 9.400000e-01 9.762567e-01 8.712035e+00 7.113524e-01 -1.671516e-07
7.350000e+00 9.400000e-01 9.762567e-01 8.712036e+00 7.113523e-01 -2.150629e-07
7.400000e+00 9.400000e-01 9.762567e-01 8.712037e+00 7.113520e-01 -2.814299e-07
7.450000e+00 9.400000e-01 9.762567e-01 8.712039e+00 7.113517e-01 -3.559785e-07
7.500000e+00 9.400000e-01 9.762567e-01 8.712041e+00 7.113514e-01 -4.803820e-07
7.550000e+00 9.400000e-01 9.762568e-01 8.712044e+00 7.113508e-01 -5.743206e-07
7.600000e+00 9.400000e-01 9.762568e-01 8.712047e+00 7.113504e-01 -8.497516e-07
7.650000e+00 9.400000e-01 9.762569e-01 8.712053e+00 7.113490e-01 -8.654355e-07
7.700000e+00 9.400000e-01 9.762569e-01 8.712054e+00 7.113492e-01 -1.607271e-06
7.750000e+00 9.400000e-01 9.762570e-01 8.712074e+00 7.113453e-01 -1.102521e-06
7.800000e+00 9.400000e-01 9.762570e-01 8.712053e+00 7.113487e-01 -3.283021e-06
7.850000e+00 9.400000e-01 9.762573e-01 8.712135e+00 7.113365e-01 -8.842481e-07
7.900000e+00 9.400000e-01 9.762571e-01 8.712004e+00 7.113516e-01 -6.888719e-06
7.950000e+00 9.400000e-01 9.762580e-01 8.712325e+00 7.113165e-01 3.439076e-07
8.000000e+00 9.400000e-01 9.762570e-01 8.711775e+00 7.113629e-01 -1.346188e-05
8.050000e+00 9.400000e-01 9.762594e-01 8.712860e+00 7.112770e-01 1.981941e-06
8.100000e+00 9.400000e-01 9.762569e-01 8.711109e+00 7.113841e-01 -2.212584e-05
8.150000e+00 9.400000e-01 9.762616e-01 8.714058e+00 7.112176e-01 -3.552572e-07
8.200000e+00 9.400000e-01 9.762569e-01 8.709796e+00 7.113987e-01 -2.845125e-05
8.250000e+00 9.400000e-01 9.762644e-01 8.715946e+00 7.111572e-01 -1.424612e-05
8.300000e+00 9.400000e-01 9.762583e-01 8.708301e+00 7.113682e-01 -3.020262e-05
8.350000e+00 9.400000e-01 9.762675e-01 8.717576e+00 7.111164e-01 -4.031730e-05
8.400000e+00 9.400000e-01 9.762623e-01 8.708183e+00 7.112725e-01 -4.012473e-05
8.450000e+00 9.400000e-01 9.762715e-01 8.717434e+00 7.110561e-01 -6.642839e-05
8.500000e+00 9.400000e-01 9.762690e-01 8.710505e+00 7.111524e-01 -7.804240e-05
8.550000e+00 9.400000e-01 9.762793e-01 8.716089e+00 7.108844e-01 -9.577202e-05
8.600000e+00 9.400000e-01 9.762786e-01 8.713332e+00 7.110135e-01 -1.372807e-04
8.650000e+00 9.400000e-01 9.762930e-01 8.716813e+00 7.105952e-01 -1.661035e-04
8.700000e+00 9.400000e-01 9.762952e-01 8.714630e+00 7.107121e-01 -2.110404e-04
8.750000e+00 9.400000e-01 9.763141e-01 8.719820e+00 7.102164e-01 -2.887392e-04
8.800000e+00 9.400000e-01 9.763240e-01 8.717766e+00 7.101548e-01 -3.555390e-04
8.850000e+00 9.400000e-01 9.763497e-01 8.722019e+00 7.095438e-01 -4.586777e-04
8.900000e+00 9.400000e-01 9.763699e-01 8.724869e+00 7.093340e-01 -6.061481e-04
8.950000e+00 9.400000e-01 9.764103e-01 8.726941e+00 7.083662e-01 -7.665889e-04
9.000000e+00 9.400000e-01 9.764466e-01 8.732833e+00 7.079079e-01 -9.803331e-04
9.050000e+00 9.400000e-01 9.765083e-01 8.738010e+00 7.065445e-01 -1.282579e-03
9.100000e+00 9.400000e-01 9.765748e-01 8.746726e+00 7.054778e-01 -1.633793e-03
9.150000e+00 9.400000e-01 9.766717e-01 8.752904e+00 7.034447e-01 -2.093858e-03
9.200000e+00 9.400000e-01 9.767842e-01 8.771197e+00 7.015610e-01 -2.693859e-03
9.250000e+00 9.400000e-01 9.769411e-01 8.779409e+00 6.983130e-01 -3.464929e-03
9.300000e+00 9.400000e-01 9.771307e-01 8.807267e+00 6.949537e-01 -4.405876e-03
9.350000e+00 9.400000e-01 9.773817e-01 8.822850e+00 6.898865e-01 -5.644427e-03
9.400000e+00 9.400000e-01 9.776952e-01 8.866449e+00 6.841016e-01 -7.184200e-03
9.450000e+00 9.400000e-01 9.781001e-01 8.889769e+00 6.758951e-01 -9.131659e-03
9.500000e+00 9.400000e-01 9.786083e-01 8.955257e+00 6.661836e-01 -1.150359e-02
9.550000e+00 9.400000e-01 9.792504e-01 8.990652e+00 6.529832e-01 -1.447118e-02
9.600000e+00 9.400000e-01 9.800554e-01 9.081038e+00 6.368838e-01 -1.798665e-02
9.650000e+00 9.400000e-01 9.810491e-01 9.121605e+00 6.156536e-01 -2.214432e-02
9.700000e+00 9.400000e-01 9.822699e-01 9.228419e+00 5.896613e-01 -2.670215e-02
9.750000e+00 9.400000e-01 9.837193e-01 9.237256e+00 5.564053e-01 -3.145828e-02
9.800000e+00 9.400000e-01 9.854157e-01 9.306213e+00 5.165135e-01 -3.535811e-02
9.850000e+00 9.400000e-01 9.872551e-01 9.156712e+00 4.682886e-01 -3.666990e-02
9.900000e+00 9.400000e-01 9.890827e-01 9.052403e+00 4.159227e-01 -3.015993e-02
9.950000e+00 9.400000e-01 9.902711e-01 8.530949e+00 3.652327e-01 -1.733134e-03
1.000000e+01 9.400000e-01 9.892560e-01 8.569040e+00 0.000000e+00 0.000000e+00
0.000000e+00 9.600000e-01 9.949440e-01 5.520000e+00 0.000000e+00 0.000000e+00
5.000000e-02 9.600000e-01 9.949367e-01 5.511128e+00 2.290553e-01 9.964174e-05
1.000000e-01 9.600000e-01 9.949340e-01 5.506234e+00 2.290273e-01 2.808350e-05
1.500000e-01 9.600000e-01 9.949339e-01 5.504534e+00 2.290160e-01 -8.756258e-06
2.000000e-01 9.600000e-01 9.949349e-01 5.504524e+00 2.289930e-01 -2.415156e-05
2.500000e-01 9.600000e-01 9.949363e-01 5.505299e+00 2.289657e-01 -1.970880e-05
3.000000e-01 9.600000e-01 9.949369e-01 5.506295e+00 2.289636e-01 -1.078515e-06
3.500000e-01 9.600000e-01 9.949364e-01 5.507393e+00 2.289965e-01 9.754941e-06
4.000000e-01 9.600000e-01 9.949359e-01 5.509049e+00 2.290315e-01 -5.954702e-06
4.500000e-01 9.600000e-01 9.949370e-01 5.512132e+00 2.290260e-01 -4.587122e-05
5.000000e-01 9.600000e-01 9.949405e-01 5.517581e+00 2.289648e-01 -1.002095e-04
5.500000e-01 9.600000e-01 9.949470e-01 5.526166e+00 2.288447e-01 -1.684958e-04
6.000000e-01 9.600000e-01 9.949573e-01 5.538489e+00 2.286570e-01 -2.441177e-04
6.500000e-01 9.600000e-01 9.949714e-01 5.555141e+00 2.284285e-01 -2.921086e-04
7.000000e-01 9.600000e-01 9.949866e-01 5.576817e+00 2.282750e-01 -2.657530e-04
7.500000e-01 9.600000e-01 9.949980e-01 5.604310e+00 2.283776e-01 -1.464674e-04
8.000000e-01 9.600000e-01 9.950012e-01 5.638421e+00 2.289006e-01 4.865324e-05
8.500000e-01 9.600000e-01 9.949931e-01 5.679838e+00 2.299505e-01 2.988217e-04
9.000000e-01 9.600000e-01 9.949713e-01 5.729024e+00 2.316086e-01 6.003750e-04
9.500000e-01 9.600000e-01 9.949331e-01 5.786179e+00 2.339591e-01 9.493624e-04
1.000000e+00 9.600000e-01 9.948764e-01 5.851287e+00 2.370605e-01 1.321445e-03
1.050000e+00 9.600000e-01 9.948009e-01 5.924192e+00 2.409086e-01 1.685565e-03
1.100000e+00 9.600000e-01 9.947078e-01 6.004666e+00 2.454589e-01 2.031191e-03
1.150000e+00 9.600000e-01 9.945978e-01 6.092453e+00 2.506794e-01 2.367709e-03
1.200000e+00 9.600000e-01 9.944711e-01 6.187326e+00 2.565626e-01 2.699772e-03
1.250000e+00 9.600000e-01 9.943278e-01 6.289130e+00 2.630935e-01 3.017701e-03
1.300000e+00 9.600000e-01 9.941693e-01 6.397800e+00 2.702331e-01 3.313546e-03
1.350000e+00 9.600000e-01 9.939965e-01 6.513354e+00 2.779444e-01 3.592738e-03
1.400000e+00 9.600000e-01 9.938100e-01 6.635928e+00 2.862131e-01 3.862954e-03
1.450000e+00 9.600000e-01 9.936102e-01 6.765821e+00 2.950323e-01 4.120599e-03
1.500000e+00 9.600000e-01 9.933980e-01 6.903563e+00 3.043796e-01 4.356447e-03
1.550000e+00 9.600000e-01 9.931746e-01 7.050008e+00 3.142245e-01 4.569293e-03
1.600000e+00 9.600000e-01 9.929410e-01 7.206430e+00 3.245511e-01 4.765765e-03
1.650000e+00 9.600000e-01 9.926980e-01 7.374535e+00 3.353598e-01 4.948926e-03
1.700000e+00 9.600000e-01 9.924461e-01 7.556328e+00 3.466469e-01 5.114579e-03
1.750000e+00 9.600000e-01 9.921865e-01 7.753855e+00 3.583930e-01 5.258673e-03
1.800000e+00 9.600000e-01 9.919203e-01 7.968873e+00 3.705681e-01 5.380993e-03
1.850000e+00 9.600000e-01 9.916484e-01 8.202475e+00 3.831313e-01 5.478388e-03
1.900000e+00 9.600000e-01 9.913724e-01 8.454644e+00 3.960110e-01 5.539518e-03
1.950000e+00 9.600000e-01 9.910945e-01 8.723807e+00 4.090873e-01 5.552115e-03
2.000000e+00 9.600000e-01 9.908172e-01 9.006473e+00 4.221993e-01 5.514580e-03
2.050000e+00 9.600000e-01 9.905430e-01 9.297076e+00 4.351701e-01 5.434869e-03
2.100000e+00 9.600000e-01 9.902737e-01 9.588037e+00 4.478154e-01 5.313796e-03
2.150000e+00 9.600000e-01 9.900116e-01 9.870134e+00 4.599246e-01 5.129452e-03
2.200000e+00 9.600000e-01 9.897608e-01 1.013338e+01 4.712359e-01 4.841031e-03
2.250000e+00 9.600000e-01 9.895275e-01 1.036843e+01 4.814454e-01 4.412807e-03
2.300000e+00 9.600000e-01 9.893195e-01 1.056831e+01 4.902633e-01 3.840947e-03
2.350000e+00 9.600000e-01 9.891434e-01 1.072970e+01 4.974918e-01 3.163950e-03
2.400000e+00 9.600000e-01 9.890031e-01 1.085332e+01 5.030823e-01 2.450866e-03
2.450000e+00 9.600000e-01 9.888983e-01 1.094318e+01 5.071437e-01 1.776557e-03
2.500000e+00 9.600000e-01 9.888254e-01 1.100527e+01 5.099039e-01 1.198758e-03
2.550000e+00 9.600000e-01 9.887785e-01 1.104614e+01 5.116486e-01 7.466179e-04
2.600000e+00 9.600000e-01 9.887508e-01 1.107177e+01 5.126625e-01 4.217889e-04
2.650000e+00 9.600000e-01 9.887363e-01 1.108708e+01 5.131903e-01 2.071577e-04
2.700000e+00 9.600000e-01 9.887301e-01 1.109576e+01 5.134197e-01 7.725023e-05
2.750000e+00 9.600000e-01 9.887286e-01 1.110037e+01 5.134814e-01 6.337530e-06
2.800000e+00 9.600000e-01 9.887294e-01 1.110262e+01 5.134594e-01 -2.704466e-05
2.850000e+00 9.600000e-01 9.887313e-01 1.110356e+01 5.134030e-01 -3.863607e-05
2.900000e+00 9.600000e-01 9.887333e-01 1.110383e+01 5.133388e-01 -3.886347e-05
2.950000e+00 9.600000e-01 9.887352e-01 1.110376e+01 5.132795e-01 -3.403885e-05
3.000000e+00 9.600000e-01 9.887367e-01 1.110357e+01 5.132298e-01 -2.765003e-05
3.050000e+00 9.600000e-01 9.887379e-01 1.110335e+01 5.131905e-01 -2.142188e-05
3.100000e+00 9.600000e-01 9.887388e-01 1.110315e+01 5.131606e-01 -1.606859e-05
3.150000e+00 9.600000e-01 9.887395e-01 1.110297e+01 5.131384e-01 -1.177439e-05
3.200000e+00 9.600000e-01 9.887400e-01 1.110283e+01 5.131222e-01 -8.476108e-06
3.250000e+00 9.600000e-01 9.887404e-01 1.110272e+01 5.131106e-01 -6.016725e-06
3.300000e+00 9.600000e-01 9.887406e-01 1.110264e+01 5.131025e-01 -4.221798e-06
3.350000e+00 9.600000e-01 9.887408e-01 1.110258e+01 5.130967e-01 -2.933021e-06
3.400000e+00 9.600000e-01 9.887409e-01 1.110253e+01 5.130927e-01 -2.019612e-06
3.450000e+00 9.600000e-01 9.887410e-01 1.110250e+01 5.130900e-01 -1.379189e-06
3.500000e+00 9.600000e-01 9.887411e-01 1.110248e+01 5.130881e-01 -9.343389e-07
3.550000e+00 9.600000e-01 9.887411e-01 1.110246e+01 5.130869e-01 -6.279161e-07
3.600000e+00 9.600000e-01 9.887411e-01 1.110245e+01 5.130860e-01 -4.184854e-07
3.650000e+00 9.600000e-01 9.887411e-01 1.110244e+01 5.130854e-01 -2.764164e-07
3.700000e+00 9.600000e-01 9.887411e-01 1.110243e+01 5.130851e-01 -1.807588e-07
3.750000e+00 9.600000e-01 9.887412e-01 1.110243e+01 5.130848e-01 -1.168415e-07
3.800000e+00 9.600000e-01 9.887412e-01 1.110243e+01 5.130847e-01 -7.447721e-08
3.850000e+00 9.600000e-01 9.887412e-01 1.110243e+01 5.130846e-01 -4.664602e-08
3.900000e+00 9.600000e-01 9.887412e-01 1.110243e+01 5.130845e-01 -2.854516e-08
3.950000e+00 9.600000e-01 9.887412e-01 1.110242e+01 5.130845e-01 -1.691109e-08
4.000000e+00 9.600000e-01 9.887412e-01 1.110242e+01 5.130844e-01 -9.540929e-09
4.050000e+00 9.600000e-01 9.887412e-01 1.110242e+01 5.130844e-01 -4.957639e-09
4.100000e+00 9.600000e-01 9.887412e-01 1.110242e+01 5.130844e-01 -2.177587e-09
4.150000e+00 9.600000e-01 9.887412e-01 1.110242e+01 5.130844e-01 -5.504142e-10
4.200000e+00 9.600000e-01 9.887412e-01 1.110242e+01 5.130844e-01 3.505762e-10
4.250000e+00 9.600000e-01 9.887412e-01 1.110242e+01 5.130844e-01 8.029355e-10
4.300000e+00 9.600000e-01 9.887412e-01 1.110242e+01 5.130844e-01 9.853895e-10
4.350000e+00 9.600000e-01 9.887412e-01 1.110242e+01 5.130844e-01 1.011664e-09
4.400000e+00 9.600000e-01 9.887412e-01 1.110242e+01 5.130844e-01 9.530354e-10
4.450000e+00 9.600000e-01 9.887412e-01 1.110242e+01 5.130844e-01 8.532808e-10
4.500000e+00 9.600000e-01 9.887412e-01 1.110242e+01 5.130844e-01 7.385570e-10
4.550000e+00 9.600000e-01 9.887412e-01 1.110242e+01 5.130844e-01 6.238698e-10
4.600000e+00 9.600000e-01 9.887412e-01 1.110242e+01 5.130844e-01 5.172351e-10
4.650000e+00 9.600000e-01 9.887412e-01 1.110242e+01 5.130844e-01 4.224043e-10
4.700000e+00 9.600000e-01 9.887412e-01 1.110242e+01 5.130844e-01 3.405876e-10
4.750000e+00 9.600000e-01 9.887412e-01 1.110242e+01 5.130844e-01 2.715472e-10
4.800000e+00 9.600000e-01 9.887412e-01 1.110242e+01 5.130844e-01 2.142919e-10
4.850000e+00 9.600000e-01 9.887412e-01 1.110242e+01 5.130844e-01 1.674694e-10
4.900000e+00 9.600000e-01 9.887412e-01 1.110242e+01 5.130844e-01 1.296274e-10
4.950000e+00 9.600000e-01 9.887412e-01 1.110242e+01 5.130844e-01 9.934831e-11
5.000000e+00 9.600000e-01 9.887412e-01 1.110242e+01 5.130844e-01 7.532752e-11
5.050000e+00 9.600000e-01 9.887412e-01 1.110242e+01 5.130844e-01 5.640377e-11
5.100000e+00 9.600000e-01 9.887412e-01 1.110242e+01 5.130844e-01 4.156564e-11
5.150000e+00 9.600000e-01 9.887412e-01 1.110242e+01 5.130844e-01 2.996492e-11
5.200000e+00 9.600000e-01 9.887412e-01 1.110242e+01 5.130844e-01 2.087108e-11
5.250000e+00 9.600000e-01 9.887412e-01 1.110242e+01 5.130844e-01 1.367795e-11
5.300000e+00 9.600000e-01 9.887412e-01 1.110242e+01 5.130844e-01 7.880363e-12
5.350000e+00 9.600000e-01 9.887412e-01 1.110242e+01 5.130844e-01 3.048672e-12
5.400000e+00 9.600000e-01 9.887412e-01 1.110242e+01 5.130844e-01 -1.173506e-12
5.450000e+00 9.600000e-01 9.887412e-01 1.110242e+01 5.130844e-01 -5.105916e-12
5.500000e+00 9.600000e-01 9.887412e-01 1.110242e+01 5.130844e-01 -9.047207e-12
5.550000e+00 9.600000e-01 9.887412e-01 1.110242e+01 5.130844e-01 -1.327605e-11
5.600000e+00 9.600000e-01 9.887412e-01 1.110242e+01 5.130844e-01 -1.807776e-11
5.650000e+00 9.600000e-01 9.887412e-01 1.110242e+01 5.130844e-01 -2.377765e-11
5.700000e+00 9.600000e-01 9.887412e-01 1.110242e+01 5.130844e-01 -3.074430e-11
5.750000e+00 9.600000e-01 9.887412e-01 1.110242e+01 5.130844e-01 -3.942291e-11
5.800000e+00 9.600000e-01 9.887412e-01 1.110242e+01 5.130844e-01 -5.036083e-11
5.850000e+00 9.600000e-01 9.887412e-01 1.110242e+01 5.130844e-01 -6.425305e-11
5.900000e+00 9.600000e-01 9.887412e-01 1.110242e+01 5.130844e-01 -8.197887e-11
5.950000e+00 9.600000e-01 9.887412e-01 1.110242e+01 5.130844e-01 -1.046807e-10
6.000000e+00 9.600000e-01 9.887412e-01 1.110242e+01 5.130844e-01 -1.338063e-10
6.050000e+00 9.600000e-01 9.887412e-01 1.110242e+01 5.130844e-01 -1.712408e-10
6.100000e+00 9.600000e-01 9.887412e-01 1.110242e+01 5.130844e-01 -2.194223e-10
6.150000e+00 9.600000e-01 9.887412e-01 1.110242e+01 5.130844e-01 -2.814859e-10
6.200000e+00 9.600000e-01 9.887412e-01 1.110242e+01 5.130844e-01 -3.615108e-10
6.250000e+00 9.600000e-01 9.887412e-01 1.110242e+01 5.130844e-01 -4.647605e-10
6.300000e+00 9.600000e-01 9.887412e-01 1.110242e+01 5.130844e-01 -5.980494e-10
6.350000e+00 9.600000e-01 9.887412e-01 1.110242e+01 5.130844e-01 -7.702050e-10
6.400000e+00 9.600000e-01 9.887412e-01 1.110242e+01 5.130844e-01 -9.926504e-10
6.450000e+00 9.600000e-01 9.887412e-01 1.110242e+01 5.130844e-01 -1.280172e-09
6.500000e+00 9.600000e-01 9.887412e-01 1.110242e+01 5.130844e-01 -1.651910e-09
6.550000e+00 9.600000e-01 9.887412e-01 1.110242e+01 5.130844e-01 -2.132645e-09
6.600000e+00 9.600000e-01 9.887412e-01 1.110242e+01 5.130844e-01 -2.754452e-09
6.650000e+00 9.600000e-01 9.887412e-01 1.110242e+01 5.130844e-01 -3.558841e-09
6.700000e+00 9.600000e-01 9.887412e-01 1.110242e+01 5.130844e-01 -4.599543e-09
6.750000e+00 9.600000e-01 9.887412e-01 1.110242e+01 5.130844e-01 -5.946091e-09
6.800000e+00 9.600000e-01 9.887412e-01 1.110242e+01 5.130844e-01 -7.688474e-09
6.850000e+00 9.600000e-01 9.887412e-01 1.110242e+01 5.130844e-01 -9.943111e-09
6.900000e+00 9.600000e-01 9.887412e-01 1.110242e+01 5.130843e-01 -1.286067e-08
6.950000e+00 9.600000e-01 9.887412e-01 1.110242e+01 5.130843e-01 -1.663593e-08
7.000000e+00 9.600000e-01 9.887412e-01 1.110242e+01 5.130843e-01 -2.152131e-08
7.050000e+00 9.600000e-01 9.887412e-01 1.110242e+01 5.130843e-01 -2.784169e-08
7.100000e+00 9.600000e-01 9.887412e-01 1.110242e+01 5.130842e-01 -3.602231e-08
7.150000e+00 9.600000e-01 9.887412e-01 1.110242e+01 5.130841e-01 -4.659700e-08
7.200000e+00 9.600000e-01 9.887412e-01 1.110242e+01 5.130841e-01 -6.030516e-08
7.250000e+00 9.600000e-01 9.887412e-01 1.110242e+01 5.130839e-01 -7.795545e-08
7.300000e+00 9.600000e-01 9.887412e-01 1.110242e+01 5.130838e-01 -1.010199e-07
7.350000e+00 9.600000e-01 9.887412e-01 1.110242e+01 5.130836e-01 -1.302009e-07
7.400000e+00 9.600000e-01 9.887412e-01 1.110242e+01 5.130834e-01 -1.696730e-07
7.450000e+00 9.600000e-01 9.887412e-01 1.110242e+01 5.130831e-01 -2.162247e-07
7.500000e+00 9.600000e-01 9.887412e-01 1.110242e+01 5.130827e-01 -2.876112e-07
7.550000e+00 9.600000e-01 9.887412e-01 1.110242e+01 5.130821e-01 -3.529470e-07
7.600000e+00 9.600000e-01 9.887413e-01 1.110242e+01 5.130816e-01 -4.998170e-07
7.650000e+00 9.600000e-01 9.887413e-01 1.110241e+01 5.130805e-01 -5.506958e-07
7.700000e+00 9.600000e-01 9.887413e-01 1.110241e+01 5.130799e-01 -9.131108e-07
7.750000e+00 9.600000e-01 9.887414e-01 1.110241e+01 5.130773e-01 -7.750844e-07
7.800000e+00 9.600000e-01 9.887414e-01 1.110241e+01 5.130779e-01 -1.779833e-06
7.850000e+00 9.600000e-01 9.887416e-01 1.110239e+01 5.130706e-01 -8.801906e-07
7.900000e+00 9.600000e-01 9.887415e-01 1.110239e+01 5.130766e-01 -3.590318e-06
7.950000e+00 9.600000e-01 9.887419e-01 1.110238e+01 5.130566e-01 -6.460556e-07
8.000000e+00 9.600000e-01 9.887415e-01 1.110235e+01 5.130782e-01 -6.919588e-06
8.050000e+00 9.600000e-01 9.887426e-01 1.110240e+01 5.130289e-01 -3.217665e-07
8.100000e+00 9.600000e-01 9.887416e-01 1.110221e+01 5.130839e-01 -1.162194e-05
8.150000e+00 9.600000e-01 9.887438e-01 1.110254e+01 5.129835e-01 -1.826909e-06
8.200000e+00 9.600000e-01 9.887418e-01 1.110181e+01 5.130853e-01 -1.600553e-05
8.250000e+00 9.600000e-01 9.887454e-01 1.110293e+01 5.129261e-01 -8.807037e-06
8.300000e+00 9.600000e-01 9.887426e-01 1.110108e+01 5.130583e-01 -1.900729e-05
8.350000e+00 9.600000e-01 9.887473e-01 1.110347e+01 5.128674e-01 -2.259488e-05
8.400000e+00 9.600000e-01 9.887449e-01 1.110030e+01 5.129780e-01 -2.584537e-05
8.450000e+00 9.600000e-01 9.887499e-01 1.110353e+01 5.127907e-01 -3.916889e-05
8.500000e+00 9.600000e-01 9.887488e-01 1.110014e+01 5.128467e-01 -4.596283e-05
8.550000e+00 9.600000e-01 9.887545e-01 1.110245e+01 5.126375e-01 -6.004121e-05
8.600000e+00 9.600000e-01 9.887548e-01 1.110060e+01 5.126613e-01 -7.949360e-05
8.650000e+00 9.600000e-01 9.887624e-01 1.110072e+01 5.123652e-01 -1.015935e-04
8.700000e+00 9.600000e-01 9.887650e-01 1.110041e+01 5.123385e-01 -1.265633e-04
8.750000e+00 9.600000e-01 9.887751e-01 1.109923e+01 5.119501e-01 -1.722826e-04
8.800000e+00 9.600000e-01 9.887822e-01 1.109900e+01 5.117719e-01 -2.132848e-04
8.850000e+00 9.600000e-01 9.887964e-01 1.109689e+01 5.112526e-01 -2.766567e-04
8.900000e+00 9.600000e-01 9.888099e-01 1.109713e+01 5.108726e-01 -3.601993e-04
8.950000e+00 9.600000e-01 9.888324e-01 1.109257e+01 5.100591e-01 -4.605845e-04
9.000000e+00 9.600000e-01 9.888559e-01 1.109337e+01 5.093687e-01 -5.866246e-04
9.050000e+00 9.600000e-01 9.888911e-01 1.108651e+01 5.081302e-01 -7.652146e-04
9.100000e+00 9.600000e-01 9.889324e-01 1.108588e+01 5.068438e-01 -9.747443e-04
9.150000e+00 9.600000e-01 9.889885e-01 1.107600e+01 5.049123e-01 -1.249891e-03
9.200000e+00 9.600000e-01 9.890574e-01 1.107352e+01 5.027164e-01 -1.600977e-03
9.250000e+00 9.600000e-01 9.891486e-01 1.105736e+01 4.995912e-01 -2.057116e-03
9.300000e+00 9.600000e-01 9.892632e-01 1.105061e+01 4.958658e-01 -2.608959e-03
9.350000e+00 9.600000e-01 9.894095e-01 1.102483e+01 4.908617e-01 -3.330996e-03
9.400000e+00 9.600000e-01 9.895962e-01 1.100810e+01 4.846550e-01 -4.218587e-03
9.450000e+00 9.600000e-01 9.898314e-01 1.096388e+01 4.765479e-01 -5.334848e-03
9.500000e+00 9.600000e-01 9.901297e-01 1.092638e+01 4.663961e-01 -6.670033e-03
9.550000e+00 9.600000e-01 9.904984e-01 1.084580e+01 4.534329e-01 -8.313698e-03
9.600000e+00 9.600000e-01 9.909611e-01 1.076200e+01 4.371481e-01 -1.020464e-02
9.650000e+00 9.600000e-01 9.915189e-01 1.060568e+01 4.168088e-01 -1.236936e-02
9.700000e+00 9.600000e-01 9.921980e-01 1.042069e+01 3.916545e-01 -1.460113e-02
9.750000e+00 9.600000e-01 9.929790e-01 1.010653e+01 3.613312e-01 -1.673682e-02
9.800000e+00 9.600000e-01 9.938717e-01 9.714781e+00 3.254186e-01 -1.809831e-02
9.850000e+00 9.600000e-01 9.947888e-01 9.118372e+00 2.856379e-01 -1.768141e-02
9.900000e+00 9.600000e-01 9.956399e-01 8.437935e+00 2.451565e-01 -1.255385e-02
9.950000e+00 9.600000e-01 9.960442e-01 7.776018e+00 2.168264e-01 6.958635e-03
1.000000e+01 9.600000e-01 9.949440e-01 7.804722e+00 0.000000e+00 0.000000e+00
0.000000e+00 9.800000e-01 9.984240e-01 5.760000e+00 0.000000e+00 0.000000e+00
5.000000e-02 9.800000e-01 9.984152e-01 5.731312e+00 1.165831e-01 1.086795e-04
1.000000e-01 9.800000e-01 9.984131e-01 5.729362e+00 1.166491e-01 2.013031e-05
1.500000e-01 9.800000e-01 9.984132e-01 5.730422e+00 1.166533e-01 -6.808996e-06
2.000000e-01 9.800000e-01 9.984138e-01 5.731125e+00 1.166272e-01 -1.389858e-05
2.500000e-01 9.800000e-01 9.984146e-01 5.731519e+00 1.165930e-01 -1.121254e-05
3.000000e-01 9.800000e-01 9.984149e-01 5.731920e+00 1.165779e-01 -2.218182e-06
3.500000e-01 9.800000e-01 9.984148e-01 5.732244e+00 1.165903e-01 4.168819e-06
4.000000e-01 9.800000e-01 9.984145e-01 5.731989e+00 1.166023e-01 2.216999e-07
4.500000e-01 9.800000e-01 9.984148e-01 5.730505e+00 1.165754e-01 -1.326683e-05
5.000000e-01 9.800000e-01 9.984158e-01 5.727247e+00 1.164877e-01 -3.331239e-05
5.500000e-01 9.800000e-01 9.984181e-01 5.722162e+00 1.163249e-01 -6.270125e-05
6.000000e-01 9.800000e-01 9.984221e-01 5.716323e+00 1.160664e-01 -1.029140e-04
6.500000e-01 9.800000e-01 9.984284e-01 5.712383e+00 1.157146e-01 -1.423718e-04
7.000000e-01 9.800000e-01 9.984364e-01 5.714217e+00 1.153361e-01 -1.616503e-04
7.500000e-01 9.800000e-01 9.984445e-01 5.725958e+00 1.150502e-01 -1.510290e-04
8.000000e-01 9.800000e-01 9.984515e-01 5.751210e+00 1.149700e-01 -1.154757e-04
8.500000e-01 9.800000e-01 9.984561e-01 5.792835e+00 1.151718e-01 -6.159517e-05
9.000000e-01 9.800000e-01 9.984576e-01 5.852931e+00 1.157170e-01 1.179871e-05
9.500000e-01 9.800000e-01 9.984549e-01 5.932656e+00 1.166728e-01 1.060259e-04
1.000000e+00 9.800000e-01 9.984470e-01 6.032145e+00 1.180904e-01 2.126224e-04
1.050000e+00 9.800000e-01 9.984337e-01 6.150837e+00 1.199764e-01 3.185291e-04
1.100000e+00 9.800000e-01 9.984152e-01 6.287996e+00 1.223043e-01 4.187110e-04
1.150000e+00 9.800000e-01 9.983918e-01 6.442941e+00 1.250543e-01 5.170977e-04
1.200000e+00 9.800000e-01 9.983634e-01 6.614952e+00 1.282236e-01 6.159486e-04
1.250000e+00 9.800000e-01 9.983302e-01 6.803204e+00 1.318038e-01 7.109273e-04
1.300000e+00 9.800000e-01 9.982924e-01 7.006934e+00 1.357679e-01 7.979160e-04
1.350000e+00 9.800000e-01 9.982504e-01 7.225568e+00 1.400876e-01 8.787431e-04
1.400000e+00 9.800000e-01 9.982045e-01 7.458638e+00 1.447497e-01 9.567151e-04
1.450000e+00 9.800000e-01 9.981547e-01 7.705628e+00 1.497450e-01 1.030285e-03
1.500000e+00 9.800000e-01 9.981015e-01 7.966007e+00 1.550512e-01 1.095070e-03
1.550000e+00 9.800000e-01 9.980452e-01 8.239352e+00 1.606361e-01 1.150139e-03
1.600000e+00 9.800000e-01 9.979864e-01 8.525334e+00 1.664744e-01 1.198587e-03
1.650000e+00 9.800000e-01 9.979254e-01 8.823524e+00 1.725506e-01 1.242729e-03
1.700000e+00 9.800000e-01 9.978622e-01 9.133202e+00 1.788468e-01 1.282213e-03
1.750000e+00 9.800000e-01 9.977971e-01 9.453241e+00 1.853370e-01 1.317169e-03
1.800000e+00 9.800000e-01 9.977304e-01 9.781982e+00 1.919934e-01 1.350021e-03
1.850000e+00 9.800000e-01 9.976621e-01 1.011701e+01 1.987895e-01 1.382454e-03
1.900000e+00 9.800000e-01 9.975922e-01 1.045499e+01 2.056894e-01 1.412618e-03
1.950000e+00 9.800000e-01 9.975209e-01 1.079170e+01 2.126383e-01 1.437878e-03
2.000000e+00 9.800000e-01 9.974484e-01 1.112223e+01 2.195697e-01 1.459971e-03
2.050000e+00 9.800000e-01 9.973749e-01 1.144108e+01 2.264247e-01 1.484631e-03
2.100000e+00 9.800000e-01 9.973000e-01 1.174214e+01 2.331569e-01 1.513533e-03
2.150000e+00 9.800000e-01 9.972235e-01 1.201888e+01 2.397092e-01 1.535820e-03
2.200000e+00 9.800000e-01 9.971464e-01 1.226488e+01 2.459805e-01 1.528324e-03
2.250000e+00 9.800000e-01 9.970707e-01 1.247493e+01 2.518118e-01 1.466187e-03
2.300000e+00 9.800000e-01 9.969998e-01 1.264615e+01 2.570125e-01 1.336670e-03
2.350000e+00 9.800000e-01 9.969370e-01 1.277870e+01 2.614142e-01 1.146740e-03
2.400000e+00 9.800000e-01 9.968851e-01 1.287575e+01 2.649224e-01 9.203356e-04
2.450000e+00 9.800000e-01 9.968450e-01 1.294264e+01 2.675413e-01 6.884097e-04
2.500000e+00 9.800000e-01 9.968162e-01 1.298579e+01 2.693638e-01 4.781757e-04
2.550000e+00 9.800000e-01 9.967972e-01 1.301160e+01 2.705382e-01 3.065294e-04
2.600000e+00 9.800000e-01 9.967856e-01 1.302561e+01 2.712303e-01 1.789171e-04
2.650000e+00 9.800000e-01 9.967793e-01 1.303217e+01 2.715927e-01 9.204528e-05
2.700000e+00 9.800000e-01 9.967764e-01 1.303441e+01 2.717482e-01 3.793051e-05
2.750000e+00 9.800000e-01 9.967755e-01 1.303437e+01 2.717858e-01 7.413483e-06
2.800000e+00 9.800000e-01 9.967756e-01 1.303331e+01 2.717641e-01 -7.653722e-06
2.850000e+00 9.800000e-01 9.967763e-01 1.303194e+01 2.717182e-01 -1.349853e-05
2.900000e+00 9.800000e-01 9.967770e-01 1.303059e+01 2.716675e-01 -1.437596e-05
2.950000e+00 9.800000e-01 9.967777e-01 1.302943e+01 2.716211e-01 -1.293049e-05
3.000000e+00 9.800000e-01 9.967783e-01 1.302849e+01 2.715824e-01 -1.066202e-05
3.050000e+00 9.800000e-01 9.967788e-01 1.302776e+01 2.715519e-01 -8.336725e-06
3.100000e+00 9.800000e-01 9.967791e-01 1.302722e+01 2.715288e-01 -6.290206e-06
3.150000e+00 9.800000e-01 9.967794e-01 1.302682e+01 2.715118e-01 -4.626671e-06
3.200000e+00 9.800000e-01 9.967796e-01 1.302653e+01 2.714994e-01 -3.338649e-06
3.250000e+00 9.800000e-01 9.967797e-01 1.302632e+01 2.714906e-01 -2.373383e-06
3.300000e+00 9.800000e-01 9.967798e-01 1.302618e+01 2.714844e-01 -1.666668e-06
3.350000e+00 9.800000e-01 9.967799e-01 1.302608e+01 2.714800e-01 -1.158248e-06
3.400000e+00 9.800000e-01 9.967799e-01 1.302601e+01 2.714770e-01 -7.975071e-07
3.450000e+00 9.800000e-01 9.967800e-01 1.302596e+01 2.714750e-01 -5.444456e-07
3.500000e+00 9.800000e-01 9.967800e-01 1.302593e+01 2.714736e-01 -3.686466e-07
3.550000e+00 9.800000e-01 9.967800e-01 1.302590e+01 2.714726e-01 -2.475802e-07
3.600000e+00 9.800000e-01 9.967800e-01 1.302589e+01 2.714720e-01 -1.648756e-07
3.650000e+00 9.800000e-01 9.967800e-01 1.302588e+01 2.714716e-01 -1.088117e-07
3.700000e+00 9.800000e-01 9.967800e-01 1.302587e+01 2.714713e-01 -7.109624e-08
3.750000e+00 9.800000e-01 9.967800e-01 1.302587e+01 2.714711e-01 -4.592130e-08
3.800000e+00 9.800000e-01 9.967800e-01 1.302586e+01 2.714710e-01 -2.925477e-08
3.850000e+00 9.800000e-01 9.967800e-01 1.302586e+01 2.714709e-01 -1.831946e-08
3.900000e+00 9.800000e-01 9.967800e-01 1.302586e+01 2.714709e-01 -1.121667e-08
3.950000e+00 9.800000e-01 9.967800e-01 1.302586e+01 2.714709e-01 -6.657407e-09
4.000000e+00 9.800000e-01 9.967800e-01 1.302586e+01 2.714709e-01 -3.772602e-09
4.050000e+00 9.800000e-01 9.967800e-01 1.302586e+01 2.714709e-01 -1.980327e-09
4.100000e+00 9.800000e-01 9.967800e-01 1.302586e+01 2.714708e-01 -8.936563e-10
4.150000e+00 9.800000e-01 9.967800e-01 1.302586e+01 2.714708e-01 -2.572265e-10
4.200000e+00 9.800000e-01 9.967800e-01 1.302586e+01 2.714708e-01 9.616752e-11
4.250000e+00 9.800000e-01 9.967800e-01 1.302586e+01 2.714708e-01 2.750378e-10
4.300000e+00 9.800000e-01 9.967800e-01 1.302586e+01 2.714708e-01 3.490841e-10
4.350000e+00 9.800000e-01 9.967800e-01 1.302586e+01 2.714708e-01 3.625422e-10
4.400000e+00 9.800000e-01 9.967800e-01 1.302586e+01 2.714708e-01 3.430523e-10
4.450000e+00 9.800000e-01 9.967800e-01 1.302586e+01 2.714709e-01 3.075284e-10
4.500000e+00 9.800000e-01 9.967800e-01 1.302586e+01 2.714709e-01 2.660494e-10
4.550000e+00 9.800000e-01 9.967800e-01 1.302586e+01 2.714709e-01 2.243827e-10
4.600000e+00 9.800000e-01 9.967800e-01 1.302586e+01 2.714709e-01 1.855960e-10
4.650000e+00 9.800000e-01 9.967800e-01 1.302586e+01 2.714709e-01 1.511191e-10
4.700000e+00 9.800000e-01 9.967800e-01 1.302586e+01 2.714709e-01 1.214162e-10
4.750000e+00 9.800000e-01 9.967800e-01 1.302586e+01 2.714709e-01 9.640289e-11
4.800000e+00 9.800000e-01 9.967800e-01 1.302586e+01 2.714709e-01 7.570944e-11
4.850000e+00 9.800000e-01 9.967800e-01 1.302586e+01 2.714709e-01 5.883294e-11
4.900000e+00 9.800000e-01 9.967800e-01 1.302586e+01 2.714709e-01 4.523937e-11
4.950000e+00 9.800000e-01 9.967800e-01 1.302586e+01 2.714709e-01 3.440137e-11
5.000000e+00 9.800000e-01 9.967800e-01 1.302586e+01 2.714709e-01 2.583267e-11
5.050000e+00 9.800000e-01 9.967800e-01 1.302586e+01 2.714709e-01 1.911138e-11
5.100000e+00 9.800000e-01 9.967800e-01 1.302586e+01 2.714709e-01 1.386891e-11
5.150000e+00 9.800000e-01 9.967800e-01 1.302586e+01 2.714709e-01 9.789947e-12
5.200000e+00 9.800000e-01 9.967800e-01 1.302586e+01 2.714709e-01 6.612488e-12
5.250000e+00 9.800000e-01 9.967800e-01 1.302586e+01 2.714709e-01 4.114487e-12
5.300000e+00 9.800000e-01 9.967800e-01 1.302586e+01 2.714709e-01 2.108314e-12
5.350000e+00 9.800000e-01 9.967800e-01 1.302586e+01 2.714709e-01 4.418688e-13
5.400000e+00 9.800000e-01 9.967800e-01 1.302586e+01 2.714709e-01 -1.016964e-12
5.450000e+00 9.800000e-01 9.967800e-01 1.302586e+01 2.714709e-01 -2.382539e-12
5.500000e+00 9.800000e-01 9.967800e-01 1.302586e+01 2.714709e-01 -3.759215e-12
5.550000e+00 9.800000e-01 9.967800e-01 1.302586e+01 2.714709e-01 -5.256906e-12
5.600000e+00 9.800000e-01 9.967800e-01 1.302586e+01 2.714709e-01 -6.977752e-12
5.650000e+00 9.800000e-01 9.967800e-01 1.302586e+01 2.714709e-01 -9.034995e-12
5.700000e+00 9.800000e-01 9.967800e-01 1.302586e+01 2.714709e-01 -1.156852e-11
5.750000e+00 9.800000e-01 9.967800e-01 1.302586e+01 2.714709e-01 -1.474376e-11
5.800000e+00 9.800000e-01 9.967800e-01 1.302586e+01 2.714709e-01 -1.876055e-11
5.850000e+00 9.800000e-01 9.967800e-01 1.302586e+01 2.714709e-01 -2.387535e-11
5.900000e+00 9.800000e-01 9.967800e-01 1.302586e+01 2.714709e-01 -3.041345e-11
5.950000e+00 9.800000e-01 9.967800e-01 1.302586e+01 2.714709e-01 -3.880007e-11
6.000000e+00 9.800000e-01 9.967800e-01 1.302586e+01 2.714709e-01 -4.956480e-11
6.050000e+00 9.800000e-01 9.967800e-01 1.302586e+01 2.714709e-01 -6.340262e-11
6.100000e+00 9.800000e-01 9.967800e-01 1.302586e+01 2.714709e-01 -8.122059e-11
6.150000e+00 9.800000e-01 9.967800e-01 1.302586e+01 2.714709e-01 -1.041767e-10
6.200000e+00 9.800000e-01 9.967800e-01 1.302586e+01 2.714709e-01 -1.337686e-10
6.250000e+00 9.800000e-01 9.967800e-01 1.302586e+01 2.714709e-01 -1.719380e-10
6.300000e+00 9.800000e-01 9.967800e-01 1.302586e+01 2.714709e-01 -2.212031e-10
6.350000e+00 9.800000e-01 9.967800e-01 1.302586e+01 2.714709e-01 -2.848111e-10
6.400000e+00 9.800000e-01 9.967800e-01 1.302586e+01 2.714709e-01 -3.669687e-10
6.450000e+00 9.800000e-01 9.967800e-01 1.302586e+01 2.714708e-01 -4.731160e-10
6.500000e+00 9.800000e-01 9.967800e-01 1.302586e+01 2.714708e-01 -6.102951e-10
6.550000e+00 9.800000e-01 9.967800e-01 1.302586e+01 2.714708e-01 -7.876144e-10
6.600000e+00 9.800000e-01 9.967800e-01 1.302586e+01 2.714708e-01 -1.016851e-09
6.650000e+00 9.800000e-01 9.967800e-01 1.302586e+01 2.714708e-01 -1.313250e-09
6.700000e+00 9.800000e-01 9.967800e-01 1.302586e+01 2.714708e-01 -1.696515e-09
6.750000e+00 9.800000e-01 9.967800e-01 1.302586e+01 2.714708e-01 -2.192142e-09
6.800000e+00 9.800000e-01 9.967800e-01 1.302586e+01 2.714708e-01 -2.833108e-09
6.850000e+00 9.800000e-01 9.967800e-01 1.302586e+01 2.714708e-01 -3.662034e-09
6.900000e+00 9.800000e-01 9.967800e-01 1.302586e+01 2.714708e-01 -4.734053e-09
6.950000e+00 9.800000e-01 9.967800e-01 1.302586e+01 2.714708e-01 -6.120403e-09
7.000000e+00 9.800000e-01 9.967800e-01 1.302586e+01 2.714708e-01 -7.913301e-09
7.050000e+00 9.800000e-01 9.967800e-01 1.302586e+01 2.714707e-01 -1.023145e-08
7.100000e+00 9.800000e-01 9.967800e-01 1.302586e+01 2.714707e-01 -1.322990e-08
7.150000e+00 9.800000e-01 9.967800e-01 1.302585e+01 2.714706e-01 -1.710378e-08
7.200000e+00 9.800000e-01 9.967800e-01 1.302585e+01 2.714706e-01 -2.212127e-08
7.250000e+00 9.800000e-01 9.967800e-01 1.302585e+01 2.714705e-01 -2.858065e-08
7.300000e+00 9.800000e-01 9.967800e-01 1.302585e+01 2.714704e-01 -3.700721e-08
7.350000e+00 9.800000e-01 9.967800e-01 1.302584e+01 2.714702e-01 -4.768494e-08
7.400000e+00 9.800000e-01 9.967800e-01 1.302584e+01 2.714700e-01 -6.205616e-08
7.450000e+00 9.800000e-01 9.967800e-01 1.302583e+01 2.714698e-01 -7.914561e-08
7.500000e+00 9.800000e-01 9.967800e-01 1.302582e+01 2.714695e-01 -1.049265e-07
7.550000e+00 9.800000e-01 9.967801e-01 1.302581e+01 2.714691e-01 -1.293198e-07
7.600000e+00 9.800000e-01 9.967801e-01 1.302580e+01 2.714686e-01 -1.814863e-07
7.650000e+00 9.800000e-01 9.967801e-01 1.302578e+01 2.714678e-01 -2.028650e-07
7.700000e+00 9.800000e-01 9.967801e-01 1.302576e+01 2.714672e-01 -3.286874e-07
7.750000e+00 9.800000e-01 9.967801e-01 1.302572e+01 2.714656e-01 -2.905183e-07
7.800000e+00 9.800000e-01 9.967801e-01 1.302570e+01 2.714653e-01 -6.323847e-07
7.850000e+00 9.800000e-01 9.967802e-01 1.302562e+01 2.714611e-01 -3.482120e-07
7.900000e+00 9.800000e-01 9.967801e-01 1.302560e+01 2.714631e-01 -1.257033e-06
7.950000e+00 9.800000e-01 9.967803e-01 1.302542e+01 2.714521e-01 -3.131549e-07
8.000000e+00 9.800000e-01 9.967802e-01 1.302548e+01 2.714615e-01 -2.391749e-06
8.050000e+00 9.800000e-01 9.967805e-01 1.302504e+01 2.714348e-01 -2.894010e-07
8.100000e+00 9.800000e-01 9.967802e-01 1.302532e+01 2.714607e-01 -3.984142e-06
8.150000e+00 9.800000e-01 9.967809e-01 1.302439e+01 2.714058e-01 -9.388654e-07
8.200000e+00 9.800000e-01 9.967803e-01 1.302503e+01 2.714561e-01 -5.497442e-06
8.250000e+00 9.800000e-01 9.967815e-01 1.302341e+01 2.713658e-01 -3.453138e-06
8.300000e+00 9.800000e-01 9.967806e-01 1.302433e+01 2.714341e-01 -6.696165e-06
8.350000e+00 9.800000e-01 9.967822e-01 1.302210e+01 2.713182e-01 -8.191536e-06
8.400000e+00 9.800000e-01 9.967815e-01 1.302275e+01 2.713776e-01 -9.458417e-06
8.450000e+00 9.800000e-01 9.967831e-01 1.302025e+01 2.712536e-01 -1.390202e-05
8.500000e+00 9.800000e-01 9.967829e-01 1.301998e+01 2.712797e-01 -1.676367e-05
8.550000e+00 9.800000e-01 9.967848e-01 1.301703e+01 2.711387e-01 -2.161333e-05
8.600000e+00 9.800000e-01 9.967850e-01 1.301573e+01 2.711296e-01 -2.835105e-05
8.650000e+00 9.800000e-01 9.967876e-01 1.301123e+01 2.709400e-01 -3.699253e-05
8.700000e+00 9.800000e-01 9.967887e-01 1.300884e+01 2.708756e-01 -4.501575e-05
8.750000e+00 9.800000e-01 9.967921e-01 1.300176e+01 2.706236e-01 -6.206400e-05
8.800000e+00 9.800000e-01 9.967949e-01 1.299687e+01 2.704449e-01 -7.653151e-05
8.850000e+00 9.800000e-01 9.967998e-01 1.298638e+01 2.700904e-01 -9.898898e-05
8.900000e+00 9.800000e-01 9.968048e-01 1.297693e+01 2.697533e-01 -1.287337e-04
8.950000e+00 9.800000e-01 9.968126e-01 1.296041e+01 2.691899e-01 -1.650129e-04
9.000000e+00 9.800000e-01 9.968213e-01 1.294398e+01 2.686018e-01 -2.088021e-04
9.050000e+00 9.800000e-01 9.968335e-01 1.291739e+01 2.677233e-01 -2.726089e-04
9.100000e+00 9.800000e-01 9.968486e-01 1.288856e+01 2.666888e-01 -3.466167e-04
9.150000e+00 9.800000e-01 9.968682e-01 1.284613e+01 2.652864e-01 -4.429103e-04
9.200000e+00 9.800000e-01 9.968929e-01 1.279657e+01 2.635640e-01 -5.654123e-04
9.250000e+00 9.800000e-01 9.969247e-01 1.272719e+01 2.612840e-01 -7.246816e-04
9.300000e+00 9.800000e-01 9.969653e-01 1.264351e+01 2.584212e-01 -9.140660e-04
9.350000e+00 9.800000e-01 9.970161e-01 1.252990e+01 2.547616e-01 -1.160116e-03
9.400000e+00 9.800000e-01 9.970814e-01 1.238899e+01 2.500938e-01 -1.458712e-03
9.450000e+00 9.800000e-01 9.971620e-01 1.220214e+01 2.442151e-01 -1.828085e-03
9.500000e+00 9.800000e-01 9.972642e-01 1.196745e+01 2.367566e-01 -2.257590e-03
9.550000e+00 9.800000e-01 9.973878e-01 1.166085e+01 2.275401e-01 -2.771994e-03
9.600000e+00 9.800000e-01 9.975414e-01 1.127418e+01 2.159724e-01 -3.337013e-03
9.650000e+00 9.800000e-01 9.977215e-01 1.077805e+01 2.020285e-01 -3.946892e-03
9.700000e+00 9.800000e-01 9.979360e-01 1.015944e+01 1.850490e-01 -4.511105e-03
9.750000e+00 9.800000e-01 9.981726e-01 9.391048e+00 1.655256e-01 -4.963921e-03
9.800000e+00 9.800000e-01 9.984324e-01 8.475054e+00 1.432069e-01 -5.080784e-03
9.850000e+00 9.800000e-01 9.986806e-01 7.437851e+00 1.202799e-01 -4.565049e-03
9.900000e+00 9.800000e-01 9.988889e-01 6.400560e+00 9.900341e-02 -2.635347e-03
9.950000e+00 9.800000e-01 9.989442e-01 5.837484e+00 8.889525e-02 4.649467e-03
1.000000e+01 9.800000e-01 9.984240e-01 5.847495e+00 0.000000e+00 0.000000e+00
0.000000e+00 1.000000e+00 9.996000e-01 5.842048e+00 0.000000e+00 0.000000e+00
5.000000e-02 1.000000e+00 9.996000e-01 5.924095e+00 0.000000e+00 0.000000e+00
1.000000e-01 1.000000e+00 9.996000e-01 5.934340e+00 0.000000e+00 0.000000e+00
1.500000e-01 1.000000e+00 9.996000e-01 5.934160e+00 0.000000e+00 0.000000e+00
2.000000e-01 1.000000e+00 9.996000e-01 5.930935e+00 0.000000e+00 0.000000e+00
2.500000e-01 1.000000e+00 9.996000e-01 5.927211e+00 0.000000e+00 0.000000e+00
3.000000e-01 1.000000e+00 9.996000e-01 5.925329e+00 0.000000e+00 0.000000e+00
3.500000e-01 1.000000e+00 9.996000e-01 5.926102e+00 0.000000e+00 0.000000e+00
4.000000e-01 1.000000e+00 9.996000e-01 5.927413e+00 0.000000e+00 0.000000e+00
4.500000e-01 1.000000e+00 9.996000e-01 5.926213e+00 0.000000e+00 0.000000e+00
5.000000e-01 1.000000e+00 9.996000e-01 5.920780e+00 0.000000e+00 0.000000e+00
5.500000e-01 1.000000e+00 9.996000e-01 5.909557e+00 0.000000e+00 0.000000e+00
6.000000e-01 1.000000e+00 9.996000e-01 5.889429e+00 0.000000e+00 0.000000e+00
6.500000e-01 1.000000e+00 9.996000e-01 5.858100e+00 0.000000e+00 0.000000e+00
7.000000e-01 1.000000e+00 9.996000e-01 5.818243e+00 0.000000e+00 0.000000e+00
7.500000e-01 1.000000e+00 9.996000e-01 5.777274e+00 0.000000e+00 0.000000e+00
8.000000e-01 1.000000e+00 9.996000e-01 5.742729e+00 0.000000e+00 0.000000e+00
8.500000e-01 1.000000e+00 9.996000e-01 5.719537e+00 0.000000e+00 0.000000e+00
9.000000e-01 1.000000e+00 9.996000e-01 5.711931e+00 0.000000e+00 0.000000e+00
9.500000e-01 1.000000e+00 9.996000e-01 5.725436e+00 0.000000e+00 0.000000e+00
1.000000e+00 1.000000e+00 9.996000e-01 5.764944e+00 0.000000e+00 0.000000e+00
1.050000e+00 1.000000e+00 9.996000e-01 5.831747e+00 0.000000e+00 0.000000e+00
1.100000e+00 1.000000e+00 9.996000e-01 5.924209e+00 0.000000e+00 0.000000e+00
1.150000e+00 1.000000e+00 9.996000e-01 6.041103e+00 0.000000e+00 0.000000e+00
1.200000e+00 1.000000e+00 9.996000e-01 6.182758e+00 0.000000e+00 0.000000e+00
1.250000e+00 1.000000e+00 9.996000e-01 6.349077e+00 0.000000e+00 0.000000e+00
1.300000e+00 1.000000e+00 9.996000e-01 6.538221e+00 0.000000e+00 0.000000e+00
1.350000e+00 1.000000e+00 9.996000e-01 6.748035e+00 0.000000e+00 0.000000e+00
1.400000e+00 1.000000e+00 9.996000e-01 6.977593e+00 0.000000e+00 0.000000e+00
1.450000e+00 1.000000e+00 9.996000e-01 7.226392e+00 0.000000e+00 0.000000e+00
1.500000e+00 1.000000e+00 9.996000e-01 7.492735e+00 0.000000e+00 0.000000e+00
1.550000e+00 1.000000e+00 9.996000e-01 7.773928e+00 0.000000e+00 0.000000e+00
1.600000e+00 1.000000e+00 9.996000e-01 8.067805e+00 0.000000e+00 0.000000e+00
1.650000e+00 1.000000e+00 9.996000e-01 8.373221e+00 0.000000e+00 0.000000e+00
1.700000e+00 1.000000e+00 9.996000e-01 8.689169e+00 0.000000e+00 0.000000e+00
1.750000e+00 1.000000e+00 9.996000e-01 9.014327e+00 0.000000e+00 0.000000e+00
1.800000e+00 1.000000e+00 9.996000e-01 9.347754e+00 0.000000e+00 0.000000e+00
1.850000e+00 1.000000e+00 9.996000e-01 9.689338e+00 0.000000e+00 0.000000e+00
1.900000e+00 1.000000e+00 9.996000e-01 1.003898e+01 0.000000e+00 0.000000e+00
1.950000e+00 1.000000e+00 9.996000e-01 1.039565e+01 0.000000e+00 0.000000e+00
2.000000e+00 1.000000e+00 9.996000e-01 1.075792e+01 0.000000e+00 0.000000e+00
2.050000e+00 1.000000e+00 9.996000e-01 1.112563e+01 0.000000e+00 0.000000e+00
2.100000e+00 1.000000e+00 9.996000e-01 1.150024e+01 0.000000e+00 0.000000e+00
2.150000e+00 1.000000e+00 9.996000e-01 1.188240e+01 0.000000e+00 0.000000e+00
2.200000e+00 1.000000e+00 9.996000e-01 1.226815e+01 0.000000e+00 0.000000e+00
2.250000e+00 1.000000e+00 9.996000e-01 1.264656e+01 0.000000e+00 0.000000e+00
2.300000e+00 1.000000e+00 9.996000e-01 1.300124e+01 0.000000e+00 0.000000e+00
2.350000e+00 1.000000e+00 9.996000e-01 1.331490e+01 0.000000e+00 0.000000e+00
2.400000e+00 1.000000e+00 9.996000e-01 1.357461e+01 0.000000e+00 0.000000e+00
2.450000e+00 1.000000e+00 9.996000e-01 1.377506e+01 0.000000e+00 0.000000e+00
2.500000e+00 1.000000e+00 9.996000e-01 1.391881e+01 0.000000e+00 0.000000e+00
2.550000e+00 1.000000e+00 9.996000e-01 1.401415e+01 0.000000e+00 0.000000e+00
2.600000e+00 1.000000e+00 9.996000e-01 1.407208e+01 0.000000e+00 0.000000e+00
2.650000e+00 1.000000e+00 9.996000e-01 1.410361e+01 0.000000e+00 0.000000e+00
2.700000e+00 1.000000e+00 9.996000e-01 1.411810e+01 0.000000e+00 0.000000e+00
2.750000e+00 1.000000e+00 9.996000e-01 1.412258e+01 0.000000e+00 0.000000e+00
2.800000e+00 1.000000e+00 9.996000e-01 1.412181e+01 0.000000e+00 0.000000e+00
2.850000e+00 1.000000e+00 9.996000e-01 1.411875e+01 0.000000e+00 0.000000e+00
2.900000e+00 1.000000e+00 9.996000e-01 1.411506e+01 0.000000e+00 0.000000e+00
2.950000e+00 1.000000e+00 9.996000e-01 1.411156e+01 0.000000e+00 0.000000e+00
3.000000e+00 1.000000e+00 9.996000e-01 1.410859e+01 0.000000e+00 0.000000e+00
3.050000e+00 1.000000e+00 9.996000e-01 1.410623e+01 0.000000e+00 0.000000e+00
3.100000e+00 1.000000e+00 9.996000e-01 1.410442e+01 0.000000e+00 0.000000e+00
3.150000e+00 1.000000e+00 9.996000e-01 1.410308e+01 0.000000e+00 0.000000e+00
3.200000e+00 1.000000e+00 9.996000e-01 1.410211e+01 0.000000e+00 0.000000e+00
3.250000e+00 1.000000e+00 9.996000e-01 1.410142e+01 0.000000e+00 0.000000e+00
3.300000e+00 1.000000e+00 9.996000e-01 1.410092e+01 0.000000e+00 0.000000e+00
3.350000e+00 1.000000e+00 9.996000e-01 1.410058e+01 0.000000e+00 0.000000e+00
3.400000e+00 1.000000e+00 9.996000e-01 1.410035e+01 0.000000e+00 0.000000e+00
3.450000e+00 1.000000e+00 9.996000e-01 1.410018e+01 0.000000e+00 0.000000e+00
3.500000e+00 1.000000e+00 9.996000e-01 1.410007e+01 0.000000e+00 0.000000e+00
3.550000e+00 1.000000e+00 9.996000e-01 1.410000e+01 0.000000e+00 0.000000e+00
3.600000e+00 1.000000e+00 9.996000e-01 1.409995e+01 0.000000e+00 0.000000e+00
3.650000e+00 1.000000e+00 9.996000e-01 1.409992e+01 0.000000e+00 0.000000e+00
3.700000e+00 1.000000e+00 9.996000e-01 1.409990e+01 0.000000e+00 0.000000e+00
3.750000e+00 1.000000e+00 9.996000e-01 1.409988e+01 0.000000e+00 0.000000e+00
3.800000e+00 1.000000e+00 9.996000e-01 1.409987e+01 0.000000e+00 0.000000e+00
3.850000e+00 1.000000e+00 9.996000e-01 1.409987e+01 0.000000e+00 0.000000e+00
3.900000e+00 1.000000e+00 9.996000e-01 1.409986e+01 0.000000e+00 0.000000e+00
3.950000e+00 1.000000e+00 9.996000e-01 1.409986e+01 0.000000e+00 0.000000e+00
4.000000e+00 1.000000e+00 9.996000e-01 1.409986e+01 0.000000e+00 0.000000e+00
4.050000e+00 1.000000e+00 9.996000e-01 1.409986e+01 0.000000e+00 0.000000e+00
4.100000e+00 1.000000e+00 9.996000e-01 1.409986e+01 0.000000e+00 0.000000e+00
4.150000e+00 1.000000e+00 9.996000e-01 1.409986e+01 0.000000e+00 0.000000e+00
4.200000e+00 1.000000e+00 9.996000e-01 1.409986e+01 0.000000e+00 0.000000e+00
4.250000e+00 1.000000e+00 9.996000e-01 1.409986e+01 0.000000e+00 0.000000e+00
4.300000e+00 1.000000e+00 9.996000e-01 1.409986e+01 0.000000e+00 0.000000e+00
4.350000e+00 1.000000e+00 9.996000e-01 1.409986e+01 0.000000e+00 0.000000e+00
4.400000e+00 1.000000e+00 9.996000e-01 1.409986e+01 0.000000e+00 0.000000e+00
4.450000e+00 1.000000e+00 9.996000e-01 1.409986e+01 0.000000e+00 0.000000e+00
4.500000e+00 1.000000e+00 9.996000e-01 1.409986e+01 0.000000e+00 0.000000e+00
4.550000e+00 1.000000e+00 9.996000e-01 1.409986e+01 0.000000e+00 0.000000e+00
4.600000e+00 1.000000e+00 9.996000e-01 1.409986e+01 0.000000e+00 0.000000e+00
4.650000e+00 1.000000e+00 9.996000e-01 1.409986e+01 0.000000e+00 0.000000e+00
4.700000e+00 1.000000e+00 9.996000e-01 1.409986e+01 0.000000e+00 0.000000e+00
4.750000e+00 1.000000e+00 9.996000e-01 1.409986e+01 0.000000e+00 0.000000e+00
4.800000e+00 1.000000e+00 9.996000e-01 1.409986e+01 0.000000e+00 0.000000e+00
4.850000e+00 1.000000e+00 9.996000e-01 1.409986e+01 0.000000e+00 0.000000e+00
4.900000e+00 1.000000e+00 9.996000e-01 1.409986e+01 0.000000e+00 0.000000e+00
4.950000e+00 1.000000e+00 9.996000e-01 1.409986e+01 0.000000e+00 0.000000e+00
5.000000e+00 1.000000e+00 9.996000e-01 1.409986e+01 0.000000e+00 0.000000e+00
5.050000e+00 1.000000e+00 9.996000e-01 1.409986e+01 0.000000e+00 0.000000e+00
5.100000e+00 1.000000e+00 9.996000e-01 1.409986e+01 0.000000e+00 0.000000e+00
5.150000e+00 1.000000e+00 9.996000e-01 1.409986e+01 0.000000e+00 0.000000e+00
5.200000e+00 1.000000e+00 9.996000e-01 1.409986e+01 0.000000e+00 0.000000e+00
5.250000e+00 1.000000e+00 9.996000e-01 1.409986e+01 0.000000e+00 0.000000e+00
5.300000e+00 1.000000e+00 9.996000e-01 1.409986e+01 0.000000e+00 0.000000e+00
5.350000e+00 1.000000e+00 9.996000e-01 1.409986e+01 0.000000e+00 0.000000e+00
5.400000e+00 1.000000e+00 9.996000e-01 1.409986e+01 0.000000e+00 0.000000e+00
5.450000e+00 1.000000e+00 9.996000e-01 1.409986e+01 0.000000e+00 0.000000e+00
5.500000e+00 1.000000e+00 9.996000e-01 1.409986e+01 0.000000e+00 0.000000e+00
5.550000e+00 1.000000e+00 9.996000e-01 1.409986e+01 0.000000e+00 0.000000e+00
5.600000e+00 1.000000e+00 9.996000e-01 1.409986e+01 0.000000e+00 0.000000e+00
5.650000e+00 1.000000e+00 9.996000e-01 1.409986e+01 0.000000e+00 0.000000e+00
5.700000e+00 1.000000e+00 9.996000e-01 1.409986e+01 0.000000e+00 0.000000e+00
5.750000e+00 1.000000e+00 9.996000e-01 1.409986e+01 0.000000e+00 0.000000e+00
5.800000e+00 1.000000e+00 9.996000e-01 1.409986e+01 0.000000e+00 0.000000e+00
5.850000e+00 1.000000e+00 9.996000e-01 1.409986e+01 0.000000e+00 0.000000e+00
5.900000e+00 1.000000e+00 9.996000e-01 1.409986e+01 0.000000e+00 0.000000e+00
5.950000e+00 1.000000e+00 9.996000e-01 1.409986e+01 0.000000e+00 0.000000e+00
6.000000e+00 1.000000e+00 9.996000e-01 1.409986e+01 0.000000e+00 0.000000e+00
6.050000e+00 1.000000e+00 9.996000e-01 1.409986e+01 0.000000e+00 0.000000e+00
6.100000e+00 1.000000e+00 9.996000e-01 1.409986e+01 0.000000e+00 0.000000e+00
6.150000e+00 1.000000e+00 9.996000e-01 1.409986e+01 0.000000e+00 0.000000e+00
6.200000e+00 1.000000e+00 9.996000e-01 1.409986e+01 0.000000e+00 0.000000e+00
6.250000e+00 1.000000e+00 9.996000e-01 1.409986e+01 0.000000e+00 0.000000e+00
6.300000e+00 1.000000e+00 9.996000e-01 1.409986e+01 0.000000e+00 0.000000e+00
6.350000e+00 1.000000e+00 9.996000e-01 1.409986e+01 0.000000e+00 0.000000e+00
6.400000e+00 1.000000e+00 9.996000e-01 1.409986e+01 0.000000e+00 0.000000e+00
6.450000e+00 1.000000e+00 9.996000e-01 1.409986e+01 0.000000e+00 0.000000e+00
6.500000e+00 1.000000e+00 9.996000e-01 1.409986e+01 0.000000e+00 0.000000e+00
6.550000e+00 1.000000e+00 9.996000e-01 1.409986e+01 0.000000e+00 0.000000e+00
6.600000e+00 1.000000e+00 9.996000e-01 1.409986e+01 0.000000e+00 0.000000e+00
6.650000e+00 1.000000e+00 9.996000e-01 1.409986e+01 0.000000e+00 0.000000e+00
6.700000e+00 1.000000e+00 9.996000e-01 1.409986e+01 0.000000e+00 0.000000e+00
6.750000e+00 1.000000e+00 9.996000e-01 1.409986e+01 0.000000e+00 0.000000e+00
6.800000e+00 1.000000e+00 9.996000e-01 1.409986e+01 0.000000e+00 0.000000e+00
6.850000e+00 1.000000e+00 9.996000e-01 1.409986e+01 0.000000e+00 0.000000e+00
6.900000e+00 1.000000e+00 9.996000e-01 1.409985e+01 0.000000e+00 0.000000e+00
6.950000e+00 1.000000e+00 9.996000e-01 1.409985e+01 0.000000e+00 0.000000e+00
7.000000e+00 1.000000e+00 9.996000e-01 1.409985e+01 0.000000e+00 0.000000e+00
7.050000e+00 1.000000e+00 9.996000e-01 1.409985e+01 0.000000e+00 0.000000e+00
7.100000e+00 1.000000e+00 9.996000e-01 1.409985e+01 0.000000e+00 0.000000e+00
7.150000e+00 1.000000e+00 9.996000e-01 1.409984e+01 0.000000e+00 0.000000e+00
7.200000e+00 1.000000e+00 9.996000e-01 1.409984e+01 0.000000e+00 0.000000e+00
7.250000e+00 1.000000e+00 9.996000e-01 1.409983e+01 0.000000e+00 0.000000e+00
7.300000e+00 1.000000e+00 9.996000e-01 1.409982e+01 0.000000e+00 0.000000e+00
7.350000e+00 1.000000e+00 9.996000e-01 1.409981e+01 0.000000e+00 0.000000e+00
7.400000e+00 1.000000e+00 9.996000e-01 1.409980e+01 0.000000e+00 0.000000e+00
7.450000e+00 1.000000e+00 9.996000e-01 1.409978e+01 0.000000e+00 0.000000e+00
7.500000e+00 1.000000e+00 9.996000e-01 1.409976e+01 0.000000e+00 0.000000e+00
7.550000e+00 1.000000e+00 9.996000e-01 1.409973e+01 0.000000e+00 0.000000e+00
7.600000e+00 1.000000e+00 9.996000e-01 1.409970e+01 0.000000e+00 0.000000e+00
7.650000e+00 1.000000e+00 9.996000e-01 1.409964e+01 0.000000e+00 0.000000e+00
7.700000e+00 1.000000e+00 9.996000e-01 1.409959e+01 0.000000e+00 0.000000e+00
7.750000e+00 1.000000e+00 9.996000e-01 1.409947e+01 0.000000e+00 0.000000e+00
7.800000e+00 1.000000e+00 9.996000e-01 1.409945e+01 0.000000e+00 0.000000e+00
7.850000e+00 1.000000e+00 9.996000e-01 1.409916e+01 0.000000e+00 0.000000e+00
7.900000e+00 1.000000e+00 9.996000e-01 1.409927e+01 0.000000e+00 0.000000e+00
7.950000e+00 1.000000e+00 9.996000e-01 1.409853e+01 0.000000e+00 0.000000e+00
8.000000e+00 1.000000e+00 9.996000e-01 1.409912e+01 0.000000e+00 0.000000e+00
8.050000e+00 1.000000e+00 9.996000e-01 1.409733e+01 0.000000e+00 0.000000e+00
8.100000e+00 1.000000e+00 9.996000e-01 1.409897e+01 0.000000e+00 0.000000e+00
8.150000e+00 1.000000e+00 9.996000e-01 1.409534e+01 0.000000e+00 0.000000e+00
8.200000e+00 1.000000e+00 9.996000e-01 1.409850e+01 0.000000e+00 0.000000e+00
8.250000e+00 1.000000e+00 9.996000e-01 1.409259e+01 0.000000e+00 0.000000e+00
8.300000e+00 1.000000e+00 9.996000e-01 1.409678e+01 0.000000e+00 0.000000e+00
8.350000e+00 1.000000e+00 9.996000e-01 1.408925e+01 0.000000e+00 0.000000e+00
8.400000e+00 1.000000e+00 9.996000e-01 1.409268e+01 0.000000e+00 0.000000e+00
8.450000e+00 1.000000e+00 9.996000e-01 1.408452e+01 0.000000e+00 0.000000e+00
8.500000e+00 1.000000e+00 9.996000e-01 1.408573e+01 0.000000e+00 0.000000e+00
8.550000e+00 1.000000e+00 9.996000e-01 1.407613e+01 0.000000e+00 0.000000e+00
8.600000e+00 1.000000e+00 9.996000e-01 1.407492e+01 0.000000e+00 0.000000e+00
8.650000e+00 1.000000e+00 9.996000e-01 1.406196e+01 0.000000e+00 0.000000e+00
8.700000e+00 1.000000e+00 9.996000e-01 1.405643e+01 0.000000e+00 0.000000e+00
8.750000e+00 1.000000e+00 9.996000e-01 1.403945e+01 0.000000e+00 0.000000e+00
8.800000e+00 1.000000e+00 9.996000e-01 1.402540e+01 0.000000e+00 0.000000e+00
8.850000e+00 1.000000e+00 9.996000e-01 1.400119e+01 0.000000e+00 0.000000e+00
8.900000e+00 1.000000e+00 9.996000e-01 1.397590e+01 0.000000e+00 0.000000e+00
8.950000e+00 1.000000e+00 9.996000e-01 1.393682e+01 0.000000e+00 0.000000e+00
9.000000e+00 1.000000e+00 9.996000e-01 1.389339e+01 0.000000e+00 0.000000e+00
9.050000e+00 1.000000e+00 9.996000e-01 1.383242e+01 0.000000e+00 0.000000e+00
9.100000e+00 1.000000e+00 9.996000e-01 1.375709e+01 0.000000e+00 0.000000e+00
9.150000e+00 1.000000e+00 9.996000e-01 1.365911e+01 0.000000e+00 0.000000e+00
9.200000e+00 1.000000e+00 9.996000e-01 1.353564e+01 0.000000e+00 0.000000e+00
9.250000e+00 1.000000e+00 9.996000e-01 1.337640e+01 0.000000e+00 0.000000e+00
9.300000e+00 1.000000e+00 9.996000e-01 1.317329e+01 0.000000e+00 0.000000e+00
9.350000e+00 1.000000e+00 9.996000e-01 1.291937e+01 0.000000e+00 0.000000e+00
9.400000e+00 1.000000e+00 9.996000e-01 1.259324e+01 0.000000e+00 0.000000e+00
9.450000e+00 1.000000e+00 9.996000e-01 1.219001e+01 0.000000e+00 0.000000e+00
9.500000e+00 1.000000e+00 9.996000e-01 1.167919e+01 0.000000e+00 0.000000e+00
9.550000e+00 1.000000e+00 9.996000e-01 1.106122e+01 0.000000e+00 0.000000e+00
9.600000e+00 1.000000e+00 9.996000e-01 1.029320e+01 0.000000e+00 0.000000e+00
9.650000e+00 1.000000e+00 9.996000e-01 9.392712e+00 0.000000e+00 0.000000e+00
9.700000e+00 1.000000e+00 9.996000e-01 8.319751e+00 0.000000e+00 0.000000e+00
9.750000e+00 1.000000e+00 9.996000e-01 7.137159e+00 0.000000e+00 0.000000e+00
9.800000e+00 1.000000e+00 9.996000e-01 5.837791e+00 0.000000e+00 0.000000e+00
9.850000e+00 1.000000e+00 9.996000e-01 4.596767e+00 0.000000e+00 0.000000e+00
9.900000e+00 1.000000e+00 9.996000e-01 3.555266e+00 0.000000e+00 0.000000e+00
9.950000e+00 1.000000e+00 9.996000e-01 3.279093e+00 0.000000e+00 0.000000e+00
1.000000e+01 1.000000e+00 9.996000e-01 4.563294e+00 0.000000e+00 0.000000e+00
