TITLE = "Stream-Vorticity Solution"
VARIABLES = "X", "Y", "Psi", "Omega", "U", "V"
ZONE I=201, J=51, DATAPACKING=POINT
0.000000e+00 0.000000e+00 0.000000e+00 nan 0.000000e+00 0.000000e+00
5.000000e-02 0.000000e+00 0.000000e+00 nan 0.000000e+00 0.000000e+00
1.000000e-01 0.000000e+00 0.000000e+00 nan 0.000000e+00 0.000000e+00
1.500000e-01 0.000000e+00 0.000000e+00 nan 0.000000e+00 0.000000e+00
2.000000e-01 0.000000e+00 0.000000e+00 nan 0.000000e+00 0.000000e+00
2.500000e-01 0.000000e+00 0.000000e+00 nan 0.000000e+00 0.000000e+00
3.000000e-01 0.000000e+00 0.000000e+00 nan 0.000000e+00 0.000000e+00
3.500000e-01 0.000000e+00 0.000000e+00 nan 0.000000e+00 0.000000e+00
4.000000e-01 0.000000e+00 0.000000e+00 nan 0.000000e+00 0.000000e+00
4.500000e-01 0.000000e+00 0.000000e+00 nan 0.000000e+00 0.000000e+00
5.000000e-01 0.000000e+00 0.000000e+00 nan 0.000000e+00 0.000000e+00
5.500000e-01 0.000000e+00 0.000000e+00 nan 0.000000e+00 0.000000e+00
6.000000e-01 0.000000e+00 0.000000e+00 nan 0.000000e+00 0.000000e+00
6.500000e-01 0.000000e+00 0.000000e+00 nan 0.000000e+00 0.000000e+00
7.000000e-01 0.000000e+00 0.000000e+00 nan 0.000000e+00 0.000000e+00
7.500000e-01 0.000000e+00 0.000000e+00 nan 0.000000e+00 0.000000e+00
8.000000e-01 0.000000e+00 0.000000e+00 nan 0.000000e+00 0.000000e+00
8.500000e-01 0.000000e+00 0.000000e+00 nan 0.000000e+00 0.000000e+00
9.000000e-01 0.000000e+00 0.000000e+00 nan 0.000000e+00 0.000000e+00
9.500000e-01 0.000000e+00 0.000000e+00 nan 0.000000e+00 0.000000e+00
1.000000e+00 0.000000e+00 0.000000e+00 nan 0.000000e+00 0.000000e+00
1.050000e+00 0.000000e+00 0.000000e+00 nan 0.000000e+00 0.000000e+00
1.100000e+00 0.000000e+00 0.000000e+00 nan 0.000000e+00 0.000000e+00
1.150000e+00 0.000000e+00 0.000000e+00 nan 0.000000e+00 0.000000e+00
1.200000e+00 0.000000e+00 0.000000e+00 nan 0.000000e+00 0.000000e+00
1.250000e+00 0.000000e+00 0.000000e+00 nan 0.000000e+00 0.000000e+00
1.300000e+00 0.000000e+00 0.000000e+00 nan 0.000000e+00 0.000000e+00
1.350000e+00 0.000000e+00 0.000000e+00 nan 0.000000e+00 0.000000e+00
1.400000e+00 0.000000e+00 0.000000e+00 nan 0.000000e+00 0.000000e+00
1.450000e+00 0.000000e+00 0.000000e+00 nan 0.000000e+00 0.000000e+00
1.500000e+00 0.000000e+00 0.000000e+00 nan 0.000000e+00 0.000000e+00
1.550000e+00 0.000000e+00 0.000000e+00 nan 0.000000e+00 0.000000e+00
1.600000e+00 0.000000e+00 0.000000e+00 nan 0.000000e+00 0.000000e+00
1.650000e+00 0.000000e+00 0.000000e+00 nan 0.000000e+00 0.000000e+00
1.700000e+00 0.000000e+00 0.000000e+00 nan 0.000000e+00 0.000000e+00
1.750000e+00 0.000000e+00 0.000000e+00 nan 0.000000e+00 0.000000e+00
1.800000e+00 0.000000e+00 0.000000e+00 nan 0.000000e+00 0.000000e+00
1.850000e+00 0.000000e+00 0.000000e+00 nan 0.000000e+00 0.000000e+00
1.900000e+00 0.000000e+00 0.000000e+00 nan 0.000000e+00 0.000000e+00
1.950000e+00 0.000000e+00 0.000000e+00 nan 0.000000e+00 0.000000e+00
2.000000e+00 0.000000e+00 0.000000e+00 nan 0.000000e+00 0.000000e+00
2.050000e+00 0.000000e+00 0.000000e+00 nan 0.000000e+00 0.000000e+00
2.100000e+00 0.000000e+00 0.000000e+00 nan 0.000000e+00 0.000000e+00
2.150000e+00 0.000000e+00 0.000000e+00 nan 0.000000e+00 0.000000e+00
2.200000e+00 0.000000e+00 0.000000e+00 nan 0.000000e+00 0.000000e+00
2.250000e+00 0.000000e+00 0.000000e+00 nan 0.000000e+00 0.000000e+00
2.300000e+00 0.000000e+00 0.000000e+00 nan 0.000000e+00 0.000000e+00
2.350000e+00 0.000000e+00 0.000000e+00 nan 0.000000e+00 0.000000e+00
2.400000e+00 0.000000e+00 0.000000e+00 nan 0.000000e+00 0.000000e+00
2.450000e+00 0.000000e+00 0.000000e+00 nan 0.000000e+00 0.000000e+00
2.500000e+00 0.000000e+00 0.000000e+00 nan 0.000000e+00 0.000000e+00
2.550000e+00 0.000000e+00 0.000000e+00 nan 0.000000e+00 0.000000e+00
2.600000e+00 0.000000e+00 0.000000e+00 nan 0.000000e+00 0.000000e+00
2.650000e+00 0.000000e+00 0.000000e+00 nan 0.000000e+00 0.000000e+00
2.700000e+00 0.000000e+00 0.000000e+00 nan 0.000000e+00 0.000000e+00
2.750000e+00 0.000000e+00 0.000000e+00 nan 0.000000e+00 0.000000e+00
2.800000e+00 0.000000e+00 0.000000e+00 nan 0.000000e+00 0.000000e+00
2.850000e+00 0.000000e+00 0.000000e+00 nan 0.000000e+00 0.000000e+00
2.900000e+00 0.000000e+00 0.000000e+00 nan 0.000000e+00 0.000000e+00
2.950000e+00 0.000000e+00 0.000000e+00 nan 0.000000e+00 0.000000e+00
3.000000e+00 0.000000e+00 0.000000e+00 nan 0.000000e+00 0.000000e+00
3.050000e+00 0.000000e+00 0.000000e+00 nan 0.000000e+00 0.000000e+00
3.100000e+00 0.000000e+00 0.000000e+00 nan 0.000000e+00 0.000000e+00
3.150000e+00 0.000000e+00 0.000000e+00 nan 0.000000e+00 0.000000e+00
3.200000e+00 0.000000e+00 0.000000e+00 nan 0.000000e+00 0.000000e+00
3.250000e+00 0.000000e+00 0.000000e+00 nan 0.000000e+00 0.000000e+00
3.300000e+00 0.000000e+00 0.000000e+00 nan 0.000000e+00 0.000000e+00
3.350000e+00 0.000000e+00 0.000000e+00 nan 0.000000e+00 0.000000e+00
3.400000e+00 0.000000e+00 0.000000e+00 nan 0.000000e+00 0.000000e+00
3.450000e+00 0.000000e+00 0.000000e+00 nan 0.000000e+00 0.000000e+00
3.500000e+00 0.000000e+00 0.000000e+00 nan 0.000000e+00 0.000000e+00
3.550000e+00 0.000000e+00 0.000000e+00 nan 0.000000e+00 0.000000e+00
3.600000e+00 0.000000e+00 0.000000e+00 nan 0.000000e+00 0.000000e+00
3.650000e+00 0.000000e+00 0.000000e+00 nan 0.000000e+00 0.000000e+00
3.700000e+00 0.000000e+00 0.000000e+00 nan 0.000000e+00 0.000000e+00
3.750000e+00 0.000000e+00 0.000000e+00 nan 0.000000e+00 0.000000e+00
3.800000e+00 0.000000e+00 0.000000e+00 nan 0.000000e+00 0.000000e+00
3.850000e+00 0.000000e+00 0.000000e+00 nan 0.000000e+00 0.000000e+00
3.900000e+00 0.000000e+00 0.000000e+00 nan 0.000000e+00 0.000000e+00
3.950000e+00 0.000000e+00 0.000000e+00 nan 0.000000e+00 0.000000e+00
4.000000e+00 0.000000e+00 0.000000e+00 nan 0.000000e+00 0.000000e+00
4.050000e+00 0.000000e+00 0.000000e+00 nan 0.000000e+00 0.000000e+00
4.100000e+00 0.000000e+00 0.000000e+00 nan 0.000000e+00 0.000000e+00
4.150000e+00 0.000000e+00 0.000000e+00 nan 0.000000e+00 0.000000e+00
4.200000e+00 0.000000e+00 0.000000e+00 nan 0.000000e+00 0.000000e+00
4.250000e+00 0.000000e+00 0.000000e+00 nan 0.000000e+00 0.000000e+00
4.300000e+00 0.000000e+00 0.000000e+00 nan 0.000000e+00 0.000000e+00
4.350000e+00 0.000000e+00 0.000000e+00 nan 0.000000e+00 0.000000e+00
4.400000e+00 0.000000e+00 0.000000e+00 nan 0.000000e+00 0.000000e+00
4.450000e+00 0.000000e+00 0.000000e+00 nan 0.000000e+00 0.000000e+00
4.500000e+00 0.000000e+00 0.000000e+00 nan 0.000000e+00 0.000000e+00
4.550000e+00 0.000000e+00 0.000000e+00 nan 0.000000e+00 0.000000e+00
4.600000e+00 0.000000e+00 0.000000e+00 nan 0.000000e+00 0.000000e+00
4.650000e+00 0.000000e+00 0.000000e+00 nan 0.000000e+00 0.000000e+00
4.700000e+00 0.000000e+00 0.000000e+00 nan 0.000000e+00 0.000000e+00
4.750000e+00 0.000000e+00 0.000000e+00 nan 0.000000e+00 0.000000e+00
4.800000e+00 0.000000e+00 0.000000e+00 nan 0.000000e+00 0.000000e+00
4.850000e+00 0.000000e+00 0.000000e+00 nan 0.000000e+00 0.000000e+00
4.900000e+00 0.000000e+00 0.000000e+00 nan 0.000000e+00 0.000000e+00
4.950000e+00 0.000000e+00 0.000000e+00 nan 0.000000e+00 0.000000e+00
5.000000e+00 0.000000e+00 0.000000e+00 nan 0.000000e+00 0.000000e+00
5.050000e+00 0.000000e+00 0.000000e+00 nan 0.000000e+00 0.000000e+00
5.100000e+00 0.000000e+00 0.000000e+00 nan 0.000000e+00 0.000000e+00
5.150000e+00 0.000000e+00 0.000000e+00 nan 0.000000e+00 0.000000e+00
5.200000e+00 0.000000e+00 0.000000e+00 nan 0.000000e+00 0.000000e+00
5.250000e+00 0.000000e+00 0.000000e+00 nan 0.000000e+00 0.000000e+00
5.300000e+00 0.000000e+00 0.000000e+00 nan 0.000000e+00 0.000000e+00
5.350000e+00 0.000000e+00 0.000000e+00 nan 0.000000e+00 0.000000e+00
5.400000e+00 0.000000e+00 0.000000e+00 nan 0.000000e+00 0.000000e+00
5.450000e+00 0.000000e+00 0.000000e+00 nan 0.000000e+00 0.000000e+00
5.500000e+00 0.000000e+00 0.000000e+00 nan 0.000000e+00 0.000000e+00
5.550000e+00 0.000000e+00 0.000000e+00 nan 0.000000e+00 0.000000e+00
5.600000e+00 0.000000e+00 0.000000e+00 nan 0.000000e+00 0.000000e+00
5.650000e+00 0.000000e+00 0.000000e+00 nan 0.000000e+00 0.000000e+00
5.700000e+00 0.000000e+00 0.000000e+00 nan 0.000000e+00 0.000000e+00
5.750000e+00 0.000000e+00 0.000000e+00 nan 0.000000e+00 0.000000e+00
5.800000e+00 0.000000e+00 0.000000e+00 nan 0.000000e+00 0.000000e+00
5.850000e+00 0.000000e+00 0.000000e+00 nan 0.000000e+00 0.000000e+00
5.900000e+00 0.000000e+00 0.000000e+00 nan 0.000000e+00 0.000000e+00
5.950000e+00 0.000000e+00 0.000000e+00 nan 0.000000e+00 0.000000e+00
6.000000e+00 0.000000e+00 0.000000e+00 nan 0.000000e+00 0.000000e+00
6.050000e+00 0.000000e+00 0.000000e+00 nan 0.000000e+00 0.000000e+00
6.100000e+00 0.000000e+00 0.000000e+00 nan 0.000000e+00 0.000000e+00
6.150000e+00 0.000000e+00 0.000000e+00 nan 0.000000e+00 0.000000e+00
6.200000e+00 0.000000e+00 0.000000e+00 nan 0.000000e+00 0.000000e+00
6.250000e+00 0.000000e+00 0.000000e+00 nan 0.000000e+00 0.000000e+00
6.300000e+00 0.000000e+00 0.000000e+00 nan 0.000000e+00 0.000000e+00
6.350000e+00 0.000000e+00 0.000000e+00 nan 0.000000e+00 0.000000e+00
6.400000e+00 0.000000e+00 0.000000e+00 nan 0.000000e+00 0.000000e+00
6.450000e+00 0.000000e+00 0.000000e+00 nan 0.000000e+00 0.000000e+00
6.500000e+00 0.000000e+00 0.000000e+00 nan 0.000000e+00 0.000000e+00
6.550000e+00 0.000000e+00 0.000000e+00 nan 0.000000e+00 0.000000e+00
6.600000e+00 0.000000e+00 0.000000e+00 nan 0.000000e+00 0.000000e+00
6.650000e+00 0.000000e+00 0.000000e+00 nan 0.000000e+00 0.000000e+00
6.700000e+00 0.000000e+00 0.000000e+00 nan 0.000000e+00 0.000000e+00
6.750000e+00 0.000000e+00 0.000000e+00 nan 0.000000e+00 0.000000e+00
6.800000e+00 0.000000e+00 0.000000e+00 nan 0.000000e+00 0.000000e+00
6.850000e+00 0.000000e+00 0.000000e+00 nan 0.000000e+00 0.000000e+00
6.900000e+00 0.000000e+00 0.000000e+00 nan 0.000000e+00 0.000000e+00
6.950000e+00 0.000000e+00 0.000000e+00 nan 0.000000e+00 0.000000e+00
7.000000e+00 0.000000e+00 0.000000e+00 nan 0.000000e+00 0.000000e+00
7.050000e+00 0.000000e+00 0.000000e+00 nan 0.000000e+00 0.000000e+00
7.100000e+00 0.000000e+00 0.000000e+00 nan 0.000000e+00 0.000000e+00
7.150000e+00 0.000000e+00 0.000000e+00 nan 0.000000e+00 0.000000e+00
7.200000e+00 0.000000e+00 0.000000e+00 nan 0.000000e+00 0.000000e+00
7.250000e+00 0.000000e+00 0.000000e+00 nan 0.000000e+00 0.000000e+00
7.300000e+00 0.000000e+00 0.000000e+00 nan 0.000000e+00 0.000000e+00
7.350000e+00 0.000000e+00 0.000000e+00 nan 0.000000e+00 0.000000e+00
7.400000e+00 0.000000e+00 0.000000e+00 nan 0.000000e+00 0.000000e+00
7.450000e+00 0.000000e+00 0.000000e+00 nan 0.000000e+00 0.000000e+00
7.500000e+00 0.000000e+00 0.000000e+00 nan 0.000000e+00 0.000000e+00
7.550000e+00 0.000000e+00 0.000000e+00 nan 0.000000e+00 0.000000e+00
7.600000e+00 0.000000e+00 0.000000e+00 nan 0.000000e+00 0.000000e+00
7.650000e+00 0.000000e+00 0.000000e+00 nan 0.000000e+00 0.000000e+00
7.700000e+00 0.000000e+00 0.000000e+00 nan 0.000000e+00 0.000000e+00
7.750000e+00 0.000000e+00 0.000000e+00 nan 0.000000e+00 0.000000e+00
7.800000e+00 0.000000e+00 0.000000e+00 nan 0.000000e+00 0.000000e+00
7.850000e+00 0.000000e+00 0.000000e+00 nan 0.000000e+00 0.000000e+00
7.900000e+00 0.000000e+00 0.000000e+00 nan 0.000000e+00 0.000000e+00
7.950000e+00 0.000000e+00 0.000000e+00 nan 0.000000e+00 0.000000e+00
8.000000e+00 0.000000e+00 0.000000e+00 nan 0.000000e+00 0.000000e+00
8.050000e+00 0.000000e+00 0.000000e+00 nan 0.000000e+00 0.000000e+00
8.100000e+00 0.000000e+00 0.000000e+00 nan 0.000000e+00 0.000000e+00
8.150000e+00 0.000000e+00 0.000000e+00 nan 0.000000e+00 0.000000e+00
8.200000e+00 0.000000e+00 0.000000e+00 nan 0.000000e+00 0.000000e+00
8.250000e+00 0.000000e+00 0.000000e+00 nan 0.000000e+00 0.000000e+00
8.300000e+00 0.000000e+00 0.000000e+00 nan 0.000000e+00 0.000000e+00
8.350000e+00 0.000000e+00 0.000000e+00 nan 0.000000e+00 0.000000e+00
8.400000e+00 0.000000e+00 0.000000e+00 nan 0.000000e+00 0.000000e+00
8.450000e+00 0.000000e+00 0.000000e+00 nan 0.000000e+00 0.000000e+00
8.500000e+00 0.000000e+00 0.000000e+00 nan 0.000000e+00 0.000000e+00
8.550000e+00 0.000000e+00 0.000000e+00 nan 0.000000e+00 0.000000e+00
8.600000e+00 0.000000e+00 0.000000e+00 nan 0.000000e+00 0.000000e+00
8.650000e+00 0.000000e+00 0.000000e+00 nan 0.000000e+00 0.000000e+00
8.700000e+00 0.000000e+00 0.000000e+00 nan 0.000000e+00 0.000000e+00
8.750000e+00 0.000000e+00 0.000000e+00 nan 0.000000e+00 0.000000e+00
8.800000e+00 0.000000e+00 0.000000e+00 nan 0.000000e+00 0.000000e+00
8.850000e+00 0.000000e+00 0.000000e+00 nan 0.000000e+00 0.000000e+00
8.900000e+00 0.000000e+00 0.000000e+00 nan 0.000000e+00 0.000000e+00
8.950000e+00 0.000000e+00 0.000000e+00 nan 0.000000e+00 0.000000e+00
9.000000e+00 0.000000e+00 0.000000e+00 nan 0.000000e+00 0.000000e+00
9.050000e+00 0.000000e+00 0.000000e+00 nan 0.000000e+00 0.000000e+00
9.100000e+00 0.000000e+00 0.000000e+00 nan 0.000000e+00 0.000000e+00
9.150000e+00 0.000000e+00 0.000000e+00 nan 0.000000e+00 0.000000e+00
9.200000e+00 0.000000e+00 0.000000e+00 nan 0.000000e+00 0.000000e+00
9.250000e+00 0.000000e+00 0.000000e+00 nan 0.000000e+00 0.000000e+00
9.300000e+00 0.000000e+00 0.000000e+00 nan 0.000000e+00 0.000000e+00
9.350000e+00 0.000000e+00 0.000000e+00 nan 0.000000e+00 0.000000e+00
9.400000e+00 0.000000e+00 0.000000e+00 nan 0.000000e+00 0.000000e+00
9.450000e+00 0.000000e+00 0.000000e+00 nan 0.000000e+00 0.000000e+00
9.500000e+00 0.000000e+00 0.000000e+00 nan 0.000000e+00 0.000000e+00
9.550000e+00 0.000000e+00 0.000000e+00 nan 0.000000e+00 0.000000e+00
9.600000e+00 0.000000e+00 0.000000e+00 nan 0.000000e+00 0.000000e+00
9.650000e+00 0.000000e+00 0.000000e+00 nan 0.000000e+00 0.000000e+00
9.700000e+00 0.000000e+00 0.000000e+00 nan 0.000000e+00 0.000000e+00
9.750000e+00 0.000000e+00 0.000000e+00 nan 0.000000e+00 0.000000e+00
9.800000e+00 0.000000e+00 0.000000e+00 nan 0.000000e+00 0.000000e+00
9.850000e+00 0.000000e+00 0.000000e+00 nan 0.000000e+00 0.000000e+00
9.900000e+00 0.000000e+00 0.000000e+00 nan 0.000000e+00 0.000000e+00
9.950000e+00 0.000000e+00 0.000000e+00 nan 0.000000e+00 0.000000e+00
1.000000e+01 0.000000e+00 0.000000e+00 nan 0.000000e+00 0.000000e+00
0.000000e+00 2.000000e-02 1.176000e-03 -5.760000e+00 0.000000e+00 0.000000e+00
5.000000e-02 2.000000e-02 nan nan nan nan
1.000000e-01 2.000000e-02 nan nan nan nan
1.500000e-01 2.000000e-02 nan nan nan nan
2.000000e-01 2.000000e-02 nan nan nan nan
2.500000e-01 2.000000e-02 nan nan nan nan
3.000000e-01 2.000000e-02 nan nan nan nan
3.500000e-01 2.000000e-02 nan nan nan nan
4.000000e-01 2.000000e-02 nan nan nan nan
4.500000e-01 2.000000e-02 nan nan nan nan
5.000000e-01 2.000000e-02 nan nan nan nan
5.500000e-01 2.000000e-02 nan nan nan nan
6.000000e-01 2.000000e-02 nan nan nan nan
6.500000e-01 2.000000e-02 nan nan nan nan
7.000000e-01 2.000000e-02 nan nan nan nan
7.500000e-01 2.000000e-02 nan nan nan nan
8.000000e-01 2.000000e-02 nan nan nan nan
8.500000e-01 2.000000e-02 nan nan nan nan
9.000000e-01 2.000000e-02 nan nan nan nan
9.500000e-01 2.000000e-02 nan nan nan nan
1.000000e+00 2.000000e-02 nan nan nan nan
1.050000e+00 2.000000e-02 nan nan nan nan
1.100000e+00 2.000000e-02 nan nan nan nan
1.150000e+00 2.000000e-02 nan nan nan nan
1.200000e+00 2.000000e-02 nan nan nan nan
1.250000e+00 2.000000e-02 nan nan nan nan
1.300000e+00 2.000000e-02 nan nan nan nan
1.350000e+00 2.000000e-02 nan nan nan nan
1.400000e+00 2.000000e-02 nan nan nan nan
1.450000e+00 2.000000e-02 nan nan nan nan
1.500000e+00 2.000000e-02 nan nan nan nan
1.550000e+00 2.000000e-02 nan nan nan nan
1.600000e+00 2.000000e-02 nan nan nan nan
1.650000e+00 2.000000e-02 nan nan nan nan
1.700000e+00 2.000000e-02 nan nan nan nan
1.750000e+00 2.000000e-02 nan nan nan nan
1.800000e+00 2.000000e-02 nan nan nan nan
1.850000e+00 2.000000e-02 nan nan nan nan
1.900000e+00 2.000000e-02 nan nan nan nan
1.950000e+00 2.000000e-02 nan nan nan nan
2.000000e+00 2.000000e-02 nan nan nan nan
2.050000e+00 2.000000e-02 nan nan nan nan
2.100000e+00 2.000000e-02 nan nan nan nan
2.150000e+00 2.000000e-02 nan nan nan nan
2.200000e+00 2.000000e-02 nan nan nan nan
2.250000e+00 2.000000e-02 nan nan nan nan
2.300000e+00 2.000000e-02 nan nan nan nan
2.350000e+00 2.000000e-02 nan nan nan nan
2.400000e+00 2.000000e-02 nan nan nan nan
2.450000e+00 2.000000e-02 nan nan nan nan
2.500000e+00 2.000000e-02 nan nan nan nan
2.550000e+00 2.000000e-02 nan nan nan nan
2.600000e+00 2.000000e-02 nan nan nan nan
2.650000e+00 2.000000e-02 nan nan nan nan
2.700000e+00 2.000000e-02 nan nan nan nan
2.750000e+00 2.000000e-02 nan nan nan nan
2.800000e+00 2.000000e-02 nan nan nan nan
2.850000e+00 2.000000e-02 nan nan nan nan
2.900000e+00 2.000000e-02 nan nan nan nan
2.950000e+00 2.000000e-02 nan nan nan nan
3.000000e+00 2.000000e-02 nan nan nan nan
3.050000e+00 2.000000e-02 nan nan nan nan
3.100000e+00 2.000000e-02 nan nan nan nan
3.150000e+00 2.000000e-02 nan nan nan nan
3.200000e+00 2.000000e-02 nan nan nan nan
3.250000e+00 2.000000e-02 nan nan nan nan
3.300000e+00 2.000000e-02 nan nan nan nan
3.350000e+00 2.000000e-02 nan nan nan nan
3.400000e+00 2.000000e-02 nan nan nan nan
3.450000e+00 2.000000e-02 nan nan nan nan
3.500000e+00 2.000000e-02 nan nan nan nan
3.550000e+00 2.000000e-02 nan nan nan nan
3.600000e+00 2.000000e-02 nan nan nan nan
3.650000e+00 2.000000e-02 nan nan nan nan
3.700000e+00 2.000000e-02 nan nan nan nan
3.750000e+00 2.000000e-02 nan nan nan nan
3.800000e+00 2.000000e-02 nan nan nan nan
3.850000e+00 2.000000e-02 nan nan nan nan
3.900000e+00 2.000000e-02 nan nan nan nan
3.950000e+00 2.000000e-02 nan nan nan nan
4.000000e+00 2.000000e-02 nan nan nan nan
4.050000e+00 2.000000e-02 nan nan nan nan
4.100000e+00 2.000000e-02 nan nan nan nan
4.150000e+00 2.000000e-02 nan nan nan nan
4.200000e+00 2.000000e-02 nan nan nan nan
4.250000e+00 2.000000e-02 nan nan nan nan
4.300000e+00 2.000000e-02 nan nan nan nan
4.350000e+00 2.000000e-02 nan nan nan nan
4.400000e+00 2.000000e-02 nan nan nan nan
4.450000e+00 2.000000e-02 nan nan nan nan
4.500000e+00 2.000000e-02 nan nan nan nan
4.550000e+00 2.000000e-02 nan nan nan nan
4.600000e+00 2.000000e-02 nan nan nan nan
4.650000e+00 2.000000e-02 nan nan nan nan
4.700000e+00 2.000000e-02 nan nan nan nan
4.750000e+00 2.000000e-02 nan nan nan nan
4.800000e+00 2.000000e-02 nan nan nan nan
4.850000e+00 2.000000e-02 nan nan nan nan
4.900000e+00 2.000000e-02 nan nan nan nan
4.950000e+00 2.000000e-02 nan nan nan nan
5.000000e+00 2.000000e-02 nan nan nan nan
5.050000e+00 2.000000e-02 nan nan nan nan
5.100000e+00 2.000000e-02 nan nan nan nan
5.150000e+00 2.000000e-02 nan nan nan nan
5.200000e+00 2.000000e-02 nan nan nan nan
5.250000e+00 2.000000e-02 nan nan nan nan
5.300000e+00 2.000000e-02 nan nan nan nan
5.350000e+00 2.000000e-02 nan nan nan nan
5.400000e+00 2.000000e-02 nan nan nan nan
5.450000e+00 2.000000e-02 nan nan nan nan
5.500000e+00 2.000000e-02 nan nan nan nan
5.550000e+00 2.000000e-02 nan nan nan nan
5.600000e+00 2.000000e-02 nan nan nan nan
5.650000e+00 2.000000e-02 nan nan nan nan
5.700000e+00 2.000000e-02 nan nan nan nan
5.750000e+00 2.000000e-02 nan nan nan nan
5.800000e+00 2.000000e-02 nan nan nan nan
5.850000e+00 2.000000e-02 nan nan nan nan
5.900000e+00 2.000000e-02 nan nan nan nan
5.950000e+00 2.000000e-02 nan nan nan nan
6.000000e+00 2.000000e-02 nan nan nan nan
6.050000e+00 2.000000e-02 nan nan nan nan
6.100000e+00 2.000000e-02 nan nan nan nan
6.150000e+00 2.000000e-02 nan nan nan nan
6.200000e+00 2.000000e-02 nan nan nan nan
6.250000e+00 2.000000e-02 nan nan nan nan
6.300000e+00 2.000000e-02 nan nan nan nan
6.350000e+00 2.000000e-02 nan nan nan nan
6.400000e+00 2.000000e-02 nan nan nan nan
6.450000e+00 2.000000e-02 nan nan nan nan
6.500000e+00 2.000000e-02 nan nan nan nan
6.550000e+00 2.000000e-02 nan nan nan nan
6.600000e+00 2.000000e-02 nan nan nan nan
6.650000e+00 2.000000e-02 nan nan nan nan
6.700000e+00 2.000000e-02 nan nan nan nan
6.750000e+00 2.000000e-02 nan nan nan nan
6.800000e+00 2.000000e-02 nan nan nan nan
6.850000e+00 2.000000e-02 nan nan nan nan
6.900000e+00 2.000000e-02 nan nan nan nan
6.950000e+00 2.000000e-02 nan nan nan nan
7.000000e+00 2.000000e-02 nan nan nan nan
7.050000e+00 2.000000e-02 nan nan nan nan
7.100000e+00 2.000000e-02 nan nan nan nan
7.150000e+00 2.000000e-02 nan nan nan nan
7.200000e+00 2.000000e-02 nan nan nan nan
7.250000e+00 2.000000e-02 nan nan nan nan
7.300000e+00 2.000000e-02 nan nan nan nan
7.350000e+00 2.000000e-02 nan nan nan nan
7.400000e+00 2.000000e-02 nan nan nan nan
7.450000e+00 2.000000e-02 nan nan nan nan
7.500000e+00 2.000000e-02 nan nan nan nan
7.550000e+00 2.000000e-02 nan nan nan nan
7.600000e+00 2.000000e-02 nan nan nan nan
7.650000e+00 2.000000e-02 nan nan nan nan
7.700000e+00 2.000000e-02 nan nan nan nan
7.750000e+00 2.000000e-02 nan nan nan nan
7.800000e+00 2.000000e-02 nan nan nan nan
7.850000e+00 2.000000e-02 nan nan nan nan
7.900000e+00 2.000000e-02 nan nan nan nan
7.950000e+00 2.000000e-02 nan nan nan nan
8.000000e+00 2.000000e-02 nan nan nan nan
8.050000e+00 2.000000e-02 nan nan nan nan
8.100000e+00 2.000000e-02 nan nan nan nan
8.150000e+00 2.000000e-02 nan nan nan nan
8.200000e+00 2.000000e-02 nan nan nan nan
8.250000e+00 2.000000e-02 nan nan nan nan
8.300000e+00 2.000000e-02 nan nan nan nan
8.350000e+00 2.000000e-02 nan nan nan nan
8.400000e+00 2.000000e-02 nan nan nan nan
8.450000e+00 2.000000e-02 nan nan nan nan
8.500000e+00 2.000000e-02 nan nan nan nan
8.550000e+00 2.000000e-02 nan nan nan nan
8.600000e+00 2.000000e-02 nan nan nan nan
8.650000e+00 2.000000e-02 nan nan nan nan
8.700000e+00 2.000000e-02 nan nan nan nan
8.750000e+00 2.000000e-02 nan nan nan nan
8.800000e+00 2.000000e-02 nan nan nan nan
8.850000e+00 2.000000e-02 nan nan nan nan
8.900000e+00 2.000000e-02 nan nan nan nan
8.950000e+00 2.000000e-02 nan nan nan nan
9.000000e+00 2.000000e-02 nan nan nan nan
9.050000e+00 2.000000e-02 nan nan nan nan
9.100000e+00 2.000000e-02 nan nan nan nan
9.150000e+00 2.000000e-02 nan nan nan nan
9.200000e+00 2.000000e-02 nan nan nan nan
9.250000e+00 2.000000e-02 nan nan nan nan
9.300000e+00 2.000000e-02 nan nan nan nan
9.350000e+00 2.000000e-02 nan nan nan nan
9.400000e+00 2.000000e-02 nan nan nan nan
9.450000e+00 2.000000e-02 nan nan nan nan
9.500000e+00 2.000000e-02 nan nan nan nan
9.550000e+00 2.000000e-02 nan nan nan nan
9.600000e+00 2.000000e-02 nan nan nan nan
9.650000e+00 2.000000e-02 nan nan nan nan
9.700000e+00 2.000000e-02 nan nan nan nan
9.750000e+00 2.000000e-02 nan nan nan nan
9.800000e+00 2.000000e-02 nan nan nan nan
9.850000e+00 2.000000e-02 nan nan nan nan
9.900000e+00 2.000000e-02 nan nan nan nan
9.950000e+00 2.000000e-02 nan nan nan nan
1.000000e+01 2.000000e-02 1.176000e-03 nan 0.000000e+00 0.000000e+00
0.000000e+00 4.000000e-02 4.656000e-03 -5.520000e+00 0.000000e+00 0.000000e+00
5.000000e-02 4.000000e-02 nan nan nan nan
1.000000e-01 4.000000e-02 nan nan nan nan
1.500000e-01 4.000000e-02 nan nan nan nan
2.000000e-01 4.000000e-02 nan nan nan nan
2.500000e-01 4.000000e-02 nan nan nan nan
3.000000e-01 4.000000e-02 nan nan nan nan
3.500000e-01 4.000000e-02 nan nan nan nan
4.000000e-01 4.000000e-02 nan nan nan nan
4.500000e-01 4.000000e-02 nan nan nan nan
5.000000e-01 4.000000e-02 nan nan nan nan
5.500000e-01 4.000000e-02 nan nan nan nan
6.000000e-01 4.000000e-02 nan nan nan nan
6.500000e-01 4.000000e-02 nan nan nan nan
7.000000e-01 4.000000e-02 nan nan nan nan
7.500000e-01 4.000000e-02 nan nan nan nan
8.000000e-01 4.000000e-02 nan nan nan nan
8.500000e-01 4.000000e-02 nan nan nan nan
9.000000e-01 4.000000e-02 nan nan nan nan
9.500000e-01 4.000000e-02 nan nan nan nan
1.000000e+00 4.000000e-02 nan nan nan nan
1.050000e+00 4.000000e-02 nan nan nan nan
1.100000e+00 4.000000e-02 nan nan nan nan
1.150000e+00 4.000000e-02 nan nan nan nan
1.200000e+00 4.000000e-02 nan nan nan nan
1.250000e+00 4.000000e-02 nan nan nan nan
1.300000e+00 4.000000e-02 nan nan nan nan
1.350000e+00 4.000000e-02 nan nan nan nan
1.400000e+00 4.000000e-02 nan nan nan nan
1.450000e+00 4.000000e-02 nan nan nan nan
1.500000e+00 4.000000e-02 nan nan nan nan
1.550000e+00 4.000000e-02 nan nan nan nan
1.600000e+00 4.000000e-02 nan nan nan nan
1.650000e+00 4.000000e-02 nan nan nan nan
1.700000e+00 4.000000e-02 nan nan nan nan
1.750000e+00 4.000000e-02 nan nan nan nan
1.800000e+00 4.000000e-02 nan nan nan nan
1.850000e+00 4.000000e-02 nan nan nan nan
1.900000e+00 4.000000e-02 nan nan nan nan
1.950000e+00 4.000000e-02 nan nan nan nan
2.000000e+00 4.000000e-02 nan nan nan nan
2.050000e+00 4.000000e-02 nan nan nan nan
2.100000e+00 4.000000e-02 nan nan nan nan
2.150000e+00 4.000000e-02 nan nan nan nan
2.200000e+00 4.000000e-02 nan nan nan nan
2.250000e+00 4.000000e-02 nan nan nan nan
2.300000e+00 4.000000e-02 nan nan nan nan
2.350000e+00 4.000000e-02 nan nan nan nan
2.400000e+00 4.000000e-02 nan nan nan nan
2.450000e+00 4.000000e-02 nan nan nan nan
2.500000e+00 4.000000e-02 nan nan nan nan
2.550000e+00 4.000000e-02 nan nan nan nan
2.600000e+00 4.000000e-02 nan nan nan nan
2.650000e+00 4.000000e-02 nan nan nan nan
2.700000e+00 4.000000e-02 nan nan nan nan
2.750000e+00 4.000000e-02 nan nan nan nan
2.800000e+00 4.000000e-02 nan nan nan nan
2.850000e+00 4.000000e-02 nan nan nan nan
2.900000e+00 4.000000e-02 nan nan nan nan
2.950000e+00 4.000000e-02 nan nan nan nan
3.000000e+00 4.000000e-02 nan nan nan nan
3.050000e+00 4.000000e-02 nan nan nan nan
3.100000e+00 4.000000e-02 nan nan nan nan
3.150000e+00 4.000000e-02 nan nan nan nan
3.200000e+00 4.000000e-02 nan nan nan nan
3.250000e+00 4.000000e-02 nan nan nan nan
3.300000e+00 4.000000e-02 nan nan nan nan
3.350000e+00 4.000000e-02 nan nan nan nan
3.400000e+00 4.000000e-02 nan nan nan nan
3.450000e+00 4.000000e-02 nan nan nan nan
3.500000e+00 4.000000e-02 nan nan nan nan
3.550000e+00 4.000000e-02 nan nan nan nan
3.600000e+00 4.000000e-02 nan nan nan nan
3.650000e+00 4.000000e-02 nan nan nan nan
3.700000e+00 4.000000e-02 nan nan nan nan
3.750000e+00 4.000000e-02 nan nan nan nan
3.800000e+00 4.000000e-02 nan nan nan nan
3.850000e+00 4.000000e-02 nan nan nan nan
3.900000e+00 4.000000e-02 nan nan nan nan
3.950000e+00 4.000000e-02 nan nan nan nan
4.000000e+00 4.000000e-02 nan nan nan nan
4.050000e+00 4.000000e-02 nan nan nan nan
4.100000e+00 4.000000e-02 nan nan nan nan
4.150000e+00 4.000000e-02 nan nan nan nan
4.200000e+00 4.000000e-02 nan nan nan nan
4.250000e+00 4.000000e-02 nan nan nan nan
4.300000e+00 4.000000e-02 nan nan nan nan
4.350000e+00 4.000000e-02 nan nan nan nan
4.400000e+00 4.000000e-02 nan nan nan nan
4.450000e+00 4.000000e-02 nan nan nan nan
4.500000e+00 4.000000e-02 nan nan nan nan
4.550000e+00 4.000000e-02 nan nan nan nan
4.600000e+00 4.000000e-02 nan nan nan nan
4.650000e+00 4.000000e-02 nan nan nan nan
4.700000e+00 4.000000e-02 nan nan nan nan
4.750000e+00 4.000000e-02 nan nan nan nan
4.800000e+00 4.000000e-02 nan nan nan nan
4.850000e+00 4.000000e-02 nan nan nan nan
4.900000e+00 4.000000e-02 nan nan nan nan
4.950000e+00 4.000000e-02 nan nan nan nan
5.000000e+00 4.000000e-02 nan nan nan nan
5.050000e+00 4.000000e-02 nan nan nan nan
5.100000e+00 4.000000e-02 nan nan nan nan
5.150000e+00 4.000000e-02 nan nan nan nan
5.200000e+00 4.000000e-02 nan nan nan nan
5.250000e+00 4.000000e-02 nan nan nan nan
5.300000e+00 4.000000e-02 nan nan nan nan
5.350000e+00 4.000000e-02 nan nan nan nan
5.400000e+00 4.000000e-02 nan nan nan nan
5.450000e+00 4.000000e-02 nan nan nan nan
5.500000e+00 4.000000e-02 nan nan nan nan
5.550000e+00 4.000000e-02 nan nan nan nan
5.600000e+00 4.000000e-02 nan nan nan nan
5.650000e+00 4.000000e-02 nan nan nan nan
5.700000e+00 4.000000e-02 nan nan nan nan
5.750000e+00 4.000000e-02 nan nan nan nan
5.800000e+00 4.000000e-02 nan nan nan nan
5.850000e+00 4.000000e-02 nan nan nan nan
5.900000e+00 4.000000e-02 nan nan nan nan
5.950000e+00 4.000000e-02 nan nan nan nan
6.000000e+00 4.000000e-02 nan nan nan nan
6.050000e+00 4.000000e-02 nan nan nan nan
6.100000e+00 4.000000e-02 nan nan nan nan
6.150000e+00 4.000000e-02 nan nan nan nan
6.200000e+00 4.000000e-02 nan nan nan nan
6.250000e+00 4.000000e-02 nan nan nan nan
6.300000e+00 4.000000e-02 nan nan nan nan
6.350000e+00 4.000000e-02 nan nan nan nan
6.400000e+00 4.000000e-02 nan nan nan nan
6.450000e+00 4.000000e-02 nan nan nan nan
6.500000e+00 4.000000e-02 nan nan nan nan
6.550000e+00 4.000000e-02 nan nan nan nan
6.600000e+00 4.000000e-02 nan nan nan nan
6.650000e+00 4.000000e-02 nan nan nan nan
6.700000e+00 4.000000e-02 nan nan nan nan
6.750000e+00 4.000000e-02 nan nan nan nan
6.800000e+00 4.000000e-02 nan nan nan nan
6.850000e+00 4.000000e-02 nan nan nan nan
6.900000e+00 4.000000e-02 nan nan nan nan
6.950000e+00 4.000000e-02 nan nan nan nan
7.000000e+00 4.000000e-02 nan nan nan nan
7.050000e+00 4.000000e-02 nan nan nan nan
7.100000e+00 4.000000e-02 nan nan nan nan
7.150000e+00 4.000000e-02 nan nan nan nan
7.200000e+00 4.000000e-02 nan nan nan nan
7.250000e+00 4.000000e-02 nan nan nan nan
7.300000e+00 4.000000e-02 nan nan nan nan
7.350000e+00 4.000000e-02 nan nan nan nan
7.400000e+00 4.000000e-02 nan nan nan nan
7.450000e+00 4.000000e-02 nan nan nan nan
7.500000e+00 4.000000e-02 nan nan nan nan
7.550000e+00 4.000000e-02 nan nan nan nan
7.600000e+00 4.000000e-02 nan nan nan nan
7.650000e+00 4.000000e-02 nan nan nan nan
7.700000e+00 4.000000e-02 nan nan nan nan
7.750000e+00 4.000000e-02 nan nan nan nan
7.800000e+00 4.000000e-02 nan nan nan nan
7.850000e+00 4.000000e-02 nan nan nan nan
7.900000e+00 4.000000e-02 nan nan nan nan
7.950000e+00 4.000000e-02 nan nan nan nan
8.000000e+00 4.000000e-02 nan nan nan nan
8.050000e+00 4.000000e-02 nan nan nan nan
8.100000e+00 4.000000e-02 nan nan nan nan
8.150000e+00 4.000000e-02 nan nan nan nan
8.200000e+00 4.000000e-02 nan nan nan nan
8.250000e+00 4.000000e-02 nan nan nan nan
8.300000e+00 4.000000e-02 nan nan nan nan
8.350000e+00 4.000000e-02 nan nan nan nan
8.400000e+00 4.000000e-02 nan nan nan nan
8.450000e+00 4.000000e-02 nan nan nan nan
8.500000e+00 4.000000e-02 nan nan nan nan
8.550000e+00 4.000000e-02 nan nan nan nan
8.600000e+00 4.000000e-02 nan nan nan nan
8.650000e+00 4.000000e-02 nan nan nan nan
8.700000e+00 4.000000e-02 nan nan nan nan
8.750000e+00 4.000000e-02 nan nan nan nan
8.800000e+00 4.000000e-02 nan nan nan nan
8.850000e+00 4.000000e-02 nan nan nan nan
8.900000e+00 4.000000e-02 nan nan nan nan
8.950000e+00 4.000000e-02 nan nan nan nan
9.000000e+00 4.000000e-02 nan nan nan nan
9.050000e+00 4.000000e-02 nan nan nan nan
9.100000e+00 4.000000e-02 nan nan nan nan
9.150000e+00 4.000000e-02 nan nan nan nan
9.200000e+00 4.000000e-02 nan nan nan nan
9.250000e+00 4.000000e-02 nan nan nan nan
9.300000e+00 4.000000e-02 nan nan nan nan
9.350000e+00 4.000000e-02 nan nan nan nan
9.400000e+00 4.000000e-02 nan nan nan nan
9.450000e+00 4.000000e-02 nan nan nan nan
9.500000e+00 4.000000e-02 nan nan nan nan
9.550000e+00 4.000000e-02 nan nan nan nan
9.600000e+00 4.000000e-02 nan nan nan nan
9.650000e+00 4.000000e-02 nan nan nan nan
9.700000e+00 4.000000e-02 nan nan nan nan
9.750000e+00 4.000000e-02 nan nan nan nan
9.800000e+00 4.000000e-02 nan nan nan nan
9.850000e+00 4.000000e-02 nan nan nan nan
9.900000e+00 4.000000e-02 nan nan nan nan
9.950000e+00 4.000000e-02 nan nan nan nan
1.000000e+01 4.000000e-02 4.656000e-03 nan 0.000000e+00 0.000000e+00
0.000000e+00 6.000000e-02 1.034400e-02 -5.280000e+00 0.000000e+00 0.000000e+00
5.000000e-02 6.000000e-02 nan nan nan nan
1.000000e-01 6.000000e-02 nan nan nan nan
1.500000e-01 6.000000e-02 nan nan nan nan
2.000000e-01 6.000000e-02 nan nan nan nan
2.500000e-01 6.000000e-02 nan nan nan nan
3.000000e-01 6.000000e-02 nan nan nan nan
3.500000e-01 6.000000e-02 nan nan nan nan
4.000000e-01 6.000000e-02 nan nan nan nan
4.500000e-01 6.000000e-02 nan nan nan nan
5.000000e-01 6.000000e-02 nan nan nan nan
5.500000e-01 6.000000e-02 nan nan nan nan
6.000000e-01 6.000000e-02 nan nan nan nan
6.500000e-01 6.000000e-02 nan nan nan nan
7.000000e-01 6.000000e-02 nan nan nan nan
7.500000e-01 6.000000e-02 nan nan nan nan
8.000000e-01 6.000000e-02 nan nan nan nan
8.500000e-01 6.000000e-02 nan nan nan nan
9.000000e-01 6.000000e-02 nan nan nan nan
9.500000e-01 6.000000e-02 nan nan nan nan
1.000000e+00 6.000000e-02 nan nan nan nan
1.050000e+00 6.000000e-02 nan nan nan nan
1.100000e+00 6.000000e-02 nan nan nan nan
1.150000e+00 6.000000e-02 nan nan nan nan
1.200000e+00 6.000000e-02 nan nan nan nan
1.250000e+00 6.000000e-02 nan nan nan nan
1.300000e+00 6.000000e-02 nan nan nan nan
1.350000e+00 6.000000e-02 nan nan nan nan
1.400000e+00 6.000000e-02 nan nan nan nan
1.450000e+00 6.000000e-02 nan nan nan nan
1.500000e+00 6.000000e-02 nan nan nan nan
1.550000e+00 6.000000e-02 nan nan nan nan
1.600000e+00 6.000000e-02 nan nan nan nan
1.650000e+00 6.000000e-02 nan nan nan nan
1.700000e+00 6.000000e-02 nan nan nan nan
1.750000e+00 6.000000e-02 nan nan nan nan
1.800000e+00 6.000000e-02 nan nan nan nan
1.850000e+00 6.000000e-02 nan nan nan nan
1.900000e+00 6.000000e-02 nan nan nan nan
1.950000e+00 6.000000e-02 nan nan nan nan
2.000000e+00 6.000000e-02 nan nan nan nan
2.050000e+00 6.000000e-02 nan nan nan nan
2.100000e+00 6.000000e-02 nan nan nan nan
2.150000e+00 6.000000e-02 nan nan nan nan
2.200000e+00 6.000000e-02 nan nan nan nan
2.250000e+00 6.000000e-02 nan nan nan nan
2.300000e+00 6.000000e-02 nan nan nan nan
2.350000e+00 6.000000e-02 nan nan nan nan
2.400000e+00 6.000000e-02 nan nan nan nan
2.450000e+00 6.000000e-02 nan nan nan nan
2.500000e+00 6.000000e-02 nan nan nan nan
2.550000e+00 6.000000e-02 nan nan nan nan
2.600000e+00 6.000000e-02 nan nan nan nan
2.650000e+00 6.000000e-02 nan nan nan nan
2.700000e+00 6.000000e-02 nan nan nan nan
2.750000e+00 6.000000e-02 nan nan nan nan
2.800000e+00 6.000000e-02 nan nan nan nan
2.850000e+00 6.000000e-02 nan nan nan nan
2.900000e+00 6.000000e-02 nan nan nan nan
2.950000e+00 6.000000e-02 nan nan nan nan
3.000000e+00 6.000000e-02 nan nan nan nan
3.050000e+00 6.000000e-02 nan nan nan nan
3.100000e+00 6.000000e-02 nan nan nan nan
3.150000e+00 6.000000e-02 nan nan nan nan
3.200000e+00 6.000000e-02 nan nan nan nan
3.250000e+00 6.000000e-02 nan nan nan nan
3.300000e+00 6.000000e-02 nan nan nan nan
3.350000e+00 6.000000e-02 nan nan nan nan
3.400000e+00 6.000000e-02 nan nan nan nan
3.450000e+00 6.000000e-02 nan nan nan nan
3.500000e+00 6.000000e-02 nan nan nan nan
3.550000e+00 6.000000e-02 nan nan nan nan
3.600000e+00 6.000000e-02 nan nan nan nan
3.650000e+00 6.000000e-02 nan nan nan nan
3.700000e+00 6.000000e-02 nan nan nan nan
3.750000e+00 6.000000e-02 nan nan nan nan
3.800000e+00 6.000000e-02 nan nan nan nan
3.850000e+00 6.000000e-02 nan nan nan nan
3.900000e+00 6.000000e-02 nan nan nan nan
3.950000e+00 6.000000e-02 nan nan nan nan
4.000000e+00 6.000000e-02 nan nan nan nan
4.050000e+00 6.000000e-02 nan nan nan nan
4.100000e+00 6.000000e-02 nan nan nan nan
4.150000e+00 6.000000e-02 nan nan nan nan
4.200000e+00 6.000000e-02 nan nan nan nan
4.250000e+00 6.000000e-02 nan nan nan nan
4.300000e+00 6.000000e-02 nan nan nan nan
4.350000e+00 6.000000e-02 nan nan nan nan
4.400000e+00 6.000000e-02 nan nan nan nan
4.450000e+00 6.000000e-02 nan nan nan nan
4.500000e+00 6.000000e-02 nan nan nan nan
4.550000e+00 6.000000e-02 nan nan nan nan
4.600000e+00 6.000000e-02 nan nan nan nan
4.650000e+00 6.000000e-02 nan nan nan nan
4.700000e+00 6.000000e-02 nan nan nan nan
4.750000e+00 6.000000e-02 nan nan nan nan
4.800000e+00 6.000000e-02 nan nan nan nan
4.850000e+00 6.000000e-02 nan nan nan nan
4.900000e+00 6.000000e-02 nan nan nan nan
4.950000e+00 6.000000e-02 nan nan nan nan
5.000000e+00 6.000000e-02 nan nan nan nan
5.050000e+00 6.000000e-02 nan nan nan nan
5.100000e+00 6.000000e-02 nan nan nan nan
5.150000e+00 6.000000e-02 nan nan nan nan
5.200000e+00 6.000000e-02 nan nan nan nan
5.250000e+00 6.000000e-02 nan nan nan nan
5.300000e+00 6.000000e-02 nan nan nan nan
5.350000e+00 6.000000e-02 nan nan nan nan
5.400000e+00 6.000000e-02 nan nan nan nan
5.450000e+00 6.000000e-02 nan nan nan nan
5.500000e+00 6.000000e-02 nan nan nan nan
5.550000e+00 6.000000e-02 nan nan nan nan
5.600000e+00 6.000000e-02 nan nan nan nan
5.650000e+00 6.000000e-02 nan nan nan nan
5.700000e+00 6.000000e-02 nan nan nan nan
5.750000e+00 6.000000e-02 nan nan nan nan
5.800000e+00 6.000000e-02 nan nan nan nan
5.850000e+00 6.000000e-02 nan nan nan nan
5.900000e+00 6.000000e-02 nan nan nan nan
5.950000e+00 6.000000e-02 nan nan nan nan
6.000000e+00 6.000000e-02 nan nan nan nan
6.050000e+00 6.000000e-02 nan nan nan nan
6.100000e+00 6.000000e-02 nan nan nan nan
6.150000e+00 6.000000e-02 nan nan nan nan
6.200000e+00 6.000000e-02 nan nan nan nan
6.250000e+00 6.000000e-02 nan nan nan nan
6.300000e+00 6.000000e-02 nan nan nan nan
6.350000e+00 6.000000e-02 nan nan nan nan
6.400000e+00 6.000000e-02 nan nan nan nan
6.450000e+00 6.000000e-02 nan nan nan nan
6.500000e+00 6.000000e-02 nan nan nan nan
6.550000e+00 6.000000e-02 nan nan nan nan
6.600000e+00 6.000000e-02 nan nan nan nan
6.650000e+00 6.000000e-02 nan nan nan nan
6.700000e+00 6.000000e-02 nan nan nan nan
6.750000e+00 6.000000e-02 nan nan nan nan
6.800000e+00 6.000000e-02 nan nan nan nan
6.850000e+00 6.000000e-02 nan nan nan nan
6.900000e+00 6.000000e-02 nan nan nan nan
6.950000e+00 6.000000e-02 nan nan nan nan
7.000000e+00 6.000000e-02 nan nan nan nan
7.050000e+00 6.000000e-02 nan nan nan nan
7.100000e+00 6.000000e-02 nan nan nan nan
7.150000e+00 6.000000e-02 nan nan nan nan
7.200000e+00 6.000000e-02 nan nan nan nan
7.250000e+00 6.000000e-02 nan nan nan nan
7.300000e+00 6.000000e-02 nan nan nan nan
7.350000e+00 6.000000e-02 nan nan nan nan
7.400000e+00 6.000000e-02 nan nan nan nan
7.450000e+00 6.000000e-02 nan nan nan nan
7.500000e+00 6.000000e-02 nan nan nan nan
7.550000e+00 6.000000e-02 nan nan nan nan
7.600000e+00 6.000000e-02 nan nan nan nan
7.650000e+00 6.000000e-02 nan nan nan nan
7.700000e+00 6.000000e-02 nan nan nan nan
7.750000e+00 6.000000e-02 nan nan nan nan
7.800000e+00 6.000000e-02 nan nan nan nan
7.850000e+00 6.000000e-02 nan nan nan nan
7.900000e+00 6.000000e-02 nan nan nan nan
7.950000e+00 6.000000e-02 nan nan nan nan
8.000000e+00 6.000000e-02 nan nan nan nan
8.050000e+00 6.000000e-02 nan nan nan nan
8.100000e+00 6.000000e-02 nan nan nan nan
8.150000e+00 6.000000e-02 nan nan nan nan
8.200000e+00 6.000000e-02 nan nan nan nan
8.250000e+00 6.000000e-02 nan nan nan nan
8.300000e+00 6.000000e-02 nan nan nan nan
8.350000e+00 6.000000e-02 nan nan nan nan
8.400000e+00 6.000000e-02 nan nan nan nan
8.450000e+00 6.000000e-02 nan nan nan nan
8.500000e+00 6.000000e-02 nan nan nan nan
8.550000e+00 6.000000e-02 nan nan nan nan
8.600000e+00 6.000000e-02 nan nan nan nan
8.650000e+00 6.000000e-02 nan nan nan nan
8.700000e+00 6.000000e-02 nan nan nan nan
8.750000e+00 6.000000e-02 nan nan nan nan
8.800000e+00 6.000000e-02 nan nan nan nan
8.850000e+00 6.000000e-02 nan nan nan nan
8.900000e+00 6.000000e-02 nan nan nan nan
8.950000e+00 6.000000e-02 nan nan nan nan
9.000000e+00 6.000000e-02 nan nan nan nan
9.050000e+00 6.000000e-02 nan nan nan nan
9.100000e+00 6.000000e-02 nan nan nan nan
9.150000e+00 6.000000e-02 nan nan nan nan
9.200000e+00 6.000000e-02 nan nan nan nan
9.250000e+00 6.000000e-02 nan nan nan nan
9.300000e+00 6.000000e-02 nan nan nan nan
9.350000e+00 6.000000e-02 nan nan nan nan
9.400000e+00 6.000000e-02 nan nan nan nan
9.450000e+00 6.000000e-02 nan nan nan nan
9.500000e+00 6.000000e-02 nan nan nan nan
9.550000e+00 6.000000e-02 nan nan nan nan
9.600000e+00 6.000000e-02 nan nan nan nan
9.650000e+00 6.000000e-02 nan nan nan nan
9.700000e+00 6.000000e-02 nan nan nan nan
9.750000e+00 6.000000e-02 nan nan nan nan
9.800000e+00 6.000000e-02 nan nan nan nan
9.850000e+00 6.000000e-02 nan nan nan nan
9.900000e+00 6.000000e-02 nan nan nan nan
9.950000e+00 6.000000e-02 nan nan nan nan
1.000000e+01 6.000000e-02 1.034400e-02 nan 0.000000e+00 0.000000e+00
0.000000e+00 8.000000e-02 1.814400e-02 -5.040000e+00 0.000000e+00 0.000000e+00
5.000000e-02 8.000000e-02 nan nan nan nan
1.000000e-01 8.000000e-02 nan nan nan nan
1.500000e-01 8.000000e-02 nan nan nan nan
2.000000e-01 8.000000e-02 nan nan nan nan
2.500000e-01 8.000000e-02 nan nan nan nan
3.000000e-01 8.000000e-02 nan nan nan nan
3.500000e-01 8.000000e-02 nan nan nan nan
4.000000e-01 8.000000e-02 nan nan nan nan
4.500000e-01 8.000000e-02 nan nan nan nan
5.000000e-01 8.000000e-02 nan nan nan nan
5.500000e-01 8.000000e-02 nan nan nan nan
6.000000e-01 8.000000e-02 nan nan nan nan
6.500000e-01 8.000000e-02 nan nan nan nan
7.000000e-01 8.000000e-02 nan nan nan nan
7.500000e-01 8.000000e-02 nan nan nan nan
8.000000e-01 8.000000e-02 nan nan nan nan
8.500000e-01 8.000000e-02 nan nan nan nan
9.000000e-01 8.000000e-02 nan nan nan nan
9.500000e-01 8.000000e-02 nan nan nan nan
1.000000e+00 8.000000e-02 nan nan nan nan
1.050000e+00 8.000000e-02 nan nan nan nan
1.100000e+00 8.000000e-02 nan nan nan nan
1.150000e+00 8.000000e-02 nan nan nan nan
1.200000e+00 8.000000e-02 nan nan nan nan
1.250000e+00 8.000000e-02 nan nan nan nan
1.300000e+00 8.000000e-02 nan nan nan nan
1.350000e+00 8.000000e-02 nan nan nan nan
1.400000e+00 8.000000e-02 nan nan nan nan
1.450000e+00 8.000000e-02 nan nan nan nan
1.500000e+00 8.000000e-02 nan nan nan nan
1.550000e+00 8.000000e-02 nan nan nan nan
1.600000e+00 8.000000e-02 nan nan nan nan
1.650000e+00 8.000000e-02 nan nan nan nan
1.700000e+00 8.000000e-02 nan nan nan nan
1.750000e+00 8.000000e-02 nan nan nan nan
1.800000e+00 8.000000e-02 nan nan nan nan
1.850000e+00 8.000000e-02 nan nan nan nan
1.900000e+00 8.000000e-02 nan nan nan nan
1.950000e+00 8.000000e-02 nan nan nan nan
2.000000e+00 8.000000e-02 nan nan nan nan
2.050000e+00 8.000000e-02 nan nan nan nan
2.100000e+00 8.000000e-02 nan nan nan nan
2.150000e+00 8.000000e-02 nan nan nan nan
2.200000e+00 8.000000e-02 nan nan nan nan
2.250000e+00 8.000000e-02 nan nan nan nan
2.300000e+00 8.000000e-02 nan nan nan nan
2.350000e+00 8.000000e-02 nan nan nan nan
2.400000e+00 8.000000e-02 nan nan nan nan
2.450000e+00 8.000000e-02 nan nan nan nan
2.500000e+00 8.000000e-02 nan nan nan nan
2.550000e+00 8.000000e-02 nan nan nan nan
2.600000e+00 8.000000e-02 nan nan nan nan
2.650000e+00 8.000000e-02 nan nan nan nan
2.700000e+00 8.000000e-02 nan nan nan nan
2.750000e+00 8.000000e-02 nan nan nan nan
2.800000e+00 8.000000e-02 nan nan nan nan
2.850000e+00 8.000000e-02 nan nan nan nan
2.900000e+00 8.000000e-02 nan nan nan nan
2.950000e+00 8.000000e-02 nan nan nan nan
3.000000e+00 8.000000e-02 nan nan nan nan
3.050000e+00 8.000000e-02 nan nan nan nan
3.100000e+00 8.000000e-02 nan nan nan nan
3.150000e+00 8.000000e-02 nan nan nan nan
3.200000e+00 8.000000e-02 nan nan nan nan
3.250000e+00 8.000000e-02 nan nan nan nan
3.300000e+00 8.000000e-02 nan nan nan nan
3.350000e+00 8.000000e-02 nan nan nan nan
3.400000e+00 8.000000e-02 nan nan nan nan
3.450000e+00 8.000000e-02 nan nan nan nan
3.500000e+00 8.000000e-02 nan nan nan nan
3.550000e+00 8.000000e-02 nan nan nan nan
3.600000e+00 8.000000e-02 nan nan nan nan
3.650000e+00 8.000000e-02 nan nan nan nan
3.700000e+00 8.000000e-02 nan nan nan nan
3.750000e+00 8.000000e-02 nan nan nan nan
3.800000e+00 8.000000e-02 nan nan nan nan
3.850000e+00 8.000000e-02 nan nan nan nan
3.900000e+00 8.000000e-02 nan nan nan nan
3.950000e+00 8.000000e-02 nan nan nan nan
4.000000e+00 8.000000e-02 nan nan nan nan
4.050000e+00 8.000000e-02 nan nan nan nan
4.100000e+00 8.000000e-02 nan nan nan nan
4.150000e+00 8.000000e-02 nan nan nan nan
4.200000e+00 8.000000e-02 nan nan nan nan
4.250000e+00 8.000000e-02 nan nan nan nan
4.300000e+00 8.000000e-02 nan nan nan nan
4.350000e+00 8.000000e-02 nan nan nan nan
4.400000e+00 8.000000e-02 nan nan nan nan
4.450000e+00 8.000000e-02 nan nan nan nan
4.500000e+00 8.000000e-02 nan nan nan nan
4.550000e+00 8.000000e-02 nan nan nan nan
4.600000e+00 8.000000e-02 nan nan nan nan
4.650000e+00 8.000000e-02 nan nan nan nan
4.700000e+00 8.000000e-02 nan nan nan nan
4.750000e+00 8.000000e-02 nan nan nan nan
4.800000e+00 8.000000e-02 nan nan nan nan
4.850000e+00 8.000000e-02 nan nan nan nan
4.900000e+00 8.000000e-02 nan nan nan nan
4.950000e+00 8.000000e-02 nan nan nan nan
5.000000e+00 8.000000e-02 nan nan nan nan
5.050000e+00 8.000000e-02 nan nan nan nan
5.100000e+00 8.000000e-02 nan nan nan nan
5.150000e+00 8.000000e-02 nan nan nan nan
5.200000e+00 8.000000e-02 nan nan nan nan
5.250000e+00 8.000000e-02 nan nan nan nan
5.300000e+00 8.000000e-02 nan nan nan nan
5.350000e+00 8.000000e-02 nan nan nan nan
5.400000e+00 8.000000e-02 nan nan nan nan
5.450000e+00 8.000000e-02 nan nan nan nan
5.500000e+00 8.000000e-02 nan nan nan nan
5.550000e+00 8.000000e-02 nan nan nan nan
5.600000e+00 8.000000e-02 nan nan nan nan
5.650000e+00 8.000000e-02 nan nan nan nan
5.700000e+00 8.000000e-02 nan nan nan nan
5.750000e+00 8.000000e-02 nan nan nan nan
5.800000e+00 8.000000e-02 nan nan nan nan
5.850000e+00 8.000000e-02 nan nan nan nan
5.900000e+00 8.000000e-02 nan nan nan nan
5.950000e+00 8.000000e-02 nan nan nan nan
6.000000e+00 8.000000e-02 nan nan nan nan
6.050000e+00 8.000000e-02 nan nan nan nan
6.100000e+00 8.000000e-02 nan nan nan nan
6.150000e+00 8.000000e-02 nan nan nan nan
6.200000e+00 8.000000e-02 nan nan nan nan
6.250000e+00 8.000000e-02 nan nan nan nan
6.300000e+00 8.000000e-02 nan nan nan nan
6.350000e+00 8.000000e-02 nan nan nan nan
6.400000e+00 8.000000e-02 nan nan nan nan
6.450000e+00 8.000000e-02 nan nan nan nan
6.500000e+00 8.000000e-02 nan nan nan nan
6.550000e+00 8.000000e-02 nan nan nan nan
6.600000e+00 8.000000e-02 nan nan nan nan
6.650000e+00 8.000000e-02 nan nan nan nan
6.700000e+00 8.000000e-02 nan nan nan nan
6.750000e+00 8.000000e-02 nan nan nan nan
6.800000e+00 8.000000e-02 nan nan nan nan
6.850000e+00 8.000000e-02 nan nan nan nan
6.900000e+00 8.000000e-02 nan nan nan nan
6.950000e+00 8.000000e-02 nan nan nan nan
7.000000e+00 8.000000e-02 nan nan nan nan
7.050000e+00 8.000000e-02 nan nan nan nan
7.100000e+00 8.000000e-02 nan nan nan nan
7.150000e+00 8.000000e-02 nan nan nan nan
7.200000e+00 8.000000e-02 nan nan nan nan
7.250000e+00 8.000000e-02 nan nan nan nan
7.300000e+00 8.000000e-02 nan nan nan nan
7.350000e+00 8.000000e-02 nan nan nan nan
7.400000e+00 8.000000e-02 nan nan nan nan
7.450000e+00 8.000000e-02 nan nan nan nan
7.500000e+00 8.000000e-02 nan nan nan nan
7.550000e+00 8.000000e-02 nan nan nan nan
7.600000e+00 8.000000e-02 nan nan nan nan
7.650000e+00 8.000000e-02 nan nan nan nan
7.700000e+00 8.000000e-02 nan nan nan nan
7.750000e+00 8.000000e-02 nan nan nan nan
7.800000e+00 8.000000e-02 nan nan nan nan
7.850000e+00 8.000000e-02 nan nan nan nan
7.900000e+00 8.000000e-02 nan nan nan nan
7.950000e+00 8.000000e-02 nan nan nan nan
8.000000e+00 8.000000e-02 nan nan nan nan
8.050000e+00 8.000000e-02 nan nan nan nan
8.100000e+00 8.000000e-02 nan nan nan nan
8.150000e+00 8.000000e-02 nan nan nan nan
8.200000e+00 8.000000e-02 nan nan nan nan
8.250000e+00 8.000000e-02 nan nan nan nan
8.300000e+00 8.000000e-02 nan nan nan nan
8.350000e+00 8.000000e-02 nan nan nan nan
8.400000e+00 8.000000e-02 nan nan nan nan
8.450000e+00 8.000000e-02 nan nan nan nan
8.500000e+00 8.000000e-02 nan nan nan nan
8.550000e+00 8.000000e-02 nan nan nan nan
8.600000e+00 8.000000e-02 nan nan nan nan
8.650000e+00 8.000000e-02 nan nan nan nan
8.700000e+00 8.000000e-02 nan nan nan nan
8.750000e+00 8.000000e-02 nan nan nan nan
8.800000e+00 8.000000e-02 nan nan nan nan
8.850000e+00 8.000000e-02 nan nan nan nan
8.900000e+00 8.000000e-02 nan nan nan nan
8.950000e+00 8.000000e-02 nan nan nan nan
9.000000e+00 8.000000e-02 nan nan nan nan
9.050000e+00 8.000000e-02 nan nan nan nan
9.100000e+00 8.000000e-02 nan nan nan nan
9.150000e+00 8.000000e-02 nan nan nan nan
9.200000e+00 8.000000e-02 nan nan nan nan
9.250000e+00 8.000000e-02 nan nan nan nan
9.300000e+00 8.000000e-02 nan nan nan nan
9.350000e+00 8.000000e-02 nan nan nan nan
9.400000e+00 8.000000e-02 nan nan nan nan
9.450000e+00 8.000000e-02 nan nan nan nan
9.500000e+00 8.000000e-02 nan nan nan nan
9.550000e+00 8.000000e-02 nan nan nan nan
9.600000e+00 8.000000e-02 nan nan nan nan
9.650000e+00 8.000000e-02 nan nan nan nan
9.700000e+00 8.000000e-02 nan nan nan nan
9.750000e+00 8.000000e-02 nan nan nan nan
9.800000e+00 8.000000e-02 nan nan nan nan
9.850000e+00 8.000000e-02 nan nan nan nan
9.900000e+00 8.000000e-02 nan nan nan nan
9.950000e+00 8.000000e-02 nan nan nan nan
1.000000e+01 8.000000e-02 1.814400e-02 nan 0.000000e+00 0.000000e+00
0.000000e+00 1.000000e-01 2.796000e-02 -4.800000e+00 0.000000e+00 0.000000e+00
5.000000e-02 1.000000e-01 nan nan nan nan
1.000000e-01 1.000000e-01 nan nan nan nan
1.500000e-01 1.000000e-01 nan nan nan nan
2.000000e-01 1.000000e-01 nan nan nan nan
2.500000e-01 1.000000e-01 nan nan nan nan
3.000000e-01 1.000000e-01 nan nan nan nan
3.500000e-01 1.000000e-01 nan nan nan nan
4.000000e-01 1.000000e-01 nan nan nan nan
4.500000e-01 1.000000e-01 nan nan nan nan
5.000000e-01 1.000000e-01 nan nan nan nan
5.500000e-01 1.000000e-01 nan nan nan nan
6.000000e-01 1.000000e-01 nan nan nan nan
6.500000e-01 1.000000e-01 nan nan nan nan
7.000000e-01 1.000000e-01 nan nan nan nan
7.500000e-01 1.000000e-01 nan nan nan nan
8.000000e-01 1.000000e-01 nan nan nan nan
8.500000e-01 1.000000e-01 nan nan nan nan
9.000000e-01 1.000000e-01 nan nan nan nan
9.500000e-01 1.000000e-01 nan nan nan nan
1.000000e+00 1.000000e-01 nan nan nan nan
1.050000e+00 1.000000e-01 nan nan nan nan
1.100000e+00 1.000000e-01 nan nan nan nan
1.150000e+00 1.000000e-01 nan nan nan nan
1.200000e+00 1.000000e-01 nan nan nan nan
1.250000e+00 1.000000e-01 nan nan nan nan
1.300000e+00 1.000000e-01 nan nan nan nan
1.350000e+00 1.000000e-01 nan nan nan nan
1.400000e+00 1.000000e-01 nan nan nan nan
1.450000e+00 1.000000e-01 nan nan nan nan
1.500000e+00 1.000000e-01 nan nan nan nan
1.550000e+00 1.000000e-01 nan nan nan nan
1.600000e+00 1.000000e-01 nan nan nan nan
1.650000e+00 1.000000e-01 nan nan nan nan
1.700000e+00 1.000000e-01 nan nan nan nan
1.750000e+00 1.000000e-01 nan nan nan nan
1.800000e+00 1.000000e-01 nan nan nan nan
1.850000e+00 1.000000e-01 nan nan nan nan
1.900000e+00 1.000000e-01 nan nan nan nan
1.950000e+00 1.000000e-01 nan nan nan nan
2.000000e+00 1.000000e-01 nan nan nan nan
2.050000e+00 1.000000e-01 nan nan nan nan
2.100000e+00 1.000000e-01 nan nan nan nan
2.150000e+00 1.000000e-01 nan nan nan nan
2.200000e+00 1.000000e-01 nan nan nan nan
2.250000e+00 1.000000e-01 nan nan nan nan
2.300000e+00 1.000000e-01 nan nan nan nan
2.350000e+00 1.000000e-01 nan nan nan nan
2.400000e+00 1.000000e-01 nan nan nan nan
2.450000e+00 1.000000e-01 nan nan nan nan
2.500000e+00 1.000000e-01 nan nan nan nan
2.550000e+00 1.000000e-01 nan nan nan nan
2.600000e+00 1.000000e-01 nan nan nan nan
2.650000e+00 1.000000e-01 nan nan nan nan
2.700000e+00 1.000000e-01 nan nan nan nan
2.750000e+00 1.000000e-01 nan nan nan nan
2.800000e+00 1.000000e-01 nan nan nan nan
2.850000e+00 1.000000e-01 nan nan nan nan
2.900000e+00 1.000000e-01 nan nan nan nan
2.950000e+00 1.000000e-01 nan nan nan nan
3.000000e+00 1.000000e-01 nan nan nan nan
3.050000e+00 1.000000e-01 nan nan nan nan
3.100000e+00 1.000000e-01 nan nan nan nan
3.150000e+00 1.000000e-01 nan nan nan nan
3.200000e+00 1.000000e-01 nan nan nan nan
3.250000e+00 1.000000e-01 nan nan nan nan
3.300000e+00 1.000000e-01 nan nan nan nan
3.350000e+00 1.000000e-01 nan nan nan nan
3.400000e+00 1.000000e-01 nan nan nan nan
3.450000e+00 1.000000e-01 nan nan nan nan
3.500000e+00 1.000000e-01 nan nan nan nan
3.550000e+00 1.000000e-01 nan nan nan nan
3.600000e+00 1.000000e-01 nan nan nan nan
3.650000e+00 1.000000e-01 nan nan nan nan
3.700000e+00 1.000000e-01 nan nan nan nan
3.750000e+00 1.000000e-01 nan nan nan nan
3.800000e+00 1.000000e-01 nan nan nan nan
3.850000e+00 1.000000e-01 nan nan nan nan
3.900000e+00 1.000000e-01 nan nan nan nan
3.950000e+00 1.000000e-01 nan nan nan nan
4.000000e+00 1.000000e-01 nan nan nan nan
4.050000e+00 1.000000e-01 nan nan nan nan
4.100000e+00 1.000000e-01 nan nan nan nan
4.150000e+00 1.000000e-01 nan nan nan nan
4.200000e+00 1.000000e-01 nan nan nan nan
4.250000e+00 1.000000e-01 nan nan nan nan
4.300000e+00 1.000000e-01 nan nan nan nan
4.350000e+00 1.000000e-01 nan nan nan nan
4.400000e+00 1.000000e-01 nan nan nan nan
4.450000e+00 1.000000e-01 nan nan nan nan
4.500000e+00 1.000000e-01 nan nan nan nan
4.550000e+00 1.000000e-01 nan nan nan nan
4.600000e+00 1.000000e-01 nan nan nan nan
4.650000e+00 1.000000e-01 nan nan nan nan
4.700000e+00 1.000000e-01 nan nan nan nan
4.750000e+00 1.000000e-01 nan nan nan nan
4.800000e+00 1.000000e-01 nan nan nan nan
4.850000e+00 1.000000e-01 nan nan nan nan
4.900000e+00 1.000000e-01 nan nan nan nan
4.950000e+00 1.000000e-01 nan nan nan nan
5.000000e+00 1.000000e-01 nan nan nan nan
5.050000e+00 1.000000e-01 nan nan nan nan
5.100000e+00 1.000000e-01 nan nan nan nan
5.150000e+00 1.000000e-01 nan nan nan nan
5.200000e+00 1.000000e-01 nan nan nan nan
5.250000e+00 1.000000e-01 nan nan nan nan
5.300000e+00 1.000000e-01 nan nan nan nan
5.350000e+00 1.000000e-01 nan nan nan nan
5.400000e+00 1.000000e-01 nan nan nan nan
5.450000e+00 1.000000e-01 nan nan nan nan
5.500000e+00 1.000000e-01 nan nan nan nan
5.550000e+00 1.000000e-01 nan nan nan nan
5.600000e+00 1.000000e-01 nan nan nan nan
5.650000e+00 1.000000e-01 nan nan nan nan
5.700000e+00 1.000000e-01 nan nan nan nan
5.750000e+00 1.000000e-01 nan nan nan nan
5.800000e+00 1.000000e-01 nan nan nan nan
5.850000e+00 1.000000e-01 nan nan nan nan
5.900000e+00 1.000000e-01 nan nan nan nan
5.950000e+00 1.000000e-01 nan nan nan nan
6.000000e+00 1.000000e-01 nan nan nan nan
6.050000e+00 1.000000e-01 nan nan nan nan
6.100000e+00 1.000000e-01 nan nan nan nan
6.150000e+00 1.000000e-01 nan nan nan nan
6.200000e+00 1.000000e-01 nan nan nan nan
6.250000e+00 1.000000e-01 nan nan nan nan
6.300000e+00 1.000000e-01 nan nan nan nan
6.350000e+00 1.000000e-01 nan nan nan nan
6.400000e+00 1.000000e-01 nan nan nan nan
6.450000e+00 1.000000e-01 nan nan nan nan
6.500000e+00 1.000000e-01 nan nan nan nan
6.550000e+00 1.000000e-01 nan nan nan nan
6.600000e+00 1.000000e-01 nan nan nan nan
6.650000e+00 1.000000e-01 nan nan nan nan
6.700000e+00 1.000000e-01 nan nan nan nan
6.750000e+00 1.000000e-01 nan nan nan nan
6.800000e+00 1.000000e-01 nan nan nan nan
6.850000e+00 1.000000e-01 nan nan nan nan
6.900000e+00 1.000000e-01 nan nan nan nan
6.950000e+00 1.000000e-01 nan nan nan nan
7.000000e+00 1.000000e-01 nan nan nan nan
7.050000e+00 1.000000e-01 nan nan nan nan
7.100000e+00 1.000000e-01 nan nan nan nan
7.150000e+00 1.000000e-01 nan nan nan nan
7.200000e+00 1.000000e-01 nan nan nan nan
7.250000e+00 1.000000e-01 nan nan nan nan
7.300000e+00 1.000000e-01 nan nan nan nan
7.350000e+00 1.000000e-01 nan nan nan nan
7.400000e+00 1.000000e-01 nan nan nan nan
7.450000e+00 1.000000e-01 nan nan nan nan
7.500000e+00 1.000000e-01 nan nan nan nan
7.550000e+00 1.000000e-01 nan nan nan nan
7.600000e+00 1.000000e-01 nan nan nan nan
7.650000e+00 1.000000e-01 nan nan nan nan
7.700000e+00 1.000000e-01 nan nan nan nan
7.750000e+00 1.000000e-01 nan nan nan nan
7.800000e+00 1.000000e-01 nan nan nan nan
7.850000e+00 1.000000e-01 nan nan nan nan
7.900000e+00 1.000000e-01 nan nan nan nan
7.950000e+00 1.000000e-01 nan nan nan nan
8.000000e+00 1.000000e-01 nan nan nan nan
8.050000e+00 1.000000e-01 nan nan nan nan
8.100000e+00 1.000000e-01 nan nan nan nan
8.150000e+00 1.000000e-01 nan nan nan nan
8.200000e+00 1.000000e-01 nan nan nan nan
8.250000e+00 1.000000e-01 nan nan nan nan
8.300000e+00 1.000000e-01 nan nan nan nan
8.350000e+00 1.000000e-01 nan nan nan nan
8.400000e+00 1.000000e-01 nan nan nan nan
8.450000e+00 1.000000e-01 nan nan nan nan
8.500000e+00 1.000000e-01 nan nan nan nan
8.550000e+00 1.000000e-01 nan nan nan nan
8.600000e+00 1.000000e-01 nan nan nan nan
8.650000e+00 1.000000e-01 nan nan nan nan
8.700000e+00 1.000000e-01 nan nan nan nan
8.750000e+00 1.000000e-01 nan nan nan nan
8.800000e+00 1.000000e-01 nan nan nan nan
8.850000e+00 1.000000e-01 nan nan nan nan
8.900000e+00 1.000000e-01 nan nan nan nan
8.950000e+00 1.000000e-01 nan nan nan nan
9.000000e+00 1.000000e-01 nan nan nan nan
9.050000e+00 1.000000e-01 nan nan nan nan
9.100000e+00 1.000000e-01 nan nan nan nan
9.150000e+00 1.000000e-01 nan nan nan nan
9.200000e+00 1.000000e-01 nan nan nan nan
9.250000e+00 1.000000e-01 nan nan nan nan
9.300000e+00 1.000000e-01 nan nan nan nan
9.350000e+00 1.000000e-01 nan nan nan nan
9.400000e+00 1.000000e-01 nan nan nan nan
9.450000e+00 1.000000e-01 nan nan nan nan
9.500000e+00 1.000000e-01 nan nan nan nan
9.550000e+00 1.000000e-01 nan nan nan nan
9.600000e+00 1.000000e-01 nan nan nan nan
9.650000e+00 1.000000e-01 nan nan nan nan
9.700000e+00 1.000000e-01 nan nan nan nan
9.750000e+00 1.000000e-01 nan nan nan nan
9.800000e+00 1.000000e-01 nan nan nan nan
9.850000e+00 1.000000e-01 nan nan nan nan
9.900000e+00 1.000000e-01 nan nan nan nan
9.950000e+00 1.000000e-01 nan nan nan nan
1.000000e+01 1.000000e-01 2.796000e-02 nan 0.000000e+00 0.000000e+00
0.000000e+00 1.200000e-01 3.969600e-02 -4.560000e+00 0.000000e+00 0.000000e+00
5.000000e-02 1.200000e-01 nan nan nan nan
1.000000e-01 1.200000e-01 nan nan nan nan
1.500000e-01 1.200000e-01 nan nan nan nan
2.000000e-01 1.200000e-01 nan nan nan nan
2.500000e-01 1.200000e-01 nan nan nan nan
3.000000e-01 1.200000e-01 nan nan nan nan
3.500000e-01 1.200000e-01 nan nan nan nan
4.000000e-01 1.200000e-01 nan nan nan nan
4.500000e-01 1.200000e-01 nan nan nan nan
5.000000e-01 1.200000e-01 nan nan nan nan
5.500000e-01 1.200000e-01 nan nan nan nan
6.000000e-01 1.200000e-01 nan nan nan nan
6.500000e-01 1.200000e-01 nan nan nan nan
7.000000e-01 1.200000e-01 nan nan nan nan
7.500000e-01 1.200000e-01 nan nan nan nan
8.000000e-01 1.200000e-01 nan nan nan nan
8.500000e-01 1.200000e-01 nan nan nan nan
9.000000e-01 1.200000e-01 nan nan nan nan
9.500000e-01 1.200000e-01 nan nan nan nan
1.000000e+00 1.200000e-01 nan nan nan nan
1.050000e+00 1.200000e-01 nan nan nan nan
1.100000e+00 1.200000e-01 nan nan nan nan
1.150000e+00 1.200000e-01 nan nan nan nan
1.200000e+00 1.200000e-01 nan nan nan nan
1.250000e+00 1.200000e-01 nan nan nan nan
1.300000e+00 1.200000e-01 nan nan nan nan
1.350000e+00 1.200000e-01 nan nan nan nan
1.400000e+00 1.200000e-01 nan nan nan nan
1.450000e+00 1.200000e-01 nan nan nan nan
1.500000e+00 1.200000e-01 nan nan nan nan
1.550000e+00 1.200000e-01 nan nan nan nan
1.600000e+00 1.200000e-01 nan nan nan nan
1.650000e+00 1.200000e-01 nan nan nan nan
1.700000e+00 1.200000e-01 nan nan nan nan
1.750000e+00 1.200000e-01 nan nan nan nan
1.800000e+00 1.200000e-01 nan nan nan nan
1.850000e+00 1.200000e-01 nan nan nan nan
1.900000e+00 1.200000e-01 nan nan nan nan
1.950000e+00 1.200000e-01 nan nan nan nan
2.000000e+00 1.200000e-01 nan nan nan nan
2.050000e+00 1.200000e-01 nan nan nan nan
2.100000e+00 1.200000e-01 nan nan nan nan
2.150000e+00 1.200000e-01 nan nan nan nan
2.200000e+00 1.200000e-01 nan nan nan nan
2.250000e+00 1.200000e-01 nan nan nan nan
2.300000e+00 1.200000e-01 nan nan nan nan
2.350000e+00 1.200000e-01 nan nan nan nan
2.400000e+00 1.200000e-01 nan nan nan nan
2.450000e+00 1.200000e-01 nan nan nan nan
2.500000e+00 1.200000e-01 nan nan nan nan
2.550000e+00 1.200000e-01 nan nan nan nan
2.600000e+00 1.200000e-01 nan nan nan nan
2.650000e+00 1.200000e-01 nan nan nan nan
2.700000e+00 1.200000e-01 nan nan nan nan
2.750000e+00 1.200000e-01 nan nan nan nan
2.800000e+00 1.200000e-01 nan nan nan nan
2.850000e+00 1.200000e-01 nan nan nan nan
2.900000e+00 1.200000e-01 nan nan nan nan
2.950000e+00 1.200000e-01 nan nan nan nan
3.000000e+00 1.200000e-01 nan nan nan nan
3.050000e+00 1.200000e-01 nan nan nan nan
3.100000e+00 1.200000e-01 nan nan nan nan
3.150000e+00 1.200000e-01 nan nan nan nan
3.200000e+00 1.200000e-01 nan nan nan nan
3.250000e+00 1.200000e-01 nan nan nan nan
3.300000e+00 1.200000e-01 nan nan nan nan
3.350000e+00 1.200000e-01 nan nan nan nan
3.400000e+00 1.200000e-01 nan nan nan nan
3.450000e+00 1.200000e-01 nan nan nan nan
3.500000e+00 1.200000e-01 nan nan nan nan
3.550000e+00 1.200000e-01 nan nan nan nan
3.600000e+00 1.200000e-01 nan nan nan nan
3.650000e+00 1.200000e-01 nan nan nan nan
3.700000e+00 1.200000e-01 nan nan nan nan
3.750000e+00 1.200000e-01 nan nan nan nan
3.800000e+00 1.200000e-01 nan nan nan nan
3.850000e+00 1.200000e-01 nan nan nan nan
3.900000e+00 1.200000e-01 nan nan nan nan
3.950000e+00 1.200000e-01 nan nan nan nan
4.000000e+00 1.200000e-01 nan nan nan nan
4.050000e+00 1.200000e-01 nan nan nan nan
4.100000e+00 1.200000e-01 nan nan nan nan
4.150000e+00 1.200000e-01 nan nan nan nan
4.200000e+00 1.200000e-01 nan nan nan nan
4.250000e+00 1.200000e-01 nan nan nan nan
4.300000e+00 1.200000e-01 nan nan nan nan
4.350000e+00 1.200000e-01 nan nan nan nan
4.400000e+00 1.200000e-01 nan nan nan nan
4.450000e+00 1.200000e-01 nan nan nan nan
4.500000e+00 1.200000e-01 nan nan nan nan
4.550000e+00 1.200000e-01 nan nan nan nan
4.600000e+00 1.200000e-01 nan nan nan nan
4.650000e+00 1.200000e-01 nan nan nan nan
4.700000e+00 1.200000e-01 nan nan nan nan
4.750000e+00 1.200000e-01 nan nan nan nan
4.800000e+00 1.200000e-01 nan nan nan nan
4.850000e+00 1.200000e-01 nan nan nan nan
4.900000e+00 1.200000e-01 nan nan nan nan
4.950000e+00 1.200000e-01 nan nan nan nan
5.000000e+00 1.200000e-01 nan nan nan nan
5.050000e+00 1.200000e-01 nan nan nan nan
5.100000e+00 1.200000e-01 nan nan nan nan
5.150000e+00 1.200000e-01 nan nan nan nan
5.200000e+00 1.200000e-01 nan nan nan nan
5.250000e+00 1.200000e-01 nan nan nan nan
5.300000e+00 1.200000e-01 nan nan nan nan
5.350000e+00 1.200000e-01 nan nan nan nan
5.400000e+00 1.200000e-01 nan nan nan nan
5.450000e+00 1.200000e-01 nan nan nan nan
5.500000e+00 1.200000e-01 nan nan nan nan
5.550000e+00 1.200000e-01 nan nan nan nan
5.600000e+00 1.200000e-01 nan nan nan nan
5.650000e+00 1.200000e-01 nan nan nan nan
5.700000e+00 1.200000e-01 nan nan nan nan
5.750000e+00 1.200000e-01 nan nan nan nan
5.800000e+00 1.200000e-01 nan nan nan nan
5.850000e+00 1.200000e-01 nan nan nan nan
5.900000e+00 1.200000e-01 nan nan nan nan
5.950000e+00 1.200000e-01 nan nan nan nan
6.000000e+00 1.200000e-01 nan nan nan nan
6.050000e+00 1.200000e-01 nan nan nan nan
6.100000e+00 1.200000e-01 nan nan nan nan
6.150000e+00 1.200000e-01 nan nan nan nan
6.200000e+00 1.200000e-01 nan nan nan nan
6.250000e+00 1.200000e-01 nan nan nan nan
6.300000e+00 1.200000e-01 nan nan nan nan
6.350000e+00 1.200000e-01 nan nan nan nan
6.400000e+00 1.200000e-01 nan nan nan nan
6.450000e+00 1.200000e-01 nan nan nan nan
6.500000e+00 1.200000e-01 nan nan nan nan
6.550000e+00 1.200000e-01 nan nan nan nan
6.600000e+00 1.200000e-01 nan nan nan nan
6.650000e+00 1.200000e-01 nan nan nan nan
6.700000e+00 1.200000e-01 nan nan nan nan
6.750000e+00 1.200000e-01 nan nan nan nan
6.800000e+00 1.200000e-01 nan nan nan nan
6.850000e+00 1.200000e-01 nan nan nan nan
6.900000e+00 1.200000e-01 nan nan nan nan
6.950000e+00 1.200000e-01 nan nan nan nan
7.000000e+00 1.200000e-01 nan nan nan nan
7.050000e+00 1.200000e-01 nan nan nan nan
7.100000e+00 1.200000e-01 nan nan nan nan
7.150000e+00 1.200000e-01 nan nan nan nan
7.200000e+00 1.200000e-01 nan nan nan nan
7.250000e+00 1.200000e-01 nan nan nan nan
7.300000e+00 1.200000e-01 nan nan nan nan
7.350000e+00 1.200000e-01 nan nan nan nan
7.400000e+00 1.200000e-01 nan nan nan nan
7.450000e+00 1.200000e-01 nan nan nan nan
7.500000e+00 1.200000e-01 nan nan nan nan
7.550000e+00 1.200000e-01 nan nan nan nan
7.600000e+00 1.200000e-01 nan nan nan nan
7.650000e+00 1.200000e-01 nan nan nan nan
7.700000e+00 1.200000e-01 nan nan nan nan
7.750000e+00 1.200000e-01 nan nan nan nan
7.800000e+00 1.200000e-01 nan nan nan nan
7.850000e+00 1.200000e-01 nan nan nan nan
7.900000e+00 1.200000e-01 nan nan nan nan
7.950000e+00 1.200000e-01 nan nan nan nan
8.000000e+00 1.200000e-01 nan nan nan nan
8.050000e+00 1.200000e-01 nan nan nan nan
8.100000e+00 1.200000e-01 nan nan nan nan
8.150000e+00 1.200000e-01 nan nan nan nan
8.200000e+00 1.200000e-01 nan nan nan nan
8.250000e+00 1.200000e-01 nan nan nan nan
8.300000e+00 1.200000e-01 nan nan nan nan
8.350000e+00 1.200000e-01 nan nan nan nan
8.400000e+00 1.200000e-01 nan nan nan nan
8.450000e+00 1.200000e-01 nan nan nan nan
8.500000e+00 1.200000e-01 nan nan nan nan
8.550000e+00 1.200000e-01 nan nan nan nan
8.600000e+00 1.200000e-01 nan nan nan nan
8.650000e+00 1.200000e-01 nan nan nan nan
8.700000e+00 1.200000e-01 nan nan nan nan
8.750000e+00 1.200000e-01 nan nan nan nan
8.800000e+00 1.200000e-01 nan nan nan nan
8.850000e+00 1.200000e-01 nan nan nan nan
8.900000e+00 1.200000e-01 nan nan nan nan
8.950000e+00 1.200000e-01 nan nan nan nan
9.000000e+00 1.200000e-01 nan nan nan nan
9.050000e+00 1.200000e-01 nan nan nan nan
9.100000e+00 1.200000e-01 nan nan nan nan
9.150000e+00 1.200000e-01 nan nan nan nan
9.200000e+00 1.200000e-01 nan nan nan nan
9.250000e+00 1.200000e-01 nan nan nan nan
9.300000e+00 1.200000e-01 nan nan nan nan
9.350000e+00 1.200000e-01 nan nan nan nan
9.400000e+00 1.200000e-01 nan nan nan nan
9.450000e+00 1.200000e-01 nan nan nan nan
9.500000e+00 1.200000e-01 nan nan nan nan
9.550000e+00 1.200000e-01 nan nan nan nan
9.600000e+00 1.200000e-01 nan nan nan nan
9.650000e+00 1.200000e-01 nan nan nan nan
9.700000e+00 1.200000e-01 nan nan nan nan
9.750000e+00 1.200000e-01 nan nan nan nan
9.800000e+00 1.200000e-01 nan nan nan nan
9.850000e+00 1.200000e-01 nan nan nan nan
9.900000e+00 1.200000e-01 nan nan nan nan
9.950000e+00 1.200000e-01 nan nan nan nan
1.000000e+01 1.200000e-01 3.969600e-02 nan 0.000000e+00 0.000000e+00
0.000000e+00 1.400000e-01 5.325600e-02 -4.320000e+00 0.000000e+00 0.000000e+00
5.000000e-02 1.400000e-01 nan nan nan nan
1.000000e-01 1.400000e-01 nan nan nan nan
1.500000e-01 1.400000e-01 nan nan nan nan
2.000000e-01 1.400000e-01 nan nan nan nan
2.500000e-01 1.400000e-01 nan nan nan nan
3.000000e-01 1.400000e-01 nan nan nan nan
3.500000e-01 1.400000e-01 nan nan nan nan
4.000000e-01 1.400000e-01 nan nan nan nan
4.500000e-01 1.400000e-01 nan nan nan nan
5.000000e-01 1.400000e-01 nan nan nan nan
5.500000e-01 1.400000e-01 nan nan nan nan
6.000000e-01 1.400000e-01 nan nan nan nan
6.500000e-01 1.400000e-01 nan nan nan nan
7.000000e-01 1.400000e-01 nan nan nan nan
7.500000e-01 1.400000e-01 nan nan nan nan
8.000000e-01 1.400000e-01 nan nan nan nan
8.500000e-01 1.400000e-01 nan nan nan nan
9.000000e-01 1.400000e-01 nan nan nan nan
9.500000e-01 1.400000e-01 nan nan nan nan
1.000000e+00 1.400000e-01 nan nan nan nan
1.050000e+00 1.400000e-01 nan nan nan nan
1.100000e+00 1.400000e-01 nan nan nan nan
1.150000e+00 1.400000e-01 nan nan nan nan
1.200000e+00 1.400000e-01 nan nan nan nan
1.250000e+00 1.400000e-01 nan nan nan nan
1.300000e+00 1.400000e-01 nan nan nan nan
1.350000e+00 1.400000e-01 nan nan nan nan
1.400000e+00 1.400000e-01 nan nan nan nan
1.450000e+00 1.400000e-01 nan nan nan nan
1.500000e+00 1.400000e-01 nan nan nan nan
1.550000e+00 1.400000e-01 nan nan nan nan
1.600000e+00 1.400000e-01 nan nan nan nan
1.650000e+00 1.400000e-01 nan nan nan nan
1.700000e+00 1.400000e-01 nan nan nan nan
1.750000e+00 1.400000e-01 nan nan nan nan
1.800000e+00 1.400000e-01 nan nan nan nan
1.850000e+00 1.400000e-01 nan nan nan nan
1.900000e+00 1.400000e-01 nan nan nan nan
1.950000e+00 1.400000e-01 nan nan nan nan
2.000000e+00 1.400000e-01 nan nan nan nan
2.050000e+00 1.400000e-01 nan nan nan nan
2.100000e+00 1.400000e-01 nan nan nan nan
2.150000e+00 1.400000e-01 nan nan nan nan
2.200000e+00 1.400000e-01 nan nan nan nan
2.250000e+00 1.400000e-01 nan nan nan nan
2.300000e+00 1.400000e-01 nan nan nan nan
2.350000e+00 1.400000e-01 nan nan nan nan
2.400000e+00 1.400000e-01 nan nan nan nan
2.450000e+00 1.400000e-01 nan nan nan nan
2.500000e+00 1.400000e-01 nan nan nan nan
2.550000e+00 1.400000e-01 nan nan nan nan
2.600000e+00 1.400000e-01 nan nan nan nan
2.650000e+00 1.400000e-01 nan nan nan nan
2.700000e+00 1.400000e-01 nan nan nan nan
2.750000e+00 1.400000e-01 nan nan nan nan
2.800000e+00 1.400000e-01 nan nan nan nan
2.850000e+00 1.400000e-01 nan nan nan nan
2.900000e+00 1.400000e-01 nan nan nan nan
2.950000e+00 1.400000e-01 nan nan nan nan
3.000000e+00 1.400000e-01 nan nan nan nan
3.050000e+00 1.400000e-01 nan nan nan nan
3.100000e+00 1.400000e-01 nan nan nan nan
3.150000e+00 1.400000e-01 nan nan nan nan
3.200000e+00 1.400000e-01 nan nan nan nan
3.250000e+00 1.400000e-01 nan nan nan nan
3.300000e+00 1.400000e-01 nan nan nan nan
3.350000e+00 1.400000e-01 nan nan nan nan
3.400000e+00 1.400000e-01 nan nan nan nan
3.450000e+00 1.400000e-01 nan nan nan nan
3.500000e+00 1.400000e-01 nan nan nan nan
3.550000e+00 1.400000e-01 nan nan nan nan
3.600000e+00 1.400000e-01 nan nan nan nan
3.650000e+00 1.400000e-01 nan nan nan nan
3.700000e+00 1.400000e-01 nan nan nan nan
3.750000e+00 1.400000e-01 nan nan nan nan
3.800000e+00 1.400000e-01 nan nan nan nan
3.850000e+00 1.400000e-01 nan nan nan nan
3.900000e+00 1.400000e-01 nan nan nan nan
3.950000e+00 1.400000e-01 nan nan nan nan
4.000000e+00 1.400000e-01 nan nan nan nan
4.050000e+00 1.400000e-01 nan nan nan nan
4.100000e+00 1.400000e-01 nan nan nan nan
4.150000e+00 1.400000e-01 nan nan nan nan
4.200000e+00 1.400000e-01 nan nan nan nan
4.250000e+00 1.400000e-01 nan nan nan nan
4.300000e+00 1.400000e-01 nan nan nan nan
4.350000e+00 1.400000e-01 nan nan nan nan
4.400000e+00 1.400000e-01 nan nan nan nan
4.450000e+00 1.400000e-01 nan nan nan nan
4.500000e+00 1.400000e-01 nan nan nan nan
4.550000e+00 1.400000e-01 nan nan nan nan
4.600000e+00 1.400000e-01 nan nan nan nan
4.650000e+00 1.400000e-01 nan nan nan nan
4.700000e+00 1.400000e-01 nan nan nan nan
4.750000e+00 1.400000e-01 nan nan nan nan
4.800000e+00 1.400000e-01 nan nan nan nan
4.850000e+00 1.400000e-01 nan nan nan nan
4.900000e+00 1.400000e-01 nan nan nan nan
4.950000e+00 1.400000e-01 nan nan nan nan
5.000000e+00 1.400000e-01 nan nan nan nan
5.050000e+00 1.400000e-01 nan nan nan nan
5.100000e+00 1.400000e-01 nan nan nan nan
5.150000e+00 1.400000e-01 nan nan nan nan
5.200000e+00 1.400000e-01 nan nan nan nan
5.250000e+00 1.400000e-01 nan nan nan nan
5.300000e+00 1.400000e-01 nan nan nan nan
5.350000e+00 1.400000e-01 nan nan nan nan
5.400000e+00 1.400000e-01 nan nan nan nan
5.450000e+00 1.400000e-01 nan nan nan nan
5.500000e+00 1.400000e-01 nan nan nan nan
5.550000e+00 1.400000e-01 nan nan nan nan
5.600000e+00 1.400000e-01 nan nan nan nan
5.650000e+00 1.400000e-01 nan nan nan nan
5.700000e+00 1.400000e-01 nan nan nan nan
5.750000e+00 1.400000e-01 nan nan nan nan
5.800000e+00 1.400000e-01 nan nan nan nan
5.850000e+00 1.400000e-01 nan nan nan nan
5.900000e+00 1.400000e-01 nan nan nan nan
5.950000e+00 1.400000e-01 nan nan nan nan
6.000000e+00 1.400000e-01 nan nan nan nan
6.050000e+00 1.400000e-01 nan nan nan nan
6.100000e+00 1.400000e-01 nan nan nan nan
6.150000e+00 1.400000e-01 nan nan nan nan
6.200000e+00 1.400000e-01 nan nan nan nan
6.250000e+00 1.400000e-01 nan nan nan nan
6.300000e+00 1.400000e-01 nan nan nan nan
6.350000e+00 1.400000e-01 nan nan nan nan
6.400000e+00 1.400000e-01 nan nan nan nan
6.450000e+00 1.400000e-01 nan nan nan nan
6.500000e+00 1.400000e-01 nan nan nan nan
6.550000e+00 1.400000e-01 nan nan nan nan
6.600000e+00 1.400000e-01 nan nan nan nan
6.650000e+00 1.400000e-01 nan nan nan nan
6.700000e+00 1.400000e-01 nan nan nan nan
6.750000e+00 1.400000e-01 nan nan nan nan
6.800000e+00 1.400000e-01 nan nan nan nan
6.850000e+00 1.400000e-01 nan nan nan nan
6.900000e+00 1.400000e-01 nan nan nan nan
6.950000e+00 1.400000e-01 nan nan nan nan
7.000000e+00 1.400000e-01 nan nan nan nan
7.050000e+00 1.400000e-01 nan nan nan nan
7.100000e+00 1.400000e-01 nan nan nan nan
7.150000e+00 1.400000e-01 nan nan nan nan
7.200000e+00 1.400000e-01 nan nan nan nan
7.250000e+00 1.400000e-01 nan nan nan nan
7.300000e+00 1.400000e-01 nan nan nan nan
7.350000e+00 1.400000e-01 nan nan nan nan
7.400000e+00 1.400000e-01 nan nan nan nan
7.450000e+00 1.400000e-01 nan nan nan nan
7.500000e+00 1.400000e-01 nan nan nan nan
7.550000e+00 1.400000e-01 nan nan nan nan
7.600000e+00 1.400000e-01 nan nan nan nan
7.650000e+00 1.400000e-01 nan nan nan nan
7.700000e+00 1.400000e-01 nan nan nan nan
7.750000e+00 1.400000e-01 nan nan nan nan
7.800000e+00 1.400000e-01 nan nan nan nan
7.850000e+00 1.400000e-01 nan nan nan nan
7.900000e+00 1.400000e-01 nan nan nan nan
7.950000e+00 1.400000e-01 nan nan nan nan
8.000000e+00 1.400000e-01 nan nan nan nan
8.050000e+00 1.400000e-01 nan nan nan nan
8.100000e+00 1.400000e-01 nan nan nan nan
8.150000e+00 1.400000e-01 nan nan nan nan
8.200000e+00 1.400000e-01 nan nan nan nan
8.250000e+00 1.400000e-01 nan nan nan nan
8.300000e+00 1.400000e-01 nan nan nan nan
8.350000e+00 1.400000e-01 nan nan nan nan
8.400000e+00 1.400000e-01 nan nan nan nan
8.450000e+00 1.400000e-01 nan nan nan nan
8.500000e+00 1.400000e-01 nan nan nan nan
8.550000e+00 1.400000e-01 nan nan nan nan
8.600000e+00 1.400000e-01 nan nan nan nan
8.650000e+00 1.400000e-01 nan nan nan nan
8.700000e+00 1.400000e-01 nan nan nan nan
8.750000e+00 1.400000e-01 nan nan nan nan
8.800000e+00 1.400000e-01 nan nan nan nan
8.850000e+00 1.400000e-01 nan nan nan nan
8.900000e+00 1.400000e-01 nan nan nan nan
8.950000e+00 1.400000e-01 nan nan nan nan
9.000000e+00 1.400000e-01 nan nan nan nan
9.050000e+00 1.400000e-01 nan nan nan nan
9.100000e+00 1.400000e-01 nan nan nan nan
9.150000e+00 1.400000e-01 nan nan nan nan
9.200000e+00 1.400000e-01 nan nan nan nan
9.250000e+00 1.400000e-01 nan nan nan nan
9.300000e+00 1.400000e-01 nan nan nan nan
9.350000e+00 1.400000e-01 nan nan nan nan
9.400000e+00 1.400000e-01 nan nan nan nan
9.450000e+00 1.400000e-01 nan nan nan nan
9.500000e+00 1.400000e-01 nan nan nan nan
9.550000e+00 1.400000e-01 nan nan nan nan
9.600000e+00 1.400000e-01 nan nan nan nan
9.650000e+00 1.400000e-01 nan nan nan nan
9.700000e+00 1.400000e-01 nan nan nan nan
9.750000e+00 1.400000e-01 nan nan nan nan
9.800000e+00 1.400000e-01 nan nan nan nan
9.850000e+00 1.400000e-01 nan nan nan nan
9.900000e+00 1.400000e-01 nan nan nan nan
9.950000e+00 1.400000e-01 nan nan nan nan
1.000000e+01 1.400000e-01 5.325600e-02 nan 0.000000e+00 0.000000e+00
0.000000e+00 1.600000e-01 6.854400e-02 -4.080000e+00 0.000000e+00 0.000000e+00
5.000000e-02 1.600000e-01 nan nan nan nan
1.000000e-01 1.600000e-01 nan nan nan nan
1.500000e-01 1.600000e-01 nan nan nan nan
2.000000e-01 1.600000e-01 nan nan nan nan
2.500000e-01 1.600000e-01 nan nan nan nan
3.000000e-01 1.600000e-01 nan nan nan nan
3.500000e-01 1.600000e-01 nan nan nan nan
4.000000e-01 1.600000e-01 nan nan nan nan
4.500000e-01 1.600000e-01 nan nan nan nan
5.000000e-01 1.600000e-01 nan nan nan nan
5.500000e-01 1.600000e-01 nan nan nan nan
6.000000e-01 1.600000e-01 nan nan nan nan
6.500000e-01 1.600000e-01 nan nan nan nan
7.000000e-01 1.600000e-01 nan nan nan nan
7.500000e-01 1.600000e-01 nan nan nan nan
8.000000e-01 1.600000e-01 nan nan nan nan
8.500000e-01 1.600000e-01 nan nan nan nan
9.000000e-01 1.600000e-01 nan nan nan nan
9.500000e-01 1.600000e-01 nan nan nan nan
1.000000e+00 1.600000e-01 nan nan nan nan
1.050000e+00 1.600000e-01 nan nan nan nan
1.100000e+00 1.600000e-01 nan nan nan nan
1.150000e+00 1.600000e-01 nan nan nan nan
1.200000e+00 1.600000e-01 nan nan nan nan
1.250000e+00 1.600000e-01 nan nan nan nan
1.300000e+00 1.600000e-01 nan nan nan nan
1.350000e+00 1.600000e-01 nan nan nan nan
1.400000e+00 1.600000e-01 nan nan nan nan
1.450000e+00 1.600000e-01 nan nan nan nan
1.500000e+00 1.600000e-01 nan nan nan nan
1.550000e+00 1.600000e-01 nan nan nan nan
1.600000e+00 1.600000e-01 nan nan nan nan
1.650000e+00 1.600000e-01 nan nan nan nan
1.700000e+00 1.600000e-01 nan nan nan nan
1.750000e+00 1.600000e-01 nan nan nan nan
1.800000e+00 1.600000e-01 nan nan nan nan
1.850000e+00 1.600000e-01 nan nan nan nan
1.900000e+00 1.600000e-01 nan nan nan nan
1.950000e+00 1.600000e-01 nan nan nan nan
2.000000e+00 1.600000e-01 nan nan nan nan
2.050000e+00 1.600000e-01 nan nan nan nan
2.100000e+00 1.600000e-01 nan nan nan nan
2.150000e+00 1.600000e-01 nan nan nan nan
2.200000e+00 1.600000e-01 nan nan nan nan
2.250000e+00 1.600000e-01 nan nan nan nan
2.300000e+00 1.600000e-01 nan nan nan nan
2.350000e+00 1.600000e-01 nan nan nan nan
2.400000e+00 1.600000e-01 nan nan nan nan
2.450000e+00 1.600000e-01 nan nan nan nan
2.500000e+00 1.600000e-01 nan nan nan nan
2.550000e+00 1.600000e-01 nan nan nan nan
2.600000e+00 1.600000e-01 nan nan nan nan
2.650000e+00 1.600000e-01 nan nan nan nan
2.700000e+00 1.600000e-01 nan nan nan nan
2.750000e+00 1.600000e-01 nan nan nan nan
2.800000e+00 1.600000e-01 nan nan nan nan
2.850000e+00 1.600000e-01 nan nan nan nan
2.900000e+00 1.600000e-01 nan nan nan nan
2.950000e+00 1.600000e-01 nan nan nan nan
3.000000e+00 1.600000e-01 nan nan nan nan
3.050000e+00 1.600000e-01 nan nan nan nan
3.100000e+00 1.600000e-01 nan nan nan nan
3.150000e+00 1.600000e-01 nan nan nan nan
3.200000e+00 1.600000e-01 nan nan nan nan
3.250000e+00 1.600000e-01 nan nan nan nan
3.300000e+00 1.600000e-01 nan nan nan nan
3.350000e+00 1.600000e-01 nan nan nan nan
3.400000e+00 1.600000e-01 nan nan nan nan
3.450000e+00 1.600000e-01 nan nan nan nan
3.500000e+00 1.600000e-01 nan nan nan nan
3.550000e+00 1.600000e-01 nan nan nan nan
3.600000e+00 1.600000e-01 nan nan nan nan
3.650000e+00 1.600000e-01 nan nan nan nan
3.700000e+00 1.600000e-01 nan nan nan nan
3.750000e+00 1.600000e-01 nan nan nan nan
3.800000e+00 1.600000e-01 nan nan nan nan
3.850000e+00 1.600000e-01 nan nan nan nan
3.900000e+00 1.600000e-01 nan nan nan nan
3.950000e+00 1.600000e-01 nan nan nan nan
4.000000e+00 1.600000e-01 nan nan nan nan
4.050000e+00 1.600000e-01 nan nan nan nan
4.100000e+00 1.600000e-01 nan nan nan nan
4.150000e+00 1.600000e-01 nan nan nan nan
4.200000e+00 1.600000e-01 nan nan nan nan
4.250000e+00 1.600000e-01 nan nan nan nan
4.300000e+00 1.600000e-01 nan nan nan nan
4.350000e+00 1.600000e-01 nan nan nan nan
4.400000e+00 1.600000e-01 nan nan nan nan
4.450000e+00 1.600000e-01 nan nan nan nan
4.500000e+00 1.600000e-01 nan nan nan nan
4.550000e+00 1.600000e-01 nan nan nan nan
4.600000e+00 1.600000e-01 nan nan nan nan
4.650000e+00 1.600000e-01 nan nan nan nan
4.700000e+00 1.600000e-01 nan nan nan nan
4.750000e+00 1.600000e-01 nan nan nan nan
4.800000e+00 1.600000e-01 nan nan nan nan
4.850000e+00 1.600000e-01 nan nan nan nan
4.900000e+00 1.600000e-01 nan nan nan nan
4.950000e+00 1.600000e-01 nan nan nan nan
5.000000e+00 1.600000e-01 nan nan nan nan
5.050000e+00 1.600000e-01 nan nan nan nan
5.100000e+00 1.600000e-01 nan nan nan nan
5.150000e+00 1.600000e-01 nan nan nan nan
5.200000e+00 1.600000e-01 nan nan nan nan
5.250000e+00 1.600000e-01 nan nan nan nan
5.300000e+00 1.600000e-01 nan nan nan nan
5.350000e+00 1.600000e-01 nan nan nan nan
5.400000e+00 1.600000e-01 nan nan nan nan
5.450000e+00 1.600000e-01 nan nan nan nan
5.500000e+00 1.600000e-01 nan nan nan nan
5.550000e+00 1.600000e-01 nan nan nan nan
5.600000e+00 1.600000e-01 nan nan nan nan
5.650000e+00 1.600000e-01 nan nan nan nan
5.700000e+00 1.600000e-01 nan nan nan nan
5.750000e+00 1.600000e-01 nan nan nan nan
5.800000e+00 1.600000e-01 nan nan nan nan
5.850000e+00 1.600000e-01 nan nan nan nan
5.900000e+00 1.600000e-01 nan nan nan nan
5.950000e+00 1.600000e-01 nan nan nan nan
6.000000e+00 1.600000e-01 nan nan nan nan
6.050000e+00 1.600000e-01 nan nan nan nan
6.100000e+00 1.600000e-01 nan nan nan nan
6.150000e+00 1.600000e-01 nan nan nan nan
6.200000e+00 1.600000e-01 nan nan nan nan
6.250000e+00 1.600000e-01 nan nan nan nan
6.300000e+00 1.600000e-01 nan nan nan nan
6.350000e+00 1.600000e-01 nan nan nan nan
6.400000e+00 1.600000e-01 nan nan nan nan
6.450000e+00 1.600000e-01 nan nan nan nan
6.500000e+00 1.600000e-01 nan nan nan nan
6.550000e+00 1.600000e-01 nan nan nan nan
6.600000e+00 1.600000e-01 nan nan nan nan
6.650000e+00 1.600000e-01 nan nan nan nan
6.700000e+00 1.600000e-01 nan nan nan nan
6.750000e+00 1.600000e-01 nan nan nan nan
6.800000e+00 1.600000e-01 nan nan nan nan
6.850000e+00 1.600000e-01 nan nan nan nan
6.900000e+00 1.600000e-01 nan nan nan nan
6.950000e+00 1.600000e-01 nan nan nan nan
7.000000e+00 1.600000e-01 nan nan nan nan
7.050000e+00 1.600000e-01 nan nan nan nan
7.100000e+00 1.600000e-01 nan nan nan nan
7.150000e+00 1.600000e-01 nan nan nan nan
7.200000e+00 1.600000e-01 nan nan nan nan
7.250000e+00 1.600000e-01 nan nan nan nan
7.300000e+00 1.600000e-01 nan nan nan nan
7.350000e+00 1.600000e-01 nan nan nan nan
7.400000e+00 1.600000e-01 nan nan nan nan
7.450000e+00 1.600000e-01 nan nan nan nan
7.500000e+00 1.600000e-01 nan nan nan nan
7.550000e+00 1.600000e-01 nan nan nan nan
7.600000e+00 1.600000e-01 nan nan nan nan
7.650000e+00 1.600000e-01 nan nan nan nan
7.700000e+00 1.600000e-01 nan nan nan nan
7.750000e+00 1.600000e-01 nan nan nan nan
7.800000e+00 1.600000e-01 nan nan nan nan
7.850000e+00 1.600000e-01 nan nan nan nan
7.900000e+00 1.600000e-01 nan nan nan nan
7.950000e+00 1.600000e-01 nan nan nan nan
8.000000e+00 1.600000e-01 nan nan nan nan
8.050000e+00 1.600000e-01 nan nan nan nan
8.100000e+00 1.600000e-01 nan nan nan nan
8.150000e+00 1.600000e-01 nan nan nan nan
8.200000e+00 1.600000e-01 nan nan nan nan
8.250000e+00 1.600000e-01 nan nan nan nan
8.300000e+00 1.600000e-01 nan nan nan nan
8.350000e+00 1.600000e-01 nan nan nan nan
8.400000e+00 1.600000e-01 nan nan nan nan
8.450000e+00 1.600000e-01 nan nan nan nan
8.500000e+00 1.600000e-01 nan nan nan nan
8.550000e+00 1.600000e-01 nan nan nan nan
8.600000e+00 1.600000e-01 nan nan nan nan
8.650000e+00 1.600000e-01 nan nan nan nan
8.700000e+00 1.600000e-01 nan nan nan nan
8.750000e+00 1.600000e-01 nan nan nan nan
8.800000e+00 1.600000e-01 nan nan nan nan
8.850000e+00 1.600000e-01 nan nan nan nan
8.900000e+00 1.600000e-01 nan nan nan nan
8.950000e+00 1.600000e-01 nan nan nan nan
9.000000e+00 1.600000e-01 nan nan nan nan
9.050000e+00 1.600000e-01 nan nan nan nan
9.100000e+00 1.600000e-01 nan nan nan nan
9.150000e+00 1.600000e-01 nan nan nan nan
9.200000e+00 1.600000e-01 nan nan nan nan
9.250000e+00 1.600000e-01 nan nan nan nan
9.300000e+00 1.600000e-01 nan nan nan nan
9.350000e+00 1.600000e-01 nan nan nan nan
9.400000e+00 1.600000e-01 nan nan nan nan
9.450000e+00 1.600000e-01 nan nan nan nan
9.500000e+00 1.600000e-01 nan nan nan nan
9.550000e+00 1.600000e-01 nan nan nan nan
9.600000e+00 1.600000e-01 nan nan nan nan
9.650000e+00 1.600000e-01 nan nan nan nan
9.700000e+00 1.600000e-01 nan nan nan nan
9.750000e+00 1.600000e-01 nan nan nan nan
9.800000e+00 1.600000e-01 nan nan nan nan
9.850000e+00 1.600000e-01 nan nan nan nan
9.900000e+00 1.600000e-01 nan nan nan nan
9.950000e+00 1.600000e-01 nan nan nan nan
1.000000e+01 1.600000e-01 6.854400e-02 nan 0.000000e+00 0.000000e+00
0.000000e+00 1.800000e-01 8.546400e-02 -3.840000e+00 0.000000e+00 0.000000e+00
5.000000e-02 1.800000e-01 nan nan nan nan
1.000000e-01 1.800000e-01 nan nan nan nan
1.500000e-01 1.800000e-01 nan nan nan nan
2.000000e-01 1.800000e-01 nan nan nan nan
2.500000e-01 1.800000e-01 nan nan nan nan
3.000000e-01 1.800000e-01 nan nan nan nan
3.500000e-01 1.800000e-01 nan nan nan nan
4.000000e-01 1.800000e-01 nan nan nan nan
4.500000e-01 1.800000e-01 nan nan nan nan
5.000000e-01 1.800000e-01 nan nan nan nan
5.500000e-01 1.800000e-01 nan nan nan nan
6.000000e-01 1.800000e-01 nan nan nan nan
6.500000e-01 1.800000e-01 nan nan nan nan
7.000000e-01 1.800000e-01 nan nan nan nan
7.500000e-01 1.800000e-01 nan nan nan nan
8.000000e-01 1.800000e-01 nan nan nan nan
8.500000e-01 1.800000e-01 nan nan nan nan
9.000000e-01 1.800000e-01 nan nan nan nan
9.500000e-01 1.800000e-01 nan nan nan nan
1.000000e+00 1.800000e-01 nan nan nan nan
1.050000e+00 1.800000e-01 nan nan nan nan
1.100000e+00 1.800000e-01 nan nan nan nan
1.150000e+00 1.800000e-01 nan nan nan nan
1.200000e+00 1.800000e-01 nan nan nan nan
1.250000e+00 1.800000e-01 nan nan nan nan
1.300000e+00 1.800000e-01 nan nan nan nan
1.350000e+00 1.800000e-01 nan nan nan nan
1.400000e+00 1.800000e-01 nan nan nan nan
1.450000e+00 1.800000e-01 nan nan nan nan
1.500000e+00 1.800000e-01 nan nan nan nan
1.550000e+00 1.800000e-01 nan nan nan nan
1.600000e+00 1.800000e-01 nan nan nan nan
1.650000e+00 1.800000e-01 nan nan nan nan
1.700000e+00 1.800000e-01 nan nan nan nan
1.750000e+00 1.800000e-01 nan nan nan nan
1.800000e+00 1.800000e-01 nan nan nan nan
1.850000e+00 1.800000e-01 nan nan nan nan
1.900000e+00 1.800000e-01 nan nan nan nan
1.950000e+00 1.800000e-01 nan nan nan nan
2.000000e+00 1.800000e-01 nan nan nan nan
2.050000e+00 1.800000e-01 nan nan nan nan
2.100000e+00 1.800000e-01 nan nan nan nan
2.150000e+00 1.800000e-01 nan nan nan nan
2.200000e+00 1.800000e-01 nan nan nan nan
2.250000e+00 1.800000e-01 nan nan nan nan
2.300000e+00 1.800000e-01 nan nan nan nan
2.350000e+00 1.800000e-01 nan nan nan nan
2.400000e+00 1.800000e-01 nan nan nan nan
2.450000e+00 1.800000e-01 nan nan nan nan
2.500000e+00 1.800000e-01 nan nan nan nan
2.550000e+00 1.800000e-01 nan nan nan nan
2.600000e+00 1.800000e-01 nan nan nan nan
2.650000e+00 1.800000e-01 nan nan nan nan
2.700000e+00 1.800000e-01 nan nan nan nan
2.750000e+00 1.800000e-01 nan nan nan nan
2.800000e+00 1.800000e-01 nan nan nan nan
2.850000e+00 1.800000e-01 nan nan nan nan
2.900000e+00 1.800000e-01 nan nan nan nan
2.950000e+00 1.800000e-01 nan nan nan nan
3.000000e+00 1.800000e-01 nan nan nan nan
3.050000e+00 1.800000e-01 nan nan nan nan
3.100000e+00 1.800000e-01 nan nan nan nan
3.150000e+00 1.800000e-01 nan nan nan nan
3.200000e+00 1.800000e-01 nan nan nan nan
3.250000e+00 1.800000e-01 nan nan nan nan
3.300000e+00 1.800000e-01 nan nan nan nan
3.350000e+00 1.800000e-01 nan nan nan nan
3.400000e+00 1.800000e-01 nan nan nan nan
3.450000e+00 1.800000e-01 nan nan nan nan
3.500000e+00 1.800000e-01 nan nan nan nan
3.550000e+00 1.800000e-01 nan nan nan nan
3.600000e+00 1.800000e-01 nan nan nan nan
3.650000e+00 1.800000e-01 nan nan nan nan
3.700000e+00 1.800000e-01 nan nan nan nan
3.750000e+00 1.800000e-01 nan nan nan nan
3.800000e+00 1.800000e-01 nan nan nan nan
3.850000e+00 1.800000e-01 nan nan nan nan
3.900000e+00 1.800000e-01 nan nan nan nan
3.950000e+00 1.800000e-01 nan nan nan nan
4.000000e+00 1.800000e-01 nan nan nan nan
4.050000e+00 1.800000e-01 nan nan nan nan
4.100000e+00 1.800000e-01 nan nan nan nan
4.150000e+00 1.800000e-01 nan nan nan nan
4.200000e+00 1.800000e-01 nan nan nan nan
4.250000e+00 1.800000e-01 nan nan nan nan
4.300000e+00 1.800000e-01 nan nan nan nan
4.350000e+00 1.800000e-01 nan nan nan nan
4.400000e+00 1.800000e-01 nan nan nan nan
4.450000e+00 1.800000e-01 nan nan nan nan
4.500000e+00 1.800000e-01 nan nan nan nan
4.550000e+00 1.800000e-01 nan nan nan nan
4.600000e+00 1.800000e-01 nan nan nan nan
4.650000e+00 1.800000e-01 nan nan nan nan
4.700000e+00 1.800000e-01 nan nan nan nan
4.750000e+00 1.800000e-01 nan nan nan nan
4.800000e+00 1.800000e-01 nan nan nan nan
4.850000e+00 1.800000e-01 nan nan nan nan
4.900000e+00 1.800000e-01 nan nan nan nan
4.950000e+00 1.800000e-01 nan nan nan nan
5.000000e+00 1.800000e-01 nan nan nan nan
5.050000e+00 1.800000e-01 nan nan nan nan
5.100000e+00 1.800000e-01 nan nan nan nan
5.150000e+00 1.800000e-01 nan nan nan nan
5.200000e+00 1.800000e-01 nan nan nan nan
5.250000e+00 1.800000e-01 nan nan nan nan
5.300000e+00 1.800000e-01 nan nan nan nan
5.350000e+00 1.800000e-01 nan nan nan nan
5.400000e+00 1.800000e-01 nan nan nan nan
5.450000e+00 1.800000e-01 nan nan nan nan
5.500000e+00 1.800000e-01 nan nan nan nan
5.550000e+00 1.800000e-01 nan nan nan nan
5.600000e+00 1.800000e-01 nan nan nan nan
5.650000e+00 1.800000e-01 nan nan nan nan
5.700000e+00 1.800000e-01 nan nan nan nan
5.750000e+00 1.800000e-01 nan nan nan nan
5.800000e+00 1.800000e-01 nan nan nan nan
5.850000e+00 1.800000e-01 nan nan nan nan
5.900000e+00 1.800000e-01 nan nan nan nan
5.950000e+00 1.800000e-01 nan nan nan nan
6.000000e+00 1.800000e-01 nan nan nan nan
6.050000e+00 1.800000e-01 nan nan nan nan
6.100000e+00 1.800000e-01 nan nan nan nan
6.150000e+00 1.800000e-01 nan nan nan nan
6.200000e+00 1.800000e-01 nan nan nan nan
6.250000e+00 1.800000e-01 nan nan nan nan
6.300000e+00 1.800000e-01 nan nan nan nan
6.350000e+00 1.800000e-01 nan nan nan nan
6.400000e+00 1.800000e-01 nan nan nan nan
6.450000e+00 1.800000e-01 nan nan nan nan
6.500000e+00 1.800000e-01 nan nan nan nan
6.550000e+00 1.800000e-01 nan nan nan nan
6.600000e+00 1.800000e-01 nan nan nan nan
6.650000e+00 1.800000e-01 nan nan nan nan
6.700000e+00 1.800000e-01 nan nan nan nan
6.750000e+00 1.800000e-01 nan nan nan nan
6.800000e+00 1.800000e-01 nan nan nan nan
6.850000e+00 1.800000e-01 nan nan nan nan
6.900000e+00 1.800000e-01 nan nan nan nan
6.950000e+00 1.800000e-01 nan nan nan nan
7.000000e+00 1.800000e-01 nan nan nan nan
7.050000e+00 1.800000e-01 nan nan nan nan
7.100000e+00 1.800000e-01 nan nan nan nan
7.150000e+00 1.800000e-01 nan nan nan nan
7.200000e+00 1.800000e-01 nan nan nan nan
7.250000e+00 1.800000e-01 nan nan nan nan
7.300000e+00 1.800000e-01 nan nan nan nan
7.350000e+00 1.800000e-01 nan nan nan nan
7.400000e+00 1.800000e-01 nan nan nan nan
7.450000e+00 1.800000e-01 nan nan nan nan
7.500000e+00 1.800000e-01 nan nan nan nan
7.550000e+00 1.800000e-01 nan nan nan nan
7.600000e+00 1.800000e-01 nan nan nan nan
7.650000e+00 1.800000e-01 nan nan nan nan
7.700000e+00 1.800000e-01 nan nan nan nan
7.750000e+00 1.800000e-01 nan nan nan nan
7.800000e+00 1.800000e-01 nan nan nan nan
7.850000e+00 1.800000e-01 nan nan nan nan
7.900000e+00 1.800000e-01 nan nan nan nan
7.950000e+00 1.800000e-01 nan nan nan nan
8.000000e+00 1.800000e-01 nan nan nan nan
8.050000e+00 1.800000e-01 nan nan nan nan
8.100000e+00 1.800000e-01 nan nan nan nan
8.150000e+00 1.800000e-01 nan nan nan nan
8.200000e+00 1.800000e-01 nan nan nan nan
8.250000e+00 1.800000e-01 nan nan nan nan
8.300000e+00 1.800000e-01 nan nan nan nan
8.350000e+00 1.800000e-01 nan nan nan nan
8.400000e+00 1.800000e-01 nan nan nan nan
8.450000e+00 1.800000e-01 nan nan nan nan
8.500000e+00 1.800000e-01 nan nan nan nan
8.550000e+00 1.800000e-01 nan nan nan nan
8.600000e+00 1.800000e-01 nan nan nan nan
8.650000e+00 1.800000e-01 nan nan nan nan
8.700000e+00 1.800000e-01 nan nan nan nan
8.750000e+00 1.800000e-01 nan nan nan nan
8.800000e+00 1.800000e-01 nan nan nan nan
8.850000e+00 1.800000e-01 nan nan nan nan
8.900000e+00 1.800000e-01 nan nan nan nan
8.950000e+00 1.800000e-01 nan nan nan nan
9.000000e+00 1.800000e-01 nan nan nan nan
9.050000e+00 1.800000e-01 nan nan nan nan
9.100000e+00 1.800000e-01 nan nan nan nan
9.150000e+00 1.800000e-01 nan nan nan nan
9.200000e+00 1.800000e-01 nan nan nan nan
9.250000e+00 1.800000e-01 nan nan nan nan
9.300000e+00 1.800000e-01 nan nan nan nan
9.350000e+00 1.800000e-01 nan nan nan nan
9.400000e+00 1.800000e-01 nan nan nan nan
9.450000e+00 1.800000e-01 nan nan nan nan
9.500000e+00 1.800000e-01 nan nan nan nan
9.550000e+00 1.800000e-01 nan nan nan nan
9.600000e+00 1.800000e-01 nan nan nan nan
9.650000e+00 1.800000e-01 nan nan nan nan
9.700000e+00 1.800000e-01 nan nan nan nan
9.750000e+00 1.800000e-01 nan nan nan nan
9.800000e+00 1.800000e-01 nan nan nan nan
9.850000e+00 1.800000e-01 nan nan nan nan
9.900000e+00 1.800000e-01 nan nan nan nan
9.950000e+00 1.800000e-01 nan nan nan nan
1.000000e+01 1.800000e-01 8.546400e-02 nan 0.000000e+00 0.000000e+00
0.000000e+00 2.000000e-01 1.039200e-01 -3.600000e+00 0.000000e+00 0.000000e+00
5.000000e-02 2.000000e-01 nan nan nan nan
1.000000e-01 2.000000e-01 nan nan nan nan
1.500000e-01 2.000000e-01 nan nan nan nan
2.000000e-01 2.000000e-01 nan nan nan nan
2.500000e-01 2.000000e-01 nan nan nan nan
3.000000e-01 2.000000e-01 nan nan nan nan
3.500000e-01 2.000000e-01 nan nan nan nan
4.000000e-01 2.000000e-01 nan nan nan nan
4.500000e-01 2.000000e-01 nan nan nan nan
5.000000e-01 2.000000e-01 nan nan nan nan
5.500000e-01 2.000000e-01 nan nan nan nan
6.000000e-01 2.000000e-01 nan nan nan nan
6.500000e-01 2.000000e-01 nan nan nan nan
7.000000e-01 2.000000e-01 nan nan nan nan
7.500000e-01 2.000000e-01 nan nan nan nan
8.000000e-01 2.000000e-01 nan nan nan nan
8.500000e-01 2.000000e-01 nan nan nan nan
9.000000e-01 2.000000e-01 nan nan nan nan
9.500000e-01 2.000000e-01 nan nan nan nan
1.000000e+00 2.000000e-01 nan nan nan nan
1.050000e+00 2.000000e-01 nan nan nan nan
1.100000e+00 2.000000e-01 nan nan nan nan
1.150000e+00 2.000000e-01 nan nan nan nan
1.200000e+00 2.000000e-01 nan nan nan nan
1.250000e+00 2.000000e-01 nan nan nan nan
1.300000e+00 2.000000e-01 nan nan nan nan
1.350000e+00 2.000000e-01 nan nan nan nan
1.400000e+00 2.000000e-01 nan nan nan nan
1.450000e+00 2.000000e-01 nan nan nan nan
1.500000e+00 2.000000e-01 nan nan nan nan
1.550000e+00 2.000000e-01 nan nan nan nan
1.600000e+00 2.000000e-01 nan nan nan nan
1.650000e+00 2.000000e-01 nan nan nan nan
1.700000e+00 2.000000e-01 nan nan nan nan
1.750000e+00 2.000000e-01 nan nan nan nan
1.800000e+00 2.000000e-01 nan nan nan nan
1.850000e+00 2.000000e-01 nan nan nan nan
1.900000e+00 2.000000e-01 nan nan nan nan
1.950000e+00 2.000000e-01 nan nan nan nan
2.000000e+00 2.000000e-01 nan nan nan nan
2.050000e+00 2.000000e-01 nan nan nan nan
2.100000e+00 2.000000e-01 nan nan nan nan
2.150000e+00 2.000000e-01 nan nan nan nan
2.200000e+00 2.000000e-01 nan nan nan nan
2.250000e+00 2.000000e-01 nan nan nan nan
2.300000e+00 2.000000e-01 nan nan nan nan
2.350000e+00 2.000000e-01 nan nan nan nan
2.400000e+00 2.000000e-01 nan nan nan nan
2.450000e+00 2.000000e-01 nan nan nan nan
2.500000e+00 2.000000e-01 nan nan nan nan
2.550000e+00 2.000000e-01 nan nan nan nan
2.600000e+00 2.000000e-01 nan nan nan nan
2.650000e+00 2.000000e-01 nan nan nan nan
2.700000e+00 2.000000e-01 nan nan nan nan
2.750000e+00 2.000000e-01 nan nan nan nan
2.800000e+00 2.000000e-01 nan nan nan nan
2.850000e+00 2.000000e-01 nan nan nan nan
2.900000e+00 2.000000e-01 nan nan nan nan
2.950000e+00 2.000000e-01 nan nan nan nan
3.000000e+00 2.000000e-01 nan nan nan nan
3.050000e+00 2.000000e-01 nan nan nan nan
3.100000e+00 2.000000e-01 nan nan nan nan
3.150000e+00 2.000000e-01 nan nan nan nan
3.200000e+00 2.000000e-01 nan nan nan nan
3.250000e+00 2.000000e-01 nan nan nan nan
3.300000e+00 2.000000e-01 nan nan nan nan
3.350000e+00 2.000000e-01 nan nan nan nan
3.400000e+00 2.000000e-01 nan nan nan nan
3.450000e+00 2.000000e-01 nan nan nan nan
3.500000e+00 2.000000e-01 nan nan nan nan
3.550000e+00 2.000000e-01 nan nan nan nan
3.600000e+00 2.000000e-01 nan nan nan nan
3.650000e+00 2.000000e-01 nan nan nan nan
3.700000e+00 2.000000e-01 nan nan nan nan
3.750000e+00 2.000000e-01 nan nan nan nan
3.800000e+00 2.000000e-01 nan nan nan nan
3.850000e+00 2.000000e-01 nan nan nan nan
3.900000e+00 2.000000e-01 nan nan nan nan
3.950000e+00 2.000000e-01 nan nan nan nan
4.000000e+00 2.000000e-01 nan nan nan nan
4.050000e+00 2.000000e-01 nan nan nan nan
4.100000e+00 2.000000e-01 nan nan nan nan
4.150000e+00 2.000000e-01 nan nan nan nan
4.200000e+00 2.000000e-01 nan nan nan nan
4.250000e+00 2.000000e-01 nan nan nan nan
4.300000e+00 2.000000e-01 nan nan nan nan
4.350000e+00 2.000000e-01 nan nan nan nan
4.400000e+00 2.000000e-01 nan nan nan nan
4.450000e+00 2.000000e-01 nan nan nan nan
4.500000e+00 2.000000e-01 nan nan nan nan
4.550000e+00 2.000000e-01 nan nan nan nan
4.600000e+00 2.000000e-01 nan nan nan nan
4.650000e+00 2.000000e-01 nan nan nan nan
4.700000e+00 2.000000e-01 nan nan nan nan
4.750000e+00 2.000000e-01 nan nan nan nan
4.800000e+00 2.000000e-01 nan nan nan nan
4.850000e+00 2.000000e-01 nan nan nan nan
4.900000e+00 2.000000e-01 nan nan nan nan
4.950000e+00 2.000000e-01 nan nan nan nan
5.000000e+00 2.000000e-01 nan nan nan nan
5.050000e+00 2.000000e-01 nan nan nan nan
5.100000e+00 2.000000e-01 nan nan nan nan
5.150000e+00 2.000000e-01 nan nan nan nan
5.200000e+00 2.000000e-01 nan nan nan nan
5.250000e+00 2.000000e-01 nan nan nan nan
5.300000e+00 2.000000e-01 nan nan nan nan
5.350000e+00 2.000000e-01 nan nan nan nan
5.400000e+00 2.000000e-01 nan nan nan nan
5.450000e+00 2.000000e-01 nan nan nan nan
5.500000e+00 2.000000e-01 nan nan nan nan
5.550000e+00 2.000000e-01 nan nan nan nan
5.600000e+00 2.000000e-01 nan nan nan nan
5.650000e+00 2.000000e-01 nan nan nan nan
5.700000e+00 2.000000e-01 nan nan nan nan
5.750000e+00 2.000000e-01 nan nan nan nan
5.800000e+00 2.000000e-01 nan nan nan nan
5.850000e+00 2.000000e-01 nan nan nan nan
5.900000e+00 2.000000e-01 nan nan nan nan
5.950000e+00 2.000000e-01 nan nan nan nan
6.000000e+00 2.000000e-01 nan nan nan nan
6.050000e+00 2.000000e-01 nan nan nan nan
6.100000e+00 2.000000e-01 nan nan nan nan
6.150000e+00 2.000000e-01 nan nan nan nan
6.200000e+00 2.000000e-01 nan nan nan nan
6.250000e+00 2.000000e-01 nan nan nan nan
6.300000e+00 2.000000e-01 nan nan nan nan
6.350000e+00 2.000000e-01 nan nan nan nan
6.400000e+00 2.000000e-01 nan nan nan nan
6.450000e+00 2.000000e-01 nan nan nan nan
6.500000e+00 2.000000e-01 nan nan nan nan
6.550000e+00 2.000000e-01 nan nan nan nan
6.600000e+00 2.000000e-01 nan nan nan nan
6.650000e+00 2.000000e-01 nan nan nan nan
6.700000e+00 2.000000e-01 nan nan nan nan
6.750000e+00 2.000000e-01 nan nan nan nan
6.800000e+00 2.000000e-01 nan nan nan nan
6.850000e+00 2.000000e-01 nan nan nan nan
6.900000e+00 2.000000e-01 nan nan nan nan
6.950000e+00 2.000000e-01 nan nan nan nan
7.000000e+00 2.000000e-01 nan nan nan nan
7.050000e+00 2.000000e-01 nan nan nan nan
7.100000e+00 2.000000e-01 nan nan nan nan
7.150000e+00 2.000000e-01 nan nan nan nan
7.200000e+00 2.000000e-01 nan nan nan nan
7.250000e+00 2.000000e-01 nan nan nan nan
7.300000e+00 2.000000e-01 nan nan nan nan
7.350000e+00 2.000000e-01 nan nan nan nan
7.400000e+00 2.000000e-01 nan nan nan nan
7.450000e+00 2.000000e-01 nan nan nan nan
7.500000e+00 2.000000e-01 nan nan nan nan
7.550000e+00 2.000000e-01 nan nan nan nan
7.600000e+00 2.000000e-01 nan nan nan nan
7.650000e+00 2.000000e-01 nan nan nan nan
7.700000e+00 2.000000e-01 nan nan nan nan
7.750000e+00 2.000000e-01 nan nan nan nan
7.800000e+00 2.000000e-01 nan nan nan nan
7.850000e+00 2.000000e-01 nan nan nan nan
7.900000e+00 2.000000e-01 nan nan nan nan
7.950000e+00 2.000000e-01 nan nan nan nan
8.000000e+00 2.000000e-01 nan nan nan nan
8.050000e+00 2.000000e-01 nan nan nan nan
8.100000e+00 2.000000e-01 nan nan nan nan
8.150000e+00 2.000000e-01 nan nan nan nan
8.200000e+00 2.000000e-01 nan nan nan nan
8.250000e+00 2.000000e-01 nan nan nan nan
8.300000e+00 2.000000e-01 nan nan nan nan
8.350000e+00 2.000000e-01 nan nan nan nan
8.400000e+00 2.000000e-01 nan nan nan nan
8.450000e+00 2.000000e-01 nan nan nan nan
8.500000e+00 2.000000e-01 nan nan nan nan
8.550000e+00 2.000000e-01 nan nan nan nan
8.600000e+00 2.000000e-01 nan nan nan nan
8.650000e+00 2.000000e-01 nan nan nan nan
8.700000e+00 2.000000e-01 nan nan nan nan
8.750000e+00 2.000000e-01 nan nan nan nan
8.800000e+00 2.000000e-01 nan nan nan nan
8.850000e+00 2.000000e-01 nan nan nan nan
8.900000e+00 2.000000e-01 nan nan nan nan
8.950000e+00 2.000000e-01 nan nan nan nan
9.000000e+00 2.000000e-01 nan nan nan nan
9.050000e+00 2.000000e-01 nan nan nan nan
9.100000e+00 2.000000e-01 nan nan nan nan
9.150000e+00 2.000000e-01 nan nan nan nan
9.200000e+00 2.000000e-01 nan nan nan nan
9.250000e+00 2.000000e-01 nan nan nan nan
9.300000e+00 2.000000e-01 nan nan nan nan
9.350000e+00 2.000000e-01 nan nan nan nan
9.400000e+00 2.000000e-01 nan nan nan nan
9.450000e+00 2.000000e-01 nan nan nan nan
9.500000e+00 2.000000e-01 nan nan nan nan
9.550000e+00 2.000000e-01 nan nan nan nan
9.600000e+00 2.000000e-01 nan nan nan nan
9.650000e+00 2.000000e-01 nan nan nan nan
9.700000e+00 2.000000e-01 nan nan nan nan
9.750000e+00 2.000000e-01 nan nan nan nan
9.800000e+00 2.000000e-01 nan nan nan nan
9.850000e+00 2.000000e-01 nan nan nan nan
9.900000e+00 2.000000e-01 nan nan nan nan
9.950000e+00 2.000000e-01 nan nan nan nan
1.000000e+01 2.000000e-01 1.039200e-01 nan 0.000000e+00 0.000000e+00
0.000000e+00 2.200000e-01 1.238160e-01 -3.360000e+00 0.000000e+00 0.000000e+00
5.000000e-02 2.200000e-01 nan nan nan nan
1.000000e-01 2.200000e-01 nan nan nan nan
1.500000e-01 2.200000e-01 nan nan nan nan
2.000000e-01 2.200000e-01 nan nan nan nan
2.500000e-01 2.200000e-01 nan nan nan nan
3.000000e-01 2.200000e-01 nan nan nan nan
3.500000e-01 2.200000e-01 nan nan nan nan
4.000000e-01 2.200000e-01 nan nan nan nan
4.500000e-01 2.200000e-01 nan nan nan nan
5.000000e-01 2.200000e-01 nan nan nan nan
5.500000e-01 2.200000e-01 nan nan nan nan
6.000000e-01 2.200000e-01 nan nan nan nan
6.500000e-01 2.200000e-01 nan nan nan nan
7.000000e-01 2.200000e-01 nan nan nan nan
7.500000e-01 2.200000e-01 nan nan nan nan
8.000000e-01 2.200000e-01 nan nan nan nan
8.500000e-01 2.200000e-01 nan nan nan nan
9.000000e-01 2.200000e-01 nan nan nan nan
9.500000e-01 2.200000e-01 nan nan nan nan
1.000000e+00 2.200000e-01 nan nan nan nan
1.050000e+00 2.200000e-01 nan nan nan nan
1.100000e+00 2.200000e-01 nan nan nan nan
1.150000e+00 2.200000e-01 nan nan nan nan
1.200000e+00 2.200000e-01 nan nan nan nan
1.250000e+00 2.200000e-01 nan nan nan nan
1.300000e+00 2.200000e-01 nan nan nan nan
1.350000e+00 2.200000e-01 nan nan nan nan
1.400000e+00 2.200000e-01 nan nan nan nan
1.450000e+00 2.200000e-01 nan nan nan nan
1.500000e+00 2.200000e-01 nan nan nan nan
1.550000e+00 2.200000e-01 nan nan nan nan
1.600000e+00 2.200000e-01 nan nan nan nan
1.650000e+00 2.200000e-01 nan nan nan nan
1.700000e+00 2.200000e-01 nan nan nan nan
1.750000e+00 2.200000e-01 nan nan nan nan
1.800000e+00 2.200000e-01 nan nan nan nan
1.850000e+00 2.200000e-01 nan nan nan nan
1.900000e+00 2.200000e-01 nan nan nan nan
1.950000e+00 2.200000e-01 nan nan nan nan
2.000000e+00 2.200000e-01 nan nan nan nan
2.050000e+00 2.200000e-01 nan nan nan nan
2.100000e+00 2.200000e-01 nan nan nan nan
2.150000e+00 2.200000e-01 nan nan nan nan
2.200000e+00 2.200000e-01 nan nan nan nan
2.250000e+00 2.200000e-01 nan nan nan nan
2.300000e+00 2.200000e-01 nan nan nan nan
2.350000e+00 2.200000e-01 nan nan nan nan
2.400000e+00 2.200000e-01 nan nan nan nan
2.450000e+00 2.200000e-01 nan nan nan nan
2.500000e+00 2.200000e-01 nan nan nan nan
2.550000e+00 2.200000e-01 nan nan nan nan
2.600000e+00 2.200000e-01 nan nan nan nan
2.650000e+00 2.200000e-01 nan nan nan nan
2.700000e+00 2.200000e-01 nan nan nan nan
2.750000e+00 2.200000e-01 nan nan nan nan
2.800000e+00 2.200000e-01 nan nan nan nan
2.850000e+00 2.200000e-01 nan nan nan nan
2.900000e+00 2.200000e-01 nan nan nan nan
2.950000e+00 2.200000e-01 nan nan nan nan
3.000000e+00 2.200000e-01 nan nan nan nan
3.050000e+00 2.200000e-01 nan nan nan nan
3.100000e+00 2.200000e-01 nan nan nan nan
3.150000e+00 2.200000e-01 nan nan nan nan
3.200000e+00 2.200000e-01 nan nan nan nan
3.250000e+00 2.200000e-01 nan nan nan nan
3.300000e+00 2.200000e-01 nan nan nan nan
3.350000e+00 2.200000e-01 nan nan nan nan
3.400000e+00 2.200000e-01 nan nan nan nan
3.450000e+00 2.200000e-01 nan nan nan nan
3.500000e+00 2.200000e-01 nan nan nan nan
3.550000e+00 2.200000e-01 nan nan nan nan
3.600000e+00 2.200000e-01 nan nan nan nan
3.650000e+00 2.200000e-01 nan nan nan nan
3.700000e+00 2.200000e-01 nan nan nan nan
3.750000e+00 2.200000e-01 nan nan nan nan
3.800000e+00 2.200000e-01 nan nan nan nan
3.850000e+00 2.200000e-01 nan nan nan nan
3.900000e+00 2.200000e-01 nan nan nan nan
3.950000e+00 2.200000e-01 nan nan nan nan
4.000000e+00 2.200000e-01 nan nan nan nan
4.050000e+00 2.200000e-01 nan nan nan nan
4.100000e+00 2.200000e-01 nan nan nan nan
4.150000e+00 2.200000e-01 nan nan nan nan
4.200000e+00 2.200000e-01 nan nan nan nan
4.250000e+00 2.200000e-01 nan nan nan nan
4.300000e+00 2.200000e-01 nan nan nan nan
4.350000e+00 2.200000e-01 nan nan nan nan
4.400000e+00 2.200000e-01 nan nan nan nan
4.450000e+00 2.200000e-01 nan nan nan nan
4.500000e+00 2.200000e-01 nan nan nan nan
4.550000e+00 2.200000e-01 nan nan nan nan
4.600000e+00 2.200000e-01 nan nan nan nan
4.650000e+00 2.200000e-01 nan nan nan nan
4.700000e+00 2.200000e-01 nan nan nan nan
4.750000e+00 2.200000e-01 nan nan nan nan
4.800000e+00 2.200000e-01 nan nan nan nan
4.850000e+00 2.200000e-01 nan nan nan nan
4.900000e+00 2.200000e-01 nan nan nan nan
4.950000e+00 2.200000e-01 nan nan nan nan
5.000000e+00 2.200000e-01 nan nan nan nan
5.050000e+00 2.200000e-01 nan nan nan nan
5.100000e+00 2.200000e-01 nan nan nan nan
5.150000e+00 2.200000e-01 nan nan nan nan
5.200000e+00 2.200000e-01 nan nan nan nan
5.250000e+00 2.200000e-01 nan nan nan nan
5.300000e+00 2.200000e-01 nan nan nan nan
5.350000e+00 2.200000e-01 nan nan nan nan
5.400000e+00 2.200000e-01 nan nan nan nan
5.450000e+00 2.200000e-01 nan nan nan nan
5.500000e+00 2.200000e-01 nan nan nan nan
5.550000e+00 2.200000e-01 nan nan nan nan
5.600000e+00 2.200000e-01 nan nan nan nan
5.650000e+00 2.200000e-01 nan nan nan nan
5.700000e+00 2.200000e-01 nan nan nan nan
5.750000e+00 2.200000e-01 nan nan nan nan
5.800000e+00 2.200000e-01 nan nan nan nan
5.850000e+00 2.200000e-01 nan nan nan nan
5.900000e+00 2.200000e-01 nan nan nan nan
5.950000e+00 2.200000e-01 nan nan nan nan
6.000000e+00 2.200000e-01 nan nan nan nan
6.050000e+00 2.200000e-01 nan nan nan nan
6.100000e+00 2.200000e-01 nan nan nan nan
6.150000e+00 2.200000e-01 nan nan nan nan
6.200000e+00 2.200000e-01 nan nan nan nan
6.250000e+00 2.200000e-01 nan nan nan nan
6.300000e+00 2.200000e-01 nan nan nan nan
6.350000e+00 2.200000e-01 nan nan nan nan
6.400000e+00 2.200000e-01 nan nan nan nan
6.450000e+00 2.200000e-01 nan nan nan nan
6.500000e+00 2.200000e-01 nan nan nan nan
6.550000e+00 2.200000e-01 nan nan nan nan
6.600000e+00 2.200000e-01 nan nan nan nan
6.650000e+00 2.200000e-01 nan nan nan nan
6.700000e+00 2.200000e-01 nan nan nan nan
6.750000e+00 2.200000e-01 nan nan nan nan
6.800000e+00 2.200000e-01 nan nan nan nan
6.850000e+00 2.200000e-01 nan nan nan nan
6.900000e+00 2.200000e-01 nan nan nan nan
6.950000e+00 2.200000e-01 nan nan nan nan
7.000000e+00 2.200000e-01 nan nan nan nan
7.050000e+00 2.200000e-01 nan nan nan nan
7.100000e+00 2.200000e-01 nan nan nan nan
7.150000e+00 2.200000e-01 nan nan nan nan
7.200000e+00 2.200000e-01 nan nan nan nan
7.250000e+00 2.200000e-01 nan nan nan nan
7.300000e+00 2.200000e-01 nan nan nan nan
7.350000e+00 2.200000e-01 nan nan nan nan
7.400000e+00 2.200000e-01 nan nan nan nan
7.450000e+00 2.200000e-01 nan nan nan nan
7.500000e+00 2.200000e-01 nan nan nan nan
7.550000e+00 2.200000e-01 nan nan nan nan
7.600000e+00 2.200000e-01 nan nan nan nan
7.650000e+00 2.200000e-01 nan nan nan nan
7.700000e+00 2.200000e-01 nan nan nan nan
7.750000e+00 2.200000e-01 nan nan nan nan
7.800000e+00 2.200000e-01 nan nan nan nan
7.850000e+00 2.200000e-01 nan nan nan nan
7.900000e+00 2.200000e-01 nan nan nan nan
7.950000e+00 2.200000e-01 nan nan nan nan
8.000000e+00 2.200000e-01 nan nan nan nan
8.050000e+00 2.200000e-01 nan nan nan nan
8.100000e+00 2.200000e-01 nan nan nan nan
8.150000e+00 2.200000e-01 nan nan nan nan
8.200000e+00 2.200000e-01 nan nan nan nan
8.250000e+00 2.200000e-01 nan nan nan nan
8.300000e+00 2.200000e-01 nan nan nan nan
8.350000e+00 2.200000e-01 nan nan nan nan
8.400000e+00 2.200000e-01 nan nan nan nan
8.450000e+00 2.200000e-01 nan nan nan nan
8.500000e+00 2.200000e-01 nan nan nan nan
8.550000e+00 2.200000e-01 nan nan nan nan
8.600000e+00 2.200000e-01 nan nan nan nan
8.650000e+00 2.200000e-01 nan nan nan nan
8.700000e+00 2.200000e-01 nan nan nan nan
8.750000e+00 2.200000e-01 nan nan nan nan
8.800000e+00 2.200000e-01 nan nan nan nan
8.850000e+00 2.200000e-01 nan nan nan nan
8.900000e+00 2.200000e-01 nan nan nan nan
8.950000e+00 2.200000e-01 nan nan nan nan
9.000000e+00 2.200000e-01 nan nan nan nan
9.050000e+00 2.200000e-01 nan nan nan nan
9.100000e+00 2.200000e-01 nan nan nan nan
9.150000e+00 2.200000e-01 nan nan nan nan
9.200000e+00 2.200000e-01 nan nan nan nan
9.250000e+00 2.200000e-01 nan nan nan nan
9.300000e+00 2.200000e-01 nan nan nan nan
9.350000e+00 2.200000e-01 nan nan nan nan
9.400000e+00 2.200000e-01 nan nan nan nan
9.450000e+00 2.200000e-01 nan nan nan nan
9.500000e+00 2.200000e-01 nan nan nan nan
9.550000e+00 2.200000e-01 nan nan nan nan
9.600000e+00 2.200000e-01 nan nan nan nan
9.650000e+00 2.200000e-01 nan nan nan nan
9.700000e+00 2.200000e-01 nan nan nan nan
9.750000e+00 2.200000e-01 nan nan nan nan
9.800000e+00 2.200000e-01 nan nan nan nan
9.850000e+00 2.200000e-01 nan nan nan nan
9.900000e+00 2.200000e-01 nan nan nan nan
9.950000e+00 2.200000e-01 nan nan nan nan
1.000000e+01 2.200000e-01 1.238160e-01 nan 0.000000e+00 0.000000e+00
0.000000e+00 2.400000e-01 1.450560e-01 -3.120000e+00 0.000000e+00 0.000000e+00
5.000000e-02 2.400000e-01 nan nan nan nan
1.000000e-01 2.400000e-01 nan nan nan nan
1.500000e-01 2.400000e-01 nan nan nan nan
2.000000e-01 2.400000e-01 nan nan nan nan
2.500000e-01 2.400000e-01 nan nan nan nan
3.000000e-01 2.400000e-01 nan nan nan nan
3.500000e-01 2.400000e-01 nan nan nan nan
4.000000e-01 2.400000e-01 nan nan nan nan
4.500000e-01 2.400000e-01 nan nan nan nan
5.000000e-01 2.400000e-01 nan nan nan nan
5.500000e-01 2.400000e-01 nan nan nan nan
6.000000e-01 2.400000e-01 nan nan nan nan
6.500000e-01 2.400000e-01 nan nan nan nan
7.000000e-01 2.400000e-01 nan nan nan nan
7.500000e-01 2.400000e-01 nan nan nan nan
8.000000e-01 2.400000e-01 nan nan nan nan
8.500000e-01 2.400000e-01 nan nan nan nan
9.000000e-01 2.400000e-01 nan nan nan nan
9.500000e-01 2.400000e-01 nan nan nan nan
1.000000e+00 2.400000e-01 nan nan nan nan
1.050000e+00 2.400000e-01 nan nan nan nan
1.100000e+00 2.400000e-01 nan nan nan nan
1.150000e+00 2.400000e-01 nan nan nan nan
1.200000e+00 2.400000e-01 nan nan nan nan
1.250000e+00 2.400000e-01 nan nan nan nan
1.300000e+00 2.400000e-01 nan nan nan nan
1.350000e+00 2.400000e-01 nan nan nan nan
1.400000e+00 2.400000e-01 nan nan nan nan
1.450000e+00 2.400000e-01 nan nan nan nan
1.500000e+00 2.400000e-01 nan nan nan nan
1.550000e+00 2.400000e-01 nan nan nan nan
1.600000e+00 2.400000e-01 nan nan nan nan
1.650000e+00 2.400000e-01 nan nan nan nan
1.700000e+00 2.400000e-01 nan nan nan nan
1.750000e+00 2.400000e-01 nan nan nan nan
1.800000e+00 2.400000e-01 nan nan nan nan
1.850000e+00 2.400000e-01 nan nan nan nan
1.900000e+00 2.400000e-01 nan nan nan nan
1.950000e+00 2.400000e-01 nan nan nan nan
2.000000e+00 2.400000e-01 nan nan nan nan
2.050000e+00 2.400000e-01 nan nan nan nan
2.100000e+00 2.400000e-01 nan nan nan nan
2.150000e+00 2.400000e-01 nan nan nan nan
2.200000e+00 2.400000e-01 nan nan nan nan
2.250000e+00 2.400000e-01 nan nan nan nan
2.300000e+00 2.400000e-01 nan nan nan nan
2.350000e+00 2.400000e-01 nan nan nan nan
2.400000e+00 2.400000e-01 nan nan nan nan
2.450000e+00 2.400000e-01 nan nan nan nan
2.500000e+00 2.400000e-01 nan nan nan nan
2.550000e+00 2.400000e-01 nan nan nan nan
2.600000e+00 2.400000e-01 nan nan nan nan
2.650000e+00 2.400000e-01 nan nan nan nan
2.700000e+00 2.400000e-01 nan nan nan nan
2.750000e+00 2.400000e-01 nan nan nan nan
2.800000e+00 2.400000e-01 nan nan nan nan
2.850000e+00 2.400000e-01 nan nan nan nan
2.900000e+00 2.400000e-01 nan nan nan nan
2.950000e+00 2.400000e-01 nan nan nan nan
3.000000e+00 2.400000e-01 nan nan nan nan
3.050000e+00 2.400000e-01 nan nan nan nan
3.100000e+00 2.400000e-01 nan nan nan nan
3.150000e+00 2.400000e-01 nan nan nan nan
3.200000e+00 2.400000e-01 nan nan nan nan
3.250000e+00 2.400000e-01 nan nan nan nan
3.300000e+00 2.400000e-01 nan nan nan nan
3.350000e+00 2.400000e-01 nan nan nan nan
3.400000e+00 2.400000e-01 nan nan nan nan
3.450000e+00 2.400000e-01 nan nan nan nan
3.500000e+00 2.400000e-01 nan nan nan nan
3.550000e+00 2.400000e-01 nan nan nan nan
3.600000e+00 2.400000e-01 nan nan nan nan
3.650000e+00 2.400000e-01 nan nan nan nan
3.700000e+00 2.400000e-01 nan nan nan nan
3.750000e+00 2.400000e-01 nan nan nan nan
3.800000e+00 2.400000e-01 nan nan nan nan
3.850000e+00 2.400000e-01 nan nan nan nan
3.900000e+00 2.400000e-01 nan nan nan nan
3.950000e+00 2.400000e-01 nan nan nan nan
4.000000e+00 2.400000e-01 nan nan nan nan
4.050000e+00 2.400000e-01 nan nan nan nan
4.100000e+00 2.400000e-01 nan nan nan nan
4.150000e+00 2.400000e-01 nan nan nan nan
4.200000e+00 2.400000e-01 nan nan nan nan
4.250000e+00 2.400000e-01 nan nan nan nan
4.300000e+00 2.400000e-01 nan nan nan nan
4.350000e+00 2.400000e-01 nan nan nan nan
4.400000e+00 2.400000e-01 nan nan nan nan
4.450000e+00 2.400000e-01 nan nan nan nan
4.500000e+00 2.400000e-01 nan nan nan nan
4.550000e+00 2.400000e-01 nan nan nan nan
4.600000e+00 2.400000e-01 nan nan nan nan
4.650000e+00 2.400000e-01 nan nan nan nan
4.700000e+00 2.400000e-01 nan nan nan nan
4.750000e+00 2.400000e-01 nan nan nan nan
4.800000e+00 2.400000e-01 nan nan nan nan
4.850000e+00 2.400000e-01 nan nan nan nan
4.900000e+00 2.400000e-01 nan nan nan nan
4.950000e+00 2.400000e-01 nan nan nan nan
5.000000e+00 2.400000e-01 nan nan nan nan
5.050000e+00 2.400000e-01 nan nan nan nan
5.100000e+00 2.400000e-01 nan nan nan nan
5.150000e+00 2.400000e-01 nan nan nan nan
5.200000e+00 2.400000e-01 nan nan nan nan
5.250000e+00 2.400000e-01 nan nan nan nan
5.300000e+00 2.400000e-01 nan nan nan nan
5.350000e+00 2.400000e-01 nan nan nan nan
5.400000e+00 2.400000e-01 nan nan nan nan
5.450000e+00 2.400000e-01 nan nan nan nan
5.500000e+00 2.400000e-01 nan nan nan nan
5.550000e+00 2.400000e-01 nan nan nan nan
5.600000e+00 2.400000e-01 nan nan nan nan
5.650000e+00 2.400000e-01 nan nan nan nan
5.700000e+00 2.400000e-01 nan nan nan nan
5.750000e+00 2.400000e-01 nan nan nan nan
5.800000e+00 2.400000e-01 nan nan nan nan
5.850000e+00 2.400000e-01 nan nan nan nan
5.900000e+00 2.400000e-01 nan nan nan nan
5.950000e+00 2.400000e-01 nan nan nan nan
6.000000e+00 2.400000e-01 nan nan nan nan
6.050000e+00 2.400000e-01 nan nan nan nan
6.100000e+00 2.400000e-01 nan nan nan nan
6.150000e+00 2.400000e-01 nan nan nan nan
6.200000e+00 2.400000e-01 nan nan nan nan
6.250000e+00 2.400000e-01 nan nan nan nan
6.300000e+00 2.400000e-01 nan nan nan nan
6.350000e+00 2.400000e-01 nan nan nan nan
6.400000e+00 2.400000e-01 nan nan nan nan
6.450000e+00 2.400000e-01 nan nan nan nan
6.500000e+00 2.400000e-01 nan nan nan nan
6.550000e+00 2.400000e-01 nan nan nan nan
6.600000e+00 2.400000e-01 nan nan nan nan
6.650000e+00 2.400000e-01 nan nan nan nan
6.700000e+00 2.400000e-01 nan nan nan nan
6.750000e+00 2.400000e-01 nan nan nan nan
6.800000e+00 2.400000e-01 nan nan nan nan
6.850000e+00 2.400000e-01 nan nan nan nan
6.900000e+00 2.400000e-01 nan nan nan nan
6.950000e+00 2.400000e-01 nan nan nan nan
7.000000e+00 2.400000e-01 nan nan nan nan
7.050000e+00 2.400000e-01 nan nan nan nan
7.100000e+00 2.400000e-01 nan nan nan nan
7.150000e+00 2.400000e-01 nan nan nan nan
7.200000e+00 2.400000e-01 nan nan nan nan
7.250000e+00 2.400000e-01 nan nan nan nan
7.300000e+00 2.400000e-01 nan nan nan nan
7.350000e+00 2.400000e-01 nan nan nan nan
7.400000e+00 2.400000e-01 nan nan nan nan
7.450000e+00 2.400000e-01 nan nan nan nan
7.500000e+00 2.400000e-01 nan nan nan nan
7.550000e+00 2.400000e-01 nan nan nan nan
7.600000e+00 2.400000e-01 nan nan nan nan
7.650000e+00 2.400000e-01 nan nan nan nan
7.700000e+00 2.400000e-01 nan nan nan nan
7.750000e+00 2.400000e-01 nan nan nan nan
7.800000e+00 2.400000e-01 nan nan nan nan
7.850000e+00 2.400000e-01 nan nan nan nan
7.900000e+00 2.400000e-01 nan nan nan nan
7.950000e+00 2.400000e-01 nan nan nan nan
8.000000e+00 2.400000e-01 nan nan nan nan
8.050000e+00 2.400000e-01 nan nan nan nan
8.100000e+00 2.400000e-01 nan nan nan nan
8.150000e+00 2.400000e-01 nan nan nan nan
8.200000e+00 2.400000e-01 nan nan nan nan
8.250000e+00 2.400000e-01 nan nan nan nan
8.300000e+00 2.400000e-01 nan nan nan nan
8.350000e+00 2.400000e-01 nan nan nan nan
8.400000e+00 2.400000e-01 nan nan nan nan
8.450000e+00 2.400000e-01 nan nan nan nan
8.500000e+00 2.400000e-01 nan nan nan nan
8.550000e+00 2.400000e-01 nan nan nan nan
8.600000e+00 2.400000e-01 nan nan nan nan
8.650000e+00 2.400000e-01 nan nan nan nan
8.700000e+00 2.400000e-01 nan nan nan nan
8.750000e+00 2.400000e-01 nan nan nan nan
8.800000e+00 2.400000e-01 nan nan nan nan
8.850000e+00 2.400000e-01 nan nan nan nan
8.900000e+00 2.400000e-01 nan nan nan nan
8.950000e+00 2.400000e-01 nan nan nan nan
9.000000e+00 2.400000e-01 nan nan nan nan
9.050000e+00 2.400000e-01 nan nan nan nan
9.100000e+00 2.400000e-01 nan nan nan nan
9.150000e+00 2.400000e-01 nan nan nan nan
9.200000e+00 2.400000e-01 nan nan nan nan
9.250000e+00 2.400000e-01 nan nan nan nan
9.300000e+00 2.400000e-01 nan nan nan nan
9.350000e+00 2.400000e-01 nan nan nan nan
9.400000e+00 2.400000e-01 nan nan nan nan
9.450000e+00 2.400000e-01 nan nan nan nan
9.500000e+00 2.400000e-01 nan nan nan nan
9.550000e+00 2.400000e-01 nan nan nan nan
9.600000e+00 2.400000e-01 nan nan nan nan
9.650000e+00 2.400000e-01 nan nan nan nan
9.700000e+00 2.400000e-01 nan nan nan nan
9.750000e+00 2.400000e-01 nan nan nan nan
9.800000e+00 2.400000e-01 nan nan nan nan
9.850000e+00 2.400000e-01 nan nan nan nan
9.900000e+00 2.400000e-01 nan nan nan nan
9.950000e+00 2.400000e-01 nan nan nan nan
1.000000e+01 2.400000e-01 1.450560e-01 nan 0.000000e+00 0.000000e+00
0.000000e+00 2.600000e-01 1.675440e-01 -2.880000e+00 0.000000e+00 0.000000e+00
5.000000e-02 2.600000e-01 nan nan nan nan
1.000000e-01 2.600000e-01 nan nan nan nan
1.500000e-01 2.600000e-01 nan nan nan nan
2.000000e-01 2.600000e-01 nan nan nan nan
2.500000e-01 2.600000e-01 nan nan nan nan
3.000000e-01 2.600000e-01 nan nan nan nan
3.500000e-01 2.600000e-01 nan nan nan nan
4.000000e-01 2.600000e-01 nan nan nan nan
4.500000e-01 2.600000e-01 nan nan nan nan
5.000000e-01 2.600000e-01 nan nan nan nan
5.500000e-01 2.600000e-01 nan nan nan nan
6.000000e-01 2.600000e-01 nan nan nan nan
6.500000e-01 2.600000e-01 nan nan nan nan
7.000000e-01 2.600000e-01 nan nan nan nan
7.500000e-01 2.600000e-01 nan nan nan nan
8.000000e-01 2.600000e-01 nan nan nan nan
8.500000e-01 2.600000e-01 nan nan nan nan
9.000000e-01 2.600000e-01 nan nan nan nan
9.500000e-01 2.600000e-01 nan nan nan nan
1.000000e+00 2.600000e-01 nan nan nan nan
1.050000e+00 2.600000e-01 nan nan nan nan
1.100000e+00 2.600000e-01 nan nan nan nan
1.150000e+00 2.600000e-01 nan nan nan nan
1.200000e+00 2.600000e-01 nan nan nan nan
1.250000e+00 2.600000e-01 nan nan nan nan
1.300000e+00 2.600000e-01 nan nan nan nan
1.350000e+00 2.600000e-01 nan nan nan nan
1.400000e+00 2.600000e-01 nan nan nan nan
1.450000e+00 2.600000e-01 nan nan nan nan
1.500000e+00 2.600000e-01 nan nan nan nan
1.550000e+00 2.600000e-01 nan nan nan nan
1.600000e+00 2.600000e-01 nan nan nan nan
1.650000e+00 2.600000e-01 nan nan nan nan
1.700000e+00 2.600000e-01 nan nan nan nan
1.750000e+00 2.600000e-01 nan nan nan nan
1.800000e+00 2.600000e-01 nan nan nan nan
1.850000e+00 2.600000e-01 nan nan nan nan
1.900000e+00 2.600000e-01 nan nan nan nan
1.950000e+00 2.600000e-01 nan nan nan nan
2.000000e+00 2.600000e-01 nan nan nan nan
2.050000e+00 2.600000e-01 nan nan nan nan
2.100000e+00 2.600000e-01 nan nan nan nan
2.150000e+00 2.600000e-01 nan nan nan nan
2.200000e+00 2.600000e-01 nan nan nan nan
2.250000e+00 2.600000e-01 nan nan nan nan
2.300000e+00 2.600000e-01 nan nan nan nan
2.350000e+00 2.600000e-01 nan nan nan nan
2.400000e+00 2.600000e-01 nan nan nan nan
2.450000e+00 2.600000e-01 nan nan nan nan
2.500000e+00 2.600000e-01 nan nan nan nan
2.550000e+00 2.600000e-01 nan nan nan nan
2.600000e+00 2.600000e-01 nan nan nan nan
2.650000e+00 2.600000e-01 nan nan nan nan
2.700000e+00 2.600000e-01 nan nan nan nan
2.750000e+00 2.600000e-01 nan nan nan nan
2.800000e+00 2.600000e-01 nan nan nan nan
2.850000e+00 2.600000e-01 nan nan nan nan
2.900000e+00 2.600000e-01 nan nan nan nan
2.950000e+00 2.600000e-01 nan nan nan nan
3.000000e+00 2.600000e-01 nan nan nan nan
3.050000e+00 2.600000e-01 nan nan nan nan
3.100000e+00 2.600000e-01 nan nan nan nan
3.150000e+00 2.600000e-01 nan nan nan nan
3.200000e+00 2.600000e-01 nan nan nan nan
3.250000e+00 2.600000e-01 nan nan nan nan
3.300000e+00 2.600000e-01 nan nan nan nan
3.350000e+00 2.600000e-01 nan nan nan nan
3.400000e+00 2.600000e-01 nan nan nan nan
3.450000e+00 2.600000e-01 nan nan nan nan
3.500000e+00 2.600000e-01 nan nan nan nan
3.550000e+00 2.600000e-01 nan nan nan nan
3.600000e+00 2.600000e-01 nan nan nan nan
3.650000e+00 2.600000e-01 nan nan nan nan
3.700000e+00 2.600000e-01 nan nan nan nan
3.750000e+00 2.600000e-01 nan nan nan nan
3.800000e+00 2.600000e-01 nan nan nan nan
3.850000e+00 2.600000e-01 nan nan nan nan
3.900000e+00 2.600000e-01 nan nan nan nan
3.950000e+00 2.600000e-01 nan nan nan nan
4.000000e+00 2.600000e-01 nan nan nan nan
4.050000e+00 2.600000e-01 nan nan nan nan
4.100000e+00 2.600000e-01 nan nan nan nan
4.150000e+00 2.600000e-01 nan nan nan nan
4.200000e+00 2.600000e-01 nan nan nan nan
4.250000e+00 2.600000e-01 nan nan nan nan
4.300000e+00 2.600000e-01 nan nan nan nan
4.350000e+00 2.600000e-01 nan nan nan nan
4.400000e+00 2.600000e-01 nan nan nan nan
4.450000e+00 2.600000e-01 nan nan nan nan
4.500000e+00 2.600000e-01 nan nan nan nan
4.550000e+00 2.600000e-01 nan nan nan nan
4.600000e+00 2.600000e-01 nan nan nan nan
4.650000e+00 2.600000e-01 nan nan nan nan
4.700000e+00 2.600000e-01 nan nan nan nan
4.750000e+00 2.600000e-01 nan nan nan nan
4.800000e+00 2.600000e-01 nan nan nan nan
4.850000e+00 2.600000e-01 nan nan nan nan
4.900000e+00 2.600000e-01 nan nan nan nan
4.950000e+00 2.600000e-01 nan nan nan nan
5.000000e+00 2.600000e-01 nan nan nan nan
5.050000e+00 2.600000e-01 nan nan nan nan
5.100000e+00 2.600000e-01 nan nan nan nan
5.150000e+00 2.600000e-01 nan nan nan nan
5.200000e+00 2.600000e-01 nan nan nan nan
5.250000e+00 2.600000e-01 nan nan nan nan
5.300000e+00 2.600000e-01 nan nan nan nan
5.350000e+00 2.600000e-01 nan nan nan nan
5.400000e+00 2.600000e-01 nan nan nan nan
5.450000e+00 2.600000e-01 nan nan nan nan
5.500000e+00 2.600000e-01 nan nan nan nan
5.550000e+00 2.600000e-01 nan nan nan nan
5.600000e+00 2.600000e-01 nan nan nan nan
5.650000e+00 2.600000e-01 nan nan nan nan
5.700000e+00 2.600000e-01 nan nan nan nan
5.750000e+00 2.600000e-01 nan nan nan nan
5.800000e+00 2.600000e-01 nan nan nan nan
5.850000e+00 2.600000e-01 nan nan nan nan
5.900000e+00 2.600000e-01 nan nan nan nan
5.950000e+00 2.600000e-01 nan nan nan nan
6.000000e+00 2.600000e-01 nan nan nan nan
6.050000e+00 2.600000e-01 nan nan nan nan
6.100000e+00 2.600000e-01 nan nan nan nan
6.150000e+00 2.600000e-01 nan nan nan nan
6.200000e+00 2.600000e-01 nan nan nan nan
6.250000e+00 2.600000e-01 nan nan nan nan
6.300000e+00 2.600000e-01 nan nan nan nan
6.350000e+00 2.600000e-01 nan nan nan nan
6.400000e+00 2.600000e-01 nan nan nan nan
6.450000e+00 2.600000e-01 nan nan nan nan
6.500000e+00 2.600000e-01 nan nan nan nan
6.550000e+00 2.600000e-01 nan nan nan nan
6.600000e+00 2.600000e-01 nan nan nan nan
6.650000e+00 2.600000e-01 nan nan nan nan
6.700000e+00 2.600000e-01 nan nan nan nan
6.750000e+00 2.600000e-01 nan nan nan nan
6.800000e+00 2.600000e-01 nan nan nan nan
6.850000e+00 2.600000e-01 nan nan nan nan
6.900000e+00 2.600000e-01 nan nan nan nan
6.950000e+00 2.600000e-01 nan nan nan nan
7.000000e+00 2.600000e-01 nan nan nan nan
7.050000e+00 2.600000e-01 nan nan nan nan
7.100000e+00 2.600000e-01 nan nan nan nan
7.150000e+00 2.600000e-01 nan nan nan nan
7.200000e+00 2.600000e-01 nan nan nan nan
7.250000e+00 2.600000e-01 nan nan nan nan
7.300000e+00 2.600000e-01 nan nan nan nan
7.350000e+00 2.600000e-01 nan nan nan nan
7.400000e+00 2.600000e-01 nan nan nan nan
7.450000e+00 2.600000e-01 nan nan nan nan
7.500000e+00 2.600000e-01 nan nan nan nan
7.550000e+00 2.600000e-01 nan nan nan nan
7.600000e+00 2.600000e-01 nan nan nan nan
7.650000e+00 2.600000e-01 nan nan nan nan
7.700000e+00 2.600000e-01 nan nan nan nan
7.750000e+00 2.600000e-01 nan nan nan nan
7.800000e+00 2.600000e-01 nan nan nan nan
7.850000e+00 2.600000e-01 nan nan nan nan
7.900000e+00 2.600000e-01 nan nan nan nan
7.950000e+00 2.600000e-01 nan nan nan nan
8.000000e+00 2.600000e-01 nan nan nan nan
8.050000e+00 2.600000e-01 nan nan nan nan
8.100000e+00 2.600000e-01 nan nan nan nan
8.150000e+00 2.600000e-01 nan nan nan nan
8.200000e+00 2.600000e-01 nan nan nan nan
8.250000e+00 2.600000e-01 nan nan nan nan
8.300000e+00 2.600000e-01 nan nan nan nan
8.350000e+00 2.600000e-01 nan nan nan nan
8.400000e+00 2.600000e-01 nan nan nan nan
8.450000e+00 2.600000e-01 nan nan nan nan
8.500000e+00 2.600000e-01 nan nan nan nan
8.550000e+00 2.600000e-01 nan nan nan nan
8.600000e+00 2.600000e-01 nan nan nan nan
8.650000e+00 2.600000e-01 nan nan nan nan
8.700000e+00 2.600000e-01 nan nan nan nan
8.750000e+00 2.600000e-01 nan nan nan nan
8.800000e+00 2.600000e-01 nan nan nan nan
8.850000e+00 2.600000e-01 nan nan nan nan
8.900000e+00 2.600000e-01 nan nan nan nan
8.950000e+00 2.600000e-01 nan nan nan nan
9.000000e+00 2.600000e-01 nan nan nan nan
9.050000e+00 2.600000e-01 nan nan nan nan
9.100000e+00 2.600000e-01 nan nan nan nan
9.150000e+00 2.600000e-01 nan nan nan nan
9.200000e+00 2.600000e-01 nan nan nan nan
9.250000e+00 2.600000e-01 nan nan nan nan
9.300000e+00 2.600000e-01 nan nan nan nan
9.350000e+00 2.600000e-01 nan nan nan nan
9.400000e+00 2.600000e-01 nan nan nan nan
9.450000e+00 2.600000e-01 nan nan nan nan
9.500000e+00 2.600000e-01 nan nan nan nan
9.550000e+00 2.600000e-01 nan nan nan nan
9.600000e+00 2.600000e-01 nan nan nan nan
9.650000e+00 2.600000e-01 nan nan nan nan
9.700000e+00 2.600000e-01 nan nan nan nan
9.750000e+00 2.600000e-01 nan nan nan nan
9.800000e+00 2.600000e-01 nan nan nan nan
9.850000e+00 2.600000e-01 nan nan nan nan
9.900000e+00 2.600000e-01 nan nan nan nan
9.950000e+00 2.600000e-01 nan nan nan nan
1.000000e+01 2.600000e-01 1.675440e-01 nan 0.000000e+00 0.000000e+00
0.000000e+00 2.800000e-01 1.911840e-01 -2.640000e+00 0.000000e+00 0.000000e+00
5.000000e-02 2.800000e-01 nan nan nan nan
1.000000e-01 2.800000e-01 nan nan nan nan
1.500000e-01 2.800000e-01 nan nan nan nan
2.000000e-01 2.800000e-01 nan nan nan nan
2.500000e-01 2.800000e-01 nan nan nan nan
3.000000e-01 2.800000e-01 nan nan nan nan
3.500000e-01 2.800000e-01 nan nan nan nan
4.000000e-01 2.800000e-01 nan nan nan nan
4.500000e-01 2.800000e-01 nan nan nan nan
5.000000e-01 2.800000e-01 nan nan nan nan
5.500000e-01 2.800000e-01 nan nan nan nan
6.000000e-01 2.800000e-01 nan nan nan nan
6.500000e-01 2.800000e-01 nan nan nan nan
7.000000e-01 2.800000e-01 nan nan nan nan
7.500000e-01 2.800000e-01 nan nan nan nan
8.000000e-01 2.800000e-01 nan nan nan nan
8.500000e-01 2.800000e-01 nan nan nan nan
9.000000e-01 2.800000e-01 nan nan nan nan
9.500000e-01 2.800000e-01 nan nan nan nan
1.000000e+00 2.800000e-01 nan nan nan nan
1.050000e+00 2.800000e-01 nan nan nan nan
1.100000e+00 2.800000e-01 nan nan nan nan
1.150000e+00 2.800000e-01 nan nan nan nan
1.200000e+00 2.800000e-01 nan nan nan nan
1.250000e+00 2.800000e-01 nan nan nan nan
1.300000e+00 2.800000e-01 nan nan nan nan
1.350000e+00 2.800000e-01 nan nan nan nan
1.400000e+00 2.800000e-01 nan nan nan nan
1.450000e+00 2.800000e-01 nan nan nan nan
1.500000e+00 2.800000e-01 nan nan nan nan
1.550000e+00 2.800000e-01 nan nan nan nan
1.600000e+00 2.800000e-01 nan nan nan nan
1.650000e+00 2.800000e-01 nan nan nan nan
1.700000e+00 2.800000e-01 nan nan nan nan
1.750000e+00 2.800000e-01 nan nan nan nan
1.800000e+00 2.800000e-01 nan nan nan nan
1.850000e+00 2.800000e-01 nan nan nan nan
1.900000e+00 2.800000e-01 nan nan nan nan
1.950000e+00 2.800000e-01 nan nan nan nan
2.000000e+00 2.800000e-01 nan nan nan nan
2.050000e+00 2.800000e-01 nan nan nan nan
2.100000e+00 2.800000e-01 nan nan nan nan
2.150000e+00 2.800000e-01 nan nan nan nan
2.200000e+00 2.800000e-01 nan nan nan nan
2.250000e+00 2.800000e-01 nan nan nan nan
2.300000e+00 2.800000e-01 nan nan nan nan
2.350000e+00 2.800000e-01 nan nan nan nan
2.400000e+00 2.800000e-01 nan nan nan nan
2.450000e+00 2.800000e-01 nan nan nan nan
2.500000e+00 2.800000e-01 nan nan nan nan
2.550000e+00 2.800000e-01 nan nan nan nan
2.600000e+00 2.800000e-01 nan nan nan nan
2.650000e+00 2.800000e-01 nan nan nan nan
2.700000e+00 2.800000e-01 nan nan nan nan
2.750000e+00 2.800000e-01 nan nan nan nan
2.800000e+00 2.800000e-01 nan nan nan nan
2.850000e+00 2.800000e-01 nan nan nan nan
2.900000e+00 2.800000e-01 nan nan nan nan
2.950000e+00 2.800000e-01 nan nan nan nan
3.000000e+00 2.800000e-01 nan nan nan nan
3.050000e+00 2.800000e-01 nan nan nan nan
3.100000e+00 2.800000e-01 nan nan nan nan
3.150000e+00 2.800000e-01 nan nan nan nan
3.200000e+00 2.800000e-01 nan nan nan nan
3.250000e+00 2.800000e-01 nan nan nan nan
3.300000e+00 2.800000e-01 nan nan nan nan
3.350000e+00 2.800000e-01 nan nan nan nan
3.400000e+00 2.800000e-01 nan nan nan nan
3.450000e+00 2.800000e-01 nan nan nan nan
3.500000e+00 2.800000e-01 nan nan nan nan
3.550000e+00 2.800000e-01 nan nan nan nan
3.600000e+00 2.800000e-01 nan nan nan nan
3.650000e+00 2.800000e-01 nan nan nan nan
3.700000e+00 2.800000e-01 nan nan nan nan
3.750000e+00 2.800000e-01 nan nan nan nan
3.800000e+00 2.800000e-01 nan nan nan nan
3.850000e+00 2.800000e-01 nan nan nan nan
3.900000e+00 2.800000e-01 nan nan nan nan
3.950000e+00 2.800000e-01 nan nan nan nan
4.000000e+00 2.800000e-01 nan nan nan nan
4.050000e+00 2.800000e-01 nan nan nan nan
4.100000e+00 2.800000e-01 nan nan nan nan
4.150000e+00 2.800000e-01 nan nan nan nan
4.200000e+00 2.800000e-01 nan nan nan nan
4.250000e+00 2.800000e-01 nan nan nan nan
4.300000e+00 2.800000e-01 nan nan nan nan
4.350000e+00 2.800000e-01 nan nan nan nan
4.400000e+00 2.800000e-01 nan nan nan nan
4.450000e+00 2.800000e-01 nan nan nan nan
4.500000e+00 2.800000e-01 nan nan nan nan
4.550000e+00 2.800000e-01 nan nan nan nan
4.600000e+00 2.800000e-01 nan nan nan nan
4.650000e+00 2.800000e-01 nan nan nan nan
4.700000e+00 2.800000e-01 nan nan nan nan
4.750000e+00 2.800000e-01 nan nan nan nan
4.800000e+00 2.800000e-01 nan nan nan nan
4.850000e+00 2.800000e-01 nan nan nan nan
4.900000e+00 2.800000e-01 nan nan nan nan
4.950000e+00 2.800000e-01 nan nan nan nan
5.000000e+00 2.800000e-01 nan nan nan nan
5.050000e+00 2.800000e-01 nan nan nan nan
5.100000e+00 2.800000e-01 nan nan nan nan
5.150000e+00 2.800000e-01 nan nan nan nan
5.200000e+00 2.800000e-01 nan nan nan nan
5.250000e+00 2.800000e-01 nan nan nan nan
5.300000e+00 2.800000e-01 nan nan nan nan
5.350000e+00 2.800000e-01 nan nan nan nan
5.400000e+00 2.800000e-01 nan nan nan nan
5.450000e+00 2.800000e-01 nan nan nan nan
5.500000e+00 2.800000e-01 nan nan nan nan
5.550000e+00 2.800000e-01 nan nan nan nan
5.600000e+00 2.800000e-01 nan nan nan nan
5.650000e+00 2.800000e-01 nan nan nan nan
5.700000e+00 2.800000e-01 nan nan nan nan
5.750000e+00 2.800000e-01 nan nan nan nan
5.800000e+00 2.800000e-01 nan nan nan nan
5.850000e+00 2.800000e-01 nan nan nan nan
5.900000e+00 2.800000e-01 nan nan nan nan
5.950000e+00 2.800000e-01 nan nan nan nan
6.000000e+00 2.800000e-01 nan nan nan nan
6.050000e+00 2.800000e-01 nan nan nan nan
6.100000e+00 2.800000e-01 nan nan nan nan
6.150000e+00 2.800000e-01 nan nan nan nan
6.200000e+00 2.800000e-01 nan nan nan nan
6.250000e+00 2.800000e-01 nan nan nan nan
6.300000e+00 2.800000e-01 nan nan nan nan
6.350000e+00 2.800000e-01 nan nan nan nan
6.400000e+00 2.800000e-01 nan nan nan nan
6.450000e+00 2.800000e-01 nan nan nan nan
6.500000e+00 2.800000e-01 nan nan nan nan
6.550000e+00 2.800000e-01 nan nan nan nan
6.600000e+00 2.800000e-01 nan nan nan nan
6.650000e+00 2.800000e-01 nan nan nan nan
6.700000e+00 2.800000e-01 nan nan nan nan
6.750000e+00 2.800000e-01 nan nan nan nan
6.800000e+00 2.800000e-01 nan nan nan nan
6.850000e+00 2.800000e-01 nan nan nan nan
6.900000e+00 2.800000e-01 nan nan nan nan
6.950000e+00 2.800000e-01 nan nan nan nan
7.000000e+00 2.800000e-01 nan nan nan nan
7.050000e+00 2.800000e-01 nan nan nan nan
7.100000e+00 2.800000e-01 nan nan nan nan
7.150000e+00 2.800000e-01 nan nan nan nan
7.200000e+00 2.800000e-01 nan nan nan nan
7.250000e+00 2.800000e-01 nan nan nan nan
7.300000e+00 2.800000e-01 nan nan nan nan
7.350000e+00 2.800000e-01 nan nan nan nan
7.400000e+00 2.800000e-01 nan nan nan nan
7.450000e+00 2.800000e-01 nan nan nan nan
7.500000e+00 2.800000e-01 nan nan nan nan
7.550000e+00 2.800000e-01 nan nan nan nan
7.600000e+00 2.800000e-01 nan nan nan nan
7.650000e+00 2.800000e-01 nan nan nan nan
7.700000e+00 2.800000e-01 nan nan nan nan
7.750000e+00 2.800000e-01 nan nan nan nan
7.800000e+00 2.800000e-01 nan nan nan nan
7.850000e+00 2.800000e-01 nan nan nan nan
7.900000e+00 2.800000e-01 nan nan nan nan
7.950000e+00 2.800000e-01 nan nan nan nan
8.000000e+00 2.800000e-01 nan nan nan nan
8.050000e+00 2.800000e-01 nan nan nan nan
8.100000e+00 2.800000e-01 nan nan nan nan
8.150000e+00 2.800000e-01 nan nan nan nan
8.200000e+00 2.800000e-01 nan nan nan nan
8.250000e+00 2.800000e-01 nan nan nan nan
8.300000e+00 2.800000e-01 nan nan nan nan
8.350000e+00 2.800000e-01 nan nan nan nan
8.400000e+00 2.800000e-01 nan nan nan nan
8.450000e+00 2.800000e-01 nan nan nan nan
8.500000e+00 2.800000e-01 nan nan nan nan
8.550000e+00 2.800000e-01 nan nan nan nan
8.600000e+00 2.800000e-01 nan nan nan nan
8.650000e+00 2.800000e-01 nan nan nan nan
8.700000e+00 2.800000e-01 nan nan nan nan
8.750000e+00 2.800000e-01 nan nan nan nan
8.800000e+00 2.800000e-01 nan nan nan nan
8.850000e+00 2.800000e-01 nan nan nan nan
8.900000e+00 2.800000e-01 nan nan nan nan
8.950000e+00 2.800000e-01 nan nan nan nan
9.000000e+00 2.800000e-01 nan nan nan nan
9.050000e+00 2.800000e-01 nan nan nan nan
9.100000e+00 2.800000e-01 nan nan nan nan
9.150000e+00 2.800000e-01 nan nan nan nan
9.200000e+00 2.800000e-01 nan nan nan nan
9.250000e+00 2.800000e-01 nan nan nan nan
9.300000e+00 2.800000e-01 nan nan nan nan
9.350000e+00 2.800000e-01 nan nan nan nan
9.400000e+00 2.800000e-01 nan nan nan nan
9.450000e+00 2.800000e-01 nan nan nan nan
9.500000e+00 2.800000e-01 nan nan nan nan
9.550000e+00 2.800000e-01 nan nan nan nan
9.600000e+00 2.800000e-01 nan nan nan nan
9.650000e+00 2.800000e-01 nan nan nan nan
9.700000e+00 2.800000e-01 nan nan nan nan
9.750000e+00 2.800000e-01 nan nan nan nan
9.800000e+00 2.800000e-01 nan nan nan nan
9.850000e+00 2.800000e-01 nan nan nan nan
9.900000e+00 2.800000e-01 nan nan nan nan
9.950000e+00 2.800000e-01 nan nan nan nan
1.000000e+01 2.800000e-01 1.911840e-01 nan 0.000000e+00 0.000000e+00
0.000000e+00 3.000000e-01 2.158800e-01 -2.400000e+00 0.000000e+00 0.000000e+00
5.000000e-02 3.000000e-01 nan nan nan nan
1.000000e-01 3.000000e-01 nan nan nan nan
1.500000e-01 3.000000e-01 nan nan nan nan
2.000000e-01 3.000000e-01 nan nan nan nan
2.500000e-01 3.000000e-01 nan nan nan nan
3.000000e-01 3.000000e-01 nan nan nan nan
3.500000e-01 3.000000e-01 nan nan nan nan
4.000000e-01 3.000000e-01 nan nan nan nan
4.500000e-01 3.000000e-01 nan nan nan nan
5.000000e-01 3.000000e-01 nan nan nan nan
5.500000e-01 3.000000e-01 nan nan nan nan
6.000000e-01 3.000000e-01 nan nan nan nan
6.500000e-01 3.000000e-01 nan nan nan nan
7.000000e-01 3.000000e-01 nan nan nan nan
7.500000e-01 3.000000e-01 nan nan nan nan
8.000000e-01 3.000000e-01 nan nan nan nan
8.500000e-01 3.000000e-01 nan nan nan nan
9.000000e-01 3.000000e-01 nan nan nan nan
9.500000e-01 3.000000e-01 nan nan nan nan
1.000000e+00 3.000000e-01 nan nan nan nan
1.050000e+00 3.000000e-01 nan nan nan nan
1.100000e+00 3.000000e-01 nan nan nan nan
1.150000e+00 3.000000e-01 nan nan nan nan
1.200000e+00 3.000000e-01 nan nan nan nan
1.250000e+00 3.000000e-01 nan nan nan nan
1.300000e+00 3.000000e-01 nan nan nan nan
1.350000e+00 3.000000e-01 nan nan nan nan
1.400000e+00 3.000000e-01 nan nan nan nan
1.450000e+00 3.000000e-01 nan nan nan nan
1.500000e+00 3.000000e-01 nan nan nan nan
1.550000e+00 3.000000e-01 nan nan nan nan
1.600000e+00 3.000000e-01 nan nan nan nan
1.650000e+00 3.000000e-01 nan nan nan nan
1.700000e+00 3.000000e-01 nan nan nan nan
1.750000e+00 3.000000e-01 nan nan nan nan
1.800000e+00 3.000000e-01 nan nan nan nan
1.850000e+00 3.000000e-01 nan nan nan nan
1.900000e+00 3.000000e-01 nan nan nan nan
1.950000e+00 3.000000e-01 nan nan nan nan
2.000000e+00 3.000000e-01 nan nan nan nan
2.050000e+00 3.000000e-01 nan nan nan nan
2.100000e+00 3.000000e-01 nan nan nan nan
2.150000e+00 3.000000e-01 nan nan nan nan
2.200000e+00 3.000000e-01 nan nan nan nan
2.250000e+00 3.000000e-01 nan nan nan nan
2.300000e+00 3.000000e-01 nan nan nan nan
2.350000e+00 3.000000e-01 nan nan nan nan
2.400000e+00 3.000000e-01 nan nan nan nan
2.450000e+00 3.000000e-01 nan nan nan nan
2.500000e+00 3.000000e-01 nan nan nan nan
2.550000e+00 3.000000e-01 nan nan nan nan
2.600000e+00 3.000000e-01 nan nan nan nan
2.650000e+00 3.000000e-01 nan nan nan nan
2.700000e+00 3.000000e-01 nan nan nan nan
2.750000e+00 3.000000e-01 nan nan nan nan
2.800000e+00 3.000000e-01 nan nan nan nan
2.850000e+00 3.000000e-01 nan nan nan nan
2.900000e+00 3.000000e-01 nan nan nan nan
2.950000e+00 3.000000e-01 nan nan nan nan
3.000000e+00 3.000000e-01 nan nan nan nan
3.050000e+00 3.000000e-01 nan nan nan nan
3.100000e+00 3.000000e-01 nan nan nan nan
3.150000e+00 3.000000e-01 nan nan nan nan
3.200000e+00 3.000000e-01 nan nan nan nan
3.250000e+00 3.000000e-01 nan nan nan nan
3.300000e+00 3.000000e-01 nan nan nan nan
3.350000e+00 3.000000e-01 nan nan nan nan
3.400000e+00 3.000000e-01 nan nan nan nan
3.450000e+00 3.000000e-01 nan nan nan nan
3.500000e+00 3.000000e-01 nan nan nan nan
3.550000e+00 3.000000e-01 nan nan nan nan
3.600000e+00 3.000000e-01 nan nan nan nan
3.650000e+00 3.000000e-01 nan nan nan nan
3.700000e+00 3.000000e-01 nan nan nan nan
3.750000e+00 3.000000e-01 nan nan nan nan
3.800000e+00 3.000000e-01 nan nan nan nan
3.850000e+00 3.000000e-01 nan nan nan nan
3.900000e+00 3.000000e-01 nan nan nan nan
3.950000e+00 3.000000e-01 nan nan nan nan
4.000000e+00 3.000000e-01 nan nan nan nan
4.050000e+00 3.000000e-01 nan nan nan nan
4.100000e+00 3.000000e-01 nan nan nan nan
4.150000e+00 3.000000e-01 nan nan nan nan
4.200000e+00 3.000000e-01 nan nan nan nan
4.250000e+00 3.000000e-01 nan nan nan nan
4.300000e+00 3.000000e-01 nan nan nan nan
4.350000e+00 3.000000e-01 nan nan nan nan
4.400000e+00 3.000000e-01 nan nan nan nan
4.450000e+00 3.000000e-01 nan nan nan nan
4.500000e+00 3.000000e-01 nan nan nan nan
4.550000e+00 3.000000e-01 nan nan nan nan
4.600000e+00 3.000000e-01 nan nan nan nan
4.650000e+00 3.000000e-01 nan nan nan nan
4.700000e+00 3.000000e-01 nan nan nan nan
4.750000e+00 3.000000e-01 nan nan nan nan
4.800000e+00 3.000000e-01 nan nan nan nan
4.850000e+00 3.000000e-01 nan nan nan nan
4.900000e+00 3.000000e-01 nan nan nan nan
4.950000e+00 3.000000e-01 nan nan nan nan
5.000000e+00 3.000000e-01 nan nan nan nan
5.050000e+00 3.000000e-01 nan nan nan nan
5.100000e+00 3.000000e-01 nan nan nan nan
5.150000e+00 3.000000e-01 nan nan nan nan
5.200000e+00 3.000000e-01 nan nan nan nan
5.250000e+00 3.000000e-01 nan nan nan nan
5.300000e+00 3.000000e-01 nan nan nan nan
5.350000e+00 3.000000e-01 nan nan nan nan
5.400000e+00 3.000000e-01 nan nan nan nan
5.450000e+00 3.000000e-01 nan nan nan nan
5.500000e+00 3.000000e-01 nan nan nan nan
5.550000e+00 3.000000e-01 nan nan nan nan
5.600000e+00 3.000000e-01 nan nan nan nan
5.650000e+00 3.000000e-01 nan nan nan nan
5.700000e+00 3.000000e-01 nan nan nan nan
5.750000e+00 3.000000e-01 nan nan nan nan
5.800000e+00 3.000000e-01 nan nan nan nan
5.850000e+00 3.000000e-01 nan nan nan nan
5.900000e+00 3.000000e-01 nan nan nan nan
5.950000e+00 3.000000e-01 nan nan nan nan
6.000000e+00 3.000000e-01 nan nan nan nan
6.050000e+00 3.000000e-01 nan nan nan nan
6.100000e+00 3.000000e-01 nan nan nan nan
6.150000e+00 3.000000e-01 nan nan nan nan
6.200000e+00 3.000000e-01 nan nan nan nan
6.250000e+00 3.000000e-01 nan nan nan nan
6.300000e+00 3.000000e-01 nan nan nan nan
6.350000e+00 3.000000e-01 nan nan nan nan
6.400000e+00 3.000000e-01 nan nan nan nan
6.450000e+00 3.000000e-01 nan nan nan nan
6.500000e+00 3.000000e-01 nan nan nan nan
6.550000e+00 3.000000e-01 nan nan nan nan
6.600000e+00 3.000000e-01 nan nan nan nan
6.650000e+00 3.000000e-01 nan nan nan nan
6.700000e+00 3.000000e-01 nan nan nan nan
6.750000e+00 3.000000e-01 nan nan nan nan
6.800000e+00 3.000000e-01 nan nan nan nan
6.850000e+00 3.000000e-01 nan nan nan nan
6.900000e+00 3.000000e-01 nan nan nan nan
6.950000e+00 3.000000e-01 nan nan nan nan
7.000000e+00 3.000000e-01 nan nan nan nan
7.050000e+00 3.000000e-01 nan nan nan nan
7.100000e+00 3.000000e-01 nan nan nan nan
7.150000e+00 3.000000e-01 nan nan nan nan
7.200000e+00 3.000000e-01 nan nan nan nan
7.250000e+00 3.000000e-01 nan nan nan nan
7.300000e+00 3.000000e-01 nan nan nan nan
7.350000e+00 3.000000e-01 nan nan nan nan
7.400000e+00 3.000000e-01 nan nan nan nan
7.450000e+00 3.000000e-01 nan nan nan nan
7.500000e+00 3.000000e-01 nan nan nan nan
7.550000e+00 3.000000e-01 nan nan nan nan
7.600000e+00 3.000000e-01 nan nan nan nan
7.650000e+00 3.000000e-01 nan nan nan nan
7.700000e+00 3.000000e-01 nan nan nan nan
7.750000e+00 3.000000e-01 nan nan nan nan
7.800000e+00 3.000000e-01 nan nan nan nan
7.850000e+00 3.000000e-01 nan nan nan nan
7.900000e+00 3.000000e-01 nan nan nan nan
7.950000e+00 3.000000e-01 nan nan nan nan
8.000000e+00 3.000000e-01 nan nan nan nan
8.050000e+00 3.000000e-01 nan nan nan nan
8.100000e+00 3.000000e-01 nan nan nan nan
8.150000e+00 3.000000e-01 nan nan nan nan
8.200000e+00 3.000000e-01 nan nan nan nan
8.250000e+00 3.000000e-01 nan nan nan nan
8.300000e+00 3.000000e-01 nan nan nan nan
8.350000e+00 3.000000e-01 nan nan nan nan
8.400000e+00 3.000000e-01 nan nan nan nan
8.450000e+00 3.000000e-01 nan nan nan nan
8.500000e+00 3.000000e-01 nan nan nan nan
8.550000e+00 3.000000e-01 nan nan nan nan
8.600000e+00 3.000000e-01 nan nan nan nan
8.650000e+00 3.000000e-01 nan nan nan nan
8.700000e+00 3.000000e-01 nan nan nan nan
8.750000e+00 3.000000e-01 nan nan nan nan
8.800000e+00 3.000000e-01 nan nan nan nan
8.850000e+00 3.000000e-01 nan nan nan nan
8.900000e+00 3.000000e-01 nan nan nan nan
8.950000e+00 3.000000e-01 nan nan nan nan
9.000000e+00 3.000000e-01 nan nan nan nan
9.050000e+00 3.000000e-01 nan nan nan nan
9.100000e+00 3.000000e-01 nan nan nan nan
9.150000e+00 3.000000e-01 nan nan nan nan
9.200000e+00 3.000000e-01 nan nan nan nan
9.250000e+00 3.000000e-01 nan nan nan nan
9.300000e+00 3.000000e-01 nan nan nan nan
9.350000e+00 3.000000e-01 nan nan nan nan
9.400000e+00 3.000000e-01 nan nan nan nan
9.450000e+00 3.000000e-01 nan nan nan nan
9.500000e+00 3.000000e-01 nan nan nan nan
9.550000e+00 3.000000e-01 nan nan nan nan
9.600000e+00 3.000000e-01 nan nan nan nan
9.650000e+00 3.000000e-01 nan nan nan nan
9.700000e+00 3.000000e-01 nan nan nan nan
9.750000e+00 3.000000e-01 nan nan nan nan
9.800000e+00 3.000000e-01 nan nan nan nan
9.850000e+00 3.000000e-01 nan nan nan nan
9.900000e+00 3.000000e-01 nan nan nan nan
9.950000e+00 3.000000e-01 nan nan nan nan
1.000000e+01 3.000000e-01 2.158800e-01 nan 0.000000e+00 0.000000e+00
0.000000e+00 3.200000e-01 2.415360e-01 -2.160000e+00 0.000000e+00 0.000000e+00
5.000000e-02 3.200000e-01 nan nan nan nan
1.000000e-01 3.200000e-01 nan nan nan nan
1.500000e-01 3.200000e-01 nan nan nan nan
2.000000e-01 3.200000e-01 nan nan nan nan
2.500000e-01 3.200000e-01 nan nan nan nan
3.000000e-01 3.200000e-01 nan nan nan nan
3.500000e-01 3.200000e-01 nan nan nan nan
4.000000e-01 3.200000e-01 nan nan nan nan
4.500000e-01 3.200000e-01 nan nan nan nan
5.000000e-01 3.200000e-01 nan nan nan nan
5.500000e-01 3.200000e-01 nan nan nan nan
6.000000e-01 3.200000e-01 nan nan nan nan
6.500000e-01 3.200000e-01 nan nan nan nan
7.000000e-01 3.200000e-01 nan nan nan nan
7.500000e-01 3.200000e-01 nan nan nan nan
8.000000e-01 3.200000e-01 nan nan nan nan
8.500000e-01 3.200000e-01 nan nan nan nan
9.000000e-01 3.200000e-01 nan nan nan nan
9.500000e-01 3.200000e-01 nan nan nan nan
1.000000e+00 3.200000e-01 nan nan nan nan
1.050000e+00 3.200000e-01 nan nan nan nan
1.100000e+00 3.200000e-01 nan nan nan nan
1.150000e+00 3.200000e-01 nan nan nan nan
1.200000e+00 3.200000e-01 nan nan nan nan
1.250000e+00 3.200000e-01 nan nan nan nan
1.300000e+00 3.200000e-01 nan nan nan nan
1.350000e+00 3.200000e-01 nan nan nan nan
1.400000e+00 3.200000e-01 nan nan nan nan
1.450000e+00 3.200000e-01 nan nan nan nan
1.500000e+00 3.200000e-01 nan nan nan nan
1.550000e+00 3.200000e-01 nan nan nan nan
1.600000e+00 3.200000e-01 nan nan nan nan
1.650000e+00 3.200000e-01 nan nan nan nan
1.700000e+00 3.200000e-01 nan nan nan nan
1.750000e+00 3.200000e-01 nan nan nan nan
1.800000e+00 3.200000e-01 nan nan nan nan
1.850000e+00 3.200000e-01 nan nan nan nan
1.900000e+00 3.200000e-01 nan nan nan nan
1.950000e+00 3.200000e-01 nan nan nan nan
2.000000e+00 3.200000e-01 nan nan nan nan
2.050000e+00 3.200000e-01 nan nan nan nan
2.100000e+00 3.200000e-01 nan nan nan nan
2.150000e+00 3.200000e-01 nan nan nan nan
2.200000e+00 3.200000e-01 nan nan nan nan
2.250000e+00 3.200000e-01 nan nan nan nan
2.300000e+00 3.200000e-01 nan nan nan nan
2.350000e+00 3.200000e-01 nan nan nan nan
2.400000e+00 3.200000e-01 nan nan nan nan
2.450000e+00 3.200000e-01 nan nan nan nan
2.500000e+00 3.200000e-01 nan nan nan nan
2.550000e+00 3.200000e-01 nan nan nan nan
2.600000e+00 3.200000e-01 nan nan nan nan
2.650000e+00 3.200000e-01 nan nan nan nan
2.700000e+00 3.200000e-01 nan nan nan nan
2.750000e+00 3.200000e-01 nan nan nan nan
2.800000e+00 3.200000e-01 nan nan nan nan
2.850000e+00 3.200000e-01 nan nan nan nan
2.900000e+00 3.200000e-01 nan nan nan nan
2.950000e+00 3.200000e-01 nan nan nan nan
3.000000e+00 3.200000e-01 nan nan nan nan
3.050000e+00 3.200000e-01 nan nan nan nan
3.100000e+00 3.200000e-01 nan nan nan nan
3.150000e+00 3.200000e-01 nan nan nan nan
3.200000e+00 3.200000e-01 nan nan nan nan
3.250000e+00 3.200000e-01 nan nan nan nan
3.300000e+00 3.200000e-01 nan nan nan nan
3.350000e+00 3.200000e-01 nan nan nan nan
3.400000e+00 3.200000e-01 nan nan nan nan
3.450000e+00 3.200000e-01 nan nan nan nan
3.500000e+00 3.200000e-01 nan nan nan nan
3.550000e+00 3.200000e-01 nan nan nan nan
3.600000e+00 3.200000e-01 nan nan nan nan
3.650000e+00 3.200000e-01 nan nan nan nan
3.700000e+00 3.200000e-01 nan nan nan nan
3.750000e+00 3.200000e-01 nan nan nan nan
3.800000e+00 3.200000e-01 nan nan nan nan
3.850000e+00 3.200000e-01 nan nan nan nan
3.900000e+00 3.200000e-01 nan nan nan nan
3.950000e+00 3.200000e-01 nan nan nan nan
4.000000e+00 3.200000e-01 nan nan nan nan
4.050000e+00 3.200000e-01 nan nan nan nan
4.100000e+00 3.200000e-01 nan nan nan nan
4.150000e+00 3.200000e-01 nan nan nan nan
4.200000e+00 3.200000e-01 nan nan nan nan
4.250000e+00 3.200000e-01 nan nan nan nan
4.300000e+00 3.200000e-01 nan nan nan nan
4.350000e+00 3.200000e-01 nan nan nan nan
4.400000e+00 3.200000e-01 nan nan nan nan
4.450000e+00 3.200000e-01 nan nan nan nan
4.500000e+00 3.200000e-01 nan nan nan nan
4.550000e+00 3.200000e-01 nan nan nan nan
4.600000e+00 3.200000e-01 nan nan nan nan
4.650000e+00 3.200000e-01 nan nan nan nan
4.700000e+00 3.200000e-01 nan nan nan nan
4.750000e+00 3.200000e-01 nan nan nan nan
4.800000e+00 3.200000e-01 nan nan nan nan
4.850000e+00 3.200000e-01 nan nan nan nan
4.900000e+00 3.200000e-01 nan nan nan nan
4.950000e+00 3.200000e-01 nan nan nan nan
5.000000e+00 3.200000e-01 nan nan nan nan
5.050000e+00 3.200000e-01 nan nan nan nan
5.100000e+00 3.200000e-01 nan nan nan nan
5.150000e+00 3.200000e-01 nan nan nan nan
5.200000e+00 3.200000e-01 nan nan nan nan
5.250000e+00 3.200000e-01 nan nan nan nan
5.300000e+00 3.200000e-01 nan nan nan nan
5.350000e+00 3.200000e-01 nan nan nan nan
5.400000e+00 3.200000e-01 nan nan nan nan
5.450000e+00 3.200000e-01 nan nan nan nan
5.500000e+00 3.200000e-01 nan nan nan nan
5.550000e+00 3.200000e-01 nan nan nan nan
5.600000e+00 3.200000e-01 nan nan nan nan
5.650000e+00 3.200000e-01 nan nan nan nan
5.700000e+00 3.200000e-01 nan nan nan nan
5.750000e+00 3.200000e-01 nan nan nan nan
5.800000e+00 3.200000e-01 nan nan nan nan
5.850000e+00 3.200000e-01 nan nan nan nan
5.900000e+00 3.200000e-01 nan nan nan nan
5.950000e+00 3.200000e-01 nan nan nan nan
6.000000e+00 3.200000e-01 nan nan nan nan
6.050000e+00 3.200000e-01 nan nan nan nan
6.100000e+00 3.200000e-01 nan nan nan nan
6.150000e+00 3.200000e-01 nan nan nan nan
6.200000e+00 3.200000e-01 nan nan nan nan
6.250000e+00 3.200000e-01 nan nan nan nan
6.300000e+00 3.200000e-01 nan nan nan nan
6.350000e+00 3.200000e-01 nan nan nan nan
6.400000e+00 3.200000e-01 nan nan nan nan
6.450000e+00 3.200000e-01 nan nan nan nan
6.500000e+00 3.200000e-01 nan nan nan nan
6.550000e+00 3.200000e-01 nan nan nan nan
6.600000e+00 3.200000e-01 nan nan nan nan
6.650000e+00 3.200000e-01 nan nan nan nan
6.700000e+00 3.200000e-01 nan nan nan nan
6.750000e+00 3.200000e-01 nan nan nan nan
6.800000e+00 3.200000e-01 nan nan nan nan
6.850000e+00 3.200000e-01 nan nan nan nan
6.900000e+00 3.200000e-01 nan nan nan nan
6.950000e+00 3.200000e-01 nan nan nan nan
7.000000e+00 3.200000e-01 nan nan nan nan
7.050000e+00 3.200000e-01 nan nan nan nan
7.100000e+00 3.200000e-01 nan nan nan nan
7.150000e+00 3.200000e-01 nan nan nan nan
7.200000e+00 3.200000e-01 nan nan nan nan
7.250000e+00 3.200000e-01 nan nan nan nan
7.300000e+00 3.200000e-01 nan nan nan nan
7.350000e+00 3.200000e-01 nan nan nan nan
7.400000e+00 3.200000e-01 nan nan nan nan
7.450000e+00 3.200000e-01 nan nan nan nan
7.500000e+00 3.200000e-01 nan nan nan nan
7.550000e+00 3.200000e-01 nan nan nan nan
7.600000e+00 3.200000e-01 nan nan nan nan
7.650000e+00 3.200000e-01 nan nan nan nan
7.700000e+00 3.200000e-01 nan nan nan nan
7.750000e+00 3.200000e-01 nan nan nan nan
7.800000e+00 3.200000e-01 nan nan nan nan
7.850000e+00 3.200000e-01 nan nan nan nan
7.900000e+00 3.200000e-01 nan nan nan nan
7.950000e+00 3.200000e-01 nan nan nan nan
8.000000e+00 3.200000e-01 nan nan nan nan
8.050000e+00 3.200000e-01 nan nan nan nan
8.100000e+00 3.200000e-01 nan nan nan nan
8.150000e+00 3.200000e-01 nan nan nan nan
8.200000e+00 3.200000e-01 nan nan nan nan
8.250000e+00 3.200000e-01 nan nan nan nan
8.300000e+00 3.200000e-01 nan nan nan nan
8.350000e+00 3.200000e-01 nan nan nan nan
8.400000e+00 3.200000e-01 nan nan nan nan
8.450000e+00 3.200000e-01 nan nan nan nan
8.500000e+00 3.200000e-01 nan nan nan nan
8.550000e+00 3.200000e-01 nan nan nan nan
8.600000e+00 3.200000e-01 nan nan nan nan
8.650000e+00 3.200000e-01 nan nan nan nan
8.700000e+00 3.200000e-01 nan nan nan nan
8.750000e+00 3.200000e-01 nan nan nan nan
8.800000e+00 3.200000e-01 nan nan nan nan
8.850000e+00 3.200000e-01 nan nan nan nan
8.900000e+00 3.200000e-01 nan nan nan nan
8.950000e+00 3.200000e-01 nan nan nan nan
9.000000e+00 3.200000e-01 nan nan nan nan
9.050000e+00 3.200000e-01 nan nan nan nan
9.100000e+00 3.200000e-01 nan nan nan nan
9.150000e+00 3.200000e-01 nan nan nan nan
9.200000e+00 3.200000e-01 nan nan nan nan
9.250000e+00 3.200000e-01 nan nan nan nan
9.300000e+00 3.200000e-01 nan nan nan nan
9.350000e+00 3.200000e-01 nan nan nan nan
9.400000e+00 3.200000e-01 nan nan nan nan
9.450000e+00 3.200000e-01 nan nan nan nan
9.500000e+00 3.200000e-01 nan nan nan nan
9.550000e+00 3.200000e-01 nan nan nan nan
9.600000e+00 3.200000e-01 nan nan nan nan
9.650000e+00 3.200000e-01 nan nan nan nan
9.700000e+00 3.200000e-01 nan nan nan nan
9.750000e+00 3.200000e-01 nan nan nan nan
9.800000e+00 3.200000e-01 nan nan nan nan
9.850000e+00 3.200000e-01 nan nan nan nan
9.900000e+00 3.200000e-01 nan nan nan nan
9.950000e+00 3.200000e-01 nan nan nan nan
1.000000e+01 3.200000e-01 2.415360e-01 nan 0.000000e+00 0.000000e+00
0.000000e+00 3.400000e-01 2.680560e-01 -1.920000e+00 0.000000e+00 0.000000e+00
5.000000e-02 3.400000e-01 nan nan nan nan
1.000000e-01 3.400000e-01 nan nan nan nan
1.500000e-01 3.400000e-01 nan nan nan nan
2.000000e-01 3.400000e-01 nan nan nan nan
2.500000e-01 3.400000e-01 nan nan nan nan
3.000000e-01 3.400000e-01 nan nan nan nan
3.500000e-01 3.400000e-01 nan nan nan nan
4.000000e-01 3.400000e-01 nan nan nan nan
4.500000e-01 3.400000e-01 nan nan nan nan
5.000000e-01 3.400000e-01 nan nan nan nan
5.500000e-01 3.400000e-01 nan nan nan nan
6.000000e-01 3.400000e-01 nan nan nan nan
6.500000e-01 3.400000e-01 nan nan nan nan
7.000000e-01 3.400000e-01 nan nan nan nan
7.500000e-01 3.400000e-01 nan nan nan nan
8.000000e-01 3.400000e-01 nan nan nan nan
8.500000e-01 3.400000e-01 nan nan nan nan
9.000000e-01 3.400000e-01 nan nan nan nan
9.500000e-01 3.400000e-01 nan nan nan nan
1.000000e+00 3.400000e-01 nan nan nan nan
1.050000e+00 3.400000e-01 nan nan nan nan
1.100000e+00 3.400000e-01 nan nan nan nan
1.150000e+00 3.400000e-01 nan nan nan nan
1.200000e+00 3.400000e-01 nan nan nan nan
1.250000e+00 3.400000e-01 nan nan nan nan
1.300000e+00 3.400000e-01 nan nan nan nan
1.350000e+00 3.400000e-01 nan nan nan nan
1.400000e+00 3.400000e-01 nan nan nan nan
1.450000e+00 3.400000e-01 nan nan nan nan
1.500000e+00 3.400000e-01 nan nan nan nan
1.550000e+00 3.400000e-01 nan nan nan nan
1.600000e+00 3.400000e-01 nan nan nan nan
1.650000e+00 3.400000e-01 nan nan nan nan
1.700000e+00 3.400000e-01 nan nan nan nan
1.750000e+00 3.400000e-01 nan nan nan nan
1.800000e+00 3.400000e-01 nan nan nan nan
1.850000e+00 3.400000e-01 nan nan nan nan
1.900000e+00 3.400000e-01 nan nan nan nan
1.950000e+00 3.400000e-01 nan nan nan nan
2.000000e+00 3.400000e-01 nan nan nan nan
2.050000e+00 3.400000e-01 nan nan nan nan
2.100000e+00 3.400000e-01 nan nan nan nan
2.150000e+00 3.400000e-01 nan nan nan nan
2.200000e+00 3.400000e-01 nan nan nan nan
2.250000e+00 3.400000e-01 nan nan nan nan
2.300000e+00 3.400000e-01 nan nan nan nan
2.350000e+00 3.400000e-01 nan nan nan nan
2.400000e+00 3.400000e-01 nan nan nan nan
2.450000e+00 3.400000e-01 nan nan nan nan
2.500000e+00 3.400000e-01 nan nan nan nan
2.550000e+00 3.400000e-01 nan nan nan nan
2.600000e+00 3.400000e-01 nan nan nan nan
2.650000e+00 3.400000e-01 nan nan nan nan
2.700000e+00 3.400000e-01 nan nan nan nan
2.750000e+00 3.400000e-01 nan nan nan nan
2.800000e+00 3.400000e-01 nan nan nan nan
2.850000e+00 3.400000e-01 nan nan nan nan
2.900000e+00 3.400000e-01 nan nan nan nan
2.950000e+00 3.400000e-01 nan nan nan nan
3.000000e+00 3.400000e-01 nan nan nan nan
3.050000e+00 3.400000e-01 nan nan nan nan
3.100000e+00 3.400000e-01 nan nan nan nan
3.150000e+00 3.400000e-01 nan nan nan nan
3.200000e+00 3.400000e-01 nan nan nan nan
3.250000e+00 3.400000e-01 nan nan nan nan
3.300000e+00 3.400000e-01 nan nan nan nan
3.350000e+00 3.400000e-01 nan nan nan nan
3.400000e+00 3.400000e-01 nan nan nan nan
3.450000e+00 3.400000e-01 nan nan nan nan
3.500000e+00 3.400000e-01 nan nan nan nan
3.550000e+00 3.400000e-01 nan nan nan nan
3.600000e+00 3.400000e-01 nan nan nan nan
3.650000e+00 3.400000e-01 nan nan nan nan
3.700000e+00 3.400000e-01 nan nan nan nan
3.750000e+00 3.400000e-01 nan nan nan nan
3.800000e+00 3.400000e-01 nan nan nan nan
3.850000e+00 3.400000e-01 nan nan nan nan
3.900000e+00 3.400000e-01 nan nan nan nan
3.950000e+00 3.400000e-01 nan nan nan nan
4.000000e+00 3.400000e-01 nan nan nan nan
4.050000e+00 3.400000e-01 nan nan nan nan
4.100000e+00 3.400000e-01 nan nan nan nan
4.150000e+00 3.400000e-01 nan nan nan nan
4.200000e+00 3.400000e-01 nan nan nan nan
4.250000e+00 3.400000e-01 nan nan nan nan
4.300000e+00 3.400000e-01 nan nan nan nan
4.350000e+00 3.400000e-01 nan nan nan nan
4.400000e+00 3.400000e-01 nan nan nan nan
4.450000e+00 3.400000e-01 nan nan nan nan
4.500000e+00 3.400000e-01 nan nan nan nan
4.550000e+00 3.400000e-01 nan nan nan nan
4.600000e+00 3.400000e-01 nan nan nan nan
4.650000e+00 3.400000e-01 nan nan nan nan
4.700000e+00 3.400000e-01 nan nan nan nan
4.750000e+00 3.400000e-01 nan nan nan nan
4.800000e+00 3.400000e-01 nan nan nan nan
4.850000e+00 3.400000e-01 nan nan nan nan
4.900000e+00 3.400000e-01 nan nan nan nan
4.950000e+00 3.400000e-01 nan nan nan nan
5.000000e+00 3.400000e-01 nan nan nan nan
5.050000e+00 3.400000e-01 nan nan nan nan
5.100000e+00 3.400000e-01 nan nan nan nan
5.150000e+00 3.400000e-01 nan nan nan nan
5.200000e+00 3.400000e-01 nan nan nan nan
5.250000e+00 3.400000e-01 nan nan nan nan
5.300000e+00 3.400000e-01 nan nan nan nan
5.350000e+00 3.400000e-01 nan nan nan nan
5.400000e+00 3.400000e-01 nan nan nan nan
5.450000e+00 3.400000e-01 nan nan nan nan
5.500000e+00 3.400000e-01 nan nan nan nan
5.550000e+00 3.400000e-01 nan nan nan nan
5.600000e+00 3.400000e-01 nan nan nan nan
5.650000e+00 3.400000e-01 nan nan nan nan
5.700000e+00 3.400000e-01 nan nan nan nan
5.750000e+00 3.400000e-01 nan nan nan nan
5.800000e+00 3.400000e-01 nan nan nan nan
5.850000e+00 3.400000e-01 nan nan nan nan
5.900000e+00 3.400000e-01 nan nan nan nan
5.950000e+00 3.400000e-01 nan nan nan nan
6.000000e+00 3.400000e-01 nan nan nan nan
6.050000e+00 3.400000e-01 nan nan nan nan
6.100000e+00 3.400000e-01 nan nan nan nan
6.150000e+00 3.400000e-01 nan nan nan nan
6.200000e+00 3.400000e-01 nan nan nan nan
6.250000e+00 3.400000e-01 nan nan nan nan
6.300000e+00 3.400000e-01 nan nan nan nan
6.350000e+00 3.400000e-01 nan nan nan nan
6.400000e+00 3.400000e-01 nan nan nan nan
6.450000e+00 3.400000e-01 nan nan nan nan
6.500000e+00 3.400000e-01 nan nan nan nan
6.550000e+00 3.400000e-01 nan nan nan nan
6.600000e+00 3.400000e-01 nan nan nan nan
6.650000e+00 3.400000e-01 nan nan nan nan
6.700000e+00 3.400000e-01 nan nan nan nan
6.750000e+00 3.400000e-01 nan nan nan nan
6.800000e+00 3.400000e-01 nan nan nan nan
6.850000e+00 3.400000e-01 nan nan nan nan
6.900000e+00 3.400000e-01 nan nan nan nan
6.950000e+00 3.400000e-01 nan nan nan nan
7.000000e+00 3.400000e-01 nan nan nan nan
7.050000e+00 3.400000e-01 nan nan nan nan
7.100000e+00 3.400000e-01 nan nan nan nan
7.150000e+00 3.400000e-01 nan nan nan nan
7.200000e+00 3.400000e-01 nan nan nan nan
7.250000e+00 3.400000e-01 nan nan nan nan
7.300000e+00 3.400000e-01 nan nan nan nan
7.350000e+00 3.400000e-01 nan nan nan nan
7.400000e+00 3.400000e-01 nan nan nan nan
7.450000e+00 3.400000e-01 nan nan nan nan
7.500000e+00 3.400000e-01 nan nan nan nan
7.550000e+00 3.400000e-01 nan nan nan nan
7.600000e+00 3.400000e-01 nan nan nan nan
7.650000e+00 3.400000e-01 nan nan nan nan
7.700000e+00 3.400000e-01 nan nan nan nan
7.750000e+00 3.400000e-01 nan nan nan nan
7.800000e+00 3.400000e-01 nan nan nan nan
7.850000e+00 3.400000e-01 nan nan nan nan
7.900000e+00 3.400000e-01 nan nan nan nan
7.950000e+00 3.400000e-01 nan nan nan nan
8.000000e+00 3.400000e-01 nan nan nan nan
8.050000e+00 3.400000e-01 nan nan nan nan
8.100000e+00 3.400000e-01 nan nan nan nan
8.150000e+00 3.400000e-01 nan nan nan nan
8.200000e+00 3.400000e-01 nan nan nan nan
8.250000e+00 3.400000e-01 nan nan nan nan
8.300000e+00 3.400000e-01 nan nan nan nan
8.350000e+00 3.400000e-01 nan nan nan nan
8.400000e+00 3.400000e-01 nan nan nan nan
8.450000e+00 3.400000e-01 nan nan nan nan
8.500000e+00 3.400000e-01 nan nan nan nan
8.550000e+00 3.400000e-01 nan nan nan nan
8.600000e+00 3.400000e-01 nan nan nan nan
8.650000e+00 3.400000e-01 nan nan nan nan
8.700000e+00 3.400000e-01 nan nan nan nan
8.750000e+00 3.400000e-01 nan nan nan nan
8.800000e+00 3.400000e-01 nan nan nan nan
8.850000e+00 3.400000e-01 nan nan nan nan
8.900000e+00 3.400000e-01 nan nan nan nan
8.950000e+00 3.400000e-01 nan nan nan nan
9.000000e+00 3.400000e-01 nan nan nan nan
9.050000e+00 3.400000e-01 nan nan nan nan
9.100000e+00 3.400000e-01 nan nan nan nan
9.150000e+00 3.400000e-01 nan nan nan nan
9.200000e+00 3.400000e-01 nan nan nan nan
9.250000e+00 3.400000e-01 nan nan nan nan
9.300000e+00 3.400000e-01 nan nan nan nan
9.350000e+00 3.400000e-01 nan nan nan nan
9.400000e+00 3.400000e-01 nan nan nan nan
9.450000e+00 3.400000e-01 nan nan nan nan
9.500000e+00 3.400000e-01 nan nan nan nan
9.550000e+00 3.400000e-01 nan nan nan nan
9.600000e+00 3.400000e-01 nan nan nan nan
9.650000e+00 3.400000e-01 nan nan nan nan
9.700000e+00 3.400000e-01 nan nan nan nan
9.750000e+00 3.400000e-01 nan nan nan nan
9.800000e+00 3.400000e-01 nan nan nan nan
9.850000e+00 3.400000e-01 nan nan nan nan
9.900000e+00 3.400000e-01 nan nan nan nan
9.950000e+00 3.400000e-01 nan nan nan nan
1.000000e+01 3.400000e-01 2.680560e-01 nan 0.000000e+00 0.000000e+00
0.000000e+00 3.600000e-01 2.953440e-01 -1.680000e+00 0.000000e+00 0.000000e+00
5.000000e-02 3.600000e-01 nan nan nan nan
1.000000e-01 3.600000e-01 nan nan nan nan
1.500000e-01 3.600000e-01 nan nan nan nan
2.000000e-01 3.600000e-01 nan nan nan nan
2.500000e-01 3.600000e-01 nan nan nan nan
3.000000e-01 3.600000e-01 nan nan nan nan
3.500000e-01 3.600000e-01 nan nan nan nan
4.000000e-01 3.600000e-01 nan nan nan nan
4.500000e-01 3.600000e-01 nan nan nan nan
5.000000e-01 3.600000e-01 nan nan nan nan
5.500000e-01 3.600000e-01 nan nan nan nan
6.000000e-01 3.600000e-01 nan nan nan nan
6.500000e-01 3.600000e-01 nan nan nan nan
7.000000e-01 3.600000e-01 nan nan nan nan
7.500000e-01 3.600000e-01 nan nan nan nan
8.000000e-01 3.600000e-01 nan nan nan nan
8.500000e-01 3.600000e-01 nan nan nan nan
9.000000e-01 3.600000e-01 nan nan nan nan
9.500000e-01 3.600000e-01 nan nan nan nan
1.000000e+00 3.600000e-01 nan nan nan nan
1.050000e+00 3.600000e-01 nan nan nan nan
1.100000e+00 3.600000e-01 nan nan nan nan
1.150000e+00 3.600000e-01 nan nan nan nan
1.200000e+00 3.600000e-01 nan nan nan nan
1.250000e+00 3.600000e-01 nan nan nan nan
1.300000e+00 3.600000e-01 nan nan nan nan
1.350000e+00 3.600000e-01 nan nan nan nan
1.400000e+00 3.600000e-01 nan nan nan nan
1.450000e+00 3.600000e-01 nan nan nan nan
1.500000e+00 3.600000e-01 nan nan nan nan
1.550000e+00 3.600000e-01 nan nan nan nan
1.600000e+00 3.600000e-01 nan nan nan nan
1.650000e+00 3.600000e-01 nan nan nan nan
1.700000e+00 3.600000e-01 nan nan nan nan
1.750000e+00 3.600000e-01 nan nan nan nan
1.800000e+00 3.600000e-01 nan nan nan nan
1.850000e+00 3.600000e-01 nan nan nan nan
1.900000e+00 3.600000e-01 nan nan nan nan
1.950000e+00 3.600000e-01 nan nan nan nan
2.000000e+00 3.600000e-01 nan nan nan nan
2.050000e+00 3.600000e-01 nan nan nan nan
2.100000e+00 3.600000e-01 nan nan nan nan
2.150000e+00 3.600000e-01 nan nan nan nan
2.200000e+00 3.600000e-01 nan nan nan nan
2.250000e+00 3.600000e-01 nan nan nan nan
2.300000e+00 3.600000e-01 nan nan nan nan
2.350000e+00 3.600000e-01 nan nan nan nan
2.400000e+00 3.600000e-01 nan nan nan nan
2.450000e+00 3.600000e-01 nan nan nan nan
2.500000e+00 3.600000e-01 nan nan nan nan
2.550000e+00 3.600000e-01 nan nan nan nan
2.600000e+00 3.600000e-01 nan nan nan nan
2.650000e+00 3.600000e-01 nan nan nan nan
2.700000e+00 3.600000e-01 nan nan nan nan
2.750000e+00 3.600000e-01 nan nan nan nan
2.800000e+00 3.600000e-01 nan nan nan nan
2.850000e+00 3.600000e-01 nan nan nan nan
2.900000e+00 3.600000e-01 nan nan nan nan
2.950000e+00 3.600000e-01 nan nan nan nan
3.000000e+00 3.600000e-01 nan nan nan nan
3.050000e+00 3.600000e-01 nan nan nan nan
3.100000e+00 3.600000e-01 nan nan nan nan
3.150000e+00 3.600000e-01 nan nan nan nan
3.200000e+00 3.600000e-01 nan nan nan nan
3.250000e+00 3.600000e-01 nan nan nan nan
3.300000e+00 3.600000e-01 nan nan nan nan
3.350000e+00 3.600000e-01 nan nan nan nan
3.400000e+00 3.600000e-01 nan nan nan nan
3.450000e+00 3.600000e-01 nan nan nan nan
3.500000e+00 3.600000e-01 nan nan nan nan
3.550000e+00 3.600000e-01 nan nan nan nan
3.600000e+00 3.600000e-01 nan nan nan nan
3.650000e+00 3.600000e-01 nan nan nan nan
3.700000e+00 3.600000e-01 nan nan nan nan
3.750000e+00 3.600000e-01 nan nan nan nan
3.800000e+00 3.600000e-01 nan nan nan nan
3.850000e+00 3.600000e-01 nan nan nan nan
3.900000e+00 3.600000e-01 nan nan nan nan
3.950000e+00 3.600000e-01 nan nan nan nan
4.000000e+00 3.600000e-01 nan nan nan nan
4.050000e+00 3.600000e-01 nan nan nan nan
4.100000e+00 3.600000e-01 nan nan nan nan
4.150000e+00 3.600000e-01 nan nan nan nan
4.200000e+00 3.600000e-01 nan nan nan nan
4.250000e+00 3.600000e-01 nan nan nan nan
4.300000e+00 3.600000e-01 nan nan nan nan
4.350000e+00 3.600000e-01 nan nan nan nan
4.400000e+00 3.600000e-01 nan nan nan nan
4.450000e+00 3.600000e-01 nan nan nan nan
4.500000e+00 3.600000e-01 nan nan nan nan
4.550000e+00 3.600000e-01 nan nan nan nan
4.600000e+00 3.600000e-01 nan nan nan nan
4.650000e+00 3.600000e-01 nan nan nan nan
4.700000e+00 3.600000e-01 nan nan nan nan
4.750000e+00 3.600000e-01 nan nan nan nan
4.800000e+00 3.600000e-01 nan nan nan nan
4.850000e+00 3.600000e-01 nan nan nan nan
4.900000e+00 3.600000e-01 nan nan nan nan
4.950000e+00 3.600000e-01 nan nan nan nan
5.000000e+00 3.600000e-01 nan nan nan nan
5.050000e+00 3.600000e-01 nan nan nan nan
5.100000e+00 3.600000e-01 nan nan nan nan
5.150000e+00 3.600000e-01 nan nan nan nan
5.200000e+00 3.600000e-01 nan nan nan nan
5.250000e+00 3.600000e-01 nan nan nan nan
5.300000e+00 3.600000e-01 nan nan nan nan
5.350000e+00 3.600000e-01 nan nan nan nan
5.400000e+00 3.600000e-01 nan nan nan nan
5.450000e+00 3.600000e-01 nan nan nan nan
5.500000e+00 3.600000e-01 nan nan nan nan
5.550000e+00 3.600000e-01 nan nan nan nan
5.600000e+00 3.600000e-01 nan nan nan nan
5.650000e+00 3.600000e-01 nan nan nan nan
5.700000e+00 3.600000e-01 nan nan nan nan
5.750000e+00 3.600000e-01 nan nan nan nan
5.800000e+00 3.600000e-01 nan nan nan nan
5.850000e+00 3.600000e-01 nan nan nan nan
5.900000e+00 3.600000e-01 nan nan nan nan
5.950000e+00 3.600000e-01 nan nan nan nan
6.000000e+00 3.600000e-01 nan nan nan nan
6.050000e+00 3.600000e-01 nan nan nan nan
6.100000e+00 3.600000e-01 nan nan nan nan
6.150000e+00 3.600000e-01 nan nan nan nan
6.200000e+00 3.600000e-01 nan nan nan nan
6.250000e+00 3.600000e-01 nan nan nan nan
6.300000e+00 3.600000e-01 nan nan nan nan
6.350000e+00 3.600000e-01 nan nan nan nan
6.400000e+00 3.600000e-01 nan nan nan nan
6.450000e+00 3.600000e-01 nan nan nan nan
6.500000e+00 3.600000e-01 nan nan nan nan
6.550000e+00 3.600000e-01 nan nan nan nan
6.600000e+00 3.600000e-01 nan nan nan nan
6.650000e+00 3.600000e-01 nan nan nan nan
6.700000e+00 3.600000e-01 nan nan nan nan
6.750000e+00 3.600000e-01 nan nan nan nan
6.800000e+00 3.600000e-01 nan nan nan nan
6.850000e+00 3.600000e-01 nan nan nan nan
6.900000e+00 3.600000e-01 nan nan nan nan
6.950000e+00 3.600000e-01 nan nan nan nan
7.000000e+00 3.600000e-01 nan nan nan nan
7.050000e+00 3.600000e-01 nan nan nan nan
7.100000e+00 3.600000e-01 nan nan nan nan
7.150000e+00 3.600000e-01 nan nan nan nan
7.200000e+00 3.600000e-01 nan nan nan nan
7.250000e+00 3.600000e-01 nan nan nan nan
7.300000e+00 3.600000e-01 nan nan nan nan
7.350000e+00 3.600000e-01 nan nan nan nan
7.400000e+00 3.600000e-01 nan nan nan nan
7.450000e+00 3.600000e-01 nan nan nan nan
7.500000e+00 3.600000e-01 nan nan nan nan
7.550000e+00 3.600000e-01 nan nan nan nan
7.600000e+00 3.600000e-01 nan nan nan nan
7.650000e+00 3.600000e-01 nan nan nan nan
7.700000e+00 3.600000e-01 nan nan nan nan
7.750000e+00 3.600000e-01 nan nan nan nan
7.800000e+00 3.600000e-01 nan nan nan nan
7.850000e+00 3.600000e-01 nan nan nan nan
7.900000e+00 3.600000e-01 nan nan nan nan
7.950000e+00 3.600000e-01 nan nan nan nan
8.000000e+00 3.600000e-01 nan nan nan nan
8.050000e+00 3.600000e-01 nan nan nan nan
8.100000e+00 3.600000e-01 nan nan nan nan
8.150000e+00 3.600000e-01 nan nan nan nan
8.200000e+00 3.600000e-01 nan nan nan nan
8.250000e+00 3.600000e-01 nan nan nan nan
8.300000e+00 3.600000e-01 nan nan nan nan
8.350000e+00 3.600000e-01 nan nan nan nan
8.400000e+00 3.600000e-01 nan nan nan nan
8.450000e+00 3.600000e-01 nan nan nan nan
8.500000e+00 3.600000e-01 nan nan nan nan
8.550000e+00 3.600000e-01 nan nan nan nan
8.600000e+00 3.600000e-01 nan nan nan nan
8.650000e+00 3.600000e-01 nan nan nan nan
8.700000e+00 3.600000e-01 nan nan nan nan
8.750000e+00 3.600000e-01 nan nan nan nan
8.800000e+00 3.600000e-01 nan nan nan nan
8.850000e+00 3.600000e-01 nan nan nan nan
8.900000e+00 3.600000e-01 nan nan nan nan
8.950000e+00 3.600000e-01 nan nan nan nan
9.000000e+00 3.600000e-01 nan nan nan nan
9.050000e+00 3.600000e-01 nan nan nan nan
9.100000e+00 3.600000e-01 nan nan nan nan
9.150000e+00 3.600000e-01 nan nan nan nan
9.200000e+00 3.600000e-01 nan nan nan nan
9.250000e+00 3.600000e-01 nan nan nan nan
9.300000e+00 3.600000e-01 nan nan nan nan
9.350000e+00 3.600000e-01 nan nan nan nan
9.400000e+00 3.600000e-01 nan nan nan nan
9.450000e+00 3.600000e-01 nan nan nan nan
9.500000e+00 3.600000e-01 nan nan nan nan
9.550000e+00 3.600000e-01 nan nan nan nan
9.600000e+00 3.600000e-01 nan nan nan nan
9.650000e+00 3.600000e-01 nan nan nan nan
9.700000e+00 3.600000e-01 nan nan nan nan
9.750000e+00 3.600000e-01 nan nan nan nan
9.800000e+00 3.600000e-01 nan nan nan nan
9.850000e+00 3.600000e-01 nan nan nan nan
9.900000e+00 3.600000e-01 nan nan nan nan
9.950000e+00 3.600000e-01 nan nan nan nan
1.000000e+01 3.600000e-01 2.953440e-01 nan 0.000000e+00 0.000000e+00
0.000000e+00 3.800000e-01 3.233040e-01 -1.440000e+00 0.000000e+00 0.000000e+00
5.000000e-02 3.800000e-01 nan nan nan nan
1.000000e-01 3.800000e-01 nan nan nan nan
1.500000e-01 3.800000e-01 nan nan nan nan
2.000000e-01 3.800000e-01 nan nan nan nan
2.500000e-01 3.800000e-01 nan nan nan nan
3.000000e-01 3.800000e-01 nan nan nan nan
3.500000e-01 3.800000e-01 nan nan nan nan
4.000000e-01 3.800000e-01 nan nan nan nan
4.500000e-01 3.800000e-01 nan nan nan nan
5.000000e-01 3.800000e-01 nan nan nan nan
5.500000e-01 3.800000e-01 nan nan nan nan
6.000000e-01 3.800000e-01 nan nan nan nan
6.500000e-01 3.800000e-01 nan nan nan nan
7.000000e-01 3.800000e-01 nan nan nan nan
7.500000e-01 3.800000e-01 nan nan nan nan
8.000000e-01 3.800000e-01 nan nan nan nan
8.500000e-01 3.800000e-01 nan nan nan nan
9.000000e-01 3.800000e-01 nan nan nan nan
9.500000e-01 3.800000e-01 nan nan nan nan
1.000000e+00 3.800000e-01 nan nan nan nan
1.050000e+00 3.800000e-01 nan nan nan nan
1.100000e+00 3.800000e-01 nan nan nan nan
1.150000e+00 3.800000e-01 nan nan nan nan
1.200000e+00 3.800000e-01 nan nan nan nan
1.250000e+00 3.800000e-01 nan nan nan nan
1.300000e+00 3.800000e-01 nan nan nan nan
1.350000e+00 3.800000e-01 nan nan nan nan
1.400000e+00 3.800000e-01 nan nan nan nan
1.450000e+00 3.800000e-01 nan nan nan nan
1.500000e+00 3.800000e-01 nan nan nan nan
1.550000e+00 3.800000e-01 nan nan nan nan
1.600000e+00 3.800000e-01 nan nan nan nan
1.650000e+00 3.800000e-01 nan nan nan nan
1.700000e+00 3.800000e-01 nan nan nan nan
1.750000e+00 3.800000e-01 nan nan nan nan
1.800000e+00 3.800000e-01 nan nan nan nan
1.850000e+00 3.800000e-01 nan nan nan nan
1.900000e+00 3.800000e-01 nan nan nan nan
1.950000e+00 3.800000e-01 nan nan nan nan
2.000000e+00 3.800000e-01 nan nan nan nan
2.050000e+00 3.800000e-01 nan nan nan nan
2.100000e+00 3.800000e-01 nan nan nan nan
2.150000e+00 3.800000e-01 nan nan nan nan
2.200000e+00 3.800000e-01 nan nan nan nan
2.250000e+00 3.800000e-01 nan nan nan nan
2.300000e+00 3.800000e-01 nan nan nan nan
2.350000e+00 3.800000e-01 nan nan nan nan
2.400000e+00 3.800000e-01 nan nan nan nan
2.450000e+00 3.800000e-01 nan nan nan nan
2.500000e+00 3.800000e-01 nan nan nan nan
2.550000e+00 3.800000e-01 nan nan nan nan
2.600000e+00 3.800000e-01 nan nan nan nan
2.650000e+00 3.800000e-01 nan nan nan nan
2.700000e+00 3.800000e-01 nan nan nan nan
2.750000e+00 3.800000e-01 nan nan nan nan
2.800000e+00 3.800000e-01 nan nan nan nan
2.850000e+00 3.800000e-01 nan nan nan nan
2.900000e+00 3.800000e-01 nan nan nan nan
2.950000e+00 3.800000e-01 nan nan nan nan
3.000000e+00 3.800000e-01 nan nan nan nan
3.050000e+00 3.800000e-01 nan nan nan nan
3.100000e+00 3.800000e-01 nan nan nan nan
3.150000e+00 3.800000e-01 nan nan nan nan
3.200000e+00 3.800000e-01 nan nan nan nan
3.250000e+00 3.800000e-01 nan nan nan nan
3.300000e+00 3.800000e-01 nan nan nan nan
3.350000e+00 3.800000e-01 nan nan nan nan
3.400000e+00 3.800000e-01 nan nan nan nan
3.450000e+00 3.800000e-01 nan nan nan nan
3.500000e+00 3.800000e-01 nan nan nan nan
3.550000e+00 3.800000e-01 nan nan nan nan
3.600000e+00 3.800000e-01 nan nan nan nan
3.650000e+00 3.800000e-01 nan nan nan nan
3.700000e+00 3.800000e-01 nan nan nan nan
3.750000e+00 3.800000e-01 nan nan nan nan
3.800000e+00 3.800000e-01 nan nan nan nan
3.850000e+00 3.800000e-01 nan nan nan nan
3.900000e+00 3.800000e-01 nan nan nan nan
3.950000e+00 3.800000e-01 nan nan nan nan
4.000000e+00 3.800000e-01 nan nan nan nan
4.050000e+00 3.800000e-01 nan nan nan nan
4.100000e+00 3.800000e-01 nan nan nan nan
4.150000e+00 3.800000e-01 nan nan nan nan
4.200000e+00 3.800000e-01 nan nan nan nan
4.250000e+00 3.800000e-01 nan nan nan nan
4.300000e+00 3.800000e-01 nan nan nan nan
4.350000e+00 3.800000e-01 nan nan nan nan
4.400000e+00 3.800000e-01 nan nan nan nan
4.450000e+00 3.800000e-01 nan nan nan nan
4.500000e+00 3.800000e-01 nan nan nan nan
4.550000e+00 3.800000e-01 nan nan nan nan
4.600000e+00 3.800000e-01 nan nan nan nan
4.650000e+00 3.800000e-01 nan nan nan nan
4.700000e+00 3.800000e-01 nan nan nan nan
4.750000e+00 3.800000e-01 nan nan nan nan
4.800000e+00 3.800000e-01 nan nan nan nan
4.850000e+00 3.800000e-01 nan nan nan nan
4.900000e+00 3.800000e-01 nan nan nan nan
4.950000e+00 3.800000e-01 nan nan nan nan
5.000000e+00 3.800000e-01 nan nan nan nan
5.050000e+00 3.800000e-01 nan nan nan nan
5.100000e+00 3.800000e-01 nan nan nan nan
5.150000e+00 3.800000e-01 nan nan nan nan
5.200000e+00 3.800000e-01 nan nan nan nan
5.250000e+00 3.800000e-01 nan nan nan nan
5.300000e+00 3.800000e-01 nan nan nan nan
5.350000e+00 3.800000e-01 nan nan nan nan
5.400000e+00 3.800000e-01 nan nan nan nan
5.450000e+00 3.800000e-01 nan nan nan nan
5.500000e+00 3.800000e-01 nan nan nan nan
5.550000e+00 3.800000e-01 nan nan nan nan
5.600000e+00 3.800000e-01 nan nan nan nan
5.650000e+00 3.800000e-01 nan nan nan nan
5.700000e+00 3.800000e-01 nan nan nan nan
5.750000e+00 3.800000e-01 nan nan nan nan
5.800000e+00 3.800000e-01 nan nan nan nan
5.850000e+00 3.800000e-01 nan nan nan nan
5.900000e+00 3.800000e-01 nan nan nan nan
5.950000e+00 3.800000e-01 nan nan nan nan
6.000000e+00 3.800000e-01 nan nan nan nan
6.050000e+00 3.800000e-01 nan nan nan nan
6.100000e+00 3.800000e-01 nan nan nan nan
6.150000e+00 3.800000e-01 nan nan nan nan
6.200000e+00 3.800000e-01 nan nan nan nan
6.250000e+00 3.800000e-01 nan nan nan nan
6.300000e+00 3.800000e-01 nan nan nan nan
6.350000e+00 3.800000e-01 nan nan nan nan
6.400000e+00 3.800000e-01 nan nan nan nan
6.450000e+00 3.800000e-01 nan nan nan nan
6.500000e+00 3.800000e-01 nan nan nan nan
6.550000e+00 3.800000e-01 nan nan nan nan
6.600000e+00 3.800000e-01 nan nan nan nan
6.650000e+00 3.800000e-01 nan nan nan nan
6.700000e+00 3.800000e-01 nan nan nan nan
6.750000e+00 3.800000e-01 nan nan nan nan
6.800000e+00 3.800000e-01 nan nan nan nan
6.850000e+00 3.800000e-01 nan nan nan nan
6.900000e+00 3.800000e-01 nan nan nan nan
6.950000e+00 3.800000e-01 nan nan nan nan
7.000000e+00 3.800000e-01 nan nan nan nan
7.050000e+00 3.800000e-01 nan nan nan nan
7.100000e+00 3.800000e-01 nan nan nan nan
7.150000e+00 3.800000e-01 nan nan nan nan
7.200000e+00 3.800000e-01 nan nan nan nan
7.250000e+00 3.800000e-01 nan nan nan nan
7.300000e+00 3.800000e-01 nan nan nan nan
7.350000e+00 3.800000e-01 nan nan nan nan
7.400000e+00 3.800000e-01 nan nan nan nan
7.450000e+00 3.800000e-01 nan nan nan nan
7.500000e+00 3.800000e-01 nan nan nan nan
7.550000e+00 3.800000e-01 nan nan nan nan
7.600000e+00 3.800000e-01 nan nan nan nan
7.650000e+00 3.800000e-01 nan nan nan nan
7.700000e+00 3.800000e-01 nan nan nan nan
7.750000e+00 3.800000e-01 nan nan nan nan
7.800000e+00 3.800000e-01 nan nan nan nan
7.850000e+00 3.800000e-01 nan nan nan nan
7.900000e+00 3.800000e-01 nan nan nan nan
7.950000e+00 3.800000e-01 nan nan nan nan
8.000000e+00 3.800000e-01 nan nan nan nan
8.050000e+00 3.800000e-01 nan nan nan nan
8.100000e+00 3.800000e-01 nan nan nan nan
8.150000e+00 3.800000e-01 nan nan nan nan
8.200000e+00 3.800000e-01 nan nan nan nan
8.250000e+00 3.800000e-01 nan nan nan nan
8.300000e+00 3.800000e-01 nan nan nan nan
8.350000e+00 3.800000e-01 nan nan nan nan
8.400000e+00 3.800000e-01 nan nan nan nan
8.450000e+00 3.800000e-01 nan nan nan nan
8.500000e+00 3.800000e-01 nan nan nan nan
8.550000e+00 3.800000e-01 nan nan nan nan
8.600000e+00 3.800000e-01 nan nan nan nan
8.650000e+00 3.800000e-01 nan nan nan nan
8.700000e+00 3.800000e-01 nan nan nan nan
8.750000e+00 3.800000e-01 nan nan nan nan
8.800000e+00 3.800000e-01 nan nan nan nan
8.850000e+00 3.800000e-01 nan nan nan nan
8.900000e+00 3.800000e-01 nan nan nan nan
8.950000e+00 3.800000e-01 nan nan nan nan
9.000000e+00 3.800000e-01 nan nan nan nan
9.050000e+00 3.800000e-01 nan nan nan nan
9.100000e+00 3.800000e-01 nan nan nan nan
9.150000e+00 3.800000e-01 nan nan nan nan
9.200000e+00 3.800000e-01 nan nan nan nan
9.250000e+00 3.800000e-01 nan nan nan nan
9.300000e+00 3.800000e-01 nan nan nan nan
9.350000e+00 3.800000e-01 nan nan nan nan
9.400000e+00 3.800000e-01 nan nan nan nan
9.450000e+00 3.800000e-01 nan nan nan nan
9.500000e+00 3.800000e-01 nan nan nan nan
9.550000e+00 3.800000e-01 nan nan nan nan
9.600000e+00 3.800000e-01 nan nan nan nan
9.650000e+00 3.800000e-01 nan nan nan nan
9.700000e+00 3.800000e-01 nan nan nan nan
9.750000e+00 3.800000e-01 nan nan nan nan
9.800000e+00 3.800000e-01 nan nan nan nan
9.850000e+00 3.800000e-01 nan nan nan nan
9.900000e+00 3.800000e-01 nan nan nan nan
9.950000e+00 3.800000e-01 nan nan nan nan
1.000000e+01 3.800000e-01 3.233040e-01 nan 0.000000e+00 0.000000e+00
0.000000e+00 4.000000e-01 3.518400e-01 -1.200000e+00 0.000000e+00 0.000000e+00
5.000000e-02 4.000000e-01 nan nan nan nan
1.000000e-01 4.000000e-01 nan nan nan nan
1.500000e-01 4.000000e-01 nan nan nan nan
2.000000e-01 4.000000e-01 nan nan nan nan
2.500000e-01 4.000000e-01 nan nan nan nan
3.000000e-01 4.000000e-01 nan nan nan nan
3.500000e-01 4.000000e-01 nan nan nan nan
4.000000e-01 4.000000e-01 nan nan nan nan
4.500000e-01 4.000000e-01 nan nan nan nan
5.000000e-01 4.000000e-01 nan nan nan nan
5.500000e-01 4.000000e-01 nan nan nan nan
6.000000e-01 4.000000e-01 nan nan nan nan
6.500000e-01 4.000000e-01 nan nan nan nan
7.000000e-01 4.000000e-01 nan nan nan nan
7.500000e-01 4.000000e-01 nan nan nan nan
8.000000e-01 4.000000e-01 nan nan nan nan
8.500000e-01 4.000000e-01 nan nan nan nan
9.000000e-01 4.000000e-01 nan nan nan nan
9.500000e-01 4.000000e-01 nan nan nan nan
1.000000e+00 4.000000e-01 nan nan nan nan
1.050000e+00 4.000000e-01 nan nan nan nan
1.100000e+00 4.000000e-01 nan nan nan nan
1.150000e+00 4.000000e-01 nan nan nan nan
1.200000e+00 4.000000e-01 nan nan nan nan
1.250000e+00 4.000000e-01 nan nan nan nan
1.300000e+00 4.000000e-01 nan nan nan nan
1.350000e+00 4.000000e-01 nan nan nan nan
1.400000e+00 4.000000e-01 nan nan nan nan
1.450000e+00 4.000000e-01 nan nan nan nan
1.500000e+00 4.000000e-01 nan nan nan nan
1.550000e+00 4.000000e-01 nan nan nan nan
1.600000e+00 4.000000e-01 nan nan nan nan
1.650000e+00 4.000000e-01 nan nan nan nan
1.700000e+00 4.000000e-01 nan nan nan nan
1.750000e+00 4.000000e-01 nan nan nan nan
1.800000e+00 4.000000e-01 nan nan nan nan
1.850000e+00 4.000000e-01 nan nan nan nan
1.900000e+00 4.000000e-01 nan nan nan nan
1.950000e+00 4.000000e-01 nan nan nan nan
2.000000e+00 4.000000e-01 nan nan nan nan
2.050000e+00 4.000000e-01 nan nan nan nan
2.100000e+00 4.000000e-01 nan nan nan nan
2.150000e+00 4.000000e-01 nan nan nan nan
2.200000e+00 4.000000e-01 nan nan nan nan
2.250000e+00 4.000000e-01 nan nan nan nan
2.300000e+00 4.000000e-01 nan nan nan nan
2.350000e+00 4.000000e-01 nan nan nan nan
2.400000e+00 4.000000e-01 nan nan nan nan
2.450000e+00 4.000000e-01 nan nan nan nan
2.500000e+00 4.000000e-01 nan nan nan nan
2.550000e+00 4.000000e-01 nan nan nan nan
2.600000e+00 4.000000e-01 nan nan nan nan
2.650000e+00 4.000000e-01 nan nan nan nan
2.700000e+00 4.000000e-01 nan nan nan nan
2.750000e+00 4.000000e-01 nan nan nan nan
2.800000e+00 4.000000e-01 nan nan nan nan
2.850000e+00 4.000000e-01 nan nan nan nan
2.900000e+00 4.000000e-01 nan nan nan nan
2.950000e+00 4.000000e-01 nan nan nan nan
3.000000e+00 4.000000e-01 nan nan nan nan
3.050000e+00 4.000000e-01 nan nan nan nan
3.100000e+00 4.000000e-01 nan nan nan nan
3.150000e+00 4.000000e-01 nan nan nan nan
3.200000e+00 4.000000e-01 nan nan nan nan
3.250000e+00 4.000000e-01 nan nan nan nan
3.300000e+00 4.000000e-01 nan nan nan nan
3.350000e+00 4.000000e-01 nan nan nan nan
3.400000e+00 4.000000e-01 nan nan nan nan
3.450000e+00 4.000000e-01 nan nan nan nan
3.500000e+00 4.000000e-01 nan nan nan nan
3.550000e+00 4.000000e-01 nan nan nan nan
3.600000e+00 4.000000e-01 nan nan nan nan
3.650000e+00 4.000000e-01 nan nan nan nan
3.700000e+00 4.000000e-01 nan nan nan nan
3.750000e+00 4.000000e-01 nan nan nan nan
3.800000e+00 4.000000e-01 nan nan nan nan
3.850000e+00 4.000000e-01 nan nan nan nan
3.900000e+00 4.000000e-01 nan nan nan nan
3.950000e+00 4.000000e-01 nan nan nan nan
4.000000e+00 4.000000e-01 nan nan nan nan
4.050000e+00 4.000000e-01 nan nan nan nan
4.100000e+00 4.000000e-01 nan nan nan nan
4.150000e+00 4.000000e-01 nan nan nan nan
4.200000e+00 4.000000e-01 nan nan nan nan
4.250000e+00 4.000000e-01 nan nan nan nan
4.300000e+00 4.000000e-01 nan nan nan nan
4.350000e+00 4.000000e-01 nan nan nan nan
4.400000e+00 4.000000e-01 nan nan nan nan
4.450000e+00 4.000000e-01 nan nan nan nan
4.500000e+00 4.000000e-01 nan nan nan nan
4.550000e+00 4.000000e-01 nan nan nan nan
4.600000e+00 4.000000e-01 nan nan nan nan
4.650000e+00 4.000000e-01 nan nan nan nan
4.700000e+00 4.000000e-01 nan nan nan nan
4.750000e+00 4.000000e-01 nan nan nan nan
4.800000e+00 4.000000e-01 nan nan nan nan
4.850000e+00 4.000000e-01 nan nan nan nan
4.900000e+00 4.000000e-01 nan nan nan nan
4.950000e+00 4.000000e-01 nan nan nan nan
5.000000e+00 4.000000e-01 nan nan nan nan
5.050000e+00 4.000000e-01 nan nan nan nan
5.100000e+00 4.000000e-01 nan nan nan nan
5.150000e+00 4.000000e-01 nan nan nan nan
5.200000e+00 4.000000e-01 nan nan nan nan
5.250000e+00 4.000000e-01 nan nan nan nan
5.300000e+00 4.000000e-01 nan nan nan nan
5.350000e+00 4.000000e-01 nan nan nan nan
5.400000e+00 4.000000e-01 nan nan nan nan
5.450000e+00 4.000000e-01 nan nan nan nan
5.500000e+00 4.000000e-01 nan nan nan nan
5.550000e+00 4.000000e-01 nan nan nan nan
5.600000e+00 4.000000e-01 nan nan nan nan
5.650000e+00 4.000000e-01 nan nan nan nan
5.700000e+00 4.000000e-01 nan nan nan nan
5.750000e+00 4.000000e-01 nan nan nan nan
5.800000e+00 4.000000e-01 nan nan nan nan
5.850000e+00 4.000000e-01 nan nan nan nan
5.900000e+00 4.000000e-01 nan nan nan nan
5.950000e+00 4.000000e-01 nan nan nan nan
6.000000e+00 4.000000e-01 nan nan nan nan
6.050000e+00 4.000000e-01 nan nan nan nan
6.100000e+00 4.000000e-01 nan nan nan nan
6.150000e+00 4.000000e-01 nan nan nan nan
6.200000e+00 4.000000e-01 nan nan nan nan
6.250000e+00 4.000000e-01 nan nan nan nan
6.300000e+00 4.000000e-01 nan nan nan nan
6.350000e+00 4.000000e-01 nan nan nan nan
6.400000e+00 4.000000e-01 nan nan nan nan
6.450000e+00 4.000000e-01 nan nan nan nan
6.500000e+00 4.000000e-01 nan nan nan nan
6.550000e+00 4.000000e-01 nan nan nan nan
6.600000e+00 4.000000e-01 nan nan nan nan
6.650000e+00 4.000000e-01 nan nan nan nan
6.700000e+00 4.000000e-01 nan nan nan nan
6.750000e+00 4.000000e-01 nan nan nan nan
6.800000e+00 4.000000e-01 nan nan nan nan
6.850000e+00 4.000000e-01 nan nan nan nan
6.900000e+00 4.000000e-01 nan nan nan nan
6.950000e+00 4.000000e-01 nan nan nan nan
7.000000e+00 4.000000e-01 nan nan nan nan
7.050000e+00 4.000000e-01 nan nan nan nan
7.100000e+00 4.000000e-01 nan nan nan nan
7.150000e+00 4.000000e-01 nan nan nan nan
7.200000e+00 4.000000e-01 nan nan nan nan
7.250000e+00 4.000000e-01 nan nan nan nan
7.300000e+00 4.000000e-01 nan nan nan nan
7.350000e+00 4.000000e-01 nan nan nan nan
7.400000e+00 4.000000e-01 nan nan nan nan
7.450000e+00 4.000000e-01 nan nan nan nan
7.500000e+00 4.000000e-01 nan nan nan nan
7.550000e+00 4.000000e-01 nan nan nan nan
7.600000e+00 4.000000e-01 nan nan nan nan
7.650000e+00 4.000000e-01 nan nan nan nan
7.700000e+00 4.000000e-01 nan nan nan nan
7.750000e+00 4.000000e-01 nan nan nan nan
7.800000e+00 4.000000e-01 nan nan nan nan
7.850000e+00 4.000000e-01 nan nan nan nan
7.900000e+00 4.000000e-01 nan nan nan nan
7.950000e+00 4.000000e-01 nan nan nan nan
8.000000e+00 4.000000e-01 nan nan nan nan
8.050000e+00 4.000000e-01 nan nan nan nan
8.100000e+00 4.000000e-01 nan nan nan nan
8.150000e+00 4.000000e-01 nan nan nan nan
8.200000e+00 4.000000e-01 nan nan nan nan
8.250000e+00 4.000000e-01 nan nan nan nan
8.300000e+00 4.000000e-01 nan nan nan nan
8.350000e+00 4.000000e-01 nan nan nan nan
8.400000e+00 4.000000e-01 nan nan nan nan
8.450000e+00 4.000000e-01 nan nan nan nan
8.500000e+00 4.000000e-01 nan nan nan nan
8.550000e+00 4.000000e-01 nan nan nan nan
8.600000e+00 4.000000e-01 nan nan nan nan
8.650000e+00 4.000000e-01 nan nan nan nan
8.700000e+00 4.000000e-01 nan nan nan nan
8.750000e+00 4.000000e-01 nan nan nan nan
8.800000e+00 4.000000e-01 nan nan nan nan
8.850000e+00 4.000000e-01 nan nan nan nan
8.900000e+00 4.000000e-01 nan nan nan nan
8.950000e+00 4.000000e-01 nan nan nan nan
9.000000e+00 4.000000e-01 nan nan nan nan
9.050000e+00 4.000000e-01 nan nan nan nan
9.100000e+00 4.000000e-01 nan nan nan nan
9.150000e+00 4.000000e-01 nan nan nan nan
9.200000e+00 4.000000e-01 nan nan nan nan
9.250000e+00 4.000000e-01 nan nan nan nan
9.300000e+00 4.000000e-01 nan nan nan nan
9.350000e+00 4.000000e-01 nan nan nan nan
9.400000e+00 4.000000e-01 nan nan nan nan
9.450000e+00 4.000000e-01 nan nan nan nan
9.500000e+00 4.000000e-01 nan nan nan nan
9.550000e+00 4.000000e-01 nan nan nan nan
9.600000e+00 4.000000e-01 nan nan nan nan
9.650000e+00 4.000000e-01 nan nan nan nan
9.700000e+00 4.000000e-01 nan nan nan nan
9.750000e+00 4.000000e-01 nan nan nan nan
9.800000e+00 4.000000e-01 nan nan nan nan
9.850000e+00 4.000000e-01 nan nan nan nan
9.900000e+00 4.000000e-01 nan nan nan nan
9.950000e+00 4.000000e-01 nan nan nan nan
1.000000e+01 4.000000e-01 3.518400e-01 nan 0.000000e+00 0.000000e+00
0.000000e+00 4.200000e-01 3.808560e-01 -9.600000e-01 0.000000e+00 0.000000e+00
5.000000e-02 4.200000e-01 nan nan nan nan
1.000000e-01 4.200000e-01 nan nan nan nan
1.500000e-01 4.200000e-01 nan nan nan nan
2.000000e-01 4.200000e-01 nan nan nan nan
2.500000e-01 4.200000e-01 nan nan nan nan
3.000000e-01 4.200000e-01 nan nan nan nan
3.500000e-01 4.200000e-01 nan nan nan nan
4.000000e-01 4.200000e-01 nan nan nan nan
4.500000e-01 4.200000e-01 nan nan nan nan
5.000000e-01 4.200000e-01 nan nan nan nan
5.500000e-01 4.200000e-01 nan nan nan nan
6.000000e-01 4.200000e-01 nan nan nan nan
6.500000e-01 4.200000e-01 nan nan nan nan
7.000000e-01 4.200000e-01 nan nan nan nan
7.500000e-01 4.200000e-01 nan nan nan nan
8.000000e-01 4.200000e-01 nan nan nan nan
8.500000e-01 4.200000e-01 nan nan nan nan
9.000000e-01 4.200000e-01 nan nan nan nan
9.500000e-01 4.200000e-01 nan nan nan nan
1.000000e+00 4.200000e-01 nan nan nan nan
1.050000e+00 4.200000e-01 nan nan nan nan
1.100000e+00 4.200000e-01 nan nan nan nan
1.150000e+00 4.200000e-01 nan nan nan nan
1.200000e+00 4.200000e-01 nan nan nan nan
1.250000e+00 4.200000e-01 nan nan nan nan
1.300000e+00 4.200000e-01 nan nan nan nan
1.350000e+00 4.200000e-01 nan nan nan nan
1.400000e+00 4.200000e-01 nan nan nan nan
1.450000e+00 4.200000e-01 nan nan nan nan
1.500000e+00 4.200000e-01 nan nan nan nan
1.550000e+00 4.200000e-01 nan nan nan nan
1.600000e+00 4.200000e-01 nan nan nan nan
1.650000e+00 4.200000e-01 nan nan nan nan
1.700000e+00 4.200000e-01 nan nan nan nan
1.750000e+00 4.200000e-01 nan nan nan nan
1.800000e+00 4.200000e-01 nan nan nan nan
1.850000e+00 4.200000e-01 nan nan nan nan
1.900000e+00 4.200000e-01 nan nan nan nan
1.950000e+00 4.200000e-01 nan nan nan nan
2.000000e+00 4.200000e-01 nan nan nan nan
2.050000e+00 4.200000e-01 nan nan nan nan
2.100000e+00 4.200000e-01 nan nan nan nan
2.150000e+00 4.200000e-01 nan nan nan nan
2.200000e+00 4.200000e-01 nan nan nan nan
2.250000e+00 4.200000e-01 nan nan nan nan
2.300000e+00 4.200000e-01 nan nan nan nan
2.350000e+00 4.200000e-01 nan nan nan nan
2.400000e+00 4.200000e-01 nan nan nan nan
2.450000e+00 4.200000e-01 nan nan nan nan
2.500000e+00 4.200000e-01 nan nan nan nan
2.550000e+00 4.200000e-01 nan nan nan nan
2.600000e+00 4.200000e-01 nan nan nan nan
2.650000e+00 4.200000e-01 nan nan nan nan
2.700000e+00 4.200000e-01 nan nan nan nan
2.750000e+00 4.200000e-01 nan nan nan nan
2.800000e+00 4.200000e-01 nan nan nan nan
2.850000e+00 4.200000e-01 nan nan nan nan
2.900000e+00 4.200000e-01 nan nan nan nan
2.950000e+00 4.200000e-01 nan nan nan nan
3.000000e+00 4.200000e-01 nan nan nan nan
3.050000e+00 4.200000e-01 nan nan nan nan
3.100000e+00 4.200000e-01 nan nan nan nan
3.150000e+00 4.200000e-01 nan nan nan nan
3.200000e+00 4.200000e-01 nan nan nan nan
3.250000e+00 4.200000e-01 nan nan nan nan
3.300000e+00 4.200000e-01 nan nan nan nan
3.350000e+00 4.200000e-01 nan nan nan nan
3.400000e+00 4.200000e-01 nan nan nan nan
3.450000e+00 4.200000e-01 nan nan nan nan
3.500000e+00 4.200000e-01 nan nan nan nan
3.550000e+00 4.200000e-01 nan nan nan nan
3.600000e+00 4.200000e-01 nan nan nan nan
3.650000e+00 4.200000e-01 nan nan nan nan
3.700000e+00 4.200000e-01 nan nan nan nan
3.750000e+00 4.200000e-01 nan nan nan nan
3.800000e+00 4.200000e-01 nan nan nan nan
3.850000e+00 4.200000e-01 nan nan nan nan
3.900000e+00 4.200000e-01 nan nan nan nan
3.950000e+00 4.200000e-01 nan nan nan nan
4.000000e+00 4.200000e-01 nan nan nan nan
4.050000e+00 4.200000e-01 nan nan nan nan
4.100000e+00 4.200000e-01 nan nan nan nan
4.150000e+00 4.200000e-01 nan nan nan nan
4.200000e+00 4.200000e-01 nan nan nan nan
4.250000e+00 4.200000e-01 nan nan nan nan
4.300000e+00 4.200000e-01 nan nan nan nan
4.350000e+00 4.200000e-01 nan nan nan nan
4.400000e+00 4.200000e-01 nan nan nan nan
4.450000e+00 4.200000e-01 nan nan nan nan
4.500000e+00 4.200000e-01 nan nan nan nan
4.550000e+00 4.200000e-01 nan nan nan nan
4.600000e+00 4.200000e-01 nan nan nan nan
4.650000e+00 4.200000e-01 nan nan nan nan
4.700000e+00 4.200000e-01 nan nan nan nan
4.750000e+00 4.200000e-01 nan nan nan nan
4.800000e+00 4.200000e-01 nan nan nan nan
4.850000e+00 4.200000e-01 nan nan nan nan
4.900000e+00 4.200000e-01 nan nan nan nan
4.950000e+00 4.200000e-01 nan nan nan nan
5.000000e+00 4.200000e-01 nan nan nan nan
5.050000e+00 4.200000e-01 nan nan nan nan
5.100000e+00 4.200000e-01 nan nan nan nan
5.150000e+00 4.200000e-01 nan nan nan nan
5.200000e+00 4.200000e-01 nan nan nan nan
5.250000e+00 4.200000e-01 nan nan nan nan
5.300000e+00 4.200000e-01 nan nan nan nan
5.350000e+00 4.200000e-01 nan nan nan nan
5.400000e+00 4.200000e-01 nan nan nan nan
5.450000e+00 4.200000e-01 nan nan nan nan
5.500000e+00 4.200000e-01 nan nan nan nan
5.550000e+00 4.200000e-01 nan nan nan nan
5.600000e+00 4.200000e-01 nan nan nan nan
5.650000e+00 4.200000e-01 nan nan nan nan
5.700000e+00 4.200000e-01 nan nan nan nan
5.750000e+00 4.200000e-01 nan nan nan nan
5.800000e+00 4.200000e-01 nan nan nan nan
5.850000e+00 4.200000e-01 nan nan nan nan
5.900000e+00 4.200000e-01 nan nan nan nan
5.950000e+00 4.200000e-01 nan nan nan nan
6.000000e+00 4.200000e-01 nan nan nan nan
6.050000e+00 4.200000e-01 nan nan nan nan
6.100000e+00 4.200000e-01 nan nan nan nan
6.150000e+00 4.200000e-01 nan nan nan nan
6.200000e+00 4.200000e-01 nan nan nan nan
6.250000e+00 4.200000e-01 nan nan nan nan
6.300000e+00 4.200000e-01 nan nan nan nan
6.350000e+00 4.200000e-01 nan nan nan nan
6.400000e+00 4.200000e-01 nan nan nan nan
6.450000e+00 4.200000e-01 nan nan nan nan
6.500000e+00 4.200000e-01 nan nan nan nan
6.550000e+00 4.200000e-01 nan nan nan nan
6.600000e+00 4.200000e-01 nan nan nan nan
6.650000e+00 4.200000e-01 nan nan nan nan
6.700000e+00 4.200000e-01 nan nan nan nan
6.750000e+00 4.200000e-01 nan nan nan nan
6.800000e+00 4.200000e-01 nan nan nan nan
6.850000e+00 4.200000e-01 nan nan nan nan
6.900000e+00 4.200000e-01 nan nan nan nan
6.950000e+00 4.200000e-01 nan nan nan nan
7.000000e+00 4.200000e-01 nan nan nan nan
7.050000e+00 4.200000e-01 nan nan nan nan
7.100000e+00 4.200000e-01 nan nan nan nan
7.150000e+00 4.200000e-01 nan nan nan nan
7.200000e+00 4.200000e-01 nan nan nan nan
7.250000e+00 4.200000e-01 nan nan nan nan
7.300000e+00 4.200000e-01 nan nan nan nan
7.350000e+00 4.200000e-01 nan nan nan nan
7.400000e+00 4.200000e-01 nan nan nan nan
7.450000e+00 4.200000e-01 nan nan nan nan
7.500000e+00 4.200000e-01 nan nan nan nan
7.550000e+00 4.200000e-01 nan nan nan nan
7.600000e+00 4.200000e-01 nan nan nan nan
7.650000e+00 4.200000e-01 nan nan nan nan
7.700000e+00 4.200000e-01 nan nan nan nan
7.750000e+00 4.200000e-01 nan nan nan nan
7.800000e+00 4.200000e-01 nan nan nan nan
7.850000e+00 4.200000e-01 nan nan nan nan
7.900000e+00 4.200000e-01 nan nan nan nan
7.950000e+00 4.200000e-01 nan nan nan nan
8.000000e+00 4.200000e-01 nan nan nan nan
8.050000e+00 4.200000e-01 nan nan nan nan
8.100000e+00 4.200000e-01 nan nan nan nan
8.150000e+00 4.200000e-01 nan nan nan nan
8.200000e+00 4.200000e-01 nan nan nan nan
8.250000e+00 4.200000e-01 nan nan nan nan
8.300000e+00 4.200000e-01 nan nan nan nan
8.350000e+00 4.200000e-01 nan nan nan nan
8.400000e+00 4.200000e-01 nan nan nan nan
8.450000e+00 4.200000e-01 nan nan nan nan
8.500000e+00 4.200000e-01 nan nan nan nan
8.550000e+00 4.200000e-01 nan nan nan nan
8.600000e+00 4.200000e-01 nan nan nan nan
8.650000e+00 4.200000e-01 nan nan nan nan
8.700000e+00 4.200000e-01 nan nan nan nan
8.750000e+00 4.200000e-01 nan nan nan nan
8.800000e+00 4.200000e-01 nan nan nan nan
8.850000e+00 4.200000e-01 nan nan nan nan
8.900000e+00 4.200000e-01 nan nan nan nan
8.950000e+00 4.200000e-01 nan nan nan nan
9.000000e+00 4.200000e-01 nan nan nan nan
9.050000e+00 4.200000e-01 nan nan nan nan
9.100000e+00 4.200000e-01 nan nan nan nan
9.150000e+00 4.200000e-01 nan nan nan nan
9.200000e+00 4.200000e-01 nan nan nan nan
9.250000e+00 4.200000e-01 nan nan nan nan
9.300000e+00 4.200000e-01 nan nan nan nan
9.350000e+00 4.200000e-01 nan nan nan nan
9.400000e+00 4.200000e-01 nan nan nan nan
9.450000e+00 4.200000e-01 nan nan nan nan
9.500000e+00 4.200000e-01 nan nan nan nan
9.550000e+00 4.200000e-01 nan nan nan nan
9.600000e+00 4.200000e-01 nan nan nan nan
9.650000e+00 4.200000e-01 nan nan nan nan
9.700000e+00 4.200000e-01 nan nan nan nan
9.750000e+00 4.200000e-01 nan nan nan nan
9.800000e+00 4.200000e-01 nan nan nan nan
9.850000e+00 4.200000e-01 nan nan nan nan
9.900000e+00 4.200000e-01 nan nan nan nan
9.950000e+00 4.200000e-01 nan nan nan nan
1.000000e+01 4.200000e-01 3.808560e-01 nan 0.000000e+00 0.000000e+00
0.000000e+00 4.400000e-01 4.102560e-01 -7.200000e-01 0.000000e+00 0.000000e+00
5.000000e-02 4.400000e-01 nan nan nan nan
1.000000e-01 4.400000e-01 nan nan nan nan
1.500000e-01 4.400000e-01 nan nan nan nan
2.000000e-01 4.400000e-01 nan nan nan nan
2.500000e-01 4.400000e-01 nan nan nan nan
3.000000e-01 4.400000e-01 nan nan nan nan
3.500000e-01 4.400000e-01 nan nan nan nan
4.000000e-01 4.400000e-01 nan nan nan nan
4.500000e-01 4.400000e-01 nan nan nan nan
5.000000e-01 4.400000e-01 nan nan nan nan
5.500000e-01 4.400000e-01 nan nan nan nan
6.000000e-01 4.400000e-01 nan nan nan nan
6.500000e-01 4.400000e-01 nan nan nan nan
7.000000e-01 4.400000e-01 nan nan nan nan
7.500000e-01 4.400000e-01 nan nan nan nan
8.000000e-01 4.400000e-01 nan nan nan nan
8.500000e-01 4.400000e-01 nan nan nan nan
9.000000e-01 4.400000e-01 nan nan nan nan
9.500000e-01 4.400000e-01 nan nan nan nan
1.000000e+00 4.400000e-01 nan nan nan nan
1.050000e+00 4.400000e-01 nan nan nan nan
1.100000e+00 4.400000e-01 nan nan nan nan
1.150000e+00 4.400000e-01 nan nan nan nan
1.200000e+00 4.400000e-01 nan nan nan nan
1.250000e+00 4.400000e-01 nan nan nan nan
1.300000e+00 4.400000e-01 nan nan nan nan
1.350000e+00 4.400000e-01 nan nan nan nan
1.400000e+00 4.400000e-01 nan nan nan nan
1.450000e+00 4.400000e-01 nan nan nan nan
1.500000e+00 4.400000e-01 nan nan nan nan
1.550000e+00 4.400000e-01 nan nan nan nan
1.600000e+00 4.400000e-01 nan nan nan nan
1.650000e+00 4.400000e-01 nan nan nan nan
1.700000e+00 4.400000e-01 nan nan nan nan
1.750000e+00 4.400000e-01 nan nan nan nan
1.800000e+00 4.400000e-01 nan nan nan nan
1.850000e+00 4.400000e-01 nan nan nan nan
1.900000e+00 4.400000e-01 nan nan nan nan
1.950000e+00 4.400000e-01 nan nan nan nan
2.000000e+00 4.400000e-01 nan nan nan nan
2.050000e+00 4.400000e-01 nan nan nan nan
2.100000e+00 4.400000e-01 nan nan nan nan
2.150000e+00 4.400000e-01 nan nan nan nan
2.200000e+00 4.400000e-01 nan nan nan nan
2.250000e+00 4.400000e-01 nan nan nan nan
2.300000e+00 4.400000e-01 nan nan nan nan
2.350000e+00 4.400000e-01 nan nan nan nan
2.400000e+00 4.400000e-01 nan nan nan nan
2.450000e+00 4.400000e-01 nan nan nan nan
2.500000e+00 4.400000e-01 nan nan nan nan
2.550000e+00 4.400000e-01 nan nan nan nan
2.600000e+00 4.400000e-01 nan nan nan nan
2.650000e+00 4.400000e-01 nan nan nan nan
2.700000e+00 4.400000e-01 nan nan nan nan
2.750000e+00 4.400000e-01 nan nan nan nan
2.800000e+00 4.400000e-01 nan nan nan nan
2.850000e+00 4.400000e-01 nan nan nan nan
2.900000e+00 4.400000e-01 nan nan nan nan
2.950000e+00 4.400000e-01 nan nan nan nan
3.000000e+00 4.400000e-01 nan nan nan nan
3.050000e+00 4.400000e-01 nan nan nan nan
3.100000e+00 4.400000e-01 nan nan nan nan
3.150000e+00 4.400000e-01 nan nan nan nan
3.200000e+00 4.400000e-01 nan nan nan nan
3.250000e+00 4.400000e-01 nan nan nan nan
3.300000e+00 4.400000e-01 nan nan nan nan
3.350000e+00 4.400000e-01 nan nan nan nan
3.400000e+00 4.400000e-01 nan nan nan nan
3.450000e+00 4.400000e-01 nan nan nan nan
3.500000e+00 4.400000e-01 nan nan nan nan
3.550000e+00 4.400000e-01 nan nan nan nan
3.600000e+00 4.400000e-01 nan nan nan nan
3.650000e+00 4.400000e-01 nan nan nan nan
3.700000e+00 4.400000e-01 nan nan nan nan
3.750000e+00 4.400000e-01 nan nan nan nan
3.800000e+00 4.400000e-01 nan nan nan nan
3.850000e+00 4.400000e-01 nan nan nan nan
3.900000e+00 4.400000e-01 nan nan nan nan
3.950000e+00 4.400000e-01 nan nan nan nan
4.000000e+00 4.400000e-01 nan nan nan nan
4.050000e+00 4.400000e-01 nan nan nan nan
4.100000e+00 4.400000e-01 nan nan nan nan
4.150000e+00 4.400000e-01 nan nan nan nan
4.200000e+00 4.400000e-01 nan nan nan nan
4.250000e+00 4.400000e-01 nan nan nan nan
4.300000e+00 4.400000e-01 nan nan nan nan
4.350000e+00 4.400000e-01 nan nan nan nan
4.400000e+00 4.400000e-01 nan nan nan nan
4.450000e+00 4.400000e-01 nan nan nan nan
4.500000e+00 4.400000e-01 nan nan nan nan
4.550000e+00 4.400000e-01 nan nan nan nan
4.600000e+00 4.400000e-01 nan nan nan nan
4.650000e+00 4.400000e-01 nan nan nan nan
4.700000e+00 4.400000e-01 nan nan nan nan
4.750000e+00 4.400000e-01 nan nan nan nan
4.800000e+00 4.400000e-01 nan nan nan nan
4.850000e+00 4.400000e-01 nan nan nan nan
4.900000e+00 4.400000e-01 nan nan nan nan
4.950000e+00 4.400000e-01 nan nan nan nan
5.000000e+00 4.400000e-01 nan nan nan nan
5.050000e+00 4.400000e-01 nan nan nan nan
5.100000e+00 4.400000e-01 nan nan nan nan
5.150000e+00 4.400000e-01 nan nan nan nan
5.200000e+00 4.400000e-01 nan nan nan nan
5.250000e+00 4.400000e-01 nan nan nan nan
5.300000e+00 4.400000e-01 nan nan nan nan
5.350000e+00 4.400000e-01 nan nan nan nan
5.400000e+00 4.400000e-01 nan nan nan nan
5.450000e+00 4.400000e-01 nan nan nan nan
5.500000e+00 4.400000e-01 nan nan nan nan
5.550000e+00 4.400000e-01 nan nan nan nan
5.600000e+00 4.400000e-01 nan nan nan nan
5.650000e+00 4.400000e-01 nan nan nan nan
5.700000e+00 4.400000e-01 nan nan nan nan
5.750000e+00 4.400000e-01 nan nan nan nan
5.800000e+00 4.400000e-01 nan nan nan nan
5.850000e+00 4.400000e-01 nan nan nan nan
5.900000e+00 4.400000e-01 nan nan nan nan
5.950000e+00 4.400000e-01 nan nan nan nan
6.000000e+00 4.400000e-01 nan nan nan nan
6.050000e+00 4.400000e-01 nan nan nan nan
6.100000e+00 4.400000e-01 nan nan nan nan
6.150000e+00 4.400000e-01 nan nan nan nan
6.200000e+00 4.400000e-01 nan nan nan nan
6.250000e+00 4.400000e-01 nan nan nan nan
6.300000e+00 4.400000e-01 nan nan nan nan
6.350000e+00 4.400000e-01 nan nan nan nan
6.400000e+00 4.400000e-01 nan nan nan nan
6.450000e+00 4.400000e-01 nan nan nan nan
6.500000e+00 4.400000e-01 nan nan nan nan
6.550000e+00 4.400000e-01 nan nan nan nan
6.600000e+00 4.400000e-01 nan nan nan nan
6.650000e+00 4.400000e-01 nan nan nan nan
6.700000e+00 4.400000e-01 nan nan nan nan
6.750000e+00 4.400000e-01 nan nan nan nan
6.800000e+00 4.400000e-01 nan nan nan nan
6.850000e+00 4.400000e-01 nan nan nan nan
6.900000e+00 4.400000e-01 nan nan nan nan
6.950000e+00 4.400000e-01 nan nan nan nan
7.000000e+00 4.400000e-01 nan nan nan nan
7.050000e+00 4.400000e-01 nan nan nan nan
7.100000e+00 4.400000e-01 nan nan nan nan
7.150000e+00 4.400000e-01 nan nan nan nan
7.200000e+00 4.400000e-01 nan nan nan nan
7.250000e+00 4.400000e-01 nan nan nan nan
7.300000e+00 4.400000e-01 nan nan nan nan
7.350000e+00 4.400000e-01 nan nan nan nan
7.400000e+00 4.400000e-01 nan nan nan nan
7.450000e+00 4.400000e-01 nan nan nan nan
7.500000e+00 4.400000e-01 nan nan nan nan
7.550000e+00 4.400000e-01 nan nan nan nan
7.600000e+00 4.400000e-01 nan nan nan nan
7.650000e+00 4.400000e-01 nan nan nan nan
7.700000e+00 4.400000e-01 nan nan nan nan
7.750000e+00 4.400000e-01 nan nan nan nan
7.800000e+00 4.400000e-01 nan nan nan nan
7.850000e+00 4.400000e-01 nan nan nan nan
7.900000e+00 4.400000e-01 nan nan nan nan
7.950000e+00 4.400000e-01 nan nan nan nan
8.000000e+00 4.400000e-01 nan nan nan nan
8.050000e+00 4.400000e-01 nan nan nan nan
8.100000e+00 4.400000e-01 nan nan nan nan
8.150000e+00 4.400000e-01 nan nan nan nan
8.200000e+00 4.400000e-01 nan nan nan nan
8.250000e+00 4.400000e-01 nan nan nan nan
8.300000e+00 4.400000e-01 nan nan nan nan
8.350000e+00 4.400000e-01 nan nan nan nan
8.400000e+00 4.400000e-01 nan nan nan nan
8.450000e+00 4.400000e-01 nan nan nan nan
8.500000e+00 4.400000e-01 nan nan nan nan
8.550000e+00 4.400000e-01 nan nan nan nan
8.600000e+00 4.400000e-01 nan nan nan nan
8.650000e+00 4.400000e-01 nan nan nan nan
8.700000e+00 4.400000e-01 nan nan nan nan
8.750000e+00 4.400000e-01 nan nan nan nan
8.800000e+00 4.400000e-01 nan nan nan nan
8.850000e+00 4.400000e-01 nan nan nan nan
8.900000e+00 4.400000e-01 nan nan nan nan
8.950000e+00 4.400000e-01 nan nan nan nan
9.000000e+00 4.400000e-01 nan nan nan nan
9.050000e+00 4.400000e-01 nan nan nan nan
9.100000e+00 4.400000e-01 nan nan nan nan
9.150000e+00 4.400000e-01 nan nan nan nan
9.200000e+00 4.400000e-01 nan nan nan nan
9.250000e+00 4.400000e-01 nan nan nan nan
9.300000e+00 4.400000e-01 nan nan nan nan
9.350000e+00 4.400000e-01 nan nan nan nan
9.400000e+00 4.400000e-01 nan nan nan nan
9.450000e+00 4.400000e-01 nan nan nan nan
9.500000e+00 4.400000e-01 nan nan nan nan
9.550000e+00 4.400000e-01 nan nan nan nan
9.600000e+00 4.400000e-01 nan nan nan nan
9.650000e+00 4.400000e-01 nan nan nan nan
9.700000e+00 4.400000e-01 nan nan nan nan
9.750000e+00 4.400000e-01 nan nan nan nan
9.800000e+00 4.400000e-01 nan nan nan nan
9.850000e+00 4.400000e-01 nan nan nan nan
9.900000e+00 4.400000e-01 nan nan nan nan
9.950000e+00 4.400000e-01 nan nan nan nan
1.000000e+01 4.400000e-01 4.102560e-01 nan 0.000000e+00 0.000000e+00
0.000000e+00 4.600000e-01 4.399440e-01 -4.800000e-01 0.000000e+00 0.000000e+00
5.000000e-02 4.600000e-01 nan nan nan nan
1.000000e-01 4.600000e-01 nan nan nan nan
1.500000e-01 4.600000e-01 nan nan nan nan
2.000000e-01 4.600000e-01 nan nan nan nan
2.500000e-01 4.600000e-01 nan nan nan nan
3.000000e-01 4.600000e-01 nan nan nan nan
3.500000e-01 4.600000e-01 nan nan nan nan
4.000000e-01 4.600000e-01 nan nan nan nan
4.500000e-01 4.600000e-01 nan nan nan nan
5.000000e-01 4.600000e-01 nan nan nan nan
5.500000e-01 4.600000e-01 nan nan nan nan
6.000000e-01 4.600000e-01 nan nan nan nan
6.500000e-01 4.600000e-01 nan nan nan nan
7.000000e-01 4.600000e-01 nan nan nan nan
7.500000e-01 4.600000e-01 nan nan nan nan
8.000000e-01 4.600000e-01 nan nan nan nan
8.500000e-01 4.600000e-01 nan nan nan nan
9.000000e-01 4.600000e-01 nan nan nan nan
9.500000e-01 4.600000e-01 nan nan nan nan
1.000000e+00 4.600000e-01 nan nan nan nan
1.050000e+00 4.600000e-01 nan nan nan nan
1.100000e+00 4.600000e-01 nan nan nan nan
1.150000e+00 4.600000e-01 nan nan nan nan
1.200000e+00 4.600000e-01 nan nan nan nan
1.250000e+00 4.600000e-01 nan nan nan nan
1.300000e+00 4.600000e-01 nan nan nan nan
1.350000e+00 4.600000e-01 nan nan nan nan
1.400000e+00 4.600000e-01 nan nan nan nan
1.450000e+00 4.600000e-01 nan nan nan nan
1.500000e+00 4.600000e-01 nan nan nan nan
1.550000e+00 4.600000e-01 nan nan nan nan
1.600000e+00 4.600000e-01 nan nan nan nan
1.650000e+00 4.600000e-01 nan nan nan nan
1.700000e+00 4.600000e-01 nan nan nan nan
1.750000e+00 4.600000e-01 nan nan nan nan
1.800000e+00 4.600000e-01 nan nan nan nan
1.850000e+00 4.600000e-01 nan nan nan nan
1.900000e+00 4.600000e-01 nan nan nan nan
1.950000e+00 4.600000e-01 nan nan nan nan
2.000000e+00 4.600000e-01 nan nan nan nan
2.050000e+00 4.600000e-01 nan nan nan nan
2.100000e+00 4.600000e-01 nan nan nan nan
2.150000e+00 4.600000e-01 nan nan nan nan
2.200000e+00 4.600000e-01 nan nan nan nan
2.250000e+00 4.600000e-01 nan nan nan nan
2.300000e+00 4.600000e-01 nan nan nan nan
2.350000e+00 4.600000e-01 nan nan nan nan
2.400000e+00 4.600000e-01 nan nan nan nan
2.450000e+00 4.600000e-01 nan nan nan nan
2.500000e+00 4.600000e-01 nan nan nan nan
2.550000e+00 4.600000e-01 nan nan nan nan
2.600000e+00 4.600000e-01 nan nan nan nan
2.650000e+00 4.600000e-01 nan nan nan nan
2.700000e+00 4.600000e-01 nan nan nan nan
2.750000e+00 4.600000e-01 nan nan nan nan
2.800000e+00 4.600000e-01 nan nan nan nan
2.850000e+00 4.600000e-01 nan nan nan nan
2.900000e+00 4.600000e-01 nan nan nan nan
2.950000e+00 4.600000e-01 nan nan nan nan
3.000000e+00 4.600000e-01 nan nan nan nan
3.050000e+00 4.600000e-01 nan nan nan nan
3.100000e+00 4.600000e-01 nan nan nan nan
3.150000e+00 4.600000e-01 nan nan nan nan
3.200000e+00 4.600000e-01 nan nan nan nan
3.250000e+00 4.600000e-01 nan nan nan nan
3.300000e+00 4.600000e-01 nan nan nan nan
3.350000e+00 4.600000e-01 nan nan nan nan
3.400000e+00 4.600000e-01 nan nan nan nan
3.450000e+00 4.600000e-01 nan nan nan nan
3.500000e+00 4.600000e-01 nan nan nan nan
3.550000e+00 4.600000e-01 nan nan nan nan
3.600000e+00 4.600000e-01 nan nan nan nan
3.650000e+00 4.600000e-01 nan nan nan nan
3.700000e+00 4.600000e-01 nan nan nan nan
3.750000e+00 4.600000e-01 nan nan nan nan
3.800000e+00 4.600000e-01 nan nan nan nan
3.850000e+00 4.600000e-01 nan nan nan nan
3.900000e+00 4.600000e-01 nan nan nan nan
3.950000e+00 4.600000e-01 nan nan nan nan
4.000000e+00 4.600000e-01 nan nan nan nan
4.050000e+00 4.600000e-01 nan nan nan nan
4.100000e+00 4.600000e-01 nan nan nan nan
4.150000e+00 4.600000e-01 nan nan nan nan
4.200000e+00 4.600000e-01 nan nan nan nan
4.250000e+00 4.600000e-01 nan nan nan nan
4.300000e+00 4.600000e-01 nan nan nan nan
4.350000e+00 4.600000e-01 nan nan nan nan
4.400000e+00 4.600000e-01 nan nan nan nan
4.450000e+00 4.600000e-01 nan nan nan nan
4.500000e+00 4.600000e-01 nan nan nan nan
4.550000e+00 4.600000e-01 nan nan nan nan
4.600000e+00 4.600000e-01 nan nan nan nan
4.650000e+00 4.600000e-01 nan nan nan nan
4.700000e+00 4.600000e-01 nan nan nan nan
4.750000e+00 4.600000e-01 nan nan nan nan
4.800000e+00 4.600000e-01 nan nan nan nan
4.850000e+00 4.600000e-01 nan nan nan nan
4.900000e+00 4.600000e-01 nan nan nan nan
4.950000e+00 4.600000e-01 nan nan nan nan
5.000000e+00 4.600000e-01 nan nan nan nan
5.050000e+00 4.600000e-01 nan nan nan nan
5.100000e+00 4.600000e-01 nan nan nan nan
5.150000e+00 4.600000e-01 nan nan nan nan
5.200000e+00 4.600000e-01 nan nan nan nan
5.250000e+00 4.600000e-01 nan nan nan nan
5.300000e+00 4.600000e-01 nan nan nan nan
5.350000e+00 4.600000e-01 nan nan nan nan
5.400000e+00 4.600000e-01 nan nan nan nan
5.450000e+00 4.600000e-01 nan nan nan nan
5.500000e+00 4.600000e-01 nan nan nan nan
5.550000e+00 4.600000e-01 nan nan nan nan
5.600000e+00 4.600000e-01 nan nan nan nan
5.650000e+00 4.600000e-01 nan nan nan nan
5.700000e+00 4.600000e-01 nan nan nan nan
5.750000e+00 4.600000e-01 nan nan nan nan
5.800000e+00 4.600000e-01 nan nan nan nan
5.850000e+00 4.600000e-01 nan nan nan nan
5.900000e+00 4.600000e-01 nan nan nan nan
5.950000e+00 4.600000e-01 nan nan nan nan
6.000000e+00 4.600000e-01 nan nan nan nan
6.050000e+00 4.600000e-01 nan nan nan nan
6.100000e+00 4.600000e-01 nan nan nan nan
6.150000e+00 4.600000e-01 nan nan nan nan
6.200000e+00 4.600000e-01 nan nan nan nan
6.250000e+00 4.600000e-01 nan nan nan nan
6.300000e+00 4.600000e-01 nan nan nan nan
6.350000e+00 4.600000e-01 nan nan nan nan
6.400000e+00 4.600000e-01 nan nan nan nan
6.450000e+00 4.600000e-01 nan nan nan nan
6.500000e+00 4.600000e-01 nan nan nan nan
6.550000e+00 4.600000e-01 nan nan nan nan
6.600000e+00 4.600000e-01 nan nan nan nan
6.650000e+00 4.600000e-01 nan nan nan nan
6.700000e+00 4.600000e-01 nan nan nan nan
6.750000e+00 4.600000e-01 nan nan nan nan
6.800000e+00 4.600000e-01 nan nan nan nan
6.850000e+00 4.600000e-01 nan nan nan nan
6.900000e+00 4.600000e-01 nan nan nan nan
6.950000e+00 4.600000e-01 nan nan nan nan
7.000000e+00 4.600000e-01 nan nan nan nan
7.050000e+00 4.600000e-01 nan nan nan nan
7.100000e+00 4.600000e-01 nan nan nan nan
7.150000e+00 4.600000e-01 nan nan nan nan
7.200000e+00 4.600000e-01 nan nan nan nan
7.250000e+00 4.600000e-01 nan nan nan nan
7.300000e+00 4.600000e-01 nan nan nan nan
7.350000e+00 4.600000e-01 nan nan nan nan
7.400000e+00 4.600000e-01 nan nan nan nan
7.450000e+00 4.600000e-01 nan nan nan nan
7.500000e+00 4.600000e-01 nan nan nan nan
7.550000e+00 4.600000e-01 nan nan nan nan
7.600000e+00 4.600000e-01 nan nan nan nan
7.650000e+00 4.600000e-01 nan nan nan nan
7.700000e+00 4.600000e-01 nan nan nan nan
7.750000e+00 4.600000e-01 nan nan nan nan
7.800000e+00 4.600000e-01 nan nan nan nan
7.850000e+00 4.600000e-01 nan nan nan nan
7.900000e+00 4.600000e-01 nan nan nan nan
7.950000e+00 4.600000e-01 nan nan nan nan
8.000000e+00 4.600000e-01 nan nan nan nan
8.050000e+00 4.600000e-01 nan nan nan nan
8.100000e+00 4.600000e-01 nan nan nan nan
8.150000e+00 4.600000e-01 nan nan nan nan
8.200000e+00 4.600000e-01 nan nan nan nan
8.250000e+00 4.600000e-01 nan nan nan nan
8.300000e+00 4.600000e-01 nan nan nan nan
8.350000e+00 4.600000e-01 nan nan nan nan
8.400000e+00 4.600000e-01 nan nan nan nan
8.450000e+00 4.600000e-01 nan nan nan nan
8.500000e+00 4.600000e-01 nan nan nan nan
8.550000e+00 4.600000e-01 nan nan nan nan
8.600000e+00 4.600000e-01 nan nan nan nan
8.650000e+00 4.600000e-01 nan nan nan nan
8.700000e+00 4.600000e-01 nan nan nan nan
8.750000e+00 4.600000e-01 nan nan nan nan
8.800000e+00 4.600000e-01 nan nan nan nan
8.850000e+00 4.600000e-01 nan nan nan nan
8.900000e+00 4.600000e-01 nan nan nan nan
8.950000e+00 4.600000e-01 nan nan nan nan
9.000000e+00 4.600000e-01 nan nan nan nan
9.050000e+00 4.600000e-01 nan nan nan nan
9.100000e+00 4.600000e-01 nan nan nan nan
9.150000e+00 4.600000e-01 nan nan nan nan
9.200000e+00 4.600000e-01 nan nan nan nan
9.250000e+00 4.600000e-01 nan nan nan nan
9.300000e+00 4.600000e-01 nan nan nan nan
9.350000e+00 4.600000e-01 nan nan nan nan
9.400000e+00 4.600000e-01 nan nan nan nan
9.450000e+00 4.600000e-01 nan nan nan nan
9.500000e+00 4.600000e-01 nan nan nan nan
9.550000e+00 4.600000e-01 nan nan nan nan
9.600000e+00 4.600000e-01 nan nan nan nan
9.650000e+00 4.600000e-01 nan nan nan nan
9.700000e+00 4.600000e-01 nan nan nan nan
9.750000e+00 4.600000e-01 nan nan nan nan
9.800000e+00 4.600000e-01 nan nan nan nan
9.850000e+00 4.600000e-01 nan nan nan nan
9.900000e+00 4.600000e-01 nan nan nan nan
9.950000e+00 4.600000e-01 nan nan nan nan
1.000000e+01 4.600000e-01 4.399440e-01 nan 0.000000e+00 0.000000e+00
0.000000e+00 4.800000e-01 4.698240e-01 -2.400000e-01 0.000000e+00 0.000000e+00
5.000000e-02 4.800000e-01 nan nan nan nan
1.000000e-01 4.800000e-01 nan nan nan nan
1.500000e-01 4.800000e-01 nan nan nan nan
2.000000e-01 4.800000e-01 nan nan nan nan
2.500000e-01 4.800000e-01 nan nan nan nan
3.000000e-01 4.800000e-01 nan nan nan nan
3.500000e-01 4.800000e-01 nan nan nan nan
4.000000e-01 4.800000e-01 nan nan nan nan
4.500000e-01 4.800000e-01 nan nan nan nan
5.000000e-01 4.800000e-01 nan nan nan nan
5.500000e-01 4.800000e-01 nan nan nan nan
6.000000e-01 4.800000e-01 nan nan nan nan
6.500000e-01 4.800000e-01 nan nan nan nan
7.000000e-01 4.800000e-01 nan nan nan nan
7.500000e-01 4.800000e-01 nan nan nan nan
8.000000e-01 4.800000e-01 nan nan nan nan
8.500000e-01 4.800000e-01 nan nan nan nan
9.000000e-01 4.800000e-01 nan nan nan nan
9.500000e-01 4.800000e-01 nan nan nan nan
1.000000e+00 4.800000e-01 nan nan nan nan
1.050000e+00 4.800000e-01 nan nan nan nan
1.100000e+00 4.800000e-01 nan nan nan nan
1.150000e+00 4.800000e-01 nan nan nan nan
1.200000e+00 4.800000e-01 nan nan nan nan
1.250000e+00 4.800000e-01 nan nan nan nan
1.300000e+00 4.800000e-01 nan nan nan nan
1.350000e+00 4.800000e-01 nan nan nan nan
1.400000e+00 4.800000e-01 nan nan nan nan
1.450000e+00 4.800000e-01 nan nan nan nan
1.500000e+00 4.800000e-01 nan nan nan nan
1.550000e+00 4.800000e-01 nan nan nan nan
1.600000e+00 4.800000e-01 nan nan nan nan
1.650000e+00 4.800000e-01 nan nan nan nan
1.700000e+00 4.800000e-01 nan nan nan nan
1.750000e+00 4.800000e-01 nan nan nan nan
1.800000e+00 4.800000e-01 nan nan nan nan
1.850000e+00 4.800000e-01 nan nan nan nan
1.900000e+00 4.800000e-01 nan nan nan nan
1.950000e+00 4.800000e-01 nan nan nan nan
2.000000e+00 4.800000e-01 nan nan nan nan
2.050000e+00 4.800000e-01 nan nan nan nan
2.100000e+00 4.800000e-01 nan nan nan nan
2.150000e+00 4.800000e-01 nan nan nan nan
2.200000e+00 4.800000e-01 nan nan nan nan
2.250000e+00 4.800000e-01 nan nan nan nan
2.300000e+00 4.800000e-01 nan nan nan nan
2.350000e+00 4.800000e-01 nan nan nan nan
2.400000e+00 4.800000e-01 nan nan nan nan
2.450000e+00 4.800000e-01 nan nan nan nan
2.500000e+00 4.800000e-01 nan nan nan nan
2.550000e+00 4.800000e-01 nan nan nan nan
2.600000e+00 4.800000e-01 nan nan nan nan
2.650000e+00 4.800000e-01 nan nan nan nan
2.700000e+00 4.800000e-01 nan nan nan nan
2.750000e+00 4.800000e-01 nan nan nan nan
2.800000e+00 4.800000e-01 nan nan nan nan
2.850000e+00 4.800000e-01 nan nan nan nan
2.900000e+00 4.800000e-01 nan nan nan nan
2.950000e+00 4.800000e-01 nan nan nan nan
3.000000e+00 4.800000e-01 nan nan nan nan
3.050000e+00 4.800000e-01 nan nan nan nan
3.100000e+00 4.800000e-01 nan nan nan nan
3.150000e+00 4.800000e-01 nan nan nan nan
3.200000e+00 4.800000e-01 nan nan nan nan
3.250000e+00 4.800000e-01 nan nan nan nan
3.300000e+00 4.800000e-01 nan nan nan nan
3.350000e+00 4.800000e-01 nan nan nan nan
3.400000e+00 4.800000e-01 nan nan nan nan
3.450000e+00 4.800000e-01 nan nan nan nan
3.500000e+00 4.800000e-01 nan nan nan nan
3.550000e+00 4.800000e-01 nan nan nan nan
3.600000e+00 4.800000e-01 nan nan nan nan
3.650000e+00 4.800000e-01 nan nan nan nan
3.700000e+00 4.800000e-01 nan nan nan nan
3.750000e+00 4.800000e-01 nan nan nan nan
3.800000e+00 4.800000e-01 nan nan nan nan
3.850000e+00 4.800000e-01 nan nan nan nan
3.900000e+00 4.800000e-01 nan nan nan nan
3.950000e+00 4.800000e-01 nan nan nan nan
4.000000e+00 4.800000e-01 nan nan nan nan
4.050000e+00 4.800000e-01 nan nan nan nan
4.100000e+00 4.800000e-01 nan nan nan nan
4.150000e+00 4.800000e-01 nan nan nan nan
4.200000e+00 4.800000e-01 nan nan nan nan
4.250000e+00 4.800000e-01 nan nan nan nan
4.300000e+00 4.800000e-01 nan nan nan nan
4.350000e+00 4.800000e-01 nan nan nan nan
4.400000e+00 4.800000e-01 nan nan nan nan
4.450000e+00 4.800000e-01 nan nan nan nan
4.500000e+00 4.800000e-01 nan nan nan nan
4.550000e+00 4.800000e-01 nan nan nan nan
4.600000e+00 4.800000e-01 nan nan nan nan
4.650000e+00 4.800000e-01 nan nan nan nan
4.700000e+00 4.800000e-01 nan nan nan nan
4.750000e+00 4.800000e-01 nan nan nan nan
4.800000e+00 4.800000e-01 nan nan nan nan
4.850000e+00 4.800000e-01 nan nan nan nan
4.900000e+00 4.800000e-01 nan nan nan nan
4.950000e+00 4.800000e-01 nan nan nan nan
5.000000e+00 4.800000e-01 nan nan nan nan
5.050000e+00 4.800000e-01 nan nan nan nan
5.100000e+00 4.800000e-01 nan nan nan nan
5.150000e+00 4.800000e-01 nan nan nan nan
5.200000e+00 4.800000e-01 nan nan nan nan
5.250000e+00 4.800000e-01 nan nan nan nan
5.300000e+00 4.800000e-01 nan nan nan nan
5.350000e+00 4.800000e-01 nan nan nan nan
5.400000e+00 4.800000e-01 nan nan nan nan
5.450000e+00 4.800000e-01 nan nan nan nan
5.500000e+00 4.800000e-01 nan nan nan nan
5.550000e+00 4.800000e-01 nan nan nan nan
5.600000e+00 4.800000e-01 nan nan nan nan
5.650000e+00 4.800000e-01 nan nan nan nan
5.700000e+00 4.800000e-01 nan nan nan nan
5.750000e+00 4.800000e-01 nan nan nan nan
5.800000e+00 4.800000e-01 nan nan nan nan
5.850000e+00 4.800000e-01 nan nan nan nan
5.900000e+00 4.800000e-01 nan nan nan nan
5.950000e+00 4.800000e-01 nan nan nan nan
6.000000e+00 4.800000e-01 nan nan nan nan
6.050000e+00 4.800000e-01 nan nan nan nan
6.100000e+00 4.800000e-01 nan nan nan nan
6.150000e+00 4.800000e-01 nan nan nan nan
6.200000e+00 4.800000e-01 nan nan nan nan
6.250000e+00 4.800000e-01 nan nan nan nan
6.300000e+00 4.800000e-01 nan nan nan nan
6.350000e+00 4.800000e-01 nan nan nan nan
6.400000e+00 4.800000e-01 nan nan nan nan
6.450000e+00 4.800000e-01 nan nan nan nan
6.500000e+00 4.800000e-01 nan nan nan nan
6.550000e+00 4.800000e-01 nan nan nan nan
6.600000e+00 4.800000e-01 nan nan nan nan
6.650000e+00 4.800000e-01 nan nan nan nan
6.700000e+00 4.800000e-01 nan nan nan nan
6.750000e+00 4.800000e-01 nan nan nan nan
6.800000e+00 4.800000e-01 nan nan nan nan
6.850000e+00 4.800000e-01 nan nan nan nan
6.900000e+00 4.800000e-01 nan nan nan nan
6.950000e+00 4.800000e-01 nan nan nan nan
7.000000e+00 4.800000e-01 nan nan nan nan
7.050000e+00 4.800000e-01 nan nan nan nan
7.100000e+00 4.800000e-01 nan nan nan nan
7.150000e+00 4.800000e-01 nan nan nan nan
7.200000e+00 4.800000e-01 nan nan nan nan
7.250000e+00 4.800000e-01 nan nan nan nan
7.300000e+00 4.800000e-01 nan nan nan nan
7.350000e+00 4.800000e-01 nan nan nan nan
7.400000e+00 4.800000e-01 nan nan nan nan
7.450000e+00 4.800000e-01 nan nan nan nan
7.500000e+00 4.800000e-01 nan nan nan nan
7.550000e+00 4.800000e-01 nan nan nan nan
7.600000e+00 4.800000e-01 nan nan nan nan
7.650000e+00 4.800000e-01 nan nan nan nan
7.700000e+00 4.800000e-01 nan nan nan nan
7.750000e+00 4.800000e-01 nan nan nan nan
7.800000e+00 4.800000e-01 nan nan nan nan
7.850000e+00 4.800000e-01 nan nan nan nan
7.900000e+00 4.800000e-01 nan nan nan nan
7.950000e+00 4.800000e-01 nan nan nan nan
8.000000e+00 4.800000e-01 nan nan nan nan
8.050000e+00 4.800000e-01 nan nan nan nan
8.100000e+00 4.800000e-01 nan nan nan nan
8.150000e+00 4.800000e-01 nan nan nan nan
8.200000e+00 4.800000e-01 nan nan nan nan
8.250000e+00 4.800000e-01 nan nan nan nan
8.300000e+00 4.800000e-01 nan nan nan nan
8.350000e+00 4.800000e-01 nan nan nan nan
8.400000e+00 4.800000e-01 nan nan nan nan
8.450000e+00 4.800000e-01 nan nan nan nan
8.500000e+00 4.800000e-01 nan nan nan nan
8.550000e+00 4.800000e-01 nan nan nan nan
8.600000e+00 4.800000e-01 nan nan nan nan
8.650000e+00 4.800000e-01 nan nan nan nan
8.700000e+00 4.800000e-01 nan nan nan nan
8.750000e+00 4.800000e-01 nan nan nan nan
8.800000e+00 4.800000e-01 nan nan nan nan
8.850000e+00 4.800000e-01 nan nan nan nan
8.900000e+00 4.800000e-01 nan nan nan nan
8.950000e+00 4.800000e-01 nan nan nan nan
9.000000e+00 4.800000e-01 nan nan nan nan
9.050000e+00 4.800000e-01 nan nan nan nan
9.100000e+00 4.800000e-01 nan nan nan nan
9.150000e+00 4.800000e-01 nan nan nan nan
9.200000e+00 4.800000e-01 nan nan nan nan
9.250000e+00 4.800000e-01 nan nan nan nan
9.300000e+00 4.800000e-01 nan nan nan nan
9.350000e+00 4.800000e-01 nan nan nan nan
9.400000e+00 4.800000e-01 nan nan nan nan
9.450000e+00 4.800000e-01 nan nan nan nan
9.500000e+00 4.800000e-01 nan nan nan nan
9.550000e+00 4.800000e-01 nan nan nan nan
9.600000e+00 4.800000e-01 nan nan nan nan
9.650000e+00 4.800000e-01 nan nan nan nan
9.700000e+00 4.800000e-01 nan nan nan nan
9.750000e+00 4.800000e-01 nan nan nan nan
9.800000e+00 4.800000e-01 nan nan nan nan
9.850000e+00 4.800000e-01 nan nan nan nan
9.900000e+00 4.800000e-01 nan nan nan nan
9.950000e+00 4.800000e-01 nan nan nan nan
1.000000e+01 4.800000e-01 4.698240e-01 nan 0.000000e+00 0.000000e+00
0.000000e+00 5.000000e-01 4.998000e-01 -0.000000e+00 0.000000e+00 0.000000e+00
5.000000e-02 5.000000e-01 nan nan nan nan
1.000000e-01 5.000000e-01 nan nan nan nan
1.500000e-01 5.000000e-01 nan nan nan nan
2.000000e-01 5.000000e-01 nan nan nan nan
2.500000e-01 5.000000e-01 nan nan nan nan
3.000000e-01 5.000000e-01 nan nan nan nan
3.500000e-01 5.000000e-01 nan nan nan nan
4.000000e-01 5.000000e-01 nan nan nan nan
4.500000e-01 5.000000e-01 nan nan nan nan
5.000000e-01 5.000000e-01 nan nan nan nan
5.500000e-01 5.000000e-01 nan nan nan nan
6.000000e-01 5.000000e-01 nan nan nan nan
6.500000e-01 5.000000e-01 nan nan nan nan
7.000000e-01 5.000000e-01 nan nan nan nan
7.500000e-01 5.000000e-01 nan nan nan nan
8.000000e-01 5.000000e-01 nan nan nan nan
8.500000e-01 5.000000e-01 nan nan nan nan
9.000000e-01 5.000000e-01 nan nan nan nan
9.500000e-01 5.000000e-01 nan nan nan nan
1.000000e+00 5.000000e-01 nan nan nan nan
1.050000e+00 5.000000e-01 nan nan nan nan
1.100000e+00 5.000000e-01 nan nan nan nan
1.150000e+00 5.000000e-01 nan nan nan nan
1.200000e+00 5.000000e-01 nan nan nan nan
1.250000e+00 5.000000e-01 nan nan nan nan
1.300000e+00 5.000000e-01 nan nan nan nan
1.350000e+00 5.000000e-01 nan nan nan nan
1.400000e+00 5.000000e-01 nan nan nan nan
1.450000e+00 5.000000e-01 nan nan nan nan
1.500000e+00 5.000000e-01 nan nan nan nan
1.550000e+00 5.000000e-01 nan nan nan nan
1.600000e+00 5.000000e-01 nan nan nan nan
1.650000e+00 5.000000e-01 nan nan nan nan
1.700000e+00 5.000000e-01 nan nan nan nan
1.750000e+00 5.000000e-01 nan nan nan nan
1.800000e+00 5.000000e-01 nan nan nan nan
1.850000e+00 5.000000e-01 nan nan nan nan
1.900000e+00 5.000000e-01 nan nan nan nan
1.950000e+00 5.000000e-01 nan nan nan nan
2.000000e+00 5.000000e-01 nan nan nan nan
2.050000e+00 5.000000e-01 nan nan nan nan
2.100000e+00 5.000000e-01 nan nan nan nan
2.150000e+00 5.000000e-01 nan nan nan nan
2.200000e+00 5.000000e-01 nan nan nan nan
2.250000e+00 5.000000e-01 nan nan nan nan
2.300000e+00 5.000000e-01 nan nan nan nan
2.350000e+00 5.000000e-01 nan nan nan nan
2.400000e+00 5.000000e-01 nan nan nan nan
2.450000e+00 5.000000e-01 nan nan nan nan
2.500000e+00 5.000000e-01 nan nan nan nan
2.550000e+00 5.000000e-01 nan nan nan nan
2.600000e+00 5.000000e-01 nan nan nan nan
2.650000e+00 5.000000e-01 nan nan nan nan
2.700000e+00 5.000000e-01 nan nan nan nan
2.750000e+00 5.000000e-01 nan nan nan nan
2.800000e+00 5.000000e-01 nan nan nan nan
2.850000e+00 5.000000e-01 nan nan nan nan
2.900000e+00 5.000000e-01 nan nan nan nan
2.950000e+00 5.000000e-01 nan nan nan nan
3.000000e+00 5.000000e-01 nan nan nan nan
3.050000e+00 5.000000e-01 nan nan nan nan
3.100000e+00 5.000000e-01 nan nan nan nan
3.150000e+00 5.000000e-01 nan nan nan nan
3.200000e+00 5.000000e-01 nan nan nan nan
3.250000e+00 5.000000e-01 nan nan nan nan
3.300000e+00 5.000000e-01 nan nan nan nan
3.350000e+00 5.000000e-01 nan nan nan nan
3.400000e+00 5.000000e-01 nan nan nan nan
3.450000e+00 5.000000e-01 nan nan nan nan
3.500000e+00 5.000000e-01 nan nan nan nan
3.550000e+00 5.000000e-01 nan nan nan nan
3.600000e+00 5.000000e-01 nan nan nan nan
3.650000e+00 5.000000e-01 nan nan nan nan
3.700000e+00 5.000000e-01 nan nan nan nan
3.750000e+00 5.000000e-01 nan nan nan nan
3.800000e+00 5.000000e-01 nan nan nan nan
3.850000e+00 5.000000e-01 nan nan nan nan
3.900000e+00 5.000000e-01 nan nan nan nan
3.950000e+00 5.000000e-01 nan nan nan nan
4.000000e+00 5.000000e-01 nan nan nan nan
4.050000e+00 5.000000e-01 nan nan nan nan
4.100000e+00 5.000000e-01 nan nan nan nan
4.150000e+00 5.000000e-01 nan nan nan nan
4.200000e+00 5.000000e-01 nan nan nan nan
4.250000e+00 5.000000e-01 nan nan nan nan
4.300000e+00 5.000000e-01 nan nan nan nan
4.350000e+00 5.000000e-01 nan nan nan nan
4.400000e+00 5.000000e-01 nan nan nan nan
4.450000e+00 5.000000e-01 nan nan nan nan
4.500000e+00 5.000000e-01 nan nan nan nan
4.550000e+00 5.000000e-01 nan nan nan nan
4.600000e+00 5.000000e-01 nan nan nan nan
4.650000e+00 5.000000e-01 nan nan nan nan
4.700000e+00 5.000000e-01 nan nan nan nan
4.750000e+00 5.000000e-01 nan nan nan nan
4.800000e+00 5.000000e-01 nan nan nan nan
4.850000e+00 5.000000e-01 nan nan nan nan
4.900000e+00 5.000000e-01 nan nan nan nan
4.950000e+00 5.000000e-01 nan nan nan nan
5.000000e+00 5.000000e-01 nan nan nan nan
5.050000e+00 5.000000e-01 nan nan nan nan
5.100000e+00 5.000000e-01 nan nan nan nan
5.150000e+00 5.000000e-01 nan nan nan nan
5.200000e+00 5.000000e-01 nan nan nan nan
5.250000e+00 5.000000e-01 nan nan nan nan
5.300000e+00 5.000000e-01 nan nan nan nan
5.350000e+00 5.000000e-01 nan nan nan nan
5.400000e+00 5.000000e-01 nan nan nan nan
5.450000e+00 5.000000e-01 nan nan nan nan
5.500000e+00 5.000000e-01 nan nan nan nan
5.550000e+00 5.000000e-01 nan nan nan nan
5.600000e+00 5.000000e-01 nan nan nan nan
5.650000e+00 5.000000e-01 nan nan nan nan
5.700000e+00 5.000000e-01 nan nan nan nan
5.750000e+00 5.000000e-01 nan nan nan nan
5.800000e+00 5.000000e-01 nan nan nan nan
5.850000e+00 5.000000e-01 nan nan nan nan
5.900000e+00 5.000000e-01 nan nan nan nan
5.950000e+00 5.000000e-01 nan nan nan nan
6.000000e+00 5.000000e-01 nan nan nan nan
6.050000e+00 5.000000e-01 nan nan nan nan
6.100000e+00 5.000000e-01 nan nan nan nan
6.150000e+00 5.000000e-01 nan nan nan nan
6.200000e+00 5.000000e-01 nan nan nan nan
6.250000e+00 5.000000e-01 nan nan nan nan
6.300000e+00 5.000000e-01 nan nan nan nan
6.350000e+00 5.000000e-01 nan nan nan nan
6.400000e+00 5.000000e-01 nan nan nan nan
6.450000e+00 5.000000e-01 nan nan nan nan
6.500000e+00 5.000000e-01 nan nan nan nan
6.550000e+00 5.000000e-01 nan nan nan nan
6.600000e+00 5.000000e-01 nan nan nan nan
6.650000e+00 5.000000e-01 nan nan nan nan
6.700000e+00 5.000000e-01 nan nan nan nan
6.750000e+00 5.000000e-01 nan nan nan nan
6.800000e+00 5.000000e-01 nan nan nan nan
6.850000e+00 5.000000e-01 nan nan nan nan
6.900000e+00 5.000000e-01 nan nan nan nan
6.950000e+00 5.000000e-01 nan nan nan nan
7.000000e+00 5.000000e-01 nan nan nan nan
7.050000e+00 5.000000e-01 nan nan nan nan
7.100000e+00 5.000000e-01 nan nan nan nan
7.150000e+00 5.000000e-01 nan nan nan nan
7.200000e+00 5.000000e-01 nan nan nan nan
7.250000e+00 5.000000e-01 nan nan nan nan
7.300000e+00 5.000000e-01 nan nan nan nan
7.350000e+00 5.000000e-01 nan nan nan nan
7.400000e+00 5.000000e-01 nan nan nan nan
7.450000e+00 5.000000e-01 nan nan nan nan
7.500000e+00 5.000000e-01 nan nan nan nan
7.550000e+00 5.000000e-01 nan nan nan nan
7.600000e+00 5.000000e-01 nan nan nan nan
7.650000e+00 5.000000e-01 nan nan nan nan
7.700000e+00 5.000000e-01 nan nan nan nan
7.750000e+00 5.000000e-01 nan nan nan nan
7.800000e+00 5.000000e-01 nan nan nan nan
7.850000e+00 5.000000e-01 nan nan nan nan
7.900000e+00 5.000000e-01 nan nan nan nan
7.950000e+00 5.000000e-01 nan nan nan nan
8.000000e+00 5.000000e-01 nan nan nan nan
8.050000e+00 5.000000e-01 nan nan nan nan
8.100000e+00 5.000000e-01 nan nan nan nan
8.150000e+00 5.000000e-01 nan nan nan nan
8.200000e+00 5.000000e-01 nan nan nan nan
8.250000e+00 5.000000e-01 nan nan nan nan
8.300000e+00 5.000000e-01 nan nan nan nan
8.350000e+00 5.000000e-01 nan nan nan nan
8.400000e+00 5.000000e-01 nan nan nan nan
8.450000e+00 5.000000e-01 nan nan nan nan
8.500000e+00 5.000000e-01 nan nan nan nan
8.550000e+00 5.000000e-01 nan nan nan nan
8.600000e+00 5.000000e-01 nan nan nan nan
8.650000e+00 5.000000e-01 nan nan nan nan
8.700000e+00 5.000000e-01 nan nan nan nan
8.750000e+00 5.000000e-01 nan nan nan nan
8.800000e+00 5.000000e-01 nan nan nan nan
8.850000e+00 5.000000e-01 nan nan nan nan
8.900000e+00 5.000000e-01 nan nan nan nan
8.950000e+00 5.000000e-01 nan nan nan nan
9.000000e+00 5.000000e-01 nan nan nan nan
9.050000e+00 5.000000e-01 nan nan nan nan
9.100000e+00 5.000000e-01 nan nan nan nan
9.150000e+00 5.000000e-01 nan nan nan nan
9.200000e+00 5.000000e-01 nan nan nan nan
9.250000e+00 5.000000e-01 nan nan nan nan
9.300000e+00 5.000000e-01 nan nan nan nan
9.350000e+00 5.000000e-01 nan nan nan nan
9.400000e+00 5.000000e-01 nan nan nan nan
9.450000e+00 5.000000e-01 nan nan nan nan
9.500000e+00 5.000000e-01 nan nan nan nan
9.550000e+00 5.000000e-01 nan nan nan nan
9.600000e+00 5.000000e-01 nan nan nan nan
9.650000e+00 5.000000e-01 nan nan nan nan
9.700000e+00 5.000000e-01 nan nan nan nan
9.750000e+00 5.000000e-01 nan nan nan nan
9.800000e+00 5.000000e-01 nan nan nan nan
9.850000e+00 5.000000e-01 nan nan nan nan
9.900000e+00 5.000000e-01 nan nan nan nan
9.950000e+00 5.000000e-01 nan nan nan nan
1.000000e+01 5.000000e-01 4.998000e-01 nan 0.000000e+00 0.000000e+00
0.000000e+00 5.200000e-01 5.297760e-01 2.400000e-01 0.000000e+00 0.000000e+00
5.000000e-02 5.200000e-01 nan nan nan nan
1.000000e-01 5.200000e-01 nan nan nan nan
1.500000e-01 5.200000e-01 nan nan nan nan
2.000000e-01 5.200000e-01 nan nan nan nan
2.500000e-01 5.200000e-01 nan nan nan nan
3.000000e-01 5.200000e-01 nan nan nan nan
3.500000e-01 5.200000e-01 nan nan nan nan
4.000000e-01 5.200000e-01 nan nan nan nan
4.500000e-01 5.200000e-01 nan nan nan nan
5.000000e-01 5.200000e-01 nan nan nan nan
5.500000e-01 5.200000e-01 nan nan nan nan
6.000000e-01 5.200000e-01 nan nan nan nan
6.500000e-01 5.200000e-01 nan nan nan nan
7.000000e-01 5.200000e-01 nan nan nan nan
7.500000e-01 5.200000e-01 nan nan nan nan
8.000000e-01 5.200000e-01 nan nan nan nan
8.500000e-01 5.200000e-01 nan nan nan nan
9.000000e-01 5.200000e-01 nan nan nan nan
9.500000e-01 5.200000e-01 nan nan nan nan
1.000000e+00 5.200000e-01 nan nan nan nan
1.050000e+00 5.200000e-01 nan nan nan nan
1.100000e+00 5.200000e-01 nan nan nan nan
1.150000e+00 5.200000e-01 nan nan nan nan
1.200000e+00 5.200000e-01 nan nan nan nan
1.250000e+00 5.200000e-01 nan nan nan nan
1.300000e+00 5.200000e-01 nan nan nan nan
1.350000e+00 5.200000e-01 nan nan nan nan
1.400000e+00 5.200000e-01 nan nan nan nan
1.450000e+00 5.200000e-01 nan nan nan nan
1.500000e+00 5.200000e-01 nan nan nan nan
1.550000e+00 5.200000e-01 nan nan nan nan
1.600000e+00 5.200000e-01 nan nan nan nan
1.650000e+00 5.200000e-01 nan nan nan nan
1.700000e+00 5.200000e-01 nan nan nan nan
1.750000e+00 5.200000e-01 nan nan nan nan
1.800000e+00 5.200000e-01 nan nan nan nan
1.850000e+00 5.200000e-01 nan nan nan nan
1.900000e+00 5.200000e-01 nan nan nan nan
1.950000e+00 5.200000e-01 nan nan nan nan
2.000000e+00 5.200000e-01 nan nan nan nan
2.050000e+00 5.200000e-01 nan nan nan nan
2.100000e+00 5.200000e-01 nan nan nan nan
2.150000e+00 5.200000e-01 nan nan nan nan
2.200000e+00 5.200000e-01 nan nan nan nan
2.250000e+00 5.200000e-01 nan nan nan nan
2.300000e+00 5.200000e-01 nan nan nan nan
2.350000e+00 5.200000e-01 nan nan nan nan
2.400000e+00 5.200000e-01 nan nan nan nan
2.450000e+00 5.200000e-01 nan nan nan nan
2.500000e+00 5.200000e-01 nan nan nan nan
2.550000e+00 5.200000e-01 nan nan nan nan
2.600000e+00 5.200000e-01 nan nan nan nan
2.650000e+00 5.200000e-01 nan nan nan nan
2.700000e+00 5.200000e-01 nan nan nan nan
2.750000e+00 5.200000e-01 nan nan nan nan
2.800000e+00 5.200000e-01 nan nan nan nan
2.850000e+00 5.200000e-01 nan nan nan nan
2.900000e+00 5.200000e-01 nan nan nan nan
2.950000e+00 5.200000e-01 nan nan nan nan
3.000000e+00 5.200000e-01 nan nan nan nan
3.050000e+00 5.200000e-01 nan nan nan nan
3.100000e+00 5.200000e-01 nan nan nan nan
3.150000e+00 5.200000e-01 nan nan nan nan
3.200000e+00 5.200000e-01 nan nan nan nan
3.250000e+00 5.200000e-01 nan nan nan nan
3.300000e+00 5.200000e-01 nan nan nan nan
3.350000e+00 5.200000e-01 nan nan nan nan
3.400000e+00 5.200000e-01 nan nan nan nan
3.450000e+00 5.200000e-01 nan nan nan nan
3.500000e+00 5.200000e-01 nan nan nan nan
3.550000e+00 5.200000e-01 nan nan nan nan
3.600000e+00 5.200000e-01 nan nan nan nan
3.650000e+00 5.200000e-01 nan nan nan nan
3.700000e+00 5.200000e-01 nan nan nan nan
3.750000e+00 5.200000e-01 nan nan nan nan
3.800000e+00 5.200000e-01 nan nan nan nan
3.850000e+00 5.200000e-01 nan nan nan nan
3.900000e+00 5.200000e-01 nan nan nan nan
3.950000e+00 5.200000e-01 nan nan nan nan
4.000000e+00 5.200000e-01 nan nan nan nan
4.050000e+00 5.200000e-01 nan nan nan nan
4.100000e+00 5.200000e-01 nan nan nan nan
4.150000e+00 5.200000e-01 nan nan nan nan
4.200000e+00 5.200000e-01 nan nan nan nan
4.250000e+00 5.200000e-01 nan nan nan nan
4.300000e+00 5.200000e-01 nan nan nan nan
4.350000e+00 5.200000e-01 nan nan nan nan
4.400000e+00 5.200000e-01 nan nan nan nan
4.450000e+00 5.200000e-01 nan nan nan nan
4.500000e+00 5.200000e-01 nan nan nan nan
4.550000e+00 5.200000e-01 nan nan nan nan
4.600000e+00 5.200000e-01 nan nan nan nan
4.650000e+00 5.200000e-01 nan nan nan nan
4.700000e+00 5.200000e-01 nan nan nan nan
4.750000e+00 5.200000e-01 nan nan nan nan
4.800000e+00 5.200000e-01 nan nan nan nan
4.850000e+00 5.200000e-01 nan nan nan nan
4.900000e+00 5.200000e-01 nan nan nan nan
4.950000e+00 5.200000e-01 nan nan nan nan
5.000000e+00 5.200000e-01 nan nan nan nan
5.050000e+00 5.200000e-01 nan nan nan nan
5.100000e+00 5.200000e-01 nan nan nan nan
5.150000e+00 5.200000e-01 nan nan nan nan
5.200000e+00 5.200000e-01 nan nan nan nan
5.250000e+00 5.200000e-01 nan nan nan nan
5.300000e+00 5.200000e-01 nan nan nan nan
5.350000e+00 5.200000e-01 nan nan nan nan
5.400000e+00 5.200000e-01 nan nan nan nan
5.450000e+00 5.200000e-01 nan nan nan nan
5.500000e+00 5.200000e-01 nan nan nan nan
5.550000e+00 5.200000e-01 nan nan nan nan
5.600000e+00 5.200000e-01 nan nan nan nan
5.650000e+00 5.200000e-01 nan nan nan nan
5.700000e+00 5.200000e-01 nan nan nan nan
5.750000e+00 5.200000e-01 nan nan nan nan
5.800000e+00 5.200000e-01 nan nan nan nan
5.850000e+00 5.200000e-01 nan nan nan nan
5.900000e+00 5.200000e-01 nan nan nan nan
5.950000e+00 5.200000e-01 nan nan nan nan
6.000000e+00 5.200000e-01 nan nan nan nan
6.050000e+00 5.200000e-01 nan nan nan nan
6.100000e+00 5.200000e-01 nan nan nan nan
6.150000e+00 5.200000e-01 nan nan nan nan
6.200000e+00 5.200000e-01 nan nan nan nan
6.250000e+00 5.200000e-01 nan nan nan nan
6.300000e+00 5.200000e-01 nan nan nan nan
6.350000e+00 5.200000e-01 nan nan nan nan
6.400000e+00 5.200000e-01 nan nan nan nan
6.450000e+00 5.200000e-01 nan nan nan nan
6.500000e+00 5.200000e-01 nan nan nan nan
6.550000e+00 5.200000e-01 nan nan nan nan
6.600000e+00 5.200000e-01 nan nan nan nan
6.650000e+00 5.200000e-01 nan nan nan nan
6.700000e+00 5.200000e-01 nan nan nan nan
6.750000e+00 5.200000e-01 nan nan nan nan
6.800000e+00 5.200000e-01 nan nan nan nan
6.850000e+00 5.200000e-01 nan nan nan nan
6.900000e+00 5.200000e-01 nan nan nan nan
6.950000e+00 5.200000e-01 nan nan nan nan
7.000000e+00 5.200000e-01 nan nan nan nan
7.050000e+00 5.200000e-01 nan nan nan nan
7.100000e+00 5.200000e-01 nan nan nan nan
7.150000e+00 5.200000e-01 nan nan nan nan
7.200000e+00 5.200000e-01 nan nan nan nan
7.250000e+00 5.200000e-01 nan nan nan nan
7.300000e+00 5.200000e-01 nan nan nan nan
7.350000e+00 5.200000e-01 nan nan nan nan
7.400000e+00 5.200000e-01 nan nan nan nan
7.450000e+00 5.200000e-01 nan nan nan nan
7.500000e+00 5.200000e-01 nan nan nan nan
7.550000e+00 5.200000e-01 nan nan nan nan
7.600000e+00 5.200000e-01 nan nan nan nan
7.650000e+00 5.200000e-01 nan nan nan nan
7.700000e+00 5.200000e-01 nan nan nan nan
7.750000e+00 5.200000e-01 nan nan nan nan
7.800000e+00 5.200000e-01 nan nan nan nan
7.850000e+00 5.200000e-01 nan nan nan nan
7.900000e+00 5.200000e-01 nan nan nan nan
7.950000e+00 5.200000e-01 nan nan nan nan
8.000000e+00 5.200000e-01 nan nan nan nan
8.050000e+00 5.200000e-01 nan nan nan nan
8.100000e+00 5.200000e-01 nan nan nan nan
8.150000e+00 5.200000e-01 nan nan nan nan
8.200000e+00 5.200000e-01 nan nan nan nan
8.250000e+00 5.200000e-01 nan nan nan nan
8.300000e+00 5.200000e-01 nan nan nan nan
8.350000e+00 5.200000e-01 nan nan nan nan
8.400000e+00 5.200000e-01 nan nan nan nan
8.450000e+00 5.200000e-01 nan nan nan nan
8.500000e+00 5.200000e-01 nan nan nan nan
8.550000e+00 5.200000e-01 nan nan nan nan
8.600000e+00 5.200000e-01 nan nan nan nan
8.650000e+00 5.200000e-01 nan nan nan nan
8.700000e+00 5.200000e-01 nan nan nan nan
8.750000e+00 5.200000e-01 nan nan nan nan
8.800000e+00 5.200000e-01 nan nan nan nan
8.850000e+00 5.200000e-01 nan nan nan nan
8.900000e+00 5.200000e-01 nan nan nan nan
8.950000e+00 5.200000e-01 nan nan nan nan
9.000000e+00 5.200000e-01 nan nan nan nan
9.050000e+00 5.200000e-01 nan nan nan nan
9.100000e+00 5.200000e-01 nan nan nan nan
9.150000e+00 5.200000e-01 nan nan nan nan
9.200000e+00 5.200000e-01 nan nan nan nan
9.250000e+00 5.200000e-01 nan nan nan nan
9.300000e+00 5.200000e-01 nan nan nan nan
9.350000e+00 5.200000e-01 nan nan nan nan
9.400000e+00 5.200000e-01 nan nan nan nan
9.450000e+00 5.200000e-01 nan nan nan nan
9.500000e+00 5.200000e-01 nan nan nan nan
9.550000e+00 5.200000e-01 nan nan nan nan
9.600000e+00 5.200000e-01 nan nan nan nan
9.650000e+00 5.200000e-01 nan nan nan nan
9.700000e+00 5.200000e-01 nan nan nan nan
9.750000e+00 5.200000e-01 nan nan nan nan
9.800000e+00 5.200000e-01 nan nan nan nan
9.850000e+00 5.200000e-01 nan nan nan nan
9.900000e+00 5.200000e-01 nan nan nan nan
9.950000e+00 5.200000e-01 nan nan nan nan
1.000000e+01 5.200000e-01 5.297760e-01 nan 0.000000e+00 0.000000e+00
0.000000e+00 5.400000e-01 5.596560e-01 4.800000e-01 0.000000e+00 0.000000e+00
5.000000e-02 5.400000e-01 nan nan nan nan
1.000000e-01 5.400000e-01 nan nan nan nan
1.500000e-01 5.400000e-01 nan nan nan nan
2.000000e-01 5.400000e-01 nan nan nan nan
2.500000e-01 5.400000e-01 nan nan nan nan
3.000000e-01 5.400000e-01 nan nan nan nan
3.500000e-01 5.400000e-01 nan nan nan nan
4.000000e-01 5.400000e-01 nan nan nan nan
4.500000e-01 5.400000e-01 nan nan nan nan
5.000000e-01 5.400000e-01 nan nan nan nan
5.500000e-01 5.400000e-01 nan nan nan nan
6.000000e-01 5.400000e-01 nan nan nan nan
6.500000e-01 5.400000e-01 nan nan nan nan
7.000000e-01 5.400000e-01 nan nan nan nan
7.500000e-01 5.400000e-01 nan nan nan nan
8.000000e-01 5.400000e-01 nan nan nan nan
8.500000e-01 5.400000e-01 nan nan nan nan
9.000000e-01 5.400000e-01 nan nan nan nan
9.500000e-01 5.400000e-01 nan nan nan nan
1.000000e+00 5.400000e-01 nan nan nan nan
1.050000e+00 5.400000e-01 nan nan nan nan
1.100000e+00 5.400000e-01 nan nan nan nan
1.150000e+00 5.400000e-01 nan nan nan nan
1.200000e+00 5.400000e-01 nan nan nan nan
1.250000e+00 5.400000e-01 nan nan nan nan
1.300000e+00 5.400000e-01 nan nan nan nan
1.350000e+00 5.400000e-01 nan nan nan nan
1.400000e+00 5.400000e-01 nan nan nan nan
1.450000e+00 5.400000e-01 nan nan nan nan
1.500000e+00 5.400000e-01 nan nan nan nan
1.550000e+00 5.400000e-01 nan nan nan nan
1.600000e+00 5.400000e-01 nan nan nan nan
1.650000e+00 5.400000e-01 nan nan nan nan
1.700000e+00 5.400000e-01 nan nan nan nan
1.750000e+00 5.400000e-01 nan nan nan nan
1.800000e+00 5.400000e-01 nan nan nan nan
1.850000e+00 5.400000e-01 nan nan nan nan
1.900000e+00 5.400000e-01 nan nan nan nan
1.950000e+00 5.400000e-01 nan nan nan nan
2.000000e+00 5.400000e-01 nan nan nan nan
2.050000e+00 5.400000e-01 nan nan nan nan
2.100000e+00 5.400000e-01 nan nan nan nan
2.150000e+00 5.400000e-01 nan nan nan nan
2.200000e+00 5.400000e-01 nan nan nan nan
2.250000e+00 5.400000e-01 nan nan nan nan
2.300000e+00 5.400000e-01 nan nan nan nan
2.350000e+00 5.400000e-01 nan nan nan nan
2.400000e+00 5.400000e-01 nan nan nan nan
2.450000e+00 5.400000e-01 nan nan nan nan
2.500000e+00 5.400000e-01 nan nan nan nan
2.550000e+00 5.400000e-01 nan nan nan nan
2.600000e+00 5.400000e-01 nan nan nan nan
2.650000e+00 5.400000e-01 nan nan nan nan
2.700000e+00 5.400000e-01 nan nan nan nan
2.750000e+00 5.400000e-01 nan nan nan nan
2.800000e+00 5.400000e-01 nan nan nan nan
2.850000e+00 5.400000e-01 nan nan nan nan
2.900000e+00 5.400000e-01 nan nan nan nan
2.950000e+00 5.400000e-01 nan nan nan nan
3.000000e+00 5.400000e-01 nan nan nan nan
3.050000e+00 5.400000e-01 nan nan nan nan
3.100000e+00 5.400000e-01 nan nan nan nan
3.150000e+00 5.400000e-01 nan nan nan nan
3.200000e+00 5.400000e-01 nan nan nan nan
3.250000e+00 5.400000e-01 nan nan nan nan
3.300000e+00 5.400000e-01 nan nan nan nan
3.350000e+00 5.400000e-01 nan nan nan nan
3.400000e+00 5.400000e-01 nan nan nan nan
3.450000e+00 5.400000e-01 nan nan nan nan
3.500000e+00 5.400000e-01 nan nan nan nan
3.550000e+00 5.400000e-01 nan nan nan nan
3.600000e+00 5.400000e-01 nan nan nan nan
3.650000e+00 5.400000e-01 nan nan nan nan
3.700000e+00 5.400000e-01 nan nan nan nan
3.750000e+00 5.400000e-01 nan nan nan nan
3.800000e+00 5.400000e-01 nan nan nan nan
3.850000e+00 5.400000e-01 nan nan nan nan
3.900000e+00 5.400000e-01 nan nan nan nan
3.950000e+00 5.400000e-01 nan nan nan nan
4.000000e+00 5.400000e-01 nan nan nan nan
4.050000e+00 5.400000e-01 nan nan nan nan
4.100000e+00 5.400000e-01 nan nan nan nan
4.150000e+00 5.400000e-01 nan nan nan nan
4.200000e+00 5.400000e-01 nan nan nan nan
4.250000e+00 5.400000e-01 nan nan nan nan
4.300000e+00 5.400000e-01 nan nan nan nan
4.350000e+00 5.400000e-01 nan nan nan nan
4.400000e+00 5.400000e-01 nan nan nan nan
4.450000e+00 5.400000e-01 nan nan nan nan
4.500000e+00 5.400000e-01 nan nan nan nan
4.550000e+00 5.400000e-01 nan nan nan nan
4.600000e+00 5.400000e-01 nan nan nan nan
4.650000e+00 5.400000e-01 nan nan nan nan
4.700000e+00 5.400000e-01 nan nan nan nan
4.750000e+00 5.400000e-01 nan nan nan nan
4.800000e+00 5.400000e-01 nan nan nan nan
4.850000e+00 5.400000e-01 nan nan nan nan
4.900000e+00 5.400000e-01 nan nan nan nan
4.950000e+00 5.400000e-01 nan nan nan nan
5.000000e+00 5.400000e-01 nan nan nan nan
5.050000e+00 5.400000e-01 nan nan nan nan
5.100000e+00 5.400000e-01 nan nan nan nan
5.150000e+00 5.400000e-01 nan nan nan nan
5.200000e+00 5.400000e-01 nan nan nan nan
5.250000e+00 5.400000e-01 nan nan nan nan
5.300000e+00 5.400000e-01 nan nan nan nan
5.350000e+00 5.400000e-01 nan nan nan nan
5.400000e+00 5.400000e-01 nan nan nan nan
5.450000e+00 5.400000e-01 nan nan nan nan
5.500000e+00 5.400000e-01 nan nan nan nan
5.550000e+00 5.400000e-01 nan nan nan nan
5.600000e+00 5.400000e-01 nan nan nan nan
5.650000e+00 5.400000e-01 nan nan nan nan
5.700000e+00 5.400000e-01 nan nan nan nan
5.750000e+00 5.400000e-01 nan nan nan nan
5.800000e+00 5.400000e-01 nan nan nan nan
5.850000e+00 5.400000e-01 nan nan nan nan
5.900000e+00 5.400000e-01 nan nan nan nan
5.950000e+00 5.400000e-01 nan nan nan nan
6.000000e+00 5.400000e-01 nan nan nan nan
6.050000e+00 5.400000e-01 nan nan nan nan
6.100000e+00 5.400000e-01 nan nan nan nan
6.150000e+00 5.400000e-01 nan nan nan nan
6.200000e+00 5.400000e-01 nan nan nan nan
6.250000e+00 5.400000e-01 nan nan nan nan
6.300000e+00 5.400000e-01 nan nan nan nan
6.350000e+00 5.400000e-01 nan nan nan nan
6.400000e+00 5.400000e-01 nan nan nan nan
6.450000e+00 5.400000e-01 nan nan nan nan
6.500000e+00 5.400000e-01 nan nan nan nan
6.550000e+00 5.400000e-01 nan nan nan nan
6.600000e+00 5.400000e-01 nan nan nan nan
6.650000e+00 5.400000e-01 nan nan nan nan
6.700000e+00 5.400000e-01 nan nan nan nan
6.750000e+00 5.400000e-01 nan nan nan nan
6.800000e+00 5.400000e-01 nan nan nan nan
6.850000e+00 5.400000e-01 nan nan nan nan
6.900000e+00 5.400000e-01 nan nan nan nan
6.950000e+00 5.400000e-01 nan nan nan nan
7.000000e+00 5.400000e-01 nan nan nan nan
7.050000e+00 5.400000e-01 nan nan nan nan
7.100000e+00 5.400000e-01 nan nan nan nan
7.150000e+00 5.400000e-01 nan nan nan nan
7.200000e+00 5.400000e-01 nan nan nan nan
7.250000e+00 5.400000e-01 nan nan nan nan
7.300000e+00 5.400000e-01 nan nan nan nan
7.350000e+00 5.400000e-01 nan nan nan nan
7.400000e+00 5.400000e-01 nan nan nan nan
7.450000e+00 5.400000e-01 nan nan nan nan
7.500000e+00 5.400000e-01 nan nan nan nan
7.550000e+00 5.400000e-01 nan nan nan nan
7.600000e+00 5.400000e-01 nan nan nan nan
7.650000e+00 5.400000e-01 nan nan nan nan
7.700000e+00 5.400000e-01 nan nan nan nan
7.750000e+00 5.400000e-01 nan nan nan nan
7.800000e+00 5.400000e-01 nan nan nan nan
7.850000e+00 5.400000e-01 nan nan nan nan
7.900000e+00 5.400000e-01 nan nan nan nan
7.950000e+00 5.400000e-01 nan nan nan nan
8.000000e+00 5.400000e-01 nan nan nan nan
8.050000e+00 5.400000e-01 nan nan nan nan
8.100000e+00 5.400000e-01 nan nan nan nan
8.150000e+00 5.400000e-01 nan nan nan nan
8.200000e+00 5.400000e-01 nan nan nan nan
8.250000e+00 5.400000e-01 nan nan nan nan
8.300000e+00 5.400000e-01 nan nan nan nan
8.350000e+00 5.400000e-01 nan nan nan nan
8.400000e+00 5.400000e-01 nan nan nan nan
8.450000e+00 5.400000e-01 nan nan nan nan
8.500000e+00 5.400000e-01 nan nan nan nan
8.550000e+00 5.400000e-01 nan nan nan nan
8.600000e+00 5.400000e-01 nan nan nan nan
8.650000e+00 5.400000e-01 nan nan nan nan
8.700000e+00 5.400000e-01 nan nan nan nan
8.750000e+00 5.400000e-01 nan nan nan nan
8.800000e+00 5.400000e-01 nan nan nan nan
8.850000e+00 5.400000e-01 nan nan nan nan
8.900000e+00 5.400000e-01 nan nan nan nan
8.950000e+00 5.400000e-01 nan nan nan nan
9.000000e+00 5.400000e-01 nan nan nan nan
9.050000e+00 5.400000e-01 nan nan nan nan
9.100000e+00 5.400000e-01 nan nan nan nan
9.150000e+00 5.400000e-01 nan nan nan nan
9.200000e+00 5.400000e-01 nan nan nan nan
9.250000e+00 5.400000e-01 nan nan nan nan
9.300000e+00 5.400000e-01 nan nan nan nan
9.350000e+00 5.400000e-01 nan nan nan nan
9.400000e+00 5.400000e-01 nan nan nan nan
9.450000e+00 5.400000e-01 nan nan nan nan
9.500000e+00 5.400000e-01 nan nan nan nan
9.550000e+00 5.400000e-01 nan nan nan nan
9.600000e+00 5.400000e-01 nan nan nan nan
9.650000e+00 5.400000e-01 nan nan nan nan
9.700000e+00 5.400000e-01 nan nan nan nan
9.750000e+00 5.400000e-01 nan nan nan nan
9.800000e+00 5.400000e-01 nan nan nan nan
9.850000e+00 5.400000e-01 nan nan nan nan
9.900000e+00 5.400000e-01 nan nan nan nan
9.950000e+00 5.400000e-01 nan nan nan nan
1.000000e+01 5.400000e-01 5.596560e-01 nan 0.000000e+00 0.000000e+00
0.000000e+00 5.600000e-01 5.893440e-01 7.200000e-01 0.000000e+00 0.000000e+00
5.000000e-02 5.600000e-01 nan nan nan nan
1.000000e-01 5.600000e-01 nan nan nan nan
1.500000e-01 5.600000e-01 nan nan nan nan
2.000000e-01 5.600000e-01 nan nan nan nan
2.500000e-01 5.600000e-01 nan nan nan nan
3.000000e-01 5.600000e-01 nan nan nan nan
3.500000e-01 5.600000e-01 nan nan nan nan
4.000000e-01 5.600000e-01 nan nan nan nan
4.500000e-01 5.600000e-01 nan nan nan nan
5.000000e-01 5.600000e-01 nan nan nan nan
5.500000e-01 5.600000e-01 nan nan nan nan
6.000000e-01 5.600000e-01 nan nan nan nan
6.500000e-01 5.600000e-01 nan nan nan nan
7.000000e-01 5.600000e-01 nan nan nan nan
7.500000e-01 5.600000e-01 nan nan nan nan
8.000000e-01 5.600000e-01 nan nan nan nan
8.500000e-01 5.600000e-01 nan nan nan nan
9.000000e-01 5.600000e-01 nan nan nan nan
9.500000e-01 5.600000e-01 nan nan nan nan
1.000000e+00 5.600000e-01 nan nan nan nan
1.050000e+00 5.600000e-01 nan nan nan nan
1.100000e+00 5.600000e-01 nan nan nan nan
1.150000e+00 5.600000e-01 nan nan nan nan
1.200000e+00 5.600000e-01 nan nan nan nan
1.250000e+00 5.600000e-01 nan nan nan nan
1.300000e+00 5.600000e-01 nan nan nan nan
1.350000e+00 5.600000e-01 nan nan nan nan
1.400000e+00 5.600000e-01 nan nan nan nan
1.450000e+00 5.600000e-01 nan nan nan nan
1.500000e+00 5.600000e-01 nan nan nan nan
1.550000e+00 5.600000e-01 nan nan nan nan
1.600000e+00 5.600000e-01 nan nan nan nan
1.650000e+00 5.600000e-01 nan nan nan nan
1.700000e+00 5.600000e-01 nan nan nan nan
1.750000e+00 5.600000e-01 nan nan nan nan
1.800000e+00 5.600000e-01 nan nan nan nan
1.850000e+00 5.600000e-01 nan nan nan nan
1.900000e+00 5.600000e-01 nan nan nan nan
1.950000e+00 5.600000e-01 nan nan nan nan
2.000000e+00 5.600000e-01 nan nan nan nan
2.050000e+00 5.600000e-01 nan nan nan nan
2.100000e+00 5.600000e-01 nan nan nan nan
2.150000e+00 5.600000e-01 nan nan nan nan
2.200000e+00 5.600000e-01 nan nan nan nan
2.250000e+00 5.600000e-01 nan nan nan nan
2.300000e+00 5.600000e-01 nan nan nan nan
2.350000e+00 5.600000e-01 nan nan nan nan
2.400000e+00 5.600000e-01 nan nan nan nan
2.450000e+00 5.600000e-01 nan nan nan nan
2.500000e+00 5.600000e-01 nan nan nan nan
2.550000e+00 5.600000e-01 nan nan nan nan
2.600000e+00 5.600000e-01 nan nan nan nan
2.650000e+00 5.600000e-01 nan nan nan nan
2.700000e+00 5.600000e-01 nan nan nan nan
2.750000e+00 5.600000e-01 nan nan nan nan
2.800000e+00 5.600000e-01 nan nan nan nan
2.850000e+00 5.600000e-01 nan nan nan nan
2.900000e+00 5.600000e-01 nan nan nan nan
2.950000e+00 5.600000e-01 nan nan nan nan
3.000000e+00 5.600000e-01 nan nan nan nan
3.050000e+00 5.600000e-01 nan nan nan nan
3.100000e+00 5.600000e-01 nan nan nan nan
3.150000e+00 5.600000e-01 nan nan nan nan
3.200000e+00 5.600000e-01 nan nan nan nan
3.250000e+00 5.600000e-01 nan nan nan nan
3.300000e+00 5.600000e-01 nan nan nan nan
3.350000e+00 5.600000e-01 nan nan nan nan
3.400000e+00 5.600000e-01 nan nan nan nan
3.450000e+00 5.600000e-01 nan nan nan nan
3.500000e+00 5.600000e-01 nan nan nan nan
3.550000e+00 5.600000e-01 nan nan nan nan
3.600000e+00 5.600000e-01 nan nan nan nan
3.650000e+00 5.600000e-01 nan nan nan nan
3.700000e+00 5.600000e-01 nan nan nan nan
3.750000e+00 5.600000e-01 nan nan nan nan
3.800000e+00 5.600000e-01 nan nan nan nan
3.850000e+00 5.600000e-01 nan nan nan nan
3.900000e+00 5.600000e-01 nan nan nan nan
3.950000e+00 5.600000e-01 nan nan nan nan
4.000000e+00 5.600000e-01 nan nan nan nan
4.050000e+00 5.600000e-01 nan nan nan nan
4.100000e+00 5.600000e-01 nan nan nan nan
4.150000e+00 5.600000e-01 nan nan nan nan
4.200000e+00 5.600000e-01 nan nan nan nan
4.250000e+00 5.600000e-01 nan nan nan nan
4.300000e+00 5.600000e-01 nan nan nan nan
4.350000e+00 5.600000e-01 nan nan nan nan
4.400000e+00 5.600000e-01 nan nan nan nan
4.450000e+00 5.600000e-01 nan nan nan nan
4.500000e+00 5.600000e-01 nan nan nan nan
4.550000e+00 5.600000e-01 nan nan nan nan
4.600000e+00 5.600000e-01 nan nan nan nan
4.650000e+00 5.600000e-01 nan nan nan nan
4.700000e+00 5.600000e-01 nan nan nan nan
4.750000e+00 5.600000e-01 nan nan nan nan
4.800000e+00 5.600000e-01 nan nan nan nan
4.850000e+00 5.600000e-01 nan nan nan nan
4.900000e+00 5.600000e-01 nan nan nan nan
4.950000e+00 5.600000e-01 nan nan nan nan
5.000000e+00 5.600000e-01 nan nan nan nan
5.050000e+00 5.600000e-01 nan nan nan nan
5.100000e+00 5.600000e-01 nan nan nan nan
5.150000e+00 5.600000e-01 nan nan nan nan
5.200000e+00 5.600000e-01 nan nan nan nan
5.250000e+00 5.600000e-01 nan nan nan nan
5.300000e+00 5.600000e-01 nan nan nan nan
5.350000e+00 5.600000e-01 nan nan nan nan
5.400000e+00 5.600000e-01 nan nan nan nan
5.450000e+00 5.600000e-01 nan nan nan nan
5.500000e+00 5.600000e-01 nan nan nan nan
5.550000e+00 5.600000e-01 nan nan nan nan
5.600000e+00 5.600000e-01 nan nan nan nan
5.650000e+00 5.600000e-01 nan nan nan nan
5.700000e+00 5.600000e-01 nan nan nan nan
5.750000e+00 5.600000e-01 nan nan nan nan
5.800000e+00 5.600000e-01 nan nan nan nan
5.850000e+00 5.600000e-01 nan nan nan nan
5.900000e+00 5.600000e-01 nan nan nan nan
5.950000e+00 5.600000e-01 nan nan nan nan
6.000000e+00 5.600000e-01 nan nan nan nan
6.050000e+00 5.600000e-01 nan nan nan nan
6.100000e+00 5.600000e-01 nan nan nan nan
6.150000e+00 5.600000e-01 nan nan nan nan
6.200000e+00 5.600000e-01 nan nan nan nan
6.250000e+00 5.600000e-01 nan nan nan nan
6.300000e+00 5.600000e-01 nan nan nan nan
6.350000e+00 5.600000e-01 nan nan nan nan
6.400000e+00 5.600000e-01 nan nan nan nan
6.450000e+00 5.600000e-01 nan nan nan nan
6.500000e+00 5.600000e-01 nan nan nan nan
6.550000e+00 5.600000e-01 nan nan nan nan
6.600000e+00 5.600000e-01 nan nan nan nan
6.650000e+00 5.600000e-01 nan nan nan nan
6.700000e+00 5.600000e-01 nan nan nan nan
6.750000e+00 5.600000e-01 nan nan nan nan
6.800000e+00 5.600000e-01 nan nan nan nan
6.850000e+00 5.600000e-01 nan nan nan nan
6.900000e+00 5.600000e-01 nan nan nan nan
6.950000e+00 5.600000e-01 nan nan nan nan
7.000000e+00 5.600000e-01 nan nan nan nan
7.050000e+00 5.600000e-01 nan nan nan nan
7.100000e+00 5.600000e-01 nan nan nan nan
7.150000e+00 5.600000e-01 nan nan nan nan
7.200000e+00 5.600000e-01 nan nan nan nan
7.250000e+00 5.600000e-01 nan nan nan nan
7.300000e+00 5.600000e-01 nan nan nan nan
7.350000e+00 5.600000e-01 nan nan nan nan
7.400000e+00 5.600000e-01 nan nan nan nan
7.450000e+00 5.600000e-01 nan nan nan nan
7.500000e+00 5.600000e-01 nan nan nan nan
7.550000e+00 5.600000e-01 nan nan nan nan
7.600000e+00 5.600000e-01 nan nan nan nan
7.650000e+00 5.600000e-01 nan nan nan nan
7.700000e+00 5.600000e-01 nan nan nan nan
7.750000e+00 5.600000e-01 nan nan nan nan
7.800000e+00 5.600000e-01 nan nan nan nan
7.850000e+00 5.600000e-01 nan nan nan nan
7.900000e+00 5.600000e-01 nan nan nan nan
7.950000e+00 5.600000e-01 nan nan nan nan
8.000000e+00 5.600000e-01 nan nan nan nan
8.050000e+00 5.600000e-01 nan nan nan nan
8.100000e+00 5.600000e-01 nan nan nan nan
8.150000e+00 5.600000e-01 nan nan nan nan
8.200000e+00 5.600000e-01 nan nan nan nan
8.250000e+00 5.600000e-01 nan nan nan nan
8.300000e+00 5.600000e-01 nan nan nan nan
8.350000e+00 5.600000e-01 nan nan nan nan
8.400000e+00 5.600000e-01 nan nan nan nan
8.450000e+00 5.600000e-01 nan nan nan nan
8.500000e+00 5.600000e-01 nan nan nan nan
8.550000e+00 5.600000e-01 nan nan nan nan
8.600000e+00 5.600000e-01 nan nan nan nan
8.650000e+00 5.600000e-01 nan nan nan nan
8.700000e+00 5.600000e-01 nan nan nan nan
8.750000e+00 5.600000e-01 nan nan nan nan
8.800000e+00 5.600000e-01 nan nan nan nan
8.850000e+00 5.600000e-01 nan nan nan nan
8.900000e+00 5.600000e-01 nan nan nan nan
8.950000e+00 5.600000e-01 nan nan nan nan
9.000000e+00 5.600000e-01 nan nan nan nan
9.050000e+00 5.600000e-01 nan nan nan nan
9.100000e+00 5.600000e-01 nan nan nan nan
9.150000e+00 5.600000e-01 nan nan nan nan
9.200000e+00 5.600000e-01 nan nan nan nan
9.250000e+00 5.600000e-01 nan nan nan nan
9.300000e+00 5.600000e-01 nan nan nan nan
9.350000e+00 5.600000e-01 nan nan nan nan
9.400000e+00 5.600000e-01 nan nan nan nan
9.450000e+00 5.600000e-01 nan nan nan nan
9.500000e+00 5.600000e-01 nan nan nan nan
9.550000e+00 5.600000e-01 nan nan nan nan
9.600000e+00 5.600000e-01 nan nan nan nan
9.650000e+00 5.600000e-01 nan nan nan nan
9.700000e+00 5.600000e-01 nan nan nan nan
9.750000e+00 5.600000e-01 nan nan nan nan
9.800000e+00 5.600000e-01 nan nan nan nan
9.850000e+00 5.600000e-01 nan nan nan nan
9.900000e+00 5.600000e-01 nan nan nan nan
9.950000e+00 5.600000e-01 nan nan nan nan
1.000000e+01 5.600000e-01 5.893440e-01 nan 0.000000e+00 0.000000e+00
0.000000e+00 5.800000e-01 6.187440e-01 9.600000e-01 0.000000e+00 0.000000e+00
5.000000e-02 5.800000e-01 nan nan nan nan
1.000000e-01 5.800000e-01 nan nan nan nan
1.500000e-01 5.800000e-01 nan nan nan nan
2.000000e-01 5.800000e-01 nan nan nan nan
2.500000e-01 5.800000e-01 nan nan nan nan
3.000000e-01 5.800000e-01 nan nan nan nan
3.500000e-01 5.800000e-01 nan nan nan nan
4.000000e-01 5.800000e-01 nan nan nan nan
4.500000e-01 5.800000e-01 nan nan nan nan
5.000000e-01 5.800000e-01 nan nan nan nan
5.500000e-01 5.800000e-01 nan nan nan nan
6.000000e-01 5.800000e-01 nan nan nan nan
6.500000e-01 5.800000e-01 nan nan nan nan
7.000000e-01 5.800000e-01 nan nan nan nan
7.500000e-01 5.800000e-01 nan nan nan nan
8.000000e-01 5.800000e-01 nan nan nan nan
8.500000e-01 5.800000e-01 nan nan nan nan
9.000000e-01 5.800000e-01 nan nan nan nan
9.500000e-01 5.800000e-01 nan nan nan nan
1.000000e+00 5.800000e-01 nan nan nan nan
1.050000e+00 5.800000e-01 nan nan nan nan
1.100000e+00 5.800000e-01 nan nan nan nan
1.150000e+00 5.800000e-01 nan nan nan nan
1.200000e+00 5.800000e-01 nan nan nan nan
1.250000e+00 5.800000e-01 nan nan nan nan
1.300000e+00 5.800000e-01 nan nan nan nan
1.350000e+00 5.800000e-01 nan nan nan nan
1.400000e+00 5.800000e-01 nan nan nan nan
1.450000e+00 5.800000e-01 nan nan nan nan
1.500000e+00 5.800000e-01 nan nan nan nan
1.550000e+00 5.800000e-01 nan nan nan nan
1.600000e+00 5.800000e-01 nan nan nan nan
1.650000e+00 5.800000e-01 nan nan nan nan
1.700000e+00 5.800000e-01 nan nan nan nan
1.750000e+00 5.800000e-01 nan nan nan nan
1.800000e+00 5.800000e-01 nan nan nan nan
1.850000e+00 5.800000e-01 nan nan nan nan
1.900000e+00 5.800000e-01 nan nan nan nan
1.950000e+00 5.800000e-01 nan nan nan nan
2.000000e+00 5.800000e-01 nan nan nan nan
2.050000e+00 5.800000e-01 nan nan nan nan
2.100000e+00 5.800000e-01 nan nan nan nan
2.150000e+00 5.800000e-01 nan nan nan nan
2.200000e+00 5.800000e-01 nan nan nan nan
2.250000e+00 5.800000e-01 nan nan nan nan
2.300000e+00 5.800000e-01 nan nan nan nan
2.350000e+00 5.800000e-01 nan nan nan nan
2.400000e+00 5.800000e-01 nan nan nan nan
2.450000e+00 5.800000e-01 nan nan nan nan
2.500000e+00 5.800000e-01 nan nan nan nan
2.550000e+00 5.800000e-01 nan nan nan nan
2.600000e+00 5.800000e-01 nan nan nan nan
2.650000e+00 5.800000e-01 nan nan nan nan
2.700000e+00 5.800000e-01 nan nan nan nan
2.750000e+00 5.800000e-01 nan nan nan nan
2.800000e+00 5.800000e-01 nan nan nan nan
2.850000e+00 5.800000e-01 nan nan nan nan
2.900000e+00 5.800000e-01 nan nan nan nan
2.950000e+00 5.800000e-01 nan nan nan nan
3.000000e+00 5.800000e-01 nan nan nan nan
3.050000e+00 5.800000e-01 nan nan nan nan
3.100000e+00 5.800000e-01 nan nan nan nan
3.150000e+00 5.800000e-01 nan nan nan nan
3.200000e+00 5.800000e-01 nan nan nan nan
3.250000e+00 5.800000e-01 nan nan nan nan
3.300000e+00 5.800000e-01 nan nan nan nan
3.350000e+00 5.800000e-01 nan nan nan nan
3.400000e+00 5.800000e-01 nan nan nan nan
3.450000e+00 5.800000e-01 nan nan nan nan
3.500000e+00 5.800000e-01 nan nan nan nan
3.550000e+00 5.800000e-01 nan nan nan nan
3.600000e+00 5.800000e-01 nan nan nan nan
3.650000e+00 5.800000e-01 nan nan nan nan
3.700000e+00 5.800000e-01 nan nan nan nan
3.750000e+00 5.800000e-01 nan nan nan nan
3.800000e+00 5.800000e-01 nan nan nan nan
3.850000e+00 5.800000e-01 nan nan nan nan
3.900000e+00 5.800000e-01 nan nan nan nan
3.950000e+00 5.800000e-01 nan nan nan nan
4.000000e+00 5.800000e-01 nan nan nan nan
4.050000e+00 5.800000e-01 nan nan nan nan
4.100000e+00 5.800000e-01 nan nan nan nan
4.150000e+00 5.800000e-01 nan nan nan nan
4.200000e+00 5.800000e-01 nan nan nan nan
4.250000e+00 5.800000e-01 nan nan nan nan
4.300000e+00 5.800000e-01 nan nan nan nan
4.350000e+00 5.800000e-01 nan nan nan nan
4.400000e+00 5.800000e-01 nan nan nan nan
4.450000e+00 5.800000e-01 nan nan nan nan
4.500000e+00 5.800000e-01 nan nan nan nan
4.550000e+00 5.800000e-01 nan nan nan nan
4.600000e+00 5.800000e-01 nan nan nan nan
4.650000e+00 5.800000e-01 nan nan nan nan
4.700000e+00 5.800000e-01 nan nan nan nan
4.750000e+00 5.800000e-01 nan nan nan nan
4.800000e+00 5.800000e-01 nan nan nan nan
4.850000e+00 5.800000e-01 nan nan nan nan
4.900000e+00 5.800000e-01 nan nan nan nan
4.950000e+00 5.800000e-01 nan nan nan nan
5.000000e+00 5.800000e-01 nan nan nan nan
5.050000e+00 5.800000e-01 nan nan nan nan
5.100000e+00 5.800000e-01 nan nan nan nan
5.150000e+00 5.800000e-01 nan nan nan nan
5.200000e+00 5.800000e-01 nan nan nan nan
5.250000e+00 5.800000e-01 nan nan nan nan
5.300000e+00 5.800000e-01 nan nan nan nan
5.350000e+00 5.800000e-01 nan nan nan nan
5.400000e+00 5.800000e-01 nan nan nan nan
5.450000e+00 5.800000e-01 nan nan nan nan
5.500000e+00 5.800000e-01 nan nan nan nan
5.550000e+00 5.800000e-01 nan nan nan nan
5.600000e+00 5.800000e-01 nan nan nan nan
5.650000e+00 5.800000e-01 nan nan nan nan
5.700000e+00 5.800000e-01 nan nan nan nan
5.750000e+00 5.800000e-01 nan nan nan nan
5.800000e+00 5.800000e-01 nan nan nan nan
5.850000e+00 5.800000e-01 nan nan nan nan
5.900000e+00 5.800000e-01 nan nan nan nan
5.950000e+00 5.800000e-01 nan nan nan nan
6.000000e+00 5.800000e-01 nan nan nan nan
6.050000e+00 5.800000e-01 nan nan nan nan
6.100000e+00 5.800000e-01 nan nan nan nan
6.150000e+00 5.800000e-01 nan nan nan nan
6.200000e+00 5.800000e-01 nan nan nan nan
6.250000e+00 5.800000e-01 nan nan nan nan
6.300000e+00 5.800000e-01 nan nan nan nan
6.350000e+00 5.800000e-01 nan nan nan nan
6.400000e+00 5.800000e-01 nan nan nan nan
6.450000e+00 5.800000e-01 nan nan nan nan
6.500000e+00 5.800000e-01 nan nan nan nan
6.550000e+00 5.800000e-01 nan nan nan nan
6.600000e+00 5.800000e-01 nan nan nan nan
6.650000e+00 5.800000e-01 nan nan nan nan
6.700000e+00 5.800000e-01 nan nan nan nan
6.750000e+00 5.800000e-01 nan nan nan nan
6.800000e+00 5.800000e-01 nan nan nan nan
6.850000e+00 5.800000e-01 nan nan nan nan
6.900000e+00 5.800000e-01 nan nan nan nan
6.950000e+00 5.800000e-01 nan nan nan nan
7.000000e+00 5.800000e-01 nan nan nan nan
7.050000e+00 5.800000e-01 nan nan nan nan
7.100000e+00 5.800000e-01 nan nan nan nan
7.150000e+00 5.800000e-01 nan nan nan nan
7.200000e+00 5.800000e-01 nan nan nan nan
7.250000e+00 5.800000e-01 nan nan nan nan
7.300000e+00 5.800000e-01 nan nan nan nan
7.350000e+00 5.800000e-01 nan nan nan nan
7.400000e+00 5.800000e-01 nan nan nan nan
7.450000e+00 5.800000e-01 nan nan nan nan
7.500000e+00 5.800000e-01 nan nan nan nan
7.550000e+00 5.800000e-01 nan nan nan nan
7.600000e+00 5.800000e-01 nan nan nan nan
7.650000e+00 5.800000e-01 nan nan nan nan
7.700000e+00 5.800000e-01 nan nan nan nan
7.750000e+00 5.800000e-01 nan nan nan nan
7.800000e+00 5.800000e-01 nan nan nan nan
7.850000e+00 5.800000e-01 nan nan nan nan
7.900000e+00 5.800000e-01 nan nan nan nan
7.950000e+00 5.800000e-01 nan nan nan nan
8.000000e+00 5.800000e-01 nan nan nan nan
8.050000e+00 5.800000e-01 nan nan nan nan
8.100000e+00 5.800000e-01 nan nan nan nan
8.150000e+00 5.800000e-01 nan nan nan nan
8.200000e+00 5.800000e-01 nan nan nan nan
8.250000e+00 5.800000e-01 nan nan nan nan
8.300000e+00 5.800000e-01 nan nan nan nan
8.350000e+00 5.800000e-01 nan nan nan nan
8.400000e+00 5.800000e-01 nan nan nan nan
8.450000e+00 5.800000e-01 nan nan nan nan
8.500000e+00 5.800000e-01 nan nan nan nan
8.550000e+00 5.800000e-01 nan nan nan nan
8.600000e+00 5.800000e-01 nan nan nan nan
8.650000e+00 5.800000e-01 nan nan nan nan
8.700000e+00 5.800000e-01 nan nan nan nan
8.750000e+00 5.800000e-01 nan nan nan nan
8.800000e+00 5.800000e-01 nan nan nan nan
8.850000e+00 5.800000e-01 nan nan nan nan
8.900000e+00 5.800000e-01 nan nan nan nan
8.950000e+00 5.800000e-01 nan nan nan nan
9.000000e+00 5.800000e-01 nan nan nan nan
9.050000e+00 5.800000e-01 nan nan nan nan
9.100000e+00 5.800000e-01 nan nan nan nan
9.150000e+00 5.800000e-01 nan nan nan nan
9.200000e+00 5.800000e-01 nan nan nan nan
9.250000e+00 5.800000e-01 nan nan nan nan
9.300000e+00 5.800000e-01 nan nan nan nan
9.350000e+00 5.800000e-01 nan nan nan nan
9.400000e+00 5.800000e-01 nan nan nan nan
9.450000e+00 5.800000e-01 nan nan nan nan
9.500000e+00 5.800000e-01 nan nan nan nan
9.550000e+00 5.800000e-01 nan nan nan nan
9.600000e+00 5.800000e-01 nan nan nan nan
9.650000e+00 5.800000e-01 nan nan nan nan
9.700000e+00 5.800000e-01 nan nan nan nan
9.750000e+00 5.800000e-01 nan nan nan nan
9.800000e+00 5.800000e-01 nan nan nan nan
9.850000e+00 5.800000e-01 nan nan nan nan
9.900000e+00 5.800000e-01 nan nan nan nan
9.950000e+00 5.800000e-01 nan nan nan nan
1.000000e+01 5.800000e-01 6.187440e-01 nan 0.000000e+00 0.000000e+00
0.000000e+00 6.000000e-01 6.477600e-01 1.200000e+00 0.000000e+00 0.000000e+00
5.000000e-02 6.000000e-01 nan nan nan nan
1.000000e-01 6.000000e-01 nan nan nan nan
1.500000e-01 6.000000e-01 nan nan nan nan
2.000000e-01 6.000000e-01 nan nan nan nan
2.500000e-01 6.000000e-01 nan nan nan nan
3.000000e-01 6.000000e-01 nan nan nan nan
3.500000e-01 6.000000e-01 nan nan nan nan
4.000000e-01 6.000000e-01 nan nan nan nan
4.500000e-01 6.000000e-01 nan nan nan nan
5.000000e-01 6.000000e-01 nan nan nan nan
5.500000e-01 6.000000e-01 nan nan nan nan
6.000000e-01 6.000000e-01 nan nan nan nan
6.500000e-01 6.000000e-01 nan nan nan nan
7.000000e-01 6.000000e-01 nan nan nan nan
7.500000e-01 6.000000e-01 nan nan nan nan
8.000000e-01 6.000000e-01 nan nan nan nan
8.500000e-01 6.000000e-01 nan nan nan nan
9.000000e-01 6.000000e-01 nan nan nan nan
9.500000e-01 6.000000e-01 nan nan nan nan
1.000000e+00 6.000000e-01 nan nan nan nan
1.050000e+00 6.000000e-01 nan nan nan nan
1.100000e+00 6.000000e-01 nan nan nan nan
1.150000e+00 6.000000e-01 nan nan nan nan
1.200000e+00 6.000000e-01 nan nan nan nan
1.250000e+00 6.000000e-01 nan nan nan nan
1.300000e+00 6.000000e-01 nan nan nan nan
1.350000e+00 6.000000e-01 nan nan nan nan
1.400000e+00 6.000000e-01 nan nan nan nan
1.450000e+00 6.000000e-01 nan nan nan nan
1.500000e+00 6.000000e-01 nan nan nan nan
1.550000e+00 6.000000e-01 nan nan nan nan
1.600000e+00 6.000000e-01 nan nan nan nan
1.650000e+00 6.000000e-01 nan nan nan nan
1.700000e+00 6.000000e-01 nan nan nan nan
1.750000e+00 6.000000e-01 nan nan nan nan
1.800000e+00 6.000000e-01 nan nan nan nan
1.850000e+00 6.000000e-01 nan nan nan nan
1.900000e+00 6.000000e-01 nan nan nan nan
1.950000e+00 6.000000e-01 nan nan nan nan
2.000000e+00 6.000000e-01 nan nan nan nan
2.050000e+00 6.000000e-01 nan nan nan nan
2.100000e+00 6.000000e-01 nan nan nan nan
2.150000e+00 6.000000e-01 nan nan nan nan
2.200000e+00 6.000000e-01 nan nan nan nan
2.250000e+00 6.000000e-01 nan nan nan nan
2.300000e+00 6.000000e-01 nan nan nan nan
2.350000e+00 6.000000e-01 nan nan nan nan
2.400000e+00 6.000000e-01 nan nan nan nan
2.450000e+00 6.000000e-01 nan nan nan nan
2.500000e+00 6.000000e-01 nan nan nan nan
2.550000e+00 6.000000e-01 nan nan nan nan
2.600000e+00 6.000000e-01 nan nan nan nan
2.650000e+00 6.000000e-01 nan nan nan nan
2.700000e+00 6.000000e-01 nan nan nan nan
2.750000e+00 6.000000e-01 nan nan nan nan
2.800000e+00 6.000000e-01 nan nan nan nan
2.850000e+00 6.000000e-01 nan nan nan nan
2.900000e+00 6.000000e-01 nan nan nan nan
2.950000e+00 6.000000e-01 nan nan nan nan
3.000000e+00 6.000000e-01 nan nan nan nan
3.050000e+00 6.000000e-01 nan nan nan nan
3.100000e+00 6.000000e-01 nan nan nan nan
3.150000e+00 6.000000e-01 nan nan nan nan
3.200000e+00 6.000000e-01 nan nan nan nan
3.250000e+00 6.000000e-01 nan nan nan nan
3.300000e+00 6.000000e-01 nan nan nan nan
3.350000e+00 6.000000e-01 nan nan nan nan
3.400000e+00 6.000000e-01 nan nan nan nan
3.450000e+00 6.000000e-01 nan nan nan nan
3.500000e+00 6.000000e-01 nan nan nan nan
3.550000e+00 6.000000e-01 nan nan nan nan
3.600000e+00 6.000000e-01 nan nan nan nan
3.650000e+00 6.000000e-01 nan nan nan nan
3.700000e+00 6.000000e-01 nan nan nan nan
3.750000e+00 6.000000e-01 nan nan nan nan
3.800000e+00 6.000000e-01 nan nan nan nan
3.850000e+00 6.000000e-01 nan nan nan nan
3.900000e+00 6.000000e-01 nan nan nan nan
3.950000e+00 6.000000e-01 nan nan nan nan
4.000000e+00 6.000000e-01 nan nan nan nan
4.050000e+00 6.000000e-01 nan nan nan nan
4.100000e+00 6.000000e-01 nan nan nan nan
4.150000e+00 6.000000e-01 nan nan nan nan
4.200000e+00 6.000000e-01 nan nan nan nan
4.250000e+00 6.000000e-01 nan nan nan nan
4.300000e+00 6.000000e-01 nan nan nan nan
4.350000e+00 6.000000e-01 nan nan nan nan
4.400000e+00 6.000000e-01 nan nan nan nan
4.450000e+00 6.000000e-01 nan nan nan nan
4.500000e+00 6.000000e-01 nan nan nan nan
4.550000e+00 6.000000e-01 nan nan nan nan
4.600000e+00 6.000000e-01 nan nan nan nan
4.650000e+00 6.000000e-01 nan nan nan nan
4.700000e+00 6.000000e-01 nan nan nan nan
4.750000e+00 6.000000e-01 nan nan nan nan
4.800000e+00 6.000000e-01 nan nan nan nan
4.850000e+00 6.000000e-01 nan nan nan nan
4.900000e+00 6.000000e-01 nan nan nan nan
4.950000e+00 6.000000e-01 nan nan nan nan
5.000000e+00 6.000000e-01 nan nan nan nan
5.050000e+00 6.000000e-01 nan nan nan nan
5.100000e+00 6.000000e-01 nan nan nan nan
5.150000e+00 6.000000e-01 nan nan nan nan
5.200000e+00 6.000000e-01 nan nan nan nan
5.250000e+00 6.000000e-01 nan nan nan nan
5.300000e+00 6.000000e-01 nan nan nan nan
5.350000e+00 6.000000e-01 nan nan nan nan
5.400000e+00 6.000000e-01 nan nan nan nan
5.450000e+00 6.000000e-01 nan nan nan nan
5.500000e+00 6.000000e-01 nan nan nan nan
5.550000e+00 6.000000e-01 nan nan nan nan
5.600000e+00 6.000000e-01 nan nan nan nan
5.650000e+00 6.000000e-01 nan nan nan nan
5.700000e+00 6.000000e-01 nan nan nan nan
5.750000e+00 6.000000e-01 nan nan nan nan
5.800000e+00 6.000000e-01 nan nan nan nan
5.850000e+00 6.000000e-01 nan nan nan nan
5.900000e+00 6.000000e-01 nan nan nan nan
5.950000e+00 6.000000e-01 nan nan nan nan
6.000000e+00 6.000000e-01 nan nan nan nan
6.050000e+00 6.000000e-01 nan nan nan nan
6.100000e+00 6.000000e-01 nan nan nan nan
6.150000e+00 6.000000e-01 nan nan nan nan
6.200000e+00 6.000000e-01 nan nan nan nan
6.250000e+00 6.000000e-01 nan nan nan nan
6.300000e+00 6.000000e-01 nan nan nan nan
6.350000e+00 6.000000e-01 nan nan nan nan
6.400000e+00 6.000000e-01 nan nan nan nan
6.450000e+00 6.000000e-01 nan nan nan nan
6.500000e+00 6.000000e-01 nan nan nan nan
6.550000e+00 6.000000e-01 nan nan nan nan
6.600000e+00 6.000000e-01 nan nan nan nan
6.650000e+00 6.000000e-01 nan nan nan nan
6.700000e+00 6.000000e-01 nan nan nan nan
6.750000e+00 6.000000e-01 nan nan nan nan
6.800000e+00 6.000000e-01 nan nan nan nan
6.850000e+00 6.000000e-01 nan nan nan nan
6.900000e+00 6.000000e-01 nan nan nan nan
6.950000e+00 6.000000e-01 nan nan nan nan
7.000000e+00 6.000000e-01 nan nan nan nan
7.050000e+00 6.000000e-01 nan nan nan nan
7.100000e+00 6.000000e-01 nan nan nan nan
7.150000e+00 6.000000e-01 nan nan nan nan
7.200000e+00 6.000000e-01 nan nan nan nan
7.250000e+00 6.000000e-01 nan nan nan nan
7.300000e+00 6.000000e-01 nan nan nan nan
7.350000e+00 6.000000e-01 nan nan nan nan
7.400000e+00 6.000000e-01 nan nan nan nan
7.450000e+00 6.000000e-01 nan nan nan nan
7.500000e+00 6.000000e-01 nan nan nan nan
7.550000e+00 6.000000e-01 nan nan nan nan
7.600000e+00 6.000000e-01 nan nan nan nan
7.650000e+00 6.000000e-01 nan nan nan nan
7.700000e+00 6.000000e-01 nan nan nan nan
7.750000e+00 6.000000e-01 nan nan nan nan
7.800000e+00 6.000000e-01 nan nan nan nan
7.850000e+00 6.000000e-01 nan nan nan nan
7.900000e+00 6.000000e-01 nan nan nan nan
7.950000e+00 6.000000e-01 nan nan nan nan
8.000000e+00 6.000000e-01 nan nan nan nan
8.050000e+00 6.000000e-01 nan nan nan nan
8.100000e+00 6.000000e-01 nan nan nan nan
8.150000e+00 6.000000e-01 nan nan nan nan
8.200000e+00 6.000000e-01 nan nan nan nan
8.250000e+00 6.000000e-01 nan nan nan nan
8.300000e+00 6.000000e-01 nan nan nan nan
8.350000e+00 6.000000e-01 nan nan nan nan
8.400000e+00 6.000000e-01 nan nan nan nan
8.450000e+00 6.000000e-01 nan nan nan nan
8.500000e+00 6.000000e-01 nan nan nan nan
8.550000e+00 6.000000e-01 nan nan nan nan
8.600000e+00 6.000000e-01 nan nan nan nan
8.650000e+00 6.000000e-01 nan nan nan nan
8.700000e+00 6.000000e-01 nan nan nan nan
8.750000e+00 6.000000e-01 nan nan nan nan
8.800000e+00 6.000000e-01 nan nan nan nan
8.850000e+00 6.000000e-01 nan nan nan nan
8.900000e+00 6.000000e-01 nan nan nan nan
8.950000e+00 6.000000e-01 nan nan nan nan
9.000000e+00 6.000000e-01 nan nan nan nan
9.050000e+00 6.000000e-01 nan nan nan nan
9.100000e+00 6.000000e-01 nan nan nan nan
9.150000e+00 6.000000e-01 nan nan nan nan
9.200000e+00 6.000000e-01 nan nan nan nan
9.250000e+00 6.000000e-01 nan nan nan nan
9.300000e+00 6.000000e-01 nan nan nan nan
9.350000e+00 6.000000e-01 nan nan nan nan
9.400000e+00 6.000000e-01 nan nan nan nan
9.450000e+00 6.000000e-01 nan nan nan nan
9.500000e+00 6.000000e-01 nan nan nan nan
9.550000e+00 6.000000e-01 nan nan nan nan
9.600000e+00 6.000000e-01 nan nan nan nan
9.650000e+00 6.000000e-01 nan nan nan nan
9.700000e+00 6.000000e-01 nan nan nan nan
9.750000e+00 6.000000e-01 nan nan nan nan
9.800000e+00 6.000000e-01 nan nan nan nan
9.850000e+00 6.000000e-01 nan nan nan nan
9.900000e+00 6.000000e-01 nan nan nan nan
9.950000e+00 6.000000e-01 nan nan nan nan
1.000000e+01 6.000000e-01 6.477600e-01 nan 0.000000e+00 0.000000e+00
0.000000e+00 6.200000e-01 6.762960e-01 1.440000e+00 0.000000e+00 0.000000e+00
5.000000e-02 6.200000e-01 nan nan nan nan
1.000000e-01 6.200000e-01 nan nan nan nan
1.500000e-01 6.200000e-01 nan nan nan nan
2.000000e-01 6.200000e-01 nan nan nan nan
2.500000e-01 6.200000e-01 nan nan nan nan
3.000000e-01 6.200000e-01 nan nan nan nan
3.500000e-01 6.200000e-01 nan nan nan nan
4.000000e-01 6.200000e-01 nan nan nan nan
4.500000e-01 6.200000e-01 nan nan nan nan
5.000000e-01 6.200000e-01 nan nan nan nan
5.500000e-01 6.200000e-01 nan nan nan nan
6.000000e-01 6.200000e-01 nan nan nan nan
6.500000e-01 6.200000e-01 nan nan nan nan
7.000000e-01 6.200000e-01 nan nan nan nan
7.500000e-01 6.200000e-01 nan nan nan nan
8.000000e-01 6.200000e-01 nan nan nan nan
8.500000e-01 6.200000e-01 nan nan nan nan
9.000000e-01 6.200000e-01 nan nan nan nan
9.500000e-01 6.200000e-01 nan nan nan nan
1.000000e+00 6.200000e-01 nan nan nan nan
1.050000e+00 6.200000e-01 nan nan nan nan
1.100000e+00 6.200000e-01 nan nan nan nan
1.150000e+00 6.200000e-01 nan nan nan nan
1.200000e+00 6.200000e-01 nan nan nan nan
1.250000e+00 6.200000e-01 nan nan nan nan
1.300000e+00 6.200000e-01 nan nan nan nan
1.350000e+00 6.200000e-01 nan nan nan nan
1.400000e+00 6.200000e-01 nan nan nan nan
1.450000e+00 6.200000e-01 nan nan nan nan
1.500000e+00 6.200000e-01 nan nan nan nan
1.550000e+00 6.200000e-01 nan nan nan nan
1.600000e+00 6.200000e-01 nan nan nan nan
1.650000e+00 6.200000e-01 nan nan nan nan
1.700000e+00 6.200000e-01 nan nan nan nan
1.750000e+00 6.200000e-01 nan nan nan nan
1.800000e+00 6.200000e-01 nan nan nan nan
1.850000e+00 6.200000e-01 nan nan nan nan
1.900000e+00 6.200000e-01 nan nan nan nan
1.950000e+00 6.200000e-01 nan nan nan nan
2.000000e+00 6.200000e-01 nan nan nan nan
2.050000e+00 6.200000e-01 nan nan nan nan
2.100000e+00 6.200000e-01 nan nan nan nan
2.150000e+00 6.200000e-01 nan nan nan nan
2.200000e+00 6.200000e-01 nan nan nan nan
2.250000e+00 6.200000e-01 nan nan nan nan
2.300000e+00 6.200000e-01 nan nan nan nan
2.350000e+00 6.200000e-01 nan nan nan nan
2.400000e+00 6.200000e-01 nan nan nan nan
2.450000e+00 6.200000e-01 nan nan nan nan
2.500000e+00 6.200000e-01 nan nan nan nan
2.550000e+00 6.200000e-01 nan nan nan nan
2.600000e+00 6.200000e-01 nan nan nan nan
2.650000e+00 6.200000e-01 nan nan nan nan
2.700000e+00 6.200000e-01 nan nan nan nan
2.750000e+00 6.200000e-01 nan nan nan nan
2.800000e+00 6.200000e-01 nan nan nan nan
2.850000e+00 6.200000e-01 nan nan nan nan
2.900000e+00 6.200000e-01 nan nan nan nan
2.950000e+00 6.200000e-01 nan nan nan nan
3.000000e+00 6.200000e-01 nan nan nan nan
3.050000e+00 6.200000e-01 nan nan nan nan
3.100000e+00 6.200000e-01 nan nan nan nan
3.150000e+00 6.200000e-01 nan nan nan nan
3.200000e+00 6.200000e-01 nan nan nan nan
3.250000e+00 6.200000e-01 nan nan nan nan
3.300000e+00 6.200000e-01 nan nan nan nan
3.350000e+00 6.200000e-01 nan nan nan nan
3.400000e+00 6.200000e-01 nan nan nan nan
3.450000e+00 6.200000e-01 nan nan nan nan
3.500000e+00 6.200000e-01 nan nan nan nan
3.550000e+00 6.200000e-01 nan nan nan nan
3.600000e+00 6.200000e-01 nan nan nan nan
3.650000e+00 6.200000e-01 nan nan nan nan
3.700000e+00 6.200000e-01 nan nan nan nan
3.750000e+00 6.200000e-01 nan nan nan nan
3.800000e+00 6.200000e-01 nan nan nan nan
3.850000e+00 6.200000e-01 nan nan nan nan
3.900000e+00 6.200000e-01 nan nan nan nan
3.950000e+00 6.200000e-01 nan nan nan nan
4.000000e+00 6.200000e-01 nan nan nan nan
4.050000e+00 6.200000e-01 nan nan nan nan
4.100000e+00 6.200000e-01 nan nan nan nan
4.150000e+00 6.200000e-01 nan nan nan nan
4.200000e+00 6.200000e-01 nan nan nan nan
4.250000e+00 6.200000e-01 nan nan nan nan
4.300000e+00 6.200000e-01 nan nan nan nan
4.350000e+00 6.200000e-01 nan nan nan nan
4.400000e+00 6.200000e-01 nan nan nan nan
4.450000e+00 6.200000e-01 nan nan nan nan
4.500000e+00 6.200000e-01 nan nan nan nan
4.550000e+00 6.200000e-01 nan nan nan nan
4.600000e+00 6.200000e-01 nan nan nan nan
4.650000e+00 6.200000e-01 nan nan nan nan
4.700000e+00 6.200000e-01 nan nan nan nan
4.750000e+00 6.200000e-01 nan nan nan nan
4.800000e+00 6.200000e-01 nan nan nan nan
4.850000e+00 6.200000e-01 nan nan nan nan
4.900000e+00 6.200000e-01 nan nan nan nan
4.950000e+00 6.200000e-01 nan nan nan nan
5.000000e+00 6.200000e-01 nan nan nan nan
5.050000e+00 6.200000e-01 nan nan nan nan
5.100000e+00 6.200000e-01 nan nan nan nan
5.150000e+00 6.200000e-01 nan nan nan nan
5.200000e+00 6.200000e-01 nan nan nan nan
5.250000e+00 6.200000e-01 nan nan nan nan
5.300000e+00 6.200000e-01 nan nan nan nan
5.350000e+00 6.200000e-01 nan nan nan nan
5.400000e+00 6.200000e-01 nan nan nan nan
5.450000e+00 6.200000e-01 nan nan nan nan
5.500000e+00 6.200000e-01 nan nan nan nan
5.550000e+00 6.200000e-01 nan nan nan nan
5.600000e+00 6.200000e-01 nan nan nan nan
5.650000e+00 6.200000e-01 nan nan nan nan
5.700000e+00 6.200000e-01 nan nan nan nan
5.750000e+00 6.200000e-01 nan nan nan nan
5.800000e+00 6.200000e-01 nan nan nan nan
5.850000e+00 6.200000e-01 nan nan nan nan
5.900000e+00 6.200000e-01 nan nan nan nan
5.950000e+00 6.200000e-01 nan nan nan nan
6.000000e+00 6.200000e-01 nan nan nan nan
6.050000e+00 6.200000e-01 nan nan nan nan
6.100000e+00 6.200000e-01 nan nan nan nan
6.150000e+00 6.200000e-01 nan nan nan nan
6.200000e+00 6.200000e-01 nan nan nan nan
6.250000e+00 6.200000e-01 nan nan nan nan
6.300000e+00 6.200000e-01 nan nan nan nan
6.350000e+00 6.200000e-01 nan nan nan nan
6.400000e+00 6.200000e-01 nan nan nan nan
6.450000e+00 6.200000e-01 nan nan nan nan
6.500000e+00 6.200000e-01 nan nan nan nan
6.550000e+00 6.200000e-01 nan nan nan nan
6.600000e+00 6.200000e-01 nan nan nan nan
6.650000e+00 6.200000e-01 nan nan nan nan
6.700000e+00 6.200000e-01 nan nan nan nan
6.750000e+00 6.200000e-01 nan nan nan nan
6.800000e+00 6.200000e-01 nan nan nan nan
6.850000e+00 6.200000e-01 nan nan nan nan
6.900000e+00 6.200000e-01 nan nan nan nan
6.950000e+00 6.200000e-01 nan nan nan nan
7.000000e+00 6.200000e-01 nan nan nan nan
7.050000e+00 6.200000e-01 nan nan nan nan
7.100000e+00 6.200000e-01 nan nan nan nan
7.150000e+00 6.200000e-01 nan nan nan nan
7.200000e+00 6.200000e-01 nan nan nan nan
7.250000e+00 6.200000e-01 nan nan nan nan
7.300000e+00 6.200000e-01 nan nan nan nan
7.350000e+00 6.200000e-01 nan nan nan nan
7.400000e+00 6.200000e-01 nan nan nan nan
7.450000e+00 6.200000e-01 nan nan nan nan
7.500000e+00 6.200000e-01 nan nan nan nan
7.550000e+00 6.200000e-01 nan nan nan nan
7.600000e+00 6.200000e-01 nan nan nan nan
7.650000e+00 6.200000e-01 nan nan nan nan
7.700000e+00 6.200000e-01 nan nan nan nan
7.750000e+00 6.200000e-01 nan nan nan nan
7.800000e+00 6.200000e-01 nan nan nan nan
7.850000e+00 6.200000e-01 nan nan nan nan
7.900000e+00 6.200000e-01 nan nan nan nan
7.950000e+00 6.200000e-01 nan nan nan nan
8.000000e+00 6.200000e-01 nan nan nan nan
8.050000e+00 6.200000e-01 nan nan nan nan
8.100000e+00 6.200000e-01 nan nan nan nan
8.150000e+00 6.200000e-01 nan nan nan nan
8.200000e+00 6.200000e-01 nan nan nan nan
8.250000e+00 6.200000e-01 nan nan nan nan
8.300000e+00 6.200000e-01 nan nan nan nan
8.350000e+00 6.200000e-01 nan nan nan nan
8.400000e+00 6.200000e-01 nan nan nan nan
8.450000e+00 6.200000e-01 nan nan nan nan
8.500000e+00 6.200000e-01 nan nan nan nan
8.550000e+00 6.200000e-01 nan nan nan nan
8.600000e+00 6.200000e-01 nan nan nan nan
8.650000e+00 6.200000e-01 nan nan nan nan
8.700000e+00 6.200000e-01 nan nan nan nan
8.750000e+00 6.200000e-01 nan nan nan nan
8.800000e+00 6.200000e-01 nan nan nan nan
8.850000e+00 6.200000e-01 nan nan nan nan
8.900000e+00 6.200000e-01 nan nan nan nan
8.950000e+00 6.200000e-01 nan nan nan nan
9.000000e+00 6.200000e-01 nan nan nan nan
9.050000e+00 6.200000e-01 nan nan nan nan
9.100000e+00 6.200000e-01 nan nan nan nan
9.150000e+00 6.200000e-01 nan nan nan nan
9.200000e+00 6.200000e-01 nan nan nan nan
9.250000e+00 6.200000e-01 nan nan nan nan
9.300000e+00 6.200000e-01 nan nan nan nan
9.350000e+00 6.200000e-01 nan nan nan nan
9.400000e+00 6.200000e-01 nan nan nan nan
9.450000e+00 6.200000e-01 nan nan nan nan
9.500000e+00 6.200000e-01 nan nan nan nan
9.550000e+00 6.200000e-01 nan nan nan nan
9.600000e+00 6.200000e-01 nan nan nan nan
9.650000e+00 6.200000e-01 nan nan nan nan
9.700000e+00 6.200000e-01 nan nan nan nan
9.750000e+00 6.200000e-01 nan nan nan nan
9.800000e+00 6.200000e-01 nan nan nan nan
9.850000e+00 6.200000e-01 nan nan nan nan
9.900000e+00 6.200000e-01 nan nan nan nan
9.950000e+00 6.200000e-01 nan nan nan nan
1.000000e+01 6.200000e-01 6.762960e-01 nan 0.000000e+00 0.000000e+00
0.000000e+00 6.400000e-01 7.042560e-01 1.680000e+00 0.000000e+00 0.000000e+00
5.000000e-02 6.400000e-01 nan nan nan nan
1.000000e-01 6.400000e-01 nan nan nan nan
1.500000e-01 6.400000e-01 nan nan nan nan
2.000000e-01 6.400000e-01 nan nan nan nan
2.500000e-01 6.400000e-01 nan nan nan nan
3.000000e-01 6.400000e-01 nan nan nan nan
3.500000e-01 6.400000e-01 nan nan nan nan
4.000000e-01 6.400000e-01 nan nan nan nan
4.500000e-01 6.400000e-01 nan nan nan nan
5.000000e-01 6.400000e-01 nan nan nan nan
5.500000e-01 6.400000e-01 nan nan nan nan
6.000000e-01 6.400000e-01 nan nan nan nan
6.500000e-01 6.400000e-01 nan nan nan nan
7.000000e-01 6.400000e-01 nan nan nan nan
7.500000e-01 6.400000e-01 nan nan nan nan
8.000000e-01 6.400000e-01 nan nan nan nan
8.500000e-01 6.400000e-01 nan nan nan nan
9.000000e-01 6.400000e-01 nan nan nan nan
9.500000e-01 6.400000e-01 nan nan nan nan
1.000000e+00 6.400000e-01 nan nan nan nan
1.050000e+00 6.400000e-01 nan nan nan nan
1.100000e+00 6.400000e-01 nan nan nan nan
1.150000e+00 6.400000e-01 nan nan nan nan
1.200000e+00 6.400000e-01 nan nan nan nan
1.250000e+00 6.400000e-01 nan nan nan nan
1.300000e+00 6.400000e-01 nan nan nan nan
1.350000e+00 6.400000e-01 nan nan nan nan
1.400000e+00 6.400000e-01 nan nan nan nan
1.450000e+00 6.400000e-01 nan nan nan nan
1.500000e+00 6.400000e-01 nan nan nan nan
1.550000e+00 6.400000e-01 nan nan nan nan
1.600000e+00 6.400000e-01 nan nan nan nan
1.650000e+00 6.400000e-01 nan nan nan nan
1.700000e+00 6.400000e-01 nan nan nan nan
1.750000e+00 6.400000e-01 nan nan nan nan
1.800000e+00 6.400000e-01 nan nan nan nan
1.850000e+00 6.400000e-01 nan nan nan nan
1.900000e+00 6.400000e-01 nan nan nan nan
1.950000e+00 6.400000e-01 nan nan nan nan
2.000000e+00 6.400000e-01 nan nan nan nan
2.050000e+00 6.400000e-01 nan nan nan nan
2.100000e+00 6.400000e-01 nan nan nan nan
2.150000e+00 6.400000e-01 nan nan nan nan
2.200000e+00 6.400000e-01 nan nan nan nan
2.250000e+00 6.400000e-01 nan nan nan nan
2.300000e+00 6.400000e-01 nan nan nan nan
2.350000e+00 6.400000e-01 nan nan nan nan
2.400000e+00 6.400000e-01 nan nan nan nan
2.450000e+00 6.400000e-01 nan nan nan nan
2.500000e+00 6.400000e-01 nan nan nan nan
2.550000e+00 6.400000e-01 nan nan nan nan
2.600000e+00 6.400000e-01 nan nan nan nan
2.650000e+00 6.400000e-01 nan nan nan nan
2.700000e+00 6.400000e-01 nan nan nan nan
2.750000e+00 6.400000e-01 nan nan nan nan
2.800000e+00 6.400000e-01 nan nan nan nan
2.850000e+00 6.400000e-01 nan nan nan nan
2.900000e+00 6.400000e-01 nan nan nan nan
2.950000e+00 6.400000e-01 nan nan nan nan
3.000000e+00 6.400000e-01 nan nan nan nan
3.050000e+00 6.400000e-01 nan nan nan nan
3.100000e+00 6.400000e-01 nan nan nan nan
3.150000e+00 6.400000e-01 nan nan nan nan
3.200000e+00 6.400000e-01 nan nan nan nan
3.250000e+00 6.400000e-01 nan nan nan nan
3.300000e+00 6.400000e-01 nan nan nan nan
3.350000e+00 6.400000e-01 nan nan nan nan
3.400000e+00 6.400000e-01 nan nan nan nan
3.450000e+00 6.400000e-01 nan nan nan nan
3.500000e+00 6.400000e-01 nan nan nan nan
3.550000e+00 6.400000e-01 nan nan nan nan
3.600000e+00 6.400000e-01 nan nan nan nan
3.650000e+00 6.400000e-01 nan nan nan nan
3.700000e+00 6.400000e-01 nan nan nan nan
3.750000e+00 6.400000e-01 nan nan nan nan
3.800000e+00 6.400000e-01 nan nan nan nan
3.850000e+00 6.400000e-01 nan nan nan nan
3.900000e+00 6.400000e-01 nan nan nan nan
3.950000e+00 6.400000e-01 nan nan nan nan
4.000000e+00 6.400000e-01 nan nan nan nan
4.050000e+00 6.400000e-01 nan nan nan nan
4.100000e+00 6.400000e-01 nan nan nan nan
4.150000e+00 6.400000e-01 nan nan nan nan
4.200000e+00 6.400000e-01 nan nan nan nan
4.250000e+00 6.400000e-01 nan nan nan nan
4.300000e+00 6.400000e-01 nan nan nan nan
4.350000e+00 6.400000e-01 nan nan nan nan
4.400000e+00 6.400000e-01 nan nan nan nan
4.450000e+00 6.400000e-01 nan nan nan nan
4.500000e+00 6.400000e-01 nan nan nan nan
4.550000e+00 6.400000e-01 nan nan nan nan
4.600000e+00 6.400000e-01 nan nan nan nan
4.650000e+00 6.400000e-01 nan nan nan nan
4.700000e+00 6.400000e-01 nan nan nan nan
4.750000e+00 6.400000e-01 nan nan nan nan
4.800000e+00 6.400000e-01 nan nan nan nan
4.850000e+00 6.400000e-01 nan nan nan nan
4.900000e+00 6.400000e-01 nan nan nan nan
4.950000e+00 6.400000e-01 nan nan nan nan
5.000000e+00 6.400000e-01 nan nan nan nan
5.050000e+00 6.400000e-01 nan nan nan nan
5.100000e+00 6.400000e-01 nan nan nan nan
5.150000e+00 6.400000e-01 nan nan nan nan
5.200000e+00 6.400000e-01 nan nan nan nan
5.250000e+00 6.400000e-01 nan nan nan nan
5.300000e+00 6.400000e-01 nan nan nan nan
5.350000e+00 6.400000e-01 nan nan nan nan
5.400000e+00 6.400000e-01 nan nan nan nan
5.450000e+00 6.400000e-01 nan nan nan nan
5.500000e+00 6.400000e-01 nan nan nan nan
5.550000e+00 6.400000e-01 nan nan nan nan
5.600000e+00 6.400000e-01 nan nan nan nan
5.650000e+00 6.400000e-01 nan nan nan nan
5.700000e+00 6.400000e-01 nan nan nan nan
5.750000e+00 6.400000e-01 nan nan nan nan
5.800000e+00 6.400000e-01 nan nan nan nan
5.850000e+00 6.400000e-01 nan nan nan nan
5.900000e+00 6.400000e-01 nan nan nan nan
5.950000e+00 6.400000e-01 nan nan nan nan
6.000000e+00 6.400000e-01 nan nan nan nan
6.050000e+00 6.400000e-01 nan nan nan nan
6.100000e+00 6.400000e-01 nan nan nan nan
6.150000e+00 6.400000e-01 nan nan nan nan
6.200000e+00 6.400000e-01 nan nan nan nan
6.250000e+00 6.400000e-01 nan nan nan nan
6.300000e+00 6.400000e-01 nan nan nan nan
6.350000e+00 6.400000e-01 nan nan nan nan
6.400000e+00 6.400000e-01 nan nan nan nan
6.450000e+00 6.400000e-01 nan nan nan nan
6.500000e+00 6.400000e-01 nan nan nan nan
6.550000e+00 6.400000e-01 nan nan nan nan
6.600000e+00 6.400000e-01 nan nan nan nan
6.650000e+00 6.400000e-01 nan nan nan nan
6.700000e+00 6.400000e-01 nan nan nan nan
6.750000e+00 6.400000e-01 nan nan nan nan
6.800000e+00 6.400000e-01 nan nan nan nan
6.850000e+00 6.400000e-01 nan nan nan nan
6.900000e+00 6.400000e-01 nan nan nan nan
6.950000e+00 6.400000e-01 nan nan nan nan
7.000000e+00 6.400000e-01 nan nan nan nan
7.050000e+00 6.400000e-01 nan nan nan nan
7.100000e+00 6.400000e-01 nan nan nan nan
7.150000e+00 6.400000e-01 nan nan nan nan
7.200000e+00 6.400000e-01 nan nan nan nan
7.250000e+00 6.400000e-01 nan nan nan nan
7.300000e+00 6.400000e-01 nan nan nan nan
7.350000e+00 6.400000e-01 nan nan nan nan
7.400000e+00 6.400000e-01 nan nan nan nan
7.450000e+00 6.400000e-01 nan nan nan nan
7.500000e+00 6.400000e-01 nan nan nan nan
7.550000e+00 6.400000e-01 nan nan nan nan
7.600000e+00 6.400000e-01 nan nan nan nan
7.650000e+00 6.400000e-01 nan nan nan nan
7.700000e+00 6.400000e-01 nan nan nan nan
7.750000e+00 6.400000e-01 nan nan nan nan
7.800000e+00 6.400000e-01 nan nan nan nan
7.850000e+00 6.400000e-01 nan nan nan nan
7.900000e+00 6.400000e-01 nan nan nan nan
7.950000e+00 6.400000e-01 nan nan nan nan
8.000000e+00 6.400000e-01 nan nan nan nan
8.050000e+00 6.400000e-01 nan nan nan nan
8.100000e+00 6.400000e-01 nan nan nan nan
8.150000e+00 6.400000e-01 nan nan nan nan
8.200000e+00 6.400000e-01 nan nan nan nan
8.250000e+00 6.400000e-01 nan nan nan nan
8.300000e+00 6.400000e-01 nan nan nan nan
8.350000e+00 6.400000e-01 nan nan nan nan
8.400000e+00 6.400000e-01 nan nan nan nan
8.450000e+00 6.400000e-01 nan nan nan nan
8.500000e+00 6.400000e-01 nan nan nan nan
8.550000e+00 6.400000e-01 nan nan nan nan
8.600000e+00 6.400000e-01 nan nan nan nan
8.650000e+00 6.400000e-01 nan nan nan nan
8.700000e+00 6.400000e-01 nan nan nan nan
8.750000e+00 6.400000e-01 nan nan nan nan
8.800000e+00 6.400000e-01 nan nan nan nan
8.850000e+00 6.400000e-01 nan nan nan nan
8.900000e+00 6.400000e-01 nan nan nan nan
8.950000e+00 6.400000e-01 nan nan nan nan
9.000000e+00 6.400000e-01 nan nan nan nan
9.050000e+00 6.400000e-01 nan nan nan nan
9.100000e+00 6.400000e-01 nan nan nan nan
9.150000e+00 6.400000e-01 nan nan nan nan
9.200000e+00 6.400000e-01 nan nan nan nan
9.250000e+00 6.400000e-01 nan nan nan nan
9.300000e+00 6.400000e-01 nan nan nan nan
9.350000e+00 6.400000e-01 nan nan nan nan
9.400000e+00 6.400000e-01 nan nan nan nan
9.450000e+00 6.400000e-01 nan nan nan nan
9.500000e+00 6.400000e-01 nan nan nan nan
9.550000e+00 6.400000e-01 nan nan nan nan
9.600000e+00 6.400000e-01 nan nan nan nan
9.650000e+00 6.400000e-01 nan nan nan nan
9.700000e+00 6.400000e-01 nan nan nan nan
9.750000e+00 6.400000e-01 nan nan nan nan
9.800000e+00 6.400000e-01 nan nan nan nan
9.850000e+00 6.400000e-01 nan nan nan nan
9.900000e+00 6.400000e-01 nan nan nan nan
9.950000e+00 6.400000e-01 nan nan nan nan
1.000000e+01 6.400000e-01 7.042560e-01 nan 0.000000e+00 0.000000e+00
0.000000e+00 6.600000e-01 7.315440e-01 1.920000e+00 0.000000e+00 0.000000e+00
5.000000e-02 6.600000e-01 nan nan nan nan
1.000000e-01 6.600000e-01 nan nan nan nan
1.500000e-01 6.600000e-01 nan nan nan nan
2.000000e-01 6.600000e-01 nan nan nan nan
2.500000e-01 6.600000e-01 nan nan nan nan
3.000000e-01 6.600000e-01 nan nan nan nan
3.500000e-01 6.600000e-01 nan nan nan nan
4.000000e-01 6.600000e-01 nan nan nan nan
4.500000e-01 6.600000e-01 nan nan nan nan
5.000000e-01 6.600000e-01 nan nan nan nan
5.500000e-01 6.600000e-01 nan nan nan nan
6.000000e-01 6.600000e-01 nan nan nan nan
6.500000e-01 6.600000e-01 nan nan nan nan
7.000000e-01 6.600000e-01 nan nan nan nan
7.500000e-01 6.600000e-01 nan nan nan nan
8.000000e-01 6.600000e-01 nan nan nan nan
8.500000e-01 6.600000e-01 nan nan nan nan
9.000000e-01 6.600000e-01 nan nan nan nan
9.500000e-01 6.600000e-01 nan nan nan nan
1.000000e+00 6.600000e-01 nan nan nan nan
1.050000e+00 6.600000e-01 nan nan nan nan
1.100000e+00 6.600000e-01 nan nan nan nan
1.150000e+00 6.600000e-01 nan nan nan nan
1.200000e+00 6.600000e-01 nan nan nan nan
1.250000e+00 6.600000e-01 nan nan nan nan
1.300000e+00 6.600000e-01 nan nan nan nan
1.350000e+00 6.600000e-01 nan nan nan nan
1.400000e+00 6.600000e-01 nan nan nan nan
1.450000e+00 6.600000e-01 nan nan nan nan
1.500000e+00 6.600000e-01 nan nan nan nan
1.550000e+00 6.600000e-01 nan nan nan nan
1.600000e+00 6.600000e-01 nan nan nan nan
1.650000e+00 6.600000e-01 nan nan nan nan
1.700000e+00 6.600000e-01 nan nan nan nan
1.750000e+00 6.600000e-01 nan nan nan nan
1.800000e+00 6.600000e-01 nan nan nan nan
1.850000e+00 6.600000e-01 nan nan nan nan
1.900000e+00 6.600000e-01 nan nan nan nan
1.950000e+00 6.600000e-01 nan nan nan nan
2.000000e+00 6.600000e-01 nan nan nan nan
2.050000e+00 6.600000e-01 nan nan nan nan
2.100000e+00 6.600000e-01 nan nan nan nan
2.150000e+00 6.600000e-01 nan nan nan nan
2.200000e+00 6.600000e-01 nan nan nan nan
2.250000e+00 6.600000e-01 nan nan nan nan
2.300000e+00 6.600000e-01 nan nan nan nan
2.350000e+00 6.600000e-01 nan nan nan nan
2.400000e+00 6.600000e-01 nan nan nan nan
2.450000e+00 6.600000e-01 nan nan nan nan
2.500000e+00 6.600000e-01 nan nan nan nan
2.550000e+00 6.600000e-01 nan nan nan nan
2.600000e+00 6.600000e-01 nan nan nan nan
2.650000e+00 6.600000e-01 nan nan nan nan
2.700000e+00 6.600000e-01 nan nan nan nan
2.750000e+00 6.600000e-01 nan nan nan nan
2.800000e+00 6.600000e-01 nan nan nan nan
2.850000e+00 6.600000e-01 nan nan nan nan
2.900000e+00 6.600000e-01 nan nan nan nan
2.950000e+00 6.600000e-01 nan nan nan nan
3.000000e+00 6.600000e-01 nan nan nan nan
3.050000e+00 6.600000e-01 nan nan nan nan
3.100000e+00 6.600000e-01 nan nan nan nan
3.150000e+00 6.600000e-01 nan nan nan nan
3.200000e+00 6.600000e-01 nan nan nan nan
3.250000e+00 6.600000e-01 nan nan nan nan
3.300000e+00 6.600000e-01 nan nan nan nan
3.350000e+00 6.600000e-01 nan nan nan nan
3.400000e+00 6.600000e-01 nan nan nan nan
3.450000e+00 6.600000e-01 nan nan nan nan
3.500000e+00 6.600000e-01 nan nan nan nan
3.550000e+00 6.600000e-01 nan nan nan nan
3.600000e+00 6.600000e-01 nan nan nan nan
3.650000e+00 6.600000e-01 nan nan nan nan
3.700000e+00 6.600000e-01 nan nan nan nan
3.750000e+00 6.600000e-01 nan nan nan nan
3.800000e+00 6.600000e-01 nan nan nan nan
3.850000e+00 6.600000e-01 nan nan nan nan
3.900000e+00 6.600000e-01 nan nan nan nan
3.950000e+00 6.600000e-01 nan nan nan nan
4.000000e+00 6.600000e-01 nan nan nan nan
4.050000e+00 6.600000e-01 nan nan nan nan
4.100000e+00 6.600000e-01 nan nan nan nan
4.150000e+00 6.600000e-01 nan nan nan nan
4.200000e+00 6.600000e-01 nan nan nan nan
4.250000e+00 6.600000e-01 nan nan nan nan
4.300000e+00 6.600000e-01 nan nan nan nan
4.350000e+00 6.600000e-01 nan nan nan nan
4.400000e+00 6.600000e-01 nan nan nan nan
4.450000e+00 6.600000e-01 nan nan nan nan
4.500000e+00 6.600000e-01 nan nan nan nan
4.550000e+00 6.600000e-01 nan nan nan nan
4.600000e+00 6.600000e-01 nan nan nan nan
4.650000e+00 6.600000e-01 nan nan nan nan
4.700000e+00 6.600000e-01 nan nan nan nan
4.750000e+00 6.600000e-01 nan nan nan nan
4.800000e+00 6.600000e-01 nan nan nan nan
4.850000e+00 6.600000e-01 nan nan nan nan
4.900000e+00 6.600000e-01 nan nan nan nan
4.950000e+00 6.600000e-01 nan nan nan nan
5.000000e+00 6.600000e-01 nan nan nan nan
5.050000e+00 6.600000e-01 nan nan nan nan
5.100000e+00 6.600000e-01 nan nan nan nan
5.150000e+00 6.600000e-01 nan nan nan nan
5.200000e+00 6.600000e-01 nan nan nan nan
5.250000e+00 6.600000e-01 nan nan nan nan
5.300000e+00 6.600000e-01 nan nan nan nan
5.350000e+00 6.600000e-01 nan nan nan nan
5.400000e+00 6.600000e-01 nan nan nan nan
5.450000e+00 6.600000e-01 nan nan nan nan
5.500000e+00 6.600000e-01 nan nan nan nan
5.550000e+00 6.600000e-01 nan nan nan nan
5.600000e+00 6.600000e-01 nan nan nan nan
5.650000e+00 6.600000e-01 nan nan nan nan
5.700000e+00 6.600000e-01 nan nan nan nan
5.750000e+00 6.600000e-01 nan nan nan nan
5.800000e+00 6.600000e-01 nan nan nan nan
5.850000e+00 6.600000e-01 nan nan nan nan
5.900000e+00 6.600000e-01 nan nan nan nan
5.950000e+00 6.600000e-01 nan nan nan nan
6.000000e+00 6.600000e-01 nan nan nan nan
6.050000e+00 6.600000e-01 nan nan nan nan
6.100000e+00 6.600000e-01 nan nan nan nan
6.150000e+00 6.600000e-01 nan nan nan nan
6.200000e+00 6.600000e-01 nan nan nan nan
6.250000e+00 6.600000e-01 nan nan nan nan
6.300000e+00 6.600000e-01 nan nan nan nan
6.350000e+00 6.600000e-01 nan nan nan nan
6.400000e+00 6.600000e-01 nan nan nan nan
6.450000e+00 6.600000e-01 nan nan nan nan
6.500000e+00 6.600000e-01 nan nan nan nan
6.550000e+00 6.600000e-01 nan nan nan nan
6.600000e+00 6.600000e-01 nan nan nan nan
6.650000e+00 6.600000e-01 nan nan nan nan
6.700000e+00 6.600000e-01 nan nan nan nan
6.750000e+00 6.600000e-01 nan nan nan nan
6.800000e+00 6.600000e-01 nan nan nan nan
6.850000e+00 6.600000e-01 nan nan nan nan
6.900000e+00 6.600000e-01 nan nan nan nan
6.950000e+00 6.600000e-01 nan nan nan nan
7.000000e+00 6.600000e-01 nan nan nan nan
7.050000e+00 6.600000e-01 nan nan nan nan
7.100000e+00 6.600000e-01 nan nan nan nan
7.150000e+00 6.600000e-01 nan nan nan nan
7.200000e+00 6.600000e-01 nan nan nan nan
7.250000e+00 6.600000e-01 nan nan nan nan
7.300000e+00 6.600000e-01 nan nan nan nan
7.350000e+00 6.600000e-01 nan nan nan nan
7.400000e+00 6.600000e-01 nan nan nan nan
7.450000e+00 6.600000e-01 nan nan nan nan
7.500000e+00 6.600000e-01 nan nan nan nan
7.550000e+00 6.600000e-01 nan nan nan nan
7.600000e+00 6.600000e-01 nan nan nan nan
7.650000e+00 6.600000e-01 nan nan nan nan
7.700000e+00 6.600000e-01 nan nan nan nan
7.750000e+00 6.600000e-01 nan nan nan nan
7.800000e+00 6.600000e-01 nan nan nan nan
7.850000e+00 6.600000e-01 nan nan nan nan
7.900000e+00 6.600000e-01 nan nan nan nan
7.950000e+00 6.600000e-01 nan nan nan nan
8.000000e+00 6.600000e-01 nan nan nan nan
8.050000e+00 6.600000e-01 nan nan nan nan
8.100000e+00 6.600000e-01 nan nan nan nan
8.150000e+00 6.600000e-01 nan nan nan nan
8.200000e+00 6.600000e-01 nan nan nan nan
8.250000e+00 6.600000e-01 nan nan nan nan
8.300000e+00 6.600000e-01 nan nan nan nan
8.350000e+00 6.600000e-01 nan nan nan nan
8.400000e+00 6.600000e-01 nan nan nan nan
8.450000e+00 6.600000e-01 nan nan nan nan
8.500000e+00 6.600000e-01 nan nan nan nan
8.550000e+00 6.600000e-01 nan nan nan nan
8.600000e+00 6.600000e-01 nan nan nan nan
8.650000e+00 6.600000e-01 nan nan nan nan
8.700000e+00 6.600000e-01 nan nan nan nan
8.750000e+00 6.600000e-01 nan nan nan nan
8.800000e+00 6.600000e-01 nan nan nan nan
8.850000e+00 6.600000e-01 nan nan nan nan
8.900000e+00 6.600000e-01 nan nan nan nan
8.950000e+00 6.600000e-01 nan nan nan nan
9.000000e+00 6.600000e-01 nan nan nan nan
9.050000e+00 6.600000e-01 nan nan nan nan
9.100000e+00 6.600000e-01 nan nan nan nan
9.150000e+00 6.600000e-01 nan nan nan nan
9.200000e+00 6.600000e-01 nan nan nan nan
9.250000e+00 6.600000e-01 nan nan nan nan
9.300000e+00 6.600000e-01 nan nan nan nan
9.350000e+00 6.600000e-01 nan nan nan nan
9.400000e+00 6.600000e-01 nan nan nan nan
9.450000e+00 6.600000e-01 nan nan nan nan
9.500000e+00 6.600000e-01 nan nan nan nan
9.550000e+00 6.600000e-01 nan nan nan nan
9.600000e+00 6.600000e-01 nan nan nan nan
9.650000e+00 6.600000e-01 nan nan nan nan
9.700000e+00 6.600000e-01 nan nan nan nan
9.750000e+00 6.600000e-01 nan nan nan nan
9.800000e+00 6.600000e-01 nan nan nan nan
9.850000e+00 6.600000e-01 nan nan nan nan
9.900000e+00 6.600000e-01 nan nan nan nan
9.950000e+00 6.600000e-01 nan nan nan nan
1.000000e+01 6.600000e-01 7.315440e-01 nan 0.000000e+00 0.000000e+00
0.000000e+00 6.800000e-01 7.580640e-01 2.160000e+00 0.000000e+00 0.000000e+00
5.000000e-02 6.800000e-01 nan nan nan nan
1.000000e-01 6.800000e-01 nan nan nan nan
1.500000e-01 6.800000e-01 nan nan nan nan
2.000000e-01 6.800000e-01 nan nan nan nan
2.500000e-01 6.800000e-01 nan nan nan nan
3.000000e-01 6.800000e-01 nan nan nan nan
3.500000e-01 6.800000e-01 nan nan nan nan
4.000000e-01 6.800000e-01 nan nan nan nan
4.500000e-01 6.800000e-01 nan nan nan nan
5.000000e-01 6.800000e-01 nan nan nan nan
5.500000e-01 6.800000e-01 nan nan nan nan
6.000000e-01 6.800000e-01 nan nan nan nan
6.500000e-01 6.800000e-01 nan nan nan nan
7.000000e-01 6.800000e-01 nan nan nan nan
7.500000e-01 6.800000e-01 nan nan nan nan
8.000000e-01 6.800000e-01 nan nan nan nan
8.500000e-01 6.800000e-01 nan nan nan nan
9.000000e-01 6.800000e-01 nan nan nan nan
9.500000e-01 6.800000e-01 nan nan nan nan
1.000000e+00 6.800000e-01 nan nan nan nan
1.050000e+00 6.800000e-01 nan nan nan nan
1.100000e+00 6.800000e-01 nan nan nan nan
1.150000e+00 6.800000e-01 nan nan nan nan
1.200000e+00 6.800000e-01 nan nan nan nan
1.250000e+00 6.800000e-01 nan nan nan nan
1.300000e+00 6.800000e-01 nan nan nan nan
1.350000e+00 6.800000e-01 nan nan nan nan
1.400000e+00 6.800000e-01 nan nan nan nan
1.450000e+00 6.800000e-01 nan nan nan nan
1.500000e+00 6.800000e-01 nan nan nan nan
1.550000e+00 6.800000e-01 nan nan nan nan
1.600000e+00 6.800000e-01 nan nan nan nan
1.650000e+00 6.800000e-01 nan nan nan nan
1.700000e+00 6.800000e-01 nan nan nan nan
1.750000e+00 6.800000e-01 nan nan nan nan
1.800000e+00 6.800000e-01 nan nan nan nan
1.850000e+00 6.800000e-01 nan nan nan nan
1.900000e+00 6.800000e-01 nan nan nan nan
1.950000e+00 6.800000e-01 nan nan nan nan
2.000000e+00 6.800000e-01 nan nan nan nan
2.050000e+00 6.800000e-01 nan nan nan nan
2.100000e+00 6.800000e-01 nan nan nan nan
2.150000e+00 6.800000e-01 nan nan nan nan
2.200000e+00 6.800000e-01 nan nan nan nan
2.250000e+00 6.800000e-01 nan nan nan nan
2.300000e+00 6.800000e-01 nan nan nan nan
2.350000e+00 6.800000e-01 nan nan nan nan
2.400000e+00 6.800000e-01 nan nan nan nan
2.450000e+00 6.800000e-01 nan nan nan nan
2.500000e+00 6.800000e-01 nan nan nan nan
2.550000e+00 6.800000e-01 nan nan nan nan
2.600000e+00 6.800000e-01 nan nan nan nan
2.650000e+00 6.800000e-01 nan nan nan nan
2.700000e+00 6.800000e-01 nan nan nan nan
2.750000e+00 6.800000e-01 nan nan nan nan
2.800000e+00 6.800000e-01 nan nan nan nan
2.850000e+00 6.800000e-01 nan nan nan nan
2.900000e+00 6.800000e-01 nan nan nan nan
2.950000e+00 6.800000e-01 nan nan nan nan
3.000000e+00 6.800000e-01 nan nan nan nan
3.050000e+00 6.800000e-01 nan nan nan nan
3.100000e+00 6.800000e-01 nan nan nan nan
3.150000e+00 6.800000e-01 nan nan nan nan
3.200000e+00 6.800000e-01 nan nan nan nan
3.250000e+00 6.800000e-01 nan nan nan nan
3.300000e+00 6.800000e-01 nan nan nan nan
3.350000e+00 6.800000e-01 nan nan nan nan
3.400000e+00 6.800000e-01 nan nan nan nan
3.450000e+00 6.800000e-01 nan nan nan nan
3.500000e+00 6.800000e-01 nan nan nan nan
3.550000e+00 6.800000e-01 nan nan nan nan
3.600000e+00 6.800000e-01 nan nan nan nan
3.650000e+00 6.800000e-01 nan nan nan nan
3.700000e+00 6.800000e-01 nan nan nan nan
3.750000e+00 6.800000e-01 nan nan nan nan
3.800000e+00 6.800000e-01 nan nan nan nan
3.850000e+00 6.800000e-01 nan nan nan nan
3.900000e+00 6.800000e-01 nan nan nan nan
3.950000e+00 6.800000e-01 nan nan nan nan
4.000000e+00 6.800000e-01 nan nan nan nan
4.050000e+00 6.800000e-01 nan nan nan nan
4.100000e+00 6.800000e-01 nan nan nan nan
4.150000e+00 6.800000e-01 nan nan nan nan
4.200000e+00 6.800000e-01 nan nan nan nan
4.250000e+00 6.800000e-01 nan nan nan nan
4.300000e+00 6.800000e-01 nan nan nan nan
4.350000e+00 6.800000e-01 nan nan nan nan
4.400000e+00 6.800000e-01 nan nan nan nan
4.450000e+00 6.800000e-01 nan nan nan nan
4.500000e+00 6.800000e-01 nan nan nan nan
4.550000e+00 6.800000e-01 nan nan nan nan
4.600000e+00 6.800000e-01 nan nan nan nan
4.650000e+00 6.800000e-01 nan nan nan nan
4.700000e+00 6.800000e-01 nan nan nan nan
4.750000e+00 6.800000e-01 nan nan nan nan
4.800000e+00 6.800000e-01 nan nan nan nan
4.850000e+00 6.800000e-01 nan nan nan nan
4.900000e+00 6.800000e-01 nan nan nan nan
4.950000e+00 6.800000e-01 nan nan nan nan
5.000000e+00 6.800000e-01 nan nan nan nan
5.050000e+00 6.800000e-01 nan nan nan nan
5.100000e+00 6.800000e-01 nan nan nan nan
5.150000e+00 6.800000e-01 nan nan nan nan
5.200000e+00 6.800000e-01 nan nan nan nan
5.250000e+00 6.800000e-01 nan nan nan nan
5.300000e+00 6.800000e-01 nan nan nan nan
5.350000e+00 6.800000e-01 nan nan nan nan
5.400000e+00 6.800000e-01 nan nan nan nan
5.450000e+00 6.800000e-01 nan nan nan nan
5.500000e+00 6.800000e-01 nan nan nan nan
5.550000e+00 6.800000e-01 nan nan nan nan
5.600000e+00 6.800000e-01 nan nan nan nan
5.650000e+00 6.800000e-01 nan nan nan nan
5.700000e+00 6.800000e-01 nan nan nan nan
5.750000e+00 6.800000e-01 nan nan nan nan
5.800000e+00 6.800000e-01 nan nan nan nan
5.850000e+00 6.800000e-01 nan nan nan nan
5.900000e+00 6.800000e-01 nan nan nan nan
5.950000e+00 6.800000e-01 nan nan nan nan
6.000000e+00 6.800000e-01 nan nan nan nan
6.050000e+00 6.800000e-01 nan nan nan nan
6.100000e+00 6.800000e-01 nan nan nan nan
6.150000e+00 6.800000e-01 nan nan nan nan
6.200000e+00 6.800000e-01 nan nan nan nan
6.250000e+00 6.800000e-01 nan nan nan nan
6.300000e+00 6.800000e-01 nan nan nan nan
6.350000e+00 6.800000e-01 nan nan nan nan
6.400000e+00 6.800000e-01 nan nan nan nan
6.450000e+00 6.800000e-01 nan nan nan nan
6.500000e+00 6.800000e-01 nan nan nan nan
6.550000e+00 6.800000e-01 nan nan nan nan
6.600000e+00 6.800000e-01 nan nan nan nan
6.650000e+00 6.800000e-01 nan nan nan nan
6.700000e+00 6.800000e-01 nan nan nan nan
6.750000e+00 6.800000e-01 nan nan nan nan
6.800000e+00 6.800000e-01 nan nan nan nan
6.850000e+00 6.800000e-01 nan nan nan nan
6.900000e+00 6.800000e-01 nan nan nan nan
6.950000e+00 6.800000e-01 nan nan nan nan
7.000000e+00 6.800000e-01 nan nan nan nan
7.050000e+00 6.800000e-01 nan nan nan nan
7.100000e+00 6.800000e-01 nan nan nan nan
7.150000e+00 6.800000e-01 nan nan nan nan
7.200000e+00 6.800000e-01 nan nan nan nan
7.250000e+00 6.800000e-01 nan nan nan nan
7.300000e+00 6.800000e-01 nan nan nan nan
7.350000e+00 6.800000e-01 nan nan nan nan
7.400000e+00 6.800000e-01 nan nan nan nan
7.450000e+00 6.800000e-01 nan nan nan nan
7.500000e+00 6.800000e-01 nan nan nan nan
7.550000e+00 6.800000e-01 nan nan nan nan
7.600000e+00 6.800000e-01 nan nan nan nan
7.650000e+00 6.800000e-01 nan nan nan nan
7.700000e+00 6.800000e-01 nan nan nan nan
7.750000e+00 6.800000e-01 nan nan nan nan
7.800000e+00 6.800000e-01 nan nan nan nan
7.850000e+00 6.800000e-01 nan nan nan nan
7.900000e+00 6.800000e-01 nan nan nan nan
7.950000e+00 6.800000e-01 nan nan nan nan
8.000000e+00 6.800000e-01 nan nan nan nan
8.050000e+00 6.800000e-01 nan nan nan nan
8.100000e+00 6.800000e-01 nan nan nan nan
8.150000e+00 6.800000e-01 nan nan nan nan
8.200000e+00 6.800000e-01 nan nan nan nan
8.250000e+00 6.800000e-01 nan nan nan nan
8.300000e+00 6.800000e-01 nan nan nan nan
8.350000e+00 6.800000e-01 nan nan nan nan
8.400000e+00 6.800000e-01 nan nan nan nan
8.450000e+00 6.800000e-01 nan nan nan nan
8.500000e+00 6.800000e-01 nan nan nan nan
8.550000e+00 6.800000e-01 nan nan nan nan
8.600000e+00 6.800000e-01 nan nan nan nan
8.650000e+00 6.800000e-01 nan nan nan nan
8.700000e+00 6.800000e-01 nan nan nan nan
8.750000e+00 6.800000e-01 nan nan nan nan
8.800000e+00 6.800000e-01 nan nan nan nan
8.850000e+00 6.800000e-01 nan nan nan nan
8.900000e+00 6.800000e-01 nan nan nan nan
8.950000e+00 6.800000e-01 nan nan nan nan
9.000000e+00 6.800000e-01 nan nan nan nan
9.050000e+00 6.800000e-01 nan nan nan nan
9.100000e+00 6.800000e-01 nan nan nan nan
9.150000e+00 6.800000e-01 nan nan nan nan
9.200000e+00 6.800000e-01 nan nan nan nan
9.250000e+00 6.800000e-01 nan nan nan nan
9.300000e+00 6.800000e-01 nan nan nan nan
9.350000e+00 6.800000e-01 nan nan nan nan
9.400000e+00 6.800000e-01 nan nan nan nan
9.450000e+00 6.800000e-01 nan nan nan nan
9.500000e+00 6.800000e-01 nan nan nan nan
9.550000e+00 6.800000e-01 nan nan nan nan
9.600000e+00 6.800000e-01 nan nan nan nan
9.650000e+00 6.800000e-01 nan nan nan nan
9.700000e+00 6.800000e-01 nan nan nan nan
9.750000e+00 6.800000e-01 nan nan nan nan
9.800000e+00 6.800000e-01 nan nan nan nan
9.850000e+00 6.800000e-01 nan nan nan nan
9.900000e+00 6.800000e-01 nan nan nan nan
9.950000e+00 6.800000e-01 nan nan nan nan
1.000000e+01 6.800000e-01 7.580640e-01 nan 0.000000e+00 0.000000e+00
0.000000e+00 7.000000e-01 7.837200e-01 2.400000e+00 0.000000e+00 0.000000e+00
5.000000e-02 7.000000e-01 nan nan nan nan
1.000000e-01 7.000000e-01 nan nan nan nan
1.500000e-01 7.000000e-01 nan nan nan nan
2.000000e-01 7.000000e-01 nan nan nan nan
2.500000e-01 7.000000e-01 nan nan nan nan
3.000000e-01 7.000000e-01 nan nan nan nan
3.500000e-01 7.000000e-01 nan nan nan nan
4.000000e-01 7.000000e-01 nan nan nan nan
4.500000e-01 7.000000e-01 nan nan nan nan
5.000000e-01 7.000000e-01 nan nan nan nan
5.500000e-01 7.000000e-01 nan nan nan nan
6.000000e-01 7.000000e-01 nan nan nan nan
6.500000e-01 7.000000e-01 nan nan nan nan
7.000000e-01 7.000000e-01 nan nan nan nan
7.500000e-01 7.000000e-01 nan nan nan nan
8.000000e-01 7.000000e-01 nan nan nan nan
8.500000e-01 7.000000e-01 nan nan nan nan
9.000000e-01 7.000000e-01 nan nan nan nan
9.500000e-01 7.000000e-01 nan nan nan nan
1.000000e+00 7.000000e-01 nan nan nan nan
1.050000e+00 7.000000e-01 nan nan nan nan
1.100000e+00 7.000000e-01 nan nan nan nan
1.150000e+00 7.000000e-01 nan nan nan nan
1.200000e+00 7.000000e-01 nan nan nan nan
1.250000e+00 7.000000e-01 nan nan nan nan
1.300000e+00 7.000000e-01 nan nan nan nan
1.350000e+00 7.000000e-01 nan nan nan nan
1.400000e+00 7.000000e-01 nan nan nan nan
1.450000e+00 7.000000e-01 nan nan nan nan
1.500000e+00 7.000000e-01 nan nan nan nan
1.550000e+00 7.000000e-01 nan nan nan nan
1.600000e+00 7.000000e-01 nan nan nan nan
1.650000e+00 7.000000e-01 nan nan nan nan
1.700000e+00 7.000000e-01 nan nan nan nan
1.750000e+00 7.000000e-01 nan nan nan nan
1.800000e+00 7.000000e-01 nan nan nan nan
1.850000e+00 7.000000e-01 nan nan nan nan
1.900000e+00 7.000000e-01 nan nan nan nan
1.950000e+00 7.000000e-01 nan nan nan nan
2.000000e+00 7.000000e-01 nan nan nan nan
2.050000e+00 7.000000e-01 nan nan nan nan
2.100000e+00 7.000000e-01 nan nan nan nan
2.150000e+00 7.000000e-01 nan nan nan nan
2.200000e+00 7.000000e-01 nan nan nan nan
2.250000e+00 7.000000e-01 nan nan nan nan
2.300000e+00 7.000000e-01 nan nan nan nan
2.350000e+00 7.000000e-01 nan nan nan nan
2.400000e+00 7.000000e-01 nan nan nan nan
2.450000e+00 7.000000e-01 nan nan nan nan
2.500000e+00 7.000000e-01 nan nan nan nan
2.550000e+00 7.000000e-01 nan nan nan nan
2.600000e+00 7.000000e-01 nan nan nan nan
2.650000e+00 7.000000e-01 nan nan nan nan
2.700000e+00 7.000000e-01 nan nan nan nan
2.750000e+00 7.000000e-01 nan nan nan nan
2.800000e+00 7.000000e-01 nan nan nan nan
2.850000e+00 7.000000e-01 nan nan nan nan
2.900000e+00 7.000000e-01 nan nan nan nan
2.950000e+00 7.000000e-01 nan nan nan nan
3.000000e+00 7.000000e-01 nan nan nan nan
3.050000e+00 7.000000e-01 nan nan nan nan
3.100000e+00 7.000000e-01 nan nan nan nan
3.150000e+00 7.000000e-01 nan nan nan nan
3.200000e+00 7.000000e-01 nan nan nan nan
3.250000e+00 7.000000e-01 nan nan nan nan
3.300000e+00 7.000000e-01 nan nan nan nan
3.350000e+00 7.000000e-01 nan nan nan nan
3.400000e+00 7.000000e-01 nan nan nan nan
3.450000e+00 7.000000e-01 nan nan nan nan
3.500000e+00 7.000000e-01 nan nan nan nan
3.550000e+00 7.000000e-01 nan nan nan nan
3.600000e+00 7.000000e-01 nan nan nan nan
3.650000e+00 7.000000e-01 nan nan nan nan
3.700000e+00 7.000000e-01 nan nan nan nan
3.750000e+00 7.000000e-01 nan nan nan nan
3.800000e+00 7.000000e-01 nan nan nan nan
3.850000e+00 7.000000e-01 nan nan nan nan
3.900000e+00 7.000000e-01 nan nan nan nan
3.950000e+00 7.000000e-01 nan nan nan nan
4.000000e+00 7.000000e-01 nan nan nan nan
4.050000e+00 7.000000e-01 nan nan nan nan
4.100000e+00 7.000000e-01 nan nan nan nan
4.150000e+00 7.000000e-01 nan nan nan nan
4.200000e+00 7.000000e-01 nan nan nan nan
4.250000e+00 7.000000e-01 nan nan nan nan
4.300000e+00 7.000000e-01 nan nan nan nan
4.350000e+00 7.000000e-01 nan nan nan nan
4.400000e+00 7.000000e-01 nan nan nan nan
4.450000e+00 7.000000e-01 nan nan nan nan
4.500000e+00 7.000000e-01 nan nan nan nan
4.550000e+00 7.000000e-01 nan nan nan nan
4.600000e+00 7.000000e-01 nan nan nan nan
4.650000e+00 7.000000e-01 nan nan nan nan
4.700000e+00 7.000000e-01 nan nan nan nan
4.750000e+00 7.000000e-01 nan nan nan nan
4.800000e+00 7.000000e-01 nan nan nan nan
4.850000e+00 7.000000e-01 nan nan nan nan
4.900000e+00 7.000000e-01 nan nan nan nan
4.950000e+00 7.000000e-01 nan nan nan nan
5.000000e+00 7.000000e-01 nan nan nan nan
5.050000e+00 7.000000e-01 nan nan nan nan
5.100000e+00 7.000000e-01 nan nan nan nan
5.150000e+00 7.000000e-01 nan nan nan nan
5.200000e+00 7.000000e-01 nan nan nan nan
5.250000e+00 7.000000e-01 nan nan nan nan
5.300000e+00 7.000000e-01 nan nan nan nan
5.350000e+00 7.000000e-01 nan nan nan nan
5.400000e+00 7.000000e-01 nan nan nan nan
5.450000e+00 7.000000e-01 nan nan nan nan
5.500000e+00 7.000000e-01 nan nan nan nan
5.550000e+00 7.000000e-01 nan nan nan nan
5.600000e+00 7.000000e-01 nan nan nan nan
5.650000e+00 7.000000e-01 nan nan nan nan
5.700000e+00 7.000000e-01 nan nan nan nan
5.750000e+00 7.000000e-01 nan nan nan nan
5.800000e+00 7.000000e-01 nan nan nan nan
5.850000e+00 7.000000e-01 nan nan nan nan
5.900000e+00 7.000000e-01 nan nan nan nan
5.950000e+00 7.000000e-01 nan nan nan nan
6.000000e+00 7.000000e-01 nan nan nan nan
6.050000e+00 7.000000e-01 nan nan nan nan
6.100000e+00 7.000000e-01 nan nan nan nan
6.150000e+00 7.000000e-01 nan nan nan nan
6.200000e+00 7.000000e-01 nan nan nan nan
6.250000e+00 7.000000e-01 nan nan nan nan
6.300000e+00 7.000000e-01 nan nan nan nan
6.350000e+00 7.000000e-01 nan nan nan nan
6.400000e+00 7.000000e-01 nan nan nan nan
6.450000e+00 7.000000e-01 nan nan nan nan
6.500000e+00 7.000000e-01 nan nan nan nan
6.550000e+00 7.000000e-01 nan nan nan nan
6.600000e+00 7.000000e-01 nan nan nan nan
6.650000e+00 7.000000e-01 nan nan nan nan
6.700000e+00 7.000000e-01 nan nan nan nan
6.750000e+00 7.000000e-01 nan nan nan nan
6.800000e+00 7.000000e-01 nan nan nan nan
6.850000e+00 7.000000e-01 nan nan nan nan
6.900000e+00 7.000000e-01 nan nan nan nan
6.950000e+00 7.000000e-01 nan nan nan nan
7.000000e+00 7.000000e-01 nan nan nan nan
7.050000e+00 7.000000e-01 nan nan nan nan
7.100000e+00 7.000000e-01 nan nan nan nan
7.150000e+00 7.000000e-01 nan nan nan nan
7.200000e+00 7.000000e-01 nan nan nan nan
7.250000e+00 7.000000e-01 nan nan nan nan
7.300000e+00 7.000000e-01 nan nan nan nan
7.350000e+00 7.000000e-01 nan nan nan nan
7.400000e+00 7.000000e-01 nan nan nan nan
7.450000e+00 7.000000e-01 nan nan nan nan
7.500000e+00 7.000000e-01 nan nan nan nan
7.550000e+00 7.000000e-01 nan nan nan nan
7.600000e+00 7.000000e-01 nan nan nan nan
7.650000e+00 7.000000e-01 nan nan nan nan
7.700000e+00 7.000000e-01 nan nan nan nan
7.750000e+00 7.000000e-01 nan nan nan nan
7.800000e+00 7.000000e-01 nan nan nan nan
7.850000e+00 7.000000e-01 nan nan nan nan
7.900000e+00 7.000000e-01 nan nan nan nan
7.950000e+00 7.000000e-01 nan nan nan nan
8.000000e+00 7.000000e-01 nan nan nan nan
8.050000e+00 7.000000e-01 nan nan nan nan
8.100000e+00 7.000000e-01 nan nan nan nan
8.150000e+00 7.000000e-01 nan nan nan nan
8.200000e+00 7.000000e-01 nan nan nan nan
8.250000e+00 7.000000e-01 nan nan nan nan
8.300000e+00 7.000000e-01 nan nan nan nan
8.350000e+00 7.000000e-01 nan nan nan nan
8.400000e+00 7.000000e-01 nan nan nan nan
8.450000e+00 7.000000e-01 nan nan nan nan
8.500000e+00 7.000000e-01 nan nan nan nan
8.550000e+00 7.000000e-01 nan nan nan nan
8.600000e+00 7.000000e-01 nan nan nan nan
8.650000e+00 7.000000e-01 nan nan nan nan
8.700000e+00 7.000000e-01 nan nan nan nan
8.750000e+00 7.000000e-01 nan nan nan nan
8.800000e+00 7.000000e-01 nan nan nan nan
8.850000e+00 7.000000e-01 nan nan nan nan
8.900000e+00 7.000000e-01 nan nan nan nan
8.950000e+00 7.000000e-01 nan nan nan nan
9.000000e+00 7.000000e-01 nan nan nan nan
9.050000e+00 7.000000e-01 nan nan nan nan
9.100000e+00 7.000000e-01 nan nan nan nan
9.150000e+00 7.000000e-01 nan nan nan nan
9.200000e+00 7.000000e-01 nan nan nan nan
9.250000e+00 7.000000e-01 nan nan nan nan
9.300000e+00 7.000000e-01 nan nan nan nan
9.350000e+00 7.000000e-01 nan nan nan nan
9.400000e+00 7.000000e-01 nan nan nan nan
9.450000e+00 7.000000e-01 nan nan nan nan
9.500000e+00 7.000000e-01 nan nan nan nan
9.550000e+00 7.000000e-01 nan nan nan nan
9.600000e+00 7.000000e-01 nan nan nan nan
9.650000e+00 7.000000e-01 nan nan nan nan
9.700000e+00 7.000000e-01 nan nan nan nan
9.750000e+00 7.000000e-01 nan nan nan nan
9.800000e+00 7.000000e-01 nan nan nan nan
9.850000e+00 7.000000e-01 nan nan nan nan
9.900000e+00 7.000000e-01 nan nan nan nan
9.950000e+00 7.000000e-01 nan nan nan nan
1.000000e+01 7.000000e-01 7.837200e-01 nan 0.000000e+00 0.000000e+00
0.000000e+00 7.200000e-01 8.084160e-01 2.640000e+00 0.000000e+00 0.000000e+00
5.000000e-02 7.200000e-01 nan nan nan nan
1.000000e-01 7.200000e-01 nan nan nan nan
1.500000e-01 7.200000e-01 nan nan nan nan
2.000000e-01 7.200000e-01 nan nan nan nan
2.500000e-01 7.200000e-01 nan nan nan nan
3.000000e-01 7.200000e-01 nan nan nan nan
3.500000e-01 7.200000e-01 nan nan nan nan
4.000000e-01 7.200000e-01 nan nan nan nan
4.500000e-01 7.200000e-01 nan nan nan nan
5.000000e-01 7.200000e-01 nan nan nan nan
5.500000e-01 7.200000e-01 nan nan nan nan
6.000000e-01 7.200000e-01 nan nan nan nan
6.500000e-01 7.200000e-01 nan nan nan nan
7.000000e-01 7.200000e-01 nan nan nan nan
7.500000e-01 7.200000e-01 nan nan nan nan
8.000000e-01 7.200000e-01 nan nan nan nan
8.500000e-01 7.200000e-01 nan nan nan nan
9.000000e-01 7.200000e-01 nan nan nan nan
9.500000e-01 7.200000e-01 nan nan nan nan
1.000000e+00 7.200000e-01 nan nan nan nan
1.050000e+00 7.200000e-01 nan nan nan nan
1.100000e+00 7.200000e-01 nan nan nan nan
1.150000e+00 7.200000e-01 nan nan nan nan
1.200000e+00 7.200000e-01 nan nan nan nan
1.250000e+00 7.200000e-01 nan nan nan nan
1.300000e+00 7.200000e-01 nan nan nan nan
1.350000e+00 7.200000e-01 nan nan nan nan
1.400000e+00 7.200000e-01 nan nan nan nan
1.450000e+00 7.200000e-01 nan nan nan nan
1.500000e+00 7.200000e-01 nan nan nan nan
1.550000e+00 7.200000e-01 nan nan nan nan
1.600000e+00 7.200000e-01 nan nan nan nan
1.650000e+00 7.200000e-01 nan nan nan nan
1.700000e+00 7.200000e-01 nan nan nan nan
1.750000e+00 7.200000e-01 nan nan nan nan
1.800000e+00 7.200000e-01 nan nan nan nan
1.850000e+00 7.200000e-01 nan nan nan nan
1.900000e+00 7.200000e-01 nan nan nan nan
1.950000e+00 7.200000e-01 nan nan nan nan
2.000000e+00 7.200000e-01 nan nan nan nan
2.050000e+00 7.200000e-01 nan nan nan nan
2.100000e+00 7.200000e-01 nan nan nan nan
2.150000e+00 7.200000e-01 nan nan nan nan
2.200000e+00 7.200000e-01 nan nan nan nan
2.250000e+00 7.200000e-01 nan nan nan nan
2.300000e+00 7.200000e-01 nan nan nan nan
2.350000e+00 7.200000e-01 nan nan nan nan
2.400000e+00 7.200000e-01 nan nan nan nan
2.450000e+00 7.200000e-01 nan nan nan nan
2.500000e+00 7.200000e-01 nan nan nan nan
2.550000e+00 7.200000e-01 nan nan nan nan
2.600000e+00 7.200000e-01 nan nan nan nan
2.650000e+00 7.200000e-01 nan nan nan nan
2.700000e+00 7.200000e-01 nan nan nan nan
2.750000e+00 7.200000e-01 nan nan nan nan
2.800000e+00 7.200000e-01 nan nan nan nan
2.850000e+00 7.200000e-01 nan nan nan nan
2.900000e+00 7.200000e-01 nan nan nan nan
2.950000e+00 7.200000e-01 nan nan nan nan
3.000000e+00 7.200000e-01 nan nan nan nan
3.050000e+00 7.200000e-01 nan nan nan nan
3.100000e+00 7.200000e-01 nan nan nan nan
3.150000e+00 7.200000e-01 nan nan nan nan
3.200000e+00 7.200000e-01 nan nan nan nan
3.250000e+00 7.200000e-01 nan nan nan nan
3.300000e+00 7.200000e-01 nan nan nan nan
3.350000e+00 7.200000e-01 nan nan nan nan
3.400000e+00 7.200000e-01 nan nan nan nan
3.450000e+00 7.200000e-01 nan nan nan nan
3.500000e+00 7.200000e-01 nan nan nan nan
3.550000e+00 7.200000e-01 nan nan nan nan
3.600000e+00 7.200000e-01 nan nan nan nan
3.650000e+00 7.200000e-01 nan nan nan nan
3.700000e+00 7.200000e-01 nan nan nan nan
3.750000e+00 7.200000e-01 nan nan nan nan
3.800000e+00 7.200000e-01 nan nan nan nan
3.850000e+00 7.200000e-01 nan nan nan nan
3.900000e+00 7.200000e-01 nan nan nan nan
3.950000e+00 7.200000e-01 nan nan nan nan
4.000000e+00 7.200000e-01 nan nan nan nan
4.050000e+00 7.200000e-01 nan nan nan nan
4.100000e+00 7.200000e-01 nan nan nan nan
4.150000e+00 7.200000e-01 nan nan nan nan
4.200000e+00 7.200000e-01 nan nan nan nan
4.250000e+00 7.200000e-01 nan nan nan nan
4.300000e+00 7.200000e-01 nan nan nan nan
4.350000e+00 7.200000e-01 nan nan nan nan
4.400000e+00 7.200000e-01 nan nan nan nan
4.450000e+00 7.200000e-01 nan nan nan nan
4.500000e+00 7.200000e-01 nan nan nan nan
4.550000e+00 7.200000e-01 nan nan nan nan
4.600000e+00 7.200000e-01 nan nan nan nan
4.650000e+00 7.200000e-01 nan nan nan nan
4.700000e+00 7.200000e-01 nan nan nan nan
4.750000e+00 7.200000e-01 nan nan nan nan
4.800000e+00 7.200000e-01 nan nan nan nan
4.850000e+00 7.200000e-01 nan nan nan nan
4.900000e+00 7.200000e-01 nan nan nan nan
4.950000e+00 7.200000e-01 nan nan nan nan
5.000000e+00 7.200000e-01 nan nan nan nan
5.050000e+00 7.200000e-01 nan nan nan nan
5.100000e+00 7.200000e-01 nan nan nan nan
5.150000e+00 7.200000e-01 nan nan nan nan
5.200000e+00 7.200000e-01 nan nan nan nan
5.250000e+00 7.200000e-01 nan nan nan nan
5.300000e+00 7.200000e-01 nan nan nan nan
5.350000e+00 7.200000e-01 nan nan nan nan
5.400000e+00 7.200000e-01 nan nan nan nan
5.450000e+00 7.200000e-01 nan nan nan nan
5.500000e+00 7.200000e-01 nan nan nan nan
5.550000e+00 7.200000e-01 nan nan nan nan
5.600000e+00 7.200000e-01 nan nan nan nan
5.650000e+00 7.200000e-01 nan nan nan nan
5.700000e+00 7.200000e-01 nan nan nan nan
5.750000e+00 7.200000e-01 nan nan nan nan
5.800000e+00 7.200000e-01 nan nan nan nan
5.850000e+00 7.200000e-01 nan nan nan nan
5.900000e+00 7.200000e-01 nan nan nan nan
5.950000e+00 7.200000e-01 nan nan nan nan
6.000000e+00 7.200000e-01 nan nan nan nan
6.050000e+00 7.200000e-01 nan nan nan nan
6.100000e+00 7.200000e-01 nan nan nan nan
6.150000e+00 7.200000e-01 nan nan nan nan
6.200000e+00 7.200000e-01 nan nan nan nan
6.250000e+00 7.200000e-01 nan nan nan nan
6.300000e+00 7.200000e-01 nan nan nan nan
6.350000e+00 7.200000e-01 nan nan nan nan
6.400000e+00 7.200000e-01 nan nan nan nan
6.450000e+00 7.200000e-01 nan nan nan nan
6.500000e+00 7.200000e-01 nan nan nan nan
6.550000e+00 7.200000e-01 nan nan nan nan
6.600000e+00 7.200000e-01 nan nan nan nan
6.650000e+00 7.200000e-01 nan nan nan nan
6.700000e+00 7.200000e-01 nan nan nan nan
6.750000e+00 7.200000e-01 nan nan nan nan
6.800000e+00 7.200000e-01 nan nan nan nan
6.850000e+00 7.200000e-01 nan nan nan nan
6.900000e+00 7.200000e-01 nan nan nan nan
6.950000e+00 7.200000e-01 nan nan nan nan
7.000000e+00 7.200000e-01 nan nan nan nan
7.050000e+00 7.200000e-01 nan nan nan nan
7.100000e+00 7.200000e-01 nan nan nan nan
7.150000e+00 7.200000e-01 nan nan nan nan
7.200000e+00 7.200000e-01 nan nan nan nan
7.250000e+00 7.200000e-01 nan nan nan nan
7.300000e+00 7.200000e-01 nan nan nan nan
7.350000e+00 7.200000e-01 nan nan nan nan
7.400000e+00 7.200000e-01 nan nan nan nan
7.450000e+00 7.200000e-01 nan nan nan nan
7.500000e+00 7.200000e-01 nan nan nan nan
7.550000e+00 7.200000e-01 nan nan nan nan
7.600000e+00 7.200000e-01 nan nan nan nan
7.650000e+00 7.200000e-01 nan nan nan nan
7.700000e+00 7.200000e-01 nan nan nan nan
7.750000e+00 7.200000e-01 nan nan nan nan
7.800000e+00 7.200000e-01 nan nan nan nan
7.850000e+00 7.200000e-01 nan nan nan nan
7.900000e+00 7.200000e-01 nan nan nan nan
7.950000e+00 7.200000e-01 nan nan nan nan
8.000000e+00 7.200000e-01 nan nan nan nan
8.050000e+00 7.200000e-01 nan nan nan nan
8.100000e+00 7.200000e-01 nan nan nan nan
8.150000e+00 7.200000e-01 nan nan nan nan
8.200000e+00 7.200000e-01 nan nan nan nan
8.250000e+00 7.200000e-01 nan nan nan nan
8.300000e+00 7.200000e-01 nan nan nan nan
8.350000e+00 7.200000e-01 nan nan nan nan
8.400000e+00 7.200000e-01 nan nan nan nan
8.450000e+00 7.200000e-01 nan nan nan nan
8.500000e+00 7.200000e-01 nan nan nan nan
8.550000e+00 7.200000e-01 nan nan nan nan
8.600000e+00 7.200000e-01 nan nan nan nan
8.650000e+00 7.200000e-01 nan nan nan nan
8.700000e+00 7.200000e-01 nan nan nan nan
8.750000e+00 7.200000e-01 nan nan nan nan
8.800000e+00 7.200000e-01 nan nan nan nan
8.850000e+00 7.200000e-01 nan nan nan nan
8.900000e+00 7.200000e-01 nan nan nan nan
8.950000e+00 7.200000e-01 nan nan nan nan
9.000000e+00 7.200000e-01 nan nan nan nan
9.050000e+00 7.200000e-01 nan nan nan nan
9.100000e+00 7.200000e-01 nan nan nan nan
9.150000e+00 7.200000e-01 nan nan nan nan
9.200000e+00 7.200000e-01 nan nan nan nan
9.250000e+00 7.200000e-01 nan nan nan nan
9.300000e+00 7.200000e-01 nan nan nan nan
9.350000e+00 7.200000e-01 nan nan nan nan
9.400000e+00 7.200000e-01 nan nan nan nan
9.450000e+00 7.200000e-01 nan nan nan nan
9.500000e+00 7.200000e-01 nan nan nan nan
9.550000e+00 7.200000e-01 nan nan nan nan
9.600000e+00 7.200000e-01 nan nan nan nan
9.650000e+00 7.200000e-01 nan nan nan nan
9.700000e+00 7.200000e-01 nan nan nan nan
9.750000e+00 7.200000e-01 nan nan nan nan
9.800000e+00 7.200000e-01 nan nan nan nan
9.850000e+00 7.200000e-01 nan nan nan nan
9.900000e+00 7.200000e-01 nan nan nan nan
9.950000e+00 7.200000e-01 nan nan nan nan
1.000000e+01 7.200000e-01 8.084160e-01 nan 0.000000e+00 0.000000e+00
0.000000e+00 7.400000e-01 8.320560e-01 2.880000e+00 0.000000e+00 0.000000e+00
5.000000e-02 7.400000e-01 nan nan nan nan
1.000000e-01 7.400000e-01 nan nan nan nan
1.500000e-01 7.400000e-01 nan nan nan nan
2.000000e-01 7.400000e-01 nan nan nan nan
2.500000e-01 7.400000e-01 nan nan nan nan
3.000000e-01 7.400000e-01 nan nan nan nan
3.500000e-01 7.400000e-01 nan nan nan nan
4.000000e-01 7.400000e-01 nan nan nan nan
4.500000e-01 7.400000e-01 nan nan nan nan
5.000000e-01 7.400000e-01 nan nan nan nan
5.500000e-01 7.400000e-01 nan nan nan nan
6.000000e-01 7.400000e-01 nan nan nan nan
6.500000e-01 7.400000e-01 nan nan nan nan
7.000000e-01 7.400000e-01 nan nan nan nan
7.500000e-01 7.400000e-01 nan nan nan nan
8.000000e-01 7.400000e-01 nan nan nan nan
8.500000e-01 7.400000e-01 nan nan nan nan
9.000000e-01 7.400000e-01 nan nan nan nan
9.500000e-01 7.400000e-01 nan nan nan nan
1.000000e+00 7.400000e-01 nan nan nan nan
1.050000e+00 7.400000e-01 nan nan nan nan
1.100000e+00 7.400000e-01 nan nan nan nan
1.150000e+00 7.400000e-01 nan nan nan nan
1.200000e+00 7.400000e-01 nan nan nan nan
1.250000e+00 7.400000e-01 nan nan nan nan
1.300000e+00 7.400000e-01 nan nan nan nan
1.350000e+00 7.400000e-01 nan nan nan nan
1.400000e+00 7.400000e-01 nan nan nan nan
1.450000e+00 7.400000e-01 nan nan nan nan
1.500000e+00 7.400000e-01 nan nan nan nan
1.550000e+00 7.400000e-01 nan nan nan nan
1.600000e+00 7.400000e-01 nan nan nan nan
1.650000e+00 7.400000e-01 nan nan nan nan
1.700000e+00 7.400000e-01 nan nan nan nan
1.750000e+00 7.400000e-01 nan nan nan nan
1.800000e+00 7.400000e-01 nan nan nan nan
1.850000e+00 7.400000e-01 nan nan nan nan
1.900000e+00 7.400000e-01 nan nan nan nan
1.950000e+00 7.400000e-01 nan nan nan nan
2.000000e+00 7.400000e-01 nan nan nan nan
2.050000e+00 7.400000e-01 nan nan nan nan
2.100000e+00 7.400000e-01 nan nan nan nan
2.150000e+00 7.400000e-01 nan nan nan nan
2.200000e+00 7.400000e-01 nan nan nan nan
2.250000e+00 7.400000e-01 nan nan nan nan
2.300000e+00 7.400000e-01 nan nan nan nan
2.350000e+00 7.400000e-01 nan nan nan nan
2.400000e+00 7.400000e-01 nan nan nan nan
2.450000e+00 7.400000e-01 nan nan nan nan
2.500000e+00 7.400000e-01 nan nan nan nan
2.550000e+00 7.400000e-01 nan nan nan nan
2.600000e+00 7.400000e-01 nan nan nan nan
2.650000e+00 7.400000e-01 nan nan nan nan
2.700000e+00 7.400000e-01 nan nan nan nan
2.750000e+00 7.400000e-01 nan nan nan nan
2.800000e+00 7.400000e-01 nan nan nan nan
2.850000e+00 7.400000e-01 nan nan nan nan
2.900000e+00 7.400000e-01 nan nan nan nan
2.950000e+00 7.400000e-01 nan nan nan nan
3.000000e+00 7.400000e-01 nan nan nan nan
3.050000e+00 7.400000e-01 nan nan nan nan
3.100000e+00 7.400000e-01 nan nan nan nan
3.150000e+00 7.400000e-01 nan nan nan nan
3.200000e+00 7.400000e-01 nan nan nan nan
3.250000e+00 7.400000e-01 nan nan nan nan
3.300000e+00 7.400000e-01 nan nan nan nan
3.350000e+00 7.400000e-01 nan nan nan nan
3.400000e+00 7.400000e-01 nan nan nan nan
3.450000e+00 7.400000e-01 nan nan nan nan
3.500000e+00 7.400000e-01 nan nan nan nan
3.550000e+00 7.400000e-01 nan nan nan nan
3.600000e+00 7.400000e-01 nan nan nan nan
3.650000e+00 7.400000e-01 nan nan nan nan
3.700000e+00 7.400000e-01 nan nan nan nan
3.750000e+00 7.400000e-01 nan nan nan nan
3.800000e+00 7.400000e-01 nan nan nan nan
3.850000e+00 7.400000e-01 nan nan nan nan
3.900000e+00 7.400000e-01 nan nan nan nan
3.950000e+00 7.400000e-01 nan nan nan nan
4.000000e+00 7.400000e-01 nan nan nan nan
4.050000e+00 7.400000e-01 nan nan nan nan
4.100000e+00 7.400000e-01 nan nan nan nan
4.150000e+00 7.400000e-01 nan nan nan nan
4.200000e+00 7.400000e-01 nan nan nan nan
4.250000e+00 7.400000e-01 nan nan nan nan
4.300000e+00 7.400000e-01 nan nan nan nan
4.350000e+00 7.400000e-01 nan nan nan nan
4.400000e+00 7.400000e-01 nan nan nan nan
4.450000e+00 7.400000e-01 nan nan nan nan
4.500000e+00 7.400000e-01 nan nan nan nan
4.550000e+00 7.400000e-01 nan nan nan nan
4.600000e+00 7.400000e-01 nan nan nan nan
4.650000e+00 7.400000e-01 nan nan nan nan
4.700000e+00 7.400000e-01 nan nan nan nan
4.750000e+00 7.400000e-01 nan nan nan nan
4.800000e+00 7.400000e-01 nan nan nan nan
4.850000e+00 7.400000e-01 nan nan nan nan
4.900000e+00 7.400000e-01 nan nan nan nan
4.950000e+00 7.400000e-01 nan nan nan nan
5.000000e+00 7.400000e-01 nan nan nan nan
5.050000e+00 7.400000e-01 nan nan nan nan
5.100000e+00 7.400000e-01 nan nan nan nan
5.150000e+00 7.400000e-01 nan nan nan nan
5.200000e+00 7.400000e-01 nan nan nan nan
5.250000e+00 7.400000e-01 nan nan nan nan
5.300000e+00 7.400000e-01 nan nan nan nan
5.350000e+00 7.400000e-01 nan nan nan nan
5.400000e+00 7.400000e-01 nan nan nan nan
5.450000e+00 7.400000e-01 nan nan nan nan
5.500000e+00 7.400000e-01 nan nan nan nan
5.550000e+00 7.400000e-01 nan nan nan nan
5.600000e+00 7.400000e-01 nan nan nan nan
5.650000e+00 7.400000e-01 nan nan nan nan
5.700000e+00 7.400000e-01 nan nan nan nan
5.750000e+00 7.400000e-01 nan nan nan nan
5.800000e+00 7.400000e-01 nan nan nan nan
5.850000e+00 7.400000e-01 nan nan nan nan
5.900000e+00 7.400000e-01 nan nan nan nan
5.950000e+00 7.400000e-01 nan nan nan nan
6.000000e+00 7.400000e-01 nan nan nan nan
6.050000e+00 7.400000e-01 nan nan nan nan
6.100000e+00 7.400000e-01 nan nan nan nan
6.150000e+00 7.400000e-01 nan nan nan nan
6.200000e+00 7.400000e-01 nan nan nan nan
6.250000e+00 7.400000e-01 nan nan nan nan
6.300000e+00 7.400000e-01 nan nan nan nan
6.350000e+00 7.400000e-01 nan nan nan nan
6.400000e+00 7.400000e-01 nan nan nan nan
6.450000e+00 7.400000e-01 nan nan nan nan
6.500000e+00 7.400000e-01 nan nan nan nan
6.550000e+00 7.400000e-01 nan nan nan nan
6.600000e+00 7.400000e-01 nan nan nan nan
6.650000e+00 7.400000e-01 nan nan nan nan
6.700000e+00 7.400000e-01 nan nan nan nan
6.750000e+00 7.400000e-01 nan nan nan nan
6.800000e+00 7.400000e-01 nan nan nan nan
6.850000e+00 7.400000e-01 nan nan nan nan
6.900000e+00 7.400000e-01 nan nan nan nan
6.950000e+00 7.400000e-01 nan nan nan nan
7.000000e+00 7.400000e-01 nan nan nan nan
7.050000e+00 7.400000e-01 nan nan nan nan
7.100000e+00 7.400000e-01 nan nan nan nan
7.150000e+00 7.400000e-01 nan nan nan nan
7.200000e+00 7.400000e-01 nan nan nan nan
7.250000e+00 7.400000e-01 nan nan nan nan
7.300000e+00 7.400000e-01 nan nan nan nan
7.350000e+00 7.400000e-01 nan nan nan nan
7.400000e+00 7.400000e-01 nan nan nan nan
7.450000e+00 7.400000e-01 nan nan nan nan
7.500000e+00 7.400000e-01 nan nan nan nan
7.550000e+00 7.400000e-01 nan nan nan nan
7.600000e+00 7.400000e-01 nan nan nan nan
7.650000e+00 7.400000e-01 nan nan nan nan
7.700000e+00 7.400000e-01 nan nan nan nan
7.750000e+00 7.400000e-01 nan nan nan nan
7.800000e+00 7.400000e-01 nan nan nan nan
7.850000e+00 7.400000e-01 nan nan nan nan
7.900000e+00 7.400000e-01 nan nan nan nan
7.950000e+00 7.400000e-01 nan nan nan nan
8.000000e+00 7.400000e-01 nan nan nan nan
8.050000e+00 7.400000e-01 nan nan nan nan
8.100000e+00 7.400000e-01 nan nan nan nan
8.150000e+00 7.400000e-01 nan nan nan nan
8.200000e+00 7.400000e-01 nan nan nan nan
8.250000e+00 7.400000e-01 nan nan nan nan
8.300000e+00 7.400000e-01 nan nan nan nan
8.350000e+00 7.400000e-01 nan nan nan nan
8.400000e+00 7.400000e-01 nan nan nan nan
8.450000e+00 7.400000e-01 nan nan nan nan
8.500000e+00 7.400000e-01 nan nan nan nan
8.550000e+00 7.400000e-01 nan nan nan nan
8.600000e+00 7.400000e-01 nan nan nan nan
8.650000e+00 7.400000e-01 nan nan nan nan
8.700000e+00 7.400000e-01 nan nan nan nan
8.750000e+00 7.400000e-01 nan nan nan nan
8.800000e+00 7.400000e-01 nan nan nan nan
8.850000e+00 7.400000e-01 nan nan nan nan
8.900000e+00 7.400000e-01 nan nan nan nan
8.950000e+00 7.400000e-01 nan nan nan nan
9.000000e+00 7.400000e-01 nan nan nan nan
9.050000e+00 7.400000e-01 nan nan nan nan
9.100000e+00 7.400000e-01 nan nan nan nan
9.150000e+00 7.400000e-01 nan nan nan nan
9.200000e+00 7.400000e-01 nan nan nan nan
9.250000e+00 7.400000e-01 nan nan nan nan
9.300000e+00 7.400000e-01 nan nan nan nan
9.350000e+00 7.400000e-01 nan nan nan nan
9.400000e+00 7.400000e-01 nan nan nan nan
9.450000e+00 7.400000e-01 nan nan nan nan
9.500000e+00 7.400000e-01 nan nan nan nan
9.550000e+00 7.400000e-01 nan nan nan nan
9.600000e+00 7.400000e-01 nan nan nan nan
9.650000e+00 7.400000e-01 nan nan nan nan
9.700000e+00 7.400000e-01 nan nan nan nan
9.750000e+00 7.400000e-01 nan nan nan nan
9.800000e+00 7.400000e-01 nan nan nan nan
9.850000e+00 7.400000e-01 nan nan nan nan
9.900000e+00 7.400000e-01 nan nan nan nan
9.950000e+00 7.400000e-01 nan nan nan nan
1.000000e+01 7.400000e-01 8.320560e-01 nan 0.000000e+00 0.000000e+00
0.000000e+00 7.600000e-01 8.545440e-01 3.120000e+00 0.000000e+00 0.000000e+00
5.000000e-02 7.600000e-01 nan nan nan nan
1.000000e-01 7.600000e-01 nan nan nan nan
1.500000e-01 7.600000e-01 nan nan nan nan
2.000000e-01 7.600000e-01 nan nan nan nan
2.500000e-01 7.600000e-01 nan nan nan nan
3.000000e-01 7.600000e-01 nan nan nan nan
3.500000e-01 7.600000e-01 nan nan nan nan
4.000000e-01 7.600000e-01 nan nan nan nan
4.500000e-01 7.600000e-01 nan nan nan nan
5.000000e-01 7.600000e-01 nan nan nan nan
5.500000e-01 7.600000e-01 nan nan nan nan
6.000000e-01 7.600000e-01 nan nan nan nan
6.500000e-01 7.600000e-01 nan nan nan nan
7.000000e-01 7.600000e-01 nan nan nan nan
7.500000e-01 7.600000e-01 nan nan nan nan
8.000000e-01 7.600000e-01 nan nan nan nan
8.500000e-01 7.600000e-01 nan nan nan nan
9.000000e-01 7.600000e-01 nan nan nan nan
9.500000e-01 7.600000e-01 nan nan nan nan
1.000000e+00 7.600000e-01 nan nan nan nan
1.050000e+00 7.600000e-01 nan nan nan nan
1.100000e+00 7.600000e-01 nan nan nan nan
1.150000e+00 7.600000e-01 nan nan nan nan
1.200000e+00 7.600000e-01 nan nan nan nan
1.250000e+00 7.600000e-01 nan nan nan nan
1.300000e+00 7.600000e-01 nan nan nan nan
1.350000e+00 7.600000e-01 nan nan nan nan
1.400000e+00 7.600000e-01 nan nan nan nan
1.450000e+00 7.600000e-01 nan nan nan nan
1.500000e+00 7.600000e-01 nan nan nan nan
1.550000e+00 7.600000e-01 nan nan nan nan
1.600000e+00 7.600000e-01 nan nan nan nan
1.650000e+00 7.600000e-01 nan nan nan nan
1.700000e+00 7.600000e-01 nan nan nan nan
1.750000e+00 7.600000e-01 nan nan nan nan
1.800000e+00 7.600000e-01 nan nan nan nan
1.850000e+00 7.600000e-01 nan nan nan nan
1.900000e+00 7.600000e-01 nan nan nan nan
1.950000e+00 7.600000e-01 nan nan nan nan
2.000000e+00 7.600000e-01 nan nan nan nan
2.050000e+00 7.600000e-01 nan nan nan nan
2.100000e+00 7.600000e-01 nan nan nan nan
2.150000e+00 7.600000e-01 nan nan nan nan
2.200000e+00 7.600000e-01 nan nan nan nan
2.250000e+00 7.600000e-01 nan nan nan nan
2.300000e+00 7.600000e-01 nan nan nan nan
2.350000e+00 7.600000e-01 nan nan nan nan
2.400000e+00 7.600000e-01 nan nan nan nan
2.450000e+00 7.600000e-01 nan nan nan nan
2.500000e+00 7.600000e-01 nan nan nan nan
2.550000e+00 7.600000e-01 nan nan nan nan
2.600000e+00 7.600000e-01 nan nan nan nan
2.650000e+00 7.600000e-01 nan nan nan nan
2.700000e+00 7.600000e-01 nan nan nan nan
2.750000e+00 7.600000e-01 nan nan nan nan
2.800000e+00 7.600000e-01 nan nan nan nan
2.850000e+00 7.600000e-01 nan nan nan nan
2.900000e+00 7.600000e-01 nan nan nan nan
2.950000e+00 7.600000e-01 nan nan nan nan
3.000000e+00 7.600000e-01 nan nan nan nan
3.050000e+00 7.600000e-01 nan nan nan nan
3.100000e+00 7.600000e-01 nan nan nan nan
3.150000e+00 7.600000e-01 nan nan nan nan
3.200000e+00 7.600000e-01 nan nan nan nan
3.250000e+00 7.600000e-01 nan nan nan nan
3.300000e+00 7.600000e-01 nan nan nan nan
3.350000e+00 7.600000e-01 nan nan nan nan
3.400000e+00 7.600000e-01 nan nan nan nan
3.450000e+00 7.600000e-01 nan nan nan nan
3.500000e+00 7.600000e-01 nan nan nan nan
3.550000e+00 7.600000e-01 nan nan nan nan
3.600000e+00 7.600000e-01 nan nan nan nan
3.650000e+00 7.600000e-01 nan nan nan nan
3.700000e+00 7.600000e-01 nan nan nan nan
3.750000e+00 7.600000e-01 nan nan nan nan
3.800000e+00 7.600000e-01 nan nan nan nan
3.850000e+00 7.600000e-01 nan nan nan nan
3.900000e+00 7.600000e-01 nan nan nan nan
3.950000e+00 7.600000e-01 nan nan nan nan
4.000000e+00 7.600000e-01 nan nan nan nan
4.050000e+00 7.600000e-01 nan nan nan nan
4.100000e+00 7.600000e-01 nan nan nan nan
4.150000e+00 7.600000e-01 nan nan nan nan
4.200000e+00 7.600000e-01 nan nan nan nan
4.250000e+00 7.600000e-01 nan nan nan nan
4.300000e+00 7.600000e-01 nan nan nan nan
4.350000e+00 7.600000e-01 nan nan nan nan
4.400000e+00 7.600000e-01 nan nan nan nan
4.450000e+00 7.600000e-01 nan nan nan nan
4.500000e+00 7.600000e-01 nan nan nan nan
4.550000e+00 7.600000e-01 nan nan nan nan
4.600000e+00 7.600000e-01 nan nan nan nan
4.650000e+00 7.600000e-01 nan nan nan nan
4.700000e+00 7.600000e-01 nan nan nan nan
4.750000e+00 7.600000e-01 nan nan nan nan
4.800000e+00 7.600000e-01 nan nan nan nan
4.850000e+00 7.600000e-01 nan nan nan nan
4.900000e+00 7.600000e-01 nan nan nan nan
4.950000e+00 7.600000e-01 nan nan nan nan
5.000000e+00 7.600000e-01 nan nan nan nan
5.050000e+00 7.600000e-01 nan nan nan nan
5.100000e+00 7.600000e-01 nan nan nan nan
5.150000e+00 7.600000e-01 nan nan nan nan
5.200000e+00 7.600000e-01 nan nan nan nan
5.250000e+00 7.600000e-01 nan nan nan nan
5.300000e+00 7.600000e-01 nan nan nan nan
5.350000e+00 7.600000e-01 nan nan nan nan
5.400000e+00 7.600000e-01 nan nan nan nan
5.450000e+00 7.600000e-01 nan nan nan nan
5.500000e+00 7.600000e-01 nan nan nan nan
5.550000e+00 7.600000e-01 nan nan nan nan
5.600000e+00 7.600000e-01 nan nan nan nan
5.650000e+00 7.600000e-01 nan nan nan nan
5.700000e+00 7.600000e-01 nan nan nan nan
5.750000e+00 7.600000e-01 nan nan nan nan
5.800000e+00 7.600000e-01 nan nan nan nan
5.850000e+00 7.600000e-01 nan nan nan nan
5.900000e+00 7.600000e-01 nan nan nan nan
5.950000e+00 7.600000e-01 nan nan nan nan
6.000000e+00 7.600000e-01 nan nan nan nan
6.050000e+00 7.600000e-01 nan nan nan nan
6.100000e+00 7.600000e-01 nan nan nan nan
6.150000e+00 7.600000e-01 nan nan nan nan
6.200000e+00 7.600000e-01 nan nan nan nan
6.250000e+00 7.600000e-01 nan nan nan nan
6.300000e+00 7.600000e-01 nan nan nan nan
6.350000e+00 7.600000e-01 nan nan nan nan
6.400000e+00 7.600000e-01 nan nan nan nan
6.450000e+00 7.600000e-01 nan nan nan nan
6.500000e+00 7.600000e-01 nan nan nan nan
6.550000e+00 7.600000e-01 nan nan nan nan
6.600000e+00 7.600000e-01 nan nan nan nan
6.650000e+00 7.600000e-01 nan nan nan nan
6.700000e+00 7.600000e-01 nan nan nan nan
6.750000e+00 7.600000e-01 nan nan nan nan
6.800000e+00 7.600000e-01 nan nan nan nan
6.850000e+00 7.600000e-01 nan nan nan nan
6.900000e+00 7.600000e-01 nan nan nan nan
6.950000e+00 7.600000e-01 nan nan nan nan
7.000000e+00 7.600000e-01 nan nan nan nan
7.050000e+00 7.600000e-01 nan nan nan nan
7.100000e+00 7.600000e-01 nan nan nan nan
7.150000e+00 7.600000e-01 nan nan nan nan
7.200000e+00 7.600000e-01 nan nan nan nan
7.250000e+00 7.600000e-01 nan nan nan nan
7.300000e+00 7.600000e-01 nan nan nan nan
7.350000e+00 7.600000e-01 nan nan nan nan
7.400000e+00 7.600000e-01 nan nan nan nan
7.450000e+00 7.600000e-01 nan nan nan nan
7.500000e+00 7.600000e-01 nan nan nan nan
7.550000e+00 7.600000e-01 nan nan nan nan
7.600000e+00 7.600000e-01 nan nan nan nan
7.650000e+00 7.600000e-01 nan nan nan nan
7.700000e+00 7.600000e-01 nan nan nan nan
7.750000e+00 7.600000e-01 nan nan nan nan
7.800000e+00 7.600000e-01 nan nan nan nan
7.850000e+00 7.600000e-01 nan nan nan nan
7.900000e+00 7.600000e-01 nan nan nan nan
7.950000e+00 7.600000e-01 nan nan nan nan
8.000000e+00 7.600000e-01 nan nan nan nan
8.050000e+00 7.600000e-01 nan nan nan nan
8.100000e+00 7.600000e-01 nan nan nan nan
8.150000e+00 7.600000e-01 nan nan nan nan
8.200000e+00 7.600000e-01 nan nan nan nan
8.250000e+00 7.600000e-01 nan nan nan nan
8.300000e+00 7.600000e-01 nan nan nan nan
8.350000e+00 7.600000e-01 nan nan nan nan
8.400000e+00 7.600000e-01 nan nan nan nan
8.450000e+00 7.600000e-01 nan nan nan nan
8.500000e+00 7.600000e-01 nan nan nan nan
8.550000e+00 7.600000e-01 nan nan nan nan
8.600000e+00 7.600000e-01 nan nan nan nan
8.650000e+00 7.600000e-01 nan nan nan nan
8.700000e+00 7.600000e-01 nan nan nan nan
8.750000e+00 7.600000e-01 nan nan nan nan
8.800000e+00 7.600000e-01 nan nan nan nan
8.850000e+00 7.600000e-01 nan nan nan nan
8.900000e+00 7.600000e-01 nan nan nan nan
8.950000e+00 7.600000e-01 nan nan nan nan
9.000000e+00 7.600000e-01 nan nan nan nan
9.050000e+00 7.600000e-01 nan nan nan nan
9.100000e+00 7.600000e-01 nan nan nan nan
9.150000e+00 7.600000e-01 nan nan nan nan
9.200000e+00 7.600000e-01 nan nan nan nan
9.250000e+00 7.600000e-01 nan nan nan nan
9.300000e+00 7.600000e-01 nan nan nan nan
9.350000e+00 7.600000e-01 nan nan nan nan
9.400000e+00 7.600000e-01 nan nan nan nan
9.450000e+00 7.600000e-01 nan nan nan nan
9.500000e+00 7.600000e-01 nan nan nan nan
9.550000e+00 7.600000e-01 nan nan nan nan
9.600000e+00 7.600000e-01 nan nan nan nan
9.650000e+00 7.600000e-01 nan nan nan nan
9.700000e+00 7.600000e-01 nan nan nan nan
9.750000e+00 7.600000e-01 nan nan nan nan
9.800000e+00 7.600000e-01 nan nan nan nan
9.850000e+00 7.600000e-01 nan nan nan nan
9.900000e+00 7.600000e-01 nan nan nan nan
9.950000e+00 7.600000e-01 nan nan nan nan
1.000000e+01 7.600000e-01 8.545440e-01 nan 0.000000e+00 0.000000e+00
0.000000e+00 7.800000e-01 8.757840e-01 3.360000e+00 0.000000e+00 0.000000e+00
5.000000e-02 7.800000e-01 nan nan nan nan
1.000000e-01 7.800000e-01 nan nan nan nan
1.500000e-01 7.800000e-01 nan nan nan nan
2.000000e-01 7.800000e-01 nan nan nan nan
2.500000e-01 7.800000e-01 nan nan nan nan
3.000000e-01 7.800000e-01 nan nan nan nan
3.500000e-01 7.800000e-01 nan nan nan nan
4.000000e-01 7.800000e-01 nan nan nan nan
4.500000e-01 7.800000e-01 nan nan nan nan
5.000000e-01 7.800000e-01 nan nan nan nan
5.500000e-01 7.800000e-01 nan nan nan nan
6.000000e-01 7.800000e-01 nan nan nan nan
6.500000e-01 7.800000e-01 nan nan nan nan
7.000000e-01 7.800000e-01 nan nan nan nan
7.500000e-01 7.800000e-01 nan nan nan nan
8.000000e-01 7.800000e-01 nan nan nan nan
8.500000e-01 7.800000e-01 nan nan nan nan
9.000000e-01 7.800000e-01 nan nan nan nan
9.500000e-01 7.800000e-01 nan nan nan nan
1.000000e+00 7.800000e-01 nan nan nan nan
1.050000e+00 7.800000e-01 nan nan nan nan
1.100000e+00 7.800000e-01 nan nan nan nan
1.150000e+00 7.800000e-01 nan nan nan nan
1.200000e+00 7.800000e-01 nan nan nan nan
1.250000e+00 7.800000e-01 nan nan nan nan
1.300000e+00 7.800000e-01 nan nan nan nan
1.350000e+00 7.800000e-01 nan nan nan nan
1.400000e+00 7.800000e-01 nan nan nan nan
1.450000e+00 7.800000e-01 nan nan nan nan
1.500000e+00 7.800000e-01 nan nan nan nan
1.550000e+00 7.800000e-01 nan nan nan nan
1.600000e+00 7.800000e-01 nan nan nan nan
1.650000e+00 7.800000e-01 nan nan nan nan
1.700000e+00 7.800000e-01 nan nan nan nan
1.750000e+00 7.800000e-01 nan nan nan nan
1.800000e+00 7.800000e-01 nan nan nan nan
1.850000e+00 7.800000e-01 nan nan nan nan
1.900000e+00 7.800000e-01 nan nan nan nan
1.950000e+00 7.800000e-01 nan nan nan nan
2.000000e+00 7.800000e-01 nan nan nan nan
2.050000e+00 7.800000e-01 nan nan nan nan
2.100000e+00 7.800000e-01 nan nan nan nan
2.150000e+00 7.800000e-01 nan nan nan nan
2.200000e+00 7.800000e-01 nan nan nan nan
2.250000e+00 7.800000e-01 nan nan nan nan
2.300000e+00 7.800000e-01 nan nan nan nan
2.350000e+00 7.800000e-01 nan nan nan nan
2.400000e+00 7.800000e-01 nan nan nan nan
2.450000e+00 7.800000e-01 nan nan nan nan
2.500000e+00 7.800000e-01 nan nan nan nan
2.550000e+00 7.800000e-01 nan nan nan nan
2.600000e+00 7.800000e-01 nan nan nan nan
2.650000e+00 7.800000e-01 nan nan nan nan
2.700000e+00 7.800000e-01 nan nan nan nan
2.750000e+00 7.800000e-01 nan nan nan nan
2.800000e+00 7.800000e-01 nan nan nan nan
2.850000e+00 7.800000e-01 nan nan nan nan
2.900000e+00 7.800000e-01 nan nan nan nan
2.950000e+00 7.800000e-01 nan nan nan nan
3.000000e+00 7.800000e-01 nan nan nan nan
3.050000e+00 7.800000e-01 nan nan nan nan
3.100000e+00 7.800000e-01 nan nan nan nan
3.150000e+00 7.800000e-01 nan nan nan nan
3.200000e+00 7.800000e-01 nan nan nan nan
3.250000e+00 7.800000e-01 nan nan nan nan
3.300000e+00 7.800000e-01 nan nan nan nan
3.350000e+00 7.800000e-01 nan nan nan nan
3.400000e+00 7.800000e-01 nan nan nan nan
3.450000e+00 7.800000e-01 nan nan nan nan
3.500000e+00 7.800000e-01 nan nan nan nan
3.550000e+00 7.800000e-01 nan nan nan nan
3.600000e+00 7.800000e-01 nan nan nan nan
3.650000e+00 7.800000e-01 nan nan nan nan
3.700000e+00 7.800000e-01 nan nan nan nan
3.750000e+00 7.800000e-01 nan nan nan nan
3.800000e+00 7.800000e-01 nan nan nan nan
3.850000e+00 7.800000e-01 nan nan nan nan
3.900000e+00 7.800000e-01 nan nan nan nan
3.950000e+00 7.800000e-01 nan nan nan nan
4.000000e+00 7.800000e-01 nan nan nan nan
4.050000e+00 7.800000e-01 nan nan nan nan
4.100000e+00 7.800000e-01 nan nan nan nan
4.150000e+00 7.800000e-01 nan nan nan nan
4.200000e+00 7.800000e-01 nan nan nan nan
4.250000e+00 7.800000e-01 nan nan nan nan
4.300000e+00 7.800000e-01 nan nan nan nan
4.350000e+00 7.800000e-01 nan nan nan nan
4.400000e+00 7.800000e-01 nan nan nan nan
4.450000e+00 7.800000e-01 nan nan nan nan
4.500000e+00 7.800000e-01 nan nan nan nan
4.550000e+00 7.800000e-01 nan nan nan nan
4.600000e+00 7.800000e-01 nan nan nan nan
4.650000e+00 7.800000e-01 nan nan nan nan
4.700000e+00 7.800000e-01 nan nan nan nan
4.750000e+00 7.800000e-01 nan nan nan nan
4.800000e+00 7.800000e-01 nan nan nan nan
4.850000e+00 7.800000e-01 nan nan nan nan
4.900000e+00 7.800000e-01 nan nan nan nan
4.950000e+00 7.800000e-01 nan nan nan nan
5.000000e+00 7.800000e-01 nan nan nan nan
5.050000e+00 7.800000e-01 nan nan nan nan
5.100000e+00 7.800000e-01 nan nan nan nan
5.150000e+00 7.800000e-01 nan nan nan nan
5.200000e+00 7.800000e-01 nan nan nan nan
5.250000e+00 7.800000e-01 nan nan nan nan
5.300000e+00 7.800000e-01 nan nan nan nan
5.350000e+00 7.800000e-01 nan nan nan nan
5.400000e+00 7.800000e-01 nan nan nan nan
5.450000e+00 7.800000e-01 nan nan nan nan
5.500000e+00 7.800000e-01 nan nan nan nan
5.550000e+00 7.800000e-01 nan nan nan nan
5.600000e+00 7.800000e-01 nan nan nan nan
5.650000e+00 7.800000e-01 nan nan nan nan
5.700000e+00 7.800000e-01 nan nan nan nan
5.750000e+00 7.800000e-01 nan nan nan nan
5.800000e+00 7.800000e-01 nan nan nan nan
5.850000e+00 7.800000e-01 nan nan nan nan
5.900000e+00 7.800000e-01 nan nan nan nan
5.950000e+00 7.800000e-01 nan nan nan nan
6.000000e+00 7.800000e-01 nan nan nan nan
6.050000e+00 7.800000e-01 nan nan nan nan
6.100000e+00 7.800000e-01 nan nan nan nan
6.150000e+00 7.800000e-01 nan nan nan nan
6.200000e+00 7.800000e-01 nan nan nan nan
6.250000e+00 7.800000e-01 nan nan nan nan
6.300000e+00 7.800000e-01 nan nan nan nan
6.350000e+00 7.800000e-01 nan nan nan nan
6.400000e+00 7.800000e-01 nan nan nan nan
6.450000e+00 7.800000e-01 nan nan nan nan
6.500000e+00 7.800000e-01 nan nan nan nan
6.550000e+00 7.800000e-01 nan nan nan nan
6.600000e+00 7.800000e-01 nan nan nan nan
6.650000e+00 7.800000e-01 nan nan nan nan
6.700000e+00 7.800000e-01 nan nan nan nan
6.750000e+00 7.800000e-01 nan nan nan nan
6.800000e+00 7.800000e-01 nan nan nan nan
6.850000e+00 7.800000e-01 nan nan nan nan
6.900000e+00 7.800000e-01 nan nan nan nan
6.950000e+00 7.800000e-01 nan nan nan nan
7.000000e+00 7.800000e-01 nan nan nan nan
7.050000e+00 7.800000e-01 nan nan nan nan
7.100000e+00 7.800000e-01 nan nan nan nan
7.150000e+00 7.800000e-01 nan nan nan nan
7.200000e+00 7.800000e-01 nan nan nan nan
7.250000e+00 7.800000e-01 nan nan nan nan
7.300000e+00 7.800000e-01 nan nan nan nan
7.350000e+00 7.800000e-01 nan nan nan nan
7.400000e+00 7.800000e-01 nan nan nan nan
7.450000e+00 7.800000e-01 nan nan nan nan
7.500000e+00 7.800000e-01 nan nan nan nan
7.550000e+00 7.800000e-01 nan nan nan nan
7.600000e+00 7.800000e-01 nan nan nan nan
7.650000e+00 7.800000e-01 nan nan nan nan
7.700000e+00 7.800000e-01 nan nan nan nan
7.750000e+00 7.800000e-01 nan nan nan nan
7.800000e+00 7.800000e-01 nan nan nan nan
7.850000e+00 7.800000e-01 nan nan nan nan
7.900000e+00 7.800000e-01 nan nan nan nan
7.950000e+00 7.800000e-01 nan nan nan nan
8.000000e+00 7.800000e-01 nan nan nan nan
8.050000e+00 7.800000e-01 nan nan nan nan
8.100000e+00 7.800000e-01 nan nan nan nan
8.150000e+00 7.800000e-01 nan nan nan nan
8.200000e+00 7.800000e-01 nan nan nan nan
8.250000e+00 7.800000e-01 nan nan nan nan
8.300000e+00 7.800000e-01 nan nan nan nan
8.350000e+00 7.800000e-01 nan nan nan nan
8.400000e+00 7.800000e-01 nan nan nan nan
8.450000e+00 7.800000e-01 nan nan nan nan
8.500000e+00 7.800000e-01 nan nan nan nan
8.550000e+00 7.800000e-01 nan nan nan nan
8.600000e+00 7.800000e-01 nan nan nan nan
8.650000e+00 7.800000e-01 nan nan nan nan
8.700000e+00 7.800000e-01 nan nan nan nan
8.750000e+00 7.800000e-01 nan nan nan nan
8.800000e+00 7.800000e-01 nan nan nan nan
8.850000e+00 7.800000e-01 nan nan nan nan
8.900000e+00 7.800000e-01 nan nan nan nan
8.950000e+00 7.800000e-01 nan nan nan nan
9.000000e+00 7.800000e-01 nan nan nan nan
9.050000e+00 7.800000e-01 nan nan nan nan
9.100000e+00 7.800000e-01 nan nan nan nan
9.150000e+00 7.800000e-01 nan nan nan nan
9.200000e+00 7.800000e-01 nan nan nan nan
9.250000e+00 7.800000e-01 nan nan nan nan
9.300000e+00 7.800000e-01 nan nan nan nan
9.350000e+00 7.800000e-01 nan nan nan nan
9.400000e+00 7.800000e-01 nan nan nan nan
9.450000e+00 7.800000e-01 nan nan nan nan
9.500000e+00 7.800000e-01 nan nan nan nan
9.550000e+00 7.800000e-01 nan nan nan nan
9.600000e+00 7.800000e-01 nan nan nan nan
9.650000e+00 7.800000e-01 nan nan nan nan
9.700000e+00 7.800000e-01 nan nan nan nan
9.750000e+00 7.800000e-01 nan nan nan nan
9.800000e+00 7.800000e-01 nan nan nan nan
9.850000e+00 7.800000e-01 nan nan nan nan
9.900000e+00 7.800000e-01 nan nan nan nan
9.950000e+00 7.800000e-01 nan nan nan nan
1.000000e+01 7.800000e-01 8.757840e-01 nan 0.000000e+00 0.000000e+00
0.000000e+00 8.000000e-01 8.956800e-01 3.600000e+00 0.000000e+00 0.000000e+00
5.000000e-02 8.000000e-01 nan nan nan nan
1.000000e-01 8.000000e-01 nan nan nan nan
1.500000e-01 8.000000e-01 nan nan nan nan
2.000000e-01 8.000000e-01 nan nan nan nan
2.500000e-01 8.000000e-01 nan nan nan nan
3.000000e-01 8.000000e-01 nan nan nan nan
3.500000e-01 8.000000e-01 nan nan nan nan
4.000000e-01 8.000000e-01 nan nan nan nan
4.500000e-01 8.000000e-01 nan nan nan nan
5.000000e-01 8.000000e-01 nan nan nan nan
5.500000e-01 8.000000e-01 nan nan nan nan
6.000000e-01 8.000000e-01 nan nan nan nan
6.500000e-01 8.000000e-01 nan nan nan nan
7.000000e-01 8.000000e-01 nan nan nan nan
7.500000e-01 8.000000e-01 nan nan nan nan
8.000000e-01 8.000000e-01 nan nan nan nan
8.500000e-01 8.000000e-01 nan nan nan nan
9.000000e-01 8.000000e-01 nan nan nan nan
9.500000e-01 8.000000e-01 nan nan nan nan
1.000000e+00 8.000000e-01 nan nan nan nan
1.050000e+00 8.000000e-01 nan nan nan nan
1.100000e+00 8.000000e-01 nan nan nan nan
1.150000e+00 8.000000e-01 nan nan nan nan
1.200000e+00 8.000000e-01 nan nan nan nan
1.250000e+00 8.000000e-01 nan nan nan nan
1.300000e+00 8.000000e-01 nan nan nan nan
1.350000e+00 8.000000e-01 nan nan nan nan
1.400000e+00 8.000000e-01 nan nan nan nan
1.450000e+00 8.000000e-01 nan nan nan nan
1.500000e+00 8.000000e-01 nan nan nan nan
1.550000e+00 8.000000e-01 nan nan nan nan
1.600000e+00 8.000000e-01 nan nan nan nan
1.650000e+00 8.000000e-01 nan nan nan nan
1.700000e+00 8.000000e-01 nan nan nan nan
1.750000e+00 8.000000e-01 nan nan nan nan
1.800000e+00 8.000000e-01 nan nan nan nan
1.850000e+00 8.000000e-01 nan nan nan nan
1.900000e+00 8.000000e-01 nan nan nan nan
1.950000e+00 8.000000e-01 nan nan nan nan
2.000000e+00 8.000000e-01 nan nan nan nan
2.050000e+00 8.000000e-01 nan nan nan nan
2.100000e+00 8.000000e-01 nan nan nan nan
2.150000e+00 8.000000e-01 nan nan nan nan
2.200000e+00 8.000000e-01 nan nan nan nan
2.250000e+00 8.000000e-01 nan nan nan nan
2.300000e+00 8.000000e-01 nan nan nan nan
2.350000e+00 8.000000e-01 nan nan nan nan
2.400000e+00 8.000000e-01 nan nan nan nan
2.450000e+00 8.000000e-01 nan nan nan nan
2.500000e+00 8.000000e-01 nan nan nan nan
2.550000e+00 8.000000e-01 nan nan nan nan
2.600000e+00 8.000000e-01 nan nan nan nan
2.650000e+00 8.000000e-01 nan nan nan nan
2.700000e+00 8.000000e-01 nan nan nan nan
2.750000e+00 8.000000e-01 nan nan nan nan
2.800000e+00 8.000000e-01 nan nan nan nan
2.850000e+00 8.000000e-01 nan nan nan nan
2.900000e+00 8.000000e-01 nan nan nan nan
2.950000e+00 8.000000e-01 nan nan nan nan
3.000000e+00 8.000000e-01 nan nan nan nan
3.050000e+00 8.000000e-01 nan nan nan nan
3.100000e+00 8.000000e-01 nan nan nan nan
3.150000e+00 8.000000e-01 nan nan nan nan
3.200000e+00 8.000000e-01 nan nan nan nan
3.250000e+00 8.000000e-01 nan nan nan nan
3.300000e+00 8.000000e-01 nan nan nan nan
3.350000e+00 8.000000e-01 nan nan nan nan
3.400000e+00 8.000000e-01 nan nan nan nan
3.450000e+00 8.000000e-01 nan nan nan nan
3.500000e+00 8.000000e-01 nan nan nan nan
3.550000e+00 8.000000e-01 nan nan nan nan
3.600000e+00 8.000000e-01 nan nan nan nan
3.650000e+00 8.000000e-01 nan nan nan nan
3.700000e+00 8.000000e-01 nan nan nan nan
3.750000e+00 8.000000e-01 nan nan nan nan
3.800000e+00 8.000000e-01 nan nan nan nan
3.850000e+00 8.000000e-01 nan nan nan nan
3.900000e+00 8.000000e-01 nan nan nan nan
3.950000e+00 8.000000e-01 nan nan nan nan
4.000000e+00 8.000000e-01 nan nan nan nan
4.050000e+00 8.000000e-01 nan nan nan nan
4.100000e+00 8.000000e-01 nan nan nan nan
4.150000e+00 8.000000e-01 nan nan nan nan
4.200000e+00 8.000000e-01 nan nan nan nan
4.250000e+00 8.000000e-01 nan nan nan nan
4.300000e+00 8.000000e-01 nan nan nan nan
4.350000e+00 8.000000e-01 nan nan nan nan
4.400000e+00 8.000000e-01 nan nan nan nan
4.450000e+00 8.000000e-01 nan nan nan nan
4.500000e+00 8.000000e-01 nan nan nan nan
4.550000e+00 8.000000e-01 nan nan nan nan
4.600000e+00 8.000000e-01 nan nan nan nan
4.650000e+00 8.000000e-01 nan nan nan nan
4.700000e+00 8.000000e-01 nan nan nan nan
4.750000e+00 8.000000e-01 nan nan nan nan
4.800000e+00 8.000000e-01 nan nan nan nan
4.850000e+00 8.000000e-01 nan nan nan nan
4.900000e+00 8.000000e-01 nan nan nan nan
4.950000e+00 8.000000e-01 nan nan nan nan
5.000000e+00 8.000000e-01 nan nan nan nan
5.050000e+00 8.000000e-01 nan nan nan nan
5.100000e+00 8.000000e-01 nan nan nan nan
5.150000e+00 8.000000e-01 nan nan nan nan
5.200000e+00 8.000000e-01 nan nan nan nan
5.250000e+00 8.000000e-01 nan nan nan nan
5.300000e+00 8.000000e-01 nan nan nan nan
5.350000e+00 8.000000e-01 nan nan nan nan
5.400000e+00 8.000000e-01 nan nan nan nan
5.450000e+00 8.000000e-01 nan nan nan nan
5.500000e+00 8.000000e-01 nan nan nan nan
5.550000e+00 8.000000e-01 nan nan nan nan
5.600000e+00 8.000000e-01 nan nan nan nan
5.650000e+00 8.000000e-01 nan nan nan nan
5.700000e+00 8.000000e-01 nan nan nan nan
5.750000e+00 8.000000e-01 nan nan nan nan
5.800000e+00 8.000000e-01 nan nan nan nan
5.850000e+00 8.000000e-01 nan nan nan nan
5.900000e+00 8.000000e-01 nan nan nan nan
5.950000e+00 8.000000e-01 nan nan nan nan
6.000000e+00 8.000000e-01 nan nan nan nan
6.050000e+00 8.000000e-01 nan nan nan nan
6.100000e+00 8.000000e-01 nan nan nan nan
6.150000e+00 8.000000e-01 nan nan nan nan
6.200000e+00 8.000000e-01 nan nan nan nan
6.250000e+00 8.000000e-01 nan nan nan nan
6.300000e+00 8.000000e-01 nan nan nan nan
6.350000e+00 8.000000e-01 nan nan nan nan
6.400000e+00 8.000000e-01 nan nan nan nan
6.450000e+00 8.000000e-01 nan nan nan nan
6.500000e+00 8.000000e-01 nan nan nan nan
6.550000e+00 8.000000e-01 nan nan nan nan
6.600000e+00 8.000000e-01 nan nan nan nan
6.650000e+00 8.000000e-01 nan nan nan nan
6.700000e+00 8.000000e-01 nan nan nan nan
6.750000e+00 8.000000e-01 nan nan nan nan
6.800000e+00 8.000000e-01 nan nan nan nan
6.850000e+00 8.000000e-01 nan nan nan nan
6.900000e+00 8.000000e-01 nan nan nan nan
6.950000e+00 8.000000e-01 nan nan nan nan
7.000000e+00 8.000000e-01 nan nan nan nan
7.050000e+00 8.000000e-01 nan nan nan nan
7.100000e+00 8.000000e-01 nan nan nan nan
7.150000e+00 8.000000e-01 nan nan nan nan
7.200000e+00 8.000000e-01 nan nan nan nan
7.250000e+00 8.000000e-01 nan nan nan nan
7.300000e+00 8.000000e-01 nan nan nan nan
7.350000e+00 8.000000e-01 nan nan nan nan
7.400000e+00 8.000000e-01 nan nan nan nan
7.450000e+00 8.000000e-01 nan nan nan nan
7.500000e+00 8.000000e-01 nan nan nan nan
7.550000e+00 8.000000e-01 nan nan nan nan
7.600000e+00 8.000000e-01 nan nan nan nan
7.650000e+00 8.000000e-01 nan nan nan nan
7.700000e+00 8.000000e-01 nan nan nan nan
7.750000e+00 8.000000e-01 nan nan nan nan
7.800000e+00 8.000000e-01 nan nan nan nan
7.850000e+00 8.000000e-01 nan nan nan nan
7.900000e+00 8.000000e-01 nan nan nan nan
7.950000e+00 8.000000e-01 nan nan nan nan
8.000000e+00 8.000000e-01 nan nan nan nan
8.050000e+00 8.000000e-01 nan nan nan nan
8.100000e+00 8.000000e-01 nan nan nan nan
8.150000e+00 8.000000e-01 nan nan nan nan
8.200000e+00 8.000000e-01 nan nan nan nan
8.250000e+00 8.000000e-01 nan nan nan nan
8.300000e+00 8.000000e-01 nan nan nan nan
8.350000e+00 8.000000e-01 nan nan nan nan
8.400000e+00 8.000000e-01 nan nan nan nan
8.450000e+00 8.000000e-01 nan nan nan nan
8.500000e+00 8.000000e-01 nan nan nan nan
8.550000e+00 8.000000e-01 nan nan nan nan
8.600000e+00 8.000000e-01 nan nan nan nan
8.650000e+00 8.000000e-01 nan nan nan nan
8.700000e+00 8.000000e-01 nan nan nan nan
8.750000e+00 8.000000e-01 nan nan nan nan
8.800000e+00 8.000000e-01 nan nan nan nan
8.850000e+00 8.000000e-01 nan nan nan nan
8.900000e+00 8.000000e-01 nan nan nan nan
8.950000e+00 8.000000e-01 nan nan nan nan
9.000000e+00 8.000000e-01 nan nan nan nan
9.050000e+00 8.000000e-01 nan nan nan nan
9.100000e+00 8.000000e-01 nan nan nan nan
9.150000e+00 8.000000e-01 nan nan nan nan
9.200000e+00 8.000000e-01 nan nan nan nan
9.250000e+00 8.000000e-01 nan nan nan nan
9.300000e+00 8.000000e-01 nan nan nan nan
9.350000e+00 8.000000e-01 nan nan nan nan
9.400000e+00 8.000000e-01 nan nan nan nan
9.450000e+00 8.000000e-01 nan nan nan nan
9.500000e+00 8.000000e-01 nan nan nan nan
9.550000e+00 8.000000e-01 nan nan nan nan
9.600000e+00 8.000000e-01 nan nan nan nan
9.650000e+00 8.000000e-01 nan nan nan nan
9.700000e+00 8.000000e-01 nan nan nan nan
9.750000e+00 8.000000e-01 nan nan nan nan
9.800000e+00 8.000000e-01 nan nan nan nan
9.850000e+00 8.000000e-01 nan nan nan nan
9.900000e+00 8.000000e-01 nan nan nan nan
9.950000e+00 8.000000e-01 nan nan nan nan
1.000000e+01 8.000000e-01 8.956800e-01 nan 0.000000e+00 0.000000e+00
0.000000e+00 8.200000e-01 9.141360e-01 3.840000e+00 0.000000e+00 0.000000e+00
5.000000e-02 8.200000e-01 nan nan nan nan
1.000000e-01 8.200000e-01 nan nan nan nan
1.500000e-01 8.200000e-01 nan nan nan nan
2.000000e-01 8.200000e-01 nan nan nan nan
2.500000e-01 8.200000e-01 nan nan nan nan
3.000000e-01 8.200000e-01 nan nan nan nan
3.500000e-01 8.200000e-01 nan nan nan nan
4.000000e-01 8.200000e-01 nan nan nan nan
4.500000e-01 8.200000e-01 nan nan nan nan
5.000000e-01 8.200000e-01 nan nan nan nan
5.500000e-01 8.200000e-01 nan nan nan nan
6.000000e-01 8.200000e-01 nan nan nan nan
6.500000e-01 8.200000e-01 nan nan nan nan
7.000000e-01 8.200000e-01 nan nan nan nan
7.500000e-01 8.200000e-01 nan nan nan nan
8.000000e-01 8.200000e-01 nan nan nan nan
8.500000e-01 8.200000e-01 nan nan nan nan
9.000000e-01 8.200000e-01 nan nan nan nan
9.500000e-01 8.200000e-01 nan nan nan nan
1.000000e+00 8.200000e-01 nan nan nan nan
1.050000e+00 8.200000e-01 nan nan nan nan
1.100000e+00 8.200000e-01 nan nan nan nan
1.150000e+00 8.200000e-01 nan nan nan nan
1.200000e+00 8.200000e-01 nan nan nan nan
1.250000e+00 8.200000e-01 nan nan nan nan
1.300000e+00 8.200000e-01 nan nan nan nan
1.350000e+00 8.200000e-01 nan nan nan nan
1.400000e+00 8.200000e-01 nan nan nan nan
1.450000e+00 8.200000e-01 nan nan nan nan
1.500000e+00 8.200000e-01 nan nan nan nan
1.550000e+00 8.200000e-01 nan nan nan nan
1.600000e+00 8.200000e-01 nan nan nan nan
1.650000e+00 8.200000e-01 nan nan nan nan
1.700000e+00 8.200000e-01 nan nan nan nan
1.750000e+00 8.200000e-01 nan nan nan nan
1.800000e+00 8.200000e-01 nan nan nan nan
1.850000e+00 8.200000e-01 nan nan nan nan
1.900000e+00 8.200000e-01 nan nan nan nan
1.950000e+00 8.200000e-01 nan nan nan nan
2.000000e+00 8.200000e-01 nan nan nan nan
2.050000e+00 8.200000e-01 nan nan nan nan
2.100000e+00 8.200000e-01 nan nan nan nan
2.150000e+00 8.200000e-01 nan nan nan nan
2.200000e+00 8.200000e-01 nan nan nan nan
2.250000e+00 8.200000e-01 nan nan nan nan
2.300000e+00 8.200000e-01 nan nan nan nan
2.350000e+00 8.200000e-01 nan nan nan nan
2.400000e+00 8.200000e-01 nan nan nan nan
2.450000e+00 8.200000e-01 nan nan nan nan
2.500000e+00 8.200000e-01 nan nan nan nan
2.550000e+00 8.200000e-01 nan nan nan nan
2.600000e+00 8.200000e-01 nan nan nan nan
2.650000e+00 8.200000e-01 nan nan nan nan
2.700000e+00 8.200000e-01 nan nan nan nan
2.750000e+00 8.200000e-01 nan nan nan nan
2.800000e+00 8.200000e-01 nan nan nan nan
2.850000e+00 8.200000e-01 nan nan nan nan
2.900000e+00 8.200000e-01 nan nan nan nan
2.950000e+00 8.200000e-01 nan nan nan nan
3.000000e+00 8.200000e-01 nan nan nan nan
3.050000e+00 8.200000e-01 nan nan nan nan
3.100000e+00 8.200000e-01 nan nan nan nan
3.150000e+00 8.200000e-01 nan nan nan nan
3.200000e+00 8.200000e-01 nan nan nan nan
3.250000e+00 8.200000e-01 nan nan nan nan
3.300000e+00 8.200000e-01 nan nan nan nan
3.350000e+00 8.200000e-01 nan nan nan nan
3.400000e+00 8.200000e-01 nan nan nan nan
3.450000e+00 8.200000e-01 nan nan nan nan
3.500000e+00 8.200000e-01 nan nan nan nan
3.550000e+00 8.200000e-01 nan nan nan nan
3.600000e+00 8.200000e-01 nan nan nan nan
3.650000e+00 8.200000e-01 nan nan nan nan
3.700000e+00 8.200000e-01 nan nan nan nan
3.750000e+00 8.200000e-01 nan nan nan nan
3.800000e+00 8.200000e-01 nan nan nan nan
3.850000e+00 8.200000e-01 nan nan nan nan
3.900000e+00 8.200000e-01 nan nan nan nan
3.950000e+00 8.200000e-01 nan nan nan nan
4.000000e+00 8.200000e-01 nan nan nan nan
4.050000e+00 8.200000e-01 nan nan nan nan
4.100000e+00 8.200000e-01 nan nan nan nan
4.150000e+00 8.200000e-01 nan nan nan nan
4.200000e+00 8.200000e-01 nan nan nan nan
4.250000e+00 8.200000e-01 nan nan nan nan
4.300000e+00 8.200000e-01 nan nan nan nan
4.350000e+00 8.200000e-01 nan nan nan nan
4.400000e+00 8.200000e-01 nan nan nan nan
4.450000e+00 8.200000e-01 nan nan nan nan
4.500000e+00 8.200000e-01 nan nan nan nan
4.550000e+00 8.200000e-01 nan nan nan nan
4.600000e+00 8.200000e-01 nan nan nan nan
4.650000e+00 8.200000e-01 nan nan nan nan
4.700000e+00 8.200000e-01 nan nan nan nan
4.750000e+00 8.200000e-01 nan nan nan nan
4.800000e+00 8.200000e-01 nan nan nan nan
4.850000e+00 8.200000e-01 nan nan nan nan
4.900000e+00 8.200000e-01 nan nan nan nan
4.950000e+00 8.200000e-01 nan nan nan nan
5.000000e+00 8.200000e-01 nan nan nan nan
5.050000e+00 8.200000e-01 nan nan nan nan
5.100000e+00 8.200000e-01 nan nan nan nan
5.150000e+00 8.200000e-01 nan nan nan nan
5.200000e+00 8.200000e-01 nan nan nan nan
5.250000e+00 8.200000e-01 nan nan nan nan
5.300000e+00 8.200000e-01 nan nan nan nan
5.350000e+00 8.200000e-01 nan nan nan nan
5.400000e+00 8.200000e-01 nan nan nan nan
5.450000e+00 8.200000e-01 nan nan nan nan
5.500000e+00 8.200000e-01 nan nan nan nan
5.550000e+00 8.200000e-01 nan nan nan nan
5.600000e+00 8.200000e-01 nan nan nan nan
5.650000e+00 8.200000e-01 nan nan nan nan
5.700000e+00 8.200000e-01 nan nan nan nan
5.750000e+00 8.200000e-01 nan nan nan nan
5.800000e+00 8.200000e-01 nan nan nan nan
5.850000e+00 8.200000e-01 nan nan nan nan
5.900000e+00 8.200000e-01 nan nan nan nan
5.950000e+00 8.200000e-01 nan nan nan nan
6.000000e+00 8.200000e-01 nan nan nan nan
6.050000e+00 8.200000e-01 nan nan nan nan
6.100000e+00 8.200000e-01 nan nan nan nan
6.150000e+00 8.200000e-01 nan nan nan nan
6.200000e+00 8.200000e-01 nan nan nan nan
6.250000e+00 8.200000e-01 nan nan nan nan
6.300000e+00 8.200000e-01 nan nan nan nan
6.350000e+00 8.200000e-01 nan nan nan nan
6.400000e+00 8.200000e-01 nan nan nan nan
6.450000e+00 8.200000e-01 nan nan nan nan
6.500000e+00 8.200000e-01 nan nan nan nan
6.550000e+00 8.200000e-01 nan nan nan nan
6.600000e+00 8.200000e-01 nan nan nan nan
6.650000e+00 8.200000e-01 nan nan nan nan
6.700000e+00 8.200000e-01 nan nan nan nan
6.750000e+00 8.200000e-01 nan nan nan nan
6.800000e+00 8.200000e-01 nan nan nan nan
6.850000e+00 8.200000e-01 nan nan nan nan
6.900000e+00 8.200000e-01 nan nan nan nan
6.950000e+00 8.200000e-01 nan nan nan nan
7.000000e+00 8.200000e-01 nan nan nan nan
7.050000e+00 8.200000e-01 nan nan nan nan
7.100000e+00 8.200000e-01 nan nan nan nan
7.150000e+00 8.200000e-01 nan nan nan nan
7.200000e+00 8.200000e-01 nan nan nan nan
7.250000e+00 8.200000e-01 nan nan nan nan
7.300000e+00 8.200000e-01 nan nan nan nan
7.350000e+00 8.200000e-01 nan nan nan nan
7.400000e+00 8.200000e-01 nan nan nan nan
7.450000e+00 8.200000e-01 nan nan nan nan
7.500000e+00 8.200000e-01 nan nan nan nan
7.550000e+00 8.200000e-01 nan nan nan nan
7.600000e+00 8.200000e-01 nan nan nan nan
7.650000e+00 8.200000e-01 nan nan nan nan
7.700000e+00 8.200000e-01 nan nan nan nan
7.750000e+00 8.200000e-01 nan nan nan nan
7.800000e+00 8.200000e-01 nan nan nan nan
7.850000e+00 8.200000e-01 nan nan nan nan
7.900000e+00 8.200000e-01 nan nan nan nan
7.950000e+00 8.200000e-01 nan nan nan nan
8.000000e+00 8.200000e-01 nan nan nan nan
8.050000e+00 8.200000e-01 nan nan nan nan
8.100000e+00 8.200000e-01 nan nan nan nan
8.150000e+00 8.200000e-01 nan nan nan nan
8.200000e+00 8.200000e-01 nan nan nan nan
8.250000e+00 8.200000e-01 nan nan nan nan
8.300000e+00 8.200000e-01 nan nan nan nan
8.350000e+00 8.200000e-01 nan nan nan nan
8.400000e+00 8.200000e-01 nan nan nan nan
8.450000e+00 8.200000e-01 nan nan nan nan
8.500000e+00 8.200000e-01 nan nan nan nan
8.550000e+00 8.200000e-01 nan nan nan nan
8.600000e+00 8.200000e-01 nan nan nan nan
8.650000e+00 8.200000e-01 nan nan nan nan
8.700000e+00 8.200000e-01 nan nan nan nan
8.750000e+00 8.200000e-01 nan nan nan nan
8.800000e+00 8.200000e-01 nan nan nan nan
8.850000e+00 8.200000e-01 nan nan nan nan
8.900000e+00 8.200000e-01 nan nan nan nan
8.950000e+00 8.200000e-01 nan nan nan nan
9.000000e+00 8.200000e-01 nan nan nan nan
9.050000e+00 8.200000e-01 nan nan nan nan
9.100000e+00 8.200000e-01 nan nan nan nan
9.150000e+00 8.200000e-01 nan nan nan nan
9.200000e+00 8.200000e-01 nan nan nan nan
9.250000e+00 8.200000e-01 nan nan nan nan
9.300000e+00 8.200000e-01 nan nan nan nan
9.350000e+00 8.200000e-01 nan nan nan nan
9.400000e+00 8.200000e-01 nan nan nan nan
9.450000e+00 8.200000e-01 nan nan nan nan
9.500000e+00 8.200000e-01 nan nan nan nan
9.550000e+00 8.200000e-01 nan nan nan nan
9.600000e+00 8.200000e-01 nan nan nan nan
9.650000e+00 8.200000e-01 nan nan nan nan
9.700000e+00 8.200000e-01 nan nan nan nan
9.750000e+00 8.200000e-01 nan nan nan nan
9.800000e+00 8.200000e-01 nan nan nan nan
9.850000e+00 8.200000e-01 nan nan nan nan
9.900000e+00 8.200000e-01 nan nan nan nan
9.950000e+00 8.200000e-01 nan nan nan nan
1.000000e+01 8.200000e-01 9.141360e-01 nan 0.000000e+00 0.000000e+00
0.000000e+00 8.400000e-01 9.310560e-01 4.080000e+00 0.000000e+00 0.000000e+00
5.000000e-02 8.400000e-01 nan nan nan nan
1.000000e-01 8.400000e-01 nan nan nan nan
1.500000e-01 8.400000e-01 nan nan nan nan
2.000000e-01 8.400000e-01 nan nan nan nan
2.500000e-01 8.400000e-01 nan nan nan nan
3.000000e-01 8.400000e-01 nan nan nan nan
3.500000e-01 8.400000e-01 nan nan nan nan
4.000000e-01 8.400000e-01 nan nan nan nan
4.500000e-01 8.400000e-01 nan nan nan nan
5.000000e-01 8.400000e-01 nan nan nan nan
5.500000e-01 8.400000e-01 nan nan nan nan
6.000000e-01 8.400000e-01 nan nan nan nan
6.500000e-01 8.400000e-01 nan nan nan nan
7.000000e-01 8.400000e-01 nan nan nan nan
7.500000e-01 8.400000e-01 nan nan nan nan
8.000000e-01 8.400000e-01 nan nan nan nan
8.500000e-01 8.400000e-01 nan nan nan nan
9.000000e-01 8.400000e-01 nan nan nan nan
9.500000e-01 8.400000e-01 nan nan nan nan
1.000000e+00 8.400000e-01 nan nan nan nan
1.050000e+00 8.400000e-01 nan nan nan nan
1.100000e+00 8.400000e-01 nan nan nan nan
1.150000e+00 8.400000e-01 nan nan nan nan
1.200000e+00 8.400000e-01 nan nan nan nan
1.250000e+00 8.400000e-01 nan nan nan nan
1.300000e+00 8.400000e-01 nan nan nan nan
1.350000e+00 8.400000e-01 nan nan nan nan
1.400000e+00 8.400000e-01 nan nan nan nan
1.450000e+00 8.400000e-01 nan nan nan nan
1.500000e+00 8.400000e-01 nan nan nan nan
1.550000e+00 8.400000e-01 nan nan nan nan
1.600000e+00 8.400000e-01 nan nan nan nan
1.650000e+00 8.400000e-01 nan nan nan nan
1.700000e+00 8.400000e-01 nan nan nan nan
1.750000e+00 8.400000e-01 nan nan nan nan
1.800000e+00 8.400000e-01 nan nan nan nan
1.850000e+00 8.400000e-01 nan nan nan nan
1.900000e+00 8.400000e-01 nan nan nan nan
1.950000e+00 8.400000e-01 nan nan nan nan
2.000000e+00 8.400000e-01 nan nan nan nan
2.050000e+00 8.400000e-01 nan nan nan nan
2.100000e+00 8.400000e-01 nan nan nan nan
2.150000e+00 8.400000e-01 nan nan nan nan
2.200000e+00 8.400000e-01 nan nan nan nan
2.250000e+00 8.400000e-01 nan nan nan nan
2.300000e+00 8.400000e-01 nan nan nan nan
2.350000e+00 8.400000e-01 nan nan nan nan
2.400000e+00 8.400000e-01 nan nan nan nan
2.450000e+00 8.400000e-01 nan nan nan nan
2.500000e+00 8.400000e-01 nan nan nan nan
2.550000e+00 8.400000e-01 nan nan nan nan
2.600000e+00 8.400000e-01 nan nan nan nan
2.650000e+00 8.400000e-01 nan nan nan nan
2.700000e+00 8.400000e-01 nan nan nan nan
2.750000e+00 8.400000e-01 nan nan nan nan
2.800000e+00 8.400000e-01 nan nan nan nan
2.850000e+00 8.400000e-01 nan nan nan nan
2.900000e+00 8.400000e-01 nan nan nan nan
2.950000e+00 8.400000e-01 nan nan nan nan
3.000000e+00 8.400000e-01 nan nan nan nan
3.050000e+00 8.400000e-01 nan nan nan nan
3.100000e+00 8.400000e-01 nan nan nan nan
3.150000e+00 8.400000e-01 nan nan nan nan
3.200000e+00 8.400000e-01 nan nan nan nan
3.250000e+00 8.400000e-01 nan nan nan nan
3.300000e+00 8.400000e-01 nan nan nan nan
3.350000e+00 8.400000e-01 nan nan nan nan
3.400000e+00 8.400000e-01 nan nan nan nan
3.450000e+00 8.400000e-01 nan nan nan nan
3.500000e+00 8.400000e-01 nan nan nan nan
3.550000e+00 8.400000e-01 nan nan nan nan
3.600000e+00 8.400000e-01 nan nan nan nan
3.650000e+00 8.400000e-01 nan nan nan nan
3.700000e+00 8.400000e-01 nan nan nan nan
3.750000e+00 8.400000e-01 nan nan nan nan
3.800000e+00 8.400000e-01 nan nan nan nan
3.850000e+00 8.400000e-01 nan nan nan nan
3.900000e+00 8.400000e-01 nan nan nan nan
3.950000e+00 8.400000e-01 nan nan nan nan
4.000000e+00 8.400000e-01 nan nan nan nan
4.050000e+00 8.400000e-01 nan nan nan nan
4.100000e+00 8.400000e-01 nan nan nan nan
4.150000e+00 8.400000e-01 nan nan nan nan
4.200000e+00 8.400000e-01 nan nan nan nan
4.250000e+00 8.400000e-01 nan nan nan nan
4.300000e+00 8.400000e-01 nan nan nan nan
4.350000e+00 8.400000e-01 nan nan nan nan
4.400000e+00 8.400000e-01 nan nan nan nan
4.450000e+00 8.400000e-01 nan nan nan nan
4.500000e+00 8.400000e-01 nan nan nan nan
4.550000e+00 8.400000e-01 nan nan nan nan
4.600000e+00 8.400000e-01 nan nan nan nan
4.650000e+00 8.400000e-01 nan nan nan nan
4.700000e+00 8.400000e-01 nan nan nan nan
4.750000e+00 8.400000e-01 nan nan nan nan
4.800000e+00 8.400000e-01 nan nan nan nan
4.850000e+00 8.400000e-01 nan nan nan nan
4.900000e+00 8.400000e-01 nan nan nan nan
4.950000e+00 8.400000e-01 nan nan nan nan
5.000000e+00 8.400000e-01 nan nan nan nan
5.050000e+00 8.400000e-01 nan nan nan nan
5.100000e+00 8.400000e-01 nan nan nan nan
5.150000e+00 8.400000e-01 nan nan nan nan
5.200000e+00 8.400000e-01 nan nan nan nan
5.250000e+00 8.400000e-01 nan nan nan nan
5.300000e+00 8.400000e-01 nan nan nan nan
5.350000e+00 8.400000e-01 nan nan nan nan
5.400000e+00 8.400000e-01 nan nan nan nan
5.450000e+00 8.400000e-01 nan nan nan nan
5.500000e+00 8.400000e-01 nan nan nan nan
5.550000e+00 8.400000e-01 nan nan nan nan
5.600000e+00 8.400000e-01 nan nan nan nan
5.650000e+00 8.400000e-01 nan nan nan nan
5.700000e+00 8.400000e-01 nan nan nan nan
5.750000e+00 8.400000e-01 nan nan nan nan
5.800000e+00 8.400000e-01 nan nan nan nan
5.850000e+00 8.400000e-01 nan nan nan nan
5.900000e+00 8.400000e-01 nan nan nan nan
5.950000e+00 8.400000e-01 nan nan nan nan
6.000000e+00 8.400000e-01 nan nan nan nan
6.050000e+00 8.400000e-01 nan nan nan nan
6.100000e+00 8.400000e-01 nan nan nan nan
6.150000e+00 8.400000e-01 nan nan nan nan
6.200000e+00 8.400000e-01 nan nan nan nan
6.250000e+00 8.400000e-01 nan nan nan nan
6.300000e+00 8.400000e-01 nan nan nan nan
6.350000e+00 8.400000e-01 nan nan nan nan
6.400000e+00 8.400000e-01 nan nan nan nan
6.450000e+00 8.400000e-01 nan nan nan nan
6.500000e+00 8.400000e-01 nan nan nan nan
6.550000e+00 8.400000e-01 nan nan nan nan
6.600000e+00 8.400000e-01 nan nan nan nan
6.650000e+00 8.400000e-01 nan nan nan nan
6.700000e+00 8.400000e-01 nan nan nan nan
6.750000e+00 8.400000e-01 nan nan nan nan
6.800000e+00 8.400000e-01 nan nan nan nan
6.850000e+00 8.400000e-01 nan nan nan nan
6.900000e+00 8.400000e-01 nan nan nan nan
6.950000e+00 8.400000e-01 nan nan nan nan
7.000000e+00 8.400000e-01 nan nan nan nan
7.050000e+00 8.400000e-01 nan nan nan nan
7.100000e+00 8.400000e-01 nan nan nan nan
7.150000e+00 8.400000e-01 nan nan nan nan
7.200000e+00 8.400000e-01 nan nan nan nan
7.250000e+00 8.400000e-01 nan nan nan nan
7.300000e+00 8.400000e-01 nan nan nan nan
7.350000e+00 8.400000e-01 nan nan nan nan
7.400000e+00 8.400000e-01 nan nan nan nan
7.450000e+00 8.400000e-01 nan nan nan nan
7.500000e+00 8.400000e-01 nan nan nan nan
7.550000e+00 8.400000e-01 nan nan nan nan
7.600000e+00 8.400000e-01 nan nan nan nan
7.650000e+00 8.400000e-01 nan nan nan nan
7.700000e+00 8.400000e-01 nan nan nan nan
7.750000e+00 8.400000e-01 nan nan nan nan
7.800000e+00 8.400000e-01 nan nan nan nan
7.850000e+00 8.400000e-01 nan nan nan nan
7.900000e+00 8.400000e-01 nan nan nan nan
7.950000e+00 8.400000e-01 nan nan nan nan
8.000000e+00 8.400000e-01 nan nan nan nan
8.050000e+00 8.400000e-01 nan nan nan nan
8.100000e+00 8.400000e-01 nan nan nan nan
8.150000e+00 8.400000e-01 nan nan nan nan
8.200000e+00 8.400000e-01 nan nan nan nan
8.250000e+00 8.400000e-01 nan nan nan nan
8.300000e+00 8.400000e-01 nan nan nan nan
8.350000e+00 8.400000e-01 nan nan nan nan
8.400000e+00 8.400000e-01 nan nan nan nan
8.450000e+00 8.400000e-01 nan nan nan nan
8.500000e+00 8.400000e-01 nan nan nan nan
8.550000e+00 8.400000e-01 nan nan nan nan
8.600000e+00 8.400000e-01 nan nan nan nan
8.650000e+00 8.400000e-01 nan nan nan nan
8.700000e+00 8.400000e-01 nan nan nan nan
8.750000e+00 8.400000e-01 nan nan nan nan
8.800000e+00 8.400000e-01 nan nan nan nan
8.850000e+00 8.400000e-01 nan nan nan nan
8.900000e+00 8.400000e-01 nan nan nan nan
8.950000e+00 8.400000e-01 nan nan nan nan
9.000000e+00 8.400000e-01 nan nan nan nan
9.050000e+00 8.400000e-01 nan nan nan nan
9.100000e+00 8.400000e-01 nan nan nan nan
9.150000e+00 8.400000e-01 nan nan nan nan
9.200000e+00 8.400000e-01 nan nan nan nan
9.250000e+00 8.400000e-01 nan nan nan nan
9.300000e+00 8.400000e-01 nan nan nan nan
9.350000e+00 8.400000e-01 nan nan nan nan
9.400000e+00 8.400000e-01 nan nan nan nan
9.450000e+00 8.400000e-01 nan nan nan nan
9.500000e+00 8.400000e-01 nan nan nan nan
9.550000e+00 8.400000e-01 nan nan nan nan
9.600000e+00 8.400000e-01 nan nan nan nan
9.650000e+00 8.400000e-01 nan nan nan nan
9.700000e+00 8.400000e-01 nan nan nan nan
9.750000e+00 8.400000e-01 nan nan nan nan
9.800000e+00 8.400000e-01 nan nan nan nan
9.850000e+00 8.400000e-01 nan nan nan nan
9.900000e+00 8.400000e-01 nan nan nan nan
9.950000e+00 8.400000e-01 nan nan nan nan
1.000000e+01 8.400000e-01 9.310560e-01 nan 0.000000e+00 0.000000e+00
0.000000e+00 8.600000e-01 9.463440e-01 4.320000e+00 0.000000e+00 0.000000e+00
5.000000e-02 8.600000e-01 nan nan nan nan
1.000000e-01 8.600000e-01 nan nan nan nan
1.500000e-01 8.600000e-01 nan nan nan nan
2.000000e-01 8.600000e-01 nan nan nan nan
2.500000e-01 8.600000e-01 nan nan nan nan
3.000000e-01 8.600000e-01 nan nan nan nan
3.500000e-01 8.600000e-01 nan nan nan nan
4.000000e-01 8.600000e-01 nan nan nan nan
4.500000e-01 8.600000e-01 nan nan nan nan
5.000000e-01 8.600000e-01 nan nan nan nan
5.500000e-01 8.600000e-01 nan nan nan nan
6.000000e-01 8.600000e-01 nan nan nan nan
6.500000e-01 8.600000e-01 nan nan nan nan
7.000000e-01 8.600000e-01 nan nan nan nan
7.500000e-01 8.600000e-01 nan nan nan nan
8.000000e-01 8.600000e-01 nan nan nan nan
8.500000e-01 8.600000e-01 nan nan nan nan
9.000000e-01 8.600000e-01 nan nan nan nan
9.500000e-01 8.600000e-01 nan nan nan nan
1.000000e+00 8.600000e-01 nan nan nan nan
1.050000e+00 8.600000e-01 nan nan nan nan
1.100000e+00 8.600000e-01 nan nan nan nan
1.150000e+00 8.600000e-01 nan nan nan nan
1.200000e+00 8.600000e-01 nan nan nan nan
1.250000e+00 8.600000e-01 nan nan nan nan
1.300000e+00 8.600000e-01 nan nan nan nan
1.350000e+00 8.600000e-01 nan nan nan nan
1.400000e+00 8.600000e-01 nan nan nan nan
1.450000e+00 8.600000e-01 nan nan nan nan
1.500000e+00 8.600000e-01 nan nan nan nan
1.550000e+00 8.600000e-01 nan nan nan nan
1.600000e+00 8.600000e-01 nan nan nan nan
1.650000e+00 8.600000e-01 nan nan nan nan
1.700000e+00 8.600000e-01 nan nan nan nan
1.750000e+00 8.600000e-01 nan nan nan nan
1.800000e+00 8.600000e-01 nan nan nan nan
1.850000e+00 8.600000e-01 nan nan nan nan
1.900000e+00 8.600000e-01 nan nan nan nan
1.950000e+00 8.600000e-01 nan nan nan nan
2.000000e+00 8.600000e-01 nan nan nan nan
2.050000e+00 8.600000e-01 nan nan nan nan
2.100000e+00 8.600000e-01 nan nan nan nan
2.150000e+00 8.600000e-01 nan nan nan nan
2.200000e+00 8.600000e-01 nan nan nan nan
2.250000e+00 8.600000e-01 nan nan nan nan
2.300000e+00 8.600000e-01 nan nan nan nan
2.350000e+00 8.600000e-01 nan nan nan nan
2.400000e+00 8.600000e-01 nan nan nan nan
2.450000e+00 8.600000e-01 nan nan nan nan
2.500000e+00 8.600000e-01 nan nan nan nan
2.550000e+00 8.600000e-01 nan nan nan nan
2.600000e+00 8.600000e-01 nan nan nan nan
2.650000e+00 8.600000e-01 nan nan nan nan
2.700000e+00 8.600000e-01 nan nan nan nan
2.750000e+00 8.600000e-01 nan nan nan nan
2.800000e+00 8.600000e-01 nan nan nan nan
2.850000e+00 8.600000e-01 nan nan nan nan
2.900000e+00 8.600000e-01 nan nan nan nan
2.950000e+00 8.600000e-01 nan nan nan nan
3.000000e+00 8.600000e-01 nan nan nan nan
3.050000e+00 8.600000e-01 nan nan nan nan
3.100000e+00 8.600000e-01 nan nan nan nan
3.150000e+00 8.600000e-01 nan nan nan nan
3.200000e+00 8.600000e-01 nan nan nan nan
3.250000e+00 8.600000e-01 nan nan nan nan
3.300000e+00 8.600000e-01 nan nan nan nan
3.350000e+00 8.600000e-01 nan nan nan nan
3.400000e+00 8.600000e-01 nan nan nan nan
3.450000e+00 8.600000e-01 nan nan nan nan
3.500000e+00 8.600000e-01 nan nan nan nan
3.550000e+00 8.600000e-01 nan nan nan nan
3.600000e+00 8.600000e-01 nan nan nan nan
3.650000e+00 8.600000e-01 nan nan nan nan
3.700000e+00 8.600000e-01 nan nan nan nan
3.750000e+00 8.600000e-01 nan nan nan nan
3.800000e+00 8.600000e-01 nan nan nan nan
3.850000e+00 8.600000e-01 nan nan nan nan
3.900000e+00 8.600000e-01 nan nan nan nan
3.950000e+00 8.600000e-01 nan nan nan nan
4.000000e+00 8.600000e-01 nan nan nan nan
4.050000e+00 8.600000e-01 nan nan nan nan
4.100000e+00 8.600000e-01 nan nan nan nan
4.150000e+00 8.600000e-01 nan nan nan nan
4.200000e+00 8.600000e-01 nan nan nan nan
4.250000e+00 8.600000e-01 nan nan nan nan
4.300000e+00 8.600000e-01 nan nan nan nan
4.350000e+00 8.600000e-01 nan nan nan nan
4.400000e+00 8.600000e-01 nan nan nan nan
4.450000e+00 8.600000e-01 nan nan nan nan
4.500000e+00 8.600000e-01 nan nan nan nan
4.550000e+00 8.600000e-01 nan nan nan nan
4.600000e+00 8.600000e-01 nan nan nan nan
4.650000e+00 8.600000e-01 nan nan nan nan
4.700000e+00 8.600000e-01 nan nan nan nan
4.750000e+00 8.600000e-01 nan nan nan nan
4.800000e+00 8.600000e-01 nan nan nan nan
4.850000e+00 8.600000e-01 nan nan nan nan
4.900000e+00 8.600000e-01 nan nan nan nan
4.950000e+00 8.600000e-01 nan nan nan nan
5.000000e+00 8.600000e-01 nan nan nan nan
5.050000e+00 8.600000e-01 nan nan nan nan
5.100000e+00 8.600000e-01 nan nan nan nan
5.150000e+00 8.600000e-01 nan nan nan nan
5.200000e+00 8.600000e-01 nan nan nan nan
5.250000e+00 8.600000e-01 nan nan nan nan
5.300000e+00 8.600000e-01 nan nan nan nan
5.350000e+00 8.600000e-01 nan nan nan nan
5.400000e+00 8.600000e-01 nan nan nan nan
5.450000e+00 8.600000e-01 nan nan nan nan
5.500000e+00 8.600000e-01 nan nan nan nan
5.550000e+00 8.600000e-01 nan nan nan nan
5.600000e+00 8.600000e-01 nan nan nan nan
5.650000e+00 8.600000e-01 nan nan nan nan
5.700000e+00 8.600000e-01 nan nan nan nan
5.750000e+00 8.600000e-01 nan nan nan nan
5.800000e+00 8.600000e-01 nan nan nan nan
5.850000e+00 8.600000e-01 nan nan nan nan
5.900000e+00 8.600000e-01 nan nan nan nan
5.950000e+00 8.600000e-01 nan nan nan nan
6.000000e+00 8.600000e-01 nan nan nan nan
6.050000e+00 8.600000e-01 nan nan nan nan
6.100000e+00 8.600000e-01 nan nan nan nan
6.150000e+00 8.600000e-01 nan nan nan nan
6.200000e+00 8.600000e-01 nan nan nan nan
6.250000e+00 8.600000e-01 nan nan nan nan
6.300000e+00 8.600000e-01 nan nan nan nan
6.350000e+00 8.600000e-01 nan nan nan nan
6.400000e+00 8.600000e-01 nan nan nan nan
6.450000e+00 8.600000e-01 nan nan nan nan
6.500000e+00 8.600000e-01 nan nan nan nan
6.550000e+00 8.600000e-01 nan nan nan nan
6.600000e+00 8.600000e-01 nan nan nan nan
6.650000e+00 8.600000e-01 nan nan nan nan
6.700000e+00 8.600000e-01 nan nan nan nan
6.750000e+00 8.600000e-01 nan nan nan nan
6.800000e+00 8.600000e-01 nan nan nan nan
6.850000e+00 8.600000e-01 nan nan nan nan
6.900000e+00 8.600000e-01 nan nan nan nan
6.950000e+00 8.600000e-01 nan nan nan nan
7.000000e+00 8.600000e-01 nan nan nan nan
7.050000e+00 8.600000e-01 nan nan nan nan
7.100000e+00 8.600000e-01 nan nan nan nan
7.150000e+00 8.600000e-01 nan nan nan nan
7.200000e+00 8.600000e-01 nan nan nan nan
7.250000e+00 8.600000e-01 nan nan nan nan
7.300000e+00 8.600000e-01 nan nan nan nan
7.350000e+00 8.600000e-01 nan nan nan nan
7.400000e+00 8.600000e-01 nan nan nan nan
7.450000e+00 8.600000e-01 nan nan nan nan
7.500000e+00 8.600000e-01 nan nan nan nan
7.550000e+00 8.600000e-01 nan nan nan nan
7.600000e+00 8.600000e-01 nan nan nan nan
7.650000e+00 8.600000e-01 nan nan nan nan
7.700000e+00 8.600000e-01 nan nan nan nan
7.750000e+00 8.600000e-01 nan nan nan nan
7.800000e+00 8.600000e-01 nan nan nan nan
7.850000e+00 8.600000e-01 nan nan nan nan
7.900000e+00 8.600000e-01 nan nan nan nan
7.950000e+00 8.600000e-01 nan nan nan nan
8.000000e+00 8.600000e-01 nan nan nan nan
8.050000e+00 8.600000e-01 nan nan nan nan
8.100000e+00 8.600000e-01 nan nan nan nan
8.150000e+00 8.600000e-01 nan nan nan nan
8.200000e+00 8.600000e-01 nan nan nan nan
8.250000e+00 8.600000e-01 nan nan nan nan
8.300000e+00 8.600000e-01 nan nan nan nan
8.350000e+00 8.600000e-01 nan nan nan nan
8.400000e+00 8.600000e-01 nan nan nan nan
8.450000e+00 8.600000e-01 nan nan nan nan
8.500000e+00 8.600000e-01 nan nan nan nan
8.550000e+00 8.600000e-01 nan nan nan nan
8.600000e+00 8.600000e-01 nan nan nan nan
8.650000e+00 8.600000e-01 nan nan nan nan
8.700000e+00 8.600000e-01 nan nan nan nan
8.750000e+00 8.600000e-01 nan nan nan nan
8.800000e+00 8.600000e-01 nan nan nan nan
8.850000e+00 8.600000e-01 nan nan nan nan
8.900000e+00 8.600000e-01 nan nan nan nan
8.950000e+00 8.600000e-01 nan nan nan nan
9.000000e+00 8.600000e-01 nan nan nan nan
9.050000e+00 8.600000e-01 nan nan nan nan
9.100000e+00 8.600000e-01 nan nan nan nan
9.150000e+00 8.600000e-01 nan nan nan nan
9.200000e+00 8.600000e-01 nan nan nan nan
9.250000e+00 8.600000e-01 nan nan nan nan
9.300000e+00 8.600000e-01 nan nan nan nan
9.350000e+00 8.600000e-01 nan nan nan nan
9.400000e+00 8.600000e-01 nan nan nan nan
9.450000e+00 8.600000e-01 nan nan nan nan
9.500000e+00 8.600000e-01 nan nan nan nan
9.550000e+00 8.600000e-01 nan nan nan nan
9.600000e+00 8.600000e-01 nan nan nan nan
9.650000e+00 8.600000e-01 nan nan nan nan
9.700000e+00 8.600000e-01 nan nan nan nan
9.750000e+00 8.600000e-01 nan nan nan nan
9.800000e+00 8.600000e-01 nan nan nan nan
9.850000e+00 8.600000e-01 nan nan nan nan
9.900000e+00 8.600000e-01 nan nan nan nan
9.950000e+00 8.600000e-01 nan nan nan nan
1.000000e+01 8.600000e-01 9.463440e-01 nan 0.000000e+00 0.000000e+00
0.000000e+00 8.800000e-01 9.599040e-01 4.560000e+00 0.000000e+00 0.000000e+00
5.000000e-02 8.800000e-01 nan nan nan nan
1.000000e-01 8.800000e-01 nan nan nan nan
1.500000e-01 8.800000e-01 nan nan nan nan
2.000000e-01 8.800000e-01 nan nan nan nan
2.500000e-01 8.800000e-01 nan nan nan nan
3.000000e-01 8.800000e-01 nan nan nan nan
3.500000e-01 8.800000e-01 nan nan nan nan
4.000000e-01 8.800000e-01 nan nan nan nan
4.500000e-01 8.800000e-01 nan nan nan nan
5.000000e-01 8.800000e-01 nan nan nan nan
5.500000e-01 8.800000e-01 nan nan nan nan
6.000000e-01 8.800000e-01 nan nan nan nan
6.500000e-01 8.800000e-01 nan nan nan nan
7.000000e-01 8.800000e-01 nan nan nan nan
7.500000e-01 8.800000e-01 nan nan nan nan
8.000000e-01 8.800000e-01 nan nan nan nan
8.500000e-01 8.800000e-01 nan nan nan nan
9.000000e-01 8.800000e-01 nan nan nan nan
9.500000e-01 8.800000e-01 nan nan nan nan
1.000000e+00 8.800000e-01 nan nan nan nan
1.050000e+00 8.800000e-01 nan nan nan nan
1.100000e+00 8.800000e-01 nan nan nan nan
1.150000e+00 8.800000e-01 nan nan nan nan
1.200000e+00 8.800000e-01 nan nan nan nan
1.250000e+00 8.800000e-01 nan nan nan nan
1.300000e+00 8.800000e-01 nan nan nan nan
1.350000e+00 8.800000e-01 nan nan nan nan
1.400000e+00 8.800000e-01 nan nan nan nan
1.450000e+00 8.800000e-01 nan nan nan nan
1.500000e+00 8.800000e-01 nan nan nan nan
1.550000e+00 8.800000e-01 nan nan nan nan
1.600000e+00 8.800000e-01 nan nan nan nan
1.650000e+00 8.800000e-01 nan nan nan nan
1.700000e+00 8.800000e-01 nan nan nan nan
1.750000e+00 8.800000e-01 nan nan nan nan
1.800000e+00 8.800000e-01 nan nan nan nan
1.850000e+00 8.800000e-01 nan nan nan nan
1.900000e+00 8.800000e-01 nan nan nan nan
1.950000e+00 8.800000e-01 nan nan nan nan
2.000000e+00 8.800000e-01 nan nan nan nan
2.050000e+00 8.800000e-01 nan nan nan nan
2.100000e+00 8.800000e-01 nan nan nan nan
2.150000e+00 8.800000e-01 nan nan nan nan
2.200000e+00 8.800000e-01 nan nan nan nan
2.250000e+00 8.800000e-01 nan nan nan nan
2.300000e+00 8.800000e-01 nan nan nan nan
2.350000e+00 8.800000e-01 nan nan nan nan
2.400000e+00 8.800000e-01 nan nan nan nan
2.450000e+00 8.800000e-01 nan nan nan nan
2.500000e+00 8.800000e-01 nan nan nan nan
2.550000e+00 8.800000e-01 nan nan nan nan
2.600000e+00 8.800000e-01 nan nan nan nan
2.650000e+00 8.800000e-01 nan nan nan nan
2.700000e+00 8.800000e-01 nan nan nan nan
2.750000e+00 8.800000e-01 nan nan nan nan
2.800000e+00 8.800000e-01 nan nan nan nan
2.850000e+00 8.800000e-01 nan nan nan nan
2.900000e+00 8.800000e-01 nan nan nan nan
2.950000e+00 8.800000e-01 nan nan nan nan
3.000000e+00 8.800000e-01 nan nan nan nan
3.050000e+00 8.800000e-01 nan nan nan nan
3.100000e+00 8.800000e-01 nan nan nan nan
3.150000e+00 8.800000e-01 nan nan nan nan
3.200000e+00 8.800000e-01 nan nan nan nan
3.250000e+00 8.800000e-01 nan nan nan nan
3.300000e+00 8.800000e-01 nan nan nan nan
3.350000e+00 8.800000e-01 nan nan nan nan
3.400000e+00 8.800000e-01 nan nan nan nan
3.450000e+00 8.800000e-01 nan nan nan nan
3.500000e+00 8.800000e-01 nan nan nan nan
3.550000e+00 8.800000e-01 nan nan nan nan
3.600000e+00 8.800000e-01 nan nan nan nan
3.650000e+00 8.800000e-01 nan nan nan nan
3.700000e+00 8.800000e-01 nan nan nan nan
3.750000e+00 8.800000e-01 nan nan nan nan
3.800000e+00 8.800000e-01 nan nan nan nan
3.850000e+00 8.800000e-01 nan nan nan nan
3.900000e+00 8.800000e-01 nan nan nan nan
3.950000e+00 8.800000e-01 nan nan nan nan
4.000000e+00 8.800000e-01 nan nan nan nan
4.050000e+00 8.800000e-01 nan nan nan nan
4.100000e+00 8.800000e-01 nan nan nan nan
4.150000e+00 8.800000e-01 nan nan nan nan
4.200000e+00 8.800000e-01 nan nan nan nan
4.250000e+00 8.800000e-01 nan nan nan nan
4.300000e+00 8.800000e-01 nan nan nan nan
4.350000e+00 8.800000e-01 nan nan nan nan
4.400000e+00 8.800000e-01 nan nan nan nan
4.450000e+00 8.800000e-01 nan nan nan nan
4.500000e+00 8.800000e-01 nan nan nan nan
4.550000e+00 8.800000e-01 nan nan nan nan
4.600000e+00 8.800000e-01 nan nan nan nan
4.650000e+00 8.800000e-01 nan nan nan nan
4.700000e+00 8.800000e-01 nan nan nan nan
4.750000e+00 8.800000e-01 nan nan nan nan
4.800000e+00 8.800000e-01 nan nan nan nan
4.850000e+00 8.800000e-01 nan nan nan nan
4.900000e+00 8.800000e-01 nan nan nan nan
4.950000e+00 8.800000e-01 nan nan nan nan
5.000000e+00 8.800000e-01 nan nan nan nan
5.050000e+00 8.800000e-01 nan nan nan nan
5.100000e+00 8.800000e-01 nan nan nan nan
5.150000e+00 8.800000e-01 nan nan nan nan
5.200000e+00 8.800000e-01 nan nan nan nan
5.250000e+00 8.800000e-01 nan nan nan nan
5.300000e+00 8.800000e-01 nan nan nan nan
5.350000e+00 8.800000e-01 nan nan nan nan
5.400000e+00 8.800000e-01 nan nan nan nan
5.450000e+00 8.800000e-01 nan nan nan nan
5.500000e+00 8.800000e-01 nan nan nan nan
5.550000e+00 8.800000e-01 nan nan nan nan
5.600000e+00 8.800000e-01 nan nan nan nan
5.650000e+00 8.800000e-01 nan nan nan nan
5.700000e+00 8.800000e-01 nan nan nan nan
5.750000e+00 8.800000e-01 nan nan nan nan
5.800000e+00 8.800000e-01 nan nan nan nan
5.850000e+00 8.800000e-01 nan nan nan nan
5.900000e+00 8.800000e-01 nan nan nan nan
5.950000e+00 8.800000e-01 nan nan nan nan
6.000000e+00 8.800000e-01 nan nan nan nan
6.050000e+00 8.800000e-01 nan nan nan nan
6.100000e+00 8.800000e-01 nan nan nan nan
6.150000e+00 8.800000e-01 nan nan nan nan
6.200000e+00 8.800000e-01 nan nan nan nan
6.250000e+00 8.800000e-01 nan nan nan nan
6.300000e+00 8.800000e-01 nan nan nan nan
6.350000e+00 8.800000e-01 nan nan nan nan
6.400000e+00 8.800000e-01 nan nan nan nan
6.450000e+00 8.800000e-01 nan nan nan nan
6.500000e+00 8.800000e-01 nan nan nan nan
6.550000e+00 8.800000e-01 nan nan nan nan
6.600000e+00 8.800000e-01 nan nan nan nan
6.650000e+00 8.800000e-01 nan nan nan nan
6.700000e+00 8.800000e-01 nan nan nan nan
6.750000e+00 8.800000e-01 nan nan nan nan
6.800000e+00 8.800000e-01 nan nan nan nan
6.850000e+00 8.800000e-01 nan nan nan nan
6.900000e+00 8.800000e-01 nan nan nan nan
6.950000e+00 8.800000e-01 nan nan nan nan
7.000000e+00 8.800000e-01 nan nan nan nan
7.050000e+00 8.800000e-01 nan nan nan nan
7.100000e+00 8.800000e-01 nan nan nan nan
7.150000e+00 8.800000e-01 nan nan nan nan
7.200000e+00 8.800000e-01 nan nan nan nan
7.250000e+00 8.800000e-01 nan nan nan nan
7.300000e+00 8.800000e-01 nan nan nan nan
7.350000e+00 8.800000e-01 nan nan nan nan
7.400000e+00 8.800000e-01 nan nan nan nan
7.450000e+00 8.800000e-01 nan nan nan nan
7.500000e+00 8.800000e-01 nan nan nan nan
7.550000e+00 8.800000e-01 nan nan nan nan
7.600000e+00 8.800000e-01 nan nan nan nan
7.650000e+00 8.800000e-01 nan nan nan nan
7.700000e+00 8.800000e-01 nan nan nan nan
7.750000e+00 8.800000e-01 nan nan nan nan
7.800000e+00 8.800000e-01 nan nan nan nan
7.850000e+00 8.800000e-01 nan nan nan nan
7.900000e+00 8.800000e-01 nan nan nan nan
7.950000e+00 8.800000e-01 nan nan nan nan
8.000000e+00 8.800000e-01 nan nan nan nan
8.050000e+00 8.800000e-01 nan nan nan nan
8.100000e+00 8.800000e-01 nan nan nan nan
8.150000e+00 8.800000e-01 nan nan nan nan
8.200000e+00 8.800000e-01 nan nan nan nan
8.250000e+00 8.800000e-01 nan nan nan nan
8.300000e+00 8.800000e-01 nan nan nan nan
8.350000e+00 8.800000e-01 nan nan nan nan
8.400000e+00 8.800000e-01 nan nan nan nan
8.450000e+00 8.800000e-01 nan nan nan nan
8.500000e+00 8.800000e-01 nan nan nan nan
8.550000e+00 8.800000e-01 nan nan nan nan
8.600000e+00 8.800000e-01 nan nan nan nan
8.650000e+00 8.800000e-01 nan nan nan nan
8.700000e+00 8.800000e-01 nan nan nan nan
8.750000e+00 8.800000e-01 nan nan nan nan
8.800000e+00 8.800000e-01 nan nan nan nan
8.850000e+00 8.800000e-01 nan nan nan nan
8.900000e+00 8.800000e-01 nan nan nan nan
8.950000e+00 8.800000e-01 nan nan nan nan
9.000000e+00 8.800000e-01 nan nan nan nan
9.050000e+00 8.800000e-01 nan nan nan nan
9.100000e+00 8.800000e-01 nan nan nan nan
9.150000e+00 8.800000e-01 nan nan nan nan
9.200000e+00 8.800000e-01 nan nan nan nan
9.250000e+00 8.800000e-01 nan nan nan nan
9.300000e+00 8.800000e-01 nan nan nan nan
9.350000e+00 8.800000e-01 nan nan nan nan
9.400000e+00 8.800000e-01 nan nan nan nan
9.450000e+00 8.800000e-01 nan nan nan nan
9.500000e+00 8.800000e-01 nan nan nan nan
9.550000e+00 8.800000e-01 nan nan nan nan
9.600000e+00 8.800000e-01 nan nan nan nan
9.650000e+00 8.800000e-01 nan nan nan nan
9.700000e+00 8.800000e-01 nan nan nan nan
9.750000e+00 8.800000e-01 nan nan nan nan
9.800000e+00 8.800000e-01 nan nan nan nan
9.850000e+00 8.800000e-01 nan nan nan nan
9.900000e+00 8.800000e-01 nan nan nan nan
9.950000e+00 8.800000e-01 nan nan nan nan
1.000000e+01 8.800000e-01 9.599040e-01 nan 0.000000e+00 0.000000e+00
0.000000e+00 9.000000e-01 9.716400e-01 4.800000e+00 0.000000e+00 0.000000e+00
5.000000e-02 9.000000e-01 nan nan nan nan
1.000000e-01 9.000000e-01 nan nan nan nan
1.500000e-01 9.000000e-01 nan nan nan nan
2.000000e-01 9.000000e-01 nan nan nan nan
2.500000e-01 9.000000e-01 nan nan nan nan
3.000000e-01 9.000000e-01 nan nan nan nan
3.500000e-01 9.000000e-01 nan nan nan nan
4.000000e-01 9.000000e-01 nan nan nan nan
4.500000e-01 9.000000e-01 nan nan nan nan
5.000000e-01 9.000000e-01 nan nan nan nan
5.500000e-01 9.000000e-01 nan nan nan nan
6.000000e-01 9.000000e-01 nan nan nan nan
6.500000e-01 9.000000e-01 nan nan nan nan
7.000000e-01 9.000000e-01 nan nan nan nan
7.500000e-01 9.000000e-01 nan nan nan nan
8.000000e-01 9.000000e-01 nan nan nan nan
8.500000e-01 9.000000e-01 nan nan nan nan
9.000000e-01 9.000000e-01 nan nan nan nan
9.500000e-01 9.000000e-01 nan nan nan nan
1.000000e+00 9.000000e-01 nan nan nan nan
1.050000e+00 9.000000e-01 nan nan nan nan
1.100000e+00 9.000000e-01 nan nan nan nan
1.150000e+00 9.000000e-01 nan nan nan nan
1.200000e+00 9.000000e-01 nan nan nan nan
1.250000e+00 9.000000e-01 nan nan nan nan
1.300000e+00 9.000000e-01 nan nan nan nan
1.350000e+00 9.000000e-01 nan nan nan nan
1.400000e+00 9.000000e-01 nan nan nan nan
1.450000e+00 9.000000e-01 nan nan nan nan
1.500000e+00 9.000000e-01 nan nan nan nan
1.550000e+00 9.000000e-01 nan nan nan nan
1.600000e+00 9.000000e-01 nan nan nan nan
1.650000e+00 9.000000e-01 nan nan nan nan
1.700000e+00 9.000000e-01 nan nan nan nan
1.750000e+00 9.000000e-01 nan nan nan nan
1.800000e+00 9.000000e-01 nan nan nan nan
1.850000e+00 9.000000e-01 nan nan nan nan
1.900000e+00 9.000000e-01 nan nan nan nan
1.950000e+00 9.000000e-01 nan nan nan nan
2.000000e+00 9.000000e-01 nan nan nan nan
2.050000e+00 9.000000e-01 nan nan nan nan
2.100000e+00 9.000000e-01 nan nan nan nan
2.150000e+00 9.000000e-01 nan nan nan nan
2.200000e+00 9.000000e-01 nan nan nan nan
2.250000e+00 9.000000e-01 nan nan nan nan
2.300000e+00 9.000000e-01 nan nan nan nan
2.350000e+00 9.000000e-01 nan nan nan nan
2.400000e+00 9.000000e-01 nan nan nan nan
2.450000e+00 9.000000e-01 nan nan nan nan
2.500000e+00 9.000000e-01 nan nan nan nan
2.550000e+00 9.000000e-01 nan nan nan nan
2.600000e+00 9.000000e-01 nan nan nan nan
2.650000e+00 9.000000e-01 nan nan nan nan
2.700000e+00 9.000000e-01 nan nan nan nan
2.750000e+00 9.000000e-01 nan nan nan nan
2.800000e+00 9.000000e-01 nan nan nan nan
2.850000e+00 9.000000e-01 nan nan nan nan
2.900000e+00 9.000000e-01 nan nan nan nan
2.950000e+00 9.000000e-01 nan nan nan nan
3.000000e+00 9.000000e-01 nan nan nan nan
3.050000e+00 9.000000e-01 nan nan nan nan
3.100000e+00 9.000000e-01 nan nan nan nan
3.150000e+00 9.000000e-01 nan nan nan nan
3.200000e+00 9.000000e-01 nan nan nan nan
3.250000e+00 9.000000e-01 nan nan nan nan
3.300000e+00 9.000000e-01 nan nan nan nan
3.350000e+00 9.000000e-01 nan nan nan nan
3.400000e+00 9.000000e-01 nan nan nan nan
3.450000e+00 9.000000e-01 nan nan nan nan
3.500000e+00 9.000000e-01 nan nan nan nan
3.550000e+00 9.000000e-01 nan nan nan nan
3.600000e+00 9.000000e-01 nan nan nan nan
3.650000e+00 9.000000e-01 nan nan nan nan
3.700000e+00 9.000000e-01 nan nan nan nan
3.750000e+00 9.000000e-01 nan nan nan nan
3.800000e+00 9.000000e-01 nan nan nan nan
3.850000e+00 9.000000e-01 nan nan nan nan
3.900000e+00 9.000000e-01 nan nan nan nan
3.950000e+00 9.000000e-01 nan nan nan nan
4.000000e+00 9.000000e-01 nan nan nan nan
4.050000e+00 9.000000e-01 nan nan nan nan
4.100000e+00 9.000000e-01 nan nan nan nan
4.150000e+00 9.000000e-01 nan nan nan nan
4.200000e+00 9.000000e-01 nan nan nan nan
4.250000e+00 9.000000e-01 nan nan nan nan
4.300000e+00 9.000000e-01 nan nan nan nan
4.350000e+00 9.000000e-01 nan nan nan nan
4.400000e+00 9.000000e-01 nan nan nan nan
4.450000e+00 9.000000e-01 nan nan nan nan
4.500000e+00 9.000000e-01 nan nan nan nan
4.550000e+00 9.000000e-01 nan nan nan nan
4.600000e+00 9.000000e-01 nan nan nan nan
4.650000e+00 9.000000e-01 nan nan nan nan
4.700000e+00 9.000000e-01 nan nan nan nan
4.750000e+00 9.000000e-01 nan nan nan nan
4.800000e+00 9.000000e-01 nan nan nan nan
4.850000e+00 9.000000e-01 nan nan nan nan
4.900000e+00 9.000000e-01 nan nan nan nan
4.950000e+00 9.000000e-01 nan nan nan nan
5.000000e+00 9.000000e-01 nan nan nan nan
5.050000e+00 9.000000e-01 nan nan nan nan
5.100000e+00 9.000000e-01 nan nan nan nan
5.150000e+00 9.000000e-01 nan nan nan nan
5.200000e+00 9.000000e-01 nan nan nan nan
5.250000e+00 9.000000e-01 nan nan nan nan
5.300000e+00 9.000000e-01 nan nan nan nan
5.350000e+00 9.000000e-01 nan nan nan nan
5.400000e+00 9.000000e-01 nan nan nan nan
5.450000e+00 9.000000e-01 nan nan nan nan
5.500000e+00 9.000000e-01 nan nan nan nan
5.550000e+00 9.000000e-01 nan nan nan nan
5.600000e+00 9.000000e-01 nan nan nan nan
5.650000e+00 9.000000e-01 nan nan nan nan
5.700000e+00 9.000000e-01 nan nan nan nan
5.750000e+00 9.000000e-01 nan nan nan nan
5.800000e+00 9.000000e-01 nan nan nan nan
5.850000e+00 9.000000e-01 nan nan nan nan
5.900000e+00 9.000000e-01 nan nan nan nan
5.950000e+00 9.000000e-01 nan nan nan nan
6.000000e+00 9.000000e-01 nan nan nan nan
6.050000e+00 9.000000e-01 nan nan nan nan
6.100000e+00 9.000000e-01 nan nan nan nan
6.150000e+00 9.000000e-01 nan nan nan nan
6.200000e+00 9.000000e-01 nan nan nan nan
6.250000e+00 9.000000e-01 nan nan nan nan
6.300000e+00 9.000000e-01 nan nan nan nan
6.350000e+00 9.000000e-01 nan nan nan nan
6.400000e+00 9.000000e-01 nan nan nan nan
6.450000e+00 9.000000e-01 nan nan nan nan
6.500000e+00 9.000000e-01 nan nan nan nan
6.550000e+00 9.000000e-01 nan nan nan nan
6.600000e+00 9.000000e-01 nan nan nan nan
6.650000e+00 9.000000e-01 nan nan nan nan
6.700000e+00 9.000000e-01 nan nan nan nan
6.750000e+00 9.000000e-01 nan nan nan nan
6.800000e+00 9.000000e-01 nan nan nan nan
6.850000e+00 9.000000e-01 nan nan nan nan
6.900000e+00 9.000000e-01 nan nan nan nan
6.950000e+00 9.000000e-01 nan nan nan nan
7.000000e+00 9.000000e-01 nan nan nan nan
7.050000e+00 9.000000e-01 nan nan nan nan
7.100000e+00 9.000000e-01 nan nan nan nan
7.150000e+00 9.000000e-01 nan nan nan nan
7.200000e+00 9.000000e-01 nan nan nan nan
7.250000e+00 9.000000e-01 nan nan nan nan
7.300000e+00 9.000000e-01 nan nan nan nan
7.350000e+00 9.000000e-01 nan nan nan nan
7.400000e+00 9.000000e-01 nan nan nan nan
7.450000e+00 9.000000e-01 nan nan nan nan
7.500000e+00 9.000000e-01 nan nan nan nan
7.550000e+00 9.000000e-01 nan nan nan nan
7.600000e+00 9.000000e-01 nan nan nan nan
7.650000e+00 9.000000e-01 nan nan nan nan
7.700000e+00 9.000000e-01 nan nan nan nan
7.750000e+00 9.000000e-01 nan nan nan nan
7.800000e+00 9.000000e-01 nan nan nan nan
7.850000e+00 9.000000e-01 nan nan nan nan
7.900000e+00 9.000000e-01 nan nan nan nan
7.950000e+00 9.000000e-01 nan nan nan nan
8.000000e+00 9.000000e-01 nan nan nan nan
8.050000e+00 9.000000e-01 nan nan nan nan
8.100000e+00 9.000000e-01 nan nan nan nan
8.150000e+00 9.000000e-01 nan nan nan nan
8.200000e+00 9.000000e-01 nan nan nan nan
8.250000e+00 9.000000e-01 nan nan nan nan
8.300000e+00 9.000000e-01 nan nan nan nan
8.350000e+00 9.000000e-01 nan nan nan nan
8.400000e+00 9.000000e-01 nan nan nan nan
8.450000e+00 9.000000e-01 nan nan nan nan
8.500000e+00 9.000000e-01 nan nan nan nan
8.550000e+00 9.000000e-01 nan nan nan nan
8.600000e+00 9.000000e-01 nan nan nan nan
8.650000e+00 9.000000e-01 nan nan nan nan
8.700000e+00 9.000000e-01 nan nan nan nan
8.750000e+00 9.000000e-01 nan nan nan nan
8.800000e+00 9.000000e-01 nan nan nan nan
8.850000e+00 9.000000e-01 nan nan nan nan
8.900000e+00 9.000000e-01 nan nan nan nan
8.950000e+00 9.000000e-01 nan nan nan nan
9.000000e+00 9.000000e-01 nan nan nan nan
9.050000e+00 9.000000e-01 nan nan nan nan
9.100000e+00 9.000000e-01 nan nan nan nan
9.150000e+00 9.000000e-01 nan nan nan nan
9.200000e+00 9.000000e-01 nan nan nan nan
9.250000e+00 9.000000e-01 nan nan nan nan
9.300000e+00 9.000000e-01 nan nan nan nan
9.350000e+00 9.000000e-01 nan nan nan nan
9.400000e+00 9.000000e-01 nan nan nan nan
9.450000e+00 9.000000e-01 nan nan nan nan
9.500000e+00 9.000000e-01 nan nan nan nan
9.550000e+00 9.000000e-01 nan nan nan nan
9.600000e+00 9.000000e-01 nan nan nan nan
9.650000e+00 9.000000e-01 nan nan nan nan
9.700000e+00 9.000000e-01 nan nan nan nan
9.750000e+00 9.000000e-01 nan nan nan nan
9.800000e+00 9.000000e-01 nan nan nan nan
9.850000e+00 9.000000e-01 nan nan nan nan
9.900000e+00 9.000000e-01 nan nan nan nan
9.950000e+00 9.000000e-01 nan nan nan nan
1.000000e+01 9.000000e-01 9.716400e-01 nan 0.000000e+00 0.000000e+00
0.000000e+00 9.200000e-01 9.814560e-01 5.040000e+00 0.000000e+00 0.000000e+00
5.000000e-02 9.200000e-01 nan nan nan nan
1.000000e-01 9.200000e-01 nan nan nan nan
1.500000e-01 9.200000e-01 nan nan nan nan
2.000000e-01 9.200000e-01 nan nan nan nan
2.500000e-01 9.200000e-01 nan nan nan nan
3.000000e-01 9.200000e-01 nan nan nan nan
3.500000e-01 9.200000e-01 nan nan nan nan
4.000000e-01 9.200000e-01 nan nan nan nan
4.500000e-01 9.200000e-01 nan nan nan nan
5.000000e-01 9.200000e-01 nan nan nan nan
5.500000e-01 9.200000e-01 nan nan nan nan
6.000000e-01 9.200000e-01 nan nan nan nan
6.500000e-01 9.200000e-01 nan nan nan nan
7.000000e-01 9.200000e-01 nan nan nan nan
7.500000e-01 9.200000e-01 nan nan nan nan
8.000000e-01 9.200000e-01 nan nan nan nan
8.500000e-01 9.200000e-01 nan nan nan nan
9.000000e-01 9.200000e-01 nan nan nan nan
9.500000e-01 9.200000e-01 nan nan nan nan
1.000000e+00 9.200000e-01 nan nan nan nan
1.050000e+00 9.200000e-01 nan nan nan nan
1.100000e+00 9.200000e-01 nan nan nan nan
1.150000e+00 9.200000e-01 nan nan nan nan
1.200000e+00 9.200000e-01 nan nan nan nan
1.250000e+00 9.200000e-01 nan nan nan nan
1.300000e+00 9.200000e-01 nan nan nan nan
1.350000e+00 9.200000e-01 nan nan nan nan
1.400000e+00 9.200000e-01 nan nan nan nan
1.450000e+00 9.200000e-01 nan nan nan nan
1.500000e+00 9.200000e-01 nan nan nan nan
1.550000e+00 9.200000e-01 nan nan nan nan
1.600000e+00 9.200000e-01 nan nan nan nan
1.650000e+00 9.200000e-01 nan nan nan nan
1.700000e+00 9.200000e-01 nan nan nan nan
1.750000e+00 9.200000e-01 nan nan nan nan
1.800000e+00 9.200000e-01 nan nan nan nan
1.850000e+00 9.200000e-01 nan nan nan nan
1.900000e+00 9.200000e-01 nan nan nan nan
1.950000e+00 9.200000e-01 nan nan nan nan
2.000000e+00 9.200000e-01 nan nan nan nan
2.050000e+00 9.200000e-01 nan nan nan nan
2.100000e+00 9.200000e-01 nan nan nan nan
2.150000e+00 9.200000e-01 nan nan nan nan
2.200000e+00 9.200000e-01 nan nan nan nan
2.250000e+00 9.200000e-01 nan nan nan nan
2.300000e+00 9.200000e-01 nan nan nan nan
2.350000e+00 9.200000e-01 nan nan nan nan
2.400000e+00 9.200000e-01 nan nan nan nan
2.450000e+00 9.200000e-01 nan nan nan nan
2.500000e+00 9.200000e-01 nan nan nan nan
2.550000e+00 9.200000e-01 nan nan nan nan
2.600000e+00 9.200000e-01 nan nan nan nan
2.650000e+00 9.200000e-01 nan nan nan nan
2.700000e+00 9.200000e-01 nan nan nan nan
2.750000e+00 9.200000e-01 nan nan nan nan
2.800000e+00 9.200000e-01 nan nan nan nan
2.850000e+00 9.200000e-01 nan nan nan nan
2.900000e+00 9.200000e-01 nan nan nan nan
2.950000e+00 9.200000e-01 nan nan nan nan
3.000000e+00 9.200000e-01 nan nan nan nan
3.050000e+00 9.200000e-01 nan nan nan nan
3.100000e+00 9.200000e-01 nan nan nan nan
3.150000e+00 9.200000e-01 nan nan nan nan
3.200000e+00 9.200000e-01 nan nan nan nan
3.250000e+00 9.200000e-01 nan nan nan nan
3.300000e+00 9.200000e-01 nan nan nan nan
3.350000e+00 9.200000e-01 nan nan nan nan
3.400000e+00 9.200000e-01 nan nan nan nan
3.450000e+00 9.200000e-01 nan nan nan nan
3.500000e+00 9.200000e-01 nan nan nan nan
3.550000e+00 9.200000e-01 nan nan nan nan
3.600000e+00 9.200000e-01 nan nan nan nan
3.650000e+00 9.200000e-01 nan nan nan nan
3.700000e+00 9.200000e-01 nan nan nan nan
3.750000e+00 9.200000e-01 nan nan nan nan
3.800000e+00 9.200000e-01 nan nan nan nan
3.850000e+00 9.200000e-01 nan nan nan nan
3.900000e+00 9.200000e-01 nan nan nan nan
3.950000e+00 9.200000e-01 nan nan nan nan
4.000000e+00 9.200000e-01 nan nan nan nan
4.050000e+00 9.200000e-01 nan nan nan nan
4.100000e+00 9.200000e-01 nan nan nan nan
4.150000e+00 9.200000e-01 nan nan nan nan
4.200000e+00 9.200000e-01 nan nan nan nan
4.250000e+00 9.200000e-01 nan nan nan nan
4.300000e+00 9.200000e-01 nan nan nan nan
4.350000e+00 9.200000e-01 nan nan nan nan
4.400000e+00 9.200000e-01 nan nan nan nan
4.450000e+00 9.200000e-01 nan nan nan nan
4.500000e+00 9.200000e-01 nan nan nan nan
4.550000e+00 9.200000e-01 nan nan nan nan
4.600000e+00 9.200000e-01 nan nan nan nan
4.650000e+00 9.200000e-01 nan nan nan nan
4.700000e+00 9.200000e-01 nan nan nan nan
4.750000e+00 9.200000e-01 nan nan nan nan
4.800000e+00 9.200000e-01 nan nan nan nan
4.850000e+00 9.200000e-01 nan nan nan nan
4.900000e+00 9.200000e-01 nan nan nan nan
4.950000e+00 9.200000e-01 nan nan nan nan
5.000000e+00 9.200000e-01 nan nan nan nan
5.050000e+00 9.200000e-01 nan nan nan nan
5.100000e+00 9.200000e-01 nan nan nan nan
5.150000e+00 9.200000e-01 nan nan nan nan
5.200000e+00 9.200000e-01 nan nan nan nan
5.250000e+00 9.200000e-01 nan nan nan nan
5.300000e+00 9.200000e-01 nan nan nan nan
5.350000e+00 9.200000e-01 nan nan nan nan
5.400000e+00 9.200000e-01 nan nan nan nan
5.450000e+00 9.200000e-01 nan nan nan nan
5.500000e+00 9.200000e-01 nan nan nan nan
5.550000e+00 9.200000e-01 nan nan nan nan
5.600000e+00 9.200000e-01 nan nan nan nan
5.650000e+00 9.200000e-01 nan nan nan nan
5.700000e+00 9.200000e-01 nan nan nan nan
5.750000e+00 9.200000e-01 nan nan nan nan
5.800000e+00 9.200000e-01 nan nan nan nan
5.850000e+00 9.200000e-01 nan nan nan nan
5.900000e+00 9.200000e-01 nan nan nan nan
5.950000e+00 9.200000e-01 nan nan nan nan
6.000000e+00 9.200000e-01 nan nan nan nan
6.050000e+00 9.200000e-01 nan nan nan nan
6.100000e+00 9.200000e-01 nan nan nan nan
6.150000e+00 9.200000e-01 nan nan nan nan
6.200000e+00 9.200000e-01 nan nan nan nan
6.250000e+00 9.200000e-01 nan nan nan nan
6.300000e+00 9.200000e-01 nan nan nan nan
6.350000e+00 9.200000e-01 nan nan nan nan
6.400000e+00 9.200000e-01 nan nan nan nan
6.450000e+00 9.200000e-01 nan nan nan nan
6.500000e+00 9.200000e-01 nan nan nan nan
6.550000e+00 9.200000e-01 nan nan nan nan
6.600000e+00 9.200000e-01 nan nan nan nan
6.650000e+00 9.200000e-01 nan nan nan nan
6.700000e+00 9.200000e-01 nan nan nan nan
6.750000e+00 9.200000e-01 nan nan nan nan
6.800000e+00 9.200000e-01 nan nan nan nan
6.850000e+00 9.200000e-01 nan nan nan nan
6.900000e+00 9.200000e-01 nan nan nan nan
6.950000e+00 9.200000e-01 nan nan nan nan
7.000000e+00 9.200000e-01 nan nan nan nan
7.050000e+00 9.200000e-01 nan nan nan nan
7.100000e+00 9.200000e-01 nan nan nan nan
7.150000e+00 9.200000e-01 nan nan nan nan
7.200000e+00 9.200000e-01 nan nan nan nan
7.250000e+00 9.200000e-01 nan nan nan nan
7.300000e+00 9.200000e-01 nan nan nan nan
7.350000e+00 9.200000e-01 nan nan nan nan
7.400000e+00 9.200000e-01 nan nan nan nan
7.450000e+00 9.200000e-01 nan nan nan nan
7.500000e+00 9.200000e-01 nan nan nan nan
7.550000e+00 9.200000e-01 nan nan nan nan
7.600000e+00 9.200000e-01 nan nan nan nan
7.650000e+00 9.200000e-01 nan nan nan nan
7.700000e+00 9.200000e-01 nan nan nan nan
7.750000e+00 9.200000e-01 nan nan nan nan
7.800000e+00 9.200000e-01 nan nan nan nan
7.850000e+00 9.200000e-01 nan nan nan nan
7.900000e+00 9.200000e-01 nan nan nan nan
7.950000e+00 9.200000e-01 nan nan nan nan
8.000000e+00 9.200000e-01 nan nan nan nan
8.050000e+00 9.200000e-01 nan nan nan nan
8.100000e+00 9.200000e-01 nan nan nan nan
8.150000e+00 9.200000e-01 nan nan nan nan
8.200000e+00 9.200000e-01 nan nan nan nan
8.250000e+00 9.200000e-01 nan nan nan nan
8.300000e+00 9.200000e-01 nan nan nan nan
8.350000e+00 9.200000e-01 nan nan nan nan
8.400000e+00 9.200000e-01 nan nan nan nan
8.450000e+00 9.200000e-01 nan nan nan nan
8.500000e+00 9.200000e-01 nan nan nan nan
8.550000e+00 9.200000e-01 nan nan nan nan
8.600000e+00 9.200000e-01 nan nan nan nan
8.650000e+00 9.200000e-01 nan nan nan nan
8.700000e+00 9.200000e-01 nan nan nan nan
8.750000e+00 9.200000e-01 nan nan nan nan
8.800000e+00 9.200000e-01 nan nan nan nan
8.850000e+00 9.200000e-01 nan nan nan nan
8.900000e+00 9.200000e-01 nan nan nan nan
8.950000e+00 9.200000e-01 nan nan nan nan
9.000000e+00 9.200000e-01 nan nan nan nan
9.050000e+00 9.200000e-01 nan nan nan nan
9.100000e+00 9.200000e-01 nan nan nan nan
9.150000e+00 9.200000e-01 nan nan nan nan
9.200000e+00 9.200000e-01 nan nan nan nan
9.250000e+00 9.200000e-01 nan nan nan nan
9.300000e+00 9.200000e-01 nan nan nan nan
9.350000e+00 9.200000e-01 nan nan nan nan
9.400000e+00 9.200000e-01 nan nan nan nan
9.450000e+00 9.200000e-01 nan nan nan nan
9.500000e+00 9.200000e-01 nan nan nan nan
9.550000e+00 9.200000e-01 nan nan nan nan
9.600000e+00 9.200000e-01 nan nan nan nan
9.650000e+00 9.200000e-01 nan nan nan nan
9.700000e+00 9.200000e-01 nan nan nan nan
9.750000e+00 9.200000e-01 nan nan nan nan
9.800000e+00 9.200000e-01 nan nan nan nan
9.850000e+00 9.200000e-01 nan nan nan nan
9.900000e+00 9.200000e-01 nan nan nan nan
9.950000e+00 9.200000e-01 nan nan nan nan
1.000000e+01 9.200000e-01 9.814560e-01 nan 0.000000e+00 0.000000e+00
0.000000e+00 9.400000e-01 9.892560e-01 5.280000e+00 0.000000e+00 0.000000e+00
5.000000e-02 9.400000e-01 nan nan nan nan
1.000000e-01 9.400000e-01 nan nan nan nan
1.500000e-01 9.400000e-01 nan nan nan nan
2.000000e-01 9.400000e-01 nan nan nan nan
2.500000e-01 9.400000e-01 nan nan nan nan
3.000000e-01 9.400000e-01 nan nan nan nan
3.500000e-01 9.400000e-01 nan nan nan nan
4.000000e-01 9.400000e-01 nan nan nan nan
4.500000e-01 9.400000e-01 nan nan nan nan
5.000000e-01 9.400000e-01 nan nan nan nan
5.500000e-01 9.400000e-01 nan nan nan nan
6.000000e-01 9.400000e-01 nan nan nan nan
6.500000e-01 9.400000e-01 nan nan nan nan
7.000000e-01 9.400000e-01 nan nan nan nan
7.500000e-01 9.400000e-01 nan nan nan nan
8.000000e-01 9.400000e-01 nan nan nan nan
8.500000e-01 9.400000e-01 nan nan nan nan
9.000000e-01 9.400000e-01 nan nan nan nan
9.500000e-01 9.400000e-01 nan nan nan nan
1.000000e+00 9.400000e-01 nan nan nan nan
1.050000e+00 9.400000e-01 nan nan nan nan
1.100000e+00 9.400000e-01 nan nan nan nan
1.150000e+00 9.400000e-01 nan nan nan nan
1.200000e+00 9.400000e-01 nan nan nan nan
1.250000e+00 9.400000e-01 nan nan nan nan
1.300000e+00 9.400000e-01 nan nan nan nan
1.350000e+00 9.400000e-01 nan nan nan nan
1.400000e+00 9.400000e-01 nan nan nan nan
1.450000e+00 9.400000e-01 nan nan nan nan
1.500000e+00 9.400000e-01 nan nan nan nan
1.550000e+00 9.400000e-01 nan nan nan nan
1.600000e+00 9.400000e-01 nan nan nan nan
1.650000e+00 9.400000e-01 nan nan nan nan
1.700000e+00 9.400000e-01 nan nan nan nan
1.750000e+00 9.400000e-01 nan nan nan nan
1.800000e+00 9.400000e-01 nan nan nan nan
1.850000e+00 9.400000e-01 nan nan nan nan
1.900000e+00 9.400000e-01 nan nan nan nan
1.950000e+00 9.400000e-01 nan nan nan nan
2.000000e+00 9.400000e-01 nan nan nan nan
2.050000e+00 9.400000e-01 nan nan nan nan
2.100000e+00 9.400000e-01 nan nan nan nan
2.150000e+00 9.400000e-01 nan nan nan nan
2.200000e+00 9.400000e-01 nan nan nan nan
2.250000e+00 9.400000e-01 nan nan nan nan
2.300000e+00 9.400000e-01 nan nan nan nan
2.350000e+00 9.400000e-01 nan nan nan nan
2.400000e+00 9.400000e-01 nan nan nan nan
2.450000e+00 9.400000e-01 nan nan nan nan
2.500000e+00 9.400000e-01 nan nan nan nan
2.550000e+00 9.400000e-01 nan nan nan nan
2.600000e+00 9.400000e-01 nan nan nan nan
2.650000e+00 9.400000e-01 nan nan nan nan
2.700000e+00 9.400000e-01 nan nan nan nan
2.750000e+00 9.400000e-01 nan nan nan nan
2.800000e+00 9.400000e-01 nan nan nan nan
2.850000e+00 9.400000e-01 nan nan nan nan
2.900000e+00 9.400000e-01 nan nan nan nan
2.950000e+00 9.400000e-01 nan nan nan nan
3.000000e+00 9.400000e-01 nan nan nan nan
3.050000e+00 9.400000e-01 nan nan nan nan
3.100000e+00 9.400000e-01 nan nan nan nan
3.150000e+00 9.400000e-01 nan nan nan nan
3.200000e+00 9.400000e-01 nan nan nan nan
3.250000e+00 9.400000e-01 nan nan nan nan
3.300000e+00 9.400000e-01 nan nan nan nan
3.350000e+00 9.400000e-01 nan nan nan nan
3.400000e+00 9.400000e-01 nan nan nan nan
3.450000e+00 9.400000e-01 nan nan nan nan
3.500000e+00 9.400000e-01 nan nan nan nan
3.550000e+00 9.400000e-01 nan nan nan nan
3.600000e+00 9.400000e-01 nan nan nan nan
3.650000e+00 9.400000e-01 nan nan nan nan
3.700000e+00 9.400000e-01 nan nan nan nan
3.750000e+00 9.400000e-01 nan nan nan nan
3.800000e+00 9.400000e-01 nan nan nan nan
3.850000e+00 9.400000e-01 nan nan nan nan
3.900000e+00 9.400000e-01 nan nan nan nan
3.950000e+00 9.400000e-01 nan nan nan nan
4.000000e+00 9.400000e-01 nan nan nan nan
4.050000e+00 9.400000e-01 nan nan nan nan
4.100000e+00 9.400000e-01 nan nan nan nan
4.150000e+00 9.400000e-01 nan nan nan nan
4.200000e+00 9.400000e-01 nan nan nan nan
4.250000e+00 9.400000e-01 nan nan nan nan
4.300000e+00 9.400000e-01 nan nan nan nan
4.350000e+00 9.400000e-01 nan nan nan nan
4.400000e+00 9.400000e-01 nan nan nan nan
4.450000e+00 9.400000e-01 nan nan nan nan
4.500000e+00 9.400000e-01 nan nan nan nan
4.550000e+00 9.400000e-01 nan nan nan nan
4.600000e+00 9.400000e-01 nan nan nan nan
4.650000e+00 9.400000e-01 nan nan nan nan
4.700000e+00 9.400000e-01 nan nan nan nan
4.750000e+00 9.400000e-01 nan nan nan nan
4.800000e+00 9.400000e-01 nan nan nan nan
4.850000e+00 9.400000e-01 nan nan nan nan
4.900000e+00 9.400000e-01 nan nan nan nan
4.950000e+00 9.400000e-01 nan nan nan nan
5.000000e+00 9.400000e-01 nan nan nan nan
5.050000e+00 9.400000e-01 nan nan nan nan
5.100000e+00 9.400000e-01 nan nan nan nan
5.150000e+00 9.400000e-01 nan nan nan nan
5.200000e+00 9.400000e-01 nan nan nan nan
5.250000e+00 9.400000e-01 nan nan nan nan
5.300000e+00 9.400000e-01 nan nan nan nan
5.350000e+00 9.400000e-01 nan nan nan nan
5.400000e+00 9.400000e-01 nan nan nan nan
5.450000e+00 9.400000e-01 nan nan nan nan
5.500000e+00 9.400000e-01 nan nan nan nan
5.550000e+00 9.400000e-01 nan nan nan nan
5.600000e+00 9.400000e-01 nan nan nan nan
5.650000e+00 9.400000e-01 nan nan nan nan
5.700000e+00 9.400000e-01 nan nan nan nan
5.750000e+00 9.400000e-01 nan nan nan nan
5.800000e+00 9.400000e-01 nan nan nan nan
5.850000e+00 9.400000e-01 nan nan nan nan
5.900000e+00 9.400000e-01 nan nan nan nan
5.950000e+00 9.400000e-01 nan nan nan nan
6.000000e+00 9.400000e-01 nan nan nan nan
6.050000e+00 9.400000e-01 nan nan nan nan
6.100000e+00 9.400000e-01 nan nan nan nan
6.150000e+00 9.400000e-01 nan nan nan nan
6.200000e+00 9.400000e-01 nan nan nan nan
6.250000e+00 9.400000e-01 nan nan nan nan
6.300000e+00 9.400000e-01 nan nan nan nan
6.350000e+00 9.400000e-01 nan nan nan nan
6.400000e+00 9.400000e-01 nan nan nan nan
6.450000e+00 9.400000e-01 nan nan nan nan
6.500000e+00 9.400000e-01 nan nan nan nan
6.550000e+00 9.400000e-01 nan nan nan nan
6.600000e+00 9.400000e-01 nan nan nan nan
6.650000e+00 9.400000e-01 nan nan nan nan
6.700000e+00 9.400000e-01 nan nan nan nan
6.750000e+00 9.400000e-01 nan nan nan nan
6.800000e+00 9.400000e-01 nan nan nan nan
6.850000e+00 9.400000e-01 nan nan nan nan
6.900000e+00 9.400000e-01 nan nan nan nan
6.950000e+00 9.400000e-01 nan nan nan nan
7.000000e+00 9.400000e-01 nan nan nan nan
7.050000e+00 9.400000e-01 nan nan nan nan
7.100000e+00 9.400000e-01 nan nan nan nan
7.150000e+00 9.400000e-01 nan nan nan nan
7.200000e+00 9.400000e-01 nan nan nan nan
7.250000e+00 9.400000e-01 nan nan nan nan
7.300000e+00 9.400000e-01 nan nan nan nan
7.350000e+00 9.400000e-01 nan nan nan nan
7.400000e+00 9.400000e-01 nan nan nan nan
7.450000e+00 9.400000e-01 nan nan nan nan
7.500000e+00 9.400000e-01 nan nan nan nan
7.550000e+00 9.400000e-01 nan nan nan nan
7.600000e+00 9.400000e-01 nan nan nan nan
7.650000e+00 9.400000e-01 nan nan nan nan
7.700000e+00 9.400000e-01 nan nan nan nan
7.750000e+00 9.400000e-01 nan nan nan nan
7.800000e+00 9.400000e-01 nan nan nan nan
7.850000e+00 9.400000e-01 nan nan nan nan
7.900000e+00 9.400000e-01 nan nan nan nan
7.950000e+00 9.400000e-01 nan nan nan nan
8.000000e+00 9.400000e-01 nan nan nan nan
8.050000e+00 9.400000e-01 nan nan nan nan
8.100000e+00 9.400000e-01 nan nan nan nan
8.150000e+00 9.400000e-01 nan nan nan nan
8.200000e+00 9.400000e-01 nan nan nan nan
8.250000e+00 9.400000e-01 nan nan nan nan
8.300000e+00 9.400000e-01 nan nan nan nan
8.350000e+00 9.400000e-01 nan nan nan nan
8.400000e+00 9.400000e-01 nan nan nan nan
8.450000e+00 9.400000e-01 nan nan nan nan
8.500000e+00 9.400000e-01 nan nan nan nan
8.550000e+00 9.400000e-01 nan nan nan nan
8.600000e+00 9.400000e-01 nan nan nan nan
8.650000e+00 9.400000e-01 nan nan nan nan
8.700000e+00 9.400000e-01 nan nan nan nan
8.750000e+00 9.400000e-01 nan nan nan nan
8.800000e+00 9.400000e-01 nan nan nan nan
8.850000e+00 9.400000e-01 nan nan nan nan
8.900000e+00 9.400000e-01 nan nan nan nan
8.950000e+00 9.400000e-01 nan nan nan nan
9.000000e+00 9.400000e-01 nan nan nan nan
9.050000e+00 9.400000e-01 nan nan nan nan
9.100000e+00 9.400000e-01 nan nan nan nan
9.150000e+00 9.400000e-01 nan nan nan nan
9.200000e+00 9.400000e-01 nan nan nan nan
9.250000e+00 9.400000e-01 nan nan nan nan
9.300000e+00 9.400000e-01 nan nan nan nan
9.350000e+00 9.400000e-01 nan nan nan nan
9.400000e+00 9.400000e-01 nan nan nan nan
9.450000e+00 9.400000e-01 nan nan nan nan
9.500000e+00 9.400000e-01 nan nan nan nan
9.550000e+00 9.400000e-01 nan nan nan nan
9.600000e+00 9.400000e-01 nan nan nan nan
9.650000e+00 9.400000e-01 nan nan nan nan
9.700000e+00 9.400000e-01 nan nan nan nan
9.750000e+00 9.400000e-01 nan nan nan nan
9.800000e+00 9.400000e-01 nan nan nan nan
9.850000e+00 9.400000e-01 nan nan nan nan
9.900000e+00 9.400000e-01 nan nan nan nan
9.950000e+00 9.400000e-01 nan nan nan nan
1.000000e+01 9.400000e-01 9.892560e-01 nan 0.000000e+00 0.000000e+00
0.000000e+00 9.600000e-01 9.949440e-01 5.520000e+00 0.000000e+00 0.000000e+00
5.000000e-02 9.600000e-01 nan nan nan nan
1.000000e-01 9.600000e-01 nan nan nan nan
1.500000e-01 9.600000e-01 nan nan nan nan
2.000000e-01 9.600000e-01 nan nan nan nan
2.500000e-01 9.600000e-01 nan nan nan nan
3.000000e-01 9.600000e-01 nan nan nan nan
3.500000e-01 9.600000e-01 nan nan nan nan
4.000000e-01 9.600000e-01 nan nan nan nan
4.500000e-01 9.600000e-01 nan nan nan nan
5.000000e-01 9.600000e-01 nan nan nan nan
5.500000e-01 9.600000e-01 nan nan nan nan
6.000000e-01 9.600000e-01 nan nan nan nan
6.500000e-01 9.600000e-01 nan nan nan nan
7.000000e-01 9.600000e-01 nan nan nan nan
7.500000e-01 9.600000e-01 nan nan nan nan
8.000000e-01 9.600000e-01 nan nan nan nan
8.500000e-01 9.600000e-01 nan nan nan nan
9.000000e-01 9.600000e-01 nan nan nan nan
9.500000e-01 9.600000e-01 nan nan nan nan
1.000000e+00 9.600000e-01 nan nan nan nan
1.050000e+00 9.600000e-01 nan nan nan nan
1.100000e+00 9.600000e-01 nan nan nan nan
1.150000e+00 9.600000e-01 nan nan nan nan
1.200000e+00 9.600000e-01 nan nan nan nan
1.250000e+00 9.600000e-01 nan nan nan nan
1.300000e+00 9.600000e-01 nan nan nan nan
1.350000e+00 9.600000e-01 nan nan nan nan
1.400000e+00 9.600000e-01 nan nan nan nan
1.450000e+00 9.600000e-01 nan nan nan nan
1.500000e+00 9.600000e-01 nan nan nan nan
1.550000e+00 9.600000e-01 nan nan nan nan
1.600000e+00 9.600000e-01 nan nan nan nan
1.650000e+00 9.600000e-01 nan nan nan nan
1.700000e+00 9.600000e-01 nan nan nan nan
1.750000e+00 9.600000e-01 nan nan nan nan
1.800000e+00 9.600000e-01 nan nan nan nan
1.850000e+00 9.600000e-01 nan nan nan nan
1.900000e+00 9.600000e-01 nan nan nan nan
1.950000e+00 9.600000e-01 nan nan nan nan
2.000000e+00 9.600000e-01 nan nan nan nan
2.050000e+00 9.600000e-01 nan nan nan nan
2.100000e+00 9.600000e-01 nan nan nan nan
2.150000e+00 9.600000e-01 nan nan nan nan
2.200000e+00 9.600000e-01 nan nan nan nan
2.250000e+00 9.600000e-01 nan nan nan nan
2.300000e+00 9.600000e-01 nan nan nan nan
2.350000e+00 9.600000e-01 nan nan nan nan
2.400000e+00 9.600000e-01 nan nan nan nan
2.450000e+00 9.600000e-01 nan nan nan nan
2.500000e+00 9.600000e-01 nan nan nan nan
2.550000e+00 9.600000e-01 nan nan nan nan
2.600000e+00 9.600000e-01 nan nan nan nan
2.650000e+00 9.600000e-01 nan nan nan nan
2.700000e+00 9.600000e-01 nan nan nan nan
2.750000e+00 9.600000e-01 nan nan nan nan
2.800000e+00 9.600000e-01 nan nan nan nan
2.850000e+00 9.600000e-01 nan nan nan nan
2.900000e+00 9.600000e-01 nan nan nan nan
2.950000e+00 9.600000e-01 nan nan nan nan
3.000000e+00 9.600000e-01 nan nan nan nan
3.050000e+00 9.600000e-01 nan nan nan nan
3.100000e+00 9.600000e-01 nan nan nan nan
3.150000e+00 9.600000e-01 nan nan nan nan
3.200000e+00 9.600000e-01 nan nan nan nan
3.250000e+00 9.600000e-01 nan nan nan nan
3.300000e+00 9.600000e-01 nan nan nan nan
3.350000e+00 9.600000e-01 nan nan nan nan
3.400000e+00 9.600000e-01 nan nan nan nan
3.450000e+00 9.600000e-01 nan nan nan nan
3.500000e+00 9.600000e-01 nan nan nan nan
3.550000e+00 9.600000e-01 nan nan nan nan
3.600000e+00 9.600000e-01 nan nan nan nan
3.650000e+00 9.600000e-01 nan nan nan nan
3.700000e+00 9.600000e-01 nan nan nan nan
3.750000e+00 9.600000e-01 nan nan nan nan
3.800000e+00 9.600000e-01 nan nan nan nan
3.850000e+00 9.600000e-01 nan nan nan nan
3.900000e+00 9.600000e-01 nan nan nan nan
3.950000e+00 9.600000e-01 nan nan nan nan
4.000000e+00 9.600000e-01 nan nan nan nan
4.050000e+00 9.600000e-01 nan nan nan nan
4.100000e+00 9.600000e-01 nan nan nan nan
4.150000e+00 9.600000e-01 nan nan nan nan
4.200000e+00 9.600000e-01 nan nan nan nan
4.250000e+00 9.600000e-01 nan nan nan nan
4.300000e+00 9.600000e-01 nan nan nan nan
4.350000e+00 9.600000e-01 nan nan nan nan
4.400000e+00 9.600000e-01 nan nan nan nan
4.450000e+00 9.600000e-01 nan nan nan nan
4.500000e+00 9.600000e-01 nan nan nan nan
4.550000e+00 9.600000e-01 nan nan nan nan
4.600000e+00 9.600000e-01 nan nan nan nan
4.650000e+00 9.600000e-01 nan nan nan nan
4.700000e+00 9.600000e-01 nan nan nan nan
4.750000e+00 9.600000e-01 nan nan nan nan
4.800000e+00 9.600000e-01 nan nan nan nan
4.850000e+00 9.600000e-01 nan nan nan nan
4.900000e+00 9.600000e-01 nan nan nan nan
4.950000e+00 9.600000e-01 nan nan nan nan
5.000000e+00 9.600000e-01 nan nan nan nan
5.050000e+00 9.600000e-01 nan nan nan nan
5.100000e+00 9.600000e-01 nan nan nan nan
5.150000e+00 9.600000e-01 nan nan nan nan
5.200000e+00 9.600000e-01 nan nan nan nan
5.250000e+00 9.600000e-01 nan nan nan nan
5.300000e+00 9.600000e-01 nan nan nan nan
5.350000e+00 9.600000e-01 nan nan nan nan
5.400000e+00 9.600000e-01 nan nan nan nan
5.450000e+00 9.600000e-01 nan nan nan nan
5.500000e+00 9.600000e-01 nan nan nan nan
5.550000e+00 9.600000e-01 nan nan nan nan
5.600000e+00 9.600000e-01 nan nan nan nan
5.650000e+00 9.600000e-01 nan nan nan nan
5.700000e+00 9.600000e-01 nan nan nan nan
5.750000e+00 9.600000e-01 nan nan nan nan
5.800000e+00 9.600000e-01 nan nan nan nan
5.850000e+00 9.600000e-01 nan nan nan nan
5.900000e+00 9.600000e-01 nan nan nan nan
5.950000e+00 9.600000e-01 nan nan nan nan
6.000000e+00 9.600000e-01 nan nan nan nan
6.050000e+00 9.600000e-01 nan nan nan nan
6.100000e+00 9.600000e-01 nan nan nan nan
6.150000e+00 9.600000e-01 nan nan nan nan
6.200000e+00 9.600000e-01 nan nan nan nan
6.250000e+00 9.600000e-01 nan nan nan nan
6.300000e+00 9.600000e-01 nan nan nan nan
6.350000e+00 9.600000e-01 nan nan nan nan
6.400000e+00 9.600000e-01 nan nan nan nan
6.450000e+00 9.600000e-01 nan nan nan nan
6.500000e+00 9.600000e-01 nan nan nan nan
6.550000e+00 9.600000e-01 nan nan nan nan
6.600000e+00 9.600000e-01 nan nan nan nan
6.650000e+00 9.600000e-01 nan nan nan nan
6.700000e+00 9.600000e-01 nan nan nan nan
6.750000e+00 9.600000e-01 nan nan nan nan
6.800000e+00 9.600000e-01 nan nan nan nan
6.850000e+00 9.600000e-01 nan nan nan nan
6.900000e+00 9.600000e-01 nan nan nan nan
6.950000e+00 9.600000e-01 nan nan nan nan
7.000000e+00 9.600000e-01 nan nan nan nan
7.050000e+00 9.600000e-01 nan nan nan nan
7.100000e+00 9.600000e-01 nan nan nan nan
7.150000e+00 9.600000e-01 nan nan nan nan
7.200000e+00 9.600000e-01 nan nan nan nan
7.250000e+00 9.600000e-01 nan nan nan nan
7.300000e+00 9.600000e-01 nan nan nan nan
7.350000e+00 9.600000e-01 nan nan nan nan
7.400000e+00 9.600000e-01 nan nan nan nan
7.450000e+00 9.600000e-01 nan nan nan nan
7.500000e+00 9.600000e-01 nan nan nan nan
7.550000e+00 9.600000e-01 nan nan nan nan
7.600000e+00 9.600000e-01 nan nan nan nan
7.650000e+00 9.600000e-01 nan nan nan nan
7.700000e+00 9.600000e-01 nan nan nan nan
7.750000e+00 9.600000e-01 nan nan nan nan
7.800000e+00 9.600000e-01 nan nan nan nan
7.850000e+00 9.600000e-01 nan nan nan nan
7.900000e+00 9.600000e-01 nan nan nan nan
7.950000e+00 9.600000e-01 nan nan nan nan
8.000000e+00 9.600000e-01 nan nan nan nan
8.050000e+00 9.600000e-01 nan nan nan nan
8.100000e+00 9.600000e-01 nan nan nan nan
8.150000e+00 9.600000e-01 nan nan nan nan
8.200000e+00 9.600000e-01 nan nan nan nan
8.250000e+00 9.600000e-01 nan nan nan nan
8.300000e+00 9.600000e-01 nan nan nan nan
8.350000e+00 9.600000e-01 nan nan nan nan
8.400000e+00 9.600000e-01 nan nan nan nan
8.450000e+00 9.600000e-01 nan nan nan nan
8.500000e+00 9.600000e-01 nan nan nan nan
8.550000e+00 9.600000e-01 nan nan nan nan
8.600000e+00 9.600000e-01 nan nan nan nan
8.650000e+00 9.600000e-01 nan nan nan nan
8.700000e+00 9.600000e-01 nan nan nan nan
8.750000e+00 9.600000e-01 nan nan nan nan
8.800000e+00 9.600000e-01 nan nan nan nan
8.850000e+00 9.600000e-01 nan nan nan nan
8.900000e+00 9.600000e-01 nan nan nan nan
8.950000e+00 9.600000e-01 nan nan nan nan
9.000000e+00 9.600000e-01 nan nan nan nan
9.050000e+00 9.600000e-01 nan nan nan nan
9.100000e+00 9.600000e-01 nan nan nan nan
9.150000e+00 9.600000e-01 nan nan nan nan
9.200000e+00 9.600000e-01 nan nan nan nan
9.250000e+00 9.600000e-01 nan nan nan nan
9.300000e+00 9.600000e-01 nan nan nan nan
9.350000e+00 9.600000e-01 nan nan nan nan
9.400000e+00 9.600000e-01 nan nan nan nan
9.450000e+00 9.600000e-01 nan nan nan nan
9.500000e+00 9.600000e-01 nan nan nan nan
9.550000e+00 9.600000e-01 nan nan nan nan
9.600000e+00 9.600000e-01 nan nan nan nan
9.650000e+00 9.600000e-01 nan nan nan nan
9.700000e+00 9.600000e-01 nan nan nan nan
9.750000e+00 9.600000e-01 nan nan nan nan
9.800000e+00 9.600000e-01 nan nan nan nan
9.850000e+00 9.600000e-01 nan nan nan nan
9.900000e+00 9.600000e-01 nan nan nan nan
9.950000e+00 9.600000e-01 nan nan nan nan
1.000000e+01 9.600000e-01 9.949440e-01 nan 0.000000e+00 0.000000e+00
0.000000e+00 9.800000e-01 9.984240e-01 5.760000e+00 0.000000e+00 0.000000e+00
5.000000e-02 9.800000e-01 nan nan nan nan
1.000000e-01 9.800000e-01 nan nan nan nan
1.500000e-01 9.800000e-01 nan nan nan nan
2.000000e-01 9.800000e-01 nan nan nan nan
2.500000e-01 9.800000e-01 nan nan nan nan
3.000000e-01 9.800000e-01 nan nan nan nan
3.500000e-01 9.800000e-01 nan nan nan nan
4.000000e-01 9.800000e-01 nan nan nan nan
4.500000e-01 9.800000e-01 nan nan nan nan
5.000000e-01 9.800000e-01 nan nan nan nan
5.500000e-01 9.800000e-01 nan nan nan nan
6.000000e-01 9.800000e-01 nan nan nan nan
6.500000e-01 9.800000e-01 nan nan nan nan
7.000000e-01 9.800000e-01 nan nan nan nan
7.500000e-01 9.800000e-01 nan nan nan nan
8.000000e-01 9.800000e-01 nan nan nan nan
8.500000e-01 9.800000e-01 nan nan nan nan
9.000000e-01 9.800000e-01 nan nan nan nan
9.500000e-01 9.800000e-01 nan nan nan nan
1.000000e+00 9.800000e-01 nan nan nan nan
1.050000e+00 9.800000e-01 nan nan nan nan
1.100000e+00 9.800000e-01 nan nan nan nan
1.150000e+00 9.800000e-01 nan nan nan nan
1.200000e+00 9.800000e-01 nan nan nan nan
1.250000e+00 9.800000e-01 nan nan nan nan
1.300000e+00 9.800000e-01 nan nan nan nan
1.350000e+00 9.800000e-01 nan nan nan nan
1.400000e+00 9.800000e-01 nan nan nan nan
1.450000e+00 9.800000e-01 nan nan nan nan
1.500000e+00 9.800000e-01 nan nan nan nan
1.550000e+00 9.800000e-01 nan nan nan nan
1.600000e+00 9.800000e-01 nan nan nan nan
1.650000e+00 9.800000e-01 nan nan nan nan
1.700000e+00 9.800000e-01 nan nan nan nan
1.750000e+00 9.800000e-01 nan nan nan nan
1.800000e+00 9.800000e-01 nan nan nan nan
1.850000e+00 9.800000e-01 nan nan nan nan
1.900000e+00 9.800000e-01 nan nan nan nan
1.950000e+00 9.800000e-01 nan nan nan nan
2.000000e+00 9.800000e-01 nan nan nan nan
2.050000e+00 9.800000e-01 nan nan nan nan
2.100000e+00 9.800000e-01 nan nan nan nan
2.150000e+00 9.800000e-01 nan nan nan nan
2.200000e+00 9.800000e-01 nan nan nan nan
2.250000e+00 9.800000e-01 nan nan nan nan
2.300000e+00 9.800000e-01 nan nan nan nan
2.350000e+00 9.800000e-01 nan nan nan nan
2.400000e+00 9.800000e-01 nan nan nan nan
2.450000e+00 9.800000e-01 nan nan nan nan
2.500000e+00 9.800000e-01 nan nan nan nan
2.550000e+00 9.800000e-01 nan nan nan nan
2.600000e+00 9.800000e-01 nan nan nan nan
2.650000e+00 9.800000e-01 nan nan nan nan
2.700000e+00 9.800000e-01 nan nan nan nan
2.750000e+00 9.800000e-01 nan nan nan nan
2.800000e+00 9.800000e-01 nan nan nan nan
2.850000e+00 9.800000e-01 nan nan nan nan
2.900000e+00 9.800000e-01 nan nan nan nan
2.950000e+00 9.800000e-01 nan nan nan nan
3.000000e+00 9.800000e-01 nan nan nan nan
3.050000e+00 9.800000e-01 nan nan nan nan
3.100000e+00 9.800000e-01 nan nan nan nan
3.150000e+00 9.800000e-01 nan nan nan nan
3.200000e+00 9.800000e-01 nan nan nan nan
3.250000e+00 9.800000e-01 nan nan nan nan
3.300000e+00 9.800000e-01 nan nan nan nan
3.350000e+00 9.800000e-01 nan nan nan nan
3.400000e+00 9.800000e-01 nan nan nan nan
3.450000e+00 9.800000e-01 nan nan nan nan
3.500000e+00 9.800000e-01 nan nan nan nan
3.550000e+00 9.800000e-01 nan nan nan nan
3.600000e+00 9.800000e-01 nan nan nan nan
3.650000e+00 9.800000e-01 nan nan nan nan
3.700000e+00 9.800000e-01 nan nan nan nan
3.750000e+00 9.800000e-01 nan nan nan nan
3.800000e+00 9.800000e-01 nan nan nan nan
3.850000e+00 9.800000e-01 nan nan nan nan
3.900000e+00 9.800000e-01 nan nan nan nan
3.950000e+00 9.800000e-01 nan nan nan nan
4.000000e+00 9.800000e-01 nan nan nan nan
4.050000e+00 9.800000e-01 nan nan nan nan
4.100000e+00 9.800000e-01 nan nan nan nan
4.150000e+00 9.800000e-01 nan nan nan nan
4.200000e+00 9.800000e-01 nan nan nan nan
4.250000e+00 9.800000e-01 nan nan nan nan
4.300000e+00 9.800000e-01 nan nan nan nan
4.350000e+00 9.800000e-01 nan nan nan nan
4.400000e+00 9.800000e-01 nan nan nan nan
4.450000e+00 9.800000e-01 nan nan nan nan
4.500000e+00 9.800000e-01 nan nan nan nan
4.550000e+00 9.800000e-01 nan nan nan nan
4.600000e+00 9.800000e-01 nan nan nan nan
4.650000e+00 9.800000e-01 nan nan nan nan
4.700000e+00 9.800000e-01 nan nan nan nan
4.750000e+00 9.800000e-01 nan nan nan nan
4.800000e+00 9.800000e-01 nan nan nan nan
4.850000e+00 9.800000e-01 nan nan nan nan
4.900000e+00 9.800000e-01 nan nan nan nan
4.950000e+00 9.800000e-01 nan nan nan nan
5.000000e+00 9.800000e-01 nan nan nan nan
5.050000e+00 9.800000e-01 nan nan nan nan
5.100000e+00 9.800000e-01 nan nan nan nan
5.150000e+00 9.800000e-01 nan nan nan nan
5.200000e+00 9.800000e-01 nan nan nan nan
5.250000e+00 9.800000e-01 nan nan nan nan
5.300000e+00 9.800000e-01 nan nan nan nan
5.350000e+00 9.800000e-01 nan nan nan nan
5.400000e+00 9.800000e-01 nan nan nan nan
5.450000e+00 9.800000e-01 nan nan nan nan
5.500000e+00 9.800000e-01 nan nan nan nan
5.550000e+00 9.800000e-01 nan nan nan nan
5.600000e+00 9.800000e-01 nan nan nan nan
5.650000e+00 9.800000e-01 nan nan nan nan
5.700000e+00 9.800000e-01 nan nan nan nan
5.750000e+00 9.800000e-01 nan nan nan nan
5.800000e+00 9.800000e-01 nan nan nan nan
5.850000e+00 9.800000e-01 nan nan nan nan
5.900000e+00 9.800000e-01 nan nan nan nan
5.950000e+00 9.800000e-01 nan nan nan nan
6.000000e+00 9.800000e-01 nan nan nan nan
6.050000e+00 9.800000e-01 nan nan nan nan
6.100000e+00 9.800000e-01 nan nan nan nan
6.150000e+00 9.800000e-01 nan nan nan nan
6.200000e+00 9.800000e-01 nan nan nan nan
6.250000e+00 9.800000e-01 nan nan nan nan
6.300000e+00 9.800000e-01 nan nan nan nan
6.350000e+00 9.800000e-01 nan nan nan nan
6.400000e+00 9.800000e-01 nan nan nan nan
6.450000e+00 9.800000e-01 nan nan nan nan
6.500000e+00 9.800000e-01 nan nan nan nan
6.550000e+00 9.800000e-01 nan nan nan nan
6.600000e+00 9.800000e-01 nan nan nan nan
6.650000e+00 9.800000e-01 nan nan nan nan
6.700000e+00 9.800000e-01 nan nan nan nan
6.750000e+00 9.800000e-01 nan nan nan nan
6.800000e+00 9.800000e-01 nan nan nan nan
6.850000e+00 9.800000e-01 nan nan nan nan
6.900000e+00 9.800000e-01 nan nan nan nan
6.950000e+00 9.800000e-01 nan nan nan nan
7.000000e+00 9.800000e-01 nan nan nan nan
7.050000e+00 9.800000e-01 nan nan nan nan
7.100000e+00 9.800000e-01 nan nan nan nan
7.150000e+00 9.800000e-01 nan nan nan nan
7.200000e+00 9.800000e-01 nan nan nan nan
7.250000e+00 9.800000e-01 nan nan nan nan
7.300000e+00 9.800000e-01 nan nan nan nan
7.350000e+00 9.800000e-01 nan nan nan nan
7.400000e+00 9.800000e-01 nan nan nan nan
7.450000e+00 9.800000e-01 nan nan nan nan
7.500000e+00 9.800000e-01 nan nan nan nan
7.550000e+00 9.800000e-01 nan nan nan nan
7.600000e+00 9.800000e-01 nan nan nan nan
7.650000e+00 9.800000e-01 nan nan nan nan
7.700000e+00 9.800000e-01 nan nan nan nan
7.750000e+00 9.800000e-01 nan nan nan nan
7.800000e+00 9.800000e-01 nan nan nan nan
7.850000e+00 9.800000e-01 nan nan nan nan
7.900000e+00 9.800000e-01 nan nan nan nan
7.950000e+00 9.800000e-01 nan nan nan nan
8.000000e+00 9.800000e-01 nan nan nan nan
8.050000e+00 9.800000e-01 nan nan nan nan
8.100000e+00 9.800000e-01 nan nan nan nan
8.150000e+00 9.800000e-01 nan nan nan nan
8.200000e+00 9.800000e-01 nan nan nan nan
8.250000e+00 9.800000e-01 nan nan nan nan
8.300000e+00 9.800000e-01 nan nan nan nan
8.350000e+00 9.800000e-01 nan nan nan nan
8.400000e+00 9.800000e-01 nan nan nan nan
8.450000e+00 9.800000e-01 nan nan nan nan
8.500000e+00 9.800000e-01 nan nan nan nan
8.550000e+00 9.800000e-01 nan nan nan nan
8.600000e+00 9.800000e-01 nan nan nan nan
8.650000e+00 9.800000e-01 nan nan nan nan
8.700000e+00 9.800000e-01 nan nan nan nan
8.750000e+00 9.800000e-01 nan nan nan nan
8.800000e+00 9.800000e-01 nan nan nan nan
8.850000e+00 9.800000e-01 nan nan nan nan
8.900000e+00 9.800000e-01 nan nan nan nan
8.950000e+00 9.800000e-01 nan nan nan nan
9.000000e+00 9.800000e-01 nan nan nan nan
9.050000e+00 9.800000e-01 nan nan nan nan
9.100000e+00 9.800000e-01 nan nan nan nan
9.150000e+00 9.800000e-01 nan nan nan nan
9.200000e+00 9.800000e-01 nan nan nan nan
9.250000e+00 9.800000e-01 nan nan nan nan
9.300000e+00 9.800000e-01 nan nan nan nan
9.350000e+00 9.800000e-01 nan nan nan nan
9.400000e+00 9.800000e-01 nan nan nan nan
9.450000e+00 9.800000e-01 nan nan nan nan
9.500000e+00 9.800000e-01 nan nan nan nan
9.550000e+00 9.800000e-01 nan nan nan nan
9.600000e+00 9.800000e-01 nan nan nan nan
9.650000e+00 9.800000e-01 nan nan nan nan
9.700000e+00 9.800000e-01 nan nan nan nan
9.750000e+00 9.800000e-01 nan nan nan nan
9.800000e+00 9.800000e-01 nan nan nan nan
9.850000e+00 9.800000e-01 nan nan nan nan
9.900000e+00 9.800000e-01 nan nan nan nan
9.950000e+00 9.800000e-01 nan nan nan nan
1.000000e+01 9.800000e-01 9.984240e-01 nan 0.000000e+00 0.000000e+00
0.000000e+00 1.000000e+00 9.996000e-01 nan 0.000000e+00 0.000000e+00
5.000000e-02 1.000000e+00 9.996000e-01 nan 0.000000e+00 0.000000e+00
1.000000e-01 1.000000e+00 9.996000e-01 nan 0.000000e+00 0.000000e+00
1.500000e-01 1.000000e+00 9.996000e-01 nan 0.000000e+00 0.000000e+00
2.000000e-01 1.000000e+00 9.996000e-01 nan 0.000000e+00 0.000000e+00
2.500000e-01 1.000000e+00 9.996000e-01 nan 0.000000e+00 0.000000e+00
3.000000e-01 1.000000e+00 9.996000e-01 nan 0.000000e+00 0.000000e+00
3.500000e-01 1.000000e+00 9.996000e-01 nan 0.000000e+00 0.000000e+00
4.000000e-01 1.000000e+00 9.996000e-01 nan 0.000000e+00 0.000000e+00
4.500000e-01 1.000000e+00 9.996000e-01 nan 0.000000e+00 0.000000e+00
5.000000e-01 1.000000e+00 9.996000e-01 nan 0.000000e+00 0.000000e+00
5.500000e-01 1.000000e+00 9.996000e-01 nan 0.000000e+00 0.000000e+00
6.000000e-01 1.000000e+00 9.996000e-01 nan 0.000000e+00 0.000000e+00
6.500000e-01 1.000000e+00 9.996000e-01 nan 0.000000e+00 0.000000e+00
7.000000e-01 1.000000e+00 9.996000e-01 nan 0.000000e+00 0.000000e+00
7.500000e-01 1.000000e+00 9.996000e-01 nan 0.000000e+00 0.000000e+00
8.000000e-01 1.000000e+00 9.996000e-01 nan 0.000000e+00 0.000000e+00
8.500000e-01 1.000000e+00 9.996000e-01 nan 0.000000e+00 0.000000e+00
9.000000e-01 1.000000e+00 9.996000e-01 nan 0.000000e+00 0.000000e+00
9.500000e-01 1.000000e+00 9.996000e-01 nan 0.000000e+00 0.000000e+00
1.000000e+00 1.000000e+00 9.996000e-01 nan 0.000000e+00 0.000000e+00
1.050000e+00 1.000000e+00 9.996000e-01 nan 0.000000e+00 0.000000e+00
1.100000e+00 1.000000e+00 9.996000e-01 nan 0.000000e+00 0.000000e+00
1.150000e+00 1.000000e+00 9.996000e-01 nan 0.000000e+00 0.000000e+00
1.200000e+00 1.000000e+00 9.996000e-01 nan 0.000000e+00 0.000000e+00
1.250000e+00 1.000000e+00 9.996000e-01 nan 0.000000e+00 0.000000e+00
1.300000e+00 1.000000e+00 9.996000e-01 nan 0.000000e+00 0.000000e+00
1.350000e+00 1.000000e+00 9.996000e-01 nan 0.000000e+00 0.000000e+00
1.400000e+00 1.000000e+00 9.996000e-01 nan 0.000000e+00 0.000000e+00
1.450000e+00 1.000000e+00 9.996000e-01 nan 0.000000e+00 0.000000e+00
1.500000e+00 1.000000e+00 9.996000e-01 nan 0.000000e+00 0.000000e+00
1.550000e+00 1.000000e+00 9.996000e-01 nan 0.000000e+00 0.000000e+00
1.600000e+00 1.000000e+00 9.996000e-01 nan 0.000000e+00 0.000000e+00
1.650000e+00 1.000000e+00 9.996000e-01 nan 0.000000e+00 0.000000e+00
1.700000e+00 1.000000e+00 9.996000e-01 nan 0.000000e+00 0.000000e+00
1.750000e+00 1.000000e+00 9.996000e-01 nan 0.000000e+00 0.000000e+00
1.800000e+00 1.000000e+00 9.996000e-01 nan 0.000000e+00 0.000000e+00
1.850000e+00 1.000000e+00 9.996000e-01 nan 0.000000e+00 0.000000e+00
1.900000e+00 1.000000e+00 9.996000e-01 nan 0.000000e+00 0.000000e+00
1.950000e+00 1.000000e+00 9.996000e-01 nan 0.000000e+00 0.000000e+00
2.000000e+00 1.000000e+00 9.996000e-01 nan 0.000000e+00 0.000000e+00
2.050000e+00 1.000000e+00 9.996000e-01 nan 0.000000e+00 0.000000e+00
2.100000e+00 1.000000e+00 9.996000e-01 nan 0.000000e+00 0.000000e+00
2.150000e+00 1.000000e+00 9.996000e-01 nan 0.000000e+00 0.000000e+00
2.200000e+00 1.000000e+00 9.996000e-01 nan 0.000000e+00 0.000000e+00
2.250000e+00 1.000000e+00 9.996000e-01 nan 0.000000e+00 0.000000e+00
2.300000e+00 1.000000e+00 9.996000e-01 nan 0.000000e+00 0.000000e+00
2.350000e+00 1.000000e+00 9.996000e-01 nan 0.000000e+00 0.000000e+00
2.400000e+00 1.000000e+00 9.996000e-01 nan 0.000000e+00 0.000000e+00
2.450000e+00 1.000000e+00 9.996000e-01 nan 0.000000e+00 0.000000e+00
2.500000e+00 1.000000e+00 9.996000e-01 nan 0.000000e+00 0.000000e+00
2.550000e+00 1.000000e+00 9.996000e-01 nan 0.000000e+00 0.000000e+00
2.600000e+00 1.000000e+00 9.996000e-01 nan 0.000000e+00 0.000000e+00
2.650000e+00 1.000000e+00 9.996000e-01 nan 0.000000e+00 0.000000e+00
2.700000e+00 1.000000e+00 9.996000e-01 nan 0.000000e+00 0.000000e+00
2.750000e+00 1.000000e+00 9.996000e-01 nan 0.000000e+00 0.000000e+00
2.800000e+00 1.000000e+00 9.996000e-01 nan 0.000000e+00 0.000000e+00
2.850000e+00 1.000000e+00 9.996000e-01 nan 0.000000e+00 0.000000e+00
2.900000e+00 1.000000e+00 9.996000e-01 nan 0.000000e+00 0.000000e+00
2.950000e+00 1.000000e+00 9.996000e-01 nan 0.000000e+00 0.000000e+00
3.000000e+00 1.000000e+00 9.996000e-01 nan 0.000000e+00 0.000000e+00
3.050000e+00 1.000000e+00 9.996000e-01 nan 0.000000e+00 0.000000e+00
3.100000e+00 1.000000e+00 9.996000e-01 nan 0.000000e+00 0.000000e+00
3.150000e+00 1.000000e+00 9.996000e-01 nan 0.000000e+00 0.000000e+00
3.200000e+00 1.000000e+00 9.996000e-01 nan 0.000000e+00 0.000000e+00
3.250000e+00 1.000000e+00 9.996000e-01 nan 0.000000e+00 0.000000e+00
3.300000e+00 1.000000e+00 9.996000e-01 nan 0.000000e+00 0.000000e+00
3.350000e+00 1.000000e+00 9.996000e-01 nan 0.000000e+00 0.000000e+00
3.400000e+00 1.000000e+00 9.996000e-01 nan 0.000000e+00 0.000000e+00
3.450000e+00 1.000000e+00 9.996000e-01 nan 0.000000e+00 0.000000e+00
3.500000e+00 1.000000e+00 9.996000e-01 nan 0.000000e+00 0.000000e+00
3.550000e+00 1.000000e+00 9.996000e-01 nan 0.000000e+00 0.000000e+00
3.600000e+00 1.000000e+00 9.996000e-01 nan 0.000000e+00 0.000000e+00
3.650000e+00 1.000000e+00 9.996000e-01 nan 0.000000e+00 0.000000e+00
3.700000e+00 1.000000e+00 9.996000e-01 nan 0.000000e+00 0.000000e+00
3.750000e+00 1.000000e+00 9.996000e-01 nan 0.000000e+00 0.000000e+00
3.800000e+00 1.000000e+00 9.996000e-01 nan 0.000000e+00 0.000000e+00
3.850000e+00 1.000000e+00 9.996000e-01 nan 0.000000e+00 0.000000e+00
3.900000e+00 1.000000e+00 9.996000e-01 nan 0.000000e+00 0.000000e+00
3.950000e+00 1.000000e+00 9.996000e-01 nan 0.000000e+00 0.000000e+00
4.000000e+00 1.000000e+00 9.996000e-01 nan 0.000000e+00 0.000000e+00
4.050000e+00 1.000000e+00 9.996000e-01 nan 0.000000e+00 0.000000e+00
4.100000e+00 1.000000e+00 9.996000e-01 nan 0.000000e+00 0.000000e+00
4.150000e+00 1.000000e+00 9.996000e-01 nan 0.000000e+00 0.000000e+00
4.200000e+00 1.000000e+00 9.996000e-01 nan 0.000000e+00 0.000000e+00
4.250000e+00 1.000000e+00 9.996000e-01 nan 0.000000e+00 0.000000e+00
4.300000e+00 1.000000e+00 9.996000e-01 nan 0.000000e+00 0.000000e+00
4.350000e+00 1.000000e+00 9.996000e-01 nan 0.000000e+00 0.000000e+00
4.400000e+00 1.000000e+00 9.996000e-01 nan 0.000000e+00 0.000000e+00
4.450000e+00 1.000000e+00 9.996000e-01 nan 0.000000e+00 0.000000e+00
4.500000e+00 1.000000e+00 9.996000e-01 nan 0.000000e+00 0.000000e+00
4.550000e+00 1.000000e+00 9.996000e-01 nan 0.000000e+00 0.000000e+00
4.600000e+00 1.000000e+00 9.996000e-01 nan 0.000000e+00 0.000000e+00
4.650000e+00 1.000000e+00 9.996000e-01 nan 0.000000e+00 0.000000e+00
4.700000e+00 1.000000e+00 9.996000e-01 nan 0.000000e+00 0.000000e+00
4.750000e+00 1.000000e+00 9.996000e-01 nan 0.000000e+00 0.000000e+00
4.800000e+00 1.000000e+00 9.996000e-01 nan 0.000000e+00 0.000000e+00
4.850000e+00 1.000000e+00 9.996000e-01 nan 0.000000e+00 0.000000e+00
4.900000e+00 1.000000e+00 9.996000e-01 nan 0.000000e+00 0.000000e+00
4.950000e+00 1.000000e+00 9.996000e-01 nan 0.000000e+00 0.000000e+00
5.000000e+00 1.000000e+00 9.996000e-01 nan 0.000000e+00 0.000000e+00
5.050000e+00 1.000000e+00 9.996000e-01 nan 0.000000e+00 0.000000e+00
5.100000e+00 1.000000e+00 9.996000e-01 nan 0.000000e+00 0.000000e+00
5.150000e+00 1.000000e+00 9.996000e-01 nan 0.000000e+00 0.000000e+00
5.200000e+00 1.000000e+00 9.996000e-01 nan 0.000000e+00 0.000000e+00
5.250000e+00 1.000000e+00 9.996000e-01 nan 0.000000e+00 0.000000e+00
5.300000e+00 1.000000e+00 9.996000e-01 nan 0.000000e+00 0.000000e+00
5.350000e+00 1.000000e+00 9.996000e-01 nan 0.000000e+00 0.000000e+00
5.400000e+00 1.000000e+00 9.996000e-01 nan 0.000000e+00 0.000000e+00
5.450000e+00 1.000000e+00 9.996000e-01 nan 0.000000e+00 0.000000e+00
5.500000e+00 1.000000e+00 9.996000e-01 nan 0.000000e+00 0.000000e+00
5.550000e+00 1.000000e+00 9.996000e-01 nan 0.000000e+00 0.000000e+00
5.600000e+00 1.000000e+00 9.996000e-01 nan 0.000000e+00 0.000000e+00
5.650000e+00 1.000000e+00 9.996000e-01 nan 0.000000e+00 0.000000e+00
5.700000e+00 1.000000e+00 9.996000e-01 nan 0.000000e+00 0.000000e+00
5.750000e+00 1.000000e+00 9.996000e-01 nan 0.000000e+00 0.000000e+00
5.800000e+00 1.000000e+00 9.996000e-01 nan 0.000000e+00 0.000000e+00
5.850000e+00 1.000000e+00 9.996000e-01 nan 0.000000e+00 0.000000e+00
5.900000e+00 1.000000e+00 9.996000e-01 nan 0.000000e+00 0.000000e+00
5.950000e+00 1.000000e+00 9.996000e-01 nan 0.000000e+00 0.000000e+00
6.000000e+00 1.000000e+00 9.996000e-01 nan 0.000000e+00 0.000000e+00
6.050000e+00 1.000000e+00 9.996000e-01 nan 0.000000e+00 0.000000e+00
6.100000e+00 1.000000e+00 9.996000e-01 nan 0.000000e+00 0.000000e+00
6.150000e+00 1.000000e+00 9.996000e-01 nan 0.000000e+00 0.000000e+00
6.200000e+00 1.000000e+00 9.996000e-01 nan 0.000000e+00 0.000000e+00
6.250000e+00 1.000000e+00 9.996000e-01 nan 0.000000e+00 0.000000e+00
6.300000e+00 1.000000e+00 9.996000e-01 nan 0.000000e+00 0.000000e+00
6.350000e+00 1.000000e+00 9.996000e-01 nan 0.000000e+00 0.000000e+00
6.400000e+00 1.000000e+00 9.996000e-01 nan 0.000000e+00 0.000000e+00
6.450000e+00 1.000000e+00 9.996000e-01 nan 0.000000e+00 0.000000e+00
6.500000e+00 1.000000e+00 9.996000e-01 nan 0.000000e+00 0.000000e+00
6.550000e+00 1.000000e+00 9.996000e-01 nan 0.000000e+00 0.000000e+00
6.600000e+00 1.000000e+00 9.996000e-01 nan 0.000000e+00 0.000000e+00
6.650000e+00 1.000000e+00 9.996000e-01 nan 0.000000e+00 0.000000e+00
6.700000e+00 1.000000e+00 9.996000e-01 nan 0.000000e+00 0.000000e+00
6.750000e+00 1.000000e+00 9.996000e-01 nan 0.000000e+00 0.000000e+00
6.800000e+00 1.000000e+00 9.996000e-01 nan 0.000000e+00 0.000000e+00
6.850000e+00 1.000000e+00 9.996000e-01 nan 0.000000e+00 0.000000e+00
6.900000e+00 1.000000e+00 9.996000e-01 nan 0.000000e+00 0.000000e+00
6.950000e+00 1.000000e+00 9.996000e-01 nan 0.000000e+00 0.000000e+00
7.000000e+00 1.000000e+00 9.996000e-01 nan 0.000000e+00 0.000000e+00
7.050000e+00 1.000000e+00 9.996000e-01 nan 0.000000e+00 0.000000e+00
7.100000e+00 1.000000e+00 9.996000e-01 nan 0.000000e+00 0.000000e+00
7.150000e+00 1.000000e+00 9.996000e-01 nan 0.000000e+00 0.000000e+00
7.200000e+00 1.000000e+00 9.996000e-01 nan 0.000000e+00 0.000000e+00
7.250000e+00 1.000000e+00 9.996000e-01 nan 0.000000e+00 0.000000e+00
7.300000e+00 1.000000e+00 9.996000e-01 nan 0.000000e+00 0.000000e+00
7.350000e+00 1.000000e+00 9.996000e-01 nan 0.000000e+00 0.000000e+00
7.400000e+00 1.000000e+00 9.996000e-01 nan 0.000000e+00 0.000000e+00
7.450000e+00 1.000000e+00 9.996000e-01 nan 0.000000e+00 0.000000e+00
7.500000e+00 1.000000e+00 9.996000e-01 nan 0.000000e+00 0.000000e+00
7.550000e+00 1.000000e+00 9.996000e-01 nan 0.000000e+00 0.000000e+00
7.600000e+00 1.000000e+00 9.996000e-01 nan 0.000000e+00 0.000000e+00
7.650000e+00 1.000000e+00 9.996000e-01 nan 0.000000e+00 0.000000e+00
7.700000e+00 1.000000e+00 9.996000e-01 nan 0.000000e+00 0.000000e+00
7.750000e+00 1.000000e+00 9.996000e-01 nan 0.000000e+00 0.000000e+00
7.800000e+00 1.000000e+00 9.996000e-01 nan 0.000000e+00 0.000000e+00
7.850000e+00 1.000000e+00 9.996000e-01 nan 0.000000e+00 0.000000e+00
7.900000e+00 1.000000e+00 9.996000e-01 nan 0.000000e+00 0.000000e+00
7.950000e+00 1.000000e+00 9.996000e-01 nan 0.000000e+00 0.000000e+00
8.000000e+00 1.000000e+00 9.996000e-01 nan 0.000000e+00 0.000000e+00
8.050000e+00 1.000000e+00 9.996000e-01 nan 0.000000e+00 0.000000e+00
8.100000e+00 1.000000e+00 9.996000e-01 nan 0.000000e+00 0.000000e+00
8.150000e+00 1.000000e+00 9.996000e-01 nan 0.000000e+00 0.000000e+00
8.200000e+00 1.000000e+00 9.996000e-01 nan 0.000000e+00 0.000000e+00
8.250000e+00 1.000000e+00 9.996000e-01 nan 0.000000e+00 0.000000e+00
8.300000e+00 1.000000e+00 9.996000e-01 nan 0.000000e+00 0.000000e+00
8.350000e+00 1.000000e+00 9.996000e-01 nan 0.000000e+00 0.000000e+00
8.400000e+00 1.000000e+00 9.996000e-01 nan 0.000000e+00 0.000000e+00
8.450000e+00 1.000000e+00 9.996000e-01 nan 0.000000e+00 0.000000e+00
8.500000e+00 1.000000e+00 9.996000e-01 nan 0.000000e+00 0.000000e+00
8.550000e+00 1.000000e+00 9.996000e-01 nan 0.000000e+00 0.000000e+00
8.600000e+00 1.000000e+00 9.996000e-01 nan 0.000000e+00 0.000000e+00
8.650000e+00 1.000000e+00 9.996000e-01 nan 0.000000e+00 0.000000e+00
8.700000e+00 1.000000e+00 9.996000e-01 nan 0.000000e+00 0.000000e+00
8.750000e+00 1.000000e+00 9.996000e-01 nan 0.000000e+00 0.000000e+00
8.800000e+00 1.000000e+00 9.996000e-01 nan 0.000000e+00 0.000000e+00
8.850000e+00 1.000000e+00 9.996000e-01 nan 0.000000e+00 0.000000e+00
8.900000e+00 1.000000e+00 9.996000e-01 nan 0.000000e+00 0.000000e+00
8.950000e+00 1.000000e+00 9.996000e-01 nan 0.000000e+00 0.000000e+00
9.000000e+00 1.000000e+00 9.996000e-01 nan 0.000000e+00 0.000000e+00
9.050000e+00 1.000000e+00 9.996000e-01 nan 0.000000e+00 0.000000e+00
9.100000e+00 1.000000e+00 9.996000e-01 nan 0.000000e+00 0.000000e+00
9.150000e+00 1.000000e+00 9.996000e-01 nan 0.000000e+00 0.000000e+00
9.200000e+00 1.000000e+00 9.996000e-01 nan 0.000000e+00 0.000000e+00
9.250000e+00 1.000000e+00 9.996000e-01 nan 0.000000e+00 0.000000e+00
9.300000e+00 1.000000e+00 9.996000e-01 nan 0.000000e+00 0.000000e+00
9.350000e+00 1.000000e+00 9.996000e-01 nan 0.000000e+00 0.000000e+00
9.400000e+00 1.000000e+00 9.996000e-01 nan 0.000000e+00 0.000000e+00
9.450000e+00 1.000000e+00 9.996000e-01 nan 0.000000e+00 0.000000e+00
9.500000e+00 1.000000e+00 9.996000e-01 nan 0.000000e+00 0.000000e+00
9.550000e+00 1.000000e+00 9.996000e-01 nan 0.000000e+00 0.000000e+00
9.600000e+00 1.000000e+00 9.996000e-01 nan 0.000000e+00 0.000000e+00
9.650000e+00 1.000000e+00 9.996000e-01 nan 0.000000e+00 0.000000e+00
9.700000e+00 1.000000e+00 9.996000e-01 nan 0.000000e+00 0.000000e+00
9.750000e+00 1.000000e+00 9.996000e-01 nan 0.000000e+00 0.000000e+00
9.800000e+00 1.000000e+00 9.996000e-01 nan 0.000000e+00 0.000000e+00
9.850000e+00 1.000000e+00 9.996000e-01 nan 0.000000e+00 0.000000e+00
9.900000e+00 1.000000e+00 9.996000e-01 nan 0.000000e+00 0.000000e+00
9.950000e+00 1.000000e+00 9.996000e-01 nan 0.000000e+00 0.000000e+00
1.000000e+01 1.000000e+00 9.996000e-01 nan 0.000000e+00 0.000000e+00
