TITLE = "Stream-Vorticity Solution"
VARIABLES = "X", "Y", "Psi", "Omega", "U", "V"
ZONE I=201, J=51, DATAPACKING=POINT
0.000000e+00 0.000000e+00 0.000000e+00 -5.838213e+00 0.000000e+00 0.000000e+00
5.000000e-02 0.000000e+00 0.000000e+00 -5.916426e+00 0.000000e+00 0.000000e+00
1.000000e-01 0.000000e+00 0.000000e+00 -5.919672e+00 0.000000e+00 0.000000e+00
1.500000e-01 0.000000e+00 0.000000e+00 -5.912476e+00 0.000000e+00 0.000000e+00
2.000000e-01 0.000000e+00 0.000000e+00 -5.902540e+00 0.000000e+00 0.000000e+00
2.500000e-01 0.000000e+00 0.000000e+00 -5.893380e+00 0.000000e+00 0.000000e+00
3.000000e-01 0.000000e+00 0.000000e+00 -5.887771e+00 0.000000e+00 0.000000e+00
3.500000e-01 0.000000e+00 0.000000e+00 -5.886126e+00 0.000000e+00 0.000000e+00
4.000000e-01 0.000000e+00 0.000000e+00 -5.886753e+00 0.000000e+00 0.000000e+00
4.500000e-01 0.000000e+00 0.000000e+00 -5.889184e+00 0.000000e+00 0.000000e+00
5.000000e-01 0.000000e+00 0.000000e+00 -5.894922e+00 0.000000e+00 0.000000e+00
5.500000e-01 0.000000e+00 0.000000e+00 -5.903477e+00 0.000000e+00 0.000000e+00
6.000000e-01 0.000000e+00 0.000000e+00 -5.909815e+00 0.000000e+00 0.000000e+00
6.500000e-01 0.000000e+00 0.000000e+00 -5.908053e+00 0.000000e+00 0.000000e+00
7.000000e-01 0.000000e+00 0.000000e+00 -5.896816e+00 0.000000e+00 0.000000e+00
7.500000e-01 0.000000e+00 0.000000e+00 -5.879120e+00 0.000000e+00 0.000000e+00
8.000000e-01 0.000000e+00 0.000000e+00 -5.857707e+00 0.000000e+00 0.000000e+00
8.500000e-01 0.000000e+00 0.000000e+00 -5.833158e+00 0.000000e+00 0.000000e+00
9.000000e-01 0.000000e+00 0.000000e+00 -5.807556e+00 0.000000e+00 0.000000e+00
9.500000e-01 0.000000e+00 0.000000e+00 -5.787468e+00 0.000000e+00 0.000000e+00
1.000000e+00 0.000000e+00 0.000000e+00 -5.780814e+00 0.000000e+00 0.000000e+00
1.050000e+00 0.000000e+00 0.000000e+00 -5.791417e+00 0.000000e+00 0.000000e+00
1.100000e+00 0.000000e+00 0.000000e+00 -5.818981e+00 0.000000e+00 0.000000e+00
1.150000e+00 0.000000e+00 0.000000e+00 -5.863809e+00 0.000000e+00 0.000000e+00
1.200000e+00 0.000000e+00 0.000000e+00 -5.928672e+00 0.000000e+00 0.000000e+00
1.250000e+00 0.000000e+00 0.000000e+00 -6.015526e+00 0.000000e+00 0.000000e+00
1.300000e+00 0.000000e+00 0.000000e+00 -6.123088e+00 0.000000e+00 0.000000e+00
1.350000e+00 0.000000e+00 0.000000e+00 -6.249153e+00 0.000000e+00 0.000000e+00
1.400000e+00 0.000000e+00 0.000000e+00 -6.393490e+00 0.000000e+00 0.000000e+00
1.450000e+00 0.000000e+00 0.000000e+00 -6.556946e+00 0.000000e+00 0.000000e+00
1.500000e+00 0.000000e+00 0.000000e+00 -6.738995e+00 0.000000e+00 0.000000e+00
1.550000e+00 0.000000e+00 0.000000e+00 -6.937836e+00 0.000000e+00 0.000000e+00
1.600000e+00 0.000000e+00 0.000000e+00 -7.152209e+00 0.000000e+00 0.000000e+00
1.650000e+00 0.000000e+00 0.000000e+00 -7.381559e+00 0.000000e+00 0.000000e+00
1.700000e+00 0.000000e+00 0.000000e+00 -7.624577e+00 0.000000e+00 0.000000e+00
1.750000e+00 0.000000e+00 0.000000e+00 -7.878860e+00 0.000000e+00 0.000000e+00
1.800000e+00 0.000000e+00 0.000000e+00 -8.142299e+00 0.000000e+00 0.000000e+00
1.850000e+00 0.000000e+00 0.000000e+00 -8.413993e+00 0.000000e+00 0.000000e+00
1.900000e+00 0.000000e+00 0.000000e+00 -8.693569e+00 0.000000e+00 0.000000e+00
1.950000e+00 0.000000e+00 0.000000e+00 -8.980381e+00 0.000000e+00 0.000000e+00
2.000000e+00 0.000000e+00 0.000000e+00 -9.273863e+00 0.000000e+00 0.000000e+00
2.050000e+00 0.000000e+00 0.000000e+00 -9.574125e+00 0.000000e+00 0.000000e+00
2.100000e+00 0.000000e+00 0.000000e+00 -9.881436e+00 0.000000e+00 0.000000e+00
2.150000e+00 0.000000e+00 0.000000e+00 -1.019512e+01 0.000000e+00 0.000000e+00
2.200000e+00 0.000000e+00 0.000000e+00 -1.051362e+01 0.000000e+00 0.000000e+00
2.250000e+00 0.000000e+00 0.000000e+00 -1.083604e+01 0.000000e+00 0.000000e+00
2.300000e+00 0.000000e+00 0.000000e+00 -1.116334e+01 0.000000e+00 0.000000e+00
2.350000e+00 0.000000e+00 0.000000e+00 -1.149718e+01 0.000000e+00 0.000000e+00
2.400000e+00 0.000000e+00 0.000000e+00 -1.183663e+01 0.000000e+00 0.000000e+00
2.450000e+00 0.000000e+00 0.000000e+00 -1.217504e+01 0.000000e+00 0.000000e+00
2.500000e+00 0.000000e+00 0.000000e+00 -1.249985e+01 0.000000e+00 0.000000e+00
2.550000e+00 0.000000e+00 0.000000e+00 -1.279558e+01 0.000000e+00 0.000000e+00
2.600000e+00 0.000000e+00 0.000000e+00 -1.304855e+01 0.000000e+00 0.000000e+00
2.650000e+00 0.000000e+00 0.000000e+00 -1.325072e+01 0.000000e+00 0.000000e+00
2.700000e+00 0.000000e+00 0.000000e+00 -1.340115e+01 0.000000e+00 0.000000e+00
2.750000e+00 0.000000e+00 0.000000e+00 -1.350499e+01 0.000000e+00 0.000000e+00
2.800000e+00 0.000000e+00 0.000000e+00 -1.357104e+01 0.000000e+00 0.000000e+00
2.850000e+00 0.000000e+00 0.000000e+00 -1.360918e+01 0.000000e+00 0.000000e+00
2.900000e+00 0.000000e+00 0.000000e+00 -1.362847e+01 0.000000e+00 0.000000e+00
2.950000e+00 0.000000e+00 0.000000e+00 -1.363610e+01 0.000000e+00 0.000000e+00
3.000000e+00 0.000000e+00 0.000000e+00 -1.363724e+01 0.000000e+00 0.000000e+00
3.050000e+00 0.000000e+00 0.000000e+00 -1.363524e+01 0.000000e+00 0.000000e+00
3.100000e+00 0.000000e+00 0.000000e+00 -1.363209e+01 0.000000e+00 0.000000e+00
3.150000e+00 0.000000e+00 0.000000e+00 -1.362882e+01 0.000000e+00 0.000000e+00
3.200000e+00 0.000000e+00 0.000000e+00 -1.362593e+01 0.000000e+00 0.000000e+00
3.250000e+00 0.000000e+00 0.000000e+00 -1.362358e+01 0.000000e+00 0.000000e+00
3.300000e+00 0.000000e+00 0.000000e+00 -1.362175e+01 0.000000e+00 0.000000e+00
3.350000e+00 0.000000e+00 0.000000e+00 -1.362039e+01 0.000000e+00 0.000000e+00
3.400000e+00 0.000000e+00 0.000000e+00 -1.361940e+01 0.000000e+00 0.000000e+00
3.450000e+00 0.000000e+00 0.000000e+00 -1.361869e+01 0.000000e+00 0.000000e+00
3.500000e+00 0.000000e+00 0.000000e+00 -1.361819e+01 0.000000e+00 0.000000e+00
3.550000e+00 0.000000e+00 0.000000e+00 -1.361784e+01 0.000000e+00 0.000000e+00
3.600000e+00 0.000000e+00 0.000000e+00 -1.361760e+01 0.000000e+00 0.000000e+00
3.650000e+00 0.000000e+00 0.000000e+00 -1.361744e+01 0.000000e+00 0.000000e+00
3.700000e+00 0.000000e+00 0.000000e+00 -1.361733e+01 0.000000e+00 0.000000e+00
3.750000e+00 0.000000e+00 0.000000e+00 -1.361726e+01 0.000000e+00 0.000000e+00
3.800000e+00 0.000000e+00 0.000000e+00 -1.361721e+01 0.000000e+00 0.000000e+00
3.850000e+00 0.000000e+00 0.000000e+00 -1.361717e+01 0.000000e+00 0.000000e+00
3.900000e+00 0.000000e+00 0.000000e+00 -1.361715e+01 0.000000e+00 0.000000e+00
3.950000e+00 0.000000e+00 0.000000e+00 -1.361714e+01 0.000000e+00 0.000000e+00
4.000000e+00 0.000000e+00 0.000000e+00 -1.361713e+01 0.000000e+00 0.000000e+00
4.050000e+00 0.000000e+00 0.000000e+00 -1.361712e+01 0.000000e+00 0.000000e+00
4.100000e+00 0.000000e+00 0.000000e+00 -1.361712e+01 0.000000e+00 0.000000e+00
4.150000e+00 0.000000e+00 0.000000e+00 -1.361712e+01 0.000000e+00 0.000000e+00
4.200000e+00 0.000000e+00 0.000000e+00 -1.361712e+01 0.000000e+00 0.000000e+00
4.250000e+00 0.000000e+00 0.000000e+00 -1.361711e+01 0.000000e+00 0.000000e+00
4.300000e+00 0.000000e+00 0.000000e+00 -1.361711e+01 0.000000e+00 0.000000e+00
4.350000e+00 0.000000e+00 0.000000e+00 -1.361711e+01 0.000000e+00 0.000000e+00
4.400000e+00 0.000000e+00 0.000000e+00 -1.361711e+01 0.000000e+00 0.000000e+00
4.450000e+00 0.000000e+00 0.000000e+00 -1.361711e+01 0.000000e+00 0.000000e+00
4.500000e+00 0.000000e+00 0.000000e+00 -1.361711e+01 0.000000e+00 0.000000e+00
4.550000e+00 0.000000e+00 0.000000e+00 -1.361711e+01 0.000000e+00 0.000000e+00
4.600000e+00 0.000000e+00 0.000000e+00 -1.361711e+01 0.000000e+00 0.000000e+00
4.650000e+00 0.000000e+00 0.000000e+00 -1.361711e+01 0.000000e+00 0.000000e+00
4.700000e+00 0.000000e+00 0.000000e+00 -1.361711e+01 0.000000e+00 0.000000e+00
4.750000e+00 0.000000e+00 0.000000e+00 -1.361711e+01 0.000000e+00 0.000000e+00
4.800000e+00 0.000000e+00 0.000000e+00 -1.361711e+01 0.000000e+00 0.000000e+00
4.850000e+00 0.000000e+00 0.000000e+00 -1.361711e+01 0.000000e+00 0.000000e+00
4.900000e+00 0.000000e+00 0.000000e+00 -1.361711e+01 0.000000e+00 0.000000e+00
4.950000e+00 0.000000e+00 0.000000e+00 -1.361711e+01 0.000000e+00 0.000000e+00
5.000000e+00 0.000000e+00 0.000000e+00 -1.361711e+01 0.000000e+00 0.000000e+00
5.050000e+00 0.000000e+00 0.000000e+00 -1.361711e+01 0.000000e+00 0.000000e+00
5.100000e+00 0.000000e+00 0.000000e+00 -1.361711e+01 0.000000e+00 0.000000e+00
5.150000e+00 0.000000e+00 0.000000e+00 -1.361711e+01 0.000000e+00 0.000000e+00
5.200000e+00 0.000000e+00 0.000000e+00 -1.361711e+01 0.000000e+00 0.000000e+00
5.250000e+00 0.000000e+00 0.000000e+00 -1.361711e+01 0.000000e+00 0.000000e+00
5.300000e+00 0.000000e+00 0.000000e+00 -1.361711e+01 0.000000e+00 0.000000e+00
5.350000e+00 0.000000e+00 0.000000e+00 -1.361711e+01 0.000000e+00 0.000000e+00
5.400000e+00 0.000000e+00 0.000000e+00 -1.361711e+01 0.000000e+00 0.000000e+00
5.450000e+00 0.000000e+00 0.000000e+00 -1.361711e+01 0.000000e+00 0.000000e+00
5.500000e+00 0.000000e+00 0.000000e+00 -1.361711e+01 0.000000e+00 0.000000e+00
5.550000e+00 0.000000e+00 0.000000e+00 -1.361711e+01 0.000000e+00 0.000000e+00
5.600000e+00 0.000000e+00 0.000000e+00 -1.361711e+01 0.000000e+00 0.000000e+00
5.650000e+00 0.000000e+00 0.000000e+00 -1.361711e+01 0.000000e+00 0.000000e+00
5.700000e+00 0.000000e+00 0.000000e+00 -1.361711e+01 0.000000e+00 0.000000e+00
5.750000e+00 0.000000e+00 0.000000e+00 -1.361711e+01 0.000000e+00 0.000000e+00
5.800000e+00 0.000000e+00 0.000000e+00 -1.361711e+01 0.000000e+00 0.000000e+00
5.850000e+00 0.000000e+00 0.000000e+00 -1.361711e+01 0.000000e+00 0.000000e+00
5.900000e+00 0.000000e+00 0.000000e+00 -1.361711e+01 0.000000e+00 0.000000e+00
5.950000e+00 0.000000e+00 0.000000e+00 -1.361711e+01 0.000000e+00 0.000000e+00
6.000000e+00 0.000000e+00 0.000000e+00 -1.361711e+01 0.000000e+00 0.000000e+00
6.050000e+00 0.000000e+00 0.000000e+00 -1.361711e+01 0.000000e+00 0.000000e+00
6.100000e+00 0.000000e+00 0.000000e+00 -1.361711e+01 0.000000e+00 0.000000e+00
6.150000e+00 0.000000e+00 0.000000e+00 -1.361711e+01 0.000000e+00 0.000000e+00
6.200000e+00 0.000000e+00 0.000000e+00 -1.361711e+01 0.000000e+00 0.000000e+00
6.250000e+00 0.000000e+00 0.000000e+00 -1.361711e+01 0.000000e+00 0.000000e+00
6.300000e+00 0.000000e+00 0.000000e+00 -1.361711e+01 0.000000e+00 0.000000e+00
6.350000e+00 0.000000e+00 0.000000e+00 -1.361711e+01 0.000000e+00 0.000000e+00
6.400000e+00 0.000000e+00 0.000000e+00 -1.361711e+01 0.000000e+00 0.000000e+00
6.450000e+00 0.000000e+00 0.000000e+00 -1.361711e+01 0.000000e+00 0.000000e+00
6.500000e+00 0.000000e+00 0.000000e+00 -1.361711e+01 0.000000e+00 0.000000e+00
6.550000e+00 0.000000e+00 0.000000e+00 -1.361711e+01 0.000000e+00 0.000000e+00
6.600000e+00 0.000000e+00 0.000000e+00 -1.361711e+01 0.000000e+00 0.000000e+00
6.650000e+00 0.000000e+00 0.000000e+00 -1.361711e+01 0.000000e+00 0.000000e+00
6.700000e+00 0.000000e+00 0.000000e+00 -1.361711e+01 0.000000e+00 0.000000e+00
6.750000e+00 0.000000e+00 0.000000e+00 -1.361711e+01 0.000000e+00 0.000000e+00
6.800000e+00 0.000000e+00 0.000000e+00 -1.361711e+01 0.000000e+00 0.000000e+00
6.850000e+00 0.000000e+00 0.000000e+00 -1.361711e+01 0.000000e+00 0.000000e+00
6.900000e+00 0.000000e+00 0.000000e+00 -1.361711e+01 0.000000e+00 0.000000e+00
6.950000e+00 0.000000e+00 0.000000e+00 -1.361711e+01 0.000000e+00 0.000000e+00
7.000000e+00 0.000000e+00 0.000000e+00 -1.361710e+01 0.000000e+00 0.000000e+00
7.050000e+00 0.000000e+00 0.000000e+00 -1.361710e+01 0.000000e+00 0.000000e+00
7.100000e+00 0.000000e+00 0.000000e+00 -1.361710e+01 0.000000e+00 0.000000e+00
7.150000e+00 0.000000e+00 0.000000e+00 -1.361710e+01 0.000000e+00 0.000000e+00
7.200000e+00 0.000000e+00 0.000000e+00 -1.361709e+01 0.000000e+00 0.000000e+00
7.250000e+00 0.000000e+00 0.000000e+00 -1.361708e+01 0.000000e+00 0.000000e+00
7.300000e+00 0.000000e+00 0.000000e+00 -1.361708e+01 0.000000e+00 0.000000e+00
7.350000e+00 0.000000e+00 0.000000e+00 -1.361706e+01 0.000000e+00 0.000000e+00
7.400000e+00 0.000000e+00 0.000000e+00 -1.361705e+01 0.000000e+00 0.000000e+00
7.450000e+00 0.000000e+00 0.000000e+00 -1.361703e+01 0.000000e+00 0.000000e+00
7.500000e+00 0.000000e+00 0.000000e+00 -1.361702e+01 0.000000e+00 0.000000e+00
7.550000e+00 0.000000e+00 0.000000e+00 -1.361696e+01 0.000000e+00 0.000000e+00
7.600000e+00 0.000000e+00 0.000000e+00 -1.361698e+01 0.000000e+00 0.000000e+00
7.650000e+00 0.000000e+00 0.000000e+00 -1.361682e+01 0.000000e+00 0.000000e+00
7.700000e+00 0.000000e+00 0.000000e+00 -1.361696e+01 0.000000e+00 0.000000e+00
7.750000e+00 0.000000e+00 0.000000e+00 -1.361651e+01 0.000000e+00 0.000000e+00
7.800000e+00 0.000000e+00 0.000000e+00 -1.361702e+01 0.000000e+00 0.000000e+00
7.850000e+00 0.000000e+00 0.000000e+00 -1.361591e+01 0.000000e+00 0.000000e+00
7.900000e+00 0.000000e+00 0.000000e+00 -1.361720e+01 0.000000e+00 0.000000e+00
7.950000e+00 0.000000e+00 0.000000e+00 -1.361489e+01 0.000000e+00 0.000000e+00
8.000000e+00 0.000000e+00 0.000000e+00 -1.361736e+01 0.000000e+00 0.000000e+00
8.050000e+00 0.000000e+00 0.000000e+00 -1.361355e+01 0.000000e+00 0.000000e+00
8.100000e+00 0.000000e+00 0.000000e+00 -1.361705e+01 0.000000e+00 0.000000e+00
8.150000e+00 0.000000e+00 0.000000e+00 -1.361210e+01 0.000000e+00 0.000000e+00
8.200000e+00 0.000000e+00 0.000000e+00 -1.361570e+01 0.000000e+00 0.000000e+00
8.250000e+00 0.000000e+00 0.000000e+00 -1.361036e+01 0.000000e+00 0.000000e+00
8.300000e+00 0.000000e+00 0.000000e+00 -1.361321e+01 0.000000e+00 0.000000e+00
8.350000e+00 0.000000e+00 0.000000e+00 -1.360727e+01 0.000000e+00 0.000000e+00
8.400000e+00 0.000000e+00 0.000000e+00 -1.360950e+01 0.000000e+00 0.000000e+00
8.450000e+00 0.000000e+00 0.000000e+00 -1.360194e+01 0.000000e+00 0.000000e+00
8.500000e+00 0.000000e+00 0.000000e+00 -1.360301e+01 0.000000e+00 0.000000e+00
8.550000e+00 0.000000e+00 0.000000e+00 -1.359395e+01 0.000000e+00 0.000000e+00
8.600000e+00 0.000000e+00 0.000000e+00 -1.359159e+01 0.000000e+00 0.000000e+00
8.650000e+00 0.000000e+00 0.000000e+00 -1.358055e+01 0.000000e+00 0.000000e+00
8.700000e+00 0.000000e+00 0.000000e+00 -1.357389e+01 0.000000e+00 0.000000e+00
8.750000e+00 0.000000e+00 0.000000e+00 -1.355718e+01 0.000000e+00 0.000000e+00
8.800000e+00 0.000000e+00 0.000000e+00 -1.354476e+01 0.000000e+00 0.000000e+00
8.850000e+00 0.000000e+00 0.000000e+00 -1.351992e+01 0.000000e+00 0.000000e+00
8.900000e+00 0.000000e+00 0.000000e+00 -1.349541e+01 0.000000e+00 0.000000e+00
8.950000e+00 0.000000e+00 0.000000e+00 -1.345826e+01 0.000000e+00 0.000000e+00
9.000000e+00 0.000000e+00 0.000000e+00 -1.341610e+01 0.000000e+00 0.000000e+00
9.050000e+00 0.000000e+00 0.000000e+00 -1.335567e+01 0.000000e+00 0.000000e+00
9.100000e+00 0.000000e+00 0.000000e+00 -1.328492e+01 0.000000e+00 0.000000e+00
9.150000e+00 0.000000e+00 0.000000e+00 -1.318987e+01 0.000000e+00 0.000000e+00
9.200000e+00 0.000000e+00 0.000000e+00 -1.307064e+01 0.000000e+00 0.000000e+00
9.250000e+00 0.000000e+00 0.000000e+00 -1.291770e+01 0.000000e+00 0.000000e+00
9.300000e+00 0.000000e+00 0.000000e+00 -1.272484e+01 0.000000e+00 0.000000e+00
9.350000e+00 0.000000e+00 0.000000e+00 -1.248046e+01 0.000000e+00 0.000000e+00
9.400000e+00 0.000000e+00 0.000000e+00 -1.216950e+01 0.000000e+00 0.000000e+00
9.450000e+00 0.000000e+00 0.000000e+00 -1.178549e+01 0.000000e+00 0.000000e+00
9.500000e+00 0.000000e+00 0.000000e+00 -1.130106e+01 0.000000e+00 0.000000e+00
9.550000e+00 0.000000e+00 0.000000e+00 -1.071297e+01 0.000000e+00 0.000000e+00
9.600000e+00 0.000000e+00 0.000000e+00 -9.985613e+00 0.000000e+00 0.000000e+00
9.650000e+00 0.000000e+00 0.000000e+00 -9.133296e+00 0.000000e+00 0.000000e+00
9.700000e+00 0.000000e+00 0.000000e+00 -8.120404e+00 0.000000e+00 0.000000e+00
9.750000e+00 0.000000e+00 0.000000e+00 -7.002747e+00 0.000000e+00 0.000000e+00
9.800000e+00 0.000000e+00 0.000000e+00 -5.776741e+00 0.000000e+00 0.000000e+00
9.850000e+00 0.000000e+00 0.000000e+00 -4.606802e+00 0.000000e+00 0.000000e+00
9.900000e+00 0.000000e+00 0.000000e+00 -3.631246e+00 0.000000e+00 0.000000e+00
9.950000e+00 0.000000e+00 0.000000e+00 -3.396495e+00 0.000000e+00 0.000000e+00
1.000000e+01 0.000000e+00 0.000000e+00 -4.594596e+00 0.000000e+00 0.000000e+00
0.000000e+00 2.000000e-02 1.176000e-03 -5.760000e+00 0.000000e+00 0.000000e+00
5.000000e-02 2.000000e-02 1.183285e-03 -5.729344e+00 1.164863e-01 -7.934421e-05
1.000000e-01 2.000000e-02 1.183934e-03 -5.724831e+00 1.164576e-01 7.901040e-06
1.500000e-01 2.000000e-02 1.182495e-03 -5.723295e+00 1.163660e-01 3.426444e-05
2.000000e-01 2.000000e-02 1.180508e-03 -5.721580e+00 1.162486e-01 3.819060e-05
2.500000e-01 2.000000e-02 1.178676e-03 -5.719829e+00 1.161389e-01 2.953805e-05
3.000000e-01 2.000000e-02 1.177554e-03 -5.718407e+00 1.160691e-01 1.450887e-05
3.500000e-01 2.000000e-02 1.177225e-03 -5.717489e+00 1.160450e-01 2.036130e-06
4.000000e-01 2.000000e-02 1.177351e-03 -5.717209e+00 1.160489e-01 -6.115588e-06
4.500000e-01 2.000000e-02 1.177837e-03 -5.717587e+00 1.160754e-01 -1.633781e-05
5.000000e-01 2.000000e-02 1.178984e-03 -5.718164e+00 1.161374e-01 -2.858645e-05
5.500000e-01 2.000000e-02 1.180695e-03 -5.717986e+00 1.162219e-01 -2.978734e-05
6.000000e-01 2.000000e-02 1.181963e-03 -5.716291e+00 1.162692e-01 -9.152949e-06
6.500000e-01 2.000000e-02 1.181611e-03 -5.713314e+00 1.162201e-01 2.599912e-05
7.000000e-01 2.000000e-02 1.179363e-03 -5.710445e+00 1.160757e-01 5.786700e-05
7.500000e-01 2.000000e-02 1.175824e-03 -5.709821e+00 1.158917e-01 7.821854e-05
8.000000e-01 2.000000e-02 1.171541e-03 -5.713998e+00 1.157233e-01 9.192364e-05
8.500000e-01 2.000000e-02 1.166632e-03 -5.725881e+00 1.156037e-01 1.003019e-04
9.000000e-01 2.000000e-02 1.161511e-03 -5.748529e+00 1.155824e-01 9.137981e-05
9.500000e-01 2.000000e-02 1.157494e-03 -5.784547e+00 1.157529e-01 5.348390e-05
1.000000e+00 2.000000e-02 1.156163e-03 -5.835533e+00 1.162131e-01 -7.897228e-06
1.050000e+00 2.000000e-02 1.158283e-03 -5.902135e+00 1.170073e-01 -7.633411e-05
1.100000e+00 2.000000e-02 1.163796e-03 -5.984553e+00 1.181308e-01 -1.447846e-04
1.150000e+00 2.000000e-02 1.172762e-03 -6.082817e+00 1.195853e-01 -2.193832e-04
1.200000e+00 2.000000e-02 1.185734e-03 -6.196652e+00 1.213974e-01 -3.034348e-04
1.250000e+00 2.000000e-02 1.203105e-03 -6.325413e+00 1.235816e-01 -3.888307e-04
1.300000e+00 2.000000e-02 1.224618e-03 -6.468380e+00 1.261162e-01 -4.672537e-04
1.350000e+00 2.000000e-02 1.249831e-03 -6.625042e+00 1.289720e-01 -5.408055e-04
1.400000e+00 2.000000e-02 1.278698e-03 -6.795019e+00 1.321434e-01 -6.155857e-04
1.450000e+00 2.000000e-02 1.311389e-03 -6.977842e+00 1.356359e-01 -6.910099e-04
1.500000e+00 2.000000e-02 1.347799e-03 -7.172959e+00 1.394384e-01 -7.617807e-04
1.550000e+00 2.000000e-02 1.387567e-03 -7.379887e+00 1.435270e-01 -8.264271e-04
1.600000e+00 2.000000e-02 1.430442e-03 -7.598231e+00 1.478849e-01 -8.874461e-04
1.650000e+00 2.000000e-02 1.476312e-03 -7.827564e+00 1.525034e-01 -9.447370e-04
1.700000e+00 2.000000e-02 1.524915e-03 -8.067417e+00 1.573649e-01 -9.946013e-04
1.750000e+00 2.000000e-02 1.575772e-03 -8.317395e+00 1.624406e-01 -1.035444e-03
1.800000e+00 2.000000e-02 1.628460e-03 -8.577215e+00 1.677060e-01 -1.070265e-03
1.850000e+00 2.000000e-02 1.682799e-03 -8.846543e+00 1.731488e-01 -1.102538e-03
1.900000e+00 2.000000e-02 1.738714e-03 -9.124786e+00 1.787593e-01 -1.132776e-03
1.950000e+00 2.000000e-02 1.796076e-03 -9.410970e+00 1.845199e-01 -1.160589e-03
2.000000e+00 2.000000e-02 1.854773e-03 -9.703656e+00 1.904091e-01 -1.187489e-03
2.050000e+00 2.000000e-02 1.914825e-03 -1.000078e+01 1.964060e-01 -1.215146e-03
2.100000e+00 2.000000e-02 1.976287e-03 -1.029953e+01 2.024842e-01 -1.241991e-03
2.150000e+00 2.000000e-02 2.039024e-03 -1.059635e+01 2.086000e-01 -1.264368e-03
2.200000e+00 2.000000e-02 2.102724e-03 -1.088720e+01 2.146951e-01 -1.281832e-03
2.250000e+00 2.000000e-02 2.167207e-03 -1.116773e+01 2.207148e-01 -1.299431e-03
2.300000e+00 2.000000e-02 2.232667e-03 -1.143329e+01 2.266219e-01 -1.322292e-03
2.350000e+00 2.000000e-02 2.299437e-03 -1.167889e+01 2.323848e-01 -1.346585e-03
2.400000e+00 2.000000e-02 2.367326e-03 -1.189949e+01 2.379458e-01 -1.355721e-03
2.450000e+00 2.000000e-02 2.435009e-03 -1.209060e+01 2.431959e-01 -1.326446e-03
2.500000e+00 2.000000e-02 2.499970e-03 -1.224922e+01 2.479811e-01 -1.241071e-03
2.550000e+00 2.000000e-02 2.559116e-03 -1.237464e+01 2.521412e-01 -1.097389e-03
2.600000e+00 2.000000e-02 2.609709e-03 -1.246863e+01 2.555594e-01 -9.102787e-04
2.650000e+00 2.000000e-02 2.650144e-03 -1.253508e+01 2.581971e-01 -7.052166e-04
2.700000e+00 2.000000e-02 2.680231e-03 -1.257913e+01 2.600990e-01 -5.085501e-04
2.750000e+00 2.000000e-02 2.700999e-03 -1.260627e+01 2.613734e-01 -3.397746e-04
2.800000e+00 2.000000e-02 2.714208e-03 -1.262154e+01 2.621595e-01 -2.083801e-04
2.850000e+00 2.000000e-02 2.721837e-03 -1.262908e+01 2.625972e-01 -1.148498e-04
2.900000e+00 2.000000e-02 2.725693e-03 -1.263197e+01 2.628063e-01 -5.383542e-05
2.950000e+00 2.000000e-02 2.727220e-03 -1.263232e+01 2.628786e-01 -1.755561e-05
3.000000e+00 2.000000e-02 2.727449e-03 -1.263147e+01 2.628773e-01 1.712163e-06
3.050000e+00 2.000000e-02 2.727049e-03 -1.263018e+01 2.628425e-01 1.031552e-05
3.100000e+00 2.000000e-02 2.726417e-03 -1.262887e+01 2.627971e-01 1.284706e-05
3.150000e+00 2.000000e-02 2.725764e-03 -1.262770e+01 2.627529e-01 1.230850e-05
3.200000e+00 2.000000e-02 2.725186e-03 -1.262676e+01 2.627148e-01 1.048889e-05
3.250000e+00 2.000000e-02 2.724715e-03 -1.262602e+01 2.626843e-01 8.355923e-06
3.300000e+00 2.000000e-02 2.724351e-03 -1.262547e+01 2.626610e-01 6.371242e-06
3.350000e+00 2.000000e-02 2.724078e-03 -1.262507e+01 2.626436e-01 4.711013e-06
3.400000e+00 2.000000e-02 2.723880e-03 -1.262478e+01 2.626311e-01 3.405256e-06
3.450000e+00 2.000000e-02 2.723738e-03 -1.262457e+01 2.626221e-01 2.418715e-06
3.500000e+00 2.000000e-02 2.723638e-03 -1.262443e+01 2.626158e-01 1.694051e-06
3.550000e+00 2.000000e-02 2.723568e-03 -1.262433e+01 2.626114e-01 1.172747e-06
3.600000e+00 2.000000e-02 2.723521e-03 -1.262426e+01 2.626084e-01 8.037683e-07
3.650000e+00 2.000000e-02 2.723488e-03 -1.262421e+01 2.626064e-01 5.460176e-07
3.700000e+00 2.000000e-02 2.723466e-03 -1.262418e+01 2.626050e-01 3.679512e-07
3.750000e+00 2.000000e-02 2.723451e-03 -1.262416e+01 2.626041e-01 2.461216e-07
3.800000e+00 2.000000e-02 2.723441e-03 -1.262414e+01 2.626035e-01 1.634942e-07
3.850000e+00 2.000000e-02 2.723435e-03 -1.262413e+01 2.626031e-01 1.079066e-07
3.900000e+00 2.000000e-02 2.723431e-03 -1.262413e+01 2.626028e-01 7.079537e-08
3.950000e+00 2.000000e-02 2.723428e-03 -1.262412e+01 2.626026e-01 4.620032e-08
4.000000e+00 2.000000e-02 2.723426e-03 -1.262412e+01 2.626025e-01 3.001520e-08
4.050000e+00 2.000000e-02 2.723425e-03 -1.262412e+01 2.626024e-01 1.943669e-08
4.100000e+00 2.000000e-02 2.723424e-03 -1.262412e+01 2.626024e-01 1.256726e-08
4.150000e+00 2.000000e-02 2.723423e-03 -1.262412e+01 2.626023e-01 8.132938e-09
4.200000e+00 2.000000e-02 2.723423e-03 -1.262411e+01 2.626023e-01 5.285197e-09
4.250000e+00 2.000000e-02 2.723423e-03 -1.262411e+01 2.626023e-01 3.463390e-09
4.300000e+00 2.000000e-02 2.723423e-03 -1.262411e+01 2.626023e-01 2.300053e-09
4.350000e+00 2.000000e-02 2.723423e-03 -1.262411e+01 2.626023e-01 1.556331e-09
4.400000e+00 2.000000e-02 2.723423e-03 -1.262411e+01 2.626023e-01 1.078291e-09
4.450000e+00 2.000000e-02 2.723423e-03 -1.262411e+01 2.626023e-01 7.676028e-10
4.500000e+00 2.000000e-02 2.723423e-03 -1.262411e+01 2.626023e-01 5.620243e-10
4.550000e+00 2.000000e-02 2.723423e-03 -1.262411e+01 2.626023e-01 4.225174e-10
4.600000e+00 2.000000e-02 2.723423e-03 -1.262411e+01 2.626023e-01 3.248137e-10
4.650000e+00 2.000000e-02 2.723423e-03 -1.262411e+01 2.626023e-01 2.539446e-10
4.700000e+00 2.000000e-02 2.723422e-03 -1.262411e+01 2.626023e-01 2.007286e-10
4.750000e+00 2.000000e-02 2.723422e-03 -1.262411e+01 2.626023e-01 1.595395e-10
4.800000e+00 2.000000e-02 2.723422e-03 -1.262411e+01 2.626023e-01 1.269070e-10
4.850000e+00 2.000000e-02 2.723422e-03 -1.262411e+01 2.626023e-01 1.006501e-10
4.900000e+00 2.000000e-02 2.723422e-03 -1.262411e+01 2.626023e-01 7.935055e-11
4.950000e+00 2.000000e-02 2.723422e-03 -1.262411e+01 2.626023e-01 6.203774e-11
5.000000e+00 2.000000e-02 2.723422e-03 -1.262411e+01 2.626023e-01 4.800501e-11
5.050000e+00 2.000000e-02 2.723422e-03 -1.262411e+01 2.626023e-01 3.670481e-11
5.100000e+00 2.000000e-02 2.723422e-03 -1.262411e+01 2.626023e-01 2.769127e-11
5.150000e+00 2.000000e-02 2.723422e-03 -1.262411e+01 2.626023e-01 2.058931e-11
5.200000e+00 2.000000e-02 2.723422e-03 -1.262411e+01 2.626023e-01 1.507849e-11
5.250000e+00 2.000000e-02 2.723422e-03 -1.262411e+01 2.626023e-01 1.088531e-11
5.300000e+00 2.000000e-02 2.723422e-03 -1.262411e+01 2.626023e-01 7.778626e-12
5.350000e+00 2.000000e-02 2.723422e-03 -1.262411e+01 2.626023e-01 5.567231e-12
5.400000e+00 2.000000e-02 2.723422e-03 -1.262411e+01 2.626023e-01 4.098128e-12
5.450000e+00 2.000000e-02 2.723422e-03 -1.262411e+01 2.626023e-01 3.255096e-12
5.500000e+00 2.000000e-02 2.723422e-03 -1.262411e+01 2.626023e-01 2.957808e-12
5.550000e+00 2.000000e-02 2.723422e-03 -1.262411e+01 2.626023e-01 3.161273e-12
5.600000e+00 2.000000e-02 2.723422e-03 -1.262411e+01 2.626023e-01 3.856329e-12
5.650000e+00 2.000000e-02 2.723422e-03 -1.262411e+01 2.626023e-01 5.071343e-12
5.700000e+00 2.000000e-02 2.723422e-03 -1.262411e+01 2.626023e-01 6.875329e-12
5.750000e+00 2.000000e-02 2.723422e-03 -1.262411e+01 2.626023e-01 9.383557e-12
5.800000e+00 2.000000e-02 2.723422e-03 -1.262411e+01 2.626023e-01 1.276545e-11
5.850000e+00 2.000000e-02 2.723422e-03 -1.262411e+01 2.626023e-01 1.725582e-11
5.900000e+00 2.000000e-02 2.723422e-03 -1.262411e+01 2.626023e-01 2.317076e-11
5.950000e+00 2.000000e-02 2.723422e-03 -1.262411e+01 2.626023e-01 3.092855e-11
6.000000e+00 2.000000e-02 2.723422e-03 -1.262411e+01 2.626023e-01 4.107743e-11
6.050000e+00 2.000000e-02 2.723422e-03 -1.262411e+01 2.626023e-01 5.433223e-11
6.100000e+00 2.000000e-02 2.723422e-03 -1.262411e+01 2.626023e-01 7.162207e-11
6.150000e+00 2.000000e-02 2.723422e-03 -1.262411e+01 2.626023e-01 9.415226e-11
6.200000e+00 2.000000e-02 2.723422e-03 -1.262411e+01 2.626023e-01 1.234848e-10
6.250000e+00 2.000000e-02 2.723422e-03 -1.262411e+01 2.626023e-01 1.616427e-10
6.300000e+00 2.000000e-02 2.723422e-03 -1.262411e+01 2.626023e-01 2.112442e-10
6.350000e+00 2.000000e-02 2.723422e-03 -1.262411e+01 2.626023e-01 2.756771e-10
6.400000e+00 2.000000e-02 2.723422e-03 -1.262411e+01 2.626023e-01 3.593239e-10
6.450000e+00 2.000000e-02 2.723422e-03 -1.262411e+01 2.626023e-01 4.678516e-10
6.500000e+00 2.000000e-02 2.723422e-03 -1.262411e+01 2.626023e-01 6.085871e-10
6.550000e+00 2.000000e-02 2.723422e-03 -1.262411e+01 2.626023e-01 7.910000e-10
6.600000e+00 2.000000e-02 2.723422e-03 -1.262411e+01 2.626023e-01 1.027329e-09
6.650000e+00 2.000000e-02 2.723422e-03 -1.262411e+01 2.626022e-01 1.333383e-09
6.700000e+00 2.000000e-02 2.723422e-03 -1.262411e+01 2.626022e-01 1.729596e-09
6.750000e+00 2.000000e-02 2.723422e-03 -1.262411e+01 2.626022e-01 2.242305e-09
6.800000e+00 2.000000e-02 2.723422e-03 -1.262411e+01 2.626022e-01 2.905702e-09
6.850000e+00 2.000000e-02 2.723422e-03 -1.262411e+01 2.626022e-01 3.763323e-09
6.900000e+00 2.000000e-02 2.723422e-03 -1.262411e+01 2.626022e-01 4.873263e-09
6.950000e+00 2.000000e-02 2.723421e-03 -1.262411e+01 2.626022e-01 6.304702e-09
7.000000e+00 2.000000e-02 2.723421e-03 -1.262411e+01 2.626022e-01 8.164058e-09
7.050000e+00 2.000000e-02 2.723420e-03 -1.262411e+01 2.626021e-01 1.053925e-08
7.100000e+00 2.000000e-02 2.723420e-03 -1.262411e+01 2.626021e-01 1.368167e-08
7.150000e+00 2.000000e-02 2.723419e-03 -1.262411e+01 2.626020e-01 1.754124e-08
7.200000e+00 2.000000e-02 2.723418e-03 -1.262411e+01 2.626020e-01 2.303792e-08
7.250000e+00 2.000000e-02 2.723417e-03 -1.262410e+01 2.626019e-01 2.884897e-08
7.300000e+00 2.000000e-02 2.723415e-03 -1.262410e+01 2.626018e-01 3.945637e-08
7.350000e+00 2.000000e-02 2.723413e-03 -1.262410e+01 2.626016e-01 4.588725e-08
7.400000e+00 2.000000e-02 2.723411e-03 -1.262409e+01 2.626015e-01 7.052661e-08
7.450000e+00 2.000000e-02 2.723406e-03 -1.262408e+01 2.626011e-01 6.688645e-08
7.500000e+00 2.000000e-02 2.723404e-03 -1.262408e+01 2.626010e-01 1.359812e-07
7.550000e+00 2.000000e-02 2.723392e-03 -1.262406e+01 2.626002e-01 7.769697e-08
7.600000e+00 2.000000e-02 2.723396e-03 -1.262405e+01 2.626005e-01 2.841860e-07
7.650000e+00 2.000000e-02 2.723364e-03 -1.262402e+01 2.625981e-01 3.698791e-08
7.700000e+00 2.000000e-02 2.723392e-03 -1.262403e+01 2.626004e-01 6.082297e-07
7.750000e+00 2.000000e-02 2.723303e-03 -1.262393e+01 2.625937e-01 -1.162585e-07
7.800000e+00 2.000000e-02 2.723404e-03 -1.262401e+01 2.626015e-01 1.209585e-06
7.850000e+00 2.000000e-02 2.723182e-03 -1.262375e+01 2.625848e-01 -3.550498e-07
7.900000e+00 2.000000e-02 2.723440e-03 -1.262400e+01 2.626048e-01 2.032290e-06
7.950000e+00 2.000000e-02 2.722979e-03 -1.262344e+01 2.625696e-01 -3.327890e-07
8.000000e+00 2.000000e-02 2.723473e-03 -1.262398e+01 2.626083e-01 2.693797e-06
8.050000e+00 2.000000e-02 2.722709e-03 -1.262298e+01 2.625495e-01 6.215355e-07
8.100000e+00 2.000000e-02 2.723411e-03 -1.262381e+01 2.626054e-01 2.889936e-06
8.150000e+00 2.000000e-02 2.722420e-03 -1.262242e+01 2.625284e-01 2.708127e-06
8.200000e+00 2.000000e-02 2.723140e-03 -1.262326e+01 2.625869e-01 3.489022e-06
8.250000e+00 2.000000e-02 2.722071e-03 -1.262176e+01 2.625044e-01 4.985801e-06
8.300000e+00 2.000000e-02 2.722641e-03 -1.262218e+01 2.625511e-01 6.183236e-06
8.350000e+00 2.000000e-02 2.721453e-03 -1.262063e+01 2.624624e-01 7.417467e-06
8.400000e+00 2.000000e-02 2.721900e-03 -1.262060e+01 2.624988e-01 1.065154e-05
8.450000e+00 2.000000e-02 2.720388e-03 -1.261846e+01 2.623873e-01 1.298414e-05
8.500000e+00 2.000000e-02 2.720601e-03 -1.261818e+01 2.624099e-01 1.597250e-05
8.550000e+00 2.000000e-02 2.718791e-03 -1.261489e+01 2.622732e-01 2.283151e-05
8.600000e+00 2.000000e-02 2.718318e-03 -1.261387e+01 2.622518e-01 2.679834e-05
8.650000e+00 2.000000e-02 2.716111e-03 -1.260932e+01 2.620852e-01 3.540542e-05
8.700000e+00 2.000000e-02 2.714777e-03 -1.260656e+01 2.620026e-01 4.674668e-05
8.750000e+00 2.000000e-02 2.711436e-03 -1.259987e+01 2.617574e-01 5.824748e-05
8.800000e+00 2.000000e-02 2.708953e-03 -1.259475e+01 2.615951e-01 7.452095e-05
8.850000e+00 2.000000e-02 2.703984e-03 -1.258414e+01 2.612304e-01 9.870498e-05
8.900000e+00 2.000000e-02 2.699082e-03 -1.257480e+01 2.609026e-01 1.233313e-04
8.950000e+00 2.000000e-02 2.691651e-03 -1.255851e+01 2.603616e-01 1.586318e-04
9.000000e+00 2.000000e-02 2.683219e-03 -1.254161e+01 2.597817e-01 2.051608e-04
9.050000e+00 2.000000e-02 2.671135e-03 -1.251572e+01 2.589122e-01 2.623531e-04
9.100000e+00 2.000000e-02 2.656984e-03 -1.248691e+01 2.579276e-01 3.316163e-04
9.150000e+00 2.000000e-02 2.637973e-03 -1.244499e+01 2.565572e-01 4.285516e-04
9.200000e+00 2.000000e-02 2.614129e-03 -1.239583e+01 2.548810e-01 5.443377e-04
9.250000e+00 2.000000e-02 2.583540e-03 -1.232802e+01 2.526777e-01 6.916098e-04
9.300000e+00 2.000000e-02 2.544968e-03 -1.224540e+01 2.499313e-01 8.744818e-04
9.350000e+00 2.000000e-02 2.496091e-03 -1.213427e+01 2.463870e-01 1.110673e-03
9.400000e+00 2.000000e-02 2.433900e-03 -1.199645e+01 2.419030e-01 1.389926e-03
9.450000e+00 2.000000e-02 2.357099e-03 -1.181475e+01 2.362652e-01 1.736881e-03
9.500000e+00 2.000000e-02 2.260212e-03 -1.158642e+01 2.291367e-01 2.145046e-03
9.550000e+00 2.000000e-02 2.142594e-03 -1.128978e+01 2.203130e-01 2.630896e-03
9.600000e+00 2.000000e-02 1.997123e-03 -1.091658e+01 2.092895e-01 3.159349e-03
9.650000e+00 2.000000e-02 1.826659e-03 -1.044012e+01 1.960207e-01 3.730417e-03
9.700000e+00 2.000000e-02 1.624081e-03 -9.847799e+00 1.799111e-01 4.261098e-03
9.750000e+00 2.000000e-02 1.400549e-03 -9.115963e+00 1.614015e-01 4.687327e-03
9.800000e+00 2.000000e-02 1.155348e-03 -8.247324e+00 1.403012e-01 4.791891e-03
9.850000e+00 2.000000e-02 9.213603e-04 -7.269973e+00 1.186896e-01 4.290989e-03
9.900000e+00 2.000000e-02 7.262493e-04 -6.299324e+00 9.875918e-02 2.420613e-03
9.950000e+00 2.000000e-02 6.792990e-04 -5.783446e+00 8.964899e-02 -4.497507e-03
1.000000e+01 2.000000e-02 1.176000e-03 -5.792696e+00 0.000000e+00 0.000000e+00
0.000000e+00 4.000000e-02 4.656000e-03 -5.520000e+00 0.000000e+00 0.000000e+00
5.000000e-02 4.000000e-02 4.659454e-03 -5.510840e+00 2.289352e-01 -2.302107e-05
1.000000e-01 4.000000e-02 4.658302e-03 -5.505193e+00 2.287807e-01 4.813002e-05
1.500000e-01 4.000000e-02 4.654641e-03 -5.502411e+00 2.286364e-01 8.357468e-05
2.000000e-01 4.000000e-02 4.649945e-03 -5.501092e+00 2.284831e-01 9.085388e-05
2.500000e-01 4.000000e-02 4.645555e-03 -5.500597e+00 2.283458e-01 7.181630e-05
3.000000e-01 4.000000e-02 4.642763e-03 -5.500597e+00 2.282620e-01 3.754913e-05
3.500000e-01 4.000000e-02 4.641800e-03 -5.500844e+00 2.282361e-01 8.077238e-06
4.000000e-01 4.000000e-02 4.641955e-03 -5.501258e+00 2.282430e-01 -1.217319e-05
4.500000e-01 4.000000e-02 4.643018e-03 -5.502039e+00 2.282782e-01 -3.540187e-05
5.000000e-01 4.000000e-02 4.645495e-03 -5.503667e+00 2.283640e-01 -5.859510e-05
5.500000e-01 4.000000e-02 4.648877e-03 -5.506769e+00 2.284897e-01 -5.272981e-05
6.000000e-01 4.000000e-02 4.650768e-03 -5.511976e+00 2.285848e-01 7.376504e-07
6.500000e-01 4.000000e-02 4.648803e-03 -5.519841e+00 2.285857e-01 7.739699e-05
7.000000e-01 4.000000e-02 4.643029e-03 -5.530879e+00 2.285146e-01 1.313430e-04
7.500000e-01 4.000000e-02 4.635669e-03 -5.545666e+00 2.284673e-01 1.409648e-04
8.000000e-01 4.000000e-02 4.628932e-03 -5.564913e+00 2.285376e-01 1.152141e-04
8.500000e-01 4.000000e-02 4.624148e-03 -5.589429e+00 2.287880e-01 5.634987e-05
9.000000e-01 4.000000e-02 4.623297e-03 -5.619994e+00 2.293003e-01 -5.966959e-05
9.500000e-01 4.000000e-02 4.630115e-03 -5.657231e+00 2.302076e-01 -2.522624e-04
1.000000e+00 4.000000e-02 4.648524e-03 -5.701547e+00 2.316403e-01 -5.017587e-04
1.050000e+00 4.000000e-02 4.680291e-03 -5.753139e+00 2.336494e-01 -7.670893e-04
1.100000e+00 4.000000e-02 4.725232e-03 -5.812029e+00 2.362199e-01 -1.031221e-03
1.150000e+00 4.000000e-02 4.783413e-03 -5.878096e+00 2.393477e-01 -1.306651e-03
1.200000e+00 4.000000e-02 4.855898e-03 -5.951129e+00 2.430620e-01 -1.598524e-03
1.250000e+00 4.000000e-02 4.943265e-03 -6.030898e+00 2.473738e-01 -1.887493e-03
1.300000e+00 4.000000e-02 5.044647e-03 -6.117185e+00 2.522456e-01 -2.156140e-03
1.350000e+00 4.000000e-02 5.158879e-03 -6.209806e+00 2.576347e-01 -2.410902e-03
1.400000e+00 4.000000e-02 5.285737e-03 -6.308630e+00 2.635328e-01 -2.665559e-03
1.450000e+00 4.000000e-02 5.425435e-03 -6.413603e+00 2.699461e-01 -2.917991e-03
1.500000e+00 4.000000e-02 5.577536e-03 -6.524747e+00 2.768579e-01 -3.156435e-03
1.550000e+00 4.000000e-02 5.741078e-03 -6.642151e+00 2.842359e-01 -3.378588e-03
1.600000e+00 4.000000e-02 5.915395e-03 -6.765980e+00 2.920609e-01 -3.590560e-03
1.650000e+00 4.000000e-02 6.100134e-03 -6.896522e+00 3.003270e-01 -3.792007e-03
1.700000e+00 4.000000e-02 6.294596e-03 -7.034236e+00 3.090175e-01 -3.974917e-03
1.750000e+00 4.000000e-02 6.497626e-03 -7.179815e+00 3.181040e-01 -4.136463e-03
1.800000e+00 4.000000e-02 6.708242e-03 -7.334259e+00 3.275678e-01 -4.283279e-03
1.850000e+00 4.000000e-02 6.925954e-03 -7.498876e+00 3.374089e-01 -4.421288e-03
1.900000e+00 4.000000e-02 7.150371e-03 -7.675175e+00 3.476285e-01 -4.548429e-03
1.950000e+00 4.000000e-02 7.380797e-03 -7.864637e+00 3.582125e-01 -4.659914e-03
2.000000e+00 4.000000e-02 7.616362e-03 -8.068434e+00 3.691331e-01 -4.754414e-03
2.050000e+00 4.000000e-02 7.856238e-03 -8.287117e+00 3.803529e-01 -4.830052e-03
2.100000e+00 4.000000e-02 8.099367e-03 -8.520269e+00 3.918119e-01 -4.877627e-03
2.150000e+00 4.000000e-02 8.344001e-03 -8.766152e+00 4.034086e-01 -4.884351e-03
2.200000e+00 4.000000e-02 8.587803e-03 -9.021455e+00 4.150021e-01 -4.845896e-03
2.250000e+00 4.000000e-02 8.828590e-03 -9.281222e+00 4.264372e-01 -4.770728e-03
2.300000e+00 4.000000e-02 9.064875e-03 -9.539008e+00 4.375640e-01 -4.668024e-03
2.350000e+00 4.000000e-02 9.295393e-03 -9.787258e+00 4.482299e-01 -4.529568e-03
2.400000e+00 4.000000e-02 9.517832e-03 -1.001800e+01 4.582525e-01 -4.324418e-03
2.450000e+00 4.000000e-02 9.727835e-03 -1.022389e+01 4.674076e-01 -4.014115e-03
2.500000e+00 4.000000e-02 9.919244e-03 -1.039940e+01 4.754562e-01 -3.578138e-03
2.550000e+00 4.000000e-02 1.008565e-02 -1.054187e+01 4.822040e-01 -3.031341e-03
2.600000e+00 4.000000e-02 1.022238e-02 -1.065177e+01 4.875596e-01 -2.422340e-03
2.650000e+00 4.000000e-02 1.032788e-02 -1.073230e+01 4.915618e-01 -1.815811e-03
2.700000e+00 4.000000e-02 1.040396e-02 -1.078837e+01 4.943647e-01 -1.270536e-03
2.750000e+00 4.000000e-02 1.045494e-02 -1.082548e+01 4.961939e-01 -8.242317e-04
2.800000e+00 4.000000e-02 1.048638e-02 -1.084881e+01 4.972955e-01 -4.895058e-04
2.850000e+00 4.000000e-02 1.050389e-02 -1.086271e+01 4.978951e-01 -2.586956e-04
2.900000e+00 4.000000e-02 1.051225e-02 -1.087050e+01 4.981750e-01 -1.125545e-04
2.950000e+00 4.000000e-02 1.051514e-02 -1.087454e+01 4.982682e-01 -2.840691e-05
3.000000e+00 4.000000e-02 1.051509e-02 -1.087640e+01 4.982636e-01 1.441471e-05
3.050000e+00 4.000000e-02 1.051370e-02 -1.087707e+01 4.982156e-01 3.207108e-05
3.100000e+00 4.000000e-02 1.051189e-02 -1.087715e+01 4.981546e-01 3.584820e-05
3.150000e+00 4.000000e-02 1.051012e-02 -1.087696e+01 4.980958e-01 3.291211e-05
3.200000e+00 4.000000e-02 1.050859e-02 -1.087668e+01 4.980456e-01 2.741836e-05
3.250000e+00 4.000000e-02 1.050737e-02 -1.087640e+01 4.980055e-01 2.154479e-05
3.300000e+00 4.000000e-02 1.050644e-02 -1.087616e+01 4.979749e-01 1.628189e-05
3.350000e+00 4.000000e-02 1.050575e-02 -1.087596e+01 4.979521e-01 1.196733e-05
3.400000e+00 4.000000e-02 1.050524e-02 -1.087580e+01 4.979356e-01 8.615075e-06
3.450000e+00 4.000000e-02 1.050488e-02 -1.087569e+01 4.979238e-01 6.102140e-06
3.500000e+00 4.000000e-02 1.050463e-02 -1.087560e+01 4.979156e-01 4.265898e-06
3.550000e+00 4.000000e-02 1.050446e-02 -1.087554e+01 4.979098e-01 2.949639e-06
3.600000e+00 4.000000e-02 1.050434e-02 -1.087549e+01 4.979058e-01 2.020244e-06
3.650000e+00 4.000000e-02 1.050426e-02 -1.087546e+01 4.979031e-01 1.372069e-06
3.700000e+00 4.000000e-02 1.050420e-02 -1.087544e+01 4.979013e-01 9.247486e-07
3.750000e+00 4.000000e-02 1.050416e-02 -1.087542e+01 4.979000e-01 6.188855e-07
3.800000e+00 4.000000e-02 1.050414e-02 -1.087541e+01 4.978992e-01 4.114930e-07
3.850000e+00 4.000000e-02 1.050412e-02 -1.087541e+01 4.978987e-01 2.719591e-07
3.900000e+00 4.000000e-02 1.050411e-02 -1.087540e+01 4.978983e-01 1.787676e-07
3.950000e+00 4.000000e-02 1.050410e-02 -1.087540e+01 4.978981e-01 1.169619e-07
4.000000e+00 4.000000e-02 1.050410e-02 -1.087540e+01 4.978979e-01 7.624550e-08
4.050000e+00 4.000000e-02 1.050410e-02 -1.087539e+01 4.978978e-01 4.959241e-08
4.100000e+00 4.000000e-02 1.050409e-02 -1.087539e+01 4.978977e-01 3.224794e-08
4.150000e+00 4.000000e-02 1.050409e-02 -1.087539e+01 4.978977e-01 2.101991e-08
4.200000e+00 4.000000e-02 1.050409e-02 -1.087539e+01 4.978976e-01 1.378180e-08
4.250000e+00 4.000000e-02 1.050409e-02 -1.087539e+01 4.978976e-01 9.127975e-09
4.300000e+00 4.000000e-02 1.050409e-02 -1.087539e+01 4.978976e-01 6.136610e-09
4.350000e+00 4.000000e-02 1.050409e-02 -1.087539e+01 4.978976e-01 4.207967e-09
4.400000e+00 4.000000e-02 1.050409e-02 -1.087539e+01 4.978976e-01 2.955062e-09
4.450000e+00 4.000000e-02 1.050409e-02 -1.087539e+01 4.978976e-01 2.130267e-09
4.500000e+00 4.000000e-02 1.050409e-02 -1.087539e+01 4.978976e-01 1.576461e-09
4.550000e+00 4.000000e-02 1.050409e-02 -1.087539e+01 4.978976e-01 1.194764e-09
4.600000e+00 4.000000e-02 1.050409e-02 -1.087539e+01 4.978976e-01 9.234131e-10
4.650000e+00 4.000000e-02 1.050409e-02 -1.087539e+01 4.978976e-01 7.240539e-10
4.700000e+00 4.000000e-02 1.050409e-02 -1.087539e+01 4.978976e-01 5.729357e-10
4.750000e+00 4.000000e-02 1.050409e-02 -1.087539e+01 4.978976e-01 4.553114e-10
4.800000e+00 4.000000e-02 1.050409e-02 -1.087539e+01 4.978976e-01 3.619214e-10
4.850000e+00 4.000000e-02 1.050409e-02 -1.087539e+01 4.978976e-01 2.868165e-10
4.900000e+00 4.000000e-02 1.050409e-02 -1.087539e+01 4.978976e-01 2.260284e-10
4.950000e+00 4.000000e-02 1.050409e-02 -1.087539e+01 4.978976e-01 1.767736e-10
5.000000e+00 4.000000e-02 1.050409e-02 -1.087539e+01 4.978976e-01 1.369855e-10
5.050000e+00 4.000000e-02 1.050409e-02 -1.087539e+01 4.978976e-01 1.050455e-10
5.100000e+00 4.000000e-02 1.050409e-02 -1.087539e+01 4.978976e-01 7.963245e-11
5.150000e+00 4.000000e-02 1.050409e-02 -1.087539e+01 4.978976e-01 5.963974e-11
5.200000e+00 4.000000e-02 1.050409e-02 -1.087539e+01 4.978976e-01 4.412965e-11
5.250000e+00 4.000000e-02 1.050409e-02 -1.087539e+01 4.978976e-01 3.230893e-11
5.300000e+00 4.000000e-02 1.050409e-02 -1.087539e+01 4.978976e-01 2.351371e-11
5.350000e+00 4.000000e-02 1.050409e-02 -1.087539e+01 4.978976e-01 1.719921e-11
5.400000e+00 4.000000e-02 1.050409e-02 -1.087539e+01 4.978976e-01 1.293264e-11
5.450000e+00 4.000000e-02 1.050409e-02 -1.087539e+01 4.978976e-01 1.038711e-11
5.500000e+00 4.000000e-02 1.050409e-02 -1.087539e+01 4.978976e-01 9.337097e-12
5.550000e+00 4.000000e-02 1.050409e-02 -1.087539e+01 4.978976e-01 9.656009e-12
5.600000e+00 4.000000e-02 1.050409e-02 -1.087539e+01 4.978976e-01 1.131626e-11
5.650000e+00 4.000000e-02 1.050409e-02 -1.087539e+01 4.978976e-01 1.439316e-11
5.700000e+00 4.000000e-02 1.050409e-02 -1.087539e+01 4.978976e-01 1.907320e-11
5.750000e+00 4.000000e-02 1.050409e-02 -1.087539e+01 4.978976e-01 2.566869e-11
5.800000e+00 4.000000e-02 1.050409e-02 -1.087539e+01 4.978976e-01 3.463958e-11
5.850000e+00 4.000000e-02 1.050409e-02 -1.087539e+01 4.978976e-01 4.662395e-11
5.900000e+00 4.000000e-02 1.050409e-02 -1.087539e+01 4.978976e-01 6.248113e-11
5.950000e+00 4.000000e-02 1.050409e-02 -1.087539e+01 4.978976e-01 8.334959e-11
6.000000e+00 4.000000e-02 1.050409e-02 -1.087539e+01 4.978976e-01 1.107227e-10
6.050000e+00 4.000000e-02 1.050409e-02 -1.087539e+01 4.978976e-01 1.465489e-10
6.100000e+00 4.000000e-02 1.050409e-02 -1.087539e+01 4.978976e-01 1.933631e-10
6.150000e+00 4.000000e-02 1.050409e-02 -1.087539e+01 4.978976e-01 2.544564e-10
6.200000e+00 4.000000e-02 1.050409e-02 -1.087539e+01 4.978976e-01 3.340975e-10
6.250000e+00 4.000000e-02 1.050409e-02 -1.087539e+01 4.978976e-01 4.378185e-10
6.300000e+00 4.000000e-02 1.050409e-02 -1.087539e+01 4.978976e-01 5.727853e-10
6.350000e+00 4.000000e-02 1.050409e-02 -1.087539e+01 4.978976e-01 7.482771e-10
6.400000e+00 4.000000e-02 1.050409e-02 -1.087539e+01 4.978976e-01 9.763055e-10
6.450000e+00 4.000000e-02 1.050409e-02 -1.087539e+01 4.978976e-01 1.272414e-09
6.500000e+00 4.000000e-02 1.050409e-02 -1.087539e+01 4.978976e-01 1.656712e-09
6.550000e+00 4.000000e-02 1.050409e-02 -1.087539e+01 4.978976e-01 2.155210e-09
6.600000e+00 4.000000e-02 1.050409e-02 -1.087539e+01 4.978976e-01 2.801546e-09
6.650000e+00 4.000000e-02 1.050409e-02 -1.087539e+01 4.978976e-01 3.639193e-09
6.700000e+00 4.000000e-02 1.050409e-02 -1.087539e+01 4.978976e-01 4.724399e-09
6.750000e+00 4.000000e-02 1.050409e-02 -1.087539e+01 4.978975e-01 6.129676e-09
6.800000e+00 4.000000e-02 1.050409e-02 -1.087539e+01 4.978975e-01 7.949294e-09
6.850000e+00 4.000000e-02 1.050409e-02 -1.087539e+01 4.978975e-01 1.030317e-08
6.900000e+00 4.000000e-02 1.050409e-02 -1.087539e+01 4.978975e-01 1.335202e-08
6.950000e+00 4.000000e-02 1.050409e-02 -1.087539e+01 4.978975e-01 1.728567e-08
7.000000e+00 4.000000e-02 1.050409e-02 -1.087539e+01 4.978974e-01 2.240150e-08
7.050000e+00 4.000000e-02 1.050409e-02 -1.087539e+01 4.978974e-01 2.893333e-08
7.100000e+00 4.000000e-02 1.050408e-02 -1.087539e+01 4.978973e-01 3.760162e-08
7.150000e+00 4.000000e-02 1.050408e-02 -1.087539e+01 4.978973e-01 4.820219e-08
7.200000e+00 4.000000e-02 1.050408e-02 -1.087539e+01 4.978972e-01 6.345029e-08
7.250000e+00 4.000000e-02 1.050407e-02 -1.087539e+01 4.978971e-01 7.926732e-08
7.300000e+00 4.000000e-02 1.050407e-02 -1.087539e+01 4.978969e-01 1.090713e-07
7.350000e+00 4.000000e-02 1.050406e-02 -1.087539e+01 4.978967e-01 1.256709e-07
7.400000e+00 4.000000e-02 1.050406e-02 -1.087539e+01 4.978965e-01 1.963673e-07
7.450000e+00 4.000000e-02 1.050404e-02 -1.087539e+01 4.978960e-01 1.808334e-07
7.500000e+00 4.000000e-02 1.050404e-02 -1.087539e+01 4.978960e-01 3.833007e-07
7.550000e+00 4.000000e-02 1.050401e-02 -1.087538e+01 4.978946e-01 1.997893e-07
7.600000e+00 4.000000e-02 1.050402e-02 -1.087538e+01 4.978957e-01 8.139364e-07
7.650000e+00 4.000000e-02 1.050392e-02 -1.087538e+01 4.978913e-01 5.238557e-08
7.700000e+00 4.000000e-02 1.050401e-02 -1.087538e+01 4.978966e-01 1.769673e-06
7.750000e+00 4.000000e-02 1.050375e-02 -1.087537e+01 4.978839e-01 -4.606758e-07
7.800000e+00 4.000000e-02 1.050406e-02 -1.087536e+01 4.979006e-01 3.566778e-06
7.850000e+00 4.000000e-02 1.050339e-02 -1.087539e+01 4.978687e-01 -1.292433e-06
7.900000e+00 4.000000e-02 1.050419e-02 -1.087527e+01 4.979094e-01 6.056027e-06
7.950000e+00 4.000000e-02 1.050279e-02 -1.087549e+01 4.978435e-01 -1.435281e-06
8.000000e+00 4.000000e-02 1.050433e-02 -1.087503e+01 4.979194e-01 8.056618e-06
8.050000e+00 4.000000e-02 1.050198e-02 -1.087578e+01 4.978129e-01 1.186266e-06
8.100000e+00 4.000000e-02 1.050422e-02 -1.087454e+01 4.979175e-01 8.452347e-06
8.150000e+00 4.000000e-02 1.050113e-02 -1.087624e+01 4.977863e-01 7.385746e-06
8.200000e+00 4.000000e-02 1.050348e-02 -1.087393e+01 4.978892e-01 9.577001e-06
8.250000e+00 4.000000e-02 1.050018e-02 -1.087653e+01 4.977602e-01 1.430594e-05
8.300000e+00 4.000000e-02 1.050205e-02 -1.087365e+01 4.978384e-01 1.680645e-05
8.350000e+00 4.000000e-02 1.049850e-02 -1.087616e+01 4.977046e-01 2.093020e-05
8.400000e+00 4.000000e-02 1.049995e-02 -1.087389e+01 4.977750e-01 3.003813e-05
8.450000e+00 4.000000e-02 1.049549e-02 -1.087526e+01 4.975971e-01 3.555276e-05
8.500000e+00 4.000000e-02 1.049640e-02 -1.087399e+01 4.976655e-01 4.566363e-05
8.550000e+00 4.000000e-02 1.049093e-02 -1.087453e+01 4.974437e-01 6.327146e-05
8.600000e+00 4.000000e-02 1.049007e-02 -1.087334e+01 4.974549e-01 7.519467e-05
8.650000e+00 4.000000e-02 1.048341e-02 -1.087365e+01 4.971982e-01 9.964531e-05
8.700000e+00 4.000000e-02 1.048011e-02 -1.087253e+01 4.971281e-01 1.311154e-04
8.750000e+00 4.000000e-02 1.047030e-02 -1.087164e+01 4.967569e-01 1.630361e-04
8.800000e+00 4.000000e-02 1.046380e-02 -1.087131e+01 4.965987e-01 2.107928e-04
8.850000e+00 4.000000e-02 1.044922e-02 -1.086891e+01 4.960551e-01 2.769677e-04
8.900000e+00 4.000000e-02 1.043611e-02 -1.086822e+01 4.956789e-01 3.475257e-04
8.950000e+00 4.000000e-02 1.041446e-02 -1.086489e+01 4.949064e-01 4.483639e-04
9.000000e+00 4.000000e-02 1.039127e-02 -1.086335e+01 4.941935e-01 5.797400e-04
9.050000e+00 4.000000e-02 1.035649e-02 -1.085734e+01 4.929710e-01 7.416648e-04
9.100000e+00 4.000000e-02 1.031710e-02 -1.085514e+01 4.917313e-01 9.420304e-04
9.150000e+00 4.000000e-02 1.026229e-02 -1.084527e+01 4.898289e-01 1.218608e-03
9.200000e+00 4.000000e-02 1.019524e-02 -1.084012e+01 4.876543e-01 1.551801e-03
9.250000e+00 4.000000e-02 1.010711e-02 -1.082443e+01 4.846228e-01 1.979916e-03
9.300000e+00 4.000000e-02 9.997250e-03 -1.081416e+01 4.809977e-01 2.516272e-03
9.350000e+00 4.000000e-02 9.855479e-03 -1.078757e+01 4.761102e-01 3.211319e-03
9.400000e+00 4.000000e-02 9.676118e-03 -1.076658e+01 4.700781e-01 4.048704e-03
9.450000e+00 4.000000e-02 9.450609e-03 -1.072095e+01 4.622410e-01 5.106510e-03
9.500000e+00 4.000000e-02 9.165467e-03 -1.067754e+01 4.524292e-01 6.380888e-03
9.550000e+00 4.000000e-02 8.812520e-03 -1.059455e+01 4.399146e-01 7.938856e-03
9.600000e+00 4.000000e-02 8.371582e-03 -1.050407e+01 4.242465e-01 9.716922e-03
9.650000e+00 4.000000e-02 7.840828e-03 -1.034567e+01 4.047439e-01 1.175138e-02
9.700000e+00 4.000000e-02 7.196443e-03 -1.015541e+01 3.806824e-01 1.384766e-02
9.750000e+00 4.000000e-02 6.456062e-03 -9.844620e+00 3.517605e-01 1.584394e-02
9.800000e+00 4.000000e-02 5.612050e-03 -9.457834e+00 3.176162e-01 1.708477e-02
9.850000e+00 4.000000e-02 4.747585e-03 -8.883864e+00 2.799908e-01 1.661682e-02
9.900000e+00 4.000000e-02 3.950367e-03 -8.235705e+00 2.419256e-01 1.161625e-02
9.950000e+00 4.000000e-02 3.585960e-03 -7.619293e+00 2.158611e-01 -7.056327e-03
1.000000e+01 4.000000e-02 4.656000e-03 -7.645905e+00 0.000000e+00 0.000000e+00
0.000000e+00 6.000000e-02 1.034400e-02 -5.280000e+00 0.000000e+00 0.000000e+00
5.000000e-02 6.000000e-02 1.034069e-02 -5.278193e+00 3.368527e-01 8.838567e-05
1.000000e-01 6.000000e-02 1.033516e-02 -5.275616e+00 3.366057e-01 1.274371e-04
1.500000e-01 6.000000e-02 1.032795e-02 -5.273389e+00 3.364030e-01 1.533002e-04
2.000000e-01 6.000000e-02 1.031983e-02 -5.271781e+00 3.362092e-01 1.544062e-04
2.500000e-01 6.000000e-02 1.031251e-02 -5.270879e+00 3.360458e-01 1.179637e-04
3.000000e-01 6.000000e-02 1.030804e-02 -5.270620e+00 3.359584e-01 5.839385e-05
3.500000e-01 6.000000e-02 1.030667e-02 -5.270698e+00 3.359447e-01 9.642487e-06
4.000000e-01 6.000000e-02 1.030707e-02 -5.270774e+00 3.359589e-01 -2.293063e-05
4.500000e-01 6.000000e-02 1.030896e-02 -5.270954e+00 3.359979e-01 -6.473151e-05
5.000000e-01 6.000000e-02 1.031354e-02 -5.272102e+00 3.361181e-01 -1.132127e-04
5.500000e-01 6.000000e-02 1.032028e-02 -5.275663e+00 3.363399e-01 -1.181028e-04
6.000000e-01 6.000000e-02 1.032535e-02 -5.283051e+00 3.365918e-01 -4.752510e-05
6.500000e-01 6.000000e-02 1.032504e-02 -5.295003e+00 3.367961e-01 5.406867e-05
7.000000e-01 6.000000e-02 1.031995e-02 -5.311244e+00 3.369796e-01 1.051987e-04
7.500000e-01 6.000000e-02 1.031452e-02 -5.330591e+00 3.372558e-01 6.902816e-05
8.000000e-01 6.000000e-02 1.031304e-02 -5.351361e+00 3.377180e-01 -3.635425e-05
8.500000e-01 6.000000e-02 1.031815e-02 -5.371879e+00 3.384031e-01 -2.047843e-04
9.000000e-01 6.000000e-02 1.033352e-02 -5.390876e+00 3.393761e-01 -4.764611e-04
9.500000e-01 6.000000e-02 1.036580e-02 -5.407669e+00 3.407875e-01 -8.825215e-04
1.000000e+00 6.000000e-02 1.042178e-02 -5.422119e+00 3.427962e-01 -1.384602e-03
1.050000e+00 6.000000e-02 1.050426e-02 -5.434442e+00 3.454548e-01 -1.908187e-03
1.100000e+00 6.000000e-02 1.061259e-02 -5.445011e+00 3.487272e-01 -2.424092e-03
1.150000e+00 6.000000e-02 1.074667e-02 -5.454252e+00 3.526040e-01 -2.956205e-03
1.200000e+00 6.000000e-02 1.090821e-02 -5.462592e+00 3.571339e-01 -3.513871e-03
1.250000e+00 6.000000e-02 1.109806e-02 -5.470411e+00 3.623395e-01 -4.062284e-03
1.300000e+00 6.000000e-02 1.131444e-02 -5.477981e+00 3.681707e-01 -4.571616e-03
1.350000e+00 6.000000e-02 1.155522e-02 -5.485485e+00 3.745708e-01 -5.055663e-03
1.400000e+00 6.000000e-02 1.182001e-02 -5.493096e+00 3.815385e-01 -5.540166e-03
1.450000e+00 6.000000e-02 1.210923e-02 -5.501043e+00 3.890940e-01 -6.021081e-03
1.500000e+00 6.000000e-02 1.242212e-02 -5.509611e+00 3.972223e-01 -6.477684e-03
1.550000e+00 6.000000e-02 1.275700e-02 -5.519136e+00 4.058858e-01 -6.907626e-03
1.600000e+00 6.000000e-02 1.311288e-02 -5.529984e+00 4.150712e-01 -7.323890e-03
1.650000e+00 6.000000e-02 1.348939e-02 -5.542445e+00 4.247855e-01 -7.727355e-03
1.700000e+00 6.000000e-02 1.388562e-02 -5.556630e+00 4.350189e-01 -8.105397e-03
1.750000e+00 6.000000e-02 1.429993e-02 -5.572547e+00 4.457435e-01 -8.455564e-03
1.800000e+00 6.000000e-02 1.473117e-02 -5.590497e+00 4.569524e-01 -8.792236e-03
1.850000e+00 6.000000e-02 1.517915e-02 -5.611595e+00 4.686776e-01 -9.126827e-03
1.900000e+00 6.000000e-02 1.564385e-02 -5.638154e+00 4.809668e-01 -9.454210e-03
1.950000e+00 6.000000e-02 1.612458e-02 -5.673810e+00 4.938586e-01 -9.762411e-03
2.000000e+00 6.000000e-02 1.662010e-02 -5.723405e+00 5.073853e-01 -1.004367e-02
2.050000e+00 6.000000e-02 1.712894e-02 -5.792606e+00 5.215755e-01 -1.028668e-02
2.100000e+00 6.000000e-02 1.764876e-02 -5.887253e+00 5.364268e-01 -1.046424e-02
2.150000e+00 6.000000e-02 1.817537e-02 -6.012526e+00 5.518666e-01 -1.054045e-02
2.200000e+00 6.000000e-02 1.870281e-02 -6.172131e+00 5.677435e-01 -1.049330e-02
2.250000e+00 6.000000e-02 1.922470e-02 -6.367601e+00 5.838533e-01 -1.032420e-02
2.300000e+00 6.000000e-02 1.973523e-02 -6.597551e+00 5.999621e-01 -1.003935e-02
2.350000e+00 6.000000e-02 2.022863e-02 -6.856751e+00 6.157901e-01 -9.621965e-03
2.400000e+00 6.000000e-02 2.069742e-02 -7.135364e+00 6.309742e-01 -9.026788e-03
2.450000e+00 6.000000e-02 2.113131e-02 -7.419243e+00 6.450636e-01 -8.207938e-03
2.500000e+00 6.000000e-02 2.151822e-02 -7.691954e+00 6.575838e-01 -7.159646e-03
2.550000e+00 6.000000e-02 2.184728e-02 -7.938144e+00 6.681501e-01 -5.938749e-03
2.600000e+00 6.000000e-02 2.211209e-02 -8.146866e+00 6.765706e-01 -4.653396e-03
2.650000e+00 6.000000e-02 2.231262e-02 -8.313364e+00 6.828861e-01 -3.427237e-03
2.700000e+00 6.000000e-02 2.245482e-02 -8.438782e+00 6.873354e-01 -2.361396e-03
2.750000e+00 6.000000e-02 2.254875e-02 -8.528404e+00 6.902738e-01 -1.512122e-03
2.800000e+00 6.000000e-02 2.260603e-02 -8.589443e+00 6.920859e-01 -8.888611e-04
2.850000e+00 6.000000e-02 2.263764e-02 -8.629238e+00 6.931200e-01 -4.666238e-04
2.900000e+00 6.000000e-02 2.265269e-02 -8.654162e+00 6.936542e-01 -2.030707e-04
2.950000e+00 6.000000e-02 2.265795e-02 -8.669191e+00 6.938900e-01 -5.300599e-05
3.000000e+00 6.000000e-02 2.265799e-02 -8.677921e+00 6.939617e-01 2.276214e-05
3.050000e+00 6.000000e-02 2.265567e-02 -8.682795e+00 6.939523e-01 5.392276e-05
3.100000e+00 6.000000e-02 2.265260e-02 -8.685393e+00 6.939092e-01 6.074819e-05
3.150000e+00 6.000000e-02 2.264960e-02 -8.686693e+00 6.938575e-01 5.589579e-05
3.200000e+00 6.000000e-02 2.264701e-02 -8.687281e+00 6.938089e-01 4.661186e-05
3.250000e+00 6.000000e-02 2.264494e-02 -8.687496e+00 6.937680e-01 3.665721e-05
3.300000e+00 6.000000e-02 2.264334e-02 -8.687527e+00 6.937356e-01 2.773010e-05
3.350000e+00 6.000000e-02 2.264216e-02 -8.687477e+00 6.937110e-01 2.040691e-05
3.400000e+00 6.000000e-02 2.264130e-02 -8.687400e+00 6.936928e-01 1.471222e-05
3.450000e+00 6.000000e-02 2.264069e-02 -8.687321e+00 6.936795e-01 1.043845e-05
3.500000e+00 6.000000e-02 2.264026e-02 -8.687250e+00 6.936701e-01 7.311108e-06
3.550000e+00 6.000000e-02 2.263996e-02 -8.687192e+00 6.936634e-01 5.065657e-06
3.600000e+00 6.000000e-02 2.263975e-02 -8.687147e+00 6.936588e-01 3.477245e-06
3.650000e+00 6.000000e-02 2.263961e-02 -8.687112e+00 6.936556e-01 2.367239e-06
3.700000e+00 6.000000e-02 2.263952e-02 -8.687086e+00 6.936534e-01 1.599553e-06
3.750000e+00 6.000000e-02 2.263945e-02 -8.687067e+00 6.936519e-01 1.073437e-06
3.800000e+00 6.000000e-02 2.263941e-02 -8.687053e+00 6.936509e-01 7.158388e-07
3.850000e+00 6.000000e-02 2.263938e-02 -8.687044e+00 6.936502e-01 4.746287e-07
3.900000e+00 6.000000e-02 2.263936e-02 -8.687037e+00 6.936497e-01 3.130891e-07
3.950000e+00 6.000000e-02 2.263935e-02 -8.687032e+00 6.936494e-01 2.056392e-07
4.000000e+00 6.000000e-02 2.263934e-02 -8.687029e+00 6.936492e-01 1.346281e-07
4.050000e+00 6.000000e-02 2.263934e-02 -8.687026e+00 6.936491e-01 8.798272e-08
4.100000e+00 6.000000e-02 2.263933e-02 -8.687025e+00 6.936490e-01 5.751251e-08
4.150000e+00 6.000000e-02 2.263933e-02 -8.687024e+00 6.936490e-01 3.770409e-08
4.200000e+00 6.000000e-02 2.263933e-02 -8.687023e+00 6.936489e-01 2.487456e-08
4.250000e+00 6.000000e-02 2.263933e-02 -8.687023e+00 6.936489e-01 1.658239e-08
4.300000e+00 6.000000e-02 2.263933e-02 -8.687022e+00 6.936489e-01 1.122131e-08
4.350000e+00 6.000000e-02 2.263933e-02 -8.687022e+00 6.936489e-01 7.742737e-09
4.400000e+00 6.000000e-02 2.263933e-02 -8.687022e+00 6.936489e-01 5.467494e-09
4.450000e+00 6.000000e-02 2.263933e-02 -8.687022e+00 6.936489e-01 3.959174e-09
4.500000e+00 6.000000e-02 2.263933e-02 -8.687022e+00 6.936488e-01 2.939563e-09
4.550000e+00 6.000000e-02 2.263933e-02 -8.687022e+00 6.936488e-01 2.232634e-09
4.600000e+00 6.000000e-02 2.263933e-02 -8.687022e+00 6.936488e-01 1.727755e-09
4.650000e+00 6.000000e-02 2.263933e-02 -8.687022e+00 6.936488e-01 1.355739e-09
4.700000e+00 6.000000e-02 2.263933e-02 -8.687022e+00 6.936488e-01 1.073389e-09
4.750000e+00 6.000000e-02 2.263933e-02 -8.687022e+00 6.936488e-01 8.536379e-10
4.800000e+00 6.000000e-02 2.263933e-02 -8.687022e+00 6.936488e-01 6.793227e-10
4.850000e+00 6.000000e-02 2.263933e-02 -8.687022e+00 6.936488e-01 5.393100e-10
4.900000e+00 6.000000e-02 2.263933e-02 -8.687022e+00 6.936488e-01 4.261137e-10
4.950000e+00 6.000000e-02 2.263933e-02 -8.687022e+00 6.936488e-01 3.344576e-10
5.000000e+00 6.000000e-02 2.263933e-02 -8.687022e+00 6.936488e-01 2.604209e-10
5.050000e+00 6.000000e-02 2.263933e-02 -8.687022e+00 6.936488e-01 2.009418e-10
5.100000e+00 6.000000e-02 2.263933e-02 -8.687022e+00 6.936488e-01 1.535342e-10
5.150000e+00 6.000000e-02 2.263933e-02 -8.687022e+00 6.936488e-01 1.161270e-10
5.200000e+00 6.000000e-02 2.263933e-02 -8.687022e+00 6.936488e-01 8.697501e-11
5.250000e+00 6.000000e-02 2.263933e-02 -8.687022e+00 6.936488e-01 6.460714e-11
5.300000e+00 6.000000e-02 2.263933e-02 -8.687022e+00 6.936488e-01 4.779475e-11
5.350000e+00 6.000000e-02 2.263933e-02 -8.687022e+00 6.936488e-01 3.552963e-11
5.400000e+00 6.000000e-02 2.263933e-02 -8.687022e+00 6.936488e-01 2.700739e-11
5.450000e+00 6.000000e-02 2.263933e-02 -8.687022e+00 6.936488e-01 2.161472e-11
5.500000e+00 6.000000e-02 2.263933e-02 -8.687022e+00 6.936488e-01 1.891966e-11
5.550000e+00 6.000000e-02 2.263933e-02 -8.687022e+00 6.936488e-01 1.866462e-11
5.600000e+00 6.000000e-02 2.263933e-02 -8.687022e+00 6.936488e-01 2.076492e-11
5.650000e+00 6.000000e-02 2.263933e-02 -8.687022e+00 6.936488e-01 2.531388e-11
5.700000e+00 6.000000e-02 2.263933e-02 -8.687022e+00 6.936488e-01 3.259511e-11
5.750000e+00 6.000000e-02 2.263933e-02 -8.687022e+00 6.936488e-01 4.310531e-11
5.800000e+00 6.000000e-02 2.263933e-02 -8.687022e+00 6.936488e-01 5.758980e-11
5.850000e+00 6.000000e-02 2.263933e-02 -8.687022e+00 6.936488e-01 7.709236e-11
5.900000e+00 6.000000e-02 2.263933e-02 -8.687022e+00 6.936488e-01 1.030261e-10
5.950000e+00 6.000000e-02 2.263933e-02 -8.687022e+00 6.936488e-01 1.372686e-10
6.000000e+00 6.000000e-02 2.263933e-02 -8.687022e+00 6.936488e-01 1.822878e-10
6.050000e+00 6.000000e-02 2.263933e-02 -8.687022e+00 6.936488e-01 2.413078e-10
6.100000e+00 6.000000e-02 2.263933e-02 -8.687022e+00 6.936488e-01 3.185269e-10
6.150000e+00 6.000000e-02 2.263933e-02 -8.687022e+00 6.936488e-01 4.194000e-10
6.200000e+00 6.000000e-02 2.263933e-02 -8.687022e+00 6.936488e-01 5.510049e-10
6.250000e+00 6.000000e-02 2.263933e-02 -8.687022e+00 6.936488e-01 7.225190e-10
6.300000e+00 6.000000e-02 2.263933e-02 -8.687022e+00 6.936488e-01 9.458352e-10
6.350000e+00 6.000000e-02 2.263933e-02 -8.687022e+00 6.936488e-01 1.236358e-09
6.400000e+00 6.000000e-02 2.263933e-02 -8.687022e+00 6.936488e-01 1.614037e-09
6.450000e+00 6.000000e-02 2.263933e-02 -8.687022e+00 6.936488e-01 2.104693e-09
6.500000e+00 6.000000e-02 2.263933e-02 -8.687022e+00 6.936488e-01 2.741743e-09
6.550000e+00 6.000000e-02 2.263932e-02 -8.687022e+00 6.936488e-01 3.568424e-09
6.600000e+00 6.000000e-02 2.263932e-02 -8.687022e+00 6.936488e-01 4.640670e-09
6.650000e+00 6.000000e-02 2.263932e-02 -8.687022e+00 6.936488e-01 6.030778e-09
6.700000e+00 6.000000e-02 2.263932e-02 -8.687022e+00 6.936488e-01 7.832364e-09
6.750000e+00 6.000000e-02 2.263932e-02 -8.687022e+00 6.936488e-01 1.016598e-08
6.800000e+00 6.000000e-02 2.263932e-02 -8.687022e+00 6.936488e-01 1.318894e-08
6.850000e+00 6.000000e-02 2.263932e-02 -8.687022e+00 6.936488e-01 1.709968e-08
6.900000e+00 6.000000e-02 2.263932e-02 -8.687022e+00 6.936488e-01 2.216968e-08
6.950000e+00 6.000000e-02 2.263932e-02 -8.687022e+00 6.936487e-01 2.870386e-08
7.000000e+00 6.000000e-02 2.263932e-02 -8.687022e+00 6.936487e-01 3.723058e-08
7.050000e+00 6.000000e-02 2.263932e-02 -8.687022e+00 6.936487e-01 4.804756e-08
7.100000e+00 6.000000e-02 2.263931e-02 -8.687023e+00 6.936486e-01 6.260646e-08
7.150000e+00 6.000000e-02 2.263931e-02 -8.687023e+00 6.936485e-01 7.990604e-08
7.200000e+00 6.000000e-02 2.263931e-02 -8.687023e+00 6.936485e-01 1.061652e-07
7.250000e+00 6.000000e-02 2.263930e-02 -8.687024e+00 6.936483e-01 1.303971e-07
7.300000e+00 6.000000e-02 2.263929e-02 -8.687025e+00 6.936482e-01 1.850033e-07
7.350000e+00 6.000000e-02 2.263928e-02 -8.687026e+00 6.936480e-01 2.014647e-07
7.400000e+00 6.000000e-02 2.263927e-02 -8.687026e+00 6.936479e-01 3.436971e-07
7.450000e+00 6.000000e-02 2.263925e-02 -8.687029e+00 6.936472e-01 2.667624e-07
7.500000e+00 6.000000e-02 2.263925e-02 -8.687028e+00 6.936477e-01 7.068370e-07
7.550000e+00 6.000000e-02 2.263918e-02 -8.687039e+00 6.936453e-01 2.041517e-07
7.600000e+00 6.000000e-02 2.263923e-02 -8.687022e+00 6.936484e-01 1.588689e-06
7.650000e+00 6.000000e-02 2.263902e-02 -8.687072e+00 6.936404e-01 -3.079966e-07
7.700000e+00 6.000000e-02 2.263926e-02 -8.686981e+00 6.936522e-01 3.587923e-06
7.750000e+00 6.000000e-02 2.263866e-02 -8.687183e+00 6.936286e-01 -1.727525e-06
7.800000e+00 6.000000e-02 2.263943e-02 -8.686818e+00 6.936628e-01 7.294187e-06
7.850000e+00 6.000000e-02 2.263793e-02 -8.687512e+00 6.936050e-01 -3.876046e-06
7.900000e+00 6.000000e-02 2.263982e-02 -8.686352e+00 6.936822e-01 1.208374e-05
7.950000e+00 6.000000e-02 2.263672e-02 -8.688281e+00 6.935692e-01 -4.341370e-06
8.000000e+00 6.000000e-02 2.264025e-02 -8.685395e+00 6.937018e-01 1.495569e-05
8.050000e+00 6.000000e-02 2.263522e-02 -8.689579e+00 6.935343e-01 1.392987e-06
8.100000e+00 6.000000e-02 2.264011e-02 -8.684126e+00 6.936982e-01 1.352468e-05
8.150000e+00 6.000000e-02 2.263387e-02 -8.690893e+00 6.935181e-01 1.402510e-05
8.200000e+00 6.000000e-02 2.263871e-02 -8.683471e+00 6.936571e-01 1.394339e-05
8.250000e+00 6.000000e-02 2.263248e-02 -8.691139e+00 6.935046e-01 2.532321e-05
8.300000e+00 6.000000e-02 2.263618e-02 -8.684368e+00 6.936066e-01 2.842683e-05
8.350000e+00 6.000000e-02 2.262964e-02 -8.690198e+00 6.934379e-01 3.277177e-05
8.400000e+00 6.000000e-02 2.263290e-02 -8.685927e+00 6.935705e-01 5.365087e-05
8.450000e+00 6.000000e-02 2.262427e-02 -8.690039e+00 6.933095e-01 5.677511e-05
8.500000e+00 6.000000e-02 2.262722e-02 -8.686257e+00 6.934762e-01 7.731466e-05
8.550000e+00 6.000000e-02 2.261654e-02 -8.691577e+00 6.931700e-01 1.070674e-04
8.600000e+00 6.000000e-02 2.261652e-02 -8.686720e+00 6.932560e-01 1.249826e-04
8.650000e+00 6.000000e-02 2.260404e-02 -8.692324e+00 6.929397e-01 1.661489e-04
8.700000e+00 6.000000e-02 2.259990e-02 -8.689786e+00 6.929597e-01 2.233009e-04
8.750000e+00 6.000000e-02 2.258171e-02 -8.692909e+00 6.924795e-01 2.699913e-04
8.800000e+00 6.000000e-02 2.257290e-02 -8.692869e+00 6.924738e-01 3.552407e-04
8.850000e+00 6.000000e-02 2.254619e-02 -8.697072e+00 6.918080e-01 4.666293e-04
8.900000e+00 6.000000e-02 2.252624e-02 -8.696503e+00 6.915629e-01 5.827796e-04
8.950000e+00 6.000000e-02 2.248791e-02 -8.702139e+00 6.907068e-01 7.527928e-04
9.000000e+00 6.000000e-02 2.245096e-02 -8.705676e+00 6.901543e-01 9.793311e-04
9.050000e+00 6.000000e-02 2.238998e-02 -8.709575e+00 6.887987e-01 1.247244e-03
9.100000e+00 6.000000e-02 2.232623e-02 -8.718068e+00 6.877829e-01 1.588472e-03
9.150000e+00 6.000000e-02 2.223113e-02 -8.724965e+00 6.857728e-01 2.059341e-03
9.200000e+00 6.000000e-02 2.212030e-02 -8.738133e+00 6.838177e-01 2.626780e-03
9.250000e+00 6.000000e-02 2.196845e-02 -8.747292e+00 6.806883e-01 3.354246e-03
9.300000e+00 6.000000e-02 2.178488e-02 -8.771627e+00 6.773633e-01 4.279512e-03
9.350000e+00 6.000000e-02 2.154050e-02 -8.784903e+00 6.723586e-01 5.478519e-03
9.400000e+00 6.000000e-02 2.123702e-02 -8.821668e+00 6.666353e-01 6.937611e-03
9.450000e+00 6.000000e-02 2.084674e-02 -8.842942e+00 6.586602e-01 8.796455e-03
9.500000e+00 6.000000e-02 2.035738e-02 -8.898327e+00 6.491259e-01 1.107558e-02
9.550000e+00 6.000000e-02 1.973918e-02 -8.927118e+00 6.362549e-01 1.390394e-02
9.600000e+00 6.000000e-02 1.896698e-02 -9.002632e+00 6.205518e-01 1.722764e-02
9.650000e+00 6.000000e-02 1.801642e-02 -9.032562e+00 6.000100e-01 2.115608e-02
9.700000e+00 6.000000e-02 1.685138e-02 -9.117557e+00 5.748403e-01 2.545449e-02
9.750000e+00 6.000000e-02 1.547097e-02 -9.110570e+00 5.428370e-01 2.991381e-02
9.800000e+00 6.000000e-02 1.385999e-02 -9.152462e+00 5.045097e-01 3.349977e-02
9.850000e+00 6.000000e-02 1.212099e-02 -8.990601e+00 4.585721e-01 3.456723e-02
9.900000e+00 6.000000e-02 1.040327e-02 -8.868687e+00 4.089073e-01 2.807248e-02
9.950000e+00 6.000000e-02 9.313743e-03 -8.370802e+00 3.616946e-01 5.927164e-04
1.000000e+01 6.000000e-02 1.034400e-02 -8.406819e+00 0.000000e+00 0.000000e+00
0.000000e+00 8.000000e-02 1.814400e-02 -5.040000e+00 0.000000e+00 0.000000e+00
5.000000e-02 8.000000e-02 1.813356e-02 -5.039894e+00 4.400445e-01 2.146826e-04
1.000000e-01 8.000000e-02 1.812253e-02 -5.039304e+00 4.397643e-01 2.280142e-04
1.500000e-01 8.000000e-02 1.811076e-02 -5.038406e+00 4.395270e-01 2.421981e-04
2.000000e-01 8.000000e-02 1.809831e-02 -5.037380e+00 4.392914e-01 2.337515e-04
2.500000e-01 8.000000e-02 1.808739e-02 -5.036454e+00 4.390896e-01 1.721210e-04
3.000000e-01 8.000000e-02 1.808110e-02 -5.035845e+00 4.389927e-01 7.797303e-05
3.500000e-01 8.000000e-02 1.807959e-02 -5.035541e+00 4.389927e-01 7.885433e-06
4.000000e-01 8.000000e-02 1.808031e-02 -5.035266e+00 4.390073e-01 -3.343804e-05
4.500000e-01 8.000000e-02 1.808293e-02 -5.034821e+00 4.390282e-01 -9.906692e-05
5.000000e-01 8.000000e-02 1.809022e-02 -5.034586e+00 4.391605e-01 -1.953999e-04
5.500000e-01 8.000000e-02 1.810247e-02 -5.035718e+00 4.394704e-01 -2.422054e-04
6.000000e-01 8.000000e-02 1.811444e-02 -5.039829e+00 4.398815e-01 -1.817460e-04
6.500000e-01 8.000000e-02 1.812065e-02 -5.048235e+00 4.402917e-01 -7.774061e-05
7.000000e-01 8.000000e-02 1.812221e-02 -5.061169e+00 4.407310e-01 -5.255115e-05
7.500000e-01 8.000000e-02 1.812590e-02 -5.077370e+00 4.413280e-01 -1.544009e-04
8.000000e-01 8.000000e-02 1.813765e-02 -5.094267e+00 4.421469e-01 -3.437105e-04
8.500000e-01 8.000000e-02 1.816027e-02 -5.108676e+00 4.431447e-01 -6.068995e-04
9.000000e-01 8.000000e-02 1.819834e-02 -5.117658e+00 4.443237e-01 -1.013405e-03
9.500000e-01 8.000000e-02 1.826161e-02 -5.119156e+00 4.458383e-01 -1.620303e-03
1.000000e+00 8.000000e-02 1.836037e-02 -5.112187e+00 4.478818e-01 -2.368675e-03
1.050000e+00 8.000000e-02 1.849848e-02 -5.096674e+00 4.505032e-01 -3.139470e-03
1.100000e+00 8.000000e-02 1.867432e-02 -5.073132e+00 4.536328e-01 -3.890922e-03
1.150000e+00 8.000000e-02 1.888757e-02 -5.042408e+00 4.572613e-01 -4.669332e-03
1.200000e+00 8.000000e-02 1.914125e-02 -5.005459e+00 4.614817e-01 -5.492716e-03
1.250000e+00 8.000000e-02 1.943684e-02 -4.963187e+00 4.663475e-01 -6.302226e-03
1.300000e+00 8.000000e-02 1.977148e-02 -4.916364e+00 4.717950e-01 -7.048675e-03
1.350000e+00 8.000000e-02 2.014171e-02 -4.865640e+00 4.777521e-01 -7.758000e-03
1.400000e+00 8.000000e-02 2.054728e-02 -4.811532e+00 4.842356e-01 -8.474822e-03
1.450000e+00 8.000000e-02 2.098919e-02 -4.754336e+00 4.912924e-01 -9.191504e-03
1.500000e+00 8.000000e-02 2.146643e-02 -4.694181e+00 4.989075e-01 -9.873172e-03
1.550000e+00 8.000000e-02 2.197651e-02 -4.631336e+00 5.070339e-01 -1.051818e-02
1.600000e+00 8.000000e-02 2.251824e-02 -4.566557e+00 5.156706e-01 -1.115043e-02
1.650000e+00 8.000000e-02 2.309155e-02 -4.500962e+00 5.248522e-01 -1.177106e-02
1.700000e+00 8.000000e-02 2.369535e-02 -4.435325e+00 5.345767e-01 -1.235812e-02
1.750000e+00 8.000000e-02 2.432737e-02 -4.369260e+00 5.447961e-01 -1.290989e-02
1.800000e+00 8.000000e-02 2.498634e-02 -4.300951e+00 5.554806e-01 -1.345693e-02
1.850000e+00 8.000000e-02 2.567306e-02 -4.227761e+00 5.666571e-01 -1.402703e-02
1.900000e+00 8.000000e-02 2.638904e-02 -4.147521e+00 5.783890e-01 -1.462080e-02
1.950000e+00 8.000000e-02 2.713514e-02 -4.060056e+00 5.907567e-01 -1.522732e-02
2.000000e+00 8.000000e-02 2.791177e-02 -3.968388e+00 6.038787e-01 -1.584118e-02
2.050000e+00 8.000000e-02 2.871926e-02 -3.879134e+00 6.179233e-01 -1.644664e-02
2.100000e+00 8.000000e-02 2.955644e-02 -3.801957e+00 6.330609e-01 -1.699409e-02
2.150000e+00 8.000000e-02 3.041867e-02 -3.748392e+00 6.493882e-01 -1.741106e-02
2.200000e+00 8.000000e-02 3.129754e-02 -3.730602e+00 6.668978e-01 -1.764058e-02
2.250000e+00 8.000000e-02 3.218272e-02 -3.760375e+00 6.855036e-01 -1.765818e-02
2.300000e+00 8.000000e-02 3.306336e-02 -3.848021e+00 7.050569e-01 -1.744272e-02
2.350000e+00 8.000000e-02 3.392700e-02 -4.000402e+00 7.252936e-01 -1.693438e-02
2.400000e+00 8.000000e-02 3.475680e-02 -4.217872e+00 7.457377e-01 -1.603383e-02
2.450000e+00 8.000000e-02 3.553038e-02 -4.491317e+00 7.656600e-01 -1.465797e-02
2.500000e+00 8.000000e-02 3.622260e-02 -4.801490e+00 7.841709e-01 -1.281273e-02
2.550000e+00 8.000000e-02 3.681165e-02 -5.122213e+00 8.004287e-01 -1.062606e-02
2.600000e+00 8.000000e-02 3.728520e-02 -5.426636e+00 8.138605e-01 -8.316764e-03
2.650000e+00 8.000000e-02 3.764333e-02 -5.693698e+00 8.242837e-01 -6.121732e-03
2.700000e+00 8.000000e-02 3.789737e-02 -5.911863e+00 8.318874e-01 -4.225614e-03
2.750000e+00 8.000000e-02 3.806589e-02 -6.079142e+00 8.371126e-01 -2.724452e-03
2.800000e+00 8.000000e-02 3.816982e-02 -6.200499e+00 8.405018e-01 -1.627963e-03
2.850000e+00 8.000000e-02 3.822869e-02 -6.284432e+00 8.425786e-01 -8.859771e-04
2.900000e+00 8.000000e-02 3.825842e-02 -6.340159e+00 8.437784e-01 -4.205632e-04
2.950000e+00 8.000000e-02 3.827074e-02 -6.375892e+00 8.444269e-01 -1.514402e-04
3.000000e+00 8.000000e-02 3.827356e-02 -6.398134e+00 8.447484e-01 -1.050562e-05
3.050000e+00 8.000000e-02 3.827179e-02 -6.411625e+00 8.448869e-01 5.309031e-05
3.100000e+00 8.000000e-02 3.826825e-02 -6.419622e+00 8.449299e-01 7.378191e-05
3.150000e+00 8.000000e-02 3.826441e-02 -6.424260e+00 8.449272e-01 7.302997e-05
3.200000e+00 8.000000e-02 3.826095e-02 -6.426888e+00 8.449060e-01 6.320291e-05
3.250000e+00 8.000000e-02 3.825809e-02 -6.428339e+00 8.448799e-01 5.085176e-05
3.300000e+00 8.000000e-02 3.825586e-02 -6.429113e+00 8.448551e-01 3.908332e-05
3.350000e+00 8.000000e-02 3.825419e-02 -6.429505e+00 8.448342e-01 2.911194e-05
3.400000e+00 8.000000e-02 3.825295e-02 -6.429688e+00 8.448175e-01 2.119636e-05
3.450000e+00 8.000000e-02 3.825207e-02 -6.429760e+00 8.448047e-01 1.516731e-05
3.500000e+00 8.000000e-02 3.825144e-02 -6.429776e+00 8.447952e-01 1.070427e-05
3.550000e+00 8.000000e-02 3.825100e-02 -6.429766e+00 8.447883e-01 7.468858e-06
3.600000e+00 8.000000e-02 3.825069e-02 -6.429746e+00 8.447833e-01 5.160928e-06
3.650000e+00 8.000000e-02 3.825048e-02 -6.429724e+00 8.447797e-01 3.535888e-06
3.700000e+00 8.000000e-02 3.825034e-02 -6.429704e+00 8.447772e-01 2.404105e-06
3.750000e+00 8.000000e-02 3.825024e-02 -6.429688e+00 8.447755e-01 1.623298e-06
3.800000e+00 8.000000e-02 3.825017e-02 -6.429675e+00 8.447743e-01 1.089175e-06
3.850000e+00 8.000000e-02 3.825013e-02 -6.429665e+00 8.447735e-01 7.266253e-07
3.900000e+00 8.000000e-02 3.825010e-02 -6.429657e+00 8.447729e-01 4.823056e-07
3.950000e+00 8.000000e-02 3.825008e-02 -6.429652e+00 8.447725e-01 3.187743e-07
4.000000e+00 8.000000e-02 3.825007e-02 -6.429648e+00 8.447723e-01 2.100147e-07
4.050000e+00 8.000000e-02 3.825006e-02 -6.429645e+00 8.447721e-01 1.381122e-07
4.100000e+00 8.000000e-02 3.825006e-02 -6.429643e+00 8.447720e-01 9.083396e-08
4.150000e+00 8.000000e-02 3.825005e-02 -6.429642e+00 8.447719e-01 5.989280e-08
4.200000e+00 8.000000e-02 3.825005e-02 -6.429641e+00 8.447719e-01 3.971712e-08
4.250000e+00 8.000000e-02 3.825005e-02 -6.429640e+00 8.447718e-01 2.658914e-08
4.300000e+00 8.000000e-02 3.825005e-02 -6.429640e+00 8.447718e-01 1.804653e-08
4.350000e+00 8.000000e-02 3.825005e-02 -6.429639e+00 8.447718e-01 1.247065e-08
4.400000e+00 8.000000e-02 3.825005e-02 -6.429639e+00 8.447718e-01 8.805440e-09
4.450000e+00 8.000000e-02 3.825005e-02 -6.429639e+00 8.447718e-01 6.367135e-09
4.500000e+00 8.000000e-02 3.825004e-02 -6.429639e+00 8.447718e-01 4.716295e-09
4.550000e+00 8.000000e-02 3.825004e-02 -6.429639e+00 8.447718e-01 3.572523e-09
4.600000e+00 8.000000e-02 3.825004e-02 -6.429639e+00 8.447718e-01 2.758034e-09
4.650000e+00 8.000000e-02 3.825004e-02 -6.429639e+00 8.447718e-01 2.160641e-09
4.700000e+00 8.000000e-02 3.825004e-02 -6.429639e+00 8.447718e-01 1.709693e-09
4.750000e+00 8.000000e-02 3.825004e-02 -6.429639e+00 8.447718e-01 1.360580e-09
4.800000e+00 8.000000e-02 3.825004e-02 -6.429639e+00 8.447717e-01 1.084865e-09
4.850000e+00 8.000000e-02 3.825004e-02 -6.429639e+00 8.447717e-01 8.640693e-10
4.900000e+00 8.000000e-02 3.825004e-02 -6.429639e+00 8.447717e-01 6.858097e-10
4.950000e+00 8.000000e-02 3.825004e-02 -6.429639e+00 8.447717e-01 5.414374e-10
5.000000e+00 8.000000e-02 3.825004e-02 -6.429639e+00 8.447717e-01 4.246107e-10
5.050000e+00 8.000000e-02 3.825004e-02 -6.429639e+00 8.447717e-01 3.304505e-10
5.100000e+00 8.000000e-02 3.825004e-02 -6.429639e+00 8.447717e-01 2.550481e-10
5.150000e+00 8.000000e-02 3.825004e-02 -6.429639e+00 8.447717e-01 1.951823e-10
5.200000e+00 8.000000e-02 3.825004e-02 -6.429639e+00 8.447717e-01 1.481561e-10
5.250000e+00 8.000000e-02 3.825004e-02 -6.429639e+00 8.447717e-01 1.117018e-10
5.300000e+00 8.000000e-02 3.825004e-02 -6.429639e+00 8.447717e-01 8.392384e-11
5.350000e+00 8.000000e-02 3.825004e-02 -6.429639e+00 8.447717e-01 6.325940e-11
5.400000e+00 8.000000e-02 3.825004e-02 -6.429639e+00 8.447717e-01 4.845034e-11
5.450000e+00 8.000000e-02 3.825004e-02 -6.429639e+00 8.447717e-01 3.852217e-11
5.500000e+00 8.000000e-02 3.825004e-02 -6.429639e+00 8.447717e-01 3.276594e-11
5.550000e+00 8.000000e-02 3.825004e-02 -6.429639e+00 8.447717e-01 3.072841e-11
5.600000e+00 8.000000e-02 3.825004e-02 -6.429639e+00 8.447717e-01 3.220729e-11
5.650000e+00 8.000000e-02 3.825004e-02 -6.429639e+00 8.447717e-01 3.725506e-11
5.700000e+00 8.000000e-02 3.825004e-02 -6.429639e+00 8.447717e-01 4.619347e-11
5.750000e+00 8.000000e-02 3.825004e-02 -6.429639e+00 8.447717e-01 5.964361e-11
5.800000e+00 8.000000e-02 3.825004e-02 -6.429639e+00 8.447717e-01 7.857083e-11
5.850000e+00 8.000000e-02 3.825004e-02 -6.429639e+00 8.447717e-01 1.043510e-10
5.900000e+00 8.000000e-02 3.825004e-02 -6.429639e+00 8.447717e-01 1.388654e-10
5.950000e+00 8.000000e-02 3.825004e-02 -6.429639e+00 8.447717e-01 1.846262e-10
6.000000e+00 8.000000e-02 3.825004e-02 -6.429639e+00 8.447717e-01 2.449464e-10
6.050000e+00 8.000000e-02 3.825004e-02 -6.429639e+00 8.447717e-01 3.241635e-10
6.100000e+00 8.000000e-02 3.825004e-02 -6.429639e+00 8.447717e-01 4.279324e-10
6.150000e+00 8.000000e-02 3.825004e-02 -6.429639e+00 8.447717e-01 5.636056e-10
6.200000e+00 8.000000e-02 3.825004e-02 -6.429639e+00 8.447717e-01 7.407289e-10
6.250000e+00 8.000000e-02 3.825004e-02 -6.429639e+00 8.447717e-01 9.716838e-10
6.300000e+00 8.000000e-02 3.825004e-02 -6.429639e+00 8.447717e-01 1.272520e-09
6.350000e+00 8.000000e-02 3.825004e-02 -6.429639e+00 8.447717e-01 1.664030e-09
6.400000e+00 8.000000e-02 3.825004e-02 -6.429639e+00 8.447717e-01 2.173145e-09
6.450000e+00 8.000000e-02 3.825004e-02 -6.429639e+00 8.447717e-01 2.834730e-09
6.500000e+00 8.000000e-02 3.825004e-02 -6.429639e+00 8.447717e-01 3.693914e-09
6.550000e+00 8.000000e-02 3.825004e-02 -6.429639e+00 8.447717e-01 4.809085e-09
6.600000e+00 8.000000e-02 3.825004e-02 -6.429639e+00 8.447717e-01 6.255808e-09
6.650000e+00 8.000000e-02 3.825004e-02 -6.429639e+00 8.447717e-01 8.131712e-09
6.700000e+00 8.000000e-02 3.825004e-02 -6.429639e+00 8.447717e-01 1.056340e-08
6.750000e+00 8.000000e-02 3.825004e-02 -6.429639e+00 8.447717e-01 1.371335e-08
6.800000e+00 8.000000e-02 3.825004e-02 -6.429639e+00 8.447717e-01 1.779545e-08
6.850000e+00 8.000000e-02 3.825004e-02 -6.429639e+00 8.447717e-01 2.307384e-08
6.900000e+00 8.000000e-02 3.825004e-02 -6.429639e+00 8.447717e-01 2.992764e-08
6.950000e+00 8.000000e-02 3.825004e-02 -6.429639e+00 8.447717e-01 3.873317e-08
7.000000e+00 8.000000e-02 3.825003e-02 -6.429640e+00 8.447716e-01 5.030737e-08
7.050000e+00 8.000000e-02 3.825003e-02 -6.429640e+00 8.447716e-01 6.476708e-08
7.100000e+00 8.000000e-02 3.825003e-02 -6.429640e+00 8.447716e-01 8.484656e-08
7.150000e+00 8.000000e-02 3.825002e-02 -6.429641e+00 8.447715e-01 1.071721e-07
7.200000e+00 8.000000e-02 3.825002e-02 -6.429641e+00 8.447714e-01 1.452758e-07
7.250000e+00 8.000000e-02 3.825001e-02 -6.429642e+00 8.447713e-01 1.717325e-07
7.300000e+00 8.000000e-02 3.825000e-02 -6.429642e+00 8.447713e-01 2.601572e-07
7.350000e+00 8.000000e-02 3.824998e-02 -6.429646e+00 8.447709e-01 2.497204e-07
7.400000e+00 8.000000e-02 3.824998e-02 -6.429642e+00 8.447711e-01 5.123489e-07
7.450000e+00 8.000000e-02 3.824993e-02 -6.429659e+00 8.447700e-01 2.630740e-07
7.500000e+00 8.000000e-02 3.824995e-02 -6.429630e+00 8.447715e-01 1.145375e-06
7.550000e+00 8.000000e-02 3.824982e-02 -6.429702e+00 8.447674e-01 -7.669154e-08
7.600000e+00 8.000000e-02 3.824996e-02 -6.429566e+00 8.447740e-01 2.769890e-06
7.650000e+00 8.000000e-02 3.824954e-02 -6.429853e+00 8.447600e-01 -1.452966e-06
7.700000e+00 8.000000e-02 3.825010e-02 -6.429328e+00 8.447824e-01 6.473915e-06
7.750000e+00 8.000000e-02 3.824889e-02 -6.430306e+00 8.447421e-01 -4.699464e-06
7.800000e+00 8.000000e-02 3.825057e-02 -6.428648e+00 8.448025e-01 1.303113e-05
7.850000e+00 8.000000e-02 3.824759e-02 -6.431413e+00 8.447079e-01 -9.065861e-06
7.900000e+00 8.000000e-02 3.825148e-02 -6.427165e+00 8.448349e-01 2.036599e-05
7.950000e+00 8.000000e-02 3.824555e-02 -6.433454e+00 8.446628e-01 -9.276223e-06
8.000000e+00 8.000000e-02 3.825241e-02 -6.424898e+00 8.448614e-01 2.199720e-05
8.050000e+00 8.000000e-02 3.824335e-02 -6.435939e+00 8.446327e-01 2.621595e-06
8.100000e+00 8.000000e-02 3.825214e-02 -6.423015e+00 8.448477e-01 1.495371e-05
8.150000e+00 8.000000e-02 3.824186e-02 -6.437165e+00 8.446386e-01 2.381427e-05
8.200000e+00 8.000000e-02 3.824976e-02 -6.423422e+00 8.447934e-01 1.494824e-05
8.250000e+00 8.000000e-02 3.824036e-02 -6.435956e+00 8.446345e-01 3.451289e-05
8.300000e+00 8.000000e-02 3.824631e-02 -6.425812e+00 8.447672e-01 4.349190e-05
8.350000e+00 8.000000e-02 3.823601e-02 -6.434779e+00 8.445385e-01 3.539766e-05
8.400000e+00 8.000000e-02 3.824277e-02 -6.426423e+00 8.447852e-01 8.139538e-05
8.450000e+00 8.000000e-02 3.822787e-02 -6.437178e+00 8.443993e-01 7.324865e-05
8.500000e+00 8.000000e-02 3.823545e-02 -6.424754e+00 8.447008e-01 1.014951e-04
8.550000e+00 8.000000e-02 3.821772e-02 -6.439955e+00 8.443179e-01 1.513406e-04
8.600000e+00 8.000000e-02 3.822031e-02 -6.426934e+00 8.444834e-01 1.672885e-04
8.650000e+00 8.000000e-02 3.820100e-02 -6.439117e+00 8.441141e-01 2.181802e-04
8.700000e+00 8.000000e-02 3.819849e-02 -6.432046e+00 8.442953e-01 3.152175e-04
8.750000e+00 8.000000e-02 3.816947e-02 -6.442112e+00 8.436571e-01 3.574163e-04
8.800000e+00 8.000000e-02 3.816275e-02 -6.433549e+00 8.439088e-01 4.793866e-04
8.850000e+00 8.000000e-02 3.812154e-02 -6.450162e+00 8.431351e-01 6.412953e-04
8.900000e+00 8.000000e-02 3.809862e-02 -6.440521e+00 8.430931e-01 7.880060e-04
8.950000e+00 8.000000e-02 3.804273e-02 -6.455332e+00 8.421955e-01 1.011817e-03
9.000000e+00 8.000000e-02 3.799744e-02 -6.455461e+00 8.419936e-01 1.342969e-03
9.050000e+00 8.000000e-02 3.790844e-02 -6.469368e+00 8.405179e-01 1.690227e-03
9.100000e+00 8.000000e-02 3.782842e-02 -6.471826e+00 8.399912e-01 2.152386e-03
9.150000e+00 8.000000e-02 3.769320e-02 -6.494012e+00 8.380263e-01 2.804697e-03
9.200000e+00 8.000000e-02 3.754795e-02 -6.505848e+00 8.366515e-01 3.585601e-03
9.250000e+00 8.000000e-02 3.733464e-02 -6.528639e+00 8.336568e-01 4.561683e-03
9.300000e+00 8.000000e-02 3.709178e-02 -6.558748e+00 8.312749e-01 5.848169e-03
9.350000e+00 8.000000e-02 3.674982e-02 -6.593372e+00 8.266079e-01 7.502517e-03
9.400000e+00 8.000000e-02 3.634153e-02 -6.643144e+00 8.221466e-01 9.528050e-03
9.450000e+00 8.000000e-02 3.579702e-02 -6.694032e+00 8.148920e-01 1.211024e-02
9.500000e+00 8.000000e-02 3.513051e-02 -6.782523e+00 8.072389e-01 1.534303e-02
9.550000e+00 8.000000e-02 3.426271e-02 -6.859274e+00 7.955283e-01 1.936853e-02
9.600000e+00 8.000000e-02 3.319365e-02 -6.999293e+00 7.824208e-01 2.421488e-02
9.650000e+00 8.000000e-02 3.184123e-02 -7.115435e+00 7.635574e-01 3.003599e-02
9.700000e+00 8.000000e-02 3.019005e-02 -7.329026e+00 7.416790e-01 3.671684e-02
9.750000e+00 8.000000e-02 2.816954e-02 -7.485265e+00 7.111950e-01 4.397618e-02
9.800000e+00 8.000000e-02 2.579244e-02 -7.772766e+00 6.756526e-01 5.079073e-02
9.850000e+00 8.000000e-02 2.309047e-02 -7.913677e+00 6.279569e-01 5.485778e-02
9.900000e+00 8.000000e-02 2.030666e-02 -8.184228e+00 5.749257e-01 5.036725e-02
9.950000e+00 8.000000e-02 1.805374e-02 -8.066602e+00 5.083415e-01 2.162658e-02
1.000000e+01 8.000000e-02 1.814400e-02 -8.078561e+00 0.000000e+00 0.000000e+00
0.000000e+00 1.000000e-01 2.796000e-02 -4.800000e+00 0.000000e+00 0.000000e+00
5.000000e-02 1.000000e-01 2.794248e-02 -4.800178e+00 5.384441e-01 3.426735e-04
1.000000e-01 1.000000e-01 2.792573e-02 -4.800244e+00 5.381621e-01 3.344503e-04
1.500000e-01 1.000000e-01 2.790903e-02 -4.800107e+00 5.379175e-01 3.424496e-04
2.000000e-01 1.000000e-01 2.789149e-02 -4.799730e+00 5.376470e-01 3.293592e-04
2.500000e-01 1.000000e-01 2.787609e-02 -4.799183e+00 5.373986e-01 2.374456e-04
3.000000e-01 1.000000e-01 2.786774e-02 -4.798627e+00 5.372902e-01 9.717255e-05
3.500000e-01 1.000000e-01 2.786638e-02 -4.798159e+00 5.373114e-01 3.795455e-06
4.000000e-01 1.000000e-01 2.786736e-02 -4.797699e+00 5.373224e-01 -3.714818e-05
4.500000e-01 1.000000e-01 2.787009e-02 -4.797091e+00 5.373000e-01 -1.260079e-04
5.000000e-01 1.000000e-01 2.787996e-02 -4.796342e+00 5.374135e-01 -2.900753e-04
5.500000e-01 1.000000e-01 2.789910e-02 -4.795837e+00 5.377805e-01 -4.064847e-04
6.000000e-01 1.000000e-01 2.792061e-02 -4.796443e+00 5.382965e-01 -3.760441e-04
6.500000e-01 1.000000e-01 2.793670e-02 -4.799339e+00 5.388146e-01 -2.857571e-04
7.000000e-01 1.000000e-01 2.794919e-02 -4.805432e+00 5.393862e-01 -3.093539e-04
7.500000e-01 1.000000e-01 2.796764e-02 -4.814576e+00 5.401907e-01 -4.973065e-04
8.000000e-01 1.000000e-01 2.799892e-02 -4.825118e+00 5.412691e-01 -7.630053e-04
8.500000e-01 1.000000e-01 2.804394e-02 -4.834156e+00 5.424612e-01 -1.075526e-03
9.000000e-01 1.000000e-01 2.810647e-02 -4.838377e+00 5.436685e-01 -1.553896e-03
9.500000e-01 1.000000e-01 2.819933e-02 -4.834926e+00 5.450455e-01 -2.305768e-03
1.000000e+00 1.000000e-01 2.833705e-02 -4.821851e+00 5.468317e-01 -3.250565e-03
1.050000e+00 1.000000e-01 2.852439e-02 -4.798192e+00 5.490568e-01 -4.208578e-03
1.100000e+00 1.000000e-01 2.875791e-02 -4.763968e+00 5.515869e-01 -5.127327e-03
1.150000e+00 1.000000e-01 2.903712e-02 -4.720020e+00 5.544105e-01 -6.095753e-03
1.200000e+00 1.000000e-01 2.936748e-02 -4.667531e+00 5.576954e-01 -7.148367e-03
1.250000e+00 1.000000e-01 2.975196e-02 -4.607447e+00 5.615433e-01 -8.187606e-03
1.300000e+00 1.000000e-01 3.018624e-02 -4.540414e+00 5.658635e-01 -9.133453e-03
1.350000e+00 1.000000e-01 3.066530e-02 -4.467278e+00 5.705609e-01 -1.003191e-02
1.400000e+00 1.000000e-01 3.118943e-02 -4.389373e+00 5.756922e-01 -1.095628e-02
1.450000e+00 1.000000e-01 3.176093e-02 -4.307923e+00 5.813536e-01 -1.188984e-02
1.500000e+00 1.000000e-01 3.237842e-02 -4.223028e+00 5.875213e-01 -1.277428e-02
1.550000e+00 1.000000e-01 3.303836e-02 -4.133509e+00 5.941088e-01 -1.361287e-02
1.600000e+00 1.000000e-01 3.373970e-02 -4.038218e+00 6.011174e-01 -1.445124e-02
1.650000e+00 1.000000e-01 3.448348e-02 -3.937932e+00 6.086310e-01 -1.528977e-02
1.700000e+00 1.000000e-01 3.526868e-02 -3.836053e+00 6.166947e-01 -1.608295e-02
1.750000e+00 1.000000e-01 3.609178e-02 -3.737069e+00 6.252743e-01 -1.681714e-02
1.800000e+00 1.000000e-01 3.695040e-02 -3.643429e+00 6.343227e-01 -1.753664e-02
1.850000e+00 1.000000e-01 3.784544e-02 -3.552785e+00 6.438171e-01 -1.829020e-02
1.900000e+00 1.000000e-01 3.877942e-02 -3.457578e+00 6.537282e-01 -1.909404e-02
1.950000e+00 1.000000e-01 3.975484e-02 -3.347562e+00 6.640317e-01 -1.995827e-02
2.000000e+00 1.000000e-01 4.077524e-02 -3.214141e+00 6.748013e-01 -2.091031e-02
2.050000e+00 1.000000e-01 4.184588e-02 -3.054326e+00 6.862791e-01 -2.195957e-02
2.100000e+00 1.000000e-01 4.297120e-02 -2.872586e+00 6.988218e-01 -2.305021e-02
2.150000e+00 1.000000e-01 4.415090e-02 -2.680269e+00 7.127764e-01 -2.407522e-02
2.200000e+00 1.000000e-01 4.537872e-02 -2.493558e+00 7.284115e-01 -2.493944e-02
2.250000e+00 1.000000e-01 4.664484e-02 -2.331297e+00 7.459386e-01 -2.558783e-02
2.300000e+00 1.000000e-01 4.793750e-02 -2.213417e+00 7.655249e-01 -2.595536e-02
2.350000e+00 1.000000e-01 4.924038e-02 -2.159402e+00 7.871909e-01 -2.589427e-02
2.400000e+00 1.000000e-01 5.052693e-02 -2.185446e+00 8.106140e-01 -2.517335e-02
2.450000e+00 1.000000e-01 5.175771e-02 -2.299780e+00 8.349820e-01 -2.358123e-02
2.500000e+00 1.000000e-01 5.288505e-02 -2.497755e+00 8.590467e-01 -2.106713e-02
2.550000e+00 1.000000e-01 5.386443e-02 -2.759995e+00 8.814006e-01 -1.781460e-02
2.600000e+00 1.000000e-01 5.466652e-02 -3.056035e+00 9.008491e-01 -1.419537e-02
2.650000e+00 1.000000e-01 5.528396e-02 -3.352477e+00 9.166942e-01 -1.063799e-02
2.700000e+00 1.000000e-01 5.573031e-02 -3.621650e+00 9.288149e-01 -7.492966e-03
2.750000e+00 1.000000e-01 5.603326e-02 -3.846805e+00 9.375588e-01 -4.957889e-03
2.800000e+00 1.000000e-01 5.622610e-02 -4.022581e+00 9.435384e-01 -3.075263e-03
2.850000e+00 1.000000e-01 5.634078e-02 -4.152116e+00 9.474350e-01 -1.777244e-03
2.900000e+00 1.000000e-01 5.640383e-02 -4.243129e+00 9.498656e-01 -9.423885e-04
2.950000e+00 1.000000e-01 5.643502e-02 -4.304628e+00 9.513217e-01 -4.410017e-04
3.000000e+00 1.000000e-01 5.644793e-02 -4.344896e+00 9.521606e-01 -1.612552e-04
3.050000e+00 1.000000e-01 5.645115e-02 -4.370605e+00 9.526245e-01 -1.868329e-05
3.100000e+00 1.000000e-01 5.644980e-02 -4.386693e+00 9.528690e-01 4.463850e-05
3.150000e+00 1.000000e-01 5.644669e-02 -4.396600e+00 9.529898e-01 6.545891e-05
3.200000e+00 1.000000e-01 5.644325e-02 -4.402620e+00 9.530433e-01 6.555275e-05
3.250000e+00 1.000000e-01 5.644013e-02 -4.406235e+00 9.530620e-01 5.699374e-05
3.300000e+00 1.000000e-01 5.643755e-02 -4.408382e+00 9.530638e-01 4.599775e-05
3.350000e+00 1.000000e-01 5.643553e-02 -4.409641e+00 9.530585e-01 3.545764e-05
3.400000e+00 1.000000e-01 5.643400e-02 -4.410370e+00 9.530507e-01 2.649560e-05
3.450000e+00 1.000000e-01 5.643288e-02 -4.410783e+00 9.530430e-01 1.935772e-05
3.500000e+00 1.000000e-01 5.643207e-02 -4.411012e+00 9.530363e-01 1.390170e-05
3.550000e+00 1.000000e-01 5.643149e-02 -4.411135e+00 9.530308e-01 9.847508e-06
3.600000e+00 1.000000e-01 5.643108e-02 -4.411197e+00 9.530265e-01 6.896897e-06
3.650000e+00 1.000000e-01 5.643080e-02 -4.411226e+00 9.530232e-01 4.783746e-06
3.700000e+00 1.000000e-01 5.643061e-02 -4.411237e+00 9.530208e-01 3.289978e-06
3.750000e+00 1.000000e-01 5.643047e-02 -4.411239e+00 9.530191e-01 2.245589e-06
3.800000e+00 1.000000e-01 5.643038e-02 -4.411237e+00 9.530179e-01 1.522341e-06
3.850000e+00 1.000000e-01 5.643032e-02 -4.411234e+00 9.530170e-01 1.025747e-06
3.900000e+00 1.000000e-01 5.643028e-02 -4.411230e+00 9.530164e-01 6.874219e-07
3.950000e+00 1.000000e-01 5.643025e-02 -4.411227e+00 9.530159e-01 4.585767e-07
4.000000e+00 1.000000e-01 5.643023e-02 -4.411224e+00 9.530156e-01 3.048155e-07
4.050000e+00 1.000000e-01 5.643022e-02 -4.411222e+00 9.530154e-01 2.021410e-07
4.100000e+00 1.000000e-01 5.643021e-02 -4.411221e+00 9.530153e-01 1.339651e-07
4.150000e+00 1.000000e-01 5.643021e-02 -4.411220e+00 9.530152e-01 8.891934e-08
4.200000e+00 1.000000e-01 5.643020e-02 -4.411219e+00 9.530151e-01 5.927509e-08
4.250000e+00 1.000000e-01 5.643020e-02 -4.411218e+00 9.530151e-01 3.981853e-08
4.300000e+00 1.000000e-01 5.643020e-02 -4.411218e+00 9.530151e-01 2.705898e-08
4.350000e+00 1.000000e-01 5.643020e-02 -4.411218e+00 9.530150e-01 1.867680e-08
4.400000e+00 1.000000e-01 5.643020e-02 -4.411217e+00 9.530150e-01 1.314195e-08
4.450000e+00 1.000000e-01 5.643020e-02 -4.411217e+00 9.530150e-01 9.452664e-09
4.500000e+00 1.000000e-01 5.643020e-02 -4.411217e+00 9.530150e-01 6.957815e-09
4.550000e+00 1.000000e-01 5.643020e-02 -4.411217e+00 9.530150e-01 5.237165e-09
4.600000e+00 1.000000e-01 5.643020e-02 -4.411217e+00 9.530150e-01 4.021221e-09
4.650000e+00 1.000000e-01 5.643020e-02 -4.411217e+00 9.530150e-01 3.138068e-09
4.700000e+00 1.000000e-01 5.643020e-02 -4.411217e+00 9.530150e-01 2.478384e-09
4.750000e+00 1.000000e-01 5.643020e-02 -4.411217e+00 9.530150e-01 1.972624e-09
4.800000e+00 1.000000e-01 5.643020e-02 -4.411217e+00 9.530150e-01 1.576295e-09
4.850000e+00 1.000000e-01 5.643020e-02 -4.411217e+00 9.530150e-01 1.260544e-09
4.900000e+00 1.000000e-01 5.643020e-02 -4.411217e+00 9.530150e-01 1.006223e-09
4.950000e+00 1.000000e-01 5.643020e-02 -4.411217e+00 9.530150e-01 8.001811e-10
5.000000e+00 1.000000e-01 5.643020e-02 -4.411217e+00 9.530150e-01 6.329973e-10
5.050000e+00 1.000000e-01 5.643020e-02 -4.411217e+00 9.530150e-01 4.976000e-10
5.100000e+00 1.000000e-01 5.643020e-02 -4.411217e+00 9.530150e-01 3.884491e-10
5.150000e+00 1.000000e-01 5.643020e-02 -4.411217e+00 9.530150e-01 3.010550e-10
5.200000e+00 1.000000e-01 5.643020e-02 -4.411217e+00 9.530150e-01 2.316971e-10
5.250000e+00 1.000000e-01 5.643020e-02 -4.411217e+00 9.530150e-01 1.772592e-10
5.300000e+00 1.000000e-01 5.643020e-02 -4.411217e+00 9.530150e-01 1.351328e-10
5.350000e+00 1.000000e-01 5.643020e-02 -4.411217e+00 9.530150e-01 1.031526e-10
5.400000e+00 1.000000e-01 5.643020e-02 -4.411217e+00 9.530150e-01 7.955546e-11
5.450000e+00 1.000000e-01 5.643020e-02 -4.411217e+00 9.530150e-01 6.294978e-11
5.500000e+00 1.000000e-01 5.643020e-02 -4.411217e+00 9.530150e-01 5.229102e-11
5.550000e+00 1.000000e-01 5.643020e-02 -4.411217e+00 9.530150e-01 4.686772e-11
5.600000e+00 1.000000e-01 5.643020e-02 -4.411217e+00 9.530150e-01 4.629491e-11
5.650000e+00 1.000000e-01 5.643020e-02 -4.411217e+00 9.530150e-01 5.051549e-11
5.700000e+00 1.000000e-01 5.643020e-02 -4.411217e+00 9.530150e-01 5.981667e-11
5.750000e+00 1.000000e-01 5.643020e-02 -4.411217e+00 9.530150e-01 7.486435e-11
5.800000e+00 1.000000e-01 5.643020e-02 -4.411217e+00 9.530150e-01 9.675497e-11
5.850000e+00 1.000000e-01 5.643020e-02 -4.411217e+00 9.530150e-01 1.270936e-10
5.900000e+00 1.000000e-01 5.643020e-02 -4.411217e+00 9.530150e-01 1.681066e-10
5.950000e+00 1.000000e-01 5.643020e-02 -4.411217e+00 9.530150e-01 2.227914e-10
6.000000e+00 1.000000e-01 5.643020e-02 -4.411217e+00 9.530150e-01 2.951199e-10
6.050000e+00 1.000000e-01 5.643020e-02 -4.411217e+00 9.530150e-01 3.903081e-10
6.100000e+00 1.000000e-01 5.643020e-02 -4.411217e+00 9.530150e-01 5.151678e-10
6.150000e+00 1.000000e-01 5.643020e-02 -4.411217e+00 9.530150e-01 6.785640e-10
6.200000e+00 1.000000e-01 5.643020e-02 -4.411217e+00 9.530150e-01 8.920153e-10
6.250000e+00 1.000000e-01 5.643020e-02 -4.411217e+00 9.530150e-01 1.170468e-09
6.300000e+00 1.000000e-01 5.643020e-02 -4.411217e+00 9.530150e-01 1.533301e-09
6.350000e+00 1.000000e-01 5.643020e-02 -4.411217e+00 9.530150e-01 2.005623e-09
6.400000e+00 1.000000e-01 5.643019e-02 -4.411217e+00 9.530150e-01 2.619959e-09
6.450000e+00 1.000000e-01 5.643019e-02 -4.411217e+00 9.530150e-01 3.418421e-09
6.500000e+00 1.000000e-01 5.643019e-02 -4.411217e+00 9.530150e-01 4.455522e-09
6.550000e+00 1.000000e-01 5.643019e-02 -4.411217e+00 9.530150e-01 5.801782e-09
6.600000e+00 1.000000e-01 5.643019e-02 -4.411217e+00 9.530150e-01 7.548511e-09
6.650000e+00 1.000000e-01 5.643019e-02 -4.411217e+00 9.530150e-01 9.813556e-09
6.700000e+00 1.000000e-01 5.643019e-02 -4.411217e+00 9.530150e-01 1.275016e-08
6.750000e+00 1.000000e-01 5.643019e-02 -4.411217e+00 9.530150e-01 1.655362e-08
6.800000e+00 1.000000e-01 5.643019e-02 -4.411217e+00 9.530150e-01 2.148546e-08
6.850000e+00 1.000000e-01 5.643019e-02 -4.411217e+00 9.530149e-01 2.785514e-08
6.900000e+00 1.000000e-01 5.643019e-02 -4.411217e+00 9.530149e-01 3.614964e-08
6.950000e+00 1.000000e-01 5.643019e-02 -4.411218e+00 9.530149e-01 4.673908e-08
7.000000e+00 1.000000e-01 5.643018e-02 -4.411218e+00 9.530149e-01 6.085011e-08
7.050000e+00 1.000000e-01 5.643018e-02 -4.411218e+00 9.530149e-01 7.796396e-08
7.100000e+00 1.000000e-01 5.643018e-02 -4.411218e+00 9.530148e-01 1.031466e-07
7.150000e+00 1.000000e-01 5.643017e-02 -4.411219e+00 9.530148e-01 1.277601e-07
7.200000e+00 1.000000e-01 5.643016e-02 -4.411219e+00 9.530148e-01 1.795834e-07
7.250000e+00 1.000000e-01 5.643015e-02 -4.411222e+00 9.530146e-01 1.977919e-07
7.300000e+00 1.000000e-01 5.643014e-02 -4.411218e+00 9.530147e-01 3.361023e-07
7.350000e+00 1.000000e-01 5.643012e-02 -4.411231e+00 9.530142e-01 2.540959e-07
7.400000e+00 1.000000e-01 5.643012e-02 -4.411206e+00 9.530148e-01 7.183381e-07
7.450000e+00 1.000000e-01 5.643005e-02 -4.411267e+00 9.530131e-01 1.188467e-07
7.500000e+00 1.000000e-01 5.643011e-02 -4.411146e+00 9.530159e-01 1.763806e-06
7.550000e+00 1.000000e-01 5.642987e-02 -4.411403e+00 9.530096e-01 -7.835918e-07
7.600000e+00 1.000000e-01 5.643018e-02 -4.410912e+00 9.530204e-01 4.535682e-06
7.650000e+00 1.000000e-01 5.642942e-02 -4.411848e+00 9.529994e-01 -3.683572e-06
7.700000e+00 1.000000e-01 5.643055e-02 -4.410189e+00 9.530340e-01 1.074248e-05
7.750000e+00 1.000000e-01 5.642834e-02 -4.413051e+00 9.529753e-01 -9.769435e-06
7.800000e+00 1.000000e-01 5.643153e-02 -4.408431e+00 9.530633e-01 2.095616e-05
7.850000e+00 1.000000e-01 5.642625e-02 -4.415575e+00 9.529325e-01 -1.682815e-05
7.900000e+00 1.000000e-01 5.643321e-02 -4.405269e+00 9.531051e-01 3.014488e-05
7.950000e+00 1.000000e-01 5.642323e-02 -4.419332e+00 9.528843e-01 -1.494190e-05
8.000000e+00 1.000000e-01 5.643471e-02 -4.401613e+00 9.531306e-01 2.697950e-05
8.050000e+00 1.000000e-01 5.642053e-02 -4.422436e+00 9.528680e-01 6.875139e-06
8.100000e+00 1.000000e-01 5.643402e-02 -4.400205e+00 9.531015e-01 1.116165e-05
8.150000e+00 1.000000e-01 5.641942e-02 -4.422114e+00 9.528956e-01 3.576384e-05
8.200000e+00 1.000000e-01 5.643044e-02 -4.402637e+00 9.530458e-01 1.558716e-05
8.250000e+00 1.000000e-01 5.641786e-02 -4.419479e+00 9.528815e-01 3.580096e-05
8.300000e+00 1.000000e-01 5.642686e-02 -4.404660e+00 9.530680e-01 6.685974e-05
8.350000e+00 1.000000e-01 5.641117e-02 -4.420949e+00 9.527446e-01 2.554596e-05
8.400000e+00 1.000000e-01 5.642431e-02 -4.401102e+00 9.531360e-01 1.093245e-04
8.450000e+00 1.000000e-01 5.640024e-02 -4.426967e+00 9.526246e-01 9.052697e-05
8.500000e+00 1.000000e-01 5.641526e-02 -4.398462e+00 9.530325e-01 1.098546e-04
8.550000e+00 1.000000e-01 5.638926e-02 -4.427419e+00 9.526213e-01 1.940561e-04
8.600000e+00 1.000000e-01 5.639585e-02 -4.404189e+00 9.528436e-01 2.065068e-04
8.650000e+00 1.000000e-01 5.636861e-02 -4.425203e+00 9.524077e-01 2.413638e-04
8.700000e+00 1.000000e-01 5.637171e-02 -4.406216e+00 9.528098e-01 4.061024e-04
8.750000e+00 1.000000e-01 5.632799e-02 -4.433923e+00 9.519750e-01 4.245969e-04
8.800000e+00 1.000000e-01 5.632925e-02 -4.403730e+00 9.524942e-01 5.640271e-04
8.850000e+00 1.000000e-01 5.627159e-02 -4.440577e+00 9.516656e-01 7.929173e-04
8.900000e+00 1.000000e-01 5.624996e-02 -4.415321e+00 9.518184e-01 9.586173e-04
8.950000e+00 1.000000e-01 5.617573e-02 -4.443173e+00 9.508620e-01 1.192574e-03
9.000000e+00 1.000000e-01 5.613070e-02 -4.426630e+00 9.511298e-01 1.650386e-03
9.050000e+00 1.000000e-01 5.601069e-02 -4.463287e+00 9.494953e-01 2.048205e-03
9.100000e+00 1.000000e-01 5.592588e-02 -4.440174e+00 9.495242e-01 2.585130e-03
9.150000e+00 1.000000e-01 5.575218e-02 -4.484496e+00 9.476655e-01 3.395244e-03
9.200000e+00 1.000000e-01 5.558636e-02 -4.477660e+00 9.470123e-01 4.374565e-03
9.250000e+00 1.000000e-01 5.531472e-02 -4.520297e+00 9.441295e-01 5.504899e-03
9.300000e+00 1.000000e-01 5.503587e-02 -4.525358e+00 9.429678e-01 7.099065e-03
9.350000e+00 1.000000e-01 5.460482e-02 -4.588011e+00 9.387323e-01 9.129811e-03
9.400000e+00 1.000000e-01 5.412289e-02 -4.612293e+00 9.358783e-01 1.162396e-02
9.450000e+00 1.000000e-01 5.344242e-02 -4.689174e+00 9.295236e-01 1.475955e-02
9.500000e+00 1.000000e-01 5.264693e-02 -4.753755e+00 9.244269e-01 1.882107e-02
9.550000e+00 1.000000e-01 5.156031e-02 -4.866702e+00 9.142895e-01 2.383120e-02
9.600000e+00 1.000000e-01 5.026381e-02 -4.982858e+00 9.048758e-01 3.001599e-02
9.650000e+00 1.000000e-01 4.855871e-02 -5.152313e+00 8.886518e-01 3.745280e-02
9.700000e+00 1.000000e-01 4.651853e-02 -5.354001e+00 8.721205e-01 4.639946e-02
9.750000e+00 1.000000e-01 4.391877e-02 -5.614536e+00 8.452666e-01 5.632434e-02
9.800000e+00 1.000000e-01 4.088610e-02 -5.919378e+00 8.162709e-01 6.679502e-02
9.850000e+00 1.000000e-01 3.723926e-02 -6.299808e+00 7.711660e-01 7.485801e-02
9.900000e+00 1.000000e-01 3.340030e-02 -6.645984e+00 7.207702e-01 7.591864e-02
9.950000e+00 1.000000e-01 2.964740e-02 -7.050856e+00 6.419365e-01 5.440299e-02
1.000000e+01 1.000000e-01 2.796000e-02 -6.998876e+00 0.000000e+00 0.000000e+00
0.000000e+00 1.200000e-01 3.969600e-02 -4.560000e+00 0.000000e+00 0.000000e+00
5.000000e-02 1.200000e-01 3.967132e-02 -4.560240e+00 6.320352e-01 4.698595e-04
1.000000e-01 1.200000e-01 3.964901e-02 -4.560491e+00 6.317657e-01 4.386370e-04
1.500000e-01 1.200000e-01 3.962746e-02 -4.560635e+00 6.315343e-01 4.482260e-04
2.000000e-01 1.200000e-01 3.960419e-02 -4.560562e+00 6.312305e-01 4.413018e-04
2.500000e-01 1.200000e-01 3.958333e-02 -4.560292e+00 6.309232e-01 3.148373e-04
3.000000e-01 1.200000e-01 3.957271e-02 -4.559948e+00 6.308075e-01 1.128657e-04
3.500000e-01 1.200000e-01 3.957204e-02 -4.559579e+00 6.308715e-01 -4.983128e-06
4.000000e-01 1.200000e-01 3.957321e-02 -4.559081e+00 6.308801e-01 -2.887411e-05
4.500000e-01 1.200000e-01 3.957493e-02 -4.558383e+00 6.307848e-01 -1.355185e-04
5.000000e-01 1.200000e-01 3.958676e-02 -4.557580e+00 6.308547e-01 -3.876250e-04
5.500000e-01 1.200000e-01 3.961369e-02 -4.556800e+00 6.312750e-01 -5.953871e-04
6.000000e-01 1.200000e-01 3.964630e-02 -4.556136e+00 6.318681e-01 -5.953641e-04
6.500000e-01 1.200000e-01 3.967323e-02 -4.555906e+00 6.323956e-01 -5.136452e-04
7.000000e-01 1.200000e-01 3.969766e-02 -4.556829e+00 6.329476e-01 -6.029964e-04
7.500000e-01 1.200000e-01 3.973353e-02 -4.559533e+00 6.338170e-01 -9.075608e-04
8.000000e-01 1.200000e-01 3.978842e-02 -4.563655e+00 6.350534e-01 -1.251892e-03
8.500000e-01 1.200000e-01 3.985872e-02 -4.567438e+00 6.363505e-01 -1.566653e-03
9.000000e-01 1.200000e-01 3.994508e-02 -4.568363e+00 6.374827e-01 -2.047127e-03
9.500000e-01 1.200000e-01 4.006343e-02 -4.564122e+00 6.386288e-01 -2.885575e-03
1.000000e+00 1.200000e-01 4.023364e-02 -4.552882e+00 6.401119e-01 -3.973215e-03
1.050000e+00 1.200000e-01 4.046075e-02 -4.532912e+00 6.419171e-01 -5.041558e-03
1.100000e+00 1.200000e-01 4.073780e-02 -4.502785e+00 6.437811e-01 -6.032386e-03
1.150000e+00 1.200000e-01 4.106399e-02 -4.462424e+00 6.456751e-01 -7.112746e-03
1.200000e+00 1.200000e-01 4.144907e-02 -4.413483e+00 6.478897e-01 -8.345856e-03
1.250000e+00 1.200000e-01 4.189858e-02 -4.357875e+00 6.506028e-01 -9.569454e-03
1.300000e+00 1.200000e-01 4.240602e-02 -4.295769e+00 6.536563e-01 -1.065570e-02
1.350000e+00 1.200000e-01 4.296415e-02 -4.225729e+00 6.568861e-01 -1.168946e-02
1.400000e+00 1.200000e-01 4.357496e-02 -4.147397e+00 6.604041e-01 -1.279192e-02
1.450000e+00 1.200000e-01 4.424334e-02 -4.063707e+00 6.644149e-01 -1.392316e-02
1.500000e+00 1.200000e-01 4.496728e-02 -3.979358e+00 6.689203e-01 -1.497526e-02
1.550000e+00 1.200000e-01 4.574087e-02 -3.896117e+00 6.737739e-01 -1.595661e-02
1.600000e+00 1.200000e-01 4.656294e-02 -3.809639e+00 6.789156e-01 -1.695927e-02
1.650000e+00 1.200000e-01 4.743679e-02 -3.712053e+00 6.844089e-01 -1.800197e-02
1.700000e+00 1.200000e-01 4.836314e-02 -3.599280e+00 6.903225e-01 -1.901544e-02
1.750000e+00 1.200000e-01 4.933834e-02 -3.477063e+00 6.967114e-01 -1.996112e-02
1.800000e+00 1.200000e-01 5.035925e-02 -3.359807e+00 7.036811e-01 -2.087405e-02
1.850000e+00 1.200000e-01 5.142574e-02 -3.262014e+00 7.113231e-01 -2.178921e-02
1.900000e+00 1.200000e-01 5.253817e-02 -3.187962e+00 7.195468e-01 -2.270666e-02
1.950000e+00 1.200000e-01 5.369641e-02 -3.126636e+00 7.280627e-01 -2.365657e-02
2.000000e+00 1.200000e-01 5.490383e-02 -3.055170e+00 7.366068e-01 -2.474014e-02
2.050000e+00 1.200000e-01 5.617042e-02 -2.948564e+00 7.451865e-01 -2.605482e-02
2.100000e+00 1.200000e-01 5.750931e-02 -2.789988e+00 7.541194e-01 -2.759299e-02
2.150000e+00 1.200000e-01 5.892972e-02 -2.576722e+00 7.638986e-01 -2.924692e-02
2.200000e+00 1.200000e-01 6.043400e-02 -2.320101e+00 7.750817e-01 -3.090549e-02
2.250000e+00 1.200000e-01 6.202027e-02 -2.041225e+00 7.882845e-01 -3.250355e-02
2.300000e+00 1.200000e-01 6.368436e-02 -1.765945e+00 8.041717e-01 -3.394362e-02
2.350000e+00 1.200000e-01 6.541463e-02 -1.521546e+00 8.232956e-01 -3.497001e-02
2.400000e+00 1.200000e-01 6.718136e-02 -1.334727e+00 8.457877e-01 -3.515027e-02
2.450000e+00 1.200000e-01 6.892966e-02 -1.228686e+00 8.710772e-01 -3.403106e-02
2.500000e+00 1.200000e-01 7.058446e-02 -1.217991e+00 8.978460e-01 -3.138018e-02
2.550000e+00 1.200000e-01 7.206768e-02 -1.302883e+00 9.243002e-01 -2.734704e-02
2.600000e+00 1.200000e-01 7.331917e-02 -1.466904e+00 9.486449e-01 -2.243418e-02
2.650000e+00 1.200000e-01 7.431109e-02 -1.680684e+00 9.695368e-01 -1.730802e-02
2.700000e+00 1.200000e-01 7.504997e-02 -1.910649e+00 9.863248e-01 -1.257146e-02
2.750000e+00 1.200000e-01 7.556824e-02 -2.128142e+00 9.990302e-01 -8.613877e-03
2.800000e+00 1.200000e-01 7.591136e-02 -2.314841e+00 1.008147e+00 -5.578464e-03
2.850000e+00 1.200000e-01 7.612609e-02 -2.463351e+00 1.014391e+00 -3.416862e-03
2.900000e+00 1.200000e-01 7.625304e-02 -2.574527e+00 1.018502e+00 -1.975244e-03
2.950000e+00 1.200000e-01 7.632361e-02 -2.653834e+00 1.021118e+00 -1.069423e-03
3.000000e+00 1.200000e-01 7.635999e-02 -2.708292e+00 1.022735e+00 -5.316101e-04
3.050000e+00 1.200000e-01 7.637677e-02 -2.744594e+00 1.023710e+00 -2.302818e-04
3.100000e+00 1.200000e-01 7.638301e-02 -2.768248e+00 1.024285e+00 -7.232245e-05
3.150000e+00 1.200000e-01 7.638400e-02 -2.783397e+00 1.024617e+00 3.328650e-06
3.200000e+00 1.200000e-01 7.638268e-02 -2.792972e+00 1.024804e+00 3.431206e-05
3.250000e+00 1.200000e-01 7.638057e-02 -2.798964e+00 1.024906e+00 4.262489e-05
3.300000e+00 1.200000e-01 7.637842e-02 -2.802684e+00 1.024960e+00 4.049145e-05
3.350000e+00 1.200000e-01 7.637652e-02 -2.804978e+00 1.024987e+00 3.435019e-05
3.400000e+00 1.200000e-01 7.637498e-02 -2.806383e+00 1.024999e+00 2.737047e-05
3.450000e+00 1.200000e-01 7.637379e-02 -2.807238e+00 1.025003e+00 2.095647e-05
3.500000e+00 1.200000e-01 7.637289e-02 -2.807754e+00 1.025004e+00 1.560665e-05
3.550000e+00 1.200000e-01 7.637223e-02 -2.808063e+00 1.025002e+00 1.138581e-05
3.600000e+00 1.200000e-01 7.637175e-02 -2.808246e+00 1.025001e+00 8.174150e-06
3.650000e+00 1.200000e-01 7.637141e-02 -2.808353e+00 1.024999e+00 5.792288e-06
3.700000e+00 1.200000e-01 7.637117e-02 -2.808414e+00 1.024997e+00 4.059709e-06
3.750000e+00 1.200000e-01 7.637100e-02 -2.808449e+00 1.024996e+00 2.818637e-06
3.800000e+00 1.200000e-01 7.637089e-02 -2.808467e+00 1.024995e+00 1.940860e-06
3.850000e+00 1.200000e-01 7.637081e-02 -2.808477e+00 1.024994e+00 1.326733e-06
3.900000e+00 1.200000e-01 7.637076e-02 -2.808482e+00 1.024994e+00 9.011387e-07
3.950000e+00 1.200000e-01 7.637072e-02 -2.808484e+00 1.024994e+00 6.087049e-07
4.000000e+00 1.200000e-01 7.637069e-02 -2.808485e+00 1.024993e+00 4.093176e-07
4.050000e+00 1.200000e-01 7.637068e-02 -2.808485e+00 1.024993e+00 2.743278e-07
4.100000e+00 1.200000e-01 7.637067e-02 -2.808485e+00 1.024993e+00 1.835202e-07
4.150000e+00 1.200000e-01 7.637066e-02 -2.808485e+00 1.024993e+00 1.227809e-07
4.200000e+00 1.200000e-01 7.637065e-02 -2.808484e+00 1.024993e+00 8.234896e-08
4.250000e+00 1.200000e-01 7.637065e-02 -2.808484e+00 1.024993e+00 5.553392e-08
4.300000e+00 1.200000e-01 7.637065e-02 -2.808484e+00 1.024993e+00 3.778777e-08
4.350000e+00 1.200000e-01 7.637065e-02 -2.808484e+00 1.024993e+00 2.604377e-08
4.400000e+00 1.200000e-01 7.637065e-02 -2.808484e+00 1.024993e+00 1.825012e-08
4.450000e+00 1.200000e-01 7.637065e-02 -2.808484e+00 1.024993e+00 1.304465e-08
4.500000e+00 1.200000e-01 7.637065e-02 -2.808484e+00 1.024993e+00 9.529843e-09
4.550000e+00 1.200000e-01 7.637064e-02 -2.808484e+00 1.024993e+00 7.118655e-09
4.600000e+00 1.200000e-01 7.637064e-02 -2.808484e+00 1.024993e+00 5.429808e-09
4.650000e+00 1.200000e-01 7.637064e-02 -2.808484e+00 1.024993e+00 4.217176e-09
4.700000e+00 1.200000e-01 7.637064e-02 -2.808484e+00 1.024993e+00 3.322640e-09
4.750000e+00 1.200000e-01 7.637064e-02 -2.808484e+00 1.024993e+00 2.644852e-09
4.800000e+00 1.200000e-01 7.637064e-02 -2.808484e+00 1.024993e+00 2.118752e-09
4.850000e+00 1.200000e-01 7.637064e-02 -2.808484e+00 1.024993e+00 1.702267e-09
4.900000e+00 1.200000e-01 7.637064e-02 -2.808484e+00 1.024993e+00 1.367762e-09
4.950000e+00 1.200000e-01 7.637064e-02 -2.808484e+00 1.024993e+00 1.096619e-09
5.000000e+00 1.200000e-01 7.637064e-02 -2.808484e+00 1.024993e+00 8.758444e-10
5.050000e+00 1.200000e-01 7.637064e-02 -2.808484e+00 1.024993e+00 6.959715e-10
5.100000e+00 1.200000e-01 7.637064e-02 -2.808484e+00 1.024993e+00 5.497877e-10
5.150000e+00 1.200000e-01 7.637064e-02 -2.808484e+00 1.024993e+00 4.315766e-10
5.200000e+00 1.200000e-01 7.637064e-02 -2.808484e+00 1.024993e+00 3.366644e-10
5.250000e+00 1.200000e-01 7.637064e-02 -2.808484e+00 1.024993e+00 2.611594e-10
5.300000e+00 1.200000e-01 7.637064e-02 -2.808484e+00 1.024993e+00 2.017989e-10
5.350000e+00 1.200000e-01 7.637064e-02 -2.808484e+00 1.024993e+00 1.558545e-10
5.400000e+00 1.200000e-01 7.637064e-02 -2.808484e+00 1.024993e+00 1.210765e-10
5.450000e+00 1.200000e-01 7.637064e-02 -2.808484e+00 1.024993e+00 9.565487e-11
5.500000e+00 1.200000e-01 7.637064e-02 -2.808484e+00 1.024993e+00 7.819065e-11
5.550000e+00 1.200000e-01 7.637064e-02 -2.808484e+00 1.024993e+00 6.768086e-11
5.600000e+00 1.200000e-01 7.637064e-02 -2.808484e+00 1.024993e+00 6.351281e-11
5.650000e+00 1.200000e-01 7.637064e-02 -2.808484e+00 1.024993e+00 6.546527e-11
5.700000e+00 1.200000e-01 7.637064e-02 -2.808484e+00 1.024993e+00 7.372575e-11
5.750000e+00 1.200000e-01 7.637064e-02 -2.808484e+00 1.024993e+00 8.892873e-11
5.800000e+00 1.200000e-01 7.637064e-02 -2.808484e+00 1.024993e+00 1.122137e-10
5.850000e+00 1.200000e-01 7.637064e-02 -2.808484e+00 1.024993e+00 1.453102e-10
5.900000e+00 1.200000e-01 7.637064e-02 -2.808484e+00 1.024993e+00 1.906629e-10
5.950000e+00 1.200000e-01 7.637064e-02 -2.808484e+00 1.024993e+00 2.516005e-10
6.000000e+00 1.200000e-01 7.637064e-02 -2.808484e+00 1.024993e+00 3.325615e-10
6.050000e+00 1.200000e-01 7.637064e-02 -2.808484e+00 1.024993e+00 4.393980e-10
6.100000e+00 1.200000e-01 7.637064e-02 -2.808484e+00 1.024993e+00 5.797694e-10
6.150000e+00 1.200000e-01 7.637064e-02 -2.808484e+00 1.024993e+00 7.636589e-10
6.200000e+00 1.200000e-01 7.637064e-02 -2.808484e+00 1.024993e+00 1.004049e-09
6.250000e+00 1.200000e-01 7.637064e-02 -2.808484e+00 1.024993e+00 1.317796e-09
6.300000e+00 1.200000e-01 7.637064e-02 -2.808484e+00 1.024993e+00 1.726754e-09
6.350000e+00 1.200000e-01 7.637064e-02 -2.808484e+00 1.024993e+00 2.259256e-09
6.400000e+00 1.200000e-01 7.637064e-02 -2.808484e+00 1.024993e+00 2.951999e-09
6.450000e+00 1.200000e-01 7.637064e-02 -2.808484e+00 1.024993e+00 3.852495e-09
6.500000e+00 1.200000e-01 7.637064e-02 -2.808484e+00 1.024993e+00 5.022262e-09
6.550000e+00 1.200000e-01 7.637064e-02 -2.808484e+00 1.024993e+00 6.540859e-09
6.600000e+00 1.200000e-01 7.637064e-02 -2.808484e+00 1.024993e+00 8.511366e-09
6.650000e+00 1.200000e-01 7.637064e-02 -2.808484e+00 1.024993e+00 1.106658e-08
6.700000e+00 1.200000e-01 7.637064e-02 -2.808484e+00 1.024993e+00 1.437998e-08
6.750000e+00 1.200000e-01 7.637064e-02 -2.808484e+00 1.024993e+00 1.867008e-08
6.800000e+00 1.200000e-01 7.637064e-02 -2.808484e+00 1.024993e+00 2.423771e-08
6.850000e+00 1.200000e-01 7.637064e-02 -2.808484e+00 1.024993e+00 3.141440e-08
6.900000e+00 1.200000e-01 7.637064e-02 -2.808484e+00 1.024993e+00 4.080187e-08
6.950000e+00 1.200000e-01 7.637063e-02 -2.808484e+00 1.024993e+00 5.266646e-08
7.000000e+00 1.200000e-01 7.637063e-02 -2.808484e+00 1.024993e+00 6.881625e-08
7.050000e+00 1.200000e-01 7.637063e-02 -2.808485e+00 1.024993e+00 8.751057e-08
7.100000e+00 1.200000e-01 7.637062e-02 -2.808485e+00 1.024992e+00 1.175147e-07
7.150000e+00 1.200000e-01 7.637061e-02 -2.808486e+00 1.024992e+00 1.412821e-07
7.200000e+00 1.200000e-01 7.637061e-02 -2.808484e+00 1.024992e+00 2.094573e-07
7.250000e+00 1.200000e-01 7.637059e-02 -2.808491e+00 1.024992e+00 2.072485e-07
7.300000e+00 1.200000e-01 7.637059e-02 -2.808478e+00 1.024992e+00 4.146306e-07
7.350000e+00 1.200000e-01 7.637055e-02 -2.808510e+00 1.024992e+00 2.105994e-07
7.400000e+00 1.200000e-01 7.637057e-02 -2.808442e+00 1.024993e+00 9.667262e-07
7.450000e+00 1.200000e-01 7.637046e-02 -2.808593e+00 1.024991e+00 -1.734542e-07
7.500000e+00 1.200000e-01 7.637058e-02 -2.808289e+00 1.024994e+00 2.566046e-06
7.550000e+00 1.200000e-01 7.637020e-02 -2.808898e+00 1.024986e+00 -1.909831e-06
7.600000e+00 1.200000e-01 7.637077e-02 -2.807752e+00 1.025000e+00 6.840980e-06
7.650000e+00 1.200000e-01 7.636951e-02 -2.809842e+00 1.024975e+00 -6.876842e-06
7.700000e+00 1.200000e-01 7.637146e-02 -2.806244e+00 1.025017e+00 1.611120e-05
7.750000e+00 1.200000e-01 7.636790e-02 -2.812178e+00 1.024948e+00 -1.640084e-05
7.800000e+00 1.200000e-01 7.637310e-02 -2.802963e+00 1.025051e+00 3.015189e-05
7.850000e+00 1.200000e-01 7.636489e-02 -2.816527e+00 1.024903e+00 -2.580613e-05
7.900000e+00 1.200000e-01 7.637568e-02 -2.797878e+00 1.025094e+00 3.965827e-05
7.950000e+00 1.200000e-01 7.636092e-02 -2.821882e+00 1.024860e+00 -1.948287e-05
8.000000e+00 1.200000e-01 7.637763e-02 -2.793396e+00 1.025111e+00 2.849782e-05
8.050000e+00 1.200000e-01 7.635807e-02 -2.824596e+00 1.024860e+00 1.428067e-05
8.100000e+00 1.200000e-01 7.637620e-02 -2.793539e+00 1.025072e+00 3.925043e-06
8.150000e+00 1.200000e-01 7.635768e-02 -2.822100e+00 1.024896e+00 4.606479e-05
8.200000e+00 1.200000e-01 7.637160e-02 -2.797410e+00 1.025032e+00 2.055919e-05
8.250000e+00 1.200000e-01 7.635562e-02 -2.820046e+00 1.024857e+00 2.566691e-05
8.300000e+00 1.200000e-01 7.636903e-02 -2.795924e+00 1.025104e+00 9.825818e-05
8.350000e+00 1.200000e-01 7.634580e-02 -2.826892e+00 1.024696e+00 8.168249e-06
8.400000e+00 1.200000e-01 7.636821e-02 -2.787273e+00 1.025189e+00 1.294176e-04
8.450000e+00 1.200000e-01 7.633286e-02 -2.834473e+00 1.024626e+00 1.146586e-04
8.500000e+00 1.200000e-01 7.635675e-02 -2.787171e+00 1.025055e+00 1.028092e-04
8.550000e+00 1.200000e-01 7.632258e-02 -2.829890e+00 1.024678e+00 2.269121e-04
8.600000e+00 1.200000e-01 7.633406e-02 -2.794896e+00 1.024933e+00 2.527146e-04
8.650000e+00 1.200000e-01 7.629730e-02 -2.831147e+00 1.024425e+00 2.316931e-04
8.700000e+00 1.200000e-01 7.631089e-02 -2.787970e+00 1.025037e+00 4.882965e-04
8.750000e+00 1.200000e-01 7.624847e-02 -2.846297e+00 1.024063e+00 4.836504e-04
8.800000e+00 1.200000e-01 7.626252e-02 -2.784921e+00 1.024744e+00 6.031734e-04
8.850000e+00 1.200000e-01 7.618816e-02 -2.845739e+00 1.023954e+00 9.116309e-04
8.900000e+00 1.200000e-01 7.617136e-02 -2.799647e+00 1.024254e+00 1.109449e-03
8.950000e+00 1.200000e-01 7.607721e-02 -2.851171e+00 1.023227e+00 1.287255e-03
9.000000e+00 1.200000e-01 7.604263e-02 -2.798261e+00 1.023953e+00 1.889644e-03
9.050000e+00 1.200000e-01 7.588825e-02 -2.875621e+00 1.022217e+00 2.332450e-03
9.100000e+00 1.200000e-01 7.580939e-02 -2.810917e+00 1.022680e+00 2.884304e-03
9.150000e+00 1.200000e-01 7.559982e-02 -2.886857e+00 1.020994e+00 3.809467e-03
9.200000e+00 1.200000e-01 7.542844e-02 -2.841334e+00 1.021032e+00 4.999988e-03
9.250000e+00 1.200000e-01 7.509982e-02 -2.925389e+00 1.018229e+00 6.179499e-03
9.300000e+00 1.200000e-01 7.481049e-02 -2.871737e+00 1.018222e+00 8.007059e-03
9.350000e+00 1.200000e-01 7.429911e-02 -2.982480e+00 1.014478e+00 1.033830e-02
9.400000e+00 1.200000e-01 7.377666e-02 -2.945645e+00 1.013127e+00 1.321151e-02
9.450000e+00 1.200000e-01 7.297796e-02 -3.070463e+00 1.007654e+00 1.669080e-02
9.500000e+00 1.200000e-01 7.210758e-02 -3.054743e+00 1.005079e+00 2.143669e-02
9.550000e+00 1.200000e-01 7.083429e-02 -3.229554e+00 9.965736e-01 2.718897e-02
9.600000e+00 1.200000e-01 6.938868e-02 -3.244103e+00 9.907879e-01 3.446996e-02
9.650000e+00 1.200000e-01 6.738730e-02 -3.487324e+00 9.774403e-01 4.313811e-02
9.700000e+00 1.200000e-01 6.507487e-02 -3.557620e+00 9.664118e-01 5.407092e-02
9.750000e+00 1.200000e-01 6.198021e-02 -3.931787e+00 9.440604e-01 6.631600e-02
9.800000e+00 1.200000e-01 5.844327e-02 -4.068064e+00 9.223121e-01 8.043098e-02
9.850000e+00 1.200000e-01 5.393711e-02 -4.661385e+00 8.826031e-01 9.305805e-02
9.900000e+00 1.200000e-01 4.913747e-02 -4.829610e+00 8.375018e-01 1.020591e-01
9.950000e+00 1.200000e-01 4.373120e-02 -5.705273e+00 7.557274e-01 9.441467e-02
1.000000e+01 1.200000e-01 3.969600e-02 -5.572920e+00 0.000000e+00 0.000000e+00
0.000000e+00 1.400000e-01 5.325600e-02 -4.320000e+00 0.000000e+00 0.000000e+00
5.000000e-02 1.400000e-01 5.322388e-02 -4.320274e+00 7.208119e-01 5.963921e-04
1.000000e-01 1.400000e-01 5.319636e-02 -4.320614e+00 7.205670e-01 5.347846e-04
1.500000e-01 1.400000e-01 5.317040e-02 -4.320868e+00 7.203703e-01 5.565142e-04
2.000000e-01 1.400000e-01 5.314071e-02 -4.320923e+00 7.200264e-01 5.738036e-04
2.500000e-01 1.400000e-01 5.311302e-02 -4.320784e+00 7.196329e-01 4.066656e-04
3.000000e-01 1.400000e-01 5.310004e-02 -4.320531e+00 7.195149e-01 1.178598e-04
3.500000e-01 1.400000e-01 5.310124e-02 -4.320255e+00 7.196613e-01 -2.524271e-05
4.000000e-01 1.400000e-01 5.310257e-02 -4.319891e+00 7.196761e-01 -2.455847e-06
4.500000e-01 1.400000e-01 5.310148e-02 -4.319251e+00 7.194641e-01 -1.158424e-04
5.000000e-01 1.400000e-01 5.311415e-02 -4.318322e+00 7.194589e-01 -4.861641e-04
5.500000e-01 1.400000e-01 5.315010e-02 -4.317395e+00 7.199569e-01 -8.118591e-04
6.000000e-01 1.400000e-01 5.319534e-02 -4.316687e+00 7.206513e-01 -8.242889e-04
6.500000e-01 1.400000e-01 5.323253e-02 -4.315928e+00 7.211341e-01 -7.175642e-04
7.000000e-01 1.400000e-01 5.326709e-02 -4.314775e+00 7.215432e-01 -8.779289e-04
7.500000e-01 1.400000e-01 5.332032e-02 -4.313642e+00 7.223651e-01 -1.339632e-03
8.000000e-01 1.400000e-01 5.340106e-02 -4.313427e+00 7.237025e-01 -1.776384e-03
8.500000e-01 1.400000e-01 5.349796e-02 -4.313830e+00 7.250566e-01 -2.047239e-03
9.000000e-01 1.400000e-01 5.360578e-02 -4.312514e+00 7.260312e-01 -2.465233e-03
9.500000e-01 1.400000e-01 5.374448e-02 -4.306924e+00 7.268766e-01 -3.357431e-03
1.000000e+00 1.400000e-01 5.394152e-02 -4.296603e+00 7.280948e-01 -4.565863e-03
1.050000e+00 1.400000e-01 5.420107e-02 -4.282291e+00 7.296259e-01 -5.676250e-03
1.100000e+00 1.400000e-01 5.450915e-02 -4.262523e+00 7.309767e-01 -6.630527e-03
1.150000e+00 1.400000e-01 5.486412e-02 -4.233150e+00 7.320355e-01 -7.739222e-03
1.200000e+00 1.400000e-01 5.528307e-02 -4.192107e+00 7.332632e-01 -9.119448e-03
1.250000e+00 1.400000e-01 5.577607e-02 -4.143570e+00 7.349929e-01 -1.049424e-02
1.300000e+00 1.400000e-01 5.633249e-02 -4.094370e+00 7.370032e-01 -1.164679e-02
1.350000e+00 1.400000e-01 5.694075e-02 -4.045001e+00 7.389907e-01 -1.273104e-02
1.400000e+00 1.400000e-01 5.760560e-02 -3.986726e+00 7.410396e-01 -1.396780e-02
1.450000e+00 1.400000e-01 5.833753e-02 -3.910993e+00 7.434310e-01 -1.529632e-02
1.500000e+00 1.400000e-01 5.913523e-02 -3.822020e+00 7.462600e-01 -1.651787e-02
1.550000e+00 1.400000e-01 5.998931e-02 -3.736826e+00 7.494767e-01 -1.761095e-02
1.600000e+00 1.400000e-01 6.089633e-02 -3.669174e+00 7.530706e-01 -1.870524e-02
1.650000e+00 1.400000e-01 6.185984e-02 -3.612716e+00 7.569791e-01 -1.985256e-02
1.700000e+00 1.400000e-01 6.288158e-02 -3.541840e+00 7.609824e-01 -2.100397e-02
1.750000e+00 1.400000e-01 6.396023e-02 -3.432340e+00 7.649614e-01 -2.216057e-02
1.800000e+00 1.400000e-01 6.509764e-02 -3.284558e+00 7.692357e-01 -2.338129e-02
1.850000e+00 1.400000e-01 6.629836e-02 -3.128549e+00 7.744222e-01 -2.463647e-02
1.900000e+00 1.400000e-01 6.756129e-02 -3.006488e+00 7.808726e-01 -2.578991e-02
1.950000e+00 1.400000e-01 6.887735e-02 -2.945263e+00 7.883114e-01 -2.678229e-02
2.000000e+00 1.400000e-01 7.023952e-02 -2.938099e+00 7.960327e-01 -2.775983e-02
2.050000e+00 1.400000e-01 7.165334e-02 -2.946379e+00 8.033835e-01 -2.896461e-02
2.100000e+00 1.400000e-01 7.313598e-02 -2.918632e+00 8.100881e-01 -3.053505e-02
2.150000e+00 1.400000e-01 7.470684e-02 -2.813924e+00 8.163101e-01 -3.246013e-02
2.200000e+00 1.400000e-01 7.638199e-02 -2.616737e+00 8.226291e-01 -3.469378e-02
2.250000e+00 1.400000e-01 7.817622e-02 -2.337862e+00 8.300283e-01 -3.722383e-02
2.300000e+00 1.400000e-01 8.010437e-02 -2.005380e+00 8.397991e-01 -3.995980e-02
2.350000e+00 1.400000e-01 8.217220e-02 -1.654336e+00 8.532404e-01 -4.254069e-02
2.400000e+00 1.400000e-01 8.435844e-02 -1.320352e+00 8.711863e-01 -4.428599e-02
2.450000e+00 1.400000e-01 8.660080e-02 -1.036488e+00 8.935772e-01 -4.440453e-02
2.500000e+00 1.400000e-01 8.879889e-02 -8.301164e-01 9.193154e-01 -4.235633e-02
2.550000e+00 1.400000e-01 9.083643e-02 -7.181425e-01 9.465076e-01 -3.813417e-02
2.600000e+00 1.400000e-01 9.261231e-02 -7.022450e-01 9.729876e-01 -3.229000e-02
2.650000e+00 1.400000e-01 9.406543e-02 -7.677481e-01 9.968813e-01 -2.570995e-02
2.700000e+00 1.400000e-01 9.518331e-02 -8.881617e-01 1.016989e+00 -1.929034e-02
2.750000e+00 1.400000e-01 9.599447e-02 -1.033567e+00 1.032886e+00 -1.368665e-02
2.800000e+00 1.400000e-01 9.655197e-02 -1.178594e+00 1.044783e+00 -9.219756e-03
2.850000e+00 1.400000e-01 9.691644e-02 -1.306736e+00 1.053277e+00 -5.919381e-03
2.900000e+00 1.400000e-01 9.714391e-02 -1.410555e+00 1.059103e+00 -3.632971e-03
2.950000e+00 1.400000e-01 9.727974e-02 -1.489369e+00 1.062970e+00 -2.134253e-03
3.000000e+00 1.400000e-01 9.735734e-02 -1.546301e+00 1.065468e+00 -1.198280e-03
3.050000e+00 1.400000e-01 9.739957e-02 -1.585895e+00 1.067046e+00 -6.387591e-04
3.100000e+00 1.400000e-01 9.742121e-02 -1.612652e+00 1.068025e+00 -3.179563e-04
3.150000e+00 1.400000e-01 9.743136e-02 -1.630347e+00 1.068623e+00 -1.418548e-04
3.200000e+00 1.400000e-01 9.743540e-02 -1.641866e+00 1.068984e+00 -5.002826e-05
3.250000e+00 1.400000e-01 9.743637e-02 -1.649276e+00 1.069199e+00 -5.440530e-06
3.300000e+00 1.400000e-01 9.743594e-02 -1.654002e+00 1.069325e+00 1.373296e-05
3.350000e+00 1.400000e-01 9.743499e-02 -1.656996e+00 1.069398e+00 1.991229e-05
3.400000e+00 1.400000e-01 9.743395e-02 -1.658883e+00 1.069439e+00 1.992781e-05
3.450000e+00 1.400000e-01 9.743300e-02 -1.660066e+00 1.069462e+00 1.739376e-05
3.500000e+00 1.400000e-01 9.743221e-02 -1.660806e+00 1.069474e+00 1.412765e-05
3.550000e+00 1.400000e-01 9.743159e-02 -1.661265e+00 1.069480e+00 1.097318e-05
3.600000e+00 1.400000e-01 9.743111e-02 -1.661549e+00 1.069483e+00 8.265164e-06
3.650000e+00 1.400000e-01 9.743076e-02 -1.661724e+00 1.069484e+00 6.085991e-06
3.700000e+00 1.400000e-01 9.743050e-02 -1.661831e+00 1.069485e+00 4.403177e-06
3.750000e+00 1.400000e-01 9.743032e-02 -1.661896e+00 1.069484e+00 3.140649e-06
3.800000e+00 1.400000e-01 9.743019e-02 -1.661935e+00 1.069484e+00 2.213722e-06
3.850000e+00 1.400000e-01 9.743010e-02 -1.661958e+00 1.069484e+00 1.544715e-06
3.900000e+00 1.400000e-01 9.743004e-02 -1.661972e+00 1.069483e+00 1.068593e-06
3.950000e+00 1.400000e-01 9.742999e-02 -1.661980e+00 1.069483e+00 7.337565e-07
4.000000e+00 1.400000e-01 9.742996e-02 -1.661985e+00 1.069483e+00 5.007067e-07
4.050000e+00 1.400000e-01 9.742994e-02 -1.661988e+00 1.069483e+00 3.399801e-07
4.100000e+00 1.400000e-01 9.742993e-02 -1.661989e+00 1.069483e+00 2.300337e-07
4.150000e+00 1.400000e-01 9.742992e-02 -1.661990e+00 1.069483e+00 1.553675e-07
4.200000e+00 1.400000e-01 9.742991e-02 -1.661991e+00 1.069482e+00 1.049798e-07
4.250000e+00 1.400000e-01 9.742991e-02 -1.661991e+00 1.069482e+00 7.115370e-08
4.300000e+00 1.400000e-01 9.742991e-02 -1.661991e+00 1.069482e+00 4.853354e-08
4.350000e+00 1.400000e-01 9.742990e-02 -1.661991e+00 1.069482e+00 3.343851e-08
4.400000e+00 1.400000e-01 9.742990e-02 -1.661991e+00 1.069482e+00 2.336216e-08
4.450000e+00 1.400000e-01 9.742990e-02 -1.661991e+00 1.069482e+00 1.661279e-08
4.500000e+00 1.400000e-01 9.742990e-02 -1.661991e+00 1.069482e+00 1.205829e-08
4.550000e+00 1.400000e-01 9.742990e-02 -1.661991e+00 1.069482e+00 8.947400e-09
4.600000e+00 1.400000e-01 9.742990e-02 -1.661991e+00 1.069482e+00 6.785548e-09
4.650000e+00 1.400000e-01 9.742990e-02 -1.661991e+00 1.069482e+00 5.249620e-09
4.700000e+00 1.400000e-01 9.742990e-02 -1.661991e+00 1.069482e+00 4.129926e-09
4.750000e+00 1.400000e-01 9.742990e-02 -1.661991e+00 1.069482e+00 3.291079e-09
4.800000e+00 1.400000e-01 9.742990e-02 -1.661991e+00 1.069482e+00 2.645878e-09
4.850000e+00 1.400000e-01 9.742990e-02 -1.661991e+00 1.069482e+00 2.138063e-09
4.900000e+00 1.400000e-01 9.742990e-02 -1.661991e+00 1.069482e+00 1.731029e-09
4.950000e+00 1.400000e-01 9.742990e-02 -1.661991e+00 1.069482e+00 1.400555e-09
5.000000e+00 1.400000e-01 9.742990e-02 -1.661991e+00 1.069482e+00 1.130167e-09
5.050000e+00 1.400000e-01 9.742990e-02 -1.661991e+00 1.069482e+00 9.082220e-10
5.100000e+00 1.400000e-01 9.742990e-02 -1.661991e+00 1.069482e+00 7.261160e-10
5.150000e+00 1.400000e-01 9.742990e-02 -1.661991e+00 1.069482e+00 5.771963e-10
5.200000e+00 1.400000e-01 9.742990e-02 -1.661991e+00 1.069482e+00 4.561083e-10
5.250000e+00 1.400000e-01 9.742990e-02 -1.661991e+00 1.069482e+00 3.584212e-10
5.300000e+00 1.400000e-01 9.742990e-02 -1.661991e+00 1.069482e+00 2.804124e-10
5.350000e+00 1.400000e-01 9.742990e-02 -1.661991e+00 1.069482e+00 2.189401e-10
5.400000e+00 1.400000e-01 9.742990e-02 -1.661991e+00 1.069482e+00 1.713758e-10
5.450000e+00 1.400000e-01 9.742990e-02 -1.661991e+00 1.069482e+00 1.355627e-10
5.500000e+00 1.400000e-01 9.742990e-02 -1.661991e+00 1.069482e+00 1.097876e-10
5.550000e+00 1.400000e-01 9.742990e-02 -1.661991e+00 1.069482e+00 9.277093e-11
5.600000e+00 1.400000e-01 9.742990e-02 -1.661991e+00 1.069482e+00 8.366516e-11
5.650000e+00 1.400000e-01 9.742990e-02 -1.661991e+00 1.069482e+00 8.205908e-11
5.700000e+00 1.400000e-01 9.742990e-02 -1.661991e+00 1.069482e+00 8.799947e-11
5.750000e+00 1.400000e-01 9.742990e-02 -1.661991e+00 1.069482e+00 1.020341e-10
5.800000e+00 1.400000e-01 9.742990e-02 -1.661991e+00 1.069482e+00 1.252733e-10
5.850000e+00 1.400000e-01 9.742990e-02 -1.661991e+00 1.069482e+00 1.594815e-10
5.900000e+00 1.400000e-01 9.742990e-02 -1.661991e+00 1.069482e+00 2.072129e-10
5.950000e+00 1.400000e-01 9.742990e-02 -1.661991e+00 1.069482e+00 2.719899e-10
6.000000e+00 1.400000e-01 9.742990e-02 -1.661991e+00 1.069482e+00 3.585453e-10
6.050000e+00 1.400000e-01 9.742990e-02 -1.661991e+00 1.069482e+00 4.731501e-10
6.100000e+00 1.400000e-01 9.742990e-02 -1.661991e+00 1.069482e+00 6.240360e-10
6.150000e+00 1.400000e-01 9.742990e-02 -1.661991e+00 1.069482e+00 8.219497e-10
6.200000e+00 1.400000e-01 9.742990e-02 -1.661991e+00 1.069482e+00 1.080883e-09
6.250000e+00 1.400000e-01 9.742990e-02 -1.661991e+00 1.069482e+00 1.419011e-09
6.300000e+00 1.400000e-01 9.742990e-02 -1.661991e+00 1.069482e+00 1.859913e-09
6.350000e+00 1.400000e-01 9.742990e-02 -1.661991e+00 1.069482e+00 2.434159e-09
6.400000e+00 1.400000e-01 9.742990e-02 -1.661991e+00 1.069482e+00 3.181349e-09
6.450000e+00 1.400000e-01 9.742990e-02 -1.661991e+00 1.069482e+00 4.152758e-09
6.500000e+00 1.400000e-01 9.742990e-02 -1.661991e+00 1.069482e+00 5.414779e-09
6.550000e+00 1.400000e-01 9.742990e-02 -1.661991e+00 1.069482e+00 7.053252e-09
6.600000e+00 1.400000e-01 9.742990e-02 -1.661991e+00 1.069482e+00 9.179485e-09
6.650000e+00 1.400000e-01 9.742990e-02 -1.661991e+00 1.069482e+00 1.193655e-08
6.700000e+00 1.400000e-01 9.742990e-02 -1.661991e+00 1.069482e+00 1.551240e-08
6.750000e+00 1.400000e-01 9.742990e-02 -1.661991e+00 1.069482e+00 2.014036e-08
6.800000e+00 1.400000e-01 9.742989e-02 -1.661992e+00 1.069482e+00 2.615267e-08
6.850000e+00 1.400000e-01 9.742989e-02 -1.661992e+00 1.069482e+00 3.388382e-08
6.900000e+00 1.400000e-01 9.742989e-02 -1.661992e+00 1.069482e+00 4.405135e-08
6.950000e+00 1.400000e-01 9.742989e-02 -1.661992e+00 1.069482e+00 5.674663e-08
7.000000e+00 1.400000e-01 9.742988e-02 -1.661992e+00 1.069482e+00 7.446526e-08
7.050000e+00 1.400000e-01 9.742988e-02 -1.661992e+00 1.069482e+00 9.385757e-08
7.100000e+00 1.400000e-01 9.742988e-02 -1.661992e+00 1.069482e+00 1.282307e-07
7.150000e+00 1.400000e-01 9.742987e-02 -1.661994e+00 1.069482e+00 1.488941e-07
7.200000e+00 1.400000e-01 9.742986e-02 -1.661990e+00 1.069482e+00 2.344088e-07
7.250000e+00 1.400000e-01 9.742984e-02 -1.662001e+00 1.069482e+00 2.042788e-07
7.300000e+00 1.400000e-01 9.742984e-02 -1.661976e+00 1.069482e+00 4.899497e-07
7.350000e+00 1.400000e-01 9.742980e-02 -1.662035e+00 1.069482e+00 1.368386e-07
7.400000e+00 1.400000e-01 9.742983e-02 -1.661908e+00 1.069483e+00 1.226319e-06
7.450000e+00 1.400000e-01 9.742967e-02 -1.662179e+00 1.069481e+00 -5.430128e-07
7.500000e+00 1.400000e-01 9.742988e-02 -1.661636e+00 1.069484e+00 3.425099e-06
7.550000e+00 1.400000e-01 9.742933e-02 -1.662696e+00 1.069477e+00 -3.210520e-06
7.600000e+00 1.400000e-01 9.743020e-02 -1.660734e+00 1.069490e+00 9.276791e-06
7.650000e+00 1.400000e-01 9.742840e-02 -1.664223e+00 1.069466e+00 -1.034826e-05
7.700000e+00 1.400000e-01 9.743124e-02 -1.658339e+00 1.069506e+00 2.156647e-05
7.750000e+00 1.400000e-01 9.742625e-02 -1.667786e+00 1.069442e+00 -2.315167e-05
7.800000e+00 1.400000e-01 9.743355e-02 -1.653494e+00 1.069536e+00 3.884232e-05
7.850000e+00 1.400000e-01 9.742236e-02 -1.673873e+00 1.069404e+00 -3.401568e-05
7.900000e+00 1.400000e-01 9.743695e-02 -1.646761e+00 1.069571e+00 4.722223e-05
7.950000e+00 1.400000e-01 9.741764e-02 -1.680323e+00 1.069373e+00 -2.198188e-05
8.000000e+00 1.400000e-01 9.743915e-02 -1.642112e+00 1.069579e+00 2.715462e-05
8.050000e+00 1.400000e-01 9.741492e-02 -1.682037e+00 1.069383e+00 2.267090e-05
8.100000e+00 1.400000e-01 9.743688e-02 -1.643994e+00 1.069541e+00 -3.234763e-06
8.150000e+00 1.400000e-01 9.741525e-02 -1.677950e+00 1.069412e+00 5.160756e-05
8.200000e+00 1.400000e-01 9.743172e-02 -1.647774e+00 1.069525e+00 3.098402e-05
8.250000e+00 1.400000e-01 9.741215e-02 -1.678574e+00 1.069355e+00 7.204960e-06
8.300000e+00 1.400000e-01 9.743100e-02 -1.640971e+00 1.069620e+00 1.312477e-04
8.350000e+00 1.400000e-01 9.739902e-02 -1.691142e+00 1.069204e+00 -8.645148e-06
8.400000e+00 1.400000e-01 9.743187e-02 -1.628849e+00 1.069691e+00 1.375807e-04
8.450000e+00 1.400000e-01 9.738527e-02 -1.697317e+00 1.069187e+00 1.440128e-04
8.500000e+00 1.400000e-01 9.741747e-02 -1.633444e+00 1.069548e+00 8.896470e-05
8.550000e+00 1.400000e-01 9.737637e-02 -1.688354e+00 1.069253e+00 2.429109e-04
8.600000e+00 1.400000e-01 9.739318e-02 -1.639104e+00 1.069506e+00 3.075446e-04
8.650000e+00 1.400000e-01 9.734562e-02 -1.697845e+00 1.068979e+00 1.997318e-04
8.700000e+00 1.400000e-01 9.737320e-02 -1.621277e+00 1.069681e+00 5.511830e-04
8.750000e+00 1.400000e-01 9.729050e-02 -1.716325e+00 1.068723e+00 5.420230e-04
8.800000e+00 1.400000e-01 9.731900e-02 -1.622444e+00 1.069399e+00 6.073362e-04
8.850000e+00 1.400000e-01 9.722976e-02 -1.706978e+00 1.068749e+00 9.887750e-04
8.900000e+00 1.400000e-01 9.722012e-02 -1.634900e+00 1.069110e+00 1.249589e-03
8.950000e+00 1.400000e-01 9.710480e-02 -1.722493e+00 1.068090e+00 1.312927e-03
9.000000e+00 1.400000e-01 9.708883e-02 -1.617451e+00 1.069087e+00 2.054270e-03
9.050000e+00 1.400000e-01 9.689938e-02 -1.746363e+00 1.067439e+00 2.557354e-03
9.100000e+00 1.400000e-01 9.683309e-02 -1.633288e+00 1.068094e+00 3.074501e-03
9.150000e+00 1.400000e-01 9.659193e-02 -1.748906e+00 1.066693e+00 4.054455e-03
9.200000e+00 1.400000e-01 9.642765e-02 -1.646288e+00 1.067211e+00 5.480397e-03
9.250000e+00 1.400000e-01 9.604389e-02 -1.794314e+00 1.064618e+00 6.629042e-03
9.300000e+00 1.400000e-01 9.576474e-02 -1.658687e+00 1.065394e+00 8.599472e-03
9.350000e+00 1.400000e-01 9.518394e-02 -1.833922e+00 1.062316e+00 1.116776e-02
9.400000e+00 1.400000e-01 9.464797e-02 -1.711477e+00 1.062025e+00 1.435368e-02
9.450000e+00 1.400000e-01 9.374857e-02 -1.910966e+00 1.057529e+00 1.797870e-02
9.500000e+00 1.400000e-01 9.285010e-02 -1.774781e+00 1.056882e+00 2.325315e-02
9.550000e+00 1.400000e-01 9.142326e-02 -2.039533e+00 1.050154e+00 2.954769e-02
9.600000e+00 1.400000e-01 8.989533e-02 -1.906408e+00 1.047125e+00 3.766933e-02
9.650000e+00 1.400000e-01 8.765632e-02 -2.249767e+00 1.036818e+00 4.720325e-02
9.700000e+00 1.400000e-01 8.517500e-02 -2.123994e+00 1.030186e+00 5.975140e-02
9.750000e+00 1.400000e-01 8.168118e-02 -2.622149e+00 1.012809e+00 7.396419e-02
9.800000e+00 1.400000e-01 7.777859e-02 -2.508147e+00 9.970614e-01 9.137794e-02
9.850000e+00 1.400000e-01 7.254339e-02 -3.264282e+00 9.645003e-01 1.087821e-01
9.900000e+00 1.400000e-01 6.690037e-02 -3.161096e+00 9.251756e-01 1.266689e-01
9.950000e+00 1.400000e-01 5.987650e-02 -4.321295e+00 8.488065e-01 1.364437e-01
1.000000e+01 1.400000e-01 5.325600e-02 -4.124338e+00 0.000000e+00 0.000000e+00
0.000000e+00 1.600000e-01 6.854400e-02 -4.080000e+00 0.000000e+00 0.000000e+00
5.000000e-02 1.600000e-01 6.850380e-02 -4.080280e+00 8.047662e-01 7.230666e-04
1.000000e-01 1.600000e-01 6.847169e-02 -4.080813e+00 8.045638e-01 6.152848e-04
1.500000e-01 1.600000e-01 6.844227e-02 -4.081074e+00 8.044337e-01 6.644497e-04
2.000000e-01 1.600000e-01 6.840525e-02 -4.080947e+00 8.040339e-01 7.362543e-04
2.500000e-01 1.600000e-01 6.836865e-02 -4.081023e+00 8.035065e-01 5.194663e-04
3.000000e-01 1.600000e-01 6.835330e-02 -4.081214e+00 8.033925e-01 1.015120e-04
3.500000e-01 1.600000e-01 6.835850e-02 -4.080760e+00 8.036827e-01 -6.948302e-05
4.000000e-01 1.600000e-01 6.836025e-02 -4.079872e+00 8.037160e-01 4.998723e-05
4.500000e-01 1.600000e-01 6.835350e-02 -4.079566e+00 8.033237e-01 -4.865419e-05
5.000000e-01 1.600000e-01 6.836512e-02 -4.079516e+00 8.032022e-01 -5.847256e-04
5.500000e-01 1.600000e-01 6.841197e-02 -4.078279e+00 8.038196e-01 -1.072336e-03
6.000000e-01 1.600000e-01 6.847235e-02 -4.076209e+00 8.046679e-01 -1.066231e-03
6.500000e-01 1.600000e-01 6.851859e-02 -4.075451e+00 8.050820e-01 -8.703983e-04
7.000000e-01 1.600000e-01 6.855939e-02 -4.075879e+00 8.052631e-01 -1.095411e-03
7.500000e-01 1.600000e-01 6.862813e-02 -4.074276e+00 8.059697e-01 -1.771281e-03
8.000000e-01 1.600000e-01 6.873652e-02 -4.069656e+00 8.073984e-01 -2.328509e-03
8.500000e-01 1.600000e-01 6.886098e-02 -4.066109e+00 8.088098e-01 -2.498149e-03
9.000000e-01 1.600000e-01 6.898633e-02 -4.066305e+00 8.095882e-01 -2.775115e-03
9.500000e-01 1.600000e-01 6.913850e-02 -4.064707e+00 8.100725e-01 -3.710997e-03
1.000000e+00 1.600000e-01 6.935743e-02 -4.053335e+00 8.110243e-01 -5.072936e-03
1.050000e+00 1.600000e-01 6.964579e-02 -4.034133e+00 8.123805e-01 -6.194311e-03
1.100000e+00 1.600000e-01 6.997686e-02 -4.018105e+00 8.134097e-01 -6.996229e-03
1.150000e+00 1.600000e-01 7.034541e-02 -4.007855e+00 8.138750e-01 -8.027348e-03
1.200000e+00 1.600000e-01 7.077960e-02 -3.988330e+00 8.143281e-01 -9.528826e-03
1.250000e+00 1.600000e-01 7.129830e-02 -3.944291e+00 8.151904e-01 -1.106546e-02
1.300000e+00 1.600000e-01 7.188614e-02 -3.884829e+00 8.162498e-01 -1.225479e-02
1.350000e+00 1.600000e-01 7.252377e-02 -3.838164e+00 8.172852e-01 -1.330403e-02
1.400000e+00 1.600000e-01 7.321655e-02 -3.815875e+00 8.184251e-01 -1.456808e-02
1.450000e+00 1.600000e-01 7.398058e-02 -3.791078e+00 8.197208e-01 -1.601133e-02
1.500000e+00 1.600000e-01 7.481768e-02 -3.723856e+00 8.209429e-01 -1.739350e-02
1.550000e+00 1.600000e-01 7.571993e-02 -3.610018e+00 8.221688e-01 -1.868082e-02
1.600000e+00 1.600000e-01 7.668576e-02 -3.495593e+00 8.240352e-01 -1.996025e-02
1.650000e+00 1.600000e-01 7.771596e-02 -3.434883e+00 8.269352e-01 -2.116672e-02
1.700000e+00 1.600000e-01 7.880243e-02 -3.433083e+00 8.302576e-01 -2.220833e-02
1.750000e+00 1.600000e-01 7.993679e-02 -3.432450e+00 8.329071e-01 -2.326244e-02
1.800000e+00 1.600000e-01 8.112868e-02 -3.358333e+00 8.345835e-01 -2.465839e-02
1.850000e+00 1.600000e-01 8.240263e-02 -3.183192e+00 8.362561e-01 -2.644395e-02
1.900000e+00 1.600000e-01 8.377307e-02 -2.953171e+00 8.393601e-01 -2.826235e-02
1.950000e+00 1.600000e-01 8.522887e-02 -2.758524e+00 8.446723e-01 -2.972063e-02
2.000000e+00 1.600000e-01 8.674514e-02 -2.673551e+00 8.518581e-01 -3.076898e-02
2.050000e+00 1.600000e-01 8.830576e-02 -2.709912e+00 8.597616e-01 -3.167697e-02
2.100000e+00 1.600000e-01 8.991283e-02 -2.811678e+00 8.669763e-01 -3.276363e-02
2.150000e+00 1.600000e-01 9.158213e-02 -2.889225e+00 8.724237e-01 -3.426334e-02
2.200000e+00 1.600000e-01 9.333917e-02 -2.865948e+00 8.758714e-01 -3.639274e-02
2.250000e+00 1.600000e-01 9.522140e-02 -2.708396e+00 8.782232e-01 -3.937155e-02
2.300000e+00 1.600000e-01 9.727632e-02 -2.427629e+00 8.813673e-01 -4.322847e-02
2.350000e+00 1.600000e-01 9.954425e-02 -2.062314e+00 8.875726e-01 -4.752487e-02
2.400000e+00 1.600000e-01 1.020288e-01 -1.660781e+00 8.986710e-01 -5.128497e-02
2.450000e+00 1.600000e-01 1.046727e-01 -1.269912e+00 9.153772e-01 -5.328269e-02
2.500000e+00 1.600000e-01 1.073571e-01 -9.293676e-01 9.370318e-01 -5.255236e-02
2.550000e+00 1.600000e-01 1.099280e-01 -6.676970e-01 9.618478e-01 -4.881593e-02
2.600000e+00 1.600000e-01 1.122387e-01 -4.990575e-01 9.875016e-01 -4.258365e-02
2.650000e+00 1.600000e-01 1.141863e-01 -4.216385e-01 1.011787e+00 -3.490866e-02
2.700000e+00 1.600000e-01 1.157295e-01 -4.196113e-01 1.033092e+00 -2.697348e-02
2.750000e+00 1.600000e-01 1.168837e-01 -4.688796e-01 1.050586e+00 -1.973158e-02
2.800000e+00 1.600000e-01 1.177027e-01 -5.443960e-01 1.064154e+00 -1.373460e-02
2.850000e+00 1.600000e-01 1.182572e-01 -6.259229e-01 1.074176e+00 -9.144648e-03
2.900000e+00 1.600000e-01 1.186172e-01 -7.005176e-01 1.081282e+00 -5.852495e-03
2.950000e+00 1.600000e-01 1.188424e-01 -7.620770e-01 1.086151e+00 -3.615264e-03
3.000000e+00 1.600000e-01 1.189787e-01 -8.093642e-01 1.089397e+00 -2.162001e-03
3.050000e+00 1.600000e-01 1.190586e-01 -8.438452e-01 1.091513e+00 -1.253277e-03
3.100000e+00 1.600000e-01 1.191040e-01 -8.680408e-01 1.092869e+00 -7.034142e-04
3.150000e+00 1.600000e-01 1.191289e-01 -8.845442e-01 1.093724e+00 -3.803686e-04
3.200000e+00 1.600000e-01 1.191421e-01 -8.955690e-01 1.094258e+00 -1.958932e-04
3.250000e+00 1.600000e-01 1.191485e-01 -9.028233e-01 1.094587e+00 -9.368406e-05
3.300000e+00 1.600000e-01 1.191514e-01 -9.075443e-01 1.094789e+00 -3.907537e-05
3.350000e+00 1.600000e-01 1.191524e-01 -9.105922e-01 1.094911e+00 -1.131977e-05
3.400000e+00 1.600000e-01 1.191526e-01 -9.125482e-01 1.094985e+00 1.708597e-06
3.450000e+00 1.600000e-01 1.191523e-01 -9.137975e-01 1.095029e+00 6.944204e-06
3.500000e+00 1.600000e-01 1.191519e-01 -9.145924e-01 1.095054e+00 8.264348e-06
3.550000e+00 1.600000e-01 1.191514e-01 -9.150964e-01 1.095069e+00 7.779845e-06
3.600000e+00 1.600000e-01 1.191511e-01 -9.154149e-01 1.095077e+00 6.599282e-06
3.650000e+00 1.600000e-01 1.191508e-01 -9.156154e-01 1.095082e+00 5.274067e-06
3.700000e+00 1.600000e-01 1.191506e-01 -9.157413e-01 1.095084e+00 4.053771e-06
3.750000e+00 1.600000e-01 1.191504e-01 -9.158200e-01 1.095086e+00 3.030346e-06
3.800000e+00 1.600000e-01 1.191502e-01 -9.158690e-01 1.095086e+00 2.218063e-06
3.850000e+00 1.600000e-01 1.191502e-01 -9.158994e-01 1.095086e+00 1.596672e-06
3.900000e+00 1.600000e-01 1.191501e-01 -9.159182e-01 1.095087e+00 1.133847e-06
3.950000e+00 1.600000e-01 1.191500e-01 -9.159297e-01 1.095086e+00 7.961462e-07
4.000000e+00 1.600000e-01 1.191500e-01 -9.159369e-01 1.095086e+00 5.537932e-07
4.050000e+00 1.600000e-01 1.191500e-01 -9.159412e-01 1.095086e+00 3.822544e-07
4.100000e+00 1.600000e-01 1.191500e-01 -9.159439e-01 1.095086e+00 2.622638e-07
4.150000e+00 1.600000e-01 1.191500e-01 -9.159455e-01 1.095086e+00 1.791861e-07
4.200000e+00 1.600000e-01 1.191500e-01 -9.159466e-01 1.095086e+00 1.221757e-07
4.250000e+00 1.600000e-01 1.191499e-01 -9.159472e-01 1.095086e+00 8.335035e-08
4.300000e+00 1.600000e-01 1.191499e-01 -9.159476e-01 1.095086e+00 5.707362e-08
4.350000e+00 1.600000e-01 1.191499e-01 -9.159479e-01 1.095086e+00 3.937050e-08
4.400000e+00 1.600000e-01 1.191499e-01 -9.159480e-01 1.095086e+00 2.747227e-08
4.450000e+00 1.600000e-01 1.191499e-01 -9.159482e-01 1.095086e+00 1.947223e-08
4.500000e+00 1.600000e-01 1.191499e-01 -9.159483e-01 1.095086e+00 1.407134e-08
4.550000e+00 1.600000e-01 1.191499e-01 -9.159483e-01 1.095086e+00 1.039355e-08
4.600000e+00 1.600000e-01 1.191499e-01 -9.159484e-01 1.095086e+00 7.853895e-09
4.650000e+00 1.600000e-01 1.191499e-01 -9.159484e-01 1.095086e+00 6.065521e-09
4.700000e+00 1.600000e-01 1.191499e-01 -9.159484e-01 1.095086e+00 4.774880e-09
4.750000e+00 1.600000e-01 1.191499e-01 -9.159484e-01 1.095086e+00 3.817142e-09
4.800000e+00 1.600000e-01 1.191499e-01 -9.159484e-01 1.095086e+00 3.085839e-09
4.850000e+00 1.600000e-01 1.191499e-01 -9.159485e-01 1.095086e+00 2.512436e-09
4.900000e+00 1.600000e-01 1.191499e-01 -9.159485e-01 1.095086e+00 2.052755e-09
4.950000e+00 1.600000e-01 1.191499e-01 -9.159485e-01 1.095086e+00 1.678055e-09
5.000000e+00 1.600000e-01 1.191499e-01 -9.159485e-01 1.095086e+00 1.369278e-09
5.050000e+00 1.600000e-01 1.191499e-01 -9.159485e-01 1.095086e+00 1.113363e-09
5.100000e+00 1.600000e-01 1.191499e-01 -9.159485e-01 1.095086e+00 9.009632e-10
5.150000e+00 1.600000e-01 1.191499e-01 -9.159485e-01 1.095086e+00 7.250395e-10
5.200000e+00 1.600000e-01 1.191499e-01 -9.159485e-01 1.095086e+00 5.800210e-10
5.250000e+00 1.600000e-01 1.191499e-01 -9.159485e-01 1.095086e+00 4.613190e-10
5.300000e+00 1.600000e-01 1.191499e-01 -9.159485e-01 1.095086e+00 3.650551e-10
5.350000e+00 1.600000e-01 1.191499e-01 -9.159485e-01 1.095086e+00 2.879158e-10
5.400000e+00 1.600000e-01 1.191499e-01 -9.159485e-01 1.095086e+00 2.270775e-10
5.450000e+00 1.600000e-01 1.191499e-01 -9.159485e-01 1.095086e+00 1.801698e-10
5.500000e+00 1.600000e-01 1.191499e-01 -9.159485e-01 1.095086e+00 1.452582e-10
5.550000e+00 1.600000e-01 1.191499e-01 -9.159485e-01 1.095086e+00 1.208446e-10
5.600000e+00 1.600000e-01 1.191499e-01 -9.159485e-01 1.095086e+00 1.058770e-10
5.650000e+00 1.600000e-01 1.191499e-01 -9.159485e-01 1.095086e+00 9.976117e-11
5.700000e+00 1.600000e-01 1.191499e-01 -9.159485e-01 1.095086e+00 1.023902e-10
5.750000e+00 1.600000e-01 1.191499e-01 -9.159485e-01 1.095086e+00 1.141938e-10
5.800000e+00 1.600000e-01 1.191499e-01 -9.159485e-01 1.095086e+00 1.362049e-10
5.850000e+00 1.600000e-01 1.191499e-01 -9.159485e-01 1.095086e+00 1.701585e-10
5.900000e+00 1.600000e-01 1.191499e-01 -9.159485e-01 1.095086e+00 2.186301e-10
5.950000e+00 1.600000e-01 1.191499e-01 -9.159485e-01 1.095086e+00 2.852252e-10
6.000000e+00 1.600000e-01 1.191499e-01 -9.159485e-01 1.095086e+00 3.748322e-10
6.050000e+00 1.600000e-01 1.191499e-01 -9.159485e-01 1.095086e+00 4.939606e-10
6.100000e+00 1.600000e-01 1.191499e-01 -9.159485e-01 1.095086e+00 6.511836e-10
6.150000e+00 1.600000e-01 1.191499e-01 -9.159485e-01 1.095086e+00 8.577186e-10
6.200000e+00 1.600000e-01 1.191499e-01 -9.159485e-01 1.095086e+00 1.128187e-09
6.250000e+00 1.600000e-01 1.191499e-01 -9.159485e-01 1.095086e+00 1.481596e-09
6.300000e+00 1.600000e-01 1.191499e-01 -9.159485e-01 1.095086e+00 1.942617e-09
6.350000e+00 1.600000e-01 1.191499e-01 -9.159485e-01 1.095086e+00 2.543243e-09
6.400000e+00 1.600000e-01 1.191499e-01 -9.159485e-01 1.095086e+00 3.324925e-09
6.450000e+00 1.600000e-01 1.191499e-01 -9.159485e-01 1.095086e+00 4.341334e-09
6.500000e+00 1.600000e-01 1.191499e-01 -9.159485e-01 1.095086e+00 5.661974e-09
6.550000e+00 1.600000e-01 1.191499e-01 -9.159485e-01 1.095086e+00 7.376682e-09
6.600000e+00 1.600000e-01 1.191499e-01 -9.159485e-01 1.095086e+00 9.602033e-09
6.650000e+00 1.600000e-01 1.191499e-01 -9.159485e-01 1.095086e+00 1.248757e-08
6.700000e+00 1.600000e-01 1.191499e-01 -9.159485e-01 1.095086e+00 1.623070e-08
6.750000e+00 1.600000e-01 1.191499e-01 -9.159486e-01 1.095086e+00 2.107344e-08
6.800000e+00 1.600000e-01 1.191499e-01 -9.159486e-01 1.095086e+00 2.737027e-08
6.850000e+00 1.600000e-01 1.191499e-01 -9.159486e-01 1.095086e+00 3.545074e-08
6.900000e+00 1.600000e-01 1.191499e-01 -9.159487e-01 1.095086e+00 4.612581e-08
6.950000e+00 1.600000e-01 1.191499e-01 -9.159488e-01 1.095086e+00 5.931942e-08
7.000000e+00 1.600000e-01 1.191499e-01 -9.159487e-01 1.095086e+00 7.811856e-08
7.050000e+00 1.600000e-01 1.191499e-01 -9.159492e-01 1.095086e+00 9.773867e-08
7.100000e+00 1.600000e-01 1.191499e-01 -9.159483e-01 1.095086e+00 1.354377e-07
7.150000e+00 1.600000e-01 1.191499e-01 -9.159511e-01 1.095086e+00 1.527816e-07
7.200000e+00 1.600000e-01 1.191499e-01 -9.159448e-01 1.095086e+00 2.524982e-07
7.250000e+00 1.600000e-01 1.191499e-01 -9.159609e-01 1.095086e+00 1.973604e-07
7.300000e+00 1.600000e-01 1.191499e-01 -9.159245e-01 1.095086e+00 5.486846e-07
7.350000e+00 1.600000e-01 1.191498e-01 -9.160077e-01 1.095086e+00 6.736471e-08
7.400000e+00 1.600000e-01 1.191499e-01 -9.158292e-01 1.095086e+00 1.435975e-06
7.450000e+00 1.600000e-01 1.191497e-01 -9.162038e-01 1.095085e+00 -8.623722e-07
7.500000e+00 1.600000e-01 1.191500e-01 -9.154560e-01 1.095088e+00 4.121852e-06
7.550000e+00 1.600000e-01 1.191493e-01 -9.168965e-01 1.095082e+00 -4.291749e-06
7.600000e+00 1.600000e-01 1.191504e-01 -9.142530e-01 1.095092e+00 1.122508e-05
7.650000e+00 1.600000e-01 1.191481e-01 -9.188952e-01 1.095075e+00 -1.313810e-05
7.700000e+00 1.600000e-01 1.191517e-01 -9.111583e-01 1.095102e+00 2.580279e-05
7.750000e+00 1.600000e-01 1.191456e-01 -9.233975e-01 1.095059e+00 -2.833820e-05
7.800000e+00 1.600000e-01 1.191545e-01 -9.051549e-01 1.095121e+00 4.521870e-05
7.850000e+00 1.600000e-01 1.191410e-01 -9.307050e-01 1.095036e+00 -3.977928e-05
7.900000e+00 1.600000e-01 1.191585e-01 -8.973606e-01 1.095141e+00 5.193989e-05
7.950000e+00 1.600000e-01 1.191358e-01 -9.377090e-01 1.095020e+00 -2.266099e-05
8.000000e+00 1.600000e-01 1.191608e-01 -8.928749e-01 1.095142e+00 2.471921e-05
8.050000e+00 1.600000e-01 1.191334e-01 -9.384895e-01 1.095032e+00 2.947616e-05
8.100000e+00 1.600000e-01 1.191578e-01 -8.959358e-01 1.095115e+00 -7.869811e-06
8.150000e+00 1.600000e-01 1.191342e-01 -9.337983e-01 1.095047e+00 5.238635e-05
8.200000e+00 1.600000e-01 1.191526e-01 -8.985680e-01 1.095118e+00 4.359901e-05
8.250000e+00 1.600000e-01 1.191298e-01 -9.376914e-01 1.094990e+00 -1.243705e-05
8.300000e+00 1.600000e-01 1.191538e-01 -8.868657e-01 1.095203e+00 1.584203e-04
8.350000e+00 1.600000e-01 1.191140e-01 -9.544737e-01 1.094880e+00 -2.005355e-05
8.400000e+00 1.600000e-01 1.191558e-01 -8.733182e-01 1.095244e+00 1.364299e-04
8.450000e+00 1.600000e-01 1.191003e-01 -9.578804e-01 1.094896e+00 1.717309e-04
8.500000e+00 1.600000e-01 1.191387e-01 -8.822456e-01 1.095125e+00 7.643667e-05
8.550000e+00 1.600000e-01 1.190927e-01 -9.468096e-01 1.094947e+00 2.437326e-04
8.600000e+00 1.600000e-01 1.191143e-01 -8.831330e-01 1.095140e+00 3.620355e-04
8.650000e+00 1.600000e-01 1.190565e-01 -9.656676e-01 1.094705e+00 1.615139e-04
8.700000e+00 1.600000e-01 1.190981e-01 -8.562190e-01 1.095315e+00 5.908785e-04
8.750000e+00 1.600000e-01 1.189974e-01 -9.841284e-01 1.094556e+00 5.964781e-04
8.800000e+00 1.600000e-01 1.190385e-01 -8.636524e-01 1.095072e+00 5.926861e-04
8.850000e+00 1.600000e-01 1.189381e-01 -9.679621e-01 1.094647e+00 1.027267e-03
8.900000e+00 1.600000e-01 1.189358e-01 -8.694385e-01 1.094944e+00 1.373089e-03
8.950000e+00 1.600000e-01 1.188008e-01 -9.967863e-01 1.094105e+00 1.296508e-03
9.000000e+00 1.600000e-01 1.188061e-01 -8.378506e-01 1.095074e+00 2.150046e-03
9.050000e+00 1.600000e-01 1.185858e-01 -1.015805e+00 1.093760e+00 2.729564e-03
9.100000e+00 1.600000e-01 1.185332e-01 -8.591225e-01 1.094341e+00 3.182499e-03
9.150000e+00 1.600000e-01 1.182676e-01 -1.014116e+00 1.093384e+00 4.162850e-03
9.200000e+00 1.600000e-01 1.181169e-01 -8.495226e-01 1.094030e+00 5.830161e-03
9.250000e+00 1.600000e-01 1.176845e-01 -1.068094e+00 1.091935e+00 6.906287e-03
9.300000e+00 1.600000e-01 1.174262e-01 -8.496077e-01 1.092974e+00 8.927763e-03
9.350000e+00 1.600000e-01 1.167918e-01 -1.088268e+00 1.090817e+00 1.168571e-02
9.400000e+00 1.600000e-01 1.162577e-01 -8.792886e-01 1.090981e+00 1.512646e-02
9.450000e+00 1.600000e-01 1.152791e-01 -1.161172e+00 1.087720e+00 1.874823e-02
9.500000e+00 1.600000e-01 1.143829e-01 -8.997094e-01 1.088130e+00 2.438668e-02
9.550000e+00 1.600000e-01 1.128404e-01 -1.255296e+00 1.083446e+00 3.109171e-02
9.600000e+00 1.600000e-01 1.112737e-01 -9.780642e-01 1.081994e+00 3.980443e-02
9.650000e+00 1.600000e-01 1.088600e-01 -1.417566e+00 1.074934e+00 4.991387e-02
9.700000e+00 1.600000e-01 1.062823e-01 -1.102768e+00 1.071146e+00 6.367424e-02
9.750000e+00 1.600000e-01 1.024926e-01 -1.697344e+00 1.058975e+00 7.956566e-02
9.800000e+00 1.600000e-01 9.832573e-02 -1.357566e+00 1.047396e+00 9.975456e-02
9.850000e+00 1.600000e-01 9.251712e-02 -2.190837e+00 1.022770e+00 1.218124e-01
9.900000e+00 1.600000e-01 8.614449e-02 -1.855144e+00 9.890083e-01 1.483366e-01
9.950000e+00 1.600000e-01 7.768346e-02 -3.078210e+00 9.237742e-01 1.760049e-01
1.000000e+01 1.600000e-01 6.854400e-02 -2.852242e+00 0.000000e+00 0.000000e+00
0.000000e+00 1.800000e-01 8.546400e-02 -3.840000e+00 0.000000e+00 0.000000e+00
5.000000e-02 1.800000e-01 8.541453e-02 -3.839988e+00 8.838810e-01 8.508614e-04
1.000000e-01 1.800000e-01 8.537891e-02 -3.840978e+00 8.837546e-01 6.678074e-04
1.500000e-01 1.800000e-01 8.534775e-02 -3.842165e+00 8.837521e-01 7.684674e-04
2.000000e-01 1.800000e-01 8.530207e-02 -3.841067e+00 8.832595e-01 9.446879e-04
2.500000e-01 1.800000e-01 8.525328e-02 -3.839606e+00 8.825033e-01 6.632517e-04
3.000000e-01 1.800000e-01 8.523574e-02 -3.841393e+00 8.824200e-01 4.736940e-05
3.500000e-01 1.800000e-01 8.524854e-02 -3.843553e+00 8.829770e-01 -1.546619e-04
4.000000e-01 1.800000e-01 8.525121e-02 -3.840779e+00 8.830240e-01 1.411505e-04
4.500000e-01 1.800000e-01 8.523443e-02 -3.836523e+00 8.823122e-01 8.968727e-05
5.000000e-01 1.800000e-01 8.524224e-02 -3.838346e+00 8.820395e-01 -6.845459e-04
5.500000e-01 1.800000e-01 8.530288e-02 -3.842970e+00 8.829043e-01 -1.398131e-03
6.000000e-01 1.800000e-01 8.538205e-02 -3.839791e+00 8.839692e-01 -1.329234e-03
6.500000e-01 1.800000e-01 8.543581e-02 -3.830696e+00 8.842059e-01 -9.556494e-04
7.000000e-01 1.800000e-01 8.547762e-02 -3.829907e+00 8.840684e-01 -1.233013e-03
7.500000e-01 1.800000e-01 8.555911e-02 -3.839094e+00 8.847312e-01 -2.193768e-03
8.000000e-01 1.800000e-01 8.569699e-02 -3.839927e+00 8.863423e-01 -2.912434e-03
8.500000e-01 1.800000e-01 8.585035e-02 -3.823108e+00 8.877216e-01 -2.923140e-03
9.000000e-01 1.800000e-01 8.598931e-02 -3.808913e+00 8.881655e-01 -2.970300e-03
9.500000e-01 1.800000e-01 8.614738e-02 -3.817950e+00 8.883584e-01 -3.931859e-03
1.000000e+00 1.800000e-01 8.638249e-02 -3.832428e+00 8.892679e-01 -5.489072e-03
1.050000e+00 1.800000e-01 8.669629e-02 -3.814657e+00 8.904559e-01 -6.630438e-03
1.100000e+00 1.800000e-01 8.704554e-02 -3.766827e+00 8.909286e-01 -7.228317e-03
1.150000e+00 1.800000e-01 8.741912e-02 -3.739037e+00 8.908424e-01 -8.106586e-03
1.200000e+00 1.800000e-01 8.785620e-02 -3.758187e+00 8.911310e-01 -9.645615e-03
1.250000e+00 1.800000e-01 8.838368e-02 -3.776484e+00 8.917364e-01 -1.126291e-02
1.300000e+00 1.800000e-01 8.898249e-02 -3.725867e+00 8.917027e-01 -1.248473e-02
1.350000e+00 1.800000e-01 8.963216e-02 -3.617281e+00 8.911655e-01 -1.360116e-02
1.400000e+00 1.800000e-01 9.034260e-02 -3.543089e+00 8.914344e-01 -1.494204e-02
1.450000e+00 1.800000e-01 9.112636e-02 -3.564092e+00 8.928357e-01 -1.630346e-02
1.500000e+00 1.800000e-01 9.197295e-02 -3.620829e+00 8.938261e-01 -1.749704e-02
1.550000e+00 1.800000e-01 9.287606e-02 -3.588613e+00 8.931792e-01 -1.884785e-02
1.600000e+00 1.800000e-01 9.385773e-02 -3.421247e+00 8.920222e-01 -2.061180e-02
1.650000e+00 1.800000e-01 9.493724e-02 -3.215554e+00 8.926323e-01 -2.234152e-02
1.700000e+00 1.800000e-01 9.609189e-02 -3.121269e+00 8.956205e-01 -2.339272e-02
1.750000e+00 1.800000e-01 9.727652e-02 -3.190320e+00 8.991229e-01 -2.389094e-02
1.800000e+00 1.800000e-01 9.848098e-02 -3.319211e+00 9.007867e-01 -2.472091e-02
1.850000e+00 1.800000e-01 9.974861e-02 -3.337609e+00 9.000462e-01 -2.654712e-02
1.900000e+00 1.800000e-01 1.011357e-01 -3.152336e+00 8.985330e-01 -2.915638e-02
1.950000e+00 1.800000e-01 1.026642e-01 -2.820530e+00 8.988010e-01 -3.178150e-02
2.000000e+00 1.800000e-01 1.043138e-01 -2.503477e+00 9.026866e-01 -3.379556e-02
2.050000e+00 1.800000e-01 1.060438e-01 -2.351695e+00 9.102302e-01 -3.501188e-02
2.100000e+00 1.800000e-01 1.078150e-01 -2.410703e+00 9.195071e-01 -3.559989e-02
2.150000e+00 1.800000e-01 1.096038e-01 -2.603941e+00 9.275101e-01 -3.601814e-02
2.200000e+00 1.800000e-01 1.114168e-01 -2.790903e+00 9.318063e-01 -3.701358e-02
2.250000e+00 1.800000e-01 1.133051e-01 -2.850474e+00 9.319933e-01 -3.942222e-02
2.300000e+00 1.800000e-01 1.153591e-01 -2.730746e+00 9.299828e-01 -4.369955e-02
2.350000e+00 1.800000e-01 1.176751e-01 -2.447253e+00 9.290521e-01 -4.946216e-02
2.400000e+00 1.800000e-01 1.203053e-01 -2.054367e+00 9.323770e-01 -5.540786e-02
2.450000e+00 1.800000e-01 1.232159e-01 -1.617753e+00 9.418238e-01 -5.974885e-02
2.500000e+00 1.800000e-01 1.262802e-01 -1.196976e+00 9.574470e-01 -6.094455e-02
2.550000e+00 1.800000e-01 1.293103e-01 -8.363073e-01 9.777359e-01 -5.832207e-02
2.600000e+00 1.800000e-01 1.321124e-01 -5.610491e-01 1.000335e+00 -5.226568e-02
2.650000e+00 1.800000e-01 1.345369e-01 -3.778906e-01 1.022836e+00 -4.394595e-02
2.700000e+00 1.800000e-01 1.365070e-01 -2.782176e-01 1.043351e+00 -3.480982e-02
2.750000e+00 1.800000e-01 1.380179e-01 -2.435312e-01 1.060752e+00 -2.611151e-02
2.800000e+00 1.800000e-01 1.391181e-01 -2.517717e-01 1.074651e+00 -1.865588e-02
2.850000e+00 1.800000e-01 1.398835e-01 -2.827943e-01 1.085204e+00 -1.277055e-02
2.900000e+00 1.800000e-01 1.403952e-01 -3.215730e-01 1.092884e+00 -8.423057e-03
2.950000e+00 1.800000e-01 1.407258e-01 -3.589003e-01 1.098281e+00 -5.380524e-03
3.000000e+00 1.800000e-01 1.409332e-01 -3.903891e-01 1.101966e+00 -3.343185e-03
3.050000e+00 1.800000e-01 1.410601e-01 -4.148528e-01 1.104424e+00 -2.027295e-03
3.100000e+00 1.800000e-01 1.411360e-01 -4.328217e-01 1.106034e+00 -1.202214e-03
3.150000e+00 1.800000e-01 1.411803e-01 -4.455065e-01 1.107073e+00 -6.975271e-04
3.200000e+00 1.800000e-01 1.412057e-01 -4.542102e-01 1.107735e+00 -3.953602e-04
3.250000e+00 1.800000e-01 1.412199e-01 -4.600614e-01 1.108153e+00 -2.179749e-04
3.300000e+00 1.800000e-01 1.412275e-01 -4.639379e-01 1.108415e+00 -1.158832e-04
3.350000e+00 1.800000e-01 1.412315e-01 -4.664794e-01 1.108578e+00 -5.840946e-05
3.400000e+00 1.800000e-01 1.412333e-01 -4.681330e-01 1.108678e+00 -2.692758e-05
3.450000e+00 1.800000e-01 1.412341e-01 -4.692029e-01 1.108740e+00 -1.031686e-05
3.500000e+00 1.800000e-01 1.412344e-01 -4.698922e-01 1.108777e+00 -2.036055e-06
3.550000e+00 1.800000e-01 1.412343e-01 -4.703348e-01 1.108800e+00 1.705547e-06
3.600000e+00 1.800000e-01 1.412342e-01 -4.706181e-01 1.108813e+00 3.068291e-06
3.650000e+00 1.800000e-01 1.412340e-01 -4.707989e-01 1.108821e+00 3.257978e-06
3.700000e+00 1.800000e-01 1.412339e-01 -4.709140e-01 1.108826e+00 2.928934e-06
3.750000e+00 1.800000e-01 1.412337e-01 -4.709872e-01 1.108828e+00 2.421933e-06
3.800000e+00 1.800000e-01 1.412336e-01 -4.710335e-01 1.108830e+00 1.903176e-06
3.850000e+00 1.800000e-01 1.412336e-01 -4.710627e-01 1.108831e+00 1.444473e-06
3.900000e+00 1.800000e-01 1.412335e-01 -4.710812e-01 1.108831e+00 1.068765e-06
3.950000e+00 1.800000e-01 1.412335e-01 -4.710928e-01 1.108831e+00 7.754290e-07
4.000000e+00 1.800000e-01 1.412334e-01 -4.711002e-01 1.108832e+00 5.539111e-07
4.050000e+00 1.800000e-01 1.412334e-01 -4.711048e-01 1.108832e+00 3.907463e-07
4.100000e+00 1.800000e-01 1.412334e-01 -4.711077e-01 1.108832e+00 2.729011e-07
4.150000e+00 1.800000e-01 1.412334e-01 -4.711095e-01 1.108832e+00 1.891463e-07
4.200000e+00 1.800000e-01 1.412334e-01 -4.711106e-01 1.108832e+00 1.304186e-07
4.250000e+00 1.800000e-01 1.412334e-01 -4.711114e-01 1.108832e+00 8.970862e-08
4.300000e+00 1.800000e-01 1.412334e-01 -4.711119e-01 1.108832e+00 6.175903e-08
4.350000e+00 1.800000e-01 1.412333e-01 -4.711122e-01 1.108832e+00 4.271848e-08
4.400000e+00 1.800000e-01 1.412333e-01 -4.711124e-01 1.108832e+00 2.981963e-08
4.450000e+00 1.800000e-01 1.412333e-01 -4.711125e-01 1.108832e+00 2.110660e-08
4.500000e+00 1.800000e-01 1.412333e-01 -4.711126e-01 1.108832e+00 1.521722e-08
4.550000e+00 1.800000e-01 1.412333e-01 -4.711127e-01 1.108832e+00 1.121561e-08
4.600000e+00 1.800000e-01 1.412333e-01 -4.711128e-01 1.108832e+00 8.466996e-09
4.650000e+00 1.800000e-01 1.412333e-01 -4.711128e-01 1.108832e+00 6.546166e-09
4.700000e+00 1.800000e-01 1.412333e-01 -4.711128e-01 1.108832e+00 5.171688e-09
4.750000e+00 1.800000e-01 1.412333e-01 -4.711129e-01 1.108832e+00 4.159447e-09
4.800000e+00 1.800000e-01 1.412333e-01 -4.711129e-01 1.108832e+00 3.390274e-09
4.850000e+00 1.800000e-01 1.412333e-01 -4.711129e-01 1.108832e+00 2.787714e-09
4.900000e+00 1.800000e-01 1.412333e-01 -4.711129e-01 1.108832e+00 2.302980e-09
4.950000e+00 1.800000e-01 1.412333e-01 -4.711129e-01 1.108832e+00 1.904917e-09
5.000000e+00 1.800000e-01 1.412333e-01 -4.711129e-01 1.108832e+00 1.573416e-09
5.050000e+00 1.800000e-01 1.412333e-01 -4.711129e-01 1.108832e+00 1.295169e-09
5.100000e+00 1.800000e-01 1.412333e-01 -4.711129e-01 1.108832e+00 1.060988e-09
5.150000e+00 1.800000e-01 1.412333e-01 -4.711129e-01 1.108832e+00 8.641585e-10
5.200000e+00 1.800000e-01 1.412333e-01 -4.711129e-01 1.108832e+00 6.994577e-10
5.250000e+00 1.800000e-01 1.412333e-01 -4.711129e-01 1.108832e+00 5.625889e-10
5.300000e+00 1.800000e-01 1.412333e-01 -4.711129e-01 1.108832e+00 4.498782e-10
5.350000e+00 1.800000e-01 1.412333e-01 -4.711129e-01 1.108832e+00 3.581183e-10
5.400000e+00 1.800000e-01 1.412333e-01 -4.711129e-01 1.108832e+00 2.845030e-10
5.450000e+00 1.800000e-01 1.412333e-01 -4.711129e-01 1.108832e+00 2.266135e-10
5.500000e+00 1.800000e-01 1.412333e-01 -4.711129e-01 1.108831e+00 1.824121e-10
5.550000e+00 1.800000e-01 1.412333e-01 -4.711129e-01 1.108831e+00 1.502662e-10
5.600000e+00 1.800000e-01 1.412333e-01 -4.711129e-01 1.108831e+00 1.289727e-10
5.650000e+00 1.800000e-01 1.412333e-01 -4.711129e-01 1.108831e+00 1.177819e-10
5.700000e+00 1.800000e-01 1.412333e-01 -4.711129e-01 1.108831e+00 1.164416e-10
5.750000e+00 1.800000e-01 1.412333e-01 -4.711129e-01 1.108831e+00 1.252540e-10
5.800000e+00 1.800000e-01 1.412333e-01 -4.711129e-01 1.108831e+00 1.451467e-10
5.850000e+00 1.800000e-01 1.412333e-01 -4.711129e-01 1.108831e+00 1.777795e-10
5.900000e+00 1.800000e-01 1.412333e-01 -4.711129e-01 1.108831e+00 2.256872e-10
5.950000e+00 1.800000e-01 1.412333e-01 -4.711129e-01 1.108831e+00 2.924747e-10
6.000000e+00 1.800000e-01 1.412333e-01 -4.711129e-01 1.108831e+00 3.830733e-10
6.050000e+00 1.800000e-01 1.412333e-01 -4.711129e-01 1.108831e+00 5.040882e-10
6.100000e+00 1.800000e-01 1.412333e-01 -4.711129e-01 1.108831e+00 6.642528e-10
6.150000e+00 1.800000e-01 1.412333e-01 -4.711129e-01 1.108831e+00 8.750164e-10
6.200000e+00 1.800000e-01 1.412333e-01 -4.711129e-01 1.108831e+00 1.151323e-09
6.250000e+00 1.800000e-01 1.412333e-01 -4.711129e-01 1.108831e+00 1.512619e-09
6.300000e+00 1.800000e-01 1.412333e-01 -4.711129e-01 1.108831e+00 1.984159e-09
6.350000e+00 1.800000e-01 1.412333e-01 -4.711129e-01 1.108831e+00 2.598698e-09
6.400000e+00 1.800000e-01 1.412333e-01 -4.711129e-01 1.108831e+00 3.398688e-09
6.450000e+00 1.800000e-01 1.412333e-01 -4.711129e-01 1.108831e+00 4.439095e-09
6.500000e+00 1.800000e-01 1.412333e-01 -4.711129e-01 1.108831e+00 5.791108e-09
6.550000e+00 1.800000e-01 1.412333e-01 -4.711129e-01 1.108831e+00 7.546730e-09
6.600000e+00 1.800000e-01 1.412333e-01 -4.711129e-01 1.108831e+00 9.825379e-09
6.650000e+00 1.800000e-01 1.412333e-01 -4.711129e-01 1.108831e+00 1.278012e-08
6.700000e+00 1.800000e-01 1.412333e-01 -4.711129e-01 1.108831e+00 1.661341e-08
6.750000e+00 1.800000e-01 1.412333e-01 -4.711130e-01 1.108831e+00 2.157213e-08
6.800000e+00 1.800000e-01 1.412333e-01 -4.711130e-01 1.108831e+00 2.802225e-08
6.850000e+00 1.800000e-01 1.412333e-01 -4.711130e-01 1.108831e+00 3.629209e-08
6.900000e+00 1.800000e-01 1.412333e-01 -4.711130e-01 1.108831e+00 4.723894e-08
6.950000e+00 1.800000e-01 1.412333e-01 -4.711131e-01 1.108831e+00 6.070739e-08
7.000000e+00 1.800000e-01 1.412333e-01 -4.711130e-01 1.108831e+00 8.007372e-08
7.050000e+00 1.800000e-01 1.412333e-01 -4.711135e-01 1.108831e+00 9.985611e-08
7.100000e+00 1.800000e-01 1.412333e-01 -4.711124e-01 1.108831e+00 1.392493e-07
7.150000e+00 1.800000e-01 1.412333e-01 -4.711155e-01 1.108831e+00 1.550370e-07
7.200000e+00 1.800000e-01 1.412333e-01 -4.711082e-01 1.108831e+00 2.618601e-07
7.250000e+00 1.800000e-01 1.412333e-01 -4.711263e-01 1.108831e+00 1.944610e-07
7.300000e+00 1.800000e-01 1.412333e-01 -4.710848e-01 1.108831e+00 5.785034e-07
7.350000e+00 1.800000e-01 1.412332e-01 -4.711787e-01 1.108831e+00 3.364250e-08
7.400000e+00 1.800000e-01 1.412333e-01 -4.709768e-01 1.108832e+00 1.541355e-06
7.450000e+00 1.800000e-01 1.412331e-01 -4.713982e-01 1.108831e+00 -1.019978e-06
7.500000e+00 1.800000e-01 1.412334e-01 -4.705577e-01 1.108832e+00 4.469826e-06
7.550000e+00 1.800000e-01 1.412326e-01 -4.721699e-01 1.108830e+00 -4.825262e-06
7.600000e+00 1.800000e-01 1.412339e-01 -4.692193e-01 1.108833e+00 1.218836e-05
7.650000e+00 1.800000e-01 1.412314e-01 -4.743769e-01 1.108828e+00 -1.449707e-05
7.700000e+00 1.800000e-01 1.412353e-01 -4.658168e-01 1.108835e+00 2.785027e-05
7.750000e+00 1.800000e-01 1.412286e-01 -4.792821e-01 1.108824e+00 -3.077221e-05
7.800000e+00 1.800000e-01 1.412384e-01 -4.593296e-01 1.108840e+00 4.812279e-05
7.850000e+00 1.800000e-01 1.412238e-01 -4.870672e-01 1.108819e+00 -4.216496e-05
7.900000e+00 1.800000e-01 1.412426e-01 -4.511629e-01 1.108843e+00 5.358309e-05
7.950000e+00 1.800000e-01 1.412184e-01 -4.941747e-01 1.108818e+00 -2.207804e-05
8.000000e+00 1.800000e-01 1.412448e-01 -4.468932e-01 1.108838e+00 2.264089e-05
8.050000e+00 1.800000e-01 1.412162e-01 -4.944482e-01 1.108827e+00 3.328982e-05
8.100000e+00 1.800000e-01 1.412415e-01 -4.503854e-01 1.108826e+00 -9.452305e-06
8.150000e+00 1.800000e-01 1.412171e-01 -4.898530e-01 1.108828e+00 5.045254e-05
8.200000e+00 1.800000e-01 1.412364e-01 -4.517832e-01 1.108838e+00 5.392336e-05
8.250000e+00 1.800000e-01 1.412117e-01 -4.961234e-01 1.108789e+00 -2.680453e-05
8.300000e+00 1.800000e-01 1.412391e-01 -4.370349e-01 1.108888e+00 1.752013e-04
8.350000e+00 1.800000e-01 1.411942e-01 -5.150702e-01 1.108735e+00 -2.520559e-05
8.400000e+00 1.800000e-01 1.412416e-01 -4.233150e-01 1.108901e+00 1.312816e-04
8.450000e+00 1.800000e-01 1.411811e-01 -5.161196e-01 1.108761e+00 1.917498e-04
8.500000e+00 1.800000e-01 1.412225e-01 -4.349213e-01 1.108826e+00 6.844787e-05
8.550000e+00 1.800000e-01 1.411742e-01 -5.046054e-01 1.108790e+00 2.370944e-04
8.600000e+00 1.800000e-01 1.411988e-01 -4.312355e-01 1.108860e+00 4.043356e-04
8.650000e+00 1.800000e-01 1.411338e-01 -5.306106e-01 1.108629e+00 1.295497e-04
8.700000e+00 1.800000e-01 1.411858e-01 -3.984564e-01 1.108988e+00 6.106109e-04
8.750000e+00 1.800000e-01 1.410728e-01 -5.476046e-01 1.108567e+00 6.391916e-04
8.800000e+00 1.800000e-01 1.411219e-01 -4.114158e-01 1.108818e+00 5.710937e-04
8.850000e+00 1.800000e-01 1.410156e-01 -5.270172e-01 1.108677e+00 1.039901e-03
8.900000e+00 1.800000e-01 1.410179e-01 -4.101709e-01 1.108787e+00 1.466469e-03
8.950000e+00 1.800000e-01 1.408690e-01 -5.675885e-01 1.108314e+00 1.260841e-03
9.000000e+00 1.800000e-01 1.408918e-01 -3.683318e-01 1.108976e+00 2.192107e-03
9.050000e+00 1.800000e-01 1.406498e-01 -5.803684e-01 1.108198e+00 2.850784e-03
9.100000e+00 1.800000e-01 1.406067e-01 -3.957633e-01 1.108498e+00 3.224871e-03
9.150000e+00 1.800000e-01 1.403273e-01 -5.769398e-01 1.108127e+00 4.178754e-03
9.200000e+00 1.800000e-01 1.401889e-01 -3.650426e-01 1.108551e+00 6.060006e-03
9.250000e+00 1.800000e-01 1.397213e-01 -6.388973e-01 1.107256e+00 7.051627e-03
9.300000e+00 1.800000e-01 1.394837e-01 -3.596051e-01 1.108094e+00 9.046911e-03
9.350000e+00 1.800000e-01 1.388166e-01 -6.398634e-01 1.107062e+00 1.196483e-02
9.400000e+00 1.800000e-01 1.382872e-01 -3.702366e-01 1.107145e+00 1.559218e-02
9.450000e+00 1.800000e-01 1.372574e-01 -7.139669e-01 1.105392e+00 1.911902e-02
9.500000e+00 1.800000e-01 1.363753e-01 -3.589656e-01 1.106067e+00 2.496277e-02
9.550000e+00 1.800000e-01 1.347611e-01 -7.735037e-01 1.103625e+00 3.200234e-02
9.600000e+00 1.800000e-01 1.331751e-01 -3.999997e-01 1.102751e+00 4.107443e-02
9.650000e+00 1.800000e-01 1.306537e-01 -8.962695e-01 1.099029e+00 5.154248e-02
9.700000e+00 1.800000e-01 1.280208e-01 -4.546065e-01 1.096790e+00 6.613485e-02
9.750000e+00 1.800000e-01 1.240402e-01 -1.084320e+00 1.089712e+00 8.346410e-02
9.800000e+00 1.800000e-01 1.196744e-01 -6.087838e-01 1.080862e+00 1.058598e-01
9.850000e+00 1.800000e-01 1.134542e-01 -1.422053e+00 1.064103e+00 1.321371e-01
9.900000e+00 1.800000e-01 1.064607e-01 -9.584105e-01 1.035869e+00 1.662674e-01
9.950000e+00 1.800000e-01 9.682747e-02 -2.062973e+00 9.846816e-01 2.099670e-01
1.000000e+01 1.800000e-01 8.546400e-02 -1.845444e+00 0.000000e+00 0.000000e+00
0.000000e+00 2.000000e-01 1.039200e-01 -3.600000e+00 0.000000e+00 0.000000e+00
5.000000e-02 2.000000e-01 1.038590e-01 -3.599651e+00 9.581238e-01 9.812393e-04
1.000000e-01 2.000000e-01 1.038219e-01 -3.598730e+00 9.581090e-01 6.668481e-04
1.500000e-01 2.000000e-01 1.037924e-01 -3.603163e+00 9.583793e-01 8.624690e-04
2.000000e-01 2.000000e-01 1.037356e-01 -3.606374e+00 9.577736e-01 1.235762e-03
2.500000e-01 2.000000e-01 1.036688e-01 -3.598974e+00 9.565537e-01 8.552695e-04
3.000000e-01 2.000000e-01 1.036501e-01 -3.593150e+00 9.564742e-01 -8.795336e-05
3.500000e-01 2.000000e-01 1.036776e-01 -3.603665e+00 9.576113e-01 -3.110655e-04
4.000000e-01 2.000000e-01 1.036812e-01 -3.613423e+00 9.577802e-01 3.158890e-04
4.500000e-01 2.000000e-01 1.036460e-01 -3.599747e+00 9.563890e-01 3.451330e-04
5.000000e-01 2.000000e-01 1.036467e-01 -3.582200e+00 9.557225e-01 -8.215494e-04
5.500000e-01 2.000000e-01 1.037281e-01 -3.594818e+00 9.571813e-01 -1.844235e-03
6.000000e-01 2.000000e-01 1.038311e-01 -3.619768e+00 9.588544e-01 -1.586890e-03
6.500000e-01 2.000000e-01 1.038868e-01 -3.608323e+00 9.586452e-01 -9.100440e-04
7.000000e-01 2.000000e-01 1.039221e-01 -3.569515e+00 9.576358e-01 -1.305510e-03
7.500000e-01 2.000000e-01 1.040174e-01 -3.567861e+00 9.583569e-01 -2.680855e-03
8.000000e-01 2.000000e-01 1.041902e-01 -3.614523e+00 9.608651e-01 -3.524683e-03
8.500000e-01 2.000000e-01 1.043698e-01 -3.630887e+00 9.623651e-01 -3.227437e-03
9.000000e-01 2.000000e-01 1.045130e-01 -3.571378e+00 9.616820e-01 -3.029827e-03
9.500000e-01 2.000000e-01 1.046728e-01 -3.515086e+00 9.610461e-01 -4.151955e-03
1.000000e+00 2.000000e-01 1.049281e-01 -3.554935e+00 9.626931e-01 -5.911938e-03
1.050000e+00 2.000000e-01 1.052640e-01 -3.636940e+00 9.647807e-01 -6.858572e-03
1.100000e+00 2.000000e-01 1.056140e-01 -3.616110e+00 9.643187e-01 -7.150827e-03
1.150000e+00 2.000000e-01 1.059791e-01 -3.480909e+00 9.622331e-01 -8.108307e-03
1.200000e+00 2.000000e-01 1.064248e-01 -3.399471e+00 9.620997e-01 -9.886421e-03
1.250000e+00 2.000000e-01 1.069678e-01 -3.487316e+00 9.642243e-01 -1.129417e-02
1.300000e+00 2.000000e-01 1.075543e-01 -3.617614e+00 9.647612e-01 -1.202643e-02
1.350000e+00 2.000000e-01 1.081704e-01 -3.569799e+00 9.619116e-01 -1.319669e-02
1.400000e+00 2.000000e-01 1.088739e-01 -3.335953e+00 9.589885e-01 -1.523616e-02
1.450000e+00 2.000000e-01 1.096940e-01 -3.158671e+00 9.597012e-01 -1.696800e-02
1.500000e+00 2.000000e-01 1.105707e-01 -3.235656e+00 9.626978e-01 -1.753092e-02
1.550000e+00 2.000000e-01 1.114471e-01 -3.459614e+00 9.633691e-01 -1.795930e-02
1.600000e+00 2.000000e-01 1.123667e-01 -3.526061e+00 9.599567e-01 -1.974148e-02
1.650000e+00 2.000000e-01 1.134212e-01 -3.280124e+00 9.556621e-01 -2.260602e-02
1.700000e+00 2.000000e-01 1.146273e-01 -2.895934e+00 9.548365e-01 -2.480458e-02
1.750000e+00 2.000000e-01 1.159017e-01 -2.700882e+00 9.583841e-01 -2.532894e-02
1.800000e+00 2.000000e-01 1.171601e-01 -2.846731e+00 9.631295e-01 -2.502770e-02
1.850000e+00 2.000000e-01 1.184045e-01 -3.168460e+00 9.648452e-01 -2.554246e-02
1.900000e+00 2.000000e-01 1.197144e-01 -3.344005e+00 9.617595e-01 -2.776429e-02
1.950000e+00 2.000000e-01 1.211809e-01 -3.173337e+00 9.560324e-01 -3.138208e-02
2.000000e+00 2.000000e-01 1.228526e-01 -2.724551e+00 9.524029e-01 -3.534066e-02
2.050000e+00 2.000000e-01 1.247150e-01 -2.255374e+00 9.549182e-01 -3.840517e-02
2.100000e+00 2.000000e-01 1.266931e-01 -2.015952e+00 9.639326e-01 -3.967557e-02
2.150000e+00 2.000000e-01 1.286825e-01 -2.090255e+00 9.755719e-01 -3.918302e-02
2.200000e+00 2.000000e-01 1.306114e-01 -2.368931e+00 9.842590e-01 -3.818604e-02
2.250000e+00 2.000000e-01 1.325011e-01 -2.649291e+00 9.864180e-01 -3.864213e-02
2.300000e+00 2.000000e-01 1.344756e-01 -2.766946e+00 9.824901e-01 -4.205198e-02
2.350000e+00 2.000000e-01 1.367063e-01 -2.660760e+00 9.761782e-01 -4.848257e-02
2.400000e+00 2.000000e-01 1.393239e-01 -2.359644e+00 9.721319e-01 -5.639366e-02
2.450000e+00 2.000000e-01 1.423457e-01 -1.938857e+00 9.737925e-01 -6.331068e-02
2.500000e+00 2.000000e-01 1.456550e-01 -1.482066e+00 9.823359e-01 -6.691719e-02
2.550000e+00 2.000000e-01 1.490374e-01 -1.057820e+00 9.967941e-01 -6.597111e-02
2.600000e+00 2.000000e-01 1.522521e-01 -7.089286e-01 1.014915e+00 -6.062384e-02
2.650000e+00 2.000000e-01 1.550998e-01 -4.520906e-01 1.034167e+00 -5.211503e-02
2.700000e+00 2.000000e-01 1.574636e-01 -2.838314e-01 1.052456e+00 -4.213991e-02
2.750000e+00 2.000000e-01 1.593138e-01 -1.885523e-01 1.068442e+00 -3.225162e-02
2.800000e+00 2.000000e-01 1.606887e-01 -1.459373e-01 1.081527e+00 -2.351509e-02
2.850000e+00 2.000000e-01 1.616653e-01 -1.364672e-01 1.091682e+00 -1.643787e-02
2.900000e+00 2.000000e-01 1.623325e-01 -1.445954e-01 1.099226e+00 -1.108336e-02
2.950000e+00 2.000000e-01 1.627736e-01 -1.597427e-01 1.104631e+00 -7.248034e-03
3.000000e+00 2.000000e-01 1.630573e-01 -1.757715e-01 1.108391e+00 -4.619370e-03
3.050000e+00 2.000000e-01 1.632356e-01 -1.897730e-01 1.110944e+00 -2.880591e-03
3.100000e+00 2.000000e-01 1.633454e-01 -2.008180e-01 1.112645e+00 -1.762855e-03
3.150000e+00 2.000000e-01 1.634119e-01 -2.089938e-01 1.113760e+00 -1.060764e-03
3.200000e+00 2.000000e-01 1.634515e-01 -2.147938e-01 1.114482e+00 -6.280623e-04
3.250000e+00 2.000000e-01 1.634747e-01 -2.187896e-01 1.114945e+00 -3.656817e-04
3.300000e+00 2.000000e-01 1.634880e-01 -2.214865e-01 1.115239e+00 -2.089086e-04
3.350000e+00 2.000000e-01 1.634956e-01 -2.232810e-01 1.115425e+00 -1.165905e-04
3.400000e+00 2.000000e-01 1.634997e-01 -2.244628e-01 1.115542e+00 -6.307867e-05
3.450000e+00 2.000000e-01 1.635019e-01 -2.252357e-01 1.115614e+00 -3.263387e-05
3.500000e+00 2.000000e-01 1.635029e-01 -2.257384e-01 1.115659e+00 -1.571969e-05
3.550000e+00 2.000000e-01 1.635034e-01 -2.260642e-01 1.115687e+00 -6.623031e-06
3.600000e+00 2.000000e-01 1.635036e-01 -2.262746e-01 1.115704e+00 -1.959540e-06
3.650000e+00 2.000000e-01 1.635036e-01 -2.264101e-01 1.115714e+00 2.508896e-07
3.700000e+00 2.000000e-01 1.635036e-01 -2.264972e-01 1.115721e+00 1.149648e-06
3.750000e+00 2.000000e-01 1.635035e-01 -2.265530e-01 1.115724e+00 1.382281e-06
3.800000e+00 2.000000e-01 1.635034e-01 -2.265888e-01 1.115726e+00 1.304683e-06
3.850000e+00 2.000000e-01 1.635034e-01 -2.266117e-01 1.115728e+00 1.106065e-06
3.900000e+00 2.000000e-01 1.635033e-01 -2.266262e-01 1.115728e+00 8.815828e-07
3.950000e+00 2.000000e-01 1.635033e-01 -2.266355e-01 1.115729e+00 6.747168e-07
4.000000e+00 2.000000e-01 1.635033e-01 -2.266415e-01 1.115729e+00 5.016343e-07
4.050000e+00 2.000000e-01 1.635032e-01 -2.266453e-01 1.115729e+00 3.649040e-07
4.100000e+00 2.000000e-01 1.635032e-01 -2.266477e-01 1.115729e+00 2.610062e-07
4.150000e+00 2.000000e-01 1.635032e-01 -2.266492e-01 1.115729e+00 1.842790e-07
4.200000e+00 2.000000e-01 1.635032e-01 -2.266502e-01 1.115729e+00 1.288629e-07
4.250000e+00 2.000000e-01 1.635032e-01 -2.266509e-01 1.115729e+00 8.955290e-08
4.300000e+00 2.000000e-01 1.635032e-01 -2.266513e-01 1.115729e+00 6.207969e-08
4.350000e+00 2.000000e-01 1.635032e-01 -2.266516e-01 1.115729e+00 4.311294e-08
4.400000e+00 2.000000e-01 1.635032e-01 -2.266517e-01 1.115729e+00 3.014508e-08
4.450000e+00 2.000000e-01 1.635032e-01 -2.266519e-01 1.115729e+00 2.133873e-08
4.500000e+00 2.000000e-01 1.635032e-01 -2.266520e-01 1.115729e+00 1.537720e-08
4.550000e+00 2.000000e-01 1.635032e-01 -2.266520e-01 1.115729e+00 1.133501e-08
4.600000e+00 2.000000e-01 1.635032e-01 -2.266521e-01 1.115729e+00 8.572953e-09
4.650000e+00 2.000000e-01 1.635032e-01 -2.266521e-01 1.115729e+00 6.656804e-09
4.700000e+00 2.000000e-01 1.635032e-01 -2.266521e-01 1.115729e+00 5.296283e-09
4.750000e+00 2.000000e-01 1.635032e-01 -2.266521e-01 1.115729e+00 4.300389e-09
4.800000e+00 2.000000e-01 1.635032e-01 -2.266521e-01 1.115729e+00 3.545400e-09
4.850000e+00 2.000000e-01 1.635032e-01 -2.266522e-01 1.115729e+00 2.952366e-09
4.900000e+00 2.000000e-01 1.635032e-01 -2.266522e-01 1.115729e+00 2.471559e-09
4.950000e+00 2.000000e-01 1.635032e-01 -2.266522e-01 1.115729e+00 2.071942e-09
5.000000e+00 2.000000e-01 1.635032e-01 -2.266522e-01 1.115729e+00 1.734149e-09
5.050000e+00 2.000000e-01 1.635032e-01 -2.266522e-01 1.115729e+00 1.445913e-09
5.100000e+00 2.000000e-01 1.635032e-01 -2.266522e-01 1.115729e+00 1.199168e-09
5.150000e+00 2.000000e-01 1.635032e-01 -2.266522e-01 1.115729e+00 9.882525e-10
5.200000e+00 2.000000e-01 1.635032e-01 -2.266522e-01 1.115729e+00 8.088499e-10
5.250000e+00 2.000000e-01 1.635032e-01 -2.266522e-01 1.115729e+00 6.573891e-10
5.300000e+00 2.000000e-01 1.635032e-01 -2.266522e-01 1.115729e+00 5.307363e-10
5.350000e+00 2.000000e-01 1.635032e-01 -2.266522e-01 1.115729e+00 4.260550e-10
5.400000e+00 2.000000e-01 1.635032e-01 -2.266522e-01 1.115729e+00 3.407627e-10
5.450000e+00 2.000000e-01 1.635032e-01 -2.266522e-01 1.115729e+00 2.725462e-10
5.500000e+00 2.000000e-01 1.635032e-01 -2.266522e-01 1.115729e+00 2.193820e-10
5.550000e+00 2.000000e-01 1.635032e-01 -2.266522e-01 1.115729e+00 1.795886e-10
5.600000e+00 2.000000e-01 1.635032e-01 -2.266522e-01 1.115729e+00 1.518707e-10
5.650000e+00 2.000000e-01 1.635032e-01 -2.266522e-01 1.115729e+00 1.353606e-10
5.700000e+00 2.000000e-01 1.635032e-01 -2.266522e-01 1.115729e+00 1.296790e-10
5.750000e+00 2.000000e-01 1.635032e-01 -2.266522e-01 1.115729e+00 1.350012e-10
5.800000e+00 2.000000e-01 1.635032e-01 -2.266522e-01 1.115729e+00 1.521366e-10
5.850000e+00 2.000000e-01 1.635032e-01 -2.266522e-01 1.115729e+00 1.826389e-10
5.900000e+00 2.000000e-01 1.635032e-01 -2.266522e-01 1.115729e+00 2.289566e-10
5.950000e+00 2.000000e-01 1.635032e-01 -2.266522e-01 1.115729e+00 2.946293e-10
6.000000e+00 2.000000e-01 1.635032e-01 -2.266522e-01 1.115729e+00 3.845457e-10
6.050000e+00 2.000000e-01 1.635032e-01 -2.266522e-01 1.115729e+00 5.052936e-10
6.100000e+00 2.000000e-01 1.635032e-01 -2.266522e-01 1.115729e+00 6.656145e-10
6.150000e+00 2.000000e-01 1.635032e-01 -2.266522e-01 1.115729e+00 8.769996e-10
6.200000e+00 2.000000e-01 1.635032e-01 -2.266522e-01 1.115729e+00 1.154468e-09
6.250000e+00 2.000000e-01 1.635032e-01 -2.266522e-01 1.115729e+00 1.517581e-09
6.300000e+00 2.000000e-01 1.635032e-01 -2.266522e-01 1.115729e+00 1.991764e-09
6.350000e+00 2.000000e-01 1.635032e-01 -2.266522e-01 1.115729e+00 2.609999e-09
6.400000e+00 2.000000e-01 1.635032e-01 -2.266522e-01 1.115729e+00 3.415039e-09
6.450000e+00 2.000000e-01 1.635032e-01 -2.266522e-01 1.115729e+00 4.462252e-09
6.500000e+00 2.000000e-01 1.635032e-01 -2.266522e-01 1.115729e+00 5.823349e-09
6.550000e+00 2.000000e-01 1.635032e-01 -2.266522e-01 1.115729e+00 7.591011e-09
6.600000e+00 2.000000e-01 1.635032e-01 -2.266522e-01 1.115729e+00 9.885515e-09
6.650000e+00 2.000000e-01 1.635032e-01 -2.266522e-01 1.115729e+00 1.286110e-08
6.700000e+00 2.000000e-01 1.635032e-01 -2.266522e-01 1.115729e+00 1.672153e-08
6.750000e+00 2.000000e-01 1.635032e-01 -2.266522e-01 1.115729e+00 2.171599e-08
6.800000e+00 2.000000e-01 1.635032e-01 -2.266522e-01 1.115729e+00 2.821146e-08
6.850000e+00 2.000000e-01 1.635032e-01 -2.266522e-01 1.115729e+00 3.654339e-08
6.900000e+00 2.000000e-01 1.635032e-01 -2.266522e-01 1.115729e+00 4.756138e-08
6.950000e+00 2.000000e-01 1.635032e-01 -2.266523e-01 1.115729e+00 6.114713e-08
7.000000e+00 2.000000e-01 1.635032e-01 -2.266522e-01 1.115729e+00 8.059742e-08
7.050000e+00 2.000000e-01 1.635032e-01 -2.266526e-01 1.115729e+00 1.006616e-07
7.100000e+00 2.000000e-01 1.635032e-01 -2.266516e-01 1.115729e+00 1.399846e-07
7.150000e+00 2.000000e-01 1.635032e-01 -2.266545e-01 1.115729e+00 1.567257e-07
7.200000e+00 2.000000e-01 1.635032e-01 -2.266475e-01 1.115729e+00 2.623425e-07
7.250000e+00 2.000000e-01 1.635031e-01 -2.266646e-01 1.115729e+00 1.988566e-07
7.300000e+00 2.000000e-01 1.635031e-01 -2.266251e-01 1.115729e+00 5.760923e-07
7.350000e+00 2.000000e-01 1.635031e-01 -2.267143e-01 1.115730e+00 4.714856e-08
7.400000e+00 2.000000e-01 1.635031e-01 -2.265216e-01 1.115729e+00 1.525884e-06
7.450000e+00 2.000000e-01 1.635029e-01 -2.269240e-01 1.115730e+00 -9.775970e-07
7.500000e+00 2.000000e-01 1.635032e-01 -2.261193e-01 1.115729e+00 4.411051e-06
7.550000e+00 2.000000e-01 1.635025e-01 -2.276645e-01 1.115731e+00 -4.703685e-06
7.600000e+00 2.000000e-01 1.635037e-01 -2.248309e-01 1.115727e+00 1.201591e-05
7.650000e+00 2.000000e-01 1.635013e-01 -2.297898e-01 1.115734e+00 -1.419435e-05
7.700000e+00 2.000000e-01 1.635051e-01 -2.215476e-01 1.115722e+00 2.743755e-05
7.750000e+00 2.000000e-01 1.634985e-01 -2.345229e-01 1.115741e+00 -3.012884e-05
7.800000e+00 2.000000e-01 1.635081e-01 -2.152819e-01 1.115712e+00 4.730294e-05
7.850000e+00 2.000000e-01 1.634938e-01 -2.420317e-01 1.115753e+00 -4.101677e-05
7.900000e+00 2.000000e-01 1.635122e-01 -2.074136e-01 1.115699e+00 5.228048e-05
7.950000e+00 2.000000e-01 1.634886e-01 -2.488396e-01 1.115766e+00 -2.053140e-05
8.000000e+00 2.000000e-01 1.635143e-01 -2.033650e-01 1.115689e+00 2.139206e-05
8.050000e+00 2.000000e-01 1.634864e-01 -2.490170e-01 1.115771e+00 3.405327e-05
8.100000e+00 2.000000e-01 1.635109e-01 -2.067095e-01 1.115691e+00 -8.583424e-06
8.150000e+00 2.000000e-01 1.634873e-01 -2.448307e-01 1.115763e+00 4.780310e-05
8.200000e+00 2.000000e-01 1.635061e-01 -2.073726e-01 1.115703e+00 5.916412e-05
8.250000e+00 2.000000e-01 1.634814e-01 -2.519655e-01 1.115750e+00 -3.268614e-05
8.300000e+00 2.000000e-01 1.635094e-01 -1.918055e-01 1.115712e+00 1.802765e-04
8.350000e+00 2.000000e-01 1.634634e-01 -2.711646e-01 1.115751e+00 -2.493357e-05
8.400000e+00 2.000000e-01 1.635119e-01 -1.785244e-01 1.115699e+00 1.259804e-04
8.450000e+00 2.000000e-01 1.634508e-01 -2.709915e-01 1.115775e+00 2.014566e-04
8.500000e+00 2.000000e-01 1.634917e-01 -1.910743e-01 1.115676e+00 6.485601e-05
8.550000e+00 2.000000e-01 1.634443e-01 -2.596409e-01 1.115785e+00 2.302377e-04
8.600000e+00 2.000000e-01 1.634687e-01 -1.849265e-01 1.115703e+00 4.265218e-04
8.650000e+00 2.000000e-01 1.634016e-01 -2.889934e-01 1.115728e+00 1.104537e-04
8.700000e+00 2.000000e-01 1.634576e-01 -1.495458e-01 1.115762e+00 6.154407e-04
8.750000e+00 2.000000e-01 1.633401e-01 -3.045796e-01 1.115733e+00 6.641982e-04
8.800000e+00 2.000000e-01 1.633912e-01 -1.659732e-01 1.115685e+00 5.488431e-04
8.850000e+00 2.000000e-01 1.632852e-01 -2.810752e-01 1.115838e+00 1.039946e-03
8.900000e+00 2.000000e-01 1.632872e-01 -1.605870e-01 1.115699e+00 1.518443e-03
8.950000e+00 2.000000e-01 1.631333e-01 -3.288566e-01 1.115692e+00 1.220730e-03
9.000000e+00 2.000000e-01 1.631652e-01 -1.124210e-01 1.115891e+00 2.196442e-03
9.050000e+00 2.000000e-01 1.629137e-01 -3.364059e-01 1.115738e+00 2.920942e-03
9.100000e+00 2.000000e-01 1.628731e-01 -1.459707e-01 1.115669e+00 3.210655e-03
9.150000e+00 2.000000e-01 1.625926e-01 -3.305501e-01 1.115929e+00 4.141489e-03
9.200000e+00 2.000000e-01 1.624589e-01 -1.002783e-01 1.115926e+00 6.178666e-03
9.250000e+00 2.000000e-01 1.619748e-01 -3.988065e-01 1.115597e+00 7.089092e-03
9.300000e+00 2.000000e-01 1.617500e-01 -9.417080e-02 1.115976e+00 9.005263e-03
9.350000e+00 2.000000e-01 1.610742e-01 -3.813522e-01 1.116109e+00 1.206521e-02
9.400000e+00 2.000000e-01 1.605435e-01 -9.386859e-02 1.115826e+00 1.579444e-02
9.450000e+00 2.000000e-01 1.594948e-01 -4.589712e-01 1.115685e+00 1.917955e-02
9.500000e+00 2.000000e-01 1.586255e-01 -6.278725e-02 1.116159e+00 2.509367e-02
9.550000e+00 2.000000e-01 1.569854e-01 -4.859732e-01 1.115920e+00 3.241804e-02
9.600000e+00 2.000000e-01 1.553837e-01 -8.523147e-02 1.115102e+00 4.164269e-02
9.650000e+00 2.000000e-01 1.528212e-01 -5.805205e-01 1.114549e+00 5.229826e-02
9.700000e+00 2.000000e-01 1.501539e-01 -9.520722e-02 1.113172e+00 6.740107e-02
9.750000e+00 2.000000e-01 1.460811e-01 -6.895226e-01 1.110702e+00 8.593705e-02
9.800000e+00 2.000000e-01 1.415602e-01 -1.846938e-01 1.103921e+00 1.099981e-01
9.850000e+00 2.000000e-01 1.350812e-01 -8.974489e-01 1.094372e+00 1.398094e-01
9.900000e+00 2.000000e-01 1.275793e-01 -4.170061e-01 1.072063e+00 1.801052e-01
9.950000e+00 2.000000e-01 1.170707e-01 -1.297439e+00 1.035646e+00 2.365926e-01
1.000000e+01 2.000000e-01 1.039200e-01 -1.115076e+00 0.000000e+00 0.000000e+00
0.000000e+00 2.200000e-01 1.238160e-01 -3.360000e+00 0.000000e+00 0.000000e+00
5.000000e-02 2.200000e-01 1.237395e-01 -3.363585e+00 1.027489e+00 1.127279e-03
1.000000e-01 2.200000e-01 1.237033e-01 -3.356305e+00 1.027551e+00 5.656161e-04
1.500000e-01 2.200000e-01 1.236829e-01 -3.350340e+00 1.028253e+00 9.026161e-04
2.000000e-01 2.200000e-01 1.236130e-01 -3.370847e+00 1.027729e+00 1.674921e-03
2.500000e-01 2.200000e-01 1.235154e-01 -3.383125e+00 1.025818e+00 1.182991e-03
3.000000e-01 2.200000e-01 1.234947e-01 -3.349871e+00 1.025339e+00 -3.756687e-04
3.500000e-01 2.200000e-01 1.235530e-01 -3.327161e+00 1.027282e+00 -6.770409e-04
4.000000e-01 2.200000e-01 1.235624e-01 -3.372152e+00 1.028222e+00 6.300735e-04
4.500000e-01 2.200000e-01 1.234900e-01 -3.411282e+00 1.026060e+00 9.127567e-04
5.000000e-01 2.200000e-01 1.234711e-01 -3.357170e+00 1.024077e+00 -1.001490e-03
5.500000e-01 2.200000e-01 1.235901e-01 -3.290127e+00 1.025900e+00 -2.650885e-03
6.000000e-01 2.200000e-01 1.237362e-01 -3.342062e+00 1.029298e+00 -1.914770e-03
6.500000e-01 2.200000e-01 1.237816e-01 -3.441268e+00 1.029385e+00 -4.682221e-04
7.000000e-01 2.200000e-01 1.237831e-01 -3.403160e+00 1.026381e+00 -1.117692e-03
7.500000e-01 2.200000e-01 1.238934e-01 -3.260208e+00 1.025720e+00 -3.485479e-03
8.000000e-01 2.200000e-01 1.241316e-01 -3.251900e+00 1.029954e+00 -4.515711e-03
8.500000e-01 2.200000e-01 1.243450e-01 -3.423575e+00 1.033717e+00 -3.249889e-03
9.000000e-01 2.200000e-01 1.244566e-01 -3.498094e+00 1.031886e+00 -2.442713e-03
9.500000e-01 2.200000e-01 1.245892e-01 -3.311281e+00 1.027768e+00 -4.336301e-03
1.000000e+00 2.200000e-01 1.248902e-01 -3.120707e+00 1.028910e+00 -6.982921e-03
1.050000e+00 2.200000e-01 1.252875e-01 -3.241692e+00 1.034438e+00 -7.280687e-03
1.100000e+00 2.200000e-01 1.256183e-01 -3.519831e+00 1.035895e+00 -6.209255e-03
1.150000e+00 2.200000e-01 1.259084e-01 -3.511038e+00 1.030494e+00 -7.218983e-03
1.200000e+00 2.200000e-01 1.263402e-01 -3.156924e+00 1.025896e+00 -1.044210e-02
1.250000e+00 2.200000e-01 1.269527e-01 -2.922357e+00 1.028550e+00 -1.232751e-02
1.300000e+00 2.200000e-01 1.275729e-01 -3.150596e+00 1.033643e+00 -1.155967e-02
1.350000e+00 2.200000e-01 1.281086e-01 -3.538799e+00 1.032511e+00 -1.129207e-02
1.400000e+00 2.200000e-01 1.287021e-01 -3.522712e+00 1.025084e+00 -1.405788e-02
1.450000e+00 2.200000e-01 1.295144e-01 -3.039334e+00 1.019729e+00 -1.778719e-02
1.500000e+00 2.200000e-01 1.304809e-01 -2.634380e+00 1.021824e+00 -1.896419e-02
1.550000e+00 2.200000e-01 1.314108e-01 -2.782373e+00 1.027298e+00 -1.775142e-02
1.600000e+00 2.200000e-01 1.322560e-01 -3.295658e+00 1.028136e+00 -1.752902e-02
1.650000e+00 2.200000e-01 1.331637e-01 -3.549167e+00 1.021584e+00 -2.029344e-02
1.700000e+00 2.200000e-01 1.342853e-01 -3.197280e+00 1.012819e+00 -2.448150e-02
1.750000e+00 2.200000e-01 1.356119e-01 -2.540857e+00 1.009521e+00 -2.720813e-02
1.800000e+00 2.200000e-01 1.370062e-01 -2.184340e+00 1.014397e+00 -2.730535e-02
1.850000e+00 2.200000e-01 1.383424e-01 -2.422844e+00 1.022505e+00 -2.599911e-02
1.900000e+00 2.200000e-01 1.396061e-01 -2.993801e+00 1.025514e+00 -2.563127e-02
1.950000e+00 2.200000e-01 1.409055e-01 -3.363684e+00 1.019246e+00 -2.803887e-02
2.000000e+00 2.200000e-01 1.424100e-01 -3.207460e+00 1.007735e+00 -3.334990e-02
2.050000e+00 2.200000e-01 1.442405e-01 -2.628295e+00 9.999902e-01 -3.962375e-02
2.100000e+00 2.200000e-01 1.463723e-01 -2.008215e+00 1.002584e+00 -4.386135e-02
2.150000e+00 2.200000e-01 1.486267e-01 -1.702187e+00 1.014512e+00 -4.414869e-02
2.200000e+00 2.200000e-01 1.507872e-01 -1.811366e+00 1.028287e+00 -4.135202e-02
2.250000e+00 2.200000e-01 1.527619e-01 -2.168650e+00 1.035870e+00 -3.871468e-02
2.300000e+00 2.200000e-01 1.546587e-01 -2.506796e+00 1.034076e+00 -3.960363e-02
2.350000e+00 2.200000e-01 1.567222e-01 -2.636047e+00 1.025516e+00 -4.531886e-02
2.400000e+00 2.200000e-01 1.591906e-01 -2.505639e+00 1.015824e+00 -5.445357e-02
2.450000e+00 2.200000e-01 1.621676e-01 -2.169117e+00 1.010211e+00 -6.383048e-02
2.500000e+00 2.200000e-01 1.655736e-01 -1.724633e+00 1.011396e+00 -7.014519e-02
2.550000e+00 2.200000e-01 1.691821e-01 -1.268279e+00 1.019334e+00 -7.135378e-02
2.600000e+00 2.200000e-01 1.727090e-01 -8.681071e-01 1.032112e+00 -6.721480e-02
2.650000e+00 2.200000e-01 1.759036e-01 -5.571080e-01 1.047187e+00 -5.896236e-02
2.700000e+00 2.200000e-01 1.786052e-01 -3.394212e-01 1.062321e+00 -4.851981e-02
2.750000e+00 2.200000e-01 1.807556e-01 -2.018134e-01 1.075998e+00 -3.773976e-02
2.800000e+00 2.200000e-01 1.823792e-01 -1.241997e-01 1.087458e+00 -2.795201e-02
2.850000e+00 2.200000e-01 1.835508e-01 -8.667397e-02 1.096519e+00 -1.985026e-02
2.900000e+00 2.200000e-01 1.843642e-01 -7.306496e-02 1.103362e+00 -1.360274e-02
2.950000e+00 2.200000e-01 1.849110e-01 -7.196008e-02 1.108341e+00 -9.046597e-03
3.000000e+00 2.200000e-01 1.852689e-01 -7.624080e-02 1.111855e+00 -5.868405e-03
3.050000e+00 2.200000e-01 1.854979e-01 -8.199614e-02 1.114275e+00 -3.728710e-03
3.100000e+00 2.200000e-01 1.856418e-01 -8.739033e-02 1.115908e+00 -2.328362e-03
3.150000e+00 2.200000e-01 1.857307e-01 -9.176589e-02 1.116992e+00 -1.432353e-03
3.200000e+00 2.200000e-01 1.857850e-01 -9.504601e-02 1.117704e+00 -8.693696e-04
3.250000e+00 2.200000e-01 1.858177e-01 -9.738804e-02 1.118165e+00 -5.208928e-04
3.300000e+00 2.200000e-01 1.858371e-01 -9.900788e-02 1.118462e+00 -3.079533e-04
3.350000e+00 2.200000e-01 1.858485e-01 -1.001046e-01 1.118651e+00 -1.793663e-04
3.400000e+00 2.200000e-01 1.858550e-01 -1.008364e-01 1.118771e+00 -1.026264e-04
3.450000e+00 2.200000e-01 1.858587e-01 -1.013198e-01 1.118847e+00 -5.740748e-05
3.500000e+00 2.200000e-01 1.858608e-01 -1.016370e-01 1.118895e+00 -3.115253e-05
3.550000e+00 2.200000e-01 1.858618e-01 -1.018441e-01 1.118924e+00 -1.618287e-05
3.600000e+00 2.200000e-01 1.858624e-01 -1.019787e-01 1.118943e+00 -7.846468e-06
3.650000e+00 2.200000e-01 1.858626e-01 -1.020661e-01 1.118954e+00 -3.351491e-06
3.700000e+00 2.200000e-01 1.858627e-01 -1.021226e-01 1.118961e+00 -1.039817e-06
3.750000e+00 2.200000e-01 1.858627e-01 -1.021591e-01 1.118966e+00 6.132297e-08
3.800000e+00 2.200000e-01 1.858627e-01 -1.021826e-01 1.118968e+00 5.140322e-07
3.850000e+00 2.200000e-01 1.858627e-01 -1.021978e-01 1.118970e+00 6.368429e-07
3.900000e+00 2.200000e-01 1.858626e-01 -1.022075e-01 1.118971e+00 6.056024e-07
3.950000e+00 2.200000e-01 1.858626e-01 -1.022138e-01 1.118971e+00 5.138704e-07
4.000000e+00 2.200000e-01 1.858626e-01 -1.022178e-01 1.118972e+00 4.087078e-07
4.050000e+00 2.200000e-01 1.858626e-01 -1.022204e-01 1.118972e+00 3.116154e-07
4.100000e+00 2.200000e-01 1.858626e-01 -1.022221e-01 1.118972e+00 2.305870e-07
4.150000e+00 2.200000e-01 1.858625e-01 -1.022232e-01 1.118972e+00 1.669027e-07
4.200000e+00 2.200000e-01 1.858625e-01 -1.022239e-01 1.118972e+00 1.188467e-07
4.250000e+00 2.200000e-01 1.858625e-01 -1.022243e-01 1.118972e+00 8.365825e-08
4.300000e+00 2.200000e-01 1.858625e-01 -1.022246e-01 1.118972e+00 5.849078e-08
4.350000e+00 2.200000e-01 1.858625e-01 -1.022248e-01 1.118972e+00 4.082841e-08
4.400000e+00 2.200000e-01 1.858625e-01 -1.022250e-01 1.118972e+00 2.862109e-08
4.450000e+00 2.200000e-01 1.858625e-01 -1.022251e-01 1.118972e+00 2.028268e-08
4.500000e+00 2.200000e-01 1.858625e-01 -1.022251e-01 1.118972e+00 1.463080e-08
4.550000e+00 2.200000e-01 1.858625e-01 -1.022252e-01 1.118972e+00 1.080967e-08
4.600000e+00 2.200000e-01 1.858625e-01 -1.022252e-01 1.118972e+00 8.215145e-09
4.650000e+00 2.200000e-01 1.858625e-01 -1.022252e-01 1.118972e+00 6.430255e-09
4.700000e+00 2.200000e-01 1.858625e-01 -1.022252e-01 1.118972e+00 5.173328e-09
4.750000e+00 2.200000e-01 1.858625e-01 -1.022253e-01 1.118972e+00 4.258105e-09
4.800000e+00 2.200000e-01 1.858625e-01 -1.022253e-01 1.118972e+00 3.564079e-09
4.850000e+00 2.200000e-01 1.858625e-01 -1.022253e-01 1.118972e+00 3.015008e-09
4.900000e+00 2.200000e-01 1.858625e-01 -1.022253e-01 1.118972e+00 2.563758e-09
4.950000e+00 2.200000e-01 1.858625e-01 -1.022253e-01 1.118972e+00 2.181824e-09
5.000000e+00 2.200000e-01 1.858625e-01 -1.022253e-01 1.118972e+00 1.852258e-09
5.050000e+00 2.200000e-01 1.858625e-01 -1.022253e-01 1.118972e+00 1.565031e-09
5.100000e+00 2.200000e-01 1.858625e-01 -1.022253e-01 1.118972e+00 1.314055e-09
5.150000e+00 2.200000e-01 1.858625e-01 -1.022253e-01 1.118972e+00 1.095347e-09
5.200000e+00 2.200000e-01 1.858625e-01 -1.022253e-01 1.118972e+00 9.059717e-10
5.250000e+00 2.200000e-01 1.858625e-01 -1.022253e-01 1.118972e+00 7.434417e-10
5.300000e+00 2.200000e-01 1.858625e-01 -1.022253e-01 1.118972e+00 6.054404e-10
5.350000e+00 2.200000e-01 1.858625e-01 -1.022253e-01 1.118972e+00 4.897152e-10
5.400000e+00 2.200000e-01 1.858625e-01 -1.022253e-01 1.118972e+00 3.940748e-10
5.450000e+00 2.200000e-01 1.858625e-01 -1.022253e-01 1.118972e+00 3.164380e-10
5.500000e+00 2.200000e-01 1.858625e-01 -1.022253e-01 1.118972e+00 2.548950e-10
5.550000e+00 2.200000e-01 1.858625e-01 -1.022253e-01 1.118972e+00 2.077874e-10
5.600000e+00 2.200000e-01 1.858625e-01 -1.022253e-01 1.118972e+00 1.737790e-10
5.650000e+00 2.200000e-01 1.858625e-01 -1.022253e-01 1.118972e+00 1.519213e-10
5.700000e+00 2.200000e-01 1.858625e-01 -1.022253e-01 1.118972e+00 1.417266e-10
5.750000e+00 2.200000e-01 1.858625e-01 -1.022253e-01 1.118972e+00 1.432479e-10
5.800000e+00 2.200000e-01 1.858625e-01 -1.022253e-01 1.118972e+00 1.571676e-10
5.850000e+00 2.200000e-01 1.858625e-01 -1.022253e-01 1.118972e+00 1.849154e-10
5.900000e+00 2.200000e-01 1.858625e-01 -1.022253e-01 1.118972e+00 2.288181e-10
5.950000e+00 2.200000e-01 1.858625e-01 -1.022253e-01 1.118972e+00 2.922976e-10
6.000000e+00 2.200000e-01 1.858625e-01 -1.022253e-01 1.118972e+00 3.801287e-10
6.050000e+00 2.200000e-01 1.858625e-01 -1.022253e-01 1.118972e+00 4.987866e-10
6.100000e+00 2.200000e-01 1.858625e-01 -1.022253e-01 1.118972e+00 6.569004e-10
6.150000e+00 2.200000e-01 1.858625e-01 -1.022253e-01 1.118972e+00 8.658405e-10
6.200000e+00 2.200000e-01 1.858625e-01 -1.022253e-01 1.118972e+00 1.140491e-09
6.250000e+00 2.200000e-01 1.858625e-01 -1.022253e-01 1.118972e+00 1.500260e-09
6.300000e+00 2.200000e-01 1.858625e-01 -1.022253e-01 1.118972e+00 1.970388e-09
6.350000e+00 2.200000e-01 1.858625e-01 -1.022253e-01 1.118972e+00 2.583632e-09
6.400000e+00 2.200000e-01 1.858625e-01 -1.022253e-01 1.118972e+00 3.382465e-09
6.450000e+00 2.200000e-01 1.858625e-01 -1.022253e-01 1.118972e+00 4.421896e-09
6.500000e+00 2.200000e-01 1.858625e-01 -1.022253e-01 1.118972e+00 5.773174e-09
6.550000e+00 2.200000e-01 1.858625e-01 -1.022253e-01 1.118972e+00 7.528404e-09
6.600000e+00 2.200000e-01 1.858625e-01 -1.022253e-01 1.118972e+00 9.807055e-09
6.650000e+00 2.200000e-01 1.858625e-01 -1.022253e-01 1.118972e+00 1.276254e-08
6.700000e+00 2.200000e-01 1.858625e-01 -1.022253e-01 1.118972e+00 1.659681e-08
6.750000e+00 2.200000e-01 1.858625e-01 -1.022253e-01 1.118972e+00 2.155908e-08
6.800000e+00 2.200000e-01 1.858625e-01 -1.022253e-01 1.118972e+00 2.800896e-08
6.850000e+00 2.200000e-01 1.858625e-01 -1.022253e-01 1.118972e+00 3.629470e-08
6.900000e+00 2.200000e-01 1.858625e-01 -1.022253e-01 1.118972e+00 4.721668e-08
6.950000e+00 2.200000e-01 1.858625e-01 -1.022254e-01 1.118972e+00 6.078106e-08
7.000000e+00 2.200000e-01 1.858625e-01 -1.022253e-01 1.118972e+00 7.992243e-08
7.050000e+00 2.200000e-01 1.858625e-01 -1.022256e-01 1.118972e+00 1.003335e-07
7.100000e+00 2.200000e-01 1.858625e-01 -1.022247e-01 1.118972e+00 1.381839e-07
7.150000e+00 2.200000e-01 1.858625e-01 -1.022271e-01 1.118972e+00 1.578015e-07
7.200000e+00 2.200000e-01 1.858625e-01 -1.022213e-01 1.118972e+00 2.556279e-07
7.250000e+00 2.200000e-01 1.858625e-01 -1.022353e-01 1.118972e+00 2.088095e-07
7.300000e+00 2.200000e-01 1.858625e-01 -1.022027e-01 1.118972e+00 5.476825e-07
7.350000e+00 2.200000e-01 1.858624e-01 -1.022766e-01 1.118972e+00 9.830986e-08
7.400000e+00 2.200000e-01 1.858624e-01 -1.021161e-01 1.118972e+00 1.412352e-06
7.450000e+00 2.200000e-01 1.858623e-01 -1.024527e-01 1.118973e+00 -7.728186e-07
7.500000e+00 2.200000e-01 1.858625e-01 -1.017758e-01 1.118971e+00 4.018838e-06
7.550000e+00 2.200000e-01 1.858619e-01 -1.030820e-01 1.118976e+00 -4.042727e-06
7.600000e+00 2.200000e-01 1.858629e-01 -1.006738e-01 1.118967e+00 1.090176e-05
7.650000e+00 2.200000e-01 1.858608e-01 -1.049093e-01 1.118983e+00 -1.250621e-05
7.700000e+00 2.200000e-01 1.858642e-01 -9.783203e-02 1.118956e+00 2.496124e-05
7.750000e+00 2.200000e-01 1.858583e-01 -1.090305e-01 1.118998e+00 -2.688819e-05
7.800000e+00 2.200000e-01 1.858669e-01 -9.233700e-02 1.118936e+00 4.332115e-05
7.850000e+00 2.200000e-01 1.858539e-01 -1.156622e-01 1.119023e+00 -3.684029e-05
7.900000e+00 2.200000e-01 1.858706e-01 -8.532362e-02 1.118910e+00 4.842028e-05
7.950000e+00 2.200000e-01 1.858491e-01 -1.217974e-01 1.119047e+00 -1.806665e-05
8.000000e+00 2.200000e-01 1.858724e-01 -8.158393e-02 1.118895e+00 2.069032e-05
8.050000e+00 2.200000e-01 1.858470e-01 -1.220942e-01 1.119051e+00 3.250782e-05
8.100000e+00 2.200000e-01 1.858691e-01 -8.445123e-02 1.118906e+00 -6.115369e-06
8.150000e+00 2.200000e-01 1.858476e-01 -1.184229e-01 1.119036e+00 4.534119e-05
8.200000e+00 2.200000e-01 1.858646e-01 -8.492633e-02 1.118918e+00 5.901206e-05
8.250000e+00 2.200000e-01 1.858417e-01 -1.250727e-01 1.119047e+00 -3.019598e-05
8.300000e+00 2.200000e-01 1.858676e-01 -7.043155e-02 1.118891e+00 1.746783e-04
8.350000e+00 2.200000e-01 1.858243e-01 -1.429483e-01 1.119095e+00 -2.019480e-05
8.400000e+00 2.200000e-01 1.858696e-01 -5.804019e-02 1.118858e+00 1.216915e-04
8.450000e+00 2.200000e-01 1.858121e-01 -1.425356e-01 1.119116e+00 2.012331e-04
8.500000e+00 2.200000e-01 1.858495e-01 -7.018338e-02 1.118879e+00 6.473589e-05
8.550000e+00 2.200000e-01 1.858056e-01 -1.314891e-01 1.119110e+00 2.262599e-04
8.600000e+00 2.200000e-01 1.858269e-01 -6.396197e-02 1.118894e+00 4.268279e-04
8.650000e+00 2.200000e-01 1.857629e-01 -1.603690e-01 1.119154e+00 1.059865e-04
8.700000e+00 2.200000e-01 1.858163e-01 -2.893945e-02 1.118884e+00 6.086255e-04
8.750000e+00 2.200000e-01 1.857021e-01 -1.749526e-01 1.119215e+00 6.696476e-04
8.800000e+00 2.200000e-01 1.857493e-01 -4.657624e-02 1.118901e+00 5.291520e-04
8.850000e+00 2.200000e-01 1.856492e-01 -1.495739e-01 1.119302e+00 1.034378e-03
8.900000e+00 2.200000e-01 1.856459e-01 -4.081965e-02 1.118943e+00 1.524838e-03
8.950000e+00 2.200000e-01 1.854967e-01 -1.990819e-01 1.119376e+00 1.184322e-03
9.000000e+00 2.200000e-01 1.855274e-01 1.001559e-02 1.119108e+00 2.173980e-03
9.050000e+00 2.200000e-01 1.852793e-01 -2.034012e-01 1.119544e+00 2.939299e-03
9.100000e+00 2.200000e-01 1.852335e-01 -2.871940e-02 1.119147e+00 3.148150e-03
9.150000e+00 2.200000e-01 1.849645e-01 -1.929947e-01 1.119950e+00 4.076238e-03
9.200000e+00 2.200000e-01 1.848259e-01 2.402304e-02 1.119519e+00 6.192892e-03
9.250000e+00 2.200000e-01 1.843452e-01 -2.652040e-01 1.120127e+00 7.031503e-03
9.300000e+00 2.200000e-01 1.841227e-01 2.866974e-02 1.120024e+00 8.842142e-03
9.350000e+00 2.200000e-01 1.834610e-01 -2.308418e-01 1.121170e+00 1.202473e-02
9.400000e+00 2.200000e-01 1.829203e-01 3.095447e-02 1.120539e+00 1.576178e-02
9.450000e+00 2.200000e-01 1.818848e-01 -3.115783e-01 1.121872e+00 1.898593e-02
9.500000e+00 2.200000e-01 1.810217e-01 7.326914e-02 1.122057e+00 2.486881e-02
9.550000e+00 2.200000e-01 1.793979e-01 -3.098883e-01 1.123724e+00 3.242493e-02
9.600000e+00 2.200000e-01 1.777792e-01 5.338232e-02 1.122941e+00 4.162276e-02
9.650000e+00 2.200000e-01 1.752356e-01 -3.866483e-01 1.125121e+00 5.231454e-02
9.700000e+00 2.200000e-01 1.725477e-01 6.907476e-02 1.124520e+00 6.767369e-02
9.750000e+00 2.200000e-01 1.684683e-01 -4.336242e-01 1.125917e+00 8.716450e-02
9.800000e+00 2.200000e-01 1.638313e-01 1.375539e-02 1.121260e+00 1.123920e-01
9.850000e+00 2.200000e-01 1.572291e-01 -5.512517e-01 1.118005e+00 1.448802e-01
9.900000e+00 2.200000e-01 1.493432e-01 -1.349887e-01 1.102325e+00 1.897577e-01
9.950000e+00 2.200000e-01 1.382533e-01 -7.621580e-01 1.080092e+00 2.552724e-01
1.000000e+01 2.200000e-01 1.238160e-01 -6.266779e-01 0.000000e+00 0.000000e+00
0.000000e+00 2.400000e-01 1.450560e-01 -3.120000e+00 0.000000e+00 0.000000e+00
5.000000e-02 2.400000e-01 1.449586e-01 -3.129163e+00 1.092021e+00 1.320723e-03
1.000000e-01 2.400000e-01 1.449239e-01 -3.142758e+00 1.092269e+00 3.613128e-04
1.500000e-01 2.400000e-01 1.449225e-01 -3.094164e+00 1.093138e+00 7.914357e-04
2.000000e-01 2.400000e-01 1.448448e-01 -3.073886e+00 1.092708e+00 2.209557e-03
2.500000e-01 2.400000e-01 1.447015e-01 -3.166297e+00 1.090707e+00 1.811100e-03
3.000000e-01 2.400000e-01 1.446637e-01 -3.205062e+00 1.089756e+00 -6.736409e-04
3.500000e-01 2.400000e-01 1.447689e-01 -3.068584e+00 1.091467e+00 -1.464254e-03
4.000000e-01 2.400000e-01 1.448101e-01 -2.995552e+00 1.093185e+00 8.049623e-04
4.500000e-01 2.400000e-01 1.446884e-01 -3.169977e+00 1.091848e+00 2.003269e-03
5.000000e-01 2.400000e-01 1.446098e-01 -3.301053e+00 1.088843e+00 -7.576757e-04
5.500000e-01 2.400000e-01 1.447641e-01 -3.099983e+00 1.088792e+00 -3.932558e-03
6.000000e-01 2.400000e-01 1.450030e-01 -2.880249e+00 1.092926e+00 -2.980799e-03
6.500000e-01 2.400000e-01 1.450622e-01 -3.071697e+00 1.096054e+00 2.568326e-04
7.000000e-01 2.400000e-01 1.449773e-01 -3.395887e+00 1.093215e+00 1.603270e-04
7.500000e-01 2.400000e-01 1.450462e-01 -3.260654e+00 1.088305e+00 -4.110237e-03
8.000000e-01 2.400000e-01 1.453884e-01 -2.810572e+00 1.090494e+00 -6.723536e-03
8.500000e-01 2.400000e-01 1.457185e-01 -2.802926e+00 1.098578e+00 -4.000055e-03
9.000000e-01 2.400000e-01 1.457884e-01 -3.324609e+00 1.101061e+00 -6.501946e-04
9.500000e-01 2.400000e-01 1.457836e-01 -3.539633e+00 1.093330e+00 -2.961801e-03
1.000000e+00 2.400000e-01 1.460846e-01 -3.012406e+00 1.087463e+00 -8.579659e-03
1.050000e+00 2.400000e-01 1.466415e-01 -2.498980e+00 1.093267e+00 -9.652468e-03
1.100000e+00 2.400000e-01 1.470498e-01 -2.831443e+00 1.102440e+00 -5.573412e-03
1.150000e+00 2.400000e-01 1.471989e-01 -3.555781e+00 1.100458e+00 -4.108925e-03
1.200000e+00 2.400000e-01 1.474607e-01 -3.559001e+00 1.088853e+00 -9.108670e-03
1.250000e+00 2.400000e-01 1.481097e-01 -2.734554e+00 1.082973e+00 -1.439285e-02
1.300000e+00 2.400000e-01 1.489000e-01 -2.202267e+00 1.089504e+00 -1.361106e-02
1.350000e+00 2.400000e-01 1.494708e-01 -2.715010e+00 1.097818e+00 -9.773002e-03
1.400000e+00 2.400000e-01 1.498773e-01 -3.577801e+00 1.094748e+00 -1.012347e-02
1.450000e+00 2.400000e-01 1.504832e-01 -3.601551e+00 1.081746e+00 -1.566390e-02
1.500000e+00 2.400000e-01 1.514437e-01 -2.683833e+00 1.072394e+00 -2.055834e-02
1.550000e+00 2.400000e-01 1.525390e-01 -1.922268e+00 1.075873e+00 -2.048442e-02
1.600000e+00 2.400000e-01 1.534921e-01 -2.202740e+00 1.086221e+00 -1.745580e-02
1.650000e+00 2.400000e-01 1.542846e-01 -3.153567e+00 1.089098e+00 -1.647890e-02
1.700000e+00 2.400000e-01 1.551400e-01 -3.653424e+00 1.077925e+00 -1.997940e-02
1.750000e+00 2.400000e-01 1.562825e-01 -3.134889e+00 1.061709e+00 -2.596039e-02
1.800000e+00 2.400000e-01 1.577360e-01 -2.132879e+00 1.055655e+00 -3.022121e-02
1.850000e+00 2.400000e-01 1.593047e-01 -1.615110e+00 1.064907e+00 -2.998920e-02
1.900000e+00 2.400000e-01 1.607350e-01 -2.005011e+00 1.079010e+00 -2.646098e-02
1.950000e+00 2.400000e-01 1.619508e-01 -2.860360e+00 1.082518e+00 -2.427035e-02
2.000000e+00 2.400000e-01 1.631620e-01 -3.394197e+00 1.070445e+00 -2.763820e-02
2.050000e+00 2.400000e-01 1.647146e-01 -3.197401e+00 1.052376e+00 -3.634490e-02
2.100000e+00 2.400000e-01 1.667965e-01 -2.468868e+00 1.042675e+00 -4.548417e-02
2.150000e+00 2.400000e-01 1.692630e-01 -1.737590e+00 1.048069e+00 -4.946395e-02
2.200000e+00 2.400000e-01 1.717429e-01 -1.433064e+00 1.063292e+00 -4.672936e-02
2.250000e+00 2.400000e-01 1.739359e-01 -1.617336e+00 1.076848e+00 -4.095793e-02
2.300000e+00 2.400000e-01 1.758387e-01 -2.037596e+00 1.080333e+00 -3.791023e-02
2.350000e+00 2.400000e-01 1.777270e-01 -2.380059e+00 1.073127e+00 -4.118184e-02
2.400000e+00 2.400000e-01 1.799569e-01 -2.464000e+00 1.060528e+00 -5.027163e-02
2.450000e+00 2.400000e-01 1.827541e-01 -2.273064e+00 1.049161e+00 -6.153954e-02
2.500000e+00 2.400000e-01 1.861108e-01 -1.893358e+00 1.043498e+00 -7.056653e-02
2.550000e+00 2.400000e-01 1.898108e-01 -1.440766e+00 1.044783e+00 -7.425721e-02
2.600000e+00 2.400000e-01 1.935365e-01 -1.011375e+00 1.051764e+00 -7.176519e-02
2.650000e+00 2.400000e-01 1.969873e-01 -6.605705e-01 1.062086e+00 -6.419863e-02
2.700000e+00 2.400000e-01 1.999564e-01 -4.049906e-01 1.073461e+00 -5.366411e-02
2.750000e+00 2.400000e-01 2.023537e-01 -2.359439e-01 1.084248e+00 -4.230647e-02
2.800000e+00 2.400000e-01 2.041870e-01 -1.336994e-01 1.093548e+00 -3.172368e-02
2.850000e+00 2.400000e-01 2.055261e-01 -7.731855e-02 1.101047e+00 -2.279963e-02
2.900000e+00 2.400000e-01 2.064670e-01 -4.947890e-02 1.106796e+00 -1.581198e-02
2.950000e+00 2.400000e-01 2.071073e-01 -3.780891e-02 1.111036e+00 -1.064510e-02
3.000000e+00 2.400000e-01 2.075315e-01 -3.440385e-02 1.114065e+00 -6.992871e-03
3.050000e+00 2.400000e-01 2.078066e-01 -3.468875e-02 1.116176e+00 -4.501762e-03
3.100000e+00 2.400000e-01 2.079817e-01 -3.626900e-02 1.117618e+00 -2.850000e-03
3.150000e+00 2.400000e-01 2.080916e-01 -3.803285e-02 1.118586e+00 -1.779063e-03
3.200000e+00 2.400000e-01 2.081596e-01 -3.955062e-02 1.119227e+00 -1.097013e-03
3.250000e+00 2.400000e-01 2.082013e-01 -4.071711e-02 1.119647e+00 -6.688823e-04
3.300000e+00 2.400000e-01 2.082265e-01 -4.155977e-02 1.119920e+00 -4.033776e-04
3.350000e+00 2.400000e-01 2.082416e-01 -4.214609e-02 1.120096e+00 -2.404752e-04
3.400000e+00 2.400000e-01 2.082505e-01 -4.254446e-02 1.120209e+00 -1.415280e-04
3.450000e+00 2.400000e-01 2.082557e-01 -4.281096e-02 1.120281e+00 -8.203993e-05
3.500000e+00 2.400000e-01 2.082587e-01 -4.298743e-02 1.120327e+00 -4.667218e-05
3.550000e+00 2.400000e-01 2.082604e-01 -4.310348e-02 1.120355e+00 -2.591397e-05
3.600000e+00 2.400000e-01 2.082613e-01 -4.317944e-02 1.120374e+00 -1.391890e-05
3.650000e+00 2.400000e-01 2.082618e-01 -4.322898e-02 1.120385e+00 -7.122527e-06
3.700000e+00 2.400000e-01 2.082620e-01 -4.326121e-02 1.120392e+00 -3.370132e-06
3.750000e+00 2.400000e-01 2.082621e-01 -4.328214e-02 1.120396e+00 -1.371490e-06
3.800000e+00 2.400000e-01 2.082622e-01 -4.329570e-02 1.120399e+00 -3.625273e-07
3.850000e+00 2.400000e-01 2.082622e-01 -4.330449e-02 1.120401e+00 1.031959e-07
3.900000e+00 2.400000e-01 2.082622e-01 -4.331017e-02 1.120402e+00 2.821680e-07
3.950000e+00 2.400000e-01 2.082622e-01 -4.331385e-02 1.120402e+00 3.185548e-07
4.000000e+00 2.400000e-01 2.082621e-01 -4.331622e-02 1.120403e+00 2.910200e-07
4.050000e+00 2.400000e-01 2.082621e-01 -4.331776e-02 1.120403e+00 2.406963e-07
4.100000e+00 2.400000e-01 2.082621e-01 -4.331876e-02 1.120403e+00 1.877030e-07
4.150000e+00 2.400000e-01 2.082621e-01 -4.331941e-02 1.120403e+00 1.407615e-07
4.200000e+00 2.400000e-01 2.082621e-01 -4.331983e-02 1.120403e+00 1.026911e-07
4.250000e+00 2.400000e-01 2.082621e-01 -4.332011e-02 1.120403e+00 7.347361e-08
4.300000e+00 2.400000e-01 2.082621e-01 -4.332029e-02 1.120403e+00 5.190643e-08
4.350000e+00 2.400000e-01 2.082621e-01 -4.332041e-02 1.120403e+00 3.645044e-08
4.400000e+00 2.400000e-01 2.082621e-01 -4.332050e-02 1.120403e+00 2.563015e-08
4.450000e+00 2.400000e-01 2.082621e-01 -4.332055e-02 1.120403e+00 1.819405e-08
4.500000e+00 2.400000e-01 2.082621e-01 -4.332059e-02 1.120403e+00 1.315304e-08
4.550000e+00 2.400000e-01 2.082621e-01 -4.332062e-02 1.120403e+00 9.762235e-09
4.600000e+00 2.400000e-01 2.082621e-01 -4.332064e-02 1.120403e+00 7.481213e-09
4.650000e+00 2.400000e-01 2.082621e-01 -4.332065e-02 1.120403e+00 5.930024e-09
4.700000e+00 2.400000e-01 2.082621e-01 -4.332066e-02 1.120403e+00 4.849185e-09
4.750000e+00 2.400000e-01 2.082621e-01 -4.332067e-02 1.120403e+00 4.066461e-09
4.800000e+00 2.400000e-01 2.082621e-01 -4.332067e-02 1.120403e+00 3.470878e-09
4.850000e+00 2.400000e-01 2.082621e-01 -4.332068e-02 1.120403e+00 2.993219e-09
4.900000e+00 2.400000e-01 2.082621e-01 -4.332068e-02 1.120403e+00 2.591876e-09
4.950000e+00 2.400000e-01 2.082621e-01 -4.332068e-02 1.120403e+00 2.242888e-09
5.000000e+00 2.400000e-01 2.082621e-01 -4.332068e-02 1.120403e+00 1.933119e-09
5.050000e+00 2.400000e-01 2.082621e-01 -4.332069e-02 1.120403e+00 1.655736e-09
5.100000e+00 2.400000e-01 2.082621e-01 -4.332069e-02 1.120403e+00 1.407309e-09
5.150000e+00 2.400000e-01 2.082621e-01 -4.332069e-02 1.120403e+00 1.186033e-09
5.200000e+00 2.400000e-01 2.082621e-01 -4.332069e-02 1.120403e+00 9.907059e-10
5.250000e+00 2.400000e-01 2.082621e-01 -4.332069e-02 1.120403e+00 8.201925e-10
5.300000e+00 2.400000e-01 2.082621e-01 -4.332069e-02 1.120403e+00 6.731973e-10
5.350000e+00 2.400000e-01 2.082621e-01 -4.332069e-02 1.120403e+00 5.482087e-10
5.400000e+00 2.400000e-01 2.082621e-01 -4.332069e-02 1.120403e+00 4.435460e-10
5.450000e+00 2.400000e-01 2.082621e-01 -4.332069e-02 1.120403e+00 3.574557e-10
5.500000e+00 2.400000e-01 2.082621e-01 -4.332069e-02 1.120403e+00 2.882142e-10
5.550000e+00 2.400000e-01 2.082621e-01 -4.332069e-02 1.120403e+00 2.342407e-10
5.600000e+00 2.400000e-01 2.082621e-01 -4.332069e-02 1.120403e+00 1.942008e-10
5.650000e+00 2.400000e-01 2.082621e-01 -4.332069e-02 1.120403e+00 1.670913e-10
5.700000e+00 2.400000e-01 2.082621e-01 -4.332069e-02 1.120403e+00 1.523323e-10
5.750000e+00 2.400000e-01 2.082621e-01 -4.332069e-02 1.120403e+00 1.498610e-10
5.800000e+00 2.400000e-01 2.082621e-01 -4.332069e-02 1.120403e+00 1.602271e-10
5.850000e+00 2.400000e-01 2.082621e-01 -4.332069e-02 1.120403e+00 1.847184e-10
5.900000e+00 2.400000e-01 2.082621e-01 -4.332069e-02 1.120403e+00 2.255113e-10
5.950000e+00 2.400000e-01 2.082621e-01 -4.332069e-02 1.120403e+00 2.858672e-10
6.000000e+00 2.400000e-01 2.082621e-01 -4.332069e-02 1.120403e+00 3.703854e-10
6.050000e+00 2.400000e-01 2.082621e-01 -4.332069e-02 1.120403e+00 4.853479e-10
6.100000e+00 2.400000e-01 2.082621e-01 -4.332069e-02 1.120403e+00 6.391609e-10
6.150000e+00 2.400000e-01 2.082621e-01 -4.332069e-02 1.120403e+00 8.429327e-10
6.200000e+00 2.400000e-01 2.082621e-01 -4.332069e-02 1.120403e+00 1.111231e-09
6.250000e+00 2.400000e-01 2.082621e-01 -4.332069e-02 1.120403e+00 1.463070e-09
6.300000e+00 2.400000e-01 2.082621e-01 -4.332069e-02 1.120403e+00 1.923196e-09
6.350000e+00 2.400000e-01 2.082621e-01 -4.332069e-02 1.120403e+00 2.523740e-09
6.400000e+00 2.400000e-01 2.082621e-01 -4.332069e-02 1.120403e+00 3.306375e-09
6.450000e+00 2.400000e-01 2.082621e-01 -4.332069e-02 1.120403e+00 4.325084e-09
6.500000e+00 2.400000e-01 2.082621e-01 -4.332069e-02 1.120403e+00 5.649788e-09
6.550000e+00 2.400000e-01 2.082621e-01 -4.332069e-02 1.120403e+00 7.370905e-09
6.600000e+00 2.400000e-01 2.082621e-01 -4.332069e-02 1.120403e+00 9.605635e-09
6.650000e+00 2.400000e-01 2.082621e-01 -4.332069e-02 1.120403e+00 1.250475e-08
6.700000e+00 2.400000e-01 2.082621e-01 -4.332069e-02 1.120403e+00 1.626583e-08
6.750000e+00 2.400000e-01 2.082621e-01 -4.332069e-02 1.120403e+00 2.113550e-08
6.800000e+00 2.400000e-01 2.082621e-01 -4.332070e-02 1.120403e+00 2.746045e-08
6.850000e+00 2.400000e-01 2.082621e-01 -4.332070e-02 1.120403e+00 3.560130e-08
6.900000e+00 2.400000e-01 2.082621e-01 -4.332069e-02 1.120403e+00 4.628824e-08
6.950000e+00 2.400000e-01 2.082621e-01 -4.332073e-02 1.120403e+00 5.968519e-08
7.000000e+00 2.400000e-01 2.082621e-01 -4.332065e-02 1.120403e+00 7.823418e-08
7.050000e+00 2.400000e-01 2.082621e-01 -4.332090e-02 1.120403e+00 9.888590e-08
7.100000e+00 2.400000e-01 2.082621e-01 -4.332027e-02 1.120403e+00 1.344371e-07
7.150000e+00 2.400000e-01 2.082621e-01 -4.332194e-02 1.120403e+00 1.576349e-07
7.200000e+00 2.400000e-01 2.082620e-01 -4.331778e-02 1.120403e+00 2.441843e-07
7.250000e+00 2.400000e-01 2.082620e-01 -4.332799e-02 1.120403e+00 2.200608e-07
7.300000e+00 2.400000e-01 2.082620e-01 -4.330401e-02 1.120403e+00 5.040498e-07
7.350000e+00 2.400000e-01 2.082620e-01 -4.335865e-02 1.120404e+00 1.668936e-07
7.400000e+00 2.400000e-01 2.082620e-01 -4.323899e-02 1.120403e+00 1.243300e-06
7.450000e+00 2.400000e-01 2.082619e-01 -4.349162e-02 1.120405e+00 -4.826373e-07
7.500000e+00 2.400000e-01 2.082621e-01 -4.297977e-02 1.120402e+00 3.435201e-06
7.550000e+00 2.400000e-01 2.082615e-01 -4.397455e-02 1.120408e+00 -3.078091e-06
7.600000e+00 2.400000e-01 2.082624e-01 -4.212648e-02 1.120397e+00 9.228139e-06
7.650000e+00 2.400000e-01 2.082606e-01 -4.540157e-02 1.120416e+00 -9.993576e-06
7.700000e+00 2.400000e-01 2.082634e-01 -3.988606e-02 1.120383e+00 2.120174e-05
7.750000e+00 2.400000e-01 2.082585e-01 -4.868204e-02 1.120436e+00 -2.201153e-05
7.800000e+00 2.400000e-01 2.082656e-01 -3.546364e-02 1.120358e+00 3.725080e-05
7.850000e+00 2.400000e-01 2.082547e-01 -5.408305e-02 1.120469e+00 -3.060552e-05
7.900000e+00 2.400000e-01 2.082686e-01 -2.966641e-02 1.120324e+00 4.266331e-05
7.950000e+00 2.400000e-01 2.082505e-01 -5.925465e-02 1.120500e+00 -1.475438e-05
8.000000e+00 2.400000e-01 2.082701e-01 -2.638769e-02 1.120306e+00 2.001912e-05
8.050000e+00 2.400000e-01 2.082485e-01 -5.969558e-02 1.120504e+00 2.961662e-05
8.100000e+00 2.400000e-01 2.082671e-01 -2.865527e-02 1.120322e+00 -2.786159e-06
8.150000e+00 2.400000e-01 2.082488e-01 -5.658248e-02 1.120487e+00 4.303648e-05
8.200000e+00 2.400000e-01 2.082628e-01 -2.925055e-02 1.120334e+00 5.488814e-05
8.250000e+00 2.400000e-01 2.082433e-01 -6.194190e-02 1.120513e+00 -2.163500e-05
8.300000e+00 2.400000e-01 2.082650e-01 -1.704742e-02 1.120284e+00 1.608786e-04
8.350000e+00 2.400000e-01 2.082272e-01 -7.736167e-02 1.120594e+00 -1.192708e-05
8.400000e+00 2.400000e-01 2.082662e-01 -6.027845e-03 1.120237e+00 1.177901e-04
8.450000e+00 2.400000e-01 2.082154e-01 -7.721277e-02 1.120616e+00 1.931193e-04
8.500000e+00 2.400000e-01 2.082469e-01 -1.686258e-02 1.120291e+00 6.738748e-05
8.550000e+00 2.400000e-01 2.082087e-01 -6.667896e-02 1.120597e+00 2.243235e-04
8.600000e+00 2.400000e-01 2.082244e-01 -1.216661e-02 1.120302e+00 4.085733e-04
8.650000e+00 2.400000e-01 2.081678e-01 -9.220506e-02 1.120720e+00 1.143873e-04
8.700000e+00 2.400000e-01 2.082130e-01 2.000350e-02 1.120238e+00 5.913759e-04
8.750000e+00 2.400000e-01 2.081087e-01 -1.058406e-01 1.120831e+00 6.572130e-04
8.800000e+00 2.400000e-01 2.081473e-01 3.055985e-03 1.120336e+00 5.137039e-04
8.850000e+00 2.400000e-01 2.080573e-01 -7.983120e-02 1.120897e+00 1.023130e-03
8.900000e+00 2.400000e-01 2.080450e-01 6.437910e-03 1.120416e+00 1.488959e-03
8.950000e+00 2.400000e-01 2.079084e-01 -1.261887e-01 1.121161e+00 1.154765e-03
9.000000e+00 2.400000e-01 2.079295e-01 5.648024e-02 1.120549e+00 2.129446e-03
9.050000e+00 2.400000e-01 2.076955e-01 -1.291289e-01 1.121437e+00 2.905605e-03
9.100000e+00 2.400000e-01 2.076389e-01 1.460646e-02 1.120843e+00 3.047969e-03
9.150000e+00 2.400000e-01 2.073907e-01 -1.127994e-01 1.122004e+00 3.992627e-03
9.200000e+00 2.400000e-01 2.072397e-01 6.710207e-02 1.121313e+00 6.108052e-03
9.250000e+00 2.400000e-01 2.067798e-01 -1.859823e-01 1.122662e+00 6.887100e-03
9.300000e+00 2.400000e-01 2.065510e-01 7.022806e-02 1.122232e+00 8.587824e-03
9.350000e+00 2.400000e-01 2.059211e-01 -1.376874e-01 1.124108e+00 1.185899e-02
9.400000e+00 2.400000e-01 2.053651e-01 6.757324e-02 1.123374e+00 1.551372e-02
9.450000e+00 2.400000e-01 2.043697e-01 -2.193104e-01 1.125847e+00 1.857235e-02
9.500000e+00 2.400000e-01 2.035078e-01 1.162975e-01 1.125935e+00 2.435297e-02
9.550000e+00 2.400000e-01 2.019344e-01 -1.944255e-01 1.129048e+00 3.206474e-02
9.600000e+00 2.400000e-01 2.003014e-01 8.825278e-02 1.128622e+00 4.108375e-02
9.650000e+00 2.400000e-01 1.978260e-01 -2.611710e-01 1.132943e+00 5.166652e-02
9.700000e+00 2.400000e-01 1.951347e-01 1.193092e-01 1.133416e+00 6.708271e-02
9.750000e+00 2.400000e-01 1.911177e-01 -2.629635e-01 1.137872e+00 8.724115e-02
9.800000e+00 2.400000e-01 1.864106e-01 7.702569e-02 1.135814e+00 1.131630e-01
9.850000e+00 2.400000e-01 1.798015e-01 -3.292693e-01 1.137968e+00 1.473832e-01
9.900000e+00 2.400000e-01 1.716723e-01 -1.470490e-02 1.129644e+00 1.952704e-01
9.950000e+00 2.400000e-01 1.602744e-01 -4.153405e-01 1.120457e+00 2.661626e-01
1.000000e+01 2.400000e-01 1.450560e-01 -3.255616e-01 0.000000e+00 0.000000e+00
0.000000e+00 2.600000e-01 1.675440e-01 -2.880000e+00 0.000000e+00 0.000000e+00
5.000000e-02 2.600000e-01 1.674203e-01 -2.857375e+00 1.151375e+00 1.499793e-03
1.000000e-01 2.600000e-01 1.673940e-01 -2.950519e+00 1.152951e+00 1.189994e-04
1.500000e-01 2.600000e-01 1.674084e-01 -2.957444e+00 1.153957e+00 7.269718e-04
2.000000e-01 2.600000e-01 1.673213e-01 -2.742663e+00 1.151372e+00 2.647339e-03
2.500000e-01 2.600000e-01 1.671437e-01 -2.735245e+00 1.149519e+00 2.363641e-03
3.000000e-01 2.600000e-01 1.670850e-01 -3.082652e+00 1.151599e+00 -6.797519e-04
3.500000e-01 2.600000e-01 1.672117e-01 -3.125960e+00 1.152875e+00 -2.048421e-03
4.000000e-01 2.600000e-01 1.672898e-01 -2.641956e+00 1.150482e+00 4.776677e-04
4.500000e-01 2.600000e-01 1.671639e-01 -2.505754e+00 1.149691e+00 2.649411e-03
5.000000e-01 2.600000e-01 1.670249e-01 -3.106216e+00 1.151935e+00 2.210452e-04
5.500000e-01 2.600000e-01 1.671418e-01 -3.405439e+00 1.151393e+00 -4.283977e-03
6.000000e-01 2.600000e-01 1.674533e-01 -2.714784e+00 1.148617e+00 -4.819433e-03
6.500000e-01 2.600000e-01 1.676238e-01 -2.171052e+00 1.151397e+00 -5.837905e-04
7.000000e-01 2.600000e-01 1.675116e-01 -2.831637e+00 1.156992e+00 1.981720e-03
7.500000e-01 2.600000e-01 1.674256e-01 -3.669195e+00 1.154127e+00 -2.397291e-03
8.000000e-01 2.600000e-01 1.677514e-01 -3.148159e+00 1.146392e+00 -8.625016e-03
8.500000e-01 2.600000e-01 1.682881e-01 -1.983959e+00 1.148640e+00 -7.476623e-03
9.000000e-01 2.600000e-01 1.684990e-01 -2.132231e+00 1.160712e+00 -3.434710e-04
9.500000e-01 2.600000e-01 1.683224e-01 -3.469071e+00 1.162739e+00 1.102982e-03
1.000000e+00 2.600000e-01 1.683887e-01 -3.842803e+00 1.149722e+00 -6.957849e-03
1.050000e+00 2.600000e-01 1.690182e-01 -2.500168e+00 1.140522e+00 -1.327159e-02
1.100000e+00 2.600000e-01 1.697159e-01 -1.451008e+00 1.150086e+00 -9.085379e-03
1.150000e+00 2.600000e-01 1.699268e-01 -2.334486e+00 1.164082e+00 -1.784294e-03
1.200000e+00 2.600000e-01 1.698943e-01 -3.856472e+00 1.160088e+00 -3.448192e-03
1.250000e+00 2.600000e-01 1.702716e-01 -3.719235e+00 1.140568e+00 -1.258762e-02
1.300000e+00 2.600000e-01 1.711531e-01 -2.031951e+00 1.129936e+00 -1.749770e-02
1.350000e+00 2.600000e-01 1.720213e-01 -1.138867e+00 1.141311e+00 -1.338966e-02
1.400000e+00 2.600000e-01 1.724920e-01 -2.230611e+00 1.157358e+00 -7.629207e-03
1.450000e+00 2.600000e-01 1.727843e-01 -3.788037e+00 1.153339e+00 -8.845741e-03
1.500000e+00 2.600000e-01 1.733766e-01 -3.729009e+00 1.129625e+00 -1.661496e-02
1.550000e+00 2.600000e-01 1.744458e-01 -2.148761e+00 1.112776e+00 -2.328218e-02
1.600000e+00 2.600000e-01 1.757048e-01 -1.008955e+00 1.121453e+00 -2.281882e-02
1.650000e+00 2.600000e-01 1.767276e-01 -1.602240e+00 1.142522e+00 -1.697512e-02
1.700000e+00 2.600000e-01 1.774024e-01 -3.127019e+00 1.146996e+00 -1.352600e-02
1.750000e+00 2.600000e-01 1.780802e-01 -3.817750e+00 1.125688e+00 -1.830009e-02
1.800000e+00 2.600000e-01 1.792324e-01 -3.012449e+00 1.099942e+00 -2.858434e-02
1.850000e+00 2.600000e-01 1.809387e-01 -1.649289e+00 1.095558e+00 -3.534096e-02
1.900000e+00 2.600000e-01 1.827665e-01 -1.079443e+00 1.114363e+00 -3.267567e-02
1.950000e+00 2.600000e-01 1.842062e-01 -1.727271e+00 1.134030e+00 -2.461312e-02
2.000000e+00 2.600000e-01 1.852278e-01 -2.842881e+00 1.133296e+00 -2.129311e-02
2.050000e+00 2.600000e-01 1.863356e-01 -3.413316e+00 1.112691e+00 -2.851553e-02
2.100000e+00 2.600000e-01 1.880793e-01 -3.068138e+00 1.090339e+00 -4.213864e-02
2.150000e+00 2.600000e-01 1.905494e-01 -2.185967e+00 1.083109e+00 -5.239576e-02
2.200000e+00 2.600000e-01 1.933189e-01 -1.434093e+00 1.093217e+00 -5.286373e-02
2.250000e+00 2.600000e-01 1.958358e-01 -1.231828e+00 1.109532e+00 -4.553097e-02
2.300000e+00 2.600000e-01 1.978720e-01 -1.524774e+00 1.118910e+00 -3.811500e-02
2.350000e+00 2.600000e-01 1.996473e-01 -1.970152e+00 1.115796e+00 -3.739685e-02
2.400000e+00 2.600000e-01 2.016117e-01 -2.252034e+00 1.103289e+00 -4.486723e-02
2.450000e+00 2.600000e-01 2.041340e-01 -2.239918e+00 1.088402e+00 -5.701839e-02
2.500000e+00 2.600000e-01 2.073135e-01 -1.970042e+00 1.077130e+00 -6.839429e-02
2.550000e+00 2.600000e-01 2.109734e-01 -1.558752e+00 1.072202e+00 -7.466019e-02
2.600000e+00 2.600000e-01 2.147795e-01 -1.125280e+00 1.073327e+00 -7.413582e-02
2.650000e+00 2.600000e-01 2.183870e-01 -7.498584e-01 1.078595e+00 -6.764121e-02
2.700000e+00 2.600000e-01 2.215437e-01 -4.659105e-01 1.085828e+00 -5.738472e-02
2.750000e+00 2.600000e-01 2.241255e-01 -2.725238e-01 1.093341e+00 -4.577475e-02
2.800000e+00 2.600000e-01 2.261211e-01 -1.518387e-01 1.100129e+00 -3.467143e-02
2.850000e+00 2.600000e-01 2.275926e-01 -8.220113e-02 1.105757e+00 -2.514939e-02
2.900000e+00 2.600000e-01 2.286361e-01 -4.498435e-02 1.110156e+00 -1.759827e-02
2.950000e+00 2.600000e-01 2.293525e-01 -2.669596e-02 1.113450e+00 -1.195419e-02
3.000000e+00 2.600000e-01 2.298315e-01 -1.862637e-02 1.115835e+00 -7.924736e-03
3.050000e+00 2.600000e-01 2.301449e-01 -1.564199e-02 1.117518e+00 -5.149724e-03
3.100000e+00 2.600000e-01 2.303465e-01 -1.495210e-02 1.118680e+00 -3.292060e-03
3.150000e+00 2.600000e-01 2.304741e-01 -1.515692e-02 1.119470e+00 -2.076021e-03
3.200000e+00 2.600000e-01 2.305541e-01 -1.561571e-02 1.119999e+00 -1.294004e-03
3.250000e+00 2.600000e-01 2.306035e-01 -1.606998e-02 1.120349e+00 -7.982245e-04
3.300000e+00 2.600000e-01 2.306339e-01 -1.643760e-02 1.120579e+00 -4.875891e-04
3.350000e+00 2.600000e-01 2.306523e-01 -1.670925e-02 1.120729e+00 -2.949193e-04
3.400000e+00 2.600000e-01 2.306634e-01 -1.690031e-02 1.120826e+00 -1.765171e-04
3.450000e+00 2.600000e-01 2.306700e-01 -1.703085e-02 1.120888e+00 -1.044090e-04
3.500000e+00 2.600000e-01 2.306738e-01 -1.711846e-02 1.120928e+00 -6.090619e-05
3.550000e+00 2.600000e-01 2.306761e-01 -1.717660e-02 1.120954e+00 -3.493224e-05
3.600000e+00 2.600000e-01 2.306773e-01 -1.721492e-02 1.120970e+00 -1.960927e-05
3.650000e+00 2.600000e-01 2.306780e-01 -1.724005e-02 1.120980e+00 -1.069897e-05
3.700000e+00 2.600000e-01 2.306784e-01 -1.725647e-02 1.120987e+00 -5.609491e-06
3.750000e+00 2.600000e-01 2.306786e-01 -1.726719e-02 1.120991e+00 -2.768642e-06
3.800000e+00 2.600000e-01 2.306787e-01 -1.727416e-02 1.120993e+00 -1.231371e-06
3.850000e+00 2.600000e-01 2.306787e-01 -1.727870e-02 1.120995e+00 -4.356061e-07
3.900000e+00 2.600000e-01 2.306787e-01 -1.728165e-02 1.120996e+00 -5.128845e-08
3.950000e+00 2.600000e-01 2.306787e-01 -1.728356e-02 1.120997e+00 1.123608e-07
4.000000e+00 2.600000e-01 2.306787e-01 -1.728481e-02 1.120997e+00 1.634142e-07
4.050000e+00 2.600000e-01 2.306787e-01 -1.728562e-02 1.120997e+00 1.614774e-07
4.100000e+00 2.600000e-01 2.306787e-01 -1.728614e-02 1.120997e+00 1.382194e-07
4.150000e+00 2.600000e-01 2.306787e-01 -1.728649e-02 1.120997e+00 1.095475e-07
4.200000e+00 2.600000e-01 2.306787e-01 -1.728671e-02 1.120997e+00 8.272798e-08
4.250000e+00 2.600000e-01 2.306787e-01 -1.728686e-02 1.120998e+00 6.047967e-08
4.300000e+00 2.600000e-01 2.306787e-01 -1.728696e-02 1.120998e+00 4.327483e-08
4.350000e+00 2.600000e-01 2.306787e-01 -1.728703e-02 1.120998e+00 3.059323e-08
4.400000e+00 2.600000e-01 2.306787e-01 -1.728707e-02 1.120998e+00 2.157591e-08
4.450000e+00 2.600000e-01 2.306787e-01 -1.728710e-02 1.120998e+00 1.534274e-08
4.500000e+00 2.600000e-01 2.306787e-01 -1.728712e-02 1.120998e+00 1.112776e-08
4.550000e+00 2.600000e-01 2.306787e-01 -1.728714e-02 1.120998e+00 8.320336e-09
4.600000e+00 2.600000e-01 2.306787e-01 -1.728715e-02 1.120998e+00 6.461307e-09
4.650000e+00 2.600000e-01 2.306787e-01 -1.728716e-02 1.120998e+00 5.220715e-09
4.700000e+00 2.600000e-01 2.306787e-01 -1.728716e-02 1.120998e+00 4.370626e-09
4.750000e+00 2.600000e-01 2.306787e-01 -1.728717e-02 1.120998e+00 3.759495e-09
4.800000e+00 2.600000e-01 2.306787e-01 -1.728717e-02 1.120998e+00 3.290576e-09
4.850000e+00 2.600000e-01 2.306787e-01 -1.728717e-02 1.120998e+00 2.904941e-09
4.900000e+00 2.600000e-01 2.306787e-01 -1.728717e-02 1.120998e+00 2.568767e-09
4.950000e+00 2.600000e-01 2.306787e-01 -1.728717e-02 1.120998e+00 2.264193e-09
5.000000e+00 2.600000e-01 2.306787e-01 -1.728717e-02 1.120998e+00 1.982958e-09
5.050000e+00 2.600000e-01 2.306787e-01 -1.728717e-02 1.120998e+00 1.722162e-09
5.100000e+00 2.600000e-01 2.306787e-01 -1.728717e-02 1.120998e+00 1.481545e-09
5.150000e+00 2.600000e-01 2.306787e-01 -1.728717e-02 1.120998e+00 1.261831e-09
5.200000e+00 2.600000e-01 2.306787e-01 -1.728717e-02 1.120998e+00 1.063812e-09
5.250000e+00 2.600000e-01 2.306787e-01 -1.728717e-02 1.120998e+00 8.878909e-10
5.300000e+00 2.600000e-01 2.306787e-01 -1.728718e-02 1.120998e+00 7.339301e-10
5.350000e+00 2.600000e-01 2.306787e-01 -1.728718e-02 1.120998e+00 6.012671e-10
5.400000e+00 2.600000e-01 2.306787e-01 -1.728718e-02 1.120998e+00 4.888120e-10
5.450000e+00 2.600000e-01 2.306787e-01 -1.728718e-02 1.120998e+00 3.952036e-10
5.500000e+00 2.600000e-01 2.306787e-01 -1.728718e-02 1.120998e+00 3.189563e-10
5.550000e+00 2.600000e-01 2.306787e-01 -1.728718e-02 1.120998e+00 2.586070e-10
5.600000e+00 2.600000e-01 2.306787e-01 -1.728718e-02 1.120998e+00 2.128506e-10
5.650000e+00 2.600000e-01 2.306787e-01 -1.728718e-02 1.120998e+00 1.806499e-10
5.700000e+00 2.600000e-01 2.306787e-01 -1.728718e-02 1.120998e+00 1.613454e-10
5.750000e+00 2.600000e-01 2.306787e-01 -1.728718e-02 1.120998e+00 1.547601e-10
5.800000e+00 2.600000e-01 2.306787e-01 -1.728718e-02 1.120998e+00 1.613087e-10
5.850000e+00 2.600000e-01 2.306787e-01 -1.728718e-02 1.120998e+00 1.821215e-10
5.900000e+00 2.600000e-01 2.306787e-01 -1.728718e-02 1.120998e+00 2.191952e-10
5.950000e+00 2.600000e-01 2.306787e-01 -1.728718e-02 1.120998e+00 2.755920e-10
6.000000e+00 2.600000e-01 2.306787e-01 -1.728718e-02 1.120998e+00 3.556849e-10
6.050000e+00 2.600000e-01 2.306787e-01 -1.728718e-02 1.120998e+00 4.654846e-10
6.100000e+00 2.600000e-01 2.306787e-01 -1.728718e-02 1.120998e+00 6.130788e-10
6.150000e+00 2.600000e-01 2.306787e-01 -1.728718e-02 1.120998e+00 8.091833e-10
6.200000e+00 2.600000e-01 2.306787e-01 -1.728718e-02 1.120998e+00 1.067877e-09
6.250000e+00 2.600000e-01 2.306787e-01 -1.728718e-02 1.120998e+00 1.407568e-09
6.300000e+00 2.600000e-01 2.306787e-01 -1.728718e-02 1.120998e+00 1.852223e-09
6.350000e+00 2.600000e-01 2.306787e-01 -1.728718e-02 1.120998e+00 2.432977e-09
6.400000e+00 2.600000e-01 2.306787e-01 -1.728718e-02 1.120998e+00 3.190230e-09
6.450000e+00 2.600000e-01 2.306787e-01 -1.728718e-02 1.120998e+00 4.176328e-09
6.500000e+00 2.600000e-01 2.306787e-01 -1.728718e-02 1.120998e+00 5.459070e-09
6.550000e+00 2.600000e-01 2.306787e-01 -1.728718e-02 1.120998e+00 7.126158e-09
6.600000e+00 2.600000e-01 2.306787e-01 -1.728718e-02 1.120998e+00 9.291210e-09
6.650000e+00 2.600000e-01 2.306787e-01 -1.728718e-02 1.120998e+00 1.210063e-08
6.700000e+00 2.600000e-01 2.306786e-01 -1.728718e-02 1.120998e+00 1.574549e-08
6.750000e+00 2.600000e-01 2.306786e-01 -1.728718e-02 1.120998e+00 2.046680e-08
6.800000e+00 2.600000e-01 2.306786e-01 -1.728718e-02 1.120998e+00 2.659509e-08
6.850000e+00 2.600000e-01 2.306786e-01 -1.728718e-02 1.120998e+00 3.449761e-08
6.900000e+00 2.600000e-01 2.306786e-01 -1.728718e-02 1.120998e+00 4.483063e-08
6.950000e+00 2.600000e-01 2.306786e-01 -1.728720e-02 1.120998e+00 5.790250e-08
7.000000e+00 2.600000e-01 2.306786e-01 -1.728715e-02 1.120998e+00 7.566419e-08
7.050000e+00 2.600000e-01 2.306786e-01 -1.728730e-02 1.120998e+00 9.628938e-08
7.100000e+00 2.600000e-01 2.306786e-01 -1.728689e-02 1.120998e+00 1.292167e-07
7.150000e+00 2.600000e-01 2.306786e-01 -1.728798e-02 1.120998e+00 1.555763e-07
7.200000e+00 2.600000e-01 2.306786e-01 -1.728524e-02 1.120998e+00 2.301804e-07
7.250000e+00 2.600000e-01 2.306786e-01 -1.729200e-02 1.120998e+00 2.284971e-07
7.300000e+00 2.600000e-01 2.306786e-01 -1.727598e-02 1.120998e+00 4.551902e-07
7.350000e+00 2.600000e-01 2.306786e-01 -1.731276e-02 1.120998e+00 2.332593e-07
7.400000e+00 2.600000e-01 2.306786e-01 -1.723151e-02 1.120997e+00 1.059710e-06
7.450000e+00 2.600000e-01 2.306784e-01 -1.740448e-02 1.120999e+00 -1.833892e-07
7.500000e+00 2.600000e-01 2.306786e-01 -1.705093e-02 1.120996e+00 2.801543e-06
7.550000e+00 2.600000e-01 2.306782e-01 -1.774406e-02 1.121002e+00 -2.050058e-06
7.600000e+00 2.600000e-01 2.306788e-01 -1.644468e-02 1.120991e+00 7.388622e-06
7.650000e+00 2.600000e-01 2.306774e-01 -1.876843e-02 1.121011e+00 -7.247821e-06
7.700000e+00 2.600000e-01 2.306795e-01 -1.481825e-02 1.120978e+00 1.699415e-05
7.750000e+00 2.600000e-01 2.306757e-01 -2.117782e-02 1.121031e+00 -1.655775e-05
7.800000e+00 2.600000e-01 2.306812e-01 -1.152778e-02 1.120951e+00 3.030371e-05
7.850000e+00 2.600000e-01 2.306727e-01 -2.525415e-02 1.121066e+00 -2.347024e-05
7.900000e+00 2.600000e-01 2.306835e-01 -7.076216e-03 1.120916e+00 3.587191e-05
7.950000e+00 2.600000e-01 2.306691e-01 -2.931614e-02 1.121100e+00 -1.086794e-05
8.000000e+00 2.600000e-01 2.306846e-01 -4.392141e-03 1.120896e+00 1.901120e-05
8.050000e+00 2.600000e-01 2.306672e-01 -2.982198e-02 1.121106e+00 2.620656e-05
8.100000e+00 2.600000e-01 2.306820e-01 -6.073976e-03 1.120913e+00 8.149625e-07
8.150000e+00 2.600000e-01 2.306671e-01 -2.728952e-02 1.121089e+00 4.052046e-05
8.200000e+00 2.600000e-01 2.306779e-01 -6.841814e-03 1.120927e+00 4.876583e-05
8.250000e+00 2.600000e-01 2.306623e-01 -3.111804e-02 1.121120e+00 -1.011508e-05
8.300000e+00 2.600000e-01 2.306789e-01 2.573272e-03 1.120869e+00 1.420214e-04
8.350000e+00 2.600000e-01 2.306480e-01 -4.348092e-02 1.121219e+00 -1.364742e-06
8.400000e+00 2.600000e-01 2.306791e-01 1.179837e-02 1.120815e+00 1.131936e-04
8.450000e+00 2.600000e-01 2.306367e-01 -4.368063e-02 1.121246e+00 1.796917e-04
8.500000e+00 2.600000e-01 2.306611e-01 2.766340e-03 1.120889e+00 7.213304e-05
8.550000e+00 2.600000e-01 2.306295e-01 -3.405432e-02 1.121219e+00 2.217672e-04
8.600000e+00 2.600000e-01 2.306389e-01 5.396861e-03 1.120909e+00 3.777430e-04
8.650000e+00 2.600000e-01 2.305917e-01 -5.466579e-02 1.121389e+00 1.315024e-04
8.700000e+00 2.600000e-01 2.306258e-01 3.293478e-02 1.120815e+00 5.642579e-04
8.750000e+00 2.600000e-01 2.305353e-01 -6.700236e-02 1.121547e+00 6.305336e-04
8.800000e+00 2.600000e-01 2.305627e-01 1.798185e-02 1.120974e+00 5.026537e-04
8.850000e+00 2.600000e-01 2.304851e-01 -4.192685e-02 1.121595e+00 1.002238e-03
8.900000e+00 2.600000e-01 2.304625e-01 1.799354e-02 1.121113e+00 1.419287e-03
8.950000e+00 2.600000e-01 2.303431e-01 -8.179953e-02 1.122002e+00 1.131065e-03
9.000000e+00 2.600000e-01 2.303494e-01 6.417553e-02 1.121227e+00 2.063332e-03
9.050000e+00 2.600000e-01 2.301368e-01 -8.450724e-02 1.122389e+00 2.821596e-03
9.100000e+00 2.600000e-01 2.300672e-01 2.201712e-02 1.121762e+00 2.921533e-03
9.150000e+00 2.600000e-01 2.298446e-01 -6.274691e-02 1.123064e+00 3.888512e-03
9.200000e+00 2.600000e-01 2.296784e-01 6.905088e-02 1.122354e+00 5.929860e-03
9.250000e+00 2.600000e-01 2.292516e-01 -1.335359e-01 1.124169e+00 6.663669e-03
9.300000e+00 2.600000e-01 2.290120e-01 7.150278e-02 1.123648e+00 8.263381e-03
9.350000e+00 2.600000e-01 2.284253e-01 -7.589780e-02 1.125937e+00 1.156805e-02
9.400000e+00 2.600000e-01 2.278552e-01 6.056353e-02 1.125431e+00 1.506634e-02
9.450000e+00 2.600000e-01 2.269187e-01 -1.553976e-01 1.128632e+00 1.796177e-02
9.500000e+00 2.600000e-01 2.260590e-01 1.132165e-01 1.128931e+00 2.358845e-02
9.550000e+00 2.600000e-01 2.245598e-01 -1.139889e-01 1.133016e+00 3.135005e-02
9.600000e+00 2.600000e-01 2.229240e-01 7.215778e-02 1.133392e+00 4.006458e-02
9.650000e+00 2.600000e-01 2.205534e-01 -1.755411e-01 1.139254e+00 5.039695e-02
9.700000e+00 2.600000e-01 2.178843e-01 1.148438e-01 1.141217e+00 6.570211e-02
9.750000e+00 2.600000e-01 2.139832e-01 -1.467332e-01 1.148037e+00 8.620532e-02
9.800000e+00 2.600000e-01 2.092638e-01 7.294442e-02 1.149150e+00 1.123538e-01
9.850000e+00 2.600000e-01 2.027478e-01 -1.923001e-01 1.156028e+00 1.473482e-01
9.900000e+00 2.600000e-01 1.945290e-01 2.129085e-02 1.155550e+00 1.967621e-01
9.950000e+00 2.600000e-01 1.830716e-01 -2.075964e-01 1.158190e+00 2.698499e-01
1.000000e+01 2.600000e-01 1.675440e-01 -1.545774e-01 0.000000e+00 0.000000e+00
0.000000e+00 2.800000e-01 1.911840e-01 -2.640000e+00 0.000000e+00 0.000000e+00
5.000000e-02 2.800000e-01 1.910136e-01 -2.539238e+00 1.204247e+00 1.420383e-03
1.000000e-01 2.800000e-01 1.910420e-01 -2.595590e+00 1.208899e+00 -6.716122e-04
1.500000e-01 2.800000e-01 1.910808e-01 -2.953984e+00 1.214104e+00 1.422782e-03
2.000000e-01 2.800000e-01 1.908997e-01 -2.758336e+00 1.205436e+00 3.984924e-03
2.500000e-01 2.800000e-01 1.906823e-01 -2.106335e+00 1.196676e+00 1.720588e-03
3.000000e-01 2.800000e-01 1.907276e-01 -2.375211e+00 1.207304e+00 -2.016057e-03
3.500000e-01 2.800000e-01 1.908839e-01 -3.359644e+00 1.218681e+00 -1.017440e-03
4.000000e-01 2.800000e-01 1.908294e-01 -3.084874e+00 1.205801e+00 2.078391e-03
4.500000e-01 2.800000e-01 1.906760e-01 -1.734733e+00 1.191003e+00 1.421794e-03
5.000000e-01 2.800000e-01 1.906872e-01 -1.806775e+00 1.203515e+00 -1.438395e-03
5.500000e-01 2.800000e-01 1.908199e-01 -3.498114e+00 1.221170e+00 -2.605033e-03
6.000000e-01 2.800000e-01 1.909477e-01 -3.739950e+00 1.209067e+00 -2.982538e-03
6.500000e-01 2.800000e-01 1.911181e-01 -1.766406e+00 1.189134e+00 -3.093493e-03
7.000000e-01 2.800000e-01 1.912570e-01 -9.189110e-01 1.199500e+00 -9.314270e-04
7.500000e-01 2.800000e-01 1.912113e-01 -2.891028e+00 1.222556e+00 1.298329e-04
8.000000e-01 2.800000e-01 1.912441e-01 -4.428450e+00 1.216242e+00 -4.528627e-03
8.500000e-01 2.800000e-01 1.916641e-01 -2.665405e+00 1.189446e+00 -9.728015e-03
9.000000e-01 2.800000e-01 1.922169e-01 -3.543778e-01 1.190519e+00 -6.290045e-03
9.500000e-01 2.800000e-01 1.922931e-01 -1.308949e+00 1.218376e+00 1.434323e-03
1.000000e+00 2.800000e-01 1.920734e-01 -4.117334e+00 1.227035e+00 3.073952e-04
1.050000e+00 2.800000e-01 1.922624e-01 -4.211506e+00 1.197458e+00 -9.798215e-03
1.100000e+00 2.800000e-01 1.930532e-01 -1.298532e+00 1.174903e+00 -1.499774e-02
1.150000e+00 2.800000e-01 1.937622e-01 1.856142e-01 1.194248e+00 -8.109686e-03
1.200000e+00 2.800000e-01 1.938642e-01 -1.950900e+00 1.225318e+00 2.971786e-04
1.250000e+00 2.800000e-01 1.937324e-01 -4.494647e+00 1.217498e+00 -2.331809e-03
1.300000e+00 2.800000e-01 1.940974e-01 -3.685299e+00 1.176088e+00 -1.390837e-02
1.350000e+00 2.800000e-01 1.951233e-01 -7.608886e-01 1.158161e+00 -2.074217e-02
1.400000e+00 2.800000e-01 1.961716e-01 2.241358e-01 1.186570e+00 -1.493460e-02
1.450000e+00 2.800000e-01 1.966167e-01 -1.932146e+00 1.218565e+00 -4.570347e-03
1.500000e+00 2.800000e-01 1.966287e-01 -4.218246e+00 1.204772e+00 -4.333180e-03
1.550000e+00 2.800000e-01 1.970501e-01 -3.724479e+00 1.159786e+00 -1.721587e-02
1.600000e+00 2.800000e-01 1.983502e-01 -1.318529e+00 1.139739e+00 -2.935414e-02
1.650000e+00 2.800000e-01 1.999855e-01 -1.977079e-02 1.166106e+00 -2.669595e-02
1.700000e+00 2.800000e-01 2.010198e-01 -1.239815e+00 1.200767e+00 -1.324594e-02
1.750000e+00 2.800000e-01 2.013101e-01 -3.348504e+00 1.197517e+00 -7.138863e-03
1.800000e+00 2.800000e-01 2.017337e-01 -3.984976e+00 1.159768e+00 -1.816924e-02
1.850000e+00 2.800000e-01 2.031270e-01 -2.732158e+00 1.129905e+00 -3.575747e-02
1.900000e+00 2.800000e-01 2.053095e-01 -1.099325e+00 1.136710e+00 -4.184983e-02
1.950000e+00 2.800000e-01 2.073120e-01 -7.065511e-01 1.166821e+00 -3.184353e-02
2.000000e+00 2.800000e-01 2.084938e-01 -1.706882e+00 1.185039e+00 -1.910233e-02
2.050000e+00 2.800000e-01 2.092222e-01 -2.945836e+00 1.173716e+00 -1.916228e-02
2.100000e+00 2.800000e-01 2.104100e-01 -3.341561e+00 1.145478e+00 -3.365131e-02
2.150000e+00 2.800000e-01 2.125873e-01 -2.743713e+00 1.124523e+00 -5.061534e-02
2.200000e+00 2.800000e-01 2.154716e-01 -1.767898e+00 1.123676e+00 -5.729871e-02
2.250000e+00 2.800000e-01 2.183172e-01 -1.136511e+00 1.137181e+00 -5.123508e-02
2.300000e+00 2.800000e-01 2.205951e-01 -1.127583e+00 1.150118e+00 -4.041570e-02
2.350000e+00 2.800000e-01 2.223588e-01 -1.520585e+00 1.151901e+00 -3.493328e-02
2.400000e+00 2.800000e-01 2.240884e-01 -1.925909e+00 1.141824e+00 -3.931405e-02
2.450000e+00 2.800000e-01 2.262902e-01 -2.085612e+00 1.125818e+00 -5.107597e-02
2.500000e+00 2.800000e-01 2.291960e-01 -1.951096e+00 1.110671e+00 -6.408670e-02
2.550000e+00 2.800000e-01 2.326989e-01 -1.612777e+00 1.100474e+00 -7.273584e-02
2.600000e+00 2.800000e-01 2.364696e-01 -1.200786e+00 1.096077e+00 -7.432217e-02
2.650000e+00 2.800000e-01 2.401311e-01 -8.177507e-01 1.096262e+00 -6.919933e-02
2.700000e+00 2.800000e-01 2.433895e-01 -5.158084e-01 1.099160e+00 -5.956268e-02
2.750000e+00 2.800000e-01 2.460873e-01 -3.045443e-01 1.103156e+00 -4.802671e-02
2.800000e+00 2.800000e-01 2.481922e-01 -1.699278e-01 1.107200e+00 -3.669014e-02
2.850000e+00 2.800000e-01 2.497564e-01 -9.057524e-02 1.110758e+00 -2.681062e-02
2.900000e+00 2.800000e-01 2.508733e-01 -4.690413e-02 1.113643e+00 -1.888907e-02
2.950000e+00 2.800000e-01 2.516453e-01 -2.438042e-02 1.115860e+00 -1.291652e-02
3.000000e+00 2.800000e-01 2.521649e-01 -1.351574e-02 1.117500e+00 -8.620047e-03
3.050000e+00 2.800000e-01 2.525073e-01 -8.667178e-03 1.118678e+00 -5.639901e-03
3.100000e+00 2.800000e-01 2.527289e-01 -6.724045e-03 1.119507e+00 -3.630874e-03
3.150000e+00 2.800000e-01 2.528704e-01 -6.083683e-03 1.120078e+00 -2.306495e-03
3.200000e+00 2.800000e-01 2.529596e-01 -5.973043e-03 1.120467e+00 -1.448747e-03
3.250000e+00 2.800000e-01 2.530152e-01 -6.044992e-03 1.120728e+00 -9.010158e-04
3.300000e+00 2.800000e-01 2.530497e-01 -6.157129e-03 1.120902e+00 -5.552717e-04
3.350000e+00 2.800000e-01 2.530708e-01 -6.258867e-03 1.121017e+00 -3.391605e-04
3.400000e+00 2.800000e-01 2.530836e-01 -6.337444e-03 1.121092e+00 -2.052590e-04
3.450000e+00 2.800000e-01 2.530913e-01 -6.393812e-03 1.121141e+00 -1.229844e-04
3.500000e+00 2.800000e-01 2.530959e-01 -6.432689e-03 1.121173e+00 -7.285679e-05
3.550000e+00 2.800000e-01 2.530986e-01 -6.458909e-03 1.121193e+00 -4.259008e-05
3.600000e+00 2.800000e-01 2.531001e-01 -6.476362e-03 1.121207e+00 -2.449881e-05
3.650000e+00 2.800000e-01 2.531010e-01 -6.487887e-03 1.121215e+00 -1.381093e-05
3.700000e+00 2.800000e-01 2.531015e-01 -6.495460e-03 1.121221e+00 -7.584472e-06
3.750000e+00 2.800000e-01 2.531018e-01 -6.500420e-03 1.121224e+00 -4.018989e-06
3.800000e+00 2.800000e-01 2.531019e-01 -6.503663e-03 1.121226e+00 -2.021444e-06
3.850000e+00 2.800000e-01 2.531020e-01 -6.505779e-03 1.121228e+00 -9.342403e-07
3.900000e+00 2.800000e-01 2.531020e-01 -6.507160e-03 1.121229e+00 -3.659169e-07
3.950000e+00 2.800000e-01 2.531020e-01 -6.508061e-03 1.121229e+00 -8.637928e-08
4.000000e+00 2.800000e-01 2.531020e-01 -6.508648e-03 1.121230e+00 3.752406e-08
4.050000e+00 2.800000e-01 2.531020e-01 -6.509031e-03 1.121230e+00 8.133595e-08
4.100000e+00 2.800000e-01 2.531020e-01 -6.509282e-03 1.121230e+00 8.681524e-08
4.150000e+00 2.800000e-01 2.531020e-01 -6.509446e-03 1.121230e+00 7.623208e-08
4.200000e+00 2.800000e-01 2.531020e-01 -6.509555e-03 1.121230e+00 6.084955e-08
4.250000e+00 2.800000e-01 2.531020e-01 -6.509626e-03 1.121230e+00 4.588725e-08
4.300000e+00 2.800000e-01 2.531020e-01 -6.509674e-03 1.121230e+00 3.337617e-08
4.350000e+00 2.800000e-01 2.531020e-01 -6.509706e-03 1.121230e+00 2.376431e-08
4.400000e+00 2.800000e-01 2.531020e-01 -6.509728e-03 1.121230e+00 1.679260e-08
4.450000e+00 2.800000e-01 2.531020e-01 -6.509742e-03 1.121230e+00 1.195206e-08
4.500000e+00 2.800000e-01 2.531020e-01 -6.509753e-03 1.121230e+00 8.706651e-09
4.550000e+00 2.800000e-01 2.531020e-01 -6.509760e-03 1.121230e+00 6.588747e-09
4.600000e+00 2.800000e-01 2.531020e-01 -6.509765e-03 1.121230e+00 5.229004e-09
4.650000e+00 2.800000e-01 2.531020e-01 -6.509769e-03 1.121230e+00 4.354744e-09
4.700000e+00 2.800000e-01 2.531020e-01 -6.509771e-03 1.121230e+00 3.775423e-09
4.750000e+00 2.800000e-01 2.531020e-01 -6.509773e-03 1.121230e+00 3.364635e-09
4.800000e+00 2.800000e-01 2.531020e-01 -6.509775e-03 1.121230e+00 3.043152e-09
4.850000e+00 2.800000e-01 2.531020e-01 -6.509776e-03 1.121230e+00 2.764711e-09
4.900000e+00 2.800000e-01 2.531020e-01 -6.509776e-03 1.121230e+00 2.504947e-09
4.950000e+00 2.800000e-01 2.531020e-01 -6.509777e-03 1.121230e+00 2.253261e-09
5.000000e+00 2.800000e-01 2.531020e-01 -6.509777e-03 1.121230e+00 2.007070e-09
5.050000e+00 2.800000e-01 2.531020e-01 -6.509778e-03 1.121230e+00 1.767951e-09
5.100000e+00 2.800000e-01 2.531020e-01 -6.509778e-03 1.121230e+00 1.539185e-09
5.150000e+00 2.800000e-01 2.531020e-01 -6.509778e-03 1.121230e+00 1.324283e-09
5.200000e+00 2.800000e-01 2.531020e-01 -6.509778e-03 1.121230e+00 1.126202e-09
5.250000e+00 2.800000e-01 2.531020e-01 -6.509778e-03 1.121230e+00 9.470114e-10
5.300000e+00 2.800000e-01 2.531020e-01 -6.509778e-03 1.121230e+00 7.878226e-10
5.350000e+00 2.800000e-01 2.531020e-01 -6.509778e-03 1.121230e+00 6.488843e-10
5.400000e+00 2.800000e-01 2.531020e-01 -6.509778e-03 1.121230e+00 5.297546e-10
5.450000e+00 2.800000e-01 2.531020e-01 -6.509778e-03 1.121230e+00 4.295087e-10
5.500000e+00 2.800000e-01 2.531020e-01 -6.509778e-03 1.121230e+00 3.469319e-10
5.550000e+00 2.800000e-01 2.531020e-01 -6.509778e-03 1.121230e+00 2.807038e-10
5.600000e+00 2.800000e-01 2.531020e-01 -6.509778e-03 1.121230e+00 2.295686e-10
5.650000e+00 2.800000e-01 2.531020e-01 -6.509778e-03 1.121230e+00 1.924716e-10
5.700000e+00 2.800000e-01 2.531020e-01 -6.509778e-03 1.121230e+00 1.686806e-10
5.750000e+00 2.800000e-01 2.531020e-01 -6.509778e-03 1.121230e+00 1.579081e-10
5.800000e+00 2.800000e-01 2.531020e-01 -6.509778e-03 1.121230e+00 1.604239e-10
5.850000e+00 2.800000e-01 2.531020e-01 -6.509778e-03 1.121230e+00 1.771855e-10
5.900000e+00 2.800000e-01 2.531020e-01 -6.509778e-03 1.121230e+00 2.099920e-10
5.950000e+00 2.800000e-01 2.531020e-01 -6.509778e-03 1.121230e+00 2.616662e-10
6.000000e+00 2.800000e-01 2.531020e-01 -6.509778e-03 1.121230e+00 3.363004e-10
6.050000e+00 2.800000e-01 2.531020e-01 -6.509778e-03 1.121230e+00 4.395723e-10
6.100000e+00 2.800000e-01 2.531020e-01 -6.509778e-03 1.121230e+00 5.791534e-10
6.150000e+00 2.800000e-01 2.531020e-01 -6.509778e-03 1.121230e+00 7.652484e-10
6.200000e+00 2.800000e-01 2.531020e-01 -6.509778e-03 1.121230e+00 1.011295e-09
6.250000e+00 2.800000e-01 2.531020e-01 -6.509778e-03 1.121230e+00 1.334883e-09
6.300000e+00 2.800000e-01 2.531020e-01 -6.509778e-03 1.121230e+00 1.758936e-09
6.350000e+00 2.800000e-01 2.531020e-01 -6.509778e-03 1.121230e+00 2.313254e-09
6.400000e+00 2.800000e-01 2.531020e-01 -6.509778e-03 1.121230e+00 3.036517e-09
6.450000e+00 2.800000e-01 2.531020e-01 -6.509778e-03 1.121230e+00 3.978856e-09
6.500000e+00 2.800000e-01 2.531020e-01 -6.509779e-03 1.121230e+00 5.205210e-09
6.550000e+00 2.800000e-01 2.531020e-01 -6.509779e-03 1.121230e+00 6.799604e-09
6.600000e+00 2.800000e-01 2.531020e-01 -6.509779e-03 1.121230e+00 8.870850e-09
6.650000e+00 2.800000e-01 2.531020e-01 -6.509779e-03 1.121230e+00 1.155934e-08
6.700000e+00 2.800000e-01 2.531020e-01 -6.509779e-03 1.121230e+00 1.504771e-08
6.750000e+00 2.800000e-01 2.531020e-01 -6.509779e-03 1.121230e+00 1.956829e-08
6.800000e+00 2.800000e-01 2.531020e-01 -6.509779e-03 1.121230e+00 2.543329e-08
6.850000e+00 2.800000e-01 2.531020e-01 -6.509781e-03 1.121230e+00 3.300831e-08
6.900000e+00 2.800000e-01 2.531020e-01 -6.509778e-03 1.121230e+00 4.288119e-08
6.950000e+00 2.800000e-01 2.531020e-01 -6.509790e-03 1.121230e+00 5.546595e-08
7.000000e+00 2.800000e-01 2.531020e-01 -6.509759e-03 1.121230e+00 7.229796e-08
7.050000e+00 2.800000e-01 2.531020e-01 -6.509850e-03 1.121230e+00 9.253924e-08
7.100000e+00 2.800000e-01 2.531020e-01 -6.509607e-03 1.121230e+00 1.228179e-07
7.150000e+00 2.800000e-01 2.531020e-01 -6.510257e-03 1.121230e+00 1.512485e-07
7.200000e+00 2.800000e-01 2.531019e-01 -6.508600e-03 1.121230e+00 2.149764e-07
7.250000e+00 2.800000e-01 2.531019e-01 -6.512717e-03 1.121230e+00 2.315381e-07
7.300000e+00 2.800000e-01 2.531019e-01 -6.502865e-03 1.121230e+00 4.075765e-07
7.350000e+00 2.800000e-01 2.531019e-01 -6.525680e-03 1.121231e+00 2.844701e-07
7.400000e+00 2.800000e-01 2.531019e-01 -6.474794e-03 1.121230e+00 8.892333e-07
7.450000e+00 2.800000e-01 2.531018e-01 -6.584124e-03 1.121231e+00 7.227536e-08
7.500000e+00 2.800000e-01 2.531019e-01 -6.358500e-03 1.121229e+00 2.217706e-06
7.550000e+00 2.800000e-01 2.531016e-01 -6.805104e-03 1.121234e+00 -1.132568e-06
7.600000e+00 2.800000e-01 2.531020e-01 -5.959575e-03 1.121225e+00 5.675499e-06
7.650000e+00 2.800000e-01 2.531010e-01 -7.486821e-03 1.121242e+00 -4.720967e-06
7.700000e+00 2.800000e-01 2.531025e-01 -4.864057e-03 1.121214e+00 1.299661e-05
7.750000e+00 2.800000e-01 2.530997e-01 -9.130315e-03 1.121260e+00 -1.139330e-05
7.800000e+00 2.800000e-01 2.531036e-01 -2.588453e-03 1.121190e+00 2.351620e-05
7.850000e+00 2.800000e-01 2.530974e-01 -1.199228e-02 1.121292e+00 -1.649278e-05
7.900000e+00 2.800000e-01 2.531053e-01 5.928817e-04 1.121157e+00 2.892858e-05
7.950000e+00 2.800000e-01 2.530945e-01 -1.496140e-02 1.121326e+00 -6.852771e-06
8.000000e+00 2.800000e-01 2.531060e-01 2.630149e-03 1.121138e+00 1.757047e-05
8.050000e+00 2.800000e-01 2.530927e-01 -1.543659e-02 1.121334e+00 2.282654e-05
8.100000e+00 2.800000e-01 2.531037e-01 1.447966e-03 1.121154e+00 4.216555e-06
8.150000e+00 2.800000e-01 2.530923e-01 -1.347731e-02 1.121318e+00 3.753191e-05
8.200000e+00 2.800000e-01 2.530999e-01 6.019440e-04 1.121170e+00 4.229731e-05
8.250000e+00 2.800000e-01 2.530881e-01 -1.592823e-02 1.121349e+00 1.528445e-06
8.300000e+00 2.800000e-01 2.530998e-01 7.314150e-03 1.121117e+00 1.212047e-04
8.350000e+00 2.800000e-01 2.530759e-01 -2.516033e-02 1.121452e+00 9.916775e-06
8.400000e+00 2.800000e-01 2.530988e-01 1.453083e-02 1.121062e+00 1.072052e-04
8.450000e+00 2.800000e-01 2.530652e-01 -2.557778e-02 1.121485e+00 1.633493e-04
8.500000e+00 2.800000e-01 2.530824e-01 7.453496e-03 1.121147e+00 7.796260e-05
8.550000e+00 2.800000e-01 2.530574e-01 -1.728997e-02 1.121457e+00 2.161310e-04
8.600000e+00 2.800000e-01 2.530608e-01 8.278673e-03 1.121186e+00 3.405915e-04
8.650000e+00 2.800000e-01 2.530234e-01 -3.266154e-02 1.121646e+00 1.520290e-04
8.700000e+00 2.800000e-01 2.530456e-01 3.030295e-02 1.121087e+00 5.283892e-04
8.750000e+00 2.800000e-01 2.529705e-01 -4.322032e-02 1.121842e+00 5.937110e-04
8.800000e+00 2.800000e-01 2.529862e-01 1.802109e-02 1.121288e+00 4.943810e-04
8.850000e+00 2.800000e-01 2.529211e-01 -2.063766e-02 1.121884e+00 9.676000e-04
8.900000e+00 2.800000e-01 2.528895e-01 1.514782e-02 1.121500e+00 1.326221e-03
8.950000e+00 2.800000e-01 2.527885e-01 -5.250917e-02 1.122385e+00 1.108987e-03
9.000000e+00 2.800000e-01 2.527786e-01 5.518082e-02 1.121622e+00 1.974697e-03
9.050000e+00 2.800000e-01 2.525910e-01 -5.538418e-02 1.122885e+00 2.691808e-03
9.100000e+00 2.800000e-01 2.525094e-01 1.568827e-02 1.122368e+00 2.777858e-03
9.150000e+00 2.800000e-01 2.523132e-01 -3.037435e-02 1.123635e+00 3.755865e-03
9.200000e+00 2.800000e-01 2.521338e-01 5.457870e-02 1.123124e+00 5.665984e-03
9.250000e+00 2.800000e-01 2.517466e-01 -9.554169e-02 1.125144e+00 6.369558e-03
9.300000e+00 2.800000e-01 2.514969e-01 5.714030e-02 1.124751e+00 7.880731e-03
9.350000e+00 2.800000e-01 2.509585e-01 -3.408328e-02 1.127193e+00 1.114574e-02
9.400000e+00 2.800000e-01 2.503823e-01 3.818430e-02 1.127202e+00 1.443556e-02
9.450000e+00 2.800000e-01 2.495150e-01 -1.086111e-01 1.130763e+00 1.717242e-02
9.500000e+00 2.800000e-01 2.486651e-01 9.298879e-02 1.131556e+00 2.259941e-02
9.550000e+00 2.800000e-01 2.472550e-01 -5.758084e-02 1.136240e+00 3.028010e-02
9.600000e+00 2.800000e-01 2.456370e-01 3.905797e-02 1.137798e+00 3.858855e-02
9.650000e+00 2.800000e-01 2.433962e-01 -1.163872e-01 1.144717e+00 4.853663e-02
9.700000e+00 2.800000e-01 2.407834e-01 9.273701e-02 1.148501e+00 6.356976e-02
9.750000e+00 2.800000e-01 2.370392e-01 -6.856448e-02 1.157208e+00 8.406777e-02
9.800000e+00 2.800000e-01 2.323766e-01 4.433381e-02 1.161931e+00 1.099663e-01
9.850000e+00 2.800000e-01 2.260426e-01 -1.128915e-01 1.173099e+00 1.448232e-01
9.900000e+00 2.800000e-01 2.178943e-01 2.343612e-02 1.180572e+00 1.944057e-01
9.950000e+00 2.800000e-01 2.066020e-01 -9.260544e-02 1.193935e+00 2.671028e-01
1.000000e+01 2.800000e-01 1.911840e-01 -6.489623e-02 0.000000e+00 0.000000e+00
0.000000e+00 3.000000e-01 2.158800e-01 -2.400000e+00 0.000000e+00 0.000000e+00
5.000000e-02 3.000000e-01 2.155902e-01 -2.339294e+00 1.249876e+00 1.300017e-03
1.000000e-01 3.000000e-01 2.157500e-01 -1.963270e+00 1.255312e+00 -3.823715e-03
1.500000e-01 3.000000e-01 2.159726e-01 -2.558514e+00 1.274563e+00 2.112175e-03
2.000000e-01 3.000000e-01 2.155388e-01 -3.301434e+00 1.264401e+00 9.618414e-03
2.500000e-01 3.000000e-01 2.150108e-01 -2.191295e+00 1.231649e+00 1.616657e-03
3.000000e-01 3.000000e-01 2.153771e-01 -9.073066e-01 1.241755e+00 -9.481744e-03
3.500000e-01 3.000000e-01 2.159589e-01 -2.397302e+00 1.286472e+00 -1.447142e-03
4.000000e-01 3.000000e-01 2.155218e-01 -4.254526e+00 1.277521e+00 1.154898e-02
4.500000e-01 3.000000e-01 2.148040e-01 -2.512581e+00 1.221222e+00 3.563817e-03
5.000000e-01 3.000000e-01 2.151654e-01 2.083807e-01 1.219642e+00 -1.184580e-02
5.500000e-01 3.000000e-01 2.159886e-01 -1.300440e+00 1.282925e+00 -6.504913e-03
6.000000e-01 3.000000e-01 2.158159e-01 -4.788718e+00 1.295113e+00 7.994945e-03
6.500000e-01 3.000000e-01 2.151891e-01 -3.663169e+00 1.228672e+00 3.243103e-03
7.000000e-01 3.000000e-01 2.154916e-01 6.018324e-01 1.199109e+00 -1.138681e-02
7.500000e-01 3.000000e-01 2.163278e-01 7.396734e-01 1.259031e+00 -9.094249e-03
8.000000e-01 3.000000e-01 2.164011e-01 -3.882300e+00 1.306515e+00 4.619010e-03
8.500000e-01 3.000000e-01 2.158659e-01 -5.257579e+00 1.253934e+00 2.812657e-03
9.000000e-01 3.000000e-01 2.161198e-01 -8.102401e-01 1.191191e+00 -1.191570e-02
9.500000e-01 3.000000e-01 2.170575e-01 2.334712e+00 1.219035e+00 -1.350333e-02
1.000000e+00 3.000000e-01 2.174701e-01 -9.145114e-01 1.293767e+00 1.409336e-03
1.050000e+00 3.000000e-01 2.169165e-01 -5.373485e+00 1.287431e+00 7.581109e-03
1.100000e+00 3.000000e-01 2.167120e-01 -3.852007e+00 1.207421e+00 -7.801242e-03
1.150000e+00 3.000000e-01 2.176967e-01 1.123474e+00 1.178062e+00 -2.195009e-02
1.200000e+00 3.000000e-01 2.189070e-01 2.134370e+00 1.241385e+00 -1.274842e-02
1.250000e+00 3.000000e-01 2.189715e-01 -2.200200e+00 1.297048e+00 7.104309e-03
1.300000e+00 3.000000e-01 2.181966e-01 -5.327559e+00 1.254112e+00 6.237396e-03
1.350000e+00 3.000000e-01 2.183478e-01 -2.994503e+00 1.176627e+00 -1.758277e-02
1.400000e+00 3.000000e-01 2.199549e-01 1.130684e+00 1.173381e+00 -3.179097e-02
1.450000e+00 3.000000e-01 2.215269e-01 1.429484e+00 1.242986e+00 -1.612647e-02
1.500000e+00 3.000000e-01 2.215675e-01 -2.258875e+00 1.280554e+00 6.896769e-03
1.550000e+00 3.000000e-01 2.208372e-01 -4.850886e+00 1.233466e+00 2.731261e-03
1.600000e+00 3.000000e-01 2.212944e-01 -3.415126e+00 1.168522e+00 -2.534678e-02
1.650000e+00 3.000000e-01 2.233719e-01 -2.411158e-01 1.167145e+00 -4.138635e-02
1.700000e+00 3.000000e-01 2.254330e-01 7.020324e-01 1.222168e+00 -2.609051e-02
1.750000e+00 3.000000e-01 2.259809e-01 -1.436952e+00 1.257448e+00 -1.900593e-03
1.800000e+00 3.000000e-01 2.256231e-01 -3.843665e+00 1.231985e+00 -1.539506e-03
1.850000e+00 3.000000e-01 2.261349e-01 -3.999706e+00 1.181378e+00 -2.611788e-02
1.900000e+00 3.000000e-01 2.282349e-01 -2.191276e+00 1.161729e+00 -4.744211e-02
1.950000e+00 3.000000e-01 2.308791e-01 -5.571195e-01 1.186089e+00 -4.394441e-02
2.000000e+00 3.000000e-01 2.326293e-01 -6.304599e-01 1.219638e+00 -2.405109e-02
2.050000e+00 3.000000e-01 2.332842e-01 -1.952284e+00 1.225735e+00 -1.269152e-02
2.100000e+00 3.000000e-01 2.338985e-01 -3.051789e+00 1.201897e+00 -2.246162e-02
2.150000e+00 3.000000e-01 2.355304e-01 -3.060101e+00 1.172048e+00 -4.367477e-02
2.200000e+00 3.000000e-01 2.382659e-01 -2.204429e+00 1.158332e+00 -5.792670e-02
2.250000e+00 3.000000e-01 2.413230e-01 -1.290279e+00 1.163876e+00 -5.610779e-02
2.300000e+00 3.000000e-01 2.438767e-01 -9.239968e-01 1.176199e+00 -4.400318e-02
2.350000e+00 3.000000e-01 2.457233e-01 -1.132324e+00 1.181566e+00 -3.407937e-02
2.400000e+00 3.000000e-01 2.472847e-01 -1.557913e+00 1.174943e+00 -3.443397e-02
2.450000e+00 3.000000e-01 2.491667e-01 -1.846145e+00 1.159799e+00 -4.455714e-02
2.500000e+00 3.000000e-01 2.517404e-01 -1.847493e+00 1.142643e+00 -5.825676e-02
2.550000e+00 3.000000e-01 2.549924e-01 -1.601582e+00 1.128459e+00 -6.882267e-02
2.600000e+00 3.000000e-01 2.586226e-01 -1.232816e+00 1.119213e+00 -7.245101e-02
2.650000e+00 3.000000e-01 2.622375e-01 -8.592551e-01 1.114548e+00 -6.887414e-02
2.700000e+00 3.000000e-01 2.655100e-01 -5.507318e-01 1.113099e+00 -6.014223e-02
2.750000e+00 3.000000e-01 2.682517e-01 -3.286644e-01 1.113467e+00 -4.899102e-02
2.800000e+00 3.000000e-01 2.704092e-01 -1.844907e-01 1.114634e+00 -3.771243e-02
2.850000e+00 3.000000e-01 2.720230e-01 -9.827913e-02 1.116001e+00 -2.772652e-02
2.900000e+00 3.000000e-01 2.731818e-01 -5.015687e-02 1.117272e+00 -1.963895e-02
2.950000e+00 3.000000e-01 2.739869e-01 -2.487198e-02 1.118334e+00 -1.349684e-02
3.000000e+00 3.000000e-01 2.745315e-01 -1.231137e-02 1.119170e+00 -9.052059e-03
3.050000e+00 3.000000e-01 2.748921e-01 -6.409497e-03 1.119800e+00 -5.952416e-03
3.100000e+00 3.000000e-01 2.751267e-01 -3.799002e-03 1.120262e+00 -3.851971e-03
3.150000e+00 3.000000e-01 2.752773e-01 -2.727443e-03 1.120592e+00 -2.460154e-03
3.200000e+00 3.000000e-01 2.753727e-01 -2.334119e-03 1.120824e+00 -1.554001e-03
3.250000e+00 3.000000e-01 2.754327e-01 -2.219160e-03 1.120985e+00 -9.722594e-04
3.300000e+00 3.000000e-01 2.754700e-01 -2.207271e-03 1.121094e+00 -6.030243e-04
3.350000e+00 3.000000e-01 2.754930e-01 -2.226686e-03 1.121169e+00 -3.709099e-04
3.400000e+00 3.000000e-01 2.755071e-01 -2.250707e-03 1.121219e+00 -2.262276e-04
3.450000e+00 3.000000e-01 2.755156e-01 -2.271008e-03 1.121252e+00 -1.367562e-04
3.500000e+00 3.000000e-01 2.755207e-01 -2.286105e-03 1.121274e+00 -8.186011e-05
3.550000e+00 3.000000e-01 2.755238e-01 -2.296687e-03 1.121289e+00 -4.845322e-05
3.600000e+00 3.000000e-01 2.755256e-01 -2.303879e-03 1.121298e+00 -2.830469e-05
3.650000e+00 3.000000e-01 2.755266e-01 -2.308687e-03 1.121304e+00 -1.627487e-05
3.700000e+00 3.000000e-01 2.755272e-01 -2.311870e-03 1.121309e+00 -9.176324e-06
3.750000e+00 3.000000e-01 2.755275e-01 -2.313966e-03 1.121311e+00 -5.045920e-06
3.800000e+00 3.000000e-01 2.755277e-01 -2.315342e-03 1.121313e+00 -2.683444e-06
3.850000e+00 3.000000e-01 2.755278e-01 -2.316243e-03 1.121314e+00 -1.361048e-06
3.900000e+00 3.000000e-01 2.755279e-01 -2.316833e-03 1.121315e+00 -6.414274e-07
3.950000e+00 3.000000e-01 2.755279e-01 -2.317219e-03 1.121315e+00 -2.646822e-07
4.000000e+00 3.000000e-01 2.755279e-01 -2.317472e-03 1.121316e+00 -7.835248e-08
4.050000e+00 3.000000e-01 2.755279e-01 -2.317637e-03 1.121316e+00 5.572461e-09
4.100000e+00 3.000000e-01 2.755279e-01 -2.317746e-03 1.121316e+00 3.687686e-08
4.150000e+00 3.000000e-01 2.755279e-01 -2.317817e-03 1.121316e+00 4.298130e-08
4.200000e+00 3.000000e-01 2.755279e-01 -2.317865e-03 1.121316e+00 3.844485e-08
4.250000e+00 3.000000e-01 2.755279e-01 -2.317896e-03 1.121316e+00 3.059082e-08
4.300000e+00 3.000000e-01 2.755279e-01 -2.317917e-03 1.121316e+00 2.279002e-08
4.350000e+00 3.000000e-01 2.755279e-01 -2.317931e-03 1.121316e+00 1.634241e-08
4.400000e+00 3.000000e-01 2.755279e-01 -2.317940e-03 1.121316e+00 1.153037e-08
4.450000e+00 3.000000e-01 2.755279e-01 -2.317947e-03 1.121316e+00 8.189419e-09
4.500000e+00 3.000000e-01 2.755279e-01 -2.317952e-03 1.121316e+00 6.003382e-09
4.550000e+00 3.000000e-01 2.755279e-01 -2.317955e-03 1.121316e+00 4.645884e-09
4.600000e+00 3.000000e-01 2.755279e-01 -2.317957e-03 1.121316e+00 3.839240e-09
4.650000e+00 3.000000e-01 2.755279e-01 -2.317959e-03 1.121316e+00 3.371153e-09
4.700000e+00 3.000000e-01 2.755279e-01 -2.317960e-03 1.121316e+00 3.091646e-09
4.750000e+00 3.000000e-01 2.755279e-01 -2.317961e-03 1.121316e+00 2.902240e-09
4.800000e+00 3.000000e-01 2.755279e-01 -2.317961e-03 1.121316e+00 2.743448e-09
4.850000e+00 3.000000e-01 2.755279e-01 -2.317962e-03 1.121316e+00 2.583353e-09
4.900000e+00 3.000000e-01 2.755279e-01 -2.317962e-03 1.121316e+00 2.408285e-09
4.950000e+00 3.000000e-01 2.755279e-01 -2.317962e-03 1.121316e+00 2.215769e-09
5.000000e+00 3.000000e-01 2.755279e-01 -2.317963e-03 1.121316e+00 2.009498e-09
5.050000e+00 3.000000e-01 2.755279e-01 -2.317963e-03 1.121316e+00 1.795933e-09
5.100000e+00 3.000000e-01 2.755279e-01 -2.317963e-03 1.121316e+00 1.582163e-09
5.150000e+00 3.000000e-01 2.755279e-01 -2.317963e-03 1.121316e+00 1.374663e-09
5.200000e+00 3.000000e-01 2.755279e-01 -2.317963e-03 1.121316e+00 1.178675e-09
5.250000e+00 3.000000e-01 2.755279e-01 -2.317963e-03 1.121316e+00 9.980144e-10
5.300000e+00 3.000000e-01 2.755279e-01 -2.317963e-03 1.121316e+00 8.350998e-10
5.350000e+00 3.000000e-01 2.755279e-01 -2.317963e-03 1.121316e+00 6.911344e-10
5.400000e+00 3.000000e-01 2.755279e-01 -2.317963e-03 1.121316e+00 5.663553e-10
5.450000e+00 3.000000e-01 2.755279e-01 -2.317963e-03 1.121316e+00 4.602985e-10
5.500000e+00 3.000000e-01 2.755279e-01 -2.317963e-03 1.121316e+00 3.720413e-10
5.550000e+00 3.000000e-01 2.755279e-01 -2.317963e-03 1.121316e+00 3.004275e-10
5.600000e+00 3.000000e-01 2.755279e-01 -2.317963e-03 1.121316e+00 2.442663e-10
5.650000e+00 3.000000e-01 2.755279e-01 -2.317963e-03 1.121316e+00 2.024880e-10
5.700000e+00 3.000000e-01 2.755279e-01 -2.317963e-03 1.121316e+00 1.742950e-10
5.750000e+00 3.000000e-01 2.755279e-01 -2.317963e-03 1.121316e+00 1.592931e-10
5.800000e+00 3.000000e-01 2.755279e-01 -2.317963e-03 1.121316e+00 1.575989e-10
5.850000e+00 3.000000e-01 2.755279e-01 -2.317963e-03 1.121316e+00 1.699824e-10
5.900000e+00 3.000000e-01 2.755279e-01 -2.317963e-03 1.121316e+00 1.980194e-10
5.950000e+00 3.000000e-01 2.755279e-01 -2.317963e-03 1.121316e+00 2.442629e-10
6.000000e+00 3.000000e-01 2.755279e-01 -2.317963e-03 1.121316e+00 3.124789e-10
6.050000e+00 3.000000e-01 2.755279e-01 -2.317963e-03 1.121316e+00 4.079426e-10
6.100000e+00 3.000000e-01 2.755279e-01 -2.317963e-03 1.121316e+00 5.378281e-10
6.150000e+00 3.000000e-01 2.755279e-01 -2.317963e-03 1.121316e+00 7.117124e-10
6.200000e+00 3.000000e-01 2.755279e-01 -2.317963e-03 1.121316e+00 9.422418e-10
6.250000e+00 3.000000e-01 2.755279e-01 -2.317963e-03 1.121316e+00 1.246000e-09
6.300000e+00 3.000000e-01 2.755279e-01 -2.317963e-03 1.121316e+00 1.644616e-09
6.350000e+00 3.000000e-01 2.755279e-01 -2.317963e-03 1.121316e+00 2.166231e-09
6.400000e+00 3.000000e-01 2.755279e-01 -2.317963e-03 1.121316e+00 2.847385e-09
6.450000e+00 3.000000e-01 2.755279e-01 -2.317963e-03 1.121316e+00 3.735456e-09
6.500000e+00 3.000000e-01 2.755279e-01 -2.317963e-03 1.121316e+00 4.891822e-09
6.550000e+00 3.000000e-01 2.755279e-01 -2.317963e-03 1.121316e+00 6.395925e-09
6.600000e+00 3.000000e-01 2.755279e-01 -2.317963e-03 1.121316e+00 8.350618e-09
6.650000e+00 3.000000e-01 2.755279e-01 -2.317963e-03 1.121316e+00 1.088873e-08
6.700000e+00 3.000000e-01 2.755279e-01 -2.317963e-03 1.121316e+00 1.418267e-08
6.750000e+00 3.000000e-01 2.755279e-01 -2.317963e-03 1.121316e+00 1.845310e-08
6.800000e+00 3.000000e-01 2.755279e-01 -2.317963e-03 1.121316e+00 2.399218e-08
6.850000e+00 3.000000e-01 2.755279e-01 -2.317964e-03 1.121316e+00 3.115512e-08
6.900000e+00 3.000000e-01 2.755279e-01 -2.317962e-03 1.121316e+00 4.046938e-08
6.950000e+00 3.000000e-01 2.755279e-01 -2.317969e-03 1.121316e+00 5.240955e-08
7.000000e+00 3.000000e-01 2.755279e-01 -2.317952e-03 1.121316e+00 6.819177e-08
7.050000e+00 3.000000e-01 2.755278e-01 -2.318001e-03 1.121316e+00 8.767297e-08
7.100000e+00 3.000000e-01 2.755278e-01 -2.317867e-03 1.121316e+00 1.153868e-07
7.150000e+00 3.000000e-01 2.755278e-01 -2.318228e-03 1.121316e+00 1.445796e-07
7.200000e+00 3.000000e-01 2.755278e-01 -2.317298e-03 1.121317e+00 1.991497e-07
7.250000e+00 3.000000e-01 2.755278e-01 -2.319627e-03 1.121317e+00 2.282738e-07
7.300000e+00 3.000000e-01 2.755278e-01 -2.313997e-03 1.121317e+00 3.639653e-07
7.350000e+00 3.000000e-01 2.755278e-01 -2.327158e-03 1.121317e+00 3.151303e-07
7.400000e+00 3.000000e-01 2.755278e-01 -2.297513e-03 1.121316e+00 7.444330e-07
7.450000e+00 3.000000e-01 2.755277e-01 -2.361831e-03 1.121317e+00 2.598815e-07
7.500000e+00 3.000000e-01 2.755277e-01 -2.227759e-03 1.121316e+00 1.732902e-06
7.550000e+00 3.000000e-01 2.755275e-01 -2.495832e-03 1.121320e+00 -4.144961e-07
7.600000e+00 3.000000e-01 2.755278e-01 -1.983058e-03 1.121313e+00 4.245947e-06
7.650000e+00 3.000000e-01 2.755271e-01 -2.918928e-03 1.121326e+00 -2.666651e-06
7.700000e+00 3.000000e-01 2.755281e-01 -1.294698e-03 1.121304e+00 9.598175e-06
7.750000e+00 3.000000e-01 2.755261e-01 -3.964996e-03 1.121341e+00 -7.057211e-06
7.800000e+00 3.000000e-01 2.755288e-01 1.738871e-04 1.121285e+00 1.757516e-05
7.850000e+00 3.000000e-01 2.755244e-01 -5.839941e-03 1.121368e+00 -1.042984e-05
7.900000e+00 3.000000e-01 2.755298e-01 2.294084e-03 1.121258e+00 2.254234e-05
7.950000e+00 3.000000e-01 2.755221e-01 -7.860624e-03 1.121397e+00 -3.176360e-06
8.000000e+00 3.000000e-01 2.755301e-01 3.725627e-03 1.121241e+00 1.580553e-05
8.050000e+00 3.000000e-01 2.755206e-01 -8.242760e-03 1.121407e+00 1.975115e-05
8.100000e+00 3.000000e-01 2.755281e-01 2.932737e-03 1.121255e+00 7.064127e-06
8.150000e+00 3.000000e-01 2.755198e-01 -6.809586e-03 1.121394e+00 3.405765e-05
8.200000e+00 3.000000e-01 2.755247e-01 2.134442e-03 1.121274e+00 3.645075e-05
8.250000e+00 3.000000e-01 2.755162e-01 -8.218879e-03 1.121421e+00 1.133063e-05
8.300000e+00 3.000000e-01 2.755236e-01 6.581493e-03 1.121232e+00 1.009048e-04
8.350000e+00 3.000000e-01 2.755061e-01 -1.465403e-02 1.121517e+00 2.029775e-05
8.400000e+00 3.000000e-01 2.755216e-01 1.184330e-02 1.121185e+00 9.972025e-05
8.450000e+00 3.000000e-01 2.754961e-01 -1.512031e-02 1.121558e+00 1.459450e-04
8.500000e+00 3.000000e-01 2.755070e-01 6.615430e-03 1.121272e+00 8.353040e-05
8.550000e+00 3.000000e-01 2.754878e-01 -8.455843e-03 1.121534e+00 2.061868e-04
8.600000e+00 3.000000e-01 2.754864e-01 6.263803e-03 1.121332e+00 3.020315e-04
8.650000e+00 3.000000e-01 2.754576e-01 -1.913103e-02 1.121723e+00 1.708224e-04
8.700000e+00 3.000000e-01 2.754693e-01 2.276349e-02 1.121252e+00 4.857233e-04
8.750000e+00 3.000000e-01 2.754090e-01 -2.758921e-02 1.121947e+00 5.502870e-04
8.800000e+00 3.000000e-01 2.754143e-01 1.329637e-02 1.121480e+00 4.858224e-04
8.850000e+00 3.000000e-01 2.753604e-01 -8.646138e-03 1.122000e+00 9.173142e-04
8.900000e+00 3.000000e-01 2.753225e-01 8.778078e-03 1.121768e+00 1.219236e-03
8.950000e+00 3.000000e-01 2.752385e-01 -3.254626e-02 1.122553e+00 1.082480e-03
9.000000e+00 3.000000e-01 2.752143e-01 4.142535e-02 1.121927e+00 1.863235e-03
9.050000e+00 3.000000e-01 2.750522e-01 -3.548847e-02 1.123164e+00 2.523176e-03
9.100000e+00 3.000000e-01 2.749620e-01 6.941885e-03 1.122847e+00 2.621334e-03
9.150000e+00 3.000000e-01 2.747901e-01 -1.016298e-02 1.123980e+00 3.586194e-03
9.200000e+00 3.000000e-01 2.746033e-01 3.717882e-02 1.123802e+00 5.326498e-03
9.250000e+00 3.000000e-01 2.742574e-01 -6.717090e-02 1.125837e+00 6.012794e-03
9.300000e+00 3.000000e-01 2.740021e-01 4.011427e-02 1.125726e+00 7.443860e-03
9.350000e+00 3.000000e-01 2.735130e-01 -7.256766e-03 1.128160e+00 1.058773e-02
9.400000e+00 3.000000e-01 2.729433e-01 1.592655e-02 1.128850e+00 1.363814e-02
9.450000e+00 3.000000e-01 2.721492e-01 -7.468512e-02 1.132522e+00 1.621986e-02
9.500000e+00 3.000000e-01 2.713213e-01 7.081899e-02 1.133989e+00 2.139759e-02
9.550000e+00 3.000000e-01 2.700094e-01 -2.011815e-02 1.139049e+00 2.885331e-02
9.600000e+00 3.000000e-01 2.684360e-01 7.509269e-03 1.142002e+00 3.667396e-02
9.650000e+00 3.000000e-01 2.663420e-01 -7.703985e-02 1.149670e+00 4.611595e-02
9.700000e+00 3.000000e-01 2.638244e-01 7.176588e-02 1.155421e+00 6.070580e-02
9.750000e+00 3.000000e-01 2.602715e-01 -1.874786e-02 1.165777e+00 8.083320e-02
9.800000e+00 3.000000e-01 2.557411e-01 1.325903e-02 1.174307e+00 1.059974e-01
9.850000e+00 3.000000e-01 2.496717e-01 -7.104107e-02 1.189530e+00 1.398919e-01
9.900000e+00 3.000000e-01 2.417519e-01 1.836519e-02 1.204664e+00 1.884277e-01
9.950000e+00 3.000000e-01 2.308290e-01 -3.345575e-02 1.227777e+00 2.587187e-01
1.000000e+01 3.000000e-01 2.158800e-01 -2.073084e-02 0.000000e+00 0.000000e+00
0.000000e+00 3.200000e-01 2.415360e-01 -2.160000e+00 0.000000e+00 0.000000e+00
5.000000e-02 3.200000e-01 2.410086e-01 -2.435107e+00 1.291210e+00 2.815463e-03
1.000000e-01 3.200000e-01 2.412545e-01 -1.539004e+00 1.287094e+00 -1.054669e-02
1.500000e-01 3.200000e-01 2.420633e-01 -1.249121e+00 1.325610e+00 -2.212754e-03
2.000000e-01 3.200000e-01 2.414757e-01 -3.337303e+00 1.336774e+00 2.115083e-02
2.500000e-01 3.200000e-01 2.399482e-01 -3.741038e+00 1.271677e+00 1.077912e-02
3.000000e-01 3.200000e-01 2.403978e-01 -3.897160e-01 1.244023e+00 -2.394522e-02
3.500000e-01 3.200000e-01 2.423427e-01 5.912850e-01 1.329037e+00 -1.532383e-02
4.000000e-01 3.200000e-01 2.419302e-01 -3.774754e+00 1.373390e+00 2.817842e-02
4.500000e-01 3.200000e-01 2.395249e-01 -5.308376e+00 1.273398e+00 2.457322e-02
5.000000e-01 3.200000e-01 2.394729e-01 -1.081736e-01 1.195463e+00 -2.611984e-02
5.500000e-01 3.200000e-01 2.421369e-01 3.072561e+00 1.290817e+00 -3.279329e-02
6.000000e-01 3.200000e-01 2.427522e-01 -2.355839e+00 1.396035e+00 1.871857e-02
6.500000e-01 3.200000e-01 2.402650e-01 -6.614383e+00 1.310909e+00 3.530812e-02
7.000000e-01 3.200000e-01 2.392214e-01 -1.620902e+00 1.174664e+00 -1.307489e-02
7.500000e-01 3.200000e-01 2.415725e-01 4.696931e+00 1.216053e+00 -4.283263e-02
8.000000e-01 3.200000e-01 2.435047e-01 1.339943e+00 1.372843e+00 -2.489872e-03
8.500000e-01 3.200000e-01 2.418215e-01 -6.113546e+00 1.365810e+00 3.640153e-02
9.000000e-01 3.200000e-01 2.398645e-01 -4.728921e+00 1.208779e+00 7.669727e-03
9.500000e-01 3.200000e-01 2.410545e-01 3.080245e+00 1.151863e+00 -3.959606e-02
1.000000e+00 3.200000e-01 2.438241e-01 5.098560e+00 1.288047e+00 -2.705113e-02
1.050000e+00 3.200000e-01 2.437596e-01 -2.094580e+00 1.387937e+00 2.474040e-02
1.100000e+00 3.200000e-01 2.413501e-01 -6.651568e+00 1.288140e+00 2.874998e-02
1.150000e+00 3.200000e-01 2.408846e-01 -2.052688e+00 1.153154e+00 -2.169528e-02
1.200000e+00 3.200000e-01 2.435196e-01 4.395291e+00 1.184174e+00 -4.729721e-02
1.250000e+00 3.200000e-01 2.456144e-01 3.180090e+00 1.326887e+00 -7.422967e-03
1.300000e+00 3.200000e-01 2.442619e-01 -3.669080e+00 1.353802e+00 3.425992e-02
1.350000e+00 3.200000e-01 2.421884e-01 -6.050341e+00 1.236006e+00 1.155033e-02
1.400000e+00 3.200000e-01 2.431069e-01 -1.587471e+00 1.152394e+00 -4.147841e-02
1.450000e+00 3.200000e-01 2.463362e-01 3.084995e+00 1.214101e+00 -4.743930e-02
1.500000e+00 3.200000e-01 2.478508e-01 1.578561e+00 1.320269e+00 -5.249764e-04
1.550000e+00 3.200000e-01 2.463887e-01 -3.548797e+00 1.320647e+00 2.759668e-02
1.600000e+00 3.200000e-01 2.450911e-01 -5.510568e+00 1.230841e+00 -2.825773e-03
1.650000e+00 3.200000e-01 2.466713e-01 -2.662275e+00 1.176508e+00 -4.815419e-02
1.700000e+00 3.200000e-01 2.499065e-01 8.488294e-01 1.218035e+00 -4.936729e-02
1.750000e+00 3.200000e-01 2.516080e-01 7.123928e-01 1.288465e+00 -1.106575e-02
1.800000e+00 3.200000e-01 2.510131e-01 -2.296838e+00 1.298798e+00 1.225891e-02
1.850000e+00 3.200000e-01 2.503821e-01 -4.352471e+00 1.248491e+00 -7.655217e-03
1.900000e+00 3.200000e-01 2.517786e-01 -3.582113e+00 1.202418e+00 -4.373413e-02
1.950000e+00 3.200000e-01 2.547555e-01 -1.366078e+00 1.205333e+00 -5.500687e-02
2.000000e+00 3.200000e-01 2.572793e-01 -1.968120e-01 1.240769e+00 -3.496077e-02
2.050000e+00 3.200000e-01 2.582516e-01 -9.086971e-01 1.263341e+00 -1.206589e-02
2.100000e+00 3.200000e-01 2.584859e-01 -2.309459e+00 1.251798e+00 -1.217637e-02
2.150000e+00 3.200000e-01 2.594692e-01 -2.963849e+00 1.221053e+00 -3.318929e-02
2.200000e+00 3.200000e-01 2.618048e-01 -2.502746e+00 1.197153e+00 -5.403004e-02
2.250000e+00 3.200000e-01 2.648722e-01 -1.546010e+00 1.192273e+00 -5.838217e-02
2.300000e+00 3.200000e-01 2.676431e-01 -8.942974e-01 1.199850e+00 -4.749165e-02
2.350000e+00 3.200000e-01 2.696214e-01 -8.575989e-01 1.206098e+00 -3.443058e-02
2.400000e+00 3.200000e-01 2.710861e-01 -1.210505e+00 1.202538e+00 -3.060745e-02
2.450000e+00 3.200000e-01 2.726822e-01 -1.564736e+00 1.189430e+00 -3.815621e-02
2.500000e+00 3.200000e-01 2.749017e-01 -1.680285e+00 1.171907e+00 -5.155053e-02
2.550000e+00 3.200000e-01 2.778372e-01 -1.531456e+00 1.155129e+00 -6.336380e-02
2.600000e+00 3.200000e-01 2.812381e-01 -1.220653e+00 1.141933e+00 -6.875793e-02
2.650000e+00 3.200000e-01 2.847130e-01 -8.715635e-01 1.132874e+00 -6.675377e-02
2.700000e+00 3.200000e-01 2.879135e-01 -5.679681e-01 1.127244e+00 -5.913020e-02
2.750000e+00 3.200000e-01 2.906260e-01 -3.427759e-01 1.123999e+00 -4.864071e-02
2.800000e+00 3.200000e-01 2.927776e-01 -1.938009e-01 1.122247e+00 -3.770355e-02
2.850000e+00 3.200000e-01 2.943964e-01 -1.035964e-01 1.121370e+00 -2.786558e-02
2.900000e+00 3.200000e-01 2.955641e-01 -5.276706e-02 1.120980e+00 -1.982263e-02
2.950000e+00 3.200000e-01 2.963786e-01 -2.581741e-02 1.120853e+00 -1.367587e-02
3.000000e+00 3.200000e-01 2.969317e-01 -1.227603e-02 1.120857e+00 -9.206369e-03
3.050000e+00 3.200000e-01 2.972993e-01 -5.800454e-03 1.120919e+00 -6.076638e-03
3.100000e+00 3.200000e-01 2.975394e-01 -2.848871e-03 1.120999e+00 -3.947586e-03
3.150000e+00 3.200000e-01 2.976940e-01 -1.568840e-03 1.121077e+00 -2.531397e-03
3.200000e+00 3.200000e-01 2.977925e-01 -1.044410e-03 1.121144e+00 -1.605777e-03
3.250000e+00 3.200000e-01 2.978546e-01 -8.450882e-04 1.121198e+00 -1.009156e-03
3.300000e+00 3.200000e-01 2.978934e-01 -7.780836e-04 1.121240e+00 -6.289076e-04
3.350000e+00 3.200000e-01 2.979175e-01 -7.611877e-04 1.121271e+00 -3.888403e-04
3.400000e+00 3.200000e-01 2.979323e-01 -7.612045e-04 1.121293e+00 -2.385240e-04
3.450000e+00 3.200000e-01 2.979414e-01 -7.656294e-04 1.121310e+00 -1.451210e-04
3.500000e+00 3.200000e-01 2.979468e-01 -7.702381e-04 1.121321e+00 -8.751392e-05
3.550000e+00 3.200000e-01 2.979501e-01 -7.739042e-04 1.121329e+00 -5.225526e-05
3.600000e+00 3.200000e-01 2.979521e-01 -7.765458e-04 1.121334e+00 -3.085135e-05
3.650000e+00 3.200000e-01 2.979532e-01 -7.783640e-04 1.121338e+00 -1.797558e-05
3.700000e+00 3.200000e-01 2.979539e-01 -7.795869e-04 1.121341e+00 -1.030972e-05
3.750000e+00 3.200000e-01 2.979542e-01 -7.803994e-04 1.121343e+00 -5.800332e-06
3.800000e+00 3.200000e-01 2.979544e-01 -7.809357e-04 1.121344e+00 -3.185441e-06
3.850000e+00 3.200000e-01 2.979545e-01 -7.812886e-04 1.121345e+00 -1.695314e-06
3.900000e+00 3.200000e-01 2.979546e-01 -7.815204e-04 1.121345e+00 -8.644037e-07
3.950000e+00 3.200000e-01 2.979546e-01 -7.816725e-04 1.121346e+00 -4.138713e-07
4.000000e+00 3.200000e-01 2.979546e-01 -7.817724e-04 1.121346e+00 -1.786091e-07
4.050000e+00 3.200000e-01 2.979546e-01 -7.818380e-04 1.121346e+00 -6.219197e-08
4.100000e+00 3.200000e-01 2.979546e-01 -7.818812e-04 1.121346e+00 -9.255925e-09
4.150000e+00 3.200000e-01 2.979546e-01 -7.819098e-04 1.121346e+00 1.130915e-08
4.200000e+00 3.200000e-01 2.979546e-01 -7.819287e-04 1.121346e+00 1.649601e-08
4.250000e+00 3.200000e-01 2.979546e-01 -7.819412e-04 1.121346e+00 1.523010e-08
4.300000e+00 3.200000e-01 2.979546e-01 -7.819497e-04 1.121347e+00 1.193550e-08
4.350000e+00 3.200000e-01 2.979546e-01 -7.819554e-04 1.121347e+00 8.604237e-09
4.400000e+00 3.200000e-01 2.979546e-01 -7.819592e-04 1.121347e+00 5.973707e-09
4.450000e+00 3.200000e-01 2.979546e-01 -7.819619e-04 1.121347e+00 4.179236e-09
4.500000e+00 3.200000e-01 2.979546e-01 -7.819637e-04 1.121347e+00 3.102987e-09
4.550000e+00 3.200000e-01 2.979546e-01 -7.819650e-04 1.121347e+00 2.550675e-09
4.600000e+00 3.200000e-01 2.979546e-01 -7.819660e-04 1.121347e+00 2.333428e-09
4.650000e+00 3.200000e-01 2.979546e-01 -7.819666e-04 1.121347e+00 2.299425e-09
4.700000e+00 3.200000e-01 2.979546e-01 -7.819671e-04 1.121347e+00 2.340524e-09
4.750000e+00 3.200000e-01 2.979546e-01 -7.819675e-04 1.121347e+00 2.387721e-09
4.800000e+00 3.200000e-01 2.979546e-01 -7.819677e-04 1.121347e+00 2.402708e-09
4.850000e+00 3.200000e-01 2.979546e-01 -7.819679e-04 1.121347e+00 2.369090e-09
4.900000e+00 3.200000e-01 2.979546e-01 -7.819680e-04 1.121347e+00 2.284776e-09
4.950000e+00 3.200000e-01 2.979546e-01 -7.819681e-04 1.121347e+00 2.156063e-09
5.000000e+00 3.200000e-01 2.979546e-01 -7.819682e-04 1.121347e+00 1.993361e-09
5.050000e+00 3.200000e-01 2.979546e-01 -7.819683e-04 1.121347e+00 1.808310e-09
5.100000e+00 3.200000e-01 2.979546e-01 -7.819683e-04 1.121347e+00 1.611999e-09
5.150000e+00 3.200000e-01 2.979546e-01 -7.819683e-04 1.121347e+00 1.413989e-09
5.200000e+00 3.200000e-01 2.979546e-01 -7.819683e-04 1.121347e+00 1.221889e-09
5.250000e+00 3.200000e-01 2.979546e-01 -7.819684e-04 1.121347e+00 1.041299e-09
5.300000e+00 3.200000e-01 2.979546e-01 -7.819684e-04 1.121347e+00 8.759793e-10
5.350000e+00 3.200000e-01 2.979546e-01 -7.819684e-04 1.121347e+00 7.281109e-10
5.400000e+00 3.200000e-01 2.979546e-01 -7.819684e-04 1.121347e+00 5.986273e-10
5.450000e+00 3.200000e-01 2.979546e-01 -7.819684e-04 1.121347e+00 4.875411e-10
5.500000e+00 3.200000e-01 2.979546e-01 -7.819684e-04 1.121347e+00 3.942330e-10
5.550000e+00 3.200000e-01 2.979546e-01 -7.819684e-04 1.121347e+00 3.177220e-10
5.600000e+00 3.200000e-01 2.979546e-01 -7.819684e-04 1.121347e+00 2.568890e-10
5.650000e+00 3.200000e-01 2.979546e-01 -7.819684e-04 1.121347e+00 2.106598e-10
5.700000e+00 3.200000e-01 2.979546e-01 -7.819684e-04 1.121347e+00 1.781758e-10
5.750000e+00 3.200000e-01 2.979546e-01 -7.819684e-04 1.121347e+00 1.589279e-10
5.800000e+00 3.200000e-01 2.979546e-01 -7.819684e-04 1.121347e+00 1.528772e-10
5.850000e+00 3.200000e-01 2.979546e-01 -7.819684e-04 1.121347e+00 1.605954e-10
5.900000e+00 3.200000e-01 2.979546e-01 -7.819684e-04 1.121347e+00 1.834100e-10
5.950000e+00 3.200000e-01 2.979546e-01 -7.819684e-04 1.121347e+00 2.235717e-10
6.000000e+00 3.200000e-01 2.979546e-01 -7.819684e-04 1.121347e+00 2.844791e-10
6.050000e+00 3.200000e-01 2.979546e-01 -7.819684e-04 1.121347e+00 3.709438e-10
6.100000e+00 3.200000e-01 2.979546e-01 -7.819684e-04 1.121347e+00 4.895567e-10
6.150000e+00 3.200000e-01 2.979546e-01 -7.819684e-04 1.121347e+00 6.491679e-10
6.200000e+00 3.200000e-01 2.979546e-01 -7.819684e-04 1.121347e+00 8.614937e-10
6.250000e+00 3.200000e-01 2.979546e-01 -7.819684e-04 1.121347e+00 1.141925e-09
6.300000e+00 3.200000e-01 2.979546e-01 -7.819684e-04 1.121347e+00 1.510569e-09
6.350000e+00 3.200000e-01 2.979546e-01 -7.819684e-04 1.121347e+00 1.993598e-09
6.400000e+00 3.200000e-01 2.979546e-01 -7.819684e-04 1.121347e+00 2.625023e-09
6.450000e+00 3.200000e-01 2.979546e-01 -7.819684e-04 1.121347e+00 3.448958e-09
6.500000e+00 3.200000e-01 2.979546e-01 -7.819684e-04 1.121347e+00 4.522565e-09
6.550000e+00 3.200000e-01 2.979546e-01 -7.819684e-04 1.121347e+00 5.919856e-09
6.600000e+00 3.200000e-01 2.979546e-01 -7.819684e-04 1.121347e+00 7.736635e-09
6.650000e+00 3.200000e-01 2.979546e-01 -7.819685e-04 1.121347e+00 1.009673e-08
6.700000e+00 3.200000e-01 2.979546e-01 -7.819685e-04 1.121347e+00 1.316060e-08
6.750000e+00 3.200000e-01 2.979546e-01 -7.819685e-04 1.121347e+00 1.713449e-08
6.800000e+00 3.200000e-01 2.979546e-01 -7.819685e-04 1.121347e+00 2.228879e-08
6.850000e+00 3.200000e-01 2.979546e-01 -7.819689e-04 1.121347e+00 2.896043e-08
6.900000e+00 3.200000e-01 2.979546e-01 -7.819680e-04 1.121347e+00 3.762311e-08
6.950000e+00 3.200000e-01 2.979546e-01 -7.819710e-04 1.121347e+00 4.877193e-08
7.000000e+00 3.200000e-01 2.979546e-01 -7.819624e-04 1.121347e+00 6.338926e-08
7.050000e+00 3.200000e-01 2.979546e-01 -7.819876e-04 1.121347e+00 8.176150e-08
7.100000e+00 3.200000e-01 2.979546e-01 -7.819184e-04 1.121347e+00 1.069834e-07
7.150000e+00 3.200000e-01 2.979546e-01 -7.821055e-04 1.121347e+00 1.357109e-07
7.200000e+00 3.200000e-01 2.979546e-01 -7.816183e-04 1.121347e+00 1.827669e-07
7.250000e+00 3.200000e-01 2.979546e-01 -7.828506e-04 1.121347e+00 2.189687e-07
7.300000e+00 3.200000e-01 2.979546e-01 -7.798416e-04 1.121347e+00 3.245096e-07
7.350000e+00 3.200000e-01 2.979546e-01 -7.869439e-04 1.121347e+00 3.253698e-07
7.400000e+00 3.200000e-01 2.979546e-01 -7.707838e-04 1.121347e+00 6.266406e-07
7.450000e+00 3.200000e-01 2.979545e-01 -8.061981e-04 1.121348e+00 3.767214e-07
7.500000e+00 3.200000e-01 2.979545e-01 -7.316164e-04 1.121346e+00 1.356213e-06
7.550000e+00 3.200000e-01 2.979544e-01 -8.822819e-04 1.121349e+00 8.526841e-08
7.600000e+00 3.200000e-01 2.979545e-01 -5.910658e-04 1.121344e+00 3.142183e-06
7.650000e+00 3.200000e-01 2.979541e-01 -1.128181e-03 1.121354e+00 -1.162099e-06
7.700000e+00 3.200000e-01 2.979546e-01 -1.860522e-04 1.121338e+00 6.937280e-06
7.750000e+00 3.200000e-01 2.979534e-01 -1.751562e-03 1.121365e+00 -3.763953e-06
7.800000e+00 3.200000e-01 2.979550e-01 7.010165e-04 1.121324e+00 1.279252e-05
7.850000e+00 3.200000e-01 2.979521e-01 -2.900564e-03 1.121386e+00 -5.667700e-06
7.900000e+00 3.200000e-01 2.979556e-01 2.021311e-03 1.121304e+00 1.713691e-05
7.950000e+00 3.200000e-01 2.979504e-01 -4.182740e-03 1.121411e+00 -1.863004e-07
8.000000e+00 3.200000e-01 2.979556e-01 2.953565e-03 1.121291e+00 1.390075e-05
8.050000e+00 3.200000e-01 2.979490e-01 -4.452986e-03 1.121420e+00 1.705484e-05
8.100000e+00 3.200000e-01 2.979539e-01 2.444291e-03 1.121304e+00 9.135520e-06
8.150000e+00 3.200000e-01 2.979481e-01 -3.465049e-03 1.121412e+00 3.026648e-05
8.200000e+00 3.200000e-01 2.979509e-01 1.783001e-03 1.121323e+00 3.154626e-05
8.250000e+00 3.200000e-01 2.979449e-01 -4.188609e-03 1.121434e+00 1.832121e-05
8.300000e+00 3.200000e-01 2.979490e-01 4.532961e-03 1.121295e+00 8.267940e-05
8.350000e+00 3.200000e-01 2.979366e-01 -8.385327e-03 1.121519e+00 2.849093e-05
8.400000e+00 3.200000e-01 2.979462e-01 8.109859e-03 1.121262e+00 9.104247e-05
8.450000e+00 3.200000e-01 2.979275e-01 -8.785392e-03 1.121564e+00 1.286793e-04
8.500000e+00 3.200000e-01 2.979333e-01 4.465163e-03 1.121346e+00 8.744419e-05
8.550000e+00 3.200000e-01 2.979188e-01 -3.795193e-03 1.121551e+00 1.919950e-04
8.600000e+00 3.200000e-01 2.979141e-01 3.575658e-03 1.121425e+00 2.650147e-04
8.650000e+00 3.200000e-01 2.978923e-01 -1.074612e-02 1.121730e+00 1.839123e-04
8.700000e+00 3.200000e-01 2.978957e-01 1.518511e-02 1.121380e+00 4.386387e-04
8.750000e+00 3.200000e-01 2.978484e-01 -1.706755e-02 1.121971e+00 5.027918e-04
8.800000e+00 3.200000e-01 2.978454e-01 8.304834e-03 1.121624e+00 4.733431e-04
8.850000e+00 3.200000e-01 2.978011e-01 -2.269958e-03 1.122051e+00 8.521592e-04
8.900000e+00 3.200000e-01 2.977602e-01 3.432492e-03 1.121980e+00 1.105235e-03
8.950000e+00 3.200000e-01 2.976906e-01 -1.921777e-02 1.122628e+00 1.045346e-03
9.000000e+00 3.200000e-01 2.976557e-01 2.851680e-02 1.122205e+00 1.730121e-03
9.050000e+00 3.200000e-01 2.975176e-01 -2.193707e-02 1.123342e+00 2.323785e-03
9.100000e+00 3.200000e-01 2.974233e-01 3.742926e-04 1.123259e+00 2.451602e-03
9.150000e+00 3.200000e-01 2.972724e-01 1.046877e-03 1.124232e+00 3.374014e-03
9.200000e+00 3.200000e-01 2.970859e-01 2.282892e-02 1.124430e+00 4.923175e-03
9.250000e+00 3.200000e-01 2.967801e-01 -4.629682e-02 1.126378e+00 5.599880e-03
9.300000e+00 3.200000e-01 2.965259e-01 2.590748e-02 1.126623e+00 6.951350e-03
9.350000e+00 3.200000e-01 2.960849e-01 7.819776e-03 1.128989e+00 9.896104e-03
9.400000e+00 3.200000e-01 2.955363e-01 2.352975e-04 1.130392e+00 1.269097e-02
9.450000e+00 3.200000e-01 2.948158e-01 -5.122043e-02 1.134059e+00 1.511704e-02
9.500000e+00 3.200000e-01 2.940246e-01 5.270237e-02 1.136257e+00 1.998863e-02
9.550000e+00 3.200000e-01 2.928170e-01 2.278271e-03 1.141609e+00 2.707479e-02
9.600000e+00 3.200000e-01 2.913171e-01 -1.495688e-02 1.145992e+00 3.434001e-02
9.650000e+00 3.200000e-01 2.893830e-01 -5.260951e-02 1.154270e+00 4.316917e-02
9.700000e+00 3.200000e-01 2.870002e-01 5.820886e-02 1.161945e+00 5.712704e-02
9.750000e+00 3.200000e-01 2.836703e-01 1.010798e-02 1.173893e+00 7.651310e-02
9.800000e+00 3.200000e-01 2.793489e-01 -1.205198e-02 1.186196e+00 1.004652e-01
9.850000e+00 3.200000e-01 2.736238e-01 -5.152951e-02 1.205330e+00 1.326807e-01
9.900000e+00 3.200000e-01 2.660808e-01 1.652208e-02 1.227528e+00 1.791069e-01
9.950000e+00 3.200000e-01 2.557131e-01 -4.735812e-03 1.259488e+00 2.454483e-01
1.000000e+01 3.200000e-01 2.415360e-01 6.189986e-04 0.000000e+00 0.000000e+00
0.000000e+00 3.400000e-01 2.680560e-01 -1.920000e+00 0.000000e+00 0.000000e+00
5.000000e-02 3.400000e-01 2.672386e-01 -2.605040e+00 1.334130e+00 8.222572e-03
1.000000e-01 3.400000e-01 2.672337e-01 -2.071809e+00 1.308684e+00 -1.758402e-02
1.500000e-01 3.400000e-01 2.689970e-01 2.297679e-01 1.351800e+00 -1.776017e-02
2.000000e-01 3.400000e-01 2.690098e-01 -1.443103e+00 1.411685e+00 3.119182e-02
2.500000e-01 3.400000e-01 2.658778e-01 -5.366485e+00 1.340842e+00 3.871744e-02
3.000000e-01 3.400000e-01 2.651380e-01 -2.898834e+00 1.235086e+00 -3.242578e-02
3.500000e-01 3.400000e-01 2.691204e-01 3.201183e+00 1.315799e+00 -5.319411e-02
4.000000e-01 3.400000e-01 2.704574e-01 4.740030e-01 1.461475e+00 3.380463e-02
4.500000e-01 3.400000e-01 2.657400e-01 -6.993272e+00 1.377459e+00 7.473466e-02
5.000000e-01 3.400000e-01 2.629840e-01 -4.852531e+00 1.177825e+00 -1.881352e-02
5.500000e-01 3.400000e-01 2.676213e-01 4.816564e+00 1.219103e+00 -8.673379e-02
6.000000e-01 3.400000e-01 2.716573e-01 4.404877e+00 1.452394e+00 -4.174303e-05
6.500000e-01 3.400000e-01 2.676255e-01 -5.937743e+00 1.445282e+00 9.179133e-02
7.000000e-01 3.400000e-01 2.624782e-01 -7.402275e+00 1.192935e+00 2.655567e-02
7.500000e-01 3.400000e-01 2.649699e-01 2.922788e+00 1.105921e+00 -8.836546e-02
8.000000e-01 3.400000e-01 2.713148e-01 8.370106e+00 1.346608e+00 -5.528398e-02
8.500000e-01 3.400000e-01 2.704983e-01 -1.199056e+00 1.489567e+00 6.843796e-02
9.000000e-01 3.400000e-01 2.644710e-01 -8.545211e+00 1.295663e+00 7.366328e-02
9.500000e-01 3.400000e-01 2.631320e-01 -2.543426e+00 1.079313e+00 -4.521040e-02
1.000000e+00 3.400000e-01 2.689920e-01 7.663399e+00 1.184236e+00 -9.302043e-02
1.050000e+00 3.400000e-01 2.724340e-01 5.385453e+00 1.431662e+00 7.543760e-03
1.100000e+00 3.400000e-01 2.682376e-01 -5.301404e+00 1.413036e+00 8.611203e-02
1.150000e+00 3.400000e-01 2.638228e-01 -7.630410e+00 1.186007e+00 1.963658e-02
1.200000e+00 3.400000e-01 2.662740e-01 5.216985e-01 1.100344e+00 -8.224179e-02
1.250000e+00 3.400000e-01 2.720470e-01 6.976743e+00 1.275804e+00 -6.074685e-02
1.300000e+00 3.400000e-01 2.723486e-01 1.725507e+00 1.425793e+00 4.259001e-02
1.350000e+00 3.400000e-01 2.677880e-01 -6.466782e+00 1.341702e+00 6.298042e-02
1.400000e+00 3.400000e-01 2.660506e-01 -6.560318e+00 1.178875e+00 -2.302910e-02
1.450000e+00 3.400000e-01 2.700909e-01 3.451538e-01 1.169764e+00 -8.327653e-02
1.500000e+00 3.400000e-01 2.743783e-01 4.145473e+00 1.308138e+00 -3.572148e-02
1.550000e+00 3.400000e-01 2.736631e-01 -5.963210e-02 1.387286e+00 3.850232e-02
1.600000e+00 3.400000e-01 2.705280e-01 -5.548832e+00 1.320621e+00 3.230881e-02
1.650000e+00 3.400000e-01 2.704322e-01 -5.621150e+00 1.221926e+00 -3.626397e-02
1.700000e+00 3.400000e-01 2.741544e-01 -1.257104e+00 1.217407e+00 -7.087341e-02
1.750000e+00 3.400000e-01 2.775195e-01 1.521486e+00 1.293822e+00 -3.420575e-02
1.800000e+00 3.400000e-01 2.775750e-01 -2.277172e-01 1.343605e+00 1.445009e-02
1.850000e+00 3.400000e-01 2.760745e-01 -3.441198e+00 1.316485e+00 1.243401e-02
1.900000e+00 3.400000e-01 2.763316e-01 -4.335439e+00 1.258906e+00 -3.017886e-02
1.950000e+00 3.400000e-01 2.790924e-01 -2.542112e+00 1.235598e+00 -5.928482e-02
2.000000e+00 3.400000e-01 2.822601e-01 -4.937629e-01 1.258106e+00 -4.725418e-02
2.050000e+00 3.400000e-01 2.838178e-01 -2.286172e-01 1.287980e+00 -1.710294e-02
2.100000e+00 3.400000e-01 2.839704e-01 -1.424052e+00 1.290339e+00 -5.546724e-03
2.150000e+00 3.400000e-01 2.843725e-01 -2.508765e+00 1.265780e+00 -2.181691e-02
2.200000e+00 3.400000e-01 2.861521e-01 -2.538180e+00 1.237201e+00 -4.641471e-02
2.250000e+00 3.400000e-01 2.890140e-01 -1.752346e+00 1.222695e+00 -5.718646e-02
2.300000e+00 3.400000e-01 2.918707e-01 -9.593403e-01 1.222944e+00 -4.953289e-02
2.350000e+00 3.400000e-01 2.939672e-01 -6.958769e-01 1.227133e+00 -3.515453e-02
2.400000e+00 3.400000e-01 2.953862e-01 -9.206026e-01 1.225245e+00 -2.776713e-02
2.450000e+00 3.400000e-01 2.967440e-01 -1.279509e+00 1.214461e+00 -3.230482e-02
2.500000e+00 3.400000e-01 2.986166e-01 -1.474159e+00 1.197750e+00 -4.453599e-02
2.550000e+00 3.400000e-01 3.011976e-01 -1.413783e+00 1.179668e+00 -5.683312e-02
2.600000e+00 3.400000e-01 3.043000e-01 -1.167430e+00 1.163513e+00 -6.354934e-02
2.650000e+00 3.400000e-01 3.075525e-01 -8.541501e-01 1.150671e+00 -6.299832e-02
2.700000e+00 3.400000e-01 3.105998e-01 -5.660167e-01 1.141173e+00 -5.659209e-02
2.750000e+00 3.400000e-01 3.132117e-01 -3.454986e-01 1.134453e+00 -4.699256e-02
2.800000e+00 3.400000e-01 3.152990e-01 -1.968110e-01 1.129833e+00 -3.666066e-02
2.850000e+00 3.400000e-01 3.168778e-01 -1.056853e-01 1.126725e+00 -2.721972e-02
2.900000e+00 3.400000e-01 3.180210e-01 -5.392164e-02 1.124679e+00 -1.943232e-02
2.950000e+00 3.400000e-01 3.188210e-01 -2.631206e-02 1.123361e+00 -1.344745e-02
3.000000e+00 3.400000e-01 3.193658e-01 -1.236220e-02 1.122533e+00 -9.078364e-03
3.050000e+00 3.400000e-01 3.197288e-01 -5.645921e-03 1.122026e+00 -6.009110e-03
3.100000e+00 3.400000e-01 3.199667e-01 -2.552989e-03 1.121723e+00 -3.915101e-03
3.150000e+00 3.400000e-01 3.201203e-01 -1.188074e-03 1.121547e+00 -2.518232e-03
3.200000e+00 3.400000e-01 3.202185e-01 -6.110239e-04 1.121449e+00 -1.602574e-03
3.250000e+00 3.400000e-01 3.202806e-01 -3.781179e-04 1.121395e+00 -1.010588e-03
3.300000e+00 3.400000e-01 3.203196e-01 -2.892295e-04 1.121368e+00 -6.321052e-04
3.350000e+00 3.400000e-01 3.203438e-01 -2.579018e-04 1.121355e+00 -3.923648e-04
3.400000e+00 3.400000e-01 3.203588e-01 -2.483503e-04 1.121350e+00 -2.417328e-04
3.450000e+00 3.400000e-01 3.203680e-01 -2.464241e-04 1.121348e+00 -1.477890e-04
3.500000e+00 3.400000e-01 3.203736e-01 -2.468214e-04 1.121349e+00 -8.961830e-05
3.550000e+00 3.400000e-01 3.203769e-01 -2.477004e-04 1.121350e+00 -5.385957e-05
3.600000e+00 3.400000e-01 3.203790e-01 -2.485017e-04 1.121351e+00 -3.204615e-05
3.650000e+00 3.400000e-01 3.203802e-01 -2.491072e-04 1.121352e+00 -1.885064e-05
3.700000e+00 3.400000e-01 3.203808e-01 -2.495324e-04 1.121353e+00 -1.094281e-05
3.750000e+00 3.400000e-01 3.203812e-01 -2.498210e-04 1.121354e+00 -6.254268e-06
3.800000e+00 3.400000e-01 3.203815e-01 -2.500137e-04 1.121355e+00 -3.508827e-06
3.850000e+00 3.400000e-01 3.203816e-01 -2.501414e-04 1.121355e+00 -1.924682e-06
3.900000e+00 3.400000e-01 3.203817e-01 -2.502256e-04 1.121356e+00 -1.026658e-06
3.950000e+00 3.400000e-01 3.203817e-01 -2.502811e-04 1.121356e+00 -5.285292e-07
4.000000e+00 3.400000e-01 3.203817e-01 -2.503176e-04 1.121356e+00 -2.596642e-07
4.050000e+00 3.400000e-01 3.203817e-01 -2.503417e-04 1.121356e+00 -1.195899e-07
4.100000e+00 3.400000e-01 3.203817e-01 -2.503576e-04 1.121356e+00 -5.001727e-08
4.150000e+00 3.400000e-01 3.203817e-01 -2.503681e-04 1.121356e+00 -1.774715e-08
4.200000e+00 3.400000e-01 3.203817e-01 -2.503751e-04 1.121357e+00 -4.308101e-09
4.250000e+00 3.400000e-01 3.203817e-01 -2.503798e-04 1.121357e+00 2.643608e-10
4.300000e+00 3.400000e-01 3.203817e-01 -2.503829e-04 1.121357e+00 1.120420e-09
4.350000e+00 3.400000e-01 3.203817e-01 -2.503851e-04 1.121357e+00 7.575185e-10
4.400000e+00 3.400000e-01 3.203817e-01 -2.503865e-04 1.121357e+00 2.639722e-10
4.450000e+00 3.400000e-01 3.203817e-01 -2.503875e-04 1.121357e+00 1.864842e-11
4.500000e+00 3.400000e-01 3.203817e-01 -2.503882e-04 1.121357e+00 7.292666e-11
4.550000e+00 3.400000e-01 3.203817e-01 -2.503887e-04 1.121357e+00 3.505030e-10
4.600000e+00 3.400000e-01 3.203817e-01 -2.503890e-04 1.121357e+00 7.452206e-10
4.650000e+00 3.400000e-01 3.203817e-01 -2.503893e-04 1.121357e+00 1.163707e-09
4.700000e+00 3.400000e-01 3.203817e-01 -2.503895e-04 1.121357e+00 1.539535e-09
4.750000e+00 3.400000e-01 3.203817e-01 -2.503896e-04 1.121357e+00 1.833816e-09
4.800000e+00 3.400000e-01 3.203817e-01 -2.503897e-04 1.121357e+00 2.030254e-09
4.850000e+00 3.400000e-01 3.203817e-01 -2.503898e-04 1.121357e+00 2.128748e-09
4.900000e+00 3.400000e-01 3.203817e-01 -2.503898e-04 1.121357e+00 2.139411e-09
4.950000e+00 3.400000e-01 3.203817e-01 -2.503899e-04 1.121357e+00 2.077770e-09
5.000000e+00 3.400000e-01 3.203817e-01 -2.503899e-04 1.121357e+00 1.961271e-09
5.050000e+00 3.400000e-01 3.203817e-01 -2.503899e-04 1.121357e+00 1.806938e-09
5.100000e+00 3.400000e-01 3.203817e-01 -2.503899e-04 1.121357e+00 1.629989e-09
5.150000e+00 3.400000e-01 3.203817e-01 -2.503899e-04 1.121357e+00 1.443147e-09
5.200000e+00 3.400000e-01 3.203817e-01 -2.503899e-04 1.121357e+00 1.256421e-09
5.250000e+00 3.400000e-01 3.203817e-01 -2.503900e-04 1.121357e+00 1.077224e-09
5.300000e+00 3.400000e-01 3.203817e-01 -2.503900e-04 1.121357e+00 9.106665e-10
5.350000e+00 3.400000e-01 3.203817e-01 -2.503900e-04 1.121357e+00 7.599149e-10
5.400000e+00 3.400000e-01 3.203817e-01 -2.503900e-04 1.121357e+00 6.266065e-10
5.450000e+00 3.400000e-01 3.203817e-01 -2.503900e-04 1.121357e+00 5.112316e-10
5.500000e+00 3.400000e-01 3.203817e-01 -2.503900e-04 1.121357e+00 4.134798e-10
5.550000e+00 3.400000e-01 3.203817e-01 -2.503900e-04 1.121357e+00 3.325523e-10
5.600000e+00 3.400000e-01 3.203817e-01 -2.503900e-04 1.121357e+00 2.674078e-10
5.650000e+00 3.400000e-01 3.203817e-01 -2.503900e-04 1.121357e+00 2.169731e-10
5.700000e+00 3.400000e-01 3.203817e-01 -2.503900e-04 1.121357e+00 1.803269e-10
5.750000e+00 3.400000e-01 3.203817e-01 -2.503900e-04 1.121357e+00 1.568440e-10
5.800000e+00 3.400000e-01 3.203817e-01 -2.503900e-04 1.121357e+00 1.463252e-10
5.850000e+00 3.400000e-01 3.203817e-01 -2.503900e-04 1.121357e+00 1.491285e-10
5.900000e+00 3.400000e-01 3.203817e-01 -2.503900e-04 1.121357e+00 1.663164e-10
5.950000e+00 3.400000e-01 3.203817e-01 -2.503900e-04 1.121357e+00 1.998091e-10
6.000000e+00 3.400000e-01 3.203817e-01 -2.503900e-04 1.121357e+00 2.525896e-10
6.050000e+00 3.400000e-01 3.203817e-01 -2.503900e-04 1.121357e+00 3.289552e-10
6.100000e+00 3.400000e-01 3.203817e-01 -2.503900e-04 1.121357e+00 4.348438e-10
6.150000e+00 3.400000e-01 3.203817e-01 -2.503900e-04 1.121357e+00 5.782735e-10
6.200000e+00 3.400000e-01 3.203817e-01 -2.503900e-04 1.121357e+00 7.699036e-10
6.250000e+00 3.400000e-01 3.203817e-01 -2.503900e-04 1.121357e+00 1.023768e-09
6.300000e+00 3.400000e-01 3.203817e-01 -2.503900e-04 1.121357e+00 1.358227e-09
6.350000e+00 3.400000e-01 3.203817e-01 -2.503900e-04 1.121357e+00 1.797208e-09
6.400000e+00 3.400000e-01 3.203817e-01 -2.503900e-04 1.121357e+00 2.371827e-09
6.450000e+00 3.400000e-01 3.203817e-01 -2.503900e-04 1.121357e+00 3.122460e-09
6.500000e+00 3.400000e-01 3.203817e-01 -2.503900e-04 1.121357e+00 4.101447e-09
6.550000e+00 3.400000e-01 3.203817e-01 -2.503900e-04 1.121357e+00 5.376573e-09
6.600000e+00 3.400000e-01 3.203817e-01 -2.503900e-04 1.121357e+00 7.035589e-09
6.650000e+00 3.400000e-01 3.203817e-01 -2.503900e-04 1.121357e+00 9.191969e-09
6.700000e+00 3.400000e-01 3.203817e-01 -2.503900e-04 1.121357e+00 1.199265e-08
6.750000e+00 3.400000e-01 3.203817e-01 -2.503900e-04 1.121357e+00 1.562695e-08
6.800000e+00 3.400000e-01 3.203817e-01 -2.503900e-04 1.121357e+00 2.034159e-08
6.850000e+00 3.400000e-01 3.203817e-01 -2.503901e-04 1.121357e+00 2.644877e-08
6.900000e+00 3.400000e-01 3.203817e-01 -2.503897e-04 1.121357e+00 3.437223e-08
6.950000e+00 3.400000e-01 3.203817e-01 -2.503911e-04 1.121357e+00 4.459671e-08
7.000000e+00 3.400000e-01 3.203817e-01 -2.503870e-04 1.121357e+00 5.793332e-08
7.050000e+00 3.400000e-01 3.203817e-01 -2.503990e-04 1.121357e+00 7.489481e-08
7.100000e+00 3.400000e-01 3.203817e-01 -2.503656e-04 1.121357e+00 9.763793e-08
7.150000e+00 3.400000e-01 3.203817e-01 -2.504568e-04 1.121357e+00 1.248876e-07
7.200000e+00 3.400000e-01 3.203817e-01 -2.502169e-04 1.121357e+00 1.656690e-07
7.250000e+00 3.400000e-01 3.203817e-01 -2.508293e-04 1.121357e+00 2.044694e-07
7.300000e+00 3.400000e-01 3.203817e-01 -2.493188e-04 1.121357e+00 2.880744e-07
7.350000e+00 3.400000e-01 3.203817e-01 -2.529195e-04 1.121357e+00 3.182253e-07
7.400000e+00 3.400000e-01 3.203816e-01 -2.446433e-04 1.121357e+00 5.311284e-07
7.450000e+00 3.400000e-01 3.203816e-01 -2.629647e-04 1.121358e+00 4.323989e-07
7.500000e+00 3.400000e-01 3.203816e-01 -2.239825e-04 1.121357e+00 1.073243e-06
7.550000e+00 3.400000e-01 3.203815e-01 -3.035473e-04 1.121359e+00 3.906586e-07
7.600000e+00 3.400000e-01 3.203816e-01 -1.481519e-04 1.121356e+00 2.333236e-06
7.650000e+00 3.400000e-01 3.203813e-01 -4.377703e-04 1.121362e+00 -1.667467e-07
7.700000e+00 3.400000e-01 3.203816e-01 7.559667e-05 1.121352e+00 4.976844e-06
7.750000e+00 3.400000e-01 3.203808e-01 -7.864517e-04 1.121371e+00 -1.486940e-06
7.800000e+00 3.400000e-01 3.203817e-01 5.782401e-04 1.121342e+00 9.182505e-06
7.850000e+00 3.400000e-01 3.203798e-01 -1.446463e-03 1.121386e+00 -2.269439e-06
7.900000e+00 3.400000e-01 3.203820e-01 1.347893e-03 1.121329e+00 1.284715e-05
7.950000e+00 3.400000e-01 3.203786e-01 -2.206293e-03 1.121405e+00 1.953877e-06
8.000000e+00 3.400000e-01 3.203818e-01 1.911725e-03 1.121320e+00 1.201469e-05
8.050000e+00 3.400000e-01 3.203774e-01 -2.377189e-03 1.121414e+00 1.469907e-05
8.100000e+00 3.400000e-01 3.203803e-01 1.598241e-03 1.121331e+00 1.034275e-05
8.150000e+00 3.400000e-01 3.203763e-01 -1.736460e-03 1.121410e+00 2.638091e-05
8.200000e+00 3.400000e-01 3.203777e-01 1.107687e-03 1.121350e+00 2.748063e-05
8.250000e+00 3.400000e-01 3.203736e-01 -2.062232e-03 1.121429e+00 2.233844e-05
8.300000e+00 3.400000e-01 3.203754e-01 2.700545e-03 1.121337e+00 6.717564e-05
8.350000e+00 3.400000e-01 3.203669e-01 -4.629048e-03 1.121500e+00 3.376703e-05
8.400000e+00 3.400000e-01 3.203720e-01 4.971631e-03 1.121318e+00 8.160402e-05
8.450000e+00 3.400000e-01 3.203587e-01 -4.918655e-03 1.121548e+00 1.121661e-04
8.500000e+00 3.400000e-01 3.203608e-01 2.573161e-03 1.121398e+00 8.860127e-05
8.550000e+00 3.400000e-01 3.203498e-01 -1.440060e-03 1.121551e+00 1.744258e-04
8.600000e+00 3.400000e-01 3.203434e-01 1.604984e-03 1.121492e+00 2.306994e-04
8.650000e+00 3.400000e-01 3.203268e-01 -5.708734e-03 1.121716e+00 1.889759e-04
8.700000e+00 3.400000e-01 3.203245e-01 9.296333e-03 1.121488e+00 3.893380e-04
8.750000e+00 3.400000e-01 3.202878e-01 -1.011906e-02 1.121964e+00 4.527395e-04
8.800000e+00 3.400000e-01 3.202792e-01 4.571083e-03 1.121743e+00 4.537107e-04
8.850000e+00 3.400000e-01 3.202425e-01 6.569725e-04 1.122085e+00 7.747964e-04
8.900000e+00 3.400000e-01 3.202017e-01 2.613662e-04 1.122152e+00 9.882205e-04
8.950000e+00 3.400000e-01 3.201436e-01 -1.077797e-02 1.122674e+00 9.926330e-04
9.000000e+00 3.400000e-01 3.201025e-01 1.844077e-02 1.122462e+00 1.577857e-03
9.050000e+00 3.400000e-01 3.199859e-01 -1.302497e-02 1.123475e+00 2.101467e-03
9.100000e+00 3.400000e-01 3.198923e-01 -3.081906e-03 1.123615e+00 2.265164e-03
9.150000e+00 3.400000e-01 3.197593e-01 5.906656e-03 1.124460e+00 3.117994e-03
9.200000e+00 3.400000e-01 3.195805e-01 1.303609e-02 1.124999e+00 4.468222e-03
9.250000e+00 3.400000e-01 3.193125e-01 -3.137653e-02 1.126835e+00 5.135283e-03
9.300000e+00 3.400000e-01 3.190670e-01 1.582219e-02 1.127444e+00 6.399487e-03
9.350000e+00 3.400000e-01 3.186726e-01 1.429168e-02 1.129751e+00 9.080318e-03
9.400000e+00 3.400000e-01 3.181590e-01 -7.999734e-03 1.131795e+00 1.161025e-02
9.450000e+00 3.400000e-01 3.175115e-01 -3.574192e-02 1.135450e+00 1.387396e-02
9.500000e+00 3.400000e-01 3.167716e-01 3.949955e-02 1.138342e+00 1.837766e-02
9.550000e+00 3.400000e-01 3.156738e-01 1.360091e-02 1.143989e+00 2.495934e-02
9.600000e+00 3.400000e-01 3.142756e-01 -2.742400e-02 1.149701e+00 3.160947e-02
9.650000e+00 3.400000e-01 3.125128e-01 -3.832793e-02 1.158564e+00 3.973470e-02
9.700000e+00 3.400000e-01 3.103022e-01 5.148490e-02 1.167988e+00 5.285654e-02
9.750000e+00 3.400000e-01 3.072272e-01 2.421670e-02 1.181562e+00 7.113254e-02
9.800000e+00 3.400000e-01 3.031889e-01 -3.040038e-02 1.197436e+00 9.342273e-02
9.850000e+00 3.400000e-01 2.978849e-01 -4.291715e-02 1.220317e+00 1.233593e-01
9.900000e+00 3.400000e-01 2.908530e-01 1.963770e-02 1.248801e+00 1.667643e-01
9.950000e+00 3.400000e-01 2.812085e-01 8.619567e-03 1.288722e+00 2.279697e-01
1.000000e+01 3.400000e-01 2.680560e-01 1.145943e-02 0.000000e+00 0.000000e+00
0.000000e+00 3.600000e-01 2.953440e-01 -1.680000e+00 0.000000e+00 0.000000e+00
5.000000e-02 3.600000e-01 2.943738e-01 -2.304243e+00 1.380970e+00 1.742190e-02
1.000000e-01 3.600000e-01 2.936018e-01 -3.425591e+00 1.335083e+00 -1.761476e-02
1.500000e-01 3.600000e-01 2.961353e-01 1.640012e-01 1.351835e+00 -4.341335e-02
2.000000e-01 3.600000e-01 2.979431e-01 1.948151e+00 1.460334e+00 2.553413e-02
2.500000e-01 3.600000e-01 2.935819e-01 -4.376226e+00 1.437890e+00 8.141894e-02
3.000000e-01 3.600000e-01 2.898013e-01 -7.486369e+00 1.261535e+00 -1.392803e-02
3.500000e-01 3.600000e-01 2.949747e-01 1.381409e+00 1.260100e+00 -1.058796e-01
4.000000e-01 3.600000e-01 3.003892e-01 6.429333e+00 1.489526e+00 3.514250e-03
4.500000e-01 3.600000e-01 2.946232e-01 -3.733320e+00 1.512875e+00 1.380332e-01
5.000000e-01 3.600000e-01 2.865859e-01 -1.111511e+01 1.234618e+00 3.722236e-02
5.500000e-01 3.600000e-01 2.909010e-01 -1.124975e+00 1.122831e+00 -1.426207e-01
6.000000e-01 3.600000e-01 3.008480e-01 1.017710e+01 1.413432e+00 -7.175303e-02
6.500000e-01 3.600000e-01 2.980763e-01 9.880811e-01 1.576880e+00 1.390918e-01
7.000000e-01 3.600000e-01 2.869388e-01 -1.163381e+01 1.306278e+00 1.226699e-01
7.500000e-01 3.600000e-01 2.858093e-01 -7.185118e+00 1.032648e+00 -1.043022e-01
8.000000e-01 3.600000e-01 2.973690e-01 8.998622e+00 1.226817e+00 -1.559484e-01
8.500000e-01 3.600000e-01 3.014042e-01 7.917921e+00 1.549424e+00 5.677951e-02
9.000000e-01 3.600000e-01 2.916910e-01 -7.194227e+00 1.447129e+00 1.717711e-01
9.500000e-01 3.600000e-01 2.842271e-01 -1.205709e+01 1.104162e+00 4.975117e-03
1.000000e+00 3.600000e-01 2.911935e-01 6.411514e-01 1.060399e+00 -1.679906e-01
1.050000e+00 3.600000e-01 3.010261e-01 1.078541e+01 1.380189e+00 -6.677969e-02
1.100000e+00 3.600000e-01 2.978715e-01 1.260614e+00 1.524618e+00 1.270118e-01
1.150000e+00 3.600000e-01 2.883249e-01 -1.076045e+01 1.306956e+00 1.033813e-01
1.200000e+00 3.600000e-01 2.875334e-01 -8.678444e+00 1.087398e+00 -8.321584e-02
1.250000e+00 3.600000e-01 2.966465e-01 3.997208e+00 1.188698e+00 -1.376026e-01
1.300000e+00 3.600000e-01 3.012936e-01 7.005334e+00 1.431832e+00 7.900554e-03
1.350000e+00 3.600000e-01 2.958565e-01 -2.876894e+00 1.454357e+00 1.103177e-01
1.400000e+00 3.600000e-01 2.902619e-01 -9.969681e+00 1.276597e+00 2.729704e-02
1.450000e+00 3.600000e-01 2.931268e-01 -5.674311e+00 1.172932e+00 -9.914438e-02
1.500000e+00 3.600000e-01 3.001763e-01 2.828428e+00 1.273481e+00 -8.753407e-02
1.550000e+00 3.600000e-01 3.018802e-01 3.241617e+00 1.411848e+00 2.260317e-02
1.600000e+00 3.600000e-01 2.979160e-01 -3.219264e+00 1.407772e+00 6.331843e-02
1.650000e+00 3.600000e-01 2.955483e-01 -7.008834e+00 1.303221e+00 -6.868445e-03
1.700000e+00 3.600000e-01 2.986028e-01 -4.204850e+00 1.246852e+00 -7.812572e-02
1.750000e+00 3.600000e-01 3.033609e-01 5.323483e-01 1.294430e+00 -6.154498e-02
1.800000e+00 3.600000e-01 3.047573e-01 1.199272e+00 1.364063e+00 3.193725e-03
1.850000e+00 3.600000e-01 3.030415e-01 -1.790827e+00 1.369664e+00 2.622441e-02
1.900000e+00 3.600000e-01 3.021349e-01 -4.070787e+00 1.320056e+00 -1.137928e-02
1.950000e+00 3.600000e-01 3.041794e-01 -3.376732e+00 1.278266e+00 -5.468679e-02
2.000000e+00 3.600000e-01 3.076036e-01 -1.160518e+00 1.279867e+00 -5.591378e-02
2.050000e+00 3.600000e-01 3.097708e-01 -2.245404e-02 1.305327e+00 -2.495900e-02
2.100000e+00 3.600000e-01 3.100995e-01 -6.756430e-01 1.317139e+00 -3.296112e-03
2.150000e+00 3.600000e-01 3.101004e-01 -1.874141e+00 1.302204e+00 -1.193405e-02
2.200000e+00 3.600000e-01 3.112929e-01 -2.319848e+00 1.274661e+00 -3.679625e-02
2.250000e+00 3.600000e-01 3.137801e-01 -1.820309e+00 1.253637e+00 -5.267962e-02
2.300000e+00 3.600000e-01 3.165608e-01 -1.033101e+00 1.246041e+00 -4.926666e-02
2.350000e+00 3.600000e-01 3.187067e-01 -6.133529e-01 1.245947e+00 -3.535110e-02
2.400000e+00 3.600000e-01 3.200959e-01 -6.982412e-01 1.243984e+00 -2.553885e-02
2.450000e+00 3.600000e-01 3.212606e-01 -1.016441e+00 1.235120e+00 -2.715820e-02
2.500000e+00 3.600000e-01 3.228118e-01 -1.251773e+00 1.219867e+00 -3.763332e-02
2.550000e+00 3.600000e-01 3.250239e-01 -1.262006e+00 1.201518e+00 -4.966901e-02
2.600000e+00 3.600000e-01 3.277787e-01 -1.078933e+00 1.183357e+00 -5.715881e-02
2.650000e+00 3.600000e-01 3.307398e-01 -8.084918e-01 1.167414e+00 -5.781743e-02
2.700000e+00 3.600000e-01 3.335604e-01 -5.446038e-01 1.154474e+00 -5.264310e-02
2.750000e+00 3.600000e-01 3.360041e-01 -3.361463e-01 1.144523e+00 -4.410471e-02
2.800000e+00 3.600000e-01 3.379709e-01 -1.929115e-01 1.137172e+00 -3.461252e-02
2.850000e+00 3.600000e-01 3.394654e-01 -1.040870e-01 1.131917e+00 -2.580415e-02
2.900000e+00 3.600000e-01 3.405513e-01 -5.324920e-02 1.128265e+00 -1.847711e-02
2.950000e+00 3.600000e-01 3.413131e-01 -2.599817e-02 1.125793e+00 -1.281759e-02
3.000000e+00 3.600000e-01 3.418330e-01 -1.217968e-02 1.124157e+00 -8.672141e-03
3.050000e+00 3.600000e-01 3.421803e-01 -5.505149e-03 1.123097e+00 -5.752558e-03
3.100000e+00 3.600000e-01 3.424083e-01 -2.419516e-03 1.122423e+00 -3.756236e-03
3.150000e+00 3.600000e-01 3.425559e-01 -1.049814e-03 1.122001e+00 -2.421674e-03
3.200000e+00 3.600000e-01 3.426505e-01 -4.649114e-04 1.121741e+00 -1.544940e-03
3.250000e+00 3.600000e-01 3.427104e-01 -2.245217e-04 1.121582e+00 -9.768190e-04
3.300000e+00 3.600000e-01 3.427482e-01 -1.295829e-04 1.121488e+00 -6.127176e-04
3.350000e+00 3.600000e-01 3.427717e-01 -9.373863e-05 1.121431e+00 -3.815004e-04
3.400000e+00 3.600000e-01 3.427863e-01 -8.096700e-05 1.121399e+00 -2.358332e-04
3.450000e+00 3.600000e-01 3.427953e-01 -7.680960e-05 1.121380e+00 -1.447259e-04
3.500000e+00 3.600000e-01 3.428008e-01 -7.568929e-05 1.121369e+00 -8.813793e-05
3.550000e+00 3.600000e-01 3.428041e-01 -7.554838e-05 1.121364e+00 -5.323501e-05
3.600000e+00 3.600000e-01 3.428061e-01 -7.566964e-05 1.121361e+00 -3.186370e-05
3.650000e+00 3.600000e-01 3.428073e-01 -7.582421e-05 1.121359e+00 -1.888028e-05
3.700000e+00 3.600000e-01 3.428080e-01 -7.595143e-05 1.121359e+00 -1.106070e-05
3.750000e+00 3.600000e-01 3.428084e-01 -7.604365e-05 1.121359e+00 -6.396757e-06
3.800000e+00 3.600000e-01 3.428086e-01 -7.610714e-05 1.121359e+00 -3.645639e-06
3.850000e+00 3.600000e-01 3.428088e-01 -7.614983e-05 1.121359e+00 -2.043442e-06
3.900000e+00 3.600000e-01 3.428088e-01 -7.617822e-05 1.121359e+00 -1.124134e-06
3.950000e+00 3.600000e-01 3.428089e-01 -7.619703e-05 1.121359e+00 -6.057926e-07
4.000000e+00 3.600000e-01 3.428089e-01 -7.620946e-05 1.121359e+00 -3.195081e-07
4.050000e+00 3.600000e-01 3.428089e-01 -7.621768e-05 1.121360e+00 -1.652162e-07
4.100000e+00 3.600000e-01 3.428089e-01 -7.622312e-05 1.121360e+00 -8.442744e-08
4.150000e+00 3.600000e-01 3.428089e-01 -7.622673e-05 1.121360e+00 -4.350536e-08
4.200000e+00 3.600000e-01 3.428089e-01 -7.622914e-05 1.121360e+00 -2.349251e-08
4.250000e+00 3.600000e-01 3.428089e-01 -7.623076e-05 1.121360e+00 -1.397536e-08
4.300000e+00 3.600000e-01 3.428089e-01 -7.623185e-05 1.121360e+00 -9.423944e-09
4.350000e+00 3.600000e-01 3.428089e-01 -7.623258e-05 1.121360e+00 -7.035620e-09
4.400000e+00 3.600000e-01 3.428089e-01 -7.623309e-05 1.121360e+00 -5.484653e-09
4.450000e+00 3.600000e-01 3.428089e-01 -7.623344e-05 1.121360e+00 -4.211473e-09
4.500000e+00 3.600000e-01 3.428089e-01 -7.623368e-05 1.121360e+00 -3.029155e-09
4.550000e+00 3.600000e-01 3.428089e-01 -7.623385e-05 1.121360e+00 -1.913273e-09
4.600000e+00 3.600000e-01 3.428089e-01 -7.623398e-05 1.121360e+00 -8.955126e-10
4.650000e+00 3.600000e-01 3.428089e-01 -7.623407e-05 1.121360e+00 -1.429468e-11
4.700000e+00 3.600000e-01 3.428089e-01 -7.623413e-05 1.121360e+00 7.045325e-10
4.750000e+00 3.600000e-01 3.428089e-01 -7.623418e-05 1.121360e+00 1.252146e-09
4.800000e+00 3.600000e-01 3.428089e-01 -7.623421e-05 1.121360e+00 1.634620e-09
4.850000e+00 3.600000e-01 3.428089e-01 -7.623423e-05 1.121360e+00 1.868594e-09
4.900000e+00 3.600000e-01 3.428089e-01 -7.623425e-05 1.121360e+00 1.976779e-09
4.950000e+00 3.600000e-01 3.428089e-01 -7.623427e-05 1.121360e+00 1.984233e-09
5.000000e+00 3.600000e-01 3.428089e-01 -7.623428e-05 1.121360e+00 1.915641e-09
5.050000e+00 3.600000e-01 3.428089e-01 -7.623428e-05 1.121360e+00 1.793539e-09
5.100000e+00 3.600000e-01 3.428089e-01 -7.623429e-05 1.121360e+00 1.637342e-09
5.150000e+00 3.600000e-01 3.428089e-01 -7.623429e-05 1.121360e+00 1.462962e-09
5.200000e+00 3.600000e-01 3.428089e-01 -7.623430e-05 1.121360e+00 1.282821e-09
5.250000e+00 3.600000e-01 3.428089e-01 -7.623430e-05 1.121360e+00 1.106143e-09
5.300000e+00 3.600000e-01 3.428089e-01 -7.623430e-05 1.121360e+00 9.393752e-10
5.350000e+00 3.600000e-01 3.428089e-01 -7.623430e-05 1.121360e+00 7.866646e-10
5.400000e+00 3.600000e-01 3.428089e-01 -7.623430e-05 1.121360e+00 6.503437e-10
5.450000e+00 3.600000e-01 3.428089e-01 -7.623430e-05 1.121360e+00 5.313805e-10
5.500000e+00 3.600000e-01 3.428089e-01 -7.623430e-05 1.121360e+00 4.297745e-10
5.550000e+00 3.600000e-01 3.428089e-01 -7.623430e-05 1.121360e+00 3.449052e-10
5.600000e+00 3.600000e-01 3.428089e-01 -7.623430e-05 1.121360e+00 2.758144e-10
5.650000e+00 3.600000e-01 3.428089e-01 -7.623430e-05 1.121360e+00 2.214312e-10
5.700000e+00 3.600000e-01 3.428089e-01 -7.623430e-05 1.121360e+00 1.807710e-10
5.750000e+00 3.600000e-01 3.428089e-01 -7.623430e-05 1.121360e+00 1.530914e-10
5.800000e+00 3.600000e-01 3.428089e-01 -7.623430e-05 1.121360e+00 1.380263e-10
5.850000e+00 3.600000e-01 3.428089e-01 -7.623430e-05 1.121360e+00 1.357092e-10
5.900000e+00 3.600000e-01 3.428089e-01 -7.623430e-05 1.121360e+00 1.469169e-10
5.950000e+00 3.600000e-01 3.428089e-01 -7.623430e-05 1.121360e+00 1.732159e-10
6.000000e+00 3.600000e-01 3.428089e-01 -7.623430e-05 1.121360e+00 2.171374e-10
6.050000e+00 3.600000e-01 3.428089e-01 -7.623430e-05 1.121360e+00 2.824091e-10
6.100000e+00 3.600000e-01 3.428089e-01 -7.623430e-05 1.121360e+00 3.742529e-10
6.150000e+00 3.600000e-01 3.428089e-01 -7.623430e-05 1.121360e+00 4.997641e-10
6.200000e+00 3.600000e-01 3.428089e-01 -7.623430e-05 1.121360e+00 6.684242e-10
6.250000e+00 3.600000e-01 3.428089e-01 -7.623430e-05 1.121360e+00 8.927614e-10
6.300000e+00 3.600000e-01 3.428089e-01 -7.623430e-05 1.121360e+00 1.189188e-09
6.350000e+00 3.600000e-01 3.428089e-01 -7.623430e-05 1.121360e+00 1.579130e-09
6.400000e+00 3.600000e-01 3.428089e-01 -7.623430e-05 1.121360e+00 2.090469e-09
6.450000e+00 3.600000e-01 3.428089e-01 -7.623430e-05 1.121360e+00 2.759417e-09
6.500000e+00 3.600000e-01 3.428089e-01 -7.623430e-05 1.121360e+00 3.632931e-09
6.550000e+00 3.600000e-01 3.428089e-01 -7.623431e-05 1.121360e+00 4.771841e-09
6.600000e+00 3.600000e-01 3.428089e-01 -7.623431e-05 1.121360e+00 6.254926e-09
6.650000e+00 3.600000e-01 3.428089e-01 -7.623431e-05 1.121360e+00 8.184091e-09
6.700000e+00 3.600000e-01 3.428089e-01 -7.623431e-05 1.121360e+00 1.069123e-08
6.750000e+00 3.600000e-01 3.428089e-01 -7.623432e-05 1.121360e+00 1.394659e-08
6.800000e+00 3.600000e-01 3.428089e-01 -7.623430e-05 1.121360e+00 1.817119e-08
6.850000e+00 3.600000e-01 3.428089e-01 -7.623437e-05 1.121360e+00 2.364734e-08
6.900000e+00 3.600000e-01 3.428089e-01 -7.623418e-05 1.121360e+00 3.075011e-08
6.950000e+00 3.600000e-01 3.428089e-01 -7.623480e-05 1.121360e+00 3.993193e-08
7.000000e+00 3.600000e-01 3.428089e-01 -7.623297e-05 1.121360e+00 5.187243e-08
7.050000e+00 3.600000e-01 3.428089e-01 -7.623836e-05 1.121360e+00 6.717130e-08
7.100000e+00 3.600000e-01 3.428089e-01 -7.622316e-05 1.121360e+00 8.738571e-08
7.150000e+00 3.600000e-01 3.428089e-01 -7.626499e-05 1.121360e+00 1.123815e-07
7.200000e+00 3.600000e-01 3.428089e-01 -7.615378e-05 1.121360e+00 1.476678e-07
7.250000e+00 3.600000e-01 3.428089e-01 -7.644048e-05 1.121360e+00 1.857704e-07
7.300000e+00 3.600000e-01 3.428089e-01 -7.572613e-05 1.121360e+00 2.532130e-07
7.350000e+00 3.600000e-01 3.428088e-01 -7.744598e-05 1.121360e+00 2.976075e-07
7.400000e+00 3.600000e-01 3.428088e-01 -7.345282e-05 1.121360e+00 4.512434e-07
7.450000e+00 3.600000e-01 3.428088e-01 -8.238225e-05 1.121361e+00 4.409282e-07
7.500000e+00 3.600000e-01 3.428088e-01 -6.318890e-05 1.121360e+00 8.605769e-07
7.550000e+00 3.600000e-01 3.428087e-01 -1.027652e-04 1.121362e+00 5.435665e-07
7.600000e+00 3.600000e-01 3.428087e-01 -2.467337e-05 1.121360e+00 1.755258e-06
7.650000e+00 3.600000e-01 3.428085e-01 -1.717192e-04 1.121364e+00 4.170850e-07
7.700000e+00 3.600000e-01 3.428087e-01 9.161988e-05 1.121358e+00 3.588625e-06
7.750000e+00 3.600000e-01 3.428082e-01 -3.551217e-04 1.121370e+00 -6.452192e-08
7.800000e+00 3.600000e-01 3.428087e-01 3.592810e-04 1.121352e+00 6.579171e-06
7.850000e+00 3.600000e-01 3.428075e-01 -7.110983e-04 1.121381e+00 -8.354728e-08
7.900000e+00 3.600000e-01 3.428087e-01 7.799903e-04 1.121344e+00 9.592416e-06
7.950000e+00 3.600000e-01 3.428066e-01 -1.132385e-03 1.121395e+00 3.249802e-06
8.000000e+00 3.600000e-01 3.428084e-01 1.097446e-03 1.121339e+00 1.023628e-05
8.050000e+00 3.600000e-01 3.428055e-01 -1.230052e-03 1.121404e+00 1.260065e-05
8.100000e+00 3.600000e-01 3.428071e-01 9.128205e-04 1.121349e+00 1.071073e-05
8.150000e+00 3.600000e-01 3.428045e-01 -8.394034e-04 1.121404e+00 2.257921e-05
8.200000e+00 3.600000e-01 3.428049e-01 5.824278e-04 1.121368e+00 2.396964e-05
8.250000e+00 3.600000e-01 3.428021e-01 -9.623038e-04 1.121421e+00 2.372118e-05
8.300000e+00 3.600000e-01 3.428025e-01 1.449355e-03 1.121366e+00 5.434962e-05
8.350000e+00 3.600000e-01 3.427966e-01 -2.438117e-03 1.121479e+00 3.596394e-05
8.400000e+00 3.600000e-01 3.427989e-01 2.799461e-03 1.121362e+00 7.176704e-05
8.450000e+00 3.600000e-01 3.427895e-01 -2.622541e-03 1.121529e+00 9.658269e-05
8.500000e+00 3.600000e-01 3.427892e-01 1.310341e-03 1.121438e+00 8.639069e-05
8.550000e+00 3.600000e-01 3.427808e-01 -3.627654e-04 1.121549e+00 1.545923e-04
8.600000e+00 3.600000e-01 3.427738e-01 5.045101e-04 1.121540e+00 1.990202e-04
8.650000e+00 3.600000e-01 3.427609e-01 -2.847584e-03 1.121702e+00 1.852792e-04
8.700000e+00 3.600000e-01 3.427553e-01 5.312576e-03 1.121580e+00 3.394292e-04
8.750000e+00 3.600000e-01 3.427270e-01 -5.726079e-03 1.121951e+00 4.008687e-04
8.800000e+00 3.600000e-01 3.427152e-01 2.244110e-03 1.121843e+00 4.247802e-04
8.850000e+00 3.600000e-01 3.426845e-01 1.600766e-03 1.122121e+00 6.885568e-04
8.900000e+00 3.600000e-01 3.426463e-01 -1.074488e-03 1.122289e+00 8.698621e-04
8.950000e+00 3.600000e-01 3.425975e-01 -5.768188e-03 1.122715e+00 9.213957e-04
9.000000e+00 3.600000e-01 3.425542e-01 1.136062e-02 1.122693e+00 1.409628e-03
9.050000e+00 3.600000e-01 3.424566e-01 -7.438251e-03 1.123588e+00 1.862792e-03
9.100000e+00 3.600000e-01 3.423679e-01 -4.092485e-03 1.123915e+00 2.057646e-03
9.150000e+00 3.600000e-01 3.422508e-01 6.850261e-03 1.124687e+00 2.820380e-03
9.200000e+00 3.600000e-01 3.420859e-01 7.150605e-03 1.125496e+00 3.973096e-03
9.250000e+00 3.600000e-01 3.418535e-01 -2.094551e-02 1.127238e+00 4.621889e-03
9.300000e+00 3.600000e-01 3.416237e-01 9.311787e-03 1.128179e+00 5.784996e-03
9.350000e+00 3.600000e-01 3.412750e-01 1.523053e-02 1.130470e+00 8.155412e-03
9.400000e+00 3.600000e-01 3.408081e-01 -1.054451e-02 1.133032e+00 1.041132e-02
9.450000e+00 3.600000e-01 3.402338e-01 -2.562418e-02 1.136723e+00 1.249826e-02
9.500000e+00 3.600000e-01 3.395583e-01 3.001541e-02 1.140225e+00 1.657303e-02
9.550000e+00 3.600000e-01 3.385765e-01 1.756687e-02 1.146198e+00 2.253120e-02
9.600000e+00 3.600000e-01 3.373052e-01 -3.192544e-02 1.153067e+00 2.850986e-02
9.650000e+00 3.600000e-01 3.357256e-01 -2.972634e-02 1.162535e+00 3.585431e-02
9.700000e+00 3.600000e-01 3.337197e-01 4.839544e-02 1.173474e+00 4.792810e-02
9.750000e+00 3.600000e-01 3.309327e-01 2.833428e-02 1.188711e+00 6.473400e-02
9.800000e+00 3.600000e-01 3.272463e-01 -4.257771e-02 1.207853e+00 8.496296e-02
9.850000e+00 3.600000e-01 3.224365e-01 -3.726081e-02 1.234223e+00 1.121347e-01
9.900000e+00 3.600000e-01 3.160329e-01 2.569208e-02 1.268150e+00 1.517451e-01
9.950000e+00 3.600000e-01 3.072619e-01 1.414239e-02 1.315136e+00 2.068888e-01
1.000000e+01 3.600000e-01 2.953440e-01 1.718027e-02 0.000000e+00 0.000000e+00
0.000000e+00 3.800000e-01 3.233040e-01 -1.440000e+00 0.000000e+00 0.000000e+00
5.000000e-02 3.800000e-01 3.224774e-01 -1.305869e+00 1.426291e+00 2.666948e-02
1.000000e-01 3.800000e-01 3.206371e-01 -4.392718e+00 1.377907e+00 -5.930124e-03
1.500000e-01 3.800000e-01 3.230704e-01 -2.098544e+00 1.347391e+00 -6.786080e-02
2.000000e-01 3.800000e-01 3.274231e-01 4.380090e+00 1.464502e+00 -3.230246e-03
2.500000e-01 3.800000e-01 3.233935e-01 -1.902398e-02 1.526300e+00 1.182371e-01
3.000000e-01 3.800000e-01 3.155994e-01 -1.028786e+01 1.348580e+00 3.869051e-02
3.500000e-01 3.800000e-01 3.195244e-01 -5.485532e+00 1.226114e+00 -1.443905e-01
4.000000e-01 3.800000e-01 3.300385e-01 8.928840e+00 1.443887e+00 -6.730538e-02
4.500000e-01 3.800000e-01 3.262549e-01 4.124270e+00 1.613577e+00 1.766978e-01
5.000000e-01 3.800000e-01 3.123687e-01 -1.312905e+01 1.381404e+00 1.372041e-01
5.500000e-01 3.800000e-01 3.125345e-01 -1.287629e+01 1.111988e+00 -1.582593e-01
6.000000e-01 3.800000e-01 3.281946e-01 8.142170e+00 1.311186e+00 -1.816614e-01
6.500000e-01 3.800000e-01 3.307007e-01 1.065995e+01 1.630375e+00 1.346530e-01
7.000000e-01 3.800000e-01 3.147293e-01 -9.311229e+00 1.488782e+00 2.442486e-01
7.500000e-01 3.800000e-01 3.062758e-01 -1.958070e+01 1.109736e+00 -5.658132e-02
8.000000e-01 3.800000e-01 3.203874e-01 -1.119607e+00 1.120872e+00 -2.619947e-01
8.500000e-01 3.800000e-01 3.324753e-01 1.421933e+01 1.510012e+00 -1.968680e-02
9.000000e-01 3.800000e-01 3.223561e-01 2.760798e-01 1.594103e+00 2.517683e-01
9.500000e-01 3.800000e-01 3.072984e-01 -1.816070e+01 1.270264e+00 1.094815e-01
1.000000e+00 3.800000e-01 3.114080e-01 -1.329744e+01 1.052204e+00 -2.034312e-01
1.050000e+00 3.800000e-01 3.276416e-01 7.937864e+00 1.285178e+00 -1.781436e-01
1.100000e+00 3.800000e-01 3.292223e-01 8.954679e+00 1.565907e+00 1.154050e-01
1.150000e+00 3.800000e-01 3.161011e-01 -8.216234e+00 1.474734e+00 1.945243e-01
1.200000e+00 3.800000e-01 3.097699e-01 -1.675694e+01 1.204018e+00 -3.493852e-02
1.250000e+00 3.800000e-01 3.195949e-01 -4.974649e+00 1.160566e+00 -1.985202e-01
1.300000e+00 3.800000e-01 3.296219e-01 7.799232e+00 1.389486e+00 -6.367335e-02
1.350000e+00 3.800000e-01 3.259623e-01 2.580362e+00 1.525679e+00 1.250742e-01
1.400000e+00 3.800000e-01 3.171145e-01 -9.221775e+00 1.414069e+00 8.954064e-02
1.450000e+00 3.800000e-01 3.170082e-01 -1.080588e+01 1.254179e+00 -8.202999e-02
1.500000e+00 3.800000e-01 3.253175e-01 -1.551085e+00 1.266681e+00 -1.312879e-01
1.550000e+00 3.800000e-01 3.301370e-01 4.265685e+00 1.404430e+00 -1.521409e-02
1.600000e+00 3.800000e-01 3.268389e-01 3.383307e-02 1.464336e+00 7.575961e-02
1.650000e+00 3.800000e-01 3.225610e-01 -6.080736e+00 1.394427e+00 2.810401e-02
1.700000e+00 3.800000e-01 3.240285e-01 -6.126653e+00 1.309184e+00 -6.735707e-02
1.750000e+00 3.800000e-01 3.292967e-01 -1.336596e+00 1.310265e+00 -8.109011e-02
1.800000e+00 3.800000e-01 3.321375e-01 1.509099e+00 1.370681e+00 -1.564353e-02
1.850000e+00 3.800000e-01 3.308611e-01 -1.956518e-01 1.401246e+00 3.003696e-02
1.900000e+00 3.800000e-01 3.291338e-01 -3.040628e+00 1.372587e+00 6.380712e-03
1.950000e+00 3.800000e-01 3.302230e-01 -3.525779e+00 1.326321e+00 -4.320954e-02
2.000000e+00 3.800000e-01 3.334548e-01 -1.745731e+00 1.308277e+00 -5.807857e-02
2.050000e+00 3.800000e-01 3.360309e-01 -1.372176e-01 1.320831e+00 -3.201139e-02
2.100000e+00 3.800000e-01 3.366559e-01 -1.886106e-01 1.334851e+00 -4.297806e-03
2.150000e+00 3.800000e-01 3.364607e-01 -1.240330e+00 1.329056e+00 -4.825845e-03
2.200000e+00 3.800000e-01 3.371385e-01 -1.936280e+00 1.306576e+00 -2.698766e-02
2.250000e+00 3.800000e-01 3.391594e-01 -1.733328e+00 1.282897e+00 -4.573867e-02
2.300000e+00 3.800000e-01 3.417124e-01 -1.056426e+00 1.268614e+00 -4.645688e-02
2.350000e+00 3.800000e-01 3.438051e-01 -5.675021e-01 1.263159e+00 -3.433158e-02
2.400000e+00 3.800000e-01 3.451455e-01 -5.348186e-01 1.259589e+00 -2.343666e-02
2.450000e+00 3.800000e-01 3.461488e-01 -7.882691e-01 1.251881e+00 -2.265790e-02
2.500000e+00 3.800000e-01 3.474113e-01 -1.030381e+00 1.238262e+00 -3.109507e-02
2.550000e+00 3.800000e-01 3.492583e-01 -1.089025e+00 1.220363e+00 -4.222904e-02
2.600000e+00 3.800000e-01 3.516342e-01 -9.622317e-01 1.201014e+00 -4.990777e-02
2.650000e+00 3.800000e-01 3.542491e-01 -7.375358e-01 1.182657e+00 -5.144545e-02
2.700000e+00 3.800000e-01 3.567788e-01 -5.045554e-01 1.166767e+00 -4.743568e-02
2.750000e+00 3.800000e-01 3.589926e-01 -3.147224e-01 1.153914e+00 -4.007164e-02
2.800000e+00 3.800000e-01 3.607859e-01 -1.818984e-01 1.144049e+00 -3.161802e-02
2.850000e+00 3.800000e-01 3.621544e-01 -9.860134e-02 1.136791e+00 -2.365699e-02
2.900000e+00 3.800000e-01 3.631516e-01 -5.058833e-02 1.131635e+00 -1.698278e-02
2.950000e+00 3.800000e-01 3.638527e-01 -2.473500e-02 1.128077e+00 -1.180414e-02
3.000000e+00 3.800000e-01 3.643320e-01 -1.158668e-02 1.125682e+00 -8.000076e-03
3.050000e+00 3.800000e-01 3.646527e-01 -5.222686e-03 1.124103e+00 -5.315443e-03
3.100000e+00 3.800000e-01 3.648636e-01 -2.275340e-03 1.123080e+00 -3.476645e-03
3.150000e+00 3.800000e-01 3.650004e-01 -9.642437e-04 1.122426e+00 -2.245410e-03
3.200000e+00 3.800000e-01 3.650881e-01 -4.025395e-04 1.122014e+00 -1.435225e-03
3.250000e+00 3.800000e-01 3.651439e-01 -1.703680e-04 1.121757e+00 -9.093155e-04
3.300000e+00 3.800000e-01 3.651791e-01 -7.771092e-05 1.121599e+00 -5.716437e-04
3.350000e+00 3.800000e-01 3.652011e-01 -4.202565e-05 1.121502e+00 -3.567883e-04
3.400000e+00 3.800000e-01 3.652147e-01 -2.879945e-05 1.121443e+00 -2.211459e-04
3.450000e+00 3.800000e-01 3.652232e-01 -2.411649e-05 1.121408e+00 -1.361188e-04
3.500000e+00 3.800000e-01 3.652284e-01 -2.256094e-05 1.121387e+00 -8.317994e-05
3.550000e+00 3.800000e-01 3.652315e-01 -2.209910e-05 1.121375e+00 -5.044157e-05
3.600000e+00 3.800000e-01 3.652334e-01 -2.199608e-05 1.121368e+00 -3.033662e-05
3.650000e+00 3.800000e-01 3.652345e-01 -2.199817e-05 1.121364e+00 -1.808156e-05
3.700000e+00 3.800000e-01 3.652352e-01 -2.202324e-05 1.121362e+00 -1.067171e-05
3.750000e+00 3.800000e-01 3.652356e-01 -2.204760e-05 1.121361e+00 -6.231391e-06
3.800000e+00 3.800000e-01 3.652358e-01 -2.206619e-05 1.121361e+00 -3.597014e-06
3.850000e+00 3.800000e-01 3.652360e-01 -2.207925e-05 1.121361e+00 -2.051540e-06
3.900000e+00 3.800000e-01 3.652360e-01 -2.208811e-05 1.121361e+00 -1.156270e-06
3.950000e+00 3.800000e-01 3.652361e-01 -2.209405e-05 1.121361e+00 -6.449483e-07
4.000000e+00 3.800000e-01 3.652361e-01 -2.209799e-05 1.121361e+00 -3.574447e-07
4.050000e+00 3.800000e-01 3.652361e-01 -2.210061e-05 1.121361e+00 -1.984629e-07
4.100000e+00 3.800000e-01 3.652361e-01 -2.210235e-05 1.121361e+00 -1.119865e-07
4.150000e+00 3.800000e-01 3.652361e-01 -2.210351e-05 1.121361e+00 -6.556978e-08
4.200000e+00 3.800000e-01 3.652361e-01 -2.210429e-05 1.121361e+00 -4.075174e-08
4.250000e+00 3.800000e-01 3.652361e-01 -2.210481e-05 1.121361e+00 -2.725726e-08
4.300000e+00 3.800000e-01 3.652361e-01 -2.210516e-05 1.121361e+00 -1.952381e-08
4.350000e+00 3.800000e-01 3.652361e-01 -2.210540e-05 1.121361e+00 -1.464593e-08
4.400000e+00 3.800000e-01 3.652361e-01 -2.210557e-05 1.121361e+00 -1.117655e-08
4.450000e+00 3.800000e-01 3.652361e-01 -2.210568e-05 1.121361e+00 -8.440603e-09
4.500000e+00 3.800000e-01 3.652361e-01 -2.210576e-05 1.121361e+00 -6.151317e-09
4.550000e+00 3.800000e-01 3.652361e-01 -2.210582e-05 1.121361e+00 -4.202405e-09
4.600000e+00 3.800000e-01 3.652361e-01 -2.210586e-05 1.121361e+00 -2.560592e-09
4.650000e+00 3.800000e-01 3.652361e-01 -2.210589e-05 1.121361e+00 -1.213805e-09
4.700000e+00 3.800000e-01 3.652361e-01 -2.210591e-05 1.121361e+00 -1.491524e-10
4.750000e+00 3.800000e-01 3.652361e-01 -2.210592e-05 1.121361e+00 6.540235e-10
4.800000e+00 3.800000e-01 3.652361e-01 -2.210593e-05 1.121361e+00 1.224147e-09
4.850000e+00 3.800000e-01 3.652361e-01 -2.210594e-05 1.121361e+00 1.594764e-09
4.900000e+00 3.800000e-01 3.652361e-01 -2.210595e-05 1.121361e+00 1.801380e-09
4.950000e+00 3.800000e-01 3.652361e-01 -2.210595e-05 1.121361e+00 1.878733e-09
5.000000e+00 3.800000e-01 3.652361e-01 -2.210596e-05 1.121361e+00 1.858846e-09
5.050000e+00 3.800000e-01 3.652361e-01 -2.210596e-05 1.121361e+00 1.769813e-09
5.100000e+00 3.800000e-01 3.652361e-01 -2.210596e-05 1.121361e+00 1.635257e-09
5.150000e+00 3.800000e-01 3.652361e-01 -2.210596e-05 1.121361e+00 1.474265e-09
5.200000e+00 3.800000e-01 3.652361e-01 -2.210596e-05 1.121361e+00 1.301650e-09
5.250000e+00 3.800000e-01 3.652361e-01 -2.210596e-05 1.121361e+00 1.128420e-09
5.300000e+00 3.800000e-01 3.652361e-01 -2.210596e-05 1.121361e+00 9.623330e-10
5.350000e+00 3.800000e-01 3.652361e-01 -2.210596e-05 1.121361e+00 8.084922e-10
5.400000e+00 3.800000e-01 3.652361e-01 -2.210596e-05 1.121361e+00 6.699102e-10
5.450000e+00 3.800000e-01 3.652361e-01 -2.210596e-05 1.121361e+00 5.480200e-10
5.500000e+00 3.800000e-01 3.652361e-01 -2.210596e-05 1.121361e+00 4.431261e-10
5.550000e+00 3.800000e-01 3.652361e-01 -2.210596e-05 1.121361e+00 3.547862e-10
5.600000e+00 3.800000e-01 3.652361e-01 -2.210596e-05 1.121361e+00 2.821182e-10
5.650000e+00 3.800000e-01 3.652361e-01 -2.210596e-05 1.121361e+00 2.240530e-10
5.700000e+00 3.800000e-01 3.652361e-01 -2.210596e-05 1.121361e+00 1.795469e-10
5.750000e+00 3.800000e-01 3.652361e-01 -2.210596e-05 1.121361e+00 1.477368e-10
5.800000e+00 3.800000e-01 3.652361e-01 -2.210596e-05 1.121361e+00 1.280809e-10
5.850000e+00 3.800000e-01 3.652361e-01 -2.210596e-05 1.121361e+00 1.204820e-10
5.900000e+00 3.800000e-01 3.652361e-01 -2.210596e-05 1.121361e+00 1.254152e-10
5.950000e+00 3.800000e-01 3.652361e-01 -2.210596e-05 1.121361e+00 1.440675e-10
6.000000e+00 3.800000e-01 3.652361e-01 -2.210596e-05 1.121361e+00 1.784861e-10
6.050000e+00 3.800000e-01 3.652361e-01 -2.210596e-05 1.121361e+00 2.317857e-10
6.100000e+00 3.800000e-01 3.652361e-01 -2.210596e-05 1.121361e+00 3.084083e-10
6.150000e+00 3.800000e-01 3.652361e-01 -2.210597e-05 1.121361e+00 4.144507e-10
6.200000e+00 3.800000e-01 3.652361e-01 -2.210597e-05 1.121361e+00 5.581136e-10
6.250000e+00 3.800000e-01 3.652361e-01 -2.210597e-05 1.121361e+00 7.502726e-10
6.300000e+00 3.800000e-01 3.652361e-01 -2.210597e-05 1.121361e+00 1.005222e-09
6.350000e+00 3.800000e-01 3.652361e-01 -2.210597e-05 1.121361e+00 1.341650e-09
6.400000e+00 3.800000e-01 3.652361e-01 -2.210597e-05 1.121361e+00 1.783905e-09
6.450000e+00 3.800000e-01 3.652361e-01 -2.210597e-05 1.121361e+00 2.363647e-09
6.500000e+00 3.800000e-01 3.652361e-01 -2.210597e-05 1.121361e+00 3.121946e-09
6.550000e+00 3.800000e-01 3.652361e-01 -2.210597e-05 1.121361e+00 4.112038e-09
6.600000e+00 3.800000e-01 3.652361e-01 -2.210597e-05 1.121361e+00 5.402886e-09
6.650000e+00 3.800000e-01 3.652361e-01 -2.210597e-05 1.121361e+00 7.083734e-09
6.700000e+00 3.800000e-01 3.652361e-01 -2.210597e-05 1.121361e+00 9.270089e-09
6.750000e+00 3.800000e-01 3.652361e-01 -2.210597e-05 1.121361e+00 1.211118e-08
6.800000e+00 3.800000e-01 3.652361e-01 -2.210596e-05 1.121361e+00 1.580040e-08
6.850000e+00 3.800000e-01 3.652361e-01 -2.210599e-05 1.121361e+00 2.058607e-08
6.900000e+00 3.800000e-01 3.652361e-01 -2.210591e-05 1.121361e+00 2.679406e-08
6.950000e+00 3.800000e-01 3.652361e-01 -2.210617e-05 1.121361e+00 3.482956e-08
7.000000e+00 3.800000e-01 3.652361e-01 -2.210540e-05 1.121361e+00 4.526305e-08
7.050000e+00 3.800000e-01 3.652361e-01 -2.210769e-05 1.121361e+00 5.869245e-08
7.100000e+00 3.800000e-01 3.652361e-01 -2.210116e-05 1.121361e+00 7.628325e-08
7.150000e+00 3.800000e-01 3.652361e-01 -2.211929e-05 1.121361e+00 9.845303e-08
7.200000e+00 3.800000e-01 3.652361e-01 -2.207059e-05 1.121361e+00 1.286438e-07
7.250000e+00 3.800000e-01 3.652361e-01 -2.219734e-05 1.121361e+00 1.637842e-07
7.300000e+00 3.800000e-01 3.652361e-01 -2.187838e-05 1.121361e+00 2.186974e-07
7.350000e+00 3.800000e-01 3.652361e-01 -2.265391e-05 1.121361e+00 2.671424e-07
7.400000e+00 3.800000e-01 3.652361e-01 -2.083524e-05 1.121361e+00 3.808432e-07
7.450000e+00 3.800000e-01 3.652360e-01 -2.494286e-05 1.121362e+00 4.158667e-07
7.500000e+00 3.800000e-01 3.652360e-01 -1.602479e-05 1.121362e+00 6.950516e-07
7.550000e+00 3.800000e-01 3.652360e-01 -3.459906e-05 1.121363e+00 5.871642e-07
7.600000e+00 3.800000e-01 3.652360e-01 2.421765e-06 1.121362e+00 1.339851e-06
7.650000e+00 3.800000e-01 3.652358e-01 -6.799065e-05 1.121364e+00 6.992242e-07
7.700000e+00 3.800000e-01 3.652359e-01 5.937417e-05 1.121361e+00 2.619525e-06
7.750000e+00 3.800000e-01 3.652356e-01 -1.588405e-04 1.121368e+00 7.105127e-07
7.800000e+00 3.800000e-01 3.652358e-01 1.935168e-04 1.121358e+00 4.745172e-06
7.850000e+00 3.800000e-01 3.652351e-01 -3.393786e-04 1.121376e+00 1.141170e-06
7.900000e+00 3.800000e-01 3.652357e-01 4.094903e-04 1.121354e+00 7.175845e-06
7.950000e+00 3.800000e-01 3.652344e-01 -5.582988e-04 1.121387e+00 3.817666e-06
8.000000e+00 3.800000e-01 3.652353e-01 5.762811e-04 1.121352e+00 8.587890e-06
8.050000e+00 3.800000e-01 3.652335e-01 -6.090957e-04 1.121395e+00 1.067276e-05
8.100000e+00 3.800000e-01 3.652343e-01 4.725692e-04 1.121362e+00 1.034066e-05
8.150000e+00 3.800000e-01 3.652325e-01 -3.852699e-04 1.121398e+00 1.895565e-05
8.200000e+00 3.800000e-01 3.652324e-01 2.686018e-04 1.121379e+00 2.072010e-05
8.250000e+00 3.800000e-01 3.652304e-01 -4.188947e-04 1.121414e+00 2.302096e-05
8.300000e+00 3.800000e-01 3.652301e-01 7.132066e-04 1.121386e+00 4.375984e-05
8.350000e+00 3.800000e-01 3.652260e-01 -1.218323e-03 1.121463e+00 3.534271e-05
8.400000e+00 3.800000e-01 3.652265e-01 1.466651e-03 1.121395e+00 6.174991e-05
8.450000e+00 3.800000e-01 3.652199e-01 -1.324230e-03 1.121513e+00 8.183704e-05
8.500000e+00 3.800000e-01 3.652183e-01 5.950598e-04 1.121468e+00 8.071371e-05
8.550000e+00 3.800000e-01 3.652118e-01 4.591618e-05 1.121550e+00 1.334539e-04
8.600000e+00 3.800000e-01 3.652050e-01 2.353783e-05 1.121575e+00 1.693095e-04
8.650000e+00 3.800000e-01 3.651949e-01 -1.330212e-03 1.121695e+00 1.732851e-04
8.700000e+00 3.800000e-01 3.651877e-01 2.864112e-03 1.121653e+00 2.898086e-04
8.750000e+00 3.800000e-01 3.651659e-01 -3.092586e-03 1.121942e+00 3.474482e-04
8.800000e+00 3.800000e-01 3.651529e-01 9.814940e-04 1.121924e+00 3.857376e-04
8.850000e+00 3.800000e-01 3.651273e-01 1.566307e-03 1.122162e+00 5.964558e-04
8.900000e+00 3.800000e-01 3.650933e-01 -1.308972e-03 1.122393e+00 7.504152e-04
8.950000e+00 3.800000e-01 3.650523e-01 -2.972791e-03 1.122762e+00 8.308220e-04
9.000000e+00 3.800000e-01 3.650102e-01 6.720444e-03 1.122892e+00 1.228632e-03
9.050000e+00 3.800000e-01 3.649294e-01 -4.103172e-03 1.123692e+00 1.612665e-03
9.100000e+00 3.800000e-01 3.648489e-01 -3.704435e-03 1.124163e+00 1.825760e-03
9.150000e+00 3.800000e-01 3.647468e-01 5.855990e-03 1.124915e+00 2.485641e-03
9.200000e+00 3.800000e-01 3.646004e-01 3.891612e-03 1.125916e+00 3.447709e-03
9.250000e+00 3.800000e-01 3.644021e-01 -1.372284e-02 1.127598e+00 4.062096e-03
9.300000e+00 3.800000e-01 3.641942e-01 5.353971e-03 1.128823e+00 5.106820e-03
9.350000e+00 3.800000e-01 3.638914e-01 1.321054e-02 1.131143e+00 7.139163e-03
9.400000e+00 3.800000e-01 3.634802e-01 -9.802013e-03 1.134088e+00 9.109085e-03
9.450000e+00 3.800000e-01 3.629805e-01 -1.862409e-02 1.137875e+00 1.099665e-02
9.500000e+00 3.800000e-01 3.623806e-01 2.282859e-02 1.141892e+00 1.458751e-02
9.550000e+00 3.800000e-01 3.615217e-01 1.705112e-02 1.148213e+00 1.982245e-02
9.600000e+00 3.800000e-01 3.603983e-01 -3.105222e-02 1.156042e+00 2.507461e-02
9.650000e+00 3.800000e-01 3.590143e-01 -2.333561e-02 1.166128e+00 3.157190e-02
9.700000e+00 3.800000e-01 3.572411e-01 4.557661e-02 1.178348e+00 4.238633e-02
9.750000e+00 3.800000e-01 3.547756e-01 2.573761e-02 1.195236e+00 5.738111e-02
9.800000e+00 3.800000e-01 3.515030e-01 -4.873904e-02 1.217273e+00 7.521800e-02
9.850000e+00 3.800000e-01 3.472538e-01 -3.006487e-02 1.246757e+00 9.924052e-02
9.900000e+00 3.800000e-01 3.415790e-01 3.131301e-02 1.285307e+00 1.343991e-01
9.950000e+00 3.800000e-01 3.338139e-01 1.496396e-02 1.338453e+00 1.827497e-01
1.000000e+01 3.800000e-01 3.233040e-01 1.934045e-02 0.000000e+00 0.000000e+00
0.000000e+00 4.000000e-01 3.518400e-01 -1.200000e+00 0.000000e+00 0.000000e+00
5.000000e-02 4.000000e-01 3.514254e-01 -1.870733e-02 1.461136e+00 3.121921e-02
1.000000e-01 4.000000e-01 3.487181e-01 -3.949183e+00 1.432751e+00 1.394533e-02
1.500000e-01 4.000000e-01 3.500309e-01 -5.162628e+00 1.365352e+00 -7.805137e-02
2.000000e-01 4.000000e-01 3.565232e-01 3.931725e+00 1.437776e+00 -4.602947e-02
2.500000e-01 4.000000e-01 3.546339e-01 5.387407e+00 1.564848e+00 1.277875e-01
3.000000e-01 4.000000e-01 3.437445e-01 -8.571131e+00 1.468736e+00 1.061460e-01
3.500000e-01 4.000000e-01 3.440192e-01 -1.294070e+01 1.271576e+00 -1.440024e-01
4.000000e-01 4.000000e-01 3.581447e-01 5.388711e+00 1.373018e+00 -1.514708e-01
4.500000e-01 4.000000e-01 3.591663e-01 1.187318e+01 1.627057e+00 1.630266e-01
5.000000e-01 4.000000e-01 3.418420e-01 -8.348971e+00 1.554702e+00 2.378580e-01
5.500000e-01 4.000000e-01 3.353805e-01 -2.194619e+01 1.242931e+00 -1.145337e-01
6.000000e-01 4.000000e-01 3.532954e-01 -1.435619e+00 1.245252e+00 -2.791081e-01
6.500000e-01 4.000000e-01 3.632913e-01 1.654350e+01 1.583498e+00 6.805372e-02
7.000000e-01 4.000000e-01 3.464900e-01 -8.911211e-01 1.649749e+00 3.309257e-01
7.500000e-01 4.000000e-01 3.301988e-01 -2.470868e+01 1.337973e+00 4.286166e-02
8.000000e-01 4.000000e-01 3.422039e-01 -1.510241e+01 1.149055e+00 -3.160586e-01
8.500000e-01 4.000000e-01 3.618046e-01 1.281031e+01 1.419079e+00 -1.325127e-01
9.000000e-01 4.000000e-01 3.554551e-01 9.454673e+00 1.662604e+00 2.676702e-01
9.500000e-01 4.000000e-01 3.350376e-01 -1.594312e+01 1.508976e+00 2.217345e-01
1.000000e+00 4.000000e-01 3.332817e-01 -2.366068e+01 1.215177e+00 -1.739561e-01
1.050000e+00 4.000000e-01 3.524332e-01 -1.247913e+00 1.245837e+00 -2.722608e-01
1.100000e+00 4.000000e-01 3.605078e-01 1.273622e+01 1.533397e+00 5.118919e-02
1.150000e+00 4.000000e-01 3.473143e-01 -1.428754e+00 1.610085e+00 2.481369e-01
1.200000e+00 4.000000e-01 3.356941e-01 -1.803472e+01 1.408845e+00 4.245149e-02
1.250000e+00 4.000000e-01 3.430692e-01 -1.322969e+01 1.244031e+00 -2.117901e-01
1.300000e+00 4.000000e-01 3.568731e-01 4.069116e+00 1.354391e+00 -1.381448e-01
1.350000e+00 4.000000e-01 3.568836e-01 6.662491e+00 1.537866e+00 1.004846e-01
1.400000e+00 4.000000e-01 3.468246e-01 -5.007370e+00 1.532513e+00 1.358970e-01
1.450000e+00 4.000000e-01 3.432939e-01 -1.194552e+01 1.385565e+00 -4.018929e-02
1.500000e+00 4.000000e-01 3.508436e-01 -5.723757e+00 1.312824e+00 -1.476343e-01
1.550000e+00 4.000000e-01 3.580574e-01 3.085785e+00 1.392503e+00 -5.645878e-02
1.600000e+00 4.000000e-01 3.564894e-01 2.584868e+00 1.482513e+00 6.731970e-02
1.650000e+00 4.000000e-01 3.513254e-01 -3.629214e+00 1.465703e+00 5.519256e-02
1.700000e+00 4.000000e-01 3.509702e-01 -6.207884e+00 1.385201e+00 -4.446115e-02
1.750000e+00 4.000000e-01 3.557715e-01 -2.824681e+00 1.345880e+00 -8.614390e-02
1.800000e+00 4.000000e-01 3.595846e-01 1.043184e+00 1.375816e+00 -3.319853e-02
1.850000e+00 4.000000e-01 3.590914e-01 8.586404e-01 1.413941e+00 2.546216e-02
1.900000e+00 4.000000e-01 3.570384e-01 -1.758946e+00 1.408554e+00 1.859056e-02
1.950000e+00 4.000000e-01 3.572323e-01 -3.066170e+00 1.370484e+00 -2.896290e-02
2.000000e+00 4.000000e-01 3.599346e-01 -1.989569e+00 1.340208e+00 -5.371774e-02
2.050000e+00 4.000000e-01 3.626041e-01 -3.432979e-01 1.337046e+00 -3.558849e-02
2.100000e+00 4.000000e-01 3.634935e-01 5.499133e-02 1.346807e+00 -6.585936e-03
2.150000e+00 4.000000e-01 3.632627e-01 -7.201511e-01 1.347236e+00 -6.240043e-04
2.200000e+00 4.000000e-01 3.635559e-01 -1.491520e+00 1.331557e+00 -1.833277e-02
2.250000e+00 4.000000e-01 3.650959e-01 -1.522836e+00 1.308557e+00 -3.749491e-02
2.300000e+00 4.000000e-01 3.673054e-01 -1.005016e+00 1.289596e+00 -4.137136e-02
2.350000e+00 4.000000e-01 3.692331e-01 -5.238292e-01 1.278789e+00 -3.174103e-02
2.400000e+00 4.000000e-01 3.704795e-01 -4.136274e-01 1.272625e+00 -2.102782e-02
2.450000e+00 4.000000e-01 3.713359e-01 -5.973108e-01 1.265267e+00 -1.862758e-02
2.500000e+00 4.000000e-01 3.723422e-01 -8.208205e-01 1.253137e+00 -2.502580e-02
2.550000e+00 4.000000e-01 3.738384e-01 -9.054892e-01 1.236085e+00 -3.476956e-02
2.600000e+00 4.000000e-01 3.758192e-01 -8.244758e-01 1.216180e+00 -4.207656e-02
2.650000e+00 4.000000e-01 3.780461e-01 -6.450988e-01 1.196037e+00 -4.411898e-02
2.700000e+00 4.000000e-01 3.802311e-01 -4.475728e-01 1.177716e+00 -4.114612e-02
2.750000e+00 4.000000e-01 3.821607e-01 -2.818656e-01 1.162353e+00 -3.501755e-02
2.800000e+00 4.000000e-01 3.837329e-01 -1.639639e-01 1.150259e+00 -2.776329e-02
2.850000e+00 4.000000e-01 3.849370e-01 -8.926116e-02 1.141203e+00 -2.083822e-02
2.900000e+00 4.000000e-01 3.858167e-01 -4.592241e-02 1.134686e+00 -1.499129e-02
2.950000e+00 4.000000e-01 3.864362e-01 -2.249022e-02 1.130145e+00 -1.043645e-02
3.000000e+00 4.000000e-01 3.868603e-01 -1.054236e-02 1.127062e+00 -7.082506e-03
3.050000e+00 4.000000e-01 3.871444e-01 -4.749881e-03 1.125013e+00 -4.711649e-03
3.100000e+00 4.000000e-01 3.873315e-01 -2.064225e-03 1.123674e+00 -3.085650e-03
3.150000e+00 4.000000e-01 3.874530e-01 -8.684228e-04 1.122811e+00 -1.995591e-03
3.200000e+00 4.000000e-01 3.875310e-01 -3.555444e-04 1.122262e+00 -1.277423e-03
3.250000e+00 4.000000e-01 3.875807e-01 -1.431801e-04 1.121916e+00 -8.106344e-04
3.300000e+00 4.000000e-01 3.876121e-01 -5.815693e-05 1.121700e+00 -5.105004e-04
3.350000e+00 4.000000e-01 3.876318e-01 -2.521344e-05 1.121566e+00 -3.192404e-04
3.400000e+00 4.000000e-01 3.876440e-01 -1.285993e-05 1.121483e+00 -1.982979e-04
3.450000e+00 4.000000e-01 3.876516e-01 -8.383012e-06 1.121433e+00 -1.223529e-04
3.500000e+00 4.000000e-01 3.876563e-01 -6.821802e-06 1.121403e+00 -7.497894e-05
3.550000e+00 4.000000e-01 3.876591e-01 -6.303546e-06 1.121385e+00 -4.562086e-05
3.600000e+00 4.000000e-01 3.876608e-01 -6.144220e-06 1.121374e+00 -2.754954e-05
3.650000e+00 4.000000e-01 3.876619e-01 -6.102430e-06 1.121368e+00 -1.650443e-05
3.700000e+00 4.000000e-01 3.876625e-01 -6.096233e-06 1.121365e+00 -9.804930e-06
3.750000e+00 4.000000e-01 3.876628e-01 -6.099176e-06 1.121363e+00 -5.774783e-06
3.800000e+00 4.000000e-01 3.876631e-01 -6.103378e-06 1.121362e+00 -3.372216e-06
3.850000e+00 4.000000e-01 3.876632e-01 -6.106862e-06 1.121361e+00 -1.953968e-06
3.900000e+00 4.000000e-01 3.876632e-01 -6.109383e-06 1.121361e+00 -1.125619e-06
3.950000e+00 4.000000e-01 3.876633e-01 -6.111117e-06 1.121361e+00 -6.471918e-07
4.000000e+00 4.000000e-01 3.876633e-01 -6.112286e-06 1.121361e+00 -3.739399e-07
4.050000e+00 4.000000e-01 3.876633e-01 -6.113068e-06 1.121361e+00 -2.194239e-07
4.100000e+00 4.000000e-01 3.876633e-01 -6.113590e-06 1.121361e+00 -1.326152e-07
4.150000e+00 4.000000e-01 3.876633e-01 -6.113940e-06 1.121361e+00 -8.379407e-08
4.200000e+00 4.000000e-01 3.876633e-01 -6.114174e-06 1.121361e+00 -5.592646e-08
4.250000e+00 4.000000e-01 3.876633e-01 -6.114332e-06 1.121361e+00 -3.943409e-08
4.300000e+00 4.000000e-01 3.876633e-01 -6.114439e-06 1.121361e+00 -2.905350e-08
4.350000e+00 4.000000e-01 3.876633e-01 -6.114512e-06 1.121361e+00 -2.197103e-08
4.400000e+00 4.000000e-01 3.876634e-01 -6.114562e-06 1.121361e+00 -1.673075e-08
4.450000e+00 4.000000e-01 3.876634e-01 -6.114597e-06 1.121361e+00 -1.260598e-08
4.500000e+00 4.000000e-01 3.876634e-01 -6.114622e-06 1.121361e+00 -9.245570e-09
4.550000e+00 4.000000e-01 3.876634e-01 -6.114639e-06 1.121361e+00 -6.480555e-09
4.600000e+00 4.000000e-01 3.876634e-01 -6.114652e-06 1.121361e+00 -4.222692e-09
4.650000e+00 4.000000e-01 3.876634e-01 -6.114661e-06 1.121361e+00 -2.414376e-09
4.700000e+00 4.000000e-01 3.876634e-01 -6.114667e-06 1.121361e+00 -1.006286e-09
4.750000e+00 4.000000e-01 3.876634e-01 -6.114672e-06 1.121361e+00 5.076439e-11
4.800000e+00 4.000000e-01 3.876634e-01 -6.114675e-06 1.121361e+00 8.072132e-10
4.850000e+00 4.000000e-01 3.876634e-01 -6.114678e-06 1.121361e+00 1.313439e-09
4.900000e+00 4.000000e-01 3.876634e-01 -6.114680e-06 1.121361e+00 1.617749e-09
4.950000e+00 4.000000e-01 3.876634e-01 -6.114681e-06 1.121361e+00 1.764580e-09
5.000000e+00 4.000000e-01 3.876634e-01 -6.114682e-06 1.121361e+00 1.793282e-09
5.050000e+00 4.000000e-01 3.876634e-01 -6.114683e-06 1.121361e+00 1.737476e-09
5.100000e+00 4.000000e-01 3.876634e-01 -6.114684e-06 1.121361e+00 1.624946e-09
5.150000e+00 4.000000e-01 3.876634e-01 -6.114684e-06 1.121361e+00 1.477902e-09
5.200000e+00 4.000000e-01 3.876634e-01 -6.114684e-06 1.121361e+00 1.313490e-09
5.250000e+00 4.000000e-01 3.876634e-01 -6.114685e-06 1.121361e+00 1.144441e-09
5.300000e+00 4.000000e-01 3.876634e-01 -6.114685e-06 1.121361e+00 9.797851e-10
5.350000e+00 4.000000e-01 3.876634e-01 -6.114685e-06 1.121361e+00 8.255480e-10
5.400000e+00 4.000000e-01 3.876634e-01 -6.114685e-06 1.121361e+00 6.853940e-10
5.450000e+00 4.000000e-01 3.876634e-01 -6.114685e-06 1.121361e+00 5.612005e-10
5.500000e+00 4.000000e-01 3.876634e-01 -6.114685e-06 1.121361e+00 4.535633e-10
5.550000e+00 4.000000e-01 3.876634e-01 -6.114685e-06 1.121361e+00 3.622103e-10
5.600000e+00 4.000000e-01 3.876634e-01 -6.114685e-06 1.121361e+00 2.863365e-10
5.650000e+00 4.000000e-01 3.876634e-01 -6.114685e-06 1.121361e+00 2.248740e-10
5.700000e+00 4.000000e-01 3.876634e-01 -6.114685e-06 1.121361e+00 1.767114e-10
5.750000e+00 4.000000e-01 3.876634e-01 -6.114685e-06 1.121361e+00 1.408634e-10
5.800000e+00 4.000000e-01 3.876634e-01 -6.114685e-06 1.121361e+00 1.166101e-10
5.850000e+00 4.000000e-01 3.876634e-01 -6.114685e-06 1.121361e+00 1.036138e-10
5.900000e+00 4.000000e-01 3.876634e-01 -6.114685e-06 1.121361e+00 1.020367e-10
5.950000e+00 4.000000e-01 3.876634e-01 -6.114685e-06 1.121361e+00 1.126654e-10
6.000000e+00 4.000000e-01 3.876634e-01 -6.114685e-06 1.121361e+00 1.370359e-10
6.050000e+00 4.000000e-01 3.876634e-01 -6.114685e-06 1.121361e+00 1.776096e-10
6.100000e+00 4.000000e-01 3.876634e-01 -6.114685e-06 1.121361e+00 2.379957e-10
6.150000e+00 4.000000e-01 3.876634e-01 -6.114685e-06 1.121361e+00 3.232253e-10
6.200000e+00 4.000000e-01 3.876634e-01 -6.114685e-06 1.121361e+00 4.401218e-10
6.250000e+00 4.000000e-01 3.876634e-01 -6.114685e-06 1.121361e+00 5.977918e-10
6.300000e+00 4.000000e-01 3.876634e-01 -6.114685e-06 1.121361e+00 8.082546e-10
6.350000e+00 4.000000e-01 3.876634e-01 -6.114685e-06 1.121361e+00 1.087258e-09
6.400000e+00 4.000000e-01 3.876634e-01 -6.114685e-06 1.121361e+00 1.455360e-09
6.450000e+00 4.000000e-01 3.876634e-01 -6.114685e-06 1.121361e+00 1.939319e-09
6.500000e+00 4.000000e-01 3.876634e-01 -6.114685e-06 1.121361e+00 2.573881e-09
6.550000e+00 4.000000e-01 3.876634e-01 -6.114685e-06 1.121361e+00 3.404118e-09
6.600000e+00 4.000000e-01 3.876634e-01 -6.114685e-06 1.121361e+00 4.488449e-09
6.650000e+00 4.000000e-01 3.876634e-01 -6.114686e-06 1.121361e+00 5.902505e-09
6.700000e+00 4.000000e-01 3.876634e-01 -6.114685e-06 1.121361e+00 7.744196e-09
6.750000e+00 4.000000e-01 3.876633e-01 -6.114687e-06 1.121361e+00 1.014011e-08
6.800000e+00 4.000000e-01 3.876633e-01 -6.114684e-06 1.121361e+00 1.325415e-08
6.850000e+00 4.000000e-01 3.876633e-01 -6.114694e-06 1.121361e+00 1.729742e-08
6.900000e+00 4.000000e-01 3.876633e-01 -6.114663e-06 1.121361e+00 2.254509e-08
6.950000e+00 4.000000e-01 3.876633e-01 -6.114764e-06 1.121361e+00 2.934517e-08
7.000000e+00 4.000000e-01 3.876633e-01 -6.114456e-06 1.121361e+00 3.816961e-08
7.050000e+00 4.000000e-01 3.876633e-01 -6.115377e-06 1.121361e+00 4.956119e-08
7.100000e+00 4.000000e-01 3.876633e-01 -6.112724e-06 1.121362e+00 6.441124e-08
7.150000e+00 4.000000e-01 3.876633e-01 -6.120156e-06 1.121362e+00 8.333942e-08
7.200000e+00 4.000000e-01 3.876633e-01 -6.099996e-06 1.121362e+00 1.085746e-07
7.250000e+00 4.000000e-01 3.876633e-01 -6.152981e-06 1.121362e+00 1.392638e-07
7.300000e+00 4.000000e-01 3.876633e-01 -6.018325e-06 1.121362e+00 1.837060e-07
7.350000e+00 4.000000e-01 3.876633e-01 -6.348943e-06 1.121362e+00 2.297218e-07
7.400000e+00 4.000000e-01 3.876633e-01 -5.565963e-06 1.121362e+00 3.153008e-07
7.450000e+00 4.000000e-01 3.876633e-01 -7.351829e-06 1.121362e+00 3.681629e-07
7.500000e+00 4.000000e-01 3.876633e-01 -3.436213e-06 1.121362e+00 5.581039e-07
7.550000e+00 4.000000e-01 3.876632e-01 -1.167203e-05 1.121363e+00 5.575681e-07
7.600000e+00 4.000000e-01 3.876632e-01 4.904781e-06 1.121362e+00 1.029068e-06
7.650000e+00 4.000000e-01 3.876631e-01 -2.693305e-05 1.121364e+00 7.763048e-07
7.700000e+00 4.000000e-01 3.876631e-01 3.121676e-05 1.121362e+00 1.931327e-06
7.750000e+00 4.000000e-01 3.876629e-01 -6.936632e-05 1.121367e+00 1.033501e-06
7.800000e+00 4.000000e-01 3.876630e-01 9.456537e-05 1.121362e+00 3.446930e-06
7.850000e+00 4.000000e-01 3.876626e-01 -1.555753e-04 1.121373e+00 1.668348e-06
7.900000e+00 4.000000e-01 3.876629e-01 1.988361e-04 1.121360e+00 5.370014e-06
7.950000e+00 4.000000e-01 3.876620e-01 -2.623735e-04 1.121381e+00 3.819744e-06
8.000000e+00 4.000000e-01 3.876625e-01 2.807988e-04 1.121361e+00 7.050086e-06
8.050000e+00 4.000000e-01 3.876613e-01 -2.865288e-04 1.121388e+00 8.843666e-06
8.100000e+00 4.000000e-01 3.876616e-01 2.254325e-04 1.121370e+00 9.370920e-06
8.150000e+00 4.000000e-01 3.876604e-01 -1.660237e-04 1.121394e+00 1.552746e-05
8.200000e+00 4.000000e-01 3.876600e-01 1.092287e-04 1.121387e+00 1.751410e-05
8.250000e+00 4.000000e-01 3.876586e-01 -1.675549e-04 1.121411e+00 2.080328e-05
8.300000e+00 4.000000e-01 3.876580e-01 3.246353e-04 1.121401e+00 3.482549e-05
8.350000e+00 4.000000e-01 3.876552e-01 -5.763495e-04 1.121452e+00 3.239326e-05
8.400000e+00 4.000000e-01 3.876547e-01 7.203814e-04 1.121420e+00 5.164307e-05
8.450000e+00 4.000000e-01 3.876500e-01 -6.322339e-04 1.121503e+00 6.771251e-05
8.500000e+00 4.000000e-01 3.876479e-01 2.398521e-04 1.121489e+00 7.187024e-05
8.550000e+00 4.000000e-01 3.876428e-01 1.444759e-04 1.121554e+00 1.116559e-04
8.600000e+00 4.000000e-01 3.876368e-01 -1.204309e-04 1.121599e+00 1.407685e-04
8.650000e+00 4.000000e-01 3.876287e-01 -5.820133e-04 1.121695e+00 1.541623e-04
8.700000e+00 4.000000e-01 3.876214e-01 1.467171e-03 1.121709e+00 2.407793e-04
8.750000e+00 4.000000e-01 3.876047e-01 -1.597308e-03 1.121939e+00 2.925398e-04
8.800000e+00 4.000000e-01 3.875921e-01 3.779189e-04 1.121987e+00 3.369605e-04
8.850000e+00 4.000000e-01 3.875710e-01 1.177599e-03 1.122204e+00 5.007083e-04
8.900000e+00 4.000000e-01 3.875420e-01 -1.065107e-03 1.122472e+00 6.295482e-04
8.950000e+00 4.000000e-01 3.875080e-01 -1.488673e-03 1.122813e+00 7.219125e-04
9.000000e+00 4.000000e-01 3.874698e-01 3.828474e-03 1.123056e+00 1.037652e-03
9.050000e+00 4.000000e-01 3.874042e-01 -2.198737e-03 1.123788e+00 1.354428e-03
9.100000e+00 4.000000e-01 3.873344e-01 -2.776429e-03 1.124362e+00 1.568404e-03
9.150000e+00 4.000000e-01 3.872474e-01 4.257246e-03 1.125135e+00 2.119180e-03
9.200000e+00 4.000000e-01 3.871225e-01 2.136887e-03 1.126260e+00 2.900078e-03
9.250000e+00 4.000000e-01 3.869574e-01 -8.743421e-03 1.127913e+00 3.458987e-03
9.300000e+00 4.000000e-01 3.867766e-01 3.049449e-03 1.129373e+00 4.366861e-03
9.350000e+00 4.000000e-01 3.865207e-01 1.005953e-02 1.131755e+00 6.049420e-03
9.400000e+00 4.000000e-01 3.861716e-01 -7.729194e-03 1.134964e+00 7.718784e-03
9.450000e+00 4.000000e-01 3.857488e-01 -1.327346e-02 1.138887e+00 9.376764e-03
9.500000e+00 4.000000e-01 3.852340e-01 1.700349e-02 1.143334e+00 1.243763e-02
9.550000e+00 4.000000e-01 3.845051e-01 1.403739e-02 1.149999e+00 1.687127e-02
9.600000e+00 4.000000e-01 3.835468e-01 -2.690247e-02 1.158589e+00 2.134403e-02
9.650000e+00 4.000000e-01 3.823707e-01 -1.722627e-02 1.169273e+00 2.693182e-02
9.700000e+00 4.000000e-01 3.808537e-01 4.065349e-02 1.182575e+00 3.628473e-02
9.750000e+00 4.000000e-01 3.787422e-01 1.901009e-02 1.201025e+00 4.916382e-02
9.800000e+00 4.000000e-01 3.759373e-01 -4.819216e-02 1.225521e+00 6.435464e-02
9.850000e+00 4.000000e-01 3.723067e-01 -2.035469e-02 1.257661e+00 8.492121e-02
9.900000e+00 4.000000e-01 3.674452e-01 3.313155e-02 1.300085e+00 1.150667e-01
9.950000e+00 4.000000e-01 3.608001e-01 1.253879e-02 1.358472e+00 1.560516e-01
1.000000e+01 4.000000e-01 3.518400e-01 1.813373e-02 0.000000e+00 0.000000e+00
0.000000e+00 4.200000e-01 3.808560e-01 -9.600000e-01 0.000000e+00 0.000000e+00
5.000000e-02 4.200000e-01 3.809228e-01 9.248029e-01 1.480734e+00 2.908916e-02
1.000000e-01 4.200000e-01 3.779471e-01 -2.278075e+00 1.483320e+00 3.238339e-02
1.500000e-01 4.200000e-01 3.776845e-01 -6.985354e+00 1.413771e+00 -6.987082e-02
2.000000e-01 4.200000e-01 3.849342e-01 1.173051e+00 1.412891e+00 -8.302891e-02
2.500000e-01 4.200000e-01 3.859874e-01 8.809361e+00 1.542550e+00 1.058529e-01
3.000000e-01 4.200000e-01 3.743489e-01 -3.387515e+00 1.565340e+00 1.559995e-01
3.500000e-01 4.200000e-01 3.703874e-01 -1.602476e+01 1.392167e+00 -1.061030e-01
4.000000e-01 4.200000e-01 3.849592e-01 -1.273824e+00 1.341387e+00 -2.094979e-01
4.500000e-01 4.200000e-01 3.913372e-01 1.523631e+01 1.557403e+00 1.040243e-01
5.000000e-01 4.200000e-01 3.745567e-01 2.615779e-01 1.665668e+00 2.908546e-01
5.500000e-01 4.200000e-01 3.622518e-01 -2.237546e+01 1.458685e+00 -3.447954e-02
6.000000e-01 4.200000e-01 3.780047e-01 -1.102927e+01 1.282997e+00 -3.178881e-01
6.500000e-01 4.200000e-01 3.940406e-01 1.587664e+01 1.481427e+00 -2.714562e-02
7.000000e-01 4.200000e-01 3.807193e-01 8.528606e+00 1.709558e+00 3.424584e-01
7.500000e-01 4.200000e-01 3.597947e-01 -1.970727e+01 1.599058e+00 1.436962e-01
8.000000e-01 4.200000e-01 3.663496e-01 -2.258564e+01 1.318828e+00 -2.944368e-01
8.500000e-01 4.200000e-01 3.892384e-01 6.250009e+00 1.354776e+00 -2.251065e-01
9.000000e-01 4.200000e-01 3.888603e-01 1.523925e+01 1.631227e+00 2.158095e-01
9.500000e-01 4.200000e-01 3.676575e-01 -7.344819e+00 1.698875e+00 2.884525e-01
1.000000e+00 4.200000e-01 3.600150e-01 -2.406285e+01 1.468268e+00 -9.817567e-02
1.050000e+00 4.200000e-01 3.774751e-01 -9.212411e+00 1.307005e+00 -3.054316e-01
1.100000e+00 4.200000e-01 3.905582e-01 1.165763e+01 1.468288e+00 -3.029440e-02
1.150000e+00 4.200000e-01 3.805045e-01 5.614122e+00 1.657744e+00 2.443449e-01
1.200000e+00 4.200000e-01 3.661237e-01 -1.271564e+01 1.601040e+00 1.114831e-01
1.250000e+00 4.200000e-01 3.693562e-01 -1.570116e+01 1.402629e+00 -1.767385e-01
1.300000e+00 4.200000e-01 3.837976e-01 -5.154503e-01 1.362964e+00 -1.812072e-01
1.350000e+00 4.200000e-01 3.874769e-01 8.039440e+00 1.506058e+00 5.382554e-02
1.400000e+00 4.200000e-01 3.784150e-01 1.350414e-01 1.589808e+00 1.504608e-01
1.450000e+00 4.200000e-01 3.724308e-01 -9.292728e+00 1.510253e+00 5.845554e-03
1.500000e+00 4.200000e-01 3.778305e-01 -7.368591e+00 1.395314e+00 -1.340630e-01
1.550000e+00 4.200000e-01 3.858371e-01 1.238951e+00 1.394290e+00 -8.308984e-02
1.600000e+00 4.200000e-01 3.861394e-01 3.788505e+00 1.471653e+00 4.647977e-02
1.650000e+00 4.200000e-01 3.811891e-01 -9.508458e-01 1.501334e+00 6.702869e-02
1.700000e+00 4.200000e-01 3.794366e-01 -4.854465e+00 1.451171e+00 -1.942800e-02
1.750000e+00 4.200000e-01 3.831319e-01 -3.301937e+00 1.391624e+00 -7.733603e-02
1.800000e+00 4.200000e-01 3.871702e-01 4.056505e-01 1.385257e+00 -4.286800e-02
1.850000e+00 4.200000e-01 3.874187e-01 1.307276e+00 1.414699e+00 1.694205e-02
1.900000e+00 4.200000e-01 3.854760e-01 -6.526990e-01 1.427085e+00 2.376368e-02
1.950000e+00 4.200000e-01 3.850424e-01 -2.286092e+00 1.404363e+00 -1.587128e-02
2.000000e+00 4.200000e-01 3.870631e-01 -1.868571e+00 1.370602e+00 -4.470361e-02
2.050000e+00 4.200000e-01 3.895127e-01 -4.790996e-01 1.353633e+00 -3.465117e-02
2.100000e+00 4.200000e-01 3.905282e-01 1.363750e-01 1.355457e+00 -8.373819e-03
2.150000e+00 4.200000e-01 3.903501e-01 -3.532545e-01 1.358673e+00 1.274437e-03
2.200000e+00 4.200000e-01 3.904008e-01 -1.065821e+00 1.349645e+00 -1.151576e-02
2.250000e+00 4.200000e-01 3.915017e-01 -1.237599e+00 1.329452e+00 -2.895437e-02
2.300000e+00 4.200000e-01 3.932962e-01 -8.812120e-01 1.307890e+00 -3.454981e-02
2.350000e+00 4.200000e-01 3.949567e-01 -4.620577e-01 1.292482e+00 -2.754341e-02
2.400000e+00 4.200000e-01 3.960505e-01 -3.178407e-01 1.283368e+00 -1.802788e-02
2.450000e+00 4.200000e-01 3.967595e-01 -4.395324e-01 1.275730e+00 -1.486273e-02
2.500000e+00 4.200000e-01 3.975368e-01 -6.281357e-01 1.264781e+00 -1.942244e-02
2.550000e+00 4.200000e-01 3.987017e-01 -7.190395e-01 1.248710e+00 -2.744617e-02
2.600000e+00 4.200000e-01 4.002814e-01 -6.720535e-01 1.228676e+00 -3.388828e-02
2.650000e+00 4.200000e-01 4.020905e-01 -5.353318e-01 1.207279e+00 -3.605964e-02
2.700000e+00 4.200000e-01 4.038874e-01 -3.759784e-01 1.187038e+00 -3.396218e-02
2.750000e+00 4.200000e-01 4.054867e-01 -2.387538e-01 1.169597e+00 -2.908906e-02
2.800000e+00 4.200000e-01 4.067963e-01 -1.396678e-01 1.155615e+00 -2.315793e-02
2.850000e+00 4.200000e-01 4.078025e-01 -7.632005e-02 1.145016e+00 -1.742767e-02
2.900000e+00 4.200000e-01 4.085391e-01 -3.936075e-02 1.137326e+00 -1.255975e-02
2.950000e+00 4.200000e-01 4.090585e-01 -1.930613e-02 1.131935e+00 -8.754692e-03
3.000000e+00 4.200000e-01 4.094145e-01 -9.057424e-03 1.128256e+00 -5.947251e-03
3.050000e+00 4.200000e-01 4.096532e-01 -4.081783e-03 1.125800e+00 -3.960130e-03
3.100000e+00 4.200000e-01 4.098106e-01 -1.772870e-03 1.124188e+00 -2.595963e-03
3.150000e+00 4.200000e-01 4.099128e-01 -7.442454e-04 1.123145e+00 -1.680623e-03
3.200000e+00 4.200000e-01 4.099786e-01 -3.028721e-04 1.122477e+00 -1.077021e-03
3.250000e+00 4.200000e-01 4.100205e-01 -1.200154e-04 1.122053e+00 -6.843174e-04
3.300000e+00 4.200000e-01 4.100470e-01 -4.673789e-05 1.121787e+00 -4.315512e-04
3.350000e+00 4.200000e-01 4.100637e-01 -1.829485e-05 1.121621e+00 -2.702910e-04
3.400000e+00 4.200000e-01 4.100741e-01 -7.591608e-06 1.121518e+00 -1.681913e-04
3.450000e+00 4.200000e-01 4.100805e-01 -3.685716e-06 1.121455e+00 -1.039913e-04
3.500000e+00 4.200000e-01 4.100845e-01 -2.304385e-06 1.121417e+00 -6.388405e-05
3.550000e+00 4.200000e-01 4.100869e-01 -1.832188e-06 1.121394e+00 -3.898780e-05
3.600000e+00 4.200000e-01 4.100884e-01 -1.677221e-06 1.121380e+00 -2.363377e-05
3.650000e+00 4.200000e-01 4.100893e-01 -1.629227e-06 1.121372e+00 -1.422845e-05
3.700000e+00 4.200000e-01 4.100898e-01 -1.615847e-06 1.121367e+00 -8.508095e-06
3.750000e+00 4.200000e-01 4.100901e-01 -1.613022e-06 1.121364e+00 -5.055266e-06
3.800000e+00 4.200000e-01 4.100903e-01 -1.613081e-06 1.121363e+00 -2.987821e-06
3.850000e+00 4.200000e-01 4.100904e-01 -1.613722e-06 1.121362e+00 -1.760256e-06
3.900000e+00 4.200000e-01 4.100905e-01 -1.614331e-06 1.121362e+00 -1.037537e-06
3.950000e+00 4.200000e-01 4.100905e-01 -1.614790e-06 1.121361e+00 -6.154376e-07
4.000000e+00 4.200000e-01 4.100905e-01 -1.615110e-06 1.121361e+00 -3.705065e-07
4.050000e+00 4.200000e-01 4.100906e-01 -1.615329e-06 1.121361e+00 -2.288256e-07
4.100000e+00 4.200000e-01 4.100906e-01 -1.615476e-06 1.121361e+00 -1.466125e-07
4.150000e+00 4.200000e-01 4.100906e-01 -1.615575e-06 1.121361e+00 -9.825610e-08
4.200000e+00 4.200000e-01 4.100906e-01 -1.615641e-06 1.121361e+00 -6.898863e-08
4.250000e+00 4.200000e-01 4.100906e-01 -1.615686e-06 1.121361e+00 -5.043433e-08
4.300000e+00 4.200000e-01 4.100906e-01 -1.615717e-06 1.121362e+00 -3.793032e-08
4.350000e+00 4.200000e-01 4.100906e-01 -1.615738e-06 1.121362e+00 -2.893242e-08
4.400000e+00 4.200000e-01 4.100906e-01 -1.615752e-06 1.121362e+00 -2.207923e-08
4.450000e+00 4.200000e-01 4.100906e-01 -1.615762e-06 1.121362e+00 -1.665162e-08
4.500000e+00 4.200000e-01 4.100906e-01 -1.615770e-06 1.121362e+00 -1.226733e-08
4.550000e+00 4.200000e-01 4.100906e-01 -1.615775e-06 1.121362e+00 -8.712980e-09
4.600000e+00 4.200000e-01 4.100906e-01 -1.615778e-06 1.121362e+00 -5.855154e-09
4.650000e+00 4.200000e-01 4.100906e-01 -1.615781e-06 1.121362e+00 -3.595786e-09
4.700000e+00 4.200000e-01 4.100906e-01 -1.615783e-06 1.121362e+00 -1.851653e-09
4.750000e+00 4.200000e-01 4.100906e-01 -1.615784e-06 1.121362e+00 -5.462658e-10
4.800000e+00 4.200000e-01 4.100906e-01 -1.615785e-06 1.121362e+00 3.922584e-10
4.850000e+00 4.200000e-01 4.100906e-01 -1.615786e-06 1.121362e+00 1.030852e-09
4.900000e+00 4.200000e-01 4.100906e-01 -1.615787e-06 1.121362e+00 1.430466e-09
4.950000e+00 4.200000e-01 4.100906e-01 -1.615787e-06 1.121362e+00 1.645115e-09
5.000000e+00 4.200000e-01 4.100906e-01 -1.615787e-06 1.121362e+00 1.721367e-09
5.050000e+00 4.200000e-01 4.100906e-01 -1.615787e-06 1.121362e+00 1.698267e-09
5.100000e+00 4.200000e-01 4.100906e-01 -1.615788e-06 1.121362e+00 1.607647e-09
5.150000e+00 4.200000e-01 4.100906e-01 -1.615788e-06 1.121362e+00 1.474740e-09
5.200000e+00 4.200000e-01 4.100906e-01 -1.615788e-06 1.121362e+00 1.318931e-09
5.250000e+00 4.200000e-01 4.100906e-01 -1.615788e-06 1.121362e+00 1.154605e-09
5.300000e+00 4.200000e-01 4.100906e-01 -1.615788e-06 1.121362e+00 9.919982e-10
5.350000e+00 4.200000e-01 4.100906e-01 -1.615788e-06 1.121362e+00 8.380030e-10
5.400000e+00 4.200000e-01 4.100906e-01 -1.615788e-06 1.121362e+00 6.968981e-10
5.450000e+00 4.200000e-01 4.100906e-01 -1.615788e-06 1.121362e+00 5.709849e-10
5.500000e+00 4.200000e-01 4.100906e-01 -1.615788e-06 1.121362e+00 4.611272e-10
5.550000e+00 4.200000e-01 4.100906e-01 -1.615788e-06 1.121362e+00 3.672129e-10
5.600000e+00 4.200000e-01 4.100906e-01 -1.615788e-06 1.121362e+00 2.885092e-10
5.650000e+00 4.200000e-01 4.100906e-01 -1.615788e-06 1.121362e+00 2.239403e-10
5.700000e+00 4.200000e-01 4.100906e-01 -1.615788e-06 1.121362e+00 1.723277e-10
5.750000e+00 4.200000e-01 4.100906e-01 -1.615788e-06 1.121362e+00 1.325667e-10
5.800000e+00 4.200000e-01 4.100906e-01 -1.615788e-06 1.121362e+00 1.037492e-10
5.850000e+00 4.200000e-01 4.100906e-01 -1.615788e-06 1.121362e+00 8.528900e-11
5.900000e+00 4.200000e-01 4.100906e-01 -1.615788e-06 1.121362e+00 7.703060e-11
5.950000e+00 4.200000e-01 4.100906e-01 -1.615788e-06 1.121362e+00 7.934153e-11
6.000000e+00 4.200000e-01 4.100906e-01 -1.615788e-06 1.121362e+00 9.321932e-11
6.050000e+00 4.200000e-01 4.100906e-01 -1.615788e-06 1.121362e+00 1.204442e-10
6.100000e+00 4.200000e-01 4.100906e-01 -1.615788e-06 1.121362e+00 1.637501e-10
6.150000e+00 4.200000e-01 4.100906e-01 -1.615788e-06 1.121362e+00 2.270384e-10
6.200000e+00 4.200000e-01 4.100906e-01 -1.615788e-06 1.121362e+00 3.156825e-10
6.250000e+00 4.200000e-01 4.100906e-01 -1.615788e-06 1.121362e+00 4.369211e-10
6.300000e+00 4.200000e-01 4.100906e-01 -1.615788e-06 1.121362e+00 6.003598e-10
6.350000e+00 4.200000e-01 4.100906e-01 -1.615788e-06 1.121362e+00 8.186363e-10
6.400000e+00 4.200000e-01 4.100906e-01 -1.615788e-06 1.121362e+00 1.108293e-09
6.450000e+00 4.200000e-01 4.100906e-01 -1.615788e-06 1.121362e+00 1.490902e-09
6.500000e+00 4.200000e-01 4.100906e-01 -1.615788e-06 1.121362e+00 1.994512e-09
6.550000e+00 4.200000e-01 4.100906e-01 -1.615788e-06 1.121362e+00 2.655551e-09
6.600000e+00 4.200000e-01 4.100906e-01 -1.615788e-06 1.121362e+00 3.521263e-09
6.650000e+00 4.200000e-01 4.100906e-01 -1.615788e-06 1.121362e+00 4.652865e-09
6.700000e+00 4.200000e-01 4.100906e-01 -1.615788e-06 1.121362e+00 6.129641e-09
6.750000e+00 4.200000e-01 4.100906e-01 -1.615789e-06 1.121362e+00 8.054166e-09
6.800000e+00 4.200000e-01 4.100906e-01 -1.615787e-06 1.121362e+00 1.055923e-08
6.850000e+00 4.200000e-01 4.100906e-01 -1.615791e-06 1.121362e+00 1.381617e-08
6.900000e+00 4.200000e-01 4.100906e-01 -1.615779e-06 1.121362e+00 1.804757e-08
6.950000e+00 4.200000e-01 4.100906e-01 -1.615817e-06 1.121362e+00 2.353756e-08
7.000000e+00 4.200000e-01 4.100906e-01 -1.615701e-06 1.121362e+00 3.066359e-08
7.050000e+00 4.200000e-01 4.100906e-01 -1.616051e-06 1.121362e+00 3.988207e-08
7.100000e+00 4.200000e-01 4.100906e-01 -1.615031e-06 1.121362e+00 5.187160e-08
7.150000e+00 4.200000e-01 4.100906e-01 -1.617916e-06 1.121362e+00 6.725741e-08
7.200000e+00 4.200000e-01 4.100906e-01 -1.610013e-06 1.121362e+00 8.752662e-08
7.250000e+00 4.200000e-01 4.100906e-01 -1.630983e-06 1.121362e+00 1.128091e-07
7.300000e+00 4.200000e-01 4.100906e-01 -1.577174e-06 1.121362e+00 1.478174e-07
7.350000e+00 4.200000e-01 4.100905e-01 -1.710565e-06 1.121362e+00 1.874752e-07
7.400000e+00 4.200000e-01 4.100905e-01 -1.391605e-06 1.121362e+00 2.516212e-07
7.450000e+00 4.200000e-01 4.100905e-01 -2.126140e-06 1.121362e+00 3.057635e-07
7.500000e+00 4.200000e-01 4.100905e-01 -5.000638e-07 1.121362e+00 4.367777e-07
7.550000e+00 4.200000e-01 4.100905e-01 -3.953191e-06 1.121363e+00 4.814759e-07
7.600000e+00 4.200000e-01 4.100905e-01 3.063864e-06 1.121363e+00 7.803425e-07
7.650000e+00 4.200000e-01 4.100904e-01 -1.054163e-05 1.121364e+00 7.222743e-07
7.700000e+00 4.200000e-01 4.100904e-01 1.454188e-05 1.121363e+00 1.417319e-06
7.750000e+00 4.200000e-01 4.100903e-01 -2.924632e-05 1.121366e+00 1.061240e-06
7.800000e+00 4.200000e-01 4.100903e-01 4.275916e-05 1.121364e+00 2.493116e-06
7.850000e+00 4.200000e-01 4.100900e-01 -6.804577e-05 1.121371e+00 1.724634e-06
7.900000e+00 4.200000e-01 4.100901e-01 9.016003e-05 1.121364e+00 3.971176e-06
7.950000e+00 4.200000e-01 4.100896e-01 -1.170294e-04 1.121377e+00 3.416753e-06
8.000000e+00 4.200000e-01 4.100898e-01 1.279107e-04 1.121367e+00 5.587709e-06
8.050000e+00 4.200000e-01 4.100891e-01 -1.275633e-04 1.121384e+00 7.061955e-06
8.100000e+00 4.200000e-01 4.100891e-01 9.992373e-05 1.121376e+00 7.945570e-06
8.150000e+00 4.200000e-01 4.100883e-01 -6.660599e-05 1.121392e+00 1.226361e-05
8.200000e+00 4.200000e-01 4.100878e-01 3.853417e-05 1.121392e+00 1.422719e-05
8.250000e+00 4.200000e-01 4.100868e-01 -6.042541e-05 1.121409e+00 1.754602e-05
8.300000e+00 4.200000e-01 4.100861e-01 1.373272e-04 1.121410e+00 2.699813e-05
8.350000e+00 4.200000e-01 4.100841e-01 -2.580659e-04 1.121446e+00 2.766796e-05
8.400000e+00 4.200000e-01 4.100833e-01 3.334138e-04 1.121437e+00 4.146128e-05
8.450000e+00 4.200000e-01 4.100800e-01 -2.856280e-04 1.121498e+00 5.397190e-05
8.500000e+00 4.200000e-01 4.100779e-01 8.411865e-05 1.121505e+00 6.039256e-05
8.550000e+00 4.200000e-01 4.100739e-01 1.266630e-04 1.121560e+00 8.954569e-05
8.600000e+00 4.200000e-01 4.100690e-01 -1.222341e-04 1.121616e+00 1.127304e-04
8.650000e+00 4.200000e-01 4.100627e-01 -2.388089e-04 1.121700e+00 1.293601e-04
8.700000e+00 4.200000e-01 4.100560e-01 7.172983e-04 1.121750e+00 1.922769e-04
8.750000e+00 4.200000e-01 4.100434e-01 -7.907401e-04 1.121942e+00 2.361774e-04
8.800000e+00 4.200000e-01 4.100324e-01 1.248253e-04 1.122036e+00 2.796659e-04
8.850000e+00 4.200000e-01 4.100155e-01 7.590805e-04 1.122245e+00 4.026965e-04
8.900000e+00 4.200000e-01 4.099921e-01 -7.160509e-04 1.122529e+00 5.068903e-04
8.950000e+00 4.200000e-01 4.099648e-01 -7.265932e-04 1.122863e+00 5.969477e-04
9.000000e+00 4.200000e-01 4.099324e-01 2.097015e-03 1.123187e+00 8.389316e-04
9.050000e+00 4.200000e-01 4.098809e-01 -1.151315e-03 1.123872e+00 1.090246e-03
9.100000e+00 4.200000e-01 4.098234e-01 -1.824592e-03 1.124519e+00 1.286854e-03
9.150000e+00 4.200000e-01 4.097522e-01 2.764833e-03 1.125332e+00 1.726526e-03
9.200000e+00 4.200000e-01 4.096508e-01 1.165818e-03 1.126534e+00 2.336370e-03
9.250000e+00 4.200000e-01 4.095186e-01 -5.348756e-03 1.128179e+00 2.817079e-03
9.300000e+00 4.200000e-01 4.093691e-01 1.753263e-03 1.129825e+00 3.570035e-03
9.350000e+00 4.200000e-01 4.091616e-01 6.885491e-03 1.132286e+00 4.902433e-03
9.400000e+00 4.200000e-01 4.088788e-01 -5.499150e-03 1.135668e+00 6.256317e-03
9.450000e+00 4.200000e-01 4.085359e-01 -8.909639e-03 1.139738e+00 7.648915e-03
9.500000e+00 4.200000e-01 4.081139e-01 1.211620e-02 1.144542e+00 1.014259e-02
9.550000e+00 4.200000e-01 4.075217e-01 9.963366e-03 1.151522e+00 1.372036e-02
9.600000e+00 4.200000e-01 4.067419e-01 -2.100201e-02 1.160683e+00 1.736528e-02
9.650000e+00 4.200000e-01 4.057852e-01 -1.110315e-02 1.171907e+00 2.197746e-02
9.700000e+00 4.200000e-01 4.045441e-01 3.284749e-02 1.186132e+00 2.968528e-02
9.750000e+00 4.200000e-01 4.028166e-01 1.089433e-02 1.205965e+00 4.020258e-02
9.800000e+00 4.200000e-01 4.005239e-01 -4.095100e-02 1.232428e+00 5.256390e-02
9.850000e+00 4.200000e-01 3.975602e-01 -1.015615e-02 1.266740e+00 6.941505e-02
9.900000e+00 4.200000e-01 3.935824e-01 2.942538e-02 1.312366e+00 9.407463e-02
9.950000e+00 4.200000e-01 3.881528e-01 8.386367e-03 1.375049e+00 1.272637e-01
1.000000e+01 4.200000e-01 3.808560e-01 1.417230e-02 0.000000e+00 0.000000e+00
0.000000e+00 4.400000e-01 4.102560e-01 -7.200000e-01 0.000000e+00 0.000000e+00
5.000000e-02 4.400000e-01 4.106548e-01 1.217562e+00 1.487297e+00 2.205140e-02
1.000000e-01 4.400000e-01 4.080509e-01 -4.311694e-01 1.516014e+00 4.073060e-02
1.500000e-01 4.400000e-01 4.065818e-01 -6.700125e+00 1.478118e+00 -4.987978e-02
2.000000e-01 4.400000e-01 4.130388e-01 -1.693993e+00 1.412267e+00 -9.754108e-02
2.500000e-01 4.400000e-01 4.163359e-01 9.062479e+00 1.481274e+00 6.680756e-02
3.000000e-01 4.400000e-01 4.063581e-01 1.954567e+00 1.600465e+00 1.662994e-01
3.500000e-01 4.400000e-01 3.997059e-01 -1.386000e+01 1.533041e+00 -5.442124e-02
4.000000e-01 4.400000e-01 4.118002e-01 -6.275228e+00 1.371518e+00 -2.175652e-01
4.500000e-01 4.400000e-01 4.214624e-01 1.390045e+01 1.448239e+00 3.331443e-02
5.000000e-01 4.400000e-01 4.084688e-01 7.910734e+00 1.668144e+00 2.773451e-01
5.500000e-01 4.400000e-01 3.937279e-01 -1.576031e+01 1.652028e+00 3.853468e-02
6.000000e-01 4.400000e-01 4.046153e-01 -1.486917e+01 1.403345e+00 -2.882047e-01
6.500000e-01 4.400000e-01 4.225484e-01 1.131031e+01 1.382042e+00 -1.025706e-01
7.000000e-01 4.400000e-01 4.148724e-01 1.470688e+01 1.649020e+00 2.838731e-01
7.500000e-01 4.400000e-01 3.941611e-01 -9.139501e+00 1.767351e+00 1.991535e-01
8.000000e-01 4.400000e-01 3.949570e-01 -2.103907e+01 1.535399e+00 -2.183456e-01
8.500000e-01 4.400000e-01 4.159957e-01 1.589755e-01 1.349301e+00 -2.574723e-01
9.000000e-01 4.400000e-01 4.207042e-01 1.634601e+01 1.526694e+00 1.300303e-01
9.500000e-01 4.400000e-01 4.029926e-01 2.545283e+00 1.759596e+00 2.869182e-01
1.000000e+00 4.400000e-01 3.920124e-01 -1.679584e+01 1.684867e+00 -1.720795e-02
1.050000e+00 4.400000e-01 4.047134e-01 -1.172081e+01 1.429782e+00 -2.722687e-01
1.100000e+00 4.400000e-01 4.192393e-01 8.348799e+00 1.407358e+00 -8.910661e-02
1.150000e+00 4.400000e-01 4.136241e-01 1.021912e+01 1.610873e+00 1.950359e-01
1.200000e+00 4.400000e-01 3.997357e-01 -4.697318e+00 1.702987e+00 1.444975e-01
1.250000e+00 4.400000e-01 3.991743e-01 -1.276191e+01 1.558826e+00 -1.165596e-01
1.300000e+00 4.400000e-01 4.113917e-01 -3.074914e+00 1.407198e+00 -1.795162e-01
1.350000e+00 4.400000e-01 4.171260e-01 7.403429e+00 1.453914e+00 9.746927e-03
1.400000e+00 4.400000e-01 4.104170e-01 4.062705e+00 1.578721e+00 1.342192e-01
1.450000e+00 4.400000e-01 4.037040e-01 -4.995933e+00 1.586677e+00 3.760863e-02
1.500000e+00 4.400000e-01 4.066561e-01 -6.468230e+00 1.479088e+00 -1.012493e-01
1.550000e+00 4.400000e-01 4.138290e-01 -4.055806e-02 1.409194e+00 -8.699454e-02
1.600000e+00 4.400000e-01 4.153556e-01 3.823649e+00 1.445953e+00 2.450225e-02
1.650000e+00 4.400000e-01 4.113787e-01 9.870347e-01 1.502975e+00 6.338551e-02
1.700000e+00 4.400000e-01 4.090170e-01 -2.981011e+00 1.493393e+00 -5.772294e-04
1.750000e+00 4.400000e-01 4.114365e-01 -2.871083e+00 1.434202e+00 -5.977848e-02
1.800000e+00 4.400000e-01 4.149948e-01 -2.268895e-02 1.397865e+00 -4.242857e-02
1.850000e+00 4.400000e-01 4.156793e-01 1.301122e+00 1.409955e+00 8.730865e-03
1.900000e+00 4.400000e-01 4.141218e-01 6.026793e-02 1.432208e+00 2.272474e-02
1.950000e+00 4.400000e-01 4.134068e-01 -1.473817e+00 1.426178e+00 -6.369649e-03
2.000000e+00 4.400000e-01 4.147587e-01 -1.495943e+00 1.395443e+00 -3.342535e-02
2.050000e+00 4.400000e-01 4.167494e-01 -4.874127e-01 1.368813e+00 -2.953025e-02
2.100000e+00 4.400000e-01 4.177118e-01 1.339981e-01 1.362005e+00 -8.602097e-03
2.150000e+00 4.400000e-01 4.176096e-01 -1.311976e-01 1.365391e+00 1.700576e-03
2.200000e+00 4.400000e-01 4.175417e-01 -7.033691e-01 1.361777e+00 -6.644540e-03
2.250000e+00 4.400000e-01 4.182740e-01 -9.217939e-01 1.345205e+00 -2.079275e-02
2.300000e+00 4.400000e-01 4.196210e-01 -7.011341e-01 1.322658e+00 -2.658314e-02
2.350000e+00 4.400000e-01 4.209324e-01 -3.749911e-01 1.303748e+00 -2.193233e-02
2.400000e+00 4.400000e-01 4.218142e-01 -2.345950e-01 1.291869e+00 -1.432711e-02
2.450000e+00 4.400000e-01 4.223651e-01 -3.080684e-01 1.283605e+00 -1.119276e-02
2.500000e+00 4.400000e-01 4.229335e-01 -4.529360e-01 1.273489e+00 -1.421760e-02
2.550000e+00 4.400000e-01 4.237868e-01 -5.342662e-01 1.258335e+00 -2.032762e-02
2.600000e+00 4.400000e-01 4.249662e-01 -5.101317e-01 1.238412e+00 -2.550428e-02
2.650000e+00 4.400000e-01 4.263373e-01 -4.123241e-01 1.216186e+00 -2.746370e-02
2.700000e+00 4.400000e-01 4.277126e-01 -2.924806e-01 1.194509e+00 -2.607356e-02
2.750000e+00 4.400000e-01 4.289446e-01 -1.869921e-01 1.175445e+00 -2.244841e-02
2.800000e+00 4.400000e-01 4.299575e-01 -1.098901e-01 1.159956e+00 -1.793064e-02
2.850000e+00 4.400000e-01 4.307377e-01 -6.023300e-02 1.148112e+00 -1.352242e-02
2.900000e+00 4.400000e-01 4.313097e-01 -3.112698e-02 1.139471e+00 -9.758771e-03
2.950000e+00 4.400000e-01 4.317135e-01 -1.528725e-02 1.133389e+00 -6.808839e-03
3.000000e+00 4.400000e-01 4.319906e-01 -7.177507e-03 1.129227e+00 -4.628900e-03
3.050000e+00 4.400000e-01 4.321764e-01 -3.235790e-03 1.126440e+00 -3.084402e-03
3.100000e+00 4.400000e-01 4.322990e-01 -1.405403e-03 1.124606e+00 -2.023333e-03
3.150000e+00 4.400000e-01 4.323788e-01 -5.896351e-04 1.123416e+00 -1.310916e-03
3.200000e+00 4.400000e-01 4.324301e-01 -2.395129e-04 1.122651e+00 -8.408266e-04
3.250000e+00 4.400000e-01 4.324629e-01 -9.443346e-05 1.122165e+00 -5.347725e-04
3.300000e+00 4.400000e-01 4.324836e-01 -3.628007e-05 1.121858e+00 -3.376270e-04
3.350000e+00 4.400000e-01 4.324966e-01 -1.369663e-05 1.121666e+00 -2.117445e-04
3.400000e+00 4.400000e-01 4.325048e-01 -5.189902e-06 1.121547e+00 -1.319683e-04
3.450000e+00 4.400000e-01 4.325098e-01 -2.079202e-06 1.121473e+00 -8.175268e-05
3.500000e+00 4.400000e-01 4.325129e-01 -9.744646e-07 1.121428e+00 -5.034457e-05
3.550000e+00 4.400000e-01 4.325148e-01 -5.935320e-07 1.121401e+00 -3.082153e-05
3.600000e+00 4.400000e-01 4.325160e-01 -4.662047e-07 1.121384e+00 -1.876158e-05
3.650000e+00 4.400000e-01 4.325167e-01 -4.251384e-07 1.121374e+00 -1.135918e-05
3.700000e+00 4.400000e-01 4.325172e-01 -4.125073e-07 1.121369e+00 -6.845376e-06
3.750000e+00 4.400000e-01 4.325174e-01 -4.089168e-07 1.121365e+00 -4.111485e-06
3.800000e+00 4.400000e-01 4.325176e-01 -4.080639e-07 1.121363e+00 -2.466856e-06
3.850000e+00 4.400000e-01 4.325177e-01 -4.079743e-07 1.121362e+00 -1.483944e-06
3.900000e+00 4.400000e-01 4.325177e-01 -4.080598e-07 1.121362e+00 -8.998543e-07
3.950000e+00 4.400000e-01 4.325177e-01 -4.081598e-07 1.121362e+00 -5.541195e-07
4.000000e+00 4.400000e-01 4.325178e-01 -4.082390e-07 1.121362e+00 -3.495835e-07
4.050000e+00 4.400000e-01 4.325178e-01 -4.082954e-07 1.121362e+00 -2.279547e-07
4.100000e+00 4.400000e-01 4.325178e-01 -4.083342e-07 1.121362e+00 -1.546138e-07
4.150000e+00 4.400000e-01 4.325178e-01 -4.083606e-07 1.121362e+00 -1.092333e-07
4.200000e+00 4.400000e-01 4.325178e-01 -4.083784e-07 1.121362e+00 -8.002733e-08
4.250000e+00 4.400000e-01 4.325178e-01 -4.083906e-07 1.121362e+00 -6.025435e-08
4.300000e+00 4.400000e-01 4.325178e-01 -4.083989e-07 1.121362e+00 -4.611030e-08
4.350000e+00 4.400000e-01 4.325178e-01 -4.084046e-07 1.121362e+00 -3.547333e-08
4.400000e+00 4.400000e-01 4.325178e-01 -4.084085e-07 1.121362e+00 -2.716586e-08
4.450000e+00 4.400000e-01 4.325178e-01 -4.084113e-07 1.121362e+00 -2.052787e-08
4.500000e+00 4.400000e-01 4.325178e-01 -4.084132e-07 1.121362e+00 -1.517525e-08
4.550000e+00 4.400000e-01 4.325178e-01 -4.084146e-07 1.121362e+00 -1.086654e-08
4.600000e+00 4.400000e-01 4.325178e-01 -4.084156e-07 1.121362e+00 -7.432066e-09
4.650000e+00 4.400000e-01 4.325178e-01 -4.084163e-07 1.121362e+00 -4.738129e-09
4.700000e+00 4.400000e-01 4.325178e-01 -4.084169e-07 1.121362e+00 -2.670161e-09
4.750000e+00 4.400000e-01 4.325178e-01 -4.084173e-07 1.121362e+00 -1.125736e-09
4.800000e+00 4.400000e-01 4.325178e-01 -4.084175e-07 1.121362e+00 -1.227907e-11
4.850000e+00 4.400000e-01 4.325178e-01 -4.084178e-07 1.121362e+00 7.532441e-10
4.900000e+00 4.400000e-01 4.325178e-01 -4.084179e-07 1.121362e+00 1.244113e-09
4.950000e+00 4.400000e-01 4.325178e-01 -4.084180e-07 1.121362e+00 1.523681e-09
5.000000e+00 4.400000e-01 4.325178e-01 -4.084181e-07 1.121362e+00 1.645529e-09
5.050000e+00 4.400000e-01 4.325178e-01 -4.084182e-07 1.121362e+00 1.653926e-09
5.100000e+00 4.400000e-01 4.325178e-01 -4.084182e-07 1.121362e+00 1.584594e-09
5.150000e+00 4.400000e-01 4.325178e-01 -4.084183e-07 1.121362e+00 1.465645e-09
5.200000e+00 4.400000e-01 4.325178e-01 -4.084183e-07 1.121362e+00 1.318579e-09
5.250000e+00 4.400000e-01 4.325178e-01 -4.084183e-07 1.121362e+00 1.159323e-09
5.300000e+00 4.400000e-01 4.325178e-01 -4.084183e-07 1.121362e+00 9.992424e-10
5.350000e+00 4.400000e-01 4.325178e-01 -4.084183e-07 1.121362e+00 8.460338e-10
5.400000e+00 4.400000e-01 4.325178e-01 -4.084183e-07 1.121362e+00 7.045414e-10
5.450000e+00 4.400000e-01 4.325178e-01 -4.084183e-07 1.121362e+00 5.774498e-10
5.500000e+00 4.400000e-01 4.325178e-01 -4.084183e-07 1.121362e+00 4.658723e-10
5.550000e+00 4.400000e-01 4.325178e-01 -4.084183e-07 1.121362e+00 3.698425e-10
5.600000e+00 4.400000e-01 4.325178e-01 -4.084183e-07 1.121362e+00 2.886824e-10
5.650000e+00 4.400000e-01 4.325178e-01 -4.084183e-07 1.121362e+00 2.213096e-10
5.700000e+00 4.400000e-01 4.325178e-01 -4.084183e-07 1.121362e+00 1.664791e-10
5.750000e+00 4.400000e-01 4.325178e-01 -4.084183e-07 1.121362e+00 1.229555e-10
5.800000e+00 4.400000e-01 4.325178e-01 -4.084183e-07 1.121362e+00 8.964496e-11
5.850000e+00 4.400000e-01 4.325178e-01 -4.084183e-07 1.121362e+00 6.571022e-11
5.900000e+00 4.400000e-01 4.325178e-01 -4.084183e-07 1.121362e+00 5.066392e-11
5.950000e+00 4.400000e-01 4.325178e-01 -4.084183e-07 1.121362e+00 4.444278e-11
6.000000e+00 4.400000e-01 4.325178e-01 -4.084183e-07 1.121362e+00 4.749423e-11
6.050000e+00 4.400000e-01 4.325178e-01 -4.084183e-07 1.121362e+00 6.089185e-11
6.100000e+00 4.400000e-01 4.325178e-01 -4.084183e-07 1.121362e+00 8.645196e-11
6.150000e+00 4.400000e-01 4.325178e-01 -4.084183e-07 1.121362e+00 1.269029e-10
6.200000e+00 4.400000e-01 4.325178e-01 -4.084183e-07 1.121362e+00 1.861089e-10
6.250000e+00 4.400000e-01 4.325178e-01 -4.084183e-07 1.121362e+00 2.693556e-10
6.300000e+00 4.400000e-01 4.325178e-01 -4.084183e-07 1.121362e+00 3.837297e-10
6.350000e+00 4.400000e-01 4.325178e-01 -4.084183e-07 1.121362e+00 5.386203e-10
6.400000e+00 4.400000e-01 4.325178e-01 -4.084183e-07 1.121362e+00 7.463724e-10
6.450000e+00 4.400000e-01 4.325178e-01 -4.084183e-07 1.121362e+00 1.023134e-09
6.500000e+00 4.400000e-01 4.325178e-01 -4.084183e-07 1.121362e+00 1.389961e-09
6.550000e+00 4.400000e-01 4.325178e-01 -4.084183e-07 1.121362e+00 1.874241e-09
6.600000e+00 4.400000e-01 4.325178e-01 -4.084183e-07 1.121362e+00 2.511540e-09
6.650000e+00 4.400000e-01 4.325178e-01 -4.084184e-07 1.121362e+00 3.348008e-09
6.700000e+00 4.400000e-01 4.325178e-01 -4.084183e-07 1.121362e+00 4.443464e-09
6.750000e+00 4.400000e-01 4.325178e-01 -4.084185e-07 1.121362e+00 5.875365e-09
6.800000e+00 4.400000e-01 4.325178e-01 -4.084181e-07 1.121362e+00 7.744026e-09
6.850000e+00 4.400000e-01 4.325178e-01 -4.084194e-07 1.121362e+00 1.017908e-08
6.900000e+00 4.400000e-01 4.325178e-01 -4.084152e-07 1.121362e+00 1.334864e-08
6.950000e+00 4.400000e-01 4.325178e-01 -4.084287e-07 1.121362e+00 1.746848e-08
7.000000e+00 4.400000e-01 4.325178e-01 -4.083870e-07 1.121362e+00 2.282209e-08
7.050000e+00 4.400000e-01 4.325178e-01 -4.085134e-07 1.121362e+00 2.976171e-08
7.100000e+00 4.400000e-01 4.325178e-01 -4.081417e-07 1.121362e+00 3.878270e-08
7.150000e+00 4.400000e-01 4.325178e-01 -4.092027e-07 1.121362e+00 5.041002e-08
7.200000e+00 4.400000e-01 4.325178e-01 -4.062688e-07 1.121362e+00 6.563449e-08
7.250000e+00 4.400000e-01 4.325178e-01 -4.141269e-07 1.121362e+00 8.490461e-08
7.300000e+00 4.400000e-01 4.325178e-01 -3.937715e-07 1.121362e+00 1.109237e-07
7.350000e+00 4.400000e-01 4.325178e-01 -4.447087e-07 1.121362e+00 1.419245e-07
7.400000e+00 4.400000e-01 4.325178e-01 -3.217581e-07 1.121362e+00 1.881512e-07
7.450000e+00 4.400000e-01 4.325178e-01 -6.075703e-07 1.121362e+00 2.340794e-07
7.500000e+00 4.400000e-01 4.325178e-01 3.109637e-08 1.121363e+00 3.230082e-07
7.550000e+00 4.400000e-01 4.325177e-01 -1.337867e-06 1.121363e+00 3.770620e-07
7.600000e+00 4.400000e-01 4.325177e-01 1.469856e-06 1.121363e+00 5.655955e-07
7.650000e+00 4.400000e-01 4.325177e-01 -4.024210e-06 1.121364e+00 5.886195e-07
7.700000e+00 4.400000e-01 4.325177e-01 6.196713e-06 1.121364e+00 1.003798e-06
7.750000e+00 4.400000e-01 4.325176e-01 -1.180414e-05 1.121366e+00 9.069030e-07
7.800000e+00 4.400000e-01 4.325176e-01 1.804974e-05 1.121365e+00 1.745166e-06
7.850000e+00 4.400000e-01 4.325174e-01 -2.826079e-05 1.121369e+00 1.482236e-06
7.900000e+00 4.400000e-01 4.325174e-01 3.833954e-05 1.121367e+00 2.822566e-06
7.950000e+00 4.400000e-01 4.325171e-01 -4.938903e-05 1.121375e+00 2.742988e-06
8.000000e+00 4.400000e-01 4.325171e-01 5.465104e-05 1.121371e+00 4.167435e-06
8.050000e+00 4.400000e-01 4.325167e-01 -5.360808e-05 1.121382e+00 5.295295e-06
8.100000e+00 4.400000e-01 4.325166e-01 4.131885e-05 1.121379e+00 6.194704e-06
8.150000e+00 4.400000e-01 4.325161e-01 -2.468306e-05 1.121391e+00 9.115041e-06
8.200000e+00 4.400000e-01 4.325157e-01 1.118953e-05 1.121395e+00 1.081197e-05
8.250000e+00 4.400000e-01 4.325150e-01 -1.903097e-05 1.121409e+00 1.361065e-05
8.300000e+00 4.400000e-01 4.325143e-01 5.409353e-05 1.121416e+00 1.984439e-05
8.350000e+00 4.400000e-01 4.325130e-01 -1.093396e-04 1.121443e+00 2.167707e-05
8.400000e+00 4.400000e-01 4.325122e-01 1.457716e-04 1.121448e+00 3.119369e-05
8.450000e+00 4.400000e-01 4.325099e-01 -1.222339e-04 1.121495e+00 4.041913e-05
8.500000e+00 4.400000e-01 4.325081e-01 2.440449e-05 1.121515e+00 4.689429e-05
8.550000e+00 4.400000e-01 4.325052e-01 8.258035e-05 1.121566e+00 6.727084e-05
8.600000e+00 4.400000e-01 4.325014e-01 -8.420784e-05 1.121627e+00 8.475719e-05
8.650000e+00 4.400000e-01 4.324967e-01 -9.189357e-05 1.121706e+00 1.003232e-04
8.700000e+00 4.400000e-01 4.324914e-01 3.347501e-04 1.121780e+00 1.440911e-04
8.750000e+00 4.400000e-01 4.324823e-01 -3.750521e-04 1.121947e+00 1.784652e-04
8.800000e+00 4.400000e-01 4.324735e-01 3.355880e-05 1.122071e+00 2.155208e-04
8.850000e+00 4.400000e-01 4.324608e-01 4.352035e-04 1.122280e+00 3.031942e-04
8.900000e+00 4.400000e-01 4.324432e-01 -4.230482e-04 1.122571e+00 3.822977e-04
8.950000e+00 4.400000e-01 4.324225e-01 -3.429405e-04 1.122908e+00 4.589409e-04
9.000000e+00 4.400000e-01 4.323973e-01 1.096465e-03 1.123285e+00 6.342694e-04
9.050000e+00 4.400000e-01 4.323591e-01 -5.901650e-04 1.123942e+00 8.215718e-04
9.100000e+00 4.400000e-01 4.323152e-01 -1.072382e-03 1.124637e+00 9.843539e-04
9.150000e+00 4.400000e-01 4.322607e-01 1.636050e-03 1.125496e+00 1.313046e-03
9.200000e+00 4.400000e-01 4.321839e-01 6.044989e-04 1.126744e+00 1.761221e-03
9.250000e+00 4.400000e-01 4.320846e-01 -3.090108e-03 1.128391e+00 2.142475e-03
9.300000e+00 4.400000e-01 4.319696e-01 1.029651e-03 1.130180e+00 2.723991e-03
9.350000e+00 4.400000e-01 4.318122e-01 4.243005e-03 1.132719e+00 3.712317e-03
9.400000e+00 4.400000e-01 4.315984e-01 -3.606630e-03 1.136208e+00 4.737957e-03
9.450000e+00 4.400000e-01 4.313384e-01 -5.418428e-03 1.140411e+00 5.827105e-03
9.500000e+00 4.400000e-01 4.310157e-01 8.044490e-03 1.145506e+00 7.724107e-03
9.550000e+00 4.400000e-01 4.305660e-01 5.991992e-03 1.152750e+00 1.041489e-02
9.600000e+00 4.400000e-01 4.299742e-01 -1.459015e-02 1.162308e+00 1.319006e-02
9.650000e+00 4.400000e-01 4.292469e-01 -5.779862e-03 1.173985e+00 1.675223e-02
9.700000e+00 4.400000e-01 4.282990e-01 2.316525e-02 1.188990e+00 2.266138e-02
9.750000e+00 4.400000e-01 4.269808e-01 4.123119e-03 1.209945e+00 3.064569e-02
9.800000e+00 4.400000e-01 4.252344e-01 -2.926139e-02 1.237856e+00 4.004497e-02
9.850000e+00 4.400000e-01 4.229763e-01 -2.515789e-03 1.273878e+00 5.294596e-02
9.900000e+00 4.400000e-01 4.199398e-01 2.141007e-02 1.322066e+00 7.174297e-02
9.950000e+00 4.400000e-01 4.158020e-01 4.329067e-03 1.388073e+00 9.683786e-02
1.000000e+01 4.400000e-01 4.102560e-01 9.071005e-03 0.000000e+00 0.000000e+00
0.000000e+00 4.600000e-01 4.399440e-01 -4.800000e-01 0.000000e+00 0.000000e+00
5.000000e-02 4.600000e-01 4.404147e-01 9.837948e-01 1.486806e+00 1.356348e-02
1.000000e-01 4.600000e-01 4.385877e-01 6.452301e-01 1.529034e+00 3.605486e-02
1.500000e-01 4.600000e-01 4.368092e-01 -4.856770e+00 1.536605e+00 -2.837199e-02
2.000000e-01 4.600000e-01 4.414249e-01 -2.904489e+00 1.433853e+00 -8.429132e-02
2.500000e-01 4.600000e-01 4.452384e-01 6.909082e+00 1.413522e+00 3.057385e-02
3.000000e-01 4.600000e-01 4.383675e-01 4.663558e+00 1.578365e+00 1.352928e-01
3.500000e-01 4.600000e-01 4.317091e-01 -8.944772e+00 1.642305e+00 -1.452423e-02
4.000000e-01 4.600000e-01 4.398199e-01 -7.328968e+00 1.438023e+00 -1.755770e-01
4.500000e-01 4.600000e-01 4.492668e-01 1.002279e+01 1.341355e+00 -1.462609e-02
5.000000e-01 4.600000e-01 4.412825e-01 1.133003e+01 1.578342e+00 2.093388e-01
5.500000e-01 4.600000e-01 4.283329e-01 -7.307973e+00 1.758560e+00 7.143993e-02
6.000000e-01 4.600000e-01 4.341385e-01 -1.294605e+01 1.540445e+00 -2.098937e-01
6.500000e-01 4.600000e-01 4.493223e-01 6.481626e+00 1.309021e+00 -1.254154e-01
7.000000e-01 4.600000e-01 4.466800e-01 1.639762e+01 1.497985e+00 1.883346e-01
7.500000e-01 4.600000e-01 4.304888e-01 9.860036e-01 1.795755e+00 1.891445e-01
8.000000e-01 4.600000e-01 4.277656e-01 -1.420903e+01 1.706916e+00 -1.272168e-01
8.500000e-01 4.600000e-01 4.432105e-01 -2.785960e+00 1.380837e+00 -2.216248e-01
9.000000e-01 4.600000e-01 4.499281e-01 1.434538e+01 1.384121e+00 5.169167e-02
9.500000e-01 4.600000e-01 4.380413e-01 9.734041e+00 1.684331e+00 2.251834e-01
1.000000e+00 4.600000e-01 4.274097e-01 -7.267461e+00 1.794249e+00 3.374974e-02
1.050000e+00 4.600000e-01 4.346663e-01 -9.605283e+00 1.549840e+00 -1.944278e-01
1.100000e+00 4.600000e-01 4.468525e-01 5.147887e+00 1.359330e+00 -1.027305e-01
1.150000e+00 4.600000e-01 4.449394e-01 1.150874e+01 1.496617e+00 1.260933e-01
1.200000e+00 4.600000e-01 4.342432e-01 1.989118e+00 1.699612e+00 1.323018e-01
1.250000e+00 4.600000e-01 4.317092e-01 -7.447423e+00 1.660226e+00 -5.842285e-02
1.300000e+00 4.600000e-01 4.400855e-01 -3.243012e+00 1.457776e+00 -1.392423e-01
1.350000e+00 4.600000e-01 4.456334e-01 5.685365e+00 1.398421e+00 -1.478382e-02
1.400000e+00 4.600000e-01 4.415639e-01 5.557000e+00 1.520709e+00 9.735568e-02
1.450000e+00 4.600000e-01 4.358979e-01 -1.305105e+00 1.608007e+00 4.569863e-02
1.500000e+00 4.600000e-01 4.369940e-01 -4.250861e+00 1.539098e+00 -6.306991e-02
1.550000e+00 4.600000e-01 4.422049e-01 -4.738690e-01 1.427114e+00 -6.983576e-02
1.600000e+00 4.600000e-01 4.439776e-01 3.041378e+00 1.417412e+00 8.967263e-03
1.650000e+00 4.600000e-01 4.413081e-01 1.725450e+00 1.483980e+00 4.805292e-02
1.700000e+00 4.600000e-01 4.391723e-01 -1.382832e+00 1.511815e+00 8.081444e-03
1.750000e+00 4.600000e-01 4.405000e-01 -1.962999e+00 1.465105e+00 -3.912489e-02
1.800000e+00 4.600000e-01 4.430848e-01 -1.691765e-01 1.409753e+00 -3.316946e-02
1.850000e+00 4.600000e-01 4.438169e-01 1.007407e+00 1.404025e+00 3.204807e-03
1.900000e+00 4.600000e-01 4.427643e-01 3.408910e-01 1.429888e+00 1.727460e-02
1.950000e+00 4.600000e-01 4.420895e-01 -8.094061e-01 1.437795e+00 -1.165204e-03
2.000000e+00 4.600000e-01 4.428808e-01 -1.008574e+00 1.412896e+00 -2.175752e-02
2.050000e+00 4.600000e-01 4.442652e-01 -3.830101e-01 1.380769e+00 -2.127602e-02
2.100000e+00 4.600000e-01 4.450084e-01 9.750331e-02 1.366781e+00 -7.005264e-03
2.150000e+00 4.600000e-01 4.449658e-01 -2.342997e-02 1.369048e+00 1.365536e-03
2.200000e+00 4.600000e-01 4.448719e-01 -4.157119e-01 1.369221e+00 -3.441173e-03
2.250000e+00 4.600000e-01 4.453099e-01 -6.044848e-01 1.355986e+00 -1.330682e-02
2.300000e+00 4.600000e-01 4.462025e-01 -4.840652e-01 1.333401e+00 -1.796687e-02
2.350000e+00 4.600000e-01 4.471066e-01 -2.643493e-01 1.312131e+00 -1.522756e-02
2.400000e+00 4.600000e-01 4.477253e-01 -1.559495e-01 1.298057e+00 -9.970775e-03
2.450000e+00 4.600000e-01 4.481036e-01 -1.954898e-01 1.289110e+00 -7.510749e-03
2.500000e+00 4.600000e-01 4.484764e-01 -2.928283e-01 1.279517e+00 -9.314618e-03
2.550000e+00 4.600000e-01 4.490351e-01 -3.531154e-01 1.265090e+00 -1.341557e-02
2.600000e+00 4.600000e-01 4.498179e-01 -3.425398e-01 1.245360e+00 -1.702874e-02
2.650000e+00 4.600000e-01 4.507380e-01 -2.798704e-01 1.222628e+00 -1.849841e-02
2.700000e+00 4.600000e-01 4.516678e-01 -1.999895e-01 1.199961e+00 -1.766571e-02
2.750000e+00 4.600000e-01 4.525046e-01 -1.285005e-01 1.179737e+00 -1.526773e-02
2.800000e+00 4.600000e-01 4.531945e-01 -7.577257e-02 1.163152e+00 -1.222482e-02
2.850000e+00 4.600000e-01 4.537270e-01 -4.162710e-02 1.150396e+00 -9.233621e-03
2.900000e+00 4.600000e-01 4.541179e-01 -2.154434e-02 1.141054e+00 -6.670313e-03
2.950000e+00 4.600000e-01 4.543941e-01 -1.059127e-02 1.134462e+00 -4.657177e-03
3.000000e+00 4.600000e-01 4.545836e-01 -4.975686e-03 1.129943e+00 -3.167825e-03
3.050000e+00 4.600000e-01 4.547108e-01 -2.243900e-03 1.126912e+00 -2.111880e-03
3.100000e+00 4.600000e-01 4.547948e-01 -9.747042e-04 1.124915e+00 -1.386091e-03
3.150000e+00 4.600000e-01 4.548495e-01 -4.088823e-04 1.123616e+00 -8.985809e-04
3.200000e+00 4.600000e-01 4.548847e-01 -1.659977e-04 1.122780e+00 -5.767585e-04
3.250000e+00 4.600000e-01 4.549071e-01 -6.534606e-05 1.122247e+00 -3.671356e-04
3.300000e+00 4.600000e-01 4.549214e-01 -2.499855e-05 1.121911e+00 -2.320341e-04
3.350000e+00 4.600000e-01 4.549303e-01 -9.328187e-06 1.121700e+00 -1.457151e-04
3.400000e+00 4.600000e-01 4.549359e-01 -3.423972e-06 1.121568e+00 -9.097276e-05
3.450000e+00 4.600000e-01 4.549394e-01 -1.263707e-06 1.121486e+00 -5.648593e-05
3.500000e+00 4.600000e-01 4.549416e-01 -4.955593e-07 1.121436e+00 -3.489371e-05
3.550000e+00 4.600000e-01 4.549429e-01 -2.299967e-07 1.121406e+00 -2.145497e-05
3.600000e+00 4.600000e-01 4.549437e-01 -1.407415e-07 1.121387e+00 -1.313958e-05
3.650000e+00 4.600000e-01 4.549442e-01 -1.116114e-07 1.121376e+00 -8.024002e-06
3.700000e+00 4.600000e-01 4.549445e-01 -1.024116e-07 1.121370e+00 -4.894718e-06
3.750000e+00 4.600000e-01 4.549447e-01 -9.962583e-08 1.121366e+00 -2.990751e-06
3.800000e+00 4.600000e-01 4.549448e-01 -9.883658e-08 1.121364e+00 -1.837765e-06
3.850000e+00 4.600000e-01 4.549449e-01 -9.864253e-08 1.121363e+00 -1.141942e-06
3.900000e+00 4.600000e-01 4.549450e-01 -9.861393e-08 1.121362e+00 -7.224886e-07
3.950000e+00 4.600000e-01 4.549450e-01 -9.862474e-08 1.121362e+00 -4.689549e-07
4.000000e+00 4.600000e-01 4.549450e-01 -9.864064e-08 1.121362e+00 -3.143939e-07
4.050000e+00 4.600000e-01 4.549450e-01 -9.865375e-08 1.121362e+00 -2.185733e-07
4.100000e+00 4.600000e-01 4.549450e-01 -9.866325e-08 1.121362e+00 -1.575400e-07
4.150000e+00 4.600000e-01 4.549450e-01 -9.866984e-08 1.121362e+00 -1.171735e-07
4.200000e+00 4.600000e-01 4.549450e-01 -9.867435e-08 1.121362e+00 -8.923215e-08
4.250000e+00 4.600000e-01 4.549450e-01 -9.867744e-08 1.121362e+00 -6.894914e-08
4.300000e+00 4.600000e-01 4.549450e-01 -9.867955e-08 1.121362e+00 -5.358324e-08
4.350000e+00 4.600000e-01 4.549450e-01 -9.868102e-08 1.121362e+00 -4.155610e-08
4.400000e+00 4.600000e-01 4.549450e-01 -9.868204e-08 1.121362e+00 -3.194520e-08
4.450000e+00 4.600000e-01 4.549450e-01 -9.868275e-08 1.121362e+00 -2.419099e-08
4.500000e+00 4.600000e-01 4.549450e-01 -9.868326e-08 1.121362e+00 -1.793120e-08
4.550000e+00 4.600000e-01 4.549450e-01 -9.868362e-08 1.121362e+00 -1.290979e-08
4.600000e+00 4.600000e-01 4.549451e-01 -9.868388e-08 1.121362e+00 -8.928411e-09
4.650000e+00 4.600000e-01 4.549451e-01 -9.868407e-08 1.121362e+00 -5.821977e-09
4.700000e+00 4.600000e-01 4.549451e-01 -9.868421e-08 1.121362e+00 -3.446981e-09
4.750000e+00 4.600000e-01 4.549451e-01 -9.868431e-08 1.121362e+00 -1.676471e-09
4.800000e+00 4.600000e-01 4.549451e-01 -9.868439e-08 1.121362e+00 -3.980655e-10
4.850000e+00 4.600000e-01 4.549451e-01 -9.868445e-08 1.121362e+00 4.867767e-10
4.900000e+00 4.600000e-01 4.549451e-01 -9.868449e-08 1.121362e+00 1.063217e-09
4.950000e+00 4.600000e-01 4.549451e-01 -9.868452e-08 1.121362e+00 1.403582e-09
5.000000e+00 4.600000e-01 4.549451e-01 -9.868454e-08 1.121362e+00 1.568151e-09
5.050000e+00 4.600000e-01 4.549451e-01 -9.868456e-08 1.121362e+00 1.606167e-09
5.100000e+00 4.600000e-01 4.549451e-01 -9.868457e-08 1.121362e+00 1.557013e-09
5.150000e+00 4.600000e-01 4.549451e-01 -9.868458e-08 1.121362e+00 1.451482e-09
5.200000e+00 4.600000e-01 4.549451e-01 -9.868458e-08 1.121362e+00 1.313031e-09
5.250000e+00 4.600000e-01 4.549451e-01 -9.868459e-08 1.121362e+00 1.159008e-09
5.300000e+00 4.600000e-01 4.549451e-01 -9.868459e-08 1.121362e+00 1.001800e-09
5.350000e+00 4.600000e-01 4.549451e-01 -9.868459e-08 1.121362e+00 8.498308e-10
5.400000e+00 4.600000e-01 4.549451e-01 -9.868459e-08 1.121362e+00 7.084472e-10
5.450000e+00 4.600000e-01 4.549451e-01 -9.868460e-08 1.121362e+00 5.806794e-10
5.500000e+00 4.600000e-01 4.549451e-01 -9.868460e-08 1.121362e+00 4.678635e-10
5.550000e+00 4.600000e-01 4.549451e-01 -9.868460e-08 1.121362e+00 3.701511e-10
5.600000e+00 4.600000e-01 4.549451e-01 -9.868460e-08 1.121362e+00 2.869138e-10
5.650000e+00 4.600000e-01 4.549451e-01 -9.868460e-08 1.121362e+00 2.170542e-10
5.700000e+00 4.600000e-01 4.549451e-01 -9.868460e-08 1.121362e+00 1.592559e-10
5.750000e+00 4.600000e-01 4.549451e-01 -9.868460e-08 1.121362e+00 1.121514e-10
5.800000e+00 4.600000e-01 4.549451e-01 -9.868460e-08 1.121362e+00 7.445877e-11
5.850000e+00 4.600000e-01 4.549451e-01 -9.868460e-08 1.121362e+00 4.508838e-11
5.900000e+00 4.600000e-01 4.549451e-01 -9.868460e-08 1.121362e+00 2.321643e-11
5.950000e+00 4.600000e-01 4.549451e-01 -9.868460e-08 1.121362e+00 8.341661e-12
6.000000e+00 4.600000e-01 4.549451e-01 -9.868460e-08 1.121362e+00 3.463896e-13
6.050000e+00 4.600000e-01 4.549451e-01 -9.868460e-08 1.121362e+00 -4.224399e-13
6.100000e+00 4.600000e-01 4.549451e-01 -9.868460e-08 1.121362e+00 6.916134e-12
6.150000e+00 4.600000e-01 4.549451e-01 -9.868460e-08 1.121362e+00 2.387868e-11
6.200000e+00 4.600000e-01 4.549451e-01 -9.868460e-08 1.121362e+00 5.277057e-11
6.250000e+00 4.600000e-01 4.549451e-01 -9.868460e-08 1.121362e+00 9.686807e-11
6.300000e+00 4.600000e-01 4.549451e-01 -9.868460e-08 1.121362e+00 1.606559e-10
6.350000e+00 4.600000e-01 4.549451e-01 -9.868460e-08 1.121362e+00 2.501699e-10
6.400000e+00 4.600000e-01 4.549450e-01 -9.868460e-08 1.121362e+00 3.734241e-10
6.450000e+00 4.600000e-01 4.549450e-01 -9.868460e-08 1.121362e+00 5.409667e-10
6.500000e+00 4.600000e-01 4.549450e-01 -9.868460e-08 1.121362e+00 7.666257e-10
6.550000e+00 4.600000e-01 4.549450e-01 -9.868460e-08 1.121362e+00 1.068453e-09
6.600000e+00 4.600000e-01 4.549450e-01 -9.868460e-08 1.121362e+00 1.469959e-09
6.650000e+00 4.600000e-01 4.549450e-01 -9.868460e-08 1.121362e+00 2.001725e-09
6.700000e+00 4.600000e-01 4.549450e-01 -9.868460e-08 1.121362e+00 2.703468e-09
6.750000e+00 4.600000e-01 4.549450e-01 -9.868463e-08 1.121362e+00 3.626706e-09
6.800000e+00 4.600000e-01 4.549450e-01 -9.868452e-08 1.121362e+00 4.838234e-09
6.850000e+00 4.600000e-01 4.549450e-01 -9.868494e-08 1.121362e+00 6.424514e-09
6.900000e+00 4.600000e-01 4.549450e-01 -9.868356e-08 1.121362e+00 8.497674e-09
6.950000e+00 4.600000e-01 4.549450e-01 -9.868804e-08 1.121362e+00 1.120213e-08
7.000000e+00 4.600000e-01 4.549450e-01 -9.867398e-08 1.121362e+00 1.472663e-08
7.050000e+00 4.600000e-01 4.549450e-01 -9.871698e-08 1.121362e+00 1.930913e-08
7.100000e+00 4.600000e-01 4.549450e-01 -9.858941e-08 1.121362e+00 2.527464e-08
7.150000e+00 4.600000e-01 4.549450e-01 -9.895678e-08 1.121362e+00 3.299301e-08
7.200000e+00 4.600000e-01 4.549450e-01 -9.793157e-08 1.121362e+00 4.307924e-08
7.250000e+00 4.600000e-01 4.549450e-01 -1.007023e-07 1.121362e+00 5.596048e-08
7.300000e+00 4.600000e-01 4.549450e-01 -9.346020e-08 1.121362e+00 7.313304e-08
7.350000e+00 4.600000e-01 4.549450e-01 -1.117459e-07 1.121362e+00 9.417427e-08
7.400000e+00 4.600000e-01 4.549450e-01 -6.721143e-08 1.121362e+00 1.241861e-07
7.450000e+00 4.600000e-01 4.549450e-01 -1.716637e-07 1.121363e+00 1.567022e-07
7.500000e+00 4.600000e-01 4.549450e-01 6.382213e-08 1.121363e+00 2.123299e-07
7.550000e+00 4.600000e-01 4.549450e-01 -4.454027e-07 1.121363e+00 2.560906e-07
7.600000e+00 4.600000e-01 4.549450e-01 6.081725e-07 1.121363e+00 3.679409e-07
7.650000e+00 4.600000e-01 4.549450e-01 -1.471292e-06 1.121364e+00 4.089726e-07
7.700000e+00 4.600000e-01 4.549449e-01 2.430181e-06 1.121364e+00 6.441801e-07
7.750000e+00 4.600000e-01 4.549449e-01 -4.497972e-06 1.121366e+00 6.464248e-07
7.800000e+00 4.600000e-01 4.549449e-01 7.083670e-06 1.121366e+00 1.111675e-06
7.850000e+00 4.600000e-01 4.549448e-01 -1.101623e-05 1.121369e+00 1.061611e-06
7.900000e+00 4.600000e-01 4.549448e-01 1.518646e-05 1.121368e+00 1.816101e-06
7.950000e+00 4.600000e-01 4.549446e-01 -1.950893e-05 1.121374e+00 1.899844e-06
8.000000e+00 4.600000e-01 4.549446e-01 2.174296e-05 1.121373e+00 2.765639e-06
8.050000e+00 4.600000e-01 4.549443e-01 -2.105339e-05 1.121381e+00 3.526845e-06
8.100000e+00 4.600000e-01 4.549442e-01 1.585242e-05 1.121382e+00 4.226313e-06
8.150000e+00 4.600000e-01 4.549439e-01 -8.347942e-06 1.121391e+00 6.035548e-06
8.200000e+00 4.600000e-01 4.549436e-01 2.269171e-06 1.121397e+00 7.271777e-06
8.250000e+00 4.600000e-01 4.549432e-01 -4.905902e-06 1.121409e+00 9.254035e-06
8.300000e+00 4.600000e-01 4.549427e-01 1.973029e-05 1.121419e+00 1.306318e-05
8.350000e+00 4.600000e-01 4.549419e-01 -4.343277e-05 1.121442e+00 1.484460e-05
8.400000e+00 4.600000e-01 4.549412e-01 5.968090e-05 1.121455e+00 2.083569e-05
8.450000e+00 4.600000e-01 4.549398e-01 -4.914266e-05 1.121494e+00 2.692502e-05
8.500000e+00 4.600000e-01 4.549385e-01 5.066253e-06 1.121522e+00 3.196997e-05
8.550000e+00 4.600000e-01 4.549366e-01 4.474636e-05 1.121571e+00 4.488323e-05
8.600000e+00 4.600000e-01 4.549340e-01 -4.705944e-05 1.121634e+00 5.663342e-05
8.650000e+00 4.600000e-01 4.549309e-01 -3.289154e-05 1.121712e+00 6.834671e-05
8.700000e+00 4.600000e-01 4.549272e-01 1.469080e-04 1.121799e+00 9.602052e-05
8.750000e+00 4.600000e-01 4.549213e-01 -1.677758e-04 1.121953e+00 1.196138e-04
8.800000e+00 4.600000e-01 4.549152e-01 6.495990e-06 1.122095e+00 1.463329e-04
8.850000e+00 4.600000e-01 4.549067e-01 2.219537e-04 1.122307e+00 2.026496e-04
8.900000e+00 4.600000e-01 4.548950e-01 -2.216066e-04 1.122600e+00 2.559280e-04
8.950000e+00 4.600000e-01 4.548811e-01 -1.522748e-04 1.122942e+00 3.112001e-04
9.000000e+00 4.600000e-01 4.548639e-01 5.338642e-04 1.123354e+00 4.252097e-04
9.050000e+00 4.600000e-01 4.548386e-01 -2.897983e-04 1.123995e+00 5.495363e-04
9.100000e+00 4.600000e-01 4.548089e-01 -5.586547e-04 1.124720e+00 6.654469e-04
9.150000e+00 4.600000e-01 4.547720e-01 8.728432e-04 1.125617e+00 8.839538e-04
9.200000e+00 4.600000e-01 4.547205e-01 2.806247e-04 1.126892e+00 1.178175e-03
9.250000e+00 4.600000e-01 4.546542e-01 -1.631428e-03 1.128545e+00 1.442537e-03
9.300000e+00 4.600000e-01 4.545763e-01 5.941280e-04 1.130434e+00 1.838733e-03
9.350000e+00 4.600000e-01 4.544703e-01 2.303102e-03 1.133039e+00 2.491311e-03
9.400000e+00 4.600000e-01 4.543271e-01 -2.133929e-03 1.136589e+00 3.179538e-03
9.450000e+00 4.600000e-01 4.541524e-01 -2.861818e-03 1.140895e+00 3.929511e-03
9.500000e+00 4.600000e-01 4.539342e-01 4.761042e-03 1.146211e+00 5.207239e-03
9.550000e+00 4.600000e-01 4.536317e-01 2.946515e-03 1.153652e+00 6.999627e-03
9.600000e+00 4.600000e-01 4.532342e-01 -8.708973e-03 1.163459e+00 8.870909e-03
9.650000e+00 4.600000e-01 4.527446e-01 -2.178739e-03 1.175482e+00 1.130467e-02
9.700000e+00 4.600000e-01 4.521037e-01 1.368804e-02 1.191101e+00 1.530162e-02
9.750000e+00 4.600000e-01 4.512144e-01 3.218150e-04 1.212861e+00 2.065611e-02
9.800000e+00 4.600000e-01 4.500381e-01 -1.703548e-02 1.241733e+00 2.699073e-02
9.850000e+00 4.600000e-01 4.485153e-01 1.035049e-03 1.279015e+00 3.573127e-02
9.900000e+00 4.600000e-01 4.464650e-01 1.242293e-02 1.329100e+00 4.839631e-02
9.950000e+00 4.600000e-01 4.436757e-01 1.630434e-03 1.397451e+00 6.521004e-02
1.000000e+01 4.600000e-01 4.399440e-01 4.646831e-03 0.000000e+00 0.000000e+00
0.000000e+00 4.800000e-01 4.698240e-01 -2.400000e-01 0.000000e+00 0.000000e+00
5.000000e-02 4.800000e-01 4.701271e-01 5.144506e-01 1.484632e+00 6.117730e-03
1.000000e-01 4.800000e-01 4.692122e-01 6.705015e-01 1.530276e+00 2.081099e-02
1.500000e-01 4.800000e-01 4.680460e-01 -2.440016e+00 1.574711e+00 -1.180714e-02
2.000000e-01 4.800000e-01 4.703929e-01 -2.090351e+00 1.459385e+00 -4.830757e-02
2.500000e-01 4.800000e-01 4.728767e-01 3.621264e+00 1.364101e+00 9.002423e-03
3.000000e-01 4.800000e-01 4.694927e-01 3.685385e+00 1.535774e+00 7.478600e-02
3.500000e-01 4.800000e-01 4.653981e-01 -4.007793e+00 1.702137e+00 1.715568e-03
4.000000e-01 4.800000e-01 4.693211e-01 -4.741378e+00 1.499471e+00 -9.718528e-02
4.500000e-01 4.800000e-01 4.751166e-01 5.212652e+00 1.263437e+00 -2.281283e-02
5.000000e-01 4.800000e-01 4.716024e-01 8.486830e+00 1.462945e+00 1.104633e-01
5.500000e-01 4.800000e-01 4.640703e-01 -1.657251e+00 1.786504e+00 5.369339e-02
6.000000e-01 4.800000e-01 4.662331e-01 -7.375694e+00 1.641416e+00 -1.083892e-01
6.500000e-01 4.800000e-01 4.749092e-01 2.794221e+00 1.262016e+00 -8.558651e-02
7.000000e-01 4.800000e-01 4.747917e-01 1.174982e+01 1.328067e+00 8.917950e-02
7.500000e-01 4.800000e-01 4.659913e-01 4.724318e+00 1.732650e+00 1.155810e-01
8.000000e-01 4.800000e-01 4.632336e-01 -6.429249e+00 1.800669e+00 -5.237844e-02
8.500000e-01 4.800000e-01 4.712291e-01 -2.547481e+00 1.414694e+00 -1.283545e-01
9.000000e-01 4.800000e-01 4.760691e-01 9.125510e+00 1.246847e+00 8.632574e-03
9.500000e-01 4.800000e-01 4.703659e-01 9.552703e+00 1.543913e+00 1.228673e-01
1.000000e+00 4.800000e-01 4.637824e-01 -9.107510e-01 1.809587e+00 3.658865e-02
1.050000e+00 4.800000e-01 4.667070e-01 -5.126617e+00 1.628205e+00 -9.830128e-02
1.100000e+00 4.800000e-01 4.736125e-01 2.480884e+00 1.323643e+00 -6.781765e-02
1.150000e+00 4.800000e-01 4.734888e-01 8.142407e+00 1.371474e+00 5.892297e-02
1.200000e+00 4.800000e-01 4.677202e-01 3.755242e+00 1.638812e+00 7.905425e-02
1.250000e+00 4.800000e-01 4.655833e-01 -2.801035e+00 1.702132e+00 -1.982490e-02
1.300000e+00 4.800000e-01 4.697027e-01 -1.907956e+00 1.492755e+00 -7.479451e-02
1.350000e+00 4.800000e-01 4.730628e-01 3.158284e+00 1.354084e+00 -1.542646e-02
1.400000e+00 4.800000e-01 4.712453e-01 3.990103e+00 1.455817e+00 5.038491e-02
1.450000e+00 4.800000e-01 4.680243e-01 3.121132e-01 1.597449e+00 3.025295e-02
1.500000e+00 4.800000e-01 4.682200e-01 -1.939214e+00 1.570044e+00 -2.889195e-02
1.550000e+00 4.800000e-01 4.709135e-01 -3.453570e-01 1.439779e+00 -3.832002e-02
1.600000e+00 4.800000e-01 4.720520e-01 1.686480e+00 1.395468e+00 1.755863e-03
1.650000e+00 4.800000e-01 4.707379e-01 1.252206e+00 1.462206e+00 2.562446e-02
1.700000e+00 4.800000e-01 4.694896e-01 -4.348701e-01 1.515606e+00 6.972524e-03
1.750000e+00 4.800000e-01 4.700407e-01 -9.568224e-01 1.482414e+00 -1.895366e-02
1.800000e+00 4.800000e-01 4.713850e-01 -1.248177e-01 1.417796e+00 -1.799659e-02
1.850000e+00 4.800000e-01 4.718403e-01 5.445029e-01 1.399494e+00 6.765507e-04
1.900000e+00 4.800000e-01 4.713173e-01 2.688411e-01 1.425816e+00 9.216935e-03
1.950000e+00 4.800000e-01 4.709186e-01 -3.398837e-01 1.442692e+00 4.271287e-04
2.000000e+00 4.800000e-01 4.712746e-01 -4.994277e-01 1.422913e+00 -1.061492e-02
2.050000e+00 4.800000e-01 4.719801e-01 -2.073331e-01 1.388304e+00 -1.108398e-02
2.100000e+00 4.800000e-01 4.723830e-01 5.007832e-02 1.369728e+00 -3.913839e-03
2.150000e+00 4.800000e-01 4.723715e-01 7.465526e-03 1.370798e+00 7.242669e-04
2.200000e+00 4.800000e-01 4.723106e-01 -1.904384e-01 1.373151e+00 -1.419688e-03
2.250000e+00 4.800000e-01 4.725135e-01 -2.977386e-01 1.362205e+00 -6.464660e-03
2.300000e+00 4.800000e-01 4.729570e-01 -2.464066e-01 1.339892e+00 -9.041102e-03
2.350000e+00 4.800000e-01 4.734176e-01 -1.365805e-01 1.317293e+00 -7.794776e-03
2.400000e+00 4.800000e-01 4.737365e-01 -7.810519e-02 1.301828e+00 -5.118713e-03
2.450000e+00 4.800000e-01 4.739295e-01 -9.486945e-02 1.292372e+00 -3.776551e-03
2.500000e+00 4.800000e-01 4.741142e-01 -1.435879e-01 1.283057e+00 -4.609750e-03
2.550000e+00 4.800000e-01 4.743904e-01 -1.755029e-01 1.269090e+00 -6.664900e-03
2.600000e+00 4.800000e-01 4.747806e-01 -1.719110e-01 1.249522e+00 -8.519294e-03
2.650000e+00 4.800000e-01 4.752424e-01 -1.413942e-01 1.226521e+00 -9.304094e-03
2.700000e+00 4.800000e-01 4.757111e-01 -1.014944e-01 1.203277e+00 -8.917237e-03
2.750000e+00 4.800000e-01 4.761341e-01 -6.541432e-02 1.182358e+00 -7.724770e-03
2.800000e+00 4.800000e-01 4.764835e-01 -3.865301e-02 1.165108e+00 -6.194395e-03
2.850000e+00 4.800000e-01 4.767535e-01 -2.126449e-02 1.151796e+00 -4.683152e-03
2.900000e+00 4.800000e-01 4.769518e-01 -1.101577e-02 1.142025e+00 -3.385162e-03
2.950000e+00 4.800000e-01 4.770920e-01 -5.418650e-03 1.135120e+00 -2.364538e-03
3.000000e+00 4.800000e-01 4.771883e-01 -2.546591e-03 1.130382e+00 -1.608960e-03
3.050000e+00 4.800000e-01 4.772529e-01 -1.148692e-03 1.127202e+00 -1.073049e-03
3.100000e+00 4.800000e-01 4.772956e-01 -4.990167e-04 1.125104e+00 -7.045999e-04
3.150000e+00 4.800000e-01 4.773234e-01 -2.093316e-04 1.123738e+00 -4.570574e-04
3.200000e+00 4.800000e-01 4.773413e-01 -8.497013e-05 1.122859e+00 -2.936068e-04
3.250000e+00 4.800000e-01 4.773528e-01 -3.343271e-05 1.122298e+00 -1.871104e-04
3.300000e+00 4.800000e-01 4.773600e-01 -1.277304e-05 1.121943e+00 -1.184485e-04
3.350000e+00 4.800000e-01 4.773646e-01 -4.749029e-06 1.121720e+00 -7.455773e-05
3.400000e+00 4.800000e-01 4.773675e-01 -1.725628e-06 1.121581e+00 -4.670448e-05
3.450000e+00 4.800000e-01 4.773693e-01 -6.192526e-07 1.121495e+00 -2.914106e-05
3.500000e+00 4.800000e-01 4.773704e-01 -2.257118e-07 1.121442e+00 -1.812982e-05
3.550000e+00 4.800000e-01 4.773711e-01 -8.955374e-08 1.121409e+00 -1.126289e-05
3.600000e+00 4.800000e-01 4.773715e-01 -4.371573e-08 1.121390e+00 -7.001094e-06
3.650000e+00 4.800000e-01 4.773718e-01 -2.870227e-08 1.121378e+00 -4.367249e-06
3.700000e+00 4.800000e-01 4.773720e-01 -2.392367e-08 1.121371e+00 -2.744812e-06
3.750000e+00 4.800000e-01 4.773721e-01 -2.245085e-08 1.121367e+00 -1.747140e-06
3.800000e+00 4.800000e-01 4.773721e-01 -2.201540e-08 1.121364e+00 -1.133231e-06
3.850000e+00 4.800000e-01 4.773722e-01 -2.189503e-08 1.121363e+00 -7.538025e-07
3.900000e+00 4.800000e-01 4.773722e-01 -2.186634e-08 1.121362e+00 -5.169933e-07
3.950000e+00 4.800000e-01 4.773722e-01 -2.186250e-08 1.121362e+00 -3.666688e-07
4.000000e+00 4.800000e-01 4.773722e-01 -2.186437e-08 1.121362e+00 -2.687774e-07
4.050000e+00 4.800000e-01 4.773723e-01 -2.186690e-08 1.121362e+00 -2.028182e-07
4.100000e+00 4.800000e-01 4.773723e-01 -2.186895e-08 1.121362e+00 -1.565386e-07
4.150000e+00 4.800000e-01 4.773723e-01 -2.187044e-08 1.121362e+00 -1.226599e-07
4.200000e+00 4.800000e-01 4.773723e-01 -2.187148e-08 1.121362e+00 -9.687316e-08
4.250000e+00 4.800000e-01 4.773723e-01 -2.187220e-08 1.121362e+00 -7.662105e-08
4.300000e+00 4.800000e-01 4.773723e-01 -2.187270e-08 1.121362e+00 -6.036655e-08
4.350000e+00 4.800000e-01 4.773723e-01 -2.187305e-08 1.121362e+00 -4.715909e-08
4.400000e+00 4.800000e-01 4.773723e-01 -2.187329e-08 1.121362e+00 -3.638103e-08
4.450000e+00 4.800000e-01 4.773723e-01 -2.187346e-08 1.121362e+00 -2.760246e-08
4.500000e+00 4.800000e-01 4.773723e-01 -2.187358e-08 1.121362e+00 -2.050005e-08
4.550000e+00 4.800000e-01 4.773723e-01 -2.187367e-08 1.121362e+00 -1.481304e-08
4.600000e+00 4.800000e-01 4.773723e-01 -2.187374e-08 1.121362e+00 -1.032022e-08
4.650000e+00 4.800000e-01 4.773723e-01 -2.187379e-08 1.121362e+00 -6.828551e-09
4.700000e+00 4.800000e-01 4.773723e-01 -2.187382e-08 1.121362e+00 -4.167709e-09
4.750000e+00 4.800000e-01 4.773723e-01 -2.187385e-08 1.121362e+00 -2.187596e-09
4.800000e+00 4.800000e-01 4.773723e-01 -2.187387e-08 1.121362e+00 -7.569861e-10
4.850000e+00 4.800000e-01 4.773723e-01 -2.187388e-08 1.121362e+00 2.374501e-10
4.900000e+00 4.800000e-01 4.773723e-01 -2.187389e-08 1.121362e+00 8.921763e-10
4.950000e+00 4.800000e-01 4.773723e-01 -2.187390e-08 1.121362e+00 1.288016e-09
5.000000e+00 4.800000e-01 4.773723e-01 -2.187390e-08 1.121362e+00 1.491550e-09
5.050000e+00 4.800000e-01 4.773723e-01 -2.187391e-08 1.121362e+00 1.556651e-09
5.100000e+00 4.800000e-01 4.773723e-01 -2.187391e-08 1.121362e+00 1.526083e-09
5.150000e+00 4.800000e-01 4.773723e-01 -2.187391e-08 1.121362e+00 1.433081e-09
5.200000e+00 4.800000e-01 4.773723e-01 -2.187392e-08 1.121362e+00 1.302870e-09
5.250000e+00 4.800000e-01 4.773723e-01 -2.187392e-08 1.121362e+00 1.154066e-09
5.300000e+00 4.800000e-01 4.773723e-01 -2.187392e-08 1.121362e+00 9.999496e-10
5.350000e+00 4.800000e-01 4.773723e-01 -2.187392e-08 1.121362e+00 8.495810e-10
5.400000e+00 4.800000e-01 4.773723e-01 -2.187392e-08 1.121362e+00 7.087481e-10
5.450000e+00 4.800000e-01 4.773723e-01 -2.187392e-08 1.121362e+00 5.807710e-10
5.500000e+00 4.800000e-01 4.773723e-01 -2.187392e-08 1.121362e+00 4.671724e-10
5.550000e+00 4.800000e-01 4.773723e-01 -2.187392e-08 1.121362e+00 3.682049e-10
5.600000e+00 4.800000e-01 4.773723e-01 -2.187392e-08 1.121362e+00 2.832712e-10
5.650000e+00 4.800000e-01 4.773723e-01 -2.187392e-08 1.121362e+00 2.112543e-10
5.700000e+00 4.800000e-01 4.773723e-01 -2.187392e-08 1.121362e+00 1.507572e-10
5.750000e+00 4.800000e-01 4.773723e-01 -2.187392e-08 1.121362e+00 1.002820e-10
5.800000e+00 4.800000e-01 4.773723e-01 -2.187392e-08 1.121362e+00 5.836220e-11
5.850000e+00 4.800000e-01 4.773723e-01 -2.187392e-08 1.121362e+00 2.364942e-11
5.900000e+00 4.800000e-01 4.773723e-01 -2.187392e-08 1.121362e+00 -5.016543e-12
5.950000e+00 4.800000e-01 4.773723e-01 -2.187392e-08 1.121362e+00 -2.857936e-11
6.000000e+00 4.800000e-01 4.773723e-01 -2.187392e-08 1.121362e+00 -4.772571e-11
6.050000e+00 4.800000e-01 4.773723e-01 -2.187392e-08 1.121362e+00 -6.284528e-11
6.100000e+00 4.800000e-01 4.773723e-01 -2.187392e-08 1.121362e+00 -7.401468e-11
6.150000e+00 4.800000e-01 4.773723e-01 -2.187392e-08 1.121362e+00 -8.094359e-11
6.200000e+00 4.800000e-01 4.773723e-01 -2.187392e-08 1.121362e+00 -8.291756e-11
6.250000e+00 4.800000e-01 4.773723e-01 -2.187392e-08 1.121362e+00 -7.871315e-11
6.300000e+00 4.800000e-01 4.773723e-01 -2.187392e-08 1.121362e+00 -6.649403e-11
6.350000e+00 4.800000e-01 4.773723e-01 -2.187392e-08 1.121362e+00 -4.365230e-11
6.400000e+00 4.800000e-01 4.773723e-01 -2.187392e-08 1.121362e+00 -6.595835e-12
6.450000e+00 4.800000e-01 4.773723e-01 -2.187392e-08 1.121362e+00 4.951040e-11
6.500000e+00 4.800000e-01 4.773723e-01 -2.187392e-08 1.121362e+00 1.311101e-10
6.550000e+00 4.800000e-01 4.773723e-01 -2.187392e-08 1.121362e+00 2.467204e-10
6.600000e+00 4.800000e-01 4.773723e-01 -2.187392e-08 1.121362e+00 4.075423e-10
6.650000e+00 4.800000e-01 4.773723e-01 -2.187392e-08 1.121362e+00 6.282563e-10
6.700000e+00 4.800000e-01 4.773723e-01 -2.187392e-08 1.121362e+00 9.280510e-10
6.750000e+00 4.800000e-01 4.773723e-01 -2.187393e-08 1.121362e+00 1.331942e-09
6.800000e+00 4.800000e-01 4.773723e-01 -2.187389e-08 1.121362e+00 1.872508e-09
6.850000e+00 4.800000e-01 4.773723e-01 -2.187402e-08 1.121362e+00 2.592088e-09
6.900000e+00 4.800000e-01 4.773723e-01 -2.187361e-08 1.121362e+00 3.545740e-09
6.950000e+00 4.800000e-01 4.773723e-01 -2.187493e-08 1.121362e+00 4.804655e-09
7.000000e+00 4.800000e-01 4.773723e-01 -2.187077e-08 1.121362e+00 6.461843e-09
7.050000e+00 4.800000e-01 4.773723e-01 -2.188359e-08 1.121362e+00 8.635573e-09
7.100000e+00 4.800000e-01 4.773723e-01 -2.184525e-08 1.121362e+00 1.148540e-08
7.150000e+00 4.800000e-01 4.773723e-01 -2.195650e-08 1.121362e+00 1.519920e-08
7.200000e+00 4.800000e-01 4.773723e-01 -2.164365e-08 1.121362e+00 2.007116e-08
7.250000e+00 4.800000e-01 4.773723e-01 -2.249557e-08 1.121362e+00 2.634395e-08
7.300000e+00 4.800000e-01 4.773723e-01 -2.025197e-08 1.121362e+00 3.468722e-08
7.350000e+00 4.800000e-01 4.773723e-01 -2.595950e-08 1.121362e+00 4.507440e-08
7.400000e+00 4.800000e-01 4.773723e-01 -1.195496e-08 1.121363e+00 5.962092e-08
7.450000e+00 4.800000e-01 4.773723e-01 -4.504543e-08 1.121363e+00 7.606511e-08
7.500000e+00 4.800000e-01 4.773723e-01 3.010607e-08 1.121363e+00 1.026208e-07
7.550000e+00 4.800000e-01 4.773723e-01 -1.335902e-07 1.121363e+00 1.260913e-07
7.600000e+00 4.800000e-01 4.773723e-01 2.075343e-07 1.121364e+00 1.780464e-07
7.650000e+00 4.800000e-01 4.773722e-01 -4.705255e-07 1.121364e+00 2.046841e-07
7.700000e+00 4.800000e-01 4.773722e-01 8.104763e-07 1.121365e+00 3.109777e-07
7.750000e+00 4.800000e-01 4.773722e-01 -1.479625e-06 1.121366e+00 3.288590e-07
7.800000e+00 4.800000e-01 4.773722e-01 2.373358e-06 1.121366e+00 5.362830e-07
7.850000e+00 4.800000e-01 4.773722e-01 -3.684273e-06 1.121369e+00 5.433903e-07
7.900000e+00 4.800000e-01 4.773721e-01 5.131694e-06 1.121369e+00 8.828931e-07
7.950000e+00 4.800000e-01 4.773721e-01 -6.589620e-06 1.121373e+00 9.601663e-07
8.000000e+00 4.800000e-01 4.773721e-01 7.372763e-06 1.121374e+00 1.369381e-06
8.050000e+00 4.800000e-01 4.773719e-01 -7.070777e-06 1.121380e+00 1.751131e-06
8.100000e+00 4.800000e-01 4.773719e-01 5.199712e-06 1.121383e+00 2.126664e-06
8.150000e+00 4.800000e-01 4.773717e-01 -2.408211e-06 1.121391e+00 2.991216e-06
8.200000e+00 4.800000e-01 4.773716e-01 1.247637e-07 1.121398e+00 3.638011e-06
8.250000e+00 4.800000e-01 4.773714e-01 -8.964413e-07 1.121409e+00 4.656091e-06
8.300000e+00 4.800000e-01 4.773711e-01 6.180575e-06 1.121421e+00 6.465954e-06
8.350000e+00 4.800000e-01 4.773707e-01 -1.476625e-05 1.121442e+00 7.506705e-06
8.400000e+00 4.800000e-01 4.773704e-01 2.080974e-05 1.121458e+00 1.040162e-05
8.450000e+00 4.800000e-01 4.773697e-01 -1.691433e-05 1.121494e+00 1.342717e-05
8.500000e+00 4.800000e-01 4.773690e-01 3.858580e-07 1.121526e+00 1.615056e-05
8.550000e+00 4.800000e-01 4.773681e-01 1.872983e-05 1.121574e+00 2.241081e-05
8.600000e+00 4.800000e-01 4.773668e-01 -2.007187e-05 1.121638e+00 2.831661e-05
8.650000e+00 4.800000e-01 4.773652e-01 -1.013903e-05 1.121716e+00 3.454050e-05
8.700000e+00 4.800000e-01 4.773633e-01 5.434216e-05 1.121810e+00 4.794729e-05
8.750000e+00 4.800000e-01 4.773604e-01 -6.318337e-05 1.121957e+00 5.993712e-05
8.800000e+00 4.800000e-01 4.773573e-01 5.894730e-07 1.122109e+00 7.387169e-05
8.850000e+00 4.800000e-01 4.773530e-01 9.042273e-05 1.122323e+00 1.014011e-04
8.900000e+00 4.800000e-01 4.773472e-01 -9.232548e-05 1.122616e+00 1.282100e-04
8.950000e+00 4.800000e-01 4.773402e-01 -5.653950e-05 1.122964e+00 1.570552e-04
9.000000e+00 4.800000e-01 4.773315e-01 2.135148e-04 1.123395e+00 2.132081e-04
9.050000e+00 4.800000e-01 4.773189e-01 -1.187347e-04 1.124027e+00 2.752065e-04
9.100000e+00 4.800000e-01 4.773040e-01 -2.305419e-04 1.124770e+00 3.353767e-04
9.150000e+00 4.800000e-01 4.772854e-01 3.710280e-04 1.125692e+00 4.444243e-04
9.200000e+00 4.800000e-01 4.772595e-01 1.033550e-04 1.126980e+00 5.901256e-04
9.250000e+00 4.800000e-01 4.772264e-01 -6.886944e-04 1.128638e+00 7.254102e-04
9.300000e+00 4.800000e-01 4.771870e-01 2.785097e-04 1.130588e+00 9.261753e-04
9.350000e+00 4.800000e-01 4.771337e-01 9.760250e-04 1.133236e+00 1.250349e-03
9.400000e+00 4.800000e-01 4.770619e-01 -9.830689e-04 1.136817e+00 1.595681e-03
9.450000e+00 4.800000e-01 4.769742e-01 -1.167371e-03 1.141186e+00 1.978424e-03
9.500000e+00 4.800000e-01 4.768641e-01 2.169533e-03 1.146642e+00 2.621287e-03
9.550000e+00 4.800000e-01 4.767120e-01 1.077641e-03 1.154205e+00 3.515805e-03
9.600000e+00 4.800000e-01 4.765125e-01 -3.920890e-03 1.164142e+00 4.458218e-03
9.650000e+00 4.800000e-01 4.762662e-01 -4.864348e-04 1.176383e+00 5.695255e-03
9.700000e+00 4.800000e-01 4.759430e-01 6.012386e-03 1.192404e+00 7.709731e-03
9.750000e+00 4.800000e-01 4.754952e-01 -6.259627e-04 1.214638e+00 1.039296e-02
9.800000e+00 4.800000e-01 4.749037e-01 -7.273561e-03 1.244046e+00 1.358341e-02
9.850000e+00 4.800000e-01 4.741369e-01 1.282851e-03 1.282116e+00 1.799913e-02
9.900000e+00 4.800000e-01 4.731038e-01 5.224848e-03 1.333374e+00 2.436862e-02
9.950000e+00 4.800000e-01 4.717000e-01 4.059641e-04 1.403107e+00 3.279789e-02
1.000000e+01 4.800000e-01 4.698240e-01 1.758246e-03 0.000000e+00 0.000000e+00
0.000000e+00 5.000000e-01 4.998000e-01 -0.000000e+00 0.000000e+00 0.000000e+00
5.000000e-02 5.000000e-01 4.998000e-01 6.786041e-04 1.483644e+00 1.296428e-05
1.000000e-01 5.000000e-01 4.997987e-01 4.094075e-04 1.529323e+00 2.334479e-05
1.500000e-01 5.000000e-01 4.997977e-01 -1.958224e-03 1.587590e+00 -1.548893e-05
2.000000e-01 5.000000e-01 4.998003e-01 -8.519732e-04 1.470368e+00 -4.753648e-05
2.500000e-01 5.000000e-01 4.998024e-01 3.589131e-03 1.346271e+00 1.827215e-05
3.000000e-01 5.000000e-01 4.997984e-01 2.372652e-03 1.515274e+00 7.845999e-05
3.500000e-01 5.000000e-01 4.997946e-01 -3.474439e-03 1.719829e+00 -2.956891e-06
4.000000e-01 5.000000e-01 4.997987e-01 -2.575314e-03 1.523886e+00 -9.692910e-05
4.500000e-01 5.000000e-01 4.998043e-01 5.327912e-03 1.234356e+00 -1.596353e-05
5.000000e-01 5.000000e-01 4.998003e-01 6.458251e-03 1.409859e+00 1.118340e-04
5.500000e-01 5.000000e-01 4.997931e-01 -1.874152e-03 1.786133e+00 5.185545e-05
6.000000e-01 5.000000e-01 4.997951e-01 -4.577333e-03 1.678115e+00 -9.836075e-05
6.500000e-01 5.000000e-01 4.998029e-01 3.378917e-03 1.244664e+00 -7.600184e-05
7.000000e-01 5.000000e-01 4.998027e-01 9.363989e-03 1.250495e+00 8.082170e-05
7.500000e-01 5.000000e-01 4.997948e-01 3.084377e-03 1.690145e+00 1.036280e-04
8.000000e-01 5.000000e-01 4.997924e-01 -3.796226e-03 1.827943e+00 -3.416053e-05
8.500000e-01 5.000000e-01 4.997982e-01 -6.888414e-04 1.428455e+00 -9.593176e-05
9.000000e-01 5.000000e-01 4.998020e-01 6.544622e-03 1.186604e+00 3.931322e-06
9.500000e-01 5.000000e-01 4.997978e-01 6.132591e-03 1.471553e+00 8.751357e-05
1.000000e+00 5.000000e-01 4.997932e-01 -9.588167e-05 1.800530e+00 3.296015e-05
1.050000e+00 5.000000e-01 4.997945e-01 -1.935137e-03 1.654383e+00 -5.031244e-05
1.100000e+00 5.000000e-01 4.997982e-01 1.565768e-03 1.309279e+00 -3.824404e-05
1.150000e+00 5.000000e-01 4.997984e-01 3.932804e-03 1.315454e+00 2.572836e-05
1.200000e+00 5.000000e-01 4.997957e-01 1.934012e-03 1.603756e+00 3.880369e-05
1.250000e+00 5.000000e-01 4.997945e-01 -5.199663e-04 1.710555e+00 -7.221831e-08
1.300000e+00 5.000000e-01 4.997957e-01 -3.850423e-04 1.504652e+00 -2.296116e-05
1.350000e+00 5.000000e-01 4.997968e-01 9.072570e-04 1.336694e+00 -8.560035e-06
1.400000e+00 5.000000e-01 4.997965e-01 1.156807e-03 1.427552e+00 9.331431e-06
1.450000e+00 5.000000e-01 4.997959e-01 3.886591e-04 1.588573e+00 7.845319e-06
1.500000e+00 5.000000e-01 4.997957e-01 -1.452313e-04 1.578786e+00 -1.907748e-06
1.550000e+00 5.000000e-01 4.997960e-01 -6.974873e-05 1.444128e+00 -5.313748e-06
1.600000e+00 5.000000e-01 4.997963e-01 1.467696e-04 1.387211e+00 -3.505906e-06
1.650000e+00 5.000000e-01 4.997964e-01 1.925977e-04 1.452922e+00 -2.172756e-06
1.700000e+00 5.000000e-01 4.997965e-01 1.056055e-04 1.515345e+00 -1.706908e-06
1.750000e+00 5.000000e-01 4.997966e-01 7.307835e-06 1.487796e+00 -1.073109e-06
1.800000e+00 5.000000e-01 4.997966e-01 -4.442116e-05 1.420583e+00 -1.350359e-06
1.850000e+00 5.000000e-01 4.997967e-01 -4.367216e-05 1.397819e+00 -3.148166e-06
1.900000e+00 5.000000e-01 4.997969e-01 -1.971036e-06 1.423981e+00 -4.574631e-06
1.950000e+00 5.000000e-01 4.997972e-01 3.016085e-05 1.443927e+00 -3.988328e-06
2.000000e+00 5.000000e-01 4.997973e-01 1.789996e-05 1.426137e+00 -2.424351e-06
2.050000e+00 5.000000e-01 4.997974e-01 -1.589994e-05 1.390864e+00 -1.872292e-06
2.100000e+00 5.000000e-01 4.997975e-01 -3.201575e-05 1.370727e+00 -2.736109e-06
2.150000e+00 5.000000e-01 4.997977e-01 -1.926162e-05 1.371309e+00 -3.771595e-06
2.200000e+00 5.000000e-01 4.997979e-01 1.088183e-06 1.374367e+00 -3.864387e-06
2.250000e+00 5.000000e-01 4.997981e-01 7.808080e-06 1.364230e+00 -3.127431e-06
2.300000e+00 5.000000e-01 4.997982e-01 1.926367e-06 1.342059e+00 -2.356106e-06
2.350000e+00 5.000000e-01 4.997983e-01 -4.324369e-06 1.319036e+00 -2.054236e-06
2.400000e+00 5.000000e-01 4.997984e-01 -4.047393e-06 1.303095e+00 -2.132742e-06
2.450000e+00 5.000000e-01 4.997985e-01 8.232862e-07 1.293453e+00 -2.224037e-06
2.500000e+00 5.000000e-01 4.997986e-01 5.020070e-06 1.284224e+00 -2.076134e-06
2.550000e+00 5.000000e-01 4.997987e-01 5.831624e-06 1.270415e+00 -1.682559e-06
2.600000e+00 5.000000e-01 4.997988e-01 4.198176e-06 1.250908e+00 -1.177940e-06
2.650000e+00 5.000000e-01 4.997988e-01 2.182088e-06 1.227824e+00 -7.011060e-07
2.700000e+00 5.000000e-01 4.997989e-01 8.903865e-07 1.204391e+00 -3.358843e-07
2.750000e+00 5.000000e-01 4.997989e-01 3.461628e-07 1.183240e+00 -1.121551e-07
2.800000e+00 5.000000e-01 4.997989e-01 1.927315e-07 1.165767e+00 -2.316964e-08
2.850000e+00 5.000000e-01 4.997989e-01 1.573962e-07 1.152268e+00 -4.129330e-08
2.900000e+00 5.000000e-01 4.997989e-01 1.311004e-07 1.142352e+00 -1.306768e-07
2.950000e+00 5.000000e-01 4.997989e-01 9.662036e-08 1.135343e+00 -2.568114e-07
3.000000e+00 5.000000e-01 4.997989e-01 6.267902e-08 1.130530e+00 -3.921534e-07
3.050000e+00 5.000000e-01 4.997989e-01 3.650323e-08 1.127300e+00 -5.179410e-07
3.100000e+00 5.000000e-01 4.997990e-01 1.944755e-08 1.125168e+00 -6.234221e-07
3.150000e+00 5.000000e-01 4.997990e-01 9.616849e-09 1.123780e+00 -7.039288e-07
3.200000e+00 5.000000e-01 4.997990e-01 4.462272e-09 1.122886e+00 -7.588271e-07
3.250000e+00 5.000000e-01 4.997991e-01 1.958937e-09 1.122316e+00 -7.898403e-07
3.300000e+00 5.000000e-01 4.997991e-01 8.190017e-10 1.121954e+00 -7.998706e-07
3.350000e+00 5.000000e-01 4.997991e-01 3.280252e-10 1.121727e+00 -7.922568e-07
3.400000e+00 5.000000e-01 4.997992e-01 1.267090e-10 1.121585e+00 -7.703486e-07
3.450000e+00 5.000000e-01 4.997992e-01 4.772057e-11 1.121498e+00 -7.372851e-07
3.500000e+00 5.000000e-01 4.997993e-01 1.792693e-11 1.121443e+00 -6.958955e-07
3.550000e+00 5.000000e-01 4.997993e-01 7.063571e-12 1.121410e+00 -6.486645e-07
3.600000e+00 5.000000e-01 4.997993e-01 3.196088e-12 1.121390e+00 -5.977334e-07
3.650000e+00 5.000000e-01 4.997993e-01 1.819157e-12 1.121378e+00 -5.449153e-07
3.700000e+00 5.000000e-01 4.997994e-01 1.299089e-12 1.121371e+00 -4.917185e-07
3.750000e+00 5.000000e-01 4.997994e-01 1.065644e-12 1.121367e+00 -4.393711e-07
3.800000e+00 5.000000e-01 4.997994e-01 9.271287e-13 1.121365e+00 -3.888473e-07
3.850000e+00 5.000000e-01 4.997994e-01 8.216361e-13 1.121363e+00 -3.408924e-07
3.900000e+00 5.000000e-01 4.997995e-01 7.301285e-13 1.121363e+00 -2.960490e-07
3.950000e+00 5.000000e-01 4.997995e-01 6.471525e-13 1.121362e+00 -2.546814e-07
4.000000e+00 5.000000e-01 4.997995e-01 5.713186e-13 1.121362e+00 -2.170004e-07
4.050000e+00 5.000000e-01 4.997995e-01 5.023208e-13 1.121362e+00 -1.830870e-07
4.100000e+00 5.000000e-01 4.997995e-01 4.400491e-13 1.121362e+00 -1.529147e-07
4.150000e+00 5.000000e-01 4.997995e-01 3.843488e-13 1.121362e+00 -1.263712e-07
4.200000e+00 5.000000e-01 4.997995e-01 3.349735e-13 1.121362e+00 -1.032776e-07
4.250000e+00 5.000000e-01 4.997995e-01 2.915919e-13 1.121362e+00 -8.340660e-08
4.300000e+00 5.000000e-01 4.997995e-01 2.538073e-13 1.121362e+00 -6.649804e-08
4.350000e+00 5.000000e-01 4.997995e-01 2.211792e-13 1.121362e+00 -5.227282e-08
4.400000e+00 5.000000e-01 4.997995e-01 1.932426e-13 1.121362e+00 -4.044437e-08
4.450000e+00 5.000000e-01 4.997995e-01 1.695245e-13 1.121362e+00 -3.072820e-08
4.500000e+00 5.000000e-01 4.997995e-01 1.495572e-13 1.121362e+00 -2.284940e-08
4.550000e+00 5.000000e-01 4.997995e-01 1.328894e-13 1.121362e+00 -1.654835e-08
4.600000e+00 5.000000e-01 4.997995e-01 1.190940e-13 1.121362e+00 -1.158469e-08
4.650000e+00 5.000000e-01 4.997995e-01 1.077740e-13 1.121362e+00 -7.739879e-09
4.700000e+00 5.000000e-01 4.997995e-01 9.856599e-14 1.121362e+00 -4.818526e-09
4.750000e+00 5.000000e-01 4.997995e-01 9.114244e-14 1.121362e+00 -2.648669e-09
4.800000e+00 5.000000e-01 4.997995e-01 8.521177e-14 1.121362e+00 -1.081254e-09
4.850000e+00 5.000000e-01 4.997995e-01 8.051788e-14 1.121362e+00 1.100509e-11
4.900000e+00 5.000000e-01 4.997995e-01 7.683852e-14 1.121362e+00 7.351880e-10
4.950000e+00 5.000000e-01 4.997995e-01 7.398307e-14 1.121362e+00 1.180031e-09
5.000000e+00 5.000000e-01 4.997995e-01 7.178995e-14 1.121362e+00 1.417922e-09
5.050000e+00 5.000000e-01 4.997995e-01 7.012370e-14 1.121362e+00 1.506955e-09
5.100000e+00 5.000000e-01 4.997995e-01 6.887208e-14 1.121362e+00 1.492925e-09
5.150000e+00 5.000000e-01 4.997995e-01 6.794309e-14 1.121362e+00 1.411236e-09
5.200000e+00 5.000000e-01 4.997995e-01 6.726222e-14 1.121362e+00 1.288654e-09
5.250000e+00 5.000000e-01 4.997995e-01 6.676983e-14 1.121362e+00 1.144881e-09
5.300000e+00 5.000000e-01 4.997995e-01 6.641870e-14 1.121362e+00 9.939594e-10
5.350000e+00 5.000000e-01 4.997995e-01 6.617199e-14 1.121362e+00 8.454754e-10
5.400000e+00 5.000000e-01 4.997995e-01 6.600127e-14 1.121362e+00 7.055762e-10
5.450000e+00 5.000000e-01 4.997995e-01 6.588495e-14 1.121362e+00 5.778211e-10
5.500000e+00 5.000000e-01 4.997995e-01 6.580685e-14 1.121362e+00 4.638800e-10
5.550000e+00 5.000000e-01 4.997995e-01 6.575507e-14 1.121362e+00 3.640754e-10
5.600000e+00 5.000000e-01 4.997995e-01 6.572101e-14 1.121362e+00 2.778300e-10
5.650000e+00 5.000000e-01 4.997995e-01 6.569861e-14 1.121362e+00 2.039940e-10
5.700000e+00 5.000000e-01 4.997995e-01 6.568367e-14 1.121362e+00 1.410888e-10
5.750000e+00 5.000000e-01 4.997995e-01 6.567341e-14 1.121362e+00 8.748613e-11
5.800000e+00 5.000000e-01 4.997995e-01 6.566604e-14 1.121362e+00 4.153289e-11
5.850000e+00 5.000000e-01 4.997995e-01 6.566048e-14 1.121362e+00 1.628142e-12
5.900000e+00 5.000000e-01 4.997995e-01 6.565617e-14 1.121362e+00 -3.373135e-11
5.950000e+00 5.000000e-01 4.997995e-01 6.565284e-14 1.121362e+00 -6.592560e-11
6.000000e+00 5.000000e-01 4.997995e-01 6.565043e-14 1.121362e+00 -9.620749e-11
6.050000e+00 5.000000e-01 4.997995e-01 6.564901e-14 1.121362e+00 -1.257133e-10
6.100000e+00 5.000000e-01 4.997995e-01 6.564875e-14 1.121362e+00 -1.554784e-10
6.150000e+00 5.000000e-01 4.997995e-01 6.564982e-14 1.121362e+00 -1.864481e-10
6.200000e+00 5.000000e-01 4.997995e-01 6.565241e-14 1.121362e+00 -2.195105e-10
6.250000e+00 5.000000e-01 4.997995e-01 6.565673e-14 1.121362e+00 -2.555178e-10
6.300000e+00 5.000000e-01 4.997995e-01 6.566300e-14 1.121362e+00 -2.953060e-10
6.350000e+00 5.000000e-01 4.997995e-01 6.567142e-14 1.121362e+00 -3.397232e-10
6.400000e+00 5.000000e-01 4.997995e-01 6.568223e-14 1.121362e+00 -3.896472e-10
6.450000e+00 5.000000e-01 4.997995e-01 6.569566e-14 1.121362e+00 -4.460143e-10
6.500000e+00 5.000000e-01 4.997995e-01 6.571199e-14 1.121362e+00 -5.098416e-10
6.550000e+00 5.000000e-01 4.997995e-01 6.573152e-14 1.121362e+00 -5.822415e-10
6.600000e+00 5.000000e-01 4.997995e-01 6.575457e-14 1.121362e+00 -6.644507e-10
6.650000e+00 5.000000e-01 4.997995e-01 6.578162e-14 1.121362e+00 -7.578538e-10
6.700000e+00 5.000000e-01 4.997995e-01 6.581287e-14 1.121362e+00 -8.640078e-10
6.750000e+00 5.000000e-01 4.997995e-01 6.584975e-14 1.121362e+00 -9.846712e-10
6.800000e+00 5.000000e-01 4.997995e-01 6.588967e-14 1.121362e+00 -1.121833e-09
6.850000e+00 5.000000e-01 4.997995e-01 6.594442e-14 1.121362e+00 -1.277752e-09
6.900000e+00 5.000000e-01 4.997995e-01 6.597738e-14 1.121362e+00 -1.454996e-09
6.950000e+00 5.000000e-01 4.997995e-01 6.611243e-14 1.121362e+00 -1.656493e-09
7.000000e+00 5.000000e-01 4.997995e-01 6.595784e-14 1.121362e+00 -1.885572e-09
7.050000e+00 5.000000e-01 4.997995e-01 6.673477e-14 1.121362e+00 -2.146046e-09
7.100000e+00 5.000000e-01 4.997995e-01 6.476406e-14 1.121362e+00 -2.442285e-09
7.150000e+00 5.000000e-01 4.997995e-01 7.082573e-14 1.121362e+00 -2.779298e-09
7.200000e+00 5.000000e-01 4.997995e-01 5.431137e-14 1.121362e+00 -3.162849e-09
7.250000e+00 5.000000e-01 4.997995e-01 9.944505e-14 1.121362e+00 -3.599562e-09
7.300000e+00 5.000000e-01 4.997995e-01 -1.803273e-14 1.121362e+00 -4.097126e-09
7.350000e+00 5.000000e-01 4.997995e-01 2.790847e-13 1.121363e+00 -4.664342e-09
7.400000e+00 5.000000e-01 4.997995e-01 -4.432094e-13 1.121363e+00 -5.311568e-09
7.450000e+00 5.000000e-01 4.997995e-01 1.248709e-12 1.121363e+00 -6.050434e-09
7.500000e+00 5.000000e-01 4.997995e-01 -2.554902e-12 1.121363e+00 -6.895203e-09
7.550000e+00 5.000000e-01 4.997995e-01 5.640360e-12 1.121363e+00 -7.860745e-09
7.600000e+00 5.000000e-01 4.997995e-01 -1.122768e-11 1.121364e+00 -8.967508e-09
7.650000e+00 5.000000e-01 4.997995e-01 2.183750e-11 1.121364e+00 -1.023302e-08
7.700000e+00 5.000000e-01 4.997995e-01 -3.963089e-11 1.121365e+00 -1.168820e-08
7.750000e+00 5.000000e-01 4.997995e-01 6.819721e-11 1.121366e+00 -1.335082e-08
7.800000e+00 5.000000e-01 4.997995e-01 -1.091132e-10 1.121367e+00 -1.526829e-08
7.850000e+00 5.000000e-01 4.997995e-01 1.618145e-10 1.121369e+00 -1.745671e-08
7.900000e+00 5.000000e-01 4.997995e-01 -2.181167e-10 1.121369e+00 -1.998120e-08
7.950000e+00 5.000000e-01 4.997995e-01 2.618503e-10 1.121373e+00 -2.286580e-08
8.000000e+00 5.000000e-01 4.997995e-01 -2.677368e-10 1.121374e+00 -2.617507e-08
8.050000e+00 5.000000e-01 4.997995e-01 2.128580e-10 1.121380e+00 -2.997214e-08
8.100000e+00 5.000000e-01 4.997995e-01 -9.346314e-11 1.121383e+00 -3.428927e-08
8.150000e+00 5.000000e-01 4.997995e-01 -4.930684e-11 1.121391e+00 -3.924254e-08
8.200000e+00 5.000000e-01 4.997995e-01 1.228938e-10 1.121398e+00 -4.486083e-08
8.250000e+00 5.000000e-01 4.997995e-01 -1.357568e-11 1.121409e+00 -5.122144e-08
8.300000e+00 5.000000e-01 4.997996e-01 -3.222320e-10 1.121422e+00 -5.847463e-08
8.350000e+00 5.000000e-01 4.997996e-01 7.509443e-10 1.121442e+00 -6.656375e-08
8.400000e+00 5.000000e-01 4.997996e-01 -9.341735e-10 1.121460e+00 -7.569735e-08
8.450000e+00 5.000000e-01 4.997996e-01 5.172056e-10 1.121494e+00 -8.594207e-08
8.500000e+00 5.000000e-01 4.997996e-01 4.805802e-10 1.121527e+00 -9.718096e-08
8.550000e+00 5.000000e-01 4.997996e-01 -1.353894e-09 1.121576e+00 -1.097752e-07
8.600000e+00 5.000000e-01 4.997996e-01 9.994188e-10 1.121640e+00 -1.236067e-07
8.650000e+00 5.000000e-01 4.997996e-01 9.915472e-10 1.121718e+00 -1.384640e-07
8.700000e+00 5.000000e-01 4.997996e-01 -3.186249e-09 1.121813e+00 -1.549451e-07
8.750000e+00 5.000000e-01 4.997996e-01 2.792756e-09 1.121958e+00 -1.725869e-07
8.800000e+00 5.000000e-01 4.997996e-01 1.382730e-09 1.122114e+00 -1.909864e-07
8.850000e+00 5.000000e-01 4.997996e-01 -5.819114e-09 1.122329e+00 -2.111320e-07
8.900000e+00 5.000000e-01 4.997996e-01 4.028218e-09 1.122622e+00 -2.321465e-07
8.950000e+00 5.000000e-01 4.997996e-01 5.235927e-09 1.122971e+00 -2.529949e-07
9.000000e+00 5.000000e-01 4.997997e-01 -1.173623e-08 1.123408e+00 -2.754111e-07
9.050000e+00 5.000000e-01 4.997997e-01 2.686925e-09 1.124038e+00 -2.984223e-07
9.100000e+00 5.000000e-01 4.997997e-01 1.607522e-08 1.124786e+00 -3.192949e-07
9.150000e+00 5.000000e-01 4.997997e-01 -1.664131e-08 1.125717e+00 -3.405572e-07
9.200000e+00 5.000000e-01 4.997997e-01 -1.381601e-08 1.127010e+00 -3.629484e-07
9.250000e+00 5.000000e-01 4.997997e-01 3.572510e-08 1.128669e+00 -3.806143e-07
9.300000e+00 5.000000e-01 4.997998e-01 1.085569e-09 1.130639e+00 -3.943772e-07
9.350000e+00 5.000000e-01 4.997998e-01 -5.813696e-08 1.133302e+00 -4.106708e-07
9.400000e+00 5.000000e-01 4.997998e-01 2.527045e-08 1.136893e+00 -4.231118e-07
9.450000e+00 5.000000e-01 4.997998e-01 8.418685e-08 1.141283e+00 -4.225331e-07
9.500000e+00 5.000000e-01 4.997998e-01 -7.130006e-08 1.146787e+00 -4.198560e-07
9.550000e+00 5.000000e-01 4.997999e-01 -1.127675e-07 1.154391e+00 -4.239950e-07
9.600000e+00 5.000000e-01 4.997999e-01 1.417404e-07 1.164368e+00 -4.142524e-07
9.650000e+00 5.000000e-01 4.997999e-01 1.400912e-07 1.176684e+00 -3.798054e-07
9.700000e+00 5.000000e-01 4.997999e-01 -2.273231e-07 1.192846e+00 -3.526298e-07
9.750000e+00 5.000000e-01 4.997999e-01 -1.569807e-07 1.215235e+00 -3.452413e-07
9.800000e+00 5.000000e-01 4.998000e-01 2.771851e-07 1.244813e+00 -3.167793e-07
9.850000e+00 5.000000e-01 4.998000e-01 1.477156e-07 1.283153e+00 -2.586318e-07
9.900000e+00 5.000000e-01 4.998000e-01 -1.809490e-07 1.334810e+00 -2.154082e-07
9.950000e+00 5.000000e-01 4.998000e-01 -7.491179e-08 1.404998e+00 -1.985242e-07
1.000000e+01 5.000000e-01 4.998000e-01 -1.047082e-07 0.000000e+00 0.000000e+00
0.000000e+00 5.200000e-01 5.297760e-01 2.400000e-01 0.000000e+00 0.000000e+00
5.000000e-02 5.200000e-01 5.294728e-01 -5.131455e-01 1.484625e+00 -6.091410e-03
1.000000e-01 5.200000e-01 5.303851e-01 -6.699860e-01 1.530274e+00 -2.076720e-02
1.500000e-01 5.200000e-01 5.315496e-01 2.436186e+00 1.574732e+00 1.177484e-02
2.000000e-01 5.200000e-01 5.292077e-01 2.089176e+00 1.459392e+00 4.821990e-02
2.500000e-01 5.200000e-01 5.267276e-01 -3.614526e+00 1.364053e+00 -8.960143e-03
3.000000e-01 5.200000e-01 5.301037e-01 -3.682109e+00 1.535736e+00 -7.463715e-02
3.500000e-01 5.200000e-01 5.341913e-01 4.000516e+00 1.702169e+00 -1.729023e-03
4.000000e-01 5.200000e-01 5.302766e-01 4.737213e+00 1.499494e+00 9.700395e-02
4.500000e-01 5.200000e-01 5.244909e-01 -5.202944e+00 1.263352e+00 2.279774e-02
5.000000e-01 5.200000e-01 5.279968e-01 -8.477930e+00 1.462835e+00 -1.102475e-01
5.500000e-01 5.200000e-01 5.355156e-01 1.651212e+00 1.786503e+00 -5.360884e-02
6.000000e-01 5.200000e-01 5.333577e-01 7.367556e+00 1.641462e+00 1.081985e-01
6.500000e-01 5.200000e-01 5.246958e-01 -2.787670e+00 1.261950e+00 8.546151e-02
7.000000e-01 5.200000e-01 5.248115e-01 -1.173707e+01 1.327900e+00 -8.901308e-02
7.500000e-01 5.200000e-01 5.335971e-01 -4.724038e+00 1.732568e+00 -1.153983e-01
8.000000e-01 5.200000e-01 5.363514e-01 6.420708e+00 1.800703e+00 5.229756e-02
8.500000e-01 5.200000e-01 5.283673e-01 2.547094e+00 1.414694e+00 1.281812e-01
9.000000e-01 5.200000e-01 5.235332e-01 -9.115769e+00 1.246725e+00 -8.606613e-03
9.500000e-01 5.200000e-01 5.292280e-01 -9.546885e+00 1.543784e+00 -1.227032e-01
1.000000e+00 5.200000e-01 5.358036e-01 9.071361e-01 1.809563e+00 -3.654307e-02
1.050000e+00 5.200000e-01 5.328823e-01 5.122702e+00 1.628230e+00 9.819937e-02
1.100000e+00 5.200000e-01 5.259836e-01 -2.477984e+00 1.323613e+00 6.775387e-02
1.150000e+00 5.200000e-01 5.261069e-01 -8.137125e+00 1.371393e+00 -5.886792e-02
1.200000e+00 5.200000e-01 5.318704e-01 -3.754093e+00 1.638761e+00 -7.898638e-02
1.250000e+00 5.200000e-01 5.340056e-01 2.798953e+00 1.702133e+00 1.981680e-02
1.300000e+00 5.200000e-01 5.298887e-01 1.907157e+00 1.492763e+00 7.474996e-02
1.350000e+00 5.200000e-01 5.265306e-01 -3.156748e+00 1.354066e+00 1.541341e-02
1.400000e+00 5.200000e-01 5.283474e-01 -3.988555e+00 1.455789e+00 -5.036669e-02
1.450000e+00 5.200000e-01 5.315672e-01 -3.119660e-01 1.597438e+00 -3.024082e-02
1.500000e+00 5.200000e-01 5.313715e-01 1.938707e+00 1.570047e+00 2.888621e-02
1.550000e+00 5.200000e-01 5.286786e-01 3.451965e-01 1.439782e+00 3.831000e-02
1.600000e+00 5.200000e-01 5.275405e-01 -1.686257e+00 1.395464e+00 -1.762010e-03
1.650000e+00 5.200000e-01 5.288548e-01 -1.251960e+00 1.462201e+00 -2.562909e-02
1.700000e+00 5.200000e-01 5.301034e-01 4.349715e-01 1.515605e+00 -6.976750e-03
1.750000e+00 5.200000e-01 5.295525e-01 9.567993e-01 1.482416e+00 1.895115e-02
1.800000e+00 5.200000e-01 5.282083e-01 1.247257e-01 1.417798e+00 1.799403e-02
1.850000e+00 5.200000e-01 5.277531e-01 -5.446006e-01 1.399494e+00 -6.826905e-04
1.900000e+00 5.200000e-01 5.282765e-01 -2.688669e-01 1.425816e+00 -9.226155e-03
1.950000e+00 5.200000e-01 5.286757e-01 3.399264e-01 1.442693e+00 -4.352619e-04
2.000000e+00 5.200000e-01 5.283201e-01 4.994585e-01 1.422915e+00 1.061002e-02
2.050000e+00 5.200000e-01 5.276147e-01 2.073028e-01 1.388306e+00 1.108029e-02
2.100000e+00 5.200000e-01 5.272120e-01 -5.014272e-02 1.369729e+00 3.908419e-03
2.150000e+00 5.200000e-01 5.272239e-01 -7.507913e-03 1.370799e+00 -7.318265e-04
2.200000e+00 5.200000e-01 5.272852e-01 1.904367e-01 1.373152e+00 1.411909e-03
2.250000e+00 5.200000e-01 5.270827e-01 2.977532e-01 1.362206e+00 6.458382e-03
2.300000e+00 5.200000e-01 5.266394e-01 2.464119e-01 1.339893e+00 9.036416e-03
2.350000e+00 5.200000e-01 5.261790e-01 1.365734e-01 1.317295e+00 7.790715e-03
2.400000e+00 5.200000e-01 5.258603e-01 7.809733e-02 1.301829e+00 5.114478e-03
2.450000e+00 5.200000e-01 5.256676e-01 9.487026e-02 1.292373e+00 3.772101e-03
2.500000e+00 5.200000e-01 5.254831e-01 1.435969e-01 1.283058e+00 4.605576e-03
2.550000e+00 5.200000e-01 5.252070e-01 1.755142e-01 1.269092e+00 6.661514e-03
2.600000e+00 5.200000e-01 5.248170e-01 1.719197e-01 1.249523e+00 8.516933e-03
2.650000e+00 5.200000e-01 5.243553e-01 1.413993e-01 1.226523e+00 9.302703e-03
2.700000e+00 5.200000e-01 5.238867e-01 1.014970e-01 1.203279e+00 8.916588e-03
2.750000e+00 5.200000e-01 5.234637e-01 6.541572e-02 1.182359e+00 7.724572e-03
2.800000e+00 5.200000e-01 5.231142e-01 3.865390e-02 1.165109e+00 6.194373e-03
2.850000e+00 5.200000e-01 5.228442e-01 2.126512e-02 1.151797e+00 4.683089e-03
2.900000e+00 5.200000e-01 5.226459e-01 1.101621e-02 1.142025e+00 3.384915e-03
2.950000e+00 5.200000e-01 5.225057e-01 5.418941e-03 1.135121e+00 2.364034e-03
3.000000e+00 5.200000e-01 5.224095e-01 2.546766e-03 1.130383e+00 1.608183e-03
3.050000e+00 5.200000e-01 5.223449e-01 1.148789e-03 1.127203e+00 1.072019e-03
3.100000e+00 5.200000e-01 5.223023e-01 4.990664e-04 1.125104e+00 7.033578e-04
3.150000e+00 5.200000e-01 5.222746e-01 2.093556e-04 1.123739e+00 4.556540e-04
3.200000e+00 5.200000e-01 5.222567e-01 8.498105e-05 1.122860e+00 2.920936e-04
3.250000e+00 5.200000e-01 5.222454e-01 3.343744e-05 1.122299e+00 1.855353e-04
3.300000e+00 5.200000e-01 5.222382e-01 1.277500e-05 1.121944e+00 1.168534e-04
3.350000e+00 5.200000e-01 5.222337e-01 4.749810e-06 1.121721e+00 7.297791e-05
3.400000e+00 5.200000e-01 5.222309e-01 1.725930e-06 1.121581e+00 4.516845e-05
3.450000e+00 5.200000e-01 5.222292e-01 6.193678e-07 1.121495e+00 2.767106e-05
3.500000e+00 5.200000e-01 5.222281e-01 2.257568e-07 1.121442e+00 1.674244e-05
3.550000e+00 5.200000e-01 5.222275e-01 8.957315e-08 1.121410e+00 9.969755e-06
3.600000e+00 5.200000e-01 5.222271e-01 4.372592e-08 1.121390e+00 5.809574e-06
3.650000e+00 5.200000e-01 5.222269e-01 2.870905e-08 1.121378e+00 3.281087e-06
3.700000e+00 5.200000e-01 5.222268e-01 2.392903e-08 1.121371e+00 1.764748e-06
3.750000e+00 5.200000e-01 5.222267e-01 2.245546e-08 1.121367e+00 8.714682e-07
3.800000e+00 5.200000e-01 5.222267e-01 2.201949e-08 1.121365e+00 3.583050e-07
3.850000e+00 5.200000e-01 5.222267e-01 2.189868e-08 1.121363e+00 7.449129e-08
3.900000e+00 5.200000e-01 5.222267e-01 2.186959e-08 1.121363e+00 -7.291449e-08
3.950000e+00 5.200000e-01 5.222267e-01 2.186538e-08 1.121362e+00 -1.407718e-07
4.000000e+00 5.200000e-01 5.222267e-01 2.186692e-08 1.121362e+00 -1.635511e-07
4.050000e+00 5.200000e-01 5.222267e-01 2.186914e-08 1.121362e+00 -1.619134e-07
4.100000e+00 5.200000e-01 5.222267e-01 2.187092e-08 1.121362e+00 -1.480577e-07
4.150000e+00 5.200000e-01 5.222267e-01 2.187216e-08 1.121362e+00 -1.290375e-07
4.200000e+00 5.200000e-01 5.222268e-01 2.187298e-08 1.121362e+00 -1.088044e-07
4.250000e+00 5.200000e-01 5.222268e-01 2.187351e-08 1.121362e+00 -8.946189e-08
4.300000e+00 5.200000e-01 5.222268e-01 2.187384e-08 1.121362e+00 -7.202772e-08
4.350000e+00 5.200000e-01 5.222268e-01 2.187404e-08 1.121362e+00 -5.689553e-08
4.400000e+00 5.200000e-01 5.222268e-01 2.187416e-08 1.121362e+00 -4.411132e-08
4.450000e+00 5.200000e-01 5.222268e-01 2.187423e-08 1.121362e+00 -3.353751e-08
4.500000e+00 5.200000e-01 5.222268e-01 2.187427e-08 1.121362e+00 -2.494920e-08
4.550000e+00 5.200000e-01 5.222268e-01 2.187428e-08 1.121362e+00 -1.808946e-08
4.600000e+00 5.200000e-01 5.222268e-01 2.187428e-08 1.121362e+00 -1.270025e-08
4.650000e+00 5.200000e-01 5.222268e-01 2.187428e-08 1.121362e+00 -8.538935e-09
4.700000e+00 5.200000e-01 5.222268e-01 2.187428e-08 1.121362e+00 -5.386344e-09
4.750000e+00 5.200000e-01 5.222268e-01 2.187427e-08 1.121362e+00 -3.049820e-09
4.800000e+00 5.200000e-01 5.222268e-01 2.187426e-08 1.121362e+00 -1.363535e-09
4.850000e+00 5.200000e-01 5.222268e-01 2.187425e-08 1.121362e+00 -1.871669e-10
4.900000e+00 5.200000e-01 5.222268e-01 2.187425e-08 1.121362e+00 5.961809e-10
4.950000e+00 5.200000e-01 5.222268e-01 2.187424e-08 1.121362e+00 1.082465e-09
5.000000e+00 5.200000e-01 5.222268e-01 2.187424e-08 1.121362e+00 1.349308e-09
5.050000e+00 5.200000e-01 5.222268e-01 2.187424e-08 1.121362e+00 1.458532e-09
5.100000e+00 5.200000e-01 5.222268e-01 2.187424e-08 1.121362e+00 1.458571e-09
5.150000e+00 5.200000e-01 5.222268e-01 2.187423e-08 1.121362e+00 1.386680e-09
5.200000e+00 5.200000e-01 5.222268e-01 2.187423e-08 1.121362e+00 1.270897e-09
5.250000e+00 5.200000e-01 5.222268e-01 2.187423e-08 1.121362e+00 1.131816e-09
5.300000e+00 5.200000e-01 5.222268e-01 2.187423e-08 1.121362e+00 9.840839e-10
5.350000e+00 5.200000e-01 5.222268e-01 2.187423e-08 1.121362e+00 8.376921e-10
5.400000e+00 5.200000e-01 5.222268e-01 2.187423e-08 1.121362e+00 6.990653e-10
5.450000e+00 5.200000e-01 5.222268e-01 2.187423e-08 1.121362e+00 5.719336e-10
5.500000e+00 5.200000e-01 5.222268e-01 2.187423e-08 1.121362e+00 4.580680e-10
5.550000e+00 5.200000e-01 5.222268e-01 2.187423e-08 1.121362e+00 3.578404e-10
5.600000e+00 5.200000e-01 5.222268e-01 2.187423e-08 1.121362e+00 2.706724e-10
5.650000e+00 5.200000e-01 5.222268e-01 2.187423e-08 1.121362e+00 1.953682e-10
5.700000e+00 5.200000e-01 5.222268e-01 2.187423e-08 1.121362e+00 1.303657e-10
5.750000e+00 5.200000e-01 5.222268e-01 2.187423e-08 1.121362e+00 7.390755e-11
5.800000e+00 5.200000e-01 5.222268e-01 2.187423e-08 1.121362e+00 2.415401e-11
5.850000e+00 5.200000e-01 5.222268e-01 2.187423e-08 1.121362e+00 -2.074341e-11
5.900000e+00 5.200000e-01 5.222268e-01 2.187423e-08 1.121362e+00 -6.262102e-11
5.950000e+00 5.200000e-01 5.222268e-01 2.187423e-08 1.121362e+00 -1.032929e-10
6.000000e+00 5.200000e-01 5.222268e-01 2.187423e-08 1.121362e+00 -1.445799e-10
6.050000e+00 5.200000e-01 5.222268e-01 2.187423e-08 1.121362e+00 -1.883560e-10
6.100000e+00 5.200000e-01 5.222268e-01 2.187423e-08 1.121362e+00 -2.366018e-10
6.150000e+00 5.200000e-01 5.222268e-01 2.187423e-08 1.121362e+00 -2.915046e-10
6.200000e+00 5.200000e-01 5.222268e-01 2.187423e-08 1.121362e+00 -3.555534e-10
6.250000e+00 5.200000e-01 5.222268e-01 2.187423e-08 1.121362e+00 -4.316592e-10
6.300000e+00 5.200000e-01 5.222268e-01 2.187423e-08 1.121362e+00 -5.233358e-10
6.350000e+00 5.200000e-01 5.222268e-01 2.187423e-08 1.121362e+00 -6.348855e-10
6.400000e+00 5.200000e-01 5.222268e-01 2.187423e-08 1.121362e+00 -7.716505e-10
6.450000e+00 5.200000e-01 5.222268e-01 2.187423e-08 1.121362e+00 -9.403389e-10
6.500000e+00 5.200000e-01 5.222268e-01 2.187423e-08 1.121362e+00 -1.149417e-09
6.550000e+00 5.200000e-01 5.222268e-01 2.187423e-08 1.121362e+00 -1.409629e-09
6.600000e+00 5.200000e-01 5.222268e-01 2.187423e-08 1.121362e+00 -1.734647e-09
6.650000e+00 5.200000e-01 5.222268e-01 2.187423e-08 1.121362e+00 -2.141917e-09
6.700000e+00 5.200000e-01 5.222268e-01 2.187423e-08 1.121362e+00 -2.653732e-09
6.750000e+00 5.200000e-01 5.222268e-01 2.187424e-08 1.121362e+00 -3.298622e-09
6.800000e+00 5.200000e-01 5.222268e-01 2.187420e-08 1.121362e+00 -4.113145e-09
6.850000e+00 5.200000e-01 5.222268e-01 2.187433e-08 1.121362e+00 -5.144147e-09
6.900000e+00 5.200000e-01 5.222268e-01 2.187392e-08 1.121362e+00 -6.451814e-09
6.950000e+00 5.200000e-01 5.222268e-01 2.187524e-08 1.121362e+00 -8.113181e-09
7.000000e+00 5.200000e-01 5.222268e-01 2.187108e-08 1.121362e+00 -1.022792e-08
7.050000e+00 5.200000e-01 5.222268e-01 2.188390e-08 1.121362e+00 -1.292191e-08
7.100000e+00 5.200000e-01 5.222268e-01 2.184556e-08 1.121362e+00 -1.636344e-08
7.150000e+00 5.200000e-01 5.222268e-01 2.195683e-08 1.121362e+00 -2.075038e-08
7.200000e+00 5.200000e-01 5.222268e-01 2.164392e-08 1.121362e+00 -2.638843e-08
7.250000e+00 5.200000e-01 5.222268e-01 2.249599e-08 1.121362e+00 -3.353351e-08
7.300000e+00 5.200000e-01 5.222268e-01 2.025199e-08 1.121363e+00 -4.287062e-08
7.350000e+00 5.200000e-01 5.222268e-01 2.596052e-08 1.121363e+00 -5.439076e-08
7.400000e+00 5.200000e-01 5.222268e-01 1.195358e-08 1.121363e+00 -7.023011e-08
7.450000e+00 5.200000e-01 5.222268e-01 4.504964e-08 1.121363e+00 -8.815007e-08
7.500000e+00 5.200000e-01 5.222268e-01 -3.011431e-08 1.121363e+00 -1.163933e-07
7.550000e+00 5.200000e-01 5.222268e-01 1.336085e-07 1.121364e+00 -1.417922e-07
7.600000e+00 5.200000e-01 5.222268e-01 -2.075701e-07 1.121364e+00 -1.959585e-07
7.650000e+00 5.200000e-01 5.222268e-01 4.705948e-07 1.121365e+00 -2.251232e-07
7.700000e+00 5.200000e-01 5.222268e-01 -8.106005e-07 1.121365e+00 -3.343249e-07
7.750000e+00 5.200000e-01 5.222269e-01 1.479837e-06 1.121366e+00 -3.555252e-07
7.800000e+00 5.200000e-01 5.222269e-01 -2.373693e-06 1.121367e+00 -5.667820e-07
7.850000e+00 5.200000e-01 5.222269e-01 3.684764e-06 1.121369e+00 -5.782577e-07
7.900000e+00 5.200000e-01 5.222269e-01 -5.132348e-06 1.121369e+00 -9.228059e-07
7.950000e+00 5.200000e-01 5.222270e-01 6.590397e-06 1.121374e+00 -1.005840e-06
8.000000e+00 5.200000e-01 5.222270e-01 -7.373548e-06 1.121374e+00 -1.421664e-06
8.050000e+00 5.200000e-01 5.222271e-01 7.071394e-06 1.121381e+00 -1.811002e-06
8.100000e+00 5.200000e-01 5.222272e-01 -5.199985e-06 1.121383e+00 -2.195152e-06
8.150000e+00 5.200000e-01 5.222274e-01 2.408092e-06 1.121391e+00 -3.069603e-06
8.200000e+00 5.200000e-01 5.222275e-01 -1.244734e-07 1.121398e+00 -3.727621e-06
8.250000e+00 5.200000e-01 5.222277e-01 8.965096e-07 1.121409e+00 -4.758396e-06
8.300000e+00 5.200000e-01 5.222280e-01 -6.181618e-06 1.121421e+00 -6.582763e-06
8.350000e+00 5.200000e-01 5.222284e-01 1.476847e-05 1.121442e+00 -7.639655e-06
8.400000e+00 5.200000e-01 5.222288e-01 -2.081237e-05 1.121459e+00 -1.055282e-05
8.450000e+00 5.200000e-01 5.222295e-01 1.691571e-05 1.121495e+00 -1.359885e-05
8.500000e+00 5.200000e-01 5.222301e-01 -3.844927e-07 1.121526e+00 -1.634465e-05
8.550000e+00 5.200000e-01 5.222311e-01 -1.873340e-05 1.121575e+00 -2.263007e-05
8.600000e+00 5.200000e-01 5.222324e-01 2.007419e-05 1.121639e+00 -2.856352e-05
8.650000e+00 5.200000e-01 5.222339e-01 1.014220e-05 1.121717e+00 -3.481702e-05
8.700000e+00 5.200000e-01 5.222359e-01 -5.435090e-05 1.121810e+00 -4.825676e-05
8.750000e+00 5.200000e-01 5.222388e-01 6.319043e-05 1.121957e+00 -6.028188e-05
8.800000e+00 5.200000e-01 5.222419e-01 -5.852340e-07 1.122109e+00 -7.425306e-05
8.850000e+00 5.200000e-01 5.222462e-01 -9.043786e-05 1.122323e+00 -1.018228e-04
8.900000e+00 5.200000e-01 5.222521e-01 9.233461e-05 1.122617e+00 -1.286738e-04
8.950000e+00 5.200000e-01 5.222591e-01 5.655453e-05 1.122964e+00 -1.575603e-04
9.000000e+00 5.200000e-01 5.222678e-01 -2.135444e-04 1.123395e+00 -2.137581e-04
9.050000e+00 5.200000e-01 5.222804e-01 1.187389e-04 1.124027e+00 -2.758027e-04
9.100000e+00 5.200000e-01 5.222954e-01 2.305838e-04 1.124770e+00 -3.360143e-04
9.150000e+00 5.200000e-01 5.223140e-01 -3.710658e-04 1.125692e+00 -4.451041e-04
9.200000e+00 5.200000e-01 5.223399e-01 -1.033951e-04 1.126980e+00 -5.908507e-04
9.250000e+00 5.200000e-01 5.223731e-01 6.887800e-04 1.128638e+00 -7.261705e-04
9.300000e+00 5.200000e-01 5.224125e-01 -2.784949e-04 1.130588e+00 -9.269623e-04
9.350000e+00 5.200000e-01 5.224658e-01 -9.761690e-04 1.133236e+00 -1.251169e-03
9.400000e+00 5.200000e-01 5.225376e-01 9.831074e-04 1.136817e+00 -1.596526e-03
9.450000e+00 5.200000e-01 5.226255e-01 1.167592e-03 1.141186e+00 -1.979267e-03
9.500000e+00 5.200000e-01 5.227356e-01 -2.169669e-03 1.146642e+00 -2.622124e-03
9.550000e+00 5.200000e-01 5.228877e-01 -1.077961e-03 1.154205e+00 -3.516652e-03
9.600000e+00 5.200000e-01 5.230872e-01 3.921186e-03 1.164142e+00 -4.459047e-03
9.650000e+00 5.200000e-01 5.233336e-01 4.868765e-04 1.176383e+00 -5.696012e-03
9.700000e+00 5.200000e-01 5.236568e-01 -6.012898e-03 1.192405e+00 -7.710430e-03
9.750000e+00 5.200000e-01 5.241046e-01 6.254153e-04 1.214638e+00 -1.039365e-02
9.800000e+00 5.200000e-01 5.246962e-01 7.274229e-03 1.244046e+00 -1.358404e-02
9.850000e+00 5.200000e-01 5.254630e-01 -1.282313e-03 1.282116e+00 -1.799965e-02
9.900000e+00 5.200000e-01 5.264962e-01 -5.225298e-03 1.333374e+00 -2.436904e-02
9.950000e+00 5.200000e-01 5.278999e-01 -4.062063e-04 1.403107e+00 -3.279828e-02
1.000000e+01 5.200000e-01 5.297760e-01 -1.758547e-03 0.000000e+00 0.000000e+00
0.000000e+00 5.400000e-01 5.596560e-01 4.800000e-01 0.000000e+00 0.000000e+00
5.000000e-02 5.400000e-01 5.591850e-01 -9.826912e-01 1.486795e+00 -1.353664e-02
1.000000e-01 5.400000e-01 5.610097e-01 -6.454607e-01 1.529035e+00 -3.601938e-02
1.500000e-01 5.400000e-01 5.627869e-01 4.853376e+00 1.536645e+00 2.833741e-02
2.000000e-01 5.400000e-01 5.581759e-01 2.904644e+00 1.433857e+00 8.422408e-02
2.500000e-01 5.400000e-01 5.543645e-01 -6.903631e+00 1.413439e+00 -3.051934e-02
3.000000e-01 5.400000e-01 5.612279e-01 -4.663501e+00 1.578320e+00 -1.351677e-01
3.500000e-01 5.400000e-01 5.678813e-01 8.937318e+00 1.642374e+00 1.449373e-02
4.000000e-01 5.400000e-01 5.597785e-01 7.327139e+00 1.438057e+00 1.754295e-01
4.500000e-01 5.400000e-01 5.503383e-01 -1.001512e+01 1.341221e+00 1.464770e-02
5.000000e-01 5.400000e-01 5.583137e-01 -1.132846e+01 1.578204e+00 -2.091482e-01
5.500000e-01 5.400000e-01 5.712532e-01 7.298540e+00 1.758598e+00 -7.139883e-02
6.000000e-01 5.400000e-01 5.654536e-01 1.294028e+01 1.540524e+00 2.097227e-01
6.500000e-01 5.400000e-01 5.502809e-01 -6.475480e+00 1.308919e+00 1.253487e-01
7.000000e-01 5.400000e-01 5.529187e-01 -1.639414e+01 1.497779e+00 -1.881665e-01
7.500000e-01 5.400000e-01 5.690975e-01 -9.943352e-01 1.795698e+00 -1.890176e-01
8.000000e-01 5.400000e-01 5.718205e-01 1.419995e+01 1.707000e+00 1.271157e-01
8.500000e-01 5.400000e-01 5.563860e-01 2.787332e+00 1.380836e+00 2.214954e-01
9.000000e-01 5.400000e-01 5.496709e-01 -1.434063e+01 1.383963e+00 -5.163236e-02
9.500000e-01 5.400000e-01 5.615492e-01 -9.737641e+00 1.684201e+00 -2.250480e-01
1.000000e+00 5.400000e-01 5.721757e-01 7.259198e+00 1.794265e+00 -3.374527e-02
1.050000e+00 5.400000e-01 5.649237e-01 9.601909e+00 1.549894e+00 1.943297e-01
1.100000e+00 5.400000e-01 5.527428e-01 -5.145318e+00 1.359287e+00 1.026964e-01
1.150000e+00 5.400000e-01 5.546541e-01 -1.150774e+01 1.496516e+00 -1.260334e-01
1.200000e+00 5.400000e-01 5.653461e-01 -1.992431e+00 1.699568e+00 -1.322572e-01
1.250000e+00 5.400000e-01 5.678798e-01 7.443859e+00 1.660251e+00 5.839907e-02
1.300000e+00 5.400000e-01 5.595062e-01 3.242408e+00 1.457794e+00 1.392041e-01
1.350000e+00 5.400000e-01 5.539594e-01 -5.684377e+00 1.398395e+00 1.478095e-02
1.400000e+00 5.400000e-01 5.580281e-01 -5.557019e+00 1.520674e+00 -9.733957e-02
1.450000e+00 5.400000e-01 5.636934e-01 1.304014e+00 1.608000e+00 -4.569539e-02
1.500000e+00 5.400000e-01 5.625976e-01 4.250010e+00 1.539111e+00 6.306033e-02
1.550000e+00 5.400000e-01 5.573873e-01 4.737307e-01 1.427120e+00 6.982814e-02
1.600000e+00 5.400000e-01 5.556148e-01 -3.041320e+00 1.417406e+00 -8.971099e-03
1.650000e+00 5.400000e-01 5.582844e-01 -1.725546e+00 1.483973e+00 -4.805850e-02
1.700000e+00 5.400000e-01 5.604207e-01 1.382684e+00 1.511816e+00 -8.087795e-03
1.750000e+00 5.400000e-01 5.590932e-01 1.962910e+00 1.465111e+00 3.912164e-02
1.800000e+00 5.400000e-01 5.565085e-01 1.690900e-01 1.409756e+00 3.316745e-02
1.850000e+00 5.400000e-01 5.557765e-01 -1.007533e+00 1.404026e+00 -3.210521e-03
1.900000e+00 5.400000e-01 5.568296e-01 -3.409761e-01 1.429890e+00 -1.728406e-02
1.950000e+00 5.400000e-01 5.575049e-01 8.094052e-01 1.437798e+00 1.156650e-03
2.000000e+00 5.400000e-01 5.567139e-01 1.008596e+00 1.412900e+00 2.175253e-02
2.050000e+00 5.400000e-01 5.553296e-01 3.829864e-01 1.380772e+00 2.127253e-02
2.100000e+00 5.400000e-01 5.545867e-01 -9.756912e-02 1.366783e+00 6.999985e-03
2.150000e+00 5.400000e-01 5.546296e-01 2.337620e-02 1.369050e+00 -1.373159e-03
2.200000e+00 5.400000e-01 5.547240e-01 4.156999e-01 1.369224e+00 3.433246e-03
2.250000e+00 5.400000e-01 5.542863e-01 6.044977e-01 1.355989e+00 1.330049e-02
2.300000e+00 5.400000e-01 5.533939e-01 4.840751e-01 1.333404e+00 1.796228e-02
2.350000e+00 5.400000e-01 5.524901e-01 2.643465e-01 1.312133e+00 1.522364e-02
2.400000e+00 5.400000e-01 5.518716e-01 1.559421e-01 1.298060e+00 9.966622e-03
2.450000e+00 5.400000e-01 5.514934e-01 1.954880e-01 1.289112e+00 7.506288e-03
2.500000e+00 5.400000e-01 5.511209e-01 2.928346e-01 1.279519e+00 9.310378e-03
2.550000e+00 5.400000e-01 5.505624e-01 3.531259e-01 1.265093e+00 1.341213e-02
2.600000e+00 5.400000e-01 5.497797e-01 3.425498e-01 1.245363e+00 1.702636e-02
2.650000e+00 5.400000e-01 5.488597e-01 2.798779e-01 1.222630e+00 1.849706e-02
2.700000e+00 5.400000e-01 5.479300e-01 1.999947e-01 1.199963e+00 1.766513e-02
2.750000e+00 5.400000e-01 5.470932e-01 1.285040e-01 1.179739e+00 1.526761e-02
2.800000e+00 5.400000e-01 5.464032e-01 7.577494e-02 1.163154e+00 1.222487e-02
2.850000e+00 5.400000e-01 5.458707e-01 4.162867e-02 1.150398e+00 9.233616e-03
2.900000e+00 5.400000e-01 5.454799e-01 2.154532e-02 1.141055e+00 6.670108e-03
2.950000e+00 5.400000e-01 5.452037e-01 1.059185e-02 1.134464e+00 4.656703e-03
3.000000e+00 5.400000e-01 5.450142e-01 4.976005e-03 1.129944e+00 3.167069e-03
3.050000e+00 5.400000e-01 5.448870e-01 2.244066e-03 1.126914e+00 2.110866e-03
3.100000e+00 5.400000e-01 5.448031e-01 9.747854e-04 1.124916e+00 1.384863e-03
3.150000e+00 5.400000e-01 5.447485e-01 4.089200e-04 1.123617e+00 8.971908e-04
3.200000e+00 5.400000e-01 5.447134e-01 1.660144e-04 1.122781e+00 5.752587e-04
3.250000e+00 5.400000e-01 5.446910e-01 6.535316e-05 1.122249e+00 3.655741e-04
3.300000e+00 5.400000e-01 5.446769e-01 2.500146e-05 1.121912e+00 2.304529e-04
3.350000e+00 5.400000e-01 5.446680e-01 9.329340e-06 1.121701e+00 1.441493e-04
3.400000e+00 5.400000e-01 5.446624e-01 3.424424e-06 1.121569e+00 8.945071e-05
3.450000e+00 5.400000e-01 5.446590e-01 1.263888e-06 1.121487e+00 5.502962e-05
3.500000e+00 5.400000e-01 5.446569e-01 4.956390e-07 1.121437e+00 3.351954e-05
3.550000e+00 5.400000e-01 5.446557e-01 2.300390e-07 1.121407e+00 2.017442e-05
3.600000e+00 5.400000e-01 5.446549e-01 1.407699e-07 1.121388e+00 1.195989e-05
3.650000e+00 5.400000e-01 5.446545e-01 1.116339e-07 1.121377e+00 6.948832e-06
3.700000e+00 5.400000e-01 5.446542e-01 1.024310e-07 1.121371e+00 3.924761e-06
3.750000e+00 5.400000e-01 5.446541e-01 9.964316e-08 1.121367e+00 2.124280e-06
3.800000e+00 5.400000e-01 5.446540e-01 9.885215e-08 1.121365e+00 1.071135e-06
3.850000e+00 5.400000e-01 5.446540e-01 9.865649e-08 1.121364e+00 4.700415e-07
3.900000e+00 5.400000e-01 5.446540e-01 9.862639e-08 1.121363e+00 1.391418e-07
3.950000e+00 5.400000e-01 5.446540e-01 9.863582e-08 1.121363e+00 -3.272772e-08
4.000000e+00 5.400000e-01 5.446540e-01 9.865044e-08 1.121362e+00 -1.129254e-07
4.050000e+00 5.400000e-01 5.446540e-01 9.866239e-08 1.121362e+00 -1.418382e-07
4.100000e+00 5.400000e-01 5.446540e-01 9.867084e-08 1.121362e+00 -1.433629e-07
4.150000e+00 5.400000e-01 5.446540e-01 9.867649e-08 1.121362e+00 -1.313943e-07
4.200000e+00 5.400000e-01 5.446540e-01 9.868017e-08 1.121362e+00 -1.138173e-07
4.250000e+00 5.400000e-01 5.446540e-01 9.868252e-08 1.121362e+00 -9.494727e-08
4.300000e+00 5.400000e-01 5.446540e-01 9.868400e-08 1.121362e+00 -7.700928e-08
4.350000e+00 5.400000e-01 5.446540e-01 9.868491e-08 1.121362e+00 -6.102867e-08
4.400000e+00 5.400000e-01 5.446540e-01 9.868546e-08 1.121362e+00 -4.736065e-08
4.450000e+00 5.400000e-01 5.446540e-01 9.868577e-08 1.121362e+00 -3.600196e-08
4.500000e+00 5.400000e-01 5.446540e-01 9.868594e-08 1.121362e+00 -2.677132e-08
4.550000e+00 5.400000e-01 5.446540e-01 9.868603e-08 1.121362e+00 -1.941170e-08
4.600000e+00 5.400000e-01 5.446540e-01 9.868605e-08 1.121362e+00 -1.364664e-08
4.650000e+00 5.400000e-01 5.446540e-01 9.868605e-08 1.121362e+00 -9.209767e-09
4.700000e+00 5.400000e-01 5.446540e-01 9.868604e-08 1.121362e+00 -5.858942e-09
4.750000e+00 5.400000e-01 5.446540e-01 9.868601e-08 1.121362e+00 -3.381885e-09
4.800000e+00 5.400000e-01 5.446540e-01 9.868599e-08 1.121362e+00 -1.597051e-09
4.850000e+00 5.400000e-01 5.446540e-01 9.868597e-08 1.121362e+00 -3.521095e-10
4.900000e+00 5.400000e-01 5.446540e-01 9.868595e-08 1.121362e+00 4.787426e-10
4.950000e+00 5.400000e-01 5.446540e-01 9.868593e-08 1.121362e+00 9.979018e-10
5.000000e+00 5.400000e-01 5.446540e-01 9.868591e-08 1.121362e+00 1.287548e-09
5.050000e+00 5.400000e-01 5.446540e-01 9.868590e-08 1.121362e+00 1.412692e-09
5.100000e+00 5.400000e-01 5.446540e-01 9.868589e-08 1.121362e+00 1.423953e-09
5.150000e+00 5.400000e-01 5.446540e-01 9.868589e-08 1.121362e+00 1.360064e-09
5.200000e+00 5.400000e-01 5.446540e-01 9.868588e-08 1.121362e+00 1.250063e-09
5.250000e+00 5.400000e-01 5.446540e-01 9.868588e-08 1.121362e+00 1.115200e-09
5.300000e+00 5.400000e-01 5.446540e-01 9.868587e-08 1.121362e+00 9.705547e-10
5.350000e+00 5.400000e-01 5.446540e-01 9.868587e-08 1.121362e+00 8.264012e-10
5.400000e+00 5.400000e-01 5.446540e-01 9.868587e-08 1.121362e+00 6.893397e-10
5.450000e+00 5.400000e-01 5.446540e-01 9.868587e-08 1.121362e+00 5.632050e-10
5.500000e+00 5.400000e-01 5.446540e-01 9.868587e-08 1.121362e+00 4.498235e-10
5.550000e+00 5.400000e-01 5.446540e-01 9.868587e-08 1.121362e+00 3.495826e-10
5.600000e+00 5.400000e-01 5.446540e-01 9.868587e-08 1.121362e+00 2.618816e-10
5.650000e+00 5.400000e-01 5.446540e-01 9.868587e-08 1.121362e+00 1.854739e-10
5.700000e+00 5.400000e-01 5.446540e-01 9.868587e-08 1.121362e+00 1.187062e-10
5.750000e+00 5.400000e-01 5.446540e-01 9.868587e-08 1.121362e+00 5.969336e-11
5.800000e+00 5.400000e-01 5.446540e-01 9.868587e-08 1.121362e+00 6.418199e-12
5.850000e+00 5.400000e-01 5.446540e-01 9.868587e-08 1.121362e+00 -4.321987e-11
5.900000e+00 5.400000e-01 5.446540e-01 9.868587e-08 1.121362e+00 -9.137580e-11
5.950000e+00 5.400000e-01 5.446540e-01 9.868587e-08 1.121362e+00 -1.402833e-10
6.000000e+00 5.400000e-01 5.446540e-01 9.868587e-08 1.121362e+00 -1.923239e-10
6.050000e+00 5.400000e-01 5.446540e-01 9.868587e-08 1.121362e+00 -2.500955e-10
6.100000e+00 5.400000e-01 5.446540e-01 9.868587e-08 1.121362e+00 -3.165146e-10
6.150000e+00 5.400000e-01 5.446540e-01 9.868587e-08 1.121362e+00 -3.949896e-10
6.200000e+00 5.400000e-01 5.446540e-01 9.868587e-08 1.121362e+00 -4.895828e-10
6.250000e+00 5.400000e-01 5.446540e-01 9.868587e-08 1.121362e+00 -6.052503e-10
6.300000e+00 5.400000e-01 5.446540e-01 9.868587e-08 1.121362e+00 -7.481482e-10
6.350000e+00 5.400000e-01 5.446540e-01 9.868587e-08 1.121362e+00 -9.259871e-10
6.400000e+00 5.400000e-01 5.446540e-01 9.868587e-08 1.121362e+00 -1.148531e-09
6.450000e+00 5.400000e-01 5.446540e-01 9.868587e-08 1.121362e+00 -1.428194e-09
6.500000e+00 5.400000e-01 5.446540e-01 9.868587e-08 1.121362e+00 -1.780807e-09
6.550000e+00 5.400000e-01 5.446540e-01 9.868587e-08 1.121362e+00 -2.226641e-09
6.600000e+00 5.400000e-01 5.446540e-01 9.868587e-08 1.121362e+00 -2.791678e-09
6.650000e+00 5.400000e-01 5.446540e-01 9.868588e-08 1.121362e+00 -3.509245e-09
6.700000e+00 5.400000e-01 5.446540e-01 9.868587e-08 1.121362e+00 -4.422150e-09
6.750000e+00 5.400000e-01 5.446540e-01 9.868591e-08 1.121362e+00 -5.585414e-09
6.800000e+00 5.400000e-01 5.446540e-01 9.868579e-08 1.121362e+00 -7.069795e-09
6.850000e+00 5.400000e-01 5.446540e-01 9.868621e-08 1.121362e+00 -8.966243e-09
6.900000e+00 5.400000e-01 5.446540e-01 9.868483e-08 1.121362e+00 -1.139200e-08
6.950000e+00 5.400000e-01 5.446540e-01 9.868932e-08 1.121362e+00 -1.449730e-08
7.000000e+00 5.400000e-01 5.446540e-01 9.867526e-08 1.121362e+00 -1.847753e-08
7.050000e+00 5.400000e-01 5.446540e-01 9.871827e-08 1.121362e+00 -2.357822e-08
7.100000e+00 5.400000e-01 5.446540e-01 9.859068e-08 1.121362e+00 -3.013309e-08
7.150000e+00 5.400000e-01 5.446540e-01 9.895811e-08 1.121363e+00 -3.852194e-08
7.200000e+00 5.400000e-01 5.446540e-01 9.793274e-08 1.121363e+00 -4.937126e-08
7.250000e+00 5.400000e-01 5.446540e-01 1.007039e-07 1.121363e+00 -6.312137e-08
7.300000e+00 5.400000e-01 5.446540e-01 9.346072e-08 1.121363e+00 -8.128392e-08
7.350000e+00 5.400000e-01 5.446540e-01 1.117491e-07 1.121363e+00 -1.034537e-07
7.400000e+00 5.400000e-01 5.446540e-01 6.720829e-08 1.121363e+00 -1.347535e-07
7.450000e+00 5.400000e-01 5.446541e-01 1.716751e-07 1.121363e+00 -1.687394e-07
7.500000e+00 5.400000e-01 5.446541e-01 -6.384258e-08 1.121363e+00 -2.260488e-07
7.550000e+00 5.400000e-01 5.446541e-01 4.454491e-07 1.121364e+00 -2.717295e-07
7.600000e+00 5.400000e-01 5.446541e-01 -6.082605e-07 1.121364e+00 -3.857846e-07
7.650000e+00 5.400000e-01 5.446541e-01 1.471461e-06 1.121365e+00 -4.293307e-07
7.700000e+00 5.400000e-01 5.446541e-01 -2.430478e-06 1.121365e+00 -6.674401e-07
7.750000e+00 5.400000e-01 5.446542e-01 4.498472e-06 1.121366e+00 -6.729844e-07
7.800000e+00 5.400000e-01 5.446542e-01 -7.084447e-06 1.121366e+00 -1.142062e-06
7.850000e+00 5.400000e-01 5.446543e-01 1.101735e-05 1.121369e+00 -1.096340e-06
7.900000e+00 5.400000e-01 5.446543e-01 -1.518793e-05 1.121369e+00 -1.855865e-06
7.950000e+00 5.400000e-01 5.446545e-01 1.951064e-05 1.121374e+00 -1.945343e-06
8.000000e+00 5.400000e-01 5.446545e-01 -2.174465e-05 1.121373e+00 -2.817718e-06
8.050000e+00 5.400000e-01 5.446548e-01 2.105469e-05 1.121381e+00 -3.586498e-06
8.100000e+00 5.400000e-01 5.446549e-01 -1.585300e-05 1.121382e+00 -4.294529e-06
8.150000e+00 5.400000e-01 5.446552e-01 8.347768e-06 1.121391e+00 -6.113641e-06
8.200000e+00 5.400000e-01 5.446555e-01 -2.268775e-06 1.121397e+00 -7.361054e-06
8.250000e+00 5.400000e-01 5.446559e-01 4.906408e-06 1.121409e+00 -9.355921e-06
8.300000e+00 5.400000e-01 5.446564e-01 -1.973286e-05 1.121420e+00 -1.317957e-05
8.350000e+00 5.400000e-01 5.446572e-01 4.343762e-05 1.121443e+00 -1.497702e-05
8.400000e+00 5.400000e-01 5.446579e-01 -5.968627e-05 1.121455e+00 -2.098627e-05
8.450000e+00 5.400000e-01 5.446593e-01 4.914522e-05 1.121495e+00 -2.709609e-05
8.500000e+00 5.400000e-01 5.446606e-01 -5.063475e-06 1.121523e+00 -3.216323e-05
8.550000e+00 5.400000e-01 5.446626e-01 -4.475277e-05 1.121572e+00 -4.510161e-05
8.600000e+00 5.400000e-01 5.446651e-01 4.706254e-05 1.121635e+00 -5.687945e-05
8.650000e+00 5.400000e-01 5.446682e-01 3.289918e-05 1.121713e+00 -6.862197e-05
8.700000e+00 5.400000e-01 5.446720e-01 -1.469250e-04 1.121799e+00 -9.632873e-05
8.750000e+00 5.400000e-01 5.446779e-01 1.677877e-04 1.121953e+00 -1.199573e-04
8.800000e+00 5.400000e-01 5.446840e-01 -6.486569e-06 1.122096e+00 -1.467125e-04
8.850000e+00 5.400000e-01 5.446926e-01 -2.219803e-04 1.122307e+00 -2.030694e-04
8.900000e+00 5.400000e-01 5.447043e-01 2.216184e-04 1.122600e+00 -2.563901e-04
8.950000e+00 5.400000e-01 5.447182e-01 1.523058e-04 1.122942e+00 -3.117027e-04
9.000000e+00 5.400000e-01 5.447355e-01 -5.339139e-04 1.123355e+00 -4.257570e-04
9.050000e+00 5.400000e-01 5.447608e-01 2.897976e-04 1.123995e+00 -5.501306e-04
9.100000e+00 5.400000e-01 5.447905e-01 5.587282e-04 1.124721e+00 -6.660815e-04
9.150000e+00 5.400000e-01 5.448274e-01 -8.728938e-04 1.125617e+00 -8.846297e-04
9.200000e+00 5.400000e-01 5.448789e-01 -2.807057e-04 1.126892e+00 -1.178898e-03
9.250000e+00 5.400000e-01 5.449453e-01 1.631557e-03 1.128545e+00 -1.443295e-03
9.300000e+00 5.400000e-01 5.450233e-01 -5.940717e-04 1.130435e+00 -1.839515e-03
9.350000e+00 5.400000e-01 5.451292e-01 -2.303328e-03 1.133040e+00 -2.492127e-03
9.400000e+00 5.400000e-01 5.452725e-01 2.133926e-03 1.136590e+00 -3.180382e-03
9.450000e+00 5.400000e-01 5.454473e-01 2.862191e-03 1.140895e+00 -3.930351e-03
9.500000e+00 5.400000e-01 5.456655e-01 -4.761145e-03 1.146211e+00 -5.208067e-03
9.550000e+00 5.400000e-01 5.459681e-01 -2.947109e-03 1.153652e+00 -7.000469e-03
9.600000e+00 5.400000e-01 5.463656e-01 8.709268e-03 1.163459e+00 -8.871739e-03
9.650000e+00 5.400000e-01 5.468552e-01 2.179651e-03 1.175482e+00 -1.130542e-02
9.700000e+00 5.400000e-01 5.474961e-01 -1.368864e-02 1.191101e+00 -1.530230e-02
9.750000e+00 5.400000e-01 5.483855e-01 -3.230592e-04 1.212861e+00 -2.065680e-02
9.800000e+00 5.400000e-01 5.495618e-01 1.703635e-02 1.241733e+00 -2.699137e-02
9.850000e+00 5.400000e-01 5.510846e-01 -1.033766e-03 1.279015e+00 -3.573177e-02
9.900000e+00 5.400000e-01 5.531350e-01 -1.242353e-02 1.329100e+00 -4.839671e-02
9.950000e+00 5.400000e-01 5.559243e-01 -1.630944e-03 1.397451e+00 -6.521041e-02
1.000000e+01 5.400000e-01 5.596560e-01 -4.647366e-03 0.000000e+00 0.000000e+00
0.000000e+00 5.600000e-01 5.893440e-01 7.200000e-01 0.000000e+00 0.000000e+00
5.000000e-02 5.600000e-01 5.889446e-01 -1.216869e+00 1.487285e+00 -2.202541e-02
1.000000e-01 5.600000e-01 5.915465e-01 4.301728e-01 1.516025e+00 -4.070727e-02
1.500000e-01 5.600000e-01 5.930154e-01 6.697812e+00 1.478168e+00 4.984585e-02
2.000000e-01 5.600000e-01 5.865620e-01 1.695615e+00 1.412259e+00 9.750226e-02
2.500000e-01 5.600000e-01 5.832651e-01 -9.059105e+00 1.481181e+00 -6.674505e-02
3.000000e-01 5.600000e-01 5.932365e-01 -1.957378e+00 1.600448e+00 -1.662109e-01
3.500000e-01 5.600000e-01 5.998862e-01 1.385385e+01 1.533144e+00 5.437615e-02
4.000000e-01 5.600000e-01 5.877988e-01 6.276170e+00 1.371541e+00 2.174652e-01
4.500000e-01 5.600000e-01 5.781397e-01 -1.389516e+01 1.448093e+00 -3.326111e-02
5.000000e-01 5.600000e-01 5.911250e-01 -7.914123e+00 1.668062e+00 -2.771985e-01
5.500000e-01 5.600000e-01 6.058596e-01 1.575058e+01 1.652138e+00 -3.853678e-02
6.000000e-01 5.600000e-01 5.949786e-01 1.486654e+01 1.403437e+00 2.880702e-01
6.500000e-01 5.600000e-01 5.770525e-01 -1.130465e+01 1.381928e+00 1.025596e-01
7.000000e-01 5.600000e-01 5.847227e-01 -1.470817e+01 1.648880e+00 -2.837250e-01
7.500000e-01 5.600000e-01 6.054250e-01 9.128679e+00 1.767404e+00 -1.990869e-01
8.000000e-01 5.600000e-01 6.046314e-01 2.103207e+01 1.535538e+00 2.182427e-01
8.500000e-01 5.600000e-01 5.836008e-01 -1.560217e-01 1.349293e+00 2.573960e-01
9.000000e-01 5.600000e-01 5.788918e-01 -1.634383e+01 1.526567e+00 -1.299526e-01
9.500000e-01 5.600000e-01 5.965960e-01 -2.552383e+00 1.759562e+00 -2.868240e-01
1.000000e+00 5.600000e-01 6.075742e-01 1.678727e+01 1.684969e+00 1.717973e-02
1.050000e+00 5.600000e-01 5.948781e-01 1.171928e+01 1.429860e+00 2.721905e-01
1.100000e+00 5.600000e-01 5.803551e-01 -8.346304e+00 1.407315e+00 8.910481e-02
1.150000e+00 5.600000e-01 5.859676e-01 -1.022066e+01 1.610807e+00 -1.949804e-01
1.200000e+00 5.600000e-01 5.998532e-01 4.692000e+00 1.703002e+00 -1.444803e-01
1.250000e+00 5.600000e-01 6.004156e-01 1.275849e+01 1.558892e+00 1.165264e-01
1.300000e+00 5.600000e-01 5.882005e-01 3.075091e+00 1.407225e+00 1.794925e-01
1.350000e+00 5.600000e-01 5.824664e-01 -7.402917e+00 1.453889e+00 -9.738216e-03
1.400000e+00 5.600000e-01 5.891743e-01 -4.064053e+00 1.578701e+00 -1.342086e-01
1.450000e+00 5.600000e-01 5.958872e-01 4.994047e+00 1.586691e+00 -3.761589e-02
1.500000e+00 5.600000e-01 5.929359e-01 6.467443e+00 1.479115e+00 1.012380e-01
1.550000e+00 5.600000e-01 5.857634e-01 4.061489e-02 1.409204e+00 8.699201e-02
1.600000e+00 5.600000e-01 5.842367e-01 -3.823789e+00 1.445949e+00 -2.450326e-02
1.650000e+00 5.600000e-01 5.882137e-01 -9.875179e-01 1.502974e+00 -6.339303e-02
1.700000e+00 5.600000e-01 5.905760e-01 2.980648e+00 1.493401e+00 5.682616e-04
1.750000e+00 5.600000e-01 5.881569e-01 2.871000e+00 1.434212e+00 5.977499e-02
1.800000e+00 5.600000e-01 5.845985e-01 2.264298e-02 1.397870e+00 4.242774e-02
1.850000e+00 5.600000e-01 5.839141e-01 -1.301288e+00 1.409958e+00 -8.736059e-03
1.900000e+00 5.600000e-01 5.854721e-01 -6.043329e-02 1.432212e+00 -2.273468e-02
1.950000e+00 5.600000e-01 5.861876e-01 1.473771e+00 1.426184e+00 6.360560e-03
2.000000e+00 5.600000e-01 5.848361e-01 1.495969e+00 1.395449e+00 3.342040e-02
2.050000e+00 5.600000e-01 5.828456e-01 4.874038e-01 1.368817e+00 2.952714e-02
2.100000e+00 5.600000e-01 5.818834e-01 -1.340681e-01 1.362009e+00 8.596999e-03
2.150000e+00 5.600000e-01 5.819859e-01 1.311256e-01 1.365395e+00 -1.708348e-03
2.200000e+00 5.600000e-01 5.820542e-01 7.033438e-01 1.361782e+00 6.636391e-03
2.250000e+00 5.600000e-01 5.813222e-01 9.218076e-01 1.345210e+00 2.078639e-02
2.300000e+00 5.600000e-01 5.799756e-01 7.011529e-01 1.322663e+00 2.657873e-02
2.350000e+00 5.600000e-01 5.786644e-01 3.749950e-01 1.303751e+00 2.192864e-02
2.400000e+00 5.600000e-01 5.777827e-01 2.345874e-01 1.291872e+00 1.432307e-02
2.450000e+00 5.600000e-01 5.772321e-01 3.080620e-01 1.283608e+00 1.118826e-02
2.500000e+00 5.600000e-01 5.766639e-01 4.529382e-01 1.273492e+00 1.421325e-02
2.550000e+00 5.600000e-01 5.758107e-01 5.342757e-01 1.258339e+00 2.032409e-02
2.600000e+00 5.600000e-01 5.746315e-01 5.101440e-01 1.238416e+00 2.550189e-02
2.650000e+00 5.600000e-01 5.732605e-01 4.123357e-01 1.216190e+00 2.746242e-02
2.700000e+00 5.600000e-01 5.718852e-01 2.924899e-01 1.194513e+00 2.607310e-02
2.750000e+00 5.600000e-01 5.706532e-01 1.869990e-01 1.175448e+00 2.244842e-02
2.800000e+00 5.600000e-01 5.696404e-01 1.098949e-01 1.159959e+00 1.793081e-02
2.850000e+00 5.600000e-01 5.688601e-01 6.023603e-02 1.148115e+00 1.352250e-02
2.900000e+00 5.600000e-01 5.682881e-01 3.112881e-02 1.139473e+00 9.758633e-03
2.950000e+00 5.600000e-01 5.678843e-01 1.528828e-02 1.133391e+00 6.808412e-03
3.000000e+00 5.600000e-01 5.676073e-01 7.178052e-03 1.129229e+00 4.628178e-03
3.050000e+00 5.600000e-01 5.674215e-01 3.236064e-03 1.126442e+00 3.083415e-03
3.100000e+00 5.600000e-01 5.672989e-01 1.405533e-03 1.124608e+00 2.022128e-03
3.150000e+00 5.600000e-01 5.672193e-01 5.896944e-04 1.123417e+00 1.309548e-03
3.200000e+00 5.600000e-01 5.671680e-01 2.395387e-04 1.122653e+00 8.393488e-04
3.250000e+00 5.600000e-01 5.671353e-01 9.444431e-05 1.122167e+00 5.332336e-04
3.300000e+00 5.600000e-01 5.671147e-01 3.628450e-05 1.121860e+00 3.360690e-04
3.350000e+00 5.600000e-01 5.671017e-01 1.369841e-05 1.121668e+00 2.102021e-04
3.400000e+00 5.600000e-01 5.670936e-01 5.190632e-06 1.121548e+00 1.304695e-04
3.450000e+00 5.600000e-01 5.670887e-01 2.079529e-06 1.121474e+00 8.031914e-05
3.500000e+00 5.600000e-01 5.670856e-01 9.746404e-07 1.121429e+00 4.899238e-05
3.550000e+00 5.600000e-01 5.670838e-01 5.936500e-07 1.121402e+00 2.956190e-05
3.600000e+00 5.600000e-01 5.670827e-01 4.662985e-07 1.121385e+00 1.760156e-05
3.650000e+00 5.600000e-01 5.670820e-01 4.252198e-07 1.121376e+00 1.030229e-05
3.700000e+00 5.600000e-01 5.670816e-01 4.125803e-07 1.121370e+00 5.892223e-06
3.750000e+00 5.600000e-01 5.670814e-01 4.089828e-07 1.121366e+00 3.260309e-06
3.800000e+00 5.600000e-01 5.670813e-01 4.081235e-07 1.121364e+00 1.714014e-06
3.850000e+00 5.600000e-01 5.670812e-01 4.080279e-07 1.121363e+00 8.243598e-07
3.900000e+00 5.600000e-01 5.670812e-01 4.081077e-07 1.121363e+00 3.274110e-07
3.950000e+00 5.600000e-01 5.670812e-01 4.082024e-07 1.121363e+00 6.200451e-08
4.000000e+00 5.600000e-01 5.670812e-01 4.082767e-07 1.121362e+00 -6.941315e-08
4.050000e+00 5.600000e-01 5.670812e-01 4.083287e-07 1.121362e+00 -1.252800e-07
4.100000e+00 5.600000e-01 5.670812e-01 4.083635e-07 1.121362e+00 -1.401545e-07
4.150000e+00 5.600000e-01 5.670812e-01 4.083863e-07 1.121362e+00 -1.341369e-07
4.200000e+00 5.600000e-01 5.670812e-01 4.084010e-07 1.121362e+00 -1.186582e-07
4.250000e+00 5.600000e-01 5.670812e-01 4.084103e-07 1.121362e+00 -1.000120e-07
4.300000e+00 5.600000e-01 5.670813e-01 4.084162e-07 1.121362e+00 -8.149150e-08
4.350000e+00 5.600000e-01 5.670813e-01 4.084198e-07 1.121362e+00 -6.467215e-08
4.400000e+00 5.600000e-01 5.670813e-01 4.084219e-07 1.121362e+00 -5.017145e-08
4.450000e+00 5.600000e-01 5.670813e-01 4.084232e-07 1.121362e+00 -3.809429e-08
4.500000e+00 5.600000e-01 5.670813e-01 4.084238e-07 1.121362e+00 -2.828908e-08
4.550000e+00 5.600000e-01 5.670813e-01 4.084241e-07 1.121362e+00 -2.049189e-08
4.600000e+00 5.600000e-01 5.670813e-01 4.084243e-07 1.121362e+00 -1.440500e-08
4.650000e+00 5.600000e-01 5.670813e-01 4.084243e-07 1.121362e+00 -9.737620e-09
4.700000e+00 5.600000e-01 5.670813e-01 4.084242e-07 1.121362e+00 -6.225116e-09
4.750000e+00 5.600000e-01 5.670813e-01 4.084241e-07 1.121362e+00 -3.636513e-09
4.800000e+00 5.600000e-01 5.670813e-01 4.084240e-07 1.121362e+00 -1.775687e-09
4.850000e+00 5.600000e-01 5.670813e-01 4.084239e-07 1.121362e+00 -4.793976e-10
4.900000e+00 5.600000e-01 5.670813e-01 4.084238e-07 1.121362e+00 3.860490e-10
4.950000e+00 5.600000e-01 5.670813e-01 4.084238e-07 1.121362e+00 9.285994e-10
5.000000e+00 5.600000e-01 5.670813e-01 4.084237e-07 1.121362e+00 1.234249e-09
5.050000e+00 5.600000e-01 5.670813e-01 4.084237e-07 1.121362e+00 1.370573e-09
5.100000e+00 5.600000e-01 5.670813e-01 4.084236e-07 1.121362e+00 1.389873e-09
5.150000e+00 5.600000e-01 5.670813e-01 4.084236e-07 1.121362e+00 1.331961e-09
5.200000e+00 5.600000e-01 5.670813e-01 4.084236e-07 1.121362e+00 1.226553e-09
5.250000e+00 5.600000e-01 5.670813e-01 4.084236e-07 1.121362e+00 1.095317e-09
5.300000e+00 5.600000e-01 5.670813e-01 4.084236e-07 1.121362e+00 9.535817e-10
5.350000e+00 5.600000e-01 5.670813e-01 4.084236e-07 1.121362e+00 8.117562e-10
5.400000e+00 5.600000e-01 5.670813e-01 4.084236e-07 1.121362e+00 6.765166e-10
5.450000e+00 5.600000e-01 5.670813e-01 4.084236e-07 1.121362e+00 5.517342e-10
5.500000e+00 5.600000e-01 5.670813e-01 4.084236e-07 1.121362e+00 4.392331e-10
5.550000e+00 5.600000e-01 5.670813e-01 4.084236e-07 1.121362e+00 3.393830e-10
5.600000e+00 5.600000e-01 5.670813e-01 4.084236e-07 1.121362e+00 2.515477e-10
5.650000e+00 5.600000e-01 5.670813e-01 4.084236e-07 1.121362e+00 1.744138e-10
5.700000e+00 5.600000e-01 5.670813e-01 4.084236e-07 1.121362e+00 1.062339e-10
5.750000e+00 5.600000e-01 5.670813e-01 4.084236e-07 1.121362e+00 4.499512e-11
5.800000e+00 5.600000e-01 5.670813e-01 4.084236e-07 1.121362e+00 -1.149303e-11
5.850000e+00 5.600000e-01 5.670813e-01 4.084236e-07 1.121362e+00 -6.556200e-11
5.900000e+00 5.600000e-01 5.670813e-01 4.084236e-07 1.121362e+00 -1.196798e-10
5.950000e+00 5.600000e-01 5.670813e-01 4.084236e-07 1.121362e+00 -1.764955e-10
6.000000e+00 5.600000e-01 5.670813e-01 4.084236e-07 1.121362e+00 -2.389233e-10
6.050000e+00 5.600000e-01 5.670813e-01 4.084236e-07 1.121362e+00 -3.102640e-10
6.100000e+00 5.600000e-01 5.670813e-01 4.084236e-07 1.121362e+00 -3.943557e-10
6.150000e+00 5.600000e-01 5.670813e-01 4.084236e-07 1.121362e+00 -4.957867e-10
6.200000e+00 5.600000e-01 5.670813e-01 4.084236e-07 1.121362e+00 -6.201595e-10
6.250000e+00 5.600000e-01 5.670813e-01 4.084236e-07 1.121362e+00 -7.744283e-10
6.300000e+00 5.600000e-01 5.670813e-01 4.084236e-07 1.121362e+00 -9.673284e-10
6.350000e+00 5.600000e-01 5.670813e-01 4.084236e-07 1.121362e+00 -1.209912e-09
6.400000e+00 5.600000e-01 5.670813e-01 4.084236e-07 1.121362e+00 -1.516259e-09
6.450000e+00 5.600000e-01 5.670813e-01 4.084236e-07 1.121362e+00 -1.904366e-09
6.500000e+00 5.600000e-01 5.670813e-01 4.084236e-07 1.121362e+00 -2.397277e-09
6.550000e+00 5.600000e-01 5.670813e-01 4.084236e-07 1.121362e+00 -3.024581e-09
6.600000e+00 5.600000e-01 5.670813e-01 4.084236e-07 1.121362e+00 -3.824299e-09
6.650000e+00 5.600000e-01 5.670813e-01 4.084236e-07 1.121362e+00 -4.845310e-09
6.700000e+00 5.600000e-01 5.670813e-01 4.084236e-07 1.121362e+00 -6.150499e-09
6.750000e+00 5.600000e-01 5.670813e-01 4.084237e-07 1.121362e+00 -7.820811e-09
6.800000e+00 5.600000e-01 5.670813e-01 4.084233e-07 1.121362e+00 -9.960489e-09
6.850000e+00 5.600000e-01 5.670813e-01 4.084246e-07 1.121362e+00 -1.270362e-08
6.900000e+00 5.600000e-01 5.670813e-01 4.084205e-07 1.121362e+00 -1.622341e-08
6.950000e+00 5.600000e-01 5.670813e-01 4.084339e-07 1.121363e+00 -2.074142e-08
7.000000e+00 5.600000e-01 5.670813e-01 4.083922e-07 1.121363e+00 -2.654773e-08
7.050000e+00 5.600000e-01 5.670813e-01 4.085187e-07 1.121363e+00 -3.400209e-08
7.100000e+00 5.600000e-01 5.670813e-01 4.081470e-07 1.121363e+00 -4.360854e-08
7.150000e+00 5.600000e-01 5.670813e-01 4.092081e-07 1.121363e+00 -5.590193e-08
7.200000e+00 5.600000e-01 5.670813e-01 4.062737e-07 1.121363e+00 -7.188449e-08
7.250000e+00 5.600000e-01 5.670813e-01 4.141331e-07 1.121363e+00 -9.201778e-08
7.300000e+00 5.600000e-01 5.670813e-01 3.937747e-07 1.121363e+00 -1.190205e-07
7.350000e+00 5.600000e-01 5.670813e-01 4.447191e-07 1.121363e+00 -1.511423e-07
7.400000e+00 5.600000e-01 5.670813e-01 3.217515e-07 1.121363e+00 -1.986491e-07
7.450000e+00 5.600000e-01 5.670813e-01 6.076022e-07 1.121363e+00 -2.460372e-07
7.500000e+00 5.600000e-01 5.670813e-01 -3.114787e-08 1.121363e+00 -3.366380e-07
7.550000e+00 5.600000e-01 5.670813e-01 1.337989e-06 1.121364e+00 -3.925975e-07
7.600000e+00 5.600000e-01 5.670814e-01 -1.470078e-06 1.121364e+00 -5.833257e-07
7.650000e+00 5.600000e-01 5.670814e-01 4.024637e-06 1.121365e+00 -6.088417e-07
7.700000e+00 5.600000e-01 5.670814e-01 -6.197447e-06 1.121365e+00 -1.026915e-06
7.750000e+00 5.600000e-01 5.670815e-01 1.180536e-05 1.121367e+00 -9.332835e-07
7.800000e+00 5.600000e-01 5.670815e-01 -1.805160e-05 1.121366e+00 -1.775369e-06
7.850000e+00 5.600000e-01 5.670817e-01 2.826344e-05 1.121370e+00 -1.516732e-06
7.900000e+00 5.600000e-01 5.670817e-01 -3.834295e-05 1.121367e+00 -2.862085e-06
7.950000e+00 5.600000e-01 5.670820e-01 4.939292e-05 1.121376e+00 -2.788198e-06
8.000000e+00 5.600000e-01 5.670820e-01 -5.465481e-05 1.121371e+00 -4.219173e-06
8.050000e+00 5.600000e-01 5.670824e-01 5.361094e-05 1.121383e+00 -5.354589e-06
8.100000e+00 5.600000e-01 5.670825e-01 -4.132011e-05 1.121380e+00 -6.262465e-06
8.150000e+00 5.600000e-01 5.670830e-01 2.468283e-05 1.121392e+00 -9.192645e-06
8.200000e+00 5.600000e-01 5.670834e-01 -1.118910e-05 1.121396e+00 -1.090070e-05
8.250000e+00 5.600000e-01 5.670841e-01 1.903282e-05 1.121409e+00 -1.371183e-05
8.300000e+00 5.600000e-01 5.670848e-01 -5.409995e-05 1.121416e+00 -1.996009e-05
8.350000e+00 5.600000e-01 5.670861e-01 1.093506e-04 1.121444e+00 -2.180861e-05
8.400000e+00 5.600000e-01 5.670870e-01 -1.457830e-04 1.121448e+00 -3.134324e-05
8.450000e+00 5.600000e-01 5.670892e-01 1.222389e-04 1.121496e+00 -4.058920e-05
8.500000e+00 5.600000e-01 5.670910e-01 -2.439865e-05 1.121516e+00 -4.708618e-05
8.550000e+00 5.600000e-01 5.670940e-01 -8.259230e-05 1.121567e+00 -6.748772e-05
8.600000e+00 5.600000e-01 5.670978e-01 8.421132e-05 1.121628e+00 -8.500179e-05
8.650000e+00 5.600000e-01 5.671025e-01 9.191200e-05 1.121707e+00 -1.005963e-04
8.700000e+00 5.600000e-01 5.671078e-01 -3.347848e-04 1.121780e+00 -1.443972e-04
8.750000e+00 5.600000e-01 5.671169e-01 3.750734e-04 1.121948e+00 -1.788068e-04
8.800000e+00 5.600000e-01 5.671257e-01 -3.353810e-05 1.122072e+00 -2.158973e-04
8.850000e+00 5.600000e-01 5.671385e-01 -4.352521e-04 1.122281e+00 -3.036110e-04
8.900000e+00 5.600000e-01 5.671561e-01 4.230622e-04 1.122572e+00 -3.827573e-04
8.950000e+00 5.600000e-01 5.671768e-01 3.430056e-04 1.122908e+00 -4.594394e-04
9.000000e+00 5.600000e-01 5.672020e-01 -1.096553e-03 1.123286e+00 -6.348123e-04
9.050000e+00 5.600000e-01 5.672402e-01 5.901521e-04 1.123943e+00 -8.221630e-04
9.100000e+00 5.600000e-01 5.672842e-01 1.072516e-03 1.124638e+00 -9.849835e-04
9.150000e+00 5.600000e-01 5.673387e-01 -1.636119e-03 1.125496e+00 -1.313715e-03
9.200000e+00 5.600000e-01 5.674156e-01 -6.046601e-04 1.126744e+00 -1.761939e-03
9.250000e+00 5.600000e-01 5.675149e-01 3.090311e-03 1.128392e+00 -2.143228e-03
9.300000e+00 5.600000e-01 5.676299e-01 -1.029515e-03 1.130181e+00 -2.724764e-03
9.350000e+00 5.600000e-01 5.677874e-01 -4.243369e-03 1.132720e+00 -3.713125e-03
9.400000e+00 5.600000e-01 5.680012e-01 3.606541e-03 1.136208e+00 -4.738799e-03
9.450000e+00 5.600000e-01 5.682613e-01 5.419044e-03 1.140412e+00 -5.827938e-03
9.500000e+00 5.600000e-01 5.685840e-01 -8.044505e-03 1.145507e+00 -7.724920e-03
9.550000e+00 5.600000e-01 5.690338e-01 -5.993004e-03 1.152750e+00 -1.041573e-02
9.600000e+00 5.600000e-01 5.696256e-01 1.459035e-02 1.162309e+00 -1.319089e-02
9.650000e+00 5.600000e-01 5.703529e-01 5.781486e-03 1.173986e+00 -1.675297e-02
9.700000e+00 5.600000e-01 5.713009e-01 -2.316577e-02 1.188990e+00 -2.266203e-02
9.750000e+00 5.600000e-01 5.726191e-01 -4.125435e-03 1.209945e+00 -3.064636e-02
9.800000e+00 5.600000e-01 5.743655e-01 2.926223e-02 1.237857e+00 -4.004560e-02
9.850000e+00 5.600000e-01 5.766236e-01 2.518244e-03 1.273878e+00 -5.294645e-02
9.900000e+00 5.600000e-01 5.796602e-01 -2.141060e-02 1.322066e+00 -7.174334e-02
9.950000e+00 5.600000e-01 5.837980e-01 -4.329951e-03 1.388073e+00 -9.683820e-02
1.000000e+01 5.600000e-01 5.893440e-01 -9.071789e-03 0.000000e+00 0.000000e+00
0.000000e+00 5.800000e-01 6.187440e-01 9.600000e-01 0.000000e+00 0.000000e+00
5.000000e-02 5.800000e-01 6.186764e-01 -9.246667e-01 1.480727e+00 -2.906654e-02
1.000000e-01 5.800000e-01 6.216507e-01 2.276781e+00 1.483342e+00 -3.237264e-02
1.500000e-01 5.800000e-01 6.219137e-01 6.984699e+00 1.413816e+00 6.984389e-02
2.000000e-01 5.800000e-01 6.146663e-01 -1.170708e+00 1.412862e+00 8.301883e-02
2.500000e-01 5.800000e-01 6.136118e-01 -8.808614e+00 1.542473e+00 -1.057952e-01
3.000000e-01 5.800000e-01 6.252458e-01 3.383568e+00 1.565370e+00 -1.559530e-01
3.500000e-01 5.800000e-01 6.292071e-01 1.602188e+01 1.392282e+00 1.060565e-01
4.000000e-01 5.800000e-01 6.146401e-01 1.277093e+00 1.341381e+00 2.094501e-01
4.500000e-01 5.800000e-01 6.082621e-01 -1.523417e+01 1.557278e+00 -1.039606e-01
5.000000e-01 5.800000e-01 6.250362e-01 -2.669265e-01 1.665674e+00 -2.907663e-01
5.500000e-01 5.800000e-01 6.373387e-01 2.236923e+01 1.458852e+00 3.445104e-02
6.000000e-01 5.800000e-01 6.215911e-01 1.103077e+01 1.283070e+00 3.178068e-01
6.500000e-01 5.800000e-01 6.055580e-01 -1.587263e+01 1.481314e+00 2.717160e-02
7.000000e-01 5.800000e-01 6.188739e-01 -8.532461e+00 1.709517e+00 -3.423568e-01
7.500000e-01 5.800000e-01 6.397937e-01 1.969900e+01 1.599218e+00 -1.436807e-01
8.000000e-01 5.800000e-01 6.332420e-01 2.258352e+01 1.318989e+00 2.943597e-01
8.500000e-01 5.800000e-01 6.103577e-01 -6.245833e+00 1.354748e+00 2.250838e-01
9.000000e-01 5.800000e-01 6.107336e-01 -1.523961e+01 1.631152e+00 -2.157398e-01
9.500000e-01 5.800000e-01 6.319317e-01 7.337918e+00 1.698953e+00 -2.884087e-01
1.000000e+00 5.800000e-01 6.395745e-01 2.405785e+01 1.468438e+00 9.813558e-02
1.050000e+00 5.800000e-01 6.221181e-01 9.214033e+00 1.307080e+00 3.053913e-01
1.100000e+00 5.800000e-01 6.090354e-01 -1.165563e+01 1.468247e+00 3.031770e-02
1.150000e+00 5.800000e-01 6.190864e-01 -5.617143e+00 1.657736e+00 -2.443083e-01
1.200000e+00 5.800000e-01 6.334662e-01 1.271095e+01 1.601124e+00 -1.114913e-01
1.250000e+00 5.800000e-01 6.302355e-01 1.569987e+01 1.402724e+00 1.767097e-01
1.300000e+00 5.800000e-01 6.157952e-01 5.168640e-01 1.362988e+00 1.812052e-01
1.350000e+00 5.800000e-01 6.121150e-01 -8.039509e+00 1.506042e+00 -5.380929e-02
1.400000e+00 5.800000e-01 6.211761e-01 -1.371634e-01 1.589818e+00 -1.504604e-01
1.450000e+00 5.800000e-01 6.271610e-01 9.291008e+00 1.510295e+00 -5.861144e-03
1.500000e+00 5.800000e-01 6.217623e-01 7.368528e+00 1.395350e+00 1.340552e-01
1.550000e+00 5.800000e-01 6.137555e-01 -1.238566e+00 1.394300e+00 8.309477e-02
1.600000e+00 5.800000e-01 6.134528e-01 -3.788895e+00 1.471653e+00 -4.647910e-02
1.650000e+00 5.800000e-01 6.184034e-01 9.500667e-01 1.501342e+00 -6.703930e-02
1.700000e+00 5.800000e-01 6.201567e-01 4.854090e+00 1.451187e+00 1.941708e-02
1.750000e+00 5.800000e-01 6.164617e-01 3.302011e+00 1.391637e+00 7.733371e-02
1.800000e+00 5.800000e-01 6.124233e-01 -4.056265e-01 1.385263e+00 4.286896e-02
1.850000e+00 5.800000e-01 6.121748e-01 -1.307505e+00 1.414704e+00 -1.694700e-02
1.900000e+00 5.800000e-01 6.141180e-01 6.524546e-01 1.427093e+00 -2.377442e-02
1.950000e+00 5.800000e-01 6.145522e-01 2.286031e+00 1.404373e+00 1.586179e-02
2.000000e+00 5.800000e-01 6.125319e-01 1.868630e+00 1.370610e+00 4.469908e-02
2.050000e+00 5.800000e-01 6.100823e-01 4.791123e-01 1.353638e+00 3.464863e-02
2.100000e+00 5.800000e-01 6.090670e-01 -1.364565e-01 1.355461e+00 8.368839e-03
2.150000e+00 5.800000e-01 6.092454e-01 3.531589e-01 1.358679e+00 -1.282492e-03
2.200000e+00 5.800000e-01 6.091952e-01 1.065786e+00 1.349652e+00 1.150736e-02
2.250000e+00 5.800000e-01 6.080947e-01 1.237620e+00 1.329459e+00 2.894807e-02
2.300000e+00 5.800000e-01 6.063004e-01 8.812449e-01 1.307896e+00 3.454571e-02
2.350000e+00 5.800000e-01 6.046401e-01 4.620691e-01 1.292487e+00 2.754003e-02
2.400000e+00 5.800000e-01 6.035464e-01 3.178309e-01 1.283372e+00 1.802396e-02
2.450000e+00 5.800000e-01 6.028377e-01 4.395195e-01 1.275734e+00 1.485816e-02
2.500000e+00 5.800000e-01 6.020606e-01 6.281330e-01 1.264786e+00 1.941793e-02
2.550000e+00 5.800000e-01 6.008959e-01 7.190489e-01 1.248715e+00 2.744254e-02
2.600000e+00 5.800000e-01 5.993164e-01 6.720698e-01 1.228681e+00 3.388591e-02
2.650000e+00 5.800000e-01 5.975074e-01 5.353493e-01 1.207284e+00 3.605847e-02
2.700000e+00 5.800000e-01 5.957105e-01 3.759935e-01 1.187042e+00 3.396189e-02
2.750000e+00 5.800000e-01 5.941112e-01 2.387652e-01 1.169602e+00 2.908925e-02
2.800000e+00 5.800000e-01 5.928016e-01 1.396756e-01 1.155619e+00 2.315826e-02
2.850000e+00 5.800000e-01 5.917953e-01 7.632500e-02 1.145019e+00 1.742788e-02
2.900000e+00 5.800000e-01 5.910588e-01 3.936365e-02 1.137329e+00 1.255970e-02
2.950000e+00 5.800000e-01 5.905394e-01 1.930773e-02 1.131937e+00 8.754326e-03
3.000000e+00 5.800000e-01 5.901834e-01 9.058257e-03 1.128259e+00 5.946573e-03
3.050000e+00 5.800000e-01 5.899447e-01 4.082193e-03 1.125803e+00 3.959177e-03
3.100000e+00 5.800000e-01 5.897875e-01 1.773063e-03 1.124191e+00 2.594789e-03
3.150000e+00 5.800000e-01 5.896852e-01 7.443321e-04 1.123147e+00 1.679285e-03
3.200000e+00 5.800000e-01 5.896195e-01 3.029097e-04 1.122479e+00 1.075574e-03
3.250000e+00 5.800000e-01 5.895777e-01 1.200312e-04 1.122055e+00 6.828099e-04
3.300000e+00 5.800000e-01 5.895512e-01 4.674441e-05 1.121789e+00 4.300253e-04
3.350000e+00 5.800000e-01 5.895347e-01 1.829760e-05 1.121623e+00 2.687812e-04
3.400000e+00 5.800000e-01 5.895244e-01 7.592868e-06 1.121520e+00 1.667249e-04
3.450000e+00 5.800000e-01 5.895180e-01 3.686401e-06 1.121457e+00 1.025895e-04
3.500000e+00 5.800000e-01 5.895141e-01 2.304848e-06 1.121419e+00 6.256253e-05
3.550000e+00 5.800000e-01 5.895117e-01 1.832557e-06 1.121395e+00 3.775736e-05
3.600000e+00 5.800000e-01 5.895103e-01 1.677543e-06 1.121381e+00 2.250118e-05
3.650000e+00 5.800000e-01 5.895095e-01 1.629518e-06 1.121373e+00 1.319705e-05
3.700000e+00 5.800000e-01 5.895090e-01 1.616112e-06 1.121368e+00 7.578380e-06
3.750000e+00 5.800000e-01 5.895087e-01 1.613263e-06 1.121366e+00 4.225420e-06
3.800000e+00 5.800000e-01 5.895086e-01 1.613299e-06 1.121364e+00 2.254206e-06
3.850000e+00 5.800000e-01 5.895085e-01 1.613918e-06 1.121363e+00 1.117843e-06
3.900000e+00 5.800000e-01 5.895085e-01 1.614506e-06 1.121363e+00 4.802924e-07
3.950000e+00 5.800000e-01 5.895085e-01 1.614946e-06 1.121363e+00 1.366569e-07
4.000000e+00 5.800000e-01 5.895085e-01 1.615249e-06 1.121363e+00 -3.689319e-08
4.050000e+00 5.800000e-01 5.895085e-01 1.615451e-06 1.121362e+00 -1.144108e-07
4.100000e+00 5.800000e-01 5.895085e-01 1.615584e-06 1.121362e+00 -1.396110e-07
4.150000e+00 5.800000e-01 5.895085e-01 1.615669e-06 1.121362e+00 -1.378762e-07
4.200000e+00 5.800000e-01 5.895085e-01 1.615725e-06 1.121363e+00 -1.236214e-07
4.250000e+00 5.800000e-01 5.895085e-01 1.615759e-06 1.121363e+00 -1.047794e-07
4.300000e+00 5.800000e-01 5.895085e-01 1.615781e-06 1.121363e+00 -8.551009e-08
4.350000e+00 5.800000e-01 5.895085e-01 1.615795e-06 1.121363e+00 -6.782003e-08
4.400000e+00 5.800000e-01 5.895085e-01 1.615803e-06 1.121363e+00 -5.252085e-08
4.450000e+00 5.800000e-01 5.895085e-01 1.615807e-06 1.121363e+00 -3.978729e-08
4.500000e+00 5.800000e-01 5.895085e-01 1.615810e-06 1.121363e+00 -2.947683e-08
4.550000e+00 5.800000e-01 5.895085e-01 1.615811e-06 1.121363e+00 -2.130823e-08
4.600000e+00 5.800000e-01 5.895085e-01 1.615811e-06 1.121363e+00 -1.495788e-08
4.650000e+00 5.800000e-01 5.895085e-01 1.615811e-06 1.121363e+00 -1.010906e-08
4.700000e+00 5.800000e-01 5.895085e-01 1.615811e-06 1.121363e+00 -6.474792e-09
4.750000e+00 5.800000e-01 5.895085e-01 1.615811e-06 1.121363e+00 -3.806317e-09
4.800000e+00 5.800000e-01 5.895085e-01 1.615810e-06 1.121363e+00 -1.894100e-09
4.850000e+00 5.800000e-01 5.895085e-01 1.615810e-06 1.121363e+00 -5.652079e-10
4.900000e+00 5.800000e-01 5.895085e-01 1.615810e-06 1.121363e+00 3.208078e-10
4.950000e+00 5.800000e-01 5.895085e-01 1.615809e-06 1.121363e+00 8.764633e-10
5.000000e+00 5.800000e-01 5.895085e-01 1.615809e-06 1.121363e+00 1.190748e-09
5.050000e+00 5.800000e-01 5.895085e-01 1.615809e-06 1.121363e+00 1.333109e-09
5.100000e+00 5.800000e-01 5.895085e-01 1.615809e-06 1.121363e+00 1.356981e-09
5.150000e+00 5.800000e-01 5.895085e-01 1.615809e-06 1.121363e+00 1.302825e-09
5.200000e+00 5.800000e-01 5.895085e-01 1.615809e-06 1.121363e+00 1.200695e-09
5.250000e+00 5.800000e-01 5.895085e-01 1.615809e-06 1.121363e+00 1.072408e-09
5.300000e+00 5.800000e-01 5.895085e-01 1.615809e-06 1.121363e+00 9.333367e-10
5.350000e+00 5.800000e-01 5.895085e-01 1.615809e-06 1.121363e+00 7.938916e-10
5.400000e+00 5.800000e-01 5.895085e-01 1.615809e-06 1.121363e+00 6.607093e-10
5.450000e+00 5.800000e-01 5.895085e-01 1.615809e-06 1.121363e+00 5.376133e-10
5.500000e+00 5.800000e-01 5.895085e-01 1.615809e-06 1.121363e+00 4.263823e-10
5.550000e+00 5.800000e-01 5.895085e-01 1.615809e-06 1.121363e+00 3.273315e-10
5.600000e+00 5.800000e-01 5.895085e-01 1.615809e-06 1.121363e+00 2.397604e-10
5.650000e+00 5.800000e-01 5.895085e-01 1.615809e-06 1.121363e+00 1.622857e-10
5.700000e+00 5.800000e-01 5.895085e-01 1.615809e-06 1.121363e+00 9.306667e-11
5.750000e+00 5.800000e-01 5.895085e-01 1.615809e-06 1.121363e+00 2.996270e-11
5.800000e+00 5.800000e-01 5.895085e-01 1.615809e-06 1.121363e+00 -2.938316e-11
5.850000e+00 5.800000e-01 5.895085e-01 1.615809e-06 1.121363e+00 -8.752665e-11
5.900000e+00 5.800000e-01 5.895085e-01 1.615809e-06 1.121363e+00 -1.472311e-10
5.950000e+00 5.800000e-01 5.895085e-01 1.615809e-06 1.121363e+00 -2.115341e-10
6.000000e+00 5.800000e-01 5.895085e-01 1.615809e-06 1.121363e+00 -2.838718e-10
6.050000e+00 5.800000e-01 5.895085e-01 1.615809e-06 1.121363e+00 -3.682155e-10
6.100000e+00 5.800000e-01 5.895085e-01 1.615809e-06 1.121363e+00 -4.692779e-10
6.150000e+00 5.800000e-01 5.895085e-01 1.615809e-06 1.121363e+00 -5.928036e-10
6.200000e+00 5.800000e-01 5.895085e-01 1.615809e-06 1.121363e+00 -7.458756e-10
6.250000e+00 5.800000e-01 5.895085e-01 1.615809e-06 1.121363e+00 -9.373680e-10
6.300000e+00 5.800000e-01 5.895085e-01 1.615809e-06 1.121363e+00 -1.178520e-09
6.350000e+00 5.800000e-01 5.895085e-01 1.615809e-06 1.121363e+00 -1.483612e-09
6.400000e+00 5.800000e-01 5.895085e-01 1.615809e-06 1.121363e+00 -1.870891e-09
6.450000e+00 5.800000e-01 5.895085e-01 1.615809e-06 1.121363e+00 -2.363758e-09
6.500000e+00 5.800000e-01 5.895085e-01 1.615809e-06 1.121363e+00 -2.992239e-09
6.550000e+00 5.800000e-01 5.895085e-01 1.615809e-06 1.121363e+00 -3.794931e-09
6.600000e+00 5.800000e-01 5.895085e-01 1.615809e-06 1.121363e+00 -4.821510e-09
6.650000e+00 5.800000e-01 5.895085e-01 1.615809e-06 1.121363e+00 -6.135898e-09
6.700000e+00 5.800000e-01 5.895085e-01 1.615809e-06 1.121363e+00 -7.820418e-09
6.750000e+00 5.800000e-01 5.895085e-01 1.615809e-06 1.121363e+00 -9.981092e-09
6.800000e+00 5.800000e-01 5.895085e-01 1.615808e-06 1.121363e+00 -1.275460e-08
6.850000e+00 5.800000e-01 5.895085e-01 1.615812e-06 1.121363e+00 -1.631672e-08
6.900000e+00 5.800000e-01 5.895085e-01 1.615800e-06 1.121363e+00 -2.089505e-08
6.950000e+00 5.800000e-01 5.895085e-01 1.615838e-06 1.121363e+00 -2.677947e-08
7.000000e+00 5.800000e-01 5.895085e-01 1.615722e-06 1.121363e+00 -3.435395e-08
7.050000e+00 5.800000e-01 5.895085e-01 1.616072e-06 1.121363e+00 -4.408237e-08
7.100000e+00 5.800000e-01 5.895085e-01 1.615052e-06 1.121363e+00 -5.665192e-08
7.150000e+00 5.800000e-01 5.895085e-01 1.617937e-06 1.121363e+00 -7.269762e-08
7.200000e+00 5.800000e-01 5.895085e-01 1.610033e-06 1.121363e+00 -9.371795e-08
7.250000e+00 5.800000e-01 5.895085e-01 1.631006e-06 1.121363e+00 -1.198556e-07
7.300000e+00 5.800000e-01 5.895085e-01 1.577189e-06 1.121363e+00 -1.558386e-07
7.350000e+00 5.800000e-01 5.895086e-01 1.710599e-06 1.121363e+00 -1.966072e-07
7.400000e+00 5.800000e-01 5.895086e-01 1.391596e-06 1.121363e+00 -2.620221e-07
7.450000e+00 5.800000e-01 5.895086e-01 2.126228e-06 1.121363e+00 -3.176100e-07
7.500000e+00 5.800000e-01 5.895086e-01 4.999427e-07 1.121363e+00 -4.502836e-07
7.550000e+00 5.800000e-01 5.895086e-01 3.953500e-06 1.121364e+00 -4.968662e-07
7.600000e+00 5.800000e-01 5.895086e-01 -3.064396e-06 1.121364e+00 -7.979156e-07
7.650000e+00 5.800000e-01 5.895087e-01 1.054266e-05 1.121365e+00 -7.423047e-07
7.700000e+00 5.800000e-01 5.895087e-01 -1.454361e-05 1.121364e+00 -1.440238e-06
7.750000e+00 5.800000e-01 5.895088e-01 2.924918e-05 1.121367e+00 -1.087366e-06
7.800000e+00 5.800000e-01 5.895088e-01 -4.276343e-05 1.121365e+00 -2.523066e-06
7.850000e+00 5.800000e-01 5.895091e-01 6.805177e-05 1.121372e+00 -1.758802e-06
7.900000e+00 5.800000e-01 5.895090e-01 -9.016757e-05 1.121365e+00 -4.010353e-06
7.950000e+00 5.800000e-01 5.895095e-01 1.170379e-04 1.121378e+00 -3.461560e-06
8.000000e+00 5.800000e-01 5.895094e-01 -1.279187e-04 1.121368e+00 -5.638964e-06
8.050000e+00 5.800000e-01 5.895101e-01 1.275693e-04 1.121385e+00 -7.120756e-06
8.100000e+00 5.800000e-01 5.895101e-01 -9.992629e-05 1.121377e+00 -8.012689e-06
8.150000e+00 5.800000e-01 5.895109e-01 6.660574e-05 1.121393e+00 -1.234053e-05
8.200000e+00 5.800000e-01 5.895113e-01 -3.853411e-05 1.121393e+00 -1.431517e-05
8.250000e+00 5.800000e-01 5.895123e-01 6.043078e-05 1.121410e+00 -1.764619e-05
8.300000e+00 5.800000e-01 5.895131e-01 -1.373422e-04 1.121411e+00 -2.711290e-05
8.350000e+00 5.800000e-01 5.895150e-01 2.580897e-04 1.121447e+00 -2.779826e-05
8.400000e+00 5.800000e-01 5.895158e-01 -3.334372e-04 1.121437e+00 -4.160936e-05
8.450000e+00 5.800000e-01 5.895192e-01 2.856373e-04 1.121498e+00 -5.414061e-05
8.500000e+00 5.800000e-01 5.895213e-01 -8.410692e-05 1.121506e+00 -6.058252e-05
8.550000e+00 5.800000e-01 5.895252e-01 -1.266840e-04 1.121561e+00 -8.976046e-05
8.600000e+00 5.800000e-01 5.895302e-01 1.222353e-04 1.121617e+00 -1.129731e-04
8.650000e+00 5.800000e-01 5.895365e-01 2.388506e-04 1.121701e+00 -1.296303e-04
8.700000e+00 5.800000e-01 5.895432e-01 -7.173667e-04 1.121751e+00 -1.925800e-04
8.750000e+00 5.800000e-01 5.895558e-01 7.907770e-04 1.121943e+00 -2.365163e-04
8.800000e+00 5.800000e-01 5.895668e-01 -1.247830e-04 1.122036e+00 -2.800382e-04
8.850000e+00 5.800000e-01 5.895838e-01 -7.591653e-04 1.122246e+00 -4.031090e-04
8.900000e+00 5.800000e-01 5.896072e-01 7.160612e-04 1.122530e+00 -5.073465e-04
8.950000e+00 5.800000e-01 5.896345e-01 7.267240e-04 1.122864e+00 -5.974405e-04
9.000000e+00 5.800000e-01 5.896669e-01 -2.097168e-03 1.123188e+00 -8.394680e-04
9.050000e+00 5.800000e-01 5.897185e-01 1.151276e-03 1.123873e+00 -1.090833e-03
9.100000e+00 5.800000e-01 5.897760e-01 1.824823e-03 1.124520e+00 -1.287477e-03
9.150000e+00 5.800000e-01 5.898472e-01 -2.764919e-03 1.125333e+00 -1.727186e-03
9.200000e+00 5.800000e-01 5.899487e-01 -1.166118e-03 1.126535e+00 -2.337083e-03
9.250000e+00 5.800000e-01 5.900809e-01 5.349069e-03 1.128180e+00 -2.817827e-03
9.300000e+00 5.800000e-01 5.902305e-01 -1.752997e-03 1.129826e+00 -3.570795e-03
9.350000e+00 5.800000e-01 5.904380e-01 -6.886045e-03 1.132287e+00 -4.903229e-03
9.400000e+00 5.800000e-01 5.907208e-01 5.498914e-03 1.135669e+00 -6.257156e-03
9.450000e+00 5.800000e-01 5.910637e-01 8.910582e-03 1.139739e+00 -7.649739e-03
9.500000e+00 5.800000e-01 5.914858e-01 -1.211605e-02 1.144543e+00 -1.014338e-02
9.550000e+00 5.800000e-01 5.920781e-01 -9.964886e-03 1.151523e+00 -1.372118e-02
9.600000e+00 5.800000e-01 5.928579e-01 2.100197e-02 1.160684e+00 -1.736611e-02
9.650000e+00 5.800000e-01 5.938147e-01 1.110559e-02 1.171908e+00 -2.197819e-02
9.700000e+00 5.800000e-01 5.950557e-01 -3.284765e-02 1.186133e+00 -2.968590e-02
9.750000e+00 5.800000e-01 5.967833e-01 -1.089783e-02 1.205966e+00 -4.020322e-02
9.800000e+00 5.800000e-01 5.990760e-01 4.095132e-02 1.232428e+00 -5.256453e-02
9.850000e+00 5.800000e-01 6.020397e-01 1.015987e-02 1.266740e+00 -6.941552e-02
9.900000e+00 5.800000e-01 6.060176e-01 -2.942538e-02 1.312366e+00 -9.407496e-02
9.950000e+00 5.800000e-01 6.114472e-01 -8.387564e-03 1.375049e+00 -1.272640e-01
1.000000e+01 5.800000e-01 6.187440e-01 -1.417317e-02 0.000000e+00 0.000000e+00
0.000000e+00 6.000000e-01 6.477600e-01 1.200000e+00 0.000000e+00 0.000000e+00
5.000000e-02 6.000000e-01 6.481737e-01 1.837456e-02 1.461135e+00 -3.120212e-02
1.000000e-01 6.000000e-01 6.508802e-01 3.948315e+00 1.432779e+00 -1.394318e-02
1.500000e-01 6.000000e-01 6.495680e-01 5.163522e+00 1.365378e+00 7.803758e-02
2.000000e-01 6.000000e-01 6.430765e-01 -3.930034e+00 1.437736e+00 4.603970e-02
2.500000e-01 6.000000e-01 6.449640e-01 -5.388967e+00 1.564808e+00 -1.277482e-01
3.000000e-01 6.000000e-01 6.558513e-01 8.568321e+00 1.468801e+00 -1.061346e-01
3.500000e-01 6.000000e-01 6.555775e-01 1.294194e+01 1.271663e+00 1.439720e-01
4.000000e-01 6.000000e-01 6.414541e-01 -5.385187e+00 1.372977e+00 1.514670e-01
4.500000e-01 6.000000e-01 6.404308e-01 -1.187469e+01 1.626981e+00 -1.629785e-01
5.000000e-01 6.000000e-01 6.577519e-01 8.344650e+00 1.554779e+00 -2.378282e-01
5.500000e-01 6.000000e-01 6.642136e-01 2.194623e+01 1.243093e+00 1.145048e-01
6.000000e-01 6.000000e-01 6.463014e-01 1.440337e+00 1.245274e+00 2.790855e-01
6.500000e-01 6.000000e-01 6.363051e-01 -1.654312e+01 1.583409e+00 -6.801892e-02
7.000000e-01 6.000000e-01 6.531033e-01 8.865538e-01 1.649796e+00 -3.308865e-01
7.500000e-01 6.000000e-01 6.693937e-01 2.470672e+01 1.338172e+00 -4.287580e-02
8.000000e-01 6.000000e-01 6.573909e-01 1.510660e+01 1.149172e+00 3.160304e-01
8.500000e-01 6.000000e-01 6.377907e-01 -1.280707e+01 1.419030e+00 1.325306e-01
9.000000e-01 6.000000e-01 6.441379e-01 -9.457790e+00 1.662593e+00 -2.676346e-01
9.500000e-01 6.000000e-01 6.645542e-01 1.593939e+01 1.509125e+00 -2.217381e-01
1.000000e+00 6.000000e-01 6.663117e-01 2.366210e+01 1.215346e+00 1.739292e-01
1.050000e+00 6.000000e-01 6.471612e-01 1.252409e+00 1.245872e+00 2.722668e-01
1.100000e+00 6.000000e-01 6.390850e-01 -1.273610e+01 1.533366e+00 -5.115773e-02
1.150000e+00 6.000000e-01 6.522770e-01 1.425221e+00 1.610135e+00 -2.481314e-01
1.200000e+00 6.000000e-01 6.638981e-01 1.803300e+01 1.408968e+00 -4.247541e-02
1.250000e+00 6.000000e-01 6.565246e-01 1.323186e+01 1.244116e+00 2.117809e-01
1.300000e+00 6.000000e-01 6.427200e-01 -4.066969e+00 1.354397e+00 1.381653e-01
1.350000e+00 6.000000e-01 6.427080e-01 -6.663540e+00 1.537865e+00 -1.004701e-01
1.400000e+00 6.000000e-01 6.527671e-01 5.005224e+00 1.532554e+00 -1.359099e-01
1.450000e+00 6.000000e-01 6.562990e-01 1.194505e+01 1.385625e+00 4.017127e-02
1.500000e+00 6.000000e-01 6.487499e-01 5.724873e+00 1.312856e+00 1.476360e-01
1.550000e+00 6.000000e-01 6.415354e-01 -3.085257e+00 1.392508e+00 5.647097e-02
1.600000e+00 6.000000e-01 6.431028e-01 -2.585614e+00 1.482521e+00 -6.732037e-02
1.650000e+00 6.000000e-01 6.482674e-01 3.628365e+00 1.465724e+00 -5.520693e-02
1.700000e+00 6.000000e-01 6.486235e-01 6.207801e+00 1.385225e+00 4.445024e-02
1.750000e+00 6.000000e-01 6.438224e-01 2.825039e+00 1.345894e+00 8.614453e-02
1.800000e+00 6.000000e-01 6.400091e-01 -1.043129e+00 1.375822e+00 3.320130e-02
1.850000e+00 6.000000e-01 6.405023e-01 -8.589700e-01 1.413949e+00 -2.546766e-02
1.900000e+00 6.000000e-01 6.425558e-01 1.758655e+00 1.408565e+00 -1.860230e-02
1.950000e+00 6.000000e-01 6.423625e-01 3.066155e+00 1.370496e+00 2.895352e-02
2.000000e+00 6.000000e-01 6.396605e-01 1.989692e+00 1.340217e+00 5.371415e-02
2.050000e+00 6.000000e-01 6.369911e-01 3.433266e-01 1.337053e+00 3.558661e-02
2.100000e+00 6.000000e-01 6.361018e-01 -5.509845e-02 1.346814e+00 6.580851e-03
2.150000e+00 6.000000e-01 6.363330e-01 7.200309e-01 1.347244e+00 6.155026e-04
2.200000e+00 6.000000e-01 6.360403e-01 1.491484e+00 1.331565e+00 1.832418e-02
2.250000e+00 6.000000e-01 6.345006e-01 1.522876e+00 1.308565e+00 3.748885e-02
2.300000e+00 6.000000e-01 6.322914e-01 1.005067e+00 1.289603e+00 4.136771e-02
2.350000e+00 6.000000e-01 6.303638e-01 5.238461e-01 1.278795e+00 3.173798e-02
2.400000e+00 6.000000e-01 6.291176e-01 4.136119e-01 1.272631e+00 2.102396e-02
2.450000e+00 6.000000e-01 6.282614e-01 5.972894e-01 1.265273e+00 1.862286e-02
2.500000e+00 6.000000e-01 6.272553e-01 8.208136e-01 1.253144e+00 2.502112e-02
2.550000e+00 6.000000e-01 6.257593e-01 9.055005e-01 1.236092e+00 3.476584e-02
2.600000e+00 6.000000e-01 6.237787e-01 8.244984e-01 1.216187e+00 4.207424e-02
2.650000e+00 6.000000e-01 6.215519e-01 6.451241e-01 1.196043e+00 4.411797e-02
2.700000e+00 6.000000e-01 6.193669e-01 4.475951e-01 1.177721e+00 4.114605e-02
2.750000e+00 6.000000e-01 6.174373e-01 2.818824e-01 1.162358e+00 3.501796e-02
2.800000e+00 6.000000e-01 6.158651e-01 1.639754e-01 1.150264e+00 2.776380e-02
2.850000e+00 6.000000e-01 6.146609e-01 8.926831e-02 1.141207e+00 2.083857e-02
2.900000e+00 6.000000e-01 6.137813e-01 4.592655e-02 1.134690e+00 1.499134e-02
2.950000e+00 6.000000e-01 6.131618e-01 2.249247e-02 1.130149e+00 1.043615e-02
3.000000e+00 6.000000e-01 6.127377e-01 1.054351e-02 1.127066e+00 7.081880e-03
3.050000e+00 6.000000e-01 6.124536e-01 4.750446e-03 1.125016e+00 4.710738e-03
3.100000e+00 6.000000e-01 6.122666e-01 2.064489e-03 1.123677e+00 3.084514e-03
3.150000e+00 6.000000e-01 6.121451e-01 8.685407e-04 1.122814e+00 1.994290e-03
3.200000e+00 6.000000e-01 6.120672e-01 3.555955e-04 1.122265e+00 1.276014e-03
3.250000e+00 6.000000e-01 6.120175e-01 1.432019e-04 1.121919e+00 8.091668e-04
3.300000e+00 6.000000e-01 6.119862e-01 5.816642e-05 1.121702e+00 5.090156e-04
3.350000e+00 6.000000e-01 6.119666e-01 2.521791e-05 1.121568e+00 3.177723e-04
3.400000e+00 6.000000e-01 6.119545e-01 1.286241e-05 1.121486e+00 1.968731e-04
3.450000e+00 6.000000e-01 6.119469e-01 8.384708e-06 1.121436e+00 1.209918e-04
3.500000e+00 6.000000e-01 6.119424e-01 6.823168e-06 1.121405e+00 7.369669e-05
3.550000e+00 6.000000e-01 6.119396e-01 6.304748e-06 1.121387e+00 4.442779e-05
3.600000e+00 6.000000e-01 6.119379e-01 6.145314e-06 1.121376e+00 2.645207e-05
3.650000e+00 6.000000e-01 6.119369e-01 6.103433e-06 1.121370e+00 1.550565e-05
3.700000e+00 6.000000e-01 6.119364e-01 6.097152e-06 1.121367e+00 8.905199e-06
3.750000e+00 6.000000e-01 6.119360e-01 6.100013e-06 1.121365e+00 4.972219e-06
3.800000e+00 6.000000e-01 6.119359e-01 6.104135e-06 1.121364e+00 2.663187e-06
3.850000e+00 6.000000e-01 6.119358e-01 6.107544e-06 1.121363e+00 1.333509e-06
3.900000e+00 6.000000e-01 6.119357e-01 6.109994e-06 1.121363e+00 5.878019e-07
3.950000e+00 6.000000e-01 6.119357e-01 6.111663e-06 1.121363e+00 1.854517e-07
4.000000e+00 6.000000e-01 6.119357e-01 6.112771e-06 1.121363e+00 -1.864308e-08
4.050000e+00 6.000000e-01 6.119357e-01 6.113497e-06 1.121363e+00 -1.110416e-07
4.100000e+00 6.000000e-01 6.119357e-01 6.113969e-06 1.121363e+00 -1.426971e-07
4.150000e+00 6.000000e-01 6.119357e-01 6.114273e-06 1.121363e+00 -1.430985e-07
4.200000e+00 6.000000e-01 6.119357e-01 6.114467e-06 1.121363e+00 -1.289302e-07
4.250000e+00 6.000000e-01 6.119357e-01 6.114590e-06 1.121363e+00 -1.093342e-07
4.300000e+00 6.000000e-01 6.119358e-01 6.114667e-06 1.121363e+00 -8.908034e-08
4.350000e+00 6.000000e-01 6.119358e-01 6.114714e-06 1.121363e+00 -7.045659e-08
4.400000e+00 6.000000e-01 6.119358e-01 6.114742e-06 1.121363e+00 -5.438210e-08
4.450000e+00 6.000000e-01 6.119358e-01 6.114758e-06 1.121363e+00 -4.105300e-08
4.500000e+00 6.000000e-01 6.119358e-01 6.114766e-06 1.121363e+00 -3.030969e-08
4.550000e+00 6.000000e-01 6.119358e-01 6.114770e-06 1.121363e+00 -2.184033e-08
4.600000e+00 6.000000e-01 6.119358e-01 6.114771e-06 1.121363e+00 -1.528937e-08
4.650000e+00 6.000000e-01 6.119358e-01 6.114771e-06 1.121363e+00 -1.031211e-08
4.700000e+00 6.000000e-01 6.119358e-01 6.114771e-06 1.121363e+00 -6.599188e-09
4.750000e+00 6.000000e-01 6.119358e-01 6.114769e-06 1.121363e+00 -3.884970e-09
4.800000e+00 6.000000e-01 6.119358e-01 6.114768e-06 1.121363e+00 -1.947806e-09
4.850000e+00 6.000000e-01 6.119358e-01 6.114767e-06 1.121363e+00 -6.064127e-10
4.900000e+00 6.000000e-01 6.119358e-01 6.114766e-06 1.121363e+00 2.851874e-10
4.950000e+00 6.000000e-01 6.119358e-01 6.114765e-06 1.121363e+00 8.429957e-10
5.000000e+00 6.000000e-01 6.119358e-01 6.114764e-06 1.121363e+00 1.158074e-09
5.050000e+00 6.000000e-01 6.119358e-01 6.114764e-06 1.121363e+00 1.301007e-09
5.100000e+00 6.000000e-01 6.119358e-01 6.114763e-06 1.121363e+00 1.325772e-09
5.150000e+00 6.000000e-01 6.119358e-01 6.114763e-06 1.121363e+00 1.273006e-09
5.200000e+00 6.000000e-01 6.119358e-01 6.114763e-06 1.121363e+00 1.172733e-09
5.250000e+00 6.000000e-01 6.119358e-01 6.114763e-06 1.121363e+00 1.046647e-09
5.300000e+00 6.000000e-01 6.119358e-01 6.114763e-06 1.121363e+00 9.099643e-10
5.350000e+00 6.000000e-01 6.119358e-01 6.114762e-06 1.121363e+00 7.729195e-10
5.400000e+00 6.000000e-01 6.119358e-01 6.114762e-06 1.121363e+00 6.420076e-10
5.450000e+00 6.000000e-01 6.119358e-01 6.114762e-06 1.121363e+00 5.209300e-10
5.500000e+00 6.000000e-01 6.119358e-01 6.114762e-06 1.121363e+00 4.113543e-10
5.550000e+00 6.000000e-01 6.119358e-01 6.114762e-06 1.121363e+00 3.135103e-10
5.600000e+00 6.000000e-01 6.119358e-01 6.114762e-06 1.121363e+00 2.266154e-10
5.650000e+00 6.000000e-01 6.119358e-01 6.114762e-06 1.121363e+00 1.492007e-10
5.700000e+00 6.000000e-01 6.119358e-01 6.114762e-06 1.121363e+00 7.933099e-11
5.750000e+00 6.000000e-01 6.119358e-01 6.114762e-06 1.121363e+00 1.474709e-11
5.800000e+00 6.000000e-01 6.119358e-01 6.114762e-06 1.121363e+00 -4.706902e-11
5.850000e+00 6.000000e-01 6.119358e-01 6.114762e-06 1.121363e+00 -1.088818e-10
5.900000e+00 6.000000e-01 6.119358e-01 6.114762e-06 1.121363e+00 -1.737310e-10
5.950000e+00 6.000000e-01 6.119358e-01 6.114762e-06 1.121363e+00 -2.450218e-10
6.000000e+00 6.000000e-01 6.119358e-01 6.114762e-06 1.121363e+00 -3.266787e-10
6.050000e+00 6.000000e-01 6.119358e-01 6.114762e-06 1.121363e+00 -4.233114e-10
6.100000e+00 6.000000e-01 6.119358e-01 6.114762e-06 1.121363e+00 -5.404699e-10
6.150000e+00 6.000000e-01 6.119358e-01 6.114762e-06 1.121363e+00 -6.849865e-10
6.200000e+00 6.000000e-01 6.119358e-01 6.114762e-06 1.121363e+00 -8.653611e-10
6.250000e+00 6.000000e-01 6.119358e-01 6.114762e-06 1.121363e+00 -1.092308e-09
6.300000e+00 6.000000e-01 6.119358e-01 6.114762e-06 1.121363e+00 -1.379444e-09
6.350000e+00 6.000000e-01 6.119358e-01 6.114762e-06 1.121363e+00 -1.744134e-09
6.400000e+00 6.000000e-01 6.119358e-01 6.114762e-06 1.121363e+00 -2.208614e-09
6.450000e+00 6.000000e-01 6.119358e-01 6.114763e-06 1.121363e+00 -2.801447e-09
6.500000e+00 6.000000e-01 6.119358e-01 6.114763e-06 1.121363e+00 -3.559322e-09
6.550000e+00 6.000000e-01 6.119358e-01 6.114763e-06 1.121363e+00 -4.529457e-09
6.600000e+00 6.000000e-01 6.119358e-01 6.114763e-06 1.121363e+00 -5.772667e-09
6.650000e+00 6.000000e-01 6.119358e-01 6.114763e-06 1.121363e+00 -7.367257e-09
6.700000e+00 6.000000e-01 6.119358e-01 6.114763e-06 1.121363e+00 -9.414142e-09
6.750000e+00 6.000000e-01 6.119358e-01 6.114764e-06 1.121363e+00 -1.204331e-08
6.800000e+00 6.000000e-01 6.119358e-01 6.114761e-06 1.121363e+00 -1.542251e-08
6.850000e+00 6.000000e-01 6.119358e-01 6.114772e-06 1.121363e+00 -1.976723e-08
6.900000e+00 6.000000e-01 6.119358e-01 6.114740e-06 1.121363e+00 -2.535760e-08
6.950000e+00 6.000000e-01 6.119358e-01 6.114842e-06 1.121363e+00 -3.254731e-08
7.000000e+00 6.000000e-01 6.119358e-01 6.114534e-06 1.121363e+00 -4.181478e-08
7.050000e+00 6.000000e-01 6.119358e-01 6.115455e-06 1.121363e+00 -5.371014e-08
7.100000e+00 6.000000e-01 6.119358e-01 6.112802e-06 1.121363e+00 -6.913323e-08
7.150000e+00 6.000000e-01 6.119358e-01 6.120235e-06 1.121363e+00 -8.871338e-08
7.200000e+00 6.000000e-01 6.119358e-01 6.100072e-06 1.121363e+00 -1.146907e-07
7.250000e+00 6.000000e-01 6.119358e-01 6.153065e-06 1.121363e+00 -1.462249e-07
7.300000e+00 6.000000e-01 6.119358e-01 6.018390e-06 1.121363e+00 -1.916306e-07
7.350000e+00 6.000000e-01 6.119358e-01 6.349055e-06 1.121363e+00 -2.387434e-07
7.400000e+00 6.000000e-01 6.119358e-01 5.565967e-06 1.121363e+00 -3.255776e-07
7.450000e+00 6.000000e-01 6.119358e-01 7.352069e-06 1.121363e+00 -3.798662e-07
7.500000e+00 6.000000e-01 6.119359e-01 3.435955e-06 1.121363e+00 -5.714519e-07
7.550000e+00 6.000000e-01 6.119359e-01 1.167279e-05 1.121364e+00 -5.727705e-07
7.600000e+00 6.000000e-01 6.119359e-01 -4.905977e-06 1.121364e+00 -1.046442e-06
7.650000e+00 6.000000e-01 6.119360e-01 2.693543e-05 1.121365e+00 -7.960851e-07
7.700000e+00 6.000000e-01 6.119360e-01 -3.122060e-05 1.121364e+00 -1.953998e-06
7.750000e+00 6.000000e-01 6.119362e-01 6.937267e-05 1.121368e+00 -1.059294e-06
7.800000e+00 6.000000e-01 6.119361e-01 -9.457461e-05 1.121363e+00 -3.476564e-06
7.850000e+00 6.000000e-01 6.119366e-01 1.555881e-04 1.121374e+00 -1.702090e-06
7.900000e+00 6.000000e-01 6.119363e-01 -1.988519e-04 1.121361e+00 -5.408755e-06
7.950000e+00 6.000000e-01 6.119371e-01 2.623910e-04 1.121382e+00 -3.864040e-06
8.000000e+00 6.000000e-01 6.119367e-01 -2.808147e-04 1.121362e+00 -7.100710e-06
8.050000e+00 6.000000e-01 6.119378e-01 2.865403e-04 1.121390e+00 -8.901852e-06
8.100000e+00 6.000000e-01 6.119376e-01 -2.254372e-04 1.121371e+00 -9.437205e-06
8.150000e+00 6.000000e-01 6.119387e-01 1.660237e-04 1.121396e+00 -1.560350e-05
8.200000e+00 6.000000e-01 6.119391e-01 -1.092302e-04 1.121388e+00 -1.760114e-05
8.250000e+00 6.000000e-01 6.119405e-01 1.675685e-04 1.121412e+00 -2.090211e-05
8.300000e+00 6.000000e-01 6.119412e-01 -3.246681e-04 1.121402e+00 -3.493909e-05
8.350000e+00 6.000000e-01 6.119440e-01 5.763980e-04 1.121454e+00 -3.252200e-05
8.400000e+00 6.000000e-01 6.119445e-01 -7.204262e-04 1.121421e+00 -5.178922e-05
8.450000e+00 6.000000e-01 6.119492e-01 6.322502e-04 1.121504e+00 -6.787957e-05
8.500000e+00 6.000000e-01 6.119512e-01 -2.398297e-04 1.121491e+00 -7.205769e-05
8.550000e+00 6.000000e-01 6.119564e-01 -1.445101e-04 1.121555e+00 -1.118679e-04
8.600000e+00 6.000000e-01 6.119624e-01 1.204222e-04 1.121600e+00 -1.410088e-04
8.650000e+00 6.000000e-01 6.119705e-01 5.821013e-04 1.121697e+00 -1.544286e-04
8.700000e+00 6.000000e-01 6.119779e-01 -1.467299e-03 1.121710e+00 -2.410784e-04
8.750000e+00 6.000000e-01 6.119946e-01 1.597368e-03 1.121940e+00 -2.928754e-04
8.800000e+00 6.000000e-01 6.120072e-01 -3.778384e-04 1.121988e+00 -3.373272e-04
8.850000e+00 6.000000e-01 6.120283e-01 -1.177737e-03 1.122206e+00 -5.011151e-04
8.900000e+00 6.000000e-01 6.120573e-01 1.065097e-03 1.122473e+00 -6.300003e-04
8.950000e+00 6.000000e-01 6.120913e-01 1.488921e-03 1.122814e+00 -7.223978e-04
9.000000e+00 6.000000e-01 6.121295e-01 -3.828727e-03 1.123057e+00 -1.038180e-03
9.050000e+00 6.000000e-01 6.121951e-01 2.198648e-03 1.123789e+00 -1.355010e-03
9.100000e+00 6.000000e-01 6.122650e-01 2.776803e-03 1.124363e+00 -1.569018e-03
9.150000e+00 6.000000e-01 6.123520e-01 -4.257331e-03 1.125136e+00 -2.119827e-03
9.200000e+00 6.000000e-01 6.124770e-01 -2.137411e-03 1.126261e+00 -2.900783e-03
9.250000e+00 6.000000e-01 6.126421e-01 8.743886e-03 1.127914e+00 -3.459728e-03
9.300000e+00 6.000000e-01 6.128230e-01 -3.048986e-03 1.129373e+00 -4.367606e-03
9.350000e+00 6.000000e-01 6.130789e-01 -1.006032e-02 1.131756e+00 -6.050202e-03
9.400000e+00 6.000000e-01 6.134280e-01 7.728729e-03 1.134965e+00 -7.719618e-03
9.450000e+00 6.000000e-01 6.138508e-01 1.327481e-02 1.138888e+00 -9.377578e-03
9.500000e+00 6.000000e-01 6.143657e-01 -1.700311e-02 1.143334e+00 -1.243840e-02
9.550000e+00 6.000000e-01 6.150947e-01 -1.403945e-02 1.150000e+00 -1.687207e-02
9.600000e+00 6.000000e-01 6.160530e-01 2.690205e-02 1.158590e+00 -2.134486e-02
9.650000e+00 6.000000e-01 6.172292e-01 1.722947e-02 1.169273e+00 -2.693254e-02
9.700000e+00 6.000000e-01 6.187462e-01 -4.065303e-02 1.182576e+00 -3.628532e-02
9.750000e+00 6.000000e-01 6.208577e-01 -1.901452e-02 1.201026e+00 -4.916443e-02
9.800000e+00 6.000000e-01 6.236627e-01 4.819149e-02 1.225522e+00 -6.435527e-02
9.850000e+00 6.000000e-01 6.272932e-01 2.035929e-02 1.257661e+00 -8.492167e-02
9.900000e+00 6.000000e-01 6.321548e-01 -3.313061e-02 1.300085e+00 -1.150670e-01
9.950000e+00 6.000000e-01 6.387999e-01 -1.254006e-02 1.358472e+00 -1.560518e-01
1.000000e+01 6.000000e-01 6.477600e-01 -1.813439e-02 0.000000e+00 0.000000e+00
0.000000e+00 6.200000e-01 6.762960e-01 1.440000e+00 0.000000e+00 0.000000e+00
5.000000e-02 6.200000e-01 6.771218e-01 1.305411e+00 1.426297e+00 -2.665814e-02
1.000000e-01 6.200000e-01 6.789618e-01 4.392716e+00 1.377930e+00 5.930349e-03
1.500000e-01 6.200000e-01 6.765288e-01 2.099961e+00 1.347394e+00 6.786129e-02
2.000000e-01 6.200000e-01 6.721757e-01 -4.380040e+00 1.464468e+00 3.246864e-03
2.500000e-01 6.200000e-01 6.762041e-01 1.671209e-02 1.526299e+00 -1.182212e-01
3.000000e-01 6.200000e-01 6.839978e-01 1.028771e+01 1.348644e+00 -3.869530e-02
3.500000e-01 6.200000e-01 6.800736e-01 5.489039e+00 1.226147e+00 1.443858e-01
4.000000e-01 6.200000e-01 6.695592e-01 -8.927769e+00 1.443838e+00 6.732315e-02
4.500000e-01 6.200000e-01 6.733413e-01 -4.127810e+00 1.613563e+00 -1.766813e-01
5.000000e-01 6.200000e-01 6.872274e-01 1.312833e+01 1.381499e+00 -1.372111e-01
5.500000e-01 6.200000e-01 6.870624e-01 1.288149e+01 1.112077e+00 1.582534e-01
6.000000e-01 6.200000e-01 6.714020e-01 -8.138477e+00 1.311158e+00 1.816802e-01
6.500000e-01 6.200000e-01 6.688944e-01 -1.066323e+01 1.630340e+00 -1.346376e-01
7.000000e-01 6.200000e-01 6.848658e-01 9.309019e+00 1.488873e+00 -2.442618e-01
7.500000e-01 6.200000e-01 6.933206e-01 1.958573e+01 1.109877e+00 5.656896e-02
8.000000e-01 6.200000e-01 6.792089e-01 1.126441e+00 1.120900e+00 2.620165e-01
8.500000e-01 6.200000e-01 6.671189e-01 -1.421976e+01 1.509968e+00 1.971536e-02
9.000000e-01 6.200000e-01 6.772373e-01 -2.798735e-01 1.594149e+00 -2.517777e-01
9.500000e-01 6.200000e-01 6.922967e-01 1.816237e+01 1.270405e+00 -1.095098e-01
1.000000e+00 6.200000e-01 6.881883e-01 1.330437e+01 1.052293e+00 2.034369e-01
1.050000e+00 6.200000e-01 6.719530e-01 -7.933988e+00 1.285162e+00 1.781832e-01
1.100000e+00 6.200000e-01 6.703700e-01 -8.957099e+00 1.565904e+00 -1.153876e-01
1.150000e+00 6.200000e-01 6.834918e-01 8.214108e+00 1.474818e+00 -1.945490e-01
1.200000e+00 6.200000e-01 6.898249e-01 1.675951e+01 1.204121e+00 3.491643e-02
1.250000e+00 6.200000e-01 6.800001e-01 4.979268e+00 1.160600e+00 1.985380e-01
1.300000e+00 6.200000e-01 6.699711e-01 -7.798110e+00 1.389476e+00 6.370550e-02
1.350000e+00 6.200000e-01 6.736296e-01 -2.582389e+00 1.525701e+00 -1.250721e-01
1.400000e+00 6.200000e-01 6.824783e-01 9.220687e+00 1.414130e+00 -8.956430e-02
1.450000e+00 6.200000e-01 6.825860e-01 1.080731e+01 1.254231e+00 8.201809e-02
1.500000e+00 6.200000e-01 6.742765e-01 1.553004e+00 1.266695e+00 1.313017e-01
1.550000e+00 6.200000e-01 6.694558e-01 -4.265595e+00 1.404432e+00 1.522903e-02
1.600000e+00 6.200000e-01 6.727536e-01 -3.492348e-02 1.464355e+00 -7.576537e-02
1.650000e+00 6.200000e-01 6.770324e-01 6.080196e+00 1.394458e+00 -2.812112e-02
1.700000e+00 6.200000e-01 6.755657e-01 6.127122e+00 1.309208e+00 6.734917e-02
1.750000e+00 6.200000e-01 6.702974e-01 1.337190e+00 1.310275e+00 8.109475e-02
1.800000e+00 6.200000e-01 6.674562e-01 -1.509156e+00 1.370687e+00 1.564692e-02
1.850000e+00 6.200000e-01 6.687327e-01 1.951976e-01 1.401258e+00 -3.004415e-02
1.900000e+00 6.200000e-01 6.704607e-01 3.040371e+00 1.372603e+00 -6.393301e-03
1.950000e+00 6.200000e-01 6.693721e-01 3.525886e+00 1.326336e+00 4.320114e-02
2.000000e+00 6.200000e-01 6.661405e-01 1.745929e+00 1.308286e+00 5.807642e-02
2.050000e+00 6.200000e-01 6.635644e-01 1.372331e-01 1.320838e+00 3.200999e-02
2.100000e+00 6.200000e-01 6.629395e-01 1.884597e-01 1.334859e+00 4.292224e-03
2.150000e+00 6.200000e-01 6.631352e-01 1.240193e+00 1.329066e+00 4.816777e-03
2.200000e+00 6.200000e-01 6.624579e-01 1.936264e+00 1.306586e+00 2.697906e-02
2.250000e+00 6.200000e-01 6.604373e-01 1.733400e+00 1.282907e+00 4.573313e-02
2.300000e+00 6.200000e-01 6.578845e-01 1.056496e+00 1.268621e+00 4.645382e-02
2.350000e+00 6.200000e-01 6.557919e-01 5.675187e-01 1.263165e+00 3.432883e-02
2.400000e+00 6.200000e-01 6.544517e-01 5.347926e-01 1.259595e+00 2.343276e-02
2.450000e+00 6.200000e-01 6.534487e-01 7.882384e-01 1.251888e+00 2.265297e-02
2.500000e+00 6.200000e-01 6.521864e-01 1.030372e+00 1.238270e+00 3.109020e-02
2.550000e+00 6.200000e-01 6.503396e-01 1.089041e+00 1.220370e+00 4.222528e-02
2.600000e+00 6.200000e-01 6.479638e-01 9.622633e-01 1.201021e+00 4.990557e-02
2.650000e+00 6.200000e-01 6.453491e-01 7.375708e-01 1.182664e+00 5.144468e-02
2.700000e+00 6.200000e-01 6.428194e-01 5.045859e-01 1.166774e+00 4.743588e-02
2.750000e+00 6.200000e-01 6.406055e-01 3.147453e-01 1.153920e+00 4.007230e-02
2.800000e+00 6.200000e-01 6.388121e-01 1.819138e-01 1.144054e+00 3.161873e-02
2.850000e+00 6.200000e-01 6.374436e-01 9.861081e-02 1.136796e+00 2.365749e-02
2.900000e+00 6.200000e-01 6.364464e-01 5.059375e-02 1.131639e+00 1.698293e-02
2.950000e+00 6.200000e-01 6.357453e-01 2.473793e-02 1.128081e+00 1.180392e-02
3.000000e+00 6.200000e-01 6.352660e-01 1.158817e-02 1.125686e+00 7.999506e-03
3.050000e+00 6.200000e-01 6.349454e-01 5.223409e-03 1.124106e+00 5.314578e-03
3.100000e+00 6.200000e-01 6.347345e-01 2.275676e-03 1.123083e+00 3.475552e-03
3.150000e+00 6.200000e-01 6.345978e-01 9.643948e-04 1.122430e+00 2.244153e-03
3.200000e+00 6.200000e-01 6.345101e-01 4.026062e-04 1.122018e+00 1.433862e-03
3.250000e+00 6.200000e-01 6.344544e-01 1.703979e-04 1.121761e+00 9.078961e-04
3.300000e+00 6.200000e-01 6.344193e-01 7.772548e-05 1.121602e+00 5.702088e-04
3.350000e+00 6.200000e-01 6.343974e-01 4.203396e-05 1.121505e+00 3.553708e-04
3.400000e+00 6.200000e-01 6.343838e-01 2.880524e-05 1.121446e+00 2.197715e-04
3.450000e+00 6.200000e-01 6.343754e-01 2.412122e-05 1.121411e+00 1.348072e-04
3.500000e+00 6.200000e-01 6.343703e-01 2.256515e-05 1.121390e+00 8.194542e-05
3.550000e+00 6.200000e-01 6.343672e-01 2.210297e-05 1.121378e+00 4.929393e-05
3.600000e+00 6.200000e-01 6.343654e-01 2.199965e-05 1.121371e+00 2.928183e-05
3.650000e+00 6.200000e-01 6.343643e-01 2.200146e-05 1.121367e+00 1.712242e-05
3.700000e+00 6.200000e-01 6.343637e-01 2.202627e-05 1.121364e+00 9.808404e-06
3.750000e+00 6.200000e-01 6.343633e-01 2.205036e-05 1.121363e+00 5.461956e-06
3.800000e+00 6.200000e-01 6.343631e-01 2.206869e-05 1.121363e+00 2.917834e-06
3.850000e+00 6.200000e-01 6.343630e-01 2.208150e-05 1.121362e+00 1.457726e-06
3.900000e+00 6.200000e-01 6.343630e-01 2.209014e-05 1.121362e+00 6.420242e-07
3.950000e+00 6.200000e-01 6.343630e-01 2.209585e-05 1.121362e+00 2.038777e-07
4.000000e+00 6.200000e-01 6.343630e-01 2.209960e-05 1.121362e+00 -1.717176e-08
4.050000e+00 6.200000e-01 6.343630e-01 2.210204e-05 1.121362e+00 -1.165218e-07
4.100000e+00 6.200000e-01 6.343630e-01 2.210361e-05 1.121362e+00 -1.501039e-07
4.150000e+00 6.200000e-01 6.343630e-01 2.210463e-05 1.121362e+00 -1.501308e-07
4.200000e+00 6.200000e-01 6.343630e-01 2.210527e-05 1.121362e+00 -1.347173e-07
4.250000e+00 6.200000e-01 6.343630e-01 2.210568e-05 1.121362e+00 -1.137104e-07
4.300000e+00 6.200000e-01 6.343630e-01 2.210593e-05 1.121362e+00 -9.219099e-08
4.350000e+00 6.200000e-01 6.343630e-01 2.210609e-05 1.121362e+00 -7.255308e-08
4.400000e+00 6.200000e-01 6.343630e-01 2.210618e-05 1.121362e+00 -5.572297e-08
4.450000e+00 6.200000e-01 6.343630e-01 2.210623e-05 1.121362e+00 -4.186200e-08
4.500000e+00 6.200000e-01 6.343630e-01 2.210626e-05 1.121362e+00 -3.076330e-08
4.550000e+00 6.200000e-01 6.343630e-01 2.210627e-05 1.121362e+00 -2.206914e-08
4.600000e+00 6.200000e-01 6.343630e-01 2.210627e-05 1.121362e+00 -1.538520e-08
4.650000e+00 6.200000e-01 6.343630e-01 2.210627e-05 1.121362e+00 -1.033641e-08
4.700000e+00 6.200000e-01 6.343630e-01 2.210627e-05 1.121362e+00 -6.590937e-09
4.750000e+00 6.200000e-01 6.343630e-01 2.210627e-05 1.121362e+00 -3.867345e-09
4.800000e+00 6.200000e-01 6.343630e-01 2.210626e-05 1.121362e+00 -1.933296e-09
4.850000e+00 6.200000e-01 6.343630e-01 2.210626e-05 1.121362e+00 -6.006329e-10
4.900000e+00 6.200000e-01 6.343630e-01 2.210625e-05 1.121362e+00 2.807765e-10
4.950000e+00 6.200000e-01 6.343630e-01 2.210625e-05 1.121362e+00 8.292411e-10
5.000000e+00 6.200000e-01 6.343630e-01 2.210625e-05 1.121362e+00 1.136916e-09
5.050000e+00 6.200000e-01 6.343630e-01 2.210625e-05 1.121362e+00 1.274728e-09
5.100000e+00 6.200000e-01 6.343630e-01 2.210625e-05 1.121362e+00 1.296558e-09
5.150000e+00 6.200000e-01 6.343630e-01 2.210624e-05 1.121362e+00 1.242718e-09
5.200000e+00 6.200000e-01 6.343630e-01 2.210624e-05 1.121362e+00 1.142827e-09
5.250000e+00 6.200000e-01 6.343630e-01 2.210624e-05 1.121362e+00 1.018164e-09
5.300000e+00 6.200000e-01 6.343630e-01 2.210624e-05 1.121362e+00 8.835610e-10
5.350000e+00 6.200000e-01 6.343630e-01 2.210624e-05 1.121362e+00 7.489276e-10
5.400000e+00 6.200000e-01 6.343630e-01 2.210624e-05 1.121362e+00 6.204970e-10
5.450000e+00 6.200000e-01 6.343630e-01 2.210624e-05 1.121362e+00 5.017609e-10
5.500000e+00 6.200000e-01 6.343630e-01 2.210624e-05 1.121362e+00 3.942280e-10
5.550000e+00 6.200000e-01 6.343630e-01 2.210624e-05 1.121362e+00 2.980038e-10
5.600000e+00 6.200000e-01 6.343630e-01 2.210624e-05 1.121362e+00 2.122025e-10
5.650000e+00 6.200000e-01 6.343630e-01 2.210624e-05 1.121362e+00 1.352629e-10
5.700000e+00 6.200000e-01 6.343630e-01 2.210624e-05 1.121362e+00 6.515233e-11
5.750000e+00 6.200000e-01 6.343630e-01 2.210624e-05 1.121362e+00 -5.062617e-13
5.800000e+00 6.200000e-01 6.343630e-01 2.210624e-05 1.121362e+00 -6.437073e-11
5.850000e+00 6.200000e-01 6.343630e-01 2.210624e-05 1.121362e+00 -1.293987e-10
5.900000e+00 6.200000e-01 6.343630e-01 2.210624e-05 1.121362e+00 -1.988887e-10
5.950000e+00 6.200000e-01 6.343630e-01 2.210624e-05 1.121362e+00 -2.765876e-10
6.000000e+00 6.200000e-01 6.343630e-01 2.210624e-05 1.121362e+00 -3.668732e-10
6.050000e+00 6.200000e-01 6.343630e-01 2.210624e-05 1.121362e+00 -4.749467e-10
6.100000e+00 6.200000e-01 6.343630e-01 2.210624e-05 1.121362e+00 -6.071477e-10
6.150000e+00 6.200000e-01 6.343630e-01 2.210624e-05 1.121362e+00 -7.713297e-10
6.200000e+00 6.200000e-01 6.343630e-01 2.210624e-05 1.121362e+00 -9.773193e-10
6.250000e+00 6.200000e-01 6.343630e-01 2.210624e-05 1.121362e+00 -1.237564e-09
6.300000e+00 6.200000e-01 6.343630e-01 2.210624e-05 1.121362e+00 -1.567922e-09
6.350000e+00 6.200000e-01 6.343630e-01 2.210624e-05 1.121362e+00 -1.988665e-09
6.400000e+00 6.200000e-01 6.343630e-01 2.210624e-05 1.121362e+00 -2.525790e-09
6.450000e+00 6.200000e-01 6.343630e-01 2.210624e-05 1.121362e+00 -3.212720e-09
6.500000e+00 6.200000e-01 6.343630e-01 2.210624e-05 1.121362e+00 -4.092437e-09
6.550000e+00 6.200000e-01 6.343630e-01 2.210624e-05 1.121362e+00 -5.220286e-09
6.600000e+00 6.200000e-01 6.343630e-01 2.210624e-05 1.121362e+00 -6.667598e-09
6.650000e+00 6.200000e-01 6.343630e-01 2.210625e-05 1.121362e+00 -8.526243e-09
6.700000e+00 6.200000e-01 6.343630e-01 2.210625e-05 1.121362e+00 -1.091469e-08
6.750000e+00 6.200000e-01 6.343630e-01 2.210625e-05 1.121362e+00 -1.398551e-08
6.800000e+00 6.200000e-01 6.343630e-01 2.210624e-05 1.121362e+00 -1.793589e-08
6.850000e+00 6.200000e-01 6.343630e-01 2.210627e-05 1.121362e+00 -2.301847e-08
6.900000e+00 6.200000e-01 6.343630e-01 2.210619e-05 1.121362e+00 -2.956402e-08
6.950000e+00 6.200000e-01 6.343630e-01 2.210645e-05 1.121363e+00 -3.798332e-08
7.000000e+00 6.200000e-01 6.343630e-01 2.210567e-05 1.121363e+00 -4.885321e-08
7.050000e+00 6.200000e-01 6.343630e-01 2.210797e-05 1.121363e+00 -6.277889e-08
7.100000e+00 6.200000e-01 6.343630e-01 2.210144e-05 1.121363e+00 -8.093426e-08
7.150000e+00 6.200000e-01 6.343630e-01 2.211957e-05 1.121363e+00 -1.037463e-07
7.200000e+00 6.200000e-01 6.343630e-01 2.207087e-05 1.121363e+00 -1.346685e-07
7.250000e+00 6.200000e-01 6.343631e-01 2.219763e-05 1.121363e+00 -1.706412e-07
7.300000e+00 6.200000e-01 6.343631e-01 2.187863e-05 1.121363e+00 -2.265043e-07
7.350000e+00 6.200000e-01 6.343631e-01 2.265426e-05 1.121363e+00 -2.760295e-07
7.400000e+00 6.200000e-01 6.343631e-01 2.083535e-05 1.121363e+00 -3.909695e-07
7.450000e+00 6.200000e-01 6.343631e-01 2.494351e-05 1.121363e+00 -4.273949e-07
7.500000e+00 6.200000e-01 6.343631e-01 1.602432e-05 1.121363e+00 -7.082089e-07
7.550000e+00 6.200000e-01 6.343632e-01 3.460083e-05 1.121364e+00 -6.021350e-07
7.600000e+00 6.200000e-01 6.343632e-01 -2.424262e-06 1.121363e+00 -1.356988e-06
7.650000e+00 6.200000e-01 6.343633e-01 6.799588e-05 1.121366e+00 -7.186927e-07
7.700000e+00 6.200000e-01 6.343633e-01 -5.938217e-05 1.121362e+00 -2.641904e-06
7.750000e+00 6.200000e-01 6.343636e-01 1.588538e-04 1.121370e+00 -7.358881e-07
7.800000e+00 6.200000e-01 6.343633e-01 -1.935355e-04 1.121359e+00 -4.774433e-06
7.850000e+00 6.200000e-01 6.343641e-01 3.394045e-04 1.121378e+00 -1.174382e-06
7.900000e+00 6.200000e-01 6.343635e-01 -4.095211e-04 1.121355e+00 -7.214056e-06
7.950000e+00 6.200000e-01 6.343648e-01 5.583323e-04 1.121388e+00 -3.861350e-06
8.000000e+00 6.200000e-01 6.343638e-01 -5.763106e-04 1.121354e+00 -8.637724e-06
8.050000e+00 6.200000e-01 6.343656e-01 6.091164e-04 1.121396e+00 -1.073022e-05
8.100000e+00 6.200000e-01 6.343649e-01 -4.725769e-04 1.121363e+00 -1.040592e-05
8.150000e+00 6.200000e-01 6.343667e-01 3.852704e-04 1.121400e+00 -1.903060e-05
8.200000e+00 6.200000e-01 6.343668e-01 -2.686076e-04 1.121381e+00 -2.080605e-05
8.250000e+00 6.200000e-01 6.343688e-01 4.189258e-04 1.121416e+00 -2.311811e-05
8.300000e+00 6.200000e-01 6.343691e-01 -7.132730e-04 1.121388e+00 -4.387207e-05
8.350000e+00 6.200000e-01 6.343732e-01 1.218415e-03 1.121465e+00 -3.546956e-05
8.400000e+00 6.200000e-01 6.343727e-01 -1.466731e-03 1.121397e+00 -6.189361e-05
8.450000e+00 6.200000e-01 6.343793e-01 1.324256e-03 1.121515e+00 -8.200218e-05
8.500000e+00 6.200000e-01 6.343809e-01 -5.950191e-04 1.121469e+00 -8.089813e-05
8.550000e+00 6.200000e-01 6.343874e-01 -4.596662e-05 1.121551e+00 -1.336624e-04
8.600000e+00 6.200000e-01 6.343942e-01 -2.357329e-05 1.121576e+00 -1.695473e-04
8.650000e+00 6.200000e-01 6.344044e-01 1.330385e-03 1.121697e+00 -1.735467e-04
8.700000e+00 6.200000e-01 6.344116e-01 -2.864337e-03 1.121654e+00 -2.901028e-04
8.750000e+00 6.200000e-01 6.344334e-01 3.092678e-03 1.121943e+00 -3.477803e-04
8.800000e+00 6.200000e-01 6.344464e-01 -9.813502e-04 1.121925e+00 -3.860975e-04
8.850000e+00 6.200000e-01 6.344720e-01 -1.566514e-03 1.122163e+00 -5.968552e-04
8.900000e+00 6.200000e-01 6.345061e-01 1.308904e-03 1.122394e+00 -7.508627e-04
8.950000e+00 6.200000e-01 6.345471e-01 2.973234e-03 1.122764e+00 -8.312985e-04
9.000000e+00 6.200000e-01 6.345892e-01 -6.720838e-03 1.122893e+00 -1.229149e-03
9.050000e+00 6.200000e-01 6.346700e-01 4.102996e-03 1.123693e+00 -1.613241e-03
9.100000e+00 6.200000e-01 6.347505e-01 3.705004e-03 1.124164e+00 -1.826365e-03
9.150000e+00 6.200000e-01 6.348526e-01 -5.856031e-03 1.124917e+00 -2.486272e-03
9.200000e+00 6.200000e-01 6.349991e-01 -3.892477e-03 1.125917e+00 -3.448405e-03
9.250000e+00 6.200000e-01 6.351975e-01 1.372350e-02 1.127599e+00 -4.062831e-03
9.300000e+00 6.200000e-01 6.354054e-01 -5.353234e-03 1.128824e+00 -5.107546e-03
9.350000e+00 6.200000e-01 6.357082e-01 -1.321161e-02 1.131144e+00 -7.139926e-03
9.400000e+00 6.200000e-01 6.361194e-01 9.801213e-03 1.134089e+00 -9.109912e-03
9.450000e+00 6.200000e-01 6.366192e-01 1.862593e-02 1.137876e+00 -1.099745e-02
9.500000e+00 6.200000e-01 6.372192e-01 -2.282794e-02 1.141893e+00 -1.458825e-02
9.550000e+00 6.200000e-01 6.380781e-01 -1.705368e-02 1.148214e+00 -1.982323e-02
9.600000e+00 6.200000e-01 6.392015e-01 3.105135e-02 1.156042e+00 -2.507543e-02
9.650000e+00 6.200000e-01 6.405856e-01 2.333941e-02 1.166128e+00 -3.157260e-02
9.700000e+00 6.200000e-01 6.423587e-01 -4.557544e-02 1.178349e+00 -4.238688e-02
9.750000e+00 6.200000e-01 6.448243e-01 -2.574248e-02 1.195237e+00 -5.738168e-02
9.800000e+00 6.200000e-01 6.480969e-01 4.873722e-02 1.217274e+00 -7.521860e-02
9.850000e+00 6.200000e-01 6.523462e-01 3.006965e-02 1.246757e+00 -9.924095e-02
9.900000e+00 6.200000e-01 6.580210e-01 -3.131108e-02 1.285307e+00 -1.343993e-01
9.950000e+00 6.200000e-01 6.657861e-01 -1.496499e-02 1.338453e+00 -1.827499e-01
1.000000e+01 6.200000e-01 6.762960e-01 -1.934068e-02 0.000000e+00 0.000000e+00
0.000000e+00 6.400000e-01 7.042560e-01 1.680000e+00 0.000000e+00 0.000000e+00
5.000000e-02 6.400000e-01 7.052256e-01 2.304022e+00 1.380979e+00 -1.741422e-02
1.000000e-01 6.400000e-01 7.059974e-01 3.426199e+00 1.335094e+00 1.761831e-02
1.500000e-01 6.400000e-01 7.034638e-01 -1.632684e-01 1.351826e+00 4.342267e-02
2.000000e-01 6.400000e-01 7.016552e-01 -1.949348e+00 1.460321e+00 -2.552263e-02
2.500000e-01 6.400000e-01 7.060160e-01 4.374995e+00 1.437913e+00 -8.141880e-02
3.000000e-01 6.400000e-01 7.097970e-01 7.488280e+00 1.261568e+00 1.392643e-02
3.500000e-01 6.400000e-01 7.046234e-01 -1.378997e+00 1.260089e+00 1.058946e-01
4.000000e-01 6.400000e-01 6.992076e-01 -6.431097e+00 1.489501e+00 -3.499329e-03
4.500000e-01 6.400000e-01 7.049733e-01 3.730777e+00 1.512903e+00 -1.380431e-01
5.000000e-01 6.400000e-01 7.130119e-01 1.111782e+01 1.234675e+00 -3.723400e-02
5.500000e-01 6.400000e-01 7.086967e-01 1.130058e+00 1.122835e+00 1.426414e-01
6.000000e-01 6.400000e-01 6.987478e-01 -1.017760e+01 1.413398e+00 7.178032e-02
6.500000e-01 6.400000e-01 7.015187e-01 -9.920116e-01 1.576900e+00 -1.391049e-01
7.000000e-01 6.400000e-01 7.126582e-01 1.163535e+01 1.306349e+00 -1.227013e-01
7.500000e-01 6.400000e-01 7.137888e-01 7.192245e+00 1.032679e+00 1.043133e-01
8.000000e-01 6.400000e-01 7.022269e-01 -8.995487e+00 1.226782e+00 1.559938e-01
8.500000e-01 6.400000e-01 6.981894e-01 -7.921589e+00 1.549420e+00 -5.676893e-02
9.000000e-01 6.400000e-01 7.079038e-01 7.192609e+00 1.447196e+00 -1.718094e-01
9.500000e-01 6.400000e-01 7.153704e-01 1.206254e+01 1.104226e+00 -4.996037e-03
1.000000e+00 6.400000e-01 7.084034e-01 -6.346689e-01 1.060389e+00 1.680266e-01
1.050000e+00 6.400000e-01 6.985677e-01 -1.078560e+01 1.380158e+00 6.682240e-02
1.100000e+00 6.400000e-01 7.017212e-01 -1.263960e+00 1.524652e+00 -1.270203e-01
1.150000e+00 6.400000e-01 7.112697e-01 1.076115e+01 1.307031e+00 -1.034181e-01
1.200000e+00 6.400000e-01 7.120630e-01 8.683506e+00 1.087435e+00 8.321180e-02
1.250000e+00 6.400000e-01 7.029486e-01 -3.993726e+00 1.188679e+00 1.376389e-01
1.300000e+00 6.400000e-01 6.982991e-01 -7.006516e+00 1.431826e+00 -7.875062e-03
1.350000e+00 6.400000e-01 7.037361e-01 2.874918e+00 1.454400e+00 -1.103318e-01
1.400000e+00 6.400000e-01 7.093323e-01 9.970440e+00 1.276653e+00 -2.732191e-02
1.450000e+00 6.400000e-01 7.064683e-01 5.677008e+00 1.172954e+00 9.914525e-02
1.500000e+00 6.400000e-01 6.994177e-01 -2.827023e+00 1.273475e+00 8.755572e-02
1.550000e+00 6.400000e-01 6.977127e-01 -3.242433e+00 1.411855e+00 -2.259298e-02
1.600000e+00 6.400000e-01 7.016770e-01 3.218200e+00 1.407803e+00 -6.333091e-02
1.650000e+00 6.400000e-01 7.040458e-01 7.008997e+00 1.303255e+00 6.852048e-03
1.700000e+00 6.400000e-01 7.009918e-01 4.205834e+00 1.246868e+00 7.812352e-02
1.750000e+00 6.400000e-01 6.962334e-01 -5.318312e-01 1.294434e+00 6.155273e-02
1.800000e+00 6.400000e-01 6.948366e-01 -1.199612e+00 1.364072e+00 -3.192018e-03
1.850000e+00 6.400000e-01 6.965526e-01 1.790310e+00 1.369683e+00 -2.623411e-02
1.900000e+00 6.400000e-01 6.974600e-01 4.070691e+00 1.320076e+00 1.136674e-02
1.950000e+00 6.400000e-01 6.954159e-01 3.377007e+00 1.278279e+00 5.468043e-02
2.000000e+00 6.400000e-01 6.919919e-01 1.160748e+00 1.279875e+00 5.591321e-02
2.050000e+00 6.400000e-01 6.898246e-01 2.240336e-02 1.305334e+00 2.495750e-02
2.100000e+00 6.400000e-01 6.894962e-01 6.754390e-01 1.317149e+00 3.289569e-03
2.150000e+00 6.400000e-01 6.894957e-01 1.874012e+00 1.302217e+00 1.192446e-02
2.200000e+00 6.400000e-01 6.883037e-01 2.319876e+00 1.274673e+00 3.678801e-02
2.250000e+00 6.400000e-01 6.858169e-01 1.820420e+00 1.253647e+00 5.267489e-02
2.300000e+00 6.400000e-01 6.830362e-01 1.033183e+00 1.246049e+00 4.926424e-02
2.350000e+00 6.400000e-01 6.808904e-01 6.133591e-01 1.245954e+00 3.534852e-02
2.400000e+00 6.400000e-01 6.795014e-01 6.982001e-01 1.243992e+00 2.553476e-02
2.450000e+00 6.400000e-01 6.783370e-01 1.016403e+00 1.235129e+00 2.715299e-02
2.500000e+00 6.400000e-01 6.767861e-01 1.251766e+00 1.219876e+00 3.762829e-02
2.550000e+00 6.400000e-01 6.745741e-01 1.262031e+00 1.201527e+00 4.966529e-02
2.600000e+00 6.400000e-01 6.718196e-01 1.078977e+00 1.183365e+00 5.715682e-02
2.650000e+00 6.400000e-01 6.688585e-01 8.085381e-01 1.167422e+00 5.781695e-02
2.700000e+00 6.400000e-01 6.660379e-01 5.446432e-01 1.154481e+00 5.264361e-02
2.750000e+00 6.400000e-01 6.635941e-01 3.361753e-01 1.144529e+00 4.410564e-02
2.800000e+00 6.400000e-01 6.616273e-01 1.929307e-01 1.137178e+00 3.461345e-02
2.850000e+00 6.400000e-01 6.601327e-01 1.040987e-01 1.131922e+00 2.580480e-02
2.900000e+00 6.400000e-01 6.590468e-01 5.325586e-02 1.128270e+00 1.847737e-02
2.950000e+00 6.400000e-01 6.582850e-01 2.600172e-02 1.125797e+00 1.281745e-02
3.000000e+00 6.400000e-01 6.577651e-01 1.218149e-02 1.124161e+00 8.671625e-03
3.050000e+00 6.400000e-01 6.574178e-01 5.506022e-03 1.123101e+00 5.751742e-03
3.100000e+00 6.400000e-01 6.571899e-01 2.419924e-03 1.122427e+00 3.755190e-03
3.150000e+00 6.400000e-01 6.570423e-01 1.050001e-03 1.122005e+00 2.420467e-03
3.200000e+00 6.400000e-01 6.569479e-01 4.649983e-04 1.121745e+00 1.543630e-03
3.250000e+00 6.400000e-01 6.568880e-01 2.245654e-04 1.121586e+00 9.754558e-04
3.300000e+00 6.400000e-01 6.568503e-01 1.296086e-04 1.121491e+00 6.113411e-04
3.350000e+00 6.400000e-01 6.568268e-01 9.375702e-05 1.121435e+00 3.801423e-04
3.400000e+00 6.400000e-01 6.568123e-01 8.098229e-05 1.121402e+00 2.345181e-04
3.450000e+00 6.400000e-01 6.568034e-01 7.682337e-05 1.121383e+00 1.434724e-04
3.500000e+00 6.400000e-01 6.567980e-01 7.570207e-05 1.121372e+00 8.695948e-05
3.550000e+00 6.400000e-01 6.567947e-01 7.556032e-05 1.121367e+00 5.214070e-05
3.600000e+00 6.400000e-01 6.567927e-01 7.568075e-05 1.121364e+00 3.085900e-05
3.650000e+00 6.400000e-01 6.567916e-01 7.583449e-05 1.121362e+00 1.796766e-05
3.700000e+00 6.400000e-01 6.567909e-01 7.596087e-05 1.121361e+00 1.024011e-05
3.750000e+00 6.400000e-01 6.567906e-01 7.605227e-05 1.121361e+00 5.666170e-06
3.800000e+00 6.400000e-01 6.567904e-01 7.611496e-05 1.121361e+00 3.001447e-06
3.850000e+00 6.400000e-01 6.567903e-01 7.615688e-05 1.121361e+00 1.480849e-06
3.900000e+00 6.400000e-01 6.567902e-01 7.618456e-05 1.121361e+00 6.375002e-07
3.950000e+00 6.400000e-01 6.567902e-01 7.620269e-05 1.121361e+00 1.889260e-07
4.000000e+00 6.400000e-01 6.567902e-01 7.621450e-05 1.121361e+00 -3.407749e-08
4.050000e+00 6.400000e-01 6.567902e-01 7.622216e-05 1.121362e+00 -1.316546e-07
4.100000e+00 6.400000e-01 6.567902e-01 7.622709e-05 1.121362e+00 -1.621989e-07
4.150000e+00 6.400000e-01 6.567902e-01 7.623025e-05 1.121362e+00 -1.591114e-07
4.200000e+00 6.400000e-01 6.567902e-01 7.623226e-05 1.121362e+00 -1.410075e-07
4.250000e+00 6.400000e-01 6.567902e-01 7.623352e-05 1.121362e+00 -1.178828e-07
4.300000e+00 6.400000e-01 6.567903e-01 7.623430e-05 1.121362e+00 -9.479934e-08
4.350000e+00 6.400000e-01 6.567903e-01 7.623477e-05 1.121362e+00 -7.406537e-08
4.400000e+00 6.400000e-01 6.567903e-01 7.623505e-05 1.121362e+00 -5.650469e-08
4.450000e+00 6.400000e-01 6.567903e-01 7.623521e-05 1.121362e+00 -4.218303e-08
4.500000e+00 6.400000e-01 6.567903e-01 7.623529e-05 1.121362e+00 -3.081379e-08
4.550000e+00 6.400000e-01 6.567903e-01 7.623533e-05 1.121362e+00 -2.197719e-08
4.600000e+00 6.400000e-01 6.567903e-01 7.623534e-05 1.121362e+00 -1.523295e-08
4.650000e+00 6.400000e-01 6.567903e-01 7.623534e-05 1.121362e+00 -1.017334e-08
4.700000e+00 6.400000e-01 6.567903e-01 7.623533e-05 1.121362e+00 -6.444243e-09
4.750000e+00 6.400000e-01 6.567903e-01 7.623532e-05 1.121362e+00 -3.749633e-09
4.800000e+00 6.400000e-01 6.567903e-01 7.623531e-05 1.121362e+00 -1.848124e-09
4.850000e+00 6.400000e-01 6.567903e-01 7.623529e-05 1.121362e+00 -5.463396e-10
4.900000e+00 6.400000e-01 6.567903e-01 7.623528e-05 1.121362e+00 3.085077e-10
4.950000e+00 6.400000e-01 6.567903e-01 7.623527e-05 1.121362e+00 8.357592e-10
5.000000e+00 6.400000e-01 6.567903e-01 7.623527e-05 1.121362e+00 1.127608e-09
5.050000e+00 6.400000e-01 6.567903e-01 7.623526e-05 1.121362e+00 1.254464e-09
5.100000e+00 6.400000e-01 6.567903e-01 7.623526e-05 1.121362e+00 1.269452e-09
5.150000e+00 6.400000e-01 6.567903e-01 7.623525e-05 1.121362e+00 1.212043e-09
5.200000e+00 6.400000e-01 6.567903e-01 7.623525e-05 1.121362e+00 1.111041e-09
5.250000e+00 6.400000e-01 6.567903e-01 7.623525e-05 1.121362e+00 9.870127e-10
5.300000e+00 6.400000e-01 6.567903e-01 7.623525e-05 1.121362e+00 8.541856e-10
5.350000e+00 6.400000e-01 6.567903e-01 7.623525e-05 1.121362e+00 7.219780e-10
5.400000e+00 6.400000e-01 6.567903e-01 7.623525e-05 1.121362e+00 5.962408e-10
5.450000e+00 6.400000e-01 6.567903e-01 7.623525e-05 1.121362e+00 4.801770e-10
5.500000e+00 6.400000e-01 6.567903e-01 7.623525e-05 1.121362e+00 3.750811e-10
5.550000e+00 6.400000e-01 6.567903e-01 7.623525e-05 1.121362e+00 2.808964e-10
5.600000e+00 6.400000e-01 6.567903e-01 7.623525e-05 1.121362e+00 1.966138e-10
5.650000e+00 6.400000e-01 6.567903e-01 7.623525e-05 1.121362e+00 1.205758e-10
5.700000e+00 6.400000e-01 6.567903e-01 7.623525e-05 1.121362e+00 5.064948e-11
5.750000e+00 6.400000e-01 6.567903e-01 7.623525e-05 1.121362e+00 -1.564859e-11
5.800000e+00 6.400000e-01 6.567903e-01 7.623525e-05 1.121362e+00 -8.110845e-11
5.850000e+00 6.400000e-01 6.567903e-01 7.623525e-05 1.121362e+00 -1.488598e-10
5.900000e+00 6.400000e-01 6.567903e-01 7.623525e-05 1.121362e+00 -2.224332e-10
5.950000e+00 6.400000e-01 6.567903e-01 7.623525e-05 1.121362e+00 -3.058875e-10
6.000000e+00 6.400000e-01 6.567903e-01 7.623525e-05 1.121362e+00 -4.040102e-10
6.050000e+00 6.400000e-01 6.567903e-01 7.623525e-05 1.121362e+00 -5.225520e-10
6.100000e+00 6.400000e-01 6.567903e-01 7.623525e-05 1.121362e+00 -6.685763e-10
6.150000e+00 6.400000e-01 6.567903e-01 7.623525e-05 1.121362e+00 -8.508794e-10
6.200000e+00 6.400000e-01 6.567903e-01 7.623525e-05 1.121362e+00 -1.080520e-09
6.250000e+00 6.400000e-01 6.567903e-01 7.623525e-05 1.121362e+00 -1.371550e-09
6.300000e+00 6.400000e-01 6.567903e-01 7.623525e-05 1.121362e+00 -1.741902e-09
6.350000e+00 6.400000e-01 6.567903e-01 7.623525e-05 1.121362e+00 -2.214549e-09
6.400000e+00 6.400000e-01 6.567903e-01 7.623525e-05 1.121362e+00 -2.818982e-09
6.450000e+00 6.400000e-01 6.567903e-01 7.623525e-05 1.121362e+00 -3.593138e-09
6.500000e+00 6.400000e-01 6.567903e-01 7.623525e-05 1.121362e+00 -4.585842e-09
6.550000e+00 6.400000e-01 6.567903e-01 7.623525e-05 1.121362e+00 -5.860001e-09
6.600000e+00 6.400000e-01 6.567903e-01 7.623525e-05 1.121362e+00 -7.496710e-09
6.650000e+00 6.400000e-01 6.567903e-01 7.623526e-05 1.121362e+00 -9.600453e-09
6.700000e+00 6.400000e-01 6.567903e-01 7.623526e-05 1.121362e+00 -1.230603e-08
6.750000e+00 6.400000e-01 6.567903e-01 7.623527e-05 1.121362e+00 -1.578697e-08
6.800000e+00 6.400000e-01 6.567903e-01 7.623525e-05 1.121362e+00 -2.026803e-08
6.850000e+00 6.400000e-01 6.567903e-01 7.623532e-05 1.121362e+00 -2.603577e-08
6.900000e+00 6.400000e-01 6.567903e-01 7.623513e-05 1.121362e+00 -3.347005e-08
6.950000e+00 6.400000e-01 6.567903e-01 7.623575e-05 1.121362e+00 -4.302880e-08
7.000000e+00 6.400000e-01 6.567903e-01 7.623392e-05 1.121362e+00 -5.539794e-08
7.050000e+00 6.400000e-01 6.567903e-01 7.623932e-05 1.121362e+00 -7.118426e-08
7.100000e+00 6.400000e-01 6.567903e-01 7.622411e-05 1.121362e+00 -9.195326e-08
7.150000e+00 6.400000e-01 6.567903e-01 7.626594e-05 1.121362e+00 -1.175800e-07
7.200000e+00 6.400000e-01 6.567903e-01 7.615472e-05 1.121362e+00 -1.535849e-07
7.250000e+00 6.400000e-01 6.567903e-01 7.644147e-05 1.121362e+00 -1.925050e-07
7.300000e+00 6.400000e-01 6.567903e-01 7.572701e-05 1.121362e+00 -2.608818e-07
7.350000e+00 6.400000e-01 6.567903e-01 7.744711e-05 1.121362e+00 -3.063360e-07
7.400000e+00 6.400000e-01 6.567903e-01 7.345341e-05 1.121362e+00 -4.611935e-07
7.450000e+00 6.400000e-01 6.567904e-01 8.238399e-05 1.121362e+00 -4.522487e-07
7.500000e+00 6.400000e-01 6.567904e-01 6.318827e-05 1.121362e+00 -8.735129e-07
7.550000e+00 6.400000e-01 6.567905e-01 1.027693e-04 1.121363e+00 -5.582599e-07
7.600000e+00 6.400000e-01 6.567904e-01 2.466862e-05 1.121362e+00 -1.772124e-06
7.650000e+00 6.400000e-01 6.567906e-01 1.717302e-04 1.121366e+00 -4.361752e-07
7.700000e+00 6.400000e-01 6.567905e-01 -9.163543e-05 1.121359e+00 -3.610677e-06
7.750000e+00 6.400000e-01 6.567910e-01 3.551483e-04 1.121372e+00 3.965614e-08
7.800000e+00 6.400000e-01 6.567905e-01 -3.593167e-04 1.121354e+00 -6.608012e-06
7.850000e+00 6.400000e-01 6.567917e-01 7.111477e-04 1.121383e+00 5.096805e-08
7.900000e+00 6.400000e-01 6.567905e-01 -7.800467e-04 1.121345e+00 -9.630002e-06
7.950000e+00 6.400000e-01 6.567926e-01 1.132445e-03 1.121397e+00 -3.292789e-06
8.000000e+00 6.400000e-01 6.567908e-01 -1.097497e-03 1.121341e+00 -1.028515e-05
8.050000e+00 6.400000e-01 6.567937e-01 1.230086e-03 1.121406e+00 -1.265730e-05
8.100000e+00 6.400000e-01 6.567921e-01 -9.128312e-04 1.121351e+00 -1.077476e-05
8.150000e+00 6.400000e-01 6.567947e-01 8.394052e-04 1.121406e+00 -2.265285e-05
8.200000e+00 6.400000e-01 6.567943e-01 -5.824428e-04 1.121369e+00 -2.405439e-05
8.250000e+00 6.400000e-01 6.567971e-01 9.623684e-04 1.121422e+00 -2.381625e-05
8.300000e+00 6.400000e-01 6.567967e-01 -1.449480e-03 1.121368e+00 -5.446028e-05
8.350000e+00 6.400000e-01 6.568026e-01 2.438283e-03 1.121481e+00 -3.608863e-05
8.400000e+00 6.400000e-01 6.568003e-01 -2.799594e-03 1.121364e+00 -7.190773e-05
8.450000e+00 6.400000e-01 6.568098e-01 2.622576e-03 1.121531e+00 -9.674573e-05
8.500000e+00 6.400000e-01 6.568100e-01 -1.310270e-03 1.121439e+00 -8.657156e-05
8.550000e+00 6.400000e-01 6.568184e-01 3.626988e-04 1.121550e+00 -1.547964e-04
8.600000e+00 6.400000e-01 6.568255e-01 -5.046030e-04 1.121542e+00 -1.992551e-04
8.650000e+00 6.400000e-01 6.568384e-01 2.847902e-03 1.121704e+00 -1.855352e-04
8.700000e+00 6.400000e-01 6.568440e-01 -5.312947e-03 1.121581e+00 -3.397173e-04
8.750000e+00 6.400000e-01 6.568723e-01 5.726205e-03 1.121953e+00 -4.011969e-04
8.800000e+00 6.400000e-01 6.568842e-01 -2.243868e-03 1.121844e+00 -4.251322e-04
8.850000e+00 6.400000e-01 6.569148e-01 -1.601050e-03 1.122122e+00 -6.889471e-04
8.900000e+00 6.400000e-01 6.569531e-01 1.074297e-03 1.122290e+00 -8.703047e-04
8.950000e+00 6.400000e-01 6.570019e-01 5.768929e-03 1.122717e+00 -9.218620e-04
9.000000e+00 6.400000e-01 6.570452e-01 -1.136119e-02 1.122695e+00 -1.410131e-03
9.050000e+00 6.400000e-01 6.571429e-01 7.437937e-03 1.123590e+00 -1.863361e-03
9.100000e+00 6.400000e-01 6.572316e-01 4.093289e-03 1.123917e+00 -2.058241e-03
9.150000e+00 6.400000e-01 6.573487e-01 -6.850172e-03 1.124688e+00 -2.820992e-03
9.200000e+00 6.400000e-01 6.575137e-01 -7.151952e-03 1.125497e+00 -3.973780e-03
9.250000e+00 6.400000e-01 6.577461e-01 2.094639e-02 1.127240e+00 -4.622616e-03
9.300000e+00 6.400000e-01 6.579759e-01 -9.310695e-03 1.128180e+00 -5.785702e-03
9.350000e+00 6.400000e-01 6.583247e-01 -1.523186e-02 1.130471e+00 -8.156153e-03
9.400000e+00 6.400000e-01 6.587916e-01 1.054324e-02 1.133033e+00 -1.041213e-02
9.450000e+00 6.400000e-01 6.593659e-01 2.562657e-02 1.136724e+00 -1.249906e-02
9.500000e+00 6.400000e-01 6.600415e-01 -3.001446e-02 1.140226e+00 -1.657374e-02
9.550000e+00 6.400000e-01 6.610232e-01 -1.756985e-02 1.146199e+00 -2.253196e-02
9.600000e+00 6.400000e-01 6.622947e-01 3.192405e-02 1.153068e+00 -2.851068e-02
9.650000e+00 6.400000e-01 6.638743e-01 2.973056e-02 1.162536e+00 -3.585500e-02
9.700000e+00 6.400000e-01 6.658802e-01 -4.839366e-02 1.173475e+00 -4.792862e-02
9.750000e+00 6.400000e-01 6.686672e-01 -2.833904e-02 1.188712e+00 -6.473452e-02
9.800000e+00 6.400000e-01 6.723536e-01 4.257490e-02 1.207854e+00 -8.496353e-02
9.850000e+00 6.400000e-01 6.771635e-01 3.726514e-02 1.234223e+00 -1.121351e-01
9.900000e+00 6.400000e-01 6.835671e-01 -2.568946e-02 1.268150e+00 -1.517453e-01
9.950000e+00 6.400000e-01 6.923381e-01 -1.414296e-02 1.315136e+00 -2.068888e-01
1.000000e+01 6.400000e-01 7.042560e-01 -1.718000e-02 0.000000e+00 0.000000e+00
0.000000e+00 6.600000e-01 7.315440e-01 1.920000e+00 0.000000e+00 0.000000e+00
5.000000e-02 6.600000e-01 7.323609e-01 2.605125e+00 1.334136e+00 -8.215779e-03
1.000000e-01 6.600000e-01 7.323656e-01 2.072341e+00 1.308685e+00 1.759158e-02
1.500000e-01 6.600000e-01 7.306018e-01 -2.300134e-01 1.351793e+00 1.777046e-02
2.000000e-01 6.600000e-01 7.305885e-01 1.441997e+00 1.411692e+00 -3.118804e-02
2.500000e-01 6.600000e-01 7.337206e-01 5.366836e+00 1.340861e+00 -3.871992e-02
3.000000e-01 6.600000e-01 7.344605e-01 2.900677e+00 1.235086e+00 3.243442e-02
3.500000e-01 6.600000e-01 7.304772e-01 -3.201303e+00 1.315781e+00 5.321278e-02
4.000000e-01 6.600000e-01 7.291392e-01 -4.763022e-01 1.461484e+00 -3.380282e-02
4.500000e-01 6.600000e-01 7.338574e-01 6.993259e+00 1.377492e+00 -7.475095e-02
5.000000e-01 6.600000e-01 7.366143e-01 4.855735e+00 1.177828e+00 1.881637e-02
5.500000e-01 6.600000e-01 7.319758e-01 -4.815347e+00 1.219072e+00 8.676415e-02
6.000000e-01 6.600000e-01 7.279379e-01 -4.407847e+00 1.452394e+00 5.410913e-05
6.500000e-01 6.600000e-01 7.319704e-01 5.936218e+00 1.445326e+00 -9.181801e-02
7.000000e-01 6.600000e-01 7.371197e-01 7.405644e+00 1.192951e+00 -2.657347e-02
7.500000e-01 6.600000e-01 7.346277e-01 -2.919213e+00 1.105879e+00 8.839554e-02
8.000000e-01 6.600000e-01 7.282802e-01 -8.371957e+00 1.346579e+00 5.532030e-02
8.500000e-01 6.600000e-01 7.290957e-01 1.195702e+00 1.489603e+00 -6.845019e-02
9.000000e-01 6.600000e-01 7.351252e-01 8.546506e+00 1.295708e+00 -7.370012e-02
9.500000e-01 6.600000e-01 7.364657e-01 2.548174e+00 1.079295e+00 4.521322e-02
1.000000e+00 6.600000e-01 7.306039e-01 -7.661973e+00 1.184182e+00 9.306410e-02
1.050000e+00 6.600000e-01 7.271593e-01 -5.388637e+00 1.431660e+00 -7.521984e-03
1.100000e+00 6.600000e-01 7.313561e-01 5.299686e+00 1.413088e+00 -8.613711e-02
1.150000e+00 6.600000e-01 7.357730e-01 7.633132e+00 1.186040e+00 -1.966252e-02
1.200000e+00 6.600000e-01 7.333223e-01 -5.179820e-01 1.100319e+00 8.225740e-02
1.250000e+00 6.600000e-01 7.275473e-01 -6.976772e+00 1.275771e+00 6.078190e-02
1.300000e+00 6.600000e-01 7.272441e-01 -1.727952e+00 1.425811e+00 -4.258280e-02
1.350000e+00 6.600000e-01 7.318056e-01 6.466180e+00 1.341752e+00 -6.300290e-02
1.400000e+00 6.600000e-01 7.335444e-01 6.562429e+00 1.178902e+00 2.301416e-02
1.450000e+00 6.600000e-01 7.295041e-01 -3.430124e-01 1.169754e+00 8.328915e-02
1.500000e+00 6.600000e-01 7.252155e-01 -4.145646e+00 1.308128e+00 3.574113e-02
1.550000e+00 6.600000e-01 7.259300e-01 5.825572e-02 1.387307e+00 -3.850216e-02
1.600000e+00 6.600000e-01 7.290657e-01 5.548404e+00 1.320658e+00 -3.232512e-02
1.650000e+00 6.600000e-01 7.291625e-01 5.622057e+00 1.221950e+00 3.625282e-02
1.700000e+00 6.600000e-01 7.254404e-01 1.258115e+00 1.217412e+00 7.087721e-02
1.750000e+00 6.600000e-01 7.220748e-01 -1.521452e+00 1.293824e+00 3.421342e-02
1.800000e+00 6.600000e-01 7.220191e-01 2.270908e-01 1.343620e+00 -1.445238e-02
1.850000e+00 6.600000e-01 7.235201e-01 3.440804e+00 1.316509e+00 -1.244580e-02
1.900000e+00 6.600000e-01 7.232637e-01 4.335614e+00 1.258926e+00 3.016797e-02
1.950000e+00 6.600000e-01 7.205033e-01 2.542514e+00 1.235609e+00 5.928126e-02
2.000000e+00 6.600000e-01 7.173356e-01 4.939217e-01 1.258113e+00 4.725463e-02
2.050000e+00 6.600000e-01 7.157778e-01 2.284505e-01 1.287990e+00 1.710045e-02
2.100000e+00 6.600000e-01 7.156255e-01 1.423814e+00 1.290352e+00 5.538912e-03
2.150000e+00 6.600000e-01 7.152239e-01 2.508685e+00 1.265795e+00 2.180713e-02
2.200000e+00 6.600000e-01 7.134448e-01 2.538276e+00 1.237214e+00 4.640732e-02
2.250000e+00 6.600000e-01 7.105832e-01 1.752492e+00 1.222705e+00 5.718278e-02
2.300000e+00 6.600000e-01 7.077265e-01 9.594170e-01 1.222952e+00 4.953102e-02
2.350000e+00 6.600000e-01 7.056301e-01 6.958603e-01 1.227141e+00 3.515190e-02
2.400000e+00 6.600000e-01 7.042113e-01 9.205442e-01 1.225254e+00 2.776268e-02
2.450000e+00 6.600000e-01 7.028538e-01 1.279468e+00 1.214471e+00 3.229931e-02
2.500000e+00 6.600000e-01 7.009814e-01 1.474161e+00 1.197761e+00 4.453088e-02
2.550000e+00 6.600000e-01 6.984007e-01 1.413823e+00 1.179678e+00 5.682955e-02
2.600000e+00 6.600000e-01 6.952984e-01 1.167489e+00 1.163523e+00 6.354765e-02
2.650000e+00 6.600000e-01 6.920460e-01 8.542087e-01 1.150679e+00 6.299820e-02
2.700000e+00 6.600000e-01 6.889986e-01 5.660650e-01 1.141180e+00 5.659294e-02
2.750000e+00 6.600000e-01 6.863867e-01 3.455335e-01 1.134459e+00 4.699377e-02
2.800000e+00 6.600000e-01 6.842992e-01 1.968338e-01 1.129838e+00 3.666179e-02
2.850000e+00 6.600000e-01 6.827205e-01 1.056990e-01 1.126731e+00 2.722051e-02
2.900000e+00 6.600000e-01 6.815772e-01 5.392937e-02 1.124684e+00 1.943268e-02
2.950000e+00 6.600000e-01 6.807772e-01 2.631616e-02 1.123367e+00 1.344737e-02
3.000000e+00 6.600000e-01 6.802325e-01 1.236427e-02 1.122538e+00 9.077901e-03
3.050000e+00 6.600000e-01 6.798694e-01 5.646929e-03 1.122031e+00 6.008341e-03
3.100000e+00 6.600000e-01 6.796316e-01 2.553468e-03 1.121728e+00 3.914105e-03
3.150000e+00 6.600000e-01 6.794780e-01 1.188306e-03 1.121552e+00 2.517080e-03
3.200000e+00 6.600000e-01 6.793799e-01 6.111447e-04 1.121453e+00 1.601324e-03
3.250000e+00 6.600000e-01 6.793179e-01 3.781915e-04 1.121400e+00 1.009289e-03
3.300000e+00 6.600000e-01 6.792790e-01 2.892836e-04 1.121372e+00 6.307953e-04
3.350000e+00 6.600000e-01 6.792548e-01 2.579478e-04 1.121359e+00 3.910747e-04
3.400000e+00 6.600000e-01 6.792399e-01 2.483924e-04 1.121353e+00 2.404857e-04
3.450000e+00 6.600000e-01 6.792307e-01 2.464636e-04 1.121352e+00 1.466021e-04
3.500000e+00 6.600000e-01 6.792252e-01 2.468588e-04 1.121352e+00 8.850406e-05
3.550000e+00 6.600000e-01 6.792219e-01 2.477355e-04 1.121353e+00 5.282632e-05
3.600000e+00 6.600000e-01 6.792199e-01 2.485344e-04 1.121354e+00 3.109879e-05
3.650000e+00 6.600000e-01 6.792188e-01 2.491375e-04 1.121355e+00 1.799122e-05
3.700000e+00 6.600000e-01 6.792181e-01 2.495602e-04 1.121356e+00 1.017108e-05
3.750000e+00 6.600000e-01 6.792178e-01 2.498464e-04 1.121357e+00 5.568092e-06
3.800000e+00 6.600000e-01 6.792176e-01 2.500368e-04 1.121357e+00 2.904618e-06
3.850000e+00 6.600000e-01 6.792175e-01 2.501622e-04 1.121358e+00 1.397755e-06
3.900000e+00 6.600000e-01 6.792174e-01 2.502443e-04 1.121358e+00 5.715537e-07
3.950000e+00 6.600000e-01 6.792174e-01 2.502979e-04 1.121358e+00 1.392881e-07
4.000000e+00 6.600000e-01 6.792174e-01 2.503326e-04 1.121358e+00 -6.992842e-08
4.050000e+00 6.600000e-01 6.792174e-01 2.503550e-04 1.121358e+00 -1.566257e-07
4.100000e+00 6.600000e-01 6.792174e-01 2.503694e-04 1.121359e+00 -1.789846e-07
4.150000e+00 6.600000e-01 6.792174e-01 2.503786e-04 1.121359e+00 -1.699662e-07
4.200000e+00 6.600000e-01 6.792175e-01 2.503845e-04 1.121359e+00 -1.477051e-07
4.250000e+00 6.600000e-01 6.792175e-01 2.503881e-04 1.121359e+00 -1.217593e-07
4.300000e+00 6.600000e-01 6.792175e-01 2.503904e-04 1.121359e+00 -9.682745e-08
4.350000e+00 6.600000e-01 6.792175e-01 2.503917e-04 1.121359e+00 -7.493204e-08
4.400000e+00 6.600000e-01 6.792175e-01 2.503925e-04 1.121359e+00 -5.668119e-08
4.450000e+00 6.600000e-01 6.792175e-01 2.503930e-04 1.121359e+00 -4.198281e-08
4.500000e+00 6.600000e-01 6.792175e-01 2.503932e-04 1.121359e+00 -3.043789e-08
4.550000e+00 6.600000e-01 6.792175e-01 2.503933e-04 1.121359e+00 -2.154869e-08
4.600000e+00 6.600000e-01 6.792175e-01 2.503933e-04 1.121359e+00 -1.482223e-08
4.650000e+00 6.600000e-01 6.792175e-01 2.503933e-04 1.121359e+00 -9.816304e-09
4.700000e+00 6.600000e-01 6.792175e-01 2.503933e-04 1.121359e+00 -6.155069e-09
4.750000e+00 6.600000e-01 6.792175e-01 2.503932e-04 1.121359e+00 -3.529490e-09
4.800000e+00 6.600000e-01 6.792175e-01 2.503932e-04 1.121359e+00 -1.691026e-09
4.850000e+00 6.600000e-01 6.792175e-01 2.503932e-04 1.121359e+00 -4.429335e-10
4.900000e+00 6.600000e-01 6.792175e-01 2.503931e-04 1.121359e+00 3.686018e-10
4.950000e+00 6.600000e-01 6.792175e-01 2.503931e-04 1.121359e+00 8.625689e-10
5.000000e+00 6.600000e-01 6.792175e-01 2.503931e-04 1.121359e+00 1.130070e-09
5.050000e+00 6.600000e-01 6.792175e-01 2.503931e-04 1.121359e+00 1.240117e-09
5.100000e+00 6.600000e-01 6.792175e-01 2.503931e-04 1.121359e+00 1.244365e-09
5.150000e+00 6.600000e-01 6.792175e-01 2.503930e-04 1.121359e+00 1.180905e-09
5.200000e+00 6.600000e-01 6.792175e-01 2.503930e-04 1.121359e+00 1.077333e-09
5.250000e+00 6.600000e-01 6.792175e-01 2.503930e-04 1.121359e+00 9.531842e-10
5.300000e+00 6.600000e-01 6.792175e-01 2.503930e-04 1.121359e+00 8.218504e-10
5.350000e+00 6.600000e-01 6.792175e-01 2.503930e-04 1.121359e+00 6.921008e-10
5.400000e+00 6.600000e-01 6.792175e-01 2.503930e-04 1.121359e+00 5.692868e-10
5.450000e+00 6.600000e-01 6.792175e-01 2.503930e-04 1.121359e+00 4.562417e-10
5.500000e+00 6.600000e-01 6.792175e-01 2.503930e-04 1.121359e+00 3.539857e-10
5.550000e+00 6.600000e-01 6.792175e-01 2.503930e-04 1.121359e+00 2.622669e-10
5.600000e+00 6.600000e-01 6.792175e-01 2.503930e-04 1.121359e+00 1.799449e-10
5.650000e+00 6.600000e-01 6.792175e-01 2.503930e-04 1.121359e+00 1.052458e-10
5.700000e+00 6.600000e-01 6.792175e-01 2.503930e-04 1.121359e+00 3.594125e-11
5.750000e+00 6.600000e-01 6.792175e-01 2.503930e-04 1.121359e+00 -3.054335e-11
5.800000e+00 6.600000e-01 6.792175e-01 2.503930e-04 1.121359e+00 -9.711565e-11
5.850000e+00 6.600000e-01 6.792175e-01 2.503930e-04 1.121359e+00 -1.670597e-10
5.900000e+00 6.600000e-01 6.792175e-01 2.503930e-04 1.121359e+00 -2.441070e-10
5.950000e+00 6.600000e-01 6.792175e-01 2.503930e-04 1.121359e+00 -3.325895e-10
6.000000e+00 6.600000e-01 6.792175e-01 2.503930e-04 1.121359e+00 -4.376743e-10
6.050000e+00 6.600000e-01 6.792175e-01 2.503930e-04 1.121359e+00 -5.655976e-10
6.100000e+00 6.600000e-01 6.792175e-01 2.503930e-04 1.121359e+00 -7.240719e-10
6.150000e+00 6.600000e-01 6.792175e-01 2.503930e-04 1.121359e+00 -9.227552e-10
6.200000e+00 6.600000e-01 6.792175e-01 2.503930e-04 1.121359e+00 -1.173823e-09
6.250000e+00 6.600000e-01 6.792175e-01 2.503930e-04 1.121359e+00 -1.492788e-09
6.300000e+00 6.600000e-01 6.792175e-01 2.503930e-04 1.121359e+00 -1.899478e-09
6.350000e+00 6.600000e-01 6.792175e-01 2.503930e-04 1.121359e+00 -2.419323e-09
6.400000e+00 6.600000e-01 6.792175e-01 2.503930e-04 1.121359e+00 -3.085000e-09
6.450000e+00 6.600000e-01 6.792175e-01 2.503930e-04 1.121359e+00 -3.938571e-09
6.500000e+00 6.600000e-01 6.792175e-01 2.503930e-04 1.121359e+00 -5.034200e-09
6.550000e+00 6.600000e-01 6.792175e-01 2.503930e-04 1.121359e+00 -6.441699e-09
6.600000e+00 6.600000e-01 6.792175e-01 2.503930e-04 1.121359e+00 -8.251081e-09
6.650000e+00 6.600000e-01 6.792175e-01 2.503931e-04 1.121359e+00 -1.057835e-08
6.700000e+00 6.600000e-01 6.792175e-01 2.503931e-04 1.121359e+00 -1.357327e-08
6.750000e+00 6.600000e-01 6.792175e-01 2.503931e-04 1.121359e+00 -1.742841e-08
6.800000e+00 6.600000e-01 6.792175e-01 2.503931e-04 1.121359e+00 -2.239412e-08
6.850000e+00 6.600000e-01 6.792175e-01 2.503932e-04 1.121359e+00 -2.878677e-08
6.900000e+00 6.600000e-01 6.792175e-01 2.503928e-04 1.121359e+00 -3.703480e-08
6.950000e+00 6.600000e-01 6.792175e-01 2.503942e-04 1.121359e+00 -4.762834e-08
7.000000e+00 6.600000e-01 6.792175e-01 2.503901e-04 1.121359e+00 -6.138467e-08
7.050000e+00 6.600000e-01 6.792175e-01 2.504021e-04 1.121359e+00 -7.882348e-08
7.100000e+00 6.600000e-01 6.792175e-01 2.503687e-04 1.121359e+00 -1.021098e-07
7.150000e+00 6.600000e-01 6.792175e-01 2.504598e-04 1.121359e+00 -1.299772e-07
7.200000e+00 6.600000e-01 6.792175e-01 2.502200e-04 1.121359e+00 -1.714628e-07
7.250000e+00 6.600000e-01 6.792175e-01 2.508324e-04 1.121359e+00 -2.110634e-07
7.300000e+00 6.600000e-01 6.792175e-01 2.493218e-04 1.121359e+00 -2.955850e-07
7.350000e+00 6.600000e-01 6.792176e-01 2.529230e-04 1.121359e+00 -3.267712e-07
7.400000e+00 6.600000e-01 6.792176e-01 2.446457e-04 1.121359e+00 -5.408776e-07
7.450000e+00 6.600000e-01 6.792176e-01 2.629694e-04 1.121359e+00 -4.434788e-07
7.500000e+00 6.600000e-01 6.792176e-01 2.239824e-04 1.121359e+00 -1.085929e-06
7.550000e+00 6.600000e-01 6.792177e-01 3.035566e-04 1.121361e+00 -4.050262e-07
7.600000e+00 6.600000e-01 6.792177e-01 1.481439e-04 1.121358e+00 -2.349803e-06
7.650000e+00 6.600000e-01 6.792180e-01 4.377925e-04 1.121364e+00 1.481073e-07
7.700000e+00 6.600000e-01 6.792176e-01 -7.562457e-05 1.121354e+00 -4.998541e-06
7.750000e+00 6.600000e-01 6.792185e-01 7.865020e-04 1.121372e+00 1.462682e-06
7.800000e+00 6.600000e-01 6.792175e-01 -5.783034e-04 1.121344e+00 -9.210882e-06
7.850000e+00 6.600000e-01 6.792194e-01 1.446551e-03 1.121388e+00 2.237596e-06
7.900000e+00 6.600000e-01 6.792173e-01 -1.347989e-03 1.121330e+00 -1.288401e-05
7.950000e+00 6.600000e-01 6.792207e-01 2.206396e-03 1.121407e+00 -1.996100e-06
8.000000e+00 6.600000e-01 6.792175e-01 -1.911804e-03 1.121322e+00 -1.206240e-05
8.050000e+00 6.600000e-01 6.792219e-01 2.377241e-03 1.121416e+00 -1.475484e-05
8.100000e+00 6.600000e-01 6.792189e-01 -1.598251e-03 1.121333e+00 -1.040536e-05
8.150000e+00 6.600000e-01 6.792229e-01 1.736464e-03 1.121412e+00 -2.645300e-05
8.200000e+00 6.600000e-01 6.792216e-01 -1.107719e-03 1.121352e+00 -2.756412e-05
8.250000e+00 6.600000e-01 6.792257e-01 2.062355e-03 1.121431e+00 -2.243100e-05
8.300000e+00 6.600000e-01 6.792238e-01 -2.700764e-03 1.121339e+00 -6.728454e-05
8.350000e+00 6.600000e-01 6.792324e-01 4.629324e-03 1.121502e+00 -3.388937e-05
8.400000e+00 6.600000e-01 6.792272e-01 -4.971833e-03 1.121320e+00 -8.174103e-05
8.450000e+00 6.600000e-01 6.792406e-01 4.918694e-03 1.121550e+00 -1.123269e-04
8.500000e+00 6.600000e-01 6.792385e-01 -2.573040e-03 1.121400e+00 -8.877816e-05
8.550000e+00 6.600000e-01 6.792494e-01 1.439984e-03 1.121553e+00 -1.746246e-04
8.600000e+00 6.600000e-01 6.792559e-01 -1.605182e-03 1.121494e+00 -2.309314e-04
8.650000e+00 6.600000e-01 6.792725e-01 5.709275e-03 1.121718e+00 -1.892255e-04
8.700000e+00 6.600000e-01 6.792748e-01 -9.296900e-03 1.121490e+00 -3.896186e-04
8.750000e+00 6.600000e-01 6.793115e-01 1.011921e-02 1.121966e+00 -4.530636e-04
8.800000e+00 6.600000e-01 6.793201e-01 -4.570697e-03 1.121745e+00 -4.540538e-04
8.850000e+00 6.600000e-01 6.793569e-01 -6.573263e-04 1.122087e+00 -7.751757e-04
8.900000e+00 6.600000e-01 6.793977e-01 -2.617750e-04 1.122154e+00 -9.886578e-04
8.950000e+00 6.600000e-01 6.794558e-01 1.077913e-02 1.122675e+00 -9.930883e-04
9.000000e+00 6.600000e-01 6.794970e-01 -1.844155e-02 1.122464e+00 -1.578344e-03
9.050000e+00 6.600000e-01 6.796136e-01 1.302445e-02 1.123476e+00 -2.102028e-03
9.100000e+00 6.600000e-01 6.797072e-01 3.082966e-03 1.123616e+00 -2.265748e-03
9.150000e+00 6.600000e-01 6.798402e-01 -5.906307e-03 1.124461e+00 -3.118583e-03
9.200000e+00 6.600000e-01 6.800190e-01 -1.303806e-02 1.125000e+00 -4.468891e-03
9.250000e+00 6.600000e-01 6.802871e-01 3.137764e-02 1.126836e+00 -5.136001e-03
9.300000e+00 6.600000e-01 6.805326e-01 -1.582067e-02 1.127445e+00 -6.400170e-03
9.350000e+00 6.600000e-01 6.809271e-01 -1.429319e-02 1.129752e+00 -9.081032e-03
9.400000e+00 6.600000e-01 6.814407e-01 7.997853e-03 1.131797e+00 -1.161106e-02
9.450000e+00 6.600000e-01 6.820882e-01 3.574487e-02 1.135451e+00 -1.387474e-02
9.500000e+00 6.600000e-01 6.828282e-01 -3.949829e-02 1.138344e+00 -1.837834e-02
9.550000e+00 6.600000e-01 6.839260e-01 -1.360413e-02 1.143990e+00 -2.496007e-02
9.600000e+00 6.600000e-01 6.853242e-01 2.742206e-02 1.149702e+00 -3.161026e-02
9.650000e+00 6.600000e-01 6.870871e-01 3.833239e-02 1.158565e+00 -3.973538e-02
9.700000e+00 6.600000e-01 6.892978e-01 -5.148269e-02 1.167989e+00 -5.285703e-02
9.750000e+00 6.600000e-01 6.923728e-01 -2.422089e-02 1.181563e+00 -7.113302e-02
9.800000e+00 6.600000e-01 6.964111e-01 3.039693e-02 1.197437e+00 -9.342324e-02
9.850000e+00 6.600000e-01 7.017151e-01 4.292067e-02 1.220318e+00 -1.233597e-01
9.900000e+00 6.600000e-01 7.087470e-01 -1.963485e-02 1.248802e+00 -1.667645e-01
9.950000e+00 6.600000e-01 7.183915e-01 -8.619562e-03 1.288722e+00 -2.279697e-01
1.000000e+01 6.600000e-01 7.315440e-01 -1.145869e-02 0.000000e+00 0.000000e+00
0.000000e+00 6.800000e-01 7.580640e-01 2.160000e+00 0.000000e+00 0.000000e+00
5.000000e-02 6.800000e-01 7.585910e-01 2.435278e+00 1.291212e+00 -2.808153e-03
1.000000e-01 6.800000e-01 7.583448e-01 1.539083e+00 1.287092e+00 1.055550e-02
1.500000e-01 6.800000e-01 7.575355e-01 1.248571e+00 1.325612e+00 2.219829e-03
2.000000e-01 6.800000e-01 7.581228e-01 3.337085e+00 1.336787e+00 -2.115009e-02
2.500000e-01 6.800000e-01 7.596505e-01 3.741937e+00 1.271682e+00 -1.077647e-02
3.000000e-01 6.800000e-01 7.592005e-01 3.901390e-01 1.244012e+00 2.395860e-02
3.500000e-01 6.800000e-01 7.572546e-01 -5.925684e-01 1.329037e+00 1.533523e-02
4.000000e-01 6.800000e-01 7.576670e-01 3.773940e+00 1.373415e+00 -2.818387e-02
4.500000e-01 6.800000e-01 7.600730e-01 5.309747e+00 1.273410e+00 -2.458051e-02
5.000000e-01 6.800000e-01 7.601250e-01 1.093954e-01 1.195440e+00 2.613409e-02
5.500000e-01 6.800000e-01 7.574596e-01 -3.074121e+00 1.290802e+00 3.281516e-02
6.000000e-01 6.800000e-01 7.568435e-01 2.353880e+00 1.396064e+00 -1.872125e-02
6.500000e-01 6.800000e-01 7.593317e-01 6.615335e+00 1.310938e+00 -3.532786e-02
7.000000e-01 6.800000e-01 7.603763e-01 1.623095e+00 1.174641e+00 1.307742e-02
7.500000e-01 6.800000e-01 7.580240e-01 -4.697601e+00 1.216010e+00 4.286205e-02
8.000000e-01 6.800000e-01 7.560901e-01 -1.342924e+00 1.372853e+00 2.504306e-03
8.500000e-01 6.800000e-01 7.577736e-01 6.112871e+00 1.365856e+00 -3.642047e-02
9.000000e-01 6.800000e-01 7.597321e-01 4.731214e+00 1.208785e+00 -7.686248e-03
9.500000e-01 6.800000e-01 7.585422e-01 -3.078936e+00 1.151814e+00 3.961424e-02
1.000000e+00 6.800000e-01 7.557707e-01 -5.100825e+00 1.288017e+00 2.708072e-02
1.050000e+00 6.800000e-01 7.558341e-01 2.092033e+00 1.387969e+00 -2.473999e-02
1.100000e+00 6.800000e-01 7.582447e-01 6.652204e+00 1.288181e+00 -2.877228e-02
1.150000e+00 6.800000e-01 7.587113e-01 2.055094e+00 1.153145e+00 2.168946e-02
1.200000e+00 6.800000e-01 7.560757e-01 -4.394861e+00 1.184133e+00 4.731936e-02
1.250000e+00 6.800000e-01 7.539794e-01 -3.182308e+00 1.326880e+00 7.442197e-03
1.300000e+00 6.800000e-01 7.553315e-01 3.667519e+00 1.353839e+00 -3.426730e-02
1.350000e+00 6.800000e-01 7.574061e-01 6.051286e+00 1.236040e+00 -1.156828e-02
1.400000e+00 6.800000e-01 7.564884e-01 1.589343e+00 1.152391e+00 4.147711e-02
1.450000e+00 6.800000e-01 7.532584e-01 -3.084696e+00 1.214082e+00 4.745498e-02
1.500000e+00 6.800000e-01 7.517429e-01 -1.579917e+00 1.320274e+00 5.345792e-04
1.550000e+00 6.800000e-01 7.532050e-01 3.547826e+00 1.320679e+00 -2.760509e-02
1.600000e+00 6.800000e-01 7.545034e-01 5.511037e+00 1.230872e+00 2.811671e-03
1.650000e+00 6.800000e-01 7.529238e-01 2.663386e+00 1.176518e+00 4.815059e-02
1.700000e+00 6.800000e-01 7.496883e-01 -8.484228e-01 1.218034e+00 4.937397e-02
1.750000e+00 6.800000e-01 7.479864e-01 -7.129400e-01 1.288473e+00 1.106952e-02
1.800000e+00 6.800000e-01 7.485814e-01 2.296199e+00 1.298821e+00 -1.226571e-02
1.850000e+00 6.800000e-01 7.492130e-01 4.352417e+00 1.248516e+00 7.643299e-03
1.900000e+00 6.800000e-01 7.478170e-01 3.582539e+00 1.202435e+00 4.372648e-02
1.950000e+00 6.800000e-01 7.448403e-01 1.366443e+00 1.205341e+00 5.500590e-02
2.000000e+00 6.800000e-01 7.423164e-01 1.967826e-01 1.240777e+00 3.496099e-02
2.050000e+00 6.800000e-01 7.413442e-01 9.084163e-01 1.263353e+00 1.206157e-02
2.100000e+00 6.800000e-01 7.411103e-01 2.309250e+00 1.251815e+00 1.216742e-02
2.150000e+00 6.800000e-01 7.401275e-01 2.963866e+00 1.221070e+00 3.317995e-02
2.200000e+00 6.800000e-01 7.377923e-01 2.502916e+00 1.197166e+00 5.402397e-02
2.250000e+00 6.800000e-01 7.347251e-01 1.546169e+00 1.192283e+00 5.837958e-02
2.300000e+00 6.800000e-01 7.319543e-01 8.943445e-01 1.199858e+00 4.749006e-02
2.350000e+00 6.800000e-01 7.299761e-01 8.575498e-01 1.206107e+00 3.442760e-02
2.400000e+00 6.800000e-01 7.285116e-01 1.210433e+00 1.202548e+00 3.060252e-02
2.450000e+00 6.800000e-01 7.269158e-01 1.564701e+00 1.189442e+00 3.815045e-02
2.500000e+00 6.800000e-01 7.246965e-01 1.680305e+00 1.171918e+00 5.154549e-02
2.550000e+00 6.800000e-01 7.217613e-01 1.531516e+00 1.155139e+00 6.336053e-02
2.600000e+00 6.800000e-01 7.183605e-01 1.220728e+00 1.141943e+00 6.875665e-02
2.650000e+00 6.800000e-01 7.148856e-01 8.716346e-01 1.132883e+00 6.675406e-02
2.700000e+00 6.800000e-01 7.116851e-01 5.680247e-01 1.127251e+00 5.913139e-02
2.750000e+00 6.800000e-01 7.089725e-01 3.428158e-01 1.124006e+00 4.864218e-02
2.800000e+00 6.800000e-01 7.068208e-01 1.938266e-01 1.122254e+00 3.770485e-02
2.850000e+00 6.800000e-01 7.052020e-01 1.036116e-01 1.121375e+00 2.786648e-02
2.900000e+00 6.800000e-01 7.040342e-01 5.277560e-02 1.120986e+00 1.982306e-02
2.950000e+00 6.800000e-01 7.032197e-01 2.582192e-02 1.120859e+00 1.367584e-02
3.000000e+00 6.800000e-01 7.026666e-01 1.227832e-02 1.120862e+00 9.205951e-03
3.050000e+00 6.800000e-01 7.022991e-01 5.801585e-03 1.120924e+00 6.075916e-03
3.100000e+00 6.800000e-01 7.020590e-01 2.849438e-03 1.121004e+00 3.946642e-03
3.150000e+00 6.800000e-01 7.019044e-01 1.569148e-03 1.121082e+00 2.530303e-03
3.200000e+00 6.800000e-01 7.018060e-01 1.044605e-03 1.121149e+00 1.604593e-03
3.250000e+00 6.800000e-01 7.017440e-01 8.452357e-04 1.121203e+00 1.007927e-03
3.300000e+00 6.800000e-01 7.017052e-01 7.782120e-04 1.121244e+00 6.276725e-04
3.350000e+00 6.800000e-01 7.016812e-01 7.613075e-04 1.121275e+00 3.876266e-04
3.400000e+00 6.800000e-01 7.016664e-01 7.613187e-04 1.121298e+00 2.373532e-04
3.450000e+00 6.800000e-01 7.016575e-01 7.657385e-04 1.121313e+00 1.440090e-04
3.500000e+00 6.800000e-01 7.016520e-01 7.703416e-04 1.121325e+00 8.647184e-05
3.550000e+00 6.800000e-01 7.016488e-01 7.740016e-04 1.121333e+00 5.129060e-05
3.600000e+00 6.800000e-01 7.016469e-01 7.766367e-04 1.121338e+00 2.996836e-05
3.650000e+00 6.800000e-01 7.016458e-01 7.784482e-04 1.121342e+00 1.717588e-05
3.700000e+00 6.800000e-01 7.016452e-01 7.796642e-04 1.121344e+00 9.592795e-06
3.750000e+00 6.800000e-01 7.016448e-01 7.804701e-04 1.121346e+00 5.163948e-06
3.800000e+00 6.800000e-01 7.016447e-01 7.810000e-04 1.121347e+00 2.626040e-06
3.850000e+00 6.800000e-01 7.016446e-01 7.813467e-04 1.121347e+00 1.208337e-06
3.900000e+00 6.800000e-01 7.016445e-01 7.815726e-04 1.121348e+00 4.445975e-07
3.950000e+00 6.800000e-01 7.016445e-01 7.817194e-04 1.121348e+00 5.554280e-08
4.000000e+00 6.800000e-01 7.016445e-01 7.818143e-04 1.121348e+00 -1.241503e-07
4.050000e+00 6.800000e-01 7.016446e-01 7.818754e-04 1.121349e+00 -1.909366e-07
4.100000e+00 6.800000e-01 7.016446e-01 7.819145e-04 1.121349e+00 -2.000586e-07
4.150000e+00 6.800000e-01 7.016446e-01 7.819394e-04 1.121349e+00 -1.823857e-07
4.200000e+00 6.800000e-01 7.016446e-01 7.819551e-04 1.121349e+00 -1.545802e-07
4.250000e+00 6.800000e-01 7.016446e-01 7.819649e-04 1.121349e+00 -1.251742e-07
4.300000e+00 6.800000e-01 7.016446e-01 7.819709e-04 1.121349e+00 -9.815856e-08
4.350000e+00 6.800000e-01 7.016446e-01 7.819745e-04 1.121349e+00 -7.507275e-08
4.400000e+00 6.800000e-01 7.016446e-01 7.819766e-04 1.121349e+00 -5.619849e-08
4.450000e+00 6.800000e-01 7.016446e-01 7.819777e-04 1.121349e+00 -4.122597e-08
4.500000e+00 6.800000e-01 7.016446e-01 7.819783e-04 1.121349e+00 -2.961312e-08
4.550000e+00 6.800000e-01 7.016446e-01 7.819785e-04 1.121349e+00 -2.076985e-08
4.600000e+00 6.800000e-01 7.016446e-01 7.819786e-04 1.121349e+00 -1.414501e-08
4.650000e+00 6.800000e-01 7.016446e-01 7.819785e-04 1.121349e+00 -9.260980e-09
4.700000e+00 6.800000e-01 7.016446e-01 7.819785e-04 1.121349e+00 -5.721378e-09
4.750000e+00 6.800000e-01 7.016446e-01 7.819783e-04 1.121349e+00 -3.206240e-09
4.800000e+00 6.800000e-01 7.016446e-01 7.819782e-04 1.121349e+00 -1.462084e-09
4.850000e+00 6.800000e-01 7.016446e-01 7.819781e-04 1.121349e+00 -2.908607e-10
4.900000e+00 6.800000e-01 7.016446e-01 7.819780e-04 1.121349e+00 4.604750e-10
4.950000e+00 6.800000e-01 7.016446e-01 7.819780e-04 1.121349e+00 9.090761e-10
5.000000e+00 6.800000e-01 7.016446e-01 7.819779e-04 1.121349e+00 1.143775e-09
5.050000e+00 6.800000e-01 7.016446e-01 7.819779e-04 1.121349e+00 1.231248e-09
5.100000e+00 6.800000e-01 7.016446e-01 7.819778e-04 1.121349e+00 1.220961e-09
5.150000e+00 6.800000e-01 7.016446e-01 7.819778e-04 1.121349e+00 1.149072e-09
5.200000e+00 6.800000e-01 7.016446e-01 7.819778e-04 1.121349e+00 1.041542e-09
5.250000e+00 6.800000e-01 7.016446e-01 7.819778e-04 1.121349e+00 9.165824e-10
5.300000e+00 6.800000e-01 7.016446e-01 7.819778e-04 1.121349e+00 7.865175e-10
5.350000e+00 6.800000e-01 7.016446e-01 7.819778e-04 1.121349e+00 6.592993e-10
5.400000e+00 6.800000e-01 7.016446e-01 7.819778e-04 1.121349e+00 5.396705e-10
5.450000e+00 6.800000e-01 7.016446e-01 7.819778e-04 1.121349e+00 4.300060e-10
5.500000e+00 6.800000e-01 7.016446e-01 7.819778e-04 1.121349e+00 3.310052e-10
5.550000e+00 6.800000e-01 7.016446e-01 7.819778e-04 1.121349e+00 2.421996e-10
5.600000e+00 6.800000e-01 7.016446e-01 7.819777e-04 1.121349e+00 1.622824e-10
5.650000e+00 6.800000e-01 7.016446e-01 7.819777e-04 1.121349e+00 8.936851e-11
5.700000e+00 6.800000e-01 7.016446e-01 7.819777e-04 1.121349e+00 2.114309e-11
5.750000e+00 6.800000e-01 7.016446e-01 7.819778e-04 1.121349e+00 -4.505507e-11
5.800000e+00 6.800000e-01 7.016446e-01 7.819778e-04 1.121349e+00 -1.122324e-10
5.850000e+00 6.800000e-01 7.016446e-01 7.819778e-04 1.121349e+00 -1.838030e-10
5.900000e+00 6.800000e-01 7.016446e-01 7.819778e-04 1.121349e+00 -2.636702e-10
5.950000e+00 6.800000e-01 7.016446e-01 7.819778e-04 1.121349e+00 -3.564016e-10
6.000000e+00 6.800000e-01 7.016446e-01 7.819778e-04 1.121349e+00 -4.674849e-10
6.050000e+00 6.800000e-01 7.016446e-01 7.819778e-04 1.121349e+00 -6.035927e-10
6.100000e+00 6.800000e-01 7.016446e-01 7.819778e-04 1.121349e+00 -7.730072e-10
6.150000e+00 6.800000e-01 7.016446e-01 7.819778e-04 1.121349e+00 -9.861489e-10
6.200000e+00 6.800000e-01 7.016446e-01 7.819778e-04 1.121349e+00 -1.256186e-09
6.250000e+00 6.800000e-01 7.016446e-01 7.819778e-04 1.121349e+00 -1.599932e-09
6.300000e+00 6.800000e-01 7.016446e-01 7.819778e-04 1.121349e+00 -2.038903e-09
6.350000e+00 6.800000e-01 7.016446e-01 7.819778e-04 1.121349e+00 -2.600725e-09
6.400000e+00 6.800000e-01 7.016446e-01 7.819778e-04 1.121349e+00 -3.320926e-09
6.450000e+00 6.800000e-01 7.016446e-01 7.819778e-04 1.121349e+00 -4.245247e-09
6.500000e+00 6.800000e-01 7.016446e-01 7.819778e-04 1.121349e+00 -5.432632e-09
6.550000e+00 6.800000e-01 7.016446e-01 7.819778e-04 1.121349e+00 -6.959056e-09
6.600000e+00 6.800000e-01 7.016446e-01 7.819778e-04 1.121349e+00 -8.922534e-09
6.650000e+00 6.800000e-01 7.016446e-01 7.819779e-04 1.121349e+00 -1.144936e-08
6.700000e+00 6.800000e-01 7.016446e-01 7.819779e-04 1.121349e+00 -1.470277e-08
6.750000e+00 6.800000e-01 7.016446e-01 7.819779e-04 1.121349e+00 -1.889214e-08
6.800000e+00 6.800000e-01 7.016446e-01 7.819779e-04 1.121349e+00 -2.429144e-08
6.850000e+00 6.800000e-01 7.016446e-01 7.819783e-04 1.121349e+00 -3.124167e-08
6.900000e+00 6.800000e-01 7.016446e-01 7.819774e-04 1.121349e+00 -4.022110e-08
6.950000e+00 6.800000e-01 7.016446e-01 7.819804e-04 1.121349e+00 -5.173013e-08
7.000000e+00 6.800000e-01 7.016446e-01 7.819718e-04 1.121349e+00 -6.675713e-08
7.050000e+00 6.800000e-01 7.016446e-01 7.819970e-04 1.121349e+00 -8.559527e-08
7.100000e+00 6.800000e-01 7.016446e-01 7.819278e-04 1.121349e+00 -1.113475e-07
7.150000e+00 6.800000e-01 7.016446e-01 7.821150e-04 1.121349e+00 -1.406780e-07
7.200000e+00 6.800000e-01 7.016446e-01 7.816277e-04 1.121349e+00 -1.884220e-07
7.250000e+00 6.800000e-01 7.016447e-01 7.828602e-04 1.121349e+00 -2.254042e-07
7.300000e+00 6.800000e-01 7.016447e-01 7.798507e-04 1.121349e+00 -3.318425e-07
7.350000e+00 6.800000e-01 7.016447e-01 7.869541e-04 1.121349e+00 -3.337090e-07
7.400000e+00 6.800000e-01 7.016447e-01 7.707919e-04 1.121349e+00 -6.361654e-07
7.450000e+00 6.800000e-01 7.016448e-01 8.062107e-04 1.121350e+00 -3.875265e-07
7.500000e+00 6.800000e-01 7.016447e-01 7.316200e-04 1.121348e+00 -1.368625e-06
7.550000e+00 6.800000e-01 7.016449e-01 8.823028e-04 1.121351e+00 -9.925896e-08
7.600000e+00 6.800000e-01 7.016447e-01 5.910551e-04 1.121346e+00 -3.158428e-06
7.650000e+00 6.800000e-01 7.016452e-01 1.128225e-03 1.121356e+00 1.143988e-06
7.700000e+00 6.800000e-01 7.016446e-01 1.860070e-04 1.121340e+00 -6.958604e-06
7.750000e+00 6.800000e-01 7.016459e-01 1.751653e-03 1.121368e+00 3.740408e-06
7.800000e+00 6.800000e-01 7.016443e-01 -7.011195e-04 1.121326e+00 -1.282040e-05
7.850000e+00 6.800000e-01 7.016472e-01 2.900716e-03 1.121389e+00 5.636686e-06
7.900000e+00 6.800000e-01 7.016437e-01 -2.021460e-03 1.121306e+00 -1.717292e-05
7.950000e+00 6.800000e-01 7.016489e-01 4.182905e-03 1.121413e+00 1.448795e-07
8.000000e+00 6.800000e-01 7.016437e-01 -2.953676e-03 1.121293e+00 -1.394707e-05
8.050000e+00 6.800000e-01 7.016503e-01 4.453061e-03 1.121422e+00 -1.710968e-05
8.100000e+00 6.800000e-01 7.016454e-01 -2.444292e-03 1.121306e+00 -9.196530e-06
8.150000e+00 6.800000e-01 7.016512e-01 3.465059e-03 1.121414e+00 -3.033674e-05
8.200000e+00 6.800000e-01 7.016484e-01 -1.783058e-03 1.121325e+00 -3.162848e-05
8.250000e+00 6.800000e-01 7.016544e-01 4.188830e-03 1.121436e+00 -1.841083e-05
8.300000e+00 6.800000e-01 7.016503e-01 -4.533313e-03 1.121297e+00 -8.278632e-05
8.350000e+00 6.800000e-01 7.016627e-01 8.385756e-03 1.121521e+00 -2.861079e-05
8.400000e+00 6.800000e-01 7.016531e-01 -8.110135e-03 1.121264e+00 -9.117510e-05
8.450000e+00 6.800000e-01 7.016718e-01 8.785421e-03 1.121566e+00 -1.288377e-04
8.500000e+00 6.800000e-01 7.016660e-01 -4.464964e-03 1.121348e+00 -8.761679e-05
8.550000e+00 6.800000e-01 7.016805e-01 3.795126e-03 1.121553e+00 -1.921875e-04
8.600000e+00 6.800000e-01 7.016852e-01 -3.576021e-03 1.121427e+00 -2.652437e-04
8.650000e+00 6.800000e-01 7.017071e-01 1.074698e-02 1.121732e+00 -1.841550e-04
8.700000e+00 6.800000e-01 7.017036e-01 -1.518590e-02 1.121382e+00 -4.389105e-04
8.750000e+00 6.800000e-01 7.017510e-01 1.706770e-02 1.121973e+00 -5.031116e-04
8.800000e+00 6.800000e-01 7.017540e-01 -8.304246e-03 1.121626e+00 -4.736767e-04
8.850000e+00 6.800000e-01 7.017983e-01 2.269568e-03 1.122053e+00 -8.525254e-04
8.900000e+00 6.800000e-01 7.018392e-01 -3.433232e-03 1.121982e+00 -1.105666e-03
8.950000e+00 6.800000e-01 7.019089e-01 1.921947e-02 1.122630e+00 -1.045790e-03
9.000000e+00 6.800000e-01 7.019438e-01 -2.851777e-02 1.122207e+00 -1.730589e-03
9.050000e+00 6.800000e-01 7.020819e-01 2.193629e-02 1.123344e+00 -2.324337e-03
9.100000e+00 6.800000e-01 7.021762e-01 -3.729910e-04 1.123261e+00 -2.452176e-03
9.150000e+00 6.800000e-01 7.023272e-01 -1.046104e-03 1.124234e+00 -3.374579e-03
9.200000e+00 6.800000e-01 7.025137e-01 -2.283161e-02 1.124431e+00 -4.923826e-03
9.250000e+00 6.800000e-01 7.028195e-01 4.629812e-02 1.126380e+00 -5.600588e-03
9.300000e+00 6.800000e-01 7.030737e-01 -2.590549e-02 1.126625e+00 -6.952010e-03
9.350000e+00 6.800000e-01 7.035147e-01 -7.821319e-03 1.128990e+00 -9.896788e-03
9.400000e+00 6.800000e-01 7.040634e-01 -2.378974e-04 1.130393e+00 -1.269176e-02
9.450000e+00 6.800000e-01 7.047839e-01 5.122391e-02 1.134060e+00 -1.511780e-02
9.500000e+00 6.800000e-01 7.055752e-01 -5.270078e-02 1.136258e+00 -1.998928e-02
9.550000e+00 6.800000e-01 7.067828e-01 -2.281484e-03 1.141610e+00 -2.707548e-02
9.600000e+00 6.800000e-01 7.082827e-01 1.495438e-02 1.145993e+00 -3.434078e-02
9.650000e+00 6.800000e-01 7.102169e-01 5.261404e-02 1.154271e+00 -4.316983e-02
9.700000e+00 6.800000e-01 7.125997e-01 -5.820646e-02 1.161946e+00 -5.712750e-02
9.750000e+00 6.800000e-01 7.159297e-01 -1.011125e-02 1.173894e+00 -7.651353e-02
9.800000e+00 6.800000e-01 7.202511e-01 1.204827e-02 1.186197e+00 -1.004656e-01
9.850000e+00 6.800000e-01 7.259762e-01 5.153222e-02 1.205330e+00 -1.326810e-01
9.900000e+00 6.800000e-01 7.335192e-01 -1.651944e-02 1.227528e+00 -1.791069e-01
9.950000e+00 6.800000e-01 7.438869e-01 4.736463e-03 1.259488e+00 -2.454482e-01
1.000000e+01 6.800000e-01 7.580640e-01 -6.178497e-04 0.000000e+00 0.000000e+00
0.000000e+00 7.000000e-01 7.837200e-01 2.400000e+00 0.000000e+00 0.000000e+00
5.000000e-02 7.000000e-01 7.840094e-01 2.339356e+00 1.249876e+00 -1.292496e-03
1.000000e-01 7.000000e-01 7.838492e-01 1.963100e+00 1.255313e+00 3.831360e-03
1.500000e-01 7.000000e-01 7.836263e-01 2.558289e+00 1.274570e+00 -2.107533e-03
2.000000e-01 7.000000e-01 7.840600e-01 3.301747e+00 1.264409e+00 -9.616038e-03
2.500000e-01 7.000000e-01 7.845879e-01 2.191678e+00 1.231646e+00 -1.609840e-03
3.000000e-01 7.000000e-01 7.842210e-01 9.068044e-01 1.241751e+00 9.492610e-03
3.500000e-01 7.000000e-01 7.836386e-01 2.396598e+00 1.286485e+00 1.451610e-03
4.000000e-01 7.000000e-01 7.840758e-01 4.254984e+00 1.277539e+00 -1.155226e-02
4.500000e-01 7.000000e-01 7.847938e-01 2.513432e+00 1.221218e+00 -3.561141e-03
5.000000e-01 7.000000e-01 7.844319e-01 -2.089525e-01 1.219627e+00 1.185969e-02
5.500000e-01 7.000000e-01 7.836079e-01 1.299021e+00 1.282936e+00 6.514361e-03
6.000000e-01 7.000000e-01 7.837805e-01 4.788775e+00 1.295143e+00 -8.000386e-03
6.500000e-01 7.000000e-01 7.844079e-01 3.664466e+00 1.228678e+00 -3.248615e-03
7.000000e-01 7.000000e-01 7.841054e-01 -6.018477e-01 1.199083e+00 1.139771e-02
7.500000e-01 7.000000e-01 7.832681e-01 -7.415866e-01 1.259023e+00 9.110884e-03
8.000000e-01 7.000000e-01 7.831943e-01 3.881215e+00 1.306547e+00 -4.617917e-03
8.500000e-01 7.000000e-01 7.837299e-01 5.258695e+00 1.253961e+00 -2.822955e-03
9.000000e-01 7.000000e-01 7.834766e-01 8.112958e-01 1.191175e+00 1.191668e-02
9.500000e-01 7.000000e-01 7.825383e-01 -2.335959e+00 1.219006e+00 1.352003e-02
1.000000e+00 7.000000e-01 7.821246e-01 9.123156e-01 1.293777e+00 -1.398010e-03
1.050000e+00 7.000000e-01 7.826781e-01 5.373230e+00 1.287470e+00 -7.587437e-03
1.100000e+00 7.000000e-01 7.828833e-01 3.853463e+00 1.207436e+00 7.792689e-03
1.150000e+00 7.000000e-01 7.818988e-01 -1.122950e+00 1.178040e+00 2.195676e-02
1.200000e+00 7.000000e-01 7.806876e-01 -2.135956e+00 1.241368e+00 1.276342e-02
1.250000e+00 7.000000e-01 7.806225e-01 2.198466e+00 1.297069e+00 -7.100583e-03
1.300000e+00 7.000000e-01 7.813977e-01 5.327700e+00 1.254149e+00 -6.247109e-03
1.350000e+00 7.000000e-01 7.812472e-01 2.995809e+00 1.176640e+00 1.757616e-02
1.400000e+00 7.000000e-01 7.796401e-01 -1.130247e+00 1.173369e+00 3.179736e-02
1.450000e+00 7.000000e-01 7.780674e-01 -1.430580e+00 1.242983e+00 1.613623e-02
1.500000e+00 7.000000e-01 7.780265e-01 2.257671e+00 1.280577e+00 -6.897564e-03
1.550000e+00 7.000000e-01 7.787572e-01 4.850900e+00 1.233499e+00 -2.741584e-03
1.600000e+00 7.000000e-01 7.783006e-01 3.416026e+00 1.168541e+00 2.533931e-02
1.650000e+00 7.000000e-01 7.762233e-01 2.416794e-01 1.167147e+00 4.138822e-02
1.700000e+00 7.000000e-01 7.741618e-01 -7.024139e-01 1.222171e+00 2.609530e-02
1.750000e+00 7.000000e-01 7.736137e-01 1.436206e+00 1.257467e+00 1.898743e-03
1.800000e+00 7.000000e-01 7.739719e-01 3.843380e+00 1.232012e+00 1.530218e-03
1.850000e+00 7.000000e-01 7.734607e-01 4.000029e+00 1.181400e+00 2.610836e-02
1.900000e+00 7.000000e-01 7.713611e-01 2.191745e+00 1.161741e+00 4.743819e-02
1.950000e+00 7.000000e-01 7.687169e-01 5.572492e-01 1.186096e+00 4.394462e-02
2.000000e+00 7.000000e-01 7.669666e-01 6.302123e-01 1.219648e+00 2.404964e-02
2.050000e+00 7.000000e-01 7.663119e-01 1.951976e+00 1.225752e+00 1.268514e-02
2.100000e+00 7.000000e-01 7.656981e-01 3.051693e+00 1.201916e+00 2.245225e-02
2.150000e+00 7.000000e-01 7.640667e-01 3.060239e+00 1.172064e+00 4.366666e-02
2.200000e+00 7.000000e-01 7.613314e-01 2.204644e+00 1.158343e+00 5.792225e-02
2.250000e+00 7.000000e-01 7.582745e-01 1.290408e+00 1.163885e+00 5.610604e-02
2.300000e+00 7.000000e-01 7.557208e-01 9.239909e-01 1.176208e+00 4.400145e-02
2.350000e+00 7.000000e-01 7.538743e-01 1.132242e+00 1.181576e+00 3.407577e-02
2.400000e+00 7.000000e-01 7.523133e-01 1.557840e+00 1.174955e+00 3.442855e-02
2.450000e+00 7.000000e-01 7.504315e-01 1.846130e+00 1.159812e+00 4.455126e-02
2.500000e+00 7.000000e-01 7.478581e-01 1.847539e+00 1.142655e+00 5.825198e-02
2.550000e+00 7.000000e-01 7.446063e-01 1.601665e+00 1.128470e+00 6.881986e-02
2.600000e+00 7.000000e-01 7.409761e-01 1.232908e+00 1.119223e+00 7.245022e-02
2.650000e+00 7.000000e-01 7.373613e-01 8.593375e-01 1.114556e+00 6.887486e-02
2.700000e+00 7.000000e-01 7.340887e-01 5.507951e-01 1.113107e+00 6.014375e-02
2.750000e+00 7.000000e-01 7.313469e-01 3.287081e-01 1.113474e+00 4.899272e-02
2.800000e+00 7.000000e-01 7.291894e-01 1.845184e-01 1.114641e+00 3.771387e-02
2.850000e+00 7.000000e-01 7.275755e-01 9.829539e-02 1.116007e+00 2.772751e-02
2.900000e+00 7.000000e-01 7.264166e-01 5.016588e-02 1.117278e+00 1.963942e-02
2.950000e+00 7.000000e-01 7.256116e-01 2.487675e-02 1.118340e+00 1.349685e-02
3.000000e+00 7.000000e-01 7.250670e-01 1.231382e-02 1.119176e+00 9.051674e-03
3.050000e+00 7.000000e-01 7.247064e-01 6.410771e-03 1.119806e+00 5.951735e-03
3.100000e+00 7.000000e-01 7.244718e-01 3.799718e-03 1.120268e+00 3.851080e-03
3.150000e+00 7.000000e-01 7.243213e-01 2.727913e-03 1.120598e+00 2.459124e-03
3.200000e+00 7.000000e-01 7.242259e-01 2.334489e-03 1.120830e+00 1.552888e-03
3.250000e+00 7.000000e-01 7.241660e-01 2.219491e-03 1.120990e+00 9.711096e-04
3.300000e+00 7.000000e-01 7.241288e-01 2.207587e-03 1.121099e+00 6.018719e-04
3.350000e+00 7.000000e-01 7.241058e-01 2.226993e-03 1.121174e+00 3.697808e-04
3.400000e+00 7.000000e-01 7.240918e-01 2.251004e-03 1.121223e+00 2.251414e-04
3.450000e+00 7.000000e-01 7.240833e-01 2.271292e-03 1.121256e+00 1.357270e-04
3.500000e+00 7.000000e-01 7.240782e-01 2.286375e-03 1.121278e+00 8.089790e-05
3.550000e+00 7.000000e-01 7.240752e-01 2.296941e-03 1.121292e+00 4.756443e-05
3.600000e+00 7.000000e-01 7.240734e-01 2.304117e-03 1.121302e+00 2.749286e-05
3.650000e+00 7.000000e-01 7.240724e-01 2.308907e-03 1.121308e+00 1.554114e-05
3.700000e+00 7.000000e-01 7.240719e-01 2.312072e-03 1.121312e+00 8.519908e-06
3.750000e+00 7.000000e-01 7.240716e-01 2.314151e-03 1.121314e+00 4.464485e-06
3.800000e+00 7.000000e-01 7.240714e-01 2.315510e-03 1.121316e+00 2.173462e-06
3.850000e+00 7.000000e-01 7.240714e-01 2.316395e-03 1.121317e+00 9.181084e-07
3.900000e+00 7.000000e-01 7.240714e-01 2.316970e-03 1.121318e+00 2.605079e-07
3.950000e+00 7.000000e-01 7.240714e-01 2.317342e-03 1.121318e+00 -5.961252e-08
4.000000e+00 7.000000e-01 7.240714e-01 2.317582e-03 1.121318e+00 -1.948834e-07
4.050000e+00 7.000000e-01 7.240714e-01 2.317736e-03 1.121319e+00 -2.333169e-07
4.100000e+00 7.000000e-01 7.240714e-01 2.317834e-03 1.121319e+00 -2.245612e-07
4.150000e+00 7.000000e-01 7.240714e-01 2.317896e-03 1.121319e+00 -1.957939e-07
4.200000e+00 7.000000e-01 7.240714e-01 2.317935e-03 1.121319e+00 -1.612510e-07
4.250000e+00 7.000000e-01 7.240714e-01 2.317959e-03 1.121319e+00 -1.278774e-07
4.300000e+00 7.000000e-01 7.240714e-01 2.317974e-03 1.121319e+00 -9.863153e-08
4.350000e+00 7.000000e-01 7.240714e-01 2.317983e-03 1.121319e+00 -7.438550e-08
4.400000e+00 7.000000e-01 7.240714e-01 2.317988e-03 1.121319e+00 -5.499353e-08
4.450000e+00 7.000000e-01 7.240714e-01 2.317990e-03 1.121319e+00 -3.987480e-08
4.500000e+00 7.000000e-01 7.240714e-01 2.317992e-03 1.121319e+00 -2.831794e-08
4.550000e+00 7.000000e-01 7.240714e-01 2.317992e-03 1.121319e+00 -1.962927e-08
4.600000e+00 7.000000e-01 7.240714e-01 2.317992e-03 1.121319e+00 -1.319607e-08
4.650000e+00 7.000000e-01 7.240714e-01 2.317992e-03 1.121319e+00 -8.505735e-09
4.700000e+00 7.000000e-01 7.240714e-01 2.317992e-03 1.121319e+00 -5.143529e-09
4.750000e+00 7.000000e-01 7.240714e-01 2.317992e-03 1.121319e+00 -2.781212e-09
4.800000e+00 7.000000e-01 7.240714e-01 2.317991e-03 1.121319e+00 -1.162992e-09
4.850000e+00 7.000000e-01 7.240714e-01 2.317991e-03 1.121319e+00 -9.184764e-11
4.900000e+00 7.000000e-01 7.240714e-01 2.317991e-03 1.121319e+00 5.825496e-10
4.950000e+00 7.000000e-01 7.240714e-01 2.317991e-03 1.121319e+00 9.739443e-10
5.000000e+00 7.000000e-01 7.240714e-01 2.317990e-03 1.121319e+00 1.167644e-09
5.050000e+00 7.000000e-01 7.240714e-01 2.317990e-03 1.121319e+00 1.227018e-09
5.100000e+00 7.000000e-01 7.240714e-01 2.317990e-03 1.121319e+00 1.198616e-09
5.150000e+00 7.000000e-01 7.240714e-01 2.317990e-03 1.121319e+00 1.116096e-09
5.200000e+00 7.000000e-01 7.240714e-01 2.317990e-03 1.121319e+00 1.003374e-09
5.250000e+00 7.000000e-01 7.240714e-01 2.317990e-03 1.121319e+00 8.770196e-10
5.300000e+00 7.000000e-01 7.240714e-01 2.317990e-03 1.121319e+00 7.480827e-10
5.350000e+00 7.000000e-01 7.240714e-01 2.317990e-03 1.121319e+00 6.235368e-10
5.400000e+00 7.000000e-01 7.240714e-01 2.317990e-03 1.121319e+00 5.073919e-10
5.450000e+00 7.000000e-01 7.240714e-01 2.317990e-03 1.121319e+00 4.015055e-10
5.500000e+00 7.000000e-01 7.240714e-01 2.317990e-03 1.121319e+00 3.062017e-10
5.550000e+00 7.000000e-01 7.240714e-01 2.317990e-03 1.121319e+00 2.207623e-10
5.600000e+00 7.000000e-01 7.240714e-01 2.317990e-03 1.121319e+00 1.437139e-10
5.650000e+00 7.000000e-01 7.240714e-01 2.317990e-03 1.121319e+00 7.304823e-11
5.700000e+00 7.000000e-01 7.240714e-01 2.317990e-03 1.121319e+00 6.369349e-12
5.750000e+00 7.000000e-01 7.240714e-01 2.317990e-03 1.121319e+00 -5.905498e-11
5.800000e+00 7.000000e-01 7.240714e-01 2.317990e-03 1.121319e+00 -1.263134e-10
5.850000e+00 7.000000e-01 7.240714e-01 2.317990e-03 1.121319e+00 -1.989109e-10
5.900000e+00 7.000000e-01 7.240714e-01 2.317990e-03 1.121319e+00 -2.809031e-10
5.950000e+00 7.000000e-01 7.240714e-01 2.317990e-03 1.121319e+00 -3.770484e-10
6.000000e+00 7.000000e-01 7.240714e-01 2.317990e-03 1.121319e+00 -4.930967e-10
6.050000e+00 7.000000e-01 7.240714e-01 2.317990e-03 1.121319e+00 -6.360934e-10
6.100000e+00 7.000000e-01 7.240714e-01 2.317990e-03 1.121319e+00 -8.148127e-10
6.150000e+00 7.000000e-01 7.240714e-01 2.317990e-03 1.121319e+00 -1.040330e-09
6.200000e+00 7.000000e-01 7.240714e-01 2.317990e-03 1.121319e+00 -1.326669e-09
6.250000e+00 7.000000e-01 7.240714e-01 2.317990e-03 1.121319e+00 -1.691768e-09
6.300000e+00 7.000000e-01 7.240714e-01 2.317990e-03 1.121319e+00 -2.158609e-09
6.350000e+00 7.000000e-01 7.240714e-01 2.317990e-03 1.121319e+00 -2.756727e-09
6.400000e+00 7.000000e-01 7.240714e-01 2.317990e-03 1.121319e+00 -3.524125e-09
6.450000e+00 7.000000e-01 7.240714e-01 2.317990e-03 1.121319e+00 -4.509755e-09
6.500000e+00 7.000000e-01 7.240714e-01 2.317990e-03 1.121319e+00 -5.776719e-09
6.550000e+00 7.000000e-01 7.240714e-01 2.317990e-03 1.121319e+00 -7.406369e-09
6.600000e+00 7.000000e-01 7.240714e-01 2.317990e-03 1.121319e+00 -9.503696e-09
6.650000e+00 7.000000e-01 7.240714e-01 2.317990e-03 1.121319e+00 -1.220394e-08
6.700000e+00 7.000000e-01 7.240714e-01 2.317990e-03 1.121319e+00 -1.568218e-08
6.750000e+00 7.000000e-01 7.240714e-01 2.317991e-03 1.121319e+00 -2.016216e-08
6.800000e+00 7.000000e-01 7.240714e-01 2.317990e-03 1.121319e+00 -2.593952e-08
6.850000e+00 7.000000e-01 7.240714e-01 2.317991e-03 1.121319e+00 -3.337339e-08
6.900000e+00 7.000000e-01 7.240714e-01 2.317990e-03 1.121319e+00 -4.299575e-08
6.950000e+00 7.000000e-01 7.240714e-01 2.317996e-03 1.121319e+00 -5.528627e-08
7.000000e+00 7.000000e-01 7.240714e-01 2.317979e-03 1.121319e+00 -7.146703e-08
7.050000e+00 7.000000e-01 7.240715e-01 2.318028e-03 1.121319e+00 -9.140145e-08
7.100000e+00 7.000000e-01 7.240715e-01 2.317894e-03 1.121319e+00 -1.196314e-07
7.150000e+00 7.000000e-01 7.240715e-01 2.318255e-03 1.121319e+00 -1.494106e-07
7.200000e+00 7.000000e-01 7.240715e-01 2.317326e-03 1.121319e+00 -2.046510e-07
7.250000e+00 7.000000e-01 7.240715e-01 2.319655e-03 1.121319e+00 -2.345330e-07
7.300000e+00 7.000000e-01 7.240715e-01 2.314024e-03 1.121319e+00 -3.711017e-07
7.350000e+00 7.000000e-01 7.240715e-01 2.327187e-03 1.121319e+00 -3.232389e-07
7.400000e+00 7.000000e-01 7.240715e-01 2.297538e-03 1.121319e+00 -7.537111e-07
7.450000e+00 7.000000e-01 7.240716e-01 2.361864e-03 1.121320e+00 -2.703772e-07
7.500000e+00 7.000000e-01 7.240716e-01 2.227776e-03 1.121318e+00 -1.745015e-06
7.550000e+00 7.000000e-01 7.240718e-01 2.495879e-03 1.121322e+00 4.009363e-07
7.600000e+00 7.000000e-01 7.240715e-01 1.983051e-03 1.121315e+00 -4.261852e-06
7.650000e+00 7.000000e-01 7.240722e-01 2.919014e-03 1.121328e+00 2.649151e-06
7.700000e+00 7.000000e-01 7.240712e-01 1.294635e-03 1.121306e+00 -9.619111e-06
7.750000e+00 7.000000e-01 7.240732e-01 3.965157e-03 1.121343e+00 7.034480e-06
7.800000e+00 7.000000e-01 7.240705e-01 -1.740383e-04 1.121287e+00 -1.760249e-05
7.850000e+00 7.000000e-01 7.240749e-01 5.840189e-03 1.121370e+00 1.039974e-05
7.900000e+00 7.000000e-01 7.240695e-01 -2.294295e-03 1.121260e+00 -2.257736e-05
7.950000e+00 7.000000e-01 7.240772e-01 7.860874e-03 1.121400e+00 3.135752e-06
8.000000e+00 7.000000e-01 7.240692e-01 -3.725759e-03 1.121243e+00 -1.585022e-05
8.050000e+00 7.000000e-01 7.240788e-01 8.242860e-03 1.121409e+00 -1.980501e-05
8.100000e+00 7.000000e-01 7.240712e-01 -2.932703e-03 1.121258e+00 -7.123385e-06
8.150000e+00 7.000000e-01 7.240795e-01 6.809611e-03 1.121397e+00 -3.412577e-05
8.200000e+00 7.000000e-01 7.240746e-01 -2.134527e-03 1.121276e+00 -3.653170e-05
8.250000e+00 7.000000e-01 7.240831e-01 8.219246e-03 1.121423e+00 -1.141690e-05
8.300000e+00 7.000000e-01 7.240757e-01 -6.582013e-03 1.121234e+00 -1.010094e-04
8.350000e+00 7.000000e-01 7.240932e-01 1.465465e-02 1.121520e+00 -2.041511e-05
8.400000e+00 7.000000e-01 7.240778e-01 -1.184363e-02 1.121187e+00 -9.984777e-05
8.450000e+00 7.000000e-01 7.241032e-01 1.512030e-02 1.121560e+00 -1.461007e-04
8.500000e+00 7.000000e-01 7.240924e-01 -6.615108e-03 1.121274e+00 -8.369851e-05
8.550000e+00 7.000000e-01 7.241116e-01 8.455819e-03 1.121536e+00 -2.063719e-04
8.600000e+00 7.000000e-01 7.241130e-01 -6.264389e-03 1.121334e+00 -3.022572e-04
8.650000e+00 7.000000e-01 7.241418e-01 1.913229e-02 1.121725e+00 -1.710579e-04
8.700000e+00 7.000000e-01 7.241301e-01 -2.276451e-02 1.121255e+00 -4.859847e-04
8.750000e+00 7.000000e-01 7.241904e-01 2.758931e-02 1.121950e+00 -5.506022e-04
8.800000e+00 7.000000e-01 7.241852e-01 -1.329551e-02 1.121482e+00 -4.861461e-04
8.850000e+00 7.000000e-01 7.242390e-01 8.645775e-03 1.122002e+00 -9.176654e-04
8.900000e+00 7.000000e-01 7.242769e-01 -8.779244e-03 1.121770e+00 -1.219660e-03
8.950000e+00 7.000000e-01 7.243610e-01 3.254857e-02 1.122555e+00 -1.082912e-03
9.000000e+00 7.000000e-01 7.243852e-01 -4.142641e-02 1.121929e+00 -1.863682e-03
9.050000e+00 7.000000e-01 7.245474e-01 3.548736e-02 1.123166e+00 -2.523715e-03
9.100000e+00 7.000000e-01 7.246376e-01 -6.940380e-03 1.122849e+00 -2.621896e-03
9.150000e+00 7.000000e-01 7.248095e-01 1.016433e-02 1.123981e+00 -3.586734e-03
9.200000e+00 7.000000e-01 7.249963e-01 -3.718220e-02 1.123804e+00 -5.327128e-03
9.250000e+00 7.000000e-01 7.253423e-01 6.717229e-02 1.125838e+00 -6.013491e-03
9.300000e+00 7.000000e-01 7.255976e-01 -4.011180e-02 1.125728e+00 -7.444497e-03
9.350000e+00 7.000000e-01 7.260867e-01 7.255409e-03 1.128162e+00 -1.058838e-02
9.400000e+00 7.000000e-01 7.266565e-01 -1.592986e-02 1.128852e+00 -1.363891e-02
9.450000e+00 7.000000e-01 7.274506e-01 7.468896e-02 1.132523e+00 -1.622060e-02
9.500000e+00 7.000000e-01 7.282785e-01 -7.081708e-02 1.133990e+00 -2.139822e-02
9.550000e+00 7.000000e-01 7.295904e-01 2.011526e-02 1.139050e+00 -2.885397e-02
9.600000e+00 7.000000e-01 7.311639e-01 -7.512237e-03 1.142003e+00 -3.667470e-02
9.650000e+00 7.000000e-01 7.332579e-01 7.704431e-02 1.149671e+00 -4.611659e-02
9.700000e+00 7.000000e-01 7.357756e-01 -7.176346e-02 1.155422e+00 -6.070624e-02
9.750000e+00 7.000000e-01 7.393285e-01 1.874578e-02 1.165778e+00 -8.083358e-02
9.800000e+00 7.000000e-01 7.438589e-01 -1.326258e-02 1.174308e+00 -1.059978e-01
9.850000e+00 7.000000e-01 7.499283e-01 7.104328e-02 1.189530e+00 -1.398921e-01
9.900000e+00 7.000000e-01 7.578482e-01 -1.836300e-02 1.204664e+00 -1.884276e-01
9.950000e+00 7.000000e-01 7.687711e-01 3.345723e-02 1.227777e+00 -2.587184e-01
1.000000e+01 7.000000e-01 7.837200e-01 2.073249e-02 0.000000e+00 0.000000e+00
0.000000e+00 7.200000e-01 8.084160e-01 2.640000e+00 0.000000e+00 0.000000e+00
5.000000e-02 7.200000e-01 8.085861e-01 2.539209e+00 1.204248e+00 -1.413383e-03
1.000000e-01 7.200000e-01 8.085573e-01 2.595486e+00 1.208903e+00 6.778482e-04
1.500000e-01 7.200000e-01 8.085183e-01 2.954052e+00 1.214110e+00 -1.418374e-03
2.000000e-01 7.200000e-01 8.086992e-01 2.758537e+00 1.205439e+00 -3.980380e-03
2.500000e-01 7.200000e-01 8.089163e-01 2.106203e+00 1.196675e+00 -1.713559e-03
3.000000e-01 7.200000e-01 8.088705e-01 2.374830e+00 1.207309e+00 2.022926e-03
3.500000e-01 7.200000e-01 8.087140e-01 3.359724e+00 1.218695e+00 1.020271e-03
4.000000e-01 7.200000e-01 8.087685e-01 3.085336e+00 1.205808e+00 -2.076864e-03
4.500000e-01 7.200000e-01 8.089217e-01 1.734631e+00 1.190999e+00 -1.415985e-03
5.000000e-01 7.200000e-01 8.089101e-01 1.806042e+00 1.203517e+00 1.446699e-03
5.500000e-01 7.200000e-01 8.087770e-01 3.497929e+00 1.221189e+00 2.608814e-03
6.000000e-01 7.200000e-01 8.086492e-01 3.740628e+00 1.209083e+00 2.981910e-03
6.500000e-01 7.200000e-01 8.084789e-01 1.766644e+00 1.189132e+00 3.096116e-03
7.000000e-01 7.200000e-01 8.083396e-01 9.179955e-01 1.199494e+00 9.396078e-04
7.500000e-01 7.200000e-01 8.083849e-01 2.890208e+00 1.222570e+00 -1.233011e-04
8.000000e-01 7.200000e-01 8.083519e-01 4.428934e+00 1.216268e+00 4.528937e-03
8.500000e-01 7.200000e-01 8.079320e-01 2.666205e+00 1.189454e+00 9.728013e-03
9.000000e-01 7.200000e-01 8.073791e-01 3.539079e-01 1.190510e+00 6.295921e-03
9.500000e-01 7.200000e-01 8.073024e-01 1.307578e+00 1.218378e+00 -1.426378e-03
1.000000e+00 7.200000e-01 8.075218e-01 4.116896e+00 1.227060e+00 -3.049362e-04
1.050000e+00 7.200000e-01 8.073329e-01 4.212377e+00 1.197482e+00 9.796462e-03
1.100000e+00 7.200000e-01 8.065421e-01 1.299077e+00 1.174905e+00 1.499962e-02
1.150000e+00 7.200000e-01 8.058329e-01 -1.865059e-01 1.194241e+00 8.116678e-03
1.200000e+00 7.200000e-01 8.057305e-01 1.949562e+00 1.225329e+00 -2.923511e-04
1.250000e+00 7.200000e-01 8.058622e-01 4.494466e+00 1.217528e+00 2.329728e-03
1.300000e+00 7.200000e-01 8.054975e-01 3.686162e+00 1.176110e+00 1.390455e-02
1.350000e+00 7.200000e-01 8.044717e-01 7.613246e-01 1.158163e+00 2.074367e-02
1.400000e+00 7.200000e-01 8.034231e-01 -2.248828e-01 1.186570e+00 1.493998e-02
1.450000e+00 7.200000e-01 8.029777e-01 1.931059e+00 1.218581e+00 4.571922e-03
1.500000e+00 7.200000e-01 8.029659e-01 4.218011e+00 1.204802e+00 4.327967e-03
1.550000e+00 7.200000e-01 8.025449e-01 3.725104e+00 1.159810e+00 1.720943e-02
1.600000e+00 7.200000e-01 8.012450e-01 1.319062e+00 1.139747e+00 2.935267e-02
1.650000e+00 7.200000e-01 7.996097e-01 1.953472e-02 1.166110e+00 2.669845e-02
1.700000e+00 7.200000e-01 7.985751e-01 1.239105e+00 1.200781e+00 1.324602e-02
1.750000e+00 7.200000e-01 7.982851e-01 3.348086e+00 1.197542e+00 7.133050e-03
1.800000e+00 7.200000e-01 7.978618e-01 3.985160e+00 1.159794e+00 1.816073e-02
1.850000e+00 7.200000e-01 7.964690e-01 2.732616e+00 1.129921e+00 3.575172e-02
1.900000e+00 7.200000e-01 7.942867e-01 1.099554e+00 1.136719e+00 4.184839e-02
1.950000e+00 7.200000e-01 7.922841e-01 7.063741e-01 1.166830e+00 3.184295e-02
2.000000e+00 7.200000e-01 7.911024e-01 1.706535e+00 1.185054e+00 1.909845e-02
2.050000e+00 7.200000e-01 7.903743e-01 2.945640e+00 1.173736e+00 1.915451e-02
2.100000e+00 7.200000e-01 7.891869e-01 3.341633e+00 1.145498e+00 3.364264e-02
2.150000e+00 7.200000e-01 7.870100e-01 2.743942e+00 1.124538e+00 5.060908e-02
2.200000e+00 7.200000e-01 7.841260e-01 1.768097e+00 1.123686e+00 5.729574e-02
2.250000e+00 7.200000e-01 7.812805e-01 1.136567e+00 1.137189e+00 5.123366e-02
2.300000e+00 7.200000e-01 7.790026e-01 1.127516e+00 1.150128e+00 4.041338e-02
2.350000e+00 7.200000e-01 7.772391e-01 1.520487e+00 1.151913e+00 3.492892e-02
2.400000e+00 7.200000e-01 7.755098e-01 1.925855e+00 1.141838e+00 3.930824e-02
2.450000e+00 7.200000e-01 7.733083e-01 2.085631e+00 1.125832e+00 5.107021e-02
2.500000e+00 7.200000e-01 7.704027e-01 1.951174e+00 1.110684e+00 6.408238e-02
2.550000e+00 7.200000e-01 7.669001e-01 1.612884e+00 1.100485e+00 7.273362e-02
2.600000e+00 7.200000e-01 7.631294e-01 1.200894e+00 1.096086e+00 7.432193e-02
2.650000e+00 7.200000e-01 7.594679e-01 8.178418e-01 1.096270e+00 6.920047e-02
2.700000e+00 7.200000e-01 7.562093e-01 5.158762e-01 1.099167e+00 5.956448e-02
2.750000e+00 7.200000e-01 7.535114e-01 3.045899e-01 1.103163e+00 4.802856e-02
2.800000e+00 7.200000e-01 7.514065e-01 1.699562e-01 1.107207e+00 3.669166e-02
2.850000e+00 7.200000e-01 7.498422e-01 9.059178e-02 1.110765e+00 2.681164e-02
2.900000e+00 7.200000e-01 7.487253e-01 4.691325e-02 1.113650e+00 1.888956e-02
2.950000e+00 7.200000e-01 7.479533e-01 2.438529e-02 1.115867e+00 1.291654e-02
3.000000e+00 7.200000e-01 7.474336e-01 1.351836e-02 1.117506e+00 8.619684e-03
3.050000e+00 7.200000e-01 7.470913e-01 8.668701e-03 1.118685e+00 5.639257e-03
3.100000e+00 7.200000e-01 7.468697e-01 6.725084e-03 1.119513e+00 3.630035e-03
3.150000e+00 7.200000e-01 7.467283e-01 6.084532e-03 1.120084e+00 2.305531e-03
3.200000e+00 7.200000e-01 7.466392e-01 5.973830e-03 1.120473e+00 1.447712e-03
3.250000e+00 7.200000e-01 7.465835e-01 6.045761e-03 1.120734e+00 8.999515e-04
3.300000e+00 7.200000e-01 7.465492e-01 6.157890e-03 1.120907e+00 5.542096e-04
3.350000e+00 7.200000e-01 7.465281e-01 6.259614e-03 1.121022e+00 3.381239e-04
3.400000e+00 7.200000e-01 7.465154e-01 6.338170e-03 1.121097e+00 2.042652e-04
3.450000e+00 7.200000e-01 7.465077e-01 6.394509e-03 1.121146e+00 1.220458e-04
3.500000e+00 7.200000e-01 7.465032e-01 6.433351e-03 1.121177e+00 7.198184e-05
3.550000e+00 7.200000e-01 7.465005e-01 6.459531e-03 1.121198e+00 4.178412e-05
3.600000e+00 7.200000e-01 7.464990e-01 6.476942e-03 1.121211e+00 2.376460e-05
3.650000e+00 7.200000e-01 7.464981e-01 6.488424e-03 1.121219e+00 1.314912e-05
3.700000e+00 7.200000e-01 7.464977e-01 6.495954e-03 1.121224e+00 6.993971e-06
3.750000e+00 7.200000e-01 7.464974e-01 6.500872e-03 1.121228e+00 3.497365e-06
3.800000e+00 7.200000e-01 7.464973e-01 6.504073e-03 1.121230e+00 1.565217e-06
3.850000e+00 7.200000e-01 7.464973e-01 6.506151e-03 1.121231e+00 5.391664e-07
3.900000e+00 7.200000e-01 7.464973e-01 6.507496e-03 1.121232e+00 2.723407e-08
3.950000e+00 7.200000e-01 7.464973e-01 6.508363e-03 1.121232e+00 -2.009781e-07
4.000000e+00 7.200000e-01 7.464973e-01 6.508919e-03 1.121233e+00 -2.787437e-07
4.050000e+00 7.200000e-01 7.464973e-01 6.509275e-03 1.121233e+00 -2.815765e-07
4.100000e+00 7.200000e-01 7.464973e-01 6.509501e-03 1.121233e+00 -2.510847e-07
4.150000e+00 7.200000e-01 7.464973e-01 6.509643e-03 1.121233e+00 -2.092935e-07
4.200000e+00 7.200000e-01 7.464973e-01 6.509731e-03 1.121233e+00 -1.671514e-07
4.250000e+00 7.200000e-01 7.464973e-01 6.509786e-03 1.121233e+00 -1.295165e-07
4.300000e+00 7.200000e-01 7.464973e-01 6.509819e-03 1.121233e+00 -9.803059e-08
4.350000e+00 7.200000e-01 7.464973e-01 6.509838e-03 1.121233e+00 -7.274139e-08
4.400000e+00 7.200000e-01 7.464974e-01 6.509849e-03 1.121233e+00 -5.299192e-08
4.450000e+00 7.200000e-01 7.464974e-01 6.509855e-03 1.121233e+00 -3.788857e-08
4.500000e+00 7.200000e-01 7.464974e-01 6.509857e-03 1.121233e+00 -2.653204e-08
4.550000e+00 7.200000e-01 7.464974e-01 6.509858e-03 1.121233e+00 -1.811862e-08
4.600000e+00 7.200000e-01 7.464974e-01 6.509858e-03 1.121233e+00 -1.197379e-08
4.650000e+00 7.200000e-01 7.464974e-01 6.509858e-03 1.121233e+00 -7.552489e-09
4.700000e+00 7.200000e-01 7.464974e-01 6.509857e-03 1.121233e+00 -4.425027e-09
4.750000e+00 7.200000e-01 7.464974e-01 6.509856e-03 1.121233e+00 -2.258390e-09
4.800000e+00 7.200000e-01 7.464974e-01 6.509855e-03 1.121233e+00 -7.976142e-10
4.850000e+00 7.200000e-01 7.464974e-01 6.509855e-03 1.121233e+00 1.506673e-10
4.900000e+00 7.200000e-01 7.464974e-01 6.509854e-03 1.121233e+00 7.319312e-10
4.950000e+00 7.200000e-01 7.464974e-01 6.509854e-03 1.121233e+00 1.054823e-09
5.000000e+00 7.200000e-01 7.464974e-01 6.509853e-03 1.121233e+00 1.199834e-09
5.050000e+00 7.200000e-01 7.464974e-01 6.509853e-03 1.121233e+00 1.226036e-09
5.100000e+00 7.200000e-01 7.464974e-01 6.509853e-03 1.121233e+00 1.176297e-09
5.150000e+00 7.200000e-01 7.464974e-01 6.509853e-03 1.121233e+00 1.081242e-09
5.200000e+00 7.200000e-01 7.464974e-01 6.509853e-03 1.121233e+00 9.623236e-10
5.250000e+00 7.200000e-01 7.464974e-01 6.509852e-03 1.121233e+00 8.341772e-10
5.300000e+00 7.200000e-01 7.464974e-01 6.509852e-03 1.121233e+00 7.063605e-10
5.350000e+00 7.200000e-01 7.464974e-01 6.509852e-03 1.121233e+00 5.847178e-10
5.400000e+00 7.200000e-01 7.464974e-01 6.509852e-03 1.121233e+00 4.724277e-10
5.450000e+00 7.200000e-01 7.464974e-01 6.509852e-03 1.121233e+00 3.707579e-10
5.500000e+00 7.200000e-01 7.464974e-01 6.509852e-03 1.121233e+00 2.796252e-10
5.550000e+00 7.200000e-01 7.464974e-01 6.509852e-03 1.121233e+00 1.980338e-10
5.600000e+00 7.200000e-01 7.464974e-01 6.509852e-03 1.121233e+00 1.243283e-10
5.650000e+00 7.200000e-01 7.464974e-01 6.509852e-03 1.121233e+00 5.637935e-11
5.700000e+00 7.200000e-01 7.464974e-01 6.509852e-03 1.121233e+00 -8.274492e-12
5.750000e+00 7.200000e-01 7.464974e-01 6.509852e-03 1.121233e+00 -7.241985e-11
5.800000e+00 7.200000e-01 7.464974e-01 6.509852e-03 1.121233e+00 -1.392086e-10
5.850000e+00 7.200000e-01 7.464974e-01 6.509852e-03 1.121233e+00 -2.122214e-10
5.900000e+00 7.200000e-01 7.464974e-01 6.509852e-03 1.121233e+00 -2.956035e-10
5.950000e+00 7.200000e-01 7.464974e-01 6.509852e-03 1.121233e+00 -3.942713e-10
6.000000e+00 7.200000e-01 7.464974e-01 6.509852e-03 1.121233e+00 -5.141942e-10
6.050000e+00 7.200000e-01 7.464974e-01 6.509852e-03 1.121233e+00 -6.627088e-10
6.100000e+00 7.200000e-01 7.464974e-01 6.509852e-03 1.121233e+00 -8.489887e-10
6.150000e+00 7.200000e-01 7.464974e-01 6.509852e-03 1.121233e+00 -1.084647e-09
6.200000e+00 7.200000e-01 7.464974e-01 6.509852e-03 1.121233e+00 -1.384429e-09
6.250000e+00 7.200000e-01 7.464974e-01 6.509852e-03 1.121233e+00 -1.767205e-09
6.300000e+00 7.200000e-01 7.464974e-01 6.509852e-03 1.121233e+00 -2.257183e-09
6.350000e+00 7.200000e-01 7.464974e-01 6.509852e-03 1.121233e+00 -2.885497e-09
6.400000e+00 7.200000e-01 7.464974e-01 6.509853e-03 1.121233e+00 -3.692233e-09
6.450000e+00 7.200000e-01 7.464974e-01 6.509853e-03 1.121233e+00 -4.729034e-09
6.500000e+00 7.200000e-01 7.464974e-01 6.509853e-03 1.121233e+00 -6.062503e-09
6.550000e+00 7.200000e-01 7.464974e-01 6.509853e-03 1.121233e+00 -7.778511e-09
6.600000e+00 7.200000e-01 7.464974e-01 6.509853e-03 1.121233e+00 -9.987936e-09
6.650000e+00 7.200000e-01 7.464974e-01 6.509853e-03 1.121233e+00 -1.283350e-08
6.700000e+00 7.200000e-01 7.464974e-01 6.509853e-03 1.121233e+00 -1.650043e-08
6.750000e+00 7.200000e-01 7.464974e-01 6.509854e-03 1.121233e+00 -2.122407e-08
6.800000e+00 7.200000e-01 7.464974e-01 6.509854e-03 1.121233e+00 -2.731995e-08
6.850000e+00 7.200000e-01 7.464974e-01 6.509855e-03 1.121233e+00 -3.515753e-08
6.900000e+00 7.200000e-01 7.464974e-01 6.509852e-03 1.121233e+00 -4.532900e-08
6.950000e+00 7.200000e-01 7.464974e-01 6.509864e-03 1.121233e+00 -5.825331e-08
7.000000e+00 7.200000e-01 7.464974e-01 6.509833e-03 1.121233e+00 -7.547165e-08
7.050000e+00 7.200000e-01 7.464974e-01 6.509925e-03 1.121233e+00 -9.615219e-08
7.100000e+00 7.200000e-01 7.464974e-01 6.509681e-03 1.121233e+00 -1.269314e-07
7.150000e+00 7.200000e-01 7.464974e-01 6.510331e-03 1.121233e+00 -1.559302e-07
7.200000e+00 7.200000e-01 7.464974e-01 6.508675e-03 1.121233e+00 -2.203091e-07
7.250000e+00 7.200000e-01 7.464974e-01 6.512792e-03 1.121233e+00 -2.376036e-07
7.300000e+00 7.200000e-01 7.464974e-01 6.502939e-03 1.121233e+00 -4.144979e-07
7.350000e+00 7.200000e-01 7.464975e-01 6.525757e-03 1.121233e+00 -2.923240e-07
7.400000e+00 7.200000e-01 7.464974e-01 6.474865e-03 1.121233e+00 -8.982434e-07
7.450000e+00 7.200000e-01 7.464975e-01 6.584208e-03 1.121234e+00 -8.242660e-08
7.500000e+00 7.200000e-01 7.464975e-01 6.358558e-03 1.121232e+00 -2.229501e-06
7.550000e+00 7.200000e-01 7.464978e-01 6.805212e-03 1.121237e+00 1.119493e-06
7.600000e+00 7.200000e-01 7.464973e-01 5.959595e-03 1.121227e+00 -5.691047e-06
7.650000e+00 7.200000e-01 7.464983e-01 7.486988e-03 1.121244e+00 4.704157e-06
7.700000e+00 7.200000e-01 7.464969e-01 4.863993e-03 1.121216e+00 -1.301714e-05
7.750000e+00 7.200000e-01 7.464996e-01 9.130593e-03 1.121263e+00 1.137147e-05
7.800000e+00 7.200000e-01 7.464957e-01 2.588263e-03 1.121192e+00 -2.354292e-05
7.850000e+00 7.200000e-01 7.465020e-01 1.199268e-02 1.121295e+00 1.646363e-05
7.900000e+00 7.200000e-01 7.464941e-01 -5.931377e-04 1.121160e+00 -2.896244e-05
7.950000e+00 7.200000e-01 7.465049e-01 1.496177e-02 1.121328e+00 6.812965e-06
8.000000e+00 7.200000e-01 7.464934e-01 -2.630263e-03 1.121140e+00 -1.761330e-05
8.050000e+00 7.200000e-01 7.465066e-01 1.543673e-02 1.121336e+00 -2.287936e-05
8.100000e+00 7.200000e-01 7.464957e-01 -1.447847e-03 1.121157e+00 -4.273940e-06
8.150000e+00 7.200000e-01 7.465071e-01 1.347737e-02 1.121320e+00 -3.759757e-05
8.200000e+00 7.200000e-01 7.464995e-01 -6.020402e-04 1.121173e+00 -4.237700e-05
8.250000e+00 7.200000e-01 7.465113e-01 1.592881e-02 1.121351e+00 -1.611014e-06
8.300000e+00 7.200000e-01 7.464996e-01 -7.314835e-03 1.121119e+00 -1.213067e-04
8.350000e+00 7.200000e-01 7.465234e-01 2.516118e-02 1.121454e+00 -1.003165e-05
8.400000e+00 7.200000e-01 7.465006e-01 -1.453114e-02 1.121065e+00 -1.073270e-04
8.450000e+00 7.200000e-01 7.465342e-01 2.557771e-02 1.121488e+00 -1.635022e-04
8.500000e+00 7.200000e-01 7.465170e-01 -7.452980e-03 1.121149e+00 -7.812613e-05
8.550000e+00 7.200000e-01 7.465420e-01 1.729004e-02 1.121459e+00 -2.163078e-04
8.600000e+00 7.200000e-01 7.465386e-01 -8.279501e-03 1.121188e+00 -3.408135e-04
8.650000e+00 7.200000e-01 7.465761e-01 3.266327e-02 1.121648e+00 -1.522572e-04
8.700000e+00 7.200000e-01 7.465538e-01 -3.030409e-02 1.121090e+00 -5.286389e-04
8.750000e+00 7.200000e-01 7.466289e-01 4.322032e-02 1.121845e+00 -5.940208e-04
8.800000e+00 7.200000e-01 7.466132e-01 -1.801986e-02 1.121290e+00 -4.946947e-04
8.850000e+00 7.200000e-01 7.466784e-01 2.063741e-02 1.121887e+00 -9.679346e-04
8.900000e+00 7.200000e-01 7.467100e-01 -1.514943e-02 1.121503e+00 -1.326637e-03
8.950000e+00 7.200000e-01 7.468111e-01 5.251209e-02 1.122387e+00 -1.109408e-03
9.000000e+00 7.200000e-01 7.468210e-01 -5.518178e-02 1.121624e+00 -1.975122e-03
9.050000e+00 7.200000e-01 7.470086e-01 5.538273e-02 1.122887e+00 -2.692332e-03
9.100000e+00 7.200000e-01 7.470902e-01 -1.568659e-02 1.122370e+00 -2.778408e-03
9.150000e+00 7.200000e-01 7.472864e-01 3.037640e-02 1.123637e+00 -3.756379e-03
9.200000e+00 7.200000e-01 7.474658e-01 -5.458254e-02 1.123126e+00 -5.666588e-03
9.250000e+00 7.200000e-01 7.478531e-01 9.554305e-02 1.125146e+00 -6.370240e-03
9.300000e+00 7.200000e-01 7.481029e-01 -5.713732e-02 1.124753e+00 -7.881346e-03
9.350000e+00 7.200000e-01 7.486412e-01 3.408234e-02 1.127194e+00 -1.114636e-02
9.400000e+00 7.200000e-01 7.492175e-01 -3.818807e-02 1.127203e+00 -1.443631e-02
9.450000e+00 7.200000e-01 7.500848e-01 1.086151e-01 1.130765e+00 -1.717314e-02
9.500000e+00 7.200000e-01 7.509348e-01 -9.298650e-02 1.131558e+00 -2.260002e-02
9.550000e+00 7.200000e-01 7.523448e-01 5.757860e-02 1.136242e+00 -3.028073e-02
9.600000e+00 7.200000e-01 7.539629e-01 -3.906107e-02 1.137800e+00 -3.858926e-02
9.650000e+00 7.200000e-01 7.562038e-01 1.163915e-01 1.144718e+00 -4.853724e-02
9.700000e+00 7.200000e-01 7.588166e-01 -9.273459e-02 1.148502e+00 -6.357018e-02
9.750000e+00 7.200000e-01 7.625608e-01 6.856377e-02 1.157209e+00 -8.406812e-02
9.800000e+00 7.200000e-01 7.672234e-01 -4.433672e-02 1.161932e+00 -1.099666e-01
9.850000e+00 7.200000e-01 7.735575e-01 1.128937e-01 1.173099e+00 -1.448234e-01
9.900000e+00 7.200000e-01 7.817058e-01 -2.343422e-02 1.180573e+00 -1.944056e-01
9.950000e+00 7.200000e-01 7.929980e-01 9.260815e-02 1.193935e+00 -2.671024e-01
1.000000e+01 7.200000e-01 8.084160e-01 6.489874e-02 0.000000e+00 0.000000e+00
0.000000e+00 7.400000e-01 8.320560e-01 2.880000e+00 0.000000e+00 0.000000e+00
5.000000e-02 7.400000e-01 8.321793e-01 2.857348e+00 1.151376e+00 -1.493518e-03
1.000000e-01 7.400000e-01 8.322054e-01 2.950522e+00 1.152954e+00 -1.134186e-04
1.500000e-01 7.400000e-01 8.321907e-01 2.957514e+00 1.153961e+00 -7.221174e-04
2.000000e-01 7.400000e-01 8.322776e-01 2.742640e+00 1.151375e+00 -2.642245e-03
2.500000e-01 7.400000e-01 8.324549e-01 2.735090e+00 1.149522e+00 -2.357967e-03
3.000000e-01 7.400000e-01 8.325134e-01 3.082633e+00 1.151606e+00 6.848236e-04
3.500000e-01 7.400000e-01 8.323864e-01 3.126144e+00 1.152883e+00 2.052171e-03
4.000000e-01 7.400000e-01 8.323081e-01 2.641969e+00 1.150486e+00 -4.740205e-04
4.500000e-01 7.400000e-01 8.324338e-01 2.505454e+00 1.149695e+00 -2.644689e-03
5.000000e-01 7.400000e-01 8.325726e-01 3.106064e+00 1.151945e+00 -2.161097e-04
5.500000e-01 7.400000e-01 8.324554e-01 3.405712e+00 1.151407e+00 4.287712e-03
6.000000e-01 7.400000e-01 8.321438e-01 2.714967e+00 1.148625e+00 4.822375e-03
6.500000e-01 7.400000e-01 8.319732e-01 2.170693e+00 1.151401e+00 5.872948e-04
7.000000e-01 7.400000e-01 8.320851e-01 2.831198e+00 1.157001e+00 -1.977540e-03
7.500000e-01 7.400000e-01 8.321709e-01 3.669355e+00 1.154143e+00 2.401222e-03
8.000000e-01 7.400000e-01 8.318450e-01 3.148607e+00 1.146406e+00 8.628506e-03
8.500000e-01 7.400000e-01 8.313081e-01 1.983829e+00 1.148646e+00 7.480253e-03
9.000000e-01 7.400000e-01 8.310970e-01 2.131541e+00 1.160719e+00 3.470527e-04
9.500000e-01 7.400000e-01 8.312734e-01 3.468753e+00 1.162755e+00 -1.100126e-03
1.000000e+00 7.400000e-01 8.312070e-01 3.843249e+00 1.149742e+00 6.960303e-03
1.050000e+00 7.400000e-01 8.305774e-01 2.500562e+00 1.140534e+00 1.327479e-02
1.100000e+00 7.400000e-01 8.298795e-01 1.450580e+00 1.150092e+00 9.089193e-03
1.150000e+00 7.400000e-01 8.296684e-01 2.333672e+00 1.164095e+00 1.786827e-03
1.200000e+00 7.400000e-01 8.297008e-01 3.856270e+00 1.160111e+00 3.448456e-03
1.250000e+00 7.400000e-01 8.293236e-01 3.719754e+00 1.140590e+00 1.258729e-02
1.300000e+00 7.400000e-01 8.284421e-01 2.032292e+00 1.129948e+00 1.749905e-02
1.350000e+00 7.400000e-01 8.275737e-01 1.138419e+00 1.141319e+00 1.339221e-02
1.400000e+00 7.400000e-01 8.271029e-01 2.229827e+00 1.157374e+00 7.630010e-03
1.450000e+00 7.400000e-01 8.268107e-01 3.787773e+00 1.153364e+00 8.843217e-03
1.500000e+00 7.400000e-01 8.262185e-01 3.729410e+00 1.129649e+00 1.661115e-02
1.550000e+00 7.400000e-01 8.251496e-01 2.149177e+00 1.112791e+00 2.328029e-02
1.600000e+00 7.400000e-01 8.238905e-01 1.008810e+00 1.121463e+00 2.281919e-02
1.650000e+00 7.400000e-01 8.228677e-01 1.601662e+00 1.142536e+00 1.697479e-02
1.700000e+00 7.400000e-01 8.221930e-01 3.126599e+00 1.147019e+00 1.352228e-02
1.750000e+00 7.400000e-01 8.215154e-01 3.817833e+00 1.125714e+00 1.829375e-02
1.800000e+00 7.400000e-01 8.203637e-01 3.012832e+00 1.099962e+00 2.857870e-02
1.850000e+00 7.400000e-01 8.186576e-01 1.649536e+00 1.095571e+00 3.533816e-02
1.900000e+00 7.400000e-01 8.168298e-01 1.079327e+00 1.114373e+00 3.267450e-02
1.950000e+00 7.400000e-01 8.153901e-01 1.726937e+00 1.134045e+00 2.461049e-02
2.000000e+00 7.400000e-01 8.143688e-01 2.842634e+00 1.133316e+00 2.128729e-02
2.050000e+00 7.400000e-01 8.132614e-01 3.413325e+00 1.112712e+00 2.850772e-02
2.100000e+00 7.400000e-01 8.115180e-01 3.068348e+00 1.090356e+00 4.213164e-02
2.150000e+00 7.400000e-01 8.090482e-01 2.186201e+00 1.083121e+00 5.239143e-02
2.200000e+00 7.400000e-01 8.062789e-01 1.434205e+00 1.093227e+00 5.286168e-02
2.250000e+00 7.400000e-01 8.037620e-01 1.231792e+00 1.109542e+00 4.552922e-02
2.300000e+00 7.400000e-01 8.017260e-01 1.524667e+00 1.118922e+00 3.811179e-02
2.350000e+00 7.400000e-01 7.999509e-01 1.970067e+00 1.115810e+00 3.739181e-02
2.400000e+00 7.400000e-01 7.979868e-01 2.252021e+00 1.103304e+00 4.486131e-02
2.450000e+00 7.400000e-01 7.954647e-01 2.239981e+00 1.088415e+00 5.701305e-02
2.500000e+00 7.400000e-01 7.922855e-01 1.970155e+00 1.077142e+00 6.839065e-02
2.550000e+00 7.400000e-01 7.886257e-01 1.558881e+00 1.072212e+00 7.465867e-02
2.600000e+00 7.400000e-01 7.848196e-01 1.125400e+00 1.073335e+00 7.413615e-02
2.650000e+00 7.400000e-01 7.812121e-01 7.499545e-01 1.078602e+00 6.764273e-02
2.700000e+00 7.400000e-01 7.780553e-01 4.659797e-01 1.085835e+00 5.738673e-02
2.750000e+00 7.400000e-01 7.754734e-01 2.725694e-01 1.093347e+00 4.577670e-02
2.800000e+00 7.400000e-01 7.734777e-01 1.518666e-01 1.100135e+00 3.467297e-02
2.850000e+00 7.400000e-01 7.720061e-01 8.221717e-02 1.105764e+00 2.515039e-02
2.900000e+00 7.400000e-01 7.709626e-01 4.499321e-02 1.110163e+00 1.759874e-02
2.950000e+00 7.400000e-01 7.702462e-01 2.670087e-02 1.113457e+00 1.195419e-02
3.000000e+00 7.400000e-01 7.697672e-01 1.862932e-02 1.115842e+00 7.924383e-03
3.050000e+00 7.400000e-01 7.694538e-01 1.564407e-02 1.117524e+00 5.149112e-03
3.100000e+00 7.400000e-01 7.692523e-01 1.495388e-02 1.118687e+00 3.291274e-03
3.150000e+00 7.400000e-01 7.691247e-01 1.515863e-02 1.119476e+00 2.075127e-03
3.200000e+00 7.400000e-01 7.690448e-01 1.561744e-02 1.120005e+00 1.293052e-03
3.250000e+00 7.400000e-01 7.689953e-01 1.607172e-02 1.120355e+00 7.972527e-04
3.300000e+00 7.400000e-01 7.689651e-01 1.643935e-02 1.120585e+00 4.866249e-04
3.350000e+00 7.400000e-01 7.689467e-01 1.671097e-02 1.120735e+00 2.939830e-04
3.400000e+00 7.400000e-01 7.689357e-01 1.690198e-02 1.120831e+00 1.756235e-04
3.450000e+00 7.400000e-01 7.689291e-01 1.703244e-02 1.120893e+00 1.035684e-04
3.500000e+00 7.400000e-01 7.689253e-01 1.711997e-02 1.120933e+00 6.012547e-05
3.550000e+00 7.400000e-01 7.689231e-01 1.717802e-02 1.120958e+00 3.421563e-05
3.600000e+00 7.400000e-01 7.689219e-01 1.721624e-02 1.120974e+00 1.895870e-05
3.650000e+00 7.400000e-01 7.689212e-01 1.724127e-02 1.120984e+00 1.011456e-05
3.700000e+00 7.400000e-01 7.689209e-01 1.725760e-02 1.120991e+00 5.089868e-06
3.750000e+00 7.400000e-01 7.689207e-01 1.726822e-02 1.120995e+00 2.311272e-06
3.800000e+00 7.400000e-01 7.689206e-01 1.727510e-02 1.120997e+00 8.328377e-07
3.850000e+00 7.400000e-01 7.689206e-01 1.727955e-02 1.120998e+00 9.185570e-08
3.900000e+00 7.400000e-01 7.689206e-01 1.728242e-02 1.120999e+00 -2.421506e-07
3.950000e+00 7.400000e-01 7.689206e-01 1.728426e-02 1.121000e+00 -3.601909e-07
4.000000e+00 7.400000e-01 7.689207e-01 1.728543e-02 1.121000e+00 -3.704090e-07
4.050000e+00 7.400000e-01 7.689207e-01 1.728618e-02 1.121000e+00 -3.323497e-07
4.100000e+00 7.400000e-01 7.689207e-01 1.728665e-02 1.121000e+00 -2.775168e-07
4.150000e+00 7.400000e-01 7.689207e-01 1.728695e-02 1.121000e+00 -2.215712e-07
4.200000e+00 7.400000e-01 7.689207e-01 1.728713e-02 1.121000e+00 -1.714751e-07
4.250000e+00 7.400000e-01 7.689207e-01 1.728724e-02 1.121000e+00 -1.296046e-07
4.300000e+00 7.400000e-01 7.689207e-01 1.728730e-02 1.121000e+00 -9.606845e-08
4.350000e+00 7.400000e-01 7.689207e-01 1.728734e-02 1.121000e+00 -6.997639e-08
4.400000e+00 7.400000e-01 7.689207e-01 1.728736e-02 1.121000e+00 -5.010469e-08
4.450000e+00 7.400000e-01 7.689207e-01 1.728737e-02 1.121000e+00 -3.522314e-08
4.500000e+00 7.400000e-01 7.689207e-01 1.728738e-02 1.121000e+00 -2.423724e-08
4.550000e+00 7.400000e-01 7.689207e-01 1.728738e-02 1.121000e+00 -1.623420e-08
4.600000e+00 7.400000e-01 7.689207e-01 1.728738e-02 1.121000e+00 -1.048197e-08
4.650000e+00 7.400000e-01 7.689207e-01 1.728738e-02 1.121000e+00 -6.408399e-09
4.700000e+00 7.400000e-01 7.689207e-01 1.728738e-02 1.121000e+00 -3.574061e-09
4.750000e+00 7.400000e-01 7.689207e-01 1.728737e-02 1.121000e+00 -1.645732e-09
4.800000e+00 7.400000e-01 7.689207e-01 1.728737e-02 1.121000e+00 -3.730538e-10
4.850000e+00 7.400000e-01 7.689207e-01 1.728737e-02 1.121000e+00 4.306677e-10
4.900000e+00 7.400000e-01 7.689207e-01 1.728737e-02 1.121000e+00 9.037104e-10
4.950000e+00 7.400000e-01 7.689207e-01 1.728737e-02 1.121000e+00 1.147835e-09
5.000000e+00 7.400000e-01 7.689207e-01 1.728737e-02 1.121000e+00 1.237361e-09
5.050000e+00 7.400000e-01 7.689207e-01 1.728737e-02 1.121000e+00 1.226058e-09
5.100000e+00 7.400000e-01 7.689207e-01 1.728737e-02 1.121000e+00 1.152373e-09
5.150000e+00 7.400000e-01 7.689207e-01 1.728737e-02 1.121000e+00 1.043348e-09
5.200000e+00 7.400000e-01 7.689207e-01 1.728737e-02 1.121000e+00 9.175982e-10
5.250000e+00 7.400000e-01 7.689207e-01 1.728737e-02 1.121000e+00 7.875378e-10
5.300000e+00 7.400000e-01 7.689207e-01 1.728737e-02 1.121000e+00 6.610290e-10
5.350000e+00 7.400000e-01 7.689207e-01 1.728737e-02 1.121000e+00 5.426648e-10
5.400000e+00 7.400000e-01 7.689207e-01 1.728737e-02 1.121000e+00 4.347034e-10
5.450000e+00 7.400000e-01 7.689207e-01 1.728737e-02 1.121000e+00 3.377643e-10
5.500000e+00 7.400000e-01 7.689207e-01 1.728737e-02 1.121000e+00 2.513256e-10
5.550000e+00 7.400000e-01 7.689207e-01 1.728737e-02 1.121000e+00 1.740841e-10
5.600000e+00 7.400000e-01 7.689207e-01 1.728737e-02 1.121000e+00 1.042078e-10
5.650000e+00 7.400000e-01 7.689207e-01 1.728737e-02 1.121000e+00 3.946621e-11
5.700000e+00 7.400000e-01 7.689207e-01 1.728737e-02 1.121000e+00 -2.267186e-11
5.750000e+00 7.400000e-01 7.689207e-01 1.728737e-02 1.121000e+00 -8.502865e-11
5.800000e+00 7.400000e-01 7.689207e-01 1.728737e-02 1.121000e+00 -1.507827e-10
5.850000e+00 7.400000e-01 7.689207e-01 1.728737e-02 1.121000e+00 -2.235623e-10
5.900000e+00 7.400000e-01 7.689207e-01 1.728737e-02 1.121000e+00 -3.075773e-10
5.950000e+00 7.400000e-01 7.689207e-01 1.728737e-02 1.121000e+00 -4.078471e-10
6.000000e+00 7.400000e-01 7.689207e-01 1.728737e-02 1.121000e+00 -5.304901e-10
6.050000e+00 7.400000e-01 7.689207e-01 1.728737e-02 1.121000e+00 -6.830680e-10
6.100000e+00 7.400000e-01 7.689207e-01 1.728737e-02 1.121000e+00 -8.750634e-10
6.150000e+00 7.400000e-01 7.689207e-01 1.728737e-02 1.121000e+00 -1.118499e-09
6.200000e+00 7.400000e-01 7.689207e-01 1.728737e-02 1.121000e+00 -1.428690e-09
6.250000e+00 7.400000e-01 7.689207e-01 1.728737e-02 1.121000e+00 -1.825239e-09
6.300000e+00 7.400000e-01 7.689207e-01 1.728737e-02 1.121000e+00 -2.333328e-09
6.350000e+00 7.400000e-01 7.689207e-01 1.728737e-02 1.121000e+00 -2.985362e-09
6.400000e+00 7.400000e-01 7.689207e-01 1.728737e-02 1.121000e+00 -3.823080e-09
6.450000e+00 7.400000e-01 7.689207e-01 1.728737e-02 1.121000e+00 -4.900277e-09
6.500000e+00 7.400000e-01 7.689207e-01 1.728737e-02 1.121000e+00 -6.286346e-09
6.550000e+00 7.400000e-01 7.689207e-01 1.728737e-02 1.121000e+00 -8.070771e-09
6.600000e+00 7.400000e-01 7.689207e-01 1.728737e-02 1.121000e+00 -1.036916e-08
6.650000e+00 7.400000e-01 7.689207e-01 1.728737e-02 1.121000e+00 -1.333015e-08
6.700000e+00 7.400000e-01 7.689207e-01 1.728737e-02 1.121000e+00 -1.714735e-08
6.750000e+00 7.400000e-01 7.689207e-01 1.728737e-02 1.121000e+00 -2.206463e-08
6.800000e+00 7.400000e-01 7.689207e-01 1.728737e-02 1.121000e+00 -2.841577e-08
6.850000e+00 7.400000e-01 7.689208e-01 1.728737e-02 1.121000e+00 -3.657173e-08
6.900000e+00 7.400000e-01 7.689208e-01 1.728737e-02 1.121000e+00 -4.719300e-08
6.950000e+00 7.400000e-01 7.689208e-01 1.728739e-02 1.121000e+00 -6.059267e-08
7.000000e+00 7.400000e-01 7.689208e-01 1.728734e-02 1.121000e+00 -7.872739e-08
7.050000e+00 7.400000e-01 7.689208e-01 1.728749e-02 1.121000e+00 -9.977665e-08
7.100000e+00 7.400000e-01 7.689208e-01 1.728708e-02 1.121000e+00 -1.331876e-07
7.150000e+00 7.400000e-01 7.689208e-01 1.728817e-02 1.121000e+00 -1.600954e-07
7.200000e+00 7.400000e-01 7.689208e-01 1.728543e-02 1.121000e+00 -2.353298e-07
7.250000e+00 7.400000e-01 7.689208e-01 1.729219e-02 1.121000e+00 -2.343513e-07
7.300000e+00 7.400000e-01 7.689208e-01 1.727617e-02 1.121000e+00 -4.618783e-07
7.350000e+00 7.400000e-01 7.689208e-01 1.731295e-02 1.121001e+00 -2.408348e-07
7.400000e+00 7.400000e-01 7.689208e-01 1.723169e-02 1.121000e+00 -1.068431e-06
7.450000e+00 7.400000e-01 7.689210e-01 1.740468e-02 1.121002e+00 1.736167e-07
7.500000e+00 7.400000e-01 7.689208e-01 1.705109e-02 1.120999e+00 -2.812996e-06
7.550000e+00 7.400000e-01 7.689212e-01 1.774430e-02 1.121005e+00 2.037519e-06
7.600000e+00 7.400000e-01 7.689206e-01 1.644479e-02 1.120994e+00 -7.403789e-06
7.650000e+00 7.400000e-01 7.689220e-01 1.876876e-02 1.121013e+00 7.231771e-06
7.700000e+00 7.400000e-01 7.689199e-01 1.481824e-02 1.120981e+00 -1.701423e-05
7.750000e+00 7.400000e-01 7.689237e-01 2.117830e-02 1.121034e+00 1.653690e-05
7.800000e+00 7.400000e-01 7.689182e-01 1.152761e-02 1.120954e+00 -3.032974e-05
7.850000e+00 7.400000e-01 7.689267e-01 2.525477e-02 1.121068e+00 2.344208e-05
7.900000e+00 7.400000e-01 7.689159e-01 7.075985e-03 1.120919e+00 -3.590443e-05
7.950000e+00 7.400000e-01 7.689303e-01 2.931669e-02 1.121103e+00 1.082893e-05
8.000000e+00 7.400000e-01 7.689148e-01 4.392142e-03 1.120899e+00 -1.905195e-05
8.050000e+00 7.400000e-01 7.689322e-01 2.982219e-02 1.121109e+00 -2.625824e-05
8.100000e+00 7.400000e-01 7.689174e-01 6.074282e-03 1.120916e+00 -8.703780e-07
8.150000e+00 7.400000e-01 7.689323e-01 2.728969e-02 1.121091e+00 -4.058334e-05
8.200000e+00 7.400000e-01 7.689215e-01 6.841774e-03 1.120930e+00 -4.884419e-05
8.250000e+00 7.400000e-01 7.689372e-01 3.111893e-02 1.121123e+00 1.003643e-05
8.300000e+00 7.400000e-01 7.689205e-01 -2.574050e-03 1.120872e+00 -1.421204e-04
8.350000e+00 7.400000e-01 7.689514e-01 4.348206e-02 1.121222e+00 1.252365e-06
8.400000e+00 7.400000e-01 7.689204e-01 -1.179852e-02 1.120817e+00 -1.133091e-04
8.450000e+00 7.400000e-01 7.689627e-01 4.368053e-02 1.121248e+00 -1.798411e-04
8.500000e+00 7.400000e-01 7.689383e-01 -2.765511e-03 1.120892e+00 -7.229188e-05
8.550000e+00 7.400000e-01 7.689699e-01 3.405459e-02 1.121222e+00 -2.219350e-04
8.600000e+00 7.400000e-01 7.689605e-01 -5.397854e-03 1.120912e+00 -3.779605e-04
8.650000e+00 7.400000e-01 7.690077e-01 5.466803e-02 1.121392e+00 -1.317232e-04
8.700000e+00 7.400000e-01 7.689737e-01 -3.293584e-02 1.120818e+00 -5.644949e-04
8.750000e+00 7.400000e-01 7.690642e-01 6.700223e-02 1.121549e+00 -6.308368e-04
8.800000e+00 7.400000e-01 7.690368e-01 -1.798011e-02 1.120977e+00 -5.029573e-04
8.850000e+00 7.400000e-01 7.691145e-01 4.192686e-02 1.121597e+00 -1.002556e-03
8.900000e+00 7.400000e-01 7.691371e-01 -1.799543e-02 1.121115e+00 -1.419692e-03
8.950000e+00 7.400000e-01 7.692565e-01 8.180299e-02 1.122004e+00 -1.131473e-03
9.000000e+00 7.400000e-01 7.692502e-01 -6.417605e-02 1.121230e+00 -2.063735e-03
9.050000e+00 7.400000e-01 7.694628e-01 8.450553e-02 1.122391e+00 -2.822103e-03
9.100000e+00 7.400000e-01 7.695324e-01 -2.201519e-02 1.121764e+00 -2.922070e-03
9.150000e+00 7.400000e-01 7.697550e-01 6.274969e-02 1.123066e+00 -3.889002e-03
9.200000e+00 7.400000e-01 7.699213e-01 -6.905470e-02 1.122356e+00 -5.930437e-03
9.250000e+00 7.400000e-01 7.703481e-01 1.335371e-01 1.124171e+00 -6.664332e-03
9.300000e+00 7.400000e-01 7.705877e-01 -7.149921e-02 1.123650e+00 -8.263974e-03
9.350000e+00 7.400000e-01 7.711745e-01 7.589749e-02 1.125939e+00 -1.156863e-02
9.400000e+00 7.400000e-01 7.717446e-01 -6.056719e-02 1.125433e+00 -1.506705e-02
9.450000e+00 7.400000e-01 7.726812e-01 1.554016e-01 1.128634e+00 -1.796248e-02
9.500000e+00 7.400000e-01 7.735409e-01 -1.132137e-01 1.128932e+00 -2.358903e-02
9.550000e+00 7.400000e-01 7.750401e-01 1.139876e-01 1.133018e+00 -3.135064e-02
9.600000e+00 7.400000e-01 7.766759e-01 -7.216036e-02 1.133394e+00 -4.006524e-02
9.650000e+00 7.400000e-01 7.790466e-01 1.755452e-01 1.139256e+00 -5.039753e-02
9.700000e+00 7.400000e-01 7.817157e-01 -1.148411e-01 1.141218e+00 -6.570251e-02
9.750000e+00 7.400000e-01 7.856169e-01 1.467339e-01 1.148038e+00 -8.620562e-02
9.800000e+00 7.400000e-01 7.903362e-01 -7.294595e-02 1.149152e+00 -1.123541e-01
9.850000e+00 7.400000e-01 7.968523e-01 1.923031e-01 1.156029e+00 -1.473483e-01
9.900000e+00 7.400000e-01 8.050711e-01 -2.128855e-02 1.155551e+00 -1.967619e-01
9.950000e+00 7.400000e-01 8.165285e-01 2.076010e-01 1.158190e+00 -2.698494e-01
1.000000e+01 7.400000e-01 8.320560e-01 1.545815e-01 0.000000e+00 0.000000e+00
0.000000e+00 7.600000e-01 8.545440e-01 3.120000e+00 0.000000e+00 0.000000e+00
5.000000e-02 7.600000e-01 8.546411e-01 3.129160e+00 1.092023e+00 -1.315025e-03
1.000000e-01 7.600000e-01 8.546755e-01 3.142772e+00 1.092271e+00 -3.560331e-04
1.500000e-01 7.600000e-01 8.546767e-01 3.094159e+00 1.093141e+00 -7.865650e-04
2.000000e-01 7.600000e-01 8.547542e-01 3.073833e+00 1.092711e+00 -2.204813e-03
2.500000e-01 7.600000e-01 8.548972e-01 3.166272e+00 1.090712e+00 -1.806275e-03
3.000000e-01 7.600000e-01 8.549348e-01 3.205112e+00 1.089763e+00 6.783378e-04
3.500000e-01 7.600000e-01 8.548294e-01 3.068593e+00 1.091474e+00 1.468402e-03
4.000000e-01 7.600000e-01 8.547879e-01 2.995442e+00 1.093191e+00 -8.013442e-04
4.500000e-01 7.600000e-01 8.549095e-01 3.169896e+00 1.091856e+00 -1.999559e-03
5.000000e-01 7.600000e-01 8.549879e-01 3.301130e+00 1.088852e+00 7.619218e-04
5.500000e-01 7.600000e-01 8.548333e-01 3.100053e+00 1.088802e+00 3.936806e-03
6.000000e-01 7.600000e-01 8.545942e-01 2.880113e+00 1.092935e+00 2.984155e-03
6.500000e-01 7.600000e-01 8.545349e-01 3.071502e+00 1.096063e+00 -2.542280e-04
7.000000e-01 7.600000e-01 8.546196e-01 3.395917e+00 1.093226e+00 -1.572003e-04
7.500000e-01 7.600000e-01 8.545506e-01 3.260827e+00 1.088317e+00 4.114546e-03
8.000000e-01 7.600000e-01 8.542082e-01 2.810521e+00 1.090505e+00 6.727910e-03
8.500000e-01 7.600000e-01 8.538778e-01 2.802615e+00 1.098590e+00 4.003035e-03
9.000000e-01 7.600000e-01 8.538079e-01 3.324436e+00 1.101075e+00 6.520724e-04
9.500000e-01 7.600000e-01 8.538126e-01 3.539811e+00 1.093346e+00 2.964345e-03
1.000000e+00 7.600000e-01 8.535115e-01 3.012588e+00 1.087477e+00 8.583577e-03
1.050000e+00 7.600000e-01 8.529543e-01 2.498768e+00 1.093280e+00 9.656280e-03
1.100000e+00 7.600000e-01 8.525458e-01 2.831017e+00 1.102456e+00 5.575387e-03
1.150000e+00 7.600000e-01 8.523967e-01 3.555650e+00 1.100477e+00 4.109344e-03
1.200000e+00 7.600000e-01 8.521349e-01 3.559262e+00 1.088873e+00 9.109385e-03
1.250000e+00 7.600000e-01 8.514858e-01 2.734738e+00 1.082989e+00 1.439478e-02
1.300000e+00 7.600000e-01 8.506954e-01 2.202001e+00 1.089518e+00 1.361304e-02
1.350000e+00 7.600000e-01 8.501245e-01 2.714529e+00 1.097836e+00 9.773302e-03
1.400000e+00 7.600000e-01 8.497181e-01 3.577618e+00 1.094771e+00 1.012183e-02
1.450000e+00 7.600000e-01 8.491123e-01 3.601789e+00 1.081770e+00 1.566177e-02
1.500000e+00 7.600000e-01 8.481519e-01 2.684098e+00 1.072413e+00 2.055716e-02
1.550000e+00 7.600000e-01 8.470566e-01 1.922161e+00 1.075888e+00 2.048406e-02
1.600000e+00 7.600000e-01 8.461035e-01 2.202322e+00 1.086238e+00 1.745476e-02
1.650000e+00 7.600000e-01 8.453111e-01 3.153241e+00 1.089120e+00 1.647592e-02
1.700000e+00 7.600000e-01 8.444559e-01 3.653466e+00 1.077950e+00 1.997482e-02
1.750000e+00 7.600000e-01 8.433136e-01 3.135179e+00 1.061731e+00 2.595587e-02
1.800000e+00 7.600000e-01 8.418603e-01 2.133083e+00 1.055671e+00 3.021811e-02
1.850000e+00 7.600000e-01 8.402918e-01 1.615025e+00 1.064920e+00 2.998723e-02
1.900000e+00 7.600000e-01 8.388616e-01 2.004725e+00 1.079025e+00 2.645847e-02
1.950000e+00 7.600000e-01 8.376460e-01 2.860122e+00 1.082538e+00 2.426585e-02
2.000000e+00 7.600000e-01 8.364350e-01 3.394177e+00 1.070467e+00 2.763184e-02
2.050000e+00 7.600000e-01 8.348828e-01 3.197581e+00 1.052395e+00 3.633833e-02
2.100000e+00 7.600000e-01 8.328012e-01 2.469102e+00 1.042689e+00 4.547915e-02
2.150000e+00 7.600000e-01 8.303349e-01 1.737730e+00 1.048080e+00 4.946099e-02
2.200000e+00 7.600000e-01 8.278551e-01 1.433056e+00 1.063302e+00 4.672743e-02
2.250000e+00 7.600000e-01 8.256621e-01 1.617234e+00 1.076860e+00 4.095540e-02
2.300000e+00 7.600000e-01 8.237595e-01 2.037492e+00 1.080347e+00 3.790613e-02
2.350000e+00 7.600000e-01 8.218715e-01 2.380021e+00 1.073142e+00 4.117641e-02
2.400000e+00 7.600000e-01 8.196419e-01 2.464045e+00 1.060543e+00 5.026597e-02
2.450000e+00 7.600000e-01 8.168449e-01 2.273175e+00 1.049174e+00 6.153489e-02
2.500000e+00 7.600000e-01 8.134884e-01 1.893502e+00 1.043509e+00 7.056372e-02
2.550000e+00 7.600000e-01 8.097885e-01 1.440912e+00 1.044792e+00 7.425641e-02
2.600000e+00 7.600000e-01 8.060628e-01 1.011500e+00 1.051771e+00 7.176603e-02
2.650000e+00 7.600000e-01 8.026119e-01 6.606669e-01 1.062092e+00 6.420045e-02
2.700000e+00 7.600000e-01 7.996427e-01 4.050579e-01 1.073467e+00 5.366623e-02
2.750000e+00 7.600000e-01 7.972453e-01 2.359871e-01 1.084254e+00 4.230841e-02
2.800000e+00 7.600000e-01 7.954119e-01 1.337253e-01 1.093555e+00 3.172516e-02
2.850000e+00 7.600000e-01 7.940728e-01 7.733328e-02 1.101054e+00 2.280056e-02
2.900000e+00 7.600000e-01 7.931318e-01 4.948724e-02 1.106803e+00 1.581238e-02
2.950000e+00 7.600000e-01 7.924916e-01 3.781403e-02 1.111043e+00 1.064507e-02
3.000000e+00 7.600000e-01 7.920673e-01 3.440762e-02 1.114072e+00 6.992514e-03
3.050000e+00 7.600000e-01 7.917923e-01 3.469212e-02 1.116184e+00 4.501178e-03
3.100000e+00 7.600000e-01 7.916172e-01 3.627240e-02 1.117625e+00 2.849267e-03
3.150000e+00 7.600000e-01 7.915074e-01 3.803640e-02 1.118593e+00 1.778242e-03
3.200000e+00 7.600000e-01 7.914394e-01 3.955430e-02 1.119234e+00 1.096151e-03
3.250000e+00 7.600000e-01 7.913978e-01 4.072086e-02 1.119654e+00 6.680099e-04
3.300000e+00 7.600000e-01 7.913726e-01 4.156352e-02 1.119926e+00 4.025187e-04
3.350000e+00 7.600000e-01 7.913575e-01 4.214977e-02 1.120102e+00 2.396466e-04
3.400000e+00 7.600000e-01 7.913486e-01 4.254801e-02 1.120215e+00 1.407416e-04
3.450000e+00 7.600000e-01 7.913434e-01 4.281436e-02 1.120286e+00 8.130398e-05
3.500000e+00 7.600000e-01 7.913405e-01 4.299064e-02 1.120332e+00 4.599197e-05
3.550000e+00 7.600000e-01 7.913388e-01 4.310650e-02 1.120360e+00 2.529250e-05
3.600000e+00 7.600000e-01 7.913380e-01 4.318224e-02 1.120378e+00 1.335727e-05
3.650000e+00 7.600000e-01 7.913375e-01 4.323157e-02 1.120389e+00 6.620303e-06
3.700000e+00 7.600000e-01 7.913373e-01 4.326360e-02 1.120396e+00 2.925660e-06
3.750000e+00 7.600000e-01 7.913372e-01 4.328432e-02 1.120400e+00 9.821569e-07
3.800000e+00 7.600000e-01 7.913372e-01 4.329769e-02 1.120403e+00 2.500282e-08
3.850000e+00 7.600000e-01 7.913372e-01 4.330630e-02 1.120404e+00 -3.927454e-07
3.900000e+00 7.600000e-01 7.913372e-01 4.331181e-02 1.120405e+00 -5.278920e-07
3.950000e+00 7.600000e-01 7.913373e-01 4.331533e-02 1.120406e+00 -5.247575e-07
4.000000e+00 7.600000e-01 7.913373e-01 4.331756e-02 1.120406e+00 -4.620246e-07
4.050000e+00 7.600000e-01 7.913373e-01 4.331897e-02 1.120406e+00 -3.807339e-07
4.100000e+00 7.600000e-01 7.913373e-01 4.331986e-02 1.120406e+00 -3.008247e-07
4.150000e+00 7.600000e-01 7.913373e-01 4.332040e-02 1.120406e+00 -2.307729e-07
4.200000e+00 7.600000e-01 7.913373e-01 4.332074e-02 1.120406e+00 -1.731056e-07
4.250000e+00 7.600000e-01 7.913374e-01 4.332094e-02 1.120406e+00 -1.274834e-07
4.300000e+00 7.600000e-01 7.913374e-01 4.332106e-02 1.120406e+00 -9.236848e-08
4.350000e+00 7.600000e-01 7.913374e-01 4.332112e-02 1.120406e+00 -6.588470e-08
4.400000e+00 7.600000e-01 7.913374e-01 4.332116e-02 1.120406e+00 -4.622780e-08
4.450000e+00 7.600000e-01 7.913374e-01 4.332117e-02 1.120406e+00 -3.183349e-08
4.500000e+00 7.600000e-01 7.913374e-01 4.332118e-02 1.120406e+00 -2.142152e-08
4.550000e+00 7.600000e-01 7.913374e-01 4.332118e-02 1.120406e+00 -1.398122e-08
4.600000e+00 7.600000e-01 7.913374e-01 4.332117e-02 1.120406e+00 -8.733839e-09
4.650000e+00 7.600000e-01 7.913374e-01 4.332117e-02 1.120406e+00 -5.089450e-09
4.700000e+00 7.600000e-01 7.913374e-01 4.332117e-02 1.120406e+00 -2.606528e-09
4.750000e+00 7.600000e-01 7.913374e-01 4.332116e-02 1.120406e+00 -9.576351e-10
4.800000e+00 7.600000e-01 7.913374e-01 4.332116e-02 1.120406e+00 9.837242e-11
4.850000e+00 7.600000e-01 7.913374e-01 4.332115e-02 1.120406e+00 7.380174e-10
4.900000e+00 7.600000e-01 7.913374e-01 4.332115e-02 1.120406e+00 1.089795e-09
4.950000e+00 7.600000e-01 7.913374e-01 4.332115e-02 1.120406e+00 1.246687e-09
5.000000e+00 7.600000e-01 7.913374e-01 4.332115e-02 1.120406e+00 1.275446e-09
5.050000e+00 7.600000e-01 7.913374e-01 4.332115e-02 1.120406e+00 1.223533e-09
5.100000e+00 7.600000e-01 7.913374e-01 4.332115e-02 1.120406e+00 1.124265e-09
5.150000e+00 7.600000e-01 7.913374e-01 4.332115e-02 1.120406e+00 1.000604e-09
5.200000e+00 7.600000e-01 7.913374e-01 4.332115e-02 1.120406e+00 8.679635e-10
5.250000e+00 7.600000e-01 7.913374e-01 4.332114e-02 1.120406e+00 7.362877e-10
5.300000e+00 7.600000e-01 7.913374e-01 4.332114e-02 1.120406e+00 6.115941e-10
5.350000e+00 7.600000e-01 7.913374e-01 4.332114e-02 1.120406e+00 4.971046e-10
5.400000e+00 7.600000e-01 7.913374e-01 4.332114e-02 1.120406e+00 3.940959e-10
5.450000e+00 7.600000e-01 7.913374e-01 4.332114e-02 1.120406e+00 3.025047e-10
5.500000e+00 7.600000e-01 7.913374e-01 4.332114e-02 1.120406e+00 2.213363e-10
5.550000e+00 7.600000e-01 7.913374e-01 4.332114e-02 1.120406e+00 1.489930e-10
5.600000e+00 7.600000e-01 7.913374e-01 4.332114e-02 1.120406e+00 8.346546e-11
5.650000e+00 7.600000e-01 7.913374e-01 4.332114e-02 1.120406e+00 2.242428e-11
5.700000e+00 7.600000e-01 7.913374e-01 4.332114e-02 1.120406e+00 -3.669509e-11
5.750000e+00 7.600000e-01 7.913374e-01 4.332114e-02 1.120406e+00 -9.673484e-11
5.800000e+00 7.600000e-01 7.913374e-01 4.332114e-02 1.120406e+00 -1.608835e-10
5.850000e+00 7.600000e-01 7.913374e-01 4.332114e-02 1.120406e+00 -2.327682e-10
5.900000e+00 7.600000e-01 7.913374e-01 4.332114e-02 1.120406e+00 -3.166278e-10
5.950000e+00 7.600000e-01 7.913374e-01 4.332114e-02 1.120406e+00 -4.175282e-10
6.000000e+00 7.600000e-01 7.913374e-01 4.332114e-02 1.120406e+00 -5.416823e-10
6.050000e+00 7.600000e-01 7.913374e-01 4.332114e-02 1.120406e+00 -6.968015e-10
6.100000e+00 7.600000e-01 7.913374e-01 4.332114e-02 1.120406e+00 -8.925649e-10
6.150000e+00 7.600000e-01 7.913374e-01 4.332114e-02 1.120406e+00 -1.141282e-09
6.200000e+00 7.600000e-01 7.913374e-01 4.332114e-02 1.120406e+00 -1.458670e-09
6.250000e+00 7.600000e-01 7.913374e-01 4.332115e-02 1.120406e+00 -1.864867e-09
6.300000e+00 7.600000e-01 7.913374e-01 4.332115e-02 1.120406e+00 -2.385747e-09
6.350000e+00 7.600000e-01 7.913374e-01 4.332115e-02 1.120406e+00 -3.054635e-09
6.400000e+00 7.600000e-01 7.913374e-01 4.332115e-02 1.120406e+00 -3.914484e-09
6.450000e+00 7.600000e-01 7.913374e-01 4.332115e-02 1.120406e+00 -5.020656e-09
6.500000e+00 7.600000e-01 7.913374e-01 4.332115e-02 1.120406e+00 -6.444598e-09
6.550000e+00 7.600000e-01 7.913374e-01 4.332115e-02 1.120406e+00 -8.278427e-09
6.600000e+00 7.600000e-01 7.913374e-01 4.332115e-02 1.120406e+00 -1.064125e-08
6.650000e+00 7.600000e-01 7.913374e-01 4.332115e-02 1.120406e+00 -1.368599e-08
6.700000e+00 7.600000e-01 7.913374e-01 4.332115e-02 1.120406e+00 -1.761267e-08
6.750000e+00 7.600000e-01 7.913374e-01 4.332115e-02 1.120406e+00 -2.267064e-08
6.800000e+00 7.600000e-01 7.913374e-01 4.332115e-02 1.120406e+00 -2.920976e-08
6.850000e+00 7.600000e-01 7.913374e-01 4.332116e-02 1.120406e+00 -3.759416e-08
6.900000e+00 7.600000e-01 7.913374e-01 4.332115e-02 1.120406e+00 -4.855815e-08
6.950000e+00 7.600000e-01 7.913374e-01 4.332119e-02 1.120406e+00 -6.227017e-08
7.000000e+00 7.600000e-01 7.913374e-01 4.332111e-02 1.120406e+00 -8.117783e-08
7.050000e+00 7.600000e-01 7.913374e-01 4.332135e-02 1.120406e+00 -1.022371e-07
7.100000e+00 7.600000e-01 7.913374e-01 4.332073e-02 1.120406e+00 -1.382536e-07
7.150000e+00 7.600000e-01 7.913374e-01 4.332240e-02 1.120406e+00 -1.619780e-07
7.200000e+00 7.600000e-01 7.913374e-01 4.331824e-02 1.120406e+00 -2.491353e-07
7.250000e+00 7.600000e-01 7.913374e-01 4.332845e-02 1.120406e+00 -2.256861e-07
7.300000e+00 7.600000e-01 7.913374e-01 4.330447e-02 1.120406e+00 -5.104855e-07
7.350000e+00 7.600000e-01 7.913375e-01 4.335911e-02 1.120407e+00 -1.741671e-07
7.400000e+00 7.600000e-01 7.913375e-01 4.323944e-02 1.120406e+00 -1.251707e-06
7.450000e+00 7.600000e-01 7.913376e-01 4.349211e-02 1.120407e+00 4.732755e-07
7.500000e+00 7.600000e-01 7.913374e-01 4.298020e-02 1.120404e+00 -3.446283e-06
7.550000e+00 7.600000e-01 7.913379e-01 4.397508e-02 1.120410e+00 3.066129e-06
7.600000e+00 7.600000e-01 7.913371e-01 4.212683e-02 1.120399e+00 -9.242888e-06
7.650000e+00 7.600000e-01 7.913389e-01 4.540222e-02 1.120419e+00 9.978333e-06
7.700000e+00 7.600000e-01 7.913361e-01 3.988625e-02 1.120386e+00 -2.122132e-05
7.750000e+00 7.600000e-01 7.913410e-01 4.868289e-02 1.120439e+00 2.199169e-05
7.800000e+00 7.600000e-01 7.913339e-01 3.546364e-02 1.120360e+00 -3.727602e-05
7.850000e+00 7.600000e-01 7.913447e-01 5.408405e-02 1.120472e+00 3.057836e-05
7.900000e+00 7.600000e-01 7.913308e-01 2.966637e-02 1.120327e+00 -4.269433e-05
7.950000e+00 7.600000e-01 7.913490e-01 5.925552e-02 1.120503e+00 1.471620e-05
8.000000e+00 7.600000e-01 7.913294e-01 2.638800e-02 1.120309e+00 -2.005763e-05
8.050000e+00 7.600000e-01 7.913510e-01 5.969600e-02 1.120507e+00 -2.966700e-05
8.100000e+00 7.600000e-01 7.913323e-01 2.865595e-02 1.120325e+00 2.732812e-06
8.150000e+00 7.600000e-01 7.913507e-01 5.658289e-02 1.120490e+00 -4.309635e-05
8.200000e+00 7.600000e-01 7.913366e-01 2.925074e-02 1.120337e+00 -5.496492e-05
8.250000e+00 7.600000e-01 7.913562e-01 6.194324e-02 1.120515e+00 2.156035e-05
8.300000e+00 7.600000e-01 7.913345e-01 1.704676e-02 1.120287e+00 -1.609740e-04
8.350000e+00 7.600000e-01 7.913723e-01 7.736319e-02 1.120597e+00 1.181738e-05
8.400000e+00 7.600000e-01 7.913333e-01 6.028113e-03 1.120239e+00 -1.178990e-04
8.450000e+00 7.600000e-01 7.913841e-01 7.721273e-02 1.120618e+00 -1.932645e-04
8.500000e+00 7.600000e-01 7.913526e-01 1.686393e-02 1.120293e+00 -6.754135e-05
8.550000e+00 7.600000e-01 7.913909e-01 6.667959e-02 1.120600e+00 -2.244821e-04
8.600000e+00 7.600000e-01 7.913751e-01 1.216570e-02 1.120304e+00 -4.087850e-04
8.650000e+00 7.600000e-01 7.914317e-01 9.220788e-02 1.120722e+00 -1.146005e-04
8.700000e+00 7.600000e-01 7.913865e-01 -2.000411e-02 1.120241e+00 -5.915999e-04
8.750000e+00 7.600000e-01 7.914909e-01 1.058405e-01 1.120833e+00 -6.575078e-04
8.800000e+00 7.600000e-01 7.914523e-01 -3.053534e-03 1.120338e+00 -5.139970e-04
8.850000e+00 7.600000e-01 7.915423e-01 7.983165e-02 1.120900e+00 -1.023431e-03
8.900000e+00 7.600000e-01 7.915546e-01 -6.439683e-03 1.120419e+00 -1.489351e-03
8.950000e+00 7.600000e-01 7.916912e-01 1.261926e-01 1.121163e+00 -1.155160e-03
9.000000e+00 7.600000e-01 7.916702e-01 -5.647990e-02 1.120552e+00 -2.129827e-03
9.050000e+00 7.600000e-01 7.919042e-01 1.291272e-01 1.121440e+00 -2.906091e-03
9.100000e+00 7.600000e-01 7.919608e-01 -1.460402e-02 1.120846e+00 -3.048488e-03
9.150000e+00 7.600000e-01 7.922091e-01 1.128029e-01 1.122006e+00 -3.993094e-03
9.200000e+00 7.600000e-01 7.923601e-01 -6.710511e-02 1.121315e+00 -6.108600e-03
9.250000e+00 7.600000e-01 7.928199e-01 1.859836e-01 1.122664e+00 -6.887738e-03
9.300000e+00 7.600000e-01 7.930488e-01 -7.022366e-02 1.122234e+00 -8.588395e-03
9.350000e+00 7.600000e-01 7.936788e-01 1.376879e-01 1.124111e+00 -1.185955e-02
9.400000e+00 7.600000e-01 7.942348e-01 -6.757587e-02 1.123376e+00 -1.551440e-02
9.450000e+00 7.600000e-01 7.952302e-01 2.193144e-01 1.125849e+00 -1.857302e-02
9.500000e+00 7.600000e-01 7.960921e-01 -1.162937e-01 1.125936e+00 -2.435353e-02
9.550000e+00 7.600000e-01 7.976656e-01 1.944254e-01 1.129050e+00 -3.206530e-02
9.600000e+00 7.600000e-01 7.992986e-01 -8.825377e-02 1.128623e+00 -4.108437e-02
9.650000e+00 7.600000e-01 8.017740e-01 2.611752e-01 1.132945e+00 -5.166707e-02
9.700000e+00 7.600000e-01 8.044653e-01 -1.193055e-01 1.133417e+00 -6.708309e-02
9.750000e+00 7.600000e-01 8.084823e-01 2.629660e-01 1.137874e+00 -8.724142e-02
9.800000e+00 7.600000e-01 8.131895e-01 -7.702473e-02 1.135815e+00 -1.131632e-01
9.850000e+00 7.600000e-01 8.197986e-01 3.292739e-01 1.137969e+00 -1.473832e-01
9.900000e+00 7.600000e-01 8.279278e-01 1.470894e-02 1.129645e+00 -1.952701e-01
9.950000e+00 7.600000e-01 8.393256e-01 4.153481e-01 1.120457e+00 -2.661620e-01
1.000000e+01 7.600000e-01 8.545440e-01 3.255683e-01 0.000000e+00 0.000000e+00
0.000000e+00 7.800000e-01 8.757840e-01 3.360000e+00 0.000000e+00 0.000000e+00
5.000000e-02 7.800000e-01 8.758603e-01 3.363585e+00 1.027490e+00 -1.122063e-03
1.000000e-01 7.800000e-01 8.758962e-01 3.356301e+00 1.027554e+00 -5.606912e-04
1.500000e-01 7.800000e-01 8.759163e-01 3.350323e+00 1.028256e+00 -8.980477e-04
2.000000e-01 7.800000e-01 8.759860e-01 3.370832e+00 1.027733e+00 -1.670548e-03
2.500000e-01 7.800000e-01 8.760834e-01 3.383129e+00 1.025823e+00 -1.178563e-03
3.000000e-01 7.800000e-01 8.761039e-01 3.349865e+00 1.025345e+00 3.800389e-04
3.500000e-01 7.800000e-01 8.760454e-01 3.327118e+00 1.027289e+00 6.809020e-04
4.000000e-01 7.800000e-01 8.760358e-01 3.372112e+00 1.028230e+00 -6.267433e-04
4.500000e-01 7.800000e-01 8.761080e-01 3.411287e+00 1.026068e+00 -9.092857e-04
5.000000e-01 7.800000e-01 8.761267e-01 3.357175e+00 1.024086e+00 1.005491e-03
5.500000e-01 7.800000e-01 8.760075e-01 3.290067e+00 1.025910e+00 2.654743e-03
6.000000e-01 7.800000e-01 8.758612e-01 3.341978e+00 1.029309e+00 1.917701e-03
6.500000e-01 7.800000e-01 8.758157e-01 3.441255e+00 1.029396e+00 4.707013e-04
7.000000e-01 7.800000e-01 8.758142e-01 3.403194e+00 1.026392e+00 1.120934e-03
7.500000e-01 7.800000e-01 8.757036e-01 3.260164e+00 1.025732e+00 3.489571e-03
8.000000e-01 7.800000e-01 8.754652e-01 3.251762e+00 1.029967e+00 4.519316e-03
8.500000e-01 7.800000e-01 8.752517e-01 3.423487e+00 1.033732e+00 3.252215e-03
9.000000e-01 7.800000e-01 8.751400e-01 3.498135e+00 1.031901e+00 2.444732e-03
9.500000e-01 7.800000e-01 8.750072e-01 3.311318e+00 1.027782e+00 4.339312e-03
1.000000e+00 7.800000e-01 8.747061e-01 3.120585e+00 1.028925e+00 6.986520e-03
1.050000e+00 7.800000e-01 8.743086e-01 3.241486e+00 1.034455e+00 7.283278e-03
1.100000e+00 7.800000e-01 8.739777e-01 3.519757e+00 1.035914e+00 6.210329e-03
1.150000e+00 7.800000e-01 8.736875e-01 3.511133e+00 1.030513e+00 7.219760e-03
1.200000e+00 7.800000e-01 8.732557e-01 3.156973e+00 1.025914e+00 1.044369e-02
1.250000e+00 7.800000e-01 8.726432e-01 2.922189e+00 1.028567e+00 1.232933e-02
1.300000e+00 7.800000e-01 8.720228e-01 3.150333e+00 1.033663e+00 1.156030e-02
1.350000e+00 7.800000e-01 8.714871e-01 3.538700e+00 1.032534e+00 1.129118e-02
1.400000e+00 7.800000e-01 8.708937e-01 3.522833e+00 1.025107e+00 1.405653e-02
1.450000e+00 7.800000e-01 8.700815e-01 3.039456e+00 1.019750e+00 1.778641e-02
1.500000e+00 7.800000e-01 8.691151e-01 2.634283e+00 1.021843e+00 1.896375e-02
1.550000e+00 7.800000e-01 8.681851e-01 2.782100e+00 1.027318e+00 1.775024e-02
1.600000e+00 7.800000e-01 8.673400e-01 3.295456e+00 1.028159e+00 1.752647e-02
1.650000e+00 7.800000e-01 8.664325e-01 3.549204e+00 1.021608e+00 2.028994e-02
1.700000e+00 7.800000e-01 8.653110e-01 3.197477e+00 1.012841e+00 2.447804e-02
1.750000e+00 7.800000e-01 8.639847e-01 2.540988e+00 1.009540e+00 2.720535e-02
1.800000e+00 7.800000e-01 8.625905e-01 2.184264e+00 1.014414e+00 2.730304e-02
1.850000e+00 7.800000e-01 8.612544e-01 2.422623e+00 1.022522e+00 2.599642e-02
1.900000e+00 7.800000e-01 8.599909e-01 2.993616e+00 1.025535e+00 2.562742e-02
1.950000e+00 7.800000e-01 8.586916e-01 3.363673e+00 1.019268e+00 2.803379e-02
2.000000e+00 7.800000e-01 8.571875e-01 3.207617e+00 1.007755e+00 3.334437e-02
2.050000e+00 7.800000e-01 8.553572e-01 2.628506e+00 1.000007e+00 3.961890e-02
2.100000e+00 7.800000e-01 8.532256e-01 2.008352e+00 1.002597e+00 4.385784e-02
2.150000e+00 7.800000e-01 8.509714e-01 1.702193e+00 1.014523e+00 4.414623e-02
2.200000e+00 7.800000e-01 8.488110e-01 1.811276e+00 1.028298e+00 4.134957e-02
2.250000e+00 7.800000e-01 8.468364e-01 2.168545e+00 1.035884e+00 3.871126e-02
2.300000e+00 7.800000e-01 8.449398e-01 2.506746e+00 1.034092e+00 3.959897e-02
2.350000e+00 7.800000e-01 8.428765e-01 2.636080e+00 1.025531e+00 4.531351e-02
2.400000e+00 7.800000e-01 8.404085e-01 2.505746e+00 1.015838e+00 5.444853e-02
2.450000e+00 7.800000e-01 8.374317e-01 2.169269e+00 1.010222e+00 6.382673e-02
2.500000e+00 7.800000e-01 8.340258e-01 1.724798e+00 1.011406e+00 7.014327e-02
2.550000e+00 7.800000e-01 8.304174e-01 1.268430e+00 1.019341e+00 7.135367e-02
2.600000e+00 7.800000e-01 8.268905e-01 8.682309e-01 1.032118e+00 6.721606e-02
2.650000e+00 7.800000e-01 8.236958e-01 5.571993e-01 1.047193e+00 5.896435e-02
2.700000e+00 7.800000e-01 8.209940e-01 3.394827e-01 1.062326e+00 4.852193e-02
2.750000e+00 7.800000e-01 8.188436e-01 2.018516e-01 1.076004e+00 3.774160e-02
2.800000e+00 7.800000e-01 8.172199e-01 1.242220e-01 1.087464e+00 2.795335e-02
2.850000e+00 7.800000e-01 8.160482e-01 8.668673e-02 1.096526e+00 1.985106e-02
2.900000e+00 7.800000e-01 8.152348e-01 7.307290e-02 1.103369e+00 1.360305e-02
2.950000e+00 7.800000e-01 8.146879e-01 7.196614e-02 1.108348e+00 9.046511e-03
3.000000e+00 7.800000e-01 8.143301e-01 7.624657e-02 1.111862e+00 5.868036e-03
3.050000e+00 7.800000e-01 8.141011e-01 8.200229e-02 1.114282e+00 3.728150e-03
3.100000e+00 7.800000e-01 8.139573e-01 8.739702e-02 1.115915e+00 2.327686e-03
3.150000e+00 7.800000e-01 8.138684e-01 9.177304e-02 1.117000e+00 1.431612e-03
3.200000e+00 7.800000e-01 8.138141e-01 9.505344e-02 1.117710e+00 8.686030e-04
3.250000e+00 7.800000e-01 8.137815e-01 9.739558e-02 1.118171e+00 5.201267e-04
3.300000e+00 7.800000e-01 8.137621e-01 9.901537e-02 1.118468e+00 3.072066e-04
3.350000e+00 7.800000e-01 8.137508e-01 1.001119e-01 1.118657e+00 1.786520e-04
3.400000e+00 7.800000e-01 8.137442e-01 1.008434e-01 1.118777e+00 1.019535e-04
3.450000e+00 7.800000e-01 8.137406e-01 1.013265e-01 1.118853e+00 5.678190e-05
3.500000e+00 7.800000e-01 8.137386e-01 1.016433e-01 1.118900e+00 3.057800e-05
3.550000e+00 7.800000e-01 8.137375e-01 1.018500e-01 1.118929e+00 1.566117e-05
3.600000e+00 7.800000e-01 8.137370e-01 1.019842e-01 1.118948e+00 7.377878e-06
3.650000e+00 7.800000e-01 8.137368e-01 1.020712e-01 1.118959e+00 2.935066e-06
3.700000e+00 7.800000e-01 8.137367e-01 1.021273e-01 1.118966e+00 6.736412e-07
3.750000e+00 7.800000e-01 8.137367e-01 1.021634e-01 1.118970e+00 -3.799123e-07
3.800000e+00 7.800000e-01 8.137367e-01 1.021866e-01 1.118972e+00 -7.882450e-07
3.850000e+00 7.800000e-01 8.137368e-01 1.022014e-01 1.118974e+00 -8.702569e-07
3.900000e+00 7.800000e-01 8.137368e-01 1.022108e-01 1.118974e+00 -8.020079e-07
3.950000e+00 7.800000e-01 8.137369e-01 1.022168e-01 1.118975e+00 -6.771364e-07
4.000000e+00 7.800000e-01 8.137369e-01 1.022205e-01 1.118975e+00 -5.426711e-07
4.050000e+00 7.800000e-01 8.137369e-01 1.022229e-01 1.118975e+00 -4.199901e-07
4.100000e+00 7.800000e-01 8.137369e-01 1.022243e-01 1.118975e+00 -3.168956e-07
4.150000e+00 7.800000e-01 8.137370e-01 1.022252e-01 1.118975e+00 -2.344246e-07
4.200000e+00 7.800000e-01 8.137370e-01 1.022257e-01 1.118975e+00 -1.705839e-07
4.250000e+00 7.800000e-01 8.137370e-01 1.022261e-01 1.118975e+00 -1.223163e-07
4.300000e+00 7.800000e-01 8.137370e-01 1.022262e-01 1.118975e+00 -8.647092e-08
4.350000e+00 7.800000e-01 8.137370e-01 1.022263e-01 1.118975e+00 -6.023078e-08
4.400000e+00 7.800000e-01 8.137370e-01 1.022264e-01 1.118975e+00 -4.125587e-08
4.450000e+00 7.800000e-01 8.137370e-01 1.022264e-01 1.118975e+00 -2.768717e-08
4.500000e+00 7.800000e-01 8.137370e-01 1.022264e-01 1.118975e+00 -1.809092e-08
4.550000e+00 7.800000e-01 8.137370e-01 1.022264e-01 1.118975e+00 -1.138402e-08
4.600000e+00 7.800000e-01 8.137370e-01 1.022264e-01 1.118975e+00 -6.760519e-09
4.650000e+00 7.800000e-01 8.137370e-01 1.022264e-01 1.118975e+00 -3.627271e-09
4.700000e+00 7.800000e-01 8.137370e-01 1.022264e-01 1.118975e+00 -1.551401e-09
4.750000e+00 7.800000e-01 8.137370e-01 1.022263e-01 1.118975e+00 -2.190892e-10
4.800000e+00 7.800000e-01 8.137370e-01 1.022263e-01 1.118975e+00 5.959555e-10
4.850000e+00 7.800000e-01 8.137370e-01 1.022263e-01 1.118975e+00 1.056089e-09
4.900000e+00 7.800000e-01 8.137370e-01 1.022263e-01 1.118975e+00 1.277175e-09
4.950000e+00 7.800000e-01 8.137370e-01 1.022263e-01 1.118975e+00 1.341418e-09
5.000000e+00 7.800000e-01 8.137370e-01 1.022263e-01 1.118975e+00 1.306627e-09
5.050000e+00 7.800000e-01 8.137370e-01 1.022263e-01 1.118975e+00 1.212997e-09
5.100000e+00 7.800000e-01 8.137370e-01 1.022263e-01 1.118975e+00 1.088071e-09
5.150000e+00 7.800000e-01 8.137370e-01 1.022263e-01 1.118975e+00 9.502898e-10
5.200000e+00 7.800000e-01 8.137370e-01 1.022263e-01 1.118975e+00 8.115841e-10
5.250000e+00 7.800000e-01 8.137370e-01 1.022263e-01 1.118975e+00 6.792567e-10
5.300000e+00 7.800000e-01 8.137370e-01 1.022263e-01 1.118975e+00 5.573531e-10
5.350000e+00 7.800000e-01 8.137370e-01 1.022263e-01 1.118975e+00 4.476597e-10
5.400000e+00 7.800000e-01 8.137370e-01 1.022263e-01 1.118975e+00 3.504519e-10
5.450000e+00 7.800000e-01 8.137370e-01 1.022263e-01 1.118975e+00 2.649636e-10
5.500000e+00 7.800000e-01 8.137370e-01 1.022263e-01 1.118975e+00 1.897305e-10
5.550000e+00 7.800000e-01 8.137370e-01 1.022263e-01 1.118975e+00 1.228839e-10
5.600000e+00 7.800000e-01 8.137370e-01 1.022263e-01 1.118975e+00 6.225576e-11
5.650000e+00 7.800000e-01 8.137370e-01 1.022263e-01 1.118975e+00 5.434542e-12
5.700000e+00 7.800000e-01 8.137370e-01 1.022263e-01 1.118975e+00 -5.016432e-11
5.750000e+00 7.800000e-01 8.137370e-01 1.022263e-01 1.118975e+00 -1.073552e-10
5.800000e+00 7.800000e-01 8.137370e-01 1.022263e-01 1.118975e+00 -1.693112e-10
5.850000e+00 7.800000e-01 8.137370e-01 1.022263e-01 1.118975e+00 -2.396239e-10
5.900000e+00 7.800000e-01 8.137370e-01 1.022263e-01 1.118975e+00 -3.225009e-10
5.950000e+00 7.800000e-01 8.137370e-01 1.022263e-01 1.118975e+00 -4.230249e-10
6.000000e+00 7.800000e-01 8.137370e-01 1.022263e-01 1.118975e+00 -5.474188e-10
6.050000e+00 7.800000e-01 8.137370e-01 1.022263e-01 1.118975e+00 -7.034529e-10
6.100000e+00 7.800000e-01 8.137370e-01 1.022263e-01 1.118975e+00 -9.009149e-10
6.150000e+00 7.800000e-01 8.137370e-01 1.022263e-01 1.118975e+00 -1.152264e-09
6.200000e+00 7.800000e-01 8.137370e-01 1.022263e-01 1.118975e+00 -1.473437e-09
6.250000e+00 7.800000e-01 8.137370e-01 1.022263e-01 1.118975e+00 -1.884874e-09
6.300000e+00 7.800000e-01 8.137370e-01 1.022263e-01 1.118975e+00 -2.412873e-09
6.350000e+00 7.800000e-01 8.137370e-01 1.022263e-01 1.118975e+00 -3.091307e-09
6.400000e+00 7.800000e-01 8.137370e-01 1.022263e-01 1.118975e+00 -3.963845e-09
6.450000e+00 7.800000e-01 8.137370e-01 1.022263e-01 1.118975e+00 -5.086811e-09
6.500000e+00 7.800000e-01 8.137370e-01 1.022263e-01 1.118975e+00 -6.532903e-09
6.550000e+00 7.800000e-01 8.137370e-01 1.022263e-01 1.118975e+00 -8.395844e-09
6.600000e+00 7.800000e-01 8.137370e-01 1.022263e-01 1.118975e+00 -1.079692e-08
6.650000e+00 7.800000e-01 8.137370e-01 1.022263e-01 1.118975e+00 -1.389160e-08
6.700000e+00 7.800000e-01 8.137370e-01 1.022263e-01 1.118975e+00 -1.788417e-08
6.750000e+00 7.800000e-01 8.137370e-01 1.022263e-01 1.118975e+00 -2.302647e-08
6.800000e+00 7.800000e-01 8.137370e-01 1.022263e-01 1.118975e+00 -2.968110e-08
6.850000e+00 7.800000e-01 8.137370e-01 1.022263e-01 1.118975e+00 -3.819971e-08
6.900000e+00 7.800000e-01 8.137370e-01 1.022263e-01 1.118975e+00 -4.938663e-08
6.950000e+00 7.800000e-01 8.137370e-01 1.022264e-01 1.118975e+00 -6.325231e-08
7.000000e+00 7.800000e-01 8.137370e-01 1.022263e-01 1.118975e+00 -8.273677e-08
7.050000e+00 7.800000e-01 8.137370e-01 1.022266e-01 1.118975e+00 -1.035376e-07
7.100000e+00 7.800000e-01 8.137370e-01 1.022258e-01 1.118975e+00 -1.418335e-07
7.150000e+00 7.800000e-01 8.137370e-01 1.022281e-01 1.118975e+00 -1.619542e-07
7.200000e+00 7.800000e-01 8.137370e-01 1.022224e-01 1.118975e+00 -2.603641e-07
7.250000e+00 7.800000e-01 8.137371e-01 1.022364e-01 1.118975e+00 -2.141873e-07
7.300000e+00 7.800000e-01 8.137371e-01 1.022038e-01 1.118975e+00 -5.538442e-07
7.350000e+00 7.800000e-01 8.137371e-01 1.022776e-01 1.118975e+00 -1.052577e-07
7.400000e+00 7.800000e-01 8.137371e-01 1.021171e-01 1.118975e+00 -1.420417e-06
7.450000e+00 7.800000e-01 8.137372e-01 1.024538e-01 1.118976e+00 7.638959e-07
7.500000e+00 7.800000e-01 8.137370e-01 1.017768e-01 1.118974e+00 -4.029507e-06
7.550000e+00 7.800000e-01 8.137377e-01 1.030831e-01 1.118979e+00 4.031373e-06
7.600000e+00 7.800000e-01 8.137366e-01 1.006747e-01 1.118970e+00 -1.091603e-05
7.650000e+00 7.800000e-01 8.137387e-01 1.049106e-01 1.118986e+00 1.249179e-05
7.700000e+00 7.800000e-01 8.137353e-01 9.783275e-02 1.118959e+00 -2.498020e-05
7.750000e+00 7.800000e-01 8.137412e-01 1.090320e-01 1.119001e+00 2.686937e-05
7.800000e+00 7.800000e-01 8.137326e-01 9.233750e-02 1.118939e+00 -4.334540e-05
7.850000e+00 7.800000e-01 8.137456e-01 1.156638e-01 1.119026e+00 3.681416e-05
7.900000e+00 7.800000e-01 8.137290e-01 8.532413e-02 1.118913e+00 -4.844964e-05
7.950000e+00 7.800000e-01 8.137504e-01 1.217988e-01 1.119050e+00 1.802942e-05
8.000000e+00 7.800000e-01 8.137272e-01 8.158490e-02 1.118898e+00 -2.072652e-05
8.050000e+00 7.800000e-01 8.137525e-01 1.220951e-01 1.119054e+00 -3.255668e-05
8.100000e+00 7.800000e-01 8.137304e-01 8.445263e-02 1.118909e+00 6.064244e-06
8.150000e+00 7.800000e-01 8.137519e-01 1.184238e-01 1.119039e+00 -4.539796e-05
8.200000e+00 7.800000e-01 8.137350e-01 8.492711e-02 1.118921e+00 -5.908681e-05
8.250000e+00 7.800000e-01 8.137578e-01 1.250747e-01 1.119050e+00 3.012530e-05
8.300000e+00 7.800000e-01 8.137319e-01 7.043142e-02 1.118894e+00 -1.747697e-04
8.350000e+00 7.800000e-01 8.137753e-01 1.429504e-01 1.119098e+00 2.008830e-05
8.400000e+00 7.800000e-01 8.137299e-01 5.804129e-02 1.118861e+00 -1.217940e-04
8.450000e+00 7.800000e-01 8.137875e-01 1.425360e-01 1.119119e+00 -2.013735e-04
8.500000e+00 7.800000e-01 8.137501e-01 7.018562e-02 1.118882e+00 -6.488414e-05
8.550000e+00 7.800000e-01 8.137939e-01 1.314904e-01 1.119112e+00 -2.264096e-04
8.600000e+00 7.800000e-01 8.137727e-01 6.396167e-02 1.118897e+00 -4.270323e-04
8.650000e+00 7.800000e-01 8.138366e-01 1.603725e-01 1.119157e+00 -1.061916e-04
8.700000e+00 7.800000e-01 8.137833e-01 2.893981e-02 1.118887e+00 -6.088370e-04
8.750000e+00 7.800000e-01 8.138975e-01 1.749528e-01 1.119217e+00 -6.699318e-04
8.800000e+00 7.800000e-01 8.138503e-01 4.657979e-02 1.118904e+00 -5.294333e-04
8.850000e+00 7.800000e-01 8.139505e-01 1.495751e-01 1.119305e+00 -1.034662e-03
8.900000e+00 7.800000e-01 8.139538e-01 4.081875e-02 1.118946e+00 -1.525213e-03
8.950000e+00 7.800000e-01 8.141030e-01 1.990865e-01 1.119379e+00 -1.184703e-03
9.000000e+00 7.800000e-01 8.140723e-01 -1.001381e-02 1.119111e+00 -2.174342e-03
9.050000e+00 7.800000e-01 8.143204e-01 2.034002e-01 1.119546e+00 -2.939762e-03
9.100000e+00 7.800000e-01 8.143662e-01 2.872296e-02 1.119149e+00 -3.148648e-03
9.150000e+00 7.800000e-01 8.146353e-01 1.929991e-01 1.119953e+00 -4.076685e-03
9.200000e+00 7.800000e-01 8.147739e-01 -2.402427e-02 1.119521e+00 -6.193411e-03
9.250000e+00 7.800000e-01 8.152546e-01 2.652059e-01 1.120129e+00 -7.032110e-03
9.300000e+00 7.800000e-01 8.154771e-01 -2.866398e-02 1.120026e+00 -8.842689e-03
9.350000e+00 7.800000e-01 8.161389e-01 2.308435e-01 1.121173e+00 -1.202526e-02
9.400000e+00 7.800000e-01 8.166796e-01 -3.095476e-02 1.120541e+00 -1.576241e-02
9.450000e+00 7.800000e-01 8.177151e-01 3.115827e-01 1.121874e+00 -1.898657e-02
9.500000e+00 7.800000e-01 8.185783e-01 -7.326358e-02 1.122059e+00 -2.486935e-02
9.550000e+00 7.800000e-01 8.202021e-01 3.098900e-01 1.123726e+00 -3.242546e-02
9.600000e+00 7.800000e-01 8.218209e-01 -5.338029e-02 1.122942e+00 -4.162333e-02
9.650000e+00 7.800000e-01 8.243644e-01 3.866534e-01 1.125123e+00 -5.231504e-02
9.700000e+00 7.800000e-01 8.270524e-01 -6.906879e-02 1.124521e+00 -6.767404e-02
9.750000e+00 7.800000e-01 8.311318e-01 4.336290e-01 1.125919e+00 -8.716474e-02
9.800000e+00 7.800000e-01 8.357688e-01 -1.375036e-02 1.121261e+00 -1.123921e-01
9.850000e+00 7.800000e-01 8.423710e-01 5.512590e-01 1.118006e+00 -1.448801e-01
9.900000e+00 7.800000e-01 8.502568e-01 1.349965e-01 1.102326e+00 -1.897573e-01
9.950000e+00 7.800000e-01 8.613468e-01 7.621694e-01 1.080093e+00 -2.552716e-01
1.000000e+01 7.800000e-01 8.757840e-01 6.266884e-01 0.000000e+00 0.000000e+00
0.000000e+00 8.000000e-01 8.956800e-01 3.600000e+00 0.000000e+00 0.000000e+00
5.000000e-02 8.000000e-01 8.957407e-01 3.599648e+00 9.581250e-01 -9.764999e-04
1.000000e-01 8.000000e-01 8.957776e-01 3.598723e+00 9.581114e-01 -6.623453e-04
1.500000e-01 8.000000e-01 8.958070e-01 3.603154e+00 9.583827e-01 -8.582565e-04
2.000000e-01 8.000000e-01 8.958635e-01 3.606367e+00 9.577778e-01 -1.231711e-03
2.500000e-01 8.000000e-01 8.959301e-01 3.598963e+00 9.565588e-01 -8.512260e-04
3.000000e-01 8.000000e-01 8.959486e-01 3.593128e+00 9.564805e-01 9.186380e-05
3.500000e-01 8.000000e-01 8.959209e-01 3.603642e+00 9.576187e-01 3.145617e-04
4.000000e-01 8.000000e-01 8.959171e-01 3.613409e+00 9.577882e-01 -3.127285e-04
4.500000e-01 8.000000e-01 8.959522e-01 3.599731e+00 9.563974e-01 -3.418560e-04
5.000000e-01 8.000000e-01 8.959513e-01 3.582165e+00 9.557318e-01 8.250815e-04
5.500000e-01 8.000000e-01 8.958697e-01 3.594775e+00 9.571921e-01 1.847543e-03
6.000000e-01 8.000000e-01 8.957666e-01 3.619743e+00 9.588662e-01 1.589614e-03
6.500000e-01 8.000000e-01 8.957107e-01 3.608308e+00 9.586569e-01 9.126110e-04
7.000000e-01 8.000000e-01 8.956753e-01 3.569473e+00 9.576477e-01 1.308573e-03
7.500000e-01 8.000000e-01 8.955799e-01 3.567792e+00 9.583700e-01 2.684268e-03
8.000000e-01 8.000000e-01 8.954069e-01 3.614470e+00 9.608800e-01 3.527660e-03
8.500000e-01 8.000000e-01 8.952271e-01 3.630871e+00 9.623807e-01 3.229729e-03
9.000000e-01 8.000000e-01 8.950839e-01 3.571354e+00 9.616972e-01 3.032074e-03
9.500000e-01 8.000000e-01 8.949239e-01 3.515006e+00 9.610615e-01 4.154660e-03
1.000000e+00 8.000000e-01 8.946684e-01 3.554832e+00 9.627103e-01 5.914633e-03
1.050000e+00 8.000000e-01 8.943324e-01 3.636888e+00 9.647999e-01 6.860487e-03
1.100000e+00 8.000000e-01 8.939824e-01 3.616114e+00 9.643383e-01 7.152004e-03
1.150000e+00 8.000000e-01 8.936172e-01 3.480885e+00 9.622520e-01 8.109437e-03
1.200000e+00 8.000000e-01 8.931715e-01 3.399362e+00 9.621189e-01 9.887736e-03
1.250000e+00 8.000000e-01 8.926285e-01 3.487181e+00 9.642453e-01 1.129507e-02
1.300000e+00 8.000000e-01 8.920419e-01 3.617562e+00 9.647839e-01 1.202638e-02
1.350000e+00 8.000000e-01 8.914258e-01 3.569839e+00 9.619344e-01 1.319600e-02
1.400000e+00 8.000000e-01 8.907223e-01 3.335977e+00 9.590101e-01 1.523549e-02
1.450000e+00 8.000000e-01 8.899023e-01 3.158585e+00 9.597223e-01 1.696743e-02
1.500000e+00 8.000000e-01 8.890256e-01 3.235497e+00 9.627198e-01 1.752988e-02
1.550000e+00 8.000000e-01 8.881493e-01 3.459514e+00 9.633926e-01 1.795732e-02
1.600000e+00 8.000000e-01 8.872299e-01 3.526098e+00 9.599806e-01 1.973881e-02
1.650000e+00 8.000000e-01 8.861754e-01 3.280239e+00 9.556847e-01 2.260329e-02
1.700000e+00 8.000000e-01 8.849695e-01 2.895994e+00 9.548570e-01 2.480217e-02
1.750000e+00 8.000000e-01 8.836952e-01 2.700813e+00 9.584034e-01 2.532664e-02
1.800000e+00 8.000000e-01 8.824369e-01 2.846582e+00 9.631493e-01 2.502500e-02
1.850000e+00 8.000000e-01 8.811927e-01 3.168352e+00 9.648662e-01 2.553900e-02
1.900000e+00 8.000000e-01 8.798830e-01 3.344025e+00 9.617811e-01 2.776012e-02
1.950000e+00 8.000000e-01 8.784167e-01 3.173476e+00 9.560528e-01 3.137762e-02
2.000000e+00 8.000000e-01 8.767452e-01 2.724724e+00 9.524205e-01 3.533647e-02
2.050000e+00 8.000000e-01 8.748830e-01 2.255486e+00 9.549327e-01 3.840166e-02
2.100000e+00 8.000000e-01 8.729050e-01 2.015957e+00 9.639453e-01 3.967271e-02
2.150000e+00 8.000000e-01 8.709158e-01 2.090179e+00 9.755847e-01 3.918035e-02
2.200000e+00 8.000000e-01 8.689870e-01 2.368840e+00 9.842731e-01 3.818292e-02
2.250000e+00 8.000000e-01 8.670975e-01 2.649247e+00 9.864335e-01 3.863814e-02
2.300000e+00 8.000000e-01 8.651232e-01 2.766979e+00 9.825058e-01 4.204726e-02
2.350000e+00 8.000000e-01 8.628928e-01 2.660867e+00 9.761927e-01 4.847773e-02
2.400000e+00 8.000000e-01 8.602754e-01 2.359801e+00 9.721442e-01 5.638952e-02
2.450000e+00 8.000000e-01 8.572538e-01 1.939034e+00 9.738022e-01 6.330792e-02
2.500000e+00 8.000000e-01 8.539446e-01 1.482238e+00 9.823433e-01 6.691612e-02
2.550000e+00 8.000000e-01 8.505622e-01 1.057967e+00 9.967999e-01 6.597157e-02
2.600000e+00 8.000000e-01 8.473475e-01 7.090425e-01 1.014920e+00 6.062537e-02
2.650000e+00 8.000000e-01 8.444997e-01 4.521706e-01 1.034172e+00 5.211705e-02
2.700000e+00 8.000000e-01 8.421358e-01 2.838827e-01 1.052461e+00 4.214191e-02
2.750000e+00 8.000000e-01 8.402855e-01 1.885826e-01 1.068448e+00 3.225326e-02
2.800000e+00 8.000000e-01 8.389104e-01 1.459546e-01 1.081533e+00 2.351622e-02
2.850000e+00 8.000000e-01 8.379338e-01 1.364780e-01 1.091689e+00 1.643848e-02
2.900000e+00 8.000000e-01 8.372666e-01 1.446040e-01 1.099234e+00 1.108354e-02
2.950000e+00 8.000000e-01 8.368255e-01 1.597516e-01 1.104639e+00 7.247880e-03
3.000000e+00 8.000000e-01 8.365418e-01 1.757816e-01 1.108399e+00 4.618986e-03
3.050000e+00 8.000000e-01 8.363636e-01 1.897846e-01 1.110952e+00 2.880061e-03
3.100000e+00 8.000000e-01 8.362538e-01 2.008308e-01 1.112652e+00 1.762242e-03
3.150000e+00 8.000000e-01 8.361874e-01 2.090073e-01 1.113767e+00 1.060110e-03
3.200000e+00 8.000000e-01 8.361478e-01 2.148078e-01 1.114489e+00 6.273990e-04
3.250000e+00 8.000000e-01 8.361246e-01 2.188036e-01 1.114952e+00 3.650290e-04
3.300000e+00 8.000000e-01 8.361113e-01 2.215003e-01 1.115246e+00 2.082803e-04
3.350000e+00 8.000000e-01 8.361038e-01 2.232943e-01 1.115431e+00 1.159958e-04
3.400000e+00 8.000000e-01 8.360997e-01 2.244756e-01 1.115547e+00 6.252373e-05
3.450000e+00 8.000000e-01 8.360975e-01 2.252478e-01 1.115620e+00 3.212255e-05
3.500000e+00 8.000000e-01 8.360965e-01 2.257499e-01 1.115665e+00 1.525407e-05
3.550000e+00 8.000000e-01 8.360960e-01 2.260748e-01 1.115692e+00 6.203773e-06
3.600000e+00 8.000000e-01 8.360959e-01 2.262845e-01 1.115709e+00 1.586153e-06
3.650000e+00 8.000000e-01 8.360959e-01 2.264192e-01 1.115719e+00 -5.798058e-07
3.700000e+00 8.000000e-01 8.360959e-01 2.265056e-01 1.115725e+00 -1.436214e-06
3.750000e+00 8.000000e-01 8.360960e-01 2.265608e-01 1.115728e+00 -1.629156e-06
3.800000e+00 8.000000e-01 8.360961e-01 2.265959e-01 1.115730e+00 -1.514907e-06
3.850000e+00 8.000000e-01 8.360962e-01 2.266181e-01 1.115732e+00 -1.282915e-06
3.900000e+00 8.000000e-01 8.360962e-01 2.266321e-01 1.115732e+00 -1.028446e-06
3.950000e+00 8.000000e-01 8.360963e-01 2.266409e-01 1.115733e+00 -7.949881e-07
4.000000e+00 8.000000e-01 8.360963e-01 2.266464e-01 1.115733e+00 -5.986291e-07
4.050000e+00 8.000000e-01 8.360963e-01 2.266497e-01 1.115733e+00 -4.417888e-07
4.100000e+00 8.000000e-01 8.360963e-01 2.266518e-01 1.115733e+00 -3.207473e-07
4.150000e+00 8.000000e-01 8.360963e-01 2.266530e-01 1.115733e+00 -2.296064e-07
4.200000e+00 8.000000e-01 8.360964e-01 2.266537e-01 1.115733e+00 -1.622479e-07
4.250000e+00 8.000000e-01 8.360964e-01 2.266541e-01 1.115733e+00 -1.131979e-07
4.300000e+00 8.000000e-01 8.360964e-01 2.266543e-01 1.115733e+00 -7.791751e-08
4.350000e+00 8.000000e-01 8.360964e-01 2.266544e-01 1.115733e+00 -5.281403e-08
4.400000e+00 8.000000e-01 8.360964e-01 2.266545e-01 1.115733e+00 -3.513128e-08
4.450000e+00 8.000000e-01 8.360964e-01 2.266545e-01 1.115733e+00 -2.280113e-08
4.500000e+00 8.000000e-01 8.360964e-01 2.266545e-01 1.115733e+00 -1.429713e-08
4.550000e+00 8.000000e-01 8.360964e-01 2.266544e-01 1.115733e+00 -8.506553e-09
4.600000e+00 8.000000e-01 8.360964e-01 2.266544e-01 1.115733e+00 -4.626080e-09
4.650000e+00 8.000000e-01 8.360964e-01 2.266544e-01 1.115733e+00 -2.080105e-09
4.700000e+00 8.000000e-01 8.360964e-01 2.266544e-01 1.115733e+00 -4.586798e-10
4.750000e+00 8.000000e-01 8.360964e-01 2.266544e-01 1.115733e+00 5.286316e-10
4.800000e+00 8.000000e-01 8.360964e-01 2.266544e-01 1.115733e+00 1.086622e-09
4.850000e+00 8.000000e-01 8.360964e-01 2.266543e-01 1.115733e+00 1.359007e-09
4.900000e+00 8.000000e-01 8.360964e-01 2.266543e-01 1.115733e+00 1.446048e-09
4.950000e+00 8.000000e-01 8.360964e-01 2.266543e-01 1.115733e+00 1.417177e-09
5.000000e+00 8.000000e-01 8.360964e-01 2.266543e-01 1.115733e+00 1.319995e-09
5.050000e+00 8.000000e-01 8.360964e-01 2.266543e-01 1.115733e+00 1.186626e-09
5.100000e+00 8.000000e-01 8.360964e-01 2.266543e-01 1.115733e+00 1.038322e-09
5.150000e+00 8.000000e-01 8.360964e-01 2.266543e-01 1.115733e+00 8.887091e-10
5.200000e+00 8.000000e-01 8.360964e-01 2.266543e-01 1.115733e+00 7.460654e-10
5.250000e+00 8.000000e-01 8.360964e-01 2.266543e-01 1.115733e+00 6.149670e-10
5.300000e+00 8.000000e-01 8.360964e-01 2.266543e-01 1.115733e+00 4.974754e-10
5.350000e+00 8.000000e-01 8.360964e-01 2.266543e-01 1.115733e+00 3.939526e-10
5.400000e+00 8.000000e-01 8.360964e-01 2.266543e-01 1.115733e+00 3.036793e-10
5.450000e+00 8.000000e-01 8.360964e-01 2.266543e-01 1.115733e+00 2.252287e-10
5.500000e+00 8.000000e-01 8.360964e-01 2.266543e-01 1.115733e+00 1.567135e-10
5.550000e+00 8.000000e-01 8.360964e-01 2.266543e-01 1.115733e+00 9.601653e-11
5.600000e+00 8.000000e-01 8.360964e-01 2.266543e-01 1.115733e+00 4.084955e-11
5.650000e+00 8.000000e-01 8.360964e-01 2.266543e-01 1.115733e+00 -1.122991e-11
5.700000e+00 8.000000e-01 8.360964e-01 2.266543e-01 1.115733e+00 -6.278866e-11
5.750000e+00 8.000000e-01 8.360964e-01 2.266543e-01 1.115733e+00 -1.166001e-10
5.800000e+00 8.000000e-01 8.360964e-01 2.266543e-01 1.115733e+00 -1.757627e-10
5.850000e+00 8.000000e-01 8.360964e-01 2.266543e-01 1.115733e+00 -2.437928e-10
5.900000e+00 8.000000e-01 8.360964e-01 2.266543e-01 1.115733e+00 -3.248313e-10
5.950000e+00 8.000000e-01 8.360964e-01 2.266543e-01 1.115733e+00 -4.238976e-10
6.000000e+00 8.000000e-01 8.360964e-01 2.266543e-01 1.115733e+00 -5.471668e-10
6.050000e+00 8.000000e-01 8.360964e-01 2.266543e-01 1.115733e+00 -7.023704e-10
6.100000e+00 8.000000e-01 8.360964e-01 2.266543e-01 1.115733e+00 -8.992840e-10
6.150000e+00 8.000000e-01 8.360964e-01 2.266543e-01 1.115733e+00 -1.150379e-09
6.200000e+00 8.000000e-01 8.360964e-01 2.266543e-01 1.115733e+00 -1.471621e-09
6.250000e+00 8.000000e-01 8.360964e-01 2.266543e-01 1.115733e+00 -1.883513e-09
6.300000e+00 8.000000e-01 8.360964e-01 2.266543e-01 1.115733e+00 -2.412455e-09
6.350000e+00 8.000000e-01 8.360964e-01 2.266543e-01 1.115733e+00 -3.092457e-09
6.400000e+00 8.000000e-01 8.360964e-01 2.266543e-01 1.115733e+00 -3.967400e-09
6.450000e+00 8.000000e-01 8.360964e-01 2.266543e-01 1.115733e+00 -5.093883e-09
6.500000e+00 8.000000e-01 8.360964e-01 2.266543e-01 1.115733e+00 -6.544987e-09
6.550000e+00 8.000000e-01 8.360964e-01 2.266543e-01 1.115733e+00 -8.414925e-09
6.600000e+00 8.000000e-01 8.360964e-01 2.266543e-01 1.115733e+00 -1.082570e-08
6.650000e+00 8.000000e-01 8.360964e-01 2.266543e-01 1.115733e+00 -1.393348e-08
6.700000e+00 8.000000e-01 8.360964e-01 2.266543e-01 1.115733e+00 -1.794427e-08
6.750000e+00 8.000000e-01 8.360964e-01 2.266544e-01 1.115733e+00 -2.310975e-08
6.800000e+00 8.000000e-01 8.360964e-01 2.266544e-01 1.115733e+00 -2.979974e-08
6.850000e+00 8.000000e-01 8.360964e-01 2.266544e-01 1.115733e+00 -3.835292e-08
6.900000e+00 8.000000e-01 8.360964e-01 2.266544e-01 1.115733e+00 -4.962266e-08
6.950000e+00 8.000000e-01 8.360964e-01 2.266545e-01 1.115733e+00 -6.349472e-08
7.000000e+00 8.000000e-01 8.360964e-01 2.266543e-01 1.115733e+00 -8.327115e-08
7.050000e+00 8.000000e-01 8.360964e-01 2.266548e-01 1.115733e+00 -1.037057e-07
7.100000e+00 8.000000e-01 8.360964e-01 2.266537e-01 1.115733e+00 -1.434525e-07
7.150000e+00 8.000000e-01 8.360964e-01 2.266566e-01 1.115733e+00 -1.606713e-07
7.200000e+00 8.000000e-01 8.360964e-01 2.266496e-01 1.115733e+00 -2.668445e-07
7.250000e+00 8.000000e-01 8.360964e-01 2.266667e-01 1.115733e+00 -2.039660e-07
7.300000e+00 8.000000e-01 8.360964e-01 2.266272e-01 1.115732e+00 -5.819539e-07
7.350000e+00 8.000000e-01 8.360965e-01 2.267165e-01 1.115733e+00 -5.374566e-08
7.400000e+00 8.000000e-01 8.360964e-01 2.265238e-01 1.115732e+00 -1.533569e-06
7.450000e+00 8.000000e-01 8.360966e-01 2.269262e-01 1.115733e+00 9.691390e-07
7.500000e+00 8.000000e-01 8.360963e-01 2.261214e-01 1.115732e+00 -4.421246e-06
7.550000e+00 8.000000e-01 8.360971e-01 2.276668e-01 1.115734e+00 4.692955e-06
7.600000e+00 8.000000e-01 8.360959e-01 2.248329e-01 1.115730e+00 -1.202958e-05
7.650000e+00 8.000000e-01 8.360983e-01 2.297923e-01 1.115737e+00 1.418076e-05
7.700000e+00 8.000000e-01 8.360945e-01 2.215494e-01 1.115725e+00 -2.745575e-05
7.750000e+00 8.000000e-01 8.361010e-01 2.345256e-01 1.115744e+00 3.011104e-05
7.800000e+00 8.000000e-01 8.360914e-01 2.152835e-01 1.115715e+00 -4.732607e-05
7.850000e+00 8.000000e-01 8.361058e-01 2.420346e-01 1.115756e+00 4.099175e-05
7.900000e+00 8.000000e-01 8.360873e-01 2.074152e-01 1.115702e+00 -5.230812e-05
7.950000e+00 8.000000e-01 8.361110e-01 2.488422e-01 1.115769e+00 2.049540e-05
8.000000e+00 8.000000e-01 8.360853e-01 2.033672e-01 1.115692e+00 -2.142595e-05
8.050000e+00 8.000000e-01 8.361131e-01 2.490190e-01 1.115774e+00 -3.410031e-05
8.100000e+00 8.000000e-01 8.360887e-01 2.067122e-01 1.115694e+00 8.534786e-06
8.150000e+00 8.000000e-01 8.361123e-01 2.448328e-01 1.115766e+00 -4.785684e-05
8.200000e+00 8.000000e-01 8.360935e-01 2.073747e-01 1.115706e+00 -5.923609e-05
8.250000e+00 8.000000e-01 8.361182e-01 2.519688e-01 1.115753e+00 3.261937e-05
8.300000e+00 8.000000e-01 8.360902e-01 1.918066e-01 1.115715e+00 -1.803637e-04
8.350000e+00 8.000000e-01 8.361363e-01 2.711679e-01 1.115754e+00 2.483123e-05
8.400000e+00 8.000000e-01 8.360877e-01 1.785269e-01 1.115702e+00 -1.260769e-04
8.450000e+00 8.000000e-01 8.361489e-01 2.709929e-01 1.115778e+00 -2.015912e-04
8.500000e+00 8.000000e-01 8.361079e-01 1.910780e-01 1.115679e+00 -6.499749e-05
8.550000e+00 8.000000e-01 8.361554e-01 2.596434e-01 1.115788e+00 -2.303793e-04
8.600000e+00 8.000000e-01 8.361309e-01 1.849277e-01 1.115706e+00 -4.267171e-04
8.650000e+00 8.000000e-01 8.361980e-01 2.889981e-01 1.115731e+00 -1.106494e-04
8.700000e+00 8.000000e-01 8.361420e-01 1.495479e-01 1.115764e+00 -6.156406e-04
8.750000e+00 8.000000e-01 8.362596e-01 3.045810e-01 1.115736e+00 -6.644693e-04
8.800000e+00 8.000000e-01 8.362085e-01 1.659785e-01 1.115688e+00 -5.491108e-04
8.850000e+00 8.000000e-01 8.363145e-01 2.810778e-01 1.115841e+00 -1.040215e-03
8.900000e+00 8.000000e-01 8.363125e-01 1.605881e-01 1.115702e+00 -1.518799e-03
8.950000e+00 8.000000e-01 8.364664e-01 3.288623e-01 1.115695e+00 -1.221092e-03
9.000000e+00 8.000000e-01 8.364346e-01 1.124250e-01 1.115893e+00 -2.196785e-03
9.050000e+00 8.000000e-01 8.366861e-01 3.364066e-01 1.115740e+00 -2.921380e-03
9.100000e+00 8.000000e-01 8.367267e-01 1.459764e-01 1.115672e+00 -3.211126e-03
9.150000e+00 8.000000e-01 8.370072e-01 3.305558e-01 1.115932e+00 -4.141915e-03
9.200000e+00 8.000000e-01 8.371409e-01 1.002802e-01 1.115928e+00 -6.179156e-03
9.250000e+00 8.000000e-01 8.376251e-01 3.988100e-01 1.115600e+00 -7.089661e-03
9.300000e+00 8.000000e-01 8.378499e-01 9.417887e-02 1.115978e+00 -9.005783e-03
9.350000e+00 8.000000e-01 8.385257e-01 3.813560e-01 1.116111e+00 -1.206572e-02
9.400000e+00 8.000000e-01 8.390565e-01 9.387222e-02 1.115828e+00 -1.579503e-02
9.450000e+00 8.000000e-01 8.401052e-01 4.589773e-01 1.115687e+00 -1.918014e-02
9.500000e+00 8.000000e-01 8.409745e-01 6.279582e-02 1.116161e+00 -2.509418e-02
9.550000e+00 8.000000e-01 8.426146e-01 4.859778e-01 1.115922e+00 -3.241854e-02
9.600000e+00 8.000000e-01 8.442163e-01 8.523829e-02 1.115104e+00 -4.164321e-02
9.650000e+00 8.000000e-01 8.467789e-01 5.805279e-01 1.114551e+00 -5.229872e-02
9.700000e+00 8.000000e-01 8.494462e-01 9.521742e-02 1.113174e+00 -6.740139e-02
9.750000e+00 8.000000e-01 8.535191e-01 6.895309e-01 1.110703e+00 -8.593726e-02
9.800000e+00 8.000000e-01 8.580399e-01 1.847049e-01 1.103922e+00 -1.099982e-01
9.850000e+00 8.000000e-01 8.645189e-01 8.974603e-01 1.094373e+00 -1.398092e-01
9.900000e+00 8.000000e-01 8.720208e-01 4.170202e-01 1.072064e+00 -1.801047e-01
9.950000e+00 8.000000e-01 8.825293e-01 1.297455e+00 1.035646e+00 -2.365916e-01
1.000000e+01 8.000000e-01 8.956800e-01 1.115092e+00 0.000000e+00 0.000000e+00
0.000000e+00 8.200000e-01 9.141360e-01 3.840000e+00 0.000000e+00 0.000000e+00
5.000000e-02 8.200000e-01 9.141853e-01 3.839985e+00 8.838822e-01 -8.466046e-04
1.000000e-01 8.200000e-01 9.142207e-01 3.840972e+00 8.837570e-01 -6.637431e-04
1.500000e-01 8.200000e-01 9.142516e-01 3.842158e+00 8.837556e-01 -7.646322e-04
2.000000e-01 8.200000e-01 9.142971e-01 3.841057e+00 8.832639e-01 -9.410024e-04
2.500000e-01 8.200000e-01 9.143457e-01 3.839592e+00 8.825087e-01 -6.596376e-04
3.000000e-01 8.200000e-01 9.143631e-01 3.841377e+00 8.824266e-01 -4.391080e-05
3.500000e-01 8.200000e-01 9.143501e-01 3.843536e+00 8.829846e-01 1.578185e-04
4.000000e-01 8.200000e-01 9.143473e-01 3.840760e+00 8.830323e-01 -1.382252e-04
4.500000e-01 8.200000e-01 9.143639e-01 3.836497e+00 8.823212e-01 -8.673258e-05
5.000000e-01 8.200000e-01 9.143560e-01 3.838316e+00 8.820496e-01 6.875963e-04
5.500000e-01 8.200000e-01 9.142952e-01 3.842943e+00 8.829156e-01 1.401013e-03
6.000000e-01 8.200000e-01 9.142159e-01 3.839764e+00 8.839814e-01 1.331770e-03
6.500000e-01 8.200000e-01 9.141620e-01 3.830659e+00 8.842184e-01 9.580878e-04
7.000000e-01 8.200000e-01 9.141201e-01 3.829862e+00 8.840815e-01 1.235708e-03
7.500000e-01 8.200000e-01 9.140384e-01 3.839053e+00 8.847455e-01 2.196637e-03
8.000000e-01 8.200000e-01 9.139004e-01 3.839892e+00 8.863578e-01 2.915049e-03
8.500000e-01 8.200000e-01 9.137469e-01 3.823067e+00 8.877377e-01 2.925340e-03
9.000000e-01 8.200000e-01 9.136079e-01 3.808855e+00 8.881819e-01 2.972383e-03
9.500000e-01 8.200000e-01 9.134497e-01 3.817887e+00 8.883756e-01 3.934071e-03
1.000000e+00 8.200000e-01 9.132145e-01 3.832381e+00 8.892865e-01 5.491191e-03
1.050000e+00 8.200000e-01 9.129006e-01 3.814623e+00 8.904756e-01 6.632084e-03
1.100000e+00 8.200000e-01 9.125513e-01 3.766780e+00 8.909486e-01 7.229467e-03
1.150000e+00 8.200000e-01 9.121776e-01 3.738963e+00 8.908628e-01 8.107507e-03
1.200000e+00 8.200000e-01 9.117405e-01 3.758114e+00 8.911523e-01 9.646395e-03
1.250000e+00 8.200000e-01 9.112130e-01 3.776447e+00 8.917589e-01 1.126333e-02
1.300000e+00 8.200000e-01 9.106142e-01 3.725861e+00 8.917257e-01 1.248464e-02
1.350000e+00 8.200000e-01 9.099645e-01 3.617260e+00 8.911883e-01 1.360070e-02
1.400000e+00 8.200000e-01 9.092541e-01 3.543025e+00 8.914570e-01 1.494139e-02
1.450000e+00 8.200000e-01 9.084704e-01 3.564012e+00 8.928588e-01 1.630253e-02
1.500000e+00 8.200000e-01 9.076238e-01 3.620792e+00 8.938499e-01 1.749561e-02
1.550000e+00 8.200000e-01 9.067208e-01 3.588641e+00 8.932032e-01 1.884592e-02
1.600000e+00 8.200000e-01 9.057393e-01 3.421301e+00 8.920453e-01 2.060965e-02
1.650000e+00 8.200000e-01 9.046599e-01 3.215569e+00 8.926541e-01 2.233939e-02
1.700000e+00 8.200000e-01 9.035053e-01 3.121219e+00 8.956417e-01 2.339055e-02
1.750000e+00 8.200000e-01 9.023208e-01 3.190243e+00 8.991443e-01 2.388843e-02
1.800000e+00 8.200000e-01 9.011165e-01 3.319177e+00 9.008085e-01 2.471790e-02
1.850000e+00 8.200000e-01 8.998490e-01 3.337660e+00 9.000677e-01 2.654369e-02
1.900000e+00 8.200000e-01 8.984621e-01 3.152456e+00 8.985533e-01 2.915280e-02
1.950000e+00 8.200000e-01 8.969337e-01 2.820659e+00 8.988192e-01 3.177805e-02
2.000000e+00 8.200000e-01 8.952843e-01 2.503553e+00 9.027026e-01 3.379239e-02
2.050000e+00 8.200000e-01 8.935545e-01 2.351694e+00 9.102448e-01 3.500898e-02
2.100000e+00 8.200000e-01 8.917834e-01 2.410646e+00 9.195213e-01 3.559705e-02
2.150000e+00 8.200000e-01 8.899948e-01 2.603878e+00 9.275248e-01 3.601509e-02
2.200000e+00 8.200000e-01 8.881819e-01 2.790883e+00 9.318218e-01 3.701006e-02
2.250000e+00 8.200000e-01 8.862938e-01 2.850521e+00 9.320088e-01 3.941818e-02
2.300000e+00 8.200000e-01 8.842401e-01 2.730859e+00 9.299973e-01 4.369527e-02
2.350000e+00 8.200000e-01 8.819243e-01 2.447415e+00 9.290646e-01 4.945816e-02
2.400000e+00 8.200000e-01 8.792943e-01 2.054552e+00 9.323869e-01 5.540475e-02
2.450000e+00 8.200000e-01 8.763838e-01 1.617936e+00 9.418312e-01 5.974707e-02
2.500000e+00 8.200000e-01 8.733196e-01 1.197139e+00 9.574524e-01 6.094420e-02
2.550000e+00 8.200000e-01 8.702894e-01 8.364378e-01 9.777401e-01 5.832294e-02
2.600000e+00 8.200000e-01 8.674873e-01 5.611437e-01 1.000339e+00 5.226732e-02
2.650000e+00 8.200000e-01 8.650626e-01 3.779523e-01 1.022841e+00 4.394785e-02
2.700000e+00 8.200000e-01 8.630925e-01 2.782540e-01 1.043356e+00 3.481156e-02
2.750000e+00 8.200000e-01 8.615815e-01 2.435514e-01 1.060758e+00 2.611286e-02
2.800000e+00 8.200000e-01 8.604812e-01 2.517840e-01 1.074657e+00 1.865674e-02
2.850000e+00 8.200000e-01 8.597158e-01 2.828049e-01 1.085211e+00 1.277095e-02
2.900000e+00 8.200000e-01 8.592041e-01 3.215853e-01 1.092891e+00 8.423099e-03
2.950000e+00 8.200000e-01 8.588735e-01 3.589156e-01 1.098289e+00 5.380305e-03
3.000000e+00 8.200000e-01 8.586661e-01 3.904077e-01 1.101974e+00 3.342795e-03
3.050000e+00 8.200000e-01 8.585392e-01 4.148739e-01 1.104432e+00 2.026805e-03
3.100000e+00 8.200000e-01 8.584634e-01 4.328445e-01 1.106042e+00 1.201673e-03
3.150000e+00 8.200000e-01 8.584190e-01 4.455304e-01 1.107080e+00 6.969698e-04
3.200000e+00 8.200000e-01 8.583937e-01 4.542343e-01 1.107742e+00 3.948078e-04
3.250000e+00 8.200000e-01 8.583796e-01 4.600853e-01 1.108160e+00 2.174413e-04
3.300000e+00 8.200000e-01 8.583719e-01 4.639612e-01 1.108422e+00 1.153775e-04
3.350000e+00 8.200000e-01 8.583680e-01 4.665018e-01 1.108584e+00 5.793725e-05
3.400000e+00 8.200000e-01 8.583661e-01 4.681543e-01 1.108684e+00 2.649244e-05
3.450000e+00 8.200000e-01 8.583654e-01 4.692231e-01 1.108745e+00 9.920683e-06
3.500000e+00 8.200000e-01 8.583652e-01 4.699112e-01 1.108783e+00 1.679506e-06
3.550000e+00 8.200000e-01 8.583652e-01 4.703524e-01 1.108805e+00 -2.022797e-06
3.600000e+00 8.200000e-01 8.583654e-01 4.706345e-01 1.108818e+00 -3.347362e-06
3.650000e+00 8.200000e-01 8.583655e-01 4.708140e-01 1.108826e+00 -3.500620e-06
3.700000e+00 8.200000e-01 8.583657e-01 4.709280e-01 1.108830e+00 -3.137377e-06
3.750000e+00 8.200000e-01 8.583659e-01 4.710000e-01 1.108833e+00 -2.598755e-06
3.800000e+00 8.200000e-01 8.583660e-01 4.710452e-01 1.108834e+00 -2.051180e-06
3.850000e+00 8.200000e-01 8.583661e-01 4.710735e-01 1.108835e+00 -1.566576e-06
3.900000e+00 8.200000e-01 8.583661e-01 4.710911e-01 1.108835e+00 -1.167906e-06
3.950000e+00 8.200000e-01 8.583662e-01 4.711019e-01 1.108835e+00 -8.544899e-07
4.000000e+00 8.200000e-01 8.583662e-01 4.711085e-01 1.108835e+00 -6.156551e-07
4.050000e+00 8.200000e-01 8.583662e-01 4.711124e-01 1.108835e+00 -4.377685e-07
4.100000e+00 8.200000e-01 8.583663e-01 4.711148e-01 1.108835e+00 -3.075951e-07
4.150000e+00 8.200000e-01 8.583663e-01 4.711161e-01 1.108835e+00 -2.136814e-07
4.200000e+00 8.200000e-01 8.583663e-01 4.711168e-01 1.108835e+00 -1.467293e-07
4.250000e+00 8.200000e-01 8.583663e-01 4.711172e-01 1.108835e+00 -9.949246e-08
4.300000e+00 8.200000e-01 8.583663e-01 4.711174e-01 1.108835e+00 -6.648163e-08
4.350000e+00 8.200000e-01 8.583663e-01 4.711174e-01 1.108835e+00 -4.362486e-08
4.400000e+00 8.200000e-01 8.583663e-01 4.711174e-01 1.108835e+00 -2.794952e-08
4.450000e+00 8.200000e-01 8.583663e-01 4.711174e-01 1.108835e+00 -1.731265e-08
4.500000e+00 8.200000e-01 8.583663e-01 4.711173e-01 1.108835e+00 -1.018488e-08
4.550000e+00 8.200000e-01 8.583663e-01 4.711173e-01 1.108835e+00 -5.483688e-09
4.600000e+00 8.200000e-01 8.583663e-01 4.711172e-01 1.108835e+00 -2.448038e-09
4.650000e+00 8.200000e-01 8.583663e-01 4.711172e-01 1.108835e+00 -5.459988e-10
4.700000e+00 8.200000e-01 8.583663e-01 4.711172e-01 1.108835e+00 5.923539e-10
4.750000e+00 8.200000e-01 8.583663e-01 4.711171e-01 1.108835e+00 1.222978e-09
4.800000e+00 8.200000e-01 8.583663e-01 4.711171e-01 1.108835e+00 1.522068e-09
4.850000e+00 8.200000e-01 8.583663e-01 4.711171e-01 1.108835e+00 1.610199e-09
4.900000e+00 8.200000e-01 8.583663e-01 4.711171e-01 1.108835e+00 1.569236e-09
4.950000e+00 8.200000e-01 8.583663e-01 4.711171e-01 1.108835e+00 1.454192e-09
5.000000e+00 8.200000e-01 8.583663e-01 4.711171e-01 1.108835e+00 1.301484e-09
5.050000e+00 8.200000e-01 8.583663e-01 4.711171e-01 1.108835e+00 1.134663e-09
5.100000e+00 8.200000e-01 8.583663e-01 4.711171e-01 1.108835e+00 9.684764e-10
5.150000e+00 8.200000e-01 8.583663e-01 4.711171e-01 1.108835e+00 8.116585e-10
5.200000e+00 8.200000e-01 8.583663e-01 4.711170e-01 1.108835e+00 6.688716e-10
5.250000e+00 8.200000e-01 8.583663e-01 4.711170e-01 1.108835e+00 5.420564e-10
5.300000e+00 8.200000e-01 8.583663e-01 4.711170e-01 1.108835e+00 4.313816e-10
5.350000e+00 8.200000e-01 8.583663e-01 4.711170e-01 1.108835e+00 3.359024e-10
5.400000e+00 8.200000e-01 8.583663e-01 4.711170e-01 1.108835e+00 2.540090e-10
5.450000e+00 8.200000e-01 8.583663e-01 4.711170e-01 1.108835e+00 1.837075e-10
5.500000e+00 8.200000e-01 8.583663e-01 4.711170e-01 1.108835e+00 1.227707e-10
5.550000e+00 8.200000e-01 8.583663e-01 4.711170e-01 1.108835e+00 6.890821e-11
5.600000e+00 8.200000e-01 8.583663e-01 4.711170e-01 1.108835e+00 1.977418e-11
5.650000e+00 8.200000e-01 8.583663e-01 4.711170e-01 1.108835e+00 -2.706169e-11
5.700000e+00 8.200000e-01 8.583663e-01 4.711170e-01 1.108835e+00 -7.409184e-11
5.750000e+00 8.200000e-01 8.583663e-01 4.711170e-01 1.108835e+00 -1.239919e-10
5.800000e+00 8.200000e-01 8.583663e-01 4.711170e-01 1.108835e+00 -1.797451e-10
5.850000e+00 8.200000e-01 8.583663e-01 4.711171e-01 1.108835e+00 -2.447487e-10
5.900000e+00 8.200000e-01 8.583663e-01 4.711171e-01 1.108835e+00 -3.230183e-10
5.950000e+00 8.200000e-01 8.583663e-01 4.711171e-01 1.108835e+00 -4.194411e-10
6.000000e+00 8.200000e-01 8.583663e-01 4.711171e-01 1.108835e+00 -5.400635e-10
6.050000e+00 8.200000e-01 8.583663e-01 4.711171e-01 1.108835e+00 -6.924816e-10
6.100000e+00 8.200000e-01 8.583663e-01 4.711171e-01 1.108835e+00 -8.863366e-10
6.150000e+00 8.200000e-01 8.583663e-01 4.711171e-01 1.108835e+00 -1.133927e-09
6.200000e+00 8.200000e-01 8.583663e-01 4.711171e-01 1.108835e+00 -1.451039e-09
6.250000e+00 8.200000e-01 8.583663e-01 4.711171e-01 1.108835e+00 -1.857976e-09
6.300000e+00 8.200000e-01 8.583663e-01 4.711171e-01 1.108835e+00 -2.380878e-09
6.350000e+00 8.200000e-01 8.583663e-01 4.711171e-01 1.108835e+00 -3.053438e-09
6.400000e+00 8.200000e-01 8.583663e-01 4.711171e-01 1.108835e+00 -3.919148e-09
6.450000e+00 8.200000e-01 8.583663e-01 4.711171e-01 1.108835e+00 -5.034140e-09
6.500000e+00 8.200000e-01 8.583663e-01 4.711171e-01 1.108835e+00 -6.470869e-09
6.550000e+00 8.200000e-01 8.583663e-01 4.711171e-01 1.108835e+00 -8.322777e-09
6.600000e+00 8.200000e-01 8.583663e-01 4.711171e-01 1.108835e+00 -1.071090e-08
6.650000e+00 8.200000e-01 8.583663e-01 4.711171e-01 1.108835e+00 -1.379014e-08
6.700000e+00 8.200000e-01 8.583663e-01 4.711171e-01 1.108835e+00 -1.776505e-08
6.750000e+00 8.200000e-01 8.583663e-01 4.711171e-01 1.108835e+00 -2.288485e-08
6.800000e+00 8.200000e-01 8.583663e-01 4.711171e-01 1.108835e+00 -2.951822e-08
6.850000e+00 8.200000e-01 8.583663e-01 4.711172e-01 1.108835e+00 -3.799650e-08
6.900000e+00 8.200000e-01 8.583663e-01 4.711172e-01 1.108835e+00 -4.918055e-08
6.950000e+00 8.200000e-01 8.583663e-01 4.711173e-01 1.108835e+00 -6.291879e-08
7.000000e+00 8.200000e-01 8.583663e-01 4.711172e-01 1.108835e+00 -8.259251e-08
7.050000e+00 8.200000e-01 8.583663e-01 4.711177e-01 1.108835e+00 -1.027240e-07
7.100000e+00 8.200000e-01 8.583663e-01 4.711166e-01 1.108835e+00 -1.425168e-07
7.150000e+00 8.200000e-01 8.583663e-01 4.711197e-01 1.108835e+00 -1.587547e-07
7.200000e+00 8.200000e-01 8.583663e-01 4.711124e-01 1.108835e+00 -2.661031e-07
7.250000e+00 8.200000e-01 8.583664e-01 4.711305e-01 1.108835e+00 -1.992757e-07
7.300000e+00 8.200000e-01 8.583664e-01 4.710890e-01 1.108835e+00 -5.840306e-07
7.350000e+00 8.200000e-01 8.583664e-01 4.711829e-01 1.108835e+00 -3.985836e-08
7.400000e+00 8.200000e-01 8.583664e-01 4.709810e-01 1.108835e+00 -1.548608e-06
7.450000e+00 8.200000e-01 8.583666e-01 4.714024e-01 1.108834e+00 1.012013e-06
7.500000e+00 8.200000e-01 8.583663e-01 4.705619e-01 1.108835e+00 -4.479463e-06
7.550000e+00 8.200000e-01 8.583670e-01 4.721742e-01 1.108834e+00 4.815168e-06
7.600000e+00 8.200000e-01 8.583658e-01 4.692234e-01 1.108836e+00 -1.220131e-05
7.650000e+00 8.200000e-01 8.583682e-01 4.743814e-01 1.108832e+00 1.448429e-05
7.700000e+00 8.200000e-01 8.583643e-01 4.658207e-01 1.108839e+00 -2.786750e-05
7.750000e+00 8.200000e-01 8.583710e-01 4.792869e-01 1.108828e+00 3.075543e-05
7.800000e+00 8.200000e-01 8.583613e-01 4.593332e-01 1.108843e+00 -4.814462e-05
7.850000e+00 8.200000e-01 8.583758e-01 4.870721e-01 1.108822e+00 4.214123e-05
7.900000e+00 8.200000e-01 8.583570e-01 4.511667e-01 1.108846e+00 -5.360901e-05
7.950000e+00 8.200000e-01 8.583812e-01 4.941793e-01 1.108821e+00 2.204371e-05
8.000000e+00 8.200000e-01 8.583548e-01 4.468976e-01 1.108841e+00 -2.267256e-05
8.050000e+00 8.200000e-01 8.583835e-01 4.944522e-01 1.108830e+00 -3.333466e-05
8.100000e+00 8.200000e-01 8.583582e-01 4.503904e-01 1.108829e+00 9.406559e-06
8.150000e+00 8.200000e-01 8.583825e-01 4.898570e-01 1.108832e+00 -5.050341e-05
8.200000e+00 8.200000e-01 8.583632e-01 4.517875e-01 1.108841e+00 -5.399158e-05
8.250000e+00 8.200000e-01 8.583879e-01 4.961287e-01 1.108793e+00 2.674163e-05
8.300000e+00 8.200000e-01 8.583605e-01 4.370384e-01 1.108891e+00 -1.752840e-04
8.350000e+00 8.200000e-01 8.584055e-01 5.150756e-01 1.108738e+00 2.510882e-05
8.400000e+00 8.200000e-01 8.583580e-01 4.233199e-01 1.108904e+00 -1.313726e-04
8.450000e+00 8.200000e-01 8.584186e-01 5.161232e-01 1.108764e+00 -1.918775e-04
8.500000e+00 8.200000e-01 8.583772e-01 4.349275e-01 1.108829e+00 -6.858100e-05
8.550000e+00 8.200000e-01 8.584254e-01 5.046100e-01 1.108793e+00 -2.372286e-04
8.600000e+00 8.200000e-01 8.584009e-01 4.312394e-01 1.108863e+00 -4.045198e-04
8.650000e+00 8.200000e-01 8.584659e-01 5.306175e-01 1.108632e+00 -1.297341e-04
8.700000e+00 8.200000e-01 8.584139e-01 3.984612e-01 1.108991e+00 -6.108004e-04
8.750000e+00 8.200000e-01 8.585270e-01 5.476085e-01 1.108570e+00 -6.394468e-04
8.800000e+00 8.200000e-01 8.584779e-01 4.114238e-01 1.108821e+00 -5.713453e-04
8.850000e+00 8.200000e-01 8.585841e-01 5.270221e-01 1.108680e+00 -1.040157e-03
8.900000e+00 8.200000e-01 8.585819e-01 4.101756e-01 1.108789e+00 -1.466803e-03
8.950000e+00 8.200000e-01 8.587308e-01 5.675965e-01 1.108316e+00 -1.261181e-03
9.000000e+00 8.200000e-01 8.587080e-01 3.683390e-01 1.108979e+00 -2.192433e-03
9.050000e+00 8.200000e-01 8.589500e-01 5.803723e-01 1.108200e+00 -2.851194e-03
9.100000e+00 8.200000e-01 8.589931e-01 3.957725e-01 1.108500e+00 -3.225310e-03
9.150000e+00 8.200000e-01 8.592726e-01 5.769479e-01 1.108130e+00 -4.179159e-03
9.200000e+00 8.200000e-01 8.594110e-01 3.650491e-01 1.108553e+00 -6.060466e-03
9.250000e+00 8.200000e-01 8.598786e-01 6.389044e-01 1.107258e+00 -7.052154e-03
9.300000e+00 8.200000e-01 8.601162e-01 3.596169e-01 1.108096e+00 -9.047397e-03
9.350000e+00 8.200000e-01 8.607834e-01 6.398708e-01 1.107064e+00 -1.196531e-02
9.400000e+00 8.200000e-01 8.613128e-01 3.702459e-01 1.107147e+00 -1.559272e-02
9.450000e+00 8.200000e-01 8.623426e-01 7.139766e-01 1.105394e+00 -1.911957e-02
9.500000e+00 8.200000e-01 8.632247e-01 3.589789e-01 1.106069e+00 -2.496325e-02
9.550000e+00 8.200000e-01 8.648390e-01 7.735129e-01 1.103626e+00 -3.200281e-02
9.600000e+00 8.200000e-01 8.664250e-01 4.000132e-01 1.102753e+00 -4.107489e-02
9.650000e+00 8.200000e-01 8.689464e-01 8.962815e-01 1.099030e+00 -5.154288e-02
9.700000e+00 8.200000e-01 8.715793e-01 4.546232e-01 1.096791e+00 -6.613513e-02
9.750000e+00 8.200000e-01 8.755600e-01 1.084334e+00 1.089713e+00 -8.346426e-02
9.800000e+00 8.200000e-01 8.799257e-01 6.088030e-01 1.080863e+00 -1.058598e-01
9.850000e+00 8.200000e-01 8.861459e-01 1.422070e+00 1.064104e+00 -1.321369e-01
9.900000e+00 8.200000e-01 8.931394e-01 9.584329e-01 1.035870e+00 -1.662668e-01
9.950000e+00 8.200000e-01 9.027726e-01 2.062994e+00 9.846820e-01 -2.099659e-01
1.000000e+01 8.200000e-01 9.141360e-01 1.845466e+00 0.000000e+00 0.000000e+00
0.000000e+00 8.400000e-01 9.310560e-01 4.080000e+00 0.000000e+00 0.000000e+00
5.000000e-02 8.400000e-01 9.310960e-01 4.080277e+00 8.047675e-01 -7.192959e-04
1.000000e-01 8.400000e-01 9.311279e-01 4.080808e+00 8.045663e-01 -6.116724e-04
1.500000e-01 8.400000e-01 9.311572e-01 4.081066e+00 8.044372e-01 -6.610274e-04
2.000000e-01 8.400000e-01 9.311940e-01 4.080937e+00 8.040385e-01 -7.329782e-04
2.500000e-01 8.400000e-01 9.312305e-01 4.081010e+00 8.035121e-01 -5.162932e-04
3.000000e-01 8.400000e-01 9.312457e-01 4.081199e+00 8.033993e-01 -9.849144e-05
3.500000e-01 8.400000e-01 9.312403e-01 4.080742e+00 8.036906e-01 7.227079e-05
4.000000e-01 8.400000e-01 9.312384e-01 4.079851e+00 8.037248e-01 -4.738200e-05
4.500000e-01 8.400000e-01 9.312451e-01 4.079542e+00 8.033333e-01 5.123841e-05
5.000000e-01 8.400000e-01 9.312333e-01 4.079490e+00 8.032129e-01 5.873353e-04
5.500000e-01 8.400000e-01 9.311863e-01 4.078251e+00 8.038314e-01 1.074821e-03
6.000000e-01 8.400000e-01 9.311258e-01 4.076178e+00 8.046806e-01 1.068489e-03
6.500000e-01 8.400000e-01 9.310795e-01 4.075415e+00 8.050953e-01 8.725821e-04
7.000000e-01 8.400000e-01 9.310386e-01 4.075842e+00 8.052772e-01 1.097741e-03
7.500000e-01 8.400000e-01 9.309697e-01 4.074238e+00 8.059849e-01 1.773713e-03
8.000000e-01 8.400000e-01 9.308612e-01 4.069614e+00 8.074147e-01 2.330767e-03
8.500000e-01 8.400000e-01 9.307366e-01 4.066063e+00 8.088268e-01 2.500102e-03
9.000000e-01 8.400000e-01 9.306112e-01 4.066257e+00 8.096058e-01 2.776921e-03
9.500000e-01 8.400000e-01 9.304589e-01 4.064661e+00 8.100909e-01 3.712815e-03
1.000000e+00 8.400000e-01 9.302399e-01 4.053291e+00 8.110438e-01 5.074642e-03
1.050000e+00 8.400000e-01 9.299515e-01 4.034085e+00 8.124010e-01 6.195647e-03
1.100000e+00 8.400000e-01 9.296203e-01 4.018053e+00 8.134308e-01 6.997135e-03
1.150000e+00 8.400000e-01 9.292518e-01 4.007808e+00 8.138967e-01 8.027980e-03
1.200000e+00 8.400000e-01 9.288175e-01 3.988297e+00 8.143505e-01 9.529290e-03
1.250000e+00 8.400000e-01 9.282988e-01 3.944268e+00 8.152135e-01 1.106568e-02
1.300000e+00 8.400000e-01 9.277110e-01 3.884802e+00 8.162732e-01 1.225463e-02
1.350000e+00 8.400000e-01 9.270734e-01 3.838129e+00 8.173088e-01 1.330350e-02
1.400000e+00 8.400000e-01 9.263806e-01 3.815845e+00 8.184489e-01 1.456727e-02
1.450000e+00 8.400000e-01 9.256166e-01 3.791072e+00 8.197449e-01 1.601025e-02
1.500000e+00 8.400000e-01 9.247796e-01 3.723877e+00 8.209669e-01 1.739213e-02
1.550000e+00 8.400000e-01 9.238774e-01 3.610044e+00 8.221923e-01 1.867918e-02
1.600000e+00 8.400000e-01 9.229117e-01 3.495599e+00 8.240580e-01 1.995843e-02
1.650000e+00 8.400000e-01 9.218816e-01 3.434866e+00 8.269575e-01 2.116474e-02
1.700000e+00 8.400000e-01 9.207952e-01 3.433069e+00 8.302798e-01 2.220612e-02
1.750000e+00 8.400000e-01 9.196610e-01 3.432470e+00 8.329291e-01 2.325992e-02
1.800000e+00 8.400000e-01 9.184692e-01 3.358401e+00 8.346049e-01 2.465561e-02
1.850000e+00 8.400000e-01 9.171954e-01 3.183289e+00 8.362764e-01 2.644107e-02
1.900000e+00 8.400000e-01 9.158251e-01 2.953260e+00 8.393788e-01 2.825952e-02
1.950000e+00 8.400000e-01 9.143695e-01 2.758573e+00 8.446895e-01 2.971789e-02
2.000000e+00 8.400000e-01 9.128533e-01 2.673552e+00 8.518742e-01 3.076626e-02
2.050000e+00 8.400000e-01 9.112928e-01 2.709885e+00 8.597771e-01 3.167419e-02
2.100000e+00 8.400000e-01 9.096859e-01 2.811658e+00 8.669918e-01 3.276069e-02
2.150000e+00 8.400000e-01 9.080168e-01 2.889244e+00 8.724391e-01 3.426016e-02
2.200000e+00 8.400000e-01 9.062599e-01 2.866022e+00 8.758864e-01 3.638930e-02
2.250000e+00 8.400000e-01 9.043778e-01 2.708523e+00 8.782372e-01 3.936795e-02
2.300000e+00 8.400000e-01 9.023231e-01 2.427795e+00 8.813795e-01 4.322497e-02
2.350000e+00 8.400000e-01 9.000553e-01 2.062499e+00 8.875823e-01 4.752187e-02
2.400000e+00 8.400000e-01 8.975709e-01 1.660966e+00 8.986782e-01 5.128286e-02
2.450000e+00 8.400000e-01 8.949270e-01 1.270078e+00 9.153823e-01 5.328173e-02
2.500000e+00 8.400000e-01 8.922427e-01 9.295040e-01 9.370354e-01 5.255255e-02
2.550000e+00 8.400000e-01 8.896718e-01 6.677972e-01 9.618508e-01 4.881701e-02
2.600000e+00 8.400000e-01 8.873610e-01 4.991226e-01 9.875047e-01 4.258520e-02
2.650000e+00 8.400000e-01 8.854133e-01 4.216755e-01 1.011791e+00 3.491029e-02
2.700000e+00 8.400000e-01 8.838700e-01 4.196304e-01 1.033096e+00 2.697487e-02
2.750000e+00 8.400000e-01 8.827158e-01 4.688908e-01 1.050591e+00 1.973257e-02
2.800000e+00 8.400000e-01 8.818967e-01 5.444071e-01 1.064160e+00 1.373516e-02
2.850000e+00 8.400000e-01 8.813423e-01 6.259385e-01 1.074183e+00 9.144844e-03
2.900000e+00 8.400000e-01 8.809823e-01 7.005394e-01 1.081289e+00 5.852415e-03
2.950000e+00 8.400000e-01 8.807570e-01 7.621047e-01 1.086159e+00 3.614998e-03
3.000000e+00 8.400000e-01 8.806208e-01 8.093966e-01 1.089405e+00 2.161624e-03
3.050000e+00 8.400000e-01 8.805409e-01 8.438809e-01 1.091521e+00 1.252844e-03
3.100000e+00 8.400000e-01 8.804955e-01 8.680782e-01 1.092876e+00 7.029603e-04
3.150000e+00 8.400000e-01 8.804706e-01 8.845823e-01 1.093731e+00 3.799169e-04
3.200000e+00 8.400000e-01 8.804575e-01 8.956070e-01 1.094265e+00 1.954575e-04
3.250000e+00 8.400000e-01 8.804510e-01 9.028603e-01 1.094594e+00 9.327245e-05
3.300000e+00 8.400000e-01 8.804482e-01 9.075800e-01 1.094795e+00 3.869272e-05
3.350000e+00 8.400000e-01 8.804472e-01 9.106263e-01 1.094917e+00 1.096879e-05
3.400000e+00 8.400000e-01 8.804471e-01 9.125805e-01 1.094991e+00 -2.026615e-06
3.450000e+00 8.400000e-01 8.804474e-01 9.138280e-01 1.095034e+00 -7.228945e-06
3.500000e+00 8.400000e-01 8.804478e-01 9.146209e-01 1.095059e+00 -8.516269e-06
3.550000e+00 8.400000e-01 8.804482e-01 9.151230e-01 1.095074e+00 -8.000017e-06
3.600000e+00 8.400000e-01 8.804486e-01 9.154395e-01 1.095082e+00 -6.789262e-06
3.650000e+00 8.400000e-01 8.804489e-01 9.156382e-01 1.095086e+00 -5.435792e-06
3.700000e+00 8.400000e-01 8.804491e-01 9.157623e-01 1.095089e+00 -4.189453e-06
3.750000e+00 8.400000e-01 8.804493e-01 9.158393e-01 1.095090e+00 -3.142375e-06
3.800000e+00 8.400000e-01 8.804494e-01 9.158868e-01 1.095090e+00 -2.308921e-06
3.850000e+00 8.400000e-01 8.804495e-01 9.159158e-01 1.095090e+00 -1.668853e-06
3.900000e+00 8.400000e-01 8.804496e-01 9.159333e-01 1.095090e+00 -1.189794e-06
3.950000e+00 8.400000e-01 8.804497e-01 9.159437e-01 1.095090e+00 -8.381961e-07
4.000000e+00 8.400000e-01 8.804497e-01 9.159498e-01 1.095090e+00 -5.841382e-07
4.050000e+00 8.400000e-01 8.804497e-01 9.159533e-01 1.095090e+00 -4.029105e-07
4.100000e+00 8.400000e-01 8.804497e-01 9.159552e-01 1.095090e+00 -2.750527e-07
4.150000e+00 8.400000e-01 8.804497e-01 9.159562e-01 1.095090e+00 -1.857256e-07
4.200000e+00 8.400000e-01 8.804497e-01 9.159566e-01 1.095089e+00 -1.238781e-07
4.250000e+00 8.400000e-01 8.804498e-01 9.159567e-01 1.095089e+00 -8.142736e-08
4.300000e+00 8.400000e-01 8.804498e-01 9.159567e-01 1.095089e+00 -5.254622e-08
4.350000e+00 8.400000e-01 8.804498e-01 9.159566e-01 1.095089e+00 -3.308257e-08
4.400000e+00 8.400000e-01 8.804498e-01 9.159565e-01 1.095089e+00 -2.010676e-08
4.450000e+00 8.400000e-01 8.804498e-01 9.159564e-01 1.095089e+00 -1.156880e-08
4.500000e+00 8.400000e-01 8.804498e-01 9.159563e-01 1.095089e+00 -6.044499e-09
4.550000e+00 8.400000e-01 8.804498e-01 9.159562e-01 1.095089e+00 -2.550666e-09
4.600000e+00 8.400000e-01 8.804498e-01 9.159561e-01 1.095089e+00 -4.124889e-10
4.650000e+00 8.400000e-01 8.804498e-01 9.159561e-01 1.095089e+00 8.307066e-10
4.700000e+00 8.400000e-01 8.804498e-01 9.159560e-01 1.095089e+00 1.491668e-09
4.750000e+00 8.400000e-01 8.804498e-01 9.159560e-01 1.095089e+00 1.781438e-09
4.800000e+00 8.400000e-01 8.804498e-01 9.159559e-01 1.095089e+00 1.841428e-09
4.850000e+00 8.400000e-01 8.804498e-01 9.159559e-01 1.095089e+00 1.765549e-09
4.900000e+00 8.400000e-01 8.804498e-01 9.159559e-01 1.095089e+00 1.615413e-09
4.950000e+00 8.400000e-01 8.804498e-01 9.159559e-01 1.095089e+00 1.430736e-09
5.000000e+00 8.400000e-01 8.804498e-01 9.159559e-01 1.095089e+00 1.236471e-09
5.050000e+00 8.400000e-01 8.804498e-01 9.159559e-01 1.095089e+00 1.047660e-09
5.100000e+00 8.400000e-01 8.804498e-01 9.159559e-01 1.095089e+00 8.727674e-10
5.150000e+00 8.400000e-01 8.804498e-01 9.159559e-01 1.095089e+00 7.159462e-10
5.200000e+00 8.400000e-01 8.804498e-01 9.159559e-01 1.095089e+00 5.785572e-10
5.250000e+00 8.400000e-01 8.804498e-01 9.159559e-01 1.095089e+00 4.602096e-10
5.300000e+00 8.400000e-01 8.804498e-01 9.159559e-01 1.095089e+00 3.594658e-10
5.350000e+00 8.400000e-01 8.804498e-01 9.159559e-01 1.095089e+00 2.743050e-10
5.400000e+00 8.400000e-01 8.804498e-01 9.159559e-01 1.095089e+00 2.024336e-10
5.450000e+00 8.400000e-01 8.804498e-01 9.159559e-01 1.095089e+00 1.414502e-10
5.500000e+00 8.400000e-01 8.804498e-01 9.159559e-01 1.095089e+00 8.893442e-11
5.550000e+00 8.400000e-01 8.804498e-01 9.159559e-01 1.095089e+00 4.253153e-11
5.600000e+00 8.400000e-01 8.804498e-01 9.159559e-01 1.095089e+00 -7.771561e-14
5.650000e+00 8.400000e-01 8.804498e-01 9.159559e-01 1.095089e+00 -4.122591e-11
5.700000e+00 8.400000e-01 8.804498e-01 9.159559e-01 1.095089e+00 -8.328005e-11
5.750000e+00 8.400000e-01 8.804498e-01 9.159559e-01 1.095089e+00 -1.287614e-10
5.800000e+00 8.400000e-01 8.804498e-01 9.159559e-01 1.095089e+00 -1.804812e-10
5.850000e+00 8.400000e-01 8.804498e-01 9.159559e-01 1.095089e+00 -2.416511e-10
5.900000e+00 8.400000e-01 8.804498e-01 9.159559e-01 1.095089e+00 -3.161105e-10
5.950000e+00 8.400000e-01 8.804498e-01 9.159559e-01 1.095089e+00 -4.085388e-10
6.000000e+00 8.400000e-01 8.804498e-01 9.159559e-01 1.095089e+00 -5.247525e-10
6.050000e+00 8.400000e-01 8.804498e-01 9.159559e-01 1.095089e+00 -6.721002e-10
6.100000e+00 8.400000e-01 8.804498e-01 9.159559e-01 1.095089e+00 -8.599277e-10
6.150000e+00 8.400000e-01 8.804498e-01 9.159559e-01 1.095089e+00 -1.100184e-09
6.200000e+00 8.400000e-01 8.804498e-01 9.159559e-01 1.095089e+00 -1.408225e-09
6.250000e+00 8.400000e-01 8.804498e-01 9.159559e-01 1.095089e+00 -1.803812e-09
6.300000e+00 8.400000e-01 8.804498e-01 9.159559e-01 1.095089e+00 -2.312414e-09
6.350000e+00 8.400000e-01 8.804498e-01 9.159559e-01 1.095089e+00 -2.966878e-09
6.400000e+00 8.400000e-01 8.804498e-01 9.159559e-01 1.095089e+00 -3.809604e-09
6.450000e+00 8.400000e-01 8.804498e-01 9.159559e-01 1.095089e+00 -4.895332e-09
6.500000e+00 8.400000e-01 8.804498e-01 9.159559e-01 1.095089e+00 -6.294740e-09
6.550000e+00 8.400000e-01 8.804498e-01 9.159559e-01 1.095089e+00 -8.099006e-09
6.600000e+00 8.400000e-01 8.804498e-01 9.159559e-01 1.095089e+00 -1.042621e-08
6.650000e+00 8.400000e-01 8.804498e-01 9.159559e-01 1.095089e+00 -1.342758e-08
6.700000e+00 8.400000e-01 8.804498e-01 9.159560e-01 1.095089e+00 -1.730248e-08
6.750000e+00 8.400000e-01 8.804498e-01 9.159560e-01 1.095089e+00 -2.229514e-08
6.800000e+00 8.400000e-01 8.804498e-01 9.159560e-01 1.095089e+00 -2.876251e-08
6.850000e+00 8.400000e-01 8.804498e-01 9.159561e-01 1.095089e+00 -3.703701e-08
6.900000e+00 8.400000e-01 8.804498e-01 9.159561e-01 1.095089e+00 -4.793290e-08
6.950000e+00 8.400000e-01 8.804498e-01 9.159562e-01 1.095089e+00 -6.137771e-08
7.000000e+00 8.400000e-01 8.804498e-01 9.159562e-01 1.095089e+00 -8.046307e-08
7.050000e+00 8.400000e-01 8.804498e-01 9.159567e-01 1.095089e+00 -1.004083e-07
7.100000e+00 8.400000e-01 8.804498e-01 9.159558e-01 1.095089e+00 -1.384796e-07
7.150000e+00 8.400000e-01 8.804498e-01 9.159586e-01 1.095089e+00 -1.562430e-07
7.200000e+00 8.400000e-01 8.804498e-01 9.159523e-01 1.095089e+00 -2.564489e-07
7.250000e+00 8.400000e-01 8.804498e-01 9.159684e-01 1.095089e+00 -2.018447e-07
7.300000e+00 8.400000e-01 8.804498e-01 9.159320e-01 1.095089e+00 -5.538316e-07
7.350000e+00 8.400000e-01 8.804499e-01 9.160152e-01 1.095089e+00 -7.315722e-08
7.400000e+00 8.400000e-01 8.804498e-01 9.158367e-01 1.095090e+00 -1.442729e-06
7.450000e+00 8.400000e-01 8.804500e-01 9.162113e-01 1.095088e+00 8.549427e-07
7.500000e+00 8.400000e-01 8.804497e-01 9.154635e-01 1.095091e+00 -4.130823e-06
7.550000e+00 8.400000e-01 8.804504e-01 9.169040e-01 1.095086e+00 4.282319e-06
7.600000e+00 8.400000e-01 8.804493e-01 9.142604e-01 1.095095e+00 -1.123713e-05
7.650000e+00 8.400000e-01 8.804516e-01 9.189029e-01 1.095078e+00 1.312615e-05
7.700000e+00 8.400000e-01 8.804480e-01 9.111655e-01 1.095105e+00 -2.581882e-05
7.750000e+00 8.400000e-01 8.804541e-01 9.234055e-01 1.095063e+00 2.832250e-05
7.800000e+00 8.400000e-01 8.804452e-01 9.051620e-01 1.095124e+00 -4.523905e-05
7.850000e+00 8.400000e-01 8.804587e-01 9.307132e-01 1.095039e+00 3.975711e-05
7.900000e+00 8.400000e-01 8.804412e-01 8.973678e-01 1.095145e+00 -5.196410e-05
7.950000e+00 8.400000e-01 8.804639e-01 9.377169e-01 1.095023e+00 2.262890e-05
8.000000e+00 8.400000e-01 8.804389e-01 8.928827e-01 1.095145e+00 -2.474871e-05
8.050000e+00 8.400000e-01 8.804663e-01 9.384967e-01 1.095035e+00 -2.951830e-05
8.100000e+00 8.400000e-01 8.804419e-01 8.959442e-01 1.095118e+00 7.827472e-06
8.150000e+00 8.400000e-01 8.804656e-01 9.338057e-01 1.095050e+00 -5.243446e-05
8.200000e+00 8.400000e-01 8.804471e-01 8.985760e-01 1.095121e+00 -4.366227e-05
8.250000e+00 8.400000e-01 8.804699e-01 9.376999e-01 1.094993e+00 1.237812e-05
8.300000e+00 8.400000e-01 8.804459e-01 8.868729e-01 1.095206e+00 -1.584980e-04
8.350000e+00 8.400000e-01 8.804858e-01 9.544825e-01 1.094883e+00 1.996406e-05
8.400000e+00 8.400000e-01 8.804439e-01 8.733266e-01 1.095247e+00 -1.365157e-04
8.450000e+00 8.400000e-01 8.804994e-01 9.578877e-01 1.094899e+00 -1.718502e-04
8.500000e+00 8.400000e-01 8.804611e-01 8.822556e-01 1.095128e+00 -7.655962e-05
8.550000e+00 8.400000e-01 8.805071e-01 9.468176e-01 1.094950e+00 -2.438600e-04
8.600000e+00 8.400000e-01 8.804855e-01 8.831414e-01 1.095143e+00 -3.622064e-04
8.650000e+00 8.400000e-01 8.805433e-01 9.656779e-01 1.094708e+00 -1.616847e-04
8.700000e+00 8.400000e-01 8.805016e-01 8.562280e-01 1.095318e+00 -5.910581e-04
8.750000e+00 8.400000e-01 8.806024e-01 9.841366e-01 1.094559e+00 -5.967141e-04
8.800000e+00 8.400000e-01 8.805613e-01 8.636645e-01 1.095075e+00 -5.929187e-04
8.850000e+00 8.400000e-01 8.806617e-01 9.679710e-01 1.094650e+00 -1.027510e-03
8.900000e+00 8.400000e-01 8.806641e-01 8.694485e-01 1.094947e+00 -1.373397e-03
8.950000e+00 8.400000e-01 8.807990e-01 9.967982e-01 1.094107e+00 -1.296821e-03
9.000000e+00 8.400000e-01 8.807937e-01 8.378625e-01 1.095077e+00 -2.150354e-03
9.050000e+00 8.400000e-01 8.810141e-01 1.015814e+00 1.093763e+00 -2.729943e-03
9.100000e+00 8.400000e-01 8.810667e-01 8.591369e-01 1.094343e+00 -3.182899e-03
9.150000e+00 8.400000e-01 8.813324e-01 1.014128e+00 1.093387e+00 -4.163230e-03
9.200000e+00 8.400000e-01 8.814831e-01 8.495355e-01 1.094032e+00 -5.830589e-03
9.250000e+00 8.400000e-01 8.819154e-01 1.068107e+00 1.091937e+00 -6.906765e-03
9.300000e+00 8.400000e-01 8.821737e-01 8.496249e-01 1.092976e+00 -8.928212e-03
9.350000e+00 8.400000e-01 8.828082e-01 1.088281e+00 1.090819e+00 -1.168616e-02
9.400000e+00 8.400000e-01 8.833423e-01 8.793055e-01 1.090983e+00 -1.512696e-02
9.450000e+00 8.400000e-01 8.843209e-01 1.161188e+00 1.087722e+00 -1.874872e-02
9.500000e+00 8.400000e-01 8.852172e-01 8.997295e-01 1.088132e+00 -2.438712e-02
9.550000e+00 8.400000e-01 8.867596e-01 1.255312e+00 1.083448e+00 -3.109213e-02
9.600000e+00 8.400000e-01 8.883264e-01 9.780863e-01 1.081995e+00 -3.980484e-02
9.650000e+00 8.400000e-01 8.907401e-01 1.417585e+00 1.074935e+00 -4.991422e-02
9.700000e+00 8.400000e-01 8.933179e-01 1.102793e+00 1.071147e+00 -6.367448e-02
9.750000e+00 8.400000e-01 8.971076e-01 1.697365e+00 1.058976e+00 -7.956577e-02
9.800000e+00 8.400000e-01 9.012744e-01 1.357595e+00 1.047397e+00 -9.975450e-02
9.850000e+00 8.400000e-01 9.070830e-01 2.190862e+00 1.022771e+00 -1.218121e-01
9.900000e+00 8.400000e-01 9.134556e-01 1.855176e+00 9.890087e-01 -1.483359e-01
9.950000e+00 8.400000e-01 9.219166e-01 3.078235e+00 9.237744e-01 -1.760036e-01
1.000000e+01 8.400000e-01 9.310560e-01 2.852269e+00 0.000000e+00 0.000000e+00
0.000000e+00 8.600000e-01 9.463440e-01 4.320000e+00 0.000000e+00 0.000000e+00
5.000000e-02 8.600000e-01 9.463760e-01 4.320271e+00 7.208132e-01 -5.931135e-04
1.000000e-01 8.600000e-01 9.464033e-01 4.320609e+00 7.205695e-01 -5.316410e-04
1.500000e-01 8.600000e-01 9.464291e-01 4.320860e+00 7.203739e-01 -5.535357e-04
2.000000e-01 8.600000e-01 9.464587e-01 4.320913e+00 7.200312e-01 -5.709668e-04
2.500000e-01 8.600000e-01 9.464862e-01 4.320771e+00 7.196388e-01 -4.039456e-04
3.000000e-01 8.600000e-01 9.464991e-01 4.320516e+00 7.195219e-01 -1.152860e-04
3.500000e-01 8.600000e-01 9.464977e-01 4.320237e+00 7.196695e-01 2.762701e-05
4.000000e-01 8.600000e-01 9.464963e-01 4.319871e+00 7.196853e-01 4.689267e-06
4.500000e-01 8.600000e-01 9.464973e-01 4.319229e+00 7.194743e-01 1.180297e-04
5.000000e-01 8.600000e-01 9.464845e-01 4.318297e+00 7.194701e-01 4.883380e-04
5.500000e-01 8.600000e-01 9.464484e-01 4.317368e+00 7.199692e-01 8.139341e-04
6.000000e-01 8.600000e-01 9.464031e-01 4.316658e+00 7.206646e-01 8.262120e-04
6.500000e-01 8.600000e-01 9.463658e-01 4.315897e+00 7.211481e-01 7.194382e-04
7.000000e-01 8.600000e-01 9.463312e-01 4.314743e+00 7.215581e-01 8.798909e-04
7.500000e-01 8.600000e-01 9.462778e-01 4.313607e+00 7.223811e-01 1.341645e-03
8.000000e-01 8.600000e-01 9.461970e-01 4.313390e+00 7.237195e-01 1.778265e-03
8.500000e-01 8.600000e-01 9.461000e-01 4.313791e+00 7.250745e-01 2.048891e-03
9.000000e-01 8.600000e-01 9.459921e-01 4.312475e+00 7.260498e-01 2.466743e-03
9.500000e-01 8.600000e-01 9.458533e-01 4.306885e+00 7.268960e-01 3.358886e-03
1.000000e+00 8.600000e-01 9.456562e-01 4.296564e+00 7.281151e-01 4.567175e-03
1.050000e+00 8.600000e-01 9.453966e-01 4.282254e+00 7.296472e-01 5.677250e-03
1.100000e+00 8.600000e-01 9.450885e-01 4.262492e+00 7.309986e-01 6.631176e-03
1.150000e+00 8.600000e-01 9.447335e-01 4.233126e+00 7.320580e-01 7.739629e-03
1.200000e+00 8.600000e-01 9.443145e-01 4.192090e+00 7.332862e-01 9.119692e-03
1.250000e+00 8.600000e-01 9.438215e-01 4.143557e+00 7.350164e-01 1.049426e-02
1.300000e+00 8.600000e-01 9.432651e-01 4.094361e+00 7.370270e-01 1.164650e-02
1.350000e+00 8.600000e-01 9.426569e-01 4.045002e+00 7.390146e-01 1.273044e-02
1.400000e+00 8.600000e-01 9.419921e-01 3.986741e+00 7.410636e-01 1.396696e-02
1.450000e+00 8.600000e-01 9.412602e-01 3.911019e+00 7.434550e-01 1.529529e-02
1.500000e+00 8.600000e-01 9.404625e-01 3.822048e+00 7.462837e-01 1.651663e-02
1.550000e+00 8.600000e-01 9.396085e-01 3.736850e+00 7.494999e-01 1.760948e-02
1.600000e+00 8.600000e-01 9.387016e-01 3.669197e+00 7.530934e-01 1.870356e-02
1.650000e+00 8.600000e-01 9.377382e-01 3.612751e+00 7.570016e-01 1.985069e-02
1.700000e+00 8.600000e-01 9.367165e-01 3.541895e+00 7.610044e-01 2.100192e-02
1.750000e+00 8.600000e-01 9.356380e-01 3.432416e+00 7.649826e-01 2.215837e-02
1.800000e+00 8.600000e-01 9.345007e-01 3.284641e+00 7.692559e-01 2.337899e-02
1.850000e+00 8.600000e-01 9.333001e-01 3.128620e+00 7.744412e-01 2.463414e-02
1.900000e+00 8.600000e-01 9.320373e-01 3.006535e+00 7.808905e-01 2.578756e-02
1.950000e+00 8.600000e-01 9.307213e-01 2.945288e+00 7.883284e-01 2.677989e-02
2.000000e+00 8.600000e-01 9.293593e-01 2.938118e+00 7.960491e-01 2.775732e-02
2.050000e+00 8.600000e-01 9.279456e-01 2.946414e+00 8.033994e-01 2.896194e-02
2.100000e+00 8.600000e-01 9.264631e-01 2.918700e+00 8.101033e-01 3.053225e-02
2.150000e+00 8.600000e-01 9.248924e-01 2.814033e+00 8.163245e-01 3.245723e-02
2.200000e+00 8.600000e-01 9.232174e-01 2.616884e+00 8.226423e-01 3.469084e-02
2.250000e+00 8.600000e-01 9.214233e-01 2.338035e+00 8.300396e-01 3.722097e-02
2.300000e+00 8.600000e-01 9.194953e-01 2.005563e+00 8.398084e-01 3.995722e-02
2.350000e+00 8.600000e-01 9.174275e-01 1.654515e+00 8.532473e-01 4.253865e-02
2.400000e+00 8.600000e-01 9.152414e-01 1.320511e+00 8.711911e-01 4.428475e-02
2.450000e+00 8.600000e-01 9.129991e-01 1.036617e+00 8.935803e-01 4.440420e-02
2.500000e+00 8.600000e-01 9.108010e-01 8.302101e-01 9.193177e-01 4.235682e-02
2.550000e+00 8.600000e-01 9.087634e-01 7.182010e-01 9.465098e-01 3.813524e-02
2.600000e+00 8.600000e-01 9.069874e-01 7.022754e-01 9.729904e-01 3.229131e-02
2.650000e+00 8.600000e-01 9.055343e-01 7.677612e-01 9.968850e-01 2.571120e-02
2.700000e+00 8.600000e-01 9.044163e-01 8.881691e-01 1.016994e+00 1.929132e-02
2.750000e+00 8.600000e-01 9.036051e-01 1.033578e+00 1.032892e+00 1.368728e-02
2.800000e+00 8.600000e-01 9.030476e-01 1.178614e+00 1.044790e+00 9.220048e-03
2.850000e+00 8.600000e-01 9.026831e-01 1.306765e+00 1.053284e+00 5.919405e-03
2.900000e+00 8.600000e-01 9.024557e-01 1.410594e+00 1.059110e+00 3.632809e-03
2.950000e+00 8.600000e-01 9.023198e-01 1.489416e+00 1.062977e+00 2.133977e-03
3.000000e+00 8.600000e-01 9.022423e-01 1.546352e+00 1.065475e+00 1.197945e-03
3.050000e+00 8.600000e-01 9.022000e-01 1.585950e+00 1.067053e+00 6.384031e-04
3.100000e+00 8.600000e-01 9.021784e-01 1.612707e+00 1.068032e+00 3.176018e-04
3.150000e+00 8.600000e-01 9.021683e-01 1.630402e+00 1.068630e+00 1.415150e-04
3.200000e+00 8.600000e-01 9.021643e-01 1.641919e+00 1.068990e+00 4.971044e-05
3.250000e+00 8.600000e-01 9.021633e-01 1.649327e+00 1.069205e+00 5.148285e-06
3.300000e+00 8.600000e-01 9.021638e-01 1.654051e+00 1.069331e+00 -1.399797e-05
3.350000e+00 8.600000e-01 9.021647e-01 1.657043e+00 1.069403e+00 -2.014960e-05
3.400000e+00 8.600000e-01 9.021658e-01 1.658927e+00 1.069444e+00 -2.013767e-05
3.450000e+00 8.600000e-01 9.021667e-01 1.660108e+00 1.069467e+00 -1.757696e-05
3.500000e+00 8.600000e-01 9.021675e-01 1.660844e+00 1.069479e+00 -1.428538e-05
3.550000e+00 8.600000e-01 9.021682e-01 1.661301e+00 1.069485e+00 -1.110692e-05
3.600000e+00 8.600000e-01 9.021686e-01 1.661583e+00 1.069487e+00 -8.376665e-06
3.650000e+00 8.600000e-01 9.021690e-01 1.661755e+00 1.069488e+00 -6.177179e-06
3.700000e+00 8.600000e-01 9.021693e-01 1.661860e+00 1.069488e+00 -4.476090e-06
3.750000e+00 8.600000e-01 9.021694e-01 1.661923e+00 1.069488e+00 -3.197371e-06
3.800000e+00 8.600000e-01 9.021696e-01 1.661960e+00 1.069488e+00 -2.256327e-06
3.850000e+00 8.600000e-01 9.021697e-01 1.661981e+00 1.069487e+00 -1.575218e-06
3.900000e+00 8.600000e-01 9.021697e-01 1.661993e+00 1.069487e+00 -1.088905e-06
3.950000e+00 8.600000e-01 9.021698e-01 1.662000e+00 1.069486e+00 -7.456584e-07
4.000000e+00 8.600000e-01 9.021698e-01 1.662004e+00 1.069486e+00 -5.058221e-07
4.050000e+00 8.600000e-01 9.021698e-01 1.662005e+00 1.069486e+00 -3.397636e-07
4.100000e+00 8.600000e-01 9.021698e-01 1.662006e+00 1.069486e+00 -2.257644e-07
4.150000e+00 8.600000e-01 9.021698e-01 1.662006e+00 1.069486e+00 -1.481489e-07
4.200000e+00 8.600000e-01 9.021699e-01 1.662006e+00 1.069486e+00 -9.574544e-08
4.250000e+00 8.600000e-01 9.021699e-01 1.662005e+00 1.069486e+00 -6.067681e-08
4.300000e+00 8.600000e-01 9.021699e-01 1.662005e+00 1.069486e+00 -3.743945e-08
4.350000e+00 8.600000e-01 9.021699e-01 1.662005e+00 1.069485e+00 -2.221934e-08
4.400000e+00 8.600000e-01 9.021699e-01 1.662004e+00 1.069485e+00 -1.239251e-08
4.450000e+00 8.600000e-01 9.021699e-01 1.662004e+00 1.069485e+00 -6.165698e-09
4.500000e+00 8.600000e-01 9.021699e-01 1.662004e+00 1.069485e+00 -2.320969e-09
4.550000e+00 8.600000e-01 9.021699e-01 1.662004e+00 1.069485e+00 -3.614442e-11
4.600000e+00 8.600000e-01 9.021699e-01 1.662004e+00 1.069485e+00 1.240434e-09
4.650000e+00 8.600000e-01 9.021699e-01 1.662004e+00 1.069485e+00 1.876539e-09
4.700000e+00 8.600000e-01 9.021699e-01 1.662004e+00 1.069485e+00 2.115556e-09
4.750000e+00 8.600000e-01 9.021699e-01 1.662004e+00 1.069485e+00 2.117141e-09
4.800000e+00 8.600000e-01 9.021699e-01 1.662004e+00 1.069485e+00 1.984840e-09
4.850000e+00 8.600000e-01 9.021699e-01 1.662004e+00 1.069485e+00 1.784808e-09
4.900000e+00 8.600000e-01 9.021699e-01 1.662004e+00 1.069485e+00 1.558385e-09
4.950000e+00 8.600000e-01 9.021699e-01 1.662004e+00 1.069485e+00 1.330551e-09
5.000000e+00 8.600000e-01 9.021699e-01 1.662003e+00 1.069485e+00 1.115606e-09
5.050000e+00 8.600000e-01 9.021699e-01 1.662003e+00 1.069485e+00 9.209544e-10
5.100000e+00 8.600000e-01 9.021699e-01 1.662003e+00 1.069485e+00 7.496181e-10
5.150000e+00 8.600000e-01 9.021699e-01 1.662003e+00 1.069485e+00 6.019263e-10
5.200000e+00 8.600000e-01 9.021699e-01 1.662003e+00 1.069485e+00 4.766199e-10
5.250000e+00 8.600000e-01 9.021699e-01 1.662003e+00 1.069485e+00 3.715228e-10
5.300000e+00 8.600000e-01 9.021699e-01 1.662003e+00 1.069485e+00 2.840472e-10
5.350000e+00 8.600000e-01 9.021699e-01 1.662003e+00 1.069485e+00 2.114819e-10
5.400000e+00 8.600000e-01 9.021699e-01 1.662003e+00 1.069485e+00 1.511402e-10
5.450000e+00 8.600000e-01 9.021699e-01 1.662003e+00 1.069485e+00 1.004474e-10
5.500000e+00 8.600000e-01 9.021699e-01 1.662003e+00 1.069485e+00 5.697665e-11
5.550000e+00 8.600000e-01 9.021699e-01 1.662003e+00 1.069485e+00 1.844636e-11
5.600000e+00 8.600000e-01 9.021699e-01 1.662003e+00 1.069485e+00 -1.732836e-11
5.650000e+00 8.600000e-01 9.021699e-01 1.662003e+00 1.069485e+00 -5.249579e-11
5.700000e+00 8.600000e-01 9.021699e-01 1.662003e+00 1.069485e+00 -8.922085e-11
5.750000e+00 8.600000e-01 9.021699e-01 1.662003e+00 1.069485e+00 -1.298095e-10
5.800000e+00 8.600000e-01 9.021699e-01 1.662003e+00 1.069485e+00 -1.768419e-10
5.850000e+00 8.600000e-01 9.021699e-01 1.662003e+00 1.069485e+00 -2.332889e-10
5.900000e+00 8.600000e-01 9.021699e-01 1.662003e+00 1.069485e+00 -3.027301e-10
5.950000e+00 8.600000e-01 9.021699e-01 1.662003e+00 1.069485e+00 -3.895506e-10
6.000000e+00 8.600000e-01 9.021699e-01 1.662003e+00 1.069485e+00 -4.992351e-10
6.050000e+00 8.600000e-01 9.021699e-01 1.662003e+00 1.069485e+00 -6.387413e-10
6.100000e+00 8.600000e-01 9.021699e-01 1.662003e+00 1.069485e+00 -8.169310e-10
6.150000e+00 8.600000e-01 9.021699e-01 1.662004e+00 1.069485e+00 -1.045171e-09
6.200000e+00 8.600000e-01 9.021699e-01 1.662004e+00 1.069485e+00 -1.338082e-09
6.250000e+00 8.600000e-01 9.021699e-01 1.662004e+00 1.069485e+00 -1.714491e-09
6.300000e+00 8.600000e-01 9.021699e-01 1.662004e+00 1.069485e+00 -2.198678e-09
6.350000e+00 8.600000e-01 9.021699e-01 1.662004e+00 1.069485e+00 -2.821982e-09
6.400000e+00 8.600000e-01 9.021699e-01 1.662004e+00 1.069485e+00 -3.624859e-09
6.450000e+00 8.600000e-01 9.021699e-01 1.662004e+00 1.069485e+00 -4.659539e-09
6.500000e+00 8.600000e-01 9.021699e-01 1.662004e+00 1.069485e+00 -5.993490e-09
6.550000e+00 8.600000e-01 9.021699e-01 1.662004e+00 1.069485e+00 -7.713774e-09
6.600000e+00 8.600000e-01 9.021699e-01 1.662004e+00 1.069485e+00 -9.933061e-09
6.650000e+00 8.600000e-01 9.021699e-01 1.662004e+00 1.069485e+00 -1.279598e-08
6.700000e+00 8.600000e-01 9.021699e-01 1.662004e+00 1.069485e+00 -1.649226e-08
6.750000e+00 8.600000e-01 9.021699e-01 1.662004e+00 1.069485e+00 -2.125726e-08
6.800000e+00 8.600000e-01 9.021699e-01 1.662004e+00 1.069485e+00 -2.742549e-08
6.850000e+00 8.600000e-01 9.021699e-01 1.662004e+00 1.069485e+00 -3.533404e-08
6.900000e+00 8.600000e-01 9.021699e-01 1.662004e+00 1.069485e+00 -4.570347e-08
6.950000e+00 8.600000e-01 9.021699e-01 1.662004e+00 1.069485e+00 -5.862848e-08
7.000000e+00 8.600000e-01 9.021699e-01 1.662004e+00 1.069485e+00 -7.660887e-08
7.050000e+00 8.600000e-01 9.021699e-01 1.662004e+00 1.069485e+00 -9.629870e-08
7.100000e+00 8.600000e-01 9.021699e-01 1.662004e+00 1.069485e+00 -1.310122e-07
7.150000e+00 8.600000e-01 9.021699e-01 1.662006e+00 1.069485e+00 -1.520600e-07
7.200000e+00 8.600000e-01 9.021699e-01 1.662002e+00 1.069485e+00 -2.380214e-07
7.250000e+00 8.600000e-01 9.021699e-01 1.662013e+00 1.069485e+00 -2.083825e-07
7.300000e+00 8.600000e-01 9.021699e-01 1.661988e+00 1.069485e+00 -4.946551e-07
7.350000e+00 8.600000e-01 9.021700e-01 1.662048e+00 1.069485e+00 -1.421457e-07
7.400000e+00 8.600000e-01 9.021699e-01 1.661921e+00 1.069486e+00 -1.232487e-06
7.450000e+00 8.600000e-01 9.021701e-01 1.662191e+00 1.069484e+00 5.361891e-07
7.500000e+00 8.600000e-01 9.021699e-01 1.661648e+00 1.069487e+00 -3.433274e-06
7.550000e+00 8.600000e-01 9.021704e-01 1.662708e+00 1.069480e+00 3.201825e-06
7.600000e+00 8.600000e-01 9.021696e-01 1.660746e+00 1.069493e+00 -9.287741e-06
7.650000e+00 8.600000e-01 9.021714e-01 1.664236e+00 1.069469e+00 1.033720e-05
7.700000e+00 8.600000e-01 9.021685e-01 1.658351e+00 1.069509e+00 -2.158105e-05
7.750000e+00 8.600000e-01 9.021735e-01 1.667799e+00 1.069445e+00 2.313718e-05
7.800000e+00 8.600000e-01 9.021662e-01 1.653505e+00 1.069539e+00 -3.886093e-05
7.850000e+00 8.600000e-01 9.021774e-01 1.673886e+00 1.069407e+00 3.399541e-05
7.900000e+00 8.600000e-01 9.021628e-01 1.646773e+00 1.069574e+00 -4.724464e-05
7.950000e+00 8.600000e-01 9.021821e-01 1.680335e+00 1.069376e+00 2.195271e-05
8.000000e+00 8.600000e-01 9.021606e-01 1.642124e+00 1.069582e+00 -2.718193e-05
8.050000e+00 8.600000e-01 9.021849e-01 1.682049e+00 1.069386e+00 -2.270961e-05
8.100000e+00 8.600000e-01 9.021629e-01 1.644008e+00 1.069544e+00 3.196375e-06
8.150000e+00 8.600000e-01 9.021845e-01 1.677962e+00 1.069415e+00 -5.165267e-05
8.200000e+00 8.600000e-01 9.021681e-01 1.647788e+00 1.069528e+00 -3.104105e-05
8.250000e+00 8.600000e-01 9.021876e-01 1.678587e+00 1.069357e+00 -7.259644e-06
8.300000e+00 8.600000e-01 9.021688e-01 1.640984e+00 1.069623e+00 -1.313195e-04
8.350000e+00 8.600000e-01 9.022008e-01 1.691156e+00 1.069207e+00 8.564582e-06
8.400000e+00 8.600000e-01 9.021679e-01 1.628863e+00 1.069694e+00 -1.376613e-04
8.450000e+00 8.600000e-01 9.022145e-01 1.697330e+00 1.069189e+00 -1.441218e-04
8.500000e+00 8.600000e-01 9.021823e-01 1.633459e+00 1.069551e+00 -8.907582e-05
8.550000e+00 8.600000e-01 9.022234e-01 1.688367e+00 1.069255e+00 -2.430308e-04
8.600000e+00 8.600000e-01 9.022066e-01 1.639119e+00 1.069509e+00 -3.076993e-04
8.650000e+00 8.600000e-01 9.022542e-01 1.697860e+00 1.068982e+00 -1.998868e-04
8.700000e+00 8.600000e-01 9.022266e-01 1.621292e+00 1.069684e+00 -5.513516e-04
8.750000e+00 8.600000e-01 9.023093e-01 1.716340e+00 1.068725e+00 -5.422359e-04
8.800000e+00 8.600000e-01 9.022809e-01 1.622461e+00 1.069402e+00 -6.075471e-04
8.850000e+00 8.600000e-01 9.023701e-01 1.706993e+00 1.068752e+00 -9.890021e-04
8.900000e+00 8.600000e-01 9.023798e-01 1.634917e+00 1.069113e+00 -1.249866e-03
8.950000e+00 8.600000e-01 9.024951e-01 1.722511e+00 1.068092e+00 -1.313209e-03
9.000000e+00 8.600000e-01 9.025111e-01 1.617470e+00 1.069089e+00 -2.054557e-03
9.050000e+00 8.600000e-01 9.027005e-01 1.746379e+00 1.067441e+00 -2.557698e-03
9.100000e+00 8.600000e-01 9.027668e-01 1.633310e+00 1.068097e+00 -3.074858e-03
9.150000e+00 8.600000e-01 9.030080e-01 1.748925e+00 1.066695e+00 -4.054805e-03
9.200000e+00 8.600000e-01 9.031723e-01 1.646309e+00 1.067213e+00 -5.480788e-03
9.250000e+00 8.600000e-01 9.035561e-01 1.794335e+00 1.064620e+00 -6.629466e-03
9.300000e+00 8.600000e-01 9.038353e-01 1.658712e+00 1.065396e+00 -8.599877e-03
9.350000e+00 8.600000e-01 9.044161e-01 1.833944e+00 1.062318e+00 -1.116817e-02
9.400000e+00 8.600000e-01 9.049521e-01 1.711503e+00 1.062027e+00 -1.435411e-02
9.450000e+00 8.600000e-01 9.058515e-01 1.910990e+00 1.057530e+00 -1.797913e-02
9.500000e+00 8.600000e-01 9.067500e-01 1.774810e+00 1.056883e+00 -2.325354e-02
9.550000e+00 8.600000e-01 9.081769e-01 2.039559e+00 1.050155e+00 -2.954806e-02
9.600000e+00 8.600000e-01 9.097048e-01 1.906440e+00 1.047126e+00 -3.766968e-02
9.650000e+00 8.600000e-01 9.119438e-01 2.249796e+00 1.036818e+00 -4.720353e-02
9.700000e+00 8.600000e-01 9.144252e-01 2.124029e+00 1.030186e+00 -5.975158e-02
9.750000e+00 8.600000e-01 9.179190e-01 2.622180e+00 1.012810e+00 -7.396424e-02
9.800000e+00 8.600000e-01 9.218216e-01 2.508185e+00 9.970617e-01 -9.137781e-02
9.850000e+00 8.600000e-01 9.270568e-01 3.264314e+00 9.645004e-01 -1.087818e-01
9.900000e+00 8.600000e-01 9.326998e-01 3.161135e+00 9.251756e-01 -1.266682e-01
9.950000e+00 8.600000e-01 9.397236e-01 4.321322e+00 8.488064e-01 -1.364424e-01
1.000000e+01 8.600000e-01 9.463440e-01 4.124367e+00 0.000000e+00 0.000000e+00
0.000000e+00 8.800000e-01 9.599040e-01 4.560000e+00 0.000000e+00 0.000000e+00
5.000000e-02 8.800000e-01 9.599285e-01 4.560238e+00 6.320364e-01 -4.670810e-04
1.000000e-01 8.800000e-01 9.599507e-01 4.560487e+00 6.317682e-01 -4.359793e-04
1.500000e-01 8.800000e-01 9.599721e-01 4.560628e+00 6.315381e-01 -4.457171e-04
2.000000e-01 8.800000e-01 9.599953e-01 4.560552e+00 6.312355e-01 -4.389297e-04
2.500000e-01 8.800000e-01 9.600160e-01 4.560280e+00 6.309293e-01 -3.125872e-04
3.000000e-01 8.800000e-01 9.600265e-01 4.559934e+00 6.308148e-01 -1.107536e-04
3.500000e-01 8.800000e-01 9.600271e-01 4.559563e+00 6.308800e-01 6.936004e-06
4.000000e-01 8.800000e-01 9.600258e-01 4.559064e+00 6.308896e-01 3.069820e-05
4.500000e-01 8.800000e-01 9.600240e-01 4.558364e+00 6.307953e-01 1.372835e-04
5.000000e-01 8.800000e-01 9.600121e-01 4.557560e+00 6.308664e-01 3.893560e-04
5.500000e-01 8.800000e-01 9.599851e-01 4.556779e+00 6.312878e-01 5.970403e-04
6.000000e-01 8.800000e-01 9.599524e-01 4.556114e+00 6.318819e-01 5.969179e-04
6.500000e-01 8.800000e-01 9.599254e-01 4.555884e+00 6.324103e-01 5.151702e-04
7.000000e-01 8.800000e-01 9.599009e-01 4.556805e+00 6.329632e-01 6.045761e-04
7.500000e-01 8.800000e-01 9.598649e-01 4.559509e+00 6.338337e-01 9.091643e-04
8.000000e-01 8.800000e-01 9.598100e-01 4.563629e+00 6.350711e-01 1.253394e-03
8.500000e-01 8.800000e-01 9.597396e-01 4.567413e+00 6.363690e-01 1.567980e-03
9.000000e-01 8.800000e-01 9.596532e-01 4.568338e+00 6.375020e-01 2.048320e-03
9.500000e-01 8.800000e-01 9.595348e-01 4.564099e+00 6.386489e-01 2.886678e-03
1.000000e+00 8.800000e-01 9.593645e-01 4.552864e+00 6.401328e-01 3.974169e-03
1.050000e+00 8.800000e-01 9.591374e-01 4.532900e+00 6.419388e-01 5.042258e-03
1.100000e+00 8.800000e-01 9.588603e-01 4.502781e+00 6.438034e-01 6.032811e-03
1.150000e+00 8.800000e-01 9.585341e-01 4.462427e+00 6.456978e-01 7.112967e-03
1.200000e+00 8.800000e-01 9.581490e-01 4.413495e+00 6.479128e-01 8.345922e-03
1.250000e+00 8.800000e-01 9.576995e-01 4.357895e+00 6.506262e-01 9.569330e-03
1.300000e+00 8.800000e-01 9.571921e-01 4.295799e+00 6.536799e-01 1.065533e-02
1.350000e+00 8.800000e-01 9.566340e-01 4.225769e+00 6.569098e-01 1.168886e-02
1.400000e+00 8.800000e-01 9.560232e-01 4.147444e+00 6.604276e-01 1.279114e-02
1.450000e+00 8.800000e-01 9.553548e-01 4.063759e+00 6.644382e-01 1.392221e-02
1.500000e+00 8.800000e-01 9.546309e-01 3.979415e+00 6.689433e-01 1.497414e-02
1.550000e+00 8.800000e-01 9.538574e-01 3.896180e+00 6.737965e-01 1.595530e-02
1.600000e+00 8.800000e-01 9.530354e-01 3.809711e+00 6.789376e-01 1.695778e-02
1.650000e+00 8.800000e-01 9.521616e-01 3.712136e+00 6.844303e-01 1.800035e-02
1.700000e+00 8.800000e-01 9.512354e-01 3.599371e+00 6.903432e-01 1.901371e-02
1.750000e+00 8.800000e-01 9.502603e-01 3.477153e+00 6.967313e-01 1.995931e-02
1.800000e+00 8.800000e-01 9.492395e-01 3.359891e+00 7.037000e-01 2.087217e-02
1.850000e+00 8.800000e-01 9.481731e-01 3.262089e+00 7.113410e-01 2.178726e-02
1.900000e+00 8.800000e-01 9.470607e-01 3.188034e+00 7.195639e-01 2.270462e-02
1.950000e+00 8.800000e-01 9.459026e-01 3.126715e+00 7.280790e-01 2.365444e-02
2.000000e+00 8.800000e-01 9.446953e-01 3.055266e+00 7.366223e-01 2.473789e-02
2.050000e+00 8.800000e-01 9.434288e-01 2.948685e+00 7.452011e-01 2.605249e-02
2.100000e+00 8.800000e-01 9.420900e-01 2.790134e+00 7.541327e-01 2.759063e-02
2.150000e+00 8.800000e-01 9.406697e-01 2.576889e+00 7.639106e-01 2.924459e-02
2.200000e+00 8.800000e-01 9.391656e-01 2.320279e+00 7.750919e-01 3.090326e-02
2.250000e+00 8.800000e-01 9.375794e-01 2.041403e+00 7.882929e-01 3.250151e-02
2.300000e+00 8.800000e-01 9.359154e-01 1.766111e+00 8.041780e-01 3.394191e-02
2.350000e+00 8.800000e-01 9.341852e-01 1.521689e+00 8.233001e-01 3.496879e-02
2.400000e+00 8.800000e-01 9.324185e-01 1.334839e+00 8.457906e-01 3.514966e-02
2.450000e+00 8.800000e-01 9.306703e-01 1.228763e+00 8.710792e-01 3.403109e-02
2.500000e+00 8.800000e-01 9.290154e-01 1.218036e+00 8.978477e-01 3.138074e-02
2.550000e+00 8.800000e-01 9.275322e-01 1.302902e+00 9.243023e-01 2.734792e-02
2.600000e+00 8.800000e-01 9.262806e-01 1.466910e+00 9.486478e-01 2.243513e-02
2.650000e+00 8.800000e-01 9.252887e-01 1.680689e+00 9.695407e-01 1.730884e-02
2.700000e+00 8.800000e-01 9.245498e-01 1.910662e+00 9.863297e-01 1.257205e-02
2.750000e+00 8.800000e-01 9.240315e-01 2.128168e+00 9.990358e-01 8.614200e-03
2.800000e+00 8.800000e-01 9.236883e-01 2.314882e+00 1.008153e+00 5.578557e-03
2.850000e+00 8.800000e-01 9.234736e-01 2.463404e+00 1.014398e+00 3.416785e-03
2.900000e+00 8.800000e-01 9.233467e-01 2.574590e+00 1.018508e+00 1.975059e-03
2.950000e+00 8.800000e-01 9.232761e-01 2.653902e+00 1.021124e+00 1.069180e-03
3.000000e+00 8.800000e-01 9.232397e-01 2.708364e+00 1.022741e+00 5.313464e-04
3.050000e+00 8.800000e-01 9.232230e-01 2.744667e+00 1.023716e+00 2.300190e-04
3.100000e+00 8.800000e-01 9.232167e-01 2.768320e+00 1.024291e+00 7.207316e-05
3.150000e+00 8.800000e-01 9.232158e-01 2.783467e+00 1.024622e+00 -3.558160e-06
3.200000e+00 8.800000e-01 9.232171e-01 2.793039e+00 1.024809e+00 -3.451912e-05
3.250000e+00 8.800000e-01 9.232192e-01 2.799028e+00 1.024911e+00 -4.280879e-05
3.300000e+00 8.800000e-01 9.232214e-01 2.802745e+00 1.024964e+00 -4.065251e-05
3.350000e+00 8.800000e-01 9.232233e-01 2.805035e+00 1.024991e+00 -3.448922e-05
3.400000e+00 8.800000e-01 9.232248e-01 2.806437e+00 1.025003e+00 -2.748859e-05
3.450000e+00 8.800000e-01 9.232260e-01 2.807288e+00 1.025007e+00 -2.105502e-05
3.500000e+00 8.800000e-01 9.232269e-01 2.807801e+00 1.025007e+00 -1.568709e-05
3.550000e+00 8.800000e-01 9.232276e-01 2.808107e+00 1.025006e+00 -1.144975e-05
3.600000e+00 8.800000e-01 9.232281e-01 2.808287e+00 1.025004e+00 -8.223261e-06
3.650000e+00 8.800000e-01 9.232284e-01 2.808391e+00 1.025002e+00 -5.828278e-06
3.700000e+00 8.800000e-01 9.232287e-01 2.808450e+00 1.025001e+00 -4.084290e-06
3.750000e+00 8.800000e-01 9.232288e-01 2.808482e+00 1.024999e+00 -2.833486e-06
3.800000e+00 8.800000e-01 9.232289e-01 2.808498e+00 1.024998e+00 -1.947578e-06
3.850000e+00 8.800000e-01 9.232290e-01 2.808506e+00 1.024998e+00 -1.326823e-06
3.900000e+00 8.800000e-01 9.232291e-01 2.808509e+00 1.024997e+00 -8.959804e-07
3.950000e+00 8.800000e-01 9.232291e-01 2.808510e+00 1.024997e+00 -5.995406e-07
4.000000e+00 8.800000e-01 9.232291e-01 2.808509e+00 1.024996e+00 -3.972437e-07
4.050000e+00 8.800000e-01 9.232292e-01 2.808508e+00 1.024996e+00 -2.602923e-07
4.100000e+00 8.800000e-01 9.232292e-01 2.808507e+00 1.024996e+00 -1.683248e-07
4.150000e+00 8.800000e-01 9.232292e-01 2.808506e+00 1.024996e+00 -1.070871e-07
4.200000e+00 8.800000e-01 9.232292e-01 2.808505e+00 1.024996e+00 -6.668808e-08
4.250000e+00 8.800000e-01 9.232292e-01 2.808504e+00 1.024996e+00 -4.031843e-08
4.300000e+00 8.800000e-01 9.232292e-01 2.808504e+00 1.024996e+00 -2.332452e-08
4.350000e+00 8.800000e-01 9.232292e-01 2.808503e+00 1.024996e+00 -1.254776e-08
4.400000e+00 8.800000e-01 9.232292e-01 2.808503e+00 1.024996e+00 -5.858329e-09
4.450000e+00 8.800000e-01 9.232292e-01 2.808503e+00 1.024995e+00 -1.829450e-09
4.500000e+00 8.800000e-01 9.232292e-01 2.808502e+00 1.024995e+00 4.884460e-10
4.550000e+00 8.800000e-01 9.232292e-01 2.808502e+00 1.024995e+00 1.722911e-09
4.600000e+00 8.800000e-01 9.232292e-01 2.808502e+00 1.024995e+00 2.285506e-09
4.650000e+00 8.800000e-01 9.232292e-01 2.808502e+00 1.024995e+00 2.443736e-09
4.700000e+00 8.800000e-01 9.232292e-01 2.808502e+00 1.024995e+00 2.369568e-09
4.750000e+00 8.800000e-01 9.232292e-01 2.808502e+00 1.024995e+00 2.171976e-09
4.800000e+00 8.800000e-01 9.232292e-01 2.808502e+00 1.024995e+00 1.918654e-09
4.850000e+00 8.800000e-01 9.232292e-01 2.808502e+00 1.024995e+00 1.650496e-09
4.900000e+00 8.800000e-01 9.232292e-01 2.808502e+00 1.024995e+00 1.391108e-09
4.950000e+00 8.800000e-01 9.232292e-01 2.808502e+00 1.024995e+00 1.153088e-09
5.000000e+00 8.800000e-01 9.232292e-01 2.808502e+00 1.024995e+00 9.421564e-10
5.050000e+00 8.800000e-01 9.232292e-01 2.808502e+00 1.024995e+00 7.598311e-10
5.100000e+00 8.800000e-01 9.232292e-01 2.808502e+00 1.024995e+00 6.051692e-10
5.150000e+00 8.800000e-01 9.232292e-01 2.808502e+00 1.024995e+00 4.758793e-10
5.200000e+00 8.800000e-01 9.232292e-01 2.808502e+00 1.024995e+00 3.690159e-10
5.250000e+00 8.800000e-01 9.232292e-01 2.808502e+00 1.024995e+00 2.813960e-10
5.300000e+00 8.800000e-01 9.232292e-01 2.808502e+00 1.024995e+00 2.098799e-10
5.350000e+00 8.800000e-01 9.232292e-01 2.808502e+00 1.024995e+00 1.515177e-10
5.400000e+00 8.800000e-01 9.232292e-01 2.808502e+00 1.024995e+00 1.035860e-10
5.450000e+00 8.800000e-01 9.232292e-01 2.808502e+00 1.024995e+00 6.359913e-11
5.500000e+00 8.800000e-01 9.232292e-01 2.808502e+00 1.024995e+00 2.931211e-11
5.550000e+00 8.800000e-01 9.232292e-01 2.808502e+00 1.024995e+00 -1.326717e-12
5.600000e+00 8.800000e-01 9.232292e-01 2.808502e+00 1.024995e+00 -3.025913e-11
5.650000e+00 8.800000e-01 9.232292e-01 2.808502e+00 1.024995e+00 -5.936251e-11
5.700000e+00 8.800000e-01 9.232292e-01 2.808502e+00 1.024995e+00 -9.052981e-11
5.750000e+00 8.800000e-01 9.232292e-01 2.808502e+00 1.024995e+00 -1.257983e-10
5.800000e+00 8.800000e-01 9.232292e-01 2.808502e+00 1.024995e+00 -1.674516e-10
5.850000e+00 8.800000e-01 9.232292e-01 2.808502e+00 1.024995e+00 -2.181522e-10
5.900000e+00 8.800000e-01 9.232292e-01 2.808502e+00 1.024995e+00 -2.811384e-10
5.950000e+00 8.800000e-01 9.232292e-01 2.808502e+00 1.024995e+00 -3.604028e-10
6.000000e+00 8.800000e-01 9.232292e-01 2.808502e+00 1.024995e+00 -4.609624e-10
6.050000e+00 8.800000e-01 9.232292e-01 2.808502e+00 1.024995e+00 -5.892142e-10
6.100000e+00 8.800000e-01 9.232292e-01 2.808502e+00 1.024995e+00 -7.533207e-10
6.150000e+00 8.800000e-01 9.232292e-01 2.808502e+00 1.024995e+00 -9.637646e-10
6.200000e+00 8.800000e-01 9.232292e-01 2.808502e+00 1.024995e+00 -1.234064e-09
6.250000e+00 8.800000e-01 9.232292e-01 2.808502e+00 1.024995e+00 -1.581622e-09
6.300000e+00 8.800000e-01 9.232292e-01 2.808502e+00 1.024995e+00 -2.028894e-09
6.350000e+00 8.800000e-01 9.232292e-01 2.808502e+00 1.024995e+00 -2.604889e-09
6.400000e+00 8.800000e-01 9.232292e-01 2.808502e+00 1.024995e+00 -3.347050e-09
6.450000e+00 8.800000e-01 9.232292e-01 2.808502e+00 1.024995e+00 -4.303733e-09
6.500000e+00 8.800000e-01 9.232292e-01 2.808502e+00 1.024995e+00 -5.537402e-09
6.550000e+00 8.800000e-01 9.232292e-01 2.808502e+00 1.024995e+00 -7.128703e-09
6.600000e+00 8.800000e-01 9.232292e-01 2.808502e+00 1.024995e+00 -9.181931e-09
6.650000e+00 8.800000e-01 9.232292e-01 2.808502e+00 1.024995e+00 -1.183126e-08
6.700000e+00 8.800000e-01 9.232292e-01 2.808502e+00 1.024995e+00 -1.525175e-08
6.750000e+00 8.800000e-01 9.232292e-01 2.808502e+00 1.024995e+00 -1.966372e-08
6.800000e+00 8.800000e-01 9.232292e-01 2.808502e+00 1.024995e+00 -2.537002e-08
6.850000e+00 8.800000e-01 9.232292e-01 2.808502e+00 1.024995e+00 -3.270452e-08
6.900000e+00 8.800000e-01 9.232292e-01 2.808502e+00 1.024995e+00 -4.227161e-08
6.950000e+00 8.800000e-01 9.232292e-01 2.808502e+00 1.024995e+00 -5.434061e-08
7.000000e+00 8.800000e-01 9.232292e-01 2.808503e+00 1.024995e+00 -7.072329e-08
7.050000e+00 8.800000e-01 9.232292e-01 2.808503e+00 1.024995e+00 -8.968251e-08
7.100000e+00 8.800000e-01 9.232292e-01 2.808503e+00 1.024995e+00 -1.199894e-07
7.150000e+00 8.800000e-01 9.232292e-01 2.808504e+00 1.024995e+00 -1.440997e-07
7.200000e+00 8.800000e-01 9.232292e-01 2.808502e+00 1.024995e+00 -2.126712e-07
7.250000e+00 8.800000e-01 9.232292e-01 2.808509e+00 1.024995e+00 -2.109029e-07
7.300000e+00 8.800000e-01 9.232292e-01 2.808496e+00 1.024995e+00 -4.188147e-07
7.350000e+00 8.800000e-01 9.232293e-01 2.808529e+00 1.024995e+00 -2.153328e-07
7.400000e+00 8.800000e-01 9.232293e-01 2.808460e+00 1.024996e+00 -9.722022e-07
7.450000e+00 8.800000e-01 9.232294e-01 2.808611e+00 1.024994e+00 1.673481e-07
7.500000e+00 8.800000e-01 9.232292e-01 2.808307e+00 1.024997e+00 -2.573280e-06
7.550000e+00 8.800000e-01 9.232296e-01 2.808917e+00 1.024989e+00 1.902008e-06
7.600000e+00 8.800000e-01 9.232291e-01 2.807771e+00 1.025003e+00 -6.850629e-06
7.650000e+00 8.800000e-01 9.232303e-01 2.809861e+00 1.024978e+00 6.866841e-06
7.700000e+00 8.800000e-01 9.232284e-01 2.806263e+00 1.025020e+00 -1.612404e-05
7.750000e+00 8.800000e-01 9.232319e-01 2.812197e+00 1.024950e+00 1.638778e-05
7.800000e+00 8.800000e-01 9.232267e-01 2.802981e+00 1.025053e+00 -3.016845e-05
7.850000e+00 8.800000e-01 9.232349e-01 2.816546e+00 1.024906e+00 2.578814e-05
7.900000e+00 8.800000e-01 9.232241e-01 2.797896e+00 1.025096e+00 -3.967857e-05
7.950000e+00 8.800000e-01 9.232389e-01 2.821901e+00 1.024863e+00 1.945730e-05
8.000000e+00 8.800000e-01 9.232222e-01 2.793415e+00 1.025114e+00 -2.852268e-05
8.050000e+00 8.800000e-01 9.232418e-01 2.824614e+00 1.024863e+00 -1.431503e-05
8.100000e+00 8.800000e-01 9.232236e-01 2.793559e+00 1.025074e+00 -3.958977e-06
8.150000e+00 8.800000e-01 9.232422e-01 2.822118e+00 1.024899e+00 -4.610608e-05
8.200000e+00 8.800000e-01 9.232282e-01 2.797429e+00 1.025035e+00 -2.060877e-05
8.250000e+00 8.800000e-01 9.232442e-01 2.820065e+00 1.024860e+00 -2.571673e-05
8.300000e+00 8.800000e-01 9.232308e-01 2.795944e+00 1.025106e+00 -9.832252e-05
8.350000e+00 8.800000e-01 9.232541e-01 2.826912e+00 1.024699e+00 -8.238549e-06
8.400000e+00 8.800000e-01 9.232316e-01 2.787293e+00 1.025192e+00 -1.294918e-04
8.450000e+00 8.800000e-01 9.232670e-01 2.834493e+00 1.024628e+00 -1.147547e-04
8.500000e+00 8.800000e-01 9.232431e-01 2.787192e+00 1.025058e+00 -1.029072e-04
8.550000e+00 8.800000e-01 9.232773e-01 2.829909e+00 1.024680e+00 -2.270221e-04
8.600000e+00 8.800000e-01 9.232658e-01 2.794917e+00 1.024936e+00 -2.528499e-04
8.650000e+00 8.800000e-01 9.233026e-01 2.831168e+00 1.024428e+00 -2.318304e-04
8.700000e+00 8.800000e-01 9.232890e-01 2.787991e+00 1.025040e+00 -4.884506e-04
8.750000e+00 8.800000e-01 9.233514e-01 2.846319e+00 1.024065e+00 -4.838360e-04
8.800000e+00 8.800000e-01 9.233374e-01 2.784945e+00 1.024746e+00 -6.033600e-04
8.850000e+00 8.800000e-01 9.234118e-01 2.845761e+00 1.023957e+00 -9.118374e-04
8.900000e+00 8.800000e-01 9.234286e-01 2.799672e+00 1.024256e+00 -1.109691e-03
8.950000e+00 8.800000e-01 9.235227e-01 2.851196e+00 1.023229e+00 -1.287502e-03
9.000000e+00 8.800000e-01 9.235573e-01 2.798287e+00 1.023955e+00 -1.889904e-03
9.050000e+00 8.800000e-01 9.237117e-01 2.875647e+00 1.022219e+00 -2.332750e-03
9.100000e+00 8.800000e-01 9.237906e-01 2.810945e+00 1.022682e+00 -2.884614e-03
9.150000e+00 8.800000e-01 9.240002e-01 2.886884e+00 1.020995e+00 -3.809780e-03
9.200000e+00 8.800000e-01 9.241716e-01 2.841364e+00 1.021034e+00 -5.000332e-03
9.250000e+00 8.800000e-01 9.245002e-01 2.925419e+00 1.018231e+00 -6.179863e-03
9.300000e+00 8.800000e-01 9.247896e-01 2.871769e+00 1.018223e+00 -8.007413e-03
9.350000e+00 8.800000e-01 9.253010e-01 2.982511e+00 1.014479e+00 -1.033867e-02
9.400000e+00 8.800000e-01 9.258234e-01 2.945680e+00 1.013128e+00 -1.321188e-02
9.450000e+00 8.800000e-01 9.266221e-01 3.070497e+00 1.007655e+00 -1.669116e-02
9.500000e+00 8.800000e-01 9.274925e-01 3.054781e+00 1.005080e+00 -2.143703e-02
9.550000e+00 8.800000e-01 9.287658e-01 3.229590e+00 9.965741e-01 -2.718928e-02
9.600000e+00 8.800000e-01 9.302115e-01 3.244143e+00 9.907881e-01 -3.447023e-02
9.650000e+00 8.800000e-01 9.322129e-01 3.487363e+00 9.774404e-01 -4.313832e-02
9.700000e+00 8.800000e-01 9.345253e-01 3.557662e+00 9.664116e-01 -5.407102e-02
9.750000e+00 8.800000e-01 9.376200e-01 3.931826e+00 9.440602e-01 -6.631598e-02
9.800000e+00 8.800000e-01 9.411569e-01 4.068108e+00 9.223117e-01 -8.043078e-02
9.850000e+00 8.800000e-01 9.456630e-01 4.661422e+00 8.826026e-01 -9.305763e-02
9.900000e+00 8.800000e-01 9.504627e-01 4.829651e+00 8.375012e-01 -1.020583e-01
9.950000e+00 8.800000e-01 9.558689e-01 5.705298e+00 7.557270e-01 -9.441339e-02
1.000000e+01 8.800000e-01 9.599040e-01 5.572948e+00 0.000000e+00 0.000000e+00
0.000000e+00 9.000000e-01 9.716400e-01 4.800000e+00 0.000000e+00 0.000000e+00
5.000000e-02 9.000000e-01 9.716574e-01 4.800176e+00 5.384453e-01 -3.404041e-04
1.000000e-01 9.000000e-01 9.716740e-01 4.800239e+00 5.381646e-01 -3.322948e-04
1.500000e-01 9.000000e-01 9.716906e-01 4.800101e+00 5.379213e-01 -3.404328e-04
2.000000e-01 9.000000e-01 9.717081e-01 4.799722e+00 5.376521e-01 -3.274742e-04
2.500000e-01 9.000000e-01 9.717234e-01 4.799173e+00 5.374049e-01 -2.356817e-04
3.000000e-01 9.000000e-01 9.717317e-01 4.798616e+00 5.372977e-01 -9.553646e-05
3.500000e-01 9.000000e-01 9.717329e-01 4.798148e+00 5.373201e-01 -2.295151e-06
4.000000e-01 9.000000e-01 9.717319e-01 4.797688e+00 5.373322e-01 3.853718e-05
4.500000e-01 9.000000e-01 9.717291e-01 4.797081e+00 5.373109e-01 1.273339e-04
5.000000e-01 9.000000e-01 9.717191e-01 4.796333e+00 5.374255e-01 2.913607e-04
5.500000e-01 9.000000e-01 9.716999e-01 4.795831e+00 5.377936e-01 4.077122e-04
6.000000e-01 9.000000e-01 9.716784e-01 4.796439e+00 5.383105e-01 3.772105e-04
6.500000e-01 9.000000e-01 9.716622e-01 4.799337e+00 5.388296e-01 2.869116e-04
7.000000e-01 9.000000e-01 9.716497e-01 4.805431e+00 5.394021e-01 3.105462e-04
7.500000e-01 9.000000e-01 9.716312e-01 4.814576e+00 5.402076e-01 4.985101e-04
8.000000e-01 9.000000e-01 9.715998e-01 4.825120e+00 5.412870e-01 7.641325e-04
8.500000e-01 9.000000e-01 9.715548e-01 4.834160e+00 5.424799e-01 1.076521e-03
9.000000e-01 9.000000e-01 9.714922e-01 4.838385e+00 5.436880e-01 1.554774e-03
9.500000e-01 9.000000e-01 9.713993e-01 4.834939e+00 5.450657e-01 2.306552e-03
1.000000e+00 9.000000e-01 9.712615e-01 4.821872e+00 5.468526e-01 3.251218e-03
1.050000e+00 9.000000e-01 9.710742e-01 4.798221e+00 5.490784e-01 4.209035e-03
1.100000e+00 9.000000e-01 9.708406e-01 4.764005e+00 5.516089e-01 5.127578e-03
1.150000e+00 9.000000e-01 9.705614e-01 4.720067e+00 5.544327e-01 6.095840e-03
1.200000e+00 9.000000e-01 9.702310e-01 4.667587e+00 5.577179e-01 7.148323e-03
1.250000e+00 9.000000e-01 9.698466e-01 4.607512e+00 5.615659e-01 8.187414e-03
1.300000e+00 9.000000e-01 9.694123e-01 4.540488e+00 5.658861e-01 9.133083e-03
1.350000e+00 9.000000e-01 9.689333e-01 4.467360e+00 5.705834e-01 1.003137e-02
1.400000e+00 9.000000e-01 9.684092e-01 4.389462e+00 5.757144e-01 1.095559e-02
1.450000e+00 9.000000e-01 9.678377e-01 4.308018e+00 5.813755e-01 1.188902e-02
1.500000e+00 9.000000e-01 9.672203e-01 4.223131e+00 5.875428e-01 1.277332e-02
1.550000e+00 9.000000e-01 9.665604e-01 4.133618e+00 5.941298e-01 1.361177e-02
1.600000e+00 9.000000e-01 9.658591e-01 4.038333e+00 6.011377e-01 1.445001e-02
1.650000e+00 9.000000e-01 9.651154e-01 3.938052e+00 6.086505e-01 1.528845e-02
1.700000e+00 9.000000e-01 9.643302e-01 3.836174e+00 6.167135e-01 1.608156e-02
1.750000e+00 9.000000e-01 9.635072e-01 3.737191e+00 6.252922e-01 1.681567e-02
1.800000e+00 9.000000e-01 9.626487e-01 3.643552e+00 6.343398e-01 1.753510e-02
1.850000e+00 9.000000e-01 9.617537e-01 3.552913e+00 6.438332e-01 1.828858e-02
1.900000e+00 9.000000e-01 9.608198e-01 3.457716e+00 6.537435e-01 1.909234e-02
1.950000e+00 9.000000e-01 9.598445e-01 3.347713e+00 6.640459e-01 1.995651e-02
2.000000e+00 9.000000e-01 9.588242e-01 3.214306e+00 6.748144e-01 2.090851e-02
2.050000e+00 9.000000e-01 9.577536e-01 3.054502e+00 6.862909e-01 2.195776e-02
2.100000e+00 9.000000e-01 9.566284e-01 2.872767e+00 6.988322e-01 2.304845e-02
2.150000e+00 9.000000e-01 9.554488e-01 2.680448e+00 7.127852e-01 2.407356e-02
2.200000e+00 9.000000e-01 9.542210e-01 2.493727e+00 7.284187e-01 2.493793e-02
2.250000e+00 9.000000e-01 9.529550e-01 2.331447e+00 7.459442e-01 2.558652e-02
2.300000e+00 9.000000e-01 9.516624e-01 2.213542e+00 7.655290e-01 2.595434e-02
2.350000e+00 9.000000e-01 9.503595e-01 2.159496e+00 7.871937e-01 2.589361e-02
2.400000e+00 9.000000e-01 9.490730e-01 2.185508e+00 8.106159e-01 2.517310e-02
2.450000e+00 9.000000e-01 9.478422e-01 2.299814e+00 8.349835e-01 2.358137e-02
2.500000e+00 9.000000e-01 9.467149e-01 2.497770e+00 8.590484e-01 2.106758e-02
2.550000e+00 9.000000e-01 9.457355e-01 2.760002e+00 8.814029e-01 1.781520e-02
2.600000e+00 9.000000e-01 9.449334e-01 3.056046e+00 9.008522e-01 1.419596e-02
2.650000e+00 9.000000e-01 9.443159e-01 3.352501e+00 9.166980e-01 1.063846e-02
2.700000e+00 9.000000e-01 9.438695e-01 3.621689e+00 9.288194e-01 7.493268e-03
2.750000e+00 9.000000e-01 9.435666e-01 3.846860e+00 9.375637e-01 4.958021e-03
2.800000e+00 9.000000e-01 9.433737e-01 4.022649e+00 9.435436e-01 3.075257e-03
2.850000e+00 9.000000e-01 9.432590e-01 4.152194e+00 9.474403e-01 1.777144e-03
2.900000e+00 9.000000e-01 9.431960e-01 4.243213e+00 9.498708e-01 9.422353e-04
2.950000e+00 9.000000e-01 9.431648e-01 4.304715e+00 9.513267e-01 4.408260e-04
3.000000e+00 9.000000e-01 9.431519e-01 4.344982e+00 9.521654e-01 1.610777e-04
3.050000e+00 9.000000e-01 9.431487e-01 4.370690e+00 9.526291e-01 1.851595e-05
3.100000e+00 9.000000e-01 9.431501e-01 4.386775e+00 9.528734e-01 -4.478969e-05
3.150000e+00 9.000000e-01 9.431532e-01 4.396679e+00 9.529939e-01 -6.559167e-05
3.200000e+00 9.000000e-01 9.431566e-01 4.402695e+00 9.530472e-01 -6.566682e-05
3.250000e+00 9.000000e-01 9.431597e-01 4.406306e+00 9.530657e-01 -5.708981e-05
3.300000e+00 9.000000e-01 9.431623e-01 4.408449e+00 9.530674e-01 -4.607697e-05
3.350000e+00 9.000000e-01 9.431644e-01 4.409704e+00 9.530619e-01 -3.552131e-05
3.400000e+00 9.000000e-01 9.431659e-01 4.410428e+00 9.530540e-01 -2.654508e-05
3.450000e+00 9.000000e-01 9.431670e-01 4.410838e+00 9.530462e-01 -1.939441e-05
3.500000e+00 9.000000e-01 9.431678e-01 4.411064e+00 9.530393e-01 -1.392700e-05
3.550000e+00 9.000000e-01 9.431684e-01 4.411183e+00 9.530337e-01 -9.862819e-06
3.600000e+00 9.000000e-01 9.431688e-01 4.411242e+00 9.530293e-01 -6.903603e-06
3.650000e+00 9.000000e-01 9.431691e-01 4.411268e+00 9.530260e-01 -4.783194e-06
3.700000e+00 9.000000e-01 9.431693e-01 4.411277e+00 9.530235e-01 -3.283457e-06
3.750000e+00 9.000000e-01 9.431694e-01 4.411277e+00 9.530218e-01 -2.234311e-06
3.800000e+00 9.000000e-01 9.431695e-01 4.411273e+00 9.530205e-01 -1.507423e-06
3.850000e+00 9.000000e-01 9.431696e-01 4.411267e+00 9.530195e-01 -1.008198e-06
3.900000e+00 9.000000e-01 9.431696e-01 4.411262e+00 9.530189e-01 -6.681351e-07
3.950000e+00 9.000000e-01 9.431696e-01 4.411258e+00 9.530185e-01 -4.383251e-07
4.000000e+00 9.000000e-01 9.431697e-01 4.411254e+00 9.530181e-01 -2.842516e-07
4.050000e+00 9.000000e-01 9.431697e-01 4.411251e+00 9.530179e-01 -1.818006e-07
4.100000e+00 9.000000e-01 9.431697e-01 4.411248e+00 9.530178e-01 -1.142741e-07
4.150000e+00 9.000000e-01 9.431697e-01 4.411246e+00 9.530177e-01 -7.020251e-08
4.200000e+00 9.000000e-01 9.431697e-01 4.411245e+00 9.530176e-01 -4.176621e-08
4.250000e+00 9.000000e-01 9.431697e-01 4.411244e+00 9.530176e-01 -2.367187e-08
4.300000e+00 9.000000e-01 9.431697e-01 4.411243e+00 9.530176e-01 -1.236082e-08
4.350000e+00 9.000000e-01 9.431697e-01 4.411243e+00 9.530175e-01 -5.456873e-09
4.400000e+00 9.000000e-01 9.431697e-01 4.411242e+00 9.530175e-01 -1.384396e-09
4.450000e+00 9.000000e-01 9.431697e-01 4.411242e+00 9.530175e-01 8.937995e-10
4.500000e+00 9.000000e-01 9.431697e-01 4.411242e+00 9.530175e-01 2.055085e-09
4.550000e+00 9.000000e-01 9.431697e-01 4.411242e+00 9.530175e-01 2.537868e-09
4.600000e+00 9.000000e-01 9.431697e-01 4.411242e+00 9.530175e-01 2.622894e-09
4.650000e+00 9.000000e-01 9.431697e-01 4.411242e+00 9.530175e-01 2.487593e-09
4.700000e+00 9.000000e-01 9.431697e-01 4.411241e+00 9.530175e-01 2.242141e-09
4.750000e+00 9.000000e-01 9.431697e-01 4.411241e+00 9.530175e-01 1.953314e-09
4.800000e+00 9.000000e-01 9.431697e-01 4.411241e+00 9.530175e-01 1.660151e-09
4.850000e+00 9.000000e-01 9.431697e-01 4.411241e+00 9.530175e-01 1.384182e-09
4.900000e+00 9.000000e-01 9.431697e-01 4.411241e+00 9.530175e-01 1.136048e-09
4.950000e+00 9.000000e-01 9.431697e-01 4.411241e+00 9.530175e-01 9.197765e-10
5.000000e+00 9.000000e-01 9.431697e-01 4.411241e+00 9.530175e-01 7.355017e-10
5.050000e+00 9.000000e-01 9.431697e-01 4.411241e+00 9.530175e-01 5.812051e-10
5.100000e+00 9.000000e-01 9.431697e-01 4.411241e+00 9.530175e-01 4.537937e-10
5.150000e+00 9.000000e-01 9.431697e-01 4.411241e+00 9.530175e-01 3.497469e-10
5.200000e+00 9.000000e-01 9.431697e-01 4.411241e+00 9.530175e-01 2.655176e-10
5.250000e+00 9.000000e-01 9.431697e-01 4.411241e+00 9.530175e-01 1.977196e-10
5.300000e+00 9.000000e-01 9.431697e-01 4.411241e+00 9.530175e-01 1.432610e-10
5.350000e+00 9.000000e-01 9.431697e-01 4.411241e+00 9.530175e-01 9.939383e-11
5.400000e+00 9.000000e-01 9.431697e-01 4.411241e+00 9.530175e-01 6.368128e-11
5.450000e+00 9.000000e-01 9.431697e-01 4.411241e+00 9.530175e-01 3.397282e-11
5.500000e+00 9.000000e-01 9.431697e-01 4.411241e+00 9.530175e-01 8.372192e-12
5.550000e+00 9.000000e-01 9.431697e-01 4.411241e+00 9.530175e-01 -1.483369e-11
5.600000e+00 9.000000e-01 9.431697e-01 4.411241e+00 9.530175e-01 -3.725131e-11
5.650000e+00 9.000000e-01 9.431697e-01 4.411241e+00 9.530175e-01 -6.042722e-11
5.700000e+00 9.000000e-01 9.431697e-01 4.411241e+00 9.530175e-01 -8.592682e-11
5.750000e+00 9.000000e-01 9.431697e-01 4.411241e+00 9.530175e-01 -1.154610e-10
5.800000e+00 9.000000e-01 9.431697e-01 4.411241e+00 9.530175e-01 -1.509659e-10
5.850000e+00 9.000000e-01 9.431697e-01 4.411241e+00 9.530175e-01 -1.947353e-10
5.900000e+00 9.000000e-01 9.431697e-01 4.411241e+00 9.530175e-01 -2.495681e-10
5.950000e+00 9.000000e-01 9.431697e-01 4.411241e+00 9.530175e-01 -3.189427e-10
6.000000e+00 9.000000e-01 9.431697e-01 4.411241e+00 9.530175e-01 -4.072742e-10
6.050000e+00 9.000000e-01 9.431697e-01 4.411241e+00 9.530175e-01 -5.201839e-10
6.100000e+00 9.000000e-01 9.431697e-01 4.411241e+00 9.530175e-01 -6.648648e-10
6.150000e+00 9.000000e-01 9.431697e-01 4.411241e+00 9.530175e-01 -8.505829e-10
6.200000e+00 9.000000e-01 9.431697e-01 4.411241e+00 9.530175e-01 -1.089286e-09
6.250000e+00 9.000000e-01 9.431697e-01 4.411241e+00 9.530175e-01 -1.396370e-09
6.300000e+00 9.000000e-01 9.431697e-01 4.411241e+00 9.530175e-01 -1.791713e-09
6.350000e+00 9.000000e-01 9.431697e-01 4.411241e+00 9.530175e-01 -2.300994e-09
6.400000e+00 9.000000e-01 9.431697e-01 4.411241e+00 9.530175e-01 -2.957361e-09
6.450000e+00 9.000000e-01 9.431697e-01 4.411242e+00 9.530175e-01 -3.803637e-09
6.500000e+00 9.000000e-01 9.431697e-01 4.411242e+00 9.530175e-01 -4.895142e-09
6.550000e+00 9.000000e-01 9.431697e-01 4.411242e+00 9.530175e-01 -6.303320e-09
6.600000e+00 9.000000e-01 9.431697e-01 4.411242e+00 9.530175e-01 -8.120515e-09
6.650000e+00 9.000000e-01 9.431697e-01 4.411242e+00 9.530175e-01 -1.046574e-08
6.700000e+00 9.000000e-01 9.431697e-01 4.411242e+00 9.530175e-01 -1.349361e-08
6.750000e+00 9.000000e-01 9.431697e-01 4.411242e+00 9.530175e-01 -1.740092e-08
6.800000e+00 9.000000e-01 9.431697e-01 4.411242e+00 9.530175e-01 -2.245095e-08
6.850000e+00 9.000000e-01 9.431697e-01 4.411242e+00 9.530175e-01 -2.895516e-08
6.900000e+00 9.000000e-01 9.431697e-01 4.411242e+00 9.530175e-01 -3.740277e-08
6.950000e+00 9.000000e-01 9.431697e-01 4.411242e+00 9.530175e-01 -4.816649e-08
7.000000e+00 9.000000e-01 9.431697e-01 4.411242e+00 9.530174e-01 -6.247606e-08
7.050000e+00 9.000000e-01 9.431697e-01 4.411243e+00 9.530174e-01 -7.981588e-08
7.100000e+00 9.000000e-01 9.431697e-01 4.411243e+00 9.530174e-01 -1.052565e-07
7.150000e+00 9.000000e-01 9.431697e-01 4.411244e+00 9.530173e-01 -1.301630e-07
7.200000e+00 9.000000e-01 9.431697e-01 4.411244e+00 9.530173e-01 -1.823234e-07
7.250000e+00 9.000000e-01 9.431697e-01 4.411246e+00 9.530172e-01 -2.009102e-07
7.300000e+00 9.000000e-01 9.431697e-01 4.411243e+00 9.530172e-01 -3.396675e-07
7.350000e+00 9.000000e-01 9.431698e-01 4.411256e+00 9.530168e-01 -2.581408e-07
7.400000e+00 9.000000e-01 9.431698e-01 4.411231e+00 9.530173e-01 -7.229964e-07
7.450000e+00 9.000000e-01 9.431698e-01 4.411292e+00 9.530156e-01 -1.240819e-07
7.500000e+00 9.000000e-01 9.431698e-01 4.411170e+00 9.530184e-01 -1.769937e-06
7.550000e+00 9.000000e-01 9.431700e-01 4.411427e+00 9.530121e-01 7.768464e-07
7.600000e+00 9.000000e-01 9.431697e-01 4.410937e+00 9.530230e-01 -4.543822e-06
7.650000e+00 9.000000e-01 9.431705e-01 4.411873e+00 9.530019e-01 3.674900e-06
7.700000e+00 9.000000e-01 9.431693e-01 4.410213e+00 9.530365e-01 -1.075330e-05
7.750000e+00 9.000000e-01 9.431715e-01 4.413076e+00 9.529778e-01 9.758136e-06
7.800000e+00 9.000000e-01 9.431684e-01 4.408456e+00 9.530658e-01 -2.097025e-05
7.850000e+00 9.000000e-01 9.431736e-01 4.415600e+00 9.529350e-01 1.681286e-05
7.900000e+00 9.000000e-01 9.431667e-01 4.405294e+00 9.531076e-01 -3.016251e-05
7.950000e+00 9.000000e-01 9.431767e-01 4.419357e+00 9.528867e-01 1.492051e-05
8.000000e+00 9.000000e-01 9.431652e-01 4.401638e+00 9.531331e-01 -2.700131e-05
8.050000e+00 9.000000e-01 9.431794e-01 4.422461e+00 9.528705e-01 -6.904139e-06
8.100000e+00 9.000000e-01 9.431659e-01 4.400230e+00 9.531039e-01 -1.119061e-05
8.150000e+00 9.000000e-01 9.431805e-01 4.422139e+00 9.528980e-01 -3.579988e-05
8.200000e+00 9.000000e-01 9.431694e-01 4.402663e+00 9.530483e-01 -1.562835e-05
8.250000e+00 9.000000e-01 9.431820e-01 4.419504e+00 9.528839e-01 -3.584472e-05
8.300000e+00 9.000000e-01 9.431730e-01 4.404687e+00 9.530703e-01 -6.691447e-05
8.350000e+00 9.000000e-01 9.431887e-01 4.420975e+00 9.527470e-01 -2.560500e-05
8.400000e+00 9.000000e-01 9.431756e-01 4.401128e+00 9.531383e-01 -1.093899e-04
8.450000e+00 9.000000e-01 9.431997e-01 4.426993e+00 9.526269e-01 -9.060741e-05
8.500000e+00 9.000000e-01 9.431847e-01 4.398490e+00 9.530347e-01 -1.099379e-04
8.550000e+00 9.000000e-01 9.432107e-01 4.427446e+00 9.526235e-01 -1.941522e-04
8.600000e+00 9.000000e-01 9.432041e-01 4.404217e+00 9.528457e-01 -2.066196e-04
8.650000e+00 9.000000e-01 9.432313e-01 4.425231e+00 9.524098e-01 -2.414810e-04
8.700000e+00 9.000000e-01 9.432282e-01 4.406244e+00 9.528118e-01 -4.062363e-04
8.750000e+00 9.000000e-01 9.432719e-01 4.433953e+00 9.519770e-01 -4.247512e-04
8.800000e+00 9.000000e-01 9.432707e-01 4.403760e+00 9.524961e-01 -5.641861e-04
8.850000e+00 9.000000e-01 9.433284e-01 4.440607e+00 9.516674e-01 -7.930956e-04
8.900000e+00 9.000000e-01 9.433500e-01 4.415353e+00 9.518201e-01 -9.588188e-04
8.950000e+00 9.000000e-01 9.434242e-01 4.443204e+00 9.508636e-01 -1.192782e-03
9.000000e+00 9.000000e-01 9.434693e-01 4.426663e+00 9.511313e-01 -1.650610e-03
9.050000e+00 9.000000e-01 9.435893e-01 4.463321e+00 9.494967e-01 -2.048455e-03
9.100000e+00 9.000000e-01 9.436741e-01 4.440210e+00 9.495255e-01 -2.585387e-03
9.150000e+00 9.000000e-01 9.438478e-01 4.484531e+00 9.476666e-01 -3.395510e-03
9.200000e+00 9.000000e-01 9.440137e-01 4.477697e+00 9.470133e-01 -4.374852e-03
9.250000e+00 9.000000e-01 9.442853e-01 4.520334e+00 9.441303e-01 -5.505197e-03
9.300000e+00 9.000000e-01 9.445642e-01 4.525397e+00 9.429684e-01 -7.099359e-03
9.350000e+00 9.000000e-01 9.449953e-01 4.588050e+00 9.387328e-01 -9.130110e-03
9.400000e+00 9.000000e-01 9.454772e-01 4.612335e+00 9.358786e-01 -1.162426e-02
9.450000e+00 9.000000e-01 9.461577e-01 4.689216e+00 9.295237e-01 -1.475983e-02
9.500000e+00 9.000000e-01 9.469532e-01 4.753798e+00 9.244268e-01 -1.882134e-02
9.550000e+00 9.000000e-01 9.480398e-01 4.866746e+00 9.142892e-01 -2.383143e-02
9.600000e+00 9.000000e-01 9.493363e-01 4.982903e+00 9.048753e-01 -3.001618e-02
9.650000e+00 9.000000e-01 9.510414e-01 5.152357e+00 8.886511e-01 -3.745293e-02
9.700000e+00 9.000000e-01 9.530816e-01 5.354046e+00 8.721196e-01 -4.639950e-02
9.750000e+00 9.000000e-01 9.556814e-01 5.614578e+00 8.452656e-01 -5.632427e-02
9.800000e+00 9.000000e-01 9.587141e-01 5.919420e+00 8.162697e-01 -6.679478e-02
9.850000e+00 9.000000e-01 9.623609e-01 6.299843e+00 7.711648e-01 -7.485757e-02
9.900000e+00 9.000000e-01 9.661998e-01 6.646018e+00 7.207691e-01 -7.591790e-02
9.950000e+00 9.000000e-01 9.699527e-01 7.050875e+00 6.419358e-01 -5.440188e-02
1.000000e+01 9.000000e-01 9.716400e-01 6.998897e+00 0.000000e+00 0.000000e+00
0.000000e+00 9.200000e-01 9.814560e-01 5.040000e+00 0.000000e+00 0.000000e+00
5.000000e-02 9.200000e-01 9.814663e-01 5.039892e+00 4.400458e-01 -2.129311e-04
1.000000e-01 9.200000e-01 9.814773e-01 5.039300e+00 4.397669e-01 -2.263759e-04
1.500000e-01 9.200000e-01 9.814890e-01 5.038401e+00 4.395309e-01 -2.406915e-04
2.000000e-01 9.200000e-01 9.815014e-01 5.037375e+00 4.392966e-01 -2.323693e-04
2.500000e-01 9.200000e-01 9.815122e-01 5.036451e+00 4.390960e-01 -1.708522e-04
3.000000e-01 9.200000e-01 9.815184e-01 5.035844e+00 4.390003e-01 -7.681740e-05
3.500000e-01 9.200000e-01 9.815199e-01 5.035544e+00 4.390014e-01 -6.842894e-06
4.000000e-01 9.200000e-01 9.815191e-01 5.035274e+00 4.390171e-01 3.438781e-05
4.500000e-01 9.200000e-01 9.815165e-01 5.034835e+00 4.390391e-01 9.995934e-05
5.000000e-01 9.200000e-01 9.815091e-01 5.034606e+00 4.391724e-01 1.962559e-04
5.500000e-01 9.200000e-01 9.814968e-01 5.035745e+00 4.394832e-01 2.430230e-04
6.000000e-01 9.200000e-01 9.814848e-01 5.039862e+00 4.398953e-01 1.825312e-04
6.500000e-01 9.200000e-01 9.814786e-01 5.048273e+00 4.403063e-01 7.852715e-05
7.000000e-01 9.200000e-01 9.814770e-01 5.061211e+00 4.407466e-01 5.336793e-05
7.500000e-01 9.200000e-01 9.814732e-01 5.077417e+00 4.413445e-01 1.552267e-04
8.000000e-01 9.200000e-01 9.814615e-01 5.094319e+00 4.421642e-01 3.444852e-04
8.500000e-01 9.200000e-01 9.814388e-01 5.108734e+00 4.431628e-01 6.075831e-04
9.000000e-01 9.200000e-01 9.814007e-01 5.117722e+00 4.443425e-01 1.014002e-03
9.500000e-01 9.200000e-01 9.813374e-01 5.119227e+00 4.458576e-01 1.620825e-03
1.000000e+00 9.200000e-01 9.812386e-01 5.112267e+00 4.479018e-01 2.369098e-03
1.050000e+00 9.200000e-01 9.811005e-01 5.096761e+00 4.505235e-01 3.139754e-03
1.100000e+00 9.200000e-01 9.809246e-01 5.073228e+00 4.536535e-01 3.891060e-03
1.150000e+00 9.200000e-01 9.807114e-01 5.042512e+00 4.572820e-01 4.669351e-03
1.200000e+00 9.200000e-01 9.804577e-01 5.005571e+00 4.615025e-01 5.492636e-03
1.250000e+00 9.200000e-01 9.801621e-01 4.963306e+00 4.663683e-01 6.302038e-03
1.300000e+00 9.200000e-01 9.798275e-01 4.916488e+00 4.718157e-01 7.048360e-03
1.350000e+00 9.200000e-01 9.794573e-01 4.865771e+00 4.777725e-01 7.757559e-03
1.400000e+00 9.200000e-01 9.790517e-01 4.811668e+00 4.842557e-01 8.474273e-03
1.450000e+00 9.200000e-01 9.786099e-01 4.754478e+00 4.913120e-01 9.190858e-03
1.500000e+00 9.200000e-01 9.781327e-01 4.694328e+00 4.989266e-01 9.872425e-03
1.550000e+00 9.200000e-01 9.776226e-01 4.631487e+00 5.070523e-01 1.051733e-02
1.600000e+00 9.200000e-01 9.770809e-01 4.566712e+00 5.156884e-01 1.114949e-02
1.650000e+00 9.200000e-01 9.765077e-01 4.501120e+00 5.248692e-01 1.177005e-02
1.700000e+00 9.200000e-01 9.759039e-01 4.435487e+00 5.345928e-01 1.235705e-02
1.750000e+00 9.200000e-01 9.752720e-01 4.369425e+00 5.448114e-01 1.290876e-02
1.800000e+00 9.200000e-01 9.746130e-01 4.301121e+00 5.554949e-01 1.345575e-02
1.850000e+00 9.200000e-01 9.739264e-01 4.227937e+00 5.666705e-01 1.402580e-02
1.900000e+00 9.200000e-01 9.732105e-01 4.147702e+00 5.784013e-01 1.461954e-02
1.950000e+00 9.200000e-01 9.724644e-01 4.060240e+00 5.907678e-01 1.522604e-02
2.000000e+00 9.200000e-01 9.716879e-01 3.968572e+00 6.038886e-01 1.583990e-02
2.050000e+00 9.200000e-01 9.708804e-01 3.879312e+00 6.179319e-01 1.644540e-02
2.100000e+00 9.200000e-01 9.700433e-01 3.802125e+00 6.330681e-01 1.699292e-02
2.150000e+00 9.200000e-01 9.691811e-01 3.748545e+00 6.493941e-01 1.740999e-02
2.200000e+00 9.200000e-01 9.683023e-01 3.730734e+00 6.669025e-01 1.763964e-02
2.250000e+00 9.200000e-01 9.674172e-01 3.760483e+00 6.855071e-01 1.765740e-02
2.300000e+00 9.200000e-01 9.665366e-01 3.848104e+00 7.050594e-01 1.744213e-02
2.350000e+00 9.200000e-01 9.656730e-01 4.000460e+00 7.252954e-01 1.693402e-02
2.400000e+00 9.200000e-01 9.648432e-01 4.217911e+00 7.457391e-01 1.603372e-02
2.450000e+00 9.200000e-01 9.640696e-01 4.491343e+00 7.656614e-01 1.465807e-02
2.500000e+00 9.200000e-01 9.633774e-01 4.801514e+00 7.841726e-01 1.281299e-02
2.550000e+00 9.200000e-01 9.627883e-01 5.122243e+00 8.004309e-01 1.062639e-02
2.600000e+00 9.200000e-01 9.623147e-01 5.426678e+00 8.138633e-01 8.317083e-03
2.650000e+00 9.200000e-01 9.619566e-01 5.693755e+00 8.242869e-01 6.121979e-03
2.700000e+00 9.200000e-01 9.617025e-01 5.911933e+00 8.318910e-01 4.225763e-03
2.750000e+00 9.200000e-01 9.615340e-01 6.079223e+00 8.371164e-01 2.724506e-03
2.800000e+00 9.200000e-01 9.614301e-01 6.200586e+00 8.405056e-01 1.627943e-03
2.850000e+00 9.200000e-01 9.613712e-01 6.284523e+00 8.425823e-01 8.859082e-04
2.900000e+00 9.200000e-01 9.613415e-01 6.340251e+00 8.437820e-01 4.204692e-04
2.950000e+00 9.200000e-01 9.613292e-01 6.375983e+00 8.444304e-01 1.513389e-04
3.000000e+00 9.200000e-01 9.613264e-01 6.398221e+00 8.447517e-01 1.040842e-05
3.050000e+00 9.200000e-01 9.613281e-01 6.411709e+00 8.448901e-01 -5.317727e-05
3.100000e+00 9.200000e-01 9.613317e-01 6.419702e+00 8.449328e-01 -7.385596e-05
3.150000e+00 9.200000e-01 9.613355e-01 6.424336e+00 8.449300e-01 -7.309054e-05
3.200000e+00 9.200000e-01 9.613390e-01 6.426960e+00 8.449086e-01 -6.325055e-05
3.250000e+00 9.200000e-01 9.613418e-01 6.428407e+00 8.448824e-01 -5.088751e-05
3.300000e+00 9.200000e-01 9.613441e-01 6.429177e+00 8.448576e-01 -3.910837e-05
3.350000e+00 9.200000e-01 9.613458e-01 6.429565e+00 8.448365e-01 -2.912749e-05
3.400000e+00 9.200000e-01 9.613470e-01 6.429745e+00 8.448198e-01 -2.120360e-05
3.450000e+00 9.200000e-01 9.613479e-01 6.429813e+00 8.448069e-01 -1.516737e-05
3.500000e+00 9.200000e-01 9.613485e-01 6.429826e+00 8.447973e-01 -1.069825e-05
3.550000e+00 9.200000e-01 9.613489e-01 6.429813e+00 8.447903e-01 -7.457775e-06
3.600000e+00 9.200000e-01 9.613493e-01 6.429790e+00 8.447853e-01 -5.145771e-06
3.650000e+00 9.200000e-01 9.613495e-01 6.429766e+00 8.447817e-01 -3.517578e-06
3.700000e+00 9.200000e-01 9.613496e-01 6.429745e+00 8.447792e-01 -2.383489e-06
3.750000e+00 9.200000e-01 9.613497e-01 6.429726e+00 8.447775e-01 -1.601147e-06
3.800000e+00 9.200000e-01 9.613498e-01 6.429712e+00 8.447763e-01 -1.066173e-06
3.850000e+00 9.200000e-01 9.613498e-01 6.429700e+00 8.447754e-01 -7.033654e-07
3.900000e+00 9.200000e-01 9.613498e-01 6.429692e+00 8.447749e-01 -4.592922e-07
3.950000e+00 9.200000e-01 9.613499e-01 6.429685e+00 8.447745e-01 -2.964212e-07
4.000000e+00 9.200000e-01 9.613499e-01 6.429680e+00 8.447742e-01 -1.886499e-07
4.050000e+00 9.200000e-01 9.613499e-01 6.429677e+00 8.447741e-01 -1.179832e-07
4.100000e+00 9.200000e-01 9.613499e-01 6.429674e+00 8.447740e-01 -7.211532e-08
4.150000e+00 9.200000e-01 9.613499e-01 6.429672e+00 8.447739e-01 -4.269396e-08
4.200000e+00 9.200000e-01 9.613499e-01 6.429671e+00 8.447739e-01 -2.409139e-08
4.250000e+00 9.200000e-01 9.613499e-01 6.429670e+00 8.447738e-01 -1.254253e-08
4.300000e+00 9.200000e-01 9.613499e-01 6.429670e+00 8.447738e-01 -5.546494e-09
4.350000e+00 9.200000e-01 9.613499e-01 6.429669e+00 8.447738e-01 -1.454363e-09
4.400000e+00 9.200000e-01 9.613499e-01 6.429669e+00 8.447738e-01 8.125178e-10
4.450000e+00 9.200000e-01 9.613499e-01 6.429669e+00 8.447738e-01 1.953674e-09
4.500000e+00 9.200000e-01 9.613499e-01 6.429669e+00 8.447738e-01 2.418312e-09
4.550000e+00 9.200000e-01 9.613499e-01 6.429668e+00 8.447738e-01 2.491511e-09
4.600000e+00 9.200000e-01 9.613499e-01 6.429668e+00 8.447738e-01 2.351560e-09
4.650000e+00 9.200000e-01 9.613499e-01 6.429668e+00 8.447738e-01 2.107853e-09
4.700000e+00 9.200000e-01 9.613499e-01 6.429668e+00 8.447738e-01 1.825715e-09
4.750000e+00 9.200000e-01 9.613499e-01 6.429668e+00 8.447738e-01 1.542613e-09
4.800000e+00 9.200000e-01 9.613499e-01 6.429668e+00 8.447738e-01 1.278666e-09
4.850000e+00 9.200000e-01 9.613499e-01 6.429668e+00 8.447738e-01 1.043394e-09
4.900000e+00 9.200000e-01 9.613499e-01 6.429668e+00 8.447738e-01 8.399792e-10
4.950000e+00 9.200000e-01 9.613499e-01 6.429668e+00 8.447738e-01 6.679890e-10
5.000000e+00 9.200000e-01 9.613499e-01 6.429668e+00 8.447738e-01 5.250522e-10
5.050000e+00 9.200000e-01 9.613499e-01 6.429668e+00 8.447738e-01 4.078993e-10
5.100000e+00 9.200000e-01 9.613499e-01 6.429668e+00 8.447738e-01 3.129719e-10
5.150000e+00 9.200000e-01 9.613499e-01 6.429668e+00 8.447738e-01 2.367606e-10
5.200000e+00 9.200000e-01 9.613499e-01 6.429668e+00 8.447738e-01 1.760125e-10
5.250000e+00 9.200000e-01 9.613499e-01 6.429668e+00 8.447738e-01 1.277933e-10
5.300000e+00 9.200000e-01 9.613499e-01 6.429668e+00 8.447738e-01 8.952172e-11
5.350000e+00 9.200000e-01 9.613499e-01 6.429668e+00 8.447738e-01 5.896506e-11
5.400000e+00 9.200000e-01 9.613499e-01 6.429668e+00 8.447738e-01 3.420486e-11
5.450000e+00 9.200000e-01 9.613499e-01 6.429668e+00 8.447738e-01 1.357137e-11
5.500000e+00 9.200000e-01 9.613499e-01 6.429668e+00 8.447738e-01 -4.389822e-12
5.550000e+00 9.200000e-01 9.613499e-01 6.429668e+00 8.447738e-01 -2.098877e-11
5.600000e+00 9.200000e-01 9.613499e-01 6.429668e+00 8.447738e-01 -3.745004e-11
5.650000e+00 9.200000e-01 9.613499e-01 6.429668e+00 8.447738e-01 -5.494938e-11
5.700000e+00 9.200000e-01 9.613499e-01 6.429668e+00 8.447738e-01 -7.471024e-11
5.750000e+00 9.200000e-01 9.613499e-01 6.429668e+00 8.447738e-01 -9.807044e-11
5.800000e+00 9.200000e-01 9.613499e-01 6.429668e+00 8.447738e-01 -1.265776e-10
5.850000e+00 9.200000e-01 9.613499e-01 6.429668e+00 8.447738e-01 -1.620792e-10
5.900000e+00 9.200000e-01 9.613499e-01 6.429668e+00 8.447738e-01 -2.068445e-10
5.950000e+00 9.200000e-01 9.613499e-01 6.429668e+00 8.447738e-01 -2.637268e-10
6.000000e+00 9.200000e-01 9.613499e-01 6.429668e+00 8.447738e-01 -3.363487e-10
6.050000e+00 9.200000e-01 9.613499e-01 6.429668e+00 8.447738e-01 -4.293399e-10
6.100000e+00 9.200000e-01 9.613499e-01 6.429668e+00 8.447738e-01 -5.486267e-10
6.150000e+00 9.200000e-01 9.613499e-01 6.429668e+00 8.447738e-01 -7.018752e-10
6.200000e+00 9.200000e-01 9.613499e-01 6.429668e+00 8.447738e-01 -8.989531e-10
6.250000e+00 9.200000e-01 9.613499e-01 6.429668e+00 8.447738e-01 -1.152582e-09
6.300000e+00 9.200000e-01 9.613499e-01 6.429668e+00 8.447738e-01 -1.479213e-09
6.350000e+00 9.200000e-01 9.613499e-01 6.429668e+00 8.447738e-01 -1.900079e-09
6.400000e+00 9.200000e-01 9.613499e-01 6.429668e+00 8.447738e-01 -2.442612e-09
6.450000e+00 9.200000e-01 9.613499e-01 6.429668e+00 8.447738e-01 -3.142232e-09
6.500000e+00 9.200000e-01 9.613499e-01 6.429668e+00 8.447738e-01 -4.044707e-09
6.550000e+00 9.200000e-01 9.613499e-01 6.429668e+00 8.447738e-01 -5.209163e-09
6.600000e+00 9.200000e-01 9.613499e-01 6.429668e+00 8.447738e-01 -6.711985e-09
6.650000e+00 9.200000e-01 9.613499e-01 6.429668e+00 8.447738e-01 -8.651733e-09
6.700000e+00 9.200000e-01 9.613499e-01 6.429669e+00 8.447738e-01 -1.115609e-08
6.750000e+00 9.200000e-01 9.613499e-01 6.429669e+00 8.447738e-01 -1.438875e-08
6.800000e+00 9.200000e-01 9.613499e-01 6.429669e+00 8.447738e-01 -1.856498e-08
6.850000e+00 9.200000e-01 9.613499e-01 6.429669e+00 8.447738e-01 -2.395051e-08
6.900000e+00 9.200000e-01 9.613499e-01 6.429669e+00 8.447737e-01 -3.092626e-08
6.950000e+00 9.200000e-01 9.613499e-01 6.429669e+00 8.447737e-01 -3.987062e-08
7.000000e+00 9.200000e-01 9.613499e-01 6.429669e+00 8.447737e-01 -5.160295e-08
7.050000e+00 9.200000e-01 9.613499e-01 6.429670e+00 8.447737e-01 -6.624272e-08
7.100000e+00 9.200000e-01 9.613499e-01 6.429670e+00 8.447736e-01 -8.652763e-08
7.150000e+00 9.200000e-01 9.613499e-01 6.429671e+00 8.447736e-01 -1.090869e-07
7.200000e+00 9.200000e-01 9.613499e-01 6.429671e+00 8.447735e-01 -1.474586e-07
7.250000e+00 9.200000e-01 9.613499e-01 6.429672e+00 8.447734e-01 -1.742183e-07
7.300000e+00 9.200000e-01 9.613499e-01 6.429672e+00 8.447733e-01 -2.629962e-07
7.350000e+00 9.200000e-01 9.613499e-01 6.429676e+00 8.447730e-01 -2.529483e-07
7.400000e+00 9.200000e-01 9.613500e-01 6.429672e+00 8.447732e-01 -5.160535e-07
7.450000e+00 9.200000e-01 9.613500e-01 6.429689e+00 8.447720e-01 -2.672624e-07
7.500000e+00 9.200000e-01 9.613500e-01 6.429660e+00 8.447736e-01 -1.150237e-06
7.550000e+00 9.200000e-01 9.613501e-01 6.429732e+00 8.447694e-01 7.126973e-08
7.600000e+00 9.200000e-01 9.613500e-01 6.429596e+00 8.447760e-01 -2.776317e-06
7.650000e+00 9.200000e-01 9.613504e-01 6.429883e+00 8.447620e-01 1.445960e-06
7.700000e+00 9.200000e-01 9.613498e-01 6.429358e+00 8.447844e-01 -6.482436e-06
7.750000e+00 9.200000e-01 9.613510e-01 6.430336e+00 8.447441e-01 4.690339e-06
7.800000e+00 9.200000e-01 9.613494e-01 6.428678e+00 8.448045e-01 -1.304230e-05
7.850000e+00 9.200000e-01 9.613523e-01 6.431443e+00 8.447100e-01 9.053671e-06
7.900000e+00 9.200000e-01 9.613485e-01 6.427195e+00 8.448369e-01 -2.038023e-05
7.950000e+00 9.200000e-01 9.613544e-01 6.433484e+00 8.446648e-01 9.259478e-06
8.000000e+00 9.200000e-01 9.613475e-01 6.424928e+00 8.448634e-01 -2.201507e-05
8.050000e+00 9.200000e-01 9.613566e-01 6.435970e+00 8.446347e-01 -2.644328e-06
8.100000e+00 9.200000e-01 9.613478e-01 6.423046e+00 8.448496e-01 -1.497700e-05
8.150000e+00 9.200000e-01 9.613581e-01 6.437196e+00 8.446406e-01 -2.384331e-05
8.200000e+00 9.200000e-01 9.613502e-01 6.423453e+00 8.447953e-01 -1.498036e-05
8.250000e+00 9.200000e-01 9.613596e-01 6.435986e+00 8.446364e-01 -3.454872e-05
8.300000e+00 9.200000e-01 9.613536e-01 6.425844e+00 8.447690e-01 -4.353496e-05
8.350000e+00 9.200000e-01 9.613639e-01 6.434810e+00 8.445403e-01 -3.544444e-05
8.400000e+00 9.200000e-01 9.613572e-01 6.426454e+00 8.447870e-01 -8.144859e-05
8.450000e+00 9.200000e-01 9.613721e-01 6.437209e+00 8.444010e-01 -7.331138e-05
8.500000e+00 9.200000e-01 9.613645e-01 6.424786e+00 8.447025e-01 -1.015618e-04
8.550000e+00 9.200000e-01 9.613822e-01 6.439987e+00 8.443196e-01 -1.514180e-04
8.600000e+00 9.200000e-01 9.613796e-01 6.426967e+00 8.444850e-01 -1.673763e-04
8.650000e+00 9.200000e-01 9.613990e-01 6.439150e+00 8.441156e-01 -2.182741e-04
8.700000e+00 9.200000e-01 9.614015e-01 6.432079e+00 8.442968e-01 -3.153245e-04
8.750000e+00 9.200000e-01 9.614305e-01 6.442146e+00 8.436585e-01 -3.575361e-04
8.800000e+00 9.200000e-01 9.614372e-01 6.433583e+00 8.439101e-01 -4.795133e-04
8.850000e+00 9.200000e-01 9.614785e-01 6.450197e+00 8.431364e-01 -6.414369e-04
8.900000e+00 9.200000e-01 9.615014e-01 6.440557e+00 8.430942e-01 -7.881622e-04
8.950000e+00 9.200000e-01 9.615573e-01 6.455367e+00 8.421965e-01 -1.011981e-03
9.000000e+00 9.200000e-01 9.616026e-01 6.455498e+00 8.419945e-01 -1.343146e-03
9.050000e+00 9.200000e-01 9.616916e-01 6.469405e+00 8.405186e-01 -1.690420e-03
9.100000e+00 9.200000e-01 9.617716e-01 6.471865e+00 8.399918e-01 -2.152586e-03
9.150000e+00 9.200000e-01 9.619068e-01 6.494050e+00 8.380267e-01 -2.804905e-03
9.200000e+00 9.200000e-01 9.620521e-01 6.505888e+00 8.366517e-01 -3.585821e-03
9.250000e+00 9.200000e-01 9.622654e-01 6.528679e+00 8.336569e-01 -4.561908e-03
9.300000e+00 9.200000e-01 9.625083e-01 6.558789e+00 8.312747e-01 -5.848393e-03
9.350000e+00 9.200000e-01 9.628503e-01 6.593414e+00 8.266076e-01 -7.502741e-03
9.400000e+00 9.200000e-01 9.632586e-01 6.643186e+00 8.221461e-01 -9.528270e-03
9.450000e+00 9.200000e-01 9.638031e-01 6.694074e+00 8.148914e-01 -1.211044e-02
9.500000e+00 9.200000e-01 9.644696e-01 6.782565e+00 8.072380e-01 -1.534321e-02
9.550000e+00 9.200000e-01 9.653374e-01 6.859316e+00 7.955272e-01 -1.936868e-02
9.600000e+00 9.200000e-01 9.664065e-01 6.999333e+00 7.824195e-01 -2.421500e-02
9.650000e+00 9.200000e-01 9.677589e-01 7.115475e+00 7.635560e-01 -3.003604e-02
9.700000e+00 9.200000e-01 9.694101e-01 7.329063e+00 7.416773e-01 -3.671681e-02
9.750000e+00 9.200000e-01 9.714306e-01 7.485299e+00 7.111933e-01 -4.397605e-02
9.800000e+00 9.200000e-01 9.738077e-01 7.772795e+00 6.756508e-01 -5.079048e-02
9.850000e+00 9.200000e-01 9.765096e-01 7.913700e+00 6.279552e-01 -5.485737e-02
9.900000e+00 9.200000e-01 9.792934e-01 8.184244e+00 5.749242e-01 -5.036664e-02
9.950000e+00 9.200000e-01 9.815463e-01 8.066611e+00 5.083406e-01 -2.162575e-02
1.000000e+01 9.200000e-01 9.814560e-01 8.078570e+00 0.000000e+00 0.000000e+00
0.000000e+00 9.400000e-01 9.892560e-01 5.280000e+00 0.000000e+00 0.000000e+00
5.000000e-02 9.400000e-01 9.892592e-01 5.278191e+00 3.368540e-01 -8.715858e-05
1.000000e-01 9.400000e-01 9.892647e-01 5.275615e+00 3.366083e-01 -1.263245e-04
1.500000e-01 9.400000e-01 9.892719e-01 5.273392e+00 3.364069e-01 -1.523081e-04
2.000000e-01 9.400000e-01 9.892799e-01 5.271790e+00 3.362143e-01 -1.535220e-04
2.500000e-01 9.400000e-01 9.892872e-01 5.270896e+00 3.360520e-01 -1.171743e-04
3.000000e-01 9.400000e-01 9.892917e-01 5.270646e+00 3.359657e-01 -5.769420e-05
3.500000e-01 9.400000e-01 9.892930e-01 5.270735e+00 3.359530e-01 -9.028191e-06
4.000000e-01 9.400000e-01 9.892926e-01 5.270822e+00 3.359681e-01 2.347605e-05
4.500000e-01 9.400000e-01 9.892906e-01 5.271014e+00 3.360080e-01 6.523388e-05
5.000000e-01 9.400000e-01 9.892860e-01 5.272173e+00 3.361290e-01 1.136897e-04
5.500000e-01 9.400000e-01 9.892793e-01 5.275745e+00 3.363517e-01 1.185588e-04
6.000000e-01 9.400000e-01 9.892742e-01 5.283145e+00 3.366043e-01 4.796817e-05
6.500000e-01 9.400000e-01 9.892745e-01 5.295107e+00 3.368094e-01 -5.361584e-05
7.000000e-01 9.400000e-01 9.892795e-01 5.311357e+00 3.369936e-01 -1.047186e-04
7.500000e-01 9.400000e-01 9.892850e-01 5.330712e+00 3.372706e-01 -6.853464e-05
8.000000e-01 9.400000e-01 9.892864e-01 5.351490e+00 3.377335e-01 3.682332e-05
8.500000e-01 9.400000e-01 9.892813e-01 5.372016e+00 3.384193e-01 2.052026e-04
9.000000e-01 9.400000e-01 9.892659e-01 5.391019e+00 3.393929e-01 4.768293e-04
9.500000e-01 9.400000e-01 9.892336e-01 5.407819e+00 3.408047e-01 8.828440e-04
1.000000e+00 9.400000e-01 9.891776e-01 5.422276e+00 3.428138e-01 1.384863e-03
1.050000e+00 9.400000e-01 9.890951e-01 5.434604e+00 3.454726e-01 1.908363e-03
1.100000e+00 9.400000e-01 9.889868e-01 5.445178e+00 3.487452e-01 2.424175e-03
1.150000e+00 9.400000e-01 9.888527e-01 5.454423e+00 3.526221e-01 2.956211e-03
1.200000e+00 9.400000e-01 9.886911e-01 5.462766e+00 3.571519e-01 3.513812e-03
1.250000e+00 9.400000e-01 9.885013e-01 5.470588e+00 3.623574e-01 4.062154e-03
1.300000e+00 9.400000e-01 9.882849e-01 5.478161e+00 3.681884e-01 4.571403e-03
1.350000e+00 9.400000e-01 9.880442e-01 5.485666e+00 3.745882e-01 5.055367e-03
1.400000e+00 9.400000e-01 9.877794e-01 5.493279e+00 3.815554e-01 5.539798e-03
1.450000e+00 9.400000e-01 9.874902e-01 5.501227e+00 3.891104e-01 6.020646e-03
1.500000e+00 9.400000e-01 9.871773e-01 5.509796e+00 3.972381e-01 6.477183e-03
1.550000e+00 9.400000e-01 9.868425e-01 5.519321e+00 4.059010e-01 6.907059e-03
1.600000e+00 9.400000e-01 9.864866e-01 5.530169e+00 4.150857e-01 7.323265e-03
1.650000e+00 9.400000e-01 9.861101e-01 5.542630e+00 4.247992e-01 7.726683e-03
1.700000e+00 9.400000e-01 9.857139e-01 5.556814e+00 4.350317e-01 8.104687e-03
1.750000e+00 9.400000e-01 9.852997e-01 5.572730e+00 4.457554e-01 8.454819e-03
1.800000e+00 9.400000e-01 9.848685e-01 5.590678e+00 4.569634e-01 8.791462e-03
1.850000e+00 9.400000e-01 9.844205e-01 5.611773e+00 4.686876e-01 9.126033e-03
1.900000e+00 9.400000e-01 9.839559e-01 5.638326e+00 4.809757e-01 9.453406e-03
1.950000e+00 9.400000e-01 9.834752e-01 5.673975e+00 4.938664e-01 9.761609e-03
2.000000e+00 9.400000e-01 9.829797e-01 5.723560e+00 5.073920e-01 1.004288e-02
2.050000e+00 9.400000e-01 9.824709e-01 5.792747e+00 5.215811e-01 1.028593e-02
2.100000e+00 9.400000e-01 9.819511e-01 5.887379e+00 5.364313e-01 1.046355e-02
2.150000e+00 9.400000e-01 9.814245e-01 6.012636e+00 5.518702e-01 1.053982e-02
2.200000e+00 9.400000e-01 9.808971e-01 6.172224e+00 5.677463e-01 1.049276e-02
2.250000e+00 9.400000e-01 9.803753e-01 6.367677e+00 5.838554e-01 1.032374e-02
2.300000e+00 9.400000e-01 9.798648e-01 6.597613e+00 5.999636e-01 1.003900e-02
2.350000e+00 9.400000e-01 9.793714e-01 6.856803e+00 6.157911e-01 9.621739e-03
2.400000e+00 9.400000e-01 9.789026e-01 7.135410e+00 6.309751e-01 9.026697e-03
2.450000e+00 9.400000e-01 9.784687e-01 7.419290e+00 6.450646e-01 8.207971e-03
2.500000e+00 9.400000e-01 9.780818e-01 7.692006e+00 6.575850e-01 7.159772e-03
2.550000e+00 9.400000e-01 9.777527e-01 7.938203e+00 6.681516e-01 5.938922e-03
2.600000e+00 9.400000e-01 9.774879e-01 8.146935e+00 6.765724e-01 4.653569e-03
2.650000e+00 9.400000e-01 9.772874e-01 8.313440e+00 6.828882e-01 3.427377e-03
2.700000e+00 9.400000e-01 9.771452e-01 8.438864e+00 6.873376e-01 2.361486e-03
2.750000e+00 9.400000e-01 9.770512e-01 8.528488e+00 6.902761e-01 1.512163e-03
2.800000e+00 9.400000e-01 9.769939e-01 8.589528e+00 6.920882e-01 8.888618e-04
2.850000e+00 9.400000e-01 9.769623e-01 8.629322e+00 6.931221e-01 4.665980e-04
2.900000e+00 9.400000e-01 9.769473e-01 8.654243e+00 6.936562e-01 2.030315e-04
2.950000e+00 9.400000e-01 9.769420e-01 8.669269e+00 6.938919e-01 5.296330e-05
3.000000e+00 9.400000e-01 9.769420e-01 8.677995e+00 6.939636e-01 -2.280191e-05
3.050000e+00 9.400000e-01 9.769443e-01 8.682866e+00 6.939540e-01 -5.395615e-05
3.100000e+00 9.400000e-01 9.769474e-01 8.685459e+00 6.939108e-01 -6.077383e-05
3.150000e+00 9.400000e-01 9.769504e-01 8.686756e+00 6.938590e-01 -5.591355e-05
3.200000e+00 9.400000e-01 9.769530e-01 8.687340e+00 6.938104e-01 -4.662228e-05
3.250000e+00 9.400000e-01 9.769550e-01 8.687552e+00 6.937694e-01 -3.666107e-05
3.300000e+00 9.400000e-01 9.769566e-01 8.687580e+00 6.937370e-01 -2.772828e-05
3.350000e+00 9.400000e-01 9.769578e-01 8.687528e+00 6.937123e-01 -2.040025e-05
3.400000e+00 9.400000e-01 9.769587e-01 8.687448e+00 6.936941e-01 -1.470152e-05
3.450000e+00 9.400000e-01 9.769593e-01 8.687366e+00 6.936808e-01 -1.042446e-05
3.500000e+00 9.400000e-01 9.769597e-01 8.687294e+00 6.936714e-01 -7.294504e-06
3.550000e+00 9.400000e-01 9.769600e-01 8.687234e+00 6.936647e-01 -5.047076e-06
3.600000e+00 9.400000e-01 9.769602e-01 8.687186e+00 6.936601e-01 -3.457268e-06
3.650000e+00 9.400000e-01 9.769604e-01 8.687150e+00 6.936569e-01 -2.346396e-06
3.700000e+00 9.400000e-01 9.769605e-01 8.687123e+00 6.936547e-01 -1.578317e-06
3.750000e+00 9.400000e-01 9.769605e-01 8.687103e+00 6.936532e-01 -1.052226e-06
3.800000e+00 9.400000e-01 9.769606e-01 8.687089e+00 6.936522e-01 -6.950099e-07
3.850000e+00 9.400000e-01 9.769606e-01 8.687078e+00 6.936515e-01 -4.544799e-07
3.900000e+00 9.400000e-01 9.769606e-01 8.687071e+00 6.936511e-01 -2.938603e-07
3.950000e+00 9.400000e-01 9.769606e-01 8.687065e+00 6.936508e-01 -1.875147e-07
4.000000e+00 9.400000e-01 9.769606e-01 8.687062e+00 6.936506e-01 -1.177403e-07
4.050000e+00 9.400000e-01 9.769606e-01 8.687059e+00 6.936505e-01 -7.241656e-08
4.100000e+00 9.400000e-01 9.769606e-01 8.687057e+00 6.936504e-01 -4.331102e-08
4.150000e+00 9.400000e-01 9.769606e-01 8.687056e+00 6.936504e-01 -2.487405e-08
4.200000e+00 9.400000e-01 9.769606e-01 8.687055e+00 6.936503e-01 -1.339243e-08
4.250000e+00 9.400000e-01 9.769606e-01 8.687055e+00 6.936503e-01 -6.400095e-09
4.300000e+00 9.400000e-01 9.769606e-01 8.687054e+00 6.936503e-01 -2.271765e-09
4.350000e+00 9.400000e-01 9.769606e-01 8.687054e+00 6.936503e-01 5.501488e-11
4.400000e+00 9.400000e-01 9.769606e-01 8.687054e+00 6.936503e-01 1.268678e-09
4.450000e+00 9.400000e-01 9.769606e-01 8.687054e+00 6.936503e-01 1.810849e-09
4.500000e+00 9.400000e-01 9.769606e-01 8.687054e+00 6.936503e-01 1.961524e-09
4.550000e+00 9.400000e-01 9.769606e-01 8.687054e+00 6.936503e-01 1.895677e-09
4.600000e+00 9.400000e-01 9.769606e-01 8.687054e+00 6.936503e-01 1.720643e-09
4.650000e+00 9.400000e-01 9.769606e-01 8.687054e+00 6.936503e-01 1.500627e-09
4.700000e+00 9.400000e-01 9.769606e-01 8.687054e+00 6.936503e-01 1.272639e-09
4.750000e+00 9.400000e-01 9.769606e-01 8.687054e+00 6.936503e-01 1.056776e-09
4.800000e+00 9.400000e-01 9.769606e-01 8.687054e+00 6.936503e-01 8.628287e-10
4.850000e+00 9.400000e-01 9.769606e-01 8.687054e+00 6.936503e-01 6.944889e-10
4.900000e+00 9.400000e-01 9.769606e-01 8.687054e+00 6.936503e-01 5.519274e-10
4.950000e+00 9.400000e-01 9.769606e-01 8.687054e+00 6.936503e-01 4.334300e-10
5.000000e+00 9.400000e-01 9.769606e-01 8.687054e+00 6.936503e-01 3.363942e-10
5.050000e+00 9.400000e-01 9.769606e-01 8.687054e+00 6.936503e-01 2.579048e-10
5.100000e+00 9.400000e-01 9.769606e-01 8.687054e+00 6.936503e-01 1.950695e-10
5.150000e+00 9.400000e-01 9.769606e-01 8.687054e+00 6.936503e-01 1.451839e-10
5.200000e+00 9.400000e-01 9.769606e-01 8.687054e+00 6.936503e-01 1.058287e-10
5.250000e+00 9.400000e-01 9.769606e-01 8.687054e+00 6.936503e-01 7.488232e-11
5.300000e+00 9.400000e-01 9.769606e-01 8.687054e+00 6.936503e-01 5.050738e-11
5.350000e+00 9.400000e-01 9.769606e-01 8.687054e+00 6.936503e-01 3.115064e-11
5.400000e+00 9.400000e-01 9.769606e-01 8.687054e+00 6.936503e-01 1.547984e-11
5.450000e+00 9.400000e-01 9.769606e-01 8.687054e+00 6.936503e-01 2.352563e-12
5.500000e+00 9.400000e-01 9.769606e-01 8.687054e+00 6.936503e-01 -9.218182e-12
5.550000e+00 9.400000e-01 9.769606e-01 8.687054e+00 6.936503e-01 -2.012834e-11
5.600000e+00 9.400000e-01 9.769606e-01 8.687054e+00 6.936503e-01 -3.122058e-11
5.650000e+00 9.400000e-01 9.769606e-01 8.687054e+00 6.936503e-01 -4.330425e-11
5.700000e+00 9.400000e-01 9.769606e-01 8.687054e+00 6.936503e-01 -5.723422e-11
5.750000e+00 9.400000e-01 9.769606e-01 8.687054e+00 6.936503e-01 -7.396861e-11
5.800000e+00 9.400000e-01 9.769606e-01 8.687054e+00 6.936503e-01 -9.462098e-11
5.850000e+00 9.400000e-01 9.769606e-01 8.687054e+00 6.936503e-01 -1.205325e-10
5.900000e+00 9.400000e-01 9.769606e-01 8.687054e+00 6.936503e-01 -1.533607e-10
5.950000e+00 9.400000e-01 9.769606e-01 8.687054e+00 6.936503e-01 -1.951983e-10
6.000000e+00 9.400000e-01 9.769606e-01 8.687054e+00 6.936503e-01 -2.487233e-10
6.050000e+00 9.400000e-01 9.769606e-01 8.687054e+00 6.936503e-01 -3.173484e-10
6.100000e+00 9.400000e-01 9.769606e-01 8.687054e+00 6.936503e-01 -4.054512e-10
6.150000e+00 9.400000e-01 9.769606e-01 8.687054e+00 6.936503e-01 -5.187040e-10
6.200000e+00 9.400000e-01 9.769606e-01 8.687054e+00 6.936503e-01 -6.644019e-10
6.250000e+00 9.400000e-01 9.769606e-01 8.687054e+00 6.936503e-01 -8.519652e-10
6.300000e+00 9.400000e-01 9.769606e-01 8.687054e+00 6.936503e-01 -1.093569e-09
6.350000e+00 9.400000e-01 9.769606e-01 8.687054e+00 6.936503e-01 -1.404923e-09
6.400000e+00 9.400000e-01 9.769606e-01 8.687054e+00 6.936503e-01 -1.806327e-09
6.450000e+00 9.400000e-01 9.769606e-01 8.687054e+00 6.936503e-01 -2.324003e-09
6.500000e+00 9.400000e-01 9.769606e-01 8.687054e+00 6.936503e-01 -2.991816e-09
6.550000e+00 9.400000e-01 9.769606e-01 8.687054e+00 6.936503e-01 -3.853521e-09
6.600000e+00 9.400000e-01 9.769606e-01 8.687054e+00 6.936503e-01 -4.965641e-09
6.650000e+00 9.400000e-01 9.769606e-01 8.687054e+00 6.936503e-01 -6.401134e-09
6.700000e+00 9.400000e-01 9.769606e-01 8.687054e+00 6.936503e-01 -8.254378e-09
6.750000e+00 9.400000e-01 9.769606e-01 8.687054e+00 6.936503e-01 -1.064678e-08
6.800000e+00 9.400000e-01 9.769606e-01 8.687054e+00 6.936503e-01 -1.373665e-08
6.850000e+00 9.400000e-01 9.769606e-01 8.687054e+00 6.936503e-01 -1.772353e-08
6.900000e+00 9.400000e-01 9.769606e-01 8.687054e+00 6.936502e-01 -2.288021e-08
6.950000e+00 9.400000e-01 9.769606e-01 8.687054e+00 6.936502e-01 -2.951306e-08
7.000000e+00 9.400000e-01 9.769606e-01 8.687054e+00 6.936502e-01 -3.815216e-08
7.050000e+00 9.400000e-01 9.769606e-01 8.687054e+00 6.936502e-01 -4.909712e-08
7.100000e+00 9.400000e-01 9.769606e-01 8.687055e+00 6.936501e-01 -6.380198e-08
7.150000e+00 9.400000e-01 9.769607e-01 8.687055e+00 6.936500e-01 -8.126778e-08
7.200000e+00 9.400000e-01 9.769607e-01 8.687056e+00 6.936500e-01 -1.077171e-07
7.250000e+00 9.400000e-01 9.769607e-01 8.687056e+00 6.936498e-01 -1.321651e-07
7.300000e+00 9.400000e-01 9.769607e-01 8.687057e+00 6.936497e-01 -1.870211e-07
7.350000e+00 9.400000e-01 9.769607e-01 8.687058e+00 6.936494e-01 -2.037616e-07
7.400000e+00 9.400000e-01 9.769607e-01 8.687059e+00 6.936494e-01 -3.463277e-07
7.450000e+00 9.400000e-01 9.769607e-01 8.687061e+00 6.936486e-01 -2.697474e-07
7.500000e+00 9.400000e-01 9.769607e-01 8.687060e+00 6.936492e-01 -7.102823e-07
7.550000e+00 9.400000e-01 9.769608e-01 8.687071e+00 6.936467e-01 -2.080274e-07
7.600000e+00 9.400000e-01 9.769607e-01 8.687054e+00 6.936499e-01 -1.593229e-06
7.650000e+00 9.400000e-01 9.769609e-01 8.687104e+00 6.936418e-01 3.029687e-07
7.700000e+00 9.400000e-01 9.769607e-01 8.687013e+00 6.936536e-01 -3.593926e-06
7.750000e+00 9.400000e-01 9.769613e-01 8.687215e+00 6.936301e-01 1.720973e-06
7.800000e+00 9.400000e-01 9.769605e-01 8.686850e+00 6.936642e-01 -7.302081e-06
7.850000e+00 9.400000e-01 9.769620e-01 8.687544e+00 6.936064e-01 3.867363e-06
7.900000e+00 9.400000e-01 9.769601e-01 8.686384e+00 6.936836e-01 -1.209393e-05
7.950000e+00 9.400000e-01 9.769632e-01 8.688314e+00 6.935706e-01 4.329611e-06
8.000000e+00 9.400000e-01 9.769597e-01 8.685427e+00 6.937032e-01 -1.496863e-05
8.050000e+00 9.400000e-01 9.769647e-01 8.689611e+00 6.935357e-01 -1.408875e-06
8.100000e+00 9.400000e-01 9.769599e-01 8.684158e+00 6.936996e-01 -1.354142e-05
8.150000e+00 9.400000e-01 9.769661e-01 8.690925e+00 6.935194e-01 -1.404573e-05
8.200000e+00 9.400000e-01 9.769613e-01 8.683503e+00 6.936585e-01 -1.396594e-05
8.250000e+00 9.400000e-01 9.769675e-01 8.691172e+00 6.935059e-01 -2.534909e-05
8.300000e+00 9.400000e-01 9.769638e-01 8.684401e+00 6.936079e-01 -2.845693e-05
8.350000e+00 9.400000e-01 9.769703e-01 8.690230e+00 6.934392e-01 -3.280504e-05
8.400000e+00 9.400000e-01 9.769671e-01 8.685960e+00 6.935717e-01 -5.368885e-05
8.450000e+00 9.400000e-01 9.769757e-01 8.690072e+00 6.933107e-01 -5.681885e-05
8.500000e+00 9.400000e-01 9.769728e-01 8.686290e+00 6.934773e-01 -7.736224e-05
8.550000e+00 9.400000e-01 9.769834e-01 8.691610e+00 6.931710e-01 -1.071220e-04
8.600000e+00 9.400000e-01 9.769835e-01 8.686754e+00 6.932570e-01 -1.250439e-04
8.650000e+00 9.400000e-01 9.769959e-01 8.692357e+00 6.929406e-01 -1.662154e-04
8.700000e+00 9.400000e-01 9.770001e-01 8.689820e+00 6.929606e-01 -2.233760e-04
8.750000e+00 9.400000e-01 9.770183e-01 8.692942e+00 6.924802e-01 -2.700744e-04
8.800000e+00 9.400000e-01 9.770271e-01 8.692903e+00 6.924744e-01 -3.553300e-04
8.850000e+00 9.400000e-01 9.770538e-01 8.697106e+00 6.918086e-01 -4.667280e-04
8.900000e+00 9.400000e-01 9.770738e-01 8.696537e+00 6.915634e-01 -5.828873e-04
8.950000e+00 9.400000e-01 9.771121e-01 8.702172e+00 6.907071e-01 -7.529066e-04
9.000000e+00 9.400000e-01 9.771491e-01 8.705710e+00 6.901545e-01 -9.794536e-04
9.050000e+00 9.400000e-01 9.772101e-01 8.709609e+00 6.887988e-01 -1.247376e-03
9.100000e+00 9.400000e-01 9.772738e-01 8.718102e+00 6.877828e-01 -1.588609e-03
9.150000e+00 9.400000e-01 9.773689e-01 8.724999e+00 6.857726e-01 -2.059482e-03
9.200000e+00 9.400000e-01 9.774797e-01 8.738167e+00 6.838172e-01 -2.626927e-03
9.250000e+00 9.400000e-01 9.776316e-01 8.747325e+00 6.806877e-01 -3.354395e-03
9.300000e+00 9.400000e-01 9.778152e-01 8.771660e+00 6.773624e-01 -4.279660e-03
9.350000e+00 9.400000e-01 9.780596e-01 8.784936e+00 6.723576e-01 -5.478664e-03
9.400000e+00 9.400000e-01 9.783631e-01 8.821699e+00 6.666341e-01 -6.937750e-03
9.450000e+00 9.400000e-01 9.787533e-01 8.842972e+00 6.586588e-01 -8.796580e-03
9.500000e+00 9.400000e-01 9.792427e-01 8.898355e+00 6.491244e-01 -1.107568e-02
9.550000e+00 9.400000e-01 9.798609e-01 8.927144e+00 6.362531e-01 -1.390402e-02
9.600000e+00 9.400000e-01 9.806331e-01 9.002656e+00 6.205499e-01 -1.722768e-02
9.650000e+00 9.400000e-01 9.815837e-01 9.032583e+00 6.000079e-01 -2.115608e-02
9.700000e+00 9.400000e-01 9.827487e-01 9.117573e+00 5.748382e-01 -2.545442e-02
9.750000e+00 9.400000e-01 9.841291e-01 9.110581e+00 5.428349e-01 -2.991367e-02
9.800000e+00 9.400000e-01 9.857401e-01 9.152466e+00 5.045076e-01 -3.349954e-02
9.850000e+00 9.400000e-01 9.874791e-01 8.990601e+00 4.585702e-01 -3.456691e-02
9.900000e+00 9.400000e-01 9.891968e-01 8.868679e+00 4.089058e-01 -2.807206e-02
9.950000e+00 9.400000e-01 9.902863e-01 8.370798e+00 3.616937e-01 -5.922053e-04
1.000000e+01 9.400000e-01 9.892560e-01 8.406814e+00 0.000000e+00 0.000000e+00
0.000000e+00 9.600000e-01 9.949440e-01 5.520000e+00 0.000000e+00 0.000000e+00
5.000000e-02 9.600000e-01 9.949405e-01 5.510843e+00 2.289365e-01 2.373085e-05
1.000000e-01 9.600000e-01 9.949416e-01 5.505206e+00 2.287831e-01 -4.752359e-05
1.500000e-01 9.600000e-01 9.949453e-01 5.502438e+00 2.286399e-01 -8.306034e-05
2.000000e-01 9.600000e-01 9.949499e-01 5.501135e+00 2.284876e-01 -9.041452e-05
2.500000e-01 9.600000e-01 9.949543e-01 5.500658e+00 2.283513e-01 -7.143922e-05
3.000000e-01 9.600000e-01 9.949571e-01 5.500674e+00 2.282683e-01 -3.722838e-05
3.500000e-01 9.600000e-01 9.949580e-01 5.500938e+00 2.282431e-01 -7.808266e-06
4.000000e-01 9.600000e-01 9.949579e-01 5.501369e+00 2.282507e-01 1.240136e-05
4.500000e-01 9.600000e-01 9.949568e-01 5.502167e+00 2.282864e-01 3.560534e-05
5.000000e-01 9.600000e-01 9.949543e-01 5.503810e+00 2.283728e-01 5.878545e-05
5.500000e-01 9.600000e-01 9.949509e-01 5.506928e+00 2.284991e-01 5.291123e-05
6.000000e-01 9.600000e-01 9.949490e-01 5.512150e+00 2.285947e-01 -5.587947e-07
6.500000e-01 9.600000e-01 9.949510e-01 5.520029e+00 2.285961e-01 -7.720613e-05
7.000000e-01 9.600000e-01 9.949567e-01 5.531079e+00 2.285255e-01 -1.311285e-04
7.500000e-01 9.600000e-01 9.949641e-01 5.545878e+00 2.284788e-01 -1.407330e-04
8.000000e-01 9.600000e-01 9.949708e-01 5.565136e+00 2.285496e-01 -1.149853e-04
8.500000e-01 9.600000e-01 9.949756e-01 5.589661e+00 2.288005e-01 -5.613914e-05
9.000000e-01 9.600000e-01 9.949764e-01 5.620233e+00 2.293132e-01 5.986186e-05
9.500000e-01 9.600000e-01 9.949696e-01 5.657475e+00 2.302209e-01 2.524377e-04
1.000000e+00 9.600000e-01 9.949512e-01 5.701794e+00 2.316539e-01 5.019074e-04
1.050000e+00 9.600000e-01 9.949194e-01 5.753388e+00 2.336632e-01 7.671960e-04
1.100000e+00 9.600000e-01 9.948745e-01 5.812280e+00 2.362338e-01 1.031280e-03
1.150000e+00 9.600000e-01 9.948163e-01 5.878346e+00 2.393616e-01 1.306671e-03
1.200000e+00 9.600000e-01 9.947438e-01 5.951377e+00 2.430758e-01 1.598509e-03
1.250000e+00 9.600000e-01 9.946564e-01 6.031143e+00 2.473875e-01 1.887441e-03
1.300000e+00 9.600000e-01 9.945550e-01 6.117428e+00 2.522591e-01 2.156043e-03
1.350000e+00 9.600000e-01 9.944408e-01 6.210044e+00 2.576479e-01 2.410761e-03
1.400000e+00 9.600000e-01 9.943140e-01 6.308862e+00 2.635456e-01 2.665378e-03
1.450000e+00 9.600000e-01 9.941743e-01 6.413829e+00 2.699585e-01 2.917774e-03
1.500000e+00 9.600000e-01 9.940222e-01 6.524967e+00 2.768698e-01 3.156182e-03
1.550000e+00 9.600000e-01 9.938587e-01 6.642363e+00 2.842472e-01 3.378298e-03
1.600000e+00 9.600000e-01 9.936844e-01 6.766184e+00 2.920716e-01 3.590239e-03
1.650000e+00 9.600000e-01 9.934996e-01 6.896717e+00 3.003369e-01 3.791661e-03
1.700000e+00 9.600000e-01 9.933052e-01 7.034421e+00 3.090267e-01 3.974551e-03
1.750000e+00 9.600000e-01 9.931022e-01 7.179990e+00 3.181124e-01 4.136081e-03
1.800000e+00 9.600000e-01 9.928916e-01 7.334423e+00 3.275754e-01 4.282884e-03
1.850000e+00 9.600000e-01 9.926739e-01 7.499028e+00 3.374157e-01 4.420884e-03
1.900000e+00 9.600000e-01 9.924495e-01 7.675313e+00 3.476345e-01 4.548022e-03
1.950000e+00 9.600000e-01 9.922191e-01 7.864762e+00 3.582176e-01 4.659507e-03
2.000000e+00 9.600000e-01 9.919835e-01 8.068545e+00 3.691373e-01 4.754014e-03
2.050000e+00 9.600000e-01 9.917437e-01 8.287214e+00 3.803564e-01 4.829668e-03
2.100000e+00 9.600000e-01 9.915006e-01 8.520352e+00 3.918146e-01 4.877266e-03
2.150000e+00 9.600000e-01 9.912560e-01 8.766224e+00 4.034106e-01 4.884021e-03
2.200000e+00 9.600000e-01 9.910122e-01 9.021517e+00 4.150035e-01 4.845599e-03
2.250000e+00 9.600000e-01 9.907714e-01 9.281278e+00 4.264382e-01 4.770470e-03
2.300000e+00 9.600000e-01 9.905351e-01 9.539059e+00 4.375646e-01 4.667814e-03
2.350000e+00 9.600000e-01 9.903046e-01 9.787307e+00 4.482302e-01 4.529420e-03
2.400000e+00 9.600000e-01 9.900822e-01 1.001805e+01 4.582526e-01 4.324342e-03
2.450000e+00 9.600000e-01 9.898722e-01 1.022394e+01 4.674077e-01 4.014110e-03
2.500000e+00 9.600000e-01 9.896808e-01 1.039946e+01 4.754565e-01 3.578192e-03
2.550000e+00 9.600000e-01 9.895144e-01 1.054193e+01 4.822044e-01 3.031430e-03
2.600000e+00 9.600000e-01 9.893776e-01 1.065183e+01 4.875602e-01 2.422438e-03
2.650000e+00 9.600000e-01 9.892721e-01 1.073236e+01 4.915626e-01 1.815899e-03
2.700000e+00 9.600000e-01 9.891960e-01 1.078843e+01 4.943655e-01 1.270600e-03
2.750000e+00 9.600000e-01 9.891451e-01 1.082554e+01 4.961948e-01 8.242706e-04
2.800000e+00 9.600000e-01 9.891136e-01 1.084887e+01 4.972964e-01 4.895228e-04
2.850000e+00 9.600000e-01 9.890961e-01 1.086277e+01 4.978960e-01 2.586972e-04
2.900000e+00 9.600000e-01 9.890877e-01 1.087056e+01 4.981758e-01 1.125475e-04
2.950000e+00 9.600000e-01 9.890849e-01 1.087459e+01 4.982690e-01 2.839665e-05
3.000000e+00 9.600000e-01 9.890849e-01 1.087645e+01 4.982643e-01 -1.442450e-05
3.050000e+00 9.600000e-01 9.890863e-01 1.087712e+01 4.982162e-01 -3.207838e-05
3.100000e+00 9.600000e-01 9.890881e-01 1.087719e+01 4.981552e-01 -3.585213e-05
3.150000e+00 9.600000e-01 9.890899e-01 1.087700e+01 4.980964e-01 -3.291255e-05
3.200000e+00 9.600000e-01 9.890914e-01 1.087672e+01 4.980462e-01 -2.741555e-05
3.250000e+00 9.600000e-01 9.890926e-01 1.087644e+01 4.980061e-01 -2.153915e-05
3.300000e+00 9.600000e-01 9.890936e-01 1.087619e+01 4.979754e-01 -1.627387e-05
3.350000e+00 9.600000e-01 9.890943e-01 1.087599e+01 4.979527e-01 -1.195737e-05
3.400000e+00 9.600000e-01 9.890948e-01 1.087584e+01 4.979362e-01 -8.603594e-06
3.450000e+00 9.600000e-01 9.890951e-01 1.087572e+01 4.979244e-01 -6.089500e-06
3.500000e+00 9.600000e-01 9.890954e-01 1.087563e+01 4.979162e-01 -4.252434e-06
3.550000e+00 9.600000e-01 9.890955e-01 1.087557e+01 4.979104e-01 -2.935652e-06
3.600000e+00 9.600000e-01 9.890957e-01 1.087552e+01 4.979065e-01 -2.006005e-06
3.650000e+00 9.600000e-01 9.890957e-01 1.087549e+01 4.979038e-01 -1.357818e-06
3.700000e+00 9.600000e-01 9.890958e-01 1.087547e+01 4.979019e-01 -9.106971e-07
3.750000e+00 9.600000e-01 9.890958e-01 1.087545e+01 4.979007e-01 -6.052158e-07
3.800000e+00 9.600000e-01 9.890959e-01 1.087544e+01 4.978999e-01 -3.983568e-07
3.850000e+00 9.600000e-01 9.890959e-01 1.087544e+01 4.978994e-01 -2.594786e-07
3.900000e+00 9.600000e-01 9.890959e-01 1.087543e+01 4.978990e-01 -1.670366e-07
3.950000e+00 9.600000e-01 9.890959e-01 1.087543e+01 4.978988e-01 -1.060467e-07
4.000000e+00 9.600000e-01 9.890959e-01 1.087543e+01 4.978987e-01 -6.618767e-08
4.050000e+00 9.600000e-01 9.890959e-01 1.087542e+01 4.978986e-01 -4.041092e-08
4.100000e+00 9.600000e-01 9.890959e-01 1.087542e+01 4.978985e-01 -2.394206e-08
4.150000e+00 9.600000e-01 9.890959e-01 1.087542e+01 4.978985e-01 -1.357210e-08
4.200000e+00 9.600000e-01 9.890959e-01 1.087542e+01 4.978985e-01 -7.160766e-09
4.250000e+00 9.600000e-01 9.890959e-01 1.087542e+01 4.978985e-01 -3.291604e-09
4.300000e+00 9.600000e-01 9.890959e-01 1.087542e+01 4.978985e-01 -1.034712e-09
4.350000e+00 9.600000e-01 9.890959e-01 1.087542e+01 4.978985e-01 2.151512e-10
4.400000e+00 9.600000e-01 9.890959e-01 1.087542e+01 4.978985e-01 8.482104e-10
4.450000e+00 9.600000e-01 9.890959e-01 1.087542e+01 4.978985e-01 1.113333e-09
4.500000e+00 9.600000e-01 9.890959e-01 1.087542e+01 4.978985e-01 1.167244e-09
4.550000e+00 9.600000e-01 9.890959e-01 1.087542e+01 4.978985e-01 1.107062e-09
4.600000e+00 9.600000e-01 9.890959e-01 1.087542e+01 4.978985e-01 9.917278e-10
4.650000e+00 9.600000e-01 9.890959e-01 1.087542e+01 4.978985e-01 8.560275e-10
4.700000e+00 9.600000e-01 9.890959e-01 1.087542e+01 4.978985e-01 7.196177e-10
4.750000e+00 9.600000e-01 9.890959e-01 1.087542e+01 4.978985e-01 5.928402e-10
4.800000e+00 9.600000e-01 9.890959e-01 1.087542e+01 4.978985e-01 4.804368e-10
4.850000e+00 9.600000e-01 9.890959e-01 1.087542e+01 4.978985e-01 3.838918e-10
4.900000e+00 9.600000e-01 9.890959e-01 1.087542e+01 4.978985e-01 3.028500e-10
4.950000e+00 9.600000e-01 9.890959e-01 1.087542e+01 4.978985e-01 2.360090e-10
5.000000e+00 9.600000e-01 9.890959e-01 1.087542e+01 4.978985e-01 1.816647e-10
5.050000e+00 9.600000e-01 9.890959e-01 1.087542e+01 4.978985e-01 1.379996e-10
5.100000e+00 9.600000e-01 9.890959e-01 1.087542e+01 4.978985e-01 1.032674e-10
5.150000e+00 9.600000e-01 9.890959e-01 1.087542e+01 4.978985e-01 7.586043e-11
5.200000e+00 9.600000e-01 9.890959e-01 1.087542e+01 4.978985e-01 5.436762e-11
5.250000e+00 9.600000e-01 9.890959e-01 1.087542e+01 4.978985e-01 3.756551e-11
5.300000e+00 9.600000e-01 9.890959e-01 1.087542e+01 4.978985e-01 2.438494e-11
5.350000e+00 9.600000e-01 9.890959e-01 1.087542e+01 4.978985e-01 1.394995e-11
5.400000e+00 9.600000e-01 9.890959e-01 1.087542e+01 4.978985e-01 5.503376e-12
5.450000e+00 9.600000e-01 9.890959e-01 1.087542e+01 4.978985e-01 -1.607603e-12
5.500000e+00 9.600000e-01 9.890959e-01 1.087542e+01 4.978985e-01 -7.934764e-12
5.550000e+00 9.600000e-01 9.890959e-01 1.087542e+01 4.978985e-01 -1.399214e-11
5.600000e+00 9.600000e-01 9.890959e-01 1.087542e+01 4.978985e-01 -2.026157e-11
5.650000e+00 9.600000e-01 9.890959e-01 1.087542e+01 4.978985e-01 -2.720713e-11
5.700000e+00 9.600000e-01 9.890959e-01 1.087542e+01 4.978985e-01 -3.532841e-11
5.750000e+00 9.600000e-01 9.890959e-01 1.087542e+01 4.978985e-01 -4.518941e-11
5.800000e+00 9.600000e-01 9.890959e-01 1.087542e+01 4.978985e-01 -5.745071e-11
5.850000e+00 9.600000e-01 9.890959e-01 1.087542e+01 4.978985e-01 -7.291057e-11
5.900000e+00 9.600000e-01 9.890959e-01 1.087542e+01 4.978985e-01 -9.255929e-11
5.950000e+00 9.600000e-01 9.890959e-01 1.087542e+01 4.978985e-01 -1.176570e-10
6.000000e+00 9.600000e-01 9.890959e-01 1.087542e+01 4.978985e-01 -1.498091e-10
6.050000e+00 9.600000e-01 9.890959e-01 1.087542e+01 4.978985e-01 -1.910649e-10
6.100000e+00 9.600000e-01 9.890959e-01 1.087542e+01 4.978985e-01 -2.440648e-10
6.150000e+00 9.600000e-01 9.890959e-01 1.087542e+01 4.978985e-01 -3.122202e-10
6.200000e+00 9.600000e-01 9.890959e-01 1.087542e+01 4.978985e-01 -3.999168e-10
6.250000e+00 9.600000e-01 9.890959e-01 1.087542e+01 4.978985e-01 -5.128309e-10
6.300000e+00 9.600000e-01 9.890959e-01 1.087542e+01 4.978985e-01 -6.582890e-10
6.350000e+00 9.600000e-01 9.890959e-01 1.087542e+01 4.978985e-01 -8.457357e-10
6.400000e+00 9.600000e-01 9.890959e-01 1.087542e+01 4.978985e-01 -1.087387e-09
6.450000e+00 9.600000e-01 9.890959e-01 1.087542e+01 4.978985e-01 -1.399018e-09
6.500000e+00 9.600000e-01 9.890959e-01 1.087542e+01 4.978985e-01 -1.800992e-09
6.550000e+00 9.600000e-01 9.890959e-01 1.087542e+01 4.978985e-01 -2.319612e-09
6.600000e+00 9.600000e-01 9.890959e-01 1.087542e+01 4.978985e-01 -2.988857e-09
6.650000e+00 9.600000e-01 9.890959e-01 1.087542e+01 4.978985e-01 -3.852577e-09
6.700000e+00 9.600000e-01 9.890959e-01 1.087542e+01 4.978985e-01 -4.967455e-09
6.750000e+00 9.600000e-01 9.890959e-01 1.087542e+01 4.978984e-01 -6.406499e-09
6.800000e+00 9.600000e-01 9.890959e-01 1.087542e+01 4.978984e-01 -8.264536e-09
6.850000e+00 9.600000e-01 9.890959e-01 1.087542e+01 4.978984e-01 -1.066212e-08
6.900000e+00 9.600000e-01 9.890959e-01 1.087542e+01 4.978984e-01 -1.376072e-08
6.950000e+00 9.600000e-01 9.890959e-01 1.087542e+01 4.978984e-01 -1.775100e-08
7.000000e+00 9.600000e-01 9.890959e-01 1.087542e+01 4.978983e-01 -2.293131e-08
7.050000e+00 9.600000e-01 9.890959e-01 1.087542e+01 4.978983e-01 -2.953657e-08
7.100000e+00 9.600000e-01 9.890959e-01 1.087542e+01 4.978982e-01 -3.828858e-08
7.150000e+00 9.600000e-01 9.890959e-01 1.087542e+01 4.978982e-01 -4.898451e-08
7.200000e+00 9.600000e-01 9.890959e-01 1.087542e+01 4.978981e-01 -6.434165e-08
7.250000e+00 9.600000e-01 9.890959e-01 1.087542e+01 4.978980e-01 -8.028267e-08
7.300000e+00 9.600000e-01 9.890959e-01 1.087542e+01 4.978978e-01 -1.102296e-07
7.350000e+00 9.600000e-01 9.890959e-01 1.087542e+01 4.978976e-01 -1.269899e-07
7.400000e+00 9.600000e-01 9.890959e-01 1.087542e+01 4.978974e-01 -1.978762e-07
7.450000e+00 9.600000e-01 9.890959e-01 1.087542e+01 4.978969e-01 -1.825482e-07
7.500000e+00 9.600000e-01 9.890959e-01 1.087542e+01 4.978969e-01 -3.852742e-07
7.550000e+00 9.600000e-01 9.890960e-01 1.087541e+01 4.978955e-01 -2.020184e-07
7.600000e+00 9.600000e-01 9.890960e-01 1.087541e+01 4.978966e-01 -8.165310e-07
7.650000e+00 9.600000e-01 9.890961e-01 1.087541e+01 4.978922e-01 -5.528244e-08
7.700000e+00 9.600000e-01 9.890960e-01 1.087541e+01 4.978975e-01 -1.773097e-06
7.750000e+00 9.600000e-01 9.890962e-01 1.087540e+01 4.978847e-01 4.568984e-07
7.800000e+00 9.600000e-01 9.890959e-01 1.087539e+01 4.979015e-01 -3.571280e-06
7.850000e+00 9.600000e-01 9.890966e-01 1.087542e+01 4.978695e-01 1.287447e-06
7.900000e+00 9.600000e-01 9.890958e-01 1.087530e+01 4.979103e-01 -6.061865e-06
7.950000e+00 9.600000e-01 9.890972e-01 1.087552e+01 4.978444e-01 1.428587e-06
8.000000e+00 9.600000e-01 9.890957e-01 1.087506e+01 4.979203e-01 -8.064087e-06
8.050000e+00 9.600000e-01 9.890980e-01 1.087581e+01 4.978137e-01 -1.195256e-06
8.100000e+00 9.600000e-01 9.890958e-01 1.087457e+01 4.979183e-01 -8.461999e-06
8.150000e+00 9.600000e-01 9.890989e-01 1.087627e+01 4.977871e-01 -7.397466e-06
8.200000e+00 9.600000e-01 9.890965e-01 1.087396e+01 4.978900e-01 -9.589828e-06
8.250000e+00 9.600000e-01 9.890998e-01 1.087656e+01 4.977609e-01 -1.432078e-05
8.300000e+00 9.600000e-01 9.890979e-01 1.087368e+01 4.978391e-01 -1.682342e-05
8.350000e+00 9.600000e-01 9.891015e-01 1.087619e+01 4.977052e-01 -2.094920e-05
8.400000e+00 9.600000e-01 9.891000e-01 1.087392e+01 4.977756e-01 -3.005967e-05
8.450000e+00 9.600000e-01 9.891045e-01 1.087529e+01 4.975976e-01 -3.557740e-05
8.500000e+00 9.600000e-01 9.891036e-01 1.087402e+01 4.976660e-01 -4.569067e-05
8.550000e+00 9.600000e-01 9.891091e-01 1.087455e+01 4.974442e-01 -6.330221e-05
8.600000e+00 9.600000e-01 9.891099e-01 1.087337e+01 4.974553e-01 -7.522905e-05
8.650000e+00 9.600000e-01 9.891166e-01 1.087368e+01 4.971986e-01 -9.968282e-05
8.700000e+00 9.600000e-01 9.891199e-01 1.087256e+01 4.971284e-01 -1.311574e-04
8.750000e+00 9.600000e-01 9.891297e-01 1.087167e+01 4.967571e-01 -1.630824e-04
8.800000e+00 9.600000e-01 9.891362e-01 1.087134e+01 4.965988e-01 -2.108426e-04
8.850000e+00 9.600000e-01 9.891508e-01 1.086894e+01 4.960551e-01 -2.770223e-04
8.900000e+00 9.600000e-01 9.891639e-01 1.086824e+01 4.956788e-01 -3.475851e-04
8.950000e+00 9.600000e-01 9.891856e-01 1.086491e+01 4.949062e-01 -4.484266e-04
9.000000e+00 9.600000e-01 9.892087e-01 1.086337e+01 4.941932e-01 -5.798069e-04
9.050000e+00 9.600000e-01 9.892435e-01 1.085736e+01 4.929706e-01 -7.417360e-04
9.100000e+00 9.600000e-01 9.892829e-01 1.085516e+01 4.917307e-01 -9.421041e-04
9.150000e+00 9.600000e-01 9.893377e-01 1.084528e+01 4.898281e-01 -1.218683e-03
9.200000e+00 9.600000e-01 9.894048e-01 1.084013e+01 4.876534e-01 -1.551878e-03
9.250000e+00 9.600000e-01 9.894929e-01 1.082444e+01 4.846217e-01 -1.979994e-03
9.300000e+00 9.600000e-01 9.896028e-01 1.081417e+01 4.809965e-01 -2.516347e-03
9.350000e+00 9.600000e-01 9.897446e-01 1.078758e+01 4.761088e-01 -3.211390e-03
9.400000e+00 9.600000e-01 9.899239e-01 1.076658e+01 4.700766e-01 -4.048770e-03
9.450000e+00 9.600000e-01 9.901494e-01 1.072096e+01 4.622393e-01 -5.106566e-03
9.500000e+00 9.600000e-01 9.904346e-01 1.067754e+01 4.524273e-01 -6.380930e-03
9.550000e+00 9.600000e-01 9.907875e-01 1.059455e+01 4.399127e-01 -7.938879e-03
9.600000e+00 9.600000e-01 9.912285e-01 1.050406e+01 4.242445e-01 -9.716922e-03
9.650000e+00 9.600000e-01 9.917592e-01 1.034565e+01 4.047419e-01 -1.175135e-02
9.700000e+00 9.600000e-01 9.924036e-01 1.015539e+01 3.806803e-01 -1.384759e-02
9.750000e+00 9.600000e-01 9.931440e-01 9.844598e+00 3.517585e-01 -1.584383e-02
9.800000e+00 9.600000e-01 9.939880e-01 9.457808e+00 3.176144e-01 -1.708462e-02
9.850000e+00 9.600000e-01 9.948524e-01 8.883838e+00 2.799892e-01 -1.661663e-02
9.900000e+00 9.600000e-01 9.956497e-01 8.235678e+00 2.419244e-01 -1.161604e-02
9.950000e+00 9.600000e-01 9.960141e-01 7.619279e+00 2.158605e-01 7.056555e-03
1.000000e+01 9.600000e-01 9.949440e-01 7.645890e+00 0.000000e+00 0.000000e+00
0.000000e+00 9.800000e-01 9.984240e-01 5.760000e+00 0.000000e+00 0.000000e+00
5.000000e-02 9.800000e-01 9.984167e-01 5.729366e+00 1.164873e-01 7.959846e-05
1.000000e-01 9.800000e-01 9.984160e-01 5.724881e+00 1.164593e-01 -7.705745e-06
1.500000e-01 9.800000e-01 9.984175e-01 5.723372e+00 1.163685e-01 -3.411093e-05
2.000000e-01 9.800000e-01 9.984195e-01 5.721682e+00 1.162517e-01 -3.806769e-05
2.500000e-01 9.800000e-01 9.984213e-01 5.719954e+00 1.161424e-01 -2.943930e-05
3.000000e-01 9.800000e-01 9.984224e-01 5.718554e+00 1.160731e-01 -1.443152e-05
3.500000e-01 9.800000e-01 9.984227e-01 5.717656e+00 1.160494e-01 -1.978409e-06
4.000000e-01 9.800000e-01 9.984226e-01 5.717394e+00 1.160536e-01 6.158068e-06
4.500000e-01 9.800000e-01 9.984221e-01 5.717789e+00 1.160804e-01 1.637164e-05
5.000000e-01 9.800000e-01 9.984210e-01 5.718384e+00 1.161426e-01 2.861624e-05
5.500000e-01 9.800000e-01 9.984192e-01 5.718221e+00 1.162273e-01 2.981444e-05
6.000000e-01 9.800000e-01 9.984180e-01 5.716542e+00 1.162748e-01 9.179929e-06
6.500000e-01 9.800000e-01 9.984183e-01 5.713580e+00 1.162259e-01 -2.596528e-05
7.000000e-01 9.800000e-01 9.984206e-01 5.710726e+00 1.160818e-01 -5.781963e-05
7.500000e-01 9.800000e-01 9.984241e-01 5.710117e+00 1.158981e-01 -7.815851e-05
8.000000e-01 9.800000e-01 9.984284e-01 5.714307e+00 1.157300e-01 -9.185859e-05
8.500000e-01 9.800000e-01 9.984333e-01 5.726202e+00 1.156107e-01 -1.002378e-04
9.000000e-01 9.800000e-01 9.984384e-01 5.748859e+00 1.155897e-01 -9.131650e-05
9.500000e-01 9.800000e-01 9.984424e-01 5.784884e+00 1.157603e-01 -5.342033e-05
1.000000e+00 9.800000e-01 9.984438e-01 5.835876e+00 1.162207e-01 7.956790e-06
1.050000e+00 9.800000e-01 9.984416e-01 5.902480e+00 1.170151e-01 7.638233e-05
1.100000e+00 9.800000e-01 9.984361e-01 5.984899e+00 1.181387e-01 1.448183e-04
1.150000e+00 9.800000e-01 9.984271e-01 6.083161e+00 1.195933e-01 2.194048e-04
1.200000e+00 9.800000e-01 9.984142e-01 6.196992e+00 1.214054e-01 3.034470e-04
1.250000e+00 9.800000e-01 9.983968e-01 6.325748e+00 1.235896e-01 3.888318e-04
1.300000e+00 9.800000e-01 9.983753e-01 6.468708e+00 1.261240e-01 4.672403e-04
1.350000e+00 9.800000e-01 9.983501e-01 6.625360e+00 1.289797e-01 5.407768e-04
1.400000e+00 9.800000e-01 9.983212e-01 6.795326e+00 1.321509e-01 6.155438e-04
1.450000e+00 9.800000e-01 9.982885e-01 6.978137e+00 1.356431e-01 6.909562e-04
1.500000e+00 9.800000e-01 9.982521e-01 7.173240e+00 1.394454e-01 7.617148e-04
1.550000e+00 9.800000e-01 9.982124e-01 7.380152e+00 1.435336e-01 8.263488e-04
1.600000e+00 9.800000e-01 9.981695e-01 7.598479e+00 1.478911e-01 8.873567e-04
1.650000e+00 9.800000e-01 9.981236e-01 7.827794e+00 1.525092e-01 9.446393e-04
1.700000e+00 9.800000e-01 9.980750e-01 8.067628e+00 1.573703e-01 9.944970e-04
1.750000e+00 9.800000e-01 9.980242e-01 8.317586e+00 1.624455e-01 1.035334e-03
1.800000e+00 9.800000e-01 9.979715e-01 8.577386e+00 1.677105e-01 1.070150e-03
1.850000e+00 9.800000e-01 9.979172e-01 8.846694e+00 1.731528e-01 1.102419e-03
1.900000e+00 9.800000e-01 9.978612e-01 9.124916e+00 1.787627e-01 1.132653e-03
1.950000e+00 9.800000e-01 9.978039e-01 9.411081e+00 1.845228e-01 1.160463e-03
2.000000e+00 9.800000e-01 9.977452e-01 9.703747e+00 1.904114e-01 1.187362e-03
2.050000e+00 9.800000e-01 9.976852e-01 1.000085e+01 1.964078e-01 1.215020e-03
2.100000e+00 9.800000e-01 9.976237e-01 1.029958e+01 2.024856e-01 1.241869e-03
2.150000e+00 9.800000e-01 9.975610e-01 1.059639e+01 2.086010e-01 1.264251e-03
2.200000e+00 9.800000e-01 9.974973e-01 1.088723e+01 2.146957e-01 1.281721e-03
2.250000e+00 9.800000e-01 9.974328e-01 1.116775e+01 2.207150e-01 1.299328e-03
2.300000e+00 9.800000e-01 9.973673e-01 1.143330e+01 2.266218e-01 1.322202e-03
2.350000e+00 9.800000e-01 9.973006e-01 1.167891e+01 2.323845e-01 1.346515e-03
2.400000e+00 9.800000e-01 9.972327e-01 1.189951e+01 2.379454e-01 1.355678e-03
2.450000e+00 9.800000e-01 9.971650e-01 1.209061e+01 2.431954e-01 1.326434e-03
2.500000e+00 9.800000e-01 9.971000e-01 1.224924e+01 2.479807e-01 1.241086e-03
2.550000e+00 9.800000e-01 9.970409e-01 1.237466e+01 2.521409e-01 1.097422e-03
2.600000e+00 9.800000e-01 9.969903e-01 1.246866e+01 2.555592e-01 9.103205e-04
2.650000e+00 9.800000e-01 9.969499e-01 1.253510e+01 2.581970e-01 7.052572e-04
2.700000e+00 9.800000e-01 9.969198e-01 1.257915e+01 2.600990e-01 5.085833e-04
2.750000e+00 9.800000e-01 9.968990e-01 1.260629e+01 2.613735e-01 3.397980e-04
2.800000e+00 9.800000e-01 9.968858e-01 1.262157e+01 2.621597e-01 2.083942e-04
2.850000e+00 9.800000e-01 9.968782e-01 1.262910e+01 2.625973e-01 1.148568e-04
2.900000e+00 9.800000e-01 9.968743e-01 1.263199e+01 2.628064e-01 5.383800e-05
2.950000e+00 9.800000e-01 9.968728e-01 1.263234e+01 2.628786e-01 1.755595e-05
3.000000e+00 9.800000e-01 9.968726e-01 1.263149e+01 2.628774e-01 -1.712482e-06
3.050000e+00 9.800000e-01 9.968730e-01 1.263020e+01 2.628426e-01 -1.031554e-05
3.100000e+00 9.800000e-01 9.968736e-01 1.262888e+01 2.627972e-01 -1.284632e-05
3.150000e+00 9.800000e-01 9.968742e-01 1.262772e+01 2.627530e-01 -1.230686e-05
3.200000e+00 9.800000e-01 9.968748e-01 1.262678e+01 2.627149e-01 -1.048638e-05
3.250000e+00 9.800000e-01 9.968753e-01 1.262604e+01 2.626844e-01 -8.352643e-06
3.300000e+00 9.800000e-01 9.968757e-01 1.262549e+01 2.626611e-01 -6.367333e-06
3.350000e+00 9.800000e-01 9.968759e-01 1.262508e+01 2.626437e-01 -4.706610e-06
3.400000e+00 9.800000e-01 9.968761e-01 1.262479e+01 2.626312e-01 -3.400482e-06
3.450000e+00 9.800000e-01 9.968763e-01 1.262459e+01 2.626222e-01 -2.413679e-06
3.500000e+00 9.800000e-01 9.968764e-01 1.262444e+01 2.626159e-01 -1.688850e-06
3.550000e+00 9.800000e-01 9.968764e-01 1.262434e+01 2.626116e-01 -1.167467e-06
3.600000e+00 9.800000e-01 9.968765e-01 1.262427e+01 2.626086e-01 -7.984857e-07
3.650000e+00 9.800000e-01 9.968765e-01 1.262423e+01 2.626066e-01 -5.408008e-07
3.700000e+00 9.800000e-01 9.968765e-01 1.262420e+01 2.626052e-01 -3.628599e-07
3.750000e+00 9.800000e-01 9.968765e-01 1.262418e+01 2.626043e-01 -2.412070e-07
3.800000e+00 9.800000e-01 9.968766e-01 1.262416e+01 2.626037e-01 -1.587991e-07
3.850000e+00 9.800000e-01 9.968766e-01 1.262415e+01 2.626033e-01 -1.034655e-07
3.900000e+00 9.800000e-01 9.968766e-01 1.262415e+01 2.626030e-01 -6.663418e-08
3.950000e+00 9.800000e-01 9.968766e-01 1.262414e+01 2.626029e-01 -4.233715e-08
4.000000e+00 9.800000e-01 9.968766e-01 1.262414e+01 2.626028e-01 -2.646065e-08
4.050000e+00 9.800000e-01 9.968766e-01 1.262414e+01 2.626027e-01 -1.619456e-08
4.100000e+00 9.800000e-01 9.968766e-01 1.262414e+01 2.626027e-01 -9.635318e-09
4.150000e+00 9.800000e-01 9.968766e-01 1.262414e+01 2.626027e-01 -5.503741e-09
4.200000e+00 9.800000e-01 9.968766e-01 1.262414e+01 2.626026e-01 -2.947009e-09
4.250000e+00 9.800000e-01 9.968766e-01 1.262414e+01 2.626026e-01 -1.401053e-09
4.300000e+00 9.800000e-01 9.968766e-01 1.262414e+01 2.626026e-01 -4.958400e-10
4.350000e+00 9.800000e-01 9.968766e-01 1.262414e+01 2.626026e-01 9.254819e-12
4.400000e+00 9.800000e-01 9.968766e-01 1.262414e+01 2.626026e-01 2.692113e-10
4.450000e+00 9.800000e-01 9.968766e-01 1.262414e+01 2.626026e-01 3.827538e-10
4.500000e+00 9.800000e-01 9.968766e-01 1.262414e+01 2.626026e-01 4.119938e-10
4.550000e+00 9.800000e-01 9.968766e-01 1.262414e+01 2.626026e-01 3.953804e-10
4.600000e+00 9.800000e-01 9.968766e-01 1.262414e+01 2.626026e-01 3.562239e-10
4.650000e+00 9.800000e-01 9.968766e-01 1.262414e+01 2.626026e-01 3.082945e-10
4.700000e+00 9.800000e-01 9.968766e-01 1.262414e+01 2.626026e-01 2.593858e-10
4.750000e+00 9.800000e-01 9.968766e-01 1.262414e+01 2.626026e-01 2.136158e-10
4.800000e+00 9.800000e-01 9.968766e-01 1.262414e+01 2.626026e-01 1.729028e-10
4.850000e+00 9.800000e-01 9.968766e-01 1.262414e+01 2.626027e-01 1.378886e-10
4.900000e+00 9.800000e-01 9.968766e-01 1.262414e+01 2.626027e-01 1.084954e-10
4.950000e+00 9.800000e-01 9.968766e-01 1.262414e+01 2.626027e-01 8.426815e-11
5.000000e+00 9.800000e-01 9.968766e-01 1.262414e+01 2.626027e-01 6.458944e-11
5.050000e+00 9.800000e-01 9.968766e-01 1.262414e+01 2.626027e-01 4.880429e-11
5.100000e+00 9.800000e-01 9.968766e-01 1.262414e+01 2.626027e-01 3.627432e-11
5.150000e+00 9.800000e-01 9.968766e-01 1.262414e+01 2.626027e-01 2.640665e-11
5.200000e+00 9.800000e-01 9.968766e-01 1.262414e+01 2.626027e-01 1.868949e-11
5.250000e+00 9.800000e-01 9.968766e-01 1.262414e+01 2.626027e-01 1.267986e-11
5.300000e+00 9.800000e-01 9.968766e-01 1.262414e+01 2.626027e-01 7.982504e-12
5.350000e+00 9.800000e-01 9.968766e-01 1.262414e+01 2.626027e-01 4.275469e-12
5.400000e+00 9.800000e-01 9.968766e-01 1.262414e+01 2.626027e-01 1.286748e-12
5.450000e+00 9.800000e-01 9.968766e-01 1.262414e+01 2.626027e-01 -1.223466e-12
5.500000e+00 9.800000e-01 9.968766e-01 1.262414e+01 2.626027e-01 -3.455014e-12
5.550000e+00 9.800000e-01 9.968766e-01 1.262414e+01 2.626027e-01 -5.596634e-12
5.600000e+00 9.800000e-01 9.968766e-01 1.262414e+01 2.626027e-01 -7.827072e-12
5.650000e+00 9.800000e-01 9.968766e-01 1.262414e+01 2.626027e-01 -1.030842e-11
5.700000e+00 9.800000e-01 9.968766e-01 1.262414e+01 2.626027e-01 -1.322609e-11
5.750000e+00 9.800000e-01 9.968766e-01 1.262414e+01 2.626027e-01 -1.679434e-11
5.800000e+00 9.800000e-01 9.968766e-01 1.262414e+01 2.626027e-01 -2.124412e-11
5.850000e+00 9.800000e-01 9.968766e-01 1.262414e+01 2.626027e-01 -2.686740e-11
5.900000e+00 9.800000e-01 9.968766e-01 1.262414e+01 2.626027e-01 -3.403278e-11
5.950000e+00 9.800000e-01 9.968766e-01 1.262414e+01 2.626027e-01 -4.319989e-11
6.000000e+00 9.800000e-01 9.968766e-01 1.262414e+01 2.626027e-01 -5.495826e-11
6.050000e+00 9.800000e-01 9.968766e-01 1.262414e+01 2.626027e-01 -7.005063e-11
6.100000e+00 9.800000e-01 9.968766e-01 1.262414e+01 2.626027e-01 -8.944179e-11
6.150000e+00 9.800000e-01 9.968766e-01 1.262414e+01 2.626027e-01 -1.143807e-10
6.200000e+00 9.800000e-01 9.968766e-01 1.262414e+01 2.626027e-01 -1.464673e-10
6.250000e+00 9.800000e-01 9.968766e-01 1.262414e+01 2.626026e-01 -1.877798e-10
6.300000e+00 9.800000e-01 9.968766e-01 1.262414e+01 2.626026e-01 -2.409861e-10
6.350000e+00 9.800000e-01 9.968766e-01 1.262414e+01 2.626026e-01 -3.095246e-10
6.400000e+00 9.800000e-01 9.968766e-01 1.262414e+01 2.626026e-01 -3.978540e-10
6.450000e+00 9.800000e-01 9.968766e-01 1.262414e+01 2.626026e-01 -5.117229e-10
6.500000e+00 9.800000e-01 9.968766e-01 1.262414e+01 2.626026e-01 -6.585366e-10
6.550000e+00 9.800000e-01 9.968766e-01 1.262414e+01 2.626026e-01 -8.478651e-10
6.600000e+00 9.800000e-01 9.968766e-01 1.262414e+01 2.626026e-01 -1.092069e-09
6.650000e+00 9.800000e-01 9.968766e-01 1.262414e+01 2.626026e-01 -1.407080e-09
6.700000e+00 9.800000e-01 9.968766e-01 1.262414e+01 2.626026e-01 -1.813483e-09
6.750000e+00 9.800000e-01 9.968766e-01 1.262414e+01 2.626026e-01 -2.337782e-09
6.800000e+00 9.800000e-01 9.968766e-01 1.262414e+01 2.626026e-01 -3.014361e-09
6.850000e+00 9.800000e-01 9.968766e-01 1.262414e+01 2.626026e-01 -3.886969e-09
6.900000e+00 9.800000e-01 9.968766e-01 1.262414e+01 2.626026e-01 -5.013957e-09
6.950000e+00 9.800000e-01 9.968766e-01 1.262414e+01 2.626026e-01 -6.464796e-09
7.000000e+00 9.800000e-01 9.968766e-01 1.262413e+01 2.626025e-01 -8.346229e-09
7.050000e+00 9.800000e-01 9.968766e-01 1.262413e+01 2.626025e-01 -1.074655e-08
7.100000e+00 9.800000e-01 9.968766e-01 1.262413e+01 2.626025e-01 -1.391760e-08
7.150000e+00 9.800000e-01 9.968766e-01 1.262413e+01 2.626024e-01 -1.780978e-08
7.200000e+00 9.800000e-01 9.968766e-01 1.262413e+01 2.626023e-01 -2.334370e-08
7.250000e+00 9.800000e-01 9.968766e-01 1.262413e+01 2.626023e-01 -2.919710e-08
7.300000e+00 9.800000e-01 9.968766e-01 1.262412e+01 2.626021e-01 -3.985327e-08
7.350000e+00 9.800000e-01 9.968766e-01 1.262412e+01 2.626020e-01 -4.633899e-08
7.400000e+00 9.800000e-01 9.968766e-01 1.262411e+01 2.626018e-01 -7.104302e-08
7.450000e+00 9.800000e-01 9.968766e-01 1.262411e+01 2.626015e-01 -6.747305e-08
7.500000e+00 9.800000e-01 9.968766e-01 1.262410e+01 2.626014e-01 -1.366557e-07
7.550000e+00 9.800000e-01 9.968766e-01 1.262408e+01 2.626005e-01 -7.845856e-08
7.600000e+00 9.800000e-01 9.968766e-01 1.262408e+01 2.626009e-01 -2.850713e-07
7.650000e+00 9.800000e-01 9.968766e-01 1.262404e+01 2.625985e-01 -3.797642e-08
7.700000e+00 9.800000e-01 9.968766e-01 1.262405e+01 2.626007e-01 -6.093957e-07
7.750000e+00 9.800000e-01 9.968767e-01 1.262395e+01 2.625940e-01 1.149712e-07
7.800000e+00 9.800000e-01 9.968766e-01 1.262403e+01 2.626019e-01 -1.211115e-06
7.850000e+00 9.800000e-01 9.968768e-01 1.262377e+01 2.625851e-01 3.533534e-07
7.900000e+00 9.800000e-01 9.968766e-01 1.262402e+01 2.626051e-01 -2.034268e-06
7.950000e+00 9.800000e-01 9.968770e-01 1.262346e+01 2.625700e-01 3.305182e-07
8.000000e+00 9.800000e-01 9.968765e-01 1.262400e+01 2.626087e-01 -2.696323e-06
8.050000e+00 9.800000e-01 9.968773e-01 1.262300e+01 2.625498e-01 -6.245708e-07
8.100000e+00 9.800000e-01 9.968766e-01 1.262383e+01 2.626057e-01 -2.893197e-06
8.150000e+00 9.800000e-01 9.968776e-01 1.262244e+01 2.625286e-01 -2.712063e-06
8.200000e+00 9.800000e-01 9.968769e-01 1.262328e+01 2.625872e-01 -3.493344e-06
8.250000e+00 9.800000e-01 9.968779e-01 1.262178e+01 2.625047e-01 -4.990768e-06
8.300000e+00 9.800000e-01 9.968774e-01 1.262220e+01 2.625514e-01 -6.188914e-06
8.350000e+00 9.800000e-01 9.968785e-01 1.262065e+01 2.624626e-01 -7.423823e-06
8.400000e+00 9.800000e-01 9.968781e-01 1.262062e+01 2.624990e-01 -1.065869e-05
8.450000e+00 9.800000e-01 9.968796e-01 1.261848e+01 2.623875e-01 -1.299234e-05
8.500000e+00 9.800000e-01 9.968794e-01 1.261820e+01 2.624101e-01 -1.598144e-05
8.550000e+00 9.800000e-01 9.968812e-01 1.261491e+01 2.622732e-01 -2.284163e-05
8.600000e+00 9.800000e-01 9.968817e-01 1.261388e+01 2.622518e-01 -2.680967e-05
8.650000e+00 9.800000e-01 9.968839e-01 1.260933e+01 2.620852e-01 -3.541769e-05
8.700000e+00 9.800000e-01 9.968852e-01 1.260657e+01 2.620026e-01 -4.676035e-05
8.750000e+00 9.800000e-01 9.968886e-01 1.259988e+01 2.617573e-01 -5.826255e-05
8.800000e+00 9.800000e-01 9.968911e-01 1.259475e+01 2.615949e-01 -7.453703e-05
8.850000e+00 9.800000e-01 9.968960e-01 1.258414e+01 2.612302e-01 -9.872249e-05
8.900000e+00 9.800000e-01 9.969009e-01 1.257481e+01 2.609023e-01 -1.233504e-04
8.950000e+00 9.800000e-01 9.969084e-01 1.255851e+01 2.603612e-01 -1.586516e-04
9.000000e+00 9.800000e-01 9.969168e-01 1.254161e+01 2.597813e-01 -2.051817e-04
9.050000e+00 9.800000e-01 9.969289e-01 1.251571e+01 2.589117e-01 -2.623753e-04
9.100000e+00 9.800000e-01 9.969430e-01 1.248690e+01 2.579269e-01 -3.316390e-04
9.150000e+00 9.800000e-01 9.969620e-01 1.244497e+01 2.565564e-01 -4.285743e-04
9.200000e+00 9.800000e-01 9.969859e-01 1.239581e+01 2.548802e-01 -5.443607e-04
9.250000e+00 9.800000e-01 9.970165e-01 1.232799e+01 2.526767e-01 -6.916322e-04
9.300000e+00 9.800000e-01 9.970550e-01 1.224537e+01 2.499302e-01 -8.745027e-04
9.350000e+00 9.800000e-01 9.971039e-01 1.213424e+01 2.463859e-01 -1.110692e-03
9.400000e+00 9.800000e-01 9.971661e-01 1.199641e+01 2.419018e-01 -1.389942e-03
9.450000e+00 9.800000e-01 9.972429e-01 1.181471e+01 2.362639e-01 -1.736893e-03
9.500000e+00 9.800000e-01 9.973398e-01 1.158637e+01 2.291353e-01 -2.145052e-03
9.550000e+00 9.800000e-01 9.974574e-01 1.128973e+01 2.203116e-01 -2.630894e-03
9.600000e+00 9.800000e-01 9.976029e-01 1.091653e+01 2.092881e-01 -3.159339e-03
9.650000e+00 9.800000e-01 9.977734e-01 1.044007e+01 1.960193e-01 -3.730396e-03
9.700000e+00 9.800000e-01 9.979759e-01 9.847745e+00 1.799098e-01 -4.261066e-03
9.750000e+00 9.800000e-01 9.981995e-01 9.115911e+00 1.614003e-01 -4.687283e-03
9.800000e+00 9.800000e-01 9.984447e-01 8.247275e+00 1.403002e-01 -4.791838e-03
9.850000e+00 9.800000e-01 9.986786e-01 7.269931e+00 1.186888e-01 -4.290928e-03
9.900000e+00 9.800000e-01 9.988738e-01 6.299292e+00 9.875861e-02 -2.420556e-03
9.950000e+00 9.800000e-01 9.989207e-01 5.783429e+00 8.964868e-02 4.497557e-03
1.000000e+01 9.800000e-01 9.984240e-01 5.792678e+00 0.000000e+00 0.000000e+00
0.000000e+00 1.000000e+00 9.996000e-01 5.838249e+00 0.000000e+00 0.000000e+00
5.000000e-02 1.000000e+00 9.996000e-01 5.916498e+00 0.000000e+00 0.000000e+00
1.000000e-01 1.000000e+00 9.996000e-01 5.919799e+00 0.000000e+00 0.000000e+00
1.500000e-01 1.000000e+00 9.996000e-01 5.912645e+00 0.000000e+00 0.000000e+00
2.000000e-01 1.000000e+00 9.996000e-01 5.902744e+00 0.000000e+00 0.000000e+00
2.500000e-01 1.000000e+00 9.996000e-01 5.893612e+00 0.000000e+00 0.000000e+00
3.000000e-01 1.000000e+00 9.996000e-01 5.888024e+00 0.000000e+00 0.000000e+00
3.500000e-01 1.000000e+00 9.996000e-01 5.886396e+00 0.000000e+00 0.000000e+00
4.000000e-01 1.000000e+00 9.996000e-01 5.887035e+00 0.000000e+00 0.000000e+00
4.500000e-01 1.000000e+00 9.996000e-01 5.889475e+00 0.000000e+00 0.000000e+00
5.000000e-01 1.000000e+00 9.996000e-01 5.895221e+00 0.000000e+00 0.000000e+00
5.500000e-01 1.000000e+00 9.996000e-01 5.903783e+00 0.000000e+00 0.000000e+00
6.000000e-01 1.000000e+00 9.996000e-01 5.910128e+00 0.000000e+00 0.000000e+00
6.500000e-01 1.000000e+00 9.996000e-01 5.908373e+00 0.000000e+00 0.000000e+00
7.000000e-01 1.000000e+00 9.996000e-01 5.897145e+00 0.000000e+00 0.000000e+00
7.500000e-01 1.000000e+00 9.996000e-01 5.879463e+00 0.000000e+00 0.000000e+00
8.000000e-01 1.000000e+00 9.996000e-01 5.858066e+00 0.000000e+00 0.000000e+00
8.500000e-01 1.000000e+00 9.996000e-01 5.833534e+00 0.000000e+00 0.000000e+00
9.000000e-01 1.000000e+00 9.996000e-01 5.807947e+00 0.000000e+00 0.000000e+00
9.500000e-01 1.000000e+00 9.996000e-01 5.787876e+00 0.000000e+00 0.000000e+00
1.000000e+00 1.000000e+00 9.996000e-01 5.781237e+00 0.000000e+00 0.000000e+00
1.050000e+00 1.000000e+00 9.996000e-01 5.791854e+00 0.000000e+00 0.000000e+00
1.100000e+00 1.000000e+00 9.996000e-01 5.819428e+00 0.000000e+00 0.000000e+00
1.150000e+00 1.000000e+00 9.996000e-01 5.864263e+00 0.000000e+00 0.000000e+00
1.200000e+00 1.000000e+00 9.996000e-01 5.929131e+00 0.000000e+00 0.000000e+00
1.250000e+00 1.000000e+00 9.996000e-01 6.015987e+00 0.000000e+00 0.000000e+00
1.300000e+00 1.000000e+00 9.996000e-01 6.123546e+00 0.000000e+00 0.000000e+00
1.350000e+00 1.000000e+00 9.996000e-01 6.249607e+00 0.000000e+00 0.000000e+00
1.400000e+00 1.000000e+00 9.996000e-01 6.393935e+00 0.000000e+00 0.000000e+00
1.450000e+00 1.000000e+00 9.996000e-01 6.557379e+00 0.000000e+00 0.000000e+00
1.500000e+00 1.000000e+00 9.996000e-01 6.739413e+00 0.000000e+00 0.000000e+00
1.550000e+00 1.000000e+00 9.996000e-01 6.938236e+00 0.000000e+00 0.000000e+00
1.600000e+00 1.000000e+00 9.996000e-01 7.152587e+00 0.000000e+00 0.000000e+00
1.650000e+00 1.000000e+00 9.996000e-01 7.381914e+00 0.000000e+00 0.000000e+00
1.700000e+00 1.000000e+00 9.996000e-01 7.624907e+00 0.000000e+00 0.000000e+00
1.750000e+00 1.000000e+00 9.996000e-01 7.879163e+00 0.000000e+00 0.000000e+00
1.800000e+00 1.000000e+00 9.996000e-01 8.142574e+00 0.000000e+00 0.000000e+00
1.850000e+00 1.000000e+00 9.996000e-01 8.414238e+00 0.000000e+00 0.000000e+00
1.900000e+00 1.000000e+00 9.996000e-01 8.693783e+00 0.000000e+00 0.000000e+00
1.950000e+00 1.000000e+00 9.996000e-01 8.980565e+00 0.000000e+00 0.000000e+00
2.000000e+00 1.000000e+00 9.996000e-01 9.274015e+00 0.000000e+00 0.000000e+00
2.050000e+00 1.000000e+00 9.996000e-01 9.574246e+00 0.000000e+00 0.000000e+00
2.100000e+00 1.000000e+00 9.996000e-01 9.881525e+00 0.000000e+00 0.000000e+00
2.150000e+00 1.000000e+00 9.996000e-01 1.019518e+01 0.000000e+00 0.000000e+00
2.200000e+00 1.000000e+00 9.996000e-01 1.051365e+01 0.000000e+00 0.000000e+00
2.250000e+00 1.000000e+00 9.996000e-01 1.083604e+01 0.000000e+00 0.000000e+00
2.300000e+00 1.000000e+00 9.996000e-01 1.116331e+01 0.000000e+00 0.000000e+00
2.350000e+00 1.000000e+00 9.996000e-01 1.149714e+01 0.000000e+00 0.000000e+00
2.400000e+00 1.000000e+00 9.996000e-01 1.183657e+01 0.000000e+00 0.000000e+00
2.450000e+00 1.000000e+00 9.996000e-01 1.217498e+01 0.000000e+00 0.000000e+00
2.500000e+00 1.000000e+00 9.996000e-01 1.249979e+01 0.000000e+00 0.000000e+00
2.550000e+00 1.000000e+00 9.996000e-01 1.279552e+01 0.000000e+00 0.000000e+00
2.600000e+00 1.000000e+00 9.996000e-01 1.304850e+01 0.000000e+00 0.000000e+00
2.650000e+00 1.000000e+00 9.996000e-01 1.325068e+01 0.000000e+00 0.000000e+00
2.700000e+00 1.000000e+00 9.996000e-01 1.340113e+01 0.000000e+00 0.000000e+00
2.750000e+00 1.000000e+00 9.996000e-01 1.350497e+01 0.000000e+00 0.000000e+00
2.800000e+00 1.000000e+00 9.996000e-01 1.357103e+01 0.000000e+00 0.000000e+00
2.850000e+00 1.000000e+00 9.996000e-01 1.360917e+01 0.000000e+00 0.000000e+00
2.900000e+00 1.000000e+00 9.996000e-01 1.362846e+01 0.000000e+00 0.000000e+00
2.950000e+00 1.000000e+00 9.996000e-01 1.363609e+01 0.000000e+00 0.000000e+00
3.000000e+00 1.000000e+00 9.996000e-01 1.363723e+01 0.000000e+00 0.000000e+00
3.050000e+00 1.000000e+00 9.996000e-01 1.363523e+01 0.000000e+00 0.000000e+00
3.100000e+00 1.000000e+00 9.996000e-01 1.363208e+01 0.000000e+00 0.000000e+00
3.150000e+00 1.000000e+00 9.996000e-01 1.362881e+01 0.000000e+00 0.000000e+00
3.200000e+00 1.000000e+00 9.996000e-01 1.362592e+01 0.000000e+00 0.000000e+00
3.250000e+00 1.000000e+00 9.996000e-01 1.362357e+01 0.000000e+00 0.000000e+00
3.300000e+00 1.000000e+00 9.996000e-01 1.362175e+01 0.000000e+00 0.000000e+00
3.350000e+00 1.000000e+00 9.996000e-01 1.362038e+01 0.000000e+00 0.000000e+00
3.400000e+00 1.000000e+00 9.996000e-01 1.361939e+01 0.000000e+00 0.000000e+00
3.450000e+00 1.000000e+00 9.996000e-01 1.361868e+01 0.000000e+00 0.000000e+00
3.500000e+00 1.000000e+00 9.996000e-01 1.361819e+01 0.000000e+00 0.000000e+00
3.550000e+00 1.000000e+00 9.996000e-01 1.361784e+01 0.000000e+00 0.000000e+00
3.600000e+00 1.000000e+00 9.996000e-01 1.361760e+01 0.000000e+00 0.000000e+00
3.650000e+00 1.000000e+00 9.996000e-01 1.361744e+01 0.000000e+00 0.000000e+00
3.700000e+00 1.000000e+00 9.996000e-01 1.361733e+01 0.000000e+00 0.000000e+00
3.750000e+00 1.000000e+00 9.996000e-01 1.361726e+01 0.000000e+00 0.000000e+00
3.800000e+00 1.000000e+00 9.996000e-01 1.361721e+01 0.000000e+00 0.000000e+00
3.850000e+00 1.000000e+00 9.996000e-01 1.361718e+01 0.000000e+00 0.000000e+00
3.900000e+00 1.000000e+00 9.996000e-01 1.361716e+01 0.000000e+00 0.000000e+00
3.950000e+00 1.000000e+00 9.996000e-01 1.361715e+01 0.000000e+00 0.000000e+00
4.000000e+00 1.000000e+00 9.996000e-01 1.361714e+01 0.000000e+00 0.000000e+00
4.050000e+00 1.000000e+00 9.996000e-01 1.361713e+01 0.000000e+00 0.000000e+00
4.100000e+00 1.000000e+00 9.996000e-01 1.361713e+01 0.000000e+00 0.000000e+00
4.150000e+00 1.000000e+00 9.996000e-01 1.361713e+01 0.000000e+00 0.000000e+00
4.200000e+00 1.000000e+00 9.996000e-01 1.361713e+01 0.000000e+00 0.000000e+00
4.250000e+00 1.000000e+00 9.996000e-01 1.361713e+01 0.000000e+00 0.000000e+00
4.300000e+00 1.000000e+00 9.996000e-01 1.361713e+01 0.000000e+00 0.000000e+00
4.350000e+00 1.000000e+00 9.996000e-01 1.361713e+01 0.000000e+00 0.000000e+00
4.400000e+00 1.000000e+00 9.996000e-01 1.361713e+01 0.000000e+00 0.000000e+00
4.450000e+00 1.000000e+00 9.996000e-01 1.361713e+01 0.000000e+00 0.000000e+00
4.500000e+00 1.000000e+00 9.996000e-01 1.361713e+01 0.000000e+00 0.000000e+00
4.550000e+00 1.000000e+00 9.996000e-01 1.361713e+01 0.000000e+00 0.000000e+00
4.600000e+00 1.000000e+00 9.996000e-01 1.361713e+01 0.000000e+00 0.000000e+00
4.650000e+00 1.000000e+00 9.996000e-01 1.361713e+01 0.000000e+00 0.000000e+00
4.700000e+00 1.000000e+00 9.996000e-01 1.361713e+01 0.000000e+00 0.000000e+00
4.750000e+00 1.000000e+00 9.996000e-01 1.361713e+01 0.000000e+00 0.000000e+00
4.800000e+00 1.000000e+00 9.996000e-01 1.361713e+01 0.000000e+00 0.000000e+00
4.850000e+00 1.000000e+00 9.996000e-01 1.361713e+01 0.000000e+00 0.000000e+00
4.900000e+00 1.000000e+00 9.996000e-01 1.361713e+01 0.000000e+00 0.000000e+00
4.950000e+00 1.000000e+00 9.996000e-01 1.361713e+01 0.000000e+00 0.000000e+00
5.000000e+00 1.000000e+00 9.996000e-01 1.361713e+01 0.000000e+00 0.000000e+00
5.050000e+00 1.000000e+00 9.996000e-01 1.361713e+01 0.000000e+00 0.000000e+00
5.100000e+00 1.000000e+00 9.996000e-01 1.361713e+01 0.000000e+00 0.000000e+00
5.150000e+00 1.000000e+00 9.996000e-01 1.361713e+01 0.000000e+00 0.000000e+00
5.200000e+00 1.000000e+00 9.996000e-01 1.361713e+01 0.000000e+00 0.000000e+00
5.250000e+00 1.000000e+00 9.996000e-01 1.361713e+01 0.000000e+00 0.000000e+00
5.300000e+00 1.000000e+00 9.996000e-01 1.361713e+01 0.000000e+00 0.000000e+00
5.350000e+00 1.000000e+00 9.996000e-01 1.361713e+01 0.000000e+00 0.000000e+00
5.400000e+00 1.000000e+00 9.996000e-01 1.361713e+01 0.000000e+00 0.000000e+00
5.450000e+00 1.000000e+00 9.996000e-01 1.361713e+01 0.000000e+00 0.000000e+00
5.500000e+00 1.000000e+00 9.996000e-01 1.361713e+01 0.000000e+00 0.000000e+00
5.550000e+00 1.000000e+00 9.996000e-01 1.361713e+01 0.000000e+00 0.000000e+00
5.600000e+00 1.000000e+00 9.996000e-01 1.361713e+01 0.000000e+00 0.000000e+00
5.650000e+00 1.000000e+00 9.996000e-01 1.361713e+01 0.000000e+00 0.000000e+00
5.700000e+00 1.000000e+00 9.996000e-01 1.361713e+01 0.000000e+00 0.000000e+00
5.750000e+00 1.000000e+00 9.996000e-01 1.361713e+01 0.000000e+00 0.000000e+00
5.800000e+00 1.000000e+00 9.996000e-01 1.361713e+01 0.000000e+00 0.000000e+00
5.850000e+00 1.000000e+00 9.996000e-01 1.361713e+01 0.000000e+00 0.000000e+00
5.900000e+00 1.000000e+00 9.996000e-01 1.361713e+01 0.000000e+00 0.000000e+00
5.950000e+00 1.000000e+00 9.996000e-01 1.361713e+01 0.000000e+00 0.000000e+00
6.000000e+00 1.000000e+00 9.996000e-01 1.361713e+01 0.000000e+00 0.000000e+00
6.050000e+00 1.000000e+00 9.996000e-01 1.361713e+01 0.000000e+00 0.000000e+00
6.100000e+00 1.000000e+00 9.996000e-01 1.361713e+01 0.000000e+00 0.000000e+00
6.150000e+00 1.000000e+00 9.996000e-01 1.361713e+01 0.000000e+00 0.000000e+00
6.200000e+00 1.000000e+00 9.996000e-01 1.361713e+01 0.000000e+00 0.000000e+00
6.250000e+00 1.000000e+00 9.996000e-01 1.361713e+01 0.000000e+00 0.000000e+00
6.300000e+00 1.000000e+00 9.996000e-01 1.361713e+01 0.000000e+00 0.000000e+00
6.350000e+00 1.000000e+00 9.996000e-01 1.361713e+01 0.000000e+00 0.000000e+00
6.400000e+00 1.000000e+00 9.996000e-01 1.361713e+01 0.000000e+00 0.000000e+00
6.450000e+00 1.000000e+00 9.996000e-01 1.361713e+01 0.000000e+00 0.000000e+00
6.500000e+00 1.000000e+00 9.996000e-01 1.361713e+01 0.000000e+00 0.000000e+00
6.550000e+00 1.000000e+00 9.996000e-01 1.361713e+01 0.000000e+00 0.000000e+00
6.600000e+00 1.000000e+00 9.996000e-01 1.361713e+01 0.000000e+00 0.000000e+00
6.650000e+00 1.000000e+00 9.996000e-01 1.361713e+01 0.000000e+00 0.000000e+00
6.700000e+00 1.000000e+00 9.996000e-01 1.361713e+01 0.000000e+00 0.000000e+00
6.750000e+00 1.000000e+00 9.996000e-01 1.361713e+01 0.000000e+00 0.000000e+00
6.800000e+00 1.000000e+00 9.996000e-01 1.361712e+01 0.000000e+00 0.000000e+00
6.850000e+00 1.000000e+00 9.996000e-01 1.361712e+01 0.000000e+00 0.000000e+00
6.900000e+00 1.000000e+00 9.996000e-01 1.361712e+01 0.000000e+00 0.000000e+00
6.950000e+00 1.000000e+00 9.996000e-01 1.361712e+01 0.000000e+00 0.000000e+00
7.000000e+00 1.000000e+00 9.996000e-01 1.361712e+01 0.000000e+00 0.000000e+00
7.050000e+00 1.000000e+00 9.996000e-01 1.361712e+01 0.000000e+00 0.000000e+00
7.100000e+00 1.000000e+00 9.996000e-01 1.361711e+01 0.000000e+00 0.000000e+00
7.150000e+00 1.000000e+00 9.996000e-01 1.361711e+01 0.000000e+00 0.000000e+00
7.200000e+00 1.000000e+00 9.996000e-01 1.361711e+01 0.000000e+00 0.000000e+00
7.250000e+00 1.000000e+00 9.996000e-01 1.361710e+01 0.000000e+00 0.000000e+00
7.300000e+00 1.000000e+00 9.996000e-01 1.361709e+01 0.000000e+00 0.000000e+00
7.350000e+00 1.000000e+00 9.996000e-01 1.361708e+01 0.000000e+00 0.000000e+00
7.400000e+00 1.000000e+00 9.996000e-01 1.361707e+01 0.000000e+00 0.000000e+00
7.450000e+00 1.000000e+00 9.996000e-01 1.361704e+01 0.000000e+00 0.000000e+00
7.500000e+00 1.000000e+00 9.996000e-01 1.361703e+01 0.000000e+00 0.000000e+00
7.550000e+00 1.000000e+00 9.996000e-01 1.361697e+01 0.000000e+00 0.000000e+00
7.600000e+00 1.000000e+00 9.996000e-01 1.361699e+01 0.000000e+00 0.000000e+00
7.650000e+00 1.000000e+00 9.996000e-01 1.361683e+01 0.000000e+00 0.000000e+00
7.700000e+00 1.000000e+00 9.996000e-01 1.361698e+01 0.000000e+00 0.000000e+00
7.750000e+00 1.000000e+00 9.996000e-01 1.361653e+01 0.000000e+00 0.000000e+00
7.800000e+00 1.000000e+00 9.996000e-01 1.361703e+01 0.000000e+00 0.000000e+00
7.850000e+00 1.000000e+00 9.996000e-01 1.361592e+01 0.000000e+00 0.000000e+00
7.900000e+00 1.000000e+00 9.996000e-01 1.361721e+01 0.000000e+00 0.000000e+00
7.950000e+00 1.000000e+00 9.996000e-01 1.361490e+01 0.000000e+00 0.000000e+00
8.000000e+00 1.000000e+00 9.996000e-01 1.361737e+01 0.000000e+00 0.000000e+00
8.050000e+00 1.000000e+00 9.996000e-01 1.361356e+01 0.000000e+00 0.000000e+00
8.100000e+00 1.000000e+00 9.996000e-01 1.361706e+01 0.000000e+00 0.000000e+00
8.150000e+00 1.000000e+00 9.996000e-01 1.361211e+01 0.000000e+00 0.000000e+00
8.200000e+00 1.000000e+00 9.996000e-01 1.361571e+01 0.000000e+00 0.000000e+00
8.250000e+00 1.000000e+00 9.996000e-01 1.361036e+01 0.000000e+00 0.000000e+00
8.300000e+00 1.000000e+00 9.996000e-01 1.361321e+01 0.000000e+00 0.000000e+00
8.350000e+00 1.000000e+00 9.996000e-01 1.360727e+01 0.000000e+00 0.000000e+00
8.400000e+00 1.000000e+00 9.996000e-01 1.360950e+01 0.000000e+00 0.000000e+00
8.450000e+00 1.000000e+00 9.996000e-01 1.360194e+01 0.000000e+00 0.000000e+00
8.500000e+00 1.000000e+00 9.996000e-01 1.360300e+01 0.000000e+00 0.000000e+00
8.550000e+00 1.000000e+00 9.996000e-01 1.359395e+01 0.000000e+00 0.000000e+00
8.600000e+00 1.000000e+00 9.996000e-01 1.359158e+01 0.000000e+00 0.000000e+00
8.650000e+00 1.000000e+00 9.996000e-01 1.358054e+01 0.000000e+00 0.000000e+00
8.700000e+00 1.000000e+00 9.996000e-01 1.357387e+01 0.000000e+00 0.000000e+00
8.750000e+00 1.000000e+00 9.996000e-01 1.355716e+01 0.000000e+00 0.000000e+00
8.800000e+00 1.000000e+00 9.996000e-01 1.354474e+01 0.000000e+00 0.000000e+00
8.850000e+00 1.000000e+00 9.996000e-01 1.351990e+01 0.000000e+00 0.000000e+00
8.900000e+00 1.000000e+00 9.996000e-01 1.349538e+01 0.000000e+00 0.000000e+00
8.950000e+00 1.000000e+00 9.996000e-01 1.345822e+01 0.000000e+00 0.000000e+00
9.000000e+00 1.000000e+00 9.996000e-01 1.341606e+01 0.000000e+00 0.000000e+00
9.050000e+00 1.000000e+00 9.996000e-01 1.335563e+01 0.000000e+00 0.000000e+00
9.100000e+00 1.000000e+00 9.996000e-01 1.328487e+01 0.000000e+00 0.000000e+00
9.150000e+00 1.000000e+00 9.996000e-01 1.318981e+01 0.000000e+00 0.000000e+00
9.200000e+00 1.000000e+00 9.996000e-01 1.307058e+01 0.000000e+00 0.000000e+00
9.250000e+00 1.000000e+00 9.996000e-01 1.291763e+01 0.000000e+00 0.000000e+00
9.300000e+00 1.000000e+00 9.996000e-01 1.272476e+01 0.000000e+00 0.000000e+00
9.350000e+00 1.000000e+00 9.996000e-01 1.248038e+01 0.000000e+00 0.000000e+00
9.400000e+00 1.000000e+00 9.996000e-01 1.216942e+01 0.000000e+00 0.000000e+00
9.450000e+00 1.000000e+00 9.996000e-01 1.178541e+01 0.000000e+00 0.000000e+00
9.500000e+00 1.000000e+00 9.996000e-01 1.130097e+01 0.000000e+00 0.000000e+00
9.550000e+00 1.000000e+00 9.996000e-01 1.071288e+01 0.000000e+00 0.000000e+00
9.600000e+00 1.000000e+00 9.996000e-01 9.985525e+00 0.000000e+00 0.000000e+00
9.650000e+00 1.000000e+00 9.996000e-01 9.133212e+00 0.000000e+00 0.000000e+00
9.700000e+00 1.000000e+00 9.996000e-01 8.120327e+00 0.000000e+00 0.000000e+00
9.750000e+00 1.000000e+00 9.996000e-01 7.002679e+00 0.000000e+00 0.000000e+00
9.800000e+00 1.000000e+00 9.996000e-01 5.776685e+00 0.000000e+00 0.000000e+00
9.850000e+00 1.000000e+00 9.996000e-01 4.606760e+00 0.000000e+00 0.000000e+00
9.900000e+00 1.000000e+00 9.996000e-01 3.631222e+00 0.000000e+00 0.000000e+00
9.950000e+00 1.000000e+00 9.996000e-01 3.396482e+00 0.000000e+00 0.000000e+00
1.000000e+01 1.000000e+00 9.996000e-01 4.594580e+00 0.000000e+00 0.000000e+00
